be_me,sale_me,cash_at,ni_ar1,ni_be,gp_at,op_at,ebit_sale,at_gr1,capx_gr1,inv_gr1,sale_gr1,ret_12_1,ret_3_1,prc_highprc_252d,beta_60m,ivol_capm_252d,rvol_21d,div12m_me,z_score,stock_ret
9.8916007e-07,0.0,0.0,-29812.88863,-78808.30517,-1627.585792,-32577.28571,-5.418731e+17,-1.0,-291.2457603,-18.83321909,-1.0,-1.0,-0.999927511,0.0,-6.751698715,0.00054352,1.993e-05,0.0,-294892.9507,-0.99993
268993.38591,471344.07872,2.8465608466,8469892900000000.0,22840.181005,103669.75541,69049.248109,7038.0030373,1.6010668e+17,5.2946931e+17,756159.14352,1778097.9113,74935.17925,37780.905284,1.0,13.958509157,0.42685557,0.59110126,27453.968977,203120.0905,37957.88861
