be_me,sale_me,cash_at,ni_ar1,ni_be,gp_at,op_at,ebit_sale,at_gr1,capx_gr1,inv_gr1,sale_gr1,ret_12_1,ret_3_1,prc_highprc_252d,beta_60m,ivol_capm_252d,rvol_21d,div12m_me,z_score,stock_ret
0.9224220835321786,2.0378140718387603,0.17605761576476667,0.17225987867195441,-0.004818642389029191,0.2897734121635062,0.10909469273808743,-0.35521115592349456,0.09856389832832531,119424565688.26868,1.077833036097402,0.16596585983331158,0.12465996386528884,0.019926001683258025,0.7810964067412839,1.0597363822416908,0.021888704356041427,0.023867745649091353,0.027308685032518105,4.1408602456939425,0.00905599266579629
1.4819743331043072,4.409061147050557,0.15280758860592902,0.8316552394788235,40.85123613063722,0.2786282176367192,0.11610749042788085,49.71094438951494,1.2391548450375558,90012028348603.17,202.49511152930523,21.731913975835734,0.5876525663228399,0.18896517015356556,0.17623004514778548,0.5304941714425542,0.011041699074710322,0.015016397831086697,0.12268943621919222,13.391908728921718,0.13070500483601064
