date,ret_eom,gvkey,iid,excntry,stock_ret,year,month,char_date,char_eom,me,prc,market_equity,div12m_me,chcsho_12m,eqnpo_12m,ret_1_0,ret_3_1,ret_6_1,ret_9_1,ret_12_1,ret_12_7,ret_60_12,seas_1_1an,seas_1_1na,seas_2_5an,seas_2_5na,at_gr1,sale_gr1,capx_gr1,inv_gr1,debt_gr3,sale_gr3,capx_gr3,inv_gr1a,lti_gr1a,sti_gr1a,coa_gr1a,col_gr1a,cowc_gr1a,ncoa_gr1a,ncol_gr1a,nncoa_gr1a,fnl_gr1a,nfna_gr1a,tax_gr1a,be_gr1a,ebit_sale,gp_at,cop_at,ope_be,ni_be,ebit_bev,netis_at,eqnetis_at,dbnetis_at,oaccruals_at,oaccruals_ni,taccruals_at,taccruals_ni,noa_at,opex_at,at_turnover,sale_bev,rd_sale,cash_at,sale_emp_gr1,emp_gr1,ni_inc8q,noa_gr1a,ppeinv_gr1a,lnoa_gr1a,capx_gr2,saleq_gr1,niq_be,niq_at,niq_be_chg1,niq_at_chg1,rd5_at,dsale_dinv,dsale_drec,dgp_dsale,dsale_dsga,saleq_su,niq_su,capex_abn,op_atl1,gp_atl1,ope_bel1,cop_atl1,pi_nix,ocf_at,op_at,ocf_at_chg1,at_be,ocfq_saleq_std,tangibility,earnings_variability,aliq_at,f_score,o_score,z_score,intrinsic_value,kz_index,ni_ar1,ni_ivol,at_me,be_me,debt_me,netdebt_me,sale_me,ni_me,ocf_me,fcf_me,eqpo_me,eqnpo_me,rd_me,bev_mev,ebitda_mev,aliq_mat,eq_dur,beta_60m,resff3_12_1,resff3_6_1,mispricing_mgmt,mispricing_perf,zero_trades_21d,dolvol_126d,dolvol_var_126d,turnover_126d,turnover_var_126d,zero_trades_126d,zero_trades_252d,bidaskhl_21d,ivol_capm_21d,iskew_capm_21d,coskew_21d,beta_dimson_21d,ivol_ff3_21d,iskew_ff3_21d,ivol_hxz4_21d,iskew_hxz4_21d,rmax5_21d,rmax1_21d,rvol_21d,rskew_21d,ami_126d,ivol_capm_252d,betadown_252d,prc_highprc_252d,corr_1260d,betabab_1260d,rmax5_rvol_21d,age,qmj,qmj_prof,qmj_growth,qmj_safety
20050228,20050228,247318.0,01W,SWE,0.260775,2005,2,20050131,20050131,187.23484307,7.7285681766,187.23484307,0.0363669862,-0.04649766,0.0930757768,-0.118755758,0.2550216774,0.6007906939,0.7305758122,0.7429219885,0.0540714803,,0.0206049984,0.0407906079,,,0.1427580167,0.0932232775,-0.399798985,0.0887656359,-0.925983383,0.2088824759,-0.490750465,0.0259483882,-0.000237728,0.0,0.0493476409,0.0296117122,0.0197359287,0.0576372708,0.0397391818,-0.019250203,-0.013499456,0.0132617281,0.0032027174,0.0028720094,0.043438914,0.7251540041,0.2337782341,0.2616204691,0.1364605544,0.3189368771,-0.064270497,-0.049281314,-0.014989183,-0.097535934,-1.484375,-0.084274206,-1.282548076,0.355677696,2.13275154,2.3982088106,7.342192691,,0.1024096386,0.2131835957,-0.104023553,,-0.02331388,0.0604781967,-0.003182996,0.0466992286,,0.0657246117,0.0274121295,,,,0.0597576302,0.0006839989,0.0393635635,-0.001069045,,,-0.446939146,0.1526968457,0.8127338515,0.2841229342,0.262012598,1.453125,0.1632443532,0.1362422998,-0.009557283,2.5025125628,,0.7603300821,,0.7910960367,6.0,-3.258188516,4.6337205885,73.992118587,-14.98559219,,,0.7307831139,0.2920197584,0.0073371799,-0.067502055,1.5654595252,0.0453345745,0.1126280835,0.1012944399,0.0687102145,0.0687102145,,0.2439175086,0.1021770523,0.4754037141,17.185196181,0.6936411613,0.3462923756,0.4842395131,0.7536952177,0.7953356625,0.00852485,90117.83920574,2.00871463,0.0005477,2.18410133,0.00793321,0.00774836,0.00366545,0.01808431,-0.19444997,-0.61618427,1.0753135,0.01700352,-0.16366844,0.01613446,-0.31789971,0.01611139,0.02212364,0.01857768,-0.27076951,0.55225756,0.01732056,0.71237542,0.88124424,,,0.8797276207,253,,1.2430403466,,1.6103417432
20050331,20050331,247318.0,01W,SWE,-0.009228,2005,3,20050228,20050228,236.06107561,9.743988281,236.06107561,0.0288449374,-0.04649766,0.0930757768,0.2607753543,-0.000266219,0.3593377124,0.386605424,0.5049308685,0.0668066325,,-0.025219607,0.0667901498,,,0.1427580167,0.0932232775,-0.399798985,0.0887656359,-0.925983383,0.2088824759,-0.490750465,0.0259483882,-0.000237728,0.0,0.0493476409,0.0296117122,0.0197359287,0.0576372708,0.0397391818,-0.019250203,-0.013499456,0.0132617281,0.0032027174,0.0028720094,0.043438914,0.7251540041,0.2337782341,0.2616204691,0.1364605544,0.3189368771,-0.064270497,-0.049281314,-0.014989183,-0.097535934,-1.484375,-0.084274206,-1.282548076,0.355677696,2.13275154,2.3982088106,7.342192691,,0.1024096386,0.2131835957,-0.104023553,,-0.02331388,0.0604781967,-0.003182996,0.0466992286,,0.0657246117,0.0274121295,,,,0.0597576302,0.0006839989,0.0393635635,-0.001069045,,,-0.446939146,0.1526968457,0.8127338515,0.2841229342,0.262012598,1.453125,0.1632443532,0.1362422998,-0.009557283,2.5025125628,,0.7603300821,,0.7910960367,6.0,-3.258188516,4.6337205885,73.992118587,-14.98559219,,,0.5796299169,0.2316191837,0.0058195775,-0.053540113,1.2416641235,0.0359576941,0.0893323962,0.0803429727,0.0544983801,0.0544983801,,0.1906123062,0.0796103154,0.4689156593,17.629511043,0.7400538951,0.1617448401,-0.135869508,0.7514015922,0.7832844765,0.00847305,94625.24755936,1.92021766,0.00055143,2.17405605,0.00804388,0.00833278,0.00301041,0.0148073,-0.53544723,-0.07791571,0.21811054,0.01534618,-0.71331726,0.0140618,-0.63190706,0.02887544,0.03421782,0.01508469,-0.61324819,0.40528753,0.01762599,0.74593044,1.0,,,1.5558474712,254,,1.2430403466,,1.5853754283
20050429,20050430,247318.0,01W,SWE,-0.105807,2005,4,20050331,20050331,233.90860371,9.6540686753,233.90860371,0.0291103741,-0.046391866,0.0929648293,-0.009228214,0.1110510214,0.5657510612,0.8371384596,0.94646893,0.135749095,,0.0123317162,0.0648301562,,,0.1427580167,0.0932232775,-0.399798985,0.0887656359,-0.925983383,0.2088824759,-0.490750465,0.0259483882,-0.000237728,0.0,0.0493476409,0.0296117122,0.0197359287,0.0576372708,0.0397391818,-0.019250203,-0.013499456,0.0132617281,0.0032027174,0.0028720094,0.043438914,0.7251540041,0.2337782341,0.2616204691,0.1364605544,0.3189368771,-0.064270497,-0.049281314,-0.014989183,-0.097535934,-1.484375,-0.084274206,-1.282548076,0.355677696,2.13275154,2.3982088106,7.342192691,,0.1024096386,0.2131835957,-0.104023553,,-0.02331388,0.0604781967,-0.003182996,0.0466992286,,0.0657246117,0.0274121295,,,,0.0597576302,0.0006839989,0.0393635635,-0.001069045,,,-0.446939146,0.1526968457,0.8127338515,0.2841229342,0.262012598,1.453125,0.1632443532,0.1362422998,-0.009557283,2.5025125628,,0.7603300821,,0.7910960367,6.0,-3.258188516,4.6337205885,73.992118587,-14.98559219,,,0.5849637828,0.2337505879,0.0058731303,-0.054032799,1.2530901553,0.0362885837,0.0901544501,0.0810823042,0.0549998846,0.0549998846,,0.1924665471,0.0803930566,0.4770484167,17.613832143,0.7415319092,0.3267530041,0.245807532,0.7503869992,0.8051690839,0.00656446,109397.04233939,2.69391572,0.00051726,2.38441063,0.00822162,0.00816582,0.00283801,0.01569208,1.14540379,-0.18489291,1.44624096,0.01583892,1.14862582,0.01617446,0.91430564,0.02568772,0.03299845,0.01766776,0.58639444,0.40164333,0.01771613,0.83358578,0.93144706,0.4255125,0.774276742,1.3855468886,255,,1.2178009487,,1.4355761752
20050531,20050531,247318.0,01W,SWE,0.016944,2005,5,20050429,20050430,209.15946887,8.6326019846,209.15946887,0.0325549065,-0.046391866,0.0929648293,-0.10580686,0.2491406499,0.381525359,0.7621472026,0.9050144019,0.2280100403,,0.0998514383,0.0461339473,,,0.1207741348,0.0932232775,-0.399798985,0.0714451028,-0.89370034,0.2088824759,-0.490750465,0.0204013943,-0.000237728,0.0,0.0517725305,0.0533239136,-0.001551383,0.0204889788,0.0397391818,-0.019250203,-0.013499456,0.0132617281,0.0032027174,0.0381362242,0.043438914,0.7251540041,0.2337782341,0.2616204691,0.1364605544,0.3189368771,-0.064270497,-0.049281314,-0.014989183,-0.097535934,-1.484375,-0.084274206,-1.282548076,0.3404898013,2.13275154,2.3982088106,7.342192691,,0.1491557223,0.2131835957,-0.104023553,,-0.02331388,0.0604781967,-0.003182996,0.0466992286,,0.0633477822,0.025313672,,,,0.0597576302,0.0006839989,0.0393635635,-0.001069045,,,-0.446939146,0.1526968457,0.8127338515,0.2841229342,0.262012598,1.453125,0.1632443532,0.1362422998,-0.009557283,2.5380952381,,0.7603300821,,0.7997310305,6.0,-3.258188516,4.6337205885,73.992118587,-14.98559219,,,0.7675066761,0.3023947504,0.0050399125,-0.1094381,1.401364089,0.0405824895,0.1008221222,0.0906764999,0.0615078356,0.0615078356,,0.219902289,0.0906399191,0.5645339807,17.410369364,0.7669523862,0.2313634769,-0.055510839,0.750745684,0.735634546,0.00460115,184158.02275042,2.56991362,0.00082499,2.4347975,0.00748502,0.00785944,0.00387987,0.0112467,-0.02695949,-0.15035555,1.02711849,0.01039893,-0.29101161,0.01138613,0.24087201,0.00962132,0.02358709,0.01514614,-0.85781171,0.36348427,0.01790216,0.91600327,0.83289357,0.43123472,0.8122501261,0.5098558535,256,,1.129463056,,1.1734273167
20050630,20050630,247318.0,01W,SWE,-0.143859,2005,6,20050531,20050531,212.7035637,8.7788767874,212.7035637,0.0320124724,-0.046391866,0.0929648293,0.0169444628,-0.114058665,0.116675641,0.518343523,0.5488008207,0.2537339175,,-0.048412527,0.0520754918,,,0.1207741348,0.0932232775,-0.399798985,0.0714451028,-0.89370034,0.2088824759,-0.490750465,0.0204013943,-0.000237728,0.0,0.0517725305,0.0533239136,-0.001551383,0.0204889788,0.0397391818,-0.019250203,-0.013499456,0.0132617281,0.0032027174,0.0381362242,0.043438914,0.7251540041,0.2337782341,0.2616204691,0.1364605544,0.3189368771,-0.064270497,-0.049281314,-0.014989183,-0.097535934,-1.484375,-0.084274206,-1.282548076,0.3404898013,2.13275154,2.3982088106,7.342192691,,0.1491557223,0.2131835957,-0.104023553,,-0.02331388,0.0604781967,-0.003182996,0.0466992286,,0.0633477822,0.025313672,,,,0.0597576302,0.0006839989,0.0393635635,-0.001069045,,,-0.446939146,0.1526968457,0.8127338515,0.2841229342,0.262012598,1.453125,0.1632443532,0.1362422998,-0.009557283,2.5380952381,,0.7603300821,,0.7997310305,6.0,-3.258188516,4.6337205885,73.992118587,-14.98559219,,,0.7547183786,0.2973562092,0.0049559368,-0.107614628,1.3780143757,0.0399062987,0.0991422107,0.0891656361,0.0604829839,0.0604829839,,0.2157963937,0.0890151869,0.5289827389,17.442410043,0.7669061954,0.0723242701,-0.082033073,0.7503218324,0.7058305775,0.00750599,194515.12523742,2.44849218,0.00086455,2.34249355,0.00735898,0.00778481,0.00658349,0.02073211,1.42035506,0.01839065,-2.5825384,0.02169194,1.30740533,0.02230023,1.79163227,0.02697297,0.06739176,0.02074692,1.48226637,0.32964113,0.01838778,0.94945773,0.84700651,0.42610107,0.9346981524,1.4084094944,257,,1.1461654934,,1.1525914945
20050729,20050731,247318.0,01W,SWE,0.146798,2005,7,20050630,20050630,182.10429126,7.5159583958,182.10429126,0.0373915788,-0.046391866,0.0929648293,-0.143858767,-0.090655237,0.0010049007,0.410668327,0.6551756543,0.4575377482,,0.032935813,0.0360032572,,,0.1207741348,0.0932232775,-0.399798985,0.0714451028,-0.89370034,0.2088824759,-0.490750465,0.0204013943,-0.000237728,0.0,0.0517725305,0.0533239136,-0.001551383,0.0204889788,0.0397391818,-0.019250203,-0.013499456,0.0132617281,0.0032027174,0.0381362242,0.043438914,0.7251540041,0.2337782341,0.2616204691,0.1364605544,0.3189368771,-0.064270497,-0.049281314,-0.014989183,-0.097535934,-1.484375,-0.084274206,-1.282548076,0.3404898013,2.13275154,2.3982088106,7.342192691,,0.1491557223,0.2131835957,-0.104023553,,-0.02331388,0.0604781967,-0.003182996,0.0466992286,,0.0633477822,0.025313672,,,,0.0597576302,0.0006839989,0.0393635635,-0.001069045,,,-0.446939146,0.1526968457,0.8127338515,0.2841229342,0.262012598,1.453125,0.1632443532,0.1362422998,-0.009557283,2.5380952381,,0.7603300821,,0.7997310305,6.0,-3.258188516,4.6337205885,73.992118587,-14.98559219,,,0.881534903,0.347321444,0.0057886907,-0.125697284,1.6095643135,0.0466118172,0.1158012334,0.1041482791,0.0706460355,0.0706460355,,0.2572701408,0.1053139189,0.5473641343,17.124675208,0.7933165854,0.1977315061,-0.090131535,0.7472080644,0.7192715922,0.00616128,212089.6992605,2.24750778,0.00095654,2.12869678,0.00708587,0.00763611,0.0035837,0.01449801,0.20925735,0.2204938,0.72767156,0.01505132,0.22435531,0.01518827,0.3723915,0.01048407,0.01953262,0.01519754,-0.17480069,0.30817058,0.01837196,0.97527509,0.72515719,0.42662557,0.9539796201,0.5470925057,258,,1.1439909995,,1.1250404001
20050831,20050831,247318.0,01W,SWE,0.24977,2005,8,20050729,20050731,208.83678937,8.6192840901,208.83678937,0.032605208,-0.046391866,0.0929648293,0.1467977384,-0.129351914,-0.027509595,0.0755555476,0.3718801375,0.6007906939,,0.0377756527,0.0459143559,,,0.4507086638,0.1731325784,0.2042530442,0.2787892132,-0.608056364,0.509206206,0.2604907324,0.0587967158,-0.000579064,0.0,0.1472994174,0.1644402565,-0.017140839,0.1291408172,0.0736867494,0.0554540678,0.0132776422,-0.013856706,0.0135172021,0.0605040442,0.0668868704,0.5920454545,0.2137121212,0.3611969112,0.2162162162,0.4894259819,0.020554259,-0.006818182,0.0273724408,-0.064393939,-0.758928571,-0.078250645,-0.922239748,0.3593801008,1.685530303,2.1722945963,7.3172205438,,0.1204545455,-0.054051694,0.2144177449,,0.0555813328,0.2137919282,0.0344847184,-0.2772061,,0.0740736309,0.0291847326,,,,-0.097516324,-0.182085599,0.01994896,0.0931202727,,,-0.239704309,0.21661718,0.8588854703,0.4270376585,0.3100340258,1.4017857143,0.1492424242,0.1493181818,-0.014001929,2.5482625483,,0.6957356061,,0.9564236475,8.0,-3.666224945,4.0716690089,149.46093734,-21.11617523,,,0.8973634873,0.3521471867,0.0169955206,-0.09109599,1.646526035,0.0761399323,0.1339247023,0.1216879274,0.0516663826,0.0516663826,,0.2475736604,0.1474222612,0.5810053787,16.428155388,0.8096162385,-0.122783758,-0.186154649,0.6109835034,0.7223274133,0.00599685,241436.10731985,1.97693249,0.00111028,1.85470956,0.00668489,0.00742456,0.00510333,0.01815368,2.52552173,-0.00667285,1.96485169,0.01875451,2.34924758,0.01928381,2.34108429,0.02713191,0.08196443,0.0195989,2.93467174,0.22051232,0.0187489,0.9110754,0.83160863,0.43048272,0.9815579106,1.3944408063,259,,1.2358091569,,1.1905890163
20050930,20050930,247318.0,01W,SWE,0.094363,2005,9,20050831,20050831,251.88375071,10.395953757,251.88375071,0.0345211232,-0.046391866,0.0830473898,0.2497700529,-0.01817917,-0.115425446,0.1149528964,0.5160011077,0.3593377124,,0.0945670281,0.0600237218,,,0.4507086638,0.1731325784,0.2042530442,0.2787892132,-0.608056364,0.509206206,0.2604907324,0.0587967158,-0.000579064,0.0,0.1472994174,0.1644402565,-0.017140839,0.1291408172,0.0736867494,0.0554540678,0.0132776422,-0.013856706,0.0135172021,0.0605040442,0.0668868704,0.5920454545,0.2137121212,0.3611969112,0.2162162162,0.4894259819,0.020554259,-0.006818182,0.0273724408,-0.064393939,-0.758928571,-0.078250645,-0.922239748,0.3593801008,1.685530303,2.1722945963,7.3172205438,,0.1204545455,-0.054051694,0.2144177449,,0.0555813328,0.2137919282,0.0344847184,-0.2772061,,0.0740736309,0.0291847326,,,,-0.097516324,-0.182085599,0.01994896,0.0931202727,,,-0.239704309,0.21661718,0.8588854703,0.4270376585,0.3100340258,1.4017857143,0.1492424242,0.1493181818,-0.014001929,2.5482625483,,0.6957356061,,0.9564236475,8.0,-3.666224945,4.0716690089,149.46093734,-21.11617523,,,0.7440039663,0.2919651928,0.0140909842,-0.075527675,1.3651345503,0.0631276093,0.1110369556,0.1008914469,0.042836592,0.042836592,,0.2018066155,0.1201694378,0.5843469522,16.924650625,0.7921314716,-0.118662577,-0.332680532,0.6115873012,0.7389547998,0.00521821,298725.54150324,1.66304237,0.00134092,1.58064496,0.00612748,0.00716514,0.00228526,0.01786429,1.40942737,-0.07410707,-0.94125954,0.01694843,1.25287422,0.01841487,1.21105296,0.03660639,0.06276109,0.01786597,1.38694555,0.16517795,0.01876071,0.79434811,0.98650902,0.41681439,0.9527774239,1.8881815614,260,,1.2358091569,,1.2304206476
20051031,20051031,247318.0,01W,SWE,-0.050843,2005,10,20050930,20050930,275.65220601,11.376945034,275.65220601,0.0315444963,0.0001109537,0.0354339896,0.0943627973,0.4332334701,0.1158117365,0.2282833337,0.7309609516,0.5657510612,,0.1228906989,0.0574302762,,,0.4507086638,0.1731325784,0.2042530442,0.2787892132,-0.608056364,0.509206206,0.2604907324,0.0587967158,-0.000579064,0.0,0.1472994174,0.1644402565,-0.017140839,0.1291408172,0.0736867494,0.0554540678,0.0132776422,-0.013856706,0.0135172021,0.0605040442,0.0668868704,0.5920454545,0.2137121212,0.3611969112,0.2162162162,0.4894259819,0.020554259,-0.006818182,0.0273724408,-0.064393939,-0.758928571,-0.078250645,-0.922239748,0.3593801008,1.685530303,2.1722945963,7.3172205438,,0.1204545455,-0.054051694,0.2144177449,,0.0555813328,0.2137919282,0.0344847184,-0.2772061,,0.0740736309,0.0291847326,,,,-0.097516324,-0.182085599,0.01994896,0.0931202727,,,-0.239704309,0.21661718,0.8588854703,0.4270376585,0.3100340258,1.4017857143,0.1492424242,0.1493181818,-0.014001929,2.5482625483,,0.6957356061,,0.9564236475,8.0,-3.666224945,4.0716690089,149.46093734,-21.11617523,,,0.6798512963,0.2667901299,0.0128759715,-0.069015207,1.2474241209,0.0576843524,0.1014626556,0.0921919561,0.0391429534,0.0391429534,,0.1831156258,0.1090395464,0.5674164426,17.132342296,0.7953422855,0.109299586,0.1526690522,0.5020735741,0.780593545,0.00517128,343344.32943372,2.01726419,0.00147606,1.80253018,0.0058558,0.00707507,0.00372727,0.0107618,0.30839953,0.00825174,1.04653204,0.01055469,-0.17791742,0.01011076,-0.41120783,0.02264112,0.03611629,0.01382655,0.37045554,0.13699493,0.01858459,0.80744757,0.97623974,0.41840287,0.9644784255,1.1681533815,261,,1.2059768874,,1.1890806406
20051130,20051130,247318.0,01W,SWE,-0.034126,2005,11,20051031,20051031,261.63729327,10.798510004,261.63729327,0.0332342147,0.0001109537,0.0354339896,-0.050842737,0.367701851,0.3655918372,0.5253292117,0.6869845576,0.381525359,,0.1062751382,0.043146833,,,0.3122879384,0.1731325784,0.2042530442,0.2050444513,-0.608056364,0.509206206,0.2604907324,0.0476875586,-0.000579064,0.0,0.1375996761,0.1359487003,0.0016509759,0.1281693152,0.0341992851,0.0939700301,0.0082351598,-0.00823516,0.0135172021,0.0625802488,0.0717263318,0.6981581963,0.2197177555,0.3611969112,0.2702452396,0.4648937977,0.020554259,-0.006818182,0.0082351598,-0.042357332,-0.412027393,-0.050592492,-0.492134218,0.4169445107,1.8819615561,2.3374453934,6.4814941211,,0.0821325648,-0.054051694,0.2144177449,,0.1254822928,0.2137919282,0.0344847184,-0.2772061,0.301237196,0.0869791722,0.0341327357,0.0250704905,0.0043224979,,-0.097516324,-0.182085599,0.01994896,0.0931202727,,,-0.239704309,0.2327479443,0.9161845801,0.4270376585,0.2883329604,1.3984750872,0.1451595559,0.1773604233,-0.014001929,2.6287878788,,0.6957356061,,0.837670831,8.0,-3.666224945,4.0716690089,149.46093734,-21.11617523,,,0.6786819751,0.2581729704,0.0132020269,-0.042539864,1.3976247083,0.0697700162,0.0985171741,0.0872334012,0.0412396923,0.0412396923,,0.2252136647,0.125719409,0.456731797,17.014443594,0.8057801475,0.0883247957,0.297417525,0.4790759142,0.7875985285,0.00632524,312374.09478777,2.00180735,0.0013057,1.76176725,0.00618604,0.00695984,0.0040961,0.01605263,0.76385938,-0.32398334,1.21630618,0.01621845,0.88951527,0.01651131,0.60422987,0.019254,0.03858018,0.01730294,0.24376901,0.13128294,0.01736227,0.92081103,0.90345575,0.42107819,0.8870035521,1.0582891897,262,,1.0852158341,,1.2756136957
20051230,20051231,247318.0,01W,SWE,0.148193,2005,12,20051130,20051130,252.70878772,10.430005365,252.70878772,0.0344084195,0.0001109537,0.0354339896,-0.034125508,0.0387223969,0.2745645976,0.1483229697,0.4473918733,0.116675641,,0.1344570931,0.027821142,,,0.3122879384,0.1731325784,0.2042530442,0.2050444513,-0.608056364,0.509206206,0.2604907324,0.0476875586,-0.000579064,0.0,0.1375996761,0.1359487003,0.0016509759,0.1281693152,0.0341992851,0.0939700301,0.0082351598,-0.00823516,0.0135172021,0.0625802488,0.0717263318,0.6981581963,0.2197177555,0.3611969112,0.2702452396,0.4648937977,0.020554259,-0.006818182,0.0082351598,-0.042357332,-0.412027393,-0.050592492,-0.492134218,0.4169445107,1.8819615561,2.3374453934,6.4814941211,,0.0821325648,-0.054051694,0.2144177449,,0.1254822928,0.2137919282,0.0344847184,-0.2772061,0.301237196,0.0869791722,0.0341327357,0.0250704905,0.0043224979,,-0.097516324,-0.182085599,0.01994896,0.0931202727,,,-0.239704309,0.2327479443,0.9161845801,0.4270376585,0.2883329604,1.3984750872,0.1451595559,0.1773604233,-0.014001929,2.6287878788,,0.6957356061,,0.837670831,8.0,-3.666224945,4.0716690089,149.46093734,-21.11617523,,,0.7026606259,0.267294532,0.0136684704,-0.044042849,1.447004471,0.0722350748,0.1019979044,0.0903154622,0.0426967402,0.0426967402,,0.2335373325,0.1303658704,0.4258582237,16.93251443,0.8054896977,0.1968551189,0.2867144144,0.4805545622,0.7929232279,0.00451307,388329.44171508,1.94602256,0.00160637,1.80893525,0.00570619,0.00658257,0.00519184,0.0171625,0.08523425,-0.2782166,2.07725162,0.01741735,0.2983167,0.01801409,0.24140936,0.0221026,0.04188842,0.01783375,0.41904194,0.10345516,0.01676501,0.98865188,0.87262487,0.42042784,0.8674420603,1.2494823849,263,,1.0874974365,,1.3012992703
20060131,20060131,247318.0,01W,SWE,-0.043669,2006,1,20051230,20051231,290.15850541,11.975660978,290.15850541,0.0299674482,0.0001109537,0.0354339896,0.1481931753,-0.083233211,0.4379279796,0.1194665415,0.2323065357,0.0010049007,,-0.118755758,0.0520892268,,,0.3122879384,0.1731325784,0.2042530442,0.2050444513,-0.608056364,0.509206206,0.2604907324,0.0476875586,-0.000579064,0.0,0.1375996761,0.1359487003,0.0016509759,0.1281693152,0.0341992851,0.0939700301,0.0082351598,-0.00823516,0.0135172021,0.0625802488,0.0717263318,0.6981581963,0.2197177555,0.3611969112,0.2702452396,0.4648937977,0.020554259,-0.006818182,0.0082351598,-0.042357332,-0.412027393,-0.050592492,-0.492134218,0.4169445107,1.8819615561,2.3374453934,6.4814941211,,0.0821325648,-0.054051694,0.2144177449,,0.1254822928,0.2137919282,0.0344847184,-0.2772061,0.301237196,0.0869791722,0.0341327357,0.0250704905,0.0043224979,,-0.097516324,-0.182085599,0.01994896,0.0931202727,,,-0.239704309,0.2327479443,0.9161845801,0.4270376585,0.2883329604,1.3984750872,0.1451595559,0.1773604233,-0.014001929,2.6287878788,,0.6957356061,,0.837670831,8.0,-3.666224945,4.0716690089,149.46093734,-21.11617523,,,0.6119707389,0.2327957854,0.0119043299,-0.038358396,1.2602447934,0.0629119528,0.0888334007,0.0786587694,0.0371860251,0.0371860251,,0.2021931957,0.1128688577,0.3890498915,17.242379515,0.8233880646,0.024676235,0.3353293672,0.4775841148,0.7544304555,0.00492341,448511.2188605,2.01317733,0.00177826,1.91738614,0.00552662,0.00634797,0.00423564,0.0122318,0.40109669,-0.20696611,0.93324421,0.01053836,0.73828129,0.01053887,0.39299161,0.02272544,0.03437156,0.01223327,0.40241872,0.09954333,0.01662089,1.32182923,1.0,0.42091605,0.8846756999,1.2881248939,264,,1.0556122686,,1.2803435983
20060228,20060228,247318.0,01W,SWE,0.061792,2006,2,20060131,20060131,277.48743645,11.452690177,277.48743645,0.0313358691,0.0001109537,0.0354339896,-0.043669473,0.1090104999,0.4396776673,0.4374566133,0.6056002262,-0.027509595,,0.2607753543,0.0244124243,,,0.23115357,0.1731325784,0.2042530442,0.1607659144,-0.562798543,0.509206206,0.2604907324,0.0415605867,-0.000579064,0.0,0.1072928563,0.1081307907,-0.000837934,0.0991760286,0.0226729395,0.0765030891,0.039427418,-0.039427418,0.0135172021,0.02078453,0.0698950871,0.7790771487,0.2194275523,0.3611969112,0.3277924534,0.4869907877,0.020554259,-0.006818182,0.039427418,-0.02787253,-0.246212073,-0.067299948,-0.594494281,0.4044004052,2.0970637108,2.5257258499,6.9674537593,,0.0644666155,-0.054051694,0.2144177449,,0.0931554253,0.2137919282,0.0344847184,-0.2772061,0.2633459571,0.0669885555,0.0254826782,0.0012639438,-0.001929451,,-0.097516324,-0.182085599,0.01994896,0.0931202727,,,-0.239704309,0.2358336493,0.959163613,0.4270376585,0.2701490143,1.3767614838,0.1410779055,0.1915550221,-0.014001929,2.8955555556,,0.6957356061,,0.7724236712,8.0,-3.666224945,4.0716690089,149.46093734,-21.11617523,,,0.6070774185,0.2096583563,0.0288862624,-0.010249964,1.3893687523,0.068724427,0.0856452107,0.0742608054,0.038884072,0.038884072,,0.2014734883,0.1174930276,0.3923328833,17.146899084,0.8038748984,0.160258726,0.2552990676,0.4765594936,0.7841639792,0.00742184,448280.5484788,2.02681754,0.00171277,1.9976653,0.00574816,0.00630373,0.00365636,0.01274381,-0.83707477,-0.36628428,0.75970537,0.01050053,0.34876444,0.01058032,0.14180733,0.01342622,0.01984604,0.01445872,-1.10347687,0.08834488,0.01622411,1.24135063,0.95633053,0.41980419,0.8453438959,0.7790498688,265,,1.0410585079,,1.2410540912
20060331,20060331,247318.0,01W,SWE,0.118087,2006,3,20060228,20060228,294.63405137,12.1603794,294.63405137,0.0295122371,0.0001109537,0.0354339896,0.0617924009,0.0980521847,0.1016488188,0.3517784807,0.2178890598,-0.115425446,,-0.009228214,0.0308688438,,,0.23115357,0.1731325784,0.2042530442,0.1607659144,-0.562798543,0.509206206,0.2604907324,0.0415605867,-0.000579064,0.0,0.1072928563,0.1081307907,-0.000837934,0.0991760286,0.0226729395,0.0765030891,0.039427418,-0.039427418,0.0135172021,0.02078453,0.0698950871,0.7790771487,0.2194275523,0.3611969112,0.3277924534,0.4869907877,0.020554259,-0.006818182,0.039427418,-0.02787253,-0.246212073,-0.067299948,-0.594494281,0.4044004052,2.0970637108,2.5257258499,6.9674537593,,0.0644666155,-0.054051694,0.2144177449,,0.0931554253,0.2137919282,0.0344847184,-0.2772061,0.2633459571,0.0669885555,0.0254826782,0.0012639438,-0.001929451,,-0.097516324,-0.182085599,0.01994896,0.0931202727,,,-0.239704309,0.2358336493,0.959163613,0.4270376585,0.2701490143,1.3767614838,0.1410779055,0.1915550221,-0.014001929,2.8955555556,,0.6957356061,,0.7724236712,8.0,-3.666224945,4.0716690089,149.46093734,-21.11617523,,,0.5717477522,0.1974570134,0.0272051885,-0.009653454,1.3085126161,0.0647249189,0.0806609753,0.0699391005,0.0366211625,0.0366211625,,0.1896341843,0.1105887164,0.3321337563,17.274141492,0.797139481,-0.025734721,-0.396289876,0.4770042682,0.7053606604,0.00657169,440438.87500184,2.08194173,0.00163256,2.10697947,0.00599065,0.00618492,0.00396772,0.02477812,2.22498357,0.19717421,1.6455659,0.02566341,2.18885276,0.02171974,1.35563062,0.03372001,0.07817935,0.02495508,2.1244713,0.08949593,0.0169513,1.20768877,0.94973815,0.41743824,0.8797318836,1.8893238094,266,,1.028882385,,1.2169559535
20060428,20060430,247318.0,01W,SWE,0.085697,2006,4,20060331,20060331,329.42661735,13.596366859,329.42661735,0.0263952866,0.0,0.0355449371,0.1180873895,0.0154244865,0.0688615761,0.6764852146,0.3051899202,0.1158117365,,-0.10580686,0.0512228665,,,0.23115357,0.1731325784,0.2042530442,0.1607659144,-0.562798543,0.509206206,0.2604907324,0.0415605867,-0.000579064,0.0,0.1072928563,0.1081307907,-0.000837934,0.0991760286,0.0226729395,0.0765030891,0.039427418,-0.039427418,0.0135172021,0.02078453,0.0698950871,0.7790771487,0.2194275523,0.3611969112,0.3277924534,0.4869907877,0.020554259,-0.006818182,0.039427418,-0.02787253,-0.246212073,-0.067299948,-0.594494281,0.4044004052,2.0970637108,2.5257258499,6.9674537593,,0.0644666155,-0.054051694,0.2144177449,,0.0931554253,0.2137919282,0.0344847184,-0.2772061,0.2633459571,0.0669885555,0.0254826782,0.0012639438,-0.001929451,,-0.097516324,-0.182085599,0.01994896,0.0931202727,,,-0.239704309,0.2358336493,0.959163613,0.4270376585,0.2701490143,1.3767614838,0.1410779055,0.1915550221,-0.014001929,2.8955555556,,0.6957356061,,0.7724236712,8.0,-3.666224945,4.0716690089,149.46093734,-21.11617523,,,0.5113623117,0.1766024868,0.0243318982,-0.008633899,1.1703133658,0.0578889624,0.0721419239,0.0625524455,0.0327533991,0.0327533991,,0.1694314414,0.0988071096,0.3343956929,17.491624125,0.8068196914,-0.010541486,-0.553173694,0.5196164926,0.7247704333,0.00479198,477227.25042546,2.01574105,0.00171755,2.03125889,0.00591064,0.00602517,0.00377161,0.01527074,0.46491558,-0.11085095,1.92071002,0.01593144,0.57040659,0.01612694,0.64285415,0.03125293,0.0446321,0.01812868,0.54650919,0.11062967,0.0169365,1.16791762,0.9752065,0.42052611,0.8807083812,1.7448073003,267,,1.024170722,,1.1965828022
20060531,20060531,247318.0,01W,SWE,0.013837,2006,5,20060428,20060430,357.65745612,14.761533304,357.65745612,0.0243118376,0.0,0.0355449371,0.0856968966,0.1871766937,0.2590965655,0.6345140162,0.6319923796,0.3655918372,,0.0169444628,0.0574730878,,,0.1004014163,0.1731325784,0.2042530442,0.0585744266,-0.608056364,0.509206206,0.2604907324,0.0160289374,-0.000579064,0.0,0.073254189,0.0945284783,-0.021274289,0.0823587997,0.0054185672,0.0769402325,0.0310432137,-0.031043214,0.0135172021,-0.036339562,0.0743019951,0.7785788918,0.2247983707,0.3611969112,0.3741785629,0.5901080595,0.020554259,-0.006818182,0.0310432137,-0.027249384,-0.226368334,-0.058292598,-0.484253085,0.3164143574,2.0861355527,2.3928470835,7.9420217274,,0.0711743772,-0.054051694,0.2144177449,,0.0612548828,0.2137919282,0.0344847184,-0.2772061,0.1911710856,0.0972504279,0.0335861033,0.0339026457,0.0082724312,,-0.097516324,-0.182085599,0.01994896,0.0931202727,,,-0.239704309,0.2173831847,0.8567493152,0.4270376585,0.2473684455,1.3664119174,0.1476256903,0.1975489867,-0.014001929,3.1084070796,,0.6957356061,,0.6901983972,8.0,-3.666224945,4.0716690089,149.46093734,-21.11617523,,,0.4939051443,0.1588933276,0.0182797633,-0.016873628,1.127923542,0.059454477,0.0729130879,0.0644918672,0.0301680876,0.0301680876,,0.1444572172,0.0992450854,0.361564102,17.636995051,0.8100024138,0.0145355582,-0.59458438,0.5323726784,0.7552422317,0.00702332,490654.88172002,1.97740808,0.00172411,2.03355348,0.00599317,0.00623035,0.00336298,0.01983429,0.19348125,-0.35120107,2.01795664,0.02069595,0.02771055,0.02088901,-0.01368144,0.03232423,0.04237314,0.0218457,0.16956347,0.10352437,0.0174425,1.08838423,0.97739005,0.4243635,0.9254920135,1.7663944487,268,,1.2527244609,,0.9612749207
20060630,20060630,247318.0,01W,SWE,0.011217,2006,6,20060531,20060531,362.60622198,14.965782847,362.60622198,0.0239800352,0.0,0.0355449371,0.0138366076,0.2139040089,0.4152948908,0.419930643,0.742326279,0.2745645976,,-0.143858767,0.0718090309,,,0.1004014163,0.1731325784,0.2042530442,0.0585744266,-0.608056364,0.509206206,0.2604907324,0.0160289374,-0.000579064,0.0,0.073254189,0.0945284783,-0.021274289,0.0823587997,0.0054185672,0.0769402325,0.0310432137,-0.031043214,0.0135172021,-0.036339562,0.0743019951,0.7785788918,0.2247983707,0.3611969112,0.3741785629,0.5901080595,0.020554259,-0.006818182,0.0310432137,-0.027249384,-0.226368334,-0.058292598,-0.484253085,0.3164143574,2.0861355527,2.3928470835,7.9420217274,,0.0711743772,-0.054051694,0.2144177449,,0.0612548828,0.2137919282,0.0344847184,-0.2772061,0.1911710856,0.0972504279,0.0335861033,0.0339026457,0.0082724312,,-0.097516324,-0.182085599,0.01994896,0.0931202727,,,-0.239704309,0.2173831847,0.8567493152,0.4270376585,0.2473684455,1.3664119174,0.1476256903,0.1975489867,-0.014001929,3.1084070796,,0.6957356061,,0.6901983972,8.0,-3.666224945,4.0716690089,149.46093734,-21.11617523,,,0.4871644411,0.1567247882,0.0180302854,-0.01664334,1.1125299023,0.058643056,0.0719179869,0.0636116971,0.0297563605,0.0297563605,,0.1424523305,0.0978676869,0.3574303123,17.660146284,0.7940183874,0.0310344535,-0.035926144,0.5346119754,0.7571974135,0.0058565,489105.60889878,1.87040481,0.00159113,1.9427462,0.00625189,0.00615327,0.01093583,0.02207983,0.34745098,-0.51632345,1.22450797,0.01353825,2.20104459,0.01329436,1.36948458,0.03614495,0.05487986,0.03078029,-0.49650149,0.09577803,0.01756504,1.2162303,0.92155963,0.43860284,0.7878974493,1.8642825483,269,,1.2424976485,,1.107144358
20060731,20060731,247318.0,01W,SWE,-0.002498,2006,7,20060630,20060630,366.67374808,15.133661137,366.67374808,0.0237140238,0.0,0.0355449371,0.0112174746,0.1007192585,0.2496832429,0.3154482862,1.0632508939,0.4379279796,,0.1467977384,0.0594835524,,,0.1004014163,0.1731325784,0.2042530442,0.0585744266,-0.608056364,0.509206206,0.2604907324,0.0160289374,-0.000579064,0.0,0.073254189,0.0945284783,-0.021274289,0.0823587997,0.0054185672,0.0769402325,0.0310432137,-0.031043214,0.0135172021,-0.036339562,0.0743019951,0.7785788918,0.2247983707,0.3611969112,0.3741785629,0.5901080595,0.020554259,-0.006818182,0.0310432137,-0.027249384,-0.226368334,-0.058292598,-0.484253085,0.3164143574,2.0861355527,2.3928470835,7.9420217274,,0.0711743772,-0.054051694,0.2144177449,,0.0612548828,0.2137919282,0.0344847184,-0.2772061,0.1911710856,0.0972504279,0.0335861033,0.0339026457,0.0082724312,,-0.097516324,-0.182085599,0.01994896,0.0931202727,,,-0.239704309,0.2173831847,0.8567493152,0.4270376585,0.2473684455,1.3664119174,0.1476256903,0.1975489867,-0.014001929,3.1084070796,,0.6957356061,,0.6901983972,8.0,-3.666224945,4.0716690089,149.46093734,-21.11617523,,,0.4817603071,0.154986234,0.0178302747,-0.016458715,1.100188565,0.0579925263,0.0711201979,0.0629060501,0.029426272,0.029426272,,0.1408456575,0.0967638694,0.3965771344,17.678707013,0.7948966325,0.265915875,0.0596458334,0.536850483,0.7917904403,0.00814875,411351.84996921,1.86349725,0.00128277,1.92792265,0.00668045,0.00625939,0.00471311,0.01715164,0.86627304,-0.2013625,1.05315689,0.01487257,1.07336085,0.01549873,1.05517146,0.03375927,0.04517396,0.02668616,-0.46372678,0.12155023,0.01756671,1.14849242,0.9318972,0.44767003,0.7142195065,1.6796694649,270,,1.2555245297,,1.1205729691
20060831,20060831,247318.0,01W,SWE,0.015588,2006,8,20060731,20060731,365.75769687,15.095853116,365.75769687,0.0237734163,0.0,0.0355449371,,0.025209294,0.3214066654,0.4014582688,0.8193228751,0.4396776673,,0.2497700529,,,,-0.023974572,0.2541200413,0.6061755516,-0.007701586,1.3779633257,0.6084037387,0.1609338903,-0.002128115,0.0046091472,0.0,0.0093643426,0.0156279759,-0.006263633,0.0077375162,-0.022413662,0.0301511786,0.017061027,-0.01245188,0.0149362433,-0.028290753,0.0860797145,0.8060308555,0.2776297335,0.5898686679,0.3621013133,0.7110565111,-0.078010953,-0.09887798,0.020867027,-0.050490884,-0.373056995,-0.062942763,-0.465058966,0.2710421243,2.1305049088,2.3290391161,8.2604422604,,0.0771388499,0.2406571507,0.0107928601,,0.0233148516,-0.023531847,0.0167815746,0.9342417975,0.2884444799,0.1421950948,0.0457453259,0.0681214639,0.0165605932,,0.2403381348,0.1739607476,0.0869415678,0.004769199,,,0.0249807076,0.2216932931,0.7867066104,0.5483632168,0.2709736794,1.3678756477,0.1858345021,0.2271388499,0.0365920779,2.6754221388,0.0435146901,0.6617857644,0.5060894769,0.6142937035,6.0,-3.85789147,4.8379130675,220.03370973,-18.60719237,-0.139258142,0.0327316538,0.5000841161,0.1869178358,0.0182358864,-0.020340027,1.1790201951,0.0676831938,0.0929328827,0.0817107988,0.0817107988,0.0817107988,,0.1456943064,0.115946894,0.3567427678,17.5469187,0.7948966325,0.180061017,1.0439294643,0.7001739366,0.8443020054,0.00770461,397652.06998357,1.92266535,0.00121411,2.0257356,0.00666448,0.00634876,0.00267566,0.01186149,0.50037457,0.25463966,0.60614068,0.01168603,0.36737985,0.01254577,0.41743323,0.02022896,0.04184339,0.01690729,0.2531166,0.16698769,0.0171249,1.13124911,0.92956906,0.4506089,0.6806418164,1.0171232816,271,1.5142510278,1.3979942221,0.5600654487,1.1976069677
20060929,20060930,247318.0,01W,SWE,-0.020612,2006,9,20060831,20060831,358.42559013,14.793236364,358.42559013,0.0376822288,0.0,0.0357180805,,,,,,0.1016488188,,0.0943627973,,,,-0.023974572,0.2541200413,0.6061755516,-0.007701586,1.3779633257,0.6084037387,0.1609338903,-0.002128115,0.0046091472,0.0,0.0093643426,0.0156279759,-0.006263633,0.0077375162,-0.022413662,0.0301511786,0.017061027,-0.01245188,0.0149362433,-0.028290753,0.0860797145,0.8060308555,0.2776297335,0.5898686679,0.3621013133,0.7110565111,-0.078010953,-0.09887798,0.020867027,-0.050490884,-0.373056995,-0.062942763,-0.465058966,0.2710421243,2.1305049088,2.3290391161,8.2604422604,,0.0771388499,0.2406571507,0.0107928601,,0.0233148516,-0.023531847,0.0167815746,0.9342417975,0.2884444799,0.1421950948,0.0457453259,0.0681214639,0.0165605932,,0.2403381348,0.1739607476,0.0869415678,0.004769199,,,0.0249807076,0.2216932931,0.7867066104,0.5483632168,0.2709736794,1.3678756477,0.1858345021,0.2271388499,0.0365920779,2.6754221388,0.0435146901,0.6617857644,0.5060894769,0.6142937035,6.0,-3.85789147,4.8379130675,220.03370973,-18.60719237,-0.139258142,0.0327316538,0.51031405,0.1907415068,0.0186089275,-0.020756111,1.203138735,0.0690677501,0.0948339574,0.0833823097,0.0833823097,0.0833823097,,0.1487378637,0.1183690271,0.3147553359,17.510375041,0.7924679237,-0.058005766,1.4423683739,0.7050536713,0.8439248881,0.00713925,374921.15945979,2.04365366,0.00110871,2.19987311,0.00673554,0.00649679,0.0052339,0.01492989,0.75078286,-0.17639725,1.39608518,0.01555558,0.70526846,0.01506423,0.82722839,0.02234582,0.03304349,0.01572807,0.2231768,0.19406137,0.01663629,1.09742572,0.9109346,0.45066982,0.6620273533,1.1404225065,272,1.4985580581,1.4102661489,0.5506330692,1.1770151183
20061031,20061031,247318.0,01W,SWE,0.03683,2006,10,20060929,20060930,326.40765319,14.488321382,326.40765319,0.041378549,-0.070163801,0.1084649191,-0.020611783,0.0130511091,0.1275933018,0.2801942395,0.3475649353,0.0688615761,,-0.050842737,,0.0502186327,,-0.023974572,0.2541200413,0.6061755516,-0.007701586,1.3779633257,0.6084037387,0.1609338903,-0.002128115,0.0046091472,0.0,0.0093643426,0.0156279759,-0.006263633,0.0077375162,-0.022413662,0.0301511786,0.017061027,-0.01245188,0.0149362433,-0.028290753,0.0860797145,0.8060308555,0.2776297335,0.5898686679,0.3621013133,0.7110565111,-0.078010953,-0.09887798,0.020867027,-0.050490884,-0.373056995,-0.062942763,-0.465058966,0.2710421243,2.1305049088,2.3290391161,8.2604422604,,0.0771388499,0.2406571507,0.0107928601,,0.0233148516,-0.023531847,0.0167815746,0.9342417975,0.2884444799,0.1421950948,0.0457453259,0.0681214639,0.0165605932,,0.2403381348,0.1739607476,0.0869415678,0.004769199,,,0.0249807076,0.2216932931,0.7867066104,0.5483632168,0.2709736794,1.3678756477,0.1858345021,0.2271388499,0.0365920779,2.6754221388,0.0435146901,0.6617857644,0.5060894769,0.6142937035,6.0,-3.85789147,4.8379130675,220.03370973,-18.60719237,-0.139258142,0.0327316538,0.5603717092,0.2094516978,0.020434312,-0.022792117,1.3211568629,0.0758427348,0.1041363976,0.0915614364,0.0915614364,0.0915614364,,0.1636681312,0.1302508789,0.2955486858,17.331557654,0.7874793909,-0.098248906,1.6392798579,0.7756430271,0.8007554381,0.00528737,335764.92445455,2.39969995,0.00095084,2.50031624,0.0069822,0.00652695,0.00135807,0.01003869,-0.46000108,-0.58437523,0.99419593,0.0094957,-0.20947427,0.00866072,0.09946068,0.01512531,0.02220537,0.01335147,-0.73506882,0.21120687,0.01661446,1.12765727,0.89215861,0.4221207,0.6105430435,0.7723379688,273,1.4976146634,1.4113024878,0.5738523477,1.2344005606
20061130,20061130,247318.0,01W,SWE,0.264857,2006,11,20061031,20061031,338.42923704,15.021925813,338.42923704,0.0399087124,-0.070163801,0.1084649191,0.0368299693,,0.0171822325,0.3110604729,0.3904852979,0.2590965655,2.352169101,-0.034125508,,0.0726339283,,0.1220273568,0.2189973459,0.6061755516,0.110387289,1.3779633257,0.6084037387,0.1609338903,0.0275724753,0.0046091472,0.0,0.0668129393,0.0562343663,0.010578573,0.0580004815,0.0249187669,0.0330817146,0.0244749703,-0.02447497,0.0115759358,0.0574834304,0.082224142,0.7749214732,0.2540615247,0.5898686679,0.3296013239,0.5628620626,-0.078010953,-0.09887798,0.0244749703,-0.044861373,-0.343260042,-0.069336344,-0.530532048,0.36671138,2.0287933457,2.3659525588,6.8454598469,,0.0571428571,0.2406571507,0.0107928601,,0.0489880371,-0.023531847,0.0711109943,0.9342417975,0.1531079055,0.1137264064,0.0425078363,0.0267472343,0.0083751006,,0.2403381348,0.1739607476,0.0869415678,0.004769199,,,0.0249807076,0.2347282928,0.8694830923,0.5483632168,0.285063981,1.3676147069,0.1755534662,0.2092001513,0.0303939103,2.5219683656,0.0449397205,0.6617857644,0.5060894769,0.6820127958,7.0,-3.816822968,4.8379130675,220.03370973,-18.60719237,-0.139258142,0.0327316538,0.5887101635,0.2334328105,0.0246150591,-0.009025522,1.3171192666,0.0769397634,0.1033501098,0.0883090179,0.0883090179,0.0883090179,,0.1941601082,0.1242799466,0.3258478403,16.856322288,0.7598896252,-0.261659088,0.0422703989,0.7532937334,0.776042356,0.00520607,375516.25633598,2.29100099,0.00108405,2.36586058,0.00655731,0.00639617,0.00497409,0.01034236,0.64353107,-0.39815568,0.15873971,0.0103882,0.78130034,0.01036303,0.78475102,0.01682461,0.0244067,0.01035015,0.59344081,0.19589984,0.01630174,1.1354977,0.92501678,0.42394141,0.6064050348,0.8794384877,274,1.5662569318,1.4466106861,0.5503066018,1.2707246967
20061229,20061231,247318.0,01W,SWE,0.057402,2006,12,20061130,20061130,428.06473419,19.000594442,428.06473419,0.0315519453,-0.070163801,0.1084649191,0.2648574276,0.0154590546,0.0402514715,0.2802378212,0.4926337124,0.4152948908,2.0978681864,0.1481931753,,,,0.1220273568,0.2189973459,0.6061755516,0.110387289,1.3779633257,0.6084037387,0.1609338903,0.0275724753,0.0046091472,0.0,0.0668129393,0.0562343663,0.010578573,0.0580004815,0.0249187669,0.0330817146,0.0244749703,-0.02447497,0.0115759358,0.0574834304,0.082224142,0.7749214732,0.2540615247,0.5898686679,0.3296013239,0.5628620626,-0.078010953,-0.09887798,0.0244749703,-0.044861373,-0.343260042,-0.069336344,-0.530532048,0.36671138,2.0287933457,2.3659525588,6.8454598469,,0.0571428571,0.2406571507,0.0107928601,,0.0489880371,-0.023531847,0.0711109943,0.9342417975,0.1531079055,0.1137264064,0.0425078363,0.0267472343,0.0083751006,,0.2403381348,0.1739607476,0.0869415678,0.004769199,,,0.0249807076,0.2347282928,0.8694830923,0.5483632168,0.285063981,1.3676147069,0.1755534662,0.2092001513,0.0303939103,2.5219683656,0.0449397205,0.6617857644,0.5060894769,0.6820127958,7.0,-3.816822968,4.8379130675,220.03370973,-18.60719237,-0.139258142,0.0327316538,0.4654359856,0.1845526661,0.0194607381,-0.007135604,1.0413183635,0.0608288031,0.0817089006,0.0698173691,0.0698173691,0.0698173691,,0.1532113582,0.0980690606,0.3338685092,17.37500112,0.8221203494,-0.181813311,-0.237803342,0.753436043,0.7939777947,0.00499058,431861.86041947,2.63811563,0.00119392,2.6025818,0.00628079,0.00643916,0.00365849,0.02139455,1.16272173,0.14794506,2.88840385,0.02038987,0.52193289,0.02170491,1.11407401,0.04281241,0.06882279,0.02163639,1.08562278,0.19388181,0.0169016,1.1158177,1.0,0.42707173,0.6209279274,2.1844474776,275,1.5662569318,1.4594405217,0.5503066018,1.2626694905
20070131,20070131,247318.0,01W,SWE,0.042877,2007,1,20061229,20061231,452.6363263,20.091258585,452.6363263,0.029839132,-0.070163801,0.1084649191,0.05740158,0.3114420878,0.3011739149,0.4482931589,0.6442954709,0.2496832429,2.1799370491,-0.043669473,,-0.072273193,,0.1220273568,0.2189973459,0.6061755516,0.110387289,1.3779633257,0.6084037387,0.1609338903,0.0275724753,0.0046091472,0.0,0.0668129393,0.0562343663,0.010578573,0.0580004815,0.0249187669,0.0330817146,0.0244749703,-0.02447497,0.0115759358,0.0574834304,0.082224142,0.7749214732,0.2540615247,0.5898686679,0.3296013239,0.5628620626,-0.078010953,-0.09887798,0.0244749703,-0.044861373,-0.343260042,-0.069336344,-0.530532048,0.36671138,2.0287933457,2.3659525588,6.8454598469,,0.0571428571,0.2406571507,0.0107928601,,0.0489880371,-0.023531847,0.0711109943,0.9342417975,0.1531079055,0.1137264064,0.0425078363,0.0267472343,0.0083751006,,0.2403381348,0.1739607476,0.0869415678,0.004769199,,,0.0249807076,0.2347282928,0.8694830923,0.5483632168,0.285063981,1.3676147069,0.1755534662,0.2092001513,0.0303939103,2.5219683656,0.0449397205,0.6617857644,0.5060894769,0.6820127958,7.0,-3.816822968,4.8379130675,220.03370973,-18.60719237,-0.139258142,0.0327316538,0.4401695575,0.1745341312,0.0184043021,-0.006748244,0.984789869,0.0575266807,0.0772732916,0.0660272979,0.0660272979,0.0660272979,,0.1448376945,0.0927091621,0.3026243143,17.481310176,0.8112181975,0.0630072162,0.187240788,0.7485910485,0.8344891596,0.00719048,472760.9736367,2.42541659,0.00127629,2.44491822,0.00623091,0.00664973,0.00274777,0.01061523,-0.19586591,0.19699883,-1.87642178,0.01119844,-0.11819565,0.01123807,0.11891685,0.0149983,0.0238847,0.01069001,-0.21104451,0.16711722,0.0168561,1.11187524,1.0,0.44549807,0.6450688987,0.7673771588,276,1.5499209244,1.4493248413,0.5499721738,1.1875372196
20070228,20070228,247318.0,01W,SWE,-0.050982,2007,2,20070131,20070131,472.04403954,20.95271261,472.04403954,0.0286123199,-0.070163801,0.1084649191,0.0428770563,0.3374622425,,0.4105478973,0.8180750059,0.3214066654,2.3087073372,0.0617924009,,0.0650656063,,0.162708889,0.200122053,0.6061755516,0.1086036837,1.3779633257,0.6084037387,0.1609338903,0.0280288904,0.0046091472,0.0,0.1035146739,0.065382091,0.0381325829,0.0534889875,0.0238139892,0.0296749983,0.0707300421,-0.070730042,0.0202423689,0.0344446308,0.088237822,0.807698675,0.2537451809,0.5898686679,0.4366308653,0.5950111783,-0.044940185,-0.115670227,0.0707300421,-0.019251905,-0.133018444,-0.089981947,-0.621718135,0.4073132326,2.1298722119,2.5399829132,6.7432668339,,0.0383810188,0.2406571507,0.0107928601,,0.0788404774,-0.023531847,0.0689055035,0.9342417975,0.1777276933,0.086507236,0.0343014755,0.0195186805,0.0088187973,,0.2403381348,0.1739607476,0.0869415678,0.004769199,,,0.0249807076,0.2726474161,0.939118429,0.5483632168,0.2950317774,1.3935778266,0.1639830015,0.2344932758,0.022905096,3.0168421053,0.0446518408,0.6617857644,0.5060894769,0.7026558952,7.0,-3.521159245,4.8379130675,220.03370973,-18.60719237,-0.139258142,0.0327316538,0.4149309954,0.1375381876,0.0463286527,0.0304031783,0.9801752901,0.0600534179,0.06804163,0.0633126384,0.0633126384,0.0633126384,,0.1410672548,0.0944276283,0.3052531188,17.596050176,0.7927290242,0.0993837008,-0.006966867,0.6908185858,0.8208030054,0.00779405,490416.39955707,2.32968504,0.00129932,2.39015382,0.00635952,0.00666853,0.00597288,0.01358441,1.00338488,-0.48177483,1.29587156,0.01314864,1.01926692,0.01337576,0.95694577,0.02579732,0.04505092,0.01867753,0.15106723,0.13203253,0.01686911,1.14546069,0.98403736,0.45651413,0.6678184041,1.3041478195,277,1.3941793593,1.2902303505,0.5406003858,0.7944208168
20070330,20070331,247318.0,01W,SWE,0.073307,2007,3,20070228,20070228,447.97843785,19.884507964,447.97843785,0.0301493865,-0.070163801,0.1084649191,-0.050981687,0.1027398471,0.4163711101,0.4509517884,0.7856868336,,2.714257363,0.1180873895,,0.008626388,,0.162708889,0.200122053,0.6061755516,0.1086036837,1.3779633257,0.6084037387,0.1609338903,0.0280288904,0.0046091472,0.0,0.1035146739,0.065382091,0.0381325829,0.0534889875,0.0238139892,0.0296749983,0.0707300421,-0.070730042,0.0202423689,0.0344446308,0.088237822,0.807698675,0.2537451809,0.5898686679,0.4366308653,0.5950111783,-0.044940185,-0.115670227,0.0707300421,-0.019251905,-0.133018444,-0.089981947,-0.621718135,0.4073132326,2.1298722119,2.5399829132,6.7432668339,,0.0383810188,0.2406571507,0.0107928601,,0.0788404774,-0.023531847,0.0689055035,0.9342417975,0.1777276933,0.086507236,0.0343014755,0.0195186805,0.0088187973,,0.2403381348,0.1739607476,0.0869415678,0.004769199,,,0.0249807076,0.2726474161,0.939118429,0.5483632168,0.2950317774,1.3935778266,0.1639830015,0.2344932758,0.022905096,3.0168421053,0.0446518408,0.6617857644,0.5060894769,0.7026558952,7.0,-3.521159245,4.8379130675,220.03370973,-18.60719237,-0.139258142,0.0327316538,0.4372212737,0.1449268004,0.0488174486,0.0320364506,1.0328307443,0.0632795143,0.0716968568,0.0667138216,0.0667138216,0.0667138216,,0.1484102086,0.0993428562,0.2923267379,17.502722549,0.8019504597,0.156330142,0.0221208286,0.6935315618,0.8213557143,0.00679033,543587.76176141,2.11379743,0.00139547,2.22963568,0.00634933,0.00668436,0.00529217,0.01354915,0.93462219,-0.34706457,0.27836546,0.01313528,0.16555376,0.01242383,0.12462088,0.0182368,0.03091337,0.01635175,0.14438585,0.09912323,0.01587386,1.15783798,0.92228633,0.4581327,0.6290754277,0.952845634,278,1.3955612375,1.2970861315,0.559641424,0.7761686427
20070430,20070430,247318.0,01W,SWE,0.134602,2007,4,20070330,20070331,480.81829356,21.342177167,480.81829356,0.0280901856,-0.070163801,0.1084649191,0.0733067776,-0.010290576,0.3724507788,0.3617049273,0.515668204,0.1275933018,2.7372111017,0.0856968966,,-0.015496343,,0.162708889,0.200122053,0.6061755516,0.1086036837,1.3779633257,0.6084037387,0.1609338903,0.0280288904,0.0046091472,0.0,0.1035146739,0.065382091,0.0381325829,0.0534889875,0.0238139892,0.0296749983,0.0707300421,-0.070730042,0.0202423689,0.0344446308,0.088237822,0.807698675,0.2537451809,0.5898686679,0.4366308653,0.5950111783,-0.044940185,-0.115670227,0.0707300421,-0.019251905,-0.133018444,-0.089981947,-0.621718135,0.4073132326,2.1298722119,2.5399829132,6.7432668339,,0.0383810188,0.2406571507,0.0107928601,,0.0788404774,-0.023531847,0.0689055035,0.9342417975,0.1777276933,0.086507236,0.0343014755,0.0195186805,0.0088187973,,0.2403381348,0.1739607476,0.0869415678,0.004769199,,,0.0249807076,0.2726474161,0.939118429,0.5483632168,0.2950317774,1.3935778266,0.1639830015,0.2344932758,0.022905096,3.0168421053,0.0446518408,0.6617857644,0.5060894769,0.7026558952,7.0,-3.521159245,4.8379130675,220.03370973,-18.60719237,-0.139258142,0.0327316538,0.4073590914,0.1350283101,0.0454832203,0.0298483633,0.9622884769,0.0589575279,0.0667999665,0.0621572722,0.0621572722,0.0621572722,,0.1385675879,0.0927544007,0.269195803,17.627753137,0.79798805,0.1725660298,0.2946218689,0.6928441163,0.8138365838,0.00670119,529896.49547305,1.81832257,0.00130018,1.86830355,0.00659034,0.00693225,0.00431132,0.01580315,0.81913992,-0.37474242,1.51233826,0.01597726,1.15703941,0.01426822,0.62143195,0.03039232,0.04940933,0.02092024,-0.14411073,0.06189921,0.01591527,1.17478056,0.97458698,0.46263364,0.6265974103,1.5694320795,279,1.3955612375,1.3062238143,0.545473512,0.8282604979
20070531,20070531,247318.0,01W,SWE,0.000826,2007,5,20070430,20070430,545.53741276,24.214877575,545.53741276,0.024757743,-0.070163801,0.1084649191,0.1346020317,0.0185877869,0.420735093,,0.4983711946,0.0171822325,3.5999696103,0.0138366076,,0.110359167,,0.3300857991,0.2116387815,0.6061755516,0.276388993,1.3779633257,0.6084037387,0.1609338903,0.0601948272,0.0046091472,0.0,0.1422140727,0.0826562502,0.0595578225,0.0991424634,0.0440394287,0.0551030347,0.0803831742,-0.080383174,0.0183422776,0.1007914413,0.0925567569,0.7072582605,0.2147092006,0.5898686679,0.3925329256,0.5819854963,0.0085861082,-0.071797066,0.0803831742,0.0010458098,0.0077751912,-0.079337364,-0.589842584,0.4400532619,1.8688044214,2.3750204853,6.2878769284,,0.0603233831,0.2406571507,0.0107928601,,0.1525087779,-0.023531847,0.1108088689,0.9342417975,0.2343145204,0.1372866997,0.0455067567,0.0400362717,0.0119206534,,0.2403381348,0.1739607476,0.0869415678,0.004769199,,,0.0249807076,0.2869726755,0.9407141686,0.5483632168,0.2855816587,1.3877664463,0.1334601864,0.2157550105,-0.014165504,2.9183303085,0.0434340884,0.6617857644,0.5060894769,0.7928403224,5.0,-3.568423845,4.8379130675,220.03370973,-18.60719237,-0.139258142,0.0327316538,0.430691152,0.1475813587,0.0466046396,0.0206238922,0.8959743368,0.0579305425,0.0574801214,0.0547833253,0.0547833253,0.0547833253,,0.1396129832,0.0910460501,0.2933216837,17.277443839,0.7709609942,0.1221955895,0.2971658032,0.7322117565,0.8061497464,0.00831037,470171.6162352,1.94455447,0.00107619,2.04750242,0.00707871,0.00702427,0.0022314,0.0119681,0.28138549,0.40675842,0.61235772,0.01241575,0.18408557,0.01301831,0.15826849,0.02236168,0.03007692,0.01197751,0.34697591,0.06785823,0.01542743,1.19996618,0.99419271,0.46531684,0.6102079432,1.1909789948,280,1.0935841273,1.2214179099,0.0982261192,0.671138167
20070629,20070630,247318.0,01W,SWE,0.016942,2007,6,20070531,20070531,545.98797445,24.234876746,545.98797445,0.0247373124,-0.070163801,0.1084649191,0.0008259043,0.2177760505,0.2744273685,0.6368884388,0.6768530442,0.0402514715,3.2436583204,0.0112174746,,-0.042288525,,0.3300857991,0.2116387815,0.6061755516,0.276388993,1.3779633257,0.6084037387,0.1609338903,0.0601948272,0.0046091472,0.0,0.1422140727,0.0826562502,0.0595578225,0.0991424634,0.0440394287,0.0551030347,0.0803831742,-0.080383174,0.0183422776,0.1007914413,0.0925567569,0.7072582605,0.2147092006,0.5898686679,0.3925329256,0.5819854963,0.0085861082,-0.071797066,0.0803831742,0.0010458098,0.0077751912,-0.079337364,-0.589842584,0.4400532619,1.8688044214,2.3750204853,6.2878769284,,0.0603233831,0.2406571507,0.0107928601,,0.1525087779,-0.023531847,0.1108088689,0.9342417975,0.2343145204,0.1372866997,0.0455067567,0.0400362717,0.0119206534,,0.2403381348,0.1739607476,0.0869415678,0.004769199,,,0.0249807076,0.2869726755,0.9407141686,0.5483632168,0.2855816587,1.3877664463,0.1334601864,0.2157550105,-0.014165504,2.9183303085,0.0434340884,0.6617857644,0.5060894769,0.7928403224,5.0,-3.568423845,4.8379130675,220.03370973,-18.60719237,-0.139258142,0.0327316538,0.4303357359,0.1474595712,0.0465661804,0.0206068729,0.8952349584,0.0578827369,0.0574326875,0.0547381169,0.0547381169,0.0547381169,,0.1395000976,0.0909724338,0.2903127637,17.279140405,0.7866076507,0.1543468102,0.1763317857,0.7237999644,0.7953806678,0.00718326,402054.42756635,1.09762932,0.00083968,1.12828764,0.00761446,0.00716564,0.0041743,0.02220453,0.47710668,0.22416285,1.49177075,0.02327806,0.49741689,0.02381668,0.34026558,0.03159864,0.05190201,0.02252557,0.55759442,0.06603615,0.01545236,1.02895353,0.91769366,0.46852546,0.6439307761,1.7728388155,281,1.0804873114,1.2244260519,0.0720324874,0.6814633696
20070731,20070731,247318.0,01W,SWE,0.036491,2007,7,20070629,20070630,555.23835059,24.645475031,555.23835059,0.0243251841,-0.070163801,0.1084649191,0.016942454,0.1355391044,0.2062398502,0.672718054,0.6596212055,0.3011739149,3.4717650986,,,-0.002488493,,0.3300857991,0.2116387815,0.6061755516,0.276388993,1.3779633257,0.6084037387,0.1609338903,0.0601948272,0.0046091472,0.0,0.1422140727,0.0826562502,0.0595578225,0.0991424634,0.0440394287,0.0551030347,0.0803831742,-0.080383174,0.0183422776,0.1007914413,0.0925567569,0.7072582605,0.2147092006,0.5898686679,0.3925329256,0.5819854963,0.0085861082,-0.071797066,0.0803831742,0.0010458098,0.0077751912,-0.079337364,-0.589842584,0.4400532619,1.8688044214,2.3750204853,6.2878769284,,0.0603233831,0.2406571507,0.0107928601,,0.1525087779,-0.023531847,0.1108088689,0.9342417975,0.2343145204,0.1372866997,0.0455067567,0.0400362717,0.0119206534,,0.2403381348,0.1739607476,0.0869415678,0.004769199,,,0.0249807076,0.2869726755,0.9407141686,0.5483632168,0.2855816587,1.3877664463,0.1334601864,0.2157550105,-0.014165504,2.9183303085,0.0434340884,0.6617857644,0.5060894769,0.7928403224,5.0,-3.568423845,4.8379130675,220.03370973,-18.60719237,-0.139258142,0.0327316538,0.423166261,0.1450028668,0.045790379,0.0202635585,0.8803201744,0.0569183995,0.0564758481,0.0538261695,0.0538261695,0.0538261695,,0.1372221587,0.0894869177,0.2878854848,17.313363649,0.7748277686,0.0234263342,0.3701793088,0.7265514002,0.7842266546,0.00772739,394915.18471906,1.09228817,0.00080207,1.14097727,0.0076963,0.00717066,0.00551872,0.01999329,-0.75188494,0.09181669,0.78087138,0.02000669,-0.61562636,0.0201948,-1.1415757,0.02727614,0.03503414,0.02221253,-0.59325554,0.07387118,0.01565112,0.93147529,0.93324164,0.46881395,0.6917500988,1.5739757541,282,1.109036382,1.2346810819,0.0782849211,0.7160159395
20070831,20070831,247318.0,01W,SWE,0.008644,2007,8,20070731,20070731,575.49933541,25.544803391,575.49933541,0.0234687935,-0.070163801,0.1084649191,0.0364906077,0.0177823511,0.1762426894,0.6406335205,,,,0.0155883263,0.0538673034,0.1027869405,,0.3471946469,0.2099206821,-0.062505634,0.2844480926,20.491446378,0.7800946876,0.8133407882,0.0578935138,0.0029496475,0.0,0.1625766761,0.0781933867,0.0843832894,0.10722838,0.0345278879,0.0727004921,0.0654712081,-0.062521561,0.018507589,0.0973378353,0.096722207,0.7419317525,0.2046847889,0.5945987654,0.3904320988,0.5506998445,0.0831693433,-0.041642568,0.1248119112,0.025448236,0.1739130435,-0.037073325,-0.253358807,0.4893222893,1.887275882,2.4306138807,5.6936236392,,0.042220937,0.1219096064,0.0754866905,,0.2116224296,0.1221475916,0.0573788745,0.5057805309,0.2434079389,0.1522349248,0.0521650768,0.01003983,0.006419751,,0.0668392376,-0.062320894,0.0688174501,0.0049663779,1.65149536,2.0402644673,-0.085355473,0.3100339792,0.9995264853,0.803205513,0.2757502519,1.3873517787,0.1208791209,0.2301330249,-0.064955381,2.6682098765,0.0414238224,0.5956550029,2.5203399958,0.777383516,6.0,-3.770205141,4.9170531583,392.58747875,-33.75614979,1.0252325915,0.0188698687,0.4281757396,0.160473036,0.0396229719,0.0215449909,0.9066231247,0.0626538242,0.051757507,0.0450711305,0.0522527941,0.0512622198,,0.1558764612,0.0964591663,0.2960456374,17.186138451,0.7065255496,0.0904682458,0.5057392755,0.5911132641,0.8613413348,0.00745466,422577.29156587,1.13522374,0.00082342,1.16322008,0.00764595,0.00719318,0.00409652,0.01809391,0.2928505,0.10987184,0.83342891,0.01897286,0.21965641,0.01814299,0.16098857,0.02894741,0.03907681,0.0191979,0.26429659,0.06540113,0.01611631,0.88291089,0.91774219,0.48357655,0.7453198048,1.6534620219,283,1.4503927426,1.1046376793,0.8546957233,1.0993281222
20070928,20070930,247318.0,01W,SWE,-0.085297,2007,9,20070831,20070831,559.68106651,24.842674746,559.68106651,0.0351284173,-0.070163801,0.1092250446,0.0086443788,0.0540513021,0.2846585612,0.3444212743,0.7267893761,0.4163711101,4.1474760785,-0.020611783,0.0565269545,0.0551533312,,0.3471946469,0.2099206821,-0.062505634,0.2844480926,20.491446378,0.7800946876,0.8133407882,0.0578935138,0.0029496475,0.0,0.1625766761,0.0781933867,0.0843832894,0.10722838,0.0345278879,0.0727004921,0.0654712081,-0.062521561,0.018507589,0.0973378353,0.096722207,0.7419317525,0.2046847889,0.5945987654,0.3904320988,0.5506998445,0.0831693433,-0.041642568,0.1248119112,0.025448236,0.1739130435,-0.037073325,-0.253358807,0.4893222893,1.887275882,2.4306138807,5.6936236392,,0.042220937,0.1219096064,0.0754866905,,0.2116224296,0.1221475916,0.0573788745,0.5057805309,0.2434079389,0.1522349248,0.0521650768,0.01003983,0.006419751,,0.0668392376,-0.062320894,0.0688174501,0.0049663779,1.65149536,2.0402644673,-0.085355473,0.3100339792,0.9995264853,0.803205513,0.2757502519,1.3873517787,0.1208791209,0.2301330249,-0.064955381,2.6682098765,0.0414238224,0.5956550029,2.5203399958,0.777383516,6.0,-3.770205141,4.9170531583,392.58747875,-33.75614979,1.0252325915,0.0188698687,0.4402772727,0.1650084863,0.0407428361,0.0221539171,0.9322470188,0.0644246096,0.0532203297,0.0463449761,0.0537296151,0.0527110442,,0.1601865139,0.0991263046,0.3006350295,17.12545227,0.7026638068,0.1402366963,0.6440279759,0.5946327785,0.8463104743,0.00720359,401420.98863872,1.17964568,0.00076498,1.21925658,0.00771317,0.00719115,0.00323868,0.01911265,0.14026659,-0.27918107,1.23845473,0.01831823,0.0775872,0.01852111,-0.22260052,0.02440896,0.03794797,0.02192947,-0.55922281,0.07297539,0.01649095,0.84599561,0.89251697,0.48023891,0.6939345345,1.3495971264,284,1.4524829544,1.1037354956,0.8740605389,1.1194680342
20071031,20071031,247318.0,01W,SWE,0.048517,2007,10,20070928,20070930,511.94167884,22.723657056,511.94167884,0.0384041989,0.0,0.0364782061,-0.085297486,0.0454504251,0.207263071,0.2824294825,0.778371812,0.3724507788,4.2285963482,0.0368299693,0.0454244586,-0.007524682,,0.3471946469,0.2099206821,-0.062505634,0.2844480926,20.491446378,0.7800946876,0.8133407882,0.0578935138,0.0029496475,0.0,0.1625766761,0.0781933867,0.0843832894,0.10722838,0.0345278879,0.0727004921,0.0654712081,-0.062521561,0.018507589,0.0973378353,0.096722207,0.7419317525,0.2046847889,0.5945987654,0.3904320988,0.5506998445,0.0831693433,-0.041642568,0.1248119112,0.025448236,0.1739130435,-0.037073325,-0.253358807,0.4893222893,1.887275882,2.4306138807,5.6936236392,,0.042220937,0.1219096064,0.0754866905,,0.2116224296,0.1221475916,0.0573788745,0.5057805309,0.2434079389,0.1522349248,0.0521650768,0.01003983,0.006419751,,0.0668392376,-0.062320894,0.0688174501,0.0049663779,1.65149536,2.0402644673,-0.085355473,0.3100339792,0.9995264853,0.803205513,0.2757502519,1.3873517787,0.1208791209,0.2301330249,-0.064955381,2.6682098765,0.0414238224,0.5956550029,2.5203399958,0.777383516,6.0,-3.770205141,4.9170531583,392.58747875,-33.75614979,1.0252325915,0.0188698687,0.4813338389,0.1803957939,0.0445421713,0.0242198057,1.0191805577,0.0704323084,0.0581832113,0.0506667199,0.0587399884,0.0576264342,,0.174770933,0.1081514063,0.3224644879,16.919563799,0.7314949783,0.5155792643,0.9477926833,0.5246771909,0.8617800905,0.00809956,358970.5782254,1.13993398,0.00065679,1.11483167,0.0079382,0.00739581,0.00676726,0.01565062,0.31865859,0.36759149,1.15286353,0.01634314,0.15460867,0.01552176,-0.47663944,0.01822786,0.02786505,0.01852798,0.02418851,0.10725882,0.01693707,0.82042472,0.81638752,0.4861112,0.6928465391,0.9844283344,285,1.4535164695,1.1011411016,0.8772324067,1.0596645199
20071130,20071130,247318.0,01W,SWE,-0.201636,2007,11,20071031,20071031,536.77978064,23.826150818,536.77978064,0.0366271435,0.0,0.0364782061,0.0485174441,-0.07739045,-0.026719029,0.1248128101,0.568898678,0.420735093,4.843596714,0.2648574276,0.0257571874,0.0528120095,,0.3043338946,0.2115608994,-0.062505634,0.2139694035,10.787520589,0.7800946876,0.8133407882,0.0454981844,0.0029496475,0.0,0.1416581897,0.0576194234,0.0840387663,0.08216606,0.0233983816,0.0587676784,0.0582918322,-0.058291832,0.0170116539,0.1084593113,0.0996525776,0.6940390356,0.204336414,0.5450785547,0.3633058253,0.5264513652,0.0831693433,-0.041642568,0.0582918322,0.0279564848,0.1865651676,-0.030335347,-0.2024403,0.5130965545,1.850898764,2.352628781,5.2828675168,,0.0533108866,0.1219096064,0.0754866905,,0.1862672862,,0.0874130698,0.5057805309,0.1869876617,0.1184308528,0.0443858835,0.0047044464,0.0018780472,,0.0536642244,-0.084444512,-0.035268298,0.1583190171,0.1968490834,0.596277328,-0.085355473,0.3029875015,0.9052586383,0.7395493332,0.2665229107,1.366938953,0.1218918775,0.2322928989,-0.053661589,2.4244897959,0.0411486896,,2.5203399958,0.7632402742,6.0,-3.803510843,4.9170531583,392.58747875,-33.75614979,1.0252325915,0.0188698687,0.4841300498,0.1996832697,0.0437401448,0.0179307426,1.0061021519,0.0725460951,0.0590115207,0.0483222479,0.0560219468,0.0549599193,,0.1870915304,0.1104790021,0.3315390061,16.79542597,0.8608158502,0.323510954,0.1506010979,0.5535424153,0.8390309396,0.00750057,380813.4335232,1.11522257,0.00069377,1.10530071,0.00782658,0.00761894,0.00372056,0.01394493,-0.35871765,0.17439031,0.48020912,0.01446687,-0.39688265,0.01441624,-0.40782865,0.02245196,0.02802474,0.01714675,-0.84845843,0.10777013,0.01709892,0.78846665,0.85599656,0.46353289,0.6395985001,1.1860669804,286,1.4208498264,1.0927041784,0.8047291052,1.1609687084
20071228,20071231,247318.0,01W,SWE,0.128798,2007,12,20071130,20071130,428.54578904,19.021947119,428.54578904,0.0458777348,0.0,0.0364782061,-0.201635746,-0.040918457,0.0196599342,0.2427429873,0.3005557749,0.2744273685,5.7038368843,0.05740158,0.0022083396,,,0.3043338946,0.2115608994,-0.062505634,0.2139694035,10.787520589,0.7800946876,0.8133407882,0.0454981844,0.0029496475,0.0,0.1416581897,0.0576194234,0.0840387663,0.08216606,0.0233983816,0.0587676784,0.0582918322,-0.058291832,0.0170116539,0.1084593113,0.0996525776,0.6940390356,0.204336414,0.5450785547,0.3633058253,0.5264513652,0.0831693433,-0.041642568,0.0582918322,0.0279564848,0.1865651676,-0.030335347,-0.2024403,0.5130965545,1.850898764,2.352628781,5.2828675168,,0.0533108866,0.1219096064,0.0754866905,,0.1862672862,,0.0874130698,0.5057805309,0.1869876617,0.1184308528,0.0443858835,0.0047044464,0.0018780472,,0.0536642244,-0.084444512,-0.035268298,0.1583190171,0.1968490834,0.596277328,-0.085355473,0.3029875015,0.9052586383,0.7395493332,0.2665229107,1.366938953,0.1218918775,0.2322928989,-0.053661589,2.4244897959,0.0411486896,,2.5203399958,0.7632402742,6.0,-3.803510843,4.9170531583,392.58747875,-33.75614979,1.0252325915,0.0188698687,0.6064024629,0.2501154939,0.0547872034,0.0224593505,1.260204408,0.0908684159,0.0739155347,0.0605265675,0.0701709107,0.0688406565,,0.2333056325,0.1377687885,0.2773394609,16.15444932,0.9997601854,0.2522288478,0.474419225,0.5548324071,0.804479347,0.00638454,389170.15439744,1.53141802,0.00074668,1.67730691,0.00764795,0.00782122,0.00727635,0.02074896,-0.05505339,-0.0940222,1.15934943,0.01873169,-0.51608916,0.01995458,0.42501095,0.02140609,0.03502609,0.0255872,-0.35725472,0.13829096,0.01708676,0.84969263,0.68339705,0.48093542,0.6613223765,1.1031000991,287,1.3981261646,1.0879382402,0.8114125063,1.0919959652
20080131,20080131,247318.0,01W,SWE,-0.131864,2008,1,20071228,20071231,483.741583,21.471933797,483.741583,0.0406430018,0.0,0.0364782061,0.1287978913,-0.162901153,-0.199502352,-0.075602988,-0.018048336,0.2062398502,,0.0428770563,0.0100193246,-0.062968429,,0.3043338946,0.2115608994,-0.062505634,0.2139694035,10.787520589,0.7800946876,0.8133407882,0.0454981844,0.0029496475,0.0,0.1416581897,0.0576194234,0.0840387663,0.08216606,0.0233983816,0.0587676784,0.0582918322,-0.058291832,0.0170116539,0.1084593113,0.0996525776,0.6940390356,0.204336414,0.5450785547,0.3633058253,0.5264513652,0.0831693433,-0.041642568,0.0582918322,0.0279564848,0.1865651676,-0.030335347,-0.2024403,0.5130965545,1.850898764,2.352628781,5.2828675168,,0.0533108866,0.1219096064,0.0754866905,,0.1862672862,,0.0874130698,0.5057805309,0.1869876617,0.1184308528,0.0443858835,0.0047044464,0.0018780472,,0.0536642244,-0.084444512,-0.035268298,0.1583190171,0.1968490834,0.596277328,-0.085355473,0.3029875015,0.9052586383,0.7395493332,0.2665229107,1.366938953,0.1218918775,0.2322928989,-0.053661589,2.4244897959,0.0411486896,,2.5203399958,0.7632402742,6.0,-3.803510843,4.9170531583,392.58747875,-33.75614979,1.0252325915,0.0188698687,0.5372108395,0.2215768614,0.0485358839,0.0198966978,1.1164127943,0.0805001645,0.0654816378,0.0536203761,0.0621642822,0.0609858124,,0.2072043648,0.1223557871,0.2654438449,16.517165765,0.9447097033,0.1668180133,-0.027199709,0.5477158617,0.7783693427,0.00563547,449599.13685366,1.47671152,0.00089707,1.58992353,0.00729397,0.00769361,0.00520925,0.0164224,0.1230202,-0.41240423,1.16893142,0.01552783,0.0912917,0.01539267,-0.02640924,0.03145091,0.04541739,0.02368214,-1.02879051,0.13476717,0.01756999,0.91569198,0.77141715,0.49259032,0.685079171,1.5525737785,288,1.4230927033,1.0913061471,0.8363790449,1.0662304167
20080229,20080229,247318.0,01W,SWE,0.193507,2008,2,20080131,20080131,419.95327089,18.640549308,419.95327089,0.0468164232,0.0,0.0364782061,-0.131864438,-0.098808114,-0.128212016,-0.08033181,0.0628529612,0.1762426894,6.6785094022,-0.050981687,0.0026663472,0.0940491886,,0.4987440094,0.2440841634,-0.062505634,0.4178423625,34.332527318,0.7800946876,0.8133407882,0.0797668927,0.0029496475,0.0,0.1742679477,0.0947619638,0.0795059839,0.1404082743,0.0376442325,0.1027640418,0.0908518895,-0.09085189,0.0130729093,0.1327036455,0.1003931744,0.6572009754,0.2098135534,0.604831741,0.3998544263,0.4732081696,0.0831693433,-0.041642568,0.0908518895,0.0115418042,0.0815694408,-0.079310085,-0.560508498,0.6234901355,1.7430394752,2.3522629247,4.7135492259,,0.0437072143,0.1219096064,0.0754866905,,0.273176109,,0.1582101731,0.5057805309,0.3169322133,0.0879737083,0.0362854521,0.0014664722,0.0019839766,,-0.133622902,-0.163179686,-0.024172102,0.1522520412,2.9405571024,0.0085478778,-0.085355473,0.3317550161,0.9849760248,0.9677405157,0.3144568062,1.3683780519,0.1299548649,0.2213553576,-0.034028137,2.8258928571,0.0395416166,,2.5203399958,0.8346086308,6.0,-3.404895109,4.9170531583,392.58747875,-33.75614979,1.0252325915,0.0188698687,0.6990124132,0.2473598429,0.1155818314,0.085029946,1.3706767989,0.0989079281,0.0908400637,0.0617649806,0.0716066534,0.0702491813,,0.2680064771,0.1426044905,0.2711029746,15.506256856,0.9594415371,0.2695846036,0.0773938441,0.5388347005,0.78654236,0.00752118,418839.89084672,1.57640531,0.00087547,1.69060988,0.00728335,0.0076663,0.00761893,0.02240989,0.18830103,-0.03602904,0.8980727,0.02273298,0.2741392,0.02168286,-0.35362083,0.0298387,0.04693629,0.02705447,-0.00109165,0.19437814,0.01827229,0.89279536,0.66969466,0.50980271,0.6718896344,1.4129341689,289,1.3932424659,1.1410094275,0.886608842,0.9176436169
20080328,20080331,247318.0,01W,SWE,-0.03056,2008,3,20080229,20080229,501.21723288,22.247628942,501.21723288,0.0392259259,0.0,0.0364782061,0.1935071534,-0.020050409,-0.249656106,-0.202262194,-0.027731667,0.2846585612,6.0540917056,0.0733067776,0.0135936541,0.0103431953,,0.4987440094,0.2440841634,-0.062505634,0.4178423625,34.332527318,0.7800946876,0.8133407882,0.0797668927,0.0029496475,0.0,0.1742679477,0.0947619638,0.0795059839,0.1404082743,0.0376442325,0.1027640418,0.0908518895,-0.09085189,0.0130729093,0.1327036455,0.1003931744,0.6572009754,0.2098135534,0.604831741,0.3998544263,0.4732081696,0.0831693433,-0.041642568,0.0908518895,0.0115418042,0.0815694408,-0.079310085,-0.560508498,0.6234901355,1.7430394752,2.3522629247,4.7135492259,,0.0437072143,0.1219096064,0.0754866905,,0.273176109,,0.1582101731,0.5057805309,0.3169322133,0.0879737083,0.0362854521,0.0014664722,0.0019839766,,-0.133622902,-0.163179686,-0.024172102,0.1522520412,2.9405571024,0.0085478778,-0.085355473,0.3317550161,0.9849760248,0.9677405157,0.3144568062,1.3683780519,0.1299548649,0.2213553576,-0.034028137,2.8258928571,0.0395416166,,2.5203399958,0.8346086308,6.0,-3.404895109,4.9170531583,392.58747875,-33.75614979,1.0252325915,0.0188698687,0.5856792825,0.207254596,0.0968421773,0.0712437674,1.1484445611,0.0828716676,0.076111872,0.0517508257,0.0599968363,0.0588594556,,0.2274435787,0.1210212381,0.282372676,16.126753074,0.9933198943,0.2069829119,-0.114942813,0.5403751487,0.7840053578,0.00757185,387885.83451699,1.69210566,0.00082809,1.78909476,0.00732402,0.00772826,0.0044353,0.02022867,0.57438263,-0.30017434,0.65440347,0.0161201,0.06172957,0.01522241,0.11218246,0.04099849,0.06152098,0.02347595,0.40679312,0.22868173,0.0188319,0.88199078,0.79928537,0.51293376,0.6662720456,1.8842628306,290,1.4290240841,1.1698750115,0.8803809089,0.910643095
20080430,20080430,247318.0,01W,SWE,0.043716,2008,4,20080328,20080331,485.90012294,21.567745338,485.90012294,0.0404624513,0.0,0.0364782061,-0.030559823,0.036126003,-0.02094857,-0.063756485,0.0811533425,0.207263071,6.9053376674,0.1346020317,-0.00142106,0.0354112891,,0.4987440094,0.2440841634,-0.062505634,0.4178423625,34.332527318,0.7800946876,0.8133407882,0.0797668927,0.0029496475,0.0,0.1742679477,0.0947619638,0.0795059839,0.1404082743,0.0376442325,0.1027640418,0.0908518895,-0.09085189,0.0130729093,0.1327036455,0.1003931744,0.6572009754,0.2098135534,0.604831741,0.3998544263,0.4732081696,0.0831693433,-0.041642568,0.0908518895,0.0115418042,0.0815694408,-0.079310085,-0.560508498,0.6234901355,1.7430394752,2.3522629247,4.7135492259,,0.0437072143,0.1219096064,0.0754866905,,0.273176109,,0.1582101731,0.5057805309,0.3169322133,0.0879737083,0.0362854521,0.0014664722,0.0019839766,,-0.133622902,-0.163179686,-0.024172102,0.1522520412,2.9405571024,0.0085478778,-0.085355473,0.3317550161,0.9849760248,0.9677405157,0.3144568062,1.3683780519,0.1299548649,0.2213553576,-0.034028137,2.8258928571,0.0395416166,,2.5203399958,0.8346086308,6.0,-3.404895109,4.9170531583,392.58747875,-33.75614979,1.0252325915,0.0188698687,0.6041417474,0.2137879169,0.0998949493,0.0734895964,1.184647169,0.0854840449,0.0785111591,0.0533821755,0.0618881265,0.0607148919,,0.2341224898,0.1245750429,0.2672146415,16.025671514,0.9826718369,0.2632805701,0.206387243,0.5446358525,0.7984121643,0.00612203,440618.39978301,1.73367427,0.0009422,1.78830724,0.00702107,0.00768081,0.00249567,0.01432767,-0.75656172,-0.12367206,0.49397441,0.01110559,-0.59809098,0.01045018,0.63271743,0.01745257,0.02381485,0.0181799,-0.77173659,0.22726061,0.01877502,0.86789826,0.77485935,0.50968481,0.6325852241,0.8082803971,291,1.4035057969,1.1713486033,0.8803809089,0.9197952869
20080530,20080531,247318.0,01W,SWE,0.093081,2008,5,20080430,20080430,507.14188936,22.510607846,507.14188936,0.0387676713,0.0,0.0364782061,0.0437163224,0.1570337859,-0.094786837,-0.124321945,-0.076228088,-0.026719029,6.8034013849,0.0008259043,0.002478069,0.0890779161,,0.2689064925,0.240733745,-0.062505634,0.272039835,39.948883993,0.7800946876,0.8133407882,0.059596995,0.0029496475,0.0,0.1227126862,0.0459634691,0.0767492171,0.0952315298,0.0201553461,0.0750761837,0.0595073113,-0.059507311,0.0123906441,0.0978845518,0.098308111,0.6856383437,0.2157014211,0.5929107275,0.386260896,0.4847106171,0.0831693433,-0.041642568,0.0595073113,0.0102639401,0.0722218894,-0.049243371,-0.346499421,0.5234980081,1.8096682277,2.2752106535,4.9305251825,,0.0415153088,0.1219096064,0.0754866905,8.0,0.1926522369,,0.1066002339,-0.15614985,0.2242587627,0.093831526,0.0332042051,-0.043455174,-0.012302552,,-0.067021714,-0.027619884,-0.013341408,0.1193866443,1.0657846677,-2.278465992,-0.085355473,0.286728914,0.8700109458,0.8078261243,0.2737049337,1.3840526936,0.1318528088,0.2259653613,-0.001607378,2.7179125529,0.0384834236,,2.5203399958,0.7045822247,5.0,-3.522421445,4.9170531583,392.58747875,-33.75614979,1.0252325915,0.0188698687,0.587882625,0.2162993156,0.0851163738,0.0607102451,1.1958293821,0.0835479674,0.0775139754,0.0725023549,0.0592959267,0.0581718333,,0.2286542485,0.1252378869,0.2365014526,16.461374437,1.0599935434,-0.015148149,-0.069877174,0.542901414,0.7610282781,0.00641786,457938.96550109,1.80695664,0.00098265,1.82236796,0.00680683,0.00754719,0.00281634,0.0111219,-0.02629026,0.10397565,0.81513164,0.01157057,-0.07991097,0.01189189,-0.08696461,0.01677854,0.02669463,0.01251893,-0.2229793,0.23322512,0.01862138,0.84915593,0.80873335,0.50777556,0.6225392223,0.7818015801,292,1.5375448708,1.3007328724,1.0312047929,1.0788341546
20080630,20080630,247318.0,01W,SWE,-0.1084,2008,6,20080530,20080531,554.34697227,24.605909244,554.34697227,0.0354664335,0.0,0.0364782061,0.0930806228,0.0118205363,0.1834018729,-0.093873422,-0.036639821,0.0196599342,5.3718520548,0.016942454,0.0093997207,-0.029392859,,0.2689064925,0.240733745,-0.062505634,0.272039835,39.948883993,0.7800946876,0.8133407882,0.059596995,0.0029496475,0.0,0.1227126862,0.0459634691,0.0767492171,0.0952315298,0.0201553461,0.0750761837,0.0595073113,-0.059507311,0.0123906441,0.0978845518,0.098308111,0.6856383437,0.2157014211,0.5929107275,0.386260896,0.4847106171,0.0831693433,-0.041642568,0.0595073113,0.0102639401,0.0722218894,-0.049243371,-0.346499421,0.5234980081,1.8096682277,2.2752106535,4.9305251825,,0.0415153088,0.1219096064,0.0754866905,8.0,0.1926522369,,0.1066002339,-0.15614985,0.2242587627,0.093831526,0.0332042051,-0.043455174,-0.012302552,,-0.067021714,-0.027619884,-0.013341408,0.1193866443,1.0657846677,-2.278465992,-0.085355473,0.286728914,0.8700109458,0.8078261243,0.2737049337,1.3840526936,0.1318528088,0.2259653613,-0.001607378,2.7179125529,0.0384834236,,2.5203399958,0.7045822247,5.0,-3.522421445,4.9170531583,392.58747875,-33.75614979,1.0252325915,0.0188698687,0.5378218338,0.1978804775,0.0778683402,0.0555405007,1.0939992505,0.0764334905,0.0709133194,0.0663284605,0.0542466177,0.0532182458,,0.2102078554,0.1151344784,0.2363493208,16.705934369,1.022054219,0.1050664709,0.4276189734,0.5324317072,0.7813111584,0.00608288,458984.72858152,1.86692609,0.00096349,1.84143847,0.00675787,0.00743868,0.00523228,0.01296473,0.51016367,0.36929784,0.91491991,0.01261251,0.21421815,0.01314721,-0.01710019,0.02493634,0.03735584,0.0153184,0.66318705,0.20631176,0.01792466,0.86562824,0.88401076,0.52849073,0.6401890274,1.1886808785,293,1.5361480752,1.2893914858,1.0137333452,1.0479259736
20080731,20080731,247318.0,01W,SWE,-0.022683,2008,7,20080630,20080630,494.25587367,21.938633706,494.25587367,0.0397784045,0.0,0.0364782061,-0.108399796,0.1408660877,0.1459568326,0.082832274,0.0354866593,-0.199502352,5.0930081892,0.0364906077,-0.003772134,,,0.2689064925,0.240733745,-0.062505634,0.272039835,39.948883993,0.7800946876,0.8133407882,0.059596995,0.0029496475,0.0,0.1227126862,0.0459634691,0.0767492171,0.0952315298,0.0201553461,0.0750761837,0.0595073113,-0.059507311,0.0123906441,0.0978845518,0.098308111,0.6856383437,0.2157014211,0.5929107275,0.386260896,0.4847106171,0.0831693433,-0.041642568,0.0595073113,0.0102639401,0.0722218894,-0.049243371,-0.346499421,0.5234980081,1.8096682277,2.2752106535,4.9305251825,,0.0415153088,0.1219096064,0.0754866905,8.0,0.1926522369,,0.1066002339,-0.15614985,0.2242587627,0.093831526,0.0332042051,-0.043455174,-0.012302552,,-0.067021714,-0.027619884,-0.013341408,0.1193866443,1.0657846677,-2.278465992,-0.085355473,0.286728914,0.8700109458,0.8078261243,0.2737049337,1.3840526936,0.1318528088,0.2259653613,-0.001607378,2.7179125529,0.0384834236,,2.5203399958,0.7045822247,5.0,-3.522421445,4.9170531583,392.58747875,-33.75614979,1.0252325915,0.0188698687,0.6032096351,0.2219385736,0.0873354895,0.0622930552,1.2270065051,0.0857261923,0.0795348847,0.0743926035,0.0608418633,0.059688463,,0.2342660429,0.1283115638,0.2332686313,16.386498023,0.9969994555,0.0414677218,0.1988003492,0.5325879188,0.7823220932,0.0071539,388003.94957331,2.11596919,0.00079418,2.10300605,0.00702347,0.00737992,0.00432673,0.01808637,0.21834389,-0.1252893,0.76899485,0.01877011,0.24280687,0.01927452,0.45133869,0.01638746,0.0259766,0.01898141,-0.25401585,0.21560753,0.01778653,0.89597752,0.78818417,0.52639468,0.6328340993,0.7874494242,294,1.5479253965,1.2917000052,1.0111448155,1.1136252012
20080829,20080831,247318.0,01W,SWE,-0.008837,2008,8,20080731,20080731,483.07357058,21.441003504,483.07357058,0.0406992045,5.96564e-05,0.0364185514,-0.022682826,-0.025409094,0.1769306443,-0.079220396,-0.109263403,-0.128212016,5.4978278327,0.0086443788,-0.006620062,0.0942580594,,0.3746117881,0.3565563099,0.4021075717,0.3793272011,11.160893793,1.0584192487,1.1112662836,0.0721402037,-0.000835901,0.0,0.1430251543,0.073412955,0.0696121993,0.1222221479,0.0364540978,0.0857680501,0.0601064536,-0.060942355,0.0152800435,0.1205839493,0.098928061,0.7077650572,0.2544549527,0.5705063291,0.3594936709,0.4862997658,0.036439397,-0.016923843,0.0533632397,-0.019910403,-0.14084507,-0.080852758,-0.571947853,0.576803254,1.8550522648,2.4192454764,4.9156908665,,0.0388252862,0.1526756934,0.1625043968,8.0,0.2135875224,0.1645104561,0.0667944169,0.3144679493,0.3462045758,0.1306475609,0.0480690818,-0.021587364,-0.004095995,,-0.065658363,0.0125667428,-0.033577518,0.1227556131,3.7553605113,-0.510080126,-0.059897926,0.3224077026,0.9729021909,0.8228253679,0.3497767775,1.4014084507,0.1612742658,0.2345445495,0.0403951449,2.5430379747,0.0400757029,0.5555908412,2.0779476752,0.74474674,5.0,-3.659089757,4.5420606046,529.50767567,-42.04967224,0.7936287405,0.0203301954,0.7011866993,0.2757279704,0.0893498233,0.062126049,1.4651974931,0.0991224602,0.1130833701,0.1019146422,0.0670123675,0.0659652992,,0.280630935,0.1548399257,0.2515435877,15.798947437,1.0160724031,0.0191752118,0.3227981722,0.4545011562,0.8228915436,0.0062817,410641.37610699,2.32780705,0.00082523,2.33343509,0.00679666,0.00725743,0.00628305,0.01731093,0.89632851,0.09374282,-0.1532896,0.01757175,0.78950904,0.01734295,0.37684907,0.01992287,0.05377882,0.017314,0.85502045,0.20111275,0.01799841,0.81487292,0.84031962,0.51326335,0.5973329775,0.9650339974,295,1.4470321545,1.4730327515,0.3320030484,1.1531881598
20080930,20080930,247318.0,01W,SWE,-0.195323,2008,9,20080829,20080831,454.16041537,20.157706093,454.16041537,0.0542904645,5.96564e-05,0.0527828238,-0.008836735,-0.128623808,-0.036256692,0.1271718594,-0.136928542,-0.249656106,5.1029969905,-0.085297486,0.0003309155,0.0589520676,,0.3746117881,0.3565563099,0.4021075717,0.3793272011,11.160893793,1.0584192487,1.1112662836,0.0721402037,-0.000835901,0.0,0.1430251543,0.073412955,0.0696121993,0.1222221479,0.0364540978,0.0857680501,0.0601064536,-0.060942355,0.0152800435,0.1205839493,0.098928061,0.7077650572,0.2544549527,0.5705063291,0.3594936709,0.4862997658,0.036439397,-0.016923843,0.0533632397,-0.019910403,-0.14084507,-0.080852758,-0.571947853,0.576803254,1.8550522648,2.4192454764,4.9156908665,,0.0388252862,0.1526756934,0.1625043968,8.0,0.2135875224,0.1645104561,0.0667944169,0.3144679493,0.3462045758,0.1306475609,0.0480690818,-0.021587364,-0.004095995,,-0.065658363,0.0125667428,-0.033577518,0.1227556131,3.7553605113,-0.510080126,-0.059897926,0.3224077026,0.9729021909,0.8228253679,0.3497767775,1.4014084507,0.1612742658,0.2345445495,0.0403951449,2.5430379747,0.0400757029,0.5555908412,2.0779476752,0.74474674,5.0,-3.659089757,4.5420606046,529.50767567,-42.04967224,0.7936287405,0.0203301954,0.7458262566,0.2932816041,0.0950380894,0.0660811716,1.5584761697,0.1054328805,0.1202825819,0.1084028208,0.0712785671,0.0701648395,,0.2973892936,0.164086458,0.257118395,15.573938289,1.006384846,-0.007407489,0.1469597664,0.4726447885,0.8091689717,0.00669464,421879.05512814,2.269999,0.00084527,2.28145036,0.00664914,0.00719226,0.00203121,0.00845205,0.0698895,-0.41102636,0.07998808,0.00834312,0.20847493,0.00816516,0.08941941,0.0127239,0.01830005,0.00976487,0.01003523,0.18456225,0.0173613,0.76232263,0.7900244,0.51060221,0.5828819167,0.6405355457,296,1.4595605714,1.4737047279,0.3320030484,1.2258299337
20081031,20081031,247318.0,01W,SWE,-0.271785,2008,10,20080930,20080930,365.4523747,16.220439543,365.4523747,0.0674686542,5.96564e-05,0.0527828238,-0.195323145,-0.031319118,-0.014661259,-0.010264504,-0.064783675,-0.02094857,4.229487395,0.0485174441,-0.021836411,0.0197552126,,0.3746117881,0.3565563099,0.4021075717,0.3793272011,11.160893793,1.0584192487,1.1112662836,0.0721402037,-0.000835901,0.0,0.1430251543,0.073412955,0.0696121993,0.1222221479,0.0364540978,0.0857680501,0.0601064536,-0.060942355,0.0152800435,0.1205839493,0.098928061,0.7077650572,0.2544549527,0.5705063291,0.3594936709,0.4862997658,0.036439397,-0.016923843,0.0533632397,-0.019910403,-0.14084507,-0.080852758,-0.571947853,0.576803254,1.8550522648,2.4192454764,4.9156908665,,0.0388252862,0.1526756934,0.1625043968,8.0,0.2135875224,0.1645104561,0.0667944169,0.3144679493,0.3462045758,0.1306475609,0.0480690818,-0.021587364,-0.004095995,,-0.065658363,0.0125667428,-0.033577518,0.1227556131,3.7553605113,-0.510080126,-0.059897926,0.3224077026,0.9729021909,0.8228253679,0.3497767775,1.4014084507,0.1612742658,0.2345445495,0.0403951449,2.5430379747,0.0400757029,0.5555908412,2.0779476752,0.74474674,5.0,-3.659089757,4.5420606046,529.50767567,-42.04967224,0.7936287405,0.0203301954,0.9268643082,0.364471281,0.1181071493,0.0821213772,1.9367727058,0.1310251187,0.1494793608,0.1347159672,0.088580362,0.0871962938,,0.3640978513,0.2008933344,0.2755487156,14.66140196,1.0226283228,0.1413668498,0.6147965422,0.4680640054,0.8595895856,0.00726221,366835.9574286,2.37438176,0.00074926,2.33929041,0.00685565,0.00712281,0.00701486,0.0209373,-0.19816909,0.42547284,1.00831469,0.02171466,-0.05581416,0.0212205,0.18095607,0.0353451,0.07094139,0.03244562,0.4868053,0.21447304,0.01780837,0.72626023,0.63571435,0.53795562,0.5879519259,1.6493007288,297,1.4439058283,1.4716784933,0.3293118556,1.1852088523
20081128,20081130,247318.0,01W,SWE,-0.189795,2008,11,20081031,20081031,255.49711407,11.811966627,255.49711407,0.0965043382,-0.039888822,0.0935486698,-0.271785047,-0.202433861,-0.24033067,-0.082611886,-0.28227524,-0.094786837,4.6519597749,-0.201635746,-0.02821362,0.093388816,,0.4044613533,0.3010656188,0.4021075717,0.3874436462,14.301094777,0.9215301783,0.3484239633,0.0712112947,-0.000835901,0.0,0.1343859425,0.0752579416,0.0591280009,0.141919856,0.0366952967,0.1052245594,0.0804795087,-0.080479509,0.0129992113,0.1198021129,0.099282483,0.6523566196,0.2480843421,0.5018921957,0.311245132,0.4300555866,0.036439397,-0.016923843,0.0804795087,-0.030507218,-0.237053583,-0.110986727,-0.862412341,0.6242050459,1.7080498446,2.2490102412,4.3316360895,,0.0496357013,0.1526756934,0.1625043968,8.0,0.2308268192,,0.1524091572,0.3144679493,0.3165139875,0.1010710002,0.0397441962,-0.017359853,-0.004641687,,-0.096006033,0.011849973,-0.003009205,0.0800377074,1.6179319049,0.0482836649,-0.059897926,0.3055786622,0.9162096608,0.7066333154,0.3484248708,1.409586035,0.1592005603,0.2175771241,0.0373086828,2.4185022026,0.0403621004,0.5555908412,2.0779476752,0.7564329078,5.0,-3.499444545,4.5420606046,529.50767567,-42.04967224,0.7936287405,0.0203301954,1.4285057166,0.5906571906,0.2068601174,0.1359552344,2.7501186294,0.1838391752,0.2274189105,0.211837942,0.126701641,0.1247219279,,0.5589053251,0.2736112799,0.2851125535,12.601446475,1.0632375303,0.0963233423,0.3721983277,0.6592246021,0.8247352996,0.00745776,314448.75387923,2.54859699,0.000694,2.35874208,0.0070454,0.00708714,0.0047481,0.03639303,0.4366796,0.22085681,1.26174332,0.03340769,0.82135743,0.03032584,1.11562149,0.07559006,0.12308164,0.05818858,0.88020331,0.31015087,0.0206664,0.77375292,0.47033612,0.61446522,0.6783955341,2.7783246794,298,1.3831281496,1.4976220964,0.2640517377,1.1086975105
20081230,20081231,247318.0,01W,SWE,0.074725,2008,12,20081128,20081130,207.0051226,9.5701182718,207.0051226,0.119110965,-0.039888822,0.0935486698,-0.189794674,-0.414022281,-0.493905066,-0.440258283,-0.345339047,0.1834018729,3.3532202559,0.1287978913,-0.05717658,0.098819083,,0.4044613533,0.3010656188,0.4021075717,0.3874436462,14.301094777,0.9215301783,0.3484239633,0.0712112947,-0.000835901,0.0,0.1343859425,0.0752579416,0.0591280009,0.141919856,0.0366952967,0.1052245594,0.0804795087,-0.080479509,0.0129992113,0.1198021129,0.099282483,0.6523566196,0.2480843421,0.5018921957,0.311245132,0.4300555866,0.036439397,-0.016923843,0.0804795087,-0.030507218,-0.237053583,-0.110986727,-0.862412341,0.6242050459,1.7080498446,2.2490102412,4.3316360895,,0.0496357013,0.1526756934,0.1625043968,8.0,0.2308268192,,0.1524091572,0.3144679493,0.3165139875,0.1010710002,0.0397441962,-0.017359853,-0.004641687,,-0.096006033,0.011849973,-0.003009205,0.0800377074,1.6179319049,0.0482836649,-0.059897926,0.3055786622,0.9162096608,0.7066333154,0.3484248708,1.409586035,0.1592005603,0.2175771241,0.0373086828,2.4185022026,0.0403621004,0.5555908412,2.0779476752,0.7564329078,5.0,-3.499444545,4.5420606046,529.50767567,-42.04967224,0.7936287405,0.0203301954,1.7631403679,0.7290216093,0.2553181407,0.1678034321,3.3943477549,0.226904427,0.2806929345,0.2614620457,0.1563821379,0.153938667,,0.6710187004,0.3284962179,0.3382048112,11.024468109,1.0968270802,0.2954937179,-0.009264087,0.6605122219,0.8464093866,0.0069508,247307.88267649,2.57864336,0.00061767,2.22502345,0.00723177,0.00714939,0.00753174,0.02833437,0.08810378,-0.00699636,0.88847431,0.02954374,0.33634813,0.02581419,-0.07678893,0.05142953,0.0718246,0.0444881,0.27114593,0.45942715,0.02132486,0.7774224,0.38106883,0.64048752,0.6541623264,1.7731165795,299,1.3679107847,1.4970043688,0.2659826526,1.1086975105
20090130,20090131,247318.0,01W,SWE,-0.081183,2009,1,20081230,20081231,222.47348356,10.285240883,222.47348356,0.1108292975,-0.039888822,0.0935486698,0.0747245322,-0.409996366,-0.540106867,-0.532198344,-0.530110931,0.1459568326,3.6567397946,-0.131864438,-0.038395765,-0.034933231,,0.4044613533,0.3010656188,0.4021075717,0.3874436462,14.301094777,0.9215301783,0.3484239633,0.0712112947,-0.000835901,0.0,0.1343859425,0.0752579416,0.0591280009,0.141919856,0.0366952967,0.1052245594,0.0804795087,-0.080479509,0.0129992113,0.1198021129,0.099282483,0.6523566196,0.2480843421,0.5018921957,0.311245132,0.4300555866,0.036439397,-0.016923843,0.0804795087,-0.030507218,-0.237053583,-0.110986727,-0.862412341,0.6242050459,1.7080498446,2.2490102412,4.3316360895,,0.0496357013,0.1526756934,0.1625043968,8.0,0.2308268192,,0.1524091572,0.3144679493,0.3165139875,0.1010710002,0.0397441962,-0.017359853,-0.004641687,,-0.096006033,0.011849973,-0.003009205,0.0800377074,1.6179319049,0.0482836649,-0.059897926,0.3055786622,0.9162096608,0.7066333154,0.3484248708,1.409586035,0.1592005603,0.2175771241,0.0373086828,2.4185022026,0.0403621004,0.5555908412,2.0779476752,0.7564329078,5.0,-3.499444545,4.5420606046,529.50767567,-42.04967224,0.7936287405,0.0203301954,1.6405509645,0.6783334589,0.2375661233,0.1561362257,3.1583421175,0.2111279869,0.2611766327,0.2432828487,0.1455090428,0.143235464,,0.6306642295,0.308740746,0.3088731093,11.602175278,1.1063221317,0.0728306426,-0.520611591,0.6600116397,0.780948482,0.00726116,222561.73471316,2.74338939,0.00062263,2.23204714,0.00725498,0.0073215,0.00468559,0.02310385,-0.97066808,0.33670497,0.57883507,0.02407957,-0.52380918,0.02106416,-0.72590291,0.04719195,0.10203426,0.03823301,0.46368366,0.76532894,0.02155748,0.70498424,0.40954402,0.64324786,0.626310977,1.5720270937,300,1.3679107847,1.4878762934,0.2659826526,1.127099129
20090227,20090228,247318.0,01W,SWE,-0.111404,2009,2,20090130,20090131,204.41240157,9.4502533784,204.41240157,0.1206217417,-0.039888822,0.0935486698,-0.081183077,-0.12925246,-0.494270187,-0.518300227,-0.418292105,0.1769306443,3.1259629522,0.1935071534,-0.063367604,0.0730477665,,0.07332895,0.2272822695,0.4021075717,0.0911817735,6.539309875,0.8323972783,0.6988801046,0.0229939375,-0.000835901,0.0,0.0256983541,-0.002586673,0.0282850274,0.0464399457,0.0039976948,0.0424422509,0.0377459485,-0.037745949,0.0105709615,0.0365926961,0.0983266442,0.7617744383,0.280650238,0.6603046954,0.4123494185,0.4810271081,0.036439397,-0.016923843,0.0377459485,-0.027737213,-0.18364365,-0.065483162,-0.433553534,0.4919220609,1.9952166046,2.3214344092,4.8921338853,,0.0369020501,0.1526756934,0.1625043968,8.0,0.0759136354,,0.0574373683,0.3144679493,0.0257211473,0.0665825955,0.0275305085,-0.021391113,-0.008754944,,0.0810154219,0.1949243248,0.0063758761,0.0192000313,-2.500618594,-2.040432046,-0.059897926,0.2714588713,0.817634558,0.7335917604,0.3012300253,1.3921988631,0.1787754513,0.2529130247,0.0488205864,2.7300995025,0.0395755538,0.5555908412,2.0779476752,0.5707713972,6.0,-3.308639562,4.5420606046,529.50767567,-42.04967224,0.7936287405,0.0203301954,1.5413861738,0.564589742,0.2956371659,0.2387568561,3.4559961441,0.2328082518,0.2755620088,0.2493071817,0.1583656539,0.1558911905,,0.5702809233,0.3146998845,0.2748428239,12.562132693,1.1052055296,0.086970838,-0.383983999,0.68607846,0.7973962744,0.00823548,165631.84964989,1.65284799,0.00052944,1.61882896,0.00753925,0.00733295,0.00727563,0.02043967,0.30490948,0.1663295,0.67473756,0.02124212,0.38087409,0.02032885,0.40662682,0.04038367,0.06618432,0.03514352,0.23491354,1.07611968,0.02139887,0.68182509,0.37629598,0.64783758,0.6222010043,1.3180641171,301,1.3766785945,1.552717916,0.3265609689,1.0296215898
20090331,20090331,247318.0,01W,SWE,0.07776,2009,3,20090227,20090228,181.64012128,8.3974609984,181.64012128,0.1357441282,-0.039888822,0.0935486698,-0.111403614,-0.012524912,-0.531184087,-0.595094914,-0.552174399,-0.036256692,3.8249482469,-0.030559823,-0.07071704,0.0392365867,,0.07332895,0.2272822695,0.4021075717,0.0911817735,6.539309875,0.8323972783,0.6988801046,0.0229939375,-0.000835901,0.0,0.0256983541,-0.002586673,0.0282850274,0.0464399457,0.0039976948,0.0424422509,0.0377459485,-0.037745949,0.0105709615,0.0365926961,0.0983266442,0.7617744383,0.280650238,0.6603046954,0.4123494185,0.4810271081,0.036439397,-0.016923843,0.0377459485,-0.027737213,-0.18364365,-0.065483162,-0.433553534,0.4919220609,1.9952166046,2.3214344092,4.8921338853,,0.0369020501,0.1526756934,0.1625043968,8.0,0.0759136354,,0.0574373683,0.3144679493,0.0257211473,0.0665825955,0.0275305085,-0.021391113,-0.008754944,,0.0810154219,0.1949243248,0.0063758761,0.0192000313,-2.500618594,-2.040432046,-0.059897926,0.2714588713,0.817634558,0.7335917604,0.3012300253,1.3921988631,0.1787754513,0.2529130247,0.0488205864,2.7300995025,0.0395755538,0.5555908412,2.0779476752,0.5707713972,6.0,-3.308639562,4.5420606046,529.50767567,-42.04967224,0.7936287405,0.0203301954,1.734630253,0.6353725391,0.3327012923,0.2686898797,3.8892754897,0.261995497,0.3101093063,0.2805629031,0.1782200067,0.1754353191,,0.626635359,0.3457981269,0.2425152318,11.713225096,1.1215025056,-0.160895702,-0.575116708,0.6822368534,0.7492347368,0.00432708,188380.05959126,2.50973235,0.0007757,2.90549148,0.00684537,0.00694344,0.00407647,0.02630564,0.30697615,0.47805867,1.50744575,0.02546772,-0.18961795,0.02518333,0.02922063,0.04901067,0.09851433,0.04317093,0.6573209,1.32668629,0.02195895,0.6568268,0.33437525,0.66089573,0.6459955866,1.5287202812,302,1.3269509352,1.5270889993,0.2679420158,0.9645153914
20090430,20090430,247318.0,01W,SWE,0.179271,2009,4,20090331,20090331,195.76441457,9.0504455989,195.76441457,0.1259502651,-0.039888822,0.0935486698,0.0777597658,-0.183542603,-0.482291403,-0.596459047,-0.589519581,-0.014661259,3.7985153528,0.0437163224,-0.067622181,0.0317059462,,0.07332895,0.2272822695,0.4021075717,0.0911817735,6.539309875,0.8323972783,0.6988801046,0.0229939375,-0.000835901,0.0,0.0256983541,-0.002586673,0.0282850274,0.0464399457,0.0039976948,0.0424422509,0.0377459485,-0.037745949,0.0105709615,0.0365926961,0.0983266442,0.7617744383,0.280650238,0.6603046954,0.4123494185,0.4810271081,0.036439397,-0.016923843,0.0377459485,-0.027737213,-0.18364365,-0.065483162,-0.433553534,0.4919220609,1.9952166046,2.3214344092,4.8921338853,,0.0369020501,0.1526756934,0.1625043968,8.0,0.0759136354,,0.0574373683,0.3144679493,0.0257211473,0.0665825955,0.0275305085,-0.021391113,-0.008754944,,0.0810154219,0.1949243248,0.0063758761,0.0192000313,-2.500618594,-2.040432046,-0.059897926,0.2714588713,0.817634558,0.7335917604,0.3012300253,1.3921988631,0.1787754513,0.2529130247,0.0488205864,2.7300995025,0.0395755538,0.5555908412,2.0779476752,0.5707713972,6.0,-3.308639562,4.5420606046,529.50767567,-42.04967224,0.7936287405,0.0203301954,1.609477648,0.5895307649,0.3086970796,0.2493040548,3.608666433,0.2430926681,0.2877350929,0.2603204462,0.1653615326,0.1627777587,,0.5904460972,0.3258276947,0.2480137226,12.263011654,1.1038350301,-0.082124028,-0.945141731,0.678439879,0.752063424,0.0085877,155877.62868142,2.93233371,0.00070865,3.16371351,0.00701002,0.00713477,0.00559245,0.019432,-0.50479105,0.40957154,0.47655799,0.01936596,-0.65320342,0.01970456,-0.27640221,0.05018228,0.07191329,0.03057949,0.77749299,1.56923111,0.02220662,0.62124463,0.36037619,0.65926034,0.6314161001,1.5329369776,303,1.3254533444,1.5366066782,0.2497230939,0.9464024263
20090529,20090531,247318.0,01W,SWE,0.334609,2009,5,20090430,20090430,230.85936812,10.672931323,230.85936812,0.1068034627,-0.039888822,0.0935486698,0.1792713637,-0.042306567,-0.233790114,-0.554985613,-0.576130725,-0.24033067,3.9472803401,0.0930806228,-0.059786659,0.0328646032,,-0.022979029,0.133532548,0.5451459516,0.0084694577,5.6501315768,0.704063423,0.3038716433,0.0024157072,-0.000835901,0.0,-0.024720428,-0.031704733,0.0069843045,0.004963342,-0.016182457,0.0211457994,0.001070327,-0.001070327,0.0035536696,0.0215893897,0.096116439,0.80128538,0.2834437857,0.6374951848,0.3984000965,0.5036351711,0.036439397,-0.016923843,0.001070327,-0.020241848,-0.127602636,-0.021312175,-0.134349873,0.4400420823,2.1032641677,2.3325518678,5.2398442605,,0.0387293299,0.1526756934,0.1625043968,8.0,0.0274837014,,0.0250615597,0.3144679493,-0.112942094,0.0724899303,0.0265521202,-0.021341596,-0.006652085,,0.1260965967,0.2390610622,0.0043216321,0.0024895053,-3.441830962,-3.128732391,-0.059897926,0.2571538133,0.7828726202,0.6740425977,0.2769305228,1.3705203166,0.1788737397,0.2632019382,0.0470209309,2.5114754098,0.0360004314,0.5555908412,2.0779476752,0.5253932399,6.0,-3.553141495,4.5420606046,529.50767567,-42.04967224,0.7936287405,0.0203301954,1.261759235,0.5023976066,0.1883304689,0.1394633793,2.9777291784,0.200155255,0.225695593,0.2086845999,0.1402234784,0.1380324866,,0.4987310937,0.2914507673,0.225191977,13.531770553,1.0246882452,-0.420884334,-1.589571734,0.6387376314,0.7587343149,0.00808277,141370.19205938,3.25580616,0.00067017,3.38126369,0.00710381,0.00726366,0.00807637,0.02131323,0.08998018,-0.15570944,0.35461585,0.01943213,-0.19377995,0.02069453,-0.13392138,0.03789275,0.0558335,0.02550761,-0.13867534,4.57009201,0.02300074,0.58297964,0.42498132,0.65749596,0.6177690594,1.1296303324,304,1.3892200893,1.4920299483,0.6260433879,1.1824377106
20090630,20090630,247318.0,01W,SWE,-0.13004,2009,6,20090529,20090531,308.10710224,14.244195369,308.10710224,0.0800260031,-0.039888822,0.0935486698,0.3346094843,0.2709712287,0.1152350494,-0.470528478,-0.542708116,-0.493905066,3.9168242975,-0.108399796,-0.019513088,-0.041027841,,-0.022979029,0.133532548,0.5451459516,0.0084694577,5.6501315768,0.704063423,0.3038716433,0.0024157072,-0.000835901,0.0,-0.024720428,-0.031704733,0.0069843045,0.004963342,-0.016182457,0.0211457994,0.001070327,-0.001070327,0.0035536696,0.0215893897,0.096116439,0.80128538,0.2834437857,0.6374951848,0.3984000965,0.5036351711,0.036439397,-0.016923843,0.001070327,-0.020241848,-0.127602636,-0.021312175,-0.134349873,0.4400420823,2.1032641677,2.3325518678,5.2398442605,,0.0387293299,0.1526756934,0.1625043968,8.0,0.0274837014,,0.0250615597,0.3144679493,-0.112942094,0.0724899303,0.0265521202,-0.021341596,-0.006652085,,0.1260965967,0.2390610622,0.0043216321,0.0024895053,-3.441830962,-3.128732391,-0.059897926,0.2571538133,0.7828726202,0.6740425977,0.2769305228,1.3705203166,0.1788737397,0.2632019382,0.0470209309,2.5114754098,0.0360004314,0.5555908412,2.0779476752,0.5253932399,6.0,-3.553141495,4.5420606046,529.50767567,-42.04967224,0.7936287405,0.0203301954,0.9454145575,0.3764379113,0.1411127908,0.1044975185,2.2311614097,0.1499729002,0.1691098375,0.1563637921,0.1050670478,0.1034253752,,0.3855208459,0.2252924427,0.2108808377,14.98632183,1.0752985642,-0.673986129,-1.258250596,0.6441846824,0.7334354833,0.00704596,153521.96276425,3.02689207,0.00069067,3.27906261,0.00714609,0.00735607,0.00737197,0.02388748,0.34278319,0.46711547,1.24339844,0.02426315,0.57372741,0.02298507,0.38893594,0.05360275,0.08093597,0.02952043,0.64607661,4.49263342,0.02395018,0.57678764,0.56980668,0.65974165,0.6304484709,1.5474128114,305,1.4000017045,1.5190420045,0.6341888063,1.1852030565
20090731,20090731,247318.0,01W,SWE,0.168564,2009,7,20090630,20090630,268.04082795,12.391878968,268.04082795,0.0919881501,-0.039888822,0.0935486698,-0.130040087,0.5738667465,0.3849160687,-0.12183666,-0.315493555,-0.540106867,3.6068718548,-0.022682826,-0.029272839,,,-0.022979029,0.133532548,0.5451459516,0.0084694577,5.6501315768,0.704063423,0.3038716433,0.0024157072,-0.000835901,0.0,-0.024720428,-0.031704733,0.0069843045,0.004963342,-0.016182457,0.0211457994,0.001070327,-0.001070327,0.0035536696,0.0215893897,0.096116439,0.80128538,0.2834437857,0.6374951848,0.3984000965,0.5036351711,0.036439397,-0.016923843,0.001070327,-0.020241848,-0.127602636,-0.021312175,-0.134349873,0.4400420823,2.1032641677,2.3325518678,5.2398442605,,0.0387293299,0.1526756934,0.1625043968,8.0,0.0274837014,,0.0250615597,0.3144679493,-0.112942094,0.0724899303,0.0265521202,-0.021341596,-0.006652085,,0.1260965967,0.2390610622,0.0043216321,0.0024895053,-3.441830962,-3.128732391,-0.059897926,0.2571538133,0.7828726202,0.6740425977,0.2769305228,1.3705203166,0.1788737397,0.2632019382,0.0470209309,2.5114754098,0.0360004314,0.5555908412,2.0779476752,0.5253932399,6.0,-3.553141495,4.5420606046,529.50767567,-42.04967224,0.7936287405,0.0203301954,1.0867334725,0.4327071921,0.162206084,0.1201176249,2.564671516,0.1723905871,0.1943880803,0.1797367783,0.1207722864,0.1188852194,,0.4369681053,0.2553574285,0.2294424848,14.336538151,1.0861435135,-0.176715945,-0.138487056,0.6428957099,0.7733634448,0.00596139,191948.35452101,2.74659601,0.00080704,2.97345727,0.00686756,0.00722718,0.00492386,0.01399533,0.59470046,-0.08055198,0.77639194,0.014035,0.39612406,0.01351885,-0.09667398,0.02450682,0.04849908,0.02114669,0.9439027,4.18275058,0.02376357,0.56159473,0.55819947,0.65944676,0.6194677082,0.7072390401,306,1.4000017045,1.5185114745,0.6222229798,1.1925605782
20090831,20090831,247318.0,01W,SWE,0.084402,2009,8,20090731,20090731,313.22279268,14.480700447,313.22279268,0.0787189837,-0.039946096,0.0936083244,0.1685637411,0.1610567512,0.3112747852,0.0490953251,-0.390685867,-0.494270187,3.3588139041,-0.008836735,-0.013145523,0.0779446027,,-0.242212078,-0.239636806,0.2566947587,-0.197405028,3.0117206715,0.2480035262,0.6518849824,-0.068334687,-0.004395264,0.0,-0.209488646,-0.157752275,-0.051736372,-0.094134129,-0.046855053,-0.047279077,-0.06391071,0.0595154456,-0.028100067,-0.065616997,0.077480315,0.7102830189,0.2156603774,0.4077003122,0.2778355879,0.3550515464,-0.061697104,-0.012264151,-0.049432953,-0.018867925,-0.149812734,0.0406475211,0.3227443619,0.3445790364,1.8999056604,1.8077863512,4.5824742268,,0.0396226415,-0.18045005,-0.074924063,0.0,-0.075032711,-0.125421785,-0.028821889,0.7620212364,-0.342819364,0.0521955773,0.0207828343,-0.078451984,-0.027286248,,-0.055140516,0.1060304701,-0.012495985,-0.041090302,-4.026594742,-5.80850513,0.5416665954,0.149126944,0.5382438932,0.3561468401,0.1634248293,1.3707865169,0.1448113208,0.1967924528,-0.016462945,2.2060353798,0.0354520959,0.5362639151,0.994138024,0.3981067446,6.0,-3.446032171,3.9571627009,269.43953211,-18.19689541,0.4865119417,0.0168977467,0.819485491,0.3714743193,0.0854274969,0.0529573171,1.7182136827,0.1032087859,0.1186707763,0.0970239897,0.0552766157,0.0529573171,,0.3560954096,0.153157737,0.1958296993,15.865045921,1.0778231125,-0.238925866,-0.13588104,0.7260880979,0.7317988129,0.0075032,202899.03411741,2.62410115,0.00083245,2.88409138,0.00681796,0.00734174,0.00284311,0.01532186,0.8473481,-0.00847572,-0.16557754,0.01449881,0.53257051,0.01372989,0.33448216,0.03687855,0.0539579,0.02052269,0.41502228,3.88912536,0.02339817,0.5744853,0.68015385,0.65569584,0.6153695176,1.0553412575,307,1.2254809096,1.3517395864,0.3276038075,1.1356276216
20090930,20090930,247318.0,01W,SWE,-0.055582,2009,9,20090831,20090831,324.35956498,14.995568035,324.35956498,0.0474501401,-0.039946096,0.0868569526,0.0844023877,0.0166036109,0.7244141354,0.513116143,-0.281629548,-0.531184087,3.1630348629,-0.195323145,0.0122840706,0.0207551391,,-0.242212078,-0.239636806,0.2566947587,-0.197405028,3.0117206715,0.2480035262,0.6518849824,-0.068334687,-0.004395264,0.0,-0.209488646,-0.157752275,-0.051736372,-0.094134129,-0.046855053,-0.047279077,-0.06391071,0.0595154456,-0.028100067,-0.065616997,0.077480315,0.7102830189,0.2156603774,0.4077003122,0.2778355879,0.3550515464,-0.061697104,-0.012264151,-0.049432953,-0.018867925,-0.149812734,0.0406475211,0.3227443619,0.3445790364,1.8999056604,1.8077863512,4.5824742268,,0.0396226415,-0.18045005,-0.074924063,0.0,-0.075032711,-0.125421785,-0.028821889,0.7620212364,-0.342819364,0.0521955773,0.0207828343,-0.078451984,-0.027286248,,-0.055140516,0.1060304701,-0.012495985,-0.041090302,-4.026594742,-5.80850513,0.5416665954,0.149126944,0.5382438932,0.3561468401,0.1634248293,1.3707865169,0.1448113208,0.1967924528,-0.016462945,2.2060353798,0.0354520959,0.5362639151,0.994138024,0.3981067446,6.0,-3.446032171,3.9571627009,269.43953211,-18.19689541,0.4865119417,0.0168977467,0.791348743,0.3587198783,0.0824943737,0.0511390461,1.6592194164,0.0996651483,0.1145962567,0.093692705,0.0533787124,0.0511390461,,0.3444638262,0.148154957,0.2044126234,15.984128357,1.0781720469,-0.215550373,-0.03798494,0.7243054696,0.7352358686,0.00796881,153207.8028778,2.24773839,0.00054849,2.19557427,0.00760813,0.00744916,0.00396916,0.01513434,0.56378237,0.00836729,0.38681168,0.01514435,0.43361758,0.01490317,0.67446706,0.03125409,0.03762808,0.01890758,0.52166137,3.70827327,0.02368767,0.56591023,0.74180353,0.6561098,0.6148301315,0.8847248919,308,1.2151579145,1.3641255395,0.332505897,1.132914632
20091030,20091031,247318.0,01W,SWE,0.030813,2009,10,20090930,20090930,306.33095855,14.162081917,306.33095855,0.0502427403,-0.039946096,0.0868569526,-0.055582164,0.2671933111,0.7350423213,0.526741699,-0.03190625,-0.482291403,2.0604775355,-0.271785047,0.0319388781,0.0393488437,,-0.242212078,-0.239636806,0.2566947587,-0.197405028,3.0117206715,0.2480035262,0.6518849824,-0.068334687,-0.004395264,0.0,-0.209488646,-0.157752275,-0.051736372,-0.094134129,-0.046855053,-0.047279077,-0.06391071,0.0595154456,-0.028100067,-0.065616997,0.077480315,0.7102830189,0.2156603774,0.4077003122,0.2778355879,0.3550515464,-0.061697104,-0.012264151,-0.049432953,-0.018867925,-0.149812734,0.0406475211,0.3227443619,0.3445790364,1.8999056604,1.8077863512,4.5824742268,,0.0396226415,-0.18045005,-0.074924063,0.0,-0.075032711,-0.125421785,-0.028821889,0.7620212364,-0.342819364,0.0521955773,0.0207828343,-0.078451984,-0.027286248,,-0.055140516,0.1060304701,-0.012495985,-0.041090302,-4.026594742,-5.80850513,0.5416665954,0.149126944,0.5382438932,0.3561468401,0.1634248293,1.3707865169,0.1448113208,0.1967924528,-0.016462945,2.2060353798,0.0354520959,0.5362639151,0.994138024,0.3981067446,6.0,-3.446032171,3.9571627009,269.43953211,-18.19689541,0.4865119417,0.0168977467,0.8379222762,0.3798317488,0.0873494448,0.0541487509,1.7568700554,0.1055307772,0.1213406315,0.0992068355,0.056520229,0.0541487509,,0.3636953188,0.1564264814,0.2361703656,15.787016388,1.0754528276,-0.233940515,-0.009465845,0.7281459841,0.7276245287,0.00779317,173907.3368291,2.10393094,0.0006029,2.1072796,0.00751977,0.00751242,0.00380249,0.00981325,0.79367059,0.26192565,0.73720843,0.00899344,0.34026993,0.00906194,0.27318283,0.01842964,0.04479582,0.01592857,0.90350658,3.44517119,0.02306284,0.60126851,0.8484637,0.65700195,0.6156207784,0.5382873373,309,1.2651520684,1.3641255395,0.3614720195,1.14162936
20091130,20091130,247318.0,01W,SWE,0.048784,2009,11,20091030,20091031,315.78959656,14.598460083,315.78959656,0.0487378526,6.21349e-05,0.0460289737,0.0308131366,0.0241289567,0.389506237,0.5692811661,0.2555152846,-0.233790114,0.9847751062,-0.189794674,0.0519941336,0.0338428279,,-0.253403101,-0.214916029,0.3781077383,-0.216406716,3.0442470705,0.2375437471,0.6518849824,-0.073916304,-0.004395264,0.0,-0.224182157,-0.168724607,-0.055457549,-0.120749903,-0.041832729,-0.078917174,-0.070320318,0.0703203181,-0.029935406,-0.085793704,0.0656260202,0.6871766619,0.187144272,0.3468267082,0.2272801796,0.2882377344,-0.061697104,-0.012264151,-0.070320318,-0.018150537,-0.170631502,0.0521697807,0.4904432208,0.3441206928,1.8617418332,1.7307042769,4.3921257658,,0.0720037897,-0.18045005,-0.074924063,0.0,-0.100323752,-0.125421785,-0.074686656,0.7620212364,-0.359963131,0.038828608,0.0176010813,-0.062242392,-0.022143115,,-0.022955474,0.1553204664,0.0071530701,-0.120729691,-2.080672675,-2.458111015,0.5416665954,0.1261701982,0.5130439646,0.2930987148,0.1397213331,1.3779340629,0.1245232601,0.1689937346,-0.0346773,2.1366396761,0.0336302388,0.5362639151,0.9036519395,0.400088935,7.0,-3.198930729,3.9571627009,269.43953211,-18.19689541,0.4865119417,0.0168977467,0.8628918058,0.4038546206,0.1066862915,0.0445548114,1.7468504223,0.0917881507,0.1074501007,0.0900774615,0.0548273158,0.052526869,,0.3807585971,0.1396033097,0.3109773862,15.967967096,1.0707691786,-0.363882658,-0.034293188,0.6099283379,0.6793514589,0.00612322,230031.38923955,2.11424359,0.00076079,2.10440556,0.0071709,0.00735992,0.00374275,0.01360304,0.11173901,-0.02829629,0.44712092,0.01253776,0.43112634,0.01200459,0.05602435,0.02251018,0.03298128,0.01588744,-0.03327024,0.59968091,0.02052188,0.56450614,0.91759017,0.66142389,0.5898508493,0.7598550864,310,1.2772011357,1.309336054,0.530158962,1.1139301566
20091230,20091231,247318.0,01W,SWE,0.017276,2009,12,20091130,20091130,331.19520627,15.31063737,331.19520627,0.0464708019,6.21349e-05,0.0460289737,0.0487844118,-0.026481688,0.0732137748,0.8204391404,0.5973748963,0.1152350494,0.4535944147,0.0747245322,0.0496359409,0.1172124349,,-0.253403101,-0.214916029,0.3781077383,-0.216406716,3.0442470705,0.2375437471,0.6518849824,-0.073916304,-0.004395264,0.0,-0.224182157,-0.168724607,-0.055457549,-0.120749903,-0.041832729,-0.078917174,-0.070320318,0.0703203181,-0.029935406,-0.085793704,0.0656260202,0.6871766619,0.187144272,0.3468267082,0.2272801796,0.2882377344,-0.061697104,-0.012264151,-0.070320318,-0.018150537,-0.170631502,0.0521697807,0.4904432208,0.3441206928,1.8617418332,1.7307042769,4.3921257658,,0.0720037897,-0.18045005,-0.074924063,0.0,-0.100323752,-0.125421785,-0.074686656,0.7620212364,-0.359963131,0.038828608,0.0176010813,-0.062242392,-0.022143115,,-0.022955474,0.1553204664,0.0071530701,-0.120729691,-2.080672675,-2.458111015,0.5416665954,0.1261701982,0.5130439646,0.2930987148,0.1397213331,1.3779340629,0.1245232601,0.1689937346,-0.0346773,2.1366396761,0.0336302388,0.5362639151,0.9036519395,0.400088935,7.0,-3.198930729,3.9571627009,269.43953211,-18.19689541,0.4865119417,0.0168977467,0.8227542249,0.3850692441,0.1017237578,0.0424823356,1.6655953337,0.0875186069,0.1024520383,0.0858874908,0.0522770125,0.0500835714,,0.3637692823,0.1333742591,0.3467904462,16.124507764,1.0847941436,-0.214693708,-0.7328693,0.6115078055,0.7135191614,0.00638887,249505.02507197,2.50674541,0.0008069,2.45305025,0.00705103,0.00729193,0.00425512,0.00967616,0.1909259,-0.2123054,0.59580189,0.00985812,-0.12672422,0.00917102,-0.33474781,0.02878436,0.03614025,0.02132749,-0.17047334,0.60759537,0.01898258,0.51995978,0.95869572,0.66571505,0.5966289451,1.0532568774,311,1.2787777334,1.3200696341,0.5343249684,1.1170323913
20100129,20100131,247318.0,01W,SWE,0.010338,2010,1,20091230,20091231,336.91706938,15.57515017,336.91706938,0.0456815882,6.21349e-05,0.0460289737,0.0172764068,0.0811007491,0.2938180948,0.7714970011,0.5588198098,0.3849160687,0.3770583188,-0.081183077,0.058586803,-0.062853153,,-0.253403101,-0.214916029,0.3781077383,-0.216406716,3.0442470705,0.2375437471,0.6518849824,-0.073916304,-0.004395264,0.0,-0.224182157,-0.168724607,-0.055457549,-0.120749903,-0.041832729,-0.078917174,-0.070320318,0.0703203181,-0.029935406,-0.085793704,0.0656260202,0.6871766619,0.187144272,0.3468267082,0.2272801796,0.2882377344,-0.061697104,-0.012264151,-0.070320318,-0.018150537,-0.170631502,0.0521697807,0.4904432208,0.3441206928,1.8617418332,1.7307042769,4.3921257658,,0.0720037897,-0.18045005,-0.074924063,0.0,-0.100323752,-0.125421785,-0.074686656,0.7620212364,-0.359963131,0.038828608,0.0176010813,-0.062242392,-0.022143115,,-0.022955474,0.1553204664,0.0071530701,-0.120729691,-2.080672675,-2.458111015,0.5416665954,0.1261701982,0.5130439646,0.2930987148,0.1397213331,1.3779340629,0.1245232601,0.1689937346,-0.0346773,2.1366396761,0.0336302388,0.5362639151,0.9036519395,0.400088935,7.0,-3.198930729,3.9571627009,269.43953211,-18.19689541,0.4865119417,0.0168977467,0.8087813887,0.3785296125,0.0999961831,0.0417608581,1.6373085256,0.0860322783,0.1007120952,0.0844288634,0.0513891919,0.049233002,,0.3578390401,0.1311999643,0.3345023099,16.179003254,1.0792832786,-0.206357534,-0.397074679,0.6145060993,0.7007567549,0.00570394,269095.30897398,2.94040911,0.00083437,2.89958785,0.00701475,0.00712062,0.00502176,0.01493211,-0.34572127,0.133331,1.68766998,0.01528116,-0.51933047,0.01586668,-0.36735688,0.02582345,0.03883495,0.02002773,0.05219446,0.57162938,0.01839121,0.5223887,0.96953986,0.6702733,0.6207091216,0.9994154736,312,1.2651520684,1.3028138219,0.5422080293,1.1154851761
20100226,20100228,247318.0,01W,SWE,0.041456,2010,2,20100129,20100131,340.40005304,15.736163068,340.40005304,0.0452141728,6.21349e-05,0.0460289737,0.0103378071,0.0669036379,0.1263147881,0.528148787,0.7258613502,0.3112747852,0.4357705012,-0.111403614,0.069654205,0.1162733053,,-0.154618218,-0.266652276,-0.111907907,-0.16347533,0.3278706051,0.1197064249,0.6518849824,-0.053211041,-0.004395264,0.0,-0.147991744,-0.116386833,-0.031604911,-0.031533687,0.0010196377,-0.032553324,-0.117856646,0.117856646,-0.037149633,0.0404042135,0.054322753,0.6588295787,0.2027836653,0.2877747811,0.1818410763,0.2210498862,-0.061697104,-0.012264151,-0.117856646,-0.059113966,-0.686292413,0.0587426797,0.6819819061,0.4040761471,1.8013269352,1.7820320288,4.0691952053,,0.0402792696,-0.18045005,-0.074924063,0.0,-0.054238204,-0.125421785,-0.024815915,0.7620212364,-0.221429825,0.0314070441,0.0146992703,-0.035175551,-0.012831238,,-0.064817699,0.0489904788,0.0024901419,-0.117874375,-0.722638557,-1.014663329,0.5416665954,0.1214557461,0.5569625232,0.3146103465,0.1714296163,1.3834313879,0.145249213,0.143669699,-0.033526238,2.1111111111,0.0348568446,0.5362639151,1.6882612607,0.429274154,6.0,-3.104791418,3.9571627009,269.43953211,-18.19689541,0.4865119417,0.0168977467,0.7824957098,0.3706558625,0.0853096826,0.053791327,1.5219515217,0.067400461,0.113656886,0.0996550564,0.0508633761,0.0487292484,,0.3549258861,0.1066823385,0.3347219952,16.136403094,1.0664605345,-0.147480653,-0.385913049,0.6603899549,0.7215207133,0.00743519,286425.78905517,2.76618322,0.00087173,2.76808904,0.00701431,0.00709959,0.00484583,0.016572,0.77630621,-0.06745475,0.69935375,0.01722222,0.94183048,0.01742693,0.95067252,0.02557956,0.04047333,0.0197839,0.31881162,0.44501368,0.01807963,0.54077035,0.93163999,0.67120537,0.6317855204,1.0415868617,313,1.3602513968,1.3650373722,0.538054997,1.0387966596
20100331,20100331,247318.0,01W,SWE,0.032044,2010,3,20100226,20100228,354.53382919,16.388527239,354.53382919,0.0434116734,0.0001242698,0.0459668446,0.0414563683,0.027792814,0.0493875945,0.1568526318,0.962311573,0.7244141354,0.0119332315,0.0777597658,0.0663538961,0.0379015326,,-0.154618218,-0.266652276,-0.111907907,-0.16347533,0.3278706051,0.1197064249,0.6518849824,-0.053211041,-0.004395264,0.0,-0.147991744,-0.116386833,-0.031604911,-0.031533687,0.0010196377,-0.032553324,-0.117856646,0.117856646,-0.037149633,0.0404042135,0.054322753,0.6588295787,0.2027836653,0.2877747811,0.1818410763,0.2210498862,-0.061697104,-0.012264151,-0.117856646,-0.059113966,-0.686292413,0.0587426797,0.6819819061,0.4040761471,1.8013269352,1.7820320288,4.0691952053,,0.0402792696,-0.18045005,-0.074924063,0.0,-0.054238204,-0.125421785,-0.024815915,0.7620212364,-0.221429825,0.0314070441,0.0146992703,-0.035175551,-0.012831238,,-0.064817699,0.0489904788,0.0024901419,-0.117874375,-0.722638557,-1.014663329,0.5416665954,0.1214557461,0.5569625232,0.3146103465,0.1714296163,1.3834313879,0.145249213,0.143669699,-0.033526238,2.1111111111,0.0348568446,0.5362639151,1.6882612607,0.429274154,6.0,-3.104791418,3.9571627009,269.43953211,-18.19689541,0.4865119417,0.0168977467,0.7513008892,0.3558793686,0.0819087436,0.0516468925,1.4612777007,0.0647134874,0.1091258629,0.0956822275,0.0488356667,0.0467866178,,0.3414713645,0.1026382271,0.3547120154,16.263851288,1.0384874039,-0.113225479,-0.282526916,0.6663999588,0.7180405708,0.00652254,315251.44322643,2.53188039,0.00095148,2.55120784,0.00684166,0.00733873,0.00800009,0.01663606,0.14553509,0.49533526,-0.07724156,0.01466924,-0.10325108,0.01525075,0.0020037,0.02329706,0.0361163,0.01696801,0.27806957,0.36383859,0.01684691,0.46240603,0.9702624,0.66893647,0.5967988833,1.0612574259,314,1.4672228094,1.3795871116,0.5540135919,1.2787844247
20100430,20100430,247318.0,01W,SWE,0.015659,2010,4,20100331,20100331,365.89460801,16.91368568,365.89460801,0.0420637705,0.0001242698,0.0459668446,0.032044273,0.0522227433,0.1572117246,0.3849046631,0.8962128196,0.7350423213,0.1007791477,0.1792713637,0.0529696151,0.0395520977,,-0.154618218,-0.266652276,-0.111907907,-0.16347533,0.3278706051,0.1197064249,0.6518849824,-0.053211041,-0.004395264,0.0,-0.147991744,-0.116386833,-0.031604911,-0.031533687,0.0010196377,-0.032553324,-0.117856646,0.117856646,-0.037149633,0.0404042135,0.054322753,0.6588295787,0.2027836653,0.2877747811,0.1818410763,0.2210498862,-0.061697104,-0.012264151,-0.117856646,-0.059113966,-0.686292413,0.0587426797,0.6819819061,0.4040761471,1.8013269352,1.7820320288,4.0691952053,,0.0402792696,-0.18045005,-0.074924063,0.0,-0.054238204,-0.125421785,-0.024815915,0.7620212364,-0.221429825,0.0314070441,0.0146992703,-0.035175551,-0.012831238,,-0.064817699,0.0489904788,0.0024901419,-0.117874375,-0.722638557,-1.014663329,0.5416665954,0.1214557461,0.5569625232,0.3146103465,0.1714296163,1.3834313879,0.145249213,0.143669699,-0.033526238,2.1111111111,0.0348568446,0.5362639151,1.6882612607,0.429274154,6.0,-3.104791418,3.9571627009,269.43953211,-18.19689541,0.4865119417,0.0168977467,0.7279735074,0.3448295561,0.0793655328,0.0500432916,1.4159060215,0.0627041776,0.105737579,0.0927113594,0.0473193525,0.0453339251,,0.3313742058,0.0996032597,0.3420422396,16.359156619,1.0312160734,-0.024439458,1.3255792929,0.6750121008,0.725819805,0.00597086,376525.89038192,2.22399454,0.00111418,2.26108839,0.0065256,0.00714769,0.00825032,0.01273482,-1.13119987,0.18483929,-0.12851975,0.01059933,0.68172811,0.01097655,0.58446139,0.01851125,0.02740657,0.01497268,-0.79232684,0.33640766,0.01629221,0.48944906,0.98595087,0.66732076,0.6291440356,0.9023723361,315,1.4653479341,1.3691253045,0.5579358243,1.2852839748
20100531,20100531,247318.0,01W,SWE,-0.062081,2010,5,20100430,20100430,371.6240029,17.178530207,371.6240029,0.0414152657,0.0001242698,0.0459668446,0.0156585934,0.0748290805,0.1585938232,0.2231107948,0.6594785909,0.389506237,0.4517191737,0.3346094843,0.0239740796,0.0311718993,,-0.038421679,-0.273507995,0.1962869826,-0.144198204,0.1071871237,0.0217471347,0.6518849824,-0.043134684,-0.004395264,0.0,-0.090425812,-0.051881679,-0.038544134,0.0042457557,0.0175895165,-0.013343761,-0.054724201,0.0547242008,-0.032068209,0.0489179484,0.0494398644,0.6043597219,0.2129710462,0.2500540376,0.151280968,0.2116494508,-0.061697104,-0.012264151,-0.054724201,-0.088221955,-1.25953834,-0.033497754,-0.478244965,0.4004973705,1.6607654317,1.7480903949,4.2809472338,,0.0865,-0.18045005,-0.074924063,0.0,-0.049894274,-0.125421785,0.0007682593,0.8484379881,-0.124933526,0.0399595575,0.0189282115,-0.032530373,-0.007623909,,-0.087449251,-0.052556798,0.0013188029,-0.123913957,-0.240512902,-0.212192028,0.5416665954,0.1199560216,0.5811392065,0.2795943919,0.2047883409,1.4204739352,0.1582650432,0.1247490912,-0.020608697,2.1598272138,0.0342682392,0.5362639151,4.5902312838,0.5138434151,6.0,-3.030566348,3.9571627009,269.43953211,-18.19689541,0.4865119417,0.0168977467,0.7537110824,0.3489682312,0.0757479638,0.0105519552,1.343877806,0.0527922518,0.119286117,0.1066443207,0.0465898214,0.0446350037,,0.3106427772,0.0930429871,0.3685124558,16.503231079,1.0200966628,0.0546083887,0.2192617598,0.7220381605,0.7166145084,0.00686414,367107.62688722,2.26523743,0.00106261,2.32122124,0.00666154,0.00709082,0.01220278,0.01749632,0.63200661,0.14102365,0.0874935,0.01730425,-0.12771436,0.01715747,-0.16752934,0.03538545,0.05691976,0.02520733,0.52070593,0.28334164,0.01595903,0.49035376,0.97768252,0.6659334,0.6883174099,1.7329053746,316,1.3280015706,1.2543171851,0.7176859552,1.2130771968
20100630,20100630,247318.0,01W,SWE,0.007235,2010,6,20100531,20100531,348.59664067,16.112075339,348.59664067,0.0441510474,0.0002485395,0.045842598,-0.062080682,0.0482046347,0.1219996785,0.1455738234,0.2628890407,0.0732137748,0.9051956608,-0.130040087,0.0301522073,-0.056024659,,-0.038421679,-0.273507995,0.1962869826,-0.144198204,0.1071871237,0.0217471347,0.6518849824,-0.043134684,-0.004395264,0.0,-0.090425812,-0.051881679,-0.038544134,0.0042457557,0.0175895165,-0.013343761,-0.054724201,0.0547242008,-0.032068209,0.0489179484,0.0494398644,0.6043597219,0.2129710462,0.2500540376,0.151280968,0.2116494508,-0.061697104,-0.012264151,-0.054724201,-0.088221955,-1.25953834,-0.033497754,-0.478244965,0.4004973705,1.6607654317,1.7480903949,4.2809472338,,0.0865,-0.18045005,-0.074924063,0.0,-0.049894274,-0.125421785,0.0007682593,0.8484379881,-0.124933526,0.0399595575,0.0189282115,-0.032530373,-0.007623909,,-0.087449251,-0.052556798,0.0013188029,-0.123913957,-0.240512902,-0.212192028,0.5416665954,0.1199560216,0.5811392065,0.2795943919,0.2047883409,1.4204739352,0.1582650432,0.1247490912,-0.020608697,2.1598272138,0.0342682392,0.5362639151,4.5902312838,0.5138434151,6.0,-3.030566348,3.9571627009,269.43953211,-18.19689541,0.4865119417,0.0168977467,0.8034992217,0.3720201397,0.0807516718,0.0112489891,1.4326507815,0.0562795669,0.1271658391,0.1136889594,0.0496674205,0.0475834728,,0.3309347445,0.099120789,0.3096254148,16.316282089,0.9940445244,-0.319729838,0.0887544808,0.7278012042,0.6647664905,0.00810109,331153.77713019,2.20036453,0.00095271,2.25856612,0.00687998,0.00713865,0.00660957,0.01569242,0.12912313,0.2343567,0.74028761,0.01547004,0.45843361,0.01625996,0.19300207,0.03981252,0.07731491,0.03158503,0.92759397,0.27451067,0.01482447,0.58483632,0.91698732,0.6748794,0.6336835871,1.9550039571,317,1.3631117058,1.230281841,0.7097193179,1.2825281364
20100730,20100731,247318.0,01W,SWE,0.233358,2010,7,20100630,20100630,351.11887478,16.228652555,351.11887478,0.0438338919,0.0002485395,0.045842598,,-0.047394185,0.0344731937,0.1376911554,0.3615432273,0.2938180948,0.9359467671,0.1685637411,,,,-0.038421679,-0.273507995,0.1962869826,-0.144198204,0.1071871237,0.0217471347,0.6518849824,-0.043134684,-0.004395264,0.0,-0.090425812,-0.051881679,-0.038544134,0.0042457557,0.0175895165,-0.013343761,-0.054724201,0.0547242008,-0.032068209,0.0489179484,0.0494398644,0.6043597219,0.2129710462,0.2500540376,0.151280968,0.2116494508,-0.061697104,-0.012264151,-0.054724201,-0.088221955,-1.25953834,-0.033497754,-0.478244965,0.4004973705,1.6607654317,1.7480903949,4.2809472338,,0.0865,-0.18045005,-0.074924063,0.0,-0.049894274,-0.125421785,0.0007682593,0.8484379881,-0.124933526,0.0399595575,0.0189282115,-0.032530373,-0.007623909,,-0.087449251,-0.052556798,0.0013188029,-0.123913957,-0.240512902,-0.212192028,0.5416665954,0.1199560216,0.5811392065,0.2795943919,0.2047883409,1.4204739352,0.1582650432,0.1247490912,-0.020608697,2.1598272138,0.0342682392,0.5362639151,4.5902312838,0.5138434151,6.0,-3.030566348,3.9571627009,269.43953211,-18.19689541,0.4865119417,0.0168977467,0.7977273499,0.369347763,0.0801715987,0.0111681829,1.4223594502,0.0558752871,0.1262523535,0.1128722839,0.0493106386,0.0472416607,,0.3285837577,0.098416627,0.3376069929,16.337954833,0.9856610513,-0.031711856,0.338757127,0.7229723459,0.72517598,0.00742138,277017.5795794,1.75336287,0.00078243,1.74338337,0.00717198,0.00725273,0.00404349,0.01173574,0.27179152,0.26776721,0.47331077,0.01062211,0.15526294,0.00996914,0.6935028,0.01998594,0.03436823,0.01522156,0.16335413,0.26916603,0.01456099,0.52065868,0.92362209,0.6749077,0.6400493816,1.008656323,318,1.3845122757,1.2218840128,0.7063838141,1.2921321273
20100831,20100831,247318.0,01W,SWE,-0.068265,2010,8,20100730,20100731,433.08214236,20.015736981,433.08214236,0.0355380777,0.0003106744,0.0457804805,,,,,,0.1263147881,0.9726906682,0.0844023877,,0.0662915058,,-0.024719713,-0.050081001,-0.487772958,-0.094166916,-0.786771399,-0.020181837,-0.097445075,-0.026825531,0.0004277103,0.0,-0.023403716,-0.000935566,-0.02246815,0.0105097196,0.0142173355,-0.003707616,-0.087464648,0.0878923585,-0.017090295,0.0501919552,0.0574184783,0.6941176471,0.2412319645,0.3042025862,0.1584051724,0.2644555695,-0.170069349,0.0011098779,-0.171179227,-0.081021088,-0.993197279,0.0068712708,0.0842314965,0.4291882728,1.8822974473,2.0166184871,4.6057571965,0.0001630435,0.0277469478,0.0238733878,-0.07493634,0.0,-0.025528708,-0.005901978,0.0028840352,-0.356286962,0.0540343467,0.0514186741,0.0238068461,-0.000776903,0.0030240118,,0.0139734304,0.0010847019,0.0028082135,-0.101125578,0.4493990775,0.7615816445,-0.261475078,0.1562505099,0.6769592581,0.3370528555,0.2352687796,1.3741496599,0.1625971143,0.1602108768,0.0177857936,1.9418103448,0.033947843,0.5345646504,1.347232053,0.4939994906,7.0,-3.66060428,4.7461751749,180.71643273,-30.76890392,0.049011448,0.0260007402,0.5780345476,0.2976781688,0.0112270861,-0.004811608,1.1804479107,0.0471537616,0.0939867494,0.0859674022,0.0397759622,0.0349643539,0.0001924643,0.2575375067,0.0928617718,0.2795734059,17.107878386,1.0042999687,-0.132713007,0.274232617,0.689633717,0.8429701922,0.00653688,291390.00803655,1.7898352,0.00080045,1.77653863,0.00704136,0.00719825,0.00376814,0.02570314,0.34370502,0.49157378,-0.17201436,0.02329444,0.05002844,0.02578845,0.17833113,0.04484632,0.07228601,0.02584818,0.50848062,0.28747018,0.01600734,0.48228964,0.98666345,0.67180714,0.6732649274,2.1970586652,319,1.358249264,1.2063627503,0.4907959525,1.5311425146
20100930,20100930,247318.0,01W,SWE,0.231139,2010,9,20100831,20100831,389.10641221,17.983312732,389.10641221,0.0371541033,0.0003106744,0.0360570216,-0.068265064,0.2422817397,0.2213261564,0.3073091928,0.3347768444,0.0493875945,0.711667251,-0.055582164,,-0.051717404,,-0.024719713,-0.050081001,-0.487772958,-0.094166916,-0.786771399,-0.020181837,-0.097445075,-0.026825531,0.0004277103,0.0,-0.023403716,-0.000935566,-0.02246815,0.0105097196,0.0142173355,-0.003707616,-0.087464648,0.0878923585,-0.017090295,0.0501919552,0.0574184783,0.6941176471,0.2412319645,0.3042025862,0.1584051724,0.2644555695,-0.170069349,0.0011098779,-0.171179227,-0.081021088,-0.993197279,0.0068712708,0.0842314965,0.4291882728,1.8822974473,2.0166184871,4.6057571965,0.0001630435,0.0277469478,0.0238733878,-0.07493634,0.0,-0.025528708,-0.005901978,0.0028840352,-0.356286962,0.0540343467,0.0514186741,0.0238068461,-0.000776903,0.0030240118,,0.0139734304,0.0010847019,0.0028082135,-0.101125578,0.4493990775,0.7615816445,-0.261475078,0.1562505099,0.6769592581,0.3370528555,0.2352687796,1.3741496599,0.1625971143,0.1602108768,0.0177857936,1.9418103448,0.033947843,0.5345646504,1.347232053,0.4939994906,7.0,-3.66060428,4.7461751749,180.71643273,-30.76890392,0.049011448,0.0260007402,0.6433624128,0.3313209318,0.0124959403,-0.005355403,1.3138588675,0.0524829493,0.1046088718,0.0956832001,0.0442713314,0.0389159284,0.0002142161,0.2868003978,0.1034132598,0.2728730975,16.856363626,1.0100562837,0.1398490856,0.5318885433,0.6823625664,0.8193077649,0.00694306,284757.50842533,1.92244196,0.00075861,1.90346815,0.00709539,0.00712736,0.00461761,0.01606436,0.83424039,-0.12331199,0.39600435,0.01602436,0.53385822,0.0133539,-0.06596106,0.02793439,0.04395301,0.02302501,0.18048622,0.30617922,0.01606169,0.51078027,0.87345334,0.6826953,0.7150797679,1.3445708178,320,1.3696631233,1.230281841,0.4907959525,1.4803864091
20101029,20101031,247318.0,01W,SWE,0.054136,2010,10,20100930,20100930,479.07373144,22.139952852,479.07373144,0.0301767743,0.0003728093,0.035994908,0.231138733,,0.1026196047,0.1973792365,0.3168516838,0.1572117246,0.4771418452,0.0308131366,,-0.059320093,,-0.024719713,-0.050081001,-0.487772958,-0.094166916,-0.786771399,-0.020181837,-0.097445075,-0.026825531,0.0004277103,0.0,-0.023403716,-0.000935566,-0.02246815,0.0105097196,0.0142173355,-0.003707616,-0.087464648,0.0878923585,-0.017090295,0.0501919552,0.0574184783,0.6941176471,0.2412319645,0.3042025862,0.1584051724,0.2644555695,-0.170069349,0.0011098779,-0.171179227,-0.081021088,-0.993197279,0.0068712708,0.0842314965,0.4291882728,1.8822974473,2.0166184871,4.6057571965,0.0001630435,0.0277469478,0.0238733878,-0.07493634,0.0,-0.025528708,-0.005901978,0.0028840352,-0.356286962,0.0540343467,0.0514186741,0.0238068461,-0.000776903,0.0030240118,,0.0139734304,0.0010847019,0.0028082135,-0.101125578,0.4493990775,0.7615816445,-0.261475078,0.1562505099,0.6769592581,0.3370528555,0.2352687796,1.3741496599,0.1625971143,0.1602108768,0.0177857936,1.9418103448,0.033947843,0.5345646504,1.347232053,0.4939994906,7.0,-3.66060428,4.7461751749,180.71643273,-30.76890392,0.049011448,0.0260007402,0.5225426146,0.2691007471,0.0101492739,-0.004349689,1.0671236525,0.0426269502,0.0849639212,0.0777144399,0.0359574274,0.0316077386,0.0001739876,0.2327056205,0.0839079966,0.2838871591,17.321524434,1.0184486305,0.3101031333,0.6134085925,0.67799956,0.8435799302,0.00674948,259647.40176762,2.13192527,0.00065502,2.07795021,0.00731156,0.00703282,0.00395528,0.015109,0.27128359,0.22939829,0.28170904,0.01575488,0.36388225,0.01590116,0.1513678,0.03416878,0.05425632,0.01797337,0.65135178,0.35218019,0.01638035,0.4850083,1.0,0.6825261,0.7265173924,1.6259241559,321,1.367259234,1.2447146584,0.4825620826,1.4281460354
20101130,20101130,247318.0,01W,SWE,0.011379,2010,11,20101029,20101031,505.00869079,23.338513198,505.00869079,0.0286270318,0.0003106551,0.0360570409,0.0541356323,0.1470949688,0.3365492223,0.4590565115,0.572765282,0.1585938232,0.6042201634,0.0487844118,,-0.040174625,,-0.090583516,-0.067439611,-0.414306481,-0.166434871,-0.681826837,-0.047440142,-0.097445075,-0.048982587,0.0004277103,0.0,-0.028905791,0.0122382476,-0.041144038,-0.025828126,-0.006608478,-0.019219649,-0.105807676,0.1058076755,-0.008703033,-0.069736341,0.0653188937,0.7008129439,0.2380448399,0.3902683861,0.2149710273,0.3076532824,-0.170069349,0.0011098779,-0.105807676,-0.061813314,-0.646298877,0.0439943612,0.4599899967,0.4060232637,1.9076647519,1.97745071,4.710019797,0.0001630435,0.0343035343,0.0238733878,-0.07493634,0.0,-0.054895732,-0.005901978,-0.048733253,-0.192851229,0.0660048444,0.0619421599,0.0318991811,0.0231135519,0.0142980999,,0.0878572305,-0.026301717,-0.003690909,-0.056446282,0.6963849575,1.4963485317,-0.261475078,0.1602678543,0.637330843,0.3373853183,0.2164819012,1.3672104028,0.1574553098,0.1762315256,0.0329320498,2.2476635514,0.0337696158,0.5345646504,1.0528142934,0.469597337,8.0,-3.737150048,4.7461751749,180.71643273,-30.76890392,0.3792520002,0.0201219445,0.4907023445,0.2183166356,0.0147924823,-0.002040342,1.0186656226,0.0469317514,0.0772636897,0.0709010814,0.0341108168,0.0299845083,0.0001650523,0.2167184731,0.0866540267,0.2777254057,17.646312512,1.0163955032,0.3687561791,0.6971679799,0.6688678776,0.84974457,0.00667773,274372.1528218,1.90873993,0.0006479,1.84248411,0.00726723,0.00709027,0.0063537,0.01720092,0.78553347,-0.50766366,0.6572426,0.01674884,0.54390531,0.0155412,0.30073713,0.03064186,0.04717603,0.02056716,0.37749594,0.30161457,0.01661859,0.54938753,1.0,0.68065782,0.7453050578,1.434911756,322,1.2768524222,1.20968718,0.2118544378,1.3336588263
20101230,20101231,247318.0,01W,SWE,0.231129,2010,12,20101130,20101130,510.7549721,23.604072316,510.7549721,0.0283049615,0.0003106551,0.0360570409,0.011378579,0.2977872068,0.5021592287,0.4768198698,0.580790014,0.1219996785,0.7419251821,0.0172764068,,0.1022792947,,-0.090583516,-0.067439611,-0.414306481,-0.166434871,-0.681826837,-0.047440142,-0.097445075,-0.048982587,0.0004277103,0.0,-0.028905791,0.0122382476,-0.041144038,-0.025828126,-0.006608478,-0.019219649,-0.105807676,0.1058076755,-0.008703033,-0.069736341,0.0653188937,0.7008129439,0.2380448399,0.3902683861,0.2149710273,0.3076532824,-0.170069349,0.0011098779,-0.105807676,-0.061813314,-0.646298877,0.0439943612,0.4599899967,0.4060232637,1.9076647519,1.97745071,4.710019797,0.0001630435,0.0343035343,0.0238733878,-0.07493634,0.0,-0.054895732,-0.005901978,-0.048733253,-0.192851229,0.0660048444,0.0619421599,0.0318991811,0.0231135519,0.0142980999,,0.0878572305,-0.026301717,-0.003690909,-0.056446282,0.6963849575,1.4963485317,-0.261475078,0.1602678543,0.637330843,0.3373853183,0.2164819012,1.3672104028,0.1574553098,0.1762315256,0.0329320498,2.2476635514,0.0337696158,0.5345646504,1.0528142934,0.469597337,8.0,-3.737150048,4.7461751749,180.71643273,-30.76890392,0.3792520002,0.0201219445,0.4851816665,0.2158604504,0.0146260586,-0.002017387,1.0072050602,0.0464037428,0.0763944296,0.0701034043,0.0337270509,0.0296471657,0.0001631954,0.2142753394,0.0856771493,0.2687398131,17.665292447,1.0141609679,0.2993332723,0.4957890592,0.6726448445,0.856907611,0.00707014,315786.09788357,1.72626476,0.00070528,1.73460383,0.00711315,0.00714305,0.00340505,0.01082058,0.24014751,0.11271539,1.19184223,0.01030616,-0.04611002,0.01113886,0.19462266,0.01991525,0.03938419,0.01648297,0.01712308,0.25536087,0.01664506,0.53749519,0.92645396,0.6829707,0.7615339055,0.9484752493,323,1.2768524222,1.20968718,0.2118544378,1.3091338658
20110131,20110131,247318.0,01W,SWE,0.003356,2011,1,20101230,20101231,628.80500877,29.059646426,628.80500877,0.0229910698,0.0003106551,0.0360570409,0.231128512,0.0661301979,,0.4472479723,0.5716251232,0.0344731937,0.5433112025,0.0103378071,,-0.053459983,,-0.090583516,-0.067439611,-0.414306481,-0.166434871,-0.681826837,-0.047440142,-0.097445075,-0.048982587,0.0004277103,0.0,-0.028905791,0.0122382476,-0.041144038,-0.025828126,-0.006608478,-0.019219649,-0.105807676,0.1058076755,-0.008703033,-0.069736341,0.0653188937,0.7008129439,0.2380448399,0.3902683861,0.2149710273,0.3076532824,-0.170069349,0.0011098779,-0.105807676,-0.061813314,-0.646298877,0.0439943612,0.4599899967,0.4060232637,1.9076647519,1.97745071,4.710019797,0.0001630435,0.0343035343,0.0238733878,-0.07493634,0.0,-0.054895732,-0.005901978,-0.048733253,-0.192851229,0.0660048444,0.0619421599,0.0318991811,0.0231135519,0.0142980999,,0.0878572305,-0.026301717,-0.003690909,-0.056446282,0.6963849575,1.4963485317,-0.261475078,0.1602678543,0.637330843,0.3373853183,0.2164819012,1.3672104028,0.1574553098,0.1762315256,0.0329320498,2.2476635514,0.0337696158,0.5345646504,1.0528142934,0.469597337,8.0,-3.737150048,4.7461751749,180.71643273,-30.76890392,0.3792520002,0.0201219445,0.3940950614,0.1753354327,0.0118802046,-0.001638649,0.8181152905,0.0376920381,0.06205236,0.0569423936,0.0273952317,0.0240812924,0.0001325576,0.173981879,0.0695659681,0.2655487605,17.978445627,1.0292871706,0.4057899736,0.6634406569,0.6742684152,0.8622402065,0.00711548,354841.48984552,1.73290819,0.00074988,1.75015689,0.00709514,0.00729087,0.00476923,0.01446569,0.29507595,-0.22014247,0.09989542,0.0141575,0.19322816,0.01488202,0.34701346,0.03077531,0.04104875,0.01548917,0.40695149,0.20481686,0.01665466,0.56483571,1.0,0.68183503,0.7601716811,1.4796615473,324,1.2753426469,1.20968718,0.1838331743,1.3346364736
20110228,20110228,247318.0,01W,SWE,-0.043627,2011,2,20110131,20110131,630.91505323,29.157160194,630.91505323,0.022914178,0.0003106551,0.0360570409,0.0033556419,0.245137005,0.5056117975,0.7542787056,0.9150748252,,0.6304673035,0.0414563683,,0.0232285632,,0.1430383392,0.0574413319,-0.167337096,0.094036505,-0.28366571,-0.048276726,-0.097445075,0.0224008225,0.0004277103,0.0,0.0962858167,0.0680316369,0.0282541798,0.0440819028,0.0088044769,0.0352774259,0.0188224351,-0.018822435,0.0065112399,-0.033734482,0.0731433656,0.6061955218,0.1889464805,0.4303822421,0.2442936847,0.2771522421,-0.170069349,0.0011098779,0.0188224351,-0.023411568,-0.251747759,-0.042234003,-0.454147953,0.5505997271,1.6402904559,1.9194428711,3.7891644689,0.0001630435,0.0200097609,0.0238733878,-0.07493634,1.0,0.0726190611,-0.005901978,0.00675117,-0.260518658,0.2829766466,0.0781686722,0.034777746,0.0467616281,0.0200784758,,-0.101884401,-0.213869925,-0.006389305,-0.019030497,1.8318181601,1.6635743653,-0.261475078,0.1892127516,0.6929047224,0.3953473909,0.2159730712,1.3773700074,0.1164076996,0.1655349126,-0.028841513,2.6269230769,0.0321329984,0.5345646504,1.5430464812,0.575981984,6.0,-3.405979216,4.7461751749,180.71643273,-30.76890392,0.2613506214,0.0302367284,0.482571303,0.1837021065,0.055110632,0.0454544956,0.8683120546,0.0448772645,0.0561750153,0.0498846954,0.0273036106,0.0240007545,0.0001321142,0.2191932821,0.0764092544,0.3192312728,17.857253569,1.038056131,0.5512127238,0.6908369497,0.5437317348,0.8443888843,0.00726348,371627.46548074,1.62667899,0.00073789,1.70120869,0.00722388,0.00729716,0.00560877,0.01789746,-0.33479421,-0.4038075,0.54538593,0.01563752,0.23432125,0.01588295,0.22592431,0.0217777,0.03517292,0.01843651,-0.37090912,0.17858938,0.01686733,0.54734874,0.97963439,0.68107643,0.7511851711,1.0517760212,325,0.8297608474,1.0743375655,-0.446794302,1.0812075564
20110331,20110331,247318.0,01W,SWE,0.074276,2011,3,20110228,20110228,603.38997867,27.885114133,603.38997867,0.023959463,0.0002485086,0.03611917,-0.043627228,0.2352597384,0.6213453344,0.8766704158,0.8450135686,0.2213261564,0.5992396961,0.032044273,,0.0596485275,,0.1430383392,0.0574413319,-0.167337096,0.094036505,-0.28366571,-0.048276726,-0.097445075,0.0224008225,0.0004277103,0.0,0.0962858167,0.0680316369,0.0282541798,0.0440819028,0.0088044769,0.0352774259,0.0188224351,-0.018822435,0.0065112399,-0.033734482,0.0731433656,0.6061955218,0.1889464805,0.4303822421,0.2442936847,0.2771522421,-0.170069349,0.0011098779,0.0188224351,-0.023411568,-0.251747759,-0.042234003,-0.454147953,0.5505997271,1.6402904559,1.9194428711,3.7891644689,0.0001630435,0.0200097609,0.0238733878,-0.07493634,1.0,0.0726190611,-0.005901978,0.00675117,-0.260518658,0.2829766466,0.0781686722,0.034777746,0.0467616281,0.0200784758,,-0.101884401,-0.213869925,-0.006389305,-0.019030497,1.8318181601,1.6635743653,-0.261475078,0.1892127516,0.6929047224,0.3953473909,0.2159730712,1.3773700074,0.1164076996,0.1655349126,-0.028841513,2.6269230769,0.0321329984,0.5345646504,1.5430464812,0.575981984,6.0,-3.405979216,4.7461751749,180.71643273,-30.76890392,0.2613506214,0.0302367284,0.5045849452,0.1920821167,0.057624635,0.0475280109,0.9079221822,0.0469244481,0.0587375727,0.0521603048,0.02854913,0.0250956062,0.000138141,0.2287386353,0.0797366982,0.310111153,17.789918666,1.0420618994,0.4326288236,0.5180026741,0.5439162165,0.8358241555,0.00668411,418305.83810514,1.80661091,0.00078067,1.79544674,0.00718723,0.00731233,0.00404091,0.01274823,0.31895231,-0.56745554,0.77119875,0.01323544,0.29782753,0.01208247,0.22257085,0.01820508,0.02181593,0.01769146,-0.52686219,0.14909305,0.01659606,0.63132056,0.93689566,0.68347329,0.7667630279,0.8755522306,326,0.8645759879,1.0859524623,-0.446794302,1.0675010925
20110429,20110430,247318.0,01W,SWE,0.068809,2011,4,20110331,20110331,648.20726231,29.956303767,648.20726231,0.0223028971,0.0002485086,0.03611917,0.074275817,-0.040417983,0.259492932,,0.7097335725,0.1026196047,0.476169202,0.0156585934,,0.1108216536,,0.1430383392,0.0574413319,-0.167337096,0.094036505,-0.28366571,-0.048276726,-0.097445075,0.0224008225,0.0004277103,0.0,0.0962858167,0.0680316369,0.0282541798,0.0440819028,0.0088044769,0.0352774259,0.0188224351,-0.018822435,0.0065112399,-0.033734482,0.0731433656,0.6061955218,0.1889464805,0.4303822421,0.2442936847,0.2771522421,-0.170069349,0.0011098779,0.0188224351,-0.023411568,-0.251747759,-0.042234003,-0.454147953,0.5505997271,1.6402904559,1.9194428711,3.7891644689,0.0001630435,0.0200097609,0.0238733878,-0.07493634,1.0,0.0726190611,-0.005901978,0.00675117,-0.260518658,0.2829766466,0.0781686722,0.034777746,0.0467616281,0.0200784758,,-0.101884401,-0.213869925,-0.006389305,-0.019030497,1.8318181601,1.6635743653,-0.261475078,0.1892127516,0.6929047224,0.3953473909,0.2159730712,1.3773700074,0.1164076996,0.1655349126,-0.028841513,2.6269230769,0.0321329984,0.5345646504,1.5430464812,0.575981984,6.0,-3.405979216,4.7461751749,180.71643273,-30.76890392,0.2613506214,0.0302367284,0.4696977603,0.17880149,0.053640447,0.0442419071,0.8451481155,0.0436800748,0.0546764358,0.0485539226,0.0265752328,0.0233604869,0.0001285898,0.2135936085,0.0744572471,0.3031496647,17.896630912,1.0403188861,0.4089088167,0.2276851058,0.5417191493,0.8374208755,0.00772925,408222.22875754,1.70496372,0.0007204,1.67309447,0.00734149,0.00749533,0.00715843,0.01883431,-0.21663654,0.22627313,0.20582503,0.01750153,-0.08153725,0.01757591,-0.07066079,0.02976597,0.04550464,0.02006909,-0.06848129,0.10143768,0.01710682,0.56913886,0.98660385,0.68082358,0.768387674,1.4065932343,327,0.8674920016,1.0727274971,-0.433746001,1.0881113135
20110531,20110531,247318.0,01W,SWE,0.020692,2011,5,20110429,20110430,692.80992938,32.017575094,692.80992938,0.0208670506,0.0002485086,0.03611917,0.0688092678,0.0274081415,0.2835566479,0.5520685869,0.8084083002,0.3365492223,0.3809415317,-0.062080682,,0.1105881547,,0.1506228091,0.1928256724,-0.042790476,0.1412932555,-0.338177061,-0.017705275,0.769342447,0.0314360824,0.0004277103,0.0,0.1177290853,0.0712996686,0.0464294168,0.068500791,0.0147658857,0.0537349053,0.0012986581,-0.001298658,0.0147770063,-0.015040818,0.0798103722,0.6264603922,0.1913686459,0.4593718547,0.2674671231,0.3234146755,-0.170069349,0.0011098779,0.0012986581,-0.01082043,-0.104440904,-0.012119089,-0.116975805,0.5317513536,1.6727371982,1.9778693764,4.0522887785,0.0001630435,0.0198522622,0.0238733878,-0.07493634,2.0,0.1152513536,-0.005901978,0.0310922507,0.1450972933,0.3664826585,0.0872985583,0.0332322477,0.0473390008,0.0143040362,,-0.048753079,-0.238479075,-0.001093735,0.0096661549,1.8735939777,1.4551849206,0.1727469328,0.2077428948,0.7208196163,0.4422011619,0.2201931289,1.3821206697,0.1144238082,0.1805482154,-0.043841235,2.5816448153,0.0320910207,0.5345646504,2.5103101643,0.576905065,6.0,-3.741437566,4.7461751749,180.71643273,-30.76890392,0.0053084213,0.0351445784,0.4651869615,0.1801901481,0.0412354093,0.0320003958,0.8598573597,0.0481949405,0.0532284637,0.0467375557,0.0248643361,0.0218565535,0.0001203113,0.2056109132,0.0813843445,0.3095368954,17.852030737,1.0343197365,0.4816271338,0.2208693346,0.5495233772,0.8321279613,0.00815704,373597.97592416,1.81497157,0.00063191,1.81274316,0.00753389,0.00758036,0.00428867,0.0120344,0.4901766,-0.35354164,0.62490487,0.01136525,-1.04964454,0.01142333,-0.64158449,0.02239584,0.02781006,0.01574877,-0.38261715,0.16247316,0.0166368,0.63821163,1.0,0.681894,0.7460299021,1.0937768501,328,0.792239371,1.0576436992,-0.554049756,1.2092090744
20110630,20110630,247318.0,01W,SWE,-0.129505,2011,6,20110531,20110531,707.20388855,32.680090409,707.20388855,0.0204423365,0.0002065102,0.0361611589,0.0206922389,0.1481959493,0.3564428488,0.7804047325,1.0607780581,0.5021592287,0.2775349895,,,-0.052569988,,0.1506228091,0.1928256724,-0.042790476,0.1412932555,-0.338177061,-0.017705275,0.769342447,0.0314360824,0.0004277103,0.0,0.1177290853,0.0712996686,0.0464294168,0.068500791,0.0147658857,0.0537349053,0.0012986581,-0.001298658,0.0147770063,-0.015040818,0.0798103722,0.6264603922,0.1913686459,0.4593718547,0.2674671231,0.3234146755,-0.170069349,0.0011098779,0.0012986581,-0.01082043,-0.104440904,-0.012119089,-0.116975805,0.5317513536,1.6727371982,1.9778693764,4.0522887785,0.0001630435,0.0198522622,0.0238733878,-0.07493634,2.0,0.1152513536,-0.005901978,0.0310922507,0.1450972933,0.3664826585,0.0872985583,0.0332322477,0.0473390008,0.0143040362,,-0.048753079,-0.238479075,-0.001093735,0.0096661549,1.8735939777,1.4551849206,0.1727469328,0.2077428948,0.7208196163,0.4422011619,0.2201931289,1.3821206697,0.1144238082,0.1805482154,-0.043841235,2.5816448153,0.0320910207,0.5345646504,2.5103101643,0.576905065,6.0,-3.741437566,4.7461751749,180.71643273,-30.76890392,0.0053084213,0.0351445784,0.4557188545,0.1765226772,0.0403961311,0.0313490809,0.842356393,0.0472140126,0.0521450868,0.0457862904,0.0243582639,0.0214116997,0.0001178626,0.2015532491,0.0797782511,0.3238208483,17.882180188,1.0405890377,0.3768557778,0.0583040237,0.5474481629,0.824694554,0.00717438,374151.82283789,1.86670032,0.00060234,1.90208886,0.00755763,0.00750685,0.00502751,0.01519561,0.30095668,-0.11332891,0.80403789,0.01584967,0.13951722,0.01502254,0.36705322,0.02141937,0.02387882,0.01845842,-0.40719847,0.19867092,0.01656232,0.63696438,0.99637766,0.67980579,0.8185578627,1.117707264,329,0.7478728534,1.0711095265,-0.571291763,1.1946663646
20110729,20110731,247318.0,01W,SWE,-0.030252,2011,7,20110630,20110630,615.61740186,28.447853124,615.61740186,0.0234835789,0.0002065102,0.0361611589,-0.129505067,0.0909253245,0.1245866495,0.4760686541,,,,0.233357909,0.041228824,,,0.1506228091,0.1928256724,-0.042790476,0.1412932555,-0.338177061,-0.017705275,0.769342447,0.0314360824,0.0004277103,0.0,0.1177290853,0.0712996686,0.0464294168,0.068500791,0.0147658857,0.0537349053,0.0012986581,-0.001298658,0.0147770063,-0.015040818,0.0798103722,0.6264603922,0.1913686459,0.4593718547,0.2674671231,0.3234146755,-0.170069349,0.0011098779,0.0012986581,-0.01082043,-0.104440904,-0.012119089,-0.116975805,0.5317513536,1.6727371982,1.9778693764,4.0522887785,0.0001630435,0.0198522622,0.0238733878,-0.07493634,2.0,0.1152513536,-0.005901978,0.0310922507,0.1450972933,0.3664826585,0.0872985583,0.0332322477,0.0473390008,0.0143040362,,-0.048753079,-0.238479075,-0.001093735,0.0096661549,1.8735939777,1.4551849206,0.1727469328,0.2077428948,0.7208196163,0.4422011619,0.2201931289,1.3821206697,0.1144238082,0.1805482154,-0.043841235,2.5816448153,0.0320910207,0.5345646504,2.5103101643,0.576905065,6.0,-3.741437566,4.7461751749,180.71643273,-30.76890392,0.0053084213,0.0351445784,0.5235169522,0.2027842673,0.0464059348,0.036012939,0.9676752393,0.0542381246,0.0599028033,0.0525979976,0.0279820857,0.024597156,0.0001353972,0.2304963551,0.0912344315,0.322192331,17.666289575,1.0526563487,0.4880913912,-0.037351987,0.5558259547,0.8065498785,0.0069773,369442.25795208,1.74299052,0.00057919,1.75666077,0.00754535,0.00747049,0.0037881,0.01017143,0.21012706,-0.38203113,1.11781368,0.01052122,0.14316702,0.0107113,0.06706054,0.01520848,0.02264875,0.02155453,-0.76613383,0.20755393,0.0166128,0.86554338,0.86734171,0.68146038,0.8400904579,0.7682986395,330,0.7535061178,1.1020307413,-0.530994244,1.1383804724
20110831,20110831,247318.0,01W,SWE,-0.020625,2011,8,20110729,20110731,596.99380119,27.587251304,596.99380119,0.0242161641,0.0001443818,0.0362232764,-0.030251907,-0.111492577,-0.024327029,0.2189231114,0.4739141231,0.5056117975,,-0.068265064,0.0446845655,0.0249495895,,0.4619290037,0.3697301926,0.6885691537,0.3642029198,-0.184784515,-0.01066656,0.0869539804,0.0642858377,0.0024864052,0.0,0.1609227689,0.1085618402,0.0523609286,0.1498883671,0.0342328409,0.1156555262,0.08285974,-0.080373335,0.0231368343,0.1111411701,0.0842689,0.6518406236,0.2118233001,0.4140186916,0.2448598131,0.3403107861,0.113395005,-0.000433088,0.1138280929,-0.016457341,-0.145038168,-0.096830676,-0.853366527,0.6856947211,1.7187527068,2.2723882337,4.0383912249,0.0003847895,0.0216543958,0.1985139185,0.1333333333,3.0,0.2456281284,0.1696980995,0.0849379936,-0.135069218,0.3900251265,0.093953507,0.0363928866,0.0425348329,0.0125860405,,0.0377526809,-0.113005315,0.0053569938,0.0632082358,1.4773459573,1.1499626798,-0.069965557,0.2856111622,0.9529447135,0.5446442037,0.3096706261,1.3893129771,0.1299263751,0.1953659593,-0.032670739,2.1579439252,0.0325117083,0.4974092681,1.3385949372,0.7008268576,6.0,-3.896602187,4.8303009124,415.68307371,-51.70529396,0.3922242186,0.0238325024,0.6130283127,0.2840798158,0.0589399244,0.0456651666,1.1729575944,0.0695597306,0.0796485465,0.0698252257,0.0422137296,0.0416827393,0.0004513418,0.2777674047,0.1141029905,0.3163979516,16.802193298,1.0516615831,0.1633197202,-0.114911863,0.3867917067,0.8149899169,0.0084768,318412.68935965,1.96381162,0.00049758,1.97605436,0.00769103,0.00758988,0.00491975,0.01085306,0.18808951,0.04392438,0.58031685,0.01132106,0.42954181,0.01025135,0.46133972,0.02200483,0.04098567,0.02031041,-0.3850226,0.22773642,0.01491733,0.9652192,0.84110297,0.6831812,0.8034585725,1.1502713981,331,0.9285230894,1.2294565393,-0.602009476,1.2166806254
20110930,20110930,247318.0,01W,SWE,-0.245791,2011,9,20110831,20110831,554.50357543,25.623766032,554.50357543,0.049399388,0.0001443818,0.0528481604,-0.020625272,-0.155839199,-0.010681786,0.168749652,0.5340472423,0.6213453344,0.4434753198,0.231138733,0.0217969287,-0.089203644,,0.4619290037,0.3697301926,0.6885691537,0.3642029198,-0.184784515,-0.01066656,0.0869539804,0.0642858377,0.0024864052,0.0,0.1609227689,0.1085618402,0.0523609286,0.1498883671,0.0342328409,0.1156555262,0.08285974,-0.080373335,0.0231368343,0.1111411701,0.0842689,0.6518406236,0.2118233001,0.4140186916,0.2448598131,0.3403107861,0.113395005,-0.000433088,0.1138280929,-0.016457341,-0.145038168,-0.096830676,-0.853366527,0.6856947211,1.7187527068,2.2723882337,4.0383912249,0.0003847895,0.0216543958,0.1985139185,0.1333333333,3.0,0.2456281284,0.1696980995,0.0849379936,-0.135069218,0.3900251265,0.093953507,0.0363928866,0.0425348329,0.0125860405,,0.0377526809,-0.113005315,0.0053569938,0.0632082358,1.4773459573,1.1499626798,-0.069965557,0.2856111622,0.9529447135,0.5446442037,0.3096706261,1.3893129771,0.1299263751,0.1953659593,-0.032670739,2.1579439252,0.0325117083,0.4974092681,1.3385949372,0.7008268576,6.0,-3.896602187,4.8303009124,415.68307371,-51.70529396,0.3922242186,0.0238325024,0.6600031431,0.3058481434,0.0634563438,0.0491643745,1.2628384089,0.0748899192,0.0857518159,0.0751757586,0.0454484624,0.0448767837,0.000485927,0.2980546197,0.1224366966,0.343651984,16.608238351,1.0331867392,0.2110980185,0.0879882071,0.4102987881,0.8357879206,0.00522345,367783.23033548,3.03223823,0.00062941,3.46256392,0.00724724,0.00737531,0.00798229,0.02809597,0.6641803,0.2367581,0.85313972,0.02496617,0.57648253,0.02553778,0.23174586,0.05742321,0.11338174,0.04164248,0.73754746,0.23208699,0.0164692,0.89429301,0.7812386,0.69312236,0.8253737957,2.6484334829,332,0.8954482186,1.2328491387,-0.608904789,1.1967644865
20111031,20111031,247318.0,01W,SWE,0.178539,2011,10,20110930,20110930,418.21149202,19.325670561,418.21149202,0.0654982892,8.22611e-05,0.052910274,-0.245791171,-0.050253226,-0.098077755,-0.070248263,0.2203393983,0.259492932,0.8145188457,0.0541356323,-0.005469144,-0.038906124,,0.4619290037,0.3697301926,0.6885691537,0.3642029198,-0.184784515,-0.01066656,0.0869539804,0.0642858377,0.0024864052,0.0,0.1609227689,0.1085618402,0.0523609286,0.1498883671,0.0342328409,0.1156555262,0.08285974,-0.080373335,0.0231368343,0.1111411701,0.0842689,0.6518406236,0.2118233001,0.4140186916,0.2448598131,0.3403107861,0.113395005,-0.000433088,0.1138280929,-0.016457341,-0.145038168,-0.096830676,-0.853366527,0.6856947211,1.7187527068,2.2723882337,4.0383912249,0.0003847895,0.0216543958,0.1985139185,0.1333333333,3.0,0.2456281284,0.1696980995,0.0849379936,-0.135069218,0.3900251265,0.093953507,0.0363928866,0.0425348329,0.0125860405,,0.0377526809,-0.113005315,0.0053569938,0.0632082358,1.4773459573,1.1499626798,-0.069965557,0.2856111622,0.9529447135,0.5446442037,0.3096706261,1.3893129771,0.1299263751,0.1953659593,-0.032670739,2.1579439252,0.0325117083,0.4974092681,1.3385949372,0.7008268576,6.0,-3.896602187,4.8303009124,415.68307371,-51.70529396,0.3922242186,0.0238325024,0.8750933669,0.4055218288,0.0841363047,0.0651866865,1.6743882612,0.0992959992,0.113697709,0.0996749916,0.0602597858,0.059501801,0.000644287,0.3892441116,0.1598960729,0.2921650442,15.720149717,1.072513066,0.3769238594,0.3473824046,0.411225848,0.8445225625,0.00745852,347951.3040965,3.21113206,0.00061657,3.54877159,0.0071441,0.00741768,0.00852425,0.01616339,0.03771981,-0.05502356,0.76033172,0.01345128,-1.22875801,0.0135211,-0.46086865,0.02342725,0.03757528,0.02926355,-0.13793543,0.28201575,0.01681364,0.87521962,0.58921705,0.69798536,0.7595389448,1.0243155324,333,0.9056819125,1.2247648821,-0.619138483,1.2130469965
20111130,20111130,247318.0,01W,SWE,-0.049464,2011,11,20111031,20111031,492.87860505,22.776058835,492.87860505,0.0555758294,8.22611e-05,0.052910274,0.178539123,-0.261346934,-0.363555556,-0.301118229,-0.126876353,0.2835566479,0.8448048641,0.011378579,0.0097272687,-0.019447145,,0.5726301149,0.3863699701,0.9298857092,0.5902337384,-0.157386141,0.015014433,0.5577048785,0.0920734409,0.0024864052,0.0,0.1829117524,0.0961741144,0.086737638,0.1826901893,0.0441752272,0.1385149622,0.0951052328,-0.095105233,0.0201632718,0.1257967567,0.0841955735,0.6253192438,0.2024975633,0.449630313,0.2678889596,0.3065458136,0.113395005,-0.000433088,0.0951052328,-0.015243122,-0.139223193,-0.110348355,-1.007867674,0.8007047189,1.6454024839,2.2374086166,3.6408780267,0.0003847895,0.0203334689,0.1985139185,0.1333333333,4.0,0.3542390225,0.1696980995,0.188084334,0.1303215526,0.4957064844,0.0719557609,0.0333445925,0.010013601,0.0014454114,,-0.107895847,-0.118304451,0.0124230176,0.0810468768,1.4570296019,0.7535356226,0.1934178488,0.2944819729,0.9833958742,0.6495625926,0.3184537663,1.3894684271,0.1247300701,0.1872544409,-0.03272524,2.4467661692,0.033447055,0.4974092681,1.1003550251,0.7461838904,7.0,-3.763777947,4.8303009124,415.68307371,-51.70529396,0.5835648317,0.0174030625,0.7906851935,0.323155193,0.090354835,0.0742774623,1.4470038215,0.0865697084,0.0986222196,0.0860409155,0.0511309167,0.0504877605,0.0005466828,0.3699534517,0.1378222285,0.2877698027,16.056665077,1.076248201,0.1474887759,0.0384190172,0.3923817963,0.7810781066,0.00648222,360768.36371936,3.12770478,0.00067119,3.3213743,0.00688631,0.00740392,0.00785528,0.02007992,-0.32228744,-0.12328517,1.12156326,0.01699401,-0.41711438,0.01613625,-0.34035488,0.04981198,0.06944168,0.03232141,-0.35797682,0.25522312,0.01707703,0.82160828,0.69441535,0.70413704,0.7499708226,2.0728522872,334,0.7884527595,1.1655308872,-0.58498108,1.1287989517
20111230,20111231,247318.0,01W,SWE,0.057936,2011,12,20111130,20111130,468.49882977,21.649462568,468.49882977,0.0584678883,8.22611e-05,0.052910274,-0.049464057,-0.111135389,-0.2651314,-0.138767295,0.0174334309,0.3564428488,0.4751038982,0.231128512,-0.015781147,0.0695501026,,0.5726301149,0.3863699701,0.9298857092,0.5902337384,-0.157386141,0.015014433,0.5577048785,0.0920734409,0.0024864052,0.0,0.1829117524,0.0961741144,0.086737638,0.1826901893,0.0441752272,0.1385149622,0.0951052328,-0.095105233,0.0201632718,0.1257967567,0.0841955735,0.6253192438,0.2024975633,0.449630313,0.2678889596,0.3065458136,0.113395005,-0.000433088,0.0951052328,-0.015243122,-0.139223193,-0.110348355,-1.007867674,0.8007047189,1.6454024839,2.2374086166,3.6408780267,0.0003847895,0.0203334689,0.1985139185,0.1333333333,4.0,0.3542390225,0.1696980995,0.188084334,0.1303215526,0.4957064844,0.0719557609,0.0333445925,0.010013601,0.0014454114,,-0.107895847,-0.118304451,0.0124230176,0.0810468768,1.4570296019,0.7535356226,0.1934178488,0.2944819729,0.9833958742,0.6495625926,0.3184537663,1.3894684271,0.1247300701,0.1872544409,-0.03272524,2.4467661692,0.033447055,0.4974092681,1.1003550251,0.7461838904,7.0,-3.763777947,4.8303009124,415.68307371,-51.70529396,0.5835648317,0.0174030625,0.8318309256,0.3399715658,0.0950567264,0.0781427181,1.5223031089,0.091074629,0.1037543297,0.0905183187,0.053791671,0.0531150462,0.0005751311,0.387809774,0.1444744117,0.2852191698,15.886153582,1.0592462117,0.0087260576,-0.162747969,0.3927541672,0.7726502121,0.0080266,313140.32769717,3.5358533,0.00061494,3.59504346,0.00697863,0.00746112,0.00773199,0.01925341,0.30498362,-0.36941972,1.2623724,0.01875139,0.67180029,0.02009651,0.57089942,0.04362566,0.06362236,0.0354157,-0.41357971,0.38874224,0.01775129,0.82876733,0.66006675,0.71497619,0.7679258077,1.6985246548,335,0.7317091158,1.1641994664,-0.598671095,1.061778635
20120131,20120131,247318.0,01W,SWE,0.089935,2012,1,20111230,20111231,495.64197228,22.903754811,495.64197228,0.0552659758,8.22611e-05,0.052910274,0.0579364148,0.120243797,-0.197561076,-0.237967914,-0.214454838,0.1245866495,0.7174576825,0.0033556419,-0.010819258,-0.039958163,,0.5726301149,0.3863699701,0.9298857092,0.5902337384,-0.157386141,0.015014433,0.5577048785,0.0920734409,0.0024864052,0.0,0.1829117524,0.0961741144,0.086737638,0.1826901893,0.0441752272,0.1385149622,0.0951052328,-0.095105233,0.0201632718,0.1257967567,0.0841955735,0.6253192438,0.2024975633,0.449630313,0.2678889596,0.3065458136,0.113395005,-0.000433088,0.0951052328,-0.015243122,-0.139223193,-0.110348355,-1.007867674,0.8007047189,1.6454024839,2.2374086166,3.6408780267,0.0003847895,0.0203334689,0.1985139185,0.1333333333,4.0,0.3542390225,0.1696980995,0.188084334,0.1303215526,0.4957064844,0.0719557609,0.0333445925,0.010013601,0.0014454114,,-0.107895847,-0.118304451,0.0124230176,0.0810468768,1.4570296019,0.7535356226,0.1934178488,0.2944819729,0.9833958742,0.6495625926,0.3184537663,1.3894684271,0.1247300701,0.1872544409,-0.03272524,2.4467661692,0.033447055,0.4974092681,1.1003550251,0.7461838904,7.0,-3.763777947,4.8303009124,415.68307371,-51.70529396,0.5835648317,0.0174030625,0.7862768632,0.3213534963,0.0898510771,0.0738633409,1.4389362987,0.0860870538,0.0980723683,0.085561209,0.050845845,0.0502062747,0.0005436348,0.3680327116,0.1371066772,0.2412841541,16.074933581,1.0659149466,-0.1353756,0.0634687444,0.3914666376,0.7533013601,0.00831196,269782.71619425,4.04826439,0.00055208,3.96176233,0.0071744,0.00753073,0.00443705,0.01461486,0.02341379,0.1312255,0.47349528,0.01331984,0.42933685,0.01494855,-0.17243111,0.02681385,0.03971994,0.01871549,0.06057187,0.43326859,0.01767595,0.81329486,0.69830865,0.71629863,0.7597277614,1.0432746028,336,0.6979530914,1.1791826398,-0.605576947,1.0601884289
20120229,20120229,247318.0,01W,SWE,0.126508,2012,2,20120131,20120131,540.21761086,24.963607595,540.21761086,0.0507057466,8.22611e-05,0.052910274,0.089935157,0.0056065879,-0.124587751,-0.245719964,-0.171722571,-0.024327029,0.6523720079,-0.043627228,0.0013227767,0.018144555,,0.2302898661,0.3491373833,0.5052724489,0.1742169248,0.26471618,0.0462185265,0.1131208904,0.0369047439,0.0024864052,0.0,0.0823682974,0.0379666451,0.0444016523,0.0946510952,0.0109582899,0.0836928054,0.1112166549,-0.111216655,0.0186203592,0.0259884093,0.0870127952,0.6766145114,0.2126455338,0.6023695441,0.3614064269,0.3346663467,0.113395005,-0.000433088,0.1112166549,-0.006223598,-0.051342219,-0.117440253,-0.968835617,0.6392917027,1.7702174452,2.1769036074,3.8461739556,0.0003847895,0.0264282938,0.1985139185,0.1333333333,5.0,0.1575933132,0.1696980995,0.1013438403,0.2533845293,0.1710696432,0.0712924499,0.0291374185,-0.006876222,-0.005640328,,0.1598564412,0.0708463999,0.0210198043,0.0752079706,0.1617990744,0.2410157714,0.0086080815,0.2539588161,0.8324319766,0.6529633682,0.2616156453,1.3933890461,0.1274415326,0.2064219361,0.011033833,2.9814600232,0.0340335761,0.4974092681,1.6205973003,0.5935084712,7.0,-3.206457935,4.8303009124,415.68307371,-51.70529396,0.2727598862,0.0274123024,0.6933796486,0.232563792,0.1414785525,0.1231537114,1.368151397,0.0840500491,0.0883653651,0.0773070236,0.0466503394,0.0460635427,0.0004987772,0.3167131086,0.1274347118,0.2205073128,16.927364958,1.0672660233,0.0049704427,0.1245230758,0.4097304609,0.7574007672,0.00625138,318853.71400259,3.72867314,0.00064964,3.63392306,0.00679665,0.00744538,0.00608141,0.01279591,0.44923464,-0.10446668,0.2336917,0.01240744,0.32530969,0.01265279,-0.41442334,0.02822338,0.04263472,0.0160381,0.8736317,0.46495817,0.01717735,0.81147075,0.76111114,0.71511531,0.7580160442,1.1032811092,337,0.6783225987,1.2831533311,-0.398708703,0.6796399174
20120330,20120331,247318.0,01W,SWE,-0.024795,2012,3,20120229,20120229,608.60947781,28.121704452,608.60947781,0.0450077402,0.0001644297,0.0528281155,0.1265080316,0.1530820923,-0.025763521,-0.19455023,-0.056049361,-0.010681786,0.6651771389,0.074275817,0.0060711599,0.0381377483,,0.2302898661,0.3491373833,0.5052724489,0.1742169248,0.26471618,0.0462185265,0.1131208904,0.0369047439,0.0024864052,0.0,0.0823682974,0.0379666451,0.0444016523,0.0946510952,0.0109582899,0.0836928054,0.1112166549,-0.111216655,0.0186203592,0.0259884093,0.0870127952,0.6766145114,0.2126455338,0.6023695441,0.3614064269,0.3346663467,0.113395005,-0.000433088,0.1112166549,-0.006223598,-0.051342219,-0.117440253,-0.968835617,0.6392917027,1.7702174452,2.1769036074,3.8461739556,0.0003847895,0.0264282938,0.1985139185,0.1333333333,5.0,0.1575933132,0.1696980995,0.1013438403,0.2533845293,0.1710696432,0.0712924499,0.0291374185,-0.006876222,-0.005640328,,0.1598564412,0.0708463999,0.0210198043,0.0752079706,0.1617990744,0.2410157714,0.0086080815,0.2539588161,0.8324319766,0.6529633682,0.2616156453,1.3933890461,0.1274415326,0.2064219361,0.011033833,2.9814600232,0.0340335761,0.4974092681,1.6205973003,0.5935084712,7.0,-3.206457935,4.8303009124,415.68307371,-51.70529396,0.2727598862,0.0274123024,0.6154618205,0.206429674,0.125580045,0.1093144392,1.2144067846,0.0746050109,0.0784353977,0.068619726,0.0414080553,0.0408871993,0.0004427276,0.2846299498,0.1145255268,0.2281712716,17.197733191,1.0667918902,0.0179513196,-0.182534717,0.4106089684,0.7733103105,0.00797807,212551.89051951,2.66851854,0.00043239,2.60104976,0.00756112,0.00757315,0.00302142,0.01898751,1.74806403,0.13824474,0.31035924,0.01741049,0.7568956,0.01700111,0.51250243,0.03577232,0.07615605,0.02149778,1.87973286,0.46562445,0.01757811,0.80288687,0.85739782,0.71275338,0.7593145445,1.3850900319,338,0.7063243615,1.2903068475,-0.405097796,0.6796399174
20120430,20120430,247318.0,01W,SWE,0.003444,2012,4,20120330,20120331,593.5189117,27.424422442,593.5189117,0.0461520884,0.0001644297,0.0528281155,-0.024795155,0.2278207082,0.4551476682,0.0423330458,-0.010153668,-0.098077755,0.6666805508,0.0688092678,-0.002438333,0.0933120778,,0.2302898661,0.3491373833,0.5052724489,0.1742169248,0.26471618,0.0462185265,0.1131208904,0.0369047439,0.0024864052,0.0,0.0823682974,0.0379666451,0.0444016523,0.0946510952,0.0109582899,0.0836928054,0.1112166549,-0.111216655,0.0186203592,0.0259884093,0.0870127952,0.6766145114,0.2126455338,0.6023695441,0.3614064269,0.3346663467,0.113395005,-0.000433088,0.1112166549,-0.006223598,-0.051342219,-0.117440253,-0.968835617,0.6392917027,1.7702174452,2.1769036074,3.8461739556,0.0003847895,0.0264282938,0.1985139185,0.1333333333,5.0,0.1575933132,0.1696980995,0.1013438403,0.2533845293,0.1710696432,0.0712924499,0.0291374185,-0.006876222,-0.005640328,,0.1598564412,0.0708463999,0.0210198043,0.0752079706,0.1617990744,0.2410157714,0.0086080815,0.2539588161,0.8324319766,0.6529633682,0.2616156453,1.3933890461,0.1274415326,0.2064219361,0.011033833,2.9814600232,0.0340335761,0.4974092681,1.6205973003,0.5935084712,7.0,-3.206457935,4.8303009124,415.68307371,-51.70529396,0.2727598862,0.0274123024,0.6311102979,0.2116782694,0.1287729912,0.1120938228,1.2452837886,0.076501887,0.0804296636,0.0703644227,0.0424608794,0.0419267803,0.0004539842,0.2911373893,0.1171439018,0.2159504261,17.143434306,1.0673213887,0.0403848141,0.9255503731,0.4049544886,0.7658589925,0.00463297,395815.36405245,3.38395138,0.00073231,3.19545321,0.00666972,0.00711937,0.00370558,0.01486333,-0.03431719,-0.24510434,0.42337694,0.01125269,0.61182635,0.01156563,0.62565498,0.0210615,0.02386229,0.01541348,0.18596046,0.44082211,0.0174805,0.81533156,0.83613851,0.71068912,0.7405098543,0.8237312135,339,0.7344945564,1.2871402284,-0.411525319,0.7135639582
20120531,20120531,247318.0,01W,SWE,-0.115419,2012,5,20120430,20120430,595.56291428,27.518868616,595.56291428,0.045993692,0.0001644297,0.0528281155,0.003443871,0.0985760907,0.2040899016,0.0481982327,-0.096842657,-0.363555556,0.5700338703,0.0206922389,-0.004006367,0.0916088324,,0.1524545205,0.279641105,0.3878279803,0.1551441023,0.2012183824,0.1089092322,0.5891980638,0.0341834358,0.0024864052,0.0,0.0543881421,0.0342986415,0.0200895006,0.0711655761,0.007972881,0.0631926951,0.0636963203,-0.06369632,0.0141922244,0.0268135629,0.0887590318,0.7026945922,0.2488567415,0.5870422002,0.3548559477,0.3798556209,0.113395005,-0.000433088,0.0636963203,-0.030638961,-0.23790763,-0.094335281,-0.732501447,0.5581211405,1.8380707178,2.1977742116,4.2796278103,0.0003847895,0.0239591516,0.1985139185,0.1333333333,6.0,0.0959789429,0.1696980995,0.0759600738,0.3284421606,0.1299644565,0.0998607094,0.0334938951,0.0125621511,0.0002616475,,0.1607997845,0.1661165231,0.0141363442,0.0849338531,-0.159097933,-0.131549441,0.0834895158,0.2514860679,0.8098235593,0.6338743544,0.2867960767,1.3869055091,0.159424073,0.2182177808,0.0450002648,2.7554112554,0.0386417525,0.4974092681,2.1065537175,0.556084202,7.0,-3.626557585,4.8303009124,415.68307371,-51.70529396,-0.017259871,0.034712388,0.6236454905,0.2263348127,0.0876924924,0.0727504755,1.2799737172,0.0803162545,0.0994241042,0.0889449181,0.0423151514,0.0417828854,0.0004524261,0.2788022891,0.126861314,0.2013103204,16.982773741,1.0683224857,0.0507078015,0.2536732388,0.4274973712,0.8038656097,0.00790619,377353.84245018,3.53283943,0.00067388,3.4193923,0.00686139,0.00703864,0.0067374,0.0185375,-0.37370102,0.20664743,0.29362252,0.0183079,0.09690076,0.0187537,-0.04251288,0.02525727,0.04126689,0.02280587,-0.55473925,0.41886483,0.01791482,0.78031722,0.83901806,0.70973118,0.7376001722,0.9742034636,340,1.3223969022,1.4520196824,0.2395646562,1.1020259178
20120629,20120630,247318.0,01W,SWE,0.011636,2012,6,20120531,20120531,526.82387943,24.342679462,526.82387943,0.0519948665,8.21619e-05,0.0529103732,-0.115418595,-0.021436675,0.2711109354,0.0739587843,-0.112104838,-0.2651314,0.6011989492,-0.129505067,-0.002725778,,,0.1524545205,0.279641105,0.3878279803,0.1551441023,0.2012183824,0.1089092322,0.5891980638,0.0341834358,0.0024864052,0.0,0.0543881421,0.0342986415,0.0200895006,0.0711655761,0.007972881,0.0631926951,0.0636963203,-0.06369632,0.0141922244,0.0268135629,0.0887590318,0.7026945922,0.2488567415,0.5870422002,0.3548559477,0.3798556209,0.113395005,-0.000433088,0.0636963203,-0.030638961,-0.23790763,-0.094335281,-0.732501447,0.5581211405,1.8380707178,2.1977742116,4.2796278103,0.0003847895,0.0239591516,0.1985139185,0.1333333333,6.0,0.0959789429,0.1696980995,0.0759600738,0.3284421606,0.1299644565,0.0998607094,0.0334938951,0.0125621511,0.0002616475,,0.1607997845,0.1661165231,0.0141363442,0.0849338531,-0.159097933,-0.131549441,0.0834895158,0.2514860679,0.8098235593,0.6338743544,0.2867960767,1.3869055091,0.159424073,0.2182177808,0.0450002648,2.7554112554,0.0386417525,0.4974092681,2.1065537175,0.556084202,7.0,-3.626557585,4.8303009124,415.68307371,-51.70529396,-0.017259871,0.034712388,0.7050176355,0.2558665731,0.0991344515,0.0822428271,1.446982392,0.0907957753,0.112396783,0.1005502915,0.0478363565,0.0472346413,0.0005114579,0.3124154688,0.142156067,0.1981072646,16.676076941,1.0635245701,0.0104742871,0.3679618419,0.4278845749,0.7917784967,0.00724634,399922.7285503,3.37150191,0.00070854,3.29643518,0.00677771,0.00703413,0.00405994,0.01262099,-0.38405133,0.01351227,0.27060211,0.01313509,-0.26920301,0.01231667,-0.52726425,0.01459114,0.0187798,0.01612272,-0.09177254,0.2628786,0.01780586,0.74438124,0.74875537,0.71286548,0.7276490435,0.5640058881,341,1.3008460928,1.4361339526,0.2505333216,1.1118322139
20120731,20120731,247318.0,01W,SWE,0.05854,2012,7,20120629,20120630,532.95421687,24.625940804,532.95421687,0.0513967924,8.21619e-05,0.0529103732,0.0116364077,-0.112372211,0.0628248365,0.2596033543,-0.097736794,-0.197561076,0.3706140079,-0.030251907,0.0010822505,0.103932358,,0.1524545205,0.279641105,0.3878279803,0.1551441023,0.2012183824,0.1089092322,0.5891980638,0.0341834358,0.0024864052,0.0,0.0543881421,0.0342986415,0.0200895006,0.0711655761,0.007972881,0.0631926951,0.0636963203,-0.06369632,0.0141922244,0.0268135629,0.0887590318,0.7026945922,0.2488567415,0.5870422002,0.3548559477,0.3798556209,0.113395005,-0.000433088,0.0636963203,-0.030638961,-0.23790763,-0.094335281,-0.732501447,0.5581211405,1.8380707178,2.1977742116,4.2796278103,0.0003847895,0.0239591516,0.1985139185,0.1333333333,6.0,0.0959789429,0.1696980995,0.0759600738,0.3284421606,0.1299644565,0.0998607094,0.0334938951,0.0125621511,0.0002616475,,0.1607997845,0.1661165231,0.0141363442,0.0849338531,-0.159097933,-0.131549441,0.0834895158,0.2514860679,0.8098235593,0.6338743544,0.2867960767,1.3869055091,0.159424073,0.2182177808,0.0450002648,2.7554112554,0.0386417525,0.4974092681,2.1065537175,0.556084202,7.0,-3.626557585,4.8303009124,415.68307371,-51.70529396,-0.017259871,0.034712388,0.6969081284,0.2529234527,0.0979941516,0.0812968241,1.4303383914,0.0897513915,0.1111039323,0.0993937058,0.047286116,0.0466913221,0.0005055748,0.3090920729,0.1406438471,0.220422732,16.70664219,1.0502139559,0.1350499383,0.0815995992,0.428182933,0.8226532366,0.00748308,415388.8212456,3.26978361,0.00073353,3.2085417,0.00667105,0.00705769,0.00468896,0.00829194,-0.17377093,0.4327968,0.73236683,0.00878514,-0.22726291,0.00900201,-0.05129493,0.01996431,0.0587357,0.01778161,1.74704764,0.26510554,0.01769169,0.72920746,0.84629204,0.71420677,0.7226235552,0.779852557,342,1.2719384018,1.428581657,0.2408974246,1.0967593586
20120831,20120831,247318.0,01W,SWE,0.096097,2012,8,20120731,20120731,564.15319562,26.067535935,564.15319562,0.0485544307,8.21619e-05,0.0529103732,0.0585396977,-0.105125245,-0.013526362,0.0812204597,-0.058763491,-0.124587751,0.282356357,-0.020625272,0.0082790659,0.003986242,,0.1248547396,0.1189670872,-0.177780193,0.1114200969,1.1906079756,0.4559247042,-0.288836779,0.0238516236,-0.00020883,0.0,0.0519916911,0.0291645452,0.0228271459,0.0601626885,0.0076496518,0.0525130367,0.0569128114,-0.057121641,0.005807207,0.0261726331,0.0888461538,0.65761347,0.2369326501,0.4487050961,0.269005848,0.3407079646,0.0809030831,-0.025988287,0.1068913701,-0.034040996,-0.288819876,-0.091162637,-0.773466845,0.5537809754,1.7007320644,2.0152078253,3.8348082596,0.0001346154,0.0183016105,-0.004777508,0.1170610212,7.0,0.0847467614,0.0311956822,0.0340090826,0.3883750041,0.0961482786,0.0905465935,0.0328613717,-0.003406914,-0.003531515,,0.0109174713,-0.003534864,0.0195964579,0.0552260568,-0.708458027,-1.973307471,-0.335120268,0.2282236391,0.7397196285,0.4772116695,0.2665148144,1.3881987578,0.1519033675,0.2028916545,0.0219769924,2.2823725982,0.0365036455,0.475091142,1.1545191827,0.5192159844,6.0,-3.611474044,4.3822222555,443.6853508,-41.57349485,0.2827639079,0.0207489936,0.7297090704,0.3197151381,0.1039007424,0.0905458912,1.3889045263,0.0860052418,0.1108452651,0.1022981603,0.065438771,0.065438771,0.0001869679,0.3321121723,0.1355879783,0.2395082274,16.453136303,1.0487012191,-0.016496123,-0.28244155,0.472996302,0.8000101655,0.00677362,387775.07152301,3.28354193,0.00067792,3.2079451,0.00676851,0.0069441,0.00393473,0.01607482,0.00720509,-0.17787158,0.43865558,0.01383503,0.13168153,0.01337066,0.28829953,0.02749025,0.03987407,0.01851689,0.09472759,0.22311835,0.01798425,0.75154454,0.90118982,0.71637555,0.7310487721,1.0790382545,343,0.9669588619,1.4303670142,-0.418683219,1.06911599
20120928,20120930,247318.0,01W,SWE,-0.003998,2012,9,20120831,20120831,591.48123576,27.3302686,591.48123576,0.0437685352,8.21619e-05,0.0443696055,0.0960972164,0.0708572972,-0.073045662,0.2040731197,0.0173186839,-0.025763521,0.2451439127,-0.245791171,0.0393598284,-0.026266015,,0.1248547396,0.1189670872,-0.177780193,0.1114200969,1.1906079756,0.4559247042,-0.288836779,0.0238516236,-0.00020883,0.0,0.0519916911,0.0291645452,0.0228271459,0.0601626885,0.0076496518,0.0525130367,0.0569128114,-0.057121641,0.005807207,0.0261726331,0.0888461538,0.65761347,0.2369326501,0.4487050961,0.269005848,0.3407079646,0.0809030831,-0.025988287,0.1068913701,-0.034040996,-0.288819876,-0.091162637,-0.773466845,0.5537809754,1.7007320644,2.0152078253,3.8348082596,0.0001346154,0.0183016105,-0.004777508,0.1170610212,7.0,0.0847467614,0.0311956822,0.0340090826,0.3883750041,0.0961482786,0.0905465935,0.0328613717,-0.003406914,-0.003531515,,0.0109174713,-0.003534864,0.0195964579,0.0552260568,-0.708458027,-1.973307471,-0.335120268,0.2282236391,0.7397196285,0.4772116695,0.2665148144,1.3881987578,0.1519033675,0.2028916545,0.0219769924,2.2823725982,0.0365036455,0.475091142,1.1545191827,0.5192159844,6.0,-3.611474044,4.3822222555,443.6853508,-41.57349485,0.2827639079,0.0207489936,0.6959945287,0.30494343,0.0991002459,0.086362425,1.3247333636,0.082031566,0.1057239127,0.0975717074,0.0624153219,0.0624153219,0.0001783295,0.3179875263,0.1298214562,0.2530612683,16.586209231,1.0545492981,-0.271203027,-0.66017823,0.4583088059,0.7797581454,0.00617983,420866.75961658,3.11416702,0.00073703,3.04350382,0.00644427,0.00715816,0.00481527,0.01415238,0.28373687,-0.31635888,1.26644398,0.01213331,0.15339103,0.01323158,0.07219531,0.02618373,0.03852106,0.01592082,0.28514692,0.22945987,0.01638784,0.73929946,0.94484418,0.7187986,0.7102647732,1.1466168224,344,0.9769275099,1.4211709528,-0.448589163,1.1096947632
20121031,20121031,247318.0,01W,SWE,-0.083826,2012,10,20120928,20120930,589.15333479,27.221014014,589.15333479,0.0439414763,0.0001442685,0.0443075059,-0.003997567,0.1602624161,0.0418652804,0.2475052153,0.478476697,0.4551476682,0.0266709852,0.178539123,0.0227655839,-0.034579708,,0.1248547396,0.1189670872,-0.177780193,0.1114200969,1.1906079756,0.4559247042,-0.288836779,0.0238516236,-0.00020883,0.0,0.0519916911,0.0291645452,0.0228271459,0.0601626885,0.0076496518,0.0525130367,0.0569128114,-0.057121641,0.005807207,0.0261726331,0.0888461538,0.65761347,0.2369326501,0.4487050961,0.269005848,0.3407079646,0.0809030831,-0.025988287,0.1068913701,-0.034040996,-0.288819876,-0.091162637,-0.773466845,0.5537809754,1.7007320644,2.0152078253,3.8348082596,0.0001346154,0.0183016105,-0.004777508,0.1170610212,7.0,0.0847467614,0.0311956822,0.0340090826,0.3883750041,0.0961482786,0.0905465935,0.0328613717,-0.003406914,-0.003531515,,0.0109174713,-0.003534864,0.0195964579,0.0552260568,-0.708458027,-1.973307471,-0.335120268,0.2282236391,0.7397196285,0.4772116695,0.2665148144,1.3881987578,0.1519033675,0.2028916545,0.0219769924,2.2823725982,0.0365036455,0.475091142,1.1545191827,0.5192159844,6.0,-3.611474044,4.3822222555,443.6853508,-41.57349485,0.2827639079,0.0207489936,0.6987445875,0.3061483423,0.0994918172,0.0867036659,1.3299677362,0.0823556944,0.1061416559,0.097957239,0.0626619414,0.0626619414,0.0001790341,0.319143732,0.1302934882,0.3091802285,16.575354616,1.0687235741,0.2068815044,0.1910976165,0.4605544801,0.8451182685,0.00711742,252965.75078687,1.91815447,0.00044931,1.93311388,0.00729877,0.00713561,0.00334562,0.01167233,-0.09704446,-0.29819696,0.3764617,0.01189751,-0.20349802,0.01164514,0.28736708,0.0164564,0.02119663,0.01480097,-0.50271468,0.20664303,0.01586405,0.71121673,0.94106711,0.71839328,0.7468928406,0.7718216977,345,1.0089144213,1.4444113818,-0.432391895,1.1643353389
20121130,20121130,247318.0,01W,SWE,0.083665,2012,11,20121031,20121031,539.76692445,24.939183311,539.76692445,0.0479619371,0.0001442685,0.0443075059,-0.083826073,0.0917154941,0.0341389129,0.1399927981,0.249484517,0.2040899016,0.1539835883,-0.049464057,0.0196417642,-0.082816857,,0.0088118622,0.0910536623,-0.19107068,-0.024538756,0.5220914083,0.4105946052,-0.085649754,-0.006034116,-0.00020883,0.0,-0.000421651,0.0034327087,-0.003854359,0.0119947881,-0.004842953,0.0168377412,0.0171588593,-0.017158859,0.0048042197,-0.005353827,0.0893216611,0.6869176327,0.2525884747,0.5110718603,0.3080683459,0.3446905697,0.0809030831,-0.025988287,0.0171588593,-0.041228643,-0.334758848,-0.058387502,-0.474081406,0.5222478505,1.7712239478,1.9879383628,3.8589807404,0.0001346154,0.0173176124,-0.004777508,0.1170610212,8.0,0.0130977895,0.0311956822,0.0194658006,0.5611411354,-0.011222976,0.0682657055,0.0299099742,-0.003690055,-0.003434618,,0.0699643381,0.0748491766,0.0264199356,0.0241284937,-1.891202755,-2.147373394,-0.222878627,0.2132223058,0.6929706562,0.5043180491,0.2548142495,1.3877328755,0.1643878744,0.2113598321,0.0396578043,2.5013824885,0.0371013136,0.475091142,0.9343945406,0.4671423389,6.0,-3.688020162,4.3822222555,443.6853508,-41.57349485,0.3391978122,0.0111270656,0.7283623435,0.291183914,0.0950037839,0.0823902872,1.4416156476,0.0897045467,0.1197339375,0.1104406379,0.0683952463,0.0683952463,0.000195415,0.3451381684,0.1422283112,0.2516899351,16.585170346,1.0740061254,0.0108978029,-0.07259568,0.4805415206,0.8555276188,0.00768668,251884.78066182,1.89049844,0.00044766,1.90509627,0.00728117,0.00719785,0.00570205,0.01893452,0.0222762,0.37316896,1.04153835,0.01923761,-0.31172593,0.0194798,-0.31839096,0.02539062,0.03830651,0.02093055,0.21491152,0.20593781,0.01574397,0.66612687,0.86218115,0.71787879,0.7731698189,1.2626246924,346,1.3688404048,1.475064849,0.3409746857,1.2912040746
20121228,20121231,247318.0,01W,SWE,0.05725,2012,12,20121130,20121130,584.92642479,27.02571549,584.92642479,0.0442590148,0.0001442685,0.0443075059,0.0836648159,-0.08748854,0.0710728304,-0.072859092,0.2043154654,0.2711109354,0.3739378653,0.0579364148,0.0219807098,0.1129818356,,0.0088118622,0.0910536623,-0.19107068,-0.024538756,0.5220914083,0.4105946052,-0.085649754,-0.006034116,-0.00020883,0.0,-0.000421651,0.0034327087,-0.003854359,0.0119947881,-0.004842953,0.0168377412,0.0171588593,-0.017158859,0.0048042197,-0.005353827,0.0893216611,0.6869176327,0.2525884747,0.5110718603,0.3080683459,0.3446905697,0.0809030831,-0.025988287,0.0171588593,-0.041228643,-0.334758848,-0.058387502,-0.474081406,0.5222478505,1.7712239478,1.9879383628,3.8589807404,0.0001346154,0.0173176124,-0.004777508,0.1170610212,8.0,0.0130977895,0.0311956822,0.0194658006,0.5611411354,-0.011222976,0.0682657055,0.0299099742,-0.003690055,-0.003434618,,0.0699643381,0.0748491766,0.0264199356,0.0241284937,-1.891202755,-2.147373394,-0.222878627,0.2132223058,0.6929706562,0.5043180491,0.2548142495,1.3877328755,0.1643878744,0.2113598321,0.0396578043,2.5013824885,0.0371013136,0.475091142,0.9343945406,0.4671423389,6.0,-3.688020162,4.3822222555,443.6853508,-41.57349485,0.3391978122,0.0111270656,0.6721288103,0.2687029326,0.0876689753,0.0760293091,1.3303150813,0.082778868,0.1104898265,0.1019140202,0.0631147614,0.0631147614,0.0001803279,0.3203743976,0.1320233857,0.2604692202,16.79734347,1.0556852816,-0.23383897,-0.308260112,0.4800607497,0.8303918374,0.00791744,237837.89669124,1.83892589,0.00042169,1.83351406,0.00737452,0.00720788,0.00335176,0.01292311,0.16410709,-0.63035514,0.70596221,0.01300677,0.23761295,0.013181,-0.11913719,0.02604495,0.04062681,0.0159342,0.54363392,0.19792726,0.01497366,0.51866539,0.93431537,0.71904098,0.7763596577,1.452770085,347,1.3905556642,1.4741732127,0.3095583281,1.360462935
20130131,20130131,247318.0,01W,SWE,0.064427,2013,1,20121228,20121231,618.41337824,28.572933804,618.41337824,0.0418623985,0.0001442685,0.0443075059,0.0572498558,-0.00717455,0.1473331057,0.0302553209,0.2336037203,0.0628248365,0.2876874687,0.089935157,0.0190093188,-0.049838517,,0.0088118622,0.0910536623,-0.19107068,-0.024538756,0.5220914083,0.4105946052,-0.085649754,-0.006034116,-0.00020883,0.0,-0.000421651,0.0034327087,-0.003854359,0.0119947881,-0.004842953,0.0168377412,0.0171588593,-0.017158859,0.0048042197,-0.005353827,0.0893216611,0.6869176327,0.2525884747,0.5110718603,0.3080683459,0.3446905697,0.0809030831,-0.025988287,0.0171588593,-0.041228643,-0.334758848,-0.058387502,-0.474081406,0.5222478505,1.7712239478,1.9879383628,3.8589807404,0.0001346154,0.0173176124,-0.004777508,0.1170610212,8.0,0.0130977895,0.0311956822,0.0194658006,0.5611411354,-0.011222976,0.0682657055,0.0299099742,-0.003690055,-0.003434618,,0.0699643381,0.0748491766,0.0264199356,0.0241284937,-1.891202755,-2.147373394,-0.222878627,0.2132223058,0.6929706562,0.5043180491,0.2548142495,1.3877328755,0.1643878744,0.2113598321,0.0396578043,2.5013824885,0.0371013136,0.475091142,0.9343945406,0.4671423389,6.0,-3.688020162,4.3822222555,443.6853508,-41.57349485,0.3391978122,0.0111270656,0.6357331776,0.2541527258,0.0829217188,0.0719123381,1.2582788014,0.0782964098,0.1045068258,0.0963953976,0.0596971105,0.0596971105,0.0001705632,0.3041900464,0.1253539612,0.2507320323,16.934666784,1.0670358769,-0.128589277,0.0073062763,0.4784769644,0.8275616229,0.0060942,293923.43302444,1.74219606,0.00051129,1.74517448,0.00714145,0.00704911,0.00305884,0.01044091,0.81123702,-0.04037965,-0.05304128,0.00847752,-0.17168385,0.00841494,-0.12432516,0.0165523,0.02766003,0.01061515,0.88375387,0.14013297,0.01474986,0.51027169,0.98780479,0.71831505,0.7851567326,0.9468086491,348,1.4022540937,1.4660510462,0.2980400687,1.4091959357
20130228,20130228,247318.0,01W,SWE,0.096571,2013,2,20130131,20130131,658.31003621,30.413802334,658.31003621,0.039325342,0.0002265228,0.0442252669,0.0644270043,0.1457044703,0.145935068,0.085498971,0.1966100433,-0.013526362,0.6166782069,0.1265080316,0.013365589,0.01998317,,0.1370961418,0.0582359177,-0.050149874,0.0917215834,2.2033763744,0.5097149502,0.1905274529,0.0200638626,-0.00020883,0.0,0.0392927607,0.0141351415,0.0251576192,0.0866141452,0.0195186437,0.0670955015,0.038961882,-0.038961882,0.000910821,0.0487491674,0.0861682293,0.6396982696,0.2298524691,0.5402870741,0.3219239916,0.290752124,0.0809030831,-0.025988287,0.038961882,-0.038637906,-0.349188508,-0.077599788,-0.701304934,0.6245275623,1.6485675389,1.9541212208,3.3742381192,0.0001346154,0.0179018976,-0.004777508,0.1170610212,8.0,0.1049006676,0.0311956822,0.0831110544,0.429783225,0.0225877899,0.0640377945,0.0256009606,-0.007254655,-0.003536458,,0.0363151187,0.0626219679,0.0286028301,-0.013024616,-1.347807667,-2.202087905,-0.112625874,0.2174293418,0.7273984342,0.6295801857,0.2613643558,1.3899562717,0.1492884725,0.191214563,0.0218469399,2.909375,0.0376784188,0.475091142,1.2722227147,0.5098204954,6.0,-3.074511852,4.3822222555,443.6853508,-41.57349485,0.1312820415,0.0254132079,0.6470033633,0.2223856888,0.1413075731,0.1297249851,1.188105258,0.0715912886,0.0965901438,0.0879706186,0.0560791872,0.0560791872,0.0001602262,0.3116782213,0.1095102498,0.2419874855,16.912026039,1.0581306671,-0.093945205,-0.131117717,0.4558110801,0.7782293982,0.00763434,291945.00616328,1.82056634,0.00049561,1.82981453,0.00730554,0.0071821,0.00155321,0.01075608,-0.02401225,-0.25869036,0.45616208,0.01130729,-0.01571784,0.01144001,0.21454121,0.0179611,0.02355198,0.01172776,-0.25580704,0.15665165,0.01459403,0.52255683,0.99494907,0.71725785,0.7879648938,1.0461404177,349,1.174356197,1.422537399,0.0343953698,1.1355702457
20130328,20130331,247318.0,01W,SWE,0.000783,2013,3,20130228,20130228,721.88369576,33.350893687,721.88369576,0.0358621028,0.0001443491,0.0443074254,0.0965710016,0.1253652968,0.1128248602,0.3061934283,0.1306657459,-0.073045662,0.5259238116,-0.024795155,0.0243988759,0.0383800082,,0.1370961418,0.0582359177,-0.050149874,0.0917215834,2.2033763744,0.5097149502,0.1905274529,0.0200638626,-0.00020883,0.0,0.0392927607,0.0141351415,0.0251576192,0.0866141452,0.0195186437,0.0670955015,0.038961882,-0.038961882,0.000910821,0.0487491674,0.0861682293,0.6396982696,0.2298524691,0.5402870741,0.3219239916,0.290752124,0.0809030831,-0.025988287,0.038961882,-0.038637906,-0.349188508,-0.077599788,-0.701304934,0.6245275623,1.6485675389,1.9541212208,3.3742381192,0.0001346154,0.0179018976,-0.004777508,0.1170610212,8.0,0.1049006676,0.0311956822,0.0831110544,0.429783225,0.0225877899,0.0640377945,0.0256009606,-0.007254655,-0.003536458,,0.0363151187,0.0626219679,0.0286028301,-0.013024616,-1.347807667,-2.202087905,-0.112625874,0.2174293418,0.7273984342,0.6295801857,0.2613643558,1.3899562717,0.1492884725,0.191214563,0.0218469399,2.909375,0.0376784188,0.475091142,1.2722227147,0.5098204954,6.0,-3.074511852,4.3822222555,443.6853508,-41.57349485,0.1312820415,0.0254132079,0.590024141,0.2028009937,0.1288631314,0.1183005797,1.0834731689,0.0652865054,0.0880838028,0.0802233676,0.0511404981,0.0511404981,0.0001461157,0.2871335124,0.1008863004,0.2226883545,17.125261726,1.0465475073,-0.23347421,-0.555867894,0.4531600831,0.7617265684,0.00749456,273111.83324682,1.44311887,0.00044888,1.4354792,0.0075468,0.00713421,0.00469226,0.01164444,1.72977422,0.17021981,0.65681951,0.01103387,1.37448507,0.01161007,1.67431736,0.02508609,0.04373429,0.01532864,1.28311926,0.15636116,0.01397812,0.52386076,1.0,0.72186037,0.768284217,1.5107861111,350,1.2151316265,1.4261574299,0.0587966916,1.1898974327
20130430,20130430,247318.0,01W,SWE,0.025313,2013,4,20130328,20130331,722.49375471,33.377005835,722.49375471,0.0358318216,0.0002064506,0.0442453347,0.000782952,0.1672197863,0.2251892479,0.4158583312,0.2713793162,0.0418652804,0.5349975481,0.003443871,0.0241569742,0.0768638868,,0.1370961418,0.0582359177,-0.050149874,0.0917215834,2.2033763744,0.5097149502,0.1905274529,0.0200638626,-0.00020883,0.0,0.0392927607,0.0141351415,0.0251576192,0.0866141452,0.0195186437,0.0670955015,0.038961882,-0.038961882,0.000910821,0.0487491674,0.0861682293,0.6396982696,0.2298524691,0.5402870741,0.3219239916,0.290752124,0.0809030831,-0.025988287,0.038961882,-0.038637906,-0.349188508,-0.077599788,-0.701304934,0.6245275623,1.6485675389,1.9541212208,3.3742381192,0.0001346154,0.0179018976,-0.004777508,0.1170610212,8.0,0.1049006676,0.0311956822,0.0831110544,0.429783225,0.0225877899,0.0640377945,0.0256009606,-0.007254655,-0.003536458,,0.0363151187,0.0626219679,0.0286028301,-0.013024616,-1.347807667,-2.202087905,-0.112625874,0.2174293418,0.7273984342,0.6295801857,0.2613643558,1.3899562717,0.1492884725,0.191214563,0.0218469399,2.909375,0.0376784188,0.475091142,1.2722227147,0.5098204954,6.0,-3.074511852,4.3822222555,443.6853508,-41.57349485,0.1312820415,0.0254132079,0.5895259367,0.2026297527,0.128754322,0.1182006891,1.0825583063,0.0652313788,0.0880094266,0.0801556287,0.0510973161,0.0510973161,0.0001459923,0.2869166911,0.1008101188,0.2266772612,17.127126176,1.0488613113,-0.223621597,-0.371667051,0.4565744656,0.7733085404,0.0056994,372650.9183015,1.91758131,0.00057319,1.81650797,0.00717903,0.00738572,0.00593,0.01393179,0.33820846,-0.08938907,0.38291445,0.01396167,0.17198327,0.01278836,-0.31061543,0.01813363,0.03097149,0.01395015,0.38573436,0.15389495,0.01376697,0.59279666,0.97557035,0.72290118,0.8081563192,1.0987595181,351,1.2053321779,1.4254402139,0.048997243,1.1574087656
20130531,20130531,247318.0,01W,SWE,-0.024067,2013,5,20130430,20130430,740.78234847,34.221883035,740.78234847,0.0349471979,0.0002064506,0.0442453347,0.0253131513,0.097429564,0.3383359599,0.3386053289,0.2680078895,0.0341389129,0.4757687014,-0.115418595,0.0369507693,0.096575416,,0.2266055291,0.0466665189,-0.074164445,0.1430505505,2.0850760868,0.5976200115,0.2299189854,0.029682551,-0.00020883,0.0,0.0551587117,0.0290973175,0.0260613941,0.1197639281,0.014330092,0.1054338362,0.0759851297,-0.07598513,-0.010159884,0.0651233896,0.0816682774,0.6102262576,0.2118587355,0.4699791952,0.299995756,0.273859189,0.0809030831,-0.025988287,0.0759851297,-0.036588907,-0.33785375,-0.112574036,-1.039483378,0.6455818574,1.5800178442,1.9295601004,3.3533116878,0.0001346154,0.0293522267,-0.004777508,0.1170610212,8.0,0.1612927765,0.0311956822,0.1221730849,0.2849004888,0.0780015313,0.1007920023,0.0346438676,0.0009312929,0.0011499725,,-0.050276288,0.0383809231,0.0261233525,-0.049910093,-0.569639599,-0.059303377,-0.135908881,0.214986941,0.7485069015,0.5734235931,0.2598670963,1.2781915746,0.1448869698,0.1752698287,-0.014537103,2.7700934579,0.0420744624,0.475091142,1.6091321372,0.5491584133,6.0,-3.234626133,4.3822222555,443.6853508,-41.57349485,-0.100337672,0.0325376585,0.6150065277,0.2220165265,0.1172330257,0.0991812147,1.0770761396,0.0666040157,0.0891064322,0.0813063635,0.0498358146,0.0498358146,0.000142388,0.2922154572,0.0980658033,0.245099514,16.946725808,1.0485363142,-0.198246751,-0.081803304,0.4397680946,0.7900150542,0.00591846,473068.36850442,2.13636582,0.00070045,2.02705272,0.0068261,0.00720482,0.00291318,0.01487605,0.71780901,-0.32030729,0.88515171,0.01311229,0.42896001,0.01325119,-0.14030389,0.02516685,0.03832501,0.02058455,-0.46553949,0.14445412,0.01351919,0.74162949,0.99206412,0.72382441,0.8530977038,1.543361533,352,1.1895090467,1.3397753959,-0.172524213,1.3549929353
20130628,20130630,247318.0,01W,SWE,-0.001727,2013,6,20130531,20130531,722.95360649,33.398249583,722.95360649,0.0358090299,0.0002064506,0.0442453347,-0.02406745,0.0261159223,0.2662711205,0.2521605088,0.4697405551,0.0710728304,0.1942738019,0.0116364077,0.0337049641,,,0.2266055291,0.0466665189,-0.074164445,0.1430505505,2.0850760868,0.5976200115,0.2299189854,0.029682551,-0.00020883,0.0,0.0551587117,0.0290973175,0.0260613941,0.1197639281,0.014330092,0.1054338362,0.0759851297,-0.07598513,-0.010159884,0.0651233896,0.0816682774,0.6102262576,0.2118587355,0.4699791952,0.299995756,0.273859189,0.0809030831,-0.025988287,0.0759851297,-0.036588907,-0.33785375,-0.112574036,-1.039483378,0.6455818574,1.5800178442,1.9295601004,3.3533116878,0.0001346154,0.0293522267,-0.004777508,0.1170610212,8.0,0.1612927765,0.0311956822,0.1221730849,0.2849004888,0.0780015313,0.1007920023,0.0346438676,0.0009312929,0.0011499725,,-0.050276288,0.0383809231,0.0261233525,-0.049910093,-0.569639599,-0.059303377,-0.135908881,0.214986941,0.7485069015,0.5734235931,0.2598670963,1.2781915746,0.1448869698,0.1752698287,-0.014537103,2.7700934579,0.0420744624,0.475091142,1.6091321372,0.5491584133,6.0,-3.234626133,4.3822222555,443.6853508,-41.57349485,-0.100337672,0.0325376585,0.6301731893,0.2274916709,0.1201241066,0.1016271203,1.1036378891,0.0682465358,0.0913038839,0.0833114578,0.0510648144,0.0510648144,0.0001458995,0.2987569797,0.1002611001,0.2671677068,16.887869735,1.0477021728,-0.160235429,-0.615560564,0.447851606,0.7959742039,0.00685902,534094.92856165,2.21623802,0.00077159,2.1404216,0.0067084,0.00718311,0.00325239,0.01504802,-0.88718876,-0.15052637,0.09904003,0.01580727,-0.76672835,0.01572841,-0.53636683,0.01830241,0.02135817,0.01627923,-0.35206644,0.14738628,0.01369171,0.85972423,0.91551796,0.72414564,0.9132679751,1.1296017902,353,1.17281449,1.3487125424,-0.167544927,1.3326564407
20130731,20130731,247318.0,01W,SWE,0.195248,2013,7,20130628,20130630,721.70525069,33.340579356,721.70525069,0.0358709699,0.0002064506,0.0442453347,-0.001726744,0.0006364785,0.1688771553,0.2269289295,0.4178687492,0.1473331057,0.355058975,0.0585396977,0.0282261967,0.0872467293,,0.2266055291,0.0466665189,-0.074164445,0.1430505505,2.0850760868,0.5976200115,0.2299189854,0.029682551,-0.00020883,0.0,0.0551587117,0.0290973175,0.0260613941,0.1197639281,0.014330092,0.1054338362,0.0759851297,-0.07598513,-0.010159884,0.0651233896,0.0816682774,0.6102262576,0.2118587355,0.4699791952,0.299995756,0.273859189,0.0809030831,-0.025988287,0.0759851297,-0.036588907,-0.33785375,-0.112574036,-1.039483378,0.6455818574,1.5800178442,1.9295601004,3.3533116878,0.0001346154,0.0293522267,-0.004777508,0.1170610212,8.0,0.1612927765,0.0311956822,0.1221730849,0.2849004888,0.0780015313,0.1007920023,0.0346438676,0.0009312929,0.0011499725,,-0.050276288,0.0383809231,0.0261233525,-0.049910093,-0.569639599,-0.059303377,-0.135908881,0.214986941,0.7485069015,0.5734235931,0.2598670963,1.2781915746,0.1448869698,0.1752698287,-0.014537103,2.7700934579,0.0420744624,0.475091142,1.6091321372,0.5491584133,6.0,-3.234626133,4.3822222555,443.6853508,-41.57349485,-0.100337672,0.0325376585,0.6312632193,0.2278851702,0.120331889,0.1018029078,1.1055468856,0.0683645839,0.091461815,0.0834555642,0.0511531428,0.0511531428,0.0001461518,0.2992260011,0.1004185009,0.26503949,16.883639741,1.0511741447,-0.148085051,-0.599741693,0.4448133506,0.8030351183,0.00803144,477679.29878978,2.43103133,0.000667,2.39865294,0.00694582,0.00722044,0.00469108,0.01914536,-0.23199745,-0.15017652,0.33908569,0.02021998,-0.4257825,0.02019675,-0.72669283,0.02471276,0.04762557,0.02207471,-0.22520374,0.15952596,0.0144407,0.72330645,0.91393709,0.72286694,0.9443731777,1.4922019202,354,1.124354583,1.3487125424,-0.168425585,1.2754018033
20130830,20130831,247318.0,01W,SWE,0.031802,2013,8,20130731,20130731,862.61691112,39.850267892,862.61691112,0.0300113144,0.0002064506,0.0442453347,0.1952482129,-0.025752635,0.0962318684,0.3368753476,0.3371444226,0.145935068,0.4676747277,0.0960972164,0.0372399236,-0.003331171,,0.1387321869,0.0556713345,0.1112586924,0.055085176,17.79750497,0.618009512,0.5428437915,0.0115092178,-0.000269983,0.0,0.0462552566,0.0028670396,0.043388217,0.0684029916,0.0042825681,0.0641204235,0.069931084,-0.070201067,-0.010812969,0.0450227333,0.0781047566,0.6091770085,0.177824951,0.3864741641,0.2416413374,0.2537582682,0.1475191295,0.0071848465,0.140334283,-0.006858263,-0.066037736,-0.077059329,-0.74199895,0.6147368729,1.5936316133,1.8789921591,3.2489476849,3.70165e-05,0.0235140431,-0.107587634,0.1676098087,0.0,0.1224235494,0.0261475454,0.0367801183,-0.086301092,0.0897504596,0.0660915028,0.0238589433,-0.024455091,-0.009002428,,0.0041785959,-0.049953686,0.0065339645,-0.041886104,-0.297999933,-1.5625637,-0.088570162,0.194685271,0.6936894671,0.4316972782,0.2024949954,1.2830188679,0.110711953,0.1709666884,-0.041191415,2.3267477204,0.0436186233,0.4579405617,1.0228736525,0.5120018087,5.0,-3.230268958,4.2310948387,451.33394953,-46.53502784,-0.014813862,0.0170489916,0.5434385284,0.2335614315,0.10595454,0.093176103,0.9589152087,0.0564380967,0.0601651408,0.0539534006,,0.0273316569,3.54957e-05,0.2699898011,0.084958306,0.264974448,17.253956837,1.0648603188,-0.086131318,0.0546907946,0.4247560023,0.8085852679,0.00720821,491565.71009844,2.35414525,0.00067145,2.35859653,0.00688474,0.00724404,0.0046593,0.01848776,0.79694685,-0.45057132,-0.23334953,0.01814518,0.49641207,0.01862079,0.73780297,0.03642291,0.04850102,0.01902273,0.6211423,0.13984239,0.01476486,0.70914124,0.98165388,0.72470974,0.9760301481,2.1777710086,355,0.7290468451,1.2035286614,-0.756216293,1.2023178877
20130930,20130930,247318.0,01W,SWE,0.09986,2013,9,20130830,20130831,864.08616427,39.914860681,864.08616427,0.0303689741,0.0002886981,0.0293981263,0.0318015558,0.1931843252,0.194878562,0.4745314664,0.4581001188,0.1128248602,0.6230567052,-0.003997567,0.0404943894,-0.066389437,,0.1387321869,0.0556713345,0.1112586924,0.055085176,17.79750497,0.618009512,0.5428437915,0.0115092178,-0.000269983,0.0,0.0462552566,0.0028670396,0.043388217,0.0684029916,0.0042825681,0.0641204235,0.069931084,-0.070201067,-0.010812969,0.0450227333,0.0781047566,0.6091770085,0.177824951,0.3864741641,0.2416413374,0.2537582682,0.1475191295,0.0071848465,0.140334283,-0.006858263,-0.066037736,-0.077059329,-0.74199895,0.6147368729,1.5936316133,1.8789921591,3.2489476849,3.70165e-05,0.0235140431,-0.107587634,0.1676098087,0.0,0.1224235494,0.0261475454,0.0367801183,-0.086301092,0.0897504596,0.0660915028,0.0238589433,-0.024455091,-0.009002428,,0.0041785959,-0.049953686,0.0065339645,-0.041886104,-0.297999933,-1.5625637,-0.088570162,0.194685271,0.6936894671,0.4316972782,0.2024949954,1.2830188679,0.110711953,0.1709666884,-0.041191415,2.3267477204,0.0436186233,0.4579405617,1.0228736525,0.5120018087,5.0,-3.230268958,4.2310948387,451.33394953,-46.53502784,-0.014813862,0.0170489916,0.54251449,0.2331642942,0.1057743797,0.0930176706,0.9572847125,0.0563421319,0.0600628387,0.0538616607,,0.0272851834,3.54353e-05,0.269569791,0.0848261405,0.2561735208,17.257492515,1.0651282373,-0.11080347,0.342611441,0.4086255476,0.8073766223,0.00817277,469821.7801421,2.45557578,0.00063041,2.50263684,0.00696315,0.0073936,0.00618259,0.02160092,0.10699252,0.08948231,0.56590623,0.01605389,0.28804774,0.01531686,0.41053253,0.03265143,0.03910144,0.02239594,0.18571082,0.14529391,0.01550529,0.61815136,0.92521909,0.72229947,1.0122032214,1.8830952425,356,0.6964625555,1.2078521109,-0.75108707,1.1600164263
20131031,20131031,247318.0,01W,SWE,0.041398,2013,10,20130930,20130930,950.37397213,43.900766221,950.37397213,0.0276116677,0.0002265825,0.0294602258,0.0998601892,0.2332589656,0.2319130306,0.4390390813,0.5105083297,0.2251892479,1.0089659804,-0.083826073,0.0571931405,-0.002074289,,0.1387321869,0.0556713345,0.1112586924,0.055085176,17.79750497,0.618009512,0.5428437915,0.0115092178,-0.000269983,0.0,0.0462552566,0.0028670396,0.043388217,0.0684029916,0.0042825681,0.0641204235,0.069931084,-0.070201067,-0.010812969,0.0450227333,0.0781047566,0.6091770085,0.177824951,0.3864741641,0.2416413374,0.2537582682,0.1475191295,0.0071848465,0.140334283,-0.006858263,-0.066037736,-0.077059329,-0.74199895,0.6147368729,1.5936316133,1.8789921591,3.2489476849,3.70165e-05,0.0235140431,-0.107587634,0.1676098087,0.0,0.1224235494,0.0261475454,0.0367801183,-0.086301092,0.0897504596,0.0660915028,0.0238589433,-0.024455091,-0.009002428,,0.0041785959,-0.049953686,0.0065339645,-0.041886104,-0.297999933,-1.5625637,-0.088570162,0.194685271,0.6936894671,0.4316972782,0.2024949954,1.2830188679,0.110711953,0.1709666884,-0.041191415,2.3267477204,0.0436186233,0.4579405617,1.0228736525,0.5120018087,5.0,-3.230268958,4.2310948387,451.33394953,-46.53502784,-0.014813862,0.0170489916,0.4932576843,0.2119944848,0.0961707503,0.0845722679,0.8703694541,0.0512266308,0.0546095216,0.0489713704,,0.0248078652,3.2218e-05,0.2470031132,0.0777250326,0.2569003714,17.445965431,1.0679878585,0.0117013641,0.4571815094,0.4154648201,0.8221747111,0.0060823,474323.69567962,2.36689813,0.00058925,2.46953103,0.00707588,0.00726171,0.00536634,0.01436911,0.82005461,0.13958634,0.86635741,0.01273658,0.9405334,0.01440736,0.97451077,0.02796698,0.04846177,0.01739923,0.67544734,0.14020801,0.01566944,0.61444535,0.96322097,0.71566527,1.0389859254,1.595200075,357,0.703861905,1.2098151208,-0.75906676,1.1762593872
20131129,20131130,247318.0,01W,SWE,0.017367,2013,11,20131031,20131031,989.71708058,45.71814828,989.71708058,0.0265140522,0.0002265825,0.0294602258,0.041397502,0.1348374544,0.3214812442,0.4869425426,0.8133543512,0.3383359599,1.5274985676,0.0836648159,0.0533506574,-0.044773935,,0.2441776494,0.0860116363,0.1037063996,0.1439238243,11.655269323,0.6427055811,0.7230414619,0.0277473454,-0.000269983,0.0,0.0847164848,0.0317124591,0.0530040257,0.0994059842,0.0213900136,0.0780159706,0.0884386249,-0.088438625,-0.010933826,0.0494769197,0.0767684342,0.5961308448,0.1799618689,0.4320024086,0.2719434204,0.2465127188,,,0.0884386249,-0.014654016,-0.145325634,-0.103092641,-1.022382055,0.6806982232,1.5654478293,1.9156194791,3.2111208404,3.70165e-05,0.0260527113,-0.107587634,0.1676098087,1.0,0.163012151,0.0261475454,0.0972530896,-0.107179532,0.1485013638,0.0693505996,0.0290810483,0.0010848941,-0.000828926,,0.0035871057,-0.104100746,0.0018486111,-0.042753444,0.3854063328,0.0623792388,-0.08101821,0.2056723353,0.7416926732,0.498522268,0.2239045351,1.2727590729,0.1154897471,0.1653078525,-0.048898127,2.6968954248,0.0432111841,0.4579405617,0.9800221029,0.5615006523,6.0,-3.216468584,4.2310948387,451.33394953,-46.53502784,-0.137250171,0.0102633245,0.4942254245,0.1832571704,0.0955213029,0.0826453906,0.8538452551,0.0498355817,0.0570779693,0.0514840177,,,3.09373e-05,0.2456044826,0.0754626993,0.2845686538,17.566666248,1.0705425064,0.0417257104,-0.007157429,0.4014883193,0.8319000816,0.0067738,461895.60053191,2.17456655,0.00053104,2.2455107,0.00726505,0.00718606,0.00626778,0.02273521,1.11301655,-0.1062047,0.49977322,0.02322299,1.08134715,0.02362589,0.77053412,0.03811743,0.06356848,0.02426916,0.85281793,0.14237824,0.01608293,0.67193327,0.95381683,0.68638212,1.0318574647,2.137856127,358,0.915480517,1.1746788377,-0.345030346,1.1347237752
20131230,20131231,247318.0,01W,SWE,0.0587,2013,12,20131129,20131130,1006.9059475,46.512156167,1006.9059475,0.0260614314,0.0002265825,0.0294602258,0.0173674551,0.1453916536,0.4101253887,0.4121276664,0.7426261922,0.2662711205,2.3805767278,0.0572498558,0.0497249846,0.0952664664,,0.2441776494,0.0860116363,0.1037063996,0.1439238243,11.655269323,0.6427055811,0.7230414619,0.0277473454,-0.000269983,0.0,0.0847164848,0.0317124591,0.0530040257,0.0994059842,0.0213900136,0.0780159706,0.0884386249,-0.088438625,-0.010933826,0.0494769197,0.0767684342,0.5961308448,0.1799618689,0.4320024086,0.2719434204,0.2465127188,,,0.0884386249,-0.014654016,-0.145325634,-0.103092641,-1.022382055,0.6806982232,1.5654478293,1.9156194791,3.2111208404,3.70165e-05,0.0260527113,-0.107587634,0.1676098087,1.0,0.163012151,0.0261475454,0.0972530896,-0.107179532,0.1485013638,0.0693505996,0.0290810483,0.0010848941,-0.000828926,,0.0035871057,-0.104100746,0.0018486111,-0.042753444,0.3854063328,0.0623792388,-0.08101821,0.2056723353,0.7416926732,0.498522268,0.2239045351,1.2727590729,0.1154897471,0.1653078525,-0.048898127,2.6968954248,0.0432111841,0.4579405617,0.9800221029,0.5615006523,6.0,-3.216468584,4.2310948387,451.33394953,-46.53502784,-0.137250171,0.0102633245,0.4857885143,0.1801287917,0.093890661,0.0812345531,0.8392692835,0.0489848397,0.0561035926,0.0506051353,,,3.04092e-05,0.241726778,0.0742712632,0.268913928,17.596824979,1.0402793151,-0.012474184,0.1857666743,0.4031170053,0.818352984,0.00750184,452736.96712514,1.83693027,0.00049212,1.78053694,0.00735096,0.00717914,0.00390598,0.01402581,0.25648298,-0.03068989,1.04955021,0.01296182,-0.32389182,0.01177203,-0.74332269,0.02276787,0.02646423,0.01701777,-0.08302709,0.14131177,0.01616776,0.70385787,0.96525584,0.67155169,1.0197962936,1.2710484897,359,0.8992907445,1.1639389028,-0.367057447,1.0847593856
20140131,20140131,247318.0,01W,SWE,-0.057491,2014,1,20131230,20131231,1066.0110043,16.414134948,1066.0110043,0.0246164535,0.0002265825,0.0294602258,0.0586996798,0.0594839264,0.437097177,0.4355287801,0.6768894927,0.1688771553,2.3256096336,0.0644270043,0.0492043187,0.0056113822,,0.2441776494,0.0860116363,0.1037063996,0.1439238243,11.655269323,0.6427055811,0.7230414619,0.0277473454,-0.000269983,0.0,0.0847164848,0.0317124591,0.0530040257,0.0994059842,0.0213900136,0.0780159706,0.0884386249,-0.088438625,-0.010933826,0.0494769197,0.0767684342,0.5961308448,0.1799618689,0.4320024086,0.2719434204,0.2465127188,,,0.0884386249,-0.014654016,-0.145325634,-0.103092641,-1.022382055,0.6806982232,1.5654478293,1.9156194791,3.2111208404,3.70165e-05,0.0260527113,-0.107587634,0.1676098087,1.0,0.163012151,0.0261475454,0.0972530896,-0.107179532,0.1485013638,0.0693505996,0.0290810483,0.0010848941,-0.000828926,,0.0035871057,-0.104100746,0.0018486111,-0.042753444,0.3854063328,0.0623792388,-0.08101821,0.2056723353,0.7416926732,0.498522268,0.2239045351,1.2727590729,0.1154897471,0.1653078525,-0.048898127,2.6968954248,0.0432111841,0.4579405617,0.9800221029,0.5615006523,6.0,-3.216468584,4.2310948387,451.33394953,-46.53502784,-0.137250171,0.0102633245,0.4588539352,0.1701415379,0.0886848866,0.0767304975,0.7927359378,0.0462688718,0.0529929249,0.0477993299,,,2.87231e-05,0.2292793192,0.0704467448,0.2583740914,17.693105809,1.042772059,0.0835563413,0.1438337004,0.403847519,0.8184676047,0.00572901,600475.93205926,2.26716521,0.00063867,2.24739391,0.00698251,0.0071207,0.00328425,0.01510536,-0.09887159,0.086429,1.70051528,0.01276903,-0.15590434,0.01081034,-0.6219885,0.02499347,0.035368,0.01851733,-0.13444757,0.13955154,0.01642309,0.69278622,1.0,0.66970676,1.03075312,1.3638940781,360,0.9014909031,1.1665241657,-0.398120348,1.0798230835
20140228,20140228,247318.0,01W,SWE,0.03208,2014,2,20140131,20140131,1004.7253507,15.470475845,1004.7253507,0.0261179936,0.0001443282,0.0295424649,-0.057490639,0.077086599,0.2729191349,0.4822728626,0.6678667131,0.0962318684,2.8526376823,0.0965710016,0.0351987151,0.0032333896,,0.1743477042,0.1290697775,0.2287494026,0.0851188667,2.2281371363,0.6119792858,0.7568452835,0.0173094803,-0.000269983,0.0,0.068308858,0.0312708238,0.0370380342,0.0717447999,0.0159371177,0.0558076822,0.0384226046,-0.038422605,-0.009411434,0.0568304763,0.0783879572,0.6123444989,0.1982115058,0.4796953752,0.3029191465,0.2515071121,,,0.0384226046,-0.024904708,-0.2352262,-0.063327312,-0.598129608,0.6582633723,1.594341443,1.9070854979,3.208491728,3.70165e-05,0.023653906,-0.107587634,0.1676098087,2.0,0.1090331539,0.0261475454,0.0674719147,0.1671277746,0.2097233174,0.0755324587,0.0280071886,0.0114946642,0.002406228,,0.0283146651,-0.081904185,0.0037767915,-0.025039646,2.0208437841,1.739972968,0.0488968295,0.2035224405,0.7191053565,0.5728368763,0.2327692268,1.2615384041,0.1307802761,0.1733067982,-0.018508196,2.8610863758,0.0422375024,0.4579405617,1.4972960151,0.5239425565,5.0,-3.055767451,4.2310948387,451.33394953,-46.53502784,-0.25755171,0.012322369,0.4978360672,0.1740024599,0.1117148473,0.0999390798,0.8789391639,0.0527086766,0.0651071383,0.0581676128,,,3.04751e-05,0.2490515563,0.0784392303,0.2379533838,17.519751203,1.0562104937,0.2638583185,-0.040687066,0.4203179378,0.8136179414,0.00790907,605365.64696628,2.2435065,0.0006255,2.28190375,0.0070904,0.00715914,0.00906833,0.02520131,0.19974266,-0.23018944,1.66875099,0.02275957,0.63162222,0.01817527,0.000463,0.03256481,0.06031598,0.0268234,0.29447984,0.13169037,0.01771031,0.73596882,0.90522614,0.66264897,1.1004585146,1.6583924925,361,0.6818382972,1.2799570071,-0.672686105,0.8473912286
20140331,20140331,247318.0,01W,SWE,-0.017049,2014,3,20140228,20140228,1036.9568083,15.966766682,1036.9568083,0.0253061749,0.0001443282,0.0295424649,0.0320798689,-0.002165641,0.1627606045,0.4315088155,0.4335414562,0.194878562,3.7543415985,0.000782952,0.0380438893,0.0398211753,,0.1743477042,0.1290697775,0.2287494026,0.0851188667,2.2281371363,0.6119792858,0.7568452835,0.0173094803,-0.000269983,0.0,0.068308858,0.0312708238,0.0370380342,0.0717447999,0.0159371177,0.0558076822,0.0384226046,-0.038422605,-0.009411434,0.0568304763,0.0783879572,0.6123444989,0.1982115058,0.4796953752,0.3029191465,0.2515071121,,,0.0384226046,-0.024904708,-0.2352262,-0.063327312,-0.598129608,0.6582633723,1.594341443,1.9070854979,3.208491728,3.70165e-05,0.023653906,-0.107587634,0.1676098087,2.0,0.1090331539,0.0261475454,0.0674719147,0.1671277746,0.2097233174,0.0755324587,0.0280071886,0.0114946642,0.002406228,,0.0283146651,-0.081904185,0.0037767915,-0.025039646,2.0208437841,1.739972968,0.0488968295,0.2035224405,0.7191053565,0.5728368763,0.2327692268,1.2615384041,0.1307802761,0.1733067982,-0.018508196,2.8610863758,0.0422375024,0.4579405617,1.4972960151,0.5239425565,5.0,-3.055767451,4.2310948387,451.33394953,-46.53502784,-0.25755171,0.012322369,0.4823619588,0.1685939869,0.1082424439,0.0968326995,0.8516193275,0.0510703466,0.0630834302,0.056359604,,,2.95279e-05,0.2419937758,0.0762163698,0.2228471731,17.576122303,1.0303987868,0.1033479753,-0.350230943,0.4256393572,0.8009484693,0.00743901,660440.63511749,2.09424807,0.00067849,2.14006035,0.00700578,0.00716542,0.00524588,0.01163871,0.194087,0.02377792,1.38489926,0.01211945,0.18539564,0.01216993,0.11617181,0.02526285,0.03707208,0.01684215,0.4111896,0.10891158,0.01775595,0.74899256,0.93426568,0.64943797,1.1035574435,1.2813955738,362,0.7445781819,1.2927493426,-0.653775965,0.8417811279
20140430,20140430,247318.0,01W,SWE,-0.029527,2014,4,20140331,20140331,1019.2776003,15.694547255,1019.2776003,0.0257451064,8.22306e-05,0.0296045555,-0.017049127,-0.027255062,0.091103964,0.4799869893,0.478371784,0.2319130306,3.4147723552,0.0253131513,0.0341927731,0.066795774,,0.1743477042,0.1290697775,0.2287494026,0.0851188667,2.2281371363,0.6119792858,0.7568452835,0.0173094803,-0.000269983,0.0,0.068308858,0.0312708238,0.0370380342,0.0717447999,0.0159371177,0.0558076822,0.0384226046,-0.038422605,-0.009411434,0.0568304763,0.0783879572,0.6123444989,0.1982115058,0.4796953752,0.3029191465,0.2515071121,,,0.0384226046,-0.024904708,-0.2352262,-0.063327312,-0.598129608,0.6582633723,1.594341443,1.9070854979,3.208491728,3.70165e-05,0.023653906,-0.107587634,0.1676098087,2.0,0.1090331539,0.0261475454,0.0674719147,0.1671277746,0.2097233174,0.0755324587,0.0280071886,0.0114946642,0.002406228,,0.0283146651,-0.081904185,0.0037767915,-0.025039646,2.0208437841,1.739972968,0.0488968295,0.2035224405,0.7191053565,0.5728368763,0.2327692268,1.2615384041,0.1307802761,0.1733067982,-0.018508196,2.8610863758,0.0422375024,0.4579405617,1.4972960151,0.5239425565,5.0,-3.055767451,4.2310948387,451.33394953,-46.53502784,-0.25755171,0.012322369,0.4907284503,0.1715182228,0.1101198919,0.0985122473,0.8663905294,0.0519561536,0.0641776022,0.0573371524,,,3.00401e-05,0.2458147105,0.07741978,0.2227114978,17.545643757,1.0410259627,-0.108174171,-0.448936846,0.4267183064,0.7778062614,0.0072442,604190.70888544,2.21879151,0.0006108,2.284377,0.00723581,0.00733047,0.00534983,0.01247661,-0.36180567,-0.21468682,0.51466079,0.01123267,-0.17384394,0.01144903,-0.43426753,0.02055896,0.03614052,0.01826832,-0.4689876,0.1104387,0.01761736,0.8103479,0.91833726,0.64735773,1.0878747356,1.0287194298,363,0.7354979602,1.2937288319,-0.644695743,0.7895834574
20140530,20140531,247318.0,01W,SWE,0.120562,2014,5,20140430,20140430,989.18152637,15.231136448,989.18152637,0.0265284072,8.22306e-05,0.0296045555,-0.029526867,0.0144838085,0.0298676463,0.2171149791,0.4172907413,0.3214812442,2.8384075925,-0.02406745,0.0336964625,0.0444506116,,0.1522516896,0.1273602788,0.2069856583,0.065015464,2.9192541675,0.5099384455,0.5508564623,0.0133827831,-0.000269983,0.0,0.0610756616,0.0130691436,0.048006518,0.0674607004,0.0237368396,0.0437238608,0.0478565395,-0.047856539,0.0043827166,0.0456454991,0.0778887486,0.5957087959,0.1937572196,0.4538320381,0.2729886125,0.2457124652,,,0.0478565395,-0.025744276,-0.262729918,-0.073600815,-0.751123719,0.6320122735,1.5490099825,1.8347054322,3.1546593032,3.70165e-05,0.0290714921,-0.107587634,0.1676098087,3.0,0.105696484,0.0261475454,0.0583853685,0.1174702371,0.0754254088,0.075713815,0.0264633097,-0.025078187,-0.008180558,,0.0169592789,-0.099870355,0.007283333,-0.027358135,-0.124260518,-1.380431834,0.0122907843,0.1935931983,0.6864064666,0.5199523489,0.2232570836,1.3177795574,0.1237318822,0.1680129438,-0.021155088,2.7859504132,0.0429754107,0.4579405617,1.3586750991,0.5096432124,5.0,-3.106537769,4.2310948387,451.33394953,-46.53502784,-0.387412891,0.0169839084,0.5306909815,0.1904883084,0.1131909866,0.0977630079,0.9093346965,0.052001139,0.065663394,0.0586129711,,,3.0954e-05,0.2625806428,0.0812224072,0.2250080059,17.525284663,1.124125977,-0.079788396,-0.487359402,0.4281453295,0.7681105064,0.00806061,540327.88643738,2.37145748,0.00054822,2.44763652,0.00741907,0.00750675,0.00616869,0.01069033,0.27902565,-0.22948048,0.55509243,0.01068524,0.13014033,0.01029245,-0.1782833,0.01701997,0.02792601,0.01433335,0.18450415,0.11187004,0.0173921,0.7292781,0.89122164,0.64889681,1.1031359019,0.869231877,364,0.3519907689,1.2168092038,-1.038802025,0.7583681635
20140630,20140630,247318.0,01W,SWE,0.090973,2014,6,20140530,20140531,1108.4397153,17.0674402,1108.4397153,0.0236741881,8.22306e-05,0.0296045555,0.120562491,-0.046072586,-0.017602857,0.144771861,0.4093623438,0.4101253887,1.8068337252,-0.001726744,0.0448136657,,,0.1522516896,0.1273602788,0.2069856583,0.065015464,2.9192541675,0.5099384455,0.5508564623,0.0133827831,-0.000269983,0.0,0.0610756616,0.0130691436,0.048006518,0.0674607004,0.0237368396,0.0437238608,0.0478565395,-0.047856539,0.0043827166,0.0456454991,0.0778887486,0.5957087959,0.1937572196,0.4538320381,0.2729886125,0.2457124652,,,0.0478565395,-0.025744276,-0.262729918,-0.073600815,-0.751123719,0.6320122735,1.5490099825,1.8347054322,3.1546593032,3.70165e-05,0.0290714921,-0.107587634,0.1676098087,3.0,0.105696484,0.0261475454,0.0583853685,0.1174702371,0.0754254088,0.075713815,0.0264633097,-0.025078187,-0.008180558,,0.0169592789,-0.099870355,0.007283333,-0.027358135,-0.124260518,-1.380431834,0.0122907843,0.1935931983,0.6864064666,0.5199523489,0.2232570836,1.3177795574,0.1237318822,0.1680129438,-0.021155088,2.7859504132,0.0429754107,0.4579405617,1.3586750991,0.5096432124,5.0,-3.106537769,4.2310948387,451.33394953,-46.53502784,-0.387412891,0.0169839084,0.4735933834,0.169993472,0.1010126499,0.0872445835,0.8114984249,0.046406282,0.0585986007,0.0523067402,,,2.76237e-05,0.236596309,0.0731848378,0.2289639411,17.719814511,1.0629034384,-0.182373914,-0.655676818,0.4316498674,0.7553541487,0.00722733,556182.06644215,2.30966275,0.0005622,2.3914495,0.00738375,0.00753023,0.00613573,0.02146644,1.4702605,-0.42746999,3.32308281,0.02133784,2.26252963,0.02089802,2.15757679,0.0327846,0.07112348,0.02180304,1.18469711,0.09516057,0.01792975,0.74157628,0.9972207,0.64392515,1.1519561584,1.6375847872,365,0.3348204875,1.2277357627,-1.049079783,0.7019268384
20140731,20140731,247318.0,01W,SWE,-0.144533,2014,7,20140630,20140630,1209.2773864,18.620110046,1209.2773864,0.0217000753,8.22306e-05,0.0296045555,0.0909726255,0.0874757916,0.0398013818,0.1663195203,0.5820103055,0.437097177,2.2208231656,0.1952482129,0.0353340668,0.1075523601,,0.1522516896,0.1273602788,0.2069856583,0.065015464,2.9192541675,0.5099384455,0.5508564623,0.0133827831,-0.000269983,0.0,0.0610756616,0.0130691436,0.048006518,0.0674607004,0.0237368396,0.0437238608,0.0478565395,-0.047856539,0.0043827166,0.0456454991,0.0778887486,0.5957087959,0.1937572196,0.4538320381,0.2729886125,0.2457124652,,,0.0478565395,-0.025744276,-0.262729918,-0.073600815,-0.751123719,0.6320122735,1.5490099825,1.8347054322,3.1546593032,3.70165e-05,0.0290714921,-0.107587634,0.1676098087,3.0,0.105696484,0.0261475454,0.0583853685,0.1174702371,0.0754254088,0.075713815,0.0264633097,-0.025078187,-0.008180558,,0.0169592789,-0.099870355,0.007283333,-0.027358135,-0.124260518,-1.380431834,0.0122907843,0.1935931983,0.6864064666,0.5199523489,0.2232570836,1.3177795574,0.1237318822,0.1680129438,-0.021155088,2.7859504132,0.0429754107,0.4579405617,1.3586750991,0.5096432124,5.0,-3.106537769,4.2310948387,451.33394953,-46.53502784,-0.387412891,0.0169839084,0.434101986,0.1558182744,0.0925895366,0.0799695441,0.7438302355,0.0425366145,0.0537122558,0.0479450529,,,2.53202e-05,0.2183282111,0.0675340828,0.2292461502,17.854360549,1.0382290124,-0.108494523,-0.367081283,0.4345231215,0.773336089,0.00529366,641629.60895166,1.78753075,0.00060115,1.71082227,0.00725033,0.00727936,0.00818292,0.01485634,0.15375642,-0.35866068,1.13272411,0.01459043,-0.87658881,0.01286164,-0.38700965,0.02289455,0.04167011,0.01523907,0.32980012,0.08158895,0.01758752,1.11505623,0.9941995,0.64163664,1.282346741,1.1701605766,366,0.2933488076,1.2137555826,-1.054292609,0.6686438055
20140829,20140831,247318.0,01W,SWE,-0.031574,2014,8,20140731,20140731,1034.4967227,15.928886983,1034.4967227,0.0253663542,8.22306e-05,0.0296045555,-0.144533145,0.2225030029,0.2035900015,0.2218414839,0.4439929029,0.2729191349,2.2943715411,0.0318015558,0.0193036395,0.0229023171,,0.1401164701,0.1354347284,0.4680920898,0.0582630417,1.6038827406,0.3412453057,0.3413941391,0.0112652937,0.0008873251,0.0,0.0692834824,0.0377924918,0.0314909906,0.0534366474,0.0213408266,0.0320958208,0.0004191943,0.0004681308,0.0062435618,0.0686334514,0.0806372146,0.6071861472,0.2100721501,0.3873704663,0.2351036269,0.2620064034,-0.014323097,0.0031746032,-0.0174977,-0.033477633,-0.319559229,-0.033009503,-0.315090707,0.6123396106,1.5806926407,1.8723392476,3.2491995731,,0.0199134199,0.062027553,0.0668108628,4.0,0.0724963709,0.0402941593,0.0235256101,0.631430096,0.1555767552,0.0802224881,0.0287953754,0.0141309854,0.0049364321,,0.079555304,-0.139978181,0.0005444984,-0.009068968,1.3976546183,2.041158371,0.1961634763,0.2013383169,0.6922629268,0.4578983516,0.2395067182,1.3085399449,0.1382395382,0.1765945166,0.0275275853,2.2441709845,0.042696257,0.4632160173,1.3319451848,0.5130195077,6.0,-3.462631345,4.7059868273,532.99893907,-49.37662047,-0.500545999,0.0111062003,0.5166405546,0.2302144347,0.0885669522,0.0782788719,0.9078858116,0.0541242486,0.0714201517,0.0638159184,0.0319079592,0.0280312913,,0.2591336104,0.0846125166,0.2128402481,17.307557757,1.0824407377,-0.078767267,0.0308168001,0.4503611276,0.7989567547,0.00728684,669516.03085667,1.7014292,0.00062478,1.63663579,0.00716077,0.00728448,0.00657088,0.03571635,-0.56757707,-0.09717574,4.38785134,0.02667423,-0.37260511,0.02642085,-0.23882123,0.03136878,0.08307073,0.03579365,-0.43524938,0.07261457,0.01985046,1.0665265,0.82659897,0.63069699,1.4335916859,1.4523355609,367,0.6997751556,1.3189528132,-0.621539424,0.6668862538
20140930,20140930,247318.0,01W,SWE,-0.086429,2014,9,20140829,20140831,973.745103,14.993450781,973.745103,0.0286892002,0.0,0.028437937,-0.03157363,-0.066709079,-0.002372409,0.0274015416,0.197214775,0.1627606045,2.1345722952,0.0998601892,0.0073551105,-0.018558042,,0.1401164701,0.1354347284,0.4680920898,0.0582630417,1.6038827406,0.3412453057,0.3413941391,0.0112652937,0.0008873251,0.0,0.0692834824,0.0377924918,0.0314909906,0.0534366474,0.0213408266,0.0320958208,0.0004191943,0.0004681308,0.0062435618,0.0686334514,0.0806372146,0.6071861472,0.2100721501,0.3873704663,0.2351036269,0.2620064034,-0.014323097,0.0031746032,-0.0174977,-0.033477633,-0.319559229,-0.033009503,-0.315090707,0.6123396106,1.5806926407,1.8723392476,3.2491995731,,0.0199134199,0.062027553,0.0668108628,4.0,0.0724963709,0.0402941593,0.0235256101,0.631430096,0.1555767552,0.0802224881,0.0287953754,0.0141309854,0.0049364321,,0.079555304,-0.139978181,0.0005444984,-0.009068968,1.3976546183,2.041158371,0.1961634763,0.2013383169,0.6922629268,0.4578983516,0.2395067182,1.3085399449,0.1382395382,0.1765945166,0.0275275853,2.2441709845,0.042696257,0.4632160173,1.3319451848,0.5130195077,6.0,-3.462631345,4.7059868273,532.99893907,-49.37662047,-0.500545999,0.0111062003,0.5488735799,0.2445774336,0.0940926137,0.0831626636,0.9645284929,0.0575010417,0.0758760302,0.0677973715,0.0338986857,0.0297801538,,0.2740595829,0.0894861573,0.2125638485,17.18117032,1.084437737,-0.170427158,0.1317490634,0.4933102386,0.7602351064,0.00673738,699458.29518912,1.74372259,0.00065414,1.70201971,0.00705046,0.00719149,0.00285651,0.01189779,0.23572269,0.01417997,0.93062519,0.01243026,0.23060171,0.01196188,0.55687226,0.01420013,0.01812265,0.01334216,-0.4183752,0.06903921,0.01914573,1.38013144,0.77805631,0.63201896,1.413898536,0.6764963711,368,0.7357389841,1.318067288,-0.604357023,0.724008792
20141031,20141031,247318.0,01W,SWE,0.038455,2014,10,20140930,20140930,889.64043958,13.697580645,889.64043958,0.0314014145,6.20836e-05,0.0283758553,-0.086429079,-0.171543339,-0.017113782,-0.060203036,0.0541470359,0.091103964,2.6504936112,0.041397502,-0.004265488,0.0449154548,,0.1401164701,0.1354347284,0.4680920898,0.0582630417,1.6038827406,0.3412453057,0.3413941391,0.0112652937,0.0008873251,0.0,0.0692834824,0.0377924918,0.0314909906,0.0534366474,0.0213408266,0.0320958208,0.0004191943,0.0004681308,0.0062435618,0.0686334514,0.0806372146,0.6071861472,0.2100721501,0.3873704663,0.2351036269,0.2620064034,-0.014323097,0.0031746032,-0.0174977,-0.033477633,-0.319559229,-0.033009503,-0.315090707,0.6123396106,1.5806926407,1.8723392476,3.2491995731,,0.0199134199,0.062027553,0.0668108628,4.0,0.0724963709,0.0402941593,0.0235256101,0.631430096,0.1555767552,0.0802224881,0.0287953754,0.0141309854,0.0049364321,,0.079555304,-0.139978181,0.0005444984,-0.009068968,1.3976546183,2.041158371,0.1961634763,0.2013383169,0.6922629268,0.4578983516,0.2395067182,1.3085399449,0.1382395382,0.1765945166,0.0275275853,2.2441709845,0.042696257,0.4632160173,1.3319451848,0.5130195077,6.0,-3.462631345,4.7059868273,532.99893907,-49.37662047,-0.500545999,0.0111062003,0.6007628889,0.2676992498,0.1029879238,0.0910246801,1.0557129092,0.0629370646,0.0830491844,0.0742067869,0.0371033934,0.0325955045,,0.2978069781,0.097240176,0.19750104,16.977709531,1.0994292647,-0.146751994,-0.112274955,0.44869496,0.7542283835,0.00419873,1011491.49572058,1.93384564,0.00100617,2.02400322,0.00621692,0.00686444,0.00849461,0.01904998,0.04918751,0.23668189,3.07892634,0.01791516,-0.14287338,0.01909674,0.09022719,0.02117695,0.03638654,0.0191691,0.02761505,0.0619059,0.01952603,1.2341703,0.71080962,0.62844562,1.4796591198,1.0030933796,369,0.6770948011,1.3241874169,-0.642147973,0.6511197981
20141128,20141130,247318.0,01W,SWE,0.003826,2014,11,20141031,20141031,923.85140525,14.224318685,923.85140525,0.0302385947,6.20836e-05,0.0283758553,0.038454823,-0.115273829,-0.074743816,-0.089058195,-0.075244489,0.0298676463,2.687976795,0.0173674551,-0.002348454,0.0235909375,,0.0570027641,0.1132257623,0.4233617877,0.0689201563,0.7866239858,0.319057836,0.2708065373,0.014379904,0.0008873251,0.0,0.0205685113,0.0066178072,0.0139507041,0.0351557079,0.0078425254,0.0273131825,-0.028961056,0.0289610556,0.0060482985,0.0709528149,0.0813768055,0.6271681169,0.2261448387,0.4282606665,0.254578249,0.2678554834,-0.014323097,0.0031746032,-0.028961056,-0.04180461,-0.389354085,-0.012843554,-0.119620548,0.5907229795,1.6436929643,1.8699605949,3.2915458118,,0.022852184,0.062027553,0.0668108628,5.0,0.0436160422,0.0402941593,0.0314739593,0.5709735141,0.0288178582,0.056518904,0.0251847584,-0.012831696,-0.00389629,,0.0184490574,0.0341279144,-0.004454736,-0.007597274,-0.908563673,-0.476970198,0.1584574696,0.1948481314,0.6629184331,0.5148806403,0.2390357196,1.3016433042,0.1491737412,0.1843402288,0.0336839942,2.3710562414,0.0408964777,0.4632160173,1.4199445091,0.4691844783,6.0,-3.561236063,4.7059868273,532.99893907,-49.37662047,-0.190884892,0.0102244945,0.5596418038,0.2360305901,0.0861236447,0.0733346072,1.0182897195,0.0600882543,0.0834838616,0.0749539812,0.0357294247,0.0313884666,,0.2882281026,0.096115878,0.1768791099,17.112756715,1.0992860945,-0.273351309,-0.080591193,0.4962031014,0.7337386208,0.0062088,1085714.74131278,1.77069632,0.00110271,1.82070817,0.00602226,0.00680801,0.01216295,0.02029558,0.30080139,0.22853339,0.02752155,0.02107086,0.48992526,0.02162723,0.44913565,0.03499544,0.04907194,0.02218671,0.32914418,0.04456747,0.01930517,1.00175205,0.73814368,0.62128115,1.3950594957,1.6739421944,370,0.9663254838,1.3404732904,-0.35374415,0.861482222
20141230,20141231,247318.0,01W,SWE,-0.040117,2014,12,20141128,20141130,927.44374185,14.27874261,927.44374185,0.0301214693,0.0001241672,0.0283137775,0.0038261182,-0.051297871,-0.142540684,-0.083431487,-0.056076725,-0.017602857,2.5775012712,0.0586996798,-0.00733696,0.0908977973,,0.0570027641,0.1132257623,0.4233617877,0.0689201563,0.7866239858,0.319057836,0.2708065373,0.014379904,0.0008873251,0.0,0.0205685113,0.0066178072,0.0139507041,0.0351557079,0.0078425254,0.0273131825,-0.028961056,0.0289610556,0.0060482985,0.0709528149,0.0813768055,0.6271681169,0.2261448387,0.4282606665,0.254578249,0.2678554834,-0.014323097,0.0031746032,-0.028961056,-0.04180461,-0.389354085,-0.012843554,-0.119620548,0.5907229795,1.6436929643,1.8699605949,3.2915458118,,0.022852184,0.062027553,0.0668108628,5.0,0.0436160422,0.0402941593,0.0314739593,0.5709735141,0.0288178582,0.056518904,0.0251847584,-0.012831696,-0.00389629,,0.0184490574,0.0341279144,-0.004454736,-0.007597274,-0.908563673,-0.476970198,0.1584574696,0.1948481314,0.6629184331,0.5148806403,0.2390357196,1.3016433042,0.1491737412,0.1843402288,0.0336839942,2.3710562414,0.0408964777,0.4632160173,1.4199445091,0.4691844783,6.0,-3.561236063,4.7059868273,532.99893907,-49.37662047,-0.190884892,0.0102244945,0.5574741017,0.2351163553,0.0857900556,0.0730505548,1.0143455025,0.05985551,0.0831604974,0.0746636564,0.0355910313,0.0312668873,,0.2871876901,0.09576893,0.1745664867,17.12135784,1.0972371143,-0.202743725,-0.220859033,0.4937566312,0.7445251024,0.00620074,1144961.58306427,1.79365565,0.00117509,1.83486803,0.00591927,0.0067013,0.00690419,0.01579485,1.09676415,-0.06439585,1.48028924,0.01590092,0.99479814,0.01689522,1.10402718,0.02392989,0.04781819,0.01755173,1.28020279,0.04497812,0.01943379,1.03950904,0.7409679,0.6177502,1.4309177964,1.1420957203,371,0.9529506183,1.3317952577,-0.343405644,0.8310982687
20150130,20150131,247318.0,01W,SWE,0.037024,2015,1,20141230,20141231,890.2377695,13.70592673,890.2377695,0.0313803448,0.0001241672,0.0283137775,,0.042428074,-0.211034231,-0.063966026,-0.1050013,0.0398013818,2.7231763415,-0.057490639,,0.0420139026,,0.0570027641,0.1132257623,0.4233617877,0.0689201563,0.7866239858,0.319057836,0.2708065373,0.014379904,0.0008873251,0.0,0.0205685113,0.0066178072,0.0139507041,0.0351557079,0.0078425254,0.0273131825,-0.028961056,0.0289610556,0.0060482985,0.0709528149,0.0813768055,0.6271681169,0.2261448387,0.4282606665,0.254578249,0.2678554834,-0.014323097,0.0031746032,-0.028961056,-0.04180461,-0.389354085,-0.012843554,-0.119620548,0.5907229795,1.6436929643,1.8699605949,3.2915458118,,0.022852184,0.062027553,0.0668108628,5.0,0.0436160422,0.0402941593,0.0314739593,0.5709735141,0.0288178582,0.056518904,0.0251847584,-0.012831696,-0.00389629,,0.0184490574,0.0341279144,-0.004454736,-0.007597274,-0.908563673,-0.476970198,0.1584574696,0.1948481314,0.6629184331,0.5148806403,0.2390357196,1.3016433042,0.1491737412,0.1843402288,0.0336839942,2.3710562414,0.0408964777,0.4632160173,1.4199445091,0.4691844783,6.0,-3.561236063,4.7059868273,532.99893907,-49.37662047,-0.190884892,0.0102244945,0.580772783,0.2449426432,0.0893755049,0.0761035784,1.0567383463,0.0623570692,0.0866360488,0.0777840968,0.0370784979,0.0325736336,,0.2983413754,0.0994883669,0.1670560046,17.028912089,1.0985813351,-0.286854921,-0.817372303,0.4943292933,0.7323856559,0.00732727,953965.90452131,1.97643877,0.00102972,1.99444526,0.00617814,0.00682259,0.00685231,0.01510911,-0.13122783,-0.57448876,0.38611045,0.01444974,0.10605411,0.01545749,-0.02282368,0.01640128,0.0216259,0.01514034,-0.13773611,0.05063932,0.01948767,0.98891457,0.71124272,0.61245625,1.4062947735,0.791187798,372,0.9596214363,1.3405973142,-0.374381457,0.8490799622
20150227,20150228,247318.0,01W,SWE,-0.006023,2015,2,20150130,20150131,923.19834201,14.213381264,923.19834201,0.0302599852,0.0001241672,0.0283137775,,,,,,0.2035900015,2.4732230457,0.0320798689,,0.0552270435,,0.0965027097,0.0782711668,-0.019458658,0.0732364284,0.7422827997,0.2883423193,0.1444170341,0.0147384888,0.0008873251,0.0,0.0412897855,0.0298467291,0.0114430564,0.0440126896,0.0009024135,0.0431102762,0.0381406574,-0.038140657,0.0056964654,0.0201406196,0.0810087541,0.591277532,0.2046526813,0.5021605799,0.3003307424,0.2523177306,-0.014323097,0.0031746032,0.0381406574,-0.030835812,-0.302961521,-0.06897647,-0.677693064,0.6203532022,1.5721254824,1.8160801808,3.1146970883,,0.0242792109,0.062027553,0.0668108628,6.0,0.059817877,0.0402941593,0.0464605651,0.2048395878,0.0522673583,0.0642477199,0.0270966664,-0.011284739,-0.000910522,,0.0265906245,-0.053284572,-0.022985967,0.0044034116,-0.708512368,-0.249524746,-0.072898945,0.1905906677,0.648337416,0.5338895607,0.2244022196,1.3035772338,0.1326170959,0.1738168689,0.0018368198,2.9507462687,0.0411826392,0.4632160173,1.2175086451,0.4828743913,5.0,-3.035845761,4.7059868273,532.99893907,-49.37662047,0.1760585948,0.0101808756,0.594084759,0.2013337322,0.1442390917,0.1298151825,1.0314285605,0.0604667093,0.0787857955,0.0713804038,0.0357546994,0.0314106705,,0.293100075,0.0913972075,0.1815879931,17.366576942,1.099838341,-0.256694637,-0.691777814,0.4217921634,0.7647296279,0.00525753,1110362.16604482,1.88258891,0.00122071,1.86936446,0.00584699,0.00658251,0.00762641,0.01714893,0.54140531,0.21312869,0.26872962,0.01654912,1.10472817,0.01474002,-0.41062193,0.02898063,0.05131837,0.01940054,1.10062663,0.04694427,0.01876103,0.80358161,0.7375761,0.61004336,1.3139679199,1.4452008138,373,0.711030175,1.181828951,-0.450897184,0.7380200124
20150331,20150331,247318.0,01W,SWE,-0.049852,2015,3,20150227,20150228,917.63762427,14.12776954,917.63762427,0.0304433552,0.0001241672,0.0283137775,-0.006023319,-0.004577528,-0.05202735,-0.143200005,-0.084136259,-0.002372409,2.4419527257,-0.017049127,,0.0205769718,,0.0965027097,0.0782711668,-0.019458658,0.0732364284,0.7422827997,0.2883423193,0.1444170341,0.0147384888,0.0008873251,0.0,0.0412897855,0.0298467291,0.0114430564,0.0440126896,0.0009024135,0.0431102762,0.0381406574,-0.038140657,0.0056964654,0.0201406196,0.0810087541,0.591277532,0.2046526813,0.5021605799,0.3003307424,0.2523177306,-0.014323097,0.0031746032,0.0381406574,-0.030835812,-0.302961521,-0.06897647,-0.677693064,0.6203532022,1.5721254824,1.8160801808,3.1146970883,,0.0242792109,0.062027553,0.0668108628,6.0,0.059817877,0.0402941593,0.0464605651,0.2048395878,0.0522673583,0.0642477199,0.0270966664,-0.011284739,-0.000910522,,0.0265906245,-0.053284572,-0.022985967,0.0044034116,-0.708512368,-0.249524746,-0.072898945,0.1905906677,0.648337416,0.5338895607,0.2244022196,1.3035772338,0.1326170959,0.1738168689,0.0018368198,2.9507462687,0.0411826392,0.4632160173,1.2175086451,0.4828743913,5.0,-3.035845761,4.7059868273,532.99893907,-49.37662047,0.1760585948,0.0101808756,0.597684805,0.2025537781,0.1451131545,0.130601839,1.0376788307,0.0608331266,0.0792632231,0.0718129561,0.0359713664,0.0316010135,,0.2946710377,0.0918870798,0.177291761,17.354658755,1.077296283,-0.003948173,0.0530335695,0.4212272053,0.7435945812,0.00663939,1124289.51519467,1.84316818,0.00124719,1.82232638,0.00586859,0.00651592,0.0067555,0.01771379,0.65131593,-0.16050513,-0.74706705,0.01702693,0.32326308,0.01409542,-0.38114907,0.0244102,0.04262185,0.01777471,0.75388783,0.04382148,0.01912885,0.79604418,0.73313344,0.61293162,1.352484246,1.2139414873,374,0.7258537329,1.1884915729,-0.456375102,0.7779406555
20150430,20150430,247318.0,01W,SWE,-0.021253,2015,4,20150331,20150331,871.8916806,13.423473931,871.8916806,0.0320406408,0.0001241672,0.0283137775,-0.049851861,,0.0314061955,-0.219376183,-0.07386297,-0.017113782,2.2782221909,-0.029526867,,0.0283062209,,0.0965027097,0.0782711668,-0.019458658,0.0732364284,0.7422827997,0.2883423193,0.1444170341,0.0147384888,0.0008873251,0.0,0.0412897855,0.0298467291,0.0114430564,0.0440126896,0.0009024135,0.0431102762,0.0381406574,-0.038140657,0.0056964654,0.0201406196,0.0810087541,0.591277532,0.2046526813,0.5021605799,0.3003307424,0.2523177306,-0.014323097,0.0031746032,0.0381406574,-0.030835812,-0.302961521,-0.06897647,-0.677693064,0.6203532022,1.5721254824,1.8160801808,3.1146970883,,0.0242792109,0.062027553,0.0668108628,6.0,0.059817877,0.0402941593,0.0464605651,0.2048395878,0.0522673583,0.0642477199,0.0270966664,-0.011284739,-0.000910522,,0.0265906245,-0.053284572,-0.022985967,0.0044034116,-0.708512368,-0.249524746,-0.072898945,0.1905906677,0.648337416,0.5338895607,0.2244022196,1.3035772338,0.1326170959,0.1738168689,0.0018368198,2.9507462687,0.0411826392,0.4632160173,1.2175086451,0.4828743913,5.0,-3.035845761,4.7059868273,532.99893907,-49.37662047,0.1760585948,0.0101808756,0.6290438098,0.2131812608,0.1527268734,0.1374541861,1.0921232054,0.0640248863,0.0834219632,0.0755807996,0.0378586927,0.0332590385,,0.3082633579,0.0961255642,0.1796227749,17.250842721,1.0943215045,-0.191891007,-0.215632999,0.4234070446,0.7227716816,0.00659632,840803.49819089,1.69664325,0.00093972,1.67185714,0.00644113,0.00646456,0.01084383,0.01565197,0.24165287,-0.28822732,0.79649821,0.01600537,0.06816364,0.01663039,0.2847299,0.01910268,0.02793012,0.01882524,-0.82342222,0.04514885,0.01927773,0.80288807,0.69658538,0.6164217,1.3892712368,0.9479189697,375,0.6997751556,1.184813686,-0.438989383,0.7559304792
20150529,20150531,247318.0,01W,SWE,0.042602,2015,5,20150430,20150430,853.41408839,13.138180968,853.41408839,0.0327343649,0.0001862508,0.0282517035,-0.021253288,-0.055574906,-0.056301098,-0.13297837,-0.093259417,-0.074743816,2.1323779286,0.120562491,,-0.045218622,,-0.071125632,0.047765882,-0.06566114,-0.047201436,0.9308491779,0.2363325787,0.044095867,-0.011139967,0.0008873251,0.0,-0.042235879,-0.022671998,-0.019563881,-0.032619576,-0.019535122,-0.013084454,-0.022815539,0.0228155394,0.0018851188,-0.014177627,0.0806013379,0.6557965649,0.2135448528,0.5098142017,0.3014230715,0.283519219,-0.014323097,0.0031746032,-0.022815539,-0.020602783,-0.183617115,0.0022127566,0.0197206364,0.5181757274,1.7487207002,1.8615399512,3.5175497859,,0.0295811518,0.062027553,0.0668108628,7.0,-0.030326201,0.0402941593,-0.017577874,0.1277336035,-0.041687954,0.0652414141,0.0221101403,-0.010472401,-0.004353169,,0.1276965579,0.1293496083,-0.027847241,0.0269286835,-2.734407637,-1.017407534,-0.105261528,0.1792189434,0.6091526199,0.4911097134,0.1983563402,1.3168309473,0.1328079157,0.19294207,0.0090760335,2.6863572433,0.0413632969,0.4632160173,0.6361501789,0.4069904382,5.0,-3.278289028,4.7059868273,532.99893907,-49.37662047,0.0582582869,0.0116146606,0.5713666338,0.2126919773,0.1181622096,0.1012605265,1.1043435624,0.0641102691,0.0758820117,0.0682465419,0.0386783857,0.0339791425,,0.2850846791,0.1001040702,0.1611593227,17.352102589,1.0918164619,-0.164959515,-0.41159665,0.4304780952,0.7431741208,0.0080013,759570.39908408,1.87947663,0.00084175,1.86249193,0.00670095,0.00647645,0.00510164,0.01206524,-0.01646625,0.01009107,-0.09940472,0.01019833,-0.09651149,0.00982411,-0.26814382,0.01612554,0.02365051,0.01456171,-0.38006017,0.0480792,0.01932132,0.76946076,0.68178065,0.61575818,1.3794371063,0.7997490989,376,1.2303969184,1.2296374509,0.3550809899,0.8770742366
20150630,20150630,247318.0,01W,SWE,0.111371,2015,6,20150529,20150531,889.77095817,13.697889486,889.77095817,0.0313968083,0.0001862508,0.0282517035,0.0426016752,-0.070045634,-0.079878297,-0.12373868,-0.208014393,-0.142540684,2.7423530432,0.0909726255,,,,-0.071125632,0.047765882,-0.06566114,-0.047201436,0.9308491779,0.2363325787,0.044095867,-0.011139967,0.0008873251,0.0,-0.042235879,-0.022671998,-0.019563881,-0.032619576,-0.019535122,-0.013084454,-0.022815539,0.0228155394,0.0018851188,-0.014177627,0.0806013379,0.6557965649,0.2135448528,0.5098142017,0.3014230715,0.283519219,-0.014323097,0.0031746032,-0.022815539,-0.020602783,-0.183617115,0.0022127566,0.0197206364,0.5181757274,1.7487207002,1.8615399512,3.5175497859,,0.0295811518,0.062027553,0.0668108628,7.0,-0.030326201,0.0402941593,-0.017577874,0.1277336035,-0.041687954,0.0652414141,0.0221101403,-0.010472401,-0.004353169,,0.1276965579,0.1293496083,-0.027847241,0.0269286835,-2.734407637,-1.017407534,-0.105261528,0.1792189434,0.6091526199,0.4911097134,0.1983563402,1.3168309473,0.1328079157,0.19294207,0.0090760335,2.6863572433,0.0413632969,0.4632160173,0.6361501789,0.4069904382,5.0,-3.278289028,4.7059868273,532.99893907,-49.37662047,0.0582582869,0.0116146606,0.5480200612,0.2040011851,0.1133339917,0.0971229271,1.0592190563,0.0614906638,0.0727814021,0.0654579246,0.0370979508,0.0325907231,,0.2744670672,0.096375823,0.1478582324,17.433057522,1.1415239323,-0.424567594,-0.509915616,0.4320612257,0.6959368103,0.0074858,681405.49349075,1.7473601,0.00076118,1.7339045,0.00690194,0.00652061,0.00500901,0.01512404,0.0937575,0.07590005,0.45249156,0.0157591,0.38614912,0.01647891,0.09918628,0.01997029,0.03478491,0.01518731,-0.00014688,0.05464241,0.01887585,0.60545671,0.71082565,0.60101789,1.2509469584,1.0167925812,377,1.2445882992,1.2316057962,0.3401874684,0.9549142053
20150731,20150731,247318.0,01W,SWE,-0.019369,2015,7,20150630,20150630,988.86559086,15.223436386,988.86559086,0.028250521,0.0001862508,0.0282517035,0.1113709453,0.0204429611,,2.25471e-05,-0.24312902,-0.211034231,,-0.144533145,,0.114223478,0.0264678345,-0.071125632,0.047765882,-0.06566114,-0.047201436,0.9308491779,0.2363325787,0.044095867,-0.011139967,0.0008873251,0.0,-0.042235879,-0.022671998,-0.019563881,-0.032619576,-0.019535122,-0.013084454,-0.022815539,0.0228155394,0.0018851188,-0.014177627,0.0806013379,0.6557965649,0.2135448528,0.5098142017,0.3014230715,0.283519219,-0.014323097,0.0031746032,-0.022815539,-0.020602783,-0.183617115,0.0022127566,0.0197206364,0.5181757274,1.7487207002,1.8615399512,3.5175497859,,0.0295811518,0.062027553,0.0668108628,7.0,-0.030326201,0.0402941593,-0.017577874,0.1277336035,-0.041687954,0.0652414141,0.0221101403,-0.010472401,-0.004353169,,0.1276965579,0.1293496083,-0.027847241,0.0269286835,-2.734407637,-1.017407534,-0.105261528,0.1792189434,0.6091526199,0.4911097134,0.1983563402,1.3168309473,0.1328079157,0.19294207,0.0090760335,2.6863572433,0.0413632969,0.4632160173,0.6361501789,0.4069904382,5.0,-3.278289028,4.7059868273,532.99893907,-49.37662047,0.0582582869,0.0116146606,0.4931027426,0.1835581414,0.1019767452,0.0873901981,0.9530742735,0.0553286588,0.0654879475,0.0588983588,0.0333803497,0.0293247932,,0.2491730567,0.0874941342,0.1382129459,17.623484952,1.1140431713,-0.806941443,-0.595322818,0.4299475322,0.682767839,0.00585899,792496.54165692,1.59430895,0.00087049,1.59846639,0.00667523,0.00657381,0.00955831,0.01540659,0.409911,-0.63063786,0.18075193,0.01572916,0.60973769,0.0160285,0.72824963,0.02639835,0.04171862,0.01802733,-0.89613314,0.04868687,0.01891597,0.65163279,0.78999097,0.59956299,1.1762080445,1.3322244348,378,1.2434179223,1.2065218197,0.3617971881,0.9714331322
20150831,20150831,247318.0,01W,SWE,-0.011092,2015,8,20150731,20150731,969.77198907,14.928566625,969.77198907,0.0288067386,0.0002483344,0.0281896334,-0.019369461,0.1587172093,0.0710636761,0.0702401094,-0.016718869,,1.8115233499,-0.03157363,,0.0097521091,0.0273767986,-0.163963343,-0.163324652,-0.233410763,-0.099692216,0.1732293365,0.0028774717,0.2506367527,-0.024399388,-0.000594536,0.0,-0.116866425,-0.056719654,-0.06014677,-0.07638166,-0.0220106,-0.05437106,-0.051143062,0.0505485251,-0.007263459,-0.086324666,0.076461039,0.5969114975,0.2115234882,0.3726321906,0.2277745497,0.2528550512,-0.059027617,0.0010381521,-0.060065769,-0.042823774,-0.420918367,0.0077247514,0.0759272126,0.4413440333,1.5899299247,1.6015789651,3.3069790142,,0.0215416559,-0.213100613,0.0613165014,0.0,-0.095741104,-0.058553836,-0.036166469,0.1254235951,-0.181391706,0.0677234186,0.0252101312,-0.01249907,-0.003585244,,-0.036053267,0.0452392648,-0.015379299,0.0113557333,-4.112132157,-1.5669818,0.0959154992,0.1410391454,0.4990398929,0.3122795133,0.1768413899,1.3086734694,0.1445626784,0.1686997145,0.0063231402,2.2388146426,0.0410771453,0.4506337919,0.990467723,0.3687305718,4.0,-3.38655746,4.7767282841,357.59740465,-35.14184196,-0.116638755,0.0067603591,0.4607584379,0.2058046384,0.0709135099,0.0609880102,0.8103034455,0.0468770588,0.0666084739,0.0603900885,0.0300156678,0.0253518788,,0.2309435144,0.0732617298,0.148085587,17.657903374,1.069259718,-0.196423142,-0.122837189,0.576070107,0.7522584582,0.00794455,597874.53005957,1.43049932,0.00064803,1.44182023,0.00714903,0.00659605,0.00707482,0.01717129,0.72126276,0.22263245,0.94026371,0.01679898,0.13824503,0.01768066,0.20571318,0.0338198,0.06270663,0.02446602,0.7828353,0.0566827,0.01656942,0.69575153,0.88019953,0.60486897,1.0252168019,1.8641892709,379,0.9679720036,1.1320598448,-0.399545891,1.1654626932
20150930,20150930,247318.0,01W,SWE,-0.013223,2015,9,20150831,20150831,934.22952426,14.38142971,934.22952426,0.0267265548,0.0002483344,0.0259364769,-0.011092073,0.0898442888,0.056682485,0.0455098906,-0.0043275,-0.05202735,1.9222402698,-0.086429079,,0.0203025459,0.0272515642,-0.163963343,-0.163324652,-0.233410763,-0.099692216,0.1732293365,0.0028774717,0.2506367527,-0.024399388,-0.000594536,0.0,-0.116866425,-0.056719654,-0.06014677,-0.07638166,-0.0220106,-0.05437106,-0.051143062,0.0505485251,-0.007263459,-0.086324666,0.076461039,0.5969114975,0.2115234882,0.3726321906,0.2277745497,0.2528550512,-0.059027617,0.0010381521,-0.060065769,-0.042823774,-0.420918367,0.0077247514,0.0759272126,0.4413440333,1.5899299247,1.6015789651,3.3069790142,,0.0215416559,-0.213100613,0.0613165014,0.0,-0.095741104,-0.058553836,-0.036166469,0.1254235951,-0.181391706,0.0677234186,0.0252101312,-0.01249907,-0.003585244,,-0.036053267,0.0452392648,-0.015379299,0.0113557333,-4.112132157,-1.5669818,0.0959154992,0.1410391454,0.4990398929,0.3122795133,0.1768413899,1.3086734694,0.1445626784,0.1686997145,0.0063231402,2.2388146426,0.0410771453,0.4506337919,0.990467723,0.3687305718,4.0,-3.38655746,4.7767282841,357.59740465,-35.14184196,-0.116638755,0.0067603591,0.478287846,0.2136344103,0.0736113918,0.0633082796,0.8411311821,0.0486604816,0.0691425721,0.0626876102,0.0311576043,0.0263163829,,0.2392065673,0.0758830008,0.1551691075,17.594162175,1.055098088,-0.18968315,-0.04951741,0.5744401625,0.743757194,0.00807331,522259.01901227,1.42582083,0.00056028,1.44453058,0.00734551,0.00667963,0.0063465,0.01167685,-0.37766683,-0.38507645,1.58610726,0.01105808,-0.26696161,0.01114322,0.13273721,0.01976014,0.03437244,0.01652597,-0.05726845,0.06831706,0.01656261,0.77059715,0.84793993,0.60598147,0.9997893521,1.0770560765,380,0.9578929029,1.1202644757,-0.379854082,1.1729616537
20151030,20151031,247318.0,01W,SWE,0.008115,2015,10,20150930,20150930,921.87648063,14.191268273,921.87648063,0.0270846877,0.0001862392,0.0259985586,-0.013222707,-0.030246687,0.0997881728,,0.0777799561,0.0314061955,1.1684588943,0.038454823,,0.0475615461,0.017556023,-0.163963343,-0.163324652,-0.233410763,-0.099692216,0.1732293365,0.0028774717,0.2506367527,-0.024399388,-0.000594536,0.0,-0.116866425,-0.056719654,-0.06014677,-0.07638166,-0.0220106,-0.05437106,-0.051143062,0.0505485251,-0.007263459,-0.086324666,0.076461039,0.5969114975,0.2115234882,0.3726321906,0.2277745497,0.2528550512,-0.059027617,0.0010381521,-0.060065769,-0.042823774,-0.420918367,0.0077247514,0.0759272126,0.4413440333,1.5899299247,1.6015789651,3.3069790142,,0.0215416559,-0.213100613,0.0613165014,0.0,-0.095741104,-0.058553836,-0.036166469,0.1254235951,-0.181391706,0.0677234186,0.0252101312,-0.01249907,-0.003585244,,-0.036053267,0.0452392648,-0.015379299,0.0113557333,-4.112132157,-1.5669818,0.0959154992,0.1410391454,0.4990398929,0.3122795133,0.1768413899,1.3086734694,0.1445626784,0.1686997145,0.0063231402,2.2388146426,0.0410771453,0.4506337919,0.990467723,0.3687305718,4.0,-3.38655746,4.7767282841,357.59740465,-35.14184196,-0.116638755,0.0067603591,0.4846968506,0.216497088,0.0745977764,0.0641566036,0.8524022476,0.0493125267,0.070069075,0.0635276173,0.0315751128,0.0266690196,,0.2422186631,0.0768385217,0.1661733446,17.570857472,1.03678131,-0.097985236,0.0403454874,0.5729490442,0.7644044978,0.00602906,548400.11635613,1.61975826,0.00057178,1.59037007,0.0072534,0.00697333,0.00434001,0.01997104,0.47228439,0.2418637,0.82939067,0.01863545,0.35087916,0.01899463,0.44777772,0.02594209,0.04263133,0.02112824,0.17182732,0.06833123,0.01662772,0.69468522,0.83672786,0.60182352,0.9421061137,1.4041857439,381,0.9808753509,1.1320598448,-0.368345596,1.1783764072
20151130,20151130,247318.0,01W,SWE,0.114001,2015,11,20151030,20151031,929.35785453,14.306435745,929.35785453,0.0268666547,0.0001862392,0.0259985586,0.0081153756,-0.024168114,0.1088118946,0.024933551,0.0241454549,-0.056301098,1.136201954,0.0038261182,,0.0157366983,0.020092809,-0.100930177,-0.102486935,-0.164412763,-0.058854978,0.2838869392,0.0850718738,0.3126854178,-0.014599728,-0.000594536,0.0,-0.054745914,-0.018102879,-0.036643035,-0.05310884,-0.013153614,-0.039955226,-0.029532283,0.029532283,-0.004457938,-0.053275628,0.0756078004,0.6108004222,0.1920364176,0.4089117437,0.2493426683,0.2560053383,-0.059027617,0.0010381521,-0.029532283,-0.021314956,-0.194853873,0.0082173266,0.0751199244,0.489998884,1.6495121102,1.7198519135,3.3859646368,,0.0210116732,-0.213100613,0.0613165014,0.0,-0.068867185,-0.058553836,-0.043546678,0.1893429432,-0.22380875,0.0489374724,0.021858653,-0.007581432,-0.003326105,,-0.026895132,0.0574120786,-0.023547903,0.0162070334,-2.190306785,-1.691337769,0.0945757168,0.1534905139,0.5491522274,0.3624716125,0.172654148,1.2402538449,0.1249975238,0.1707214612,-0.024176217,2.4048658765,0.0396119698,0.4506337919,0.9459907847,0.3993922365,5.0,-3.518219962,4.7767282841,357.59740465,-35.14184196,-0.216628023,0.0083351818,0.5001758497,0.2079849253,0.070842027,0.0603324955,0.9085132983,0.0518595162,0.0625207427,0.0554355137,0.0313209316,0.0264543327,,0.2530502667,0.0805320522,0.1688687655,17.565961281,1.0232218886,-0.186081414,0.1492683785,0.5259161377,0.7384744716,0.00710155,579709.35035778,1.57124187,0.00060245,1.5537158,0.00713234,0.00704853,0.00838188,0.02170338,0.31150303,-0.05357331,0.62322728,0.02174281,-0.0589884,0.01889926,0.16682491,0.02886587,0.0565831,0.02267441,0.2571356,0.07019171,0.01675839,0.73016033,0.84351823,0.60420089,0.9615456855,1.5600671876,382,0.9661506004,1.0920512208,-0.454173359,1.2096869004
20151230,20151231,247318.0,01W,SWE,0.070276,2015,12,20151130,20151130,1035.3056481,15.937384786,1035.3056481,0.024117261,0.0001241518,0.0260606364,0.1140010741,-0.005214639,0.0721355492,0.0395125872,0.028521535,-0.079878297,1.1202498843,,,0.1012536156,0.0121468969,-0.100930177,-0.102486935,-0.164412763,-0.058854978,0.2838869392,0.0850718738,0.3126854178,-0.014599728,-0.000594536,0.0,-0.054745914,-0.018102879,-0.036643035,-0.05310884,-0.013153614,-0.039955226,-0.029532283,0.029532283,-0.004457938,-0.053275628,0.0756078004,0.6108004222,0.1920364176,0.4089117437,0.2493426683,0.2560053383,-0.059027617,0.0010381521,-0.029532283,-0.021314956,-0.194853873,0.0082173266,0.0751199244,0.489998884,1.6495121102,1.7198519135,3.3859646368,,0.0210116732,-0.213100613,0.0613165014,0.0,-0.068867185,-0.058553836,-0.043546678,0.1893429432,-0.22380875,0.0489374724,0.021858653,-0.007581432,-0.003326105,,-0.026895132,0.0574120786,-0.023547903,0.0162070334,-2.190306785,-1.691337769,0.0945757168,0.1534905139,0.5491522274,0.3624716125,0.172654148,1.2402538449,0.1249975238,0.1707214612,-0.024176217,2.4048658765,0.0396119698,0.4506337919,0.9459907847,0.3993922365,5.0,-3.518219962,4.7767282841,357.59740465,-35.14184196,-0.216628023,0.0083351818,0.4489904556,0.1867008302,0.0635924225,0.0541583818,0.8155407741,0.0465524832,0.0561226952,0.0497625316,0.0281157105,0.0237471339,,0.2284848426,0.072714222,0.1683741248,17.746824942,1.0317203821,-0.265901097,-0.109584331,0.5255335089,0.7298548038,0.00725548,586688.04674177,1.52968612,0.00060279,1.52656292,0.00709127,0.00714792,0.00907727,0.01800862,0.40435429,0.03726359,-0.42909008,0.01636891,0.33778806,0.01536022,0.12233164,0.02868577,0.04423264,0.0180366,0.48130174,0.0628634,0.01701534,0.72314838,0.93968021,0.59989628,0.9530084958,1.5431384447,383,0.9744082978,1.0915616821,-0.437657964,1.2007180803
20160129,20160131,247318.0,01W,SWE,-0.196355,2016,1,20151230,20151231,1108.0630297,17.057404163,1108.0630297,0.022533679,0.0001241518,0.0260606364,0.0702762336,0.1230416112,0.074672825,0.2187764114,,,,0.0370244598,0.0205047812,0.0250567911,,-0.100930177,-0.102486935,-0.164412763,-0.058854978,0.2838869392,0.0850718738,0.3126854178,-0.014599728,-0.000594536,0.0,-0.054745914,-0.018102879,-0.036643035,-0.05310884,-0.013153614,-0.039955226,-0.029532283,0.029532283,-0.004457938,-0.053275628,0.0756078004,0.6108004222,0.1920364176,0.4089117437,0.2493426683,0.2560053383,-0.059027617,0.0010381521,-0.029532283,-0.021314956,-0.194853873,0.0082173266,0.0751199244,0.489998884,1.6495121102,1.7198519135,3.3859646368,,0.0210116732,-0.213100613,0.0613165014,0.0,-0.068867185,-0.058553836,-0.043546678,0.1893429432,-0.22380875,0.0489374724,0.021858653,-0.007581432,-0.003326105,,-0.026895132,0.0574120786,-0.023547903,0.0162070334,-2.190306785,-1.691337769,0.0945757168,0.1534905139,0.5491522274,0.3624716125,0.172654148,1.2402538449,0.1249975238,0.1707214612,-0.024176217,2.4048658765,0.0396119698,0.4506337919,0.9459907847,0.3993922365,5.0,-3.518219962,4.7767282841,357.59740465,-35.14184196,-0.216628023,0.0083351818,0.4195089468,0.1744417229,0.0594168314,0.0506022465,0.7619909221,0.0434957646,0.0524375796,0.0464950356,0.0262695831,0.022187855,,0.2142047289,0.0681696433,0.1736419428,17.850997894,0.9664057385,-0.210154245,-0.628177728,0.5283244051,0.7959994167,0.00687986,515850.51395095,1.53894751,0.00051838,1.52243995,0.00733663,0.00713131,0.00516098,0.0205557,0.43565343,-0.17844589,0.99781388,0.02046268,0.98844261,0.02149569,0.15449395,0.02828286,0.06287353,0.02442411,-0.39863056,0.06658934,0.01747043,0.76559481,0.99911408,0.60284023,0.9900410274,1.4643481927,384,0.9305936299,1.0957554785,-0.455047986,1.1462806447
20160229,20160229,247318.0,01W,SWE,0.137848,2016,2,20160129,20160131,890.48893701,13.708091773,890.48893701,0.0280393563,0.0001241518,0.0260606364,-0.19635534,0.1922888738,0.1729155253,0.332752807,0.2319339951,0.0710636761,0.7085834785,-0.006023319,0.0032018702,0.0528829186,,0.0563025602,-0.170084942,-0.029234796,0.0701456261,0.7434810981,0.0103745989,0.1696163485,0.0143427844,-0.000594536,0.0,-0.018444423,-0.019224389,0.0007799662,0.0696178457,0.0012227001,0.0683951456,0.0500996826,-0.050099683,-0.006087167,0.0099609978,0.076461039,0.4511754179,0.1401225546,0.3661315644,0.2325250135,0.2528550512,-0.059027617,0.0010381521,0.0500996826,-0.018831309,-0.224269874,-0.068930992,-0.820927791,0.6388260441,1.2441866102,1.4014169506,2.3292242019,,0.0251132153,-0.213100613,0.0613165014,0.0,0.0730698478,-0.058553836,-0.036166469,-0.048124584,-0.234293439,0.0536758177,0.022319672,-0.010571902,-0.004776994,,-0.246777139,-0.065043714,-0.032145442,0.0151612184,-1.59490703,-1.231242937,0.1282964886,0.1281202534,0.4765777491,0.3774989401,0.1480118132,1.208120562,0.0957493197,0.1212912457,-0.036867776,3.0230242688,0.0393963676,0.4506337919,0.9462524172,0.4291093254,4.0,-3.38655746,4.7767282841,357.59740465,-35.14184196,0.0053582595,0.0164318241,0.6505837789,0.2152095786,0.1821313173,0.1657930668,0.8874405825,0.0500416102,0.0622929543,0.0548399954,0.0326880578,0.0276090369,,0.3268184176,0.0676879279,0.1830386805,17.383221908,1.0361353271,-0.205289959,-0.17748349,0.4739533152,0.715295735,0.0077102,533617.2957722,1.49699552,0.00053876,1.47442246,0.0072624,0.00736527,0.00768916,0.0206915,0.20913662,-0.32372443,0.7153131,0.01773959,0.52857781,0.01739913,0.62987044,0.0163004,0.02664504,0.02336313,-0.34958405,0.06308201,0.01792585,0.89311728,0.8029327,0.60382314,0.9545613323,0.8192049659,385,0.3727456919,0.7991719383,-0.713078715,0.8299095996
20160331,20160331,247318.0,01W,SWE,-0.036027,2016,3,20160229,20160229,1013.2409793,15.597723626,1013.2409793,0.0246424464,0.0001241518,0.0260606364,0.1378479138,-0.13987822,-0.046819958,0.0272951811,-0.003963377,0.056682485,0.7757637866,-0.049851861,0.0202654861,0.0083036219,,0.0563025602,-0.170084942,-0.029234796,0.0701456261,0.7434810981,0.0103745989,0.1696163485,0.0143427844,-0.000594536,0.0,-0.018444423,-0.019224389,0.0007799662,0.0696178457,0.0012227001,0.0683951456,0.0500996826,-0.050099683,-0.006087167,0.0099609978,0.076461039,0.4511754179,0.1401225546,0.3661315644,0.2325250135,0.2528550512,-0.059027617,0.0010381521,0.0500996826,-0.018831309,-0.224269874,-0.068930992,-0.820927791,0.6388260441,1.2441866102,1.4014169506,2.3292242019,,0.0251132153,-0.213100613,0.0613165014,0.0,0.0730698478,-0.058553836,-0.036166469,-0.048124584,-0.234293439,0.0536758177,0.022319672,-0.010571902,-0.004776994,,-0.246777139,-0.065043714,-0.032145442,0.0151612184,-1.59490703,-1.231242937,0.1282964886,0.1281202534,0.4765777491,0.3774989401,0.1480118132,1.208120562,0.0957493197,0.1212912457,-0.036867776,3.0230242688,0.0393963676,0.4506337919,0.9462524172,0.4291093254,4.0,-3.38655746,4.7767282841,357.59740465,-35.14184196,0.0053582595,0.0164318241,0.571766904,0.1891373847,0.1600664861,0.1457075807,0.7799289973,0.0439791729,0.0547462921,0.0481962438,0.0287279674,0.0242642593,,0.2922604084,0.0605305588,0.1838337178,17.619473861,1.0405407372,-0.175718481,-0.349567111,0.4746756571,0.6965526538,0.00759341,543125.53870939,1.46309697,0.00055327,1.42857499,0.0071922,0.00743693,0.01141769,0.01849383,-0.1173074,-0.25320064,1.57874067,0.01806751,0.00595093,0.01856808,0.13976326,0.02987516,0.03717013,0.02023675,-0.31214742,0.05945519,0.01803169,0.92691783,0.9136153,0.60872914,0.9196352736,1.4825850239,386,0.3580781088,0.7819234985,-0.712132868,0.8061694482
20160429,20160430,247318.0,01W,SWE,-0.08884,2016,4,20160331,20160331,897.59021037,13.817408018,897.59021037,0.0278175233,0.0001241518,0.1105638635,-0.036027496,-0.0855746,0.0991070936,0.0517691539,0.192801572,0.0997881728,0.5705823679,-0.021253288,0.0189223764,0.0170098558,,0.0563025602,-0.170084942,-0.029234796,0.0701456261,0.7434810981,0.0103745989,0.1696163485,0.0143427844,-0.000594536,0.0,-0.018444423,-0.019224389,0.0007799662,0.0696178457,0.0012227001,0.0683951456,0.0500996826,-0.050099683,-0.006087167,0.0099609978,0.076461039,0.4511754179,0.1401225546,0.3661315644,0.2325250135,0.2528550512,-0.059027617,0.0010381521,0.0500996826,-0.018831309,-0.224269874,-0.068930992,-0.820927791,0.6388260441,1.2441866102,1.4014169506,2.3292242019,,0.0251132153,-0.213100613,0.0613165014,0.0,0.0730698478,-0.058553836,-0.036166469,-0.048124584,-0.234293439,0.0536758177,0.022319672,-0.010571902,-0.004776994,,-0.246777139,-0.065043714,-0.032145442,0.0151612184,-1.59490703,-1.231242937,0.1282964886,0.1281202534,0.4765777491,0.3774989401,0.1480118132,1.208120562,0.0957493197,0.1212912457,-0.036867776,3.0230242688,0.0393963676,0.4506337919,0.9462524172,0.4291093254,4.0,-3.38655746,4.7767282841,357.59740465,-35.14184196,0.0053582595,0.0164318241,0.6454366938,0.2135069508,0.1806903877,0.1644813971,0.8804196078,0.0496457066,0.0618001244,0.0544061295,0.0324294466,0.0273906083,,0.3245980131,0.0672280561,0.1906460235,17.39865019,0.9864454836,0.0732448714,0.1422862565,0.5123498147,0.7396486296,0.00773997,443762.81419727,1.05606954,0.00045698,1.0471508,0.00753706,0.00753795,0.00995471,0.02825533,-1.04874163,-0.21225264,-1.59315827,0.02883867,-1.1130158,0.02799607,-0.54112653,0.02924815,0.03719816,0.0282761,-1.04194919,0.06517203,0.01935222,0.83977234,0.80933575,0.59578388,0.9257320963,1.3915174406,387,0.26397041,0.772504082,-0.743178231,0.7420907771
20160531,20160531,247318.0,01W,SWE,0.027206,2016,5,20160429,20160430,817.84836655,12.589870574,817.84836655,0.0305297872,6.2072e-05,0.1106259375,-0.088839921,0.096854103,0.0509799207,0.0339026832,0.174796201,0.1088118946,0.4382382098,0.0426016752,0.0069731403,0.0004421713,,0.2305569924,-0.201710358,0.1837441484,0.1879425731,0.9028655691,-0.057052581,0.3349480541,0.0343441867,-0.000594536,0.0,0.0479994072,0.0206374205,0.0273619868,0.1305799931,0.0145975155,0.1159824776,0.1073462131,-0.107346213,-0.008087656,0.0330017522,0.076461039,0.4078299899,0.1296657006,0.31562129,0.1994174054,0.2528550512,-0.059027617,0.0010381521,0.1073462131,-0.02367652,-0.301017958,-0.131022733,-1.66579361,0.7342469361,1.1487736603,1.3834596419,2.1689500338,,0.0328192962,-0.213100613,0.0613165014,0.0,0.176393533,-0.058553836,-0.036166469,0.1060181577,-0.169075793,0.040236558,0.0133100347,-0.025004856,-0.008800106,,-0.342318178,-0.18730648,-0.043106787,0.0186619774,-0.758057618,-1.289342598,0.4038523055,0.1304257275,0.5018580458,0.3500538085,0.1595610346,1.1393566177,0.0905826759,0.1059891807,-0.04222524,2.9805539187,0.0367115121,0.4506337919,0.795839465,0.4962492339,4.0,-3.38655746,4.7767282841,357.59740465,-35.14184196,-0.452457347,0.022325532,0.7336748386,0.2461538555,0.202057938,0.1779792461,0.9199235051,0.0490873632,0.0664582301,0.0570267331,0.0355913823,0.0300612472,,0.3600514211,0.0660127038,0.208688852,17.161691603,0.9890916906,0.0275444895,0.0727255183,0.5110513119,0.6756659894,0.00803431,402097.77949041,1.02957884,0.00041592,1.00298979,0.00769249,0.00754534,0.00677495,0.01309211,0.05083653,-0.12126473,0.70228378,0.01359072,0.04784097,0.01361933,-0.0185671,0.01041542,0.02631835,0.01414578,-0.53818232,0.06349468,0.0194209,0.86050606,0.73743442,0.59138035,0.9159353852,0.4955342927,388,0.0613794682,0.6408442657,-0.951381758,0.5975651511
20160630,20160630,247318.0,01W,SWE,-0.032601,2016,6,20160531,20160531,840.09849906,12.932386742,840.09849906,0.0297212013,6.2072e-05,0.1106259375,0.0272056941,-0.121666737,-0.140385975,-0.047382648,0.0266887386,0.0721355492,0.4691103837,0.1113709453,-0.000678246,-0.007155694,,0.2305569924,-0.201710358,0.1837441484,0.1879425731,0.9028655691,-0.057052581,0.3349480541,0.0343441867,-0.000594536,0.0,0.0479994072,0.0206374205,0.0273619868,0.1305799931,0.0145975155,0.1159824776,0.1073462131,-0.107346213,-0.008087656,0.0330017522,0.076461039,0.4078299899,0.1296657006,0.31562129,0.1994174054,0.2528550512,-0.059027617,0.0010381521,0.1073462131,-0.02367652,-0.301017958,-0.131022733,-1.66579361,0.7342469361,1.1487736603,1.3834596419,2.1689500338,,0.0328192962,-0.213100613,0.0613165014,0.0,0.176393533,-0.058553836,-0.036166469,0.1060181577,-0.169075793,0.040236558,0.0133100347,-0.025004856,-0.008800106,,-0.342318178,-0.18730648,-0.043106787,0.0186619774,-0.758057618,-1.289342598,0.4038523055,0.1304257275,0.5018580458,0.3500538085,0.1595610346,1.1393566177,0.0905826759,0.1059891807,-0.04222524,2.9805539187,0.0367115121,0.4506337919,0.795839465,0.4962492339,4.0,-3.38655746,4.7767282841,357.59740465,-35.14184196,-0.452457347,0.022325532,0.7142433524,0.2396344344,0.1967064037,0.1732654396,0.8955591956,0.0477872772,0.0646980741,0.0555163717,0.0346487392,0.0292650706,,0.3519236654,0.0645225413,0.2023442828,17.219207854,0.99337783,-0.099936414,-0.191536265,0.5122874619,0.6310006767,0.00817242,352905.32767466,1.15484878,0.00037075,1.11160031,0.00784895,0.00758586,0.01068165,0.01289567,-0.13190816,-0.20885327,0.32503915,0.01319154,0.0094367,0.01258076,-0.20671113,0.01860969,0.0279501,0.01393673,-0.08702763,0.07138389,0.01919654,0.89910113,0.75749684,0.58783727,0.9158112077,0.8902161686,389,0.0497606061,0.6402012859,-0.968417949,0.6071712971
20160729,20160731,247318.0,01W,SWE,0.159073,2016,7,20160630,20160630,812.71030517,12.510775805,812.71030517,0.0307228005,6.2072e-05,0.1106259375,-0.03260117,-0.064051179,-0.174978951,-0.008353784,-0.051063443,0.074672825,0.8756302112,-0.019369461,-0.001881129,0.0197507146,,0.2305569924,-0.201710358,0.1837441484,0.1879425731,0.9028655691,-0.057052581,0.3349480541,0.0343441867,-0.000594536,0.0,0.0479994072,0.0206374205,0.0273619868,0.1305799931,0.0145975155,0.1159824776,0.1073462131,-0.107346213,-0.008087656,0.0330017522,0.076461039,0.4078299899,0.1296657006,0.31562129,0.1994174054,0.2528550512,-0.059027617,0.0010381521,0.1073462131,-0.02367652,-0.301017958,-0.131022733,-1.66579361,0.7342469361,1.1487736603,1.3834596419,2.1689500338,,0.0328192962,-0.213100613,0.0613165014,0.0,0.176393533,-0.058553836,-0.036166469,0.1060181577,-0.169075793,0.040236558,0.0133100347,-0.025004856,-0.008800106,,-0.342318178,-0.18730648,-0.043106787,0.0186619774,-0.758057618,-1.289342598,0.4038523055,0.1304257275,0.5018580458,0.3500538085,0.1595610346,1.1393566177,0.0905826759,0.1059891807,-0.04222524,2.9805539187,0.0367115121,0.4506337919,0.795839465,0.4962492339,4.0,-3.38655746,4.7767282841,357.59740465,-35.14184196,-0.452457347,0.022325532,0.7383132274,0.2477100725,0.2033353748,0.1791044543,0.9257393825,0.0493977,0.0668783878,0.0573872636,0.0358163956,0.0302512983,,0.3619819476,0.0663666512,0.1868602704,17.147962199,0.963175391,-0.225722579,-0.254208816,0.511794673,0.6136986886,0.00612987,364786.91827363,1.34471728,0.00042115,1.45523633,0.00764763,0.00763716,0.00396655,0.01632227,-0.52438207,0.44254992,0.70409492,0.01448951,-0.56175089,0.01458672,-0.68367016,0.02582831,0.03554895,0.02146822,-0.19360191,0.07465336,0.01925621,0.51597032,0.73280156,0.58486063,0.7758725335,1.2232113101,390,0.0956934732,0.6511471474,-0.976073427,0.6997894634
20160831,20160831,247318.0,01W,SWE,0.131695,2016,8,20160729,20160731,941.9906059,14.500902973,941.9906059,0.0265063541,0.0,0.1106880076,0.1590730423,-0.006282413,-0.006869034,-0.048405161,-0.063867503,0.1729155253,0.8966784041,-0.011092073,0.0135884272,0.0189249675,,0.0505586127,-0.033683722,0.4320537928,0.0951368126,0.0285513831,-0.082008961,0.6116671279,0.0199543227,0.0018133393,0.0,0.022934929,-0.007058944,0.0299938727,0.0070884495,-0.016270354,0.0233588036,0.0537635636,-0.051950224,-0.004263295,0.0271306233,0.0703493095,0.5358738502,0.1894875164,0.3207437536,0.1824520628,0.2027153558,0.096023833,0.0034165572,0.0926072759,-0.042049934,-0.082051282,-0.094000159,-0.183420822,0.583950451,1.4701708279,1.6574921942,2.8815543071,,0.0367936925,0.0640650343,-0.096286107,0.0,0.0560501136,-0.002166293,0.0176263154,0.0977970245,-0.050313971,0.0496379852,0.0166539464,-0.018085433,-0.008556185,,-0.157297243,0.0104945191,-0.029456607,0.0149536506,0.2292943979,-0.30920577,0.514512006,0.1548918217,0.5629668887,0.341210858,0.1990677424,0.2169230769,0.1245729304,0.1474375821,-0.019989748,2.2109238815,0.0365295211,0.4453674113,0.9789489208,0.4743389479,5.0,-4.446527239,4.532327568,3784.5832368,-47.7156198,1.1170032184,0.0100072332,0.4983295592,0.2253942632,0.0997968789,0.0814614943,0.806102086,0.0411236483,0.0620783735,0.0529106812,0.0344443296,0.0268482417,,0.2586736405,0.0679381612,0.1741543575,17.582431694,0.987495389,-0.213457939,-0.042668859,0.6281985355,0.7171804091,0.00786258,353524.84686698,1.38137046,0.00041237,1.47932547,0.00767963,0.00762154,0.00847757,0.02764825,0.21714177,-0.19160232,1.34231203,0.02474541,-0.63013931,0.02488524,-0.32084014,0.04518555,0.07525063,0.03013688,-0.21058331,0.08062739,0.02016295,0.5678702,0.84937053,0.57790076,0.7985548582,2.0754529718,391,0.6239214453,1.0423212667,-0.692820746,0.8568948859
20160930,20160930,247318.0,01W,SWE,-0.021837,2016,9,20160831,20160831,1066.0461284,16.410600463,1066.0461284,0.0,0.0,0.0845032271,0.131695074,0.1212859051,0.011656581,-0.009904074,0.0972163459,-0.046819958,0.9151406037,-0.013222707,0.026762771,-0.059089407,,0.0505586127,-0.033683722,0.4320537928,0.0951368126,0.0285513831,-0.082008961,0.6116671279,0.0199543227,0.0018133393,0.0,0.022934929,-0.007058944,0.0299938727,0.0070884495,-0.016270354,0.0233588036,0.0537635636,-0.051950224,-0.004263295,0.0271306233,0.0703493095,0.5358738502,0.1894875164,0.3207437536,0.1824520628,0.2027153558,0.096023833,0.0034165572,0.0926072759,-0.042049934,-0.082051282,-0.094000159,-0.183420822,0.583950451,1.4701708279,1.6574921942,2.8815543071,,0.0367936925,0.0640650343,-0.096286107,0.0,0.0560501136,-0.002166293,0.0176263154,0.0977970245,-0.050313971,0.0496379852,0.0166539464,-0.018085433,-0.008556185,,-0.157297243,0.0104945191,-0.029456607,0.0149536506,0.2292943979,-0.30920577,0.514512006,0.1548918217,0.5629668887,0.341210858,0.1990677424,0.2169230769,0.1245729304,0.1474375821,-0.019989748,2.2109238815,0.0365295211,0.4453674113,0.9789489208,0.4743389479,5.0,-4.446527239,4.532327568,3784.5832368,-47.7156198,1.1170032184,0.0100072332,0.4403390725,0.1991651889,0.0881835409,0.0719818405,0.712296187,0.0363380995,0.0548543286,0.0467534784,0.0304360515,0.0237239185,,0.2305931395,0.0605630858,0.1793934585,17.786183682,1.0491611377,-0.096914298,-0.187841786,0.6302543234,0.7380125127,0.00670633,425753.3491043,2.32229624,0.00047148,2.12856136,0.00752333,0.0075133,0.00639046,0.01013552,1.07569263,0.0658509,1.25363178,0.01033592,1.17398173,0.00891238,0.6535818,0.02707202,0.03865209,0.01465511,0.68917015,0.0752874,0.02011749,0.5371191,0.96122844,0.55305535,0.7782390221,1.2499028402,392,0.6162659674,1.0434382375,-0.669854312,0.8246529059
20161031,20161031,247318.0,01W,SWE,-0.091167,2016,10,20160930,20160930,1018.3856859,15.676920691,1018.3856859,0.0242062296,0.0,0.1081621989,-0.021836958,0.3117172523,0.1876757524,0.046913542,0.2583531695,0.0991070936,1.5056949594,0.0081153756,0.0240398316,0.0436413438,,0.0505586127,-0.033683722,0.4320537928,0.0951368126,0.0285513831,-0.082008961,0.6116671279,0.0199543227,0.0018133393,0.0,0.022934929,-0.007058944,0.0299938727,0.0070884495,-0.016270354,0.0233588036,0.0537635636,-0.051950224,-0.004263295,0.0271306233,0.0703493095,0.5358738502,0.1894875164,0.3207437536,0.1824520628,0.2027153558,0.096023833,0.0034165572,0.0926072759,-0.042049934,-0.082051282,-0.094000159,-0.183420822,0.583950451,1.4701708279,1.6574921942,2.8815543071,,0.0367936925,0.0640650343,-0.096286107,0.0,0.0560501136,-0.002166293,0.0176263154,0.0977970245,-0.050313971,0.0496379852,0.0166539464,-0.018085433,-0.008556185,,-0.157297243,0.0104945191,-0.029456607,0.0149536506,0.2292943979,-0.30920577,0.514512006,0.1548918217,0.5629668887,0.341210858,0.1990677424,0.2169230769,0.1245729304,0.1474375821,-0.019989748,2.2109238815,0.0365295211,0.4453674113,0.9789489208,0.4743389479,5.0,-4.446527239,4.532327568,3784.5832368,-47.7156198,1.1170032184,0.0100072332,0.4609469378,0.2084861183,0.09231053,0.0753505901,0.7456316432,0.0380387223,0.0574215108,0.0489415408,0.0318604585,0.0248341977,,0.2406287105,0.0631988327,0.1812889428,17.71377709,0.9326897743,0.0665579498,0.3422353519,0.6323184714,0.7678930479,0.00518677,646998.90294959,2.36321532,0.00068342,2.21542712,0.006922,0.00736891,0.00799066,0.01423837,0.21411721,0.22273015,0.22048808,0.01390144,-0.27203032,0.01267146,-0.54964878,0.01888229,0.0355819,0.01490399,0.34983524,0.06829182,0.0197128,0.55797962,0.91825416,0.52898218,0.748331188,0.8896974718,393,0.6521568501,1.0467675483,-0.62913955,0.8681193293
20161130,20161130,247318.0,01W,SWE,-0.022061,2016,11,20161031,20161031,925.54252202,14.247702924,925.54252202,0.0266344086,0.0,0.1081621989,-0.091166996,0.1069822967,0.2750125415,0.274259864,0.2209659673,0.0509799207,1.1433566063,0.1140010741,0.0053881888,0.0138485831,,0.0450764226,-0.08575577,0.1077397623,-0.001616861,0.0449428325,-0.086546896,0.3174824692,-0.000361196,0.0018133393,0.0,0.0100040373,0.0032248702,0.0067791671,0.0085299392,-0.022715535,0.0312454742,0.0678275218,-0.067827522,-0.004148532,-0.006731765,0.0703493095,0.5200867159,0.1888624742,0.3576216798,0.2160903786,0.2027153558,0.096023833,0.0034165572,0.0678275218,-0.045230488,-0.09154836,-0.113058009,-0.228834042,0.5847451412,1.4485797024,1.6240195461,2.8901045937,,0.0447035957,0.0640650343,-0.096286107,0.0,0.0397386561,-0.002166293,0.0176263154,-0.074386793,0.1703127166,0.061147912,0.0276571765,0.0122104396,0.0057985235,,-0.103247627,-0.105483799,-0.034016735,0.0255703577,2.0472407471,3.130067412,0.2473257786,0.1501064027,0.5435303645,0.3515711736,0.1973757189,0.2299393222,0.1297556357,0.1436319866,0.0047581119,2.5565217391,0.0351872142,0.4453674113,0.8327795704,0.4738517672,5.0,-4.446527239,4.532327568,3784.5832368,-47.7156198,0.1376394514,0.0138032895,0.5248767868,0.2053089472,0.1067351483,0.0832712687,0.8340270076,0.0443652881,0.0681057212,0.0602247773,0.0350564497,0.0273253696,,0.2663969998,0.0695939215,0.183416557,17.632705097,0.9344961127,0.1078032819,0.6949996205,0.6274584239,0.7684453,0.00691501,709713.12741441,2.17992269,0.00074267,2.06183822,0.0067871,0.00735297,0.00864521,0.01278339,-0.40085898,0.06724051,0.9963075,0.01127132,0.44988235,0.01210901,0.28069515,0.01174812,0.03202809,0.01471262,-0.13914758,0.06469587,0.0191054,0.57943083,0.83453968,0.50573455,0.7005174505,0.5674053463,394,0.7058638849,1.1252113379,-0.690519018,0.9538034558
20161230,20161231,247318.0,01W,SWE,0.125754,2016,12,20161130,20161130,905.12421501,13.933385682,905.12421501,0.0272352428,0.0,0.1081621989,,-0.111013144,0.1280831918,0.0177892897,-0.003902067,-0.140385975,1.5119529444,0.0702762336,,,,0.0450764226,-0.08575577,0.1077397623,-0.001616861,0.0449428325,-0.086546896,0.3174824692,-0.000361196,0.0018133393,0.0,0.0100040373,0.0032248702,0.0067791671,0.0085299392,-0.022715535,0.0312454742,0.0678275218,-0.067827522,-0.004148532,-0.006731765,0.0703493095,0.5200867159,0.1888624742,0.3576216798,0.2160903786,0.2027153558,0.096023833,0.0034165572,0.0678275218,-0.045230488,-0.09154836,-0.113058009,-0.228834042,0.5847451412,1.4485797024,1.6240195461,2.8901045937,,0.0447035957,0.0640650343,-0.096286107,0.0,0.0397386561,-0.002166293,0.0176263154,-0.074386793,0.1703127166,0.061147912,0.0276571765,0.0122104396,0.0057985235,,-0.103247627,-0.105483799,-0.034016735,0.0255703577,2.0472407471,3.130067412,0.2473257786,0.1501064027,0.5435303645,0.3515711736,0.1973757189,0.2299393222,0.1297556357,0.1436319866,0.0047581119,2.5565217391,0.0351872142,0.4453674113,0.8327795704,0.4738517672,5.0,-4.446527239,4.532327568,3784.5832368,-47.7156198,0.1376394514,0.0138032895,0.536717256,0.2099404233,0.1091429405,0.0851497493,0.8528414633,0.0453661055,0.0696420888,0.0615833621,0.0358472731,0.0279417908,,0.2719349774,0.0710406704,0.1685468347,17.594341358,0.9302529172,0.0464067876,0.4885201146,0.6261656866,0.7439745525,0.00770533,733430.90053058,2.09521341,0.00076858,1.97914261,0.00677291,0.00739773,0.00570216,0.01265639,-0.34626476,0.27087205,2.32714501,0.01153367,-0.23902686,0.01232344,-0.02429449,0.01747664,0.02252044,0.01377344,0.09305476,0.05909266,0.01867001,0.53814775,0.81612898,0.47405933,0.650939875,0.8578569593,395,0.7595709196,1.1336062872,-0.698191451,1.0235478563
20170131,20170131,247318.0,01W,SWE,0.101773,2017,1,20161230,20161231,1018.9492726,15.685570407,1018.9492726,0.024192841,1.6625405e-06,0.1081605364,,,,,,-0.174978951,1.5412524788,-0.19635534,,0.0334739956,,0.0450764226,-0.08575577,0.1077397623,-0.001616861,0.0449428325,-0.086546896,0.3174824692,-0.000361196,0.0018133393,0.0,0.0100040373,0.0032248702,0.0067791671,0.0085299392,-0.022715535,0.0312454742,0.0678275218,-0.067827522,-0.004148532,-0.006731765,0.0703493095,0.5200867159,0.1888624742,0.3576216798,0.2160903786,0.2027153558,0.096023833,0.0034165572,0.0678275218,-0.045230488,-0.09154836,-0.113058009,-0.228834042,0.5847451412,1.4485797024,1.6240195461,2.8901045937,,0.0447035957,0.0640650343,-0.096286107,0.0,0.0397386561,-0.002166293,0.0176263154,-0.074386793,0.1703127166,0.061147912,0.0276571765,0.0122104396,0.0057985235,,-0.103247627,-0.105483799,-0.034016735,0.0255703577,2.0472407471,3.130067412,0.2473257786,0.1501064027,0.5435303645,0.3515711736,0.1973757189,0.2299393222,0.1297556357,0.1436319866,0.0047581119,2.5565217391,0.0351872142,0.4453674113,0.8327795704,0.4738517672,5.0,-4.446527239,4.532327568,3784.5832368,-47.7156198,0.1376394514,0.0138032895,0.4767615014,0.1864883424,0.0969507718,0.0756378184,0.7575720213,0.0402983365,0.0618624917,0.0547039914,0.0318428363,0.0248204618,,0.2436937009,0.0636628802,0.1596580907,17.788601138,0.9552021647,-0.004433697,0.4264986091,0.591012803,0.8350637313,0.00583701,806382.71240674,2.1315352,0.00081895,2.07134489,0.00669787,0.00726674,0.00893603,0.02143912,0.26640945,0.14858047,-0.19493949,0.02136363,0.7495153,0.01920126,1.67616762,0.0335143,0.06314991,0.02210946,0.47321694,0.05272344,0.01866971,0.5202144,0.92903857,0.468907,0.6460535559,1.6573121203,396,0.7714982928,1.130248404,-0.70275092,1.0324388654
20170228,20170228,247318.0,01W,SWE,-0.045808,2017,2,20170131,20170131,1122.6504952,17.281933319,1122.6504952,0.0219581053,1.6625405e-06,0.1081605364,0.1017727039,0.1009192493,0.1075930724,0.2757160276,0.2749629349,-0.006869034,0.8737481508,0.1378479138,,0.0622838959,,-0.174995244,-0.001837487,0.095338247,-0.132259522,-0.000203533,-0.10677084,0.0426255494,-0.035078923,0.0018133393,0.0,-0.054426301,-0.023121569,-0.031304732,-0.158520742,-0.037760271,-0.120760471,-0.104540994,0.1045409938,-9.6339e-05,-0.032771206,0.0756197313,0.5474859143,0.2051949317,0.4249333413,0.2546702281,0.2182940379,-0.116167159,-0.011626165,-0.104540994,-0.045685217,-0.090104281,0.0588557763,0.1160803797,0.4793211118,1.4955930833,1.4921184647,2.8867338483,,0.031272905,0.0640650343,-0.096286107,1.0,-0.125454516,-0.002166293,0.0176263154,0.0633162571,0.0954903109,0.0743579803,0.0290856045,0.0206821626,0.0067659325,,0.0082430602,0.0251312975,-0.011802506,0.0244504621,1.2118141229,2.1890128268,0.1778301407,0.1315962729,0.4516784834,0.3902028185,0.1692867946,0.2428797928,0.1394521448,0.1595097142,0.0437028251,2.7159920372,0.0340591657,0.4453674113,0.8261487776,0.3675534262,7.0,-4.292328656,4.532327568,3784.5832368,-47.7156198,0.4055286362,0.011411733,0.4257391996,0.1567527422,0.0999597779,0.0866456763,0.7026264533,0.0399202566,0.0593702445,0.052894929,0.0289014569,0.0225277516,,0.2239906014,0.0624946471,0.1665936986,18.015277,0.9610427071,0.1795949072,0.3714467644,0.6770817584,0.8093695328,0.00681588,887813.18273007,1.96019917,0.00088937,1.9283976,0.00658225,0.00720597,0.00939481,0.01909702,0.43177445,0.3529453,0.25900155,0.01791803,0.72998773,0.016581,0.93922509,0.02890436,0.05401013,0.01909741,0.42387611,0.04219151,0.01842764,0.42611812,1.0,0.46711523,0.6631051317,1.47106675,397,0.7355027682,1.170775606,-0.811720672,1.0100287766
20170331,20170331,247318.0,01W,SWE,0.008456,2017,3,20170228,20170228,1071.2241491,16.490282946,1071.2241491,0.0230122498,1.6625405e-06,0.1081605364,-0.045807975,,0.0783079667,0.3683229222,0.2345405243,0.011656581,0.8926100522,-0.036027496,,-0.022728298,,-0.174995244,-0.001837487,0.095338247,-0.132259522,-0.000203533,-0.10677084,0.0426255494,-0.035078923,0.0018133393,0.0,-0.054426301,-0.023121569,-0.031304732,-0.158520742,-0.037760271,-0.120760471,-0.104540994,0.1045409938,-9.6339e-05,-0.032771206,0.0756197313,0.5474859143,0.2051949317,0.4249333413,0.2546702281,0.2182940379,-0.116167159,-0.011626165,-0.104540994,-0.045685217,-0.090104281,0.0588557763,0.1160803797,0.4793211118,1.4955930833,1.4921184647,2.8867338483,,0.031272905,0.0640650343,-0.096286107,1.0,-0.125454516,-0.002166293,0.0176263154,0.0633162571,0.0954903109,0.0743579803,0.0290856045,0.0206821626,0.0067659325,,0.0082430602,0.0251312975,-0.011802506,0.0244504621,1.2118141229,2.1890128268,0.1778301407,0.1315962729,0.4516784834,0.3902028185,0.1692867946,0.2428797928,0.1394521448,0.1595097142,0.0437028251,2.7159920372,0.0340591657,0.4453674113,0.8261487776,0.3675534262,7.0,-4.292328656,4.532327568,3784.5832368,-47.7156198,0.4055286362,0.011411733,0.4461776964,0.164277984,0.1047585552,0.0908052825,0.7363574995,0.0418367117,0.0622204367,0.0554342603,0.0302889315,0.0236092432,,0.2338485801,0.065245079,0.1519965266,17.952000961,0.9522928957,0.0803409018,0.2748206872,0.6775789467,0.7866483257,0.00810949,834877.36243928,1.85941527,0.00083842,1.85237952,0.00675933,0.00724118,0.00781274,0.01883772,-0.30953772,0.20537492,0.85460817,0.01587588,-0.56153321,0.01835563,-0.67599606,0.02175863,0.03384766,0.02005085,-0.20625006,0.04189187,0.01843778,0.35983613,0.93924212,0.47008115,0.706397606,1.1102711,398,0.7027509202,1.1787015917,-0.802052681,0.9386948408
20170428,20170430,247318.0,01W,SWE,0.083431,2017,4,20170331,20170331,1080.2823365,16.629723486,1080.2823365,0.0228192917,1.6625405e-06,0.0236573092,,0.0513027271,0.0518827817,0.3496427523,0.2220148576,0.1876757524,0.8708111022,-0.088839921,,-0.005505783,,-0.174995244,-0.001837487,0.095338247,-0.132259522,-0.000203533,-0.10677084,0.0426255494,-0.035078923,0.0018133393,0.0,-0.054426301,-0.023121569,-0.031304732,-0.158520742,-0.037760271,-0.120760471,-0.104540994,0.1045409938,-9.6339e-05,-0.032771206,0.0756197313,0.5474859143,0.2051949317,0.4249333413,0.2546702281,0.2182940379,-0.116167159,-0.011626165,-0.104540994,-0.045685217,-0.090104281,0.0588557763,0.1160803797,0.4793211118,1.4955930833,1.4921184647,2.8867338483,,0.031272905,0.0640650343,-0.096286107,1.0,-0.125454516,-0.002166293,0.0176263154,0.0633162571,0.0954903109,0.0743579803,0.0290856045,0.0206821626,0.0067659325,,0.0082430602,0.0251312975,-0.011802506,0.0244504621,1.2118141229,2.1890128268,0.1778301407,0.1315962729,0.4516784834,0.3902028185,0.1692867946,0.2428797928,0.1394521448,0.1595097142,0.0437028251,2.7159920372,0.0340591657,0.4453674113,0.8261487776,0.3675534262,7.0,-4.292328656,4.532327568,3784.5832368,-47.7156198,0.4055286362,0.011411733,0.4424364882,0.1629005101,0.1038801527,0.0900438785,0.7301831282,0.0414859101,0.0616987172,0.054969443,0.0300349583,0.0234112793,,0.2320497308,0.0647431899,0.1656732597,17.963583458,0.9483548756,0.2245639484,0.243961438,0.6401536828,0.8024354302,0.00661163,724402.39075734,1.88093554,0.00072407,1.87849752,0.00710959,0.00715013,0.00856998,0.01213043,0.77533083,0.04518742,2.25145665,0.01092678,1.02339018,0.01162575,1.08505641,0.01830916,0.037206,0.01349122,0.61731147,0.04281774,0.01685646,0.36330729,0.94718428,0.47247802,0.6856948092,1.0023675519,399,0.7234426574,1.1750831656,-0.807652914,0.9943015186
20170531,20170531,247318.0,01W,SWE,0.011136,2017,5,20170428,20170430,1170.4116285,18.017161892,1170.4116285,0.0210620581,1.6625405e-06,0.0236573092,,,,,,0.2750125415,0.698758087,0.0272056941,,0.0059195303,,-0.232827433,0.0670166621,-0.168651706,-0.188746181,-0.109311577,-0.107525229,-0.080513692,-0.053408284,0.0018133393,0.0,-0.091078484,-0.045441145,-0.045637339,-0.205975906,-0.040325496,-0.16565041,-0.142344663,0.1423446627,0.0047264548,-0.051151825,0.0788074169,0.580123396,0.206384403,0.441266859,0.2669320932,0.2426120053,-0.152133598,-0.009788935,-0.142344663,-0.032659683,-0.062123285,0.1096849792,0.2086361692,0.4345843643,1.5765073387,1.5141549698,3.0785427925,,0.0363462458,0.0640650343,-0.096286107,2.0,-0.162094165,-0.002166293,0.0176263154,-0.015896322,0.0750308021,0.0587967859,0.0216483646,0.018560228,0.0083383299,,0.0663917589,0.0407958846,-0.001168202,0.024069475,1.0686448992,1.2674097468,-0.038353014,0.1332768391,0.445054755,0.3896546444,0.1583324523,0.2578734646,0.1357432154,0.1737247195,0.0451605395,2.5894736842,0.0288679468,0.4453674113,0.7561672641,0.3401553641,6.0,-4.471296348,4.532327568,3784.5832368,-47.7156198,-0.130940556,0.0177760033,0.3933062543,0.1518865616,0.0852069504,0.0709117446,0.6858941197,0.0405433978,0.0533886556,0.0479096997,0.0277220715,0.0216084588,,0.208045441,0.0638026607,0.1677713691,18.085155446,0.9569041823,0.4221366052,0.3543840169,0.6714034258,0.8287161904,0.00780908,706165.46180563,1.92019564,0.00069629,1.94226861,0.00722083,0.00713381,0.00815739,0.01987796,1.20181487,-0.04913011,-0.44056608,0.01540991,0.41277073,0.01401858,0.28167272,0.02990671,0.05797787,0.01992153,1.11344573,0.04451933,0.01730546,0.36531072,0.99609572,0.46703903,0.6872752335,1.6063399829,400,0.7887497057,1.2203383075,-0.902443357,1.1011545237
20170630,20170630,247318.0,01W,SWE,0.044601,2017,6,20170531,20170531,1183.5186312,18.217798616,1183.5186312,0.0208288041,6.37307e-05,0.0235952431,0.0111358673,0.0925926469,,0.1241826274,0.4265357442,0.1280831918,0.972655055,-0.03260117,,0.0530633086,,-0.232827433,0.0670166621,-0.168651706,-0.188746181,-0.109311577,-0.107525229,-0.080513692,-0.053408284,0.0018133393,0.0,-0.091078484,-0.045441145,-0.045637339,-0.205975906,-0.040325496,-0.16565041,-0.142344663,0.1423446627,0.0047264548,-0.051151825,0.0788074169,0.580123396,0.206384403,0.441266859,0.2669320932,0.2426120053,-0.152133598,-0.009788935,-0.142344663,-0.032659683,-0.062123285,0.1096849792,0.2086361692,0.4345843643,1.5765073387,1.5141549698,3.0785427925,,0.0363462458,0.0640650343,-0.096286107,2.0,-0.162094165,-0.002166293,0.0176263154,-0.015896322,0.0750308021,0.0587967859,0.0216483646,0.018560228,0.0083383299,,0.0663917589,0.0407958846,-0.001168202,0.024069475,1.0686448992,1.2674097468,-0.038353014,0.1332768391,0.445054755,0.3896546444,0.1583324523,0.2578734646,0.1357432154,0.1737247195,0.0451605395,2.5894736842,0.0288679468,0.4453674113,0.7561672641,0.3401553641,6.0,-4.471296348,4.532327568,3784.5832368,-47.7156198,-0.130940556,0.0177760033,0.3889505425,0.1502044778,0.0842633169,0.0701264249,0.6782981125,0.0400943957,0.0527973972,0.0473791187,0.0274150605,0.0213691536,,0.2058924045,0.0631423749,0.164758062,18.098978524,0.9513338337,0.5120234776,0.4874774403,0.6686407005,0.8165286813,0.00782348,730900.40318569,1.85434403,0.00069862,1.93763792,0.00722207,0.00713151,0.01097275,0.01766631,0.58179425,0.4872508,0.05006017,0.01796571,0.3350201,0.01647325,0.37058324,0.02608353,0.05275842,0.01892516,0.97833805,0.04218115,0.01766595,0.35422902,0.93382194,0.4608759,0.6994372831,1.3752761585,401,0.8105226691,1.2293618896,-0.902146971,1.1071892795
20170731,20170731,247318.0,01W,SWE,0.023488,2017,7,20170630,20170630,1236.3046495,19.030329171,1236.3046495,0.0199394848,6.37307e-05,0.0235952431,0.0446009187,,0.1614367946,0.1620776155,0.4910308055,,0.8863933503,0.1590730423,,0.0224713261,,-0.232827433,0.0670166621,-0.168651706,-0.188746181,-0.109311577,-0.107525229,-0.080513692,-0.053408284,0.0018133393,0.0,-0.091078484,-0.045441145,-0.045637339,-0.205975906,-0.040325496,-0.16565041,-0.142344663,0.1423446627,0.0047264548,-0.051151825,0.0788074169,0.580123396,0.206384403,0.441266859,0.2669320932,0.2426120053,-0.152133598,-0.009788935,-0.142344663,-0.032659683,-0.062123285,0.1096849792,0.2086361692,0.4345843643,1.5765073387,1.5141549698,3.0785427925,,0.0363462458,0.0640650343,-0.096286107,2.0,-0.162094165,-0.002166293,0.0176263154,-0.015896322,0.0750308021,0.0587967859,0.0216483646,0.018560228,0.0083383299,,0.0663917589,0.0407958846,-0.001168202,0.024069475,1.0686448992,1.2674097468,-0.038353014,0.1332768391,0.445054755,0.3896546444,0.1583324523,0.2578734646,0.1357432154,0.1737247195,0.0451605395,2.5894736842,0.0288679468,0.4453674113,0.7561672641,0.3401553641,6.0,-4.471296348,4.532327568,3784.5832368,-47.7156198,-0.130940556,0.0177760033,0.3723436726,0.1437912557,0.0806655589,0.0671322643,0.6493370821,0.0383825009,0.0505431273,0.0453561909,0.0262445304,0.0204567632,,0.1976545242,0.0606160101,0.1684829419,18.151681291,1.0156535431,0.3699973837,0.0010950344,0.6724004947,0.8128564974,0.00784596,600812.8406266,1.71674163,0.00054491,1.81215407,0.00759473,0.007303,0.00786963,0.01913496,-0.11387714,-0.1591445,1.42807555,0.01799272,-0.18356854,0.01912398,-0.59424493,0.02787991,0.03384137,0.02075249,-0.00682331,0.04602834,0.01776292,0.45671943,0.97547125,0.45422504,1.0004396697,1.4763001913,402,0.72095553,1.2309624848,-0.903832055,1.0021775381
20170831,20170831,247318.0,01W,SWE,0.003534,2017,8,20170731,20170731,1265.4216521,19.477315796,1265.4216521,0.0194806828,0.0001257989,0.0235331808,0.0234881184,0.0562334559,0.1011689965,0.3356770051,0.3437739405,0.1075930724,1.0655509512,0.131695074,,0.0213082671,,0.0770927642,0.0585842096,-0.247892415,-0.021660733,0.1965764386,-0.144142068,-0.174338531,-0.004619307,-0.000915833,0.0,0.01229556,0.0200193321,-0.007723772,0.0549311812,0.0044662792,0.050464902,0.0309037503,-0.031819584,0.0068327909,0.0183903974,0.0812203957,0.5293466224,0.1871539313,0.365841334,0.2223345124,0.2293469709,0.0486597437,-0.005758583,0.0544183262,-0.024584718,-0.252272727,-0.056404301,-0.578785047,0.6018837307,1.4272425249,1.6488187236,2.8237608183,,0.0394241417,0.0099360382,0.0470366886,3.0,0.0460361617,-0.004865998,0.028624919,0.0770585192,0.0802433194,0.0724433351,0.0279760847,0.0228053499,0.0113221383,,0.0176861832,-0.036165663,-0.00761495,0.0438962775,0.9787521335,1.0922659601,-0.116036253,0.1751021238,0.5701554167,0.3818631148,0.2015821452,1.3181818182,0.1220376523,0.1625692137,-0.002535278,2.2814552804,0.0265873887,0.4296586932,1.1645497841,0.4673365947,6.0,-2.781363941,4.6805444617,438.1856639,-52.32771772,0.2030582362,0.008765166,0.3995591382,0.1751334517,0.0866375186,0.0708852425,0.6352238082,0.0389382106,0.0487612592,0.043628495,0.0242478857,0.0230089426,,0.2100660773,0.0606563732,0.182953242,17.901337524,1.0240618374,0.2202282933,-0.260072166,0.5560647397,0.7720153933,0.00837179,508489.54367899,1.90391003,0.0004509,2.05562831,0.0078225,0.00731912,0.00821767,0.02029545,0.56747427,-0.66942203,1.34308214,0.01834351,0.31879826,0.01907232,0.17924099,0.0300358,0.04865537,0.02061178,0.63554045,0.05481101,0.01686882,0.27709387,0.97786185,0.44942619,0.9775017159,1.6910718997,403,0.4637831604,1.1146013666,-0.927566321,0.7954424122
20170929,20170930,247318.0,01W,SWE,0.048345,2017,9,20170831,20170831,1269.8933817,19.546144467,1269.8933817,0.0194120846,0.0001257989,0.0235331808,0.0035337862,0.0691366288,0.181138969,,0.2152890771,0.0783079667,1.1326336765,-0.021836958,,-0.000947291,,0.0770927642,0.0585842096,-0.247892415,-0.021660733,0.1965764386,-0.144142068,-0.174338531,-0.004619307,-0.000915833,0.0,0.01229556,0.0200193321,-0.007723772,0.0549311812,0.0044662792,0.050464902,0.0309037503,-0.031819584,0.0068327909,0.0183903974,0.0812203957,0.5293466224,0.1871539313,0.365841334,0.2223345124,0.2293469709,0.0486597437,-0.005758583,0.0544183262,-0.024584718,-0.252272727,-0.056404301,-0.578785047,0.6018837307,1.4272425249,1.6488187236,2.8237608183,,0.0394241417,0.0099360382,0.0470366886,3.0,0.0460361617,-0.004865998,0.028624919,0.0770585192,0.0802433194,0.0724433351,0.0279760847,0.0228053499,0.0113221383,,0.0176861832,-0.036165663,-0.00761495,0.0438962775,0.9787521335,1.0922659601,-0.116036253,0.1751021238,0.5701554167,0.3818631148,0.2015821452,1.3181818182,0.1220376523,0.1625692137,-0.002535278,2.2814552804,0.0265873887,0.4296586932,1.1645497841,0.4673365947,6.0,-2.781363941,4.6805444617,438.1856639,-52.32771772,0.2030582362,0.008765166,0.3981521536,0.1745167468,0.0863324382,0.0706356312,0.6329869676,0.0388010958,0.0485895541,0.0434748642,0.0241625006,0.0229279203,,0.2093751656,0.0604568732,0.1657999458,17.906380072,1.0292361294,0.0406023104,0.1374710728,0.5508449913,0.748497225,0.00831785,483137.7226451,2.00418639,0.00042297,2.18652747,0.00784877,0.00742559,0.0070965,0.01142478,0.07599257,-0.42387491,0.80853562,0.01138607,0.07530013,0.01152034,0.16978609,0.01658572,0.02019562,0.01290298,-0.38212093,0.06039715,0.016844,0.33816634,0.9813174,0.45053296,0.9949190551,0.9425735085,404,0.4592696242,1.109576433,-0.893617641,0.780813071
20171031,20171031,247318.0,01W,SWE,0.106364,2017,10,20170929,20170930,1301.3215024,20.029884753,1301.3215024,0.0219008157,0.0001257989,0.0226394193,0.0483448145,0.0271049067,,0.2461226439,0.24681019,0.0518827817,1.0944360945,-0.091166996,,0.001035407,,0.0770927642,0.0585842096,-0.247892415,-0.021660733,0.1965764386,-0.144142068,-0.174338531,-0.004619307,-0.000915833,0.0,0.01229556,0.0200193321,-0.007723772,0.0549311812,0.0044662792,0.050464902,0.0309037503,-0.031819584,0.0068327909,0.0183903974,0.0812203957,0.5293466224,0.1871539313,0.365841334,0.2223345124,0.2293469709,0.0486597437,-0.005758583,0.0544183262,-0.024584718,-0.252272727,-0.056404301,-0.578785047,0.6018837307,1.4272425249,1.6488187236,2.8237608183,,0.0394241417,0.0099360382,0.0470366886,3.0,0.0460361617,-0.004865998,0.028624919,0.0770585192,0.0802433194,0.0724433351,0.0279760847,0.0228053499,0.0113221383,,0.0176861832,-0.036165663,-0.00761495,0.0438962775,0.9787521335,1.0922659601,-0.116036253,0.1751021238,0.5701554167,0.3818631148,0.2015821452,1.3181818182,0.1220376523,0.1625692137,-0.002535278,2.2814552804,0.0265873887,0.4296586932,1.1645497841,0.4673365947,6.0,-2.781363941,4.6805444617,438.1856639,-52.32771772,0.2030582362,0.008765166,0.38853641,0.1703020056,0.0842474298,0.0689297153,0.6176997455,0.0378640134,0.0474160713,0.0424249059,0.0235789538,0.0223741897,,0.2046446354,0.0590909372,0.1719952983,17.940842316,1.0482263833,0.1125154227,0.0772190541,0.5510249607,0.7631998421,0.00486156,763650.466108,3.53354336,0.00062091,3.50495954,0.00726397,0.00732514,0.00838119,0.01112863,0.04681177,-0.43502224,1.67860095,0.01112704,0.31177412,0.0114007,0.14744361,0.01835097,0.02278637,0.01323633,-0.31695835,0.0557753,0.01667916,0.52048971,0.98586645,0.45399038,1.0519112571,1.0490107307,405,0.4566480349,1.1135479609,-0.891890693,0.7601175461
20171130,20171130,247318.0,01W,SWE,-0.014458,2017,11,20171031,20171031,1439.7348929,22.160337724,1439.7348929,0.0197953127,0.0001257989,0.0226394193,0.1063637159,0.052049441,0.1373100446,0.1856948419,0.4382037094,,1.0776542431,,,0.0547148658,,0.1788665695,0.0957593262,-0.125353873,0.0899574511,0.6660519645,-0.100878913,-0.190415993,0.017019226,-0.000915833,0.0,0.0585208268,0.0278265778,0.030694249,0.0953097733,0.0153324323,0.079977341,0.0589714329,-0.058971433,0.0059070316,0.0578407933,0.0829021778,0.490761263,0.1633521642,0.3911190243,0.2417893095,0.2091994477,0.0486597437,-0.005758583,0.0589714329,-0.009695777,-0.102913664,-0.06866721,-0.728852787,0.6899908472,1.3271153221,1.5982226603,2.5234493612,,0.0358178054,0.0099360382,0.0470366886,4.0,0.1304670377,-0.004865998,0.028624919,-0.031119707,0.1296034596,0.0749022616,0.0328309138,0.0137543496,0.0051737373,,-0.042404918,-0.143730597,0.00089847,0.0500947964,1.078537755,1.0566404075,-0.116963454,0.1811403779,0.5785420466,0.4592990755,0.1925704055,1.3011266403,0.1039085061,0.1536563871,-0.02584713,2.5664187035,0.0270593926,0.4296586932,0.8628834264,0.5051064939,7.0,-2.706081049,4.6805444617,438.1856639,-52.32771772,0.1587925202,0.0087262671,0.3977735161,0.1549916682,0.0920726275,0.0778252531,0.5875017113,0.0374753284,0.0413320518,0.0369008201,0.0213121177,0.0202231774,,0.2160061853,0.0567071899,0.2009132578,17.932007274,0.9974715441,0.2606566588,-0.00046579,0.5080177716,0.7739842523,0.00633882,908383.28902559,3.15419391,0.00071201,3.19340868,0.00702348,0.00726798,0.00812274,0.01854568,0.17359607,0.23350318,2.39174148,0.01932746,0.0350684,0.0189815,-0.38738431,0.02993725,0.03735695,0.01867013,0.15919326,0.0503844,0.01712109,0.20115517,1.0,0.4531112,1.1238933597,1.6880575916,406,0.1052918964,0.9736027009,-1.116094102,0.6995515759
20171229,20171231,247318.0,01W,SWE,0.004429,2017,12,20171130,20171130,1418.9186774,21.839935428,1418.9186774,0.0200857194,0.0001257989,0.0226394193,-0.014458367,0.1598506645,0.2444208615,0.3747859101,,,,0.1257544121,,,,0.1788665695,0.0957593262,-0.125353873,0.0899574511,0.6660519645,-0.100878913,-0.190415993,0.017019226,-0.000915833,0.0,0.0585208268,0.0278265778,0.030694249,0.0953097733,0.0153324323,0.079977341,0.0589714329,-0.058971433,0.0059070316,0.0578407933,0.0829021778,0.490761263,0.1633521642,0.3911190243,0.2417893095,0.2091994477,0.0486597437,-0.005758583,0.0589714329,-0.009695777,-0.102913664,-0.06866721,-0.728852787,0.6899908472,1.3271153221,1.5982226603,2.5234493612,,0.0358178054,0.0099360382,0.0470366886,4.0,0.1304670377,-0.004865998,0.028624919,-0.031119707,0.1296034596,0.0749022616,0.0328309138,0.0137543496,0.0051737373,,-0.042404918,-0.143730597,0.00089847,0.0500947964,1.078537755,1.0566404075,-0.116963454,0.1811403779,0.5785420466,0.4592990755,0.1925704055,1.3011266403,0.1039085061,0.1536563871,-0.02584713,2.5664187035,0.0270593926,0.4296586932,0.8628834264,0.5051064939,7.0,-2.706081049,4.6805444617,438.1856639,-52.32771772,0.1587925202,0.0087262671,0.4036090437,0.15726547,0.093423377,0.0789669868,0.5961206424,0.0380251094,0.0419384128,0.0374421728,0.0216247767,0.0205198611,,0.2189431741,0.0574782252,0.2043292924,17.91144915,0.9890565852,0.3814130261,0.5321702486,0.5098915707,0.7875677321,0.00727139,962302.93461795,2.98682106,0.00074184,3.07048587,0.00695429,0.00724142,0.00684504,0.0132542,0.12139351,0.3371229,1.61437703,0.01260742,0.43910869,0.01333181,0.21746404,0.02127906,0.02903811,0.01720496,-0.21435342,0.04872063,0.01724776,0.34047117,0.96950286,0.45370509,1.1349343861,1.183626262,407,0.122592132,0.9724213413,-1.103329188,0.6680939319
20180131,20180131,247318.0,01W,SWE,0.128205,2018,1,20171229,20171231,1425.2036139,21.9366729,1425.2036139,0.0199971444,0.0001241362,0.0226410819,0.0044293845,0.0903675032,0.1740642249,,0.4244192648,0.1614367946,0.9964394039,0.1017727039,,-0.038098629,,0.1788665695,0.0957593262,-0.125353873,0.0899574511,0.6660519645,-0.100878913,-0.190415993,0.017019226,-0.000915833,0.0,0.0585208268,0.0278265778,0.030694249,0.0953097733,0.0153324323,0.079977341,0.0589714329,-0.058971433,0.0059070316,0.0578407933,0.0829021778,0.490761263,0.1633521642,0.3911190243,0.2417893095,0.2091994477,0.0486597437,-0.005758583,0.0589714329,-0.009695777,-0.102913664,-0.06866721,-0.728852787,0.6899908472,1.3271153221,1.5982226603,2.5234493612,,0.0358178054,0.0099360382,0.0470366886,4.0,0.1304670377,-0.004865998,0.028624919,-0.031119707,0.1296034596,0.0749022616,0.0328309138,0.0137543496,0.0051737373,,-0.042404918,-0.143730597,0.00089847,0.0500947964,1.078537755,1.0566404075,-0.116963454,0.1811403779,0.5785420466,0.4592990755,0.1925704055,1.3011266403,0.1039085061,0.1536563871,-0.02584713,2.5664187035,0.0270593926,0.4296586932,0.8628834264,0.5051064939,7.0,-2.706081049,4.6805444617,438.1856639,-52.32771772,0.1587925202,0.0087262671,0.4018291878,0.1565719527,0.0930113938,0.0786187541,0.5934918388,0.0378574243,0.0417534706,0.0372770584,0.0215294146,0.0204293716,,0.2180480414,0.0572432298,0.1866390297,17.917719449,0.9896260936,0.2393541309,0.4555382404,0.4987993248,0.771601836,0.005646,1209003.47558609,3.1177313,0.00091326,3.15926149,0.00660584,0.00722402,0.0058769,0.0136475,-0.1723801,0.44884084,1.40629408,0.01412042,-0.22689452,0.01417537,0.29155773,0.01688703,0.02640692,0.01373842,-0.12889451,0.04372143,0.01663524,0.35853083,0.97379716,0.45224917,1.0842642945,0.976557315,408,0.0543225015,0.928552039,-1.257774843,0.7560656961
20180228,20180228,247318.0,01W,SWE,-0.145458,2018,2,20180131,20180131,1607.9219214,24.749065253,1607.9219214,0.0177247427,0.0001241362,0.0226410819,0.1282050549,-0.010093024,0.1522015601,0.2455787311,0.2985696237,0.1011689965,1.066485002,-0.045807975,,0.0651188664,,0.2444049104,0.1207074082,-0.257699658,0.135961194,0.1969058655,-0.071617078,-0.210699978,0.0251456237,-0.000915833,0.0,0.0861589078,0.0406290535,0.0455298543,0.0950041941,0.0175100897,0.0774941044,0.0792937447,-0.073114548,0.0055775771,0.0664308642,0.084214371,0.4932605735,0.1535475766,0.4286195967,0.259853663,0.2099850134,0.0486597437,-0.005758583,0.0792937447,0.0044066472,0.0468061406,-0.068707901,-0.729795585,0.7340835558,1.3308398867,1.6481695472,2.4934581955,,0.0341915551,0.0099360382,0.0470366886,5.0,0.1530916184,-0.004865998,0.1031808889,-0.186930044,0.1971562369,0.0724675772,0.0282368489,-0.001890403,-0.000848756,,0.0641559679,-0.10266559,0.0021016211,0.0651651645,1.213886049,0.3756046904,-0.261414693,0.1965590117,0.6138158798,0.5248543936,0.1910753583,1.3089449129,0.0897401279,0.1579542238,-0.049712017,2.7600909608,0.0295390865,0.4296586932,0.9453900644,0.5394770824,7.0,-2.499872287,4.6805444617,438.1856639,-52.32771772,0.2171956099,0.0107151403,0.3699005453,0.1340175199,0.0991226796,0.0864752047,0.5497893913,0.0348249435,0.0331949223,0.0298389357,0.0190828915,0.0181078532,,0.2029431723,0.0537769783,0.1809921138,18.044593492,1.0516724728,0.1395805552,0.4693451292,0.4692832415,0.7619880325,0.00628793,1468565.88839625,2.58628789,0.00107356,2.69292665,0.00637556,0.00715025,0.00738954,0.01270945,0.08380245,-0.28364725,0.70305547,0.01292259,-0.00579868,0.01303536,0.04532112,0.02273018,0.029266,0.01327532,0.03124375,0.03135751,0.01603312,0.62353744,0.98656771,0.45261065,1.1138654243,1.3487201356,409,0.0042400296,0.8907692835,-1.106647734,0.6532309789
20180329,20180331,247318.0,01W,SWE,-0.051455,2018,3,20180228,20180228,1374.0367259,21.149114354,1374.0367259,0.0207418054,0.0001241362,0.0226410819,-0.145458055,0.1332023089,0.2953421621,0.3897916849,0.5353857248,0.181138969,0.7981722162,,,-0.025536383,,0.2444049104,0.1207074082,-0.257699658,0.135961194,0.1969058655,-0.071617078,-0.210699978,0.0251456237,-0.000915833,0.0,0.0861589078,0.0406290535,0.0455298543,0.0950041941,0.0175100897,0.0774941044,0.0792937447,-0.073114548,0.0055775771,0.0664308642,0.084214371,0.4932605735,0.1535475766,0.4286195967,0.259853663,0.2099850134,0.0486597437,-0.005758583,0.0792937447,0.0044066472,0.0468061406,-0.068707901,-0.729795585,0.7340835558,1.3308398867,1.6481695472,2.4934581955,,0.0341915551,0.0099360382,0.0470366886,5.0,0.1530916184,-0.004865998,0.1031808889,-0.186930044,0.1971562369,0.0724675772,0.0282368489,-0.001890403,-0.000848756,,0.0641559679,-0.10266559,0.0021016211,0.0651651645,1.213886049,0.3756046904,-0.261414693,0.1965590117,0.6138158798,0.5248543936,0.1910753583,1.3089449129,0.0897401279,0.1579542238,-0.049712017,2.7600909608,0.0295390865,0.4296586932,0.9453900644,0.5394770824,7.0,-2.499872287,4.6805444617,438.1856639,-52.32771772,0.2171956099,0.0107151403,0.4328641181,0.1568296568,0.1159951015,0.1011948041,0.6433732067,0.0407527608,0.0388452813,0.0349180469,0.022331135,0.0211901281,,0.2343131841,0.0620895736,0.1877702597,17.825227325,1.113331075,0.384368768,0.8211686903,0.472876562,0.7821048356,0.00675401,1662099.69938462,2.30026165,0.00120115,2.42276098,0.00623117,0.00705153,0.00829712,0.02040687,0.42301093,-0.07249685,1.50516266,0.01646132,0.07617425,0.02029429,0.1431024,0.03073293,0.06490032,0.02841592,0.81627842,0.02135818,0.01637201,1.20436029,0.83922707,0.46469672,1.0720069636,1.7179600581,410,-0.102513566,0.8852390846,-1.127649225,0.5550535935
20180430,20180430,247318.0,01W,SWE,0.041233,2018,4,20180329,20180331,1303.3362997,20.060896427,1303.3362997,0.0218669597,0.0001241362,0.0226410819,-0.051454539,-0.035901458,0.0558779851,0.1369272878,,,,0.0834312373,0.0144300636,-0.028576731,,0.2444049104,0.1207074082,-0.257699658,0.135961194,0.1969058655,-0.071617078,-0.210699978,0.0251456237,-0.000915833,0.0,0.0861589078,0.0406290535,0.0455298543,0.0950041941,0.0175100897,0.0774941044,0.0792937447,-0.073114548,0.0055775771,0.0664308642,0.084214371,0.4932605735,0.1535475766,0.4286195967,0.259853663,0.2099850134,0.0486597437,-0.005758583,0.0792937447,0.0044066472,0.0468061406,-0.068707901,-0.729795585,0.7340835558,1.3308398867,1.6481695472,2.4934581955,,0.0341915551,0.0099360382,0.0470366886,5.0,0.1530916184,-0.004865998,0.1031808889,-0.186930044,0.1971562369,0.0724675772,0.0282368489,-0.001890403,-0.000848756,,0.0641559679,-0.10266559,0.0021016211,0.0651651645,1.213886049,0.3756046904,-0.261414693,0.1965590117,0.6138158798,0.5248543936,0.1910753583,1.3089449129,0.0897401279,0.1579542238,-0.049712017,2.7600909608,0.0295390865,0.4296586932,0.9453900644,0.5394770824,7.0,-2.499872287,4.6805444617,438.1856639,-52.32771772,0.2171956099,0.0107151403,0.4563451472,0.1653369957,0.1222873402,0.1066841899,0.6782734546,0.042963424,0.0409524719,0.0368122018,0.0235425036,0.022339602,,0.2457983841,0.0651329839,0.186539769,17.743419017,1.124849979,0.1194674393,0.1886689406,0.4746598562,0.7648275705,0.00752751,1326244.7982793,2.16273645,0.00092449,2.2272961,0.00670917,0.00711395,0.00457775,0.01225428,-0.86344868,-0.19414586,1.42777143,0.01146151,-1.8156543,0.01159853,-1.90229369,0.01430713,0.02418963,0.01547422,-0.63249437,0.02220366,0.01641522,1.28397326,0.79604503,0.47076202,1.0563178539,0.7915059167,411,-0.136013908,0.9061259855,-1.139116481,0.5234146254
20180531,20180531,247318.0,01W,SWE,0.037466,2018,5,20180430,20180430,1357.0768776,20.888069097,1357.0768776,0.0210010228,0.0001241362,0.0226410819,0.0412330861,-0.189428117,-0.094738687,0.0536782978,0.1390709079,0.1373100446,0.9146664608,0.0111358673,0.0171661744,0.0415756026,,0.3967064147,0.1608178197,-0.105801305,0.2548140118,0.7487761674,-0.011228905,-0.120015776,0.0418798755,-0.000915833,0.0,0.0994517367,0.0593944869,0.0400572498,0.1704945665,0.0259392527,0.1445553138,0.119172726,-0.119172726,0.0046069762,0.0795234569,0.0846244511,0.4821114011,0.1653331104,0.4266241597,0.2592248009,0.2078201852,0.0486597437,-0.005758583,0.119172726,-0.010491793,-0.113685139,-0.129664519,-1.404996133,0.8243249226,1.2962307533,1.6892948215,2.4557935979,,0.0401064436,0.0099360382,0.0470366886,6.0,0.2578495519,-0.004865998,0.1831988102,-0.256609441,0.2390367656,0.0635181435,0.0230130617,0.0047213576,0.0013646971,,0.0744007534,-0.008254287,0.0129397431,0.064236947,1.4603085434,0.6252762726,-0.266136721,0.2162678609,0.6733680865,0.5493277658,0.2309218158,1.3042754488,0.1027799613,0.1548413171,-0.032963254,2.808862787,0.0282543953,0.4296586932,1.1747776146,0.5720496383,7.0,-2.489251542,4.6805444617,438.1856639,-52.32771772,-0.48800353,0.0146289295,0.4737728369,0.1686706945,0.1299475772,0.1109462336,0.6866814619,0.0437236272,0.0486943538,0.0444689715,0.0226102147,0.0214549483,,0.2516925839,0.0660334478,0.1812366131,17.681928705,1.1260613572,0.012279033,-0.313479257,0.4938626579,0.7100482079,0.00688422,1247727.11206361,2.17372716,0.00086942,2.2388717,0.00680248,0.00705708,0.00620282,0.01521759,0.49589847,0.00286153,0.58802474,0.01284716,0.54805225,0.01393335,0.40012535,0.0315284,0.06505302,0.02219332,1.08792113,0.02370958,0.01594508,1.26583043,0.82886842,0.46502001,1.0694301915,1.7260077673,412,-0.031243326,1.0111735312,-1.195057235,0.5519266952
20180629,20180630,247318.0,01W,SWE,0.020658,2018,6,20180531,20180531,1407.9209446,21.670658795,1407.9209446,0.0202426155,6.20642e-05,0.022703148,0.0374658708,-0.012343082,-0.043583752,0.0932613539,0.1729762093,0.2444208615,0.9837312855,0.0446009187,0.0165175337,0.0420039142,,0.3967064147,0.1608178197,-0.105801305,0.2548140118,0.7487761674,-0.011228905,-0.120015776,0.0418798755,-0.000915833,0.0,0.0994517367,0.0593944869,0.0400572498,0.1704945665,0.0259392527,0.1445553138,0.119172726,-0.119172726,0.0046069762,0.0795234569,0.0846244511,0.4821114011,0.1653331104,0.4266241597,0.2592248009,0.2078201852,0.0486597437,-0.005758583,0.119172726,-0.010491793,-0.113685139,-0.129664519,-1.404996133,0.8243249226,1.2962307533,1.6892948215,2.4557935979,,0.0401064436,0.0099360382,0.0470366886,6.0,0.2578495519,-0.004865998,0.1831988102,-0.256609441,0.2390367656,0.0635181435,0.0230130617,0.0047213576,0.0013646971,,0.0744007534,-0.008254287,0.0129397431,0.064236947,1.4603085434,0.6252762726,-0.266136721,0.2162678609,0.6733680865,0.5493277658,0.2309218158,1.3042754488,0.1027799613,0.1548413171,-0.032963254,2.808862787,0.0282543953,0.4296586932,1.1747776146,0.5720496383,7.0,-2.489251542,4.6805444617,438.1856639,-52.32771772,-0.48800353,0.0146289295,0.4566635398,0.1625795115,0.1252547972,0.1069396466,0.6618834231,0.0421446415,0.0469358609,0.0428630693,0.0217936949,0.0206801485,,0.2434813487,0.0638791683,0.1796163261,17.741565666,1.1153704861,0.1246208374,-0.309495699,0.496442905,0.7259770126,0.00785757,1194722.71398477,2.2649563,0.00083107,2.33645228,0.0068533,0.00705284,0.00310466,0.01112163,0.62544199,-0.00643696,0.76635207,0.01147779,0.67934926,0.01156406,0.61285271,0.01954398,0.02880326,0.01383341,-0.12765958,0.0239821,0.01548785,1.21755403,0.8599227,0.47111925,1.021788459,1.0917748579,413,-0.019660067,1.0088537333,-1.199264101,0.5722575479
20180731,20180731,247318.0,01W,SWE,0.024732,2018,7,20180629,20180630,1437.0055719,22.118328132,1437.0055719,0.0198329102,6.20642e-05,0.022703148,0.0206578555,0.0802437904,-0.012126456,0.0819162997,0.1649643061,0.1740642249,1.0757918845,0.0234881184,0.016260237,0.0476046622,,0.3967064147,0.1608178197,-0.105801305,0.2548140118,0.7487761674,-0.011228905,-0.120015776,0.0418798755,-0.000915833,0.0,0.0994517367,0.0593944869,0.0400572498,0.1704945665,0.0259392527,0.1445553138,0.119172726,-0.119172726,0.0046069762,0.0795234569,0.0846244511,0.4821114011,0.1653331104,0.4266241597,0.2592248009,0.2078201852,0.0486597437,-0.005758583,0.119172726,-0.010491793,-0.113685139,-0.129664519,-1.404996133,0.8243249226,1.2962307533,1.6892948215,2.4557935979,,0.0401064436,0.0099360382,0.0470366886,6.0,0.2578495519,-0.004865998,0.1831988102,-0.256609441,0.2390367656,0.0635181435,0.0230130617,0.0047213576,0.0013646971,,0.0744007534,-0.008254287,0.0129397431,0.064236947,1.4603085434,0.6252762726,-0.266136721,0.2162678609,0.6733680865,0.5493277658,0.2309218158,1.3042754488,0.1027799613,0.1548413171,-0.032963254,2.808862787,0.0282543953,0.4296586932,1.1747776146,0.5720496383,7.0,-2.489251542,4.6805444617,438.1856639,-52.32771772,-0.48800353,0.0146289295,0.4474207858,0.1592889435,0.1227196719,0.1047752154,0.6484870709,0.0412916447,0.045985891,0.0419955317,0.0213525961,0.0202615875,,0.2390207123,0.0627088867,0.1733740134,17.773782639,1.1574995749,0.1632774183,-0.188874067,0.4983102095,0.7282043057,0.00649258,1073133.52839252,1.07027186,0.00073119,1.03046644,0.00703855,0.0069481,0.00519832,0.01211576,1.57619002,-0.22422619,2.3459107,0.01192436,1.08738251,0.01092652,0.29395131,0.02130554,0.03143777,0.0169731,0.19273667,0.02327597,0.0149432,1.30025727,0.87768686,0.48306106,1.0120255317,1.2109197921,414,-0.06305536,1.0167294297,-1.205933766,0.5648896594
20180831,20180831,247318.0,01W,SWE,-0.012048,2018,8,20180731,20180731,1472.5454827,22.665356914,1472.5454827,0.0193542425,0.0,0.0227652103,0.0247319227,0.0588976908,-0.106296423,-0.001895711,0.1617428175,0.1522015601,0.7774955087,0.0035337862,0.0181873403,0.0302077315,,0.3090891084,0.1968666721,-0.150630996,0.2710348864,1.3874263079,0.2243074177,-0.085179878,0.0431965571,-0.00013433,0.0,0.0986757592,0.0459120218,0.0527637374,0.132895425,0.0162202278,0.1166751971,0.0824158044,-0.082550134,0.0031911058,0.1013039993,0.0836449763,0.4854140243,0.1585432144,0.3464894059,0.2135438305,0.2028415961,0.0623812271,0.0003623845,0.0620188426,-0.004529806,-0.048638132,-0.08707994,-0.935008151,0.7806146504,1.2995107809,1.6480894375,2.4250302297,,0.034788911,0.1044876499,0.0802823114,7.0,0.2218106637,0.0918055673,0.0764618446,-0.36118313,0.1702582279,0.0681121223,0.0242490031,-0.004331213,-0.003727082,,-0.026190695,-0.07053592,0.0067227814,0.0531758075,0.8194214293,0.1586740785,-0.365852113,0.2016172753,0.6354502123,0.4513223352,0.2075471951,1.2937743191,0.09766262,0.1540134082,-0.024375032,2.2928957208,0.0280915803,0.4090561696,1.2465456388,0.5412237857,7.0,-3.033035036,4.3804015122,611.3982469,-62.8451346,0.0563641819,0.0086685714,0.4494866741,0.1960345034,0.1114961509,0.095858999,0.6533397535,0.0418619588,0.0438980463,0.0401516453,0.0243516064,0.0216639709,,0.2458483225,0.0631714251,0.1766141561,17.646164488,1.0415223,0.2503255133,-0.166329296,0.4621135737,0.7870750111,0.00759564,839505.1214791,1.017249,0.0005846,0.99330363,0.00728199,0.00691774,0.00521367,0.01336036,0.7331394,-0.33662016,1.92620528,0.01323428,0.40479015,0.01304146,0.43659998,0.02368299,0.03186379,0.01696856,0.0659221,0.02686816,0.01427816,1.26707166,0.89939374,0.48590124,0.9814095493,1.3706206966,415,0.3940960019,0.994046861,-0.953712325,0.8012951928
20180928,20180930,247318.0,01W,SWE,-0.028538,2018,9,20180831,20180831,1426.4172663,21.955353386,1426.4172663,0.0398806275,0.0,0.0424702802,-0.012048392,0.0459006866,0.0716929576,0.0377941358,0.1862828809,0.2953421621,0.7287983215,0.0483448145,0.0126970489,-0.005407139,,0.3090891084,0.1968666721,-0.150630996,0.2710348864,1.3874263079,0.2243074177,-0.085179878,0.0431965571,-0.00013433,0.0,0.0986757592,0.0459120218,0.0527637374,0.132895425,0.0162202278,0.1166751971,0.0824158044,-0.082550134,0.0031911058,0.1013039993,0.0836449763,0.4854140243,0.1585432144,0.3464894059,0.2135438305,0.2028415961,0.0623812271,0.0003623845,0.0620188426,-0.004529806,-0.048638132,-0.08707994,-0.935008151,0.7806146504,1.2995107809,1.6480894375,2.4250302297,,0.034788911,0.1044876499,0.0802823114,7.0,0.2218106637,0.0918055673,0.0764618446,-0.36118313,0.1702582279,0.0681121223,0.0242490031,-0.004331213,-0.003727082,,-0.026190695,-0.07053592,0.0067227814,0.0531758075,0.8194214293,0.1586740785,-0.365852113,0.2016172753,0.6354502123,0.4513223352,0.2075471951,1.2937743191,0.09766262,0.1540134082,-0.024375032,2.2928957208,0.0280915803,0.4090561696,1.2465456388,0.5412237857,7.0,-3.033035036,4.3804015122,611.3982469,-62.8451346,0.0563641819,0.0086685714,0.4640224057,0.2023739682,0.1151017709,0.0989589367,0.674467791,0.0432157124,0.0453176439,0.0414500899,0.0251391012,0.0223645515,,0.2530827781,0.065030339,0.176105901,17.591603953,1.0647385736,0.1560004613,-0.062651142,0.4861818597,0.7851799496,0.00719448,742431.60621853,1.00072066,0.00052006,0.98740028,0.00738571,0.0068536,0.00783002,0.01474547,-0.38703485,0.12289814,0.21116374,0.01318131,-0.06916323,0.0135376,0.28805357,0.0183699,0.0281415,0.01549477,-0.32596884,0.02633713,0.01462745,1.10510245,0.87121979,0.48836255,0.971147178,1.0516353283,416,0.3640244699,0.9920797625,-0.943332228,0.7815188695
20181031,20181031,247318.0,01W,SWE,-0.041734,2018,10,20180928,20180930,1385.7103495,21.328794268,1385.7103495,0.0204850987,0.0,0.0197050699,-0.028537874,0.0123855511,0.1162151152,0.0207690071,0.1179433178,0.0558779851,0.6478246722,0.1063637159,0.0004332679,-0.000799824,,0.3090891084,0.1968666721,-0.150630996,0.2710348864,1.3874263079,0.2243074177,-0.085179878,0.0431965571,-0.00013433,0.0,0.0986757592,0.0459120218,0.0527637374,0.132895425,0.0162202278,0.1166751971,0.0824158044,-0.082550134,0.0031911058,0.1013039993,0.0836449763,0.4854140243,0.1585432144,0.3464894059,0.2135438305,0.2028415961,0.0623812271,0.0003623845,0.0620188426,-0.004529806,-0.048638132,-0.08707994,-0.935008151,0.7806146504,1.2995107809,1.6480894375,2.4250302297,,0.034788911,0.1044876499,0.0802823114,7.0,0.2218106637,0.0918055673,0.0764618446,-0.36118313,0.1702582279,0.0681121223,0.0242490031,-0.004331213,-0.003727082,,-0.026190695,-0.07053592,0.0067227814,0.0531758075,0.8194214293,0.1586740785,-0.365852113,0.2016172753,0.6354502123,0.4513223352,0.2075471951,1.2937743191,0.09766262,0.1540134082,-0.024375032,2.2928957208,0.0280915803,0.4090561696,1.2465456388,0.5412237857,7.0,-3.033035036,4.3804015122,611.3982469,-62.8451346,0.0563641819,0.0086685714,0.4776536249,0.2083189482,0.1184830245,0.1018659751,0.6942810978,0.0444852262,0.0466489045,0.0426677364,0.0258775927,0.0230215373,,0.2598300711,0.0667640751,0.1726146839,17.540438547,1.0298897123,0.1860349608,0.2159333041,0.4591811527,0.7786290943,0.00681259,791031.02705788,1.03429186,0.00055283,1.02766716,0.00725537,0.00710076,0.00921386,0.01061426,0.48604812,-0.33134103,1.55970076,0.01046965,0.56329257,0.01131754,0.51388094,0.0168105,0.02437415,0.01553866,-0.33795638,0.02568147,0.01465296,1.1016046,0.84635703,0.48791351,0.956847325,0.9536166501,417,0.3514874222,0.9955565251,-0.960732287,0.7590341495
20181130,20181130,247318.0,01W,SWE,-0.024358,2018,11,20181031,20181031,1302.7429824,20.438655563,1302.7429824,0.0217897265,-0.018929398,0.0388159228,-0.041734131,-0.040242431,0.0414197578,-0.121047699,-0.018370201,-0.094738687,0.7506220476,-0.014458367,-0.002046347,,,0.166257385,0.1840343545,-0.05328352,0.1471936414,1.4899836168,0.1861557195,-0.08274506,0.0260259655,-0.00013433,0.0,0.0661924543,0.0344540926,0.0317383617,0.0698158202,0.0027477957,0.0670680245,0.0469744846,-0.046974485,0.0036636224,0.0583799676,0.0849502731,0.5005472776,0.1574092353,0.3995685717,0.2410667124,0.2120670562,0.0623812271,0.0003623845,0.0469744846,0.0042319018,0.0447279995,-0.042742583,-0.451756755,0.7005338846,1.3392477038,1.6145723645,2.4963669747,,0.0372598162,0.1044876499,0.0802823114,8.0,0.1152336775,0.0918055673,0.0768984105,-0.171958097,0.1390350976,0.0614673565,0.0268077418,-0.013434905,-0.006023172,,0.0415632159,-0.015785966,0.0146689884,0.0463093365,0.3458631706,-3.314786978,-0.270194085,0.1885151699,0.5837669591,0.4693881288,0.1835796832,1.3005215939,0.0903822515,0.1616411371,-0.013526255,2.5478927203,0.0307976583,0.4090561696,0.5608003819,0.494904293,6.0,-3.048844964,4.3804015122,611.3982469,-62.8451346,0.2092703328,0.0087607142,0.51268907,0.201220823,0.1258379689,0.1067352684,0.7687714161,0.0485076423,0.0463379925,0.0417017282,0.0275256504,0.0244877024,,0.2782563276,0.0748793742,0.1584025556,17.573677921,0.9665714641,-0.256590965,-0.225834158,0.5092744664,0.7344142368,0.00623054,856337.24124841,0.91441146,0.00060613,0.90057401,0.00709154,0.00708004,0.00744315,0.0182772,-0.16242491,-0.09346312,0.68921651,0.01277995,0.0604763,0.01288436,0.39037359,0.02433908,0.04007424,0.02117586,-0.5394278,0.02217219,0.01457278,1.08657521,0.81103505,0.49590674,0.9309213346,1.3645938145,418,0.4909130066,0.929997391,-0.950154206,0.8489644892
20181228,20181231,247318.0,01W,SWE,-0.115334,2018,12,20181130,20181130,1271.0110321,19.940814922,1271.0110321,0.0223337269,-0.018929398,0.0388159228,-0.024357798,-0.069081003,-0.038082084,-0.014360857,-0.045537702,-0.043583752,0.6958581709,0.0044293845,-0.004663364,,,0.166257385,0.1840343545,-0.05328352,0.1471936414,1.4899836168,0.1861557195,-0.08274506,0.0260259655,-0.00013433,0.0,0.0661924543,0.0344540926,0.0317383617,0.0698158202,0.0027477957,0.0670680245,0.0469744846,-0.046974485,0.0036636224,0.0583799676,0.0849502731,0.5005472776,0.1574092353,0.3995685717,0.2410667124,0.2120670562,0.0623812271,0.0003623845,0.0469744846,0.0042319018,0.0447279995,-0.042742583,-0.451756755,0.7005338846,1.3392477038,1.6145723645,2.4963669747,,0.0372598162,0.1044876499,0.0802823114,8.0,0.1152336775,0.0918055673,0.0768984105,-0.171958097,0.1390350976,0.0614673565,0.0268077418,-0.013434905,-0.006023172,,0.0415632159,-0.015785966,0.0146689884,0.0463093365,0.3458631706,-3.314786978,-0.270194085,0.1885151699,0.5837669591,0.4693881288,0.1835796832,1.3005215939,0.0903822515,0.1616411371,-0.013526255,2.5478927203,0.0307976583,0.4090561696,0.5608003819,0.494904293,6.0,-3.048844964,4.3804015122,611.3982469,-62.8451346,0.2092703328,0.0087607142,0.5254888205,0.2062444844,0.1289796286,0.1094000118,0.7879644961,0.0497186798,0.0474948627,0.0427428499,0.0282128534,0.0250990602,,0.2845182016,0.0765644579,0.1602670826,17.529746518,0.9711079812,-0.161162567,0.0153922566,0.5060643206,0.7384140762,0.00631276,954767.08794768,0.95139478,0.00068642,0.94370095,0.00683596,0.00700165,0.00742287,0.01133875,0.17109113,-0.29202598,2.09424924,0.00880314,0.05689311,0.00893578,0.10545363,0.01954789,0.03860797,0.02062325,-0.75272419,0.0211354,0.01445072,1.24134814,0.79128003,0.50313741,0.9211421471,1.0777201297,419,0.4584257187,0.9452563484,-0.984618717,0.853038706
20190131,20190131,247318.0,01W,SWE,0.115502,2019,1,20181228,20181231,1124.4196858,17.640952188,1124.4196858,0.0252453898,-0.018929398,0.0388159228,-0.115334441,-0.065075378,-0.080507039,0.0137955255,-0.072892816,-0.012126456,0.608926319,0.1282050549,-0.026803318,-0.028762204,,0.166257385,0.1840343545,-0.05328352,0.1471936414,1.4899836168,0.1861557195,-0.08274506,0.0260259655,-0.00013433,0.0,0.0661924543,0.0344540926,0.0317383617,0.0698158202,0.0027477957,0.0670680245,0.0469744846,-0.046974485,0.0036636224,0.0583799676,0.0849502731,0.5005472776,0.1574092353,0.3995685717,0.2410667124,0.2120670562,0.0623812271,0.0003623845,0.0469744846,0.0042319018,0.0447279995,-0.042742583,-0.451756755,0.7005338846,1.3392477038,1.6145723645,2.4963669747,,0.0372598162,0.1044876499,0.0802823114,8.0,0.1152336775,0.0918055673,0.0768984105,-0.171958097,0.1390350976,0.0614673565,0.0268077418,-0.013434905,-0.006023172,,0.0415632159,-0.015785966,0.0146689884,0.0463093365,0.3458631706,-3.314786978,-0.270194085,0.1885151699,0.5837669591,0.4693881288,0.1835796832,1.3005215939,0.0903822515,0.1616411371,-0.013526255,2.5478927203,0.0307976583,0.4090561696,0.5608003819,0.494904293,6.0,-3.048844964,4.3804015122,611.3982469,-62.8451346,0.2092703328,0.0087607142,0.5939971495,0.2331327158,0.1457947891,0.1236625644,0.8906919543,0.0562005373,0.0536867997,0.0483152638,0.031890982,0.0283712415,,0.3175288485,0.0854476938,0.1596995259,17.294611699,1.0113883747,-0.10235765,-0.145158518,0.5067105225,0.7414380276,0.00611657,945313.17731575,0.94368567,0.00071357,0.96300728,0.00677068,0.0070715,0.00702287,0.01259072,-0.35194236,0.05201483,1.65402878,0.01118464,0.21141726,0.01063855,0.53765824,0.02114727,0.04207358,0.02334108,0.39978814,0.02221533,0.01430082,1.30062567,0.70001819,0.50716365,0.9096578834,1.1209248198,420,0.4474967001,0.9593738363,-0.950930488,0.7815188784
20190228,20190228,247318.0,01W,SWE,0.098271,2019,2,20190131,20190131,1254.2918845,19.678509229,1254.2918845,0.0226314254,-0.018929398,0.0388159228,0.1155015341,-0.136882945,-0.206188724,-0.138646286,-0.273022407,-0.106296423,0.9259212488,-0.145458055,-0.003079719,0.0295241222,,0.2430127953,0.1682319634,0.1877008637,0.1604328761,0.5252465259,0.306840493,-0.034316111,0.0271161925,-0.00013433,0.0,0.0621913216,0.0308713384,0.0313199832,0.1283583495,0.0099416878,0.1184166617,0.1190193557,-0.123990501,0.0032380725,0.0356706703,0.0851725399,0.4658407339,0.1473488465,0.4474230568,0.2744174992,0.1905726204,0.0623812271,0.0003623845,0.1190193557,0.0028113808,0.031316049,-0.12117912,-1.349817599,0.7760318775,1.2490684546,1.5482415313,2.2374889908,,0.0374315277,0.1044876499,0.0802823114,8.0,0.1861245655,0.0918055673,0.1284480779,-0.118369242,0.1347250789,0.0738116232,0.0289696747,0.0013440459,0.0007328257,,0.0004275573,-0.047923799,0.0062394747,0.0283824917,0.2056433209,0.476609065,-0.215053297,0.1866510839,0.5790459928,0.5021786672,0.1831565016,1.2935057144,0.0869630598,0.1501602273,-0.002777068,3.056744186,0.0313687213,0.4090561696,1.1055824464,0.5099624542,4.0,-2.518454805,4.3804015122,611.3982469,-62.8451346,-0.061783814,0.0091013006,0.5894227775,0.192826989,0.1972216506,0.1751586556,0.8233638285,0.0529151001,0.0512580082,0.0461483291,0.0285889181,0.0254336194,,0.3131369903,0.0753156672,0.1526320744,17.545360932,1.0272519774,-0.4098768,-0.337643492,0.4729254057,0.6808200768,0.00594402,1070755.50747523,0.85048738,0.00082808,0.85293235,0.00651262,0.00703762,0.00850018,0.01110859,-0.13384294,-0.11192056,1.99810242,0.01124257,-0.59068064,0.01072888,-0.16664758,0.03111191,0.04406442,0.01826671,0.56044954,0.01909686,0.01418418,1.29487026,0.78087136,0.51275951,0.9098695664,1.6203005703,421,-0.092537039,0.9587899504,-1.090327725,0.3950528288
20190329,20190331,247318.0,01W,SWE,-0.037201,2019,3,20190228,20190228,1377.5528505,21.612343042,1377.5528505,0.020606406,-0.018929398,0.0388159228,0.0982713574,-0.013154211,-0.103703371,-0.073857352,-0.051018355,0.0716929576,0.5946251247,-0.051454539,0.0105317264,,,0.2430127953,0.1682319634,0.1877008637,0.1604328761,0.5252465259,0.306840493,-0.034316111,0.0271161925,-0.00013433,0.0,0.0621913216,0.0308713384,0.0313199832,0.1283583495,0.0099416878,0.1184166617,0.1190193557,-0.123990501,0.0032380725,0.0356706703,0.0851725399,0.4658407339,0.1473488465,0.4474230568,0.2744174992,0.1905726204,0.0623812271,0.0003623845,0.1190193557,0.0028113808,0.031316049,-0.12117912,-1.349817599,0.7760318775,1.2490684546,1.5482415313,2.2374889908,,0.0374315277,0.1044876499,0.0802823114,8.0,0.1861245655,0.0918055673,0.1284480779,-0.118369242,0.1347250789,0.0738116232,0.0289696747,0.0013440459,0.0007328257,,0.0004275573,-0.047923799,0.0062394747,0.0283824917,0.2056433209,0.476609065,-0.215053297,0.1866510839,0.5790459928,0.5021786672,0.1831565016,1.2935057144,0.0869630598,0.1501602273,-0.002777068,3.056744186,0.0313687213,0.4090561696,1.1055824464,0.5099624542,4.0,-2.518454805,4.3804015122,611.3982469,-62.8451346,-0.061783814,0.0091013006,0.5366822813,0.1755731748,0.1795746099,0.1594857723,0.7496907053,0.0481803515,0.0466715333,0.0420190592,0.0260308328,0.0231578647,,0.2889720211,0.069503512,0.1729925443,17.705345506,1.0945117737,-0.073192648,-0.064049388,0.4753173611,0.7207725836,0.0056651,1253865.50180972,0.8253379,0.00097868,0.81792713,0.00623002,0.00689792,0.00558182,0.01876099,-0.27227677,0.43580942,-0.25162801,0.01749352,-0.77754664,0.01603609,-0.72979026,0.02796728,0.03276042,0.01923596,-0.47548887,0.01671585,0.01405033,1.06783404,0.87714276,0.5074908,0.8992400225,1.5323747801,422,-0.024196302,0.957578892,-1.088833609,0.4629570042
20190430,20190430,247318.0,01W,SWE,0.170408,2019,4,20190329,20190331,1326.3061572,20.808336783,1326.3061572,0.0214026099,-0.018929398,0.0388159228,-0.037201254,0.225123384,0.0132941774,-0.003431034,0.0987763919,0.1162151152,0.5388097871,0.0412330861,0.0034013319,-0.01404721,,0.2430127953,0.1682319634,0.1877008637,0.1604328761,0.5252465259,0.306840493,-0.034316111,0.0271161925,-0.00013433,0.0,0.0621913216,0.0308713384,0.0313199832,0.1283583495,0.0099416878,0.1184166617,0.1190193557,-0.123990501,0.0032380725,0.0356706703,0.0851725399,0.4658407339,0.1473488465,0.4474230568,0.2744174992,0.1905726204,0.0623812271,0.0003623845,0.1190193557,0.0028113808,0.031316049,-0.12117912,-1.349817599,0.7760318775,1.2490684546,1.5482415313,2.2374889908,,0.0374315277,0.1044876499,0.0802823114,8.0,0.1861245655,0.0918055673,0.1284480779,-0.118369242,0.1347250789,0.0738116232,0.0289696747,0.0013440459,0.0007328257,,0.0004275573,-0.047923799,0.0062394747,0.0283824917,0.2056433209,0.476609065,-0.215053297,0.1866510839,0.5790459928,0.5021786672,0.1831565016,1.2935057144,0.0869630598,0.1501602273,-0.002777068,3.056744186,0.0313687213,0.4090561696,1.1055824464,0.5099624542,4.0,-2.518454805,4.3804015122,611.3982469,-62.8451346,-0.061783814,0.0091013006,0.5574189657,0.1823570871,0.1865131323,0.1656480889,0.7786577499,0.0500419758,0.0484748588,0.0436426193,0.0270366293,0.0240526535,,0.2985508056,0.0718074,0.1802613647,17.642442237,1.0916150597,0.0548464674,0.4536303718,0.4744290665,0.75243083,0.00548852,1432107.66792834,1.28087395,0.00111775,1.25734194,0.00600542,0.00666286,0.00427756,0.01046825,-0.27969138,0.4651373,1.67779731,0.00935827,0.10383021,0.00927168,0.55916713,0.01788158,0.02417457,0.01428634,0.22592049,0.01522812,0.01394601,0.97090065,0.84451195,0.51243972,0.9016869559,0.9843319258,423,0.0162063344,0.9726656938,-1.069618072,0.4825481587
20190531,20190531,247318.0,01W,SWE,0.09389,2019,5,20190430,20190430,1552.3197911,24.354250963,1552.3197911,0.0182864468,-0.018929398,0.0388159228,0.1704083424,0.0574142858,0.018087355,-0.063662086,0.0160074114,0.0414197578,0.6510087799,0.0374658708,0.0154870111,0.0503764319,,0.1372323602,0.1500419395,0.0913957376,0.1905996122,0.3931601155,0.4244556954,-0.188666712,0.0345648153,-0.00013433,0.0,0.0658738941,0.0126778164,0.0531960776,0.0534383872,-0.000739904,0.0541782916,0.0736819313,-0.073681931,0.0024863349,0.0350523824,0.0857149443,0.4870881124,0.1352891336,0.4421023996,0.2741816099,0.2005817795,0.0623812271,0.0003623845,0.0736819313,0.0226415783,0.237222283,-0.051040353,-0.534764358,0.712301586,1.3114727148,1.5598293879,2.3401027806,,0.0366266544,0.1044876499,0.0802823114,8.0,0.1221096073,0.0918055673,0.0553523926,-0.024075356,0.1570502609,0.0707165828,0.0231346094,0.0071984393,0.0001215477,,-0.08951469,-0.046070062,-0.001191861,0.0268290736,0.7471720114,0.913276236,-0.281842181,0.1796039162,0.5539323637,0.4916041034,0.1538551807,1.2839549805,0.0728029895,0.1579307119,-0.029976972,2.8726790451,0.0299873121,0.4090561696,0.9071104891,0.4716154051,4.0,-2.654678272,4.3804015122,611.3982469,-62.8451346,-0.587450351,0.01370014,0.4710235518,0.1639666473,0.1483093547,0.1310573379,0.6903864482,0.0449566393,0.0342919227,0.0302603776,0.023100168,0.0205506511,,0.2608391063,0.0657695082,0.1712038937,17.813402564,1.1504908638,-0.20111159,-0.277581306,0.4515810483,0.7133410487,0.00626933,1457232.27249587,1.27105996,0.00111715,1.26839424,0.00601591,0.0066117,0.00527374,0.01278768,0.76574533,0.42667447,1.73467871,0.01266841,1.01203171,0.0125881,0.26344461,0.02961887,0.04361376,0.0153428,0.93684038,0.01506956,0.01374994,1.06883571,0.98842383,0.51414323,0.8957362213,1.6700705149,424,0.1293955449,0.8937872419,-0.950133001,0.5975375219
20190628,20190630,247318.0,01W,SWE,0.14017,2019,6,20190531,20190531,1698.0671558,26.64087252,1698.0671558,0.0167168967,-0.018929398,0.0388159228,0.0938900384,0.1268676846,0.2213267642,0.1092625354,0.1462001631,-0.038082084,0.5285762956,0.0206578555,0.0221444823,0.0535858299,,0.1372323602,0.1500419395,0.0913957376,0.1905996122,0.3931601155,0.4244556954,-0.188666712,0.0345648153,-0.00013433,0.0,0.0658738941,0.0126778164,0.0531960776,0.0534383872,-0.000739904,0.0541782916,0.0736819313,-0.073681931,0.0024863349,0.0350523824,0.0857149443,0.4870881124,0.1352891336,0.4421023996,0.2741816099,0.2005817795,0.0623812271,0.0003623845,0.0736819313,0.0226415783,0.237222283,-0.051040353,-0.534764358,0.712301586,1.3114727148,1.5598293879,2.3401027806,,0.0366266544,0.1044876499,0.0802823114,8.0,0.1221096073,0.0918055673,0.0553523926,-0.024075356,0.1570502609,0.0707165828,0.0231346094,0.0071984393,0.0001215477,,-0.08951469,-0.046070062,-0.001191861,0.0268290736,0.7471720114,0.913276236,-0.281842181,0.1796039162,0.5539323637,0.4916041034,0.1538551807,1.2839549805,0.0728029895,0.1579307119,-0.029976972,2.8726790451,0.0299873121,0.4090561696,0.9071104891,0.4716154051,4.0,-2.654678272,4.3804015122,611.3982469,-62.8451346,-0.587450351,0.01370014,0.4305949733,0.1498931717,0.1355797654,0.1198085121,0.6311296602,0.0410979511,0.0313486013,0.0276630891,0.0211174498,0.0187867614,,0.2408462526,0.0607283923,0.1664262564,17.943860246,1.0137466465,0.0273415141,0.0997926862,0.4525271823,0.7486334509,0.00522527,1721551.15008112,1.13901182,0.00124707,1.14977281,0.0058192,0.00638774,0.00825555,0.02558811,3.62708359,-0.15809808,4.16967859,0.02628448,3.60380835,0.02542111,2.99787583,0.03931795,0.11664361,0.02972152,2.79986375,0.01277313,0.01534954,1.05336159,0.96006731,0.51203869,0.9560033036,2.0407216329,425,0.0110910467,0.8949155818,-0.950133001,0.4460332627
20190731,20190731,247318.0,01W,SWE,-0.132064,2019,7,20190628,20190630,1936.0846429,30.375114426,1936.0846429,0.0146617625,-0.018929398,0.0388159228,0.1401696549,0.2802980266,0.5101720267,0.2490566596,0.2284400043,-0.080507039,0.4300573335,0.0247319227,0.0326388216,0.0046646386,,0.1372323602,0.1500419395,0.0913957376,0.1905996122,0.3931601155,0.4244556954,-0.188666712,0.0345648153,-0.00013433,0.0,0.0658738941,0.0126778164,0.0531960776,0.0534383872,-0.000739904,0.0541782916,0.0736819313,-0.073681931,0.0024863349,0.0350523824,0.0857149443,0.4870881124,0.1352891336,0.4421023996,0.2741816099,0.2005817795,0.0623812271,0.0003623845,0.0736819313,0.0226415783,0.237222283,-0.051040353,-0.534764358,0.712301586,1.3114727148,1.5598293879,2.3401027806,,0.0366266544,0.1044876499,0.0802823114,8.0,0.1221096073,0.0918055673,0.0553523926,-0.024075356,0.1570502609,0.0707165828,0.0231346094,0.0071984393,0.0001215477,,-0.08951469,-0.046070062,-0.001191861,0.0268290736,0.7471720114,0.913276236,-0.281842181,0.1796039162,0.5539323637,0.4916041034,0.1538551807,1.2839549805,0.0728029895,0.1579307119,-0.029976972,2.8726790451,0.0299873121,0.4090561696,0.9071104891,0.4716154051,4.0,-2.654678272,4.3804015122,611.3982469,-62.8451346,-0.587450351,0.01370014,0.3776586857,0.1314656736,0.1189119223,0.1050795481,0.553540131,0.03604547,0.0274946813,0.024262257,0.0185213224,0.0164771631,,0.2140526644,0.0539724992,0.1638112872,18.114678652,1.0626137498,0.0902862555,0.4656008451,0.4532237548,0.7617760083,0.00481203,2068228.07521844,1.03620877,0.0013807,1.0648413,0.00560194,0.00621742,0.00942467,0.01643638,-0.58087573,-0.03137926,1.95899694,0.01163882,-0.44045668,0.013681,-0.35840349,0.02897307,0.03379549,0.01889795,-0.33135661,0.01042268,0.01564107,0.99946216,1.0,0.51910336,0.9942805683,1.4881838572,426,0.0406671713,0.8908459189,-0.94273897,0.4693472401
20190830,20190831,247318.0,01W,SWE,0.051676,2019,8,20190731,20190731,1680.3971432,26.363648765,1680.3971432,0.0168926812,-0.018929398,0.0388159228,-0.132064216,0.2472202275,0.5435678624,0.4861601015,0.366825786,-0.206188724,0.7130124822,-0.012048392,0.0217282921,0.0231407891,,0.1475603076,0.1372415425,0.368028431,0.1394176998,1.2891648325,0.4408670206,-0.12608036,0.0246106908,0.0008644276,0.0,0.0797809611,0.040211855,0.0395691061,0.0363825853,-2.0712e-05,0.0364032978,0.0671653848,-0.066300957,0.0054481276,0.0206602123,0.087997635,0.4750887154,0.1395315827,0.3868225292,0.2337938363,0.2115612414,0.1123292836,-0.001277502,0.1136067854,0.0193044713,0.2060606061,-0.046996486,-0.501651884,0.6834865934,1.2819020582,1.5394287976,2.4041696281,0.0001970832,0.0418736693,-0.028048004,0.1567324604,8.0,0.0871829152,0.0370401781,0.0209471258,0.1619609459,0.2139121547,0.0749750242,0.026099339,0.0068629019,0.0018503359,,-0.036248038,-0.142170755,-0.01369225,0.0468150843,2.2090563967,0.8449122813,-0.178407495,0.1822739509,0.5451929524,0.4078509356,0.1601209059,1.3106060606,0.0743789922,0.1588360539,-0.023283628,2.4955720864,0.0299582103,0.4246620298,0.7951414046,0.4998280772,3.0,-2.825809068,4.0842608534,640.68454584,-60.91187951,-0.149385557,0.0070218296,0.4520111232,0.1811252521,0.1280644715,0.1091371073,0.6511013313,0.0423459675,0.0336201318,0.0291288928,0.0239960483,0.0221353921,0.0001283211,0.2441733387,0.0646154038,0.1792378403,17.849445933,1.0555546487,0.2412989188,0.3929664103,0.4807061074,0.8169033708,0.00482861,2435129.46975666,0.89570441,0.00152288,0.96648068,0.00540051,0.00599975,0.00578152,0.01267586,-0.69783343,-0.14411478,1.62002011,0.01154735,-1.23771524,0.01079803,-0.17134376,0.01081987,0.01974722,0.0153657,-1.05579698,0.0080506,0.01564253,1.04991152,0.86146717,0.53303604,1.0282575811,0.5558437536,427,0.0448427654,0.8373581443,-0.979067046,0.583093021
20190930,20190930,247318.0,01W,SWE,-0.042775,2019,9,20190830,20190831,1734.8071477,27.217284023,1734.8071477,0.0186915888,-0.018929398,0.0376298983,0.0516760592,-0.010405956,0.2198422316,0.3220948526,0.2007845331,-0.103703371,0.7475499322,-0.028537874,0.0290204679,-0.018285982,,0.1475603076,0.1372415425,0.368028431,0.1394176998,1.2891648325,0.4408670206,-0.12608036,0.0246106908,0.0008644276,0.0,0.0797809611,0.040211855,0.0395691061,0.0363825853,-2.0712e-05,0.0364032978,0.0671653848,-0.066300957,0.0054481276,0.0206602123,0.087997635,0.4750887154,0.1395315827,0.3868225292,0.2337938363,0.2115612414,0.1123292836,-0.001277502,0.1136067854,0.0193044713,0.2060606061,-0.046996486,-0.501651884,0.6834865934,1.2819020582,1.5394287976,2.4041696281,0.0001970832,0.0418736693,-0.028048004,0.1567324604,8.0,0.0871829152,0.0370401781,0.0209471258,0.1619609459,0.2139121547,0.0749750242,0.026099339,0.0068629019,0.0018503359,,-0.036248038,-0.142170755,-0.01369225,0.0468150843,2.2090563967,0.8449122813,-0.178407495,0.1822739509,0.5451929524,0.4078509356,0.1601209059,1.3106060606,0.0743789922,0.1588360539,-0.023283628,2.4955720864,0.0299582103,0.4246620298,0.7951414046,0.4998280772,3.0,-2.825809068,4.0842608534,640.68454584,-60.91187951,-0.149385557,0.0070218296,0.4378343732,0.1754444905,0.1240478934,0.1057141617,0.6306803718,0.0410178405,0.0325656794,0.0282153024,0.023243443,0.0214411439,0.0001242965,0.2372473317,0.0627825798,0.1838320565,17.895986161,1.0173806075,0.0282885687,0.0780018821,0.4784810528,0.7893860459,0.00491875,2647459.7528127,0.83372034,0.00160224,0.91813263,0.0052801,0.00581151,0.01120984,0.01047057,0.56603588,0.402641,1.00799421,0.01054729,0.59783105,0.01023871,0.17431417,0.02431959,0.03827496,0.01678837,0.47442128,0.00727037,0.01527894,1.07178981,0.88936083,0.53526345,1.0121034237,1.2426610911,428,0.0410173734,0.8345946148,-0.950857291,0.5529803132
20191031,20191031,247318.0,01W,SWE,0.068334,2019,10,20190930,20190930,1660.6010607,26.053069228,1660.6010607,0.0195268464,-0.018929398,0.0376298983,-0.042774834,-0.087212715,0.332447592,0.5716849035,0.2999336902,0.0132941774,0.8582887567,-0.041734131,0.0289258586,0.0154417296,,0.1475603076,0.1372415425,0.368028431,0.1394176998,1.2891648325,0.4408670206,-0.12608036,0.0246106908,0.0008644276,0.0,0.0797809611,0.040211855,0.0395691061,0.0363825853,-2.0712e-05,0.0364032978,0.0671653848,-0.066300957,0.0054481276,0.0206602123,0.087997635,0.4750887154,0.1395315827,0.3868225292,0.2337938363,0.2115612414,0.1123292836,-0.001277502,0.1136067854,0.0193044713,0.2060606061,-0.046996486,-0.501651884,0.6834865934,1.2819020582,1.5394287976,2.4041696281,0.0001970832,0.0418736693,-0.028048004,0.1567324604,8.0,0.0871829152,0.0370401781,0.0209471258,0.1619609459,0.2139121547,0.0749750242,0.026099339,0.0068629019,0.0018503359,,-0.036248038,-0.142170755,-0.01369225,0.0468150843,2.2090563967,0.8449122813,-0.178407495,0.1822739509,0.5451929524,0.4078509356,0.1601209059,1.3106060606,0.0743789922,0.1588360539,-0.023283628,2.4955720864,0.0299582103,0.4246620298,0.7951414046,0.4998280772,3.0,-2.825809068,4.0842608534,640.68454584,-60.91187951,-0.149385557,0.0070218296,0.4573995634,0.1832844525,0.1295911325,0.1104381345,0.6588631327,0.0428507753,0.0340209186,0.0294761394,0.024282106,0.0223992689,0.0001298508,0.2467946453,0.0653090781,0.1880864813,17.83175646,0.9662615243,0.2642557542,0.4820428147,0.4803646978,0.8171789526,0.00399737,3182369.85502296,1.23587621,0.00184378,1.21298103,0.00498774,0.00555808,0.00619883,0.01444999,-0.15447785,0.35710471,1.26657534,0.0138323,-0.47912508,0.01239644,-0.93888714,0.02260414,0.03376006,0.01829845,0.05735016,0.00659589,0.01552516,1.00911943,0.85131857,0.53560032,1.019290536,1.1442552962,429,0.0597903539,0.8292446493,-0.964119457,0.5671436295
20191129,20191130,247318.0,01W,SWE,0.000111,2019,11,20191031,20191031,1774.0766011,27.833380093,1774.0766011,0.0182778476,0.0,0.0185190454,0.0683340166,0.0066907908,0.0897498947,0.3486815548,0.2985219278,0.018087355,0.7147926418,-0.024357798,0.0373523872,,,0.275975371,0.1730981697,0.6176223013,0.2561993606,1.742224265,0.5219971403,0.339459048,0.0407277372,0.0008644276,0.0,0.0765277825,0.0358229921,0.0407047903,0.1395101392,0.0109267822,0.128583357,0.1255113301,-0.12551133,0.0064150093,0.044024709,0.0918945554,0.4536233474,0.1547433695,0.4406864231,0.2658482168,0.1979327217,0.1123292836,-0.001277502,0.1255113301,0.0020181756,0.0215900845,-0.123493155,-1.321107889,0.8166758441,1.2281345756,1.5457525202,2.1539113045,0.0001970832,0.0294489383,-0.028048004,0.1567324604,8.0,0.2160075066,0.0370401781,0.1080901556,0.5314296913,0.1824281477,0.0792731098,0.0317655059,0.0178057532,0.004957764,,-0.07036637,0.0248402607,-0.015500246,0.0441650936,1.1533035291,4.060241189,0.0836331256,0.2000238706,0.578812219,0.5037603099,0.1974487282,1.3043189239,0.0914587884,0.156761545,0.0010765369,2.8439971244,0.0296291641,0.4246620298,1.1463542258,0.5479985226,6.0,-2.689381357,4.0842608534,640.68454584,-60.91187951,0.1059405693,0.0067187011,0.4803775745,0.1689093039,0.1526983822,0.1385517726,0.6622438884,0.0449042372,0.043934751,0.0384275404,0.0227289458,0.0209665409,0.0001215452,0.2700457581,0.066140805,0.2142277204,17.783046745,0.9711559866,0.1460967698,0.1480422214,0.3929467043,0.8013616099,0.00408491,3706817.51934127,1.11714361,0.00212209,1.09848494,0.00467349,0.0053529,0.00609107,0.03009561,2.15359197,-0.00717182,1.30469427,0.02946261,2.4192712,0.02437757,0.80494549,0.04784768,0.11805747,0.03362756,1.74995196,0.00581695,0.01707353,1.0295499,0.90949259,0.5435619,1.1271435886,2.2551885581,430,-0.040667171,0.9026370441,-0.913162845,0.2915465105
20191230,20191231,247318.0,01W,SWE,0.167799,2019,12,20191129,20191130,1774.2737151,27.836472603,1774.2737151,0.0182758171,0.0,0.0185190454,0.0001111079,0.0226362068,0.0642905971,0.3119183824,0.4218892374,0.2213267642,0.6666472796,-0.115334441,0.0478474371,,,0.275975371,0.1730981697,0.6176223013,0.2561993606,1.742224265,0.5219971403,0.339459048,0.0407277372,0.0008644276,0.0,0.0765277825,0.0358229921,0.0407047903,0.1395101392,0.0109267822,0.128583357,0.1255113301,-0.12551133,0.0064150093,0.044024709,0.0918945554,0.4536233474,0.1547433695,0.4406864231,0.2658482168,0.1979327217,0.1123292836,-0.001277502,0.1255113301,0.0020181756,0.0215900845,-0.123493155,-1.321107889,0.8166758441,1.2281345756,1.5457525202,2.1539113045,0.0001970832,0.0294489383,-0.028048004,0.1567324604,8.0,0.2160075066,0.0370401781,0.1080901556,0.5314296913,0.1824281477,0.0792731098,0.0317655059,0.0178057532,0.004957764,,-0.07036637,0.0248402607,-0.015500246,0.0441650936,1.1533035291,4.060241189,0.0836331256,0.2000238706,0.578812219,0.5037603099,0.1974487282,1.3043189239,0.0914587884,0.156761545,0.0010765369,2.8439971244,0.0296291641,0.4246620298,1.1463542258,0.5479985226,6.0,-2.689381357,4.0842608534,640.68454584,-60.91187951,0.1059405693,0.0067187011,0.4803242067,0.1688905388,0.1526814181,0.1385363801,0.662170316,0.0448992486,0.04392987,0.0384232712,0.0227264207,0.0209642117,0.0001215317,0.2700194076,0.0661343511,0.2182818523,17.783218975,0.972281616,0.1457117514,-0.123051836,0.3938443269,0.8115289614,0.00547846,3692693.83472256,1.12432441,0.0021008,1.11544213,0.00470134,0.00530801,0.01032722,0.01414014,-0.47474667,-0.17221467,1.88207312,0.01485718,-0.41012567,0.01513111,-0.34377717,0.01788711,0.02629743,0.01671717,-0.9530509,0.00536366,0.01726193,0.91146991,0.90959364,0.54281715,1.1624384986,0.8545784693,431,-0.03341579,0.9011437597,-0.917077803,0.2959416428
20200131,20200131,247318.0,01W,SWE,-0.055776,2020,1,20191230,20191231,2071.9957719,32.507415877,2071.9957719,0.0156497915,0.0,0.0185190454,0.1677993955,0.068452717,-0.066446959,0.3627605479,0.6074404677,0.5101720267,,0.1155015341,0.0526017881,0.0176617197,,0.275975371,0.1730981697,0.6176223013,0.2561993606,1.742224265,0.5219971403,0.339459048,0.0407277372,0.0008644276,0.0,0.0765277825,0.0358229921,0.0407047903,0.1395101392,0.0109267822,0.128583357,0.1255113301,-0.12551133,0.0064150093,0.044024709,0.0918945554,0.4536233474,0.1547433695,0.4406864231,0.2658482168,0.1979327217,0.1123292836,-0.001277502,0.1255113301,0.0020181756,0.0215900845,-0.123493155,-1.321107889,0.8166758441,1.2281345756,1.5457525202,2.1539113045,0.0001970832,0.0294489383,-0.028048004,0.1567324604,8.0,0.2160075066,0.0370401781,0.1080901556,0.5314296913,0.1824281477,0.0792731098,0.0317655059,0.0178057532,0.004957764,,-0.07036637,0.0248402607,-0.015500246,0.0441650936,1.1533035291,4.060241189,0.0836331256,0.2000238706,0.578812219,0.5037603099,0.1974487282,1.3043189239,0.0914587884,0.156761545,0.0010765369,2.8439971244,0.0296291641,0.4246620298,1.1463542258,0.5479985226,6.0,-2.689381357,4.0842608534,640.68454584,-60.91187951,0.1059405693,0.0067187011,0.4113071205,0.1446229031,0.1307428473,0.1186302893,0.5670240271,0.0384477409,0.0376176509,0.0329022873,0.0194608944,0.0179518946,0.000104069,0.2353352979,0.0576393651,0.2391932306,18.005952651,1.0238279479,0.1072752088,-0.344937507,0.3953880476,0.8169549685,0.00542842,3589351.87843928,1.1696642,0.00203874,1.15755525,0.00478221,0.00527385,0.00728657,0.02984084,2.75684032,-0.11076394,1.98493315,0.02947512,2.00451881,0.02538142,0.25646571,0.04514753,0.11022844,0.03140605,2.05053552,0.00575233,0.01861863,0.91182462,0.99856824,0.54075853,1.2831401455,2.0903769989,432,-0.029639389,0.9154939902,-0.918821061,0.273136218
20200228,20200229,247318.0,01W,SWE,-0.064367,2020,2,20200131,20200131,1956.42852,30.694288279,1956.42852,0.0165742328,0.0,0.0185190454,-0.055775815,0.1679291472,0.2560867938,0.3597228303,0.6828018151,0.5435678624,0.6522872405,0.0982713574,0.0385974998,-0.014860359,,0.1202400283,0.1704063387,0.7140782764,0.1454026751,1.5401664896,0.5323500701,0.5111841299,0.0254575539,0.0008644276,0.0,0.0481469049,0.0273418276,0.0208050774,0.0608979851,0.0037167539,0.0571812311,0.0455005775,-0.045500578,0.007687104,0.0307750062,0.0959880073,0.4824094995,0.1816748986,0.5187147367,0.3158194286,0.220513187,0.1123292836,-0.001277502,0.0455005775,-0.010345329,-0.101475943,-0.055845907,-0.547784978,0.7116786614,1.2952598822,1.5422206034,2.2972993524,0.0001970832,0.0317031212,-0.028048004,0.1567324604,8.0,0.0873633844,0.0370401781,0.0250114647,1.0358122494,0.1287113139,0.0804898901,0.0283016777,0.0066782669,-0.000667997,,0.0307577264,0.0914373734,-0.008325741,0.04773157,-0.877903511,1.0267304826,0.26664976,0.1919302413,0.5404144314,0.5733781716,0.2035194935,1.3062131007,0.1122939211,0.1713295691,0.0253308614,3.0978302246,0.0294796904,0.4246620298,2.1206051178,0.4903287025,6.0,-2.54790923,4.0842608534,640.68454584,-60.91187951,-0.599570393,0.0073648751,0.423323744,0.1366516927,0.1457028517,0.1322821677,0.6178215835,0.0431572595,0.0475366831,0.0419215649,0.0206104596,0.0190123224,0.0001102164,0.2375148776,0.0640545941,0.2069395512,17.959209693,1.0360953949,0.1677393488,0.1041638728,0.4355088264,0.8079986929,0.00606462,3446548.01902476,1.23274602,0.00193366,1.23788275,0.00497684,0.0052919,0.00818321,0.01290411,-0.65533116,-0.42183909,1.19106418,0.0119857,-0.35771885,0.01091687,-0.18412297,0.0164455,0.02138152,0.01674705,-0.96853368,0.00605755,0.01873975,0.9550137,0.92379072,0.54489634,1.2985390055,0.7633303164,433,0.1651360352,1.0682946808,-0.472889555,0.0599506093
20200331,20200331,247318.0,01W,SWE,-0.143012,2020,3,20200228,20200229,1830.4997409,28.718599307,1830.4997409,0.0177144531,0.0,0.0185190454,-0.064366665,0.102664433,0.1277498612,0.1736857791,0.4467664686,0.2198422316,0.8256562597,-0.037201254,0.0361279169,,,0.1202400283,0.1704063387,0.7140782764,0.1454026751,1.5401664896,0.5323500701,0.5111841299,0.0254575539,0.0008644276,0.0,0.0481469049,0.0273418276,0.0208050774,0.0608979851,0.0037167539,0.0571812311,0.0455005775,-0.045500578,0.007687104,0.0307750062,0.0959880073,0.4824094995,0.1816748986,0.5187147367,0.3158194286,0.220513187,0.1123292836,-0.001277502,0.0455005775,-0.010345329,-0.101475943,-0.055845907,-0.547784978,0.7116786614,1.2952598822,1.5422206034,2.2972993524,0.0001970832,0.0317031212,-0.028048004,0.1567324604,8.0,0.0873633844,0.0370401781,0.0250114647,1.0358122494,0.1287113139,0.0804898901,0.0283016777,0.0066782669,-0.000667997,,0.0307577264,0.0914373734,-0.008325741,0.04773157,-0.877903511,1.0267304826,0.26664976,0.1919302413,0.5404144314,0.5733781716,0.2035194935,1.3062131007,0.1122939211,0.1713295691,0.0253308614,3.0978302246,0.0294796904,0.4246620298,2.1206051178,0.4903287025,6.0,-2.54790923,4.0842608534,640.68454584,-60.91187951,-0.599570393,0.0073648751,0.4524461968,0.1460526123,0.1557264435,0.1413824869,0.6603244673,0.0461262526,0.0508069575,0.0448055487,0.0220283511,0.0203202704,0.0001177987,0.251830655,0.0679153683,0.1933355125,17.864677196,1.1053488717,0.033687252,-0.430689088,0.4352806993,0.7891593807,0.00553397,3527874.94630997,1.21856059,0.00191922,1.25566339,0.00507287,0.00528351,0.00722374,0.01250418,0.19053425,0.25796796,1.39789851,0.01271818,0.39604054,0.01297789,0.24394387,0.02729652,0.04188914,0.02435894,-0.15777343,0.00637336,0.01825198,1.13729077,0.84871522,0.56444898,1.2416460918,1.2428790887,434,0.154210912,1.0672897512,-0.462632736,0.0522095343
20200430,20200430,247318.0,01W,SWE,0.111837,2020,4,20200331,20200331,1568.7170674,24.611506836,1568.7170674,0.0206705865,0.0,0.0185190454,-0.143011587,-0.116552376,0.1023115571,-0.036863036,0.4059458857,0.332447592,0.8499636914,0.1704083424,0.007635196,0.0036427784,,0.1202400283,0.1704063387,0.7140782764,0.1454026751,1.5401664896,0.5323500701,0.5111841299,0.0254575539,0.0008644276,0.0,0.0481469049,0.0273418276,0.0208050774,0.0608979851,0.0037167539,0.0571812311,0.0455005775,-0.045500578,0.007687104,0.0307750062,0.0959880073,0.4824094995,0.1816748986,0.5187147367,0.3158194286,0.220513187,0.1123292836,-0.001277502,0.0455005775,-0.010345329,-0.101475943,-0.055845907,-0.547784978,0.7116786614,1.2952598822,1.5422206034,2.2972993524,0.0001970832,0.0317031212,-0.028048004,0.1567324604,8.0,0.0873633844,0.0370401781,0.0250114647,1.0358122494,0.1287113139,0.0804898901,0.0283016777,0.0066782669,-0.000667997,,0.0307577264,0.0914373734,-0.008325741,0.04773157,-0.877903511,1.0267304826,0.26664976,0.1919302413,0.5404144314,0.5733781716,0.2035194935,1.3062131007,0.1122939211,0.1713295691,0.0253308614,3.0978302246,0.0294796904,0.4246620298,2.1206051178,0.4903287025,6.0,-2.54790923,4.0842608534,640.68454584,-60.91187951,-0.599570393,0.0073648751,0.5279490249,0.1704254225,0.1817135929,0.164975961,0.770517381,0.0538236596,0.0592854662,0.0522825607,0.0257043745,0.0237112545,0.0001374565,0.2879041239,0.0776439017,0.198768159,17.619592382,1.0734263377,0.1354477709,-0.192239825,0.4394080576,0.8045575395,0.00527095,3408583.71331948,0.74972696,0.00190891,0.75162065,0.00533043,0.0052841,0.01056436,0.03261117,0.04011526,0.31543983,1.4422769,0.02995351,0.35996447,0.02093942,0.01484453,0.0736301,0.14112346,0.06416464,-0.10383758,0.00751578,0.0202967,1.062435,0.72733911,0.63480385,1.0701235908,2.5808095023,435,0.2251855026,1.0692965767,-0.480395739,0.0884894727
20200529,20200531,247318.0,01W,SWE,0.343942,2020,5,20200430,20200430,1744.1569929,27.363973176,1744.1569929,0.0185913894,0.0,0.0185190454,0.1118365632,-0.198173073,-0.115755731,-0.049011191,0.0294521059,0.0897498947,1.212230102,0.0938900384,0.0092666983,0.0296022768,,0.1752905817,0.1442772238,0.7893010161,0.1004706086,1.9034565366,0.527597709,0.746222957,0.0184574517,0.0008644276,0.0,0.0640856478,0.0302897957,0.0337958522,0.0768626231,0.0084356209,0.0684270022,0.0690407842,-0.069040784,0.0068785432,0.0413803885,0.0923940561,0.4694669735,0.1735657239,0.4702744369,0.2833945129,0.2075878913,0.1123292836,-0.001277502,0.0690407842,-0.011259984,-0.117702158,-0.080300769,-0.839394924,0.7464881261,1.2711527039,1.5420327756,2.246766731,0.0001970832,0.0393622322,-0.028048004,0.1567324604,8.0,0.1201415579,0.0370401781,0.0416949583,0.9528355023,0.0613094622,0.0556541442,0.0179655243,-0.015062439,-0.005169085,,0.0279109662,-0.062197101,-0.012832153,0.0349893728,-2.660542721,-3.797319268,0.3709981897,0.1907564069,0.5517601123,0.5359763927,0.2039901606,1.3104638913,0.106925048,0.1623057394,0.0341220584,2.9623616236,0.0266909902,0.4246620298,0.9255729706,0.5226075678,7.0,-2.532372065,4.0842608534,640.68454584,-60.91187951,-0.654980903,0.0082844975,0.4927010637,0.1663203641,0.1660134999,0.1466196862,0.7031032938,0.0471342786,0.0526820849,0.0462618554,0.0231188426,0.0213262051,0.0001236302,0.2729240166,0.0697425759,0.1883318714,17.730875809,1.0737653474,0.0427781693,-0.101740267,0.4868829136,0.7488581813,0.00586419,3079092.37775474,0.64263174,0.00173385,0.66821037,0.00562918,0.00528804,0.01332204,0.01786335,0.2692316,0.47055183,1.18748117,0.01814593,0.19579481,0.01795785,0.22482681,0.05396274,0.07266359,0.03334839,0.60738369,0.00822897,0.02057731,1.0076681,0.80868222,0.64527861,1.0391557904,1.8202306145,436,-0.026672595,0.9930948751,-0.83351858,0.1505003371
20200630,20200630,247318.0,01W,SWE,0.094653,2020,6,20200529,20200531,2344.0459694,36.775594911,2344.0459694,0.0138334752,0.0,0.0185190454,0.3439420757,-0.047168948,-0.016974113,0.0053895588,0.0463414524,0.0642905971,1.3210556138,0.1401696549,0.0277914638,0.0360071374,,0.1752905817,0.1442772238,0.7893010161,0.1004706086,1.9034565366,0.527597709,0.746222957,0.0184574517,0.0008644276,0.0,0.0640856478,0.0302897957,0.0337958522,0.0768626231,0.0084356209,0.0684270022,0.0690407842,-0.069040784,0.0068785432,0.0413803885,0.0923940561,0.4694669735,0.1735657239,0.4702744369,0.2833945129,0.2075878913,0.1123292836,-0.001277502,0.0690407842,-0.011259984,-0.117702158,-0.080300769,-0.839394924,0.7464881261,1.2711527039,1.5420327756,2.246766731,0.0001970832,0.0393622322,-0.028048004,0.1567324604,8.0,0.1201415579,0.0370401781,0.0416949583,0.9528355023,0.0613094622,0.0556541442,0.0179655243,-0.015062439,-0.005169085,,0.0279109662,-0.062197101,-0.012832153,0.0349893728,-2.660542721,-3.797319268,0.3709981897,0.1907564069,0.5517601123,0.5359763927,0.2039901606,1.3104638913,0.106925048,0.1623057394,0.0341220584,2.9623616236,0.0266909902,0.4246620298,0.9255729706,0.5226075678,7.0,-2.532372065,4.0842608534,640.68454584,-60.91187951,-0.654980903,0.0082844975,0.3666088536,0.1237556045,0.1235272732,0.1090967304,0.5231648793,0.0350716593,0.0391996693,0.0344225069,0.0172022612,0.015868396,9.19907e-05,0.2099477246,0.0536497128,0.175710061,18.140977239,1.2170285304,-0.306791406,-0.245561479,0.4990391233,0.7278855631,0.00431508,3940312.21688633,1.46405744,0.00209917,1.21717646,0.00538173,0.00519565,0.00597536,0.02346369,1.8383088,-0.02443846,0.23187487,0.02394095,1.68366734,0.02366585,1.76433332,0.04780102,0.07343993,0.02680462,0.03440639,0.00835064,0.02086813,0.91925199,1.0,0.64372028,0.9783152478,1.6090698723,437,0.0499150319,0.996416025,-0.828589529,0.2431856928
20200731,20200731,247318.0,01W,SWE,0.161831,2020,7,20200630,20200630,2565.9176544,40.256526308,2565.9176544,0.0126373119,0.0,0.0185190454,0.0946532994,0.4942439386,0.1312986258,0.4115647791,0.2333447899,-0.066446959,1.3812006148,-0.132064216,0.048402147,0.0469809055,,0.1752905817,0.1442772238,0.7893010161,0.1004706086,1.9034565366,0.527597709,0.746222957,0.0184574517,0.0008644276,0.0,0.0640856478,0.0302897957,0.0337958522,0.0768626231,0.0084356209,0.0684270022,0.0690407842,-0.069040784,0.0068785432,0.0413803885,0.0923940561,0.4694669735,0.1735657239,0.4702744369,0.2833945129,0.2075878913,0.1123292836,-0.001277502,0.0690407842,-0.011259984,-0.117702158,-0.080300769,-0.839394924,0.7464881261,1.2711527039,1.5420327756,2.246766731,0.0001970832,0.0393622322,-0.028048004,0.1567324604,8.0,0.1201415579,0.0370401781,0.0416949583,0.9528355023,0.0613094622,0.0556541442,0.0179655243,-0.015062439,-0.005169085,,0.0279109662,-0.062197101,-0.012832153,0.0349893728,-2.660542721,-3.797319268,0.3709981897,0.1907564069,0.5517601123,0.5359763927,0.2039901606,1.3104638913,0.106925048,0.1623057394,0.0341220584,2.9623616236,0.0266909902,0.4246620298,0.9255729706,0.5226075678,7.0,-2.532372065,4.0842608534,640.68454584,-60.91187951,-0.654980903,0.0082844975,0.3349086453,0.1130546125,0.1128460246,0.0996632728,0.4779274676,0.0320390568,0.035810123,0.0314460359,0.0157148032,0.0144962757,8.40364e-05,0.1934391104,0.0494311274,0.1583761787,18.244078776,1.2570468114,-0.1011709,-0.045158798,0.4993489755,0.7551378493,0.0051673,4456441.71147114,1.29362831,0.00224607,1.12006241,0.0053769,0.00524424,0.01027766,0.0123175,-0.31243175,0.25255934,0.95014403,0.01256328,0.05075698,0.01315957,-0.1771621,0.03530351,0.04324801,0.02307034,0.1423776,0.00763489,0.02058646,0.91303018,1.0,0.65521405,0.9749414206,1.1843303335,438,0.0366043567,1.0078802582,-0.815278854,0.2454062229
20200831,20200831,247318.0,01W,SWE,0.119597,2020,8,20200731,20200731,2981.1631029,46.771286939,2981.1631029,0.010877064,0.0,0.0185190454,0.161831167,0.4711506274,0.3115315117,0.4463398327,0.5555124791,0.2560867938,1.1075513577,0.0516760592,0.0584162477,0.0280220988,,0.1272588726,0.0796473342,0.1337052743,0.081888698,1.4019049336,0.4695365977,0.3173212529,0.01461131,0.0012018661,0.0,0.0203985034,0.0184186779,0.0019798256,0.0857626485,-0.006045517,0.091808165,0.0562109316,-0.055009065,0.0029722698,0.0327238954,0.0921175969,0.477310134,0.206207383,0.4430648092,0.2610539067,0.2028523175,-0.12294444,-0.001058077,-0.121886364,-0.029978838,-0.295823666,-0.084987904,-0.83863934,0.7013230607,1.2039736656,1.462146974,2.2021017076,0.0004260758,0.0426757583,-0.000755788,0.0773519164,8.0,0.1057233446,0.1285264295,0.0535710708,0.5509410475,-0.009637842,0.0909137625,0.0306896234,0.0159387383,0.0045902844,,-0.003415093,0.0148523946,0.0492443526,0.0214400691,-3.540408746,1.734074256,0.0491242724,0.1986551905,0.5380520836,0.4838522104,0.2324491021,1.2819025522,0.1313190689,0.1762285446,0.0569400767,2.5760145366,0.0307118371,0.4477702798,0.5624899743,0.5032973646,6.0,-2.699251629,4.3101871487,825.6261754,-40.53853852,-0.657205075,0.005234161,0.2872096195,0.1114937883,0.088330633,0.0760737447,0.396238524,0.029105889,0.0377160998,0.0348460295,0.0105010806,0.009386818,0.0001688277,0.1672157913,0.0468794131,0.1790058512,18.317148415,1.2626574133,0.017866258,0.0899577395,0.4624293182,0.8346952586,0.00515285,5156689.15649761,1.12347742,0.00243701,1.01695965,0.00529229,0.00528086,0.00789806,0.01081362,1.02385217,0.21343982,1.57557328,0.01127449,0.95818128,0.00989801,0.29219447,0.03132349,0.04860054,0.01773604,0.39336698,0.00711126,0.02041649,0.90657344,0.98393359,0.6585176,0.9695930135,1.0493516562,439,0.8268504316,1.1996106929,-0.173371865,0.4933956692
20200930,20200930,247318.0,01W,SWE,0.01186,2020,9,20200831,20200831,3372.4109662,51.901562893,3372.4109662,0.0089285714,0.0194211497,-0.010346017,0.1195965137,0.2718023203,0.6286061322,0.6802160104,0.7184406387,0.1277498612,1.2413222171,-0.042774834,0.0731772793,-0.003813181,,0.1272588726,0.0796473342,0.1337052743,0.081888698,1.4019049336,0.4695365977,0.3173212529,0.01461131,0.0012018661,0.0,0.0203985034,0.0184186779,0.0019798256,0.0857626485,-0.006045517,0.091808165,0.0562109316,-0.055009065,0.0029722698,0.0327238954,0.0921175969,0.477310134,0.206207383,0.4430648092,0.2610539067,0.2028523175,-0.12294444,-0.001058077,-0.121886364,-0.029978838,-0.295823666,-0.084987904,-0.83863934,0.7013230607,1.2039736656,1.462146974,2.2021017076,0.0004260758,0.0426757583,-0.000755788,0.0773519164,8.0,0.1057233446,0.1285264295,0.0535710708,0.5509410475,-0.009637842,0.0909137625,0.0306896234,0.0159387383,0.0045902844,,-0.003415093,0.0148523946,0.0492443526,0.0214400691,-3.540408746,1.734074256,0.0491242724,0.1986551905,0.5380520836,0.4838522104,0.2324491021,1.2819025522,0.1313190689,0.1762285446,0.0569400767,2.5760145366,0.0307118371,0.4477702798,0.5624899743,0.5032973646,6.0,-2.699251629,4.3101871487,825.6261754,-40.53853852,-0.657205075,0.005234161,0.2538891995,0.0985589157,0.0780830174,0.0672481033,0.350269193,0.02572919,0.0333404933,0.0308033922,0.0092828052,0.008297813,0.0001492412,0.1490387421,0.0417834267,0.1745585015,18.435040387,1.2828913596,-0.181983307,-0.03081568,0.3213322109,0.8212577858,0.00614736,5285129.75693483,1.07949823,0.00237039,1.03923637,0.00536753,0.00538307,0.00708214,0.01060286,-0.30039706,-0.00399133,1.17431124,0.01032854,-0.01843176,0.01039141,-0.05380718,0.0238634,0.03708873,0.01479989,-0.1420427,0.00640431,0.02044222,0.91512389,0.97890149,0.65723817,0.9692022652,0.8003579917,440,0.8103942307,1.2063653274,-0.185992119,0.5003990317
20201030,20201031,247318.0,01W,SWE,-0.155854,2020,10,20200930,20200930,3412.4065085,13.129274041,3412.4065085,0.008823923,0.0194211497,-0.010346017,0.0118596288,0.3007821241,1.1276620788,0.610862272,1.0099347735,0.1023115571,1.1741988272,0.0683340166,0.068043244,-0.004605509,,0.1272588726,0.0796473342,0.1337052743,0.081888698,1.4019049336,0.4695365977,0.3173212529,0.01461131,0.0012018661,0.0,0.0203985034,0.0184186779,0.0019798256,0.0857626485,-0.006045517,0.091808165,0.0562109316,-0.055009065,0.0029722698,0.0327238954,0.0921175969,0.477310134,0.206207383,0.4430648092,0.2610539067,0.2028523175,-0.12294444,-0.001058077,-0.121886364,-0.029978838,-0.295823666,-0.084987904,-0.83863934,0.7013230607,1.2039736656,1.462146974,2.2021017076,0.0004260758,0.0426757583,-0.000755788,0.0773519164,8.0,0.1057233446,0.1285264295,0.0535710708,0.5509410475,-0.009637842,0.0909137625,0.0306896234,0.0159387383,0.0045902844,,-0.003415093,0.0148523946,0.0492443526,0.0214400691,-3.540408746,1.734074256,0.0491242724,0.1986551905,0.5380520836,0.4838522104,0.2324491021,1.2819025522,0.1313190689,0.1762285446,0.0569400767,2.5760145366,0.0307118371,0.4477702798,0.5624899743,0.5032973646,6.0,-2.699251629,4.3101871487,825.6261754,-40.53853852,-0.657205075,0.005234161,0.250913459,0.0974037434,0.0771678355,0.0664599134,0.3461638186,0.0254276277,0.0329497218,0.0304423571,0.0091740049,0.0082005574,0.000147492,0.1474007739,0.0413242177,0.180680688,18.445568943,1.2855191613,-0.079020714,0.0464441562,0.3234584101,0.8323717338,0.00609057,5285174.47762076,1.0798044,0.00210515,1.15380582,0.00547883,0.00555295,0.007633,0.01395253,0.17455445,-0.32266801,1.54928896,0.01396571,-0.31192241,0.01400597,-0.45365504,0.03049787,0.03847433,0.02409838,-0.6100383,0.00526164,0.02034188,0.9490217,0.97725116,0.6655442,0.9734666692,1.0134015995,441,0.8024566968,1.2094828206,-0.175021419,0.4717948764
20201130,20201130,247318.0,01W,SWE,0.138087,2020,11,20201030,20201031,2880.5695292,11.083025029,2880.5695292,0.010453076,0.0194211497,-0.010346017,-0.155853934,0.1328745128,0.9363415744,0.726249471,0.9036853852,-0.115755731,1.3040721549,0.0001111079,0.0538646039,,,0.1751183228,0.0289785535,-0.300948654,0.1151139934,1.6831990466,0.4292394126,0.0705479865,0.0195621836,0.0012018661,0.0,0.0150910378,0.0227150785,-0.007624041,0.1103547675,0.0026627857,0.1076919818,0.0846624978,-0.084662498,-0.000136241,0.0389815019,0.0904522738,0.4166689027,0.1882560987,0.4419566293,0.2498346511,0.1693568119,-0.12294444,-0.001058077,0.0846624978,-0.035353743,-0.418416114,-0.12001624,-1.420407722,0.757632116,1.0566340267,1.3043335517,1.8723333842,0.0004260758,0.0486364612,-0.000755788,0.0773519164,8.0,0.1175916711,0.1285264295,0.1225747971,0.1308010465,-0.045657205,0.057905135,0.0224785746,-0.021367975,-0.009286931,,-0.130797247,0.0587316482,0.046712358,0.0159150038,-2.569558283,-2.777728397,-0.225703602,0.1796783603,0.4896352621,0.4995336212,0.2212231909,1.287866854,0.1198479611,0.1529023561,0.0283891726,2.9568253968,0.0325012091,0.4477702798,0.8394706953,0.4759330141,6.0,-2.450558365,4.3101871487,825.6261754,-40.53853852,-0.472742441,0.0041804675,0.347662884,0.1175797815,0.123477434,0.1065683416,0.4196800139,0.0293755037,0.0416666878,0.0392956703,0.0108677932,0.009714619,0.0001747234,0.2025614819,0.0480390339,0.1743294535,18.248844262,1.3484395237,0.0163063197,0.3461817345,0.3101147652,0.7941038638,0.00558542,5727350.35356389,0.99983775,0.00210264,1.1613253,0.00542784,0.00566146,0.00917039,0.02545584,-1.99577821,0.53987571,1.91970077,0.02338049,-1.890441,0.02631098,-2.01212134,0.02149424,0.02725698,0.03167591,-1.58659325,0.00410415,0.01982072,0.9628925,0.76728916,0.66874979,0.9637768396,0.7153718041,442,0.4090693488,1.0656801818,-0.370110363,0.2512820513
20201230,20201231,247318.0,01W,SWE,0.054571,2020,12,20201130,20201130,3278.3376046,12.613442362,3278.3376046,0.0091847808,0.0194211497,-0.010346017,0.138086608,-0.145842675,0.2162392648,0.5574548758,0.6068099991,-0.016974113,1.068515201,0.1677993955,0.0511634414,0.0212813974,,0.1751183228,0.0289785535,-0.300948654,0.1151139934,1.6831990466,0.4292394126,0.0705479865,0.0195621836,0.0012018661,0.0,0.0150910378,0.0227150785,-0.007624041,0.1103547675,0.0026627857,0.1076919818,0.0846624978,-0.084662498,-0.000136241,0.0389815019,0.0904522738,0.4166689027,0.1882560987,0.4419566293,0.2498346511,0.1693568119,-0.12294444,-0.001058077,0.0846624978,-0.035353743,-0.418416114,-0.12001624,-1.420407722,0.757632116,1.0566340267,1.3043335517,1.8723333842,0.0004260758,0.0486364612,-0.000755788,0.0773519164,8.0,0.1175916711,0.1285264295,0.1225747971,0.1308010465,-0.045657205,0.057905135,0.0224785746,-0.021367975,-0.009286931,,-0.130797247,0.0587316482,0.046712358,0.0159150038,-2.569558283,-2.777728397,-0.225703602,0.1796783603,0.4896352621,0.4995336212,0.2212231909,1.287866854,0.1198479611,0.1529023561,0.0283891726,2.9568253968,0.0325012091,0.4477702798,0.8394706953,0.4759330141,6.0,-2.450558365,4.3101871487,825.6261754,-40.53853852,-0.472742441,0.0041804675,0.3054801643,0.1033135621,0.1084956392,0.093638165,0.3687592938,0.0258113077,0.0366111748,0.0345278382,0.0095491794,0.0085359225,0.0001535238,0.1800885644,0.0427094064,0.1743146856,18.380427761,1.2787238103,-0.000785631,-0.47715345,0.3112813847,0.7904330047,0.00618151,5204614.93895907,0.55798143,0.00175305,0.5983304,0.00578396,0.00571537,0.00838191,0.02213661,-0.28995076,0.20401267,1.07722795,0.0198784,0.05228516,0.01876279,-0.11000135,0.03733939,0.05323802,0.02474162,-0.04572823,0.00402246,0.02038486,0.9636242,0.87324152,0.67258417,0.9714171538,1.2242547623,443,0.3995802662,1.0734911183,-0.380245737,0.2505085109
20210129,20210131,247318.0,01W,SWE,0.000626,2021,1,20201230,20201231,3457.2408019,13.301774511,3457.2408019,0.0087094923,0.0194211497,-0.010346017,0.054571316,-0.039288667,0.264496823,1.0683109718,0.5659272891,0.1312986258,1.2569975165,-0.055775815,0.0611949987,0.0372809883,,0.1751183228,0.0289785535,-0.300948654,0.1151139934,1.6831990466,0.4292394126,0.0705479865,0.0195621836,0.0012018661,0.0,0.0150910378,0.0227150785,-0.007624041,0.1103547675,0.0026627857,0.1076919818,0.0846624978,-0.084662498,-0.000136241,0.0389815019,0.0904522738,0.4166689027,0.1882560987,0.4419566293,0.2498346511,0.1693568119,-0.12294444,-0.001058077,0.0846624978,-0.035353743,-0.418416114,-0.12001624,-1.420407722,0.757632116,1.0566340267,1.3043335517,1.8723333842,0.0004260758,0.0486364612,-0.000755788,0.0773519164,8.0,0.1175916711,0.1285264295,0.1225747971,0.1308010465,-0.045657205,0.057905135,0.0224785746,-0.021367975,-0.009286931,,-0.130797247,0.0587316482,0.046712358,0.0159150038,-2.569558283,-2.777728397,-0.225703602,0.1796783603,0.4896352621,0.4995336212,0.2212231909,1.287866854,0.1198479611,0.1529023561,0.0283891726,2.9568253968,0.0325012091,0.4477702798,0.8394706953,0.4759330141,6.0,-2.450558365,4.3101871487,825.6261754,-40.53853852,-0.472742441,0.0041804675,0.2896723623,0.0979673547,0.1028812728,0.0887926341,0.3496769618,0.0244756399,0.034716642,0.0327411126,0.0090550343,0.0080942107,0.0001455793,0.1715294381,0.0406795429,0.1545409936,18.429738139,1.2717778961,-0.048684915,-0.51103304,0.3239685478,0.7778160283,0.00669144,4841641.39442827,0.59672251,0.00153622,0.62571675,0.0060717,0.00582455,0.00947661,0.02135083,0.60513305,0.11379902,1.25992662,0.02235731,0.66119699,0.02058501,-0.10344857,0.03585095,0.06792011,0.02525057,0.68880145,0.00421202,0.01966604,0.92684227,0.92089546,0.6697245,0.9545302719,1.1941292846,444,0.3956218035,1.0470521133,-0.389188929,0.2893041327
20210226,20210228,247318.0,01W,SWE,0.097601,2021,2,20210129,20210131,3459.4051458,13.310101849,3459.4051458,0.0087040433,0.0194211497,-0.010346017,0.0006260321,0.2001934919,0.1477589142,0.9617824198,0.7489299972,0.3115315117,1.6518083765,-0.064366665,0.0671034257,0.0112133102,,0.2883040255,0.0060695394,-0.454472917,0.2166702359,1.5322332267,0.3756050134,0.1105907178,0.0337274387,0.0012018661,0.0,0.0434736718,0.0380866844,0.0053869874,0.1560557432,0.0083369657,0.1477187775,0.111093315,-0.111093315,-0.003140455,0.0662687405,0.0846050182,0.3904825699,0.1793762021,0.4311230309,0.2370846197,0.1492143206,-0.12294444,-0.001058077,0.111093315,-0.040088204,-0.533677548,-0.151181519,-2.012616545,0.8325379995,1.0014402708,1.28331928,1.7636580409,0.0004260758,0.0488647065,-0.000755788,0.0773519164,0.0,0.1972467732,0.1285264295,0.1758066323,-0.064923878,0.024060643,0.0580142989,0.0196204683,-0.022475591,-0.008681209,,-0.214069286,-0.009466658,0.0350305005,0.009864443,-0.773578929,-1.712169575,-0.309091159,0.1794452888,0.5030602667,0.5451443121,0.2310910832,1.2860795484,0.1152051054,0.1392879982,0.0029111843,3.1562087186,0.0327726393,0.4477702798,1.0162437287,0.5174717043,6.0,-2.225050691,4.3101871487,825.6261754,-40.53853852,-0.657318902,0.0078373012,0.3084278244,0.0977209849,0.1166649142,0.1015936791,0.3515229098,0.0231681425,0.03553246,0.0338001015,0.0090493691,0.0080891467,0.0001454882,0.1809330135,0.0389983122,0.1702516652,18.392945745,1.2147779777,-0.078265978,-0.664392945,0.3226247455,0.7417560722,0.00702588,4426365.91071346,0.59896822,0.00133024,0.61617007,0.00641077,0.00589194,0.00977742,0.0177722,0.72411858,0.06531371,1.60182115,0.01837456,0.69289942,0.01784763,-0.27350366,0.03714369,0.06271146,0.02886187,0.52289571,0.00473199,0.02018446,0.92234736,0.88158424,0.67268496,0.9761667386,1.2087015027,445,0.6718459309,0.9718523341,0.2064697251,0.0499510096
20210331,20210331,247318.0,01W,SWE,0.020248,2021,3,20210226,20210228,3797.0481755,14.609187364,3797.0481755,0.007930058,0.0194211497,-0.010346017,0.0976014706,0.0552315115,0.0257958418,0.4606362835,0.8704174148,0.6286061322,1.180537737,-0.143011587,0.08897734,,,0.2883040255,0.0060695394,-0.454472917,0.2166702359,1.5322332267,0.3756050134,0.1105907178,0.0337274387,0.0012018661,0.0,0.0434736718,0.0380866844,0.0053869874,0.1560557432,0.0083369657,0.1477187775,0.111093315,-0.111093315,-0.003140455,0.0662687405,0.0846050182,0.3904825699,0.1793762021,0.4311230309,0.2370846197,0.1492143206,-0.12294444,-0.001058077,0.111093315,-0.040088204,-0.533677548,-0.151181519,-2.012616545,0.8325379995,1.0014402708,1.28331928,1.7636580409,0.0004260758,0.0488647065,-0.000755788,0.0773519164,0.0,0.1972467732,0.1285264295,0.1758066323,-0.064923878,0.024060643,0.0580142989,0.0196204683,-0.022475591,-0.008681209,,-0.214069286,-0.009466658,0.0350305005,0.009864443,-0.773578929,-1.712169575,-0.309091159,0.1794452888,0.5030602667,0.5451443121,0.2310910832,1.2860795484,0.1152051054,0.1392879982,0.0029111843,3.1562087186,0.0327726393,0.4477702798,1.0162437287,0.5174717043,6.0,-2.225050691,4.3101871487,825.6261754,-40.53853852,-0.657318902,0.0078373012,0.2810016501,0.0890313902,0.106290778,0.0925597148,0.3202646126,0.0211079733,0.0323728247,0.0307945119,0.0082446766,0.0073698395,0.0001325511,0.1662070298,0.0358242729,0.1792171267,18.476567363,1.2159386191,-0.132407917,-0.904069339,0.3268549574,0.7387188007,0.00698553,4459300.96725701,0.63257933,0.00130083,0.6552774,0.00654074,0.00599769,0.0107324,0.0243111,2.45240443,0.25054298,1.38979411,0.02235277,1.49396552,0.02211122,1.3525254,0.0404915,0.09259439,0.02855227,1.34413423,0.00503327,0.02100242,0.89293758,0.93745296,0.66655854,0.9902069609,1.3078168954,446,0.6637604776,0.9685399227,0.2080443288,0.0275924169
20210430,20210430,247318.0,01W,SWE,0.174193,2021,4,20210331,20210331,3873.9313113,14.90499613,3873.9313113,0.0077726758,0.0194211497,-0.010346017,0.0202481328,0.0982886044,0.1127185949,0.464570137,1.3955667015,1.1276620788,0.938536178,0.1118365632,0.0806511191,0.0515581861,,0.2883040255,0.0060695394,-0.454472917,0.2166702359,1.5322332267,0.3756050134,0.1105907178,0.0337274387,0.0012018661,0.0,0.0434736718,0.0380866844,0.0053869874,0.1560557432,0.0083369657,0.1477187775,0.111093315,-0.111093315,-0.003140455,0.0662687405,0.0846050182,0.3904825699,0.1793762021,0.4311230309,0.2370846197,0.1492143206,-0.12294444,-0.001058077,0.111093315,-0.040088204,-0.533677548,-0.151181519,-2.012616545,0.8325379995,1.0014402708,1.28331928,1.7636580409,0.0004260758,0.0488647065,-0.000755788,0.0773519164,0.0,0.1972467732,0.1285264295,0.1758066323,-0.064923878,0.024060643,0.0580142989,0.0196204683,-0.022475591,-0.008681209,,-0.214069286,-0.009466658,0.0350305005,0.009864443,-0.773578929,-1.712169575,-0.309091159,0.1794452888,0.5030602667,0.5451443121,0.2310910832,1.2860795484,0.1152051054,0.1392879982,0.0029111843,3.1562087186,0.0327726393,0.4477702798,1.0162437287,0.5174717043,6.0,-2.225050691,4.3101871487,825.6261754,-40.53853852,-0.657318902,0.0078373012,0.2754248119,0.0872644481,0.1041813011,0.0907227486,0.3139085506,0.0206890585,0.0317303445,0.0301833553,0.0080810504,0.0072235756,0.0001299204,0.1631828041,0.0351724311,0.2012478319,18.493570983,1.2682574636,-0.07892553,-0.601560125,0.3279406595,0.7316139304,0.00692429,4425721.233381,0.6441655,0.00125395,0.67602961,0.00670528,0.00616503,0.00718696,0.01646111,-0.54386542,0.30621097,1.559205,0.01684138,-0.34353554,0.01716344,-0.37974861,0.03196045,0.05182774,0.02379089,0.06344674,0.00495717,0.01935145,0.66844341,0.94248079,0.68570627,1.1133779586,1.2510252292,447,0.6062999864,0.9854987813,0.2064697251,-0.014814408
20210531,20210531,247318.0,01W,SWE,-0.049607,2021,5,20210430,20210430,4548.7435091,17.501343971,4548.7435091,0.0066195889,0.0194211497,-0.010346017,0.1741931241,0.119825851,0.3448490905,0.2860947358,1.1982299694,0.9363415744,1.365484894,0.3439420757,0.0652193962,0.0424243676,,0.3266610063,0.0292655307,-0.444425149,0.2026827127,1.368293357,0.3544792645,0.0849462928,0.0308864433,0.0012018661,0.0,0.0272543683,0.0439000782,-0.01664571,0.20015499,0.0150406353,0.1851143547,0.1123553292,-0.112355329,-0.000681543,0.074931897,0.0885272032,0.3828588127,0.2136160809,0.4180905476,0.2282859601,0.1514335976,-0.12294444,-0.001058077,0.1123553292,-0.07294799,-0.970140832,-0.18530332,-2.464362837,0.85865275,0.9664733252,1.262583024,1.7105882961,0.0004260758,0.0484887322,-0.000755788,0.0773519164,1.0,0.2235007819,0.1285264295,0.2157575453,-0.005909355,0.1514913167,0.0605109587,0.0191720397,0.0048568145,0.0012065154,,-0.16169051,0.0241603664,0.0507497483,0.0304528284,0.9290150944,0.7926735299,-0.300015584,0.1866188704,0.5079238578,0.5412123923,0.2833961248,1.2999028787,0.1481411872,0.1406680904,0.0412161392,3.0359922179,0.0424796782,0.4477702798,0.4212713141,0.5143769217,5.0,-2.392440969,4.3101871487,825.6261754,-40.53853852,-0.416937748,0.0086084411,0.250632617,0.0825537745,0.0918156442,0.0796627863,0.2774857504,0.0188458677,0.0371290134,0.0357613248,0.0068822157,0.0061519485,0.0001106466,0.1502474318,0.0326546511,0.191071882,18.551521563,1.2942558288,0.006706257,-0.272834471,0.3565565911,0.7317764025,0.00672079,4338027.99284833,0.62672593,0.00116425,0.63021127,0.0069147,0.00623278,0.0067794,0.01162375,-0.36903862,0.56746424,1.50733826,0.01176147,-0.49864761,0.01239309,-0.41528339,0.03239278,0.06223084,0.0204005,0.54156868,0.0049881,0.01904801,0.69707138,0.96783653,0.69243238,1.1933692967,1.3213675438,448,1.0008070275,1.1951032291,0.6552903156,-0.055599691
20210630,20210630,247318.0,01W,SWE,-0.00205,2021,6,20210531,20210531,4323.09269,16.633149799,4323.09269,0.0069651091,0.0194211497,-0.010346017,-0.049607286,0.1979683425,0.3875152769,0.3488105556,0.920578693,0.2162392648,2.0948764174,0.0946532994,0.0521047976,0.0432068148,,0.3266610063,0.0292655307,-0.444425149,0.2026827127,1.368293357,0.3544792645,0.0849462928,0.0308864433,0.0012018661,0.0,0.0272543683,0.0439000782,-0.01664571,0.20015499,0.0150406353,0.1851143547,0.1123553292,-0.112355329,-0.000681543,0.074931897,0.0885272032,0.3828588127,0.2136160809,0.4180905476,0.2282859601,0.1514335976,-0.12294444,-0.001058077,0.1123553292,-0.07294799,-0.970140832,-0.18530332,-2.464362837,0.85865275,0.9664733252,1.262583024,1.7105882961,0.0004260758,0.0484887322,-0.000755788,0.0773519164,1.0,0.2235007819,0.1285264295,0.2157575453,-0.005909355,0.1514913167,0.0605109587,0.0191720397,0.0048568145,0.0012065154,,-0.16169051,0.0241603664,0.0507497483,0.0304528284,0.9290150944,0.7926735299,-0.300015584,0.1866188704,0.5079238578,0.5412123923,0.2833961248,1.2999028787,0.1481411872,0.1406680904,0.0412161392,3.0359922179,0.0424796782,0.4477702798,0.4212713141,0.5143769217,5.0,-2.392440969,4.3101871487,825.6261754,-40.53853852,-0.416937748,0.0086084411,0.2637147921,0.0868628024,0.0966081103,0.0838209144,0.2919695682,0.0198295582,0.0390670224,0.037627945,0.0072414441,0.0064730594,0.0001164219,0.1574833208,0.0342272932,0.1517275943,18.510713632,1.2814533801,-0.184945105,0.0307654189,0.3557106656,0.705015358,0.00661646,4496786.40940076,0.56166215,0.0011347,0.54414119,0.00700124,0.00647899,0.00636968,0.01761434,-0.75355788,-0.01143002,1.59613049,0.01721562,-0.62886816,0.01737929,-0.88806653,0.0316175,0.05440224,0.02604754,0.52204423,0.0046697,0.01784211,1.07513517,0.89842991,0.69450033,1.2942638876,1.3029698185,449,0.9650639194,1.2003126982,0.667204685,-0.114911488
20210730,20210731,247318.0,01W,SWE,0.253878,2021,7,20210630,20210630,4314.2317224,16.599057123,4314.2317224,0.0069794147,0.0194211497,-0.010346017,-0.002049683,0.1159445903,0.2504459301,0.266875057,0.6674722471,0.264496823,2.5019855061,0.161831167,0.0372065385,0.0188072169,,0.3266610063,0.0292655307,-0.444425149,0.2026827127,1.368293357,0.3544792645,0.0849462928,0.0308864433,0.0012018661,0.0,0.0272543683,0.0439000782,-0.01664571,0.20015499,0.0150406353,0.1851143547,0.1123553292,-0.112355329,-0.000681543,0.074931897,0.0885272032,0.3828588127,0.2136160809,0.4180905476,0.2282859601,0.1514335976,-0.12294444,-0.001058077,0.1123553292,-0.07294799,-0.970140832,-0.18530332,-2.464362837,0.85865275,0.9664733252,1.262583024,1.7105882961,0.0004260758,0.0484887322,-0.000755788,0.0773519164,1.0,0.2235007819,0.1285264295,0.2157575453,-0.005909355,0.1514913167,0.0605109587,0.0191720397,0.0048568145,0.0012065154,,-0.16169051,0.0241603664,0.0507497483,0.0304528284,0.9290150944,0.7926735299,-0.300015584,0.1866188704,0.5079238578,0.5412123923,0.2833961248,1.2999028787,0.1481411872,0.1406680904,0.0412161392,3.0359922179,0.0424796782,0.4477702798,0.4212713141,0.5143769217,5.0,-2.392440969,4.3101871487,825.6261754,-40.53853852,-0.416937748,0.0086084411,0.2642564339,0.0870412092,0.096806533,0.0839930735,0.2925692423,0.019870286,0.0391472618,0.0377052287,0.0072563172,0.0064863543,0.000116661,0.1577817118,0.0342921453,0.1409900638,18.50902406,1.2832333786,-0.320786478,0.0842478434,0.3631754225,0.68239069,0.00664962,4644917.75942778,0.52573345,0.00112969,0.50634456,0.00700819,0.00665376,0.00630693,0.01377485,0.23380577,0.10250316,0.64735875,0.01189238,0.5440625,0.01204531,0.02303128,0.02093296,0.03747397,0.01608775,0.63016529,0.00427749,0.01794442,1.11815275,0.89658841,0.696646,1.3472662985,0.8789549234,450,0.8981007519,1.1918981626,0.6534354308,-0.204189757
20210831,20210831,247318.0,01W,SWE,0.013433,2021,8,20210730,20210731,5409.5189922,20.813187732,5409.5189922,0.0055662643,0.0194211497,-0.010346017,0.2538777099,-0.051555289,0.2471021868,0.4977009507,0.4322687371,0.1477589142,2.5103188142,0.1195965137,0.04941392,0.0437141319,,0.3130936017,0.1002868383,-0.04858806,0.1521941193,1.2472219202,0.3509539655,0.4755838316,0.022374326,-0.000151359,0.0,0.0403174512,0.0486454388,-0.008327988,0.1879428202,0.0194192941,0.1685235261,0.0939503659,-0.094101725,0.0004400481,0.072200912,0.0890084686,0.4058739547,0.2363858862,0.4080953701,0.195730524,0.1614916773,0.0925337678,0.0037732001,0.0887605677,-0.081276769,-1.128895184,-0.175378494,-2.435922828,0.8325008078,1.0014276973,1.3125033539,1.814340589,0.0004410727,0.0428309198,0.0469055426,0.0497219496,0.0,0.2103517366,0.087953583,0.1120542258,0.0786207349,0.0973979069,0.0558741876,0.0184039298,-0.035039575,-0.012285694,,-0.055088197,0.0436580578,0.0435357045,0.0105737767,0.2315477931,-1.468533367,-0.054626968,0.2036727889,0.532950493,0.5077616724,0.3103967947,1.3271954674,0.153273506,0.1551091169,0.0219544371,2.7186027169,0.0443494861,0.399410259,0.2450251715,0.5127974656,5.0,-2.606281839,5.3359804581,783.10548768,-14.90173883,-1.066435787,0.0085915641,0.2078364685,0.0764497391,0.0682049516,0.0593031245,0.240264553,0.0149635475,0.0318558242,0.0303509915,,0.0060617204,0.0001059741,0.1250116919,0.0303325424,0.1252686755,18.70207057,1.3150960358,-0.332750688,0.0796315003,0.4175017474,0.7115520595,0.00683234,4704381.15711004,0.51503947,0.00109852,0.51376159,0.00697883,0.00684814,0.01062972,0.01676401,0.60147142,0.02992476,0.14586711,0.01648035,0.66760586,0.01609099,0.32227591,0.03538751,0.04506381,0.01884676,0.20760851,0.00409561,0.01846848,1.15192582,1.0,0.69746663,1.3872970416,1.4749145518,451,0.5499524887,1.2373433933,-0.029888722,-0.057390744
20210930,20210930,247318.0,01W,SWE,-0.148883,2021,9,20210831,20210831,5445.6797979,20.952316856,5445.6797979,0.0066166318,0.0,0.0066815393,0.0134333859,0.2513076587,0.424664303,0.6500799017,0.6040509435,0.0257958418,2.4727912109,0.0118596288,0.0495569888,-0.011201213,,0.3130936017,0.1002868383,-0.04858806,0.1521941193,1.2472219202,0.3509539655,0.4755838316,0.022374326,-0.000151359,0.0,0.0403174512,0.0486454388,-0.008327988,0.1879428202,0.0194192941,0.1685235261,0.0939503659,-0.094101725,0.0004400481,0.072200912,0.0890084686,0.4058739547,0.2363858862,0.4080953701,0.195730524,0.1614916773,0.0925337678,0.0037732001,0.0887605677,-0.081276769,-1.128895184,-0.175378494,-2.435922828,0.8325008078,1.0014276973,1.3125033539,1.814340589,0.0004410727,0.0428309198,0.0469055426,0.0497219496,0.0,0.2103517366,0.087953583,0.1120542258,0.0786207349,0.0973979069,0.0558741876,0.0184039298,-0.035039575,-0.012285694,,-0.055088197,0.0436580578,0.0435357045,0.0105737767,0.2315477931,-1.468533367,-0.054626968,0.2036727889,0.532950493,0.5077616724,0.3103967947,1.3271954674,0.153273506,0.1551091169,0.0219544371,2.7186027169,0.0443494861,0.399410259,0.2450251715,0.5127974656,5.0,-2.606281839,5.3359804581,783.10548768,-14.90173883,-1.066435787,0.0085915641,0.2064563774,0.0759420919,0.0677520521,0.0589093355,0.2386691305,0.0148641854,0.0316442928,0.0301494526,,0.0060214689,0.0001052704,0.1242277609,0.0301423312,0.1126896264,18.706262328,1.3109029727,-0.096406127,0.3065486743,0.5152995943,0.7442921273,0.00680916,4733430.06284239,0.50032631,0.00104801,0.50746696,0.00693409,0.00691058,0.00772446,0.01127972,-0.31045185,0.52918924,1.54615588,0.01183988,-0.2971697,0.01044451,-0.0964521,0.01856567,0.03380603,0.0150947,-0.09031764,0.0037867,0.0184563,1.12820299,0.95925539,0.69622968,1.3919286631,0.7746200246,452,0.6157076776,1.2347519843,-0.017933233,0.0090742796
20211029,20211031,247318.0,01W,SWE,0.25341,2021,10,20210930,20210930,4634.9107202,17.832873326,4634.9107202,0.0077740566,0.0,0.0066815393,-0.148882988,0.2707215331,0.4151482584,0.5857116882,0.6065457427,0.1127185949,2.5924248548,-0.155853934,0.0501907112,0.0104491512,,0.3130936017,0.1002868383,-0.04858806,0.1521941193,1.2472219202,0.3509539655,0.4755838316,0.022374326,-0.000151359,0.0,0.0403174512,0.0486454388,-0.008327988,0.1879428202,0.0194192941,0.1685235261,0.0939503659,-0.094101725,0.0004400481,0.072200912,0.0890084686,0.4058739547,0.2363858862,0.4080953701,0.195730524,0.1614916773,0.0925337678,0.0037732001,0.0887605677,-0.081276769,-1.128895184,-0.175378494,-2.435922828,0.8325008078,1.0014276973,1.3125033539,1.814340589,0.0004410727,0.0428309198,0.0469055426,0.0497219496,0.0,0.2103517366,0.087953583,0.1120542258,0.0786207349,0.0973979069,0.0558741876,0.0184039298,-0.035039575,-0.012285694,,-0.055088197,0.0436580578,0.0435357045,0.0105737767,0.2315477931,-1.468533367,-0.054626968,0.2036727889,0.532950493,0.5077616724,0.3103967947,1.3271954674,0.153273506,0.1551091169,0.0219544371,2.7186027169,0.0443494861,0.399410259,0.2450251715,0.5127974656,5.0,-2.606281839,5.3359804581,783.10548768,-14.90173883,-1.066435787,0.0085915641,0.2425710853,0.0892263823,0.0796036868,0.069214144,0.2804187051,0.0174643266,0.0371797207,0.0354233932,,0.0070747838,0.000123685,0.144551788,0.0350737053,0.1115446052,18.596570942,1.34685413,-0.162913755,0.1961744271,0.5156189373,0.7482026949,0.00585315,5430207.63198669,0.6272536,0.00114216,0.60352028,0.00673534,0.00688898,0.00968033,0.01782832,-0.30564727,-0.18978431,1.32332751,0.01675405,-0.40737696,0.01698357,-0.1818247,0.02699831,0.04159173,0.02944352,-0.79762349,0.00354353,0.01884319,1.14719633,0.81643859,0.70473943,1.4818684005,1.0976323212,453,0.5299448703,1.2173005006,-0.008982116,-0.072594263
20211130,20211130,247318.0,01W,SWE,0.015283,2021,11,20211029,20211031,5809.4436178,22.351902417,5809.4436178,0.0062023251,0.0,0.0066815393,0.2534100371,-0.137449604,0.0257739831,0.3487818139,0.6198125753,0.3448490905,2.3367310551,0.138086608,0.0606746593,,,0.2187102954,0.1363000856,0.1440055827,0.1567659488,1.4251090076,0.3716197176,0.2936427102,0.0243758479,-0.000151359,0.0,0.0715890228,0.0661446208,0.005444402,0.0975928014,0.0091334898,0.0884593116,0.0343087527,-0.034308753,0.0028818157,0.0698735845,0.0933985194,0.3947850851,0.2130075183,0.4294838996,0.2110783928,0.168753999,0.0925337678,0.0037732001,0.0343087527,-0.059245448,-0.807989557,-0.093554201,-1.275892408,0.7591697885,0.975622356,1.2364666172,1.8068166405,0.0004410727,0.0501867637,0.0469055426,0.0497219496,1.0,0.1144414226,0.087953583,0.1022647275,-0.200281358,0.2708759725,0.0686857573,0.0252650955,0.0107806223,0.0027865209,,-0.067193237,-0.099868109,0.0462579163,0.015389525,2.6592776507,1.4785865553,-0.146658478,0.1873914185,0.4811286477,0.5376238262,0.2595944556,1.3276211194,0.1325699694,0.1537620706,0.0127220083,2.8786876206,0.0433529104,0.399410259,0.5274659428,0.4906765065,6.0,-2.660108425,5.3359804581,783.10548768,-14.90173883,0.7896284506,0.008227231,0.2100886691,0.0729807109,0.06843325,0.0578895796,0.2364586187,0.0154046512,0.0278514484,0.0265064966,,0.0056444289,9.86788e-05,0.1237088379,0.0305359552,0.1386816948,18.710451894,1.3800244552,-0.16624136,-0.003366614,0.5423102371,0.7540559384,0.00579235,5895583.81731553,0.62067474,0.00121284,0.5976315,0.00657236,0.00689193,0.00847663,0.02874315,2.17595188,-0.00976672,0.60697426,0.02964743,1.46208796,0.02496343,0.07444175,0.05462111,0.1209678,0.03570902,1.11878996,0.00335537,0.01928342,1.16396217,0.93596768,0.70345311,1.5354014276,2.1864373128,454,0.3383956548,1.1285763276,-0.136545615,-0.094291885
20211230,20211231,247318.0,01W,SWE,0.05227,2021,12,20211130,20211130,5898.2293041,22.693506385,5898.2293041,0.0061089619,0.0,0.0066815393,0.015282993,0.0667986061,0.3528254025,0.5402463541,0.7839497678,0.3875152769,,0.054571316,0.0571029936,0.0456621879,,0.2187102954,0.1363000856,0.1440055827,0.1567659488,1.4251090076,0.3716197176,0.2936427102,0.0243758479,-0.000151359,0.0,0.0715890228,0.0661446208,0.005444402,0.0975928014,0.0091334898,0.0884593116,0.0343087527,-0.034308753,0.0028818157,0.0698735845,0.0933985194,0.3947850851,0.2130075183,0.4294838996,0.2110783928,0.168753999,0.0925337678,0.0037732001,0.0343087527,-0.059245448,-0.807989557,-0.093554201,-1.275892408,0.7591697885,0.975622356,1.2364666172,1.8068166405,0.0004410727,0.0501867637,0.0469055426,0.0497219496,1.0,0.1144414226,0.087953583,0.1022647275,-0.200281358,0.2708759725,0.0686857573,0.0252650955,0.0107806223,0.0027865209,,-0.067193237,-0.099868109,0.0462579163,0.015389525,2.6592776507,1.4785865553,-0.146658478,0.1873914185,0.4811286477,0.5376238262,0.2595944556,1.3276211194,0.1325699694,0.1537620706,0.0127220083,2.8786876206,0.0433529104,0.399410259,0.5274659428,0.4906765065,6.0,-2.660108425,5.3359804581,783.10548768,-14.90173883,0.7896284506,0.008227231,0.2069262171,0.0718821367,0.0674031285,0.0570181713,0.2328992215,0.0151727659,0.0274322023,0.0261074959,,0.0055594637,9.71934e-05,0.121947107,0.0301010943,0.1246848312,18.71982809,1.364080613,0.0679365392,0.5266058062,0.5408891234,0.7777357407,0.00591353,6538418.67311512,0.93006345,0.00126336,0.85412929,0.00645539,0.00686847,0.013014,0.0184902,-0.35165458,0.46830917,1.28472122,0.01811815,-0.04426527,0.01795601,-0.56013266,0.02860287,0.03628432,0.0232815,-0.4229989,0.00318992,0.01891309,1.0931861,0.91894598,0.70135727,1.5218032935,1.1510945549,455,0.3216879731,1.1170233982,-0.160843987,-0.108738696
20220131,20220131,247318.0,01W,SWE,-0.238824,2022,1,20211230,20211231,6206.5282983,23.87969038,6206.5282983,0.0058055094,0.0,0.0066815393,0.0522697539,0.2725658939,0.3763216462,0.5327505908,0.7174882649,0.2504459301,2.6376172904,0.0006260321,0.0617978774,0.0724258696,,0.2187102954,0.1363000856,0.1440055827,0.1567659488,1.4251090076,0.3716197176,0.2936427102,0.0243758479,-0.000151359,0.0,0.0715890228,0.0661446208,0.005444402,0.0975928014,0.0091334898,0.0884593116,0.0343087527,-0.034308753,0.0028818157,0.0698735845,0.0933985194,0.3947850851,0.2130075183,0.4294838996,0.2110783928,0.168753999,0.0925337678,0.0037732001,0.0343087527,-0.059245448,-0.807989557,-0.093554201,-1.275892408,0.7591697885,0.975622356,1.2364666172,1.8068166405,0.0004410727,0.0501867637,0.0469055426,0.0497219496,1.0,0.1144414226,0.087953583,0.1022647275,-0.200281358,0.2708759725,0.0686857573,0.0252650955,0.0107806223,0.0027865209,,-0.067193237,-0.099868109,0.0462579163,0.015389525,2.6592776507,1.4785865553,-0.146658478,0.1873914185,0.4811286477,0.5376238262,0.2595944556,1.3276211194,0.1325699694,0.1537620706,0.0127220083,2.8786876206,0.0433529104,0.399410259,0.5274659428,0.4906765065,6.0,-2.660108425,5.3359804581,783.10548768,-14.90173883,0.7896284506,0.008227231,0.1966475007,0.0683115109,0.0640549899,0.0541858883,0.2213303392,0.0144190839,0.0260695531,0.0248106494,,0.0052833065,9.23655e-05,0.1162009476,0.0286827278,0.1192706432,18.750302945,1.3487508852,0.2649129073,0.5372782004,0.5365255311,0.7936343072,0.0067015,6663721.70331702,0.91550161,0.00123626,0.87798156,0.00644005,0.00687451,0.01167577,0.01791848,-0.47385574,0.10277928,2.20922237,0.01410092,-0.32502303,0.01267297,-0.06654734,0.03449643,0.05816581,0.02720482,-0.31787951,0.00353133,0.01862645,1.13166599,0.96697906,0.70745086,1.4888651431,1.3791367845,456,0.3027750595,1.09773261,-0.154355913,-0.118468469
20220228,20220228,247318.0,01W,SWE,-0.085087,2022,2,20220131,20220131,4724.262226,18.176654292,4724.262226,0.0076270233,0.0,0.0066815393,-0.238823703,0.0683515852,0.1550262266,0.3735960924,0.8061302582,0.2471021868,2.303671023,0.0976014706,0.0312137707,-0.039340335,,0.1800130788,0.1858016817,0.3903313699,0.1574184187,0.8294857307,0.3962935353,0.3000656657,0.0252653729,-0.000151359,0.0,0.0723825074,0.0543732987,0.0180092087,0.0780894641,0.0042844915,0.0738049727,0.0388985709,-0.038898571,0.0067700518,0.0549954047,0.0980627795,0.4036369673,0.2081505456,0.4826584468,0.2424868268,0.1756373629,0.0925337678,0.0037732001,0.0388985709,-0.047642915,-0.607350544,-0.086541486,-1.103228434,0.7545698306,0.9893733669,1.2398896722,1.7910706155,0.0004410727,0.0434901035,0.0469055426,0.0497219496,2.0,0.1083419348,0.087953583,0.0829847934,-0.241536583,0.2247105302,0.0682141728,0.0236962747,0.0101998739,0.0040758065,,-0.081161795,-0.098650086,0.0559358676,0.0185858309,1.4290888591,1.3284051794,-0.142814216,0.1894011035,0.4762969006,0.5815180469,0.2456203662,1.3364379818,0.1260867649,0.1605076307,0.0108816595,3.091215268,0.0409089199,0.399410259,0.5673600885,0.4743515441,6.0,-2.529638611,5.3359804581,783.10548768,-14.90173883,0.0414068524,0.0110911379,0.2665064981,0.0862141504,0.095796189,0.0842057939,0.3052341545,0.0209057958,0.0336029422,0.031839247,,0.0069409762,0.0001213457,0.1571841298,0.0394540657,0.1208411566,18.565003645,1.4046225113,0.2618272928,0.1941700462,0.5308471974,0.7942496663,0.00615721,7180790.91395632,0.85326086,0.00133491,0.8292233,0.00631767,0.00680842,0.01108475,0.02040103,0.15900866,-0.05525565,1.8782602,0.01633509,-0.09784452,0.01583318,0.35836433,0.03773763,0.06237049,0.04355452,-0.41073768,0.0034619,0.01883262,1.42009638,0.73604154,0.71972016,1.4615724209,1.4031083046,457,0.0624430564,1.106021497,-0.407366606,-0.164236968
20220331,20220331,247318.0,01W,SWE,0.171875,2022,3,20220228,20220228,4322.2905733,16.630063646,4322.2905733,0.0083363341,0.0,0.0066815393,-0.085086651,-0.199037205,-0.132475209,0.1001228978,0.2525343472,0.424664303,2.8001933355,0.0202481328,0.0216378812,,,0.1800130788,0.1858016817,0.3903313699,0.1574184187,0.8294857307,0.3962935353,0.3000656657,0.0252653729,-0.000151359,0.0,0.0723825074,0.0543732987,0.0180092087,0.0780894641,0.0042844915,0.0738049727,0.0388985709,-0.038898571,0.0067700518,0.0549954047,0.0980627795,0.4036369673,0.2081505456,0.4826584468,0.2424868268,0.1756373629,0.0925337678,0.0037732001,0.0388985709,-0.047642915,-0.607350544,-0.086541486,-1.103228434,0.7545698306,0.9893733669,1.2398896722,1.7910706155,0.0004410727,0.0434901035,0.0469055426,0.0497219496,2.0,0.1083419348,0.087953583,0.0829847934,-0.241536583,0.2247105302,0.0682141728,0.0236962747,0.0101998739,0.0040758065,,-0.081161795,-0.098650086,0.0559358676,0.0185858309,1.4290888591,1.3284051794,-0.142814216,0.1894011035,0.4762969006,0.5815180469,0.2456203662,1.3364379818,0.1260867649,0.1605076307,0.0108816595,3.091215268,0.0409089199,0.399410259,0.5673600885,0.4743515441,6.0,-2.529638611,5.3359804581,783.10548768,-14.90173883,0.0414068524,0.0110911379,0.2912915179,0.0942320391,0.1047052042,0.092036906,0.3336208341,0.0228500281,0.0367280051,0.0348002869,,0.0075864847,0.0001326309,0.1705701923,0.0428140396,0.111826252,18.493549227,1.3948318927,0.2146267444,0.263933839,0.532102419,0.7685174839,0.0060706,7516958.58429625,0.80848316,0.00143803,0.76792633,0.00620127,0.00670063,0.00899013,0.01744853,0.44657592,0.13580485,1.72986186,0.01528527,-0.09086335,0.01406337,0.90017754,0.04730404,0.06127171,0.03733573,0.31597882,0.00384258,0.01825559,1.38006377,0.67341423,0.72812748,1.3799342095,1.7072428969,458,0.1009250214,1.1146119616,-0.403700085,-0.133982791
20220429,20220430,247318.0,01W,SWE,-0.08223,2022,4,20220331,20220331,5065.1830751,19.488351254,5065.1830751,0.0071136734,0.0,0.0066815393,0.1718747246,-0.303589645,-0.067449012,0.0085844023,0.12321734,0.4151482584,,0.1741931241,0.0214271176,0.1017273073,0.0265294276,0.1800130788,0.1858016817,0.3903313699,0.1574184187,0.8294857307,0.3962935353,0.3000656657,0.0252653729,-0.000151359,0.0,0.0723825074,0.0543732987,0.0180092087,0.0780894641,0.0042844915,0.0738049727,0.0388985709,-0.038898571,0.0067700518,0.0549954047,0.0980627795,0.4036369673,0.2081505456,0.4826584468,0.2424868268,0.1756373629,0.0925337678,0.0037732001,0.0388985709,-0.047642915,-0.607350544,-0.086541486,-1.103228434,0.7545698306,0.9893733669,1.2398896722,1.7910706155,0.0004410727,0.0434901035,0.0469055426,0.0497219496,2.0,0.1083419348,0.087953583,0.0829847934,-0.241536583,0.2247105302,0.0682141728,0.0236962747,0.0101998739,0.0040758065,,-0.081161795,-0.098650086,0.0559358676,0.0185858309,1.4290888591,1.3284051794,-0.142814216,0.1894011035,0.4762969006,0.5815180469,0.2456203662,1.3364379818,0.1260867649,0.1605076307,0.0108816595,3.091215268,0.0409089199,0.399410259,0.5673600885,0.4743515441,6.0,-2.529638611,5.3359804581,783.10548768,-14.90173883,0.0414068524,0.0110911379,0.2485688204,0.0804113589,0.089348462,0.0785381782,0.2846898453,0.0194986953,0.0313412384,0.0296962518,,0.0064738018,0.0001131784,0.1473749751,0.0369919148,0.1099583767,18.616717394,1.4072565329,0.1906323647,0.4503403987,0.5340231709,0.7711603578,0.0060903,7246260.11273349,0.77618122,0.00141339,0.71604044,0.00621373,0.00656881,0.01529155,0.01697282,-0.16827168,0.44189994,0.96497946,0.01728992,0.26760496,0.01693713,-0.69276956,0.07396124,0.12127544,0.04263859,1.18077862,0.00409646,0.0183418,1.28540247,0.78915711,0.7351178,1.3034122243,2.4925482928,459,0.1012721397,1.1169001779,-0.393174189,-0.148553868
20220531,20220531,247318.0,01W,SWE,-0.05668,2022,5,20220429,20220430,4648.6749368,17.88583131,4648.6749368,0.0077510384,0.0,0.0066815393,-0.082229632,0.0721638285,-0.12811219,-0.057376521,0.1209995902,0.0257739831,3.1667050608,-0.049607286,0.0184614498,0.121608463,0.02678482,0.0982402541,0.1787305838,0.5832598128,0.1994170358,0.8144242864,0.3882677487,0.5739037685,0.0332787618,-0.000151359,0.0,0.0733577618,0.0457198809,0.0276378809,0.0180235424,-0.005497402,0.023520944,6.18009e-05,-6.1801e-05,0.0073653022,0.049168145,0.1039620609,0.4152312318,0.193059113,0.4800162277,0.2462181297,0.1928777169,0.0925337678,0.0037732001,6.18009e-05,-0.020676048,-0.240555534,-0.020737849,-0.241274557,0.7034131334,1.022346473,1.2439199416,1.8552702321,0.0004410727,0.0422224185,0.0469055426,0.0497219496,3.0,0.0561846809,0.087953583,0.0303844154,-0.120380666,0.1305626089,0.0719573118,0.0232780009,0.0114463531,0.0041059613,,-0.114053029,-0.017618329,0.0422370786,0.0447618423,0.4881912295,1.0674675315,-0.001933974,0.1893180215,0.4560236535,0.5587095273,0.2120252894,1.3448817587,0.1066272931,0.1723830653,-0.041513894,2.8646255061,0.0399246988,0.399410259,0.3182772503,0.442458599,7.0,-2.749660094,5.3359804581,783.10548768,-14.90173883,0.1442581022,0.0084808187,0.2693377433,0.0940219735,0.0898585511,0.0784864601,0.3200497617,0.0231499145,0.0287187545,0.0265998972,,0.0070538362,0.0001233188,0.159954195,0.0430503929,0.0949375612,18.503380786,1.4005690941,0.2502071094,0.3949633553,0.4930327909,0.7848424431,0.00653813,6858088.87897455,0.82584923,0.00134308,0.75506057,0.00637702,0.00656091,0.00968896,0.01778081,0.83904441,-0.09714148,1.55937373,0.01621259,0.39056704,0.01442716,0.33133108,0.0334996,0.05116129,0.0319545,-0.14454773,0.00450067,0.0187413,1.31125843,0.72426501,0.74394446,1.3277203813,1.1024500122,460,0.0360555128,1.0298116651,-0.535285689,-0.071511522
20220630,20220630,247318.0,01W,SWE,-0.228444,2022,6,20220531,20220531,4385.1879428,16.872062012,4385.1879428,0.0082167648,0.0,0.0066815393,-0.056680021,0.0755118977,-0.211852457,-0.14635544,0.0825211425,0.3528254025,2.9163936917,-0.002049683,0.0134950554,0.0750204321,0.0296395693,0.0982402541,0.1787305838,0.5832598128,0.1994170358,0.8144242864,0.3882677487,0.5739037685,0.0332787618,-0.000151359,0.0,0.0733577618,0.0457198809,0.0276378809,0.0180235424,-0.005497402,0.023520944,6.18009e-05,-6.1801e-05,0.0073653022,0.049168145,0.1039620609,0.4152312318,0.193059113,0.4800162277,0.2462181297,0.1928777169,0.0925337678,0.0037732001,6.18009e-05,-0.020676048,-0.240555534,-0.020737849,-0.241274557,0.7034131334,1.022346473,1.2439199416,1.8552702321,0.0004410727,0.0422224185,0.0469055426,0.0497219496,3.0,0.0561846809,0.087953583,0.0303844154,-0.120380666,0.1305626089,0.0719573118,0.0232780009,0.0114463531,0.0041059613,,-0.114053029,-0.017618329,0.0422370786,0.0447618423,0.4881912295,1.0674675315,-0.001933974,0.1893180215,0.4560236535,0.5587095273,0.2120252894,1.3448817587,0.1066272931,0.1723830653,-0.041513894,2.8646255061,0.0399246988,0.399410259,0.3182772503,0.442458599,7.0,-2.749660094,5.3359804581,783.10548768,-14.90173883,0.1442581022,0.0084808187,0.2855210844,0.0996713476,0.0952577631,0.0832023724,0.3392801688,0.0245408928,0.0304443403,0.0281981701,,0.0074776707,0.0001307285,0.1688269197,0.0454384158,0.0991483028,18.453512523,1.4124582811,0.624204681,0.5705501479,0.4889987775,0.8032306585,0.00580656,6385282.64824422,0.47619273,0.00135323,0.51216659,0.0063448,0.00650137,0.01238709,0.01741895,-0.54068403,0.29055451,1.66427423,0.01824764,-0.47665481,0.01681631,-0.63921515,0.05372288,0.06508057,0.04230422,-0.05214261,0.0050841,0.01866146,1.31607246,0.68321366,0.7534221,1.340331679,1.6903383718,461,0.0360555128,1.0398570933,-0.540832691,-0.092320108
20220729,20220731,247318.0,01W,SWE,0.303574,2022,7,20220630,20220630,3383.4188329,13.017743619,3383.4188329,0.0106496003,0.0,0.0066815393,-0.228443826,-0.134248876,-0.293455579,-0.05387866,0.0232611818,0.3763216462,2.7414923326,0.2538777099,-0.030352357,0.0194967481,0.033626936,0.0982402541,0.1787305838,0.5832598128,0.1994170358,0.8144242864,0.3882677487,0.5739037685,0.0332787618,-0.000151359,0.0,0.0733577618,0.0457198809,0.0276378809,0.0180235424,-0.005497402,0.023520944,6.18009e-05,-6.1801e-05,0.0073653022,0.049168145,0.1039620609,0.4152312318,0.193059113,0.4800162277,0.2462181297,0.1928777169,0.0925337678,0.0037732001,6.18009e-05,-0.020676048,-0.240555534,-0.020737849,-0.241274557,0.7034131334,1.022346473,1.2439199416,1.8552702321,0.0004410727,0.0422224185,0.0469055426,0.0497219496,3.0,0.0561846809,0.087953583,0.0303844154,-0.120380666,0.1305626089,0.0719573118,0.0232780009,0.0114463531,0.0041059613,,-0.114053029,-0.017618329,0.0422370786,0.0447618423,0.4881912295,1.0674675315,-0.001933974,0.1893180215,0.4560236535,0.5587095273,0.2120252894,1.3448817587,0.1066272931,0.1723830653,-0.041513894,2.8646255061,0.0399246988,0.399410259,0.3182772503,0.442458599,7.0,-2.749660094,5.3359804581,783.10548768,-14.90173883,0.1442581022,0.0084808187,0.3700587124,0.1291822305,0.1234618635,0.1078370897,0.4397348892,0.0318070072,0.0394583588,0.0365471381,,0.0096916737,0.0001694349,0.2139478109,0.0575823429,0.0993212873,18.193013498,1.4247362706,0.4654854377,0.4861828605,0.4877710385,0.7948521691,0.00612889,6281464.18534572,0.46777432,0.00141005,0.47057364,0.00625106,0.00648024,0.01332307,0.01639912,0.40235,-0.02884887,0.97254043,0.0173259,0.44000456,0.0162678,0.62220155,0.02528973,0.05426465,0.03136536,0.30184129,0.00526967,0.01877844,1.32997415,0.52713772,0.76195089,1.3359977806,0.7694642587,462,0.0361713538,1.0340293173,-0.537005484,-0.111069219
20220831,20220831,247318.0,01W,SWE,-0.157882,2022,8,20220729,20220731,4410.5363249,16.96959021,4410.5363249,0.0081695412,0.0,0.0066815393,0.3035738532,-0.272175646,-0.283820696,-0.417600195,-0.370350492,0.1550262266,3.5837110888,0.0134333859,-0.003975951,0.0406894918,0.03693645,0.1835581622,0.1565398359,0.2496271489,0.4444737941,1.0818756724,0.3738788279,0.3478737537,0.0636113041,0.0001454092,0.0,0.1132714568,0.0471445795,0.0661268772,0.0426961433,0.0030696206,0.0396265228,0.0594151856,-0.059269776,0.0075066936,0.0457740328,0.1054281237,0.3936589684,0.1692282932,0.452268111,0.2423832092,0.184861354,0.1053993637,0.0024140983,0.1029852653,-0.003782087,-0.043761639,-0.063051864,-0.729558203,0.7591648918,0.9645932244,1.2245986483,1.7534349238,0.0003561761,0.0351653657,0.0189649342,0.1264763044,4.0,0.1251652998,0.0879873223,0.0263938948,0.1889101906,0.2494968226,0.0766813071,0.0267683531,0.0208071195,0.0083644233,,-0.334857318,-0.110861664,-0.000602227,0.0786669289,1.4934427623,1.3741589522,-0.005018276,0.1958152073,0.4659182851,0.5188798076,0.2002915277,1.334264432,0.0902068078,0.1654462058,-0.063066698,2.8045587903,0.0397565285,0.4116112497,0.2382801228,0.4893475366,5.0,-2.81124983,5.6022817828,1093.7963472,-16.87232527,-0.111385881,0.0109554645,0.3017022894,0.1075756695,0.1015790117,0.0909695404,0.3408140934,0.026074536,0.0272156004,0.0249091936,,0.0110464747,0.0001213898,0.1781620773,0.045642071,0.0898934566,18.393652703,1.4765512319,0.2238060203,0.2033196261,0.4418381733,0.7584802705,0.00620151,5693392.82458738,0.49056539,0.00133299,0.47499663,0.00625875,0.00647564,0.00755362,0.0154295,0.14364376,-0.06135638,1.31244099,0.01477685,0.54485974,0.01536717,0.73691718,0.04732545,0.0558578,0.02597744,0.07529176,0.00570751,0.01871023,1.30354575,0.68716294,0.7646736,1.3133979271,1.4184855499,463,0.1838095347,0.8728117771,-0.325201484,0.0189065617
20220930,20220930,247318.0,01W,SWE,-0.060123,2022,9,20220831,20220831,3670.5221655,14.122377057,3670.5221655,0.012007194,0.0,0.0118266799,-0.157882467,0.0057804551,0.020416432,-0.25222705,-0.190085262,-0.132475209,3.628928206,-0.148882988,-0.004794085,-0.002777066,0.0411129462,0.1835581622,0.1565398359,0.2496271489,0.4444737941,1.0818756724,0.3738788279,0.3478737537,0.0636113041,0.0001454092,0.0,0.1132714568,0.0471445795,0.0661268772,0.0426961433,0.0030696206,0.0396265228,0.0594151856,-0.059269776,0.0075066936,0.0457740328,0.1054281237,0.3936589684,0.1692282932,0.452268111,0.2423832092,0.184861354,0.1053993637,0.0024140983,0.1029852653,-0.003782087,-0.043761639,-0.063051864,-0.729558203,0.7591648918,0.9645932244,1.2245986483,1.7534349238,0.0003561761,0.0351653657,0.0189649342,0.1264763044,4.0,0.1251652998,0.0879873223,0.0263938948,0.1889101906,0.2494968226,0.0766813071,0.0267683531,0.0208071195,0.0083644233,,-0.334857318,-0.110861664,-0.000602227,0.0786669289,1.4934427623,1.3741589522,-0.005018276,0.1958152073,0.4659182851,0.5188798076,0.2002915277,1.334264432,0.0902068078,0.1654462058,-0.063066698,2.8045587903,0.0397565285,0.4116112497,0.2382801228,0.4893475366,5.0,-2.81124983,5.6022817828,1093.7963472,-16.87232527,-0.111385881,0.0109554645,0.3625285032,0.1292640056,0.1220583614,0.109309914,0.40952564,0.0313314245,0.032702539,0.0299311374,,0.0132735551,0.0001458632,0.2105419064,0.0539372283,0.0893654516,18.204203644,1.4828858214,0.4288858414,0.3458746864,0.4468295407,0.7940521169,0.00634063,5266728.76786008,0.54038193,0.00125207,0.51896697,0.00631558,0.00643812,0.00589224,0.01115428,0.34405342,0.44105914,1.47162618,0.01029533,0.09857435,0.00960528,-0.04979453,0.02655114,0.07925134,0.0283945,0.9154889,0.0058138,0.01865618,1.3157457,0.5718685,0.76974362,1.3167932531,0.7782705538,464,0.2039373669,0.8707350664,-0.322900831,0.0231642096
20221031,20221031,247318.0,01W,SWE,-0.087914,2022,10,20220930,20220930,3449.8405421,13.273301924,3449.8405421,0.0127752779,0.0,0.0118266799,-0.060122678,0.0977623976,-0.266721476,-0.401567222,-0.19864908,-0.067449012,2.7580760557,0.2534100371,-0.033297059,-0.005722583,0.0368982705,0.1835581622,0.1565398359,0.2496271489,0.4444737941,1.0818756724,0.3738788279,0.3478737537,0.0636113041,0.0001454092,0.0,0.1132714568,0.0471445795,0.0661268772,0.0426961433,0.0030696206,0.0396265228,0.0594151856,-0.059269776,0.0075066936,0.0457740328,0.1054281237,0.3936589684,0.1692282932,0.452268111,0.2423832092,0.184861354,0.1053993637,0.0024140983,0.1029852653,-0.003782087,-0.043761639,-0.063051864,-0.729558203,0.7591648918,0.9645932244,1.2245986483,1.7534349238,0.0003561761,0.0351653657,0.0189649342,0.1264763044,4.0,0.1251652998,0.0879873223,0.0263938948,0.1889101906,0.2494968226,0.0766813071,0.0267683531,0.0208071195,0.0083644233,,-0.334857318,-0.110861664,-0.000602227,0.0786669289,1.4934427623,1.3741589522,-0.005018276,0.1958152073,0.4659182851,0.5188798076,0.2002915277,1.334264432,0.0902068078,0.1654462058,-0.063066698,2.8045587903,0.0397565285,0.4116112497,0.2382801228,0.4893475366,5.0,-2.81124983,5.6022817828,1093.7963472,-16.87232527,-0.111385881,0.0109554645,0.3857189602,0.1375328489,0.1298662694,0.1163023211,0.4357224401,0.0333356533,0.0347944761,0.0318457917,,0.0141226464,0.0001551939,0.2226068105,0.05702805,0.1029194158,18.131974748,1.444092326,0.4694899609,0.1188975526,0.4455616092,0.7984059753,0.00599941,4922711.89759168,0.59593325,0.00122724,0.56754362,0.00629737,0.00646462,0.0109405,0.01110783,0.01438232,-0.08218383,1.1920599,0.01131047,0.40601484,0.01012082,1.22449328,0.04285114,0.05457401,0.03302663,0.18817965,0.00633817,0.01815276,1.31608338,0.53748624,0.77454848,1.2820962181,1.2477191252,465,0.2184569319,0.8749212927,-0.326266846,0.0526459309
20221130,20221130,247318.0,01W,SWE,0.196716,2022,11,20221031,20221031,3146.551622,12.106394249,3146.551622,0.0140066577,0.0,0.0118266799,-0.087913895,-0.208512828,-0.249058502,-0.261073422,-0.399102022,-0.12811219,3.257560313,0.015282993,-0.042678595,0.0248453878,0.0374613258,0.1380718336,0.1758575193,0.5744828384,0.3508897967,0.7452870333,0.3748460276,0.2591432775,0.0554567682,0.0001454092,0.0,0.094291386,0.0364935151,0.0577978709,0.0331901866,-0.003149557,0.036339744,0.0541655553,-0.054165555,0.0073093879,0.0338113295,0.1073006949,0.4004874289,0.1696538106,0.4849166956,0.2629842402,0.1945130292,0.1053993637,0.0024140983,0.0541655553,0.0005095657,0.0057149194,-0.05365599,-0.60176667,0.7300642063,0.9956350676,1.2379836888,1.8127844322,0.0003561761,0.0379373331,0.0189649342,0.1264763044,5.0,0.1071353681,0.0879873223,0.0397663573,0.8012171571,0.1140911029,0.0676659715,0.0241271361,-0.001019786,-0.001137959,,-0.1982006,-0.085506795,-0.013478051,0.0988762842,0.0059200462,-0.017587276,0.1625641936,0.1936581457,0.4557834626,0.5386314508,0.1930782233,1.3391436277,0.0886545444,0.1701633763,-0.043915425,2.9494405305,0.0363673875,0.4116112497,0.443830771,0.4746496726,5.0,-2.749332166,5.6022817828,1093.7963472,-16.87232527,0.2723602565,0.0082565903,0.4414403066,0.1496691668,0.1502584154,0.1335113475,0.5133452277,0.0393606321,0.0391356893,0.0352259811,,0.015483896,0.0001701527,0.2498259191,0.0662692731,0.0876948554,17.994865445,1.4072969176,0.4630323203,0.1486365074,0.4219848256,0.7677848426,0.00560653,4838787.15926941,0.54704579,0.00129153,0.5433687,0.00615924,0.00643296,0.00703104,0.01806339,-0.26226489,0.16835207,1.70884522,0.01558284,-0.52082252,0.01561599,-0.14446139,0.04931831,0.06769564,0.04125067,0.02825651,0.00668978,0.0171787,1.28613689,0.49023373,0.78286552,1.2642838841,1.4233121662,466,0.454681251,0.9390258985,-0.204606563,0.1798709177
20221230,20221231,247318.0,01W,SWE,-0.01537,2022,12,20221130,20221130,3765.5297081,14.487919691,3765.5297081,0.0117042422,0.0,0.0118266799,0.1967163296,-0.142750955,-0.273922612,-0.263356836,-0.460179379,-0.211852457,3.3860436057,0.0522697539,-0.029547088,0.0278664138,0.0378626271,0.1380718336,0.1758575193,0.5744828384,0.3508897967,0.7452870333,0.3748460276,0.2591432775,0.0554567682,0.0001454092,0.0,0.094291386,0.0364935151,0.0577978709,0.0331901866,-0.003149557,0.036339744,0.0541655553,-0.054165555,0.0073093879,0.0338113295,0.1073006949,0.4004874289,0.1696538106,0.4849166956,0.2629842402,0.1945130292,0.1053993637,0.0024140983,0.0541655553,0.0005095657,0.0057149194,-0.05365599,-0.60176667,0.7300642063,0.9956350676,1.2379836888,1.8127844322,0.0003561761,0.0379373331,0.0189649342,0.1264763044,5.0,0.1071353681,0.0879873223,0.0397663573,0.8012171571,0.1140911029,0.0676659715,0.0241271361,-0.001019786,-0.001137959,,-0.1982006,-0.085506795,-0.013478051,0.0988762842,0.0059200462,-0.017587276,0.1625641936,0.1936581457,0.4557834626,0.5386314508,0.1930782233,1.3391436277,0.0886545444,0.1701633763,-0.043915425,2.9494405305,0.0363673875,0.4116112497,0.443830771,0.4746496726,5.0,-2.749332166,5.6022817828,1093.7963472,-16.87232527,0.2723602565,0.0082565903,0.3688763123,0.1250665367,0.1255589246,0.1115647411,0.4289614965,0.0328905281,0.0327025614,0.0294355314,,0.0129386519,0.000142183,0.2128812376,0.0564692603,0.0865318475,18.214882908,1.4195198722,-0.011864175,-0.173390528,0.4208236521,0.7288801991,0.00519042,4961496.22920689,1.06859261,0.0013633,1.04152629,0.00603553,0.0063393,0.00941905,0.01748248,0.65242704,0.57411019,1.65655259,0.01590996,0.14129885,0.0131782,0.47874274,0.06019055,0.11228249,0.03600248,1.24125282,0.0067719,0.01705133,1.28279654,0.59593196,0.78803659,1.2634530817,1.6876955492,467,0.4057057306,0.9422694655,-0.218456932,0.1440727547
20230131,20230131,247318.0,01W,SWE,0.115955,2023,1,20221230,20221231,3707.6548422,14.265245466,3707.6548422,0.0118869402,0.0,0.0118266799,-0.015369648,0.0915083356,0.1261768038,-0.247741345,-0.386077429,-0.293455579,3.5949482331,-0.238823703,-0.009233083,0.0471392017,0.0371978366,0.1380718336,0.1758575193,0.5744828384,0.3508897967,0.7452870333,0.3748460276,0.2591432775,0.0554567682,0.0001454092,0.0,0.094291386,0.0364935151,0.0577978709,0.0331901866,-0.003149557,0.036339744,0.0541655553,-0.054165555,0.0073093879,0.0338113295,0.1073006949,0.4004874289,0.1696538106,0.4849166956,0.2629842402,0.1945130292,0.1053993637,0.0024140983,0.0541655553,0.0005095657,0.0057149194,-0.05365599,-0.60176667,0.7300642063,0.9956350676,1.2379836888,1.8127844322,0.0003561761,0.0379373331,0.0189649342,0.1264763044,5.0,0.1071353681,0.0879873223,0.0397663573,0.8012171571,0.1140911029,0.0676659715,0.0241271361,-0.001019786,-0.001137959,,-0.1982006,-0.085506795,-0.013478051,0.0988762842,0.0059200462,-0.017587276,0.1625641936,0.1936581457,0.4557834626,0.5386314508,0.1930782233,1.3391436277,0.0886545444,0.1701633763,-0.043915425,2.9494405305,0.0363673875,0.4116112497,0.443830771,0.4746496726,5.0,-2.749332166,5.6022817828,1093.7963472,-16.87232527,0.2723602565,0.0082565903,0.3746343098,0.1270187705,0.1275188444,0.1133062178,0.4356573974,0.0334039348,0.033213034,0.0298950071,,0.0131406186,0.0001444024,0.2158660254,0.0572610105,0.0827224095,18.197424387,1.4205217039,0.094003045,-0.043531612,0.4214209623,0.7477988702,0.00650227,4815006.0656371,1.10031445,0.00132074,1.07514208,0.00608524,0.00632013,0.00664597,0.00762138,-0.24821415,-0.79964231,1.24906945,0.00766678,-0.18654582,0.00727104,0.25063097,0.02845273,0.03743759,0.02465007,-0.84413355,0.00670203,0.01644798,1.2930411,0.60234,0.79219549,1.25008598,0.8015342326,468,0.4447736914,0.9520476042,-0.210982392,0.1575559729
20230228,20230228,247318.0,01W,SWE,0.132944,2023,2,20230131,20230131,4137.577046,15.919376184,4137.577046,0.0106518069,0.0,0.0118266799,0.1159552931,0.178323221,-0.149363222,-0.192938964,-0.205851786,-0.283820696,2.100115236,-0.085086651,0.0090434576,-0.003487973,0.0334587444,0.0448649967,0.1378506881,0.4793481897,0.2713238753,0.7636689969,0.3574546781,0.1220314822,0.0482378995,0.0001454092,0.0,0.0565828157,0.0064673965,0.0501154192,-0.011175502,-0.01036333,-0.000812172,0.038144408,-0.038144408,0.005743018,0.0086900839,0.1080149218,0.4236438847,0.1757718938,0.5529629051,0.3019755694,0.2037194916,0.1053993637,0.0024140983,0.038144408,0.0068042846,0.0707910248,-0.031340123,-0.326059177,0.6909741073,1.0669568741,1.2746059936,1.8860310056,0.0003561761,0.0391539462,0.0189649342,0.1264763044,6.0,0.0515152368,0.0879873223,-0.001926709,1.0567841952,0.068544754,0.066924068,0.022690428,-0.001290105,-0.001005847,,-0.129514985,0.0775821669,-0.029344138,0.1285798009,-0.966165798,-0.348635977,0.138527401,0.190767458,0.4426506662,0.5684835369,0.1836578992,1.3374266018,0.0893136152,0.1825761784,-0.03677315,3.1417204301,0.0355505473,0.4116112497,0.3835189528,0.4403609956,5.0,-2.46626111,5.6022817828,1093.7963472,-16.87232527,-0.19959743,0.0111902159,0.3179478444,0.101201826,0.1215074827,0.10905857,0.3965576261,0.030560479,0.0283970714,0.0254179937,,0.0117752196,0.000129398,0.1895845735,0.0523414218,0.0994322018,18.380547964,1.4132068042,0.0276428391,-0.194111398,0.4052363307,0.7701521533,0.00680196,4716572.06054462,1.12811489,0.00128464,1.11222225,0.00617684,0.00635783,0.00699921,0.00996466,-0.03632735,0.03589271,1.53252594,0.00987379,0.23259393,0.00942393,0.70305321,0.0382563,0.07637459,0.02496662,0.96238528,0.00652465,0.01552573,1.176423,0.79966797,0.79401072,1.2203947109,1.1262961007,469,0.4597861085,0.9713029554,-0.077106987,0.0128062931
20230331,20230331,247318.0,01W,SWE,0.029588,2023,3,20230228,20230228,4687.6420759,18.035757835,4687.6420759,0.009401885,0.0,0.0118266799,0.1329437552,0.0988034531,0.1272448059,-0.045240157,-0.031346625,0.020416432,2.3191311778,0.1718747246,0.0055042786,-0.052854812,0.0393187162,0.0448649967,0.1378506881,0.4793481897,0.2713238753,0.7636689969,0.3574546781,0.1220314822,0.0482378995,0.0001454092,0.0,0.0565828157,0.0064673965,0.0501154192,-0.011175502,-0.01036333,-0.000812172,0.038144408,-0.038144408,0.005743018,0.0086900839,0.1080149218,0.4236438847,0.1757718938,0.5529629051,0.3019755694,0.2037194916,0.1053993637,0.0024140983,0.038144408,0.0068042846,0.0707910248,-0.031340123,-0.326059177,0.6909741073,1.0669568741,1.2746059936,1.8860310056,0.0003561761,0.0391539462,0.0189649342,0.1264763044,6.0,0.0515152368,0.0879873223,-0.001926709,1.0567841952,0.068544754,0.066924068,0.022690428,-0.001290105,-0.001005847,,-0.129514985,0.0775821669,-0.029344138,0.1285798009,-0.966165798,-0.348635977,0.138527401,0.190767458,0.4426506662,0.5684835369,0.1836578992,1.3374266018,0.0893136152,0.1825761784,-0.03677315,3.1417204301,0.0355505473,0.4116112497,0.3835189528,0.4403609956,5.0,-2.46626111,5.6022817828,1093.7963472,-16.87232527,-0.19959743,0.0111902159,0.2806386839,0.0893264344,0.1072493512,0.0962612393,0.3500241069,0.0269744009,0.0250648554,0.0224353535,,0.0103934723,0.000114214,0.1692914673,0.0467388033,0.1071571005,18.492351277,1.3982430584,-0.024952856,-0.25867872,0.4069396493,0.7843009877,0.00588925,5116513.08753929,1.08712283,0.00135257,1.07986826,0.00609493,0.00634427,0.00622241,0.01300005,1.27360208,1.18539938,1.64873377,0.01310815,1.08841371,0.01069274,-0.55931431,0.04556246,0.10905552,0.03046598,2.03827006,0.00620724,0.01524075,1.18915242,0.90597884,0.79295566,1.2275553216,1.3612721462,470,0.4903915059,0.9816011884,-0.062724495,0.0468409649
20230428,20230430,247318.0,01W,SWE,0.076373,2023,4,20230331,20230331,4826.3378333,18.569391387,4826.3378333,0.0091317005,0.0,0.0118266799,0.0295875315,0.2643145804,0.3587996369,0.4019578066,-0.063526357,-0.266721476,3.1006004397,-0.082229632,0.0156694752,0.124417779,0.0282786912,0.0448649967,0.1378506881,0.4793481897,0.2713238753,0.7636689969,0.3574546781,0.1220314822,0.0482378995,0.0001454092,0.0,0.0565828157,0.0064673965,0.0501154192,-0.011175502,-0.01036333,-0.000812172,0.038144408,-0.038144408,0.005743018,0.0086900839,0.1080149218,0.4236438847,0.1757718938,0.5529629051,0.3019755694,0.2037194916,0.1053993637,0.0024140983,0.038144408,0.0068042846,0.0707910248,-0.031340123,-0.326059177,0.6909741073,1.0669568741,1.2746059936,1.8860310056,0.0003561761,0.0391539462,0.0189649342,0.1264763044,6.0,0.0515152368,0.0879873223,-0.001926709,1.0567841952,0.068544754,0.066924068,0.022690428,-0.001290105,-0.001005847,,-0.129514985,0.0775821669,-0.029344138,0.1285798009,-0.966165798,-0.348635977,0.138527401,0.190767458,0.4426506662,0.5684835369,0.1836578992,1.3374266018,0.0893136152,0.1825761784,-0.03677315,3.1417204301,0.0355505473,0.4116112497,0.3835189528,0.4403609956,5.0,-2.46626111,5.6022817828,1093.7963472,-16.87232527,-0.19959743,0.0111902159,0.2725738952,0.0867594368,0.104167298,0.0934949544,0.3399653708,0.0261992303,0.02434456,0.0217906228,,0.0100947923,0.0001109318,0.1648424536,0.0455104982,0.0937031324,18.516518802,1.393069653,-0.053184964,-0.2373027,0.4083215825,0.7864877766,0.00641849,5124524.84076614,1.08345744,0.00130192,1.11533589,0.00617958,0.00638517,0.01140775,0.01172416,0.10981535,0.25240905,0.72450681,0.00765288,0.65337111,0.00626189,0.33117313,0.03829435,0.06603033,0.02998398,-0.09733186,0.00594276,0.01474768,1.24999291,0.93278451,0.79383612,1.2353555804,1.1899026822,471,0.4768502396,0.9514482143,-0.12362784,0.1198453787
20230531,20230531,247318.0,01W,SWE,0.020623,2023,5,20230428,20230430,5194.9397069,19.987591416,5194.9397069,0.0084837696,0.0,0.0118266799,0.0763729947,0.1664647642,0.5338498817,0.1072930573,0.0505695317,-0.249058502,2.6143776319,-0.056680021,0.0277652039,0.1064226748,0.0271086389,0.1384192709,0.1362795328,0.2281729936,0.2957626061,0.7138854029,0.3785647359,0.0803247109,0.0520015323,0.0001454092,0.0,0.0894793677,0.0296259195,0.0598534482,0.0296909416,-0.002976449,0.0326673906,0.0551003047,-0.055100305,0.0036189442,0.0398392337,0.1102600569,0.4020877795,0.1777593484,0.4839112484,0.2693401035,0.1996137533,0.1053993637,0.0024140983,0.0551003047,-0.002465541,-0.026420009,-0.057565845,-0.616858679,0.7458186286,1.0129253358,1.2628233725,1.8103904436,0.0003561761,0.0395073361,0.0189649342,0.1264763044,7.0,0.1053275059,0.0879873223,0.0347154442,0.9445169438,0.1255102189,0.0856851261,0.0272733135,0.0137278142,0.0039953125,,-0.183753582,-0.086412801,-0.030962186,0.1160702485,-0.148598533,0.1404218463,0.0380494395,0.1995578488,0.4577444768,0.54678173,0.2023646678,1.3235475959,0.0957865026,0.1752938078,-0.01084079,2.8861693862,0.0363895173,0.4116112497,0.1693292538,0.4813265487,7.0,-2.66003456,5.6022817828,1093.7963472,-16.87232527,0.0036868672,0.0087246604,0.2743772652,0.0950662378,0.0955279037,0.0846879889,0.3254253342,0.0256051503,0.0262816386,0.0239529581,,0.0093785262,0.0001030607,0.165719754,0.0443414476,0.1103017672,18.448977171,1.394142203,-0.211530083,-0.033911482,0.3752577662,0.8127715975,0.00644127,5205595.44049991,1.08197692,0.00123315,1.17401201,0.0062855,0.00637071,0.00328326,0.00846442,-0.0042558,0.11060939,2.15533116,0.00821404,0.90612764,0.00800739,0.6491423,0.02377889,0.04056023,0.01810517,-0.29856359,0.00530876,0.01410779,1.24472912,1.0,0.79532617,1.2228166455,0.7563875563,472,0.8860592319,1.1654088897,0.1350839656,0.4471547009
20230630,20230630,247318.0,01W,SWE,0.066887,2023,6,20230531,20230531,5302.072667,20.399786736,5302.072667,0.0083123477,0.0,0.0118266799,0.0206225608,0.1082202145,0.3796039627,0.4153135365,0.1987498393,-0.273922612,2.2863872703,-0.228443826,0.0504076027,0.0633577818,0.0288839498,0.1384192709,0.1362795328,0.2281729936,0.2957626061,0.7138854029,0.3785647359,0.0803247109,0.0520015323,0.0001454092,0.0,0.0894793677,0.0296259195,0.0598534482,0.0296909416,-0.002976449,0.0326673906,0.0551003047,-0.055100305,0.0036189442,0.0398392337,0.1102600569,0.4020877795,0.1777593484,0.4839112484,0.2693401035,0.1996137533,0.1053993637,0.0024140983,0.0551003047,-0.002465541,-0.026420009,-0.057565845,-0.616858679,0.7458186286,1.0129253358,1.2628233725,1.8103904436,0.0003561761,0.0395073361,0.0189649342,0.1264763044,7.0,0.1053275059,0.0879873223,0.0347154442,0.9445169438,0.1255102189,0.0856851261,0.0272733135,0.0137278142,0.0039953125,,-0.183753582,-0.086412801,-0.030962186,0.1160702485,-0.148598533,0.1404218463,0.0380494395,0.1995578488,0.4577444768,0.54678173,0.2023646678,1.3235475959,0.0957865026,0.1752938078,-0.01084079,2.8861693862,0.0363895173,0.4116112497,0.1693292538,0.4813265487,7.0,-2.66003456,5.6022817828,1093.7963472,-16.87232527,0.0036868672,0.0087246604,0.2688332355,0.0931453423,0.0935976799,0.0829767949,0.3188498341,0.0250877761,0.0257505954,0.0234689678,,0.009189025,0.0001009783,0.1626278033,0.0435141378,0.1158906343,18.466846352,1.3517840475,-0.093615614,0.0361528841,0.3741610555,0.8284268246,0.00538825,5627485.82267379,1.21859592,0.00119994,1.08637315,0.00634243,0.00633072,0.00583393,0.01052741,0.22675561,0.18424606,1.03035919,0.00956014,-0.03355721,0.0095027,0.26018079,0.02050858,0.02383271,0.01436693,0.07479819,0.00448046,0.01371373,1.22050688,0.95694946,0.79413603,1.1910634704,0.6985444477,473,0.9181130542,1.1612513405,0.1396630831,0.4889651096
20230731,20230731,247318.0,01W,SWE,-0.14033,2023,7,20230630,20230630,5656.7140804,21.764273731,5656.7140804,0.0077912143,0.0,0.0118266799,0.0668873167,0.0985705622,0.4300340492,0.5369036923,0.5857187998,0.1261768038,1.4843118348,0.3035738532,0.0288906448,0.077094146,0.0219737875,0.1384192709,0.1362795328,0.2281729936,0.2957626061,0.7138854029,0.3785647359,0.0803247109,0.0520015323,0.0001454092,0.0,0.0894793677,0.0296259195,0.0598534482,0.0296909416,-0.002976449,0.0326673906,0.0551003047,-0.055100305,0.0036189442,0.0398392337,0.1102600569,0.4020877795,0.1777593484,0.4839112484,0.2693401035,0.1996137533,0.1053993637,0.0024140983,0.0551003047,-0.002465541,-0.026420009,-0.057565845,-0.616858679,0.7458186286,1.0129253358,1.2628233725,1.8103904436,0.0003561761,0.0395073361,0.0189649342,0.1264763044,7.0,0.1053275059,0.0879873223,0.0347154442,0.9445169438,0.1255102189,0.0856851261,0.0272733135,0.0137278142,0.0039953125,,-0.183753582,-0.086412801,-0.030962186,0.1160702485,-0.148598533,0.1404218463,0.0380494395,0.1995578488,0.4577444768,0.54678173,0.2023646678,1.3235475959,0.0957865026,0.1752938078,-0.01084079,2.8861693862,0.0363895173,0.4116112497,0.1693292538,0.4813265487,7.0,-2.66003456,5.6022817828,1093.7963472,-16.87232527,0.0036868672,0.0087246604,0.2519790341,0.0873056984,0.0877296772,0.0777746568,0.2988598975,0.0235149259,0.0241361904,0.0219976069,,0.0086129292,9.46476e-05,0.1531677834,0.040982931,0.1435429597,18.521169792,1.3524569851,0.0410795043,0.2460740979,0.3726223355,0.8474293698,0.00587908,6360711.73346078,1.08786289,0.00128047,1.02089694,0.00625051,0.00630463,0.00445454,0.00659336,-0.11177328,-0.27158369,1.33382856,0.00639667,0.4733874,0.00566497,-0.07429815,0.02025774,0.02660095,0.01367635,-0.13393768,0.00379206,0.01307796,1.1750315,0.97031877,0.79475886,1.1875369791,0.7225046433,474,0.9445467756,1.1678155168,0.1467257127,0.5200651958
20230831,20230831,247318.0,01W,SWE,-0.081743,2023,8,20230731,20230731,4862.9085109,18.710097498,4862.9085109,0.0090630271,0.0,0.0118266799,-0.140329802,0.0888892652,0.3671561925,0.7977502866,0.2978039343,-0.149363222,2.1603230848,-0.157882467,0.0304863416,0.0431643918,0.0313956273,0.1081941515,0.2021981687,0.1201419885,0.1675428152,0.7282984686,0.5298278972,0.331748225,0.0312541549,-0.000249549,0.0,0.0651659436,0.0399989568,0.0251669868,0.0247637244,-0.002855731,0.0276194554,0.0048089717,-0.005058521,0.0065872107,0.0591673078,0.1140322753,0.4141182634,0.2131491061,0.4657039711,0.2570053292,0.2204545455,-0.063322002,-0.000523869,-0.062798133,-0.027241176,-0.27826087,-0.032299697,-0.329932225,0.6999235539,1.0398140266,1.2883515767,1.9332644628,0.0002137437,0.0396830594,0.0930750928,0.0950850408,8.0,0.0584976265,0.05759882,0.0195574201,0.3997598394,0.2129288059,0.0864238952,0.0299441521,0.0097425881,0.003175799,0.0009514073,-0.090370953,-0.008451925,-0.043381221,0.1415021475,1.6117904972,0.5826068352,-0.066960482,0.2060220808,0.4589234375,0.5513430825,0.2362105928,1.3411371237,0.1251391526,0.1859079301,0.0349323449,2.6252363761,0.0385677768,0.4310190557,0.1675102458,0.4771744249,6.0,-2.945616872,5.524325595,1405.7970061,-22.59923349,-0.23389947,0.0113409425,0.3032422874,0.1155104699,0.0935879052,0.0815543235,0.3716113002,0.0296868063,0.0379474829,0.0356043102,0.0139994639,0.0135427438,7.94296e-05,0.1777253206,0.0520507525,0.1205605955,18.282959326,1.3563120418,-0.030496516,0.2051765322,0.4197813528,0.8548925035,0.00580828,7089696.02367004,1.04754493,0.00139822,1.01771826,0.00610585,0.00627716,0.00540681,0.02524899,-2.03387572,0.1082781,0.28631828,0.01467324,-0.58582062,0.01636375,-0.32337327,0.02574378,0.03903678,0.03158081,-1.52164543,0.00329324,0.01438788,1.11478139,0.83415413,0.78798925,1.2188025381,0.9064296755,475,1.1963533297,1.3402454239,0.2707414692,0.596947096
20230929,20230930,247318.0,01W,SWE,-0.05117,2023,9,20230831,20230831,4403.8227367,16.9437596,4403.8227367,0.0134283357,0.0,0.013885253,-0.081743483,-0.08282877,0.0373890395,0.2914274718,0.3248546914,0.1272448059,1.6938196749,-0.060122678,0.0285208139,-0.052084017,0.0367401627,0.1081941515,0.2021981687,0.1201419885,0.1675428152,0.7282984686,0.5298278972,0.331748225,0.0312541549,-0.000249549,0.0,0.0651659436,0.0399989568,0.0251669868,0.0247637244,-0.002855731,0.0276194554,0.0048089717,-0.005058521,0.0065872107,0.0591673078,0.1140322753,0.4141182634,0.2131491061,0.4657039711,0.2570053292,0.2204545455,-0.063322002,-0.000523869,-0.062798133,-0.027241176,-0.27826087,-0.032299697,-0.329932225,0.6999235539,1.0398140266,1.2883515767,1.9332644628,0.0002137437,0.0396830594,0.0930750928,0.0950850408,8.0,0.0584976265,0.05759882,0.0195574201,0.3997598394,0.2129288059,0.0864238952,0.0299441521,0.0097425881,0.003175799,0.0009514073,-0.090370953,-0.008451925,-0.043381221,0.1415021475,1.6117904972,0.5826068352,-0.066960482,0.2060220808,0.4589234375,0.5513430825,0.2362105928,1.3411371237,0.1251391526,0.1859079301,0.0349323449,2.6252363761,0.0385677768,0.4310190557,0.1675102458,0.4771744249,6.0,-2.945616872,5.524325595,1405.7970061,-22.59923349,-0.23389947,0.0113409425,0.3348544181,0.127552102,0.1033441734,0.0900561257,0.4103507027,0.03278157,0.0419033981,0.0393159565,0.0154588674,0.0149545356,8.77099e-05,0.1947220145,0.0570286065,0.1402694478,18.173460876,1.3531742307,-0.16477986,-0.254894528,0.4179210757,0.846224567,0.00701991,6438533.07344008,1.13725403,0.00126767,1.09458237,0.00627393,0.00631756,0.00462431,0.00546744,0.13304431,0.31350319,1.23275618,0.0052318,0.38407775,0.00540652,0.63753947,0.02324753,0.02978429,0.01804514,0.42181155,0.00362404,0.01408385,1.05722211,0.75540531,0.79277487,1.2134342425,0.8428427155,476,1.2327106833,1.3462472897,0.26878654,0.6260425465
20231031,20231031,247318.0,01W,SWE,-0.090972,2023,10,20230929,20230930,4178.4778454,16.07674249,4178.4778454,0.0141525245,0.0,0.013885253,-0.051170291,-0.210602239,-0.074785565,0.2043724728,0.2943779215,0.3587996369,1.6062364703,-0.087913895,0.0318611415,0.031038997,0.0284656886,0.1081941515,0.2021981687,0.1201419885,0.1675428152,0.7282984686,0.5298278972,0.331748225,0.0312541549,-0.000249549,0.0,0.0651659436,0.0399989568,0.0251669868,0.0247637244,-0.002855731,0.0276194554,0.0048089717,-0.005058521,0.0065872107,0.0591673078,0.1140322753,0.4141182634,0.2131491061,0.4657039711,0.2570053292,0.2204545455,-0.063322002,-0.000523869,-0.062798133,-0.027241176,-0.27826087,-0.032299697,-0.329932225,0.6999235539,1.0398140266,1.2883515767,1.9332644628,0.0002137437,0.0396830594,0.0930750928,0.0950850408,8.0,0.0584976265,0.05759882,0.0195574201,0.3997598394,0.2129288059,0.0864238952,0.0299441521,0.0097425881,0.003175799,0.0009514073,-0.090370953,-0.008451925,-0.043381221,0.1415021475,1.6117904972,0.5826068352,-0.066960482,0.2060220808,0.4589234375,0.5513430825,0.2362105928,1.3411371237,0.1251391526,0.1859079301,0.0349323449,2.6252363761,0.0385677768,0.4310190557,0.1675102458,0.4771744249,6.0,-2.945616872,5.524325595,1405.7970061,-22.59923349,-0.23389947,0.0113409425,0.3529130833,0.1344309741,0.1089175144,0.0949128435,0.432480875,0.0345494768,0.0441632442,0.0414362621,0.0162925626,0.0157610322,9.24401e-05,0.2043130415,0.0598375488,0.1474581566,18.110909071,1.3649631124,-0.142988245,0.2156226878,0.4172130775,0.8278814864,0.00604772,6566052.37631365,1.13961746,0.00131251,1.09471604,0.00619881,0.00633654,0.00941141,0.01119786,-0.22783024,-0.30676697,0.91645819,0.00972582,-0.41430326,0.00735899,0.64940311,0.01982768,0.03242133,0.01865179,-0.27238957,0.00318865,0.01406036,1.05092816,0.716751,0.79283986,1.241177079,0.7492470411,477,1.2274013165,1.3410012807,0.2714668318,0.6480401184
20231130,20231130,247318.0,01W,SWE,0.278423,2023,11,20231031,20231031,3798.3518666,14.61420333,3798.3518666,0.0155688604,0.0,0.013885253,-0.090972357,-0.128730936,-0.184417533,0.0240055223,0.3465222419,0.5338498817,1.4806394012,0.1967163296,0.0057076245,0.0322807278,0.0273032639,0.1052950952,0.1295563479,-0.117820291,0.0805251551,0.3522712019,0.5092307344,0.588997228,0.0155545362,-0.000249549,0.0,0.0326538205,0.0088598499,0.0237939706,0.0438635837,0.0035900207,0.040273563,0.0053327213,-0.005332721,0.0052270615,0.0774816463,0.1173362775,0.4048521888,0.2245050867,0.4513936857,0.2460018607,0.2163771077,-0.063322002,-0.000523869,0.0053327213,-0.040840435,-0.432076653,-0.046173157,-0.488494866,0.7123057324,1.0073792323,1.2478502254,1.8440768054,0.0002137437,0.053070096,0.0930750928,0.0950850408,8.0,0.0708135306,0.05759882,0.0421329732,0.3889768126,0.1046414616,0.0623764188,0.0237603057,-0.005289553,-0.00036683,0.0009514073,-0.020952955,0.0444922301,-0.023378316,0.1208257528,-0.707652498,-1.468307961,-0.058515614,0.2030036384,0.4474811385,0.5654113674,0.2481443711,1.3448828241,0.135361708,0.1836646515,0.0467071636,2.6026084224,0.0384325759,0.4310190557,0.4378623031,0.4687477554,7.0,-2.930040542,5.524325595,1405.7970061,-22.59923349,0.1813872303,0.0084661096,0.4041940302,0.1553034359,0.1266294043,0.1051787883,0.4803492278,0.0382049342,0.0547123943,0.0518551915,0.0179230662,0.0173383421,0.0001016912,0.2356923847,0.0671711731,0.1601863879,17.8740356,1.3951797858,0.0146642313,-0.044807849,0.4308818314,0.833545943,0.00551139,6712843.26478663,1.10060807,0.00140546,1.02620082,0.00607394,0.00631894,0.00565524,0.01408767,0.12328762,-0.14728246,0.91497341,0.01424136,0.15845164,0.01455069,0.20587308,0.02285613,0.04525943,0.02057593,0.19157185,0.00308918,0.01337598,1.05175905,0.65154647,0.79265455,1.2007696259,0.9343123385,478,1.1562271631,1.3301135842,0.2220871977,0.7354163141
20231229,20231231,247318.0,01W,SWE,0.178384,2023,12,20231130,20231130,4855.900378,18.683133625,4855.900378,0.0121781761,0.0,0.013885253,0.2784229973,-0.137487566,-0.273593357,-0.178379931,0.022820454,0.3796039627,2.0427360285,-0.015369648,0.0324160468,0.0398265062,0.0316416961,0.1052950952,0.1295563479,-0.117820291,0.0805251551,0.3522712019,0.5092307344,0.588997228,0.0155545362,-0.000249549,0.0,0.0326538205,0.0088598499,0.0237939706,0.0438635837,0.0035900207,0.040273563,0.0053327213,-0.005332721,0.0052270615,0.0774816463,0.1173362775,0.4048521888,0.2245050867,0.4513936857,0.2460018607,0.2163771077,-0.063322002,-0.000523869,0.0053327213,-0.040840435,-0.432076653,-0.046173157,-0.488494866,0.7123057324,1.0073792323,1.2478502254,1.8440768054,0.0002137437,0.053070096,0.0930750928,0.0950850408,8.0,0.0708135306,0.05759882,0.0421329732,0.3889768126,0.1046414616,0.0623764188,0.0237603057,-0.005289553,-0.00036683,0.0009514073,-0.020952955,0.0444922301,-0.023378316,0.1208257528,-0.707652498,-1.468307961,-0.058515614,0.2030036384,0.4474811385,0.5654113674,0.2481443711,1.3448828241,0.135361708,0.1836646515,0.0467071636,2.6026084224,0.0384325759,0.4310190557,0.4378623031,0.4687477554,7.0,-2.930040542,5.524325595,1405.7970061,-22.59923349,0.1813872303,0.0084661096,0.3161661133,0.1214804773,0.0990512565,0.0822722905,0.3757357532,0.0298844235,0.0427967851,0.0405618419,0.0140196682,0.0135622889,7.95442e-05,0.1882638682,0.0536542786,0.1390163888,18.191850635,1.405979217,-0.09220854,-0.277136365,0.4307010063,0.8125367286,0.0056742,6346056.5737719,0.70905341,0.00137451,0.68953121,0.00611834,0.00636564,0.00531651,0.01533103,0.65082773,0.54870329,1.5671678,0.01598547,0.67009986,0.01644972,0.49011637,0.048593,0.10324066,0.0285241,1.44530773,0.00344417,0.01314511,1.12159692,0.832952,0.79380592,1.2038030411,2.0488223748,479,1.1638833032,1.3296920456,0.2180846426,0.7525903025
20240131,20240131,247318.0,01W,SWE,-0.049958,2024,1,20231229,20231231,5722.1147174,22.015903449,5722.1147174,0.0103346425,0.0,0.013885253,0.1783838777,0.1621218438,-0.129566035,0.0201929987,0.3280082091,0.4300340492,2.3865568915,0.1159552931,0.0380913727,-0.044617988,0.0415903954,0.1052950952,0.1295563479,-0.117820291,0.0805251551,0.3522712019,0.5092307344,0.588997228,0.0155545362,-0.000249549,0.0,0.0326538205,0.0088598499,0.0237939706,0.0438635837,0.0035900207,0.040273563,0.0053327213,-0.005332721,0.0052270615,0.0774816463,0.1173362775,0.4048521888,0.2245050867,0.4513936857,0.2460018607,0.2163771077,-0.063322002,-0.000523869,0.0053327213,-0.040840435,-0.432076653,-0.046173157,-0.488494866,0.7123057324,1.0073792323,1.2478502254,1.8440768054,0.0002137437,0.053070096,0.0930750928,0.0950850408,8.0,0.0708135306,0.05759882,0.0421329732,0.3889768126,0.1046414616,0.0623764188,0.0237603057,-0.005289553,-0.00036683,0.0009514073,-0.020952955,0.0444922301,-0.023378316,0.1208257528,-0.707652498,-1.468307961,-0.058515614,0.2030036384,0.4474811385,0.5654113674,0.2481443711,1.3448828241,0.135361708,0.1836646515,0.0467071636,2.6026084224,0.0384325759,0.4310190557,0.4378623031,0.4687477554,7.0,-2.930040542,5.524325595,1405.7970061,-22.59923349,0.1813872303,0.0084661096,0.2683048532,0.1030907496,0.0840568667,0.0698179024,0.3188568346,0.0253605162,0.0363182032,0.0344215859,0.0118973693,0.0115092282,6.75028e-05,0.161624377,0.0460621544,0.1407556946,18.364648408,1.3875008869,-0.098164951,-0.221406129,0.4308451643,0.8314390542,0.00599479,6415629.54229942,0.75282027,0.00139277,0.71454518,0.0061397,0.0063267,0.00452228,0.00867095,1.43375611,-0.04189527,1.71307551,0.00908276,1.61083651,0.00897856,1.37596673,0.03727231,0.08485428,0.02342983,2.04081738,0.00352788,0.01325477,1.05306097,0.9793065,0.79343991,1.226052441,1.5729132167,480,1.157005586,1.3316453553,0.2074312804,0.7484510081
20240229,20240229,247318.0,01W,SWE,0.056057,2024,2,20240131,20240131,5436.2511876,20.916040167,5436.2511876,0.0108780864,0.0,0.013885253,-0.049957672,0.5064730489,0.193138199,0.1168795462,0.4022994226,0.3671561925,2.3879344607,0.1329437552,0.0214639703,0.0116048779,0.0364895384,0.1364832318,0.1423808243,-0.01484703,0.0693223248,0.2689201183,0.5413747592,1.0262470581,0.0137869013,-0.000249549,0.0,0.0388944892,0.0246947822,0.014199707,0.0624369263,0.0070781014,0.0553588249,0.0062728516,-0.006272852,0.0068401925,0.0820468697,0.1209765719,0.4327429942,0.258060497,0.5159657878,0.28338393,0.2328206735,0.0070659381,0.0007930864,0.0062728516,-0.05983116,-0.583043896,-0.066104012,-0.644171706,0.7403567803,1.0589227935,1.3338034386,1.924510423,0.0002137437,0.0532130363,0.0930750928,0.0950850408,8.0,0.0790521051,0.05759882,0.0601660386,0.4573842624,0.1253498839,0.0675114484,0.0259399177,0.0005873803,0.0032494897,0.0009514073,0.0189830692,0.0697004508,-0.00163286,0.0912150073,-0.295276962,0.3758834682,0.0667751992,0.2252843171,0.4918051566,0.6671176461,0.2932814276,1.3460219766,0.1624497811,0.1982293366,0.0731361659,2.7615254237,0.0385557571,0.4310190557,0.3187537712,0.4811203027,9.0,-2.787769362,5.524325595,1405.7970061,-22.59923349,0.0101163183,0.0131417237,0.2750207712,0.0995901645,0.0942055437,0.0795708535,0.3447972465,0.0282222522,0.0446770641,0.0424433268,0.0125229887,0.0121144373,7.10524e-05,0.1659557753,0.0504989412,0.1257215235,18.29040937,1.3886249443,-0.170678777,0.0829642096,0.4447894918,0.8375663984,0.00573407,6676496.85647995,0.82839131,0.00143199,0.77426122,0.00612651,0.00624581,0.00719609,0.00962634,-0.39507485,-0.18160727,1.42980978,0.00935213,-0.12797285,0.0097145,-0.3787681,0.01992627,0.02345912,0.01952059,-0.65538168,0.00343344,0.01322399,1.04793847,0.93038263,0.79441203,1.2371854106,0.8562158941,481,1.3958091001,1.4255338271,0.5638699014,0.7206946138
20240328,20240331,247318.0,01W,SWE,0.03302,2024,3,20240229,20240229,5740.9912291,22.088531049,5740.9912291,0.010300662,0.0,0.013885253,0.05605702,0.1195145626,0.2344391481,0.0396427485,0.1759134573,0.0373890395,2.4948914625,0.0295875315,0.0238702874,0.0029775041,0.0380618542,0.1364832318,0.1423808243,-0.01484703,0.0693223248,0.2689201183,0.5413747592,1.0262470581,0.0137869013,-0.000249549,0.0,0.0388944892,0.0246947822,0.014199707,0.0624369263,0.0070781014,0.0553588249,0.0062728516,-0.006272852,0.0068401925,0.0820468697,0.1209765719,0.4327429942,0.258060497,0.5159657878,0.28338393,0.2328206735,0.0070659381,0.0007930864,0.0062728516,-0.05983116,-0.583043896,-0.066104012,-0.644171706,0.7403567803,1.0589227935,1.3338034386,1.924510423,0.0002137437,0.0532130363,0.0930750928,0.0950850408,8.0,0.0790521051,0.05759882,0.0601660386,0.4573842624,0.1253498839,0.0675114484,0.0259399177,0.0005873803,0.0032494897,0.0009514073,0.0189830692,0.0697004508,-0.00163286,0.0912150073,-0.295276962,0.3758834682,0.0667751992,0.2252843171,0.4918051566,0.6671176461,0.2932814276,1.3460219766,0.1624497811,0.1982293366,0.0731361659,2.7615254237,0.0385557571,0.4310190557,0.3187537712,0.4811203027,9.0,-2.787769362,5.524325595,1405.7970061,-22.59923349,0.0101163183,0.0131417237,0.2604222746,0.0943037759,0.0892049785,0.0753471185,0.3264949145,0.0267241746,0.0423055415,0.0401903742,0.0118582505,0.0114713856,6.72809e-05,0.1577638434,0.0480062055,0.1133380175,18.345769268,1.3871046065,-0.191822129,-0.215665336,0.4449435986,0.8185993291,0.00618356,7595465.34466374,0.74044557,0.00156444,0.70583847,0.00601935,0.00626457,0.00567671,0.02278899,2.73714293,-0.2037784,1.96961723,0.02235981,2.56916399,0.01975889,1.87826459,0.03587239,0.08825997,0.02586556,1.99148888,0.00277383,0.01414677,1.17246093,0.94757436,0.79244275,1.263061888,1.5724484911,482,1.3954335079,1.4210713657,0.5434846294,0.7217683594
20240430,20240430,247318.0,01W,SWE,-0.071089,2024,4,20240328,20240331,5930.5582174,22.817892258,5930.5582174,0.009971407,0.0,0.013885253,0.0330199056,0.0032988698,0.3739432017,0.0290890197,0.2061448139,-0.074785565,2.7373300369,0.0763729947,0.0199290975,0.0935520996,0.031345727,0.1364832318,0.1423808243,-0.01484703,0.0693223248,0.2689201183,0.5413747592,1.0262470581,0.0137869013,-0.000249549,0.0,0.0388944892,0.0246947822,0.014199707,0.0624369263,0.0070781014,0.0553588249,0.0062728516,-0.006272852,0.0068401925,0.0820468697,0.1209765719,0.4327429942,0.258060497,0.5159657878,0.28338393,0.2328206735,0.0070659381,0.0007930864,0.0062728516,-0.05983116,-0.583043896,-0.066104012,-0.644171706,0.7403567803,1.0589227935,1.3338034386,1.924510423,0.0002137437,0.0532130363,0.0930750928,0.0950850408,8.0,0.0790521051,0.05759882,0.0601660386,0.4573842624,0.1253498839,0.0675114484,0.0259399177,0.0005873803,0.0032494897,0.0009514073,0.0189830692,0.0697004508,-0.00163286,0.0912150073,-0.295276962,0.3758834682,0.0667751992,0.2252843171,0.4918051566,0.6671176461,0.2932814276,1.3460219766,0.1624497811,0.1982293366,0.0731361659,2.7615254237,0.0385557571,0.4310190557,0.3187537712,0.4811203027,9.0,-2.787769362,5.524325595,1405.7970061,-22.59923349,0.0101163183,0.0131417237,0.2520980217,0.0912894082,0.0863535911,0.0729386899,0.3160586866,0.0258699513,0.0409532684,0.0389057113,0.0114792081,0.0111047091,6.51303e-05,0.1530638234,0.0465760291,0.1105913611,18.377336203,1.3855339197,-0.177259442,-0.512682291,0.4438333589,0.8151776763,0.00617055,8110142.86168546,0.71271999,0.0015891,0.68833403,0.00603865,0.00624353,0.00767526,0.01024701,-1.34264744,0.15398397,1.00998571,0.01080682,-1.198137,0.00987112,-0.4623578,0.02025367,0.02554804,0.01573637,-0.23214065,0.00256022,0.01408091,1.15941642,0.96162761,0.79129642,1.2869410011,0.9380654156,483,1.3949570507,1.4168698282,0.5516086756,0.7719447694
20240531,20240531,247318.0,01W,SWE,0.110727,2024,5,20240430,20240430,5508.9603852,21.195789657,5508.9603852,0.0107345136,0.0,0.013885253,-0.071089064,0.0909279231,0.5613504029,0.2366014839,0.1575649035,-0.184417533,2.437057801,0.0206225608,0.011591677,0.0828862018,0.0301781871,0.1209650803,0.136453091,0.1996053037,-0.001114064,0.2861906283,0.5221282639,1.332652839,-0.000226421,-0.000249549,0.0,0.0038318415,0.0038483125,-1.6471e-05,0.0858634538,0.0104648376,0.0753986162,0.0256043271,-0.025604327,0.0068325187,0.0679940738,0.1204544139,0.4189408437,0.2592783354,0.4736480003,0.2589649254,0.2195125771,-0.063322002,-0.000523869,0.0256043271,-0.069670945,-0.713463278,-0.095275272,-0.975663642,0.7396360332,1.0145471214,1.2710166153,1.8223705556,0.0002137437,0.0534602938,0.0930750928,0.0950850408,8.0,0.0845007526,0.05759882,0.0818716698,0.473322837,0.1049413816,0.0710810599,0.0257397811,-0.014604066,-0.001533532,0.0009514073,0.0813785666,0.0984234099,0.0158765477,0.0587688226,-0.335257735,-1.197674196,0.2114553742,0.2125432637,0.4696180565,0.5778415106,0.2906419601,1.3499091853,0.1673227051,0.1896073905,0.0715362025,2.6519227595,0.0399425083,0.4310190557,0.1767634011,0.4528369639,8.0,-2.835142776,5.524325595,1405.7970061,-22.59923349,0.0555505442,0.0091567149,0.2900354404,0.1093679819,0.0975088032,0.0820034233,0.3487496141,0.0283224713,0.0485295145,0.0458952513,0.0123577058,0.0119545466,7.01146e-05,0.1768676523,0.0508250361,0.1053565725,18.291715782,1.3822477288,-0.107987276,-0.201101905,0.4498794839,0.8020457376,0.00649179,8121539.71398639,0.71769679,0.0015018,0.72135205,0.00619277,0.00625998,0.00788694,0.01766327,-0.4884689,0.15163048,1.38332124,0.01668739,-1.19952598,0.01677807,-0.8491227,0.02438029,0.04414933,0.02348776,-0.47688621,0.00256807,0.01467598,1.14933249,0.8932664,0.79135691,1.3001645563,1.1095493797,484,1.2379906794,1.3864110885,0.3202874969,0.7828370765
20240628,20240630,247318.0,01W,SWE,0.055603,2024,6,20240531,20240531,6118.953755,23.542746298,6118.953755,0.0096643989,0.0,0.013885253,0.1107274925,-0.040416513,0.1344879335,0.2509496214,0.0535478436,-0.273593357,2.2068476827,0.0668873167,0.0155771476,0.0010823615,0.0359497299,0.1209650803,0.136453091,0.1996053037,-0.001114064,0.2861906283,0.5221282639,1.332652839,-0.000226421,-0.000249549,0.0,0.0038318415,0.0038483125,-1.6471e-05,0.0858634538,0.0104648376,0.0753986162,0.0256043271,-0.025604327,0.0068325187,0.0679940738,0.1204544139,0.4189408437,0.2592783354,0.4736480003,0.2589649254,0.2195125771,-0.063322002,-0.000523869,0.0256043271,-0.069670945,-0.713463278,-0.095275272,-0.975663642,0.7396360332,1.0145471214,1.2710166153,1.8223705556,0.0002137437,0.0534602938,0.0930750928,0.0950850408,8.0,0.0845007526,0.05759882,0.0818716698,0.473322837,0.1049413816,0.0710810599,0.0257397811,-0.014604066,-0.001533532,0.0009514073,0.0813785666,0.0984234099,0.0158765477,0.0587688226,-0.335257735,-1.197674196,0.2114553742,0.2125432637,0.4696180565,0.5778415106,0.2906419601,1.3499091853,0.1673227051,0.1896073905,0.0715362025,2.6519227595,0.0399425083,0.4310190557,0.1767634011,0.4528369639,8.0,-2.835142776,5.524325595,1405.7970061,-22.59923349,0.0555505442,0.0091567149,0.2611220505,0.0984651795,0.0877882323,0.0738285708,0.3139830575,0.0254990279,0.0436916479,0.0413199922,0.0111257765,0.0107628079,6.3125e-05,0.1604480966,0.0461066803,0.1035458704,18.395553762,1.416489452,-0.360663199,-0.546912879,0.4510665417,0.7644459014,0.00679027,7821268.68917075,0.75778101,0.00138654,0.78715715,0.00637834,0.00637318,0.00867275,0.013232,0.14056956,-0.00654866,1.27539603,0.01208237,-0.28879746,0.01242013,0.67498356,0.02679751,0.03090018,0.0169233,-0.3367831,0.00236167,0.01465109,1.33806903,0.96752162,0.79548545,1.3349979154,1.2095939629,485,1.2086729782,1.3887355373,0.3192721074,0.7642253217
20240731,20240731,247318.0,01W,SWE,0.294995,2024,7,20240628,20240630,6459.1881685,24.851802192,6459.1881685,0.0091553317,0.0,0.013885253,0.0556033641,0.0317669148,0.0693518143,0.4643977978,0.0968398783,-0.129566035,2.0007333597,-0.140329802,0.0333892536,0.1468046286,0.0210367434,0.1209650803,0.136453091,0.1996053037,-0.001114064,0.2861906283,0.5221282639,1.332652839,-0.000226421,-0.000249549,0.0,0.0038318415,0.0038483125,-1.6471e-05,0.0858634538,0.0104648376,0.0753986162,0.0256043271,-0.025604327,0.0068325187,0.0679940738,0.1204544139,0.4189408437,0.2592783354,0.4736480003,0.2589649254,0.2195125771,-0.063322002,-0.000523869,0.0256043271,-0.069670945,-0.713463278,-0.095275272,-0.975663642,0.7396360332,1.0145471214,1.2710166153,1.8223705556,0.0002137437,0.0534602938,0.0930750928,0.0950850408,8.0,0.0845007526,0.05759882,0.0818716698,0.473322837,0.1049413816,0.0710810599,0.0257397811,-0.014604066,-0.001533532,0.0009514073,0.0813785666,0.0984234099,0.0158765477,0.0587688226,-0.335257735,-1.197674196,0.2114553742,0.2125432637,0.4696180565,0.5778415106,0.2906419601,1.3499091853,0.1673227051,0.1896073905,0.0715362025,2.6519227595,0.0399425083,0.4310190557,0.1767634011,0.4528369639,8.0,-2.835142776,5.524325595,1405.7970061,-22.59923349,0.0555505442,0.0091567149,0.2473675809,0.0932785768,0.0831640324,0.0699396888,0.2974441615,0.0241558797,0.0413902128,0.0391434829,0.010539732,0.0101958825,5.97999e-05,0.1525490337,0.04383679,0.0979720384,18.444950819,1.4082772856,-0.510444117,-0.690723717,0.4510009854,0.7526978567,0.00672736,7483564.34274887,0.76527607,0.00129675,0.81481511,0.00647986,0.00643512,0.00600369,0.01597466,-0.13222422,0.25374435,2.01111897,0.01471796,-0.15411505,0.01646598,-0.05961454,0.03646369,0.07257867,0.0260152,0.95850078,0.00248286,0.01522224,1.41702643,0.94877453,0.79379634,1.3494203383,1.5891583941,486,1.1402575266,1.3856408611,0.3192721074,0.6546941251
20240830,20240831,247318.0,01W,SWE,-0.008024,2024,8,20240731,20240731,8364.6158141,32.182957393,8364.6158141,0.007069782,0.0,0.013885253,0.294994912,0.1724876777,0.1881695576,0.7005239102,0.3468279682,0.193138199,1.9721565657,-0.081743483,0.0676381987,0.006705873,0.0335851396,0.0564570465,0.0360919275,0.2394170767,-0.089981309,0.3245021299,0.4405719305,0.7348862482,-0.018550483,-6.8227e-05,0.0,-0.019832057,-0.019730248,-0.000101808,0.0629948771,0.0081517394,0.0548431377,0.0215506173,-0.021618844,0.001582278,0.0441328986,0.123532644,0.4298493126,0.2538872546,0.4494882065,0.2421005785,0.2267767079,0.0015256541,0.0017410098,-0.000215356,-0.056612835,-0.577818627,-0.078231679,-0.798471252,0.68942115,1.0045626463,1.2348317595,1.8357634113,,0.0479077865,-0.029423826,0.065298046,8.0,0.0578318631,0.0007324994,0.034425495,0.3883231088,-0.063813629,0.0672154282,0.0253459223,-0.019208467,-0.00459823,,0.1508626067,0.0675621595,0.0493091761,0.0049395531,-4.040654373,-2.22191708,0.1702773153,0.2084119502,0.4541173352,0.5045057266,0.2682209791,1.337622549,0.154589662,0.1972744192,0.0294505094,2.4709983682,0.0394264717,0.4169298193,0.2121595559,0.429445318,6.0,-2.936575973,6.190151007,1433.1621585,-24.58170755,-0.119710934,0.0120145806,0.1862480388,0.0753735985,0.0584226453,0.049499914,0.2238397964,0.0182479918,0.0287920214,0.0271036349,,0.0081176728,,0.1161818226,0.0350090297,0.1096425798,18.654985845,1.4000864459,-0.29175718,-0.364544452,0.5143057195,0.8122586286,0.00585362,7998845.03200827,0.67688577,0.00126098,0.6190839,0.00650682,0.00643813,0.00493689,0.02974294,2.91454307,0.36289829,1.99593993,0.02832876,2.36144811,0.02846097,2.44154573,0.05195508,0.15524352,0.03472947,3.362654,0.00234658,0.01614632,1.45399574,1.0,0.78808415,1.4109507401,2.2111742742,487,1.198491842,1.3152369991,0.4932254888,0.6754516732
20240930,20240930,247318.0,01W,SWE,-0.052438,2024,9,20240830,20240831,8226.8363313,31.652849218,8226.8363313,0.008705969,0.0,0.0085522827,-0.008024222,0.3670009856,0.4569985357,0.7225674258,0.8993988438,0.2344391481,1.5950977122,-0.051170291,0.0715605686,-0.059980218,0.0366152492,0.0564570465,0.0360919275,0.2394170767,-0.089981309,0.3245021299,0.4405719305,0.7348862482,-0.018550483,-6.8227e-05,0.0,-0.019832057,-0.019730248,-0.000101808,0.0629948771,0.0081517394,0.0548431377,0.0215506173,-0.021618844,0.001582278,0.0441328986,0.123532644,0.4298493126,0.2538872546,0.4494882065,0.2421005785,0.2267767079,0.0015256541,0.0017410098,-0.000215356,-0.056612835,-0.577818627,-0.078231679,-0.798471252,0.68942115,1.0045626463,1.2348317595,1.8357634113,,0.0479077865,-0.029423826,0.065298046,8.0,0.0578318631,0.0007324994,0.034425495,0.3883231088,-0.063813629,0.0672154282,0.0253459223,-0.019208467,-0.00459823,,0.1508626067,0.0675621595,0.0493091761,0.0049395531,-4.040654373,-2.22191708,0.1702773153,0.2084119502,0.4541173352,0.5045057266,0.2682209791,1.337622549,0.154589662,0.1972744192,0.0294505094,2.4709983682,0.0394264717,0.4169298193,0.2121595559,0.429445318,6.0,-2.936575973,6.190151007,1433.1621585,-24.58170755,-0.119710934,0.0120145806,0.1893672401,0.0766359228,0.0594010824,0.0503289171,0.2275885682,0.0185536012,0.0292742176,0.0275575548,,0.0082536241,,0.1180343496,0.0355672511,0.1191099033,18.643625176,1.4052764303,0.1048487716,0.2895843808,0.5095289466,0.8394491692,0.00435491,11178855.1781053,2.72283977,0.00158133,2.33653168,0.00606973,0.00617555,0.00507298,0.00837986,-0.14333115,-0.1602288,1.29515924,0.00819887,-0.29665674,0.00630987,-0.3567333,0.01981183,0.03025687,0.01656453,-0.46610837,0.0022709,0.0163301,1.49525658,0.9835283,0.78891222,1.426908316,0.8479241417,488,1.2023966303,1.3231894466,0.4869590959,0.6854210012
20241031,20241031,247318.0,01W,SWE,-0.078256,2024,10,20240930,20240930,7795.4358076,29.993030646,7795.4358076,0.0091877585,0.0,0.0085522827,-0.052438204,0.2846035858,0.3991088155,0.450075137,0.9857700794,0.3739432017,1.5723370982,-0.090972357,0.0750636734,0.0194940561,0.0291995094,0.0564570465,0.0360919275,0.2394170767,-0.089981309,0.3245021299,0.4405719305,0.7348862482,-0.018550483,-6.8227e-05,0.0,-0.019832057,-0.019730248,-0.000101808,0.0629948771,0.0081517394,0.0548431377,0.0215506173,-0.021618844,0.001582278,0.0441328986,0.123532644,0.4298493126,0.2538872546,0.4494882065,0.2421005785,0.2267767079,0.0015256541,0.0017410098,-0.000215356,-0.056612835,-0.577818627,-0.078231679,-0.798471252,0.68942115,1.0045626463,1.2348317595,1.8357634113,,0.0479077865,-0.029423826,0.065298046,8.0,0.0578318631,0.0007324994,0.034425495,0.3883231088,-0.063813629,0.0672154282,0.0253459223,-0.019208467,-0.00459823,,0.1508626067,0.0675621595,0.0493091761,0.0049395531,-4.040654373,-2.22191708,0.1702773153,0.2084119502,0.4541173352,0.5045057266,0.2682209791,1.337622549,0.154589662,0.1972744192,0.0294505094,2.4709983682,0.0394264717,0.4169298193,0.2121595559,0.429445318,6.0,-2.936575973,6.190151007,1433.1621585,-24.58170755,-0.119710934,0.0120145806,0.19984685,0.0808769656,0.0626883467,0.0531141265,0.2401833518,0.0195803602,0.030894257,0.0290825938,,0.0087103808,,0.124236942,0.0374362762,0.124381696,18.605456629,1.4083524081,0.0242943116,0.1419834379,0.5106002411,0.8356479224,0.00559055,12134848.9285403,2.49897985,0.00164713,2.23016716,0.00598905,0.00614009,0.00657902,0.01420576,-0.71804865,-0.04412359,1.41881023,0.01295298,0.35621274,0.01319216,0.20762672,0.02145743,0.0307117,0.01911697,-0.51401099,0.00208384,0.01655972,1.47128092,0.92541415,0.78984857,1.4273642143,0.917127348,489,1.1963533297,1.3218026929,0.4836321971,0.6701562566
20241129,20241130,247318.0,01W,SWE,-0.006052,2024,11,20241031,20241031,7185.3960026,27.645895346,7185.3960026,0.0099677988,0.0,0.0085522827,-0.078256023,-0.06004165,0.4272004023,0.4462890339,1.0699479022,0.5613504029,1.1887588458,0.2784229973,0.0426383079,0.0875492597,0.0193920733,0.0862780944,0.0578877293,0.5842454467,-0.068097739,0.34419927,0.4050836525,1.200480191,-0.013084347,-6.8227e-05,0.0,0.0066753675,0.0030746614,0.0036007061,0.0577331176,0.0077308957,0.0500022218,0.0320289152,-0.032028915,0.0029921415,0.0365909481,0.127167927,0.4182855398,0.2437831615,0.4625808365,0.2520943045,0.2275250176,0.0015256541,0.0017410098,0.0320289152,-0.049670159,-0.504812805,-0.081699074,-0.830332331,0.7026761559,0.96699041,1.2052151417,1.7891698246,,0.0638719167,-0.029423826,0.065298046,8.0,0.0582276864,0.0007324994,0.0551577285,0.3975891875,0.0876841078,0.0718320245,0.0290700412,0.0094556057,0.0053097356,,0.1542758731,-0.012534232,0.0622731815,-0.016676245,0.0499236995,1.6401559646,0.3880576167,0.2108607026,0.454374419,0.510434055,0.2648163081,1.3367695903,0.1480633817,0.1941130027,0.0127016737,2.5621104508,0.0393890458,0.4169298193,0.2712916801,0.450203765,7.0,-2.904947589,6.190151007,1433.1621585,-24.58170755,0.3049885765,0.0093805557,0.23210014,0.0905894357,0.0743728894,0.0595482086,0.2686217427,0.0228370808,0.0343655316,0.0319727227,,0.0094498918,,0.1416996821,0.0425215717,0.1457050562,18.513297888,1.4051232074,0.0021101733,0.1188456865,0.5068113516,0.828902923,0.00579289,12932575.3189475,2.31952551,0.00171059,2.12616598,0.00591434,0.00617271,0.00680654,0.01829444,-1.00347365,0.3754713,1.28885621,0.01750427,-0.25871934,0.01581575,-0.39391436,0.02771488,0.05719356,0.02355549,0.34049284,0.00182008,0.01691662,1.42602648,0.85299492,0.79299339,1.4991069419,1.1737779754,490,1.1008506576,1.2703668399,0.3946445754,0.6193572401
20241230,20241231,247318.0,01W,SWE,-0.007545,2024,12,20241129,20241130,7141.9114742,27.478588113,7141.9114742,0.0100284892,0.0,0.0085522827,-0.006051793,-0.126590622,0.1843709492,0.2623449118,0.4924340499,0.1344879335,1.7978487807,0.1783838777,0.0258714288,0.0648177044,0.0277838485,0.0862780944,0.0578877293,0.5842454467,-0.068097739,0.34419927,0.4050836525,1.200480191,-0.013084347,-6.8227e-05,0.0,0.0066753675,0.0030746614,0.0036007061,0.0577331176,0.0077308957,0.0500022218,0.0320289152,-0.032028915,0.0029921415,0.0365909481,0.127167927,0.4182855398,0.2437831615,0.4625808365,0.2520943045,0.2275250176,0.0015256541,0.0017410098,0.0320289152,-0.049670159,-0.504812805,-0.081699074,-0.830332331,0.7026761559,0.96699041,1.2052151417,1.7891698246,,0.0638719167,-0.029423826,0.065298046,8.0,0.0582276864,0.0007324994,0.0551577285,0.3975891875,0.0876841078,0.0718320245,0.0290700412,0.0094556057,0.0053097356,,0.1542758731,-0.012534232,0.0622731815,-0.016676245,0.0499236995,1.6401559646,0.3880576167,0.2108607026,0.454374419,0.510434055,0.2648163081,1.3367695903,0.1480633817,0.1941130027,0.0127016737,2.5621104508,0.0393890458,0.4169298193,0.2712916801,0.450203765,7.0,-2.904947589,6.190151007,1433.1621585,-24.58170755,0.3049885765,0.0093805557,0.2335133142,0.0911410022,0.0748257192,0.0599107762,0.2702572838,0.0229761276,0.034574771,0.0321673931,,0.0095074287,,0.1425136736,0.0427658361,0.1191436226,18.508304987,1.4060538609,-0.003249521,0.2446949107,0.5093445345,0.8183738958,0.00626084,13512696.1732712,2.22850241,0.00176424,2.07569805,0.00585513,0.00622441,0.0059523,0.0099391,0.12547859,-0.26481509,1.39064159,0.00973086,0.07537014,0.00991564,0.03863667,0.02296532,0.0298174,0.01985769,-0.30883803,0.00175729,0.01659572,1.42503069,0.84783277,0.7947325,1.5099252569,1.0109726867,491,1.1236813012,1.2672100273,0.4071309062,0.634133542
20250131,20250131,247318.0,01W,SWE,0.07622,2025,1,20241230,20241231,7088.0278461,27.271270223,7088.0278461,0.0101047264,0.0,0.0085522827,-0.007544707,-0.083834227,0.1151947991,0.214599501,0.2588445719,0.0693518143,1.8232074005,-0.049957672,0.0297271529,-0.044504548,0.0379627915,0.0862780944,0.0578877293,0.5842454467,-0.068097739,0.34419927,0.4050836525,1.200480191,-0.013084347,-6.8227e-05,0.0,0.0066753675,0.0030746614,0.0036007061,0.0577331176,0.0077308957,0.0500022218,0.0320289152,-0.032028915,0.0029921415,0.0365909481,0.127167927,0.4182855398,0.2437831615,0.4625808365,0.2520943045,0.2275250176,0.0015256541,0.0017410098,0.0320289152,-0.049670159,-0.504812805,-0.081699074,-0.830332331,0.7026761559,0.96699041,1.2052151417,1.7891698246,,0.0638719167,-0.029423826,0.065298046,8.0,0.0582276864,0.0007324994,0.0551577285,0.3975891875,0.0876841078,0.0718320245,0.0290700412,0.0094556057,0.0053097356,,0.1542758731,-0.012534232,0.0622731815,-0.016676245,0.0499236995,1.6401559646,0.3880576167,0.2108607026,0.454374419,0.510434055,0.2648163081,1.3367695903,0.1480633817,0.1941130027,0.0127016737,2.5621104508,0.0393890458,0.4169298193,0.2712916801,0.450203765,7.0,-2.904947589,6.190151007,1433.1621585,-24.58170755,0.3049885765,0.0093805557,0.2352884969,0.0918338618,0.0753945489,0.0603662216,0.2723117965,0.0231507935,0.0348376105,0.0324119316,,0.0095797048,,0.143535394,0.0430724364,0.1036649442,18.50203307,1.3962407747,0.0119352205,0.1297809942,0.5077424945,0.8192805419,0.00619528,14062728.6071305,2.14115561,0.00182321,2.0114473,0.00581158,0.00624685,0.00626649,0.01300001,-0.417712,-0.63792585,1.28016519,0.00977015,-0.27798023,0.01377015,-0.1442223,0.0194847,0.02725986,0.01905644,-1.08136237,0.001588,0.01678914,1.49952246,0.84143612,0.79905077,1.5496642157,0.8720517378,492,1.1176763216,1.2653895627,0.404955189,0.6168412567
20250228,20250228,247318.0,01W,SWE,0.027414,2025,2,20250131,20250131,7628.2757239,29.349880265,7628.2757239,0.0093890919,0.0,0.0085522827,0.0762197736,-0.013550841,-0.145339514,0.2976870624,0.3150434689,0.1881695576,1.8406035056,0.05605702,0.0315601305,0.0202729774,0.0322061561,0.185861921,0.0605766177,0.5022725441,0.0257923356,0.3993193368,0.378599857,1.1893883636,0.0046255005,-6.8227e-05,0.0,0.0315742951,0.0189469386,0.0126273565,0.1126393607,0.015228502,0.0974108588,0.0683375512,-0.068337551,0.0015053074,0.054218511,0.1266864574,0.4057699215,0.2357797033,0.481233763,0.2625080468,0.2154267269,0.0015256541,0.0017410098,0.0683375512,-0.048379557,-0.512532675,-0.116717108,-1.236500199,0.7819355354,0.9372670098,1.2165994412,1.7004716318,,0.0573907241,-0.029423826,0.065298046,8.0,0.1304901294,0.0007324994,0.1079108359,0.4799682582,0.129092928,0.0661933431,0.025835476,-0.001318105,-0.000104442,,0.0709052538,-0.078029161,0.0636767704,-0.032642629,0.5403119183,-0.417317621,0.3925576887,0.2222306977,0.4811870986,0.5666788007,0.2796021718,1.3320030739,0.1427726738,0.1874001465,-0.019677107,2.7810083514,0.0392962096,0.4169298193,0.2954982798,0.4764847539,6.0,-2.647815529,6.190151007,1433.1621585,-24.58170755,0.0852614894,0.011872194,0.2324196017,0.0835738597,0.0830180793,0.0696793501,0.2606027357,0.0219388107,0.033183168,0.0307917585,,0.0089012533,,0.143270233,0.0407182465,0.1114852751,18.528511081,,,,0.4924483255,0.8036562117,0.00631514,13281512.3228186,2.28179815,0.001735,2.12760052,0.00589092,0.00631683,0.00367394,0.01215385,-0.34624318,0.2857959,2.01346509,0.0105804,-0.02509153,0.01091169,0.21784905,0.02464637,0.04543737,0.01734081,0.16279712,0.00165806,0.01694779,1.48475327,0.90557019,0.80039357,1.5677487261,1.1104824191,493,0.9375643155,1.2751054169,0.1605259002,0.492628694
20250331,20250331,247318.0,01W,SWE,-0.032661,2025,3,20250228,20250228,7837.3993702,30.154485945,7837.3993702,0.0091385648,0.0,0.0085522827,0.0274142747,0.068100011,-0.072757082,0.2573709447,0.3401509176,0.4569985357,2.2062124777,0.0330199056,0.0310505277,0.0196747004,0.0349974468,0.185861921,0.0605766177,0.5022725441,0.0257923356,0.3993193368,0.378599857,1.1893883636,0.0046255005,-6.8227e-05,0.0,0.0315742951,0.0189469386,0.0126273565,0.1126393607,0.015228502,0.0974108588,0.0683375512,-0.068337551,0.0015053074,0.054218511,0.1266864574,0.4057699215,0.2357797033,0.481233763,0.2625080468,0.2154267269,0.0015256541,0.0017410098,0.0683375512,-0.048379557,-0.512532675,-0.116717108,-1.236500199,0.7819355354,0.9372670098,1.2165994412,1.7004716318,,0.0573907241,-0.029423826,0.065298046,8.0,0.1304901294,0.0007324994,0.1079108359,0.4799682582,0.129092928,0.0661933431,0.025835476,-0.001318105,-0.000104442,,0.0709052538,-0.078029161,0.0636767704,-0.032642629,0.5403119183,-0.417317621,0.3925576887,0.2222306977,0.4811870986,0.5666788007,0.2796021718,1.3320030739,0.1427726738,0.1874001465,-0.019677107,2.7810083514,0.0392962096,0.4169298193,0.2954982798,0.4764847539,6.0,-2.647815529,6.190151007,1433.1621585,-24.58170755,0.0852614894,0.011872194,0.2262179994,0.0813438763,0.0808029257,0.0678201109,0.2536491288,0.0213534221,0.0322977486,0.0299701486,,0.0086637431,,0.1396901835,0.0397007752,0.1064104922,18.54998598,,,,0.4929303667,0.7997322955,0.00599227,10395328.1308097,0.60892354,0.00138717,0.61805315,0.00629796,0.00632401,0.00475287,0.01180501,-1.56224136,0.04339583,1.3284286,,,,,0.02562336,0.04686984,0.02083138,-0.06879738,0.00176904,0.01604319,1.42357956,0.92331767,0.79833952,1.5077613799,1.1772748409,494,0.9696676109,1.2724868194,0.1686378454,0.5289911017
20250430,20250430,247318.0,01W,SWE,0.14962,2025,4,20250331,20250331,7582.0419503,29.169598038,7582.0419503,0.0094463447,8.21829e-05,0.0084701033,-0.032661406,0.1057235581,0.0053830939,0.2237938047,0.3328786556,0.3991088155,2.8647912408,-0.071089064,0.0345439511,0.0700432626,0.0344192024,0.185861921,0.0605766177,0.5022725441,0.0257923356,0.3993193368,0.378599857,1.1893883636,0.0046255005,-6.8227e-05,0.0,0.0315742951,0.0189469386,0.0126273565,0.1126393607,0.015228502,0.0974108588,0.0683375512,-0.068337551,0.0015053074,0.054218511,0.1266864574,0.4057699215,0.2357797033,0.481233763,0.2625080468,0.2154267269,0.0015256541,0.0017410098,0.0683375512,-0.048379557,-0.512532675,-0.116717108,-1.236500199,0.7819355354,0.9372670098,1.2165994412,1.7004716318,,0.0573907241,-0.029423826,0.065298046,8.0,0.1304901294,0.0007324994,0.1079108359,0.4799682582,0.129092928,0.0661933431,0.025835476,-0.001318105,-0.000104442,,0.0709052538,-0.078029161,0.0636767704,-0.032642629,0.5403119183,-0.417317621,0.3925576887,0.2222306977,0.4811870986,0.5666788007,0.2796021718,1.3320030739,0.1427726738,0.1874001465,-0.019677107,2.7810083514,0.0392962096,0.4169298193,0.2954982798,0.4764847539,6.0,-2.647815529,6.190151007,1433.1621585,-24.58170755,0.0852614894,0.011872194,0.2338368499,0.0840834763,0.0835243069,0.0701042408,0.262191839,0.0220725891,0.0333855123,0.0309795205,,0.0089555314,,0.1440866331,0.0409502722,0.1034803347,18.523603436,,,,0.4469222647,0.790379205,0.00532621,10388551.3701978,0.87836264,0.00138378,0.8629242,0.00630495,0.00627917,0.00820505,0.01100502,0.21384084,-0.2270299,0.84566335,,,,,0.02741931,0.04301896,0.02135137,0.30108226,0.00187913,0.01611045,1.40544698,0.89316082,0.78566428,1.4244022949,1.2384952348,495,0.9513918259,1.267451518,0.1695549789,0.4733678796
20250530,20250531,247318.0,01W,SWE,0.024211,2025,5,20250430,20250430,8716.4666389,33.53395165,8716.4666389,0.0082169284,8.21829e-05,0.0084701033,0.1496199436,-0.00614252,0.05511497,-0.08584739,0.3880178548,0.4272004023,2.2289339711,0.1107274925,0.0380796285,0.0645693324,0.0307594318,0.0536818573,0.035764345,0.0580443841,-0.02562891,0.3880045374,0.3375119013,0.5588409537,-0.004937905,-6.8227e-05,0.0,0.0017567233,0.0034668013,-0.001710078,0.0422335241,0.0045161606,0.0377173635,0.025320984,-0.025320984,0.001282328,0.0176429854,0.1283877129,0.4283872797,0.2298696719,0.48986234,0.2674436449,0.2291608389,0.0015256541,0.0017410098,0.025320984,-0.029930668,-0.298026609,-0.055251652,-0.550153521,0.6977609852,0.9868209395,1.2128873114,1.7849125412,,0.0576933398,-0.029423826,0.065298046,8.0,0.0379402234,0.0007324994,0.0411833506,0.2692356548,0.0040761861,0.0630682246,0.022678186,-0.008012835,-0.003061595,,0.128089531,0.0579758297,0.0589914822,-0.031732665,-1.211594696,-0.808950907,0.0852398724,0.2106721007,0.4513839045,0.5140123047,0.2422095028,1.3313041254,0.1303601849,0.1999390036,-0.03696252,2.6629984279,0.0340197358,0.4169298193,0.1492696683,0.4155237636,6.0,-2.781746823,6.190151007,1433.1621585,-24.58170755,0.2050623274,0.0099818243,0.1931477923,0.0725301939,0.0665179726,0.0553746314,0.2282989267,0.0193977394,0.0251787819,0.0234172431,,0.007789993,,0.1211937652,0.0365915344,0.102074989,18.668314379,,,,0.3784693147,0.7818673546,0.0060723,10160857.8400072,0.91165817,0.0013434,0.90489405,0.00601047,0.00628034,0.00368346,0.01239336,-0.09645904,-0.47899464,1.07661569,,,,,0.04169124,0.07922259,0.03469955,-1.12574241,0.00207218,0.01576137,1.28536315,1.0,0.78770175,1.2892485768,1.7931258001,496,1.0521908733,1.1936974894,0.4107718023,0.5737233765
20250630,20250630,247318.0,01W,SWE,-0.013043,2025,6,20250530,20250531,8927.5017703,34.345845068,8927.5017703,0.0080226903,8.21829e-05,0.0084701033,0.0242110869,0.1120717399,0.2203666183,0.059429166,0.4366197097,0.1843709492,1.6686163027,0.0556033641,0.0352257851,-0.017238223,0.0328961508,0.0536818573,0.035764345,0.0580443841,-0.02562891,0.3880045374,0.3375119013,0.5588409537,-0.004937905,-6.8227e-05,0.0,0.0017567233,0.0034668013,-0.001710078,0.0422335241,0.0045161606,0.0377173635,0.025320984,-0.025320984,0.001282328,0.0176429854,0.1283877129,0.4283872797,0.2298696719,0.48986234,0.2674436449,0.2291608389,0.0015256541,0.0017410098,0.025320984,-0.029930668,-0.298026609,-0.055251652,-0.550153521,0.6977609852,0.9868209395,1.2128873114,1.7849125412,,0.0576933398,-0.029423826,0.065298046,8.0,0.0379402234,0.0007324994,0.0411833506,0.2692356548,0.0040761861,0.0630682246,0.022678186,-0.008012835,-0.003061595,,0.128089531,0.0579758297,0.0589914822,-0.031732665,-1.211594696,-0.808950907,0.0852398724,0.2106721007,0.4513839045,0.5140123047,0.2422095028,1.3313041254,0.1303601849,0.1999390036,-0.03696252,2.6629984279,0.0340197358,0.4169298193,0.1492696683,0.4155237636,6.0,-2.781746823,6.190151007,1433.1621585,-24.58170755,0.2050623274,0.0099818243,0.1885820167,0.0708156695,0.0649455697,0.0540656434,0.2229022216,0.0189392008,0.0245835866,0.0228636883,,0.0076058472,,0.1184758404,0.0357709226,0.0933228194,18.684034607,,,,0.378070226,0.7920742571,0.00515568,11567978.7523045,0.86917358,0.00144665,0.84146947,0.00587163,0.00618523,0.00621316,0.01196886,0.9795449,-0.44641042,0.56410239,,,,,0.02202708,0.02704304,0.01819466,-0.74694266,0.00181798,0.01568847,1.27750843,0.93004135,0.79443756,1.3077232877,0.9441903844,497,1.0381239547,1.1819876062,0.4006405881,0.5378422028
