date,ret_eom,gvkey,iid,excntry,stock_ret,year,month,char_date,char_eom,me,prc,market_equity,div12m_me,chcsho_12m,eqnpo_12m,ret_1_0,ret_3_1,ret_6_1,ret_9_1,ret_12_1,ret_12_7,ret_60_12,seas_1_1an,seas_1_1na,seas_2_5an,seas_2_5na,at_gr1,sale_gr1,capx_gr1,inv_gr1,debt_gr3,sale_gr3,capx_gr3,inv_gr1a,lti_gr1a,sti_gr1a,coa_gr1a,col_gr1a,cowc_gr1a,ncoa_gr1a,ncol_gr1a,nncoa_gr1a,fnl_gr1a,nfna_gr1a,tax_gr1a,be_gr1a,ebit_sale,gp_at,cop_at,ope_be,ni_be,ebit_bev,netis_at,eqnetis_at,dbnetis_at,oaccruals_at,oaccruals_ni,taccruals_at,taccruals_ni,noa_at,opex_at,at_turnover,sale_bev,rd_sale,cash_at,sale_emp_gr1,emp_gr1,ni_inc8q,noa_gr1a,ppeinv_gr1a,lnoa_gr1a,capx_gr2,saleq_gr1,niq_be,niq_at,niq_be_chg1,niq_at_chg1,rd5_at,dsale_dinv,dsale_drec,dgp_dsale,dsale_dsga,saleq_su,niq_su,capex_abn,op_atl1,gp_atl1,ope_bel1,cop_atl1,pi_nix,ocf_at,op_at,ocf_at_chg1,at_be,ocfq_saleq_std,tangibility,earnings_variability,aliq_at,f_score,o_score,z_score,intrinsic_value,kz_index,ni_ar1,ni_ivol,at_me,be_me,debt_me,netdebt_me,sale_me,ni_me,ocf_me,fcf_me,eqpo_me,eqnpo_me,rd_me,bev_mev,ebitda_mev,aliq_mat,eq_dur,beta_60m,resff3_12_1,resff3_6_1,mispricing_mgmt,mispricing_perf,zero_trades_21d,dolvol_126d,dolvol_var_126d,turnover_126d,turnover_var_126d,zero_trades_126d,zero_trades_252d,bidaskhl_21d,ivol_capm_21d,iskew_capm_21d,coskew_21d,beta_dimson_21d,ivol_ff3_21d,iskew_ff3_21d,ivol_hxz4_21d,iskew_hxz4_21d,rmax5_21d,rmax1_21d,rvol_21d,rskew_21d,ami_126d,ivol_capm_252d,betadown_252d,prc_highprc_252d,corr_1260d,betabab_1260d,rmax5_rvol_21d,age,qmj,qmj_prof,qmj_growth,qmj_safety
20050228,20050228,242610.0,01W,KOR,0.0515,2005,2,20050131,20050131,6.2280574973,0.4435938388,6.2280574973,0.0391879814,0.0,0.0476280486,0.2346933747,0.063009468,0.0253296157,-0.194283171,-0.069536767,0.0073349982,,0.0216109258,0.0174759564,,,,,,,,,,,,,,,,,,,,,,,,,,,,,,,,,,,,,,,,,,,,,,,,,,,,,,,,,,,,,,,,,,,,,,,,,,,,,,,,,,,,,,,,,,,,,,,,,0.6812027655,-0.12076717,-1.153873409,,0.3101207057,0.00049123,32858.39935242,2.84731169,0.00558153,2.46026691,0.00207946,0.00144655,0.01947756,0.04598361,1.10942336,0.19756113,0.65276167,0.04775058,0.96882673,,,0.07230481,0.1225262,0.04648786,0.98378202,5.35395515,0.02952529,0.74364065,0.85126611,0.35025333,0.658512426,2.3944974315,253,,,,0.7876937473
20050331,20050331,242610.0,01W,KOR,0.308786,2005,3,20050228,20050228,6.5488039377,0.4664390269,6.5488039377,0.0372686377,0.0,0.0476280486,0.0515002375,0.2103108246,0.2921828801,0.1662117266,0.1245345562,-0.111719382,,0.240919766,0.0002559993,,,,,,,,,,,,,,,,,,,,,,,,,,,,,,,,,,,,,,,,,,,,,,,,,,,,,,,,,,,,,,,,,,,,,,,,,,,,,,,,,,,,,,,,,,,,,,,,,0.6815307332,0.0482959155,0.1350225816,,0.3320930233,0.0006487,46175.59610092,2.39264988,0.00748263,2.18969898,0.0016436,0.0013397,0.01282567,0.02743348,0.30487692,0.05565641,1.13814492,0.02896534,0.19264232,,,0.04004887,0.0558283,0.03277764,-0.22362265,3.1777553,0.03005711,0.68274674,0.89510651,0.35144503,0.6686588636,1.2985721155,254,,,,0.8040094679
20050429,20050430,242610.0,01W,KOR,-0.063496,2005,4,20050331,20050331,8.5709846795,0.6104689943,8.5709846795,0.0284757249,0.0,0.0476280486,0.3087862701,0.2982803767,0.3434547301,0.1992059829,-0.047119415,-0.298697931,,-0.089064661,0.0364242658,,,,,,,,,,,,,,,,,,,,,,,,,,,,,,,,,,,,,,,,,,,,,,,,,,,,,,,,,,,,,,,,,,,,,,,,,,,,,,,,,,,,,,,,,,,,,,,,,0.6057680692,-0.125628949,0.3339236203,,0.1316033364,0.00022489,91279.16631986,2.28929371,0.01332916,2.04206519,0.00082726,0.00121002,0.01579498,0.04791064,0.5937777,-0.21880069,-1.92477308,0.04930739,0.44716528,,,0.08793065,0.11933409,0.05176666,0.5867294,3.00437704,0.03008829,0.84213099,1.0,0.33794324,0.6561207213,2.8247143448,255,,,,0.9698072585
20050531,20050531,242610.0,01W,KOR,0.723199,2005,5,20050429,20050430,8.0267579622,0.5717064076,8.0267579622,0.0304064234,0.0,0.0476280486,-0.063496405,0.3761890739,0.8062354262,0.7422108937,0.3690510992,-0.221375812,,-0.146970307,0.0440128023,,,,,,,,,,,,,,,,,,,,,,,,,,,,,,,,,,,,,,,,,,,,,,,,,,,,,,,,,,,,,,,,,,,,,,,,,,,,,,,,,,,,,,,,,,,,,,,,,0.6104963645,0.2036715313,0.5528890756,,0.4647887324,6.394e-05,243253.95323326,2.01406135,0.02900511,1.69746488,0.00027514,0.00056104,0.02406602,0.08035402,-0.10675155,-0.26901009,2.5126752,0.08067331,-0.11213508,,,0.10122371,0.14778313,0.0830021,-0.09116404,2.17326335,0.03690808,0.82506158,0.68376952,0.33758716,0.8072456343,2.6663182796,256,,,,0.2741623818
20050630,20050630,242610.0,01W,KOR,0.881489,2005,6,20050531,20050531,13.831703015,0.9851640324,13.831703015,0.0176453327,0.0,0.0476280486,0.7231992144,0.2256830466,0.5598558703,0.6653730679,0.5030206876,-0.111451468,,0.0225698713,0.1077063789,,,,,,,,,,,,,,,,,,,,,,,,,,,,,,,,,,,,,,,,,,,,,,,,,,,,,,,,,,,,,,,,,,,,,,,,,,,,,,,,,,,,,,,,,,,,,,,,,0.6801266166,0.1252730915,0.3843790264,,0.507068803,4.572e-05,540678.22615299,1.59028573,0.05347313,1.32825032,0.00012655,0.00025848,0.02291101,0.09869161,-0.33160071,0.06542692,-4.45010546,0.09282837,-0.03896145,,,0.14636421,0.14969543,0.09930203,-0.3057037,0.79367841,0.04679519,1.12227405,0.91002895,0.31913912,1.1156677215,3.0921882063,257,,,,-0.712114145
20050729,20050731,242610.0,01W,KOR,0.310744,2005,7,20050630,20050630,26.024197431,1.8535753156,26.024197431,0.0093783873,0.0,0.0476280486,0.8814890259,0.6137822586,1.7420928724,1.8375054464,1.5328382352,-0.057703682,,-0.09913069,0.1968536258,,,,,,,,,,,,,,,,,,,,,,,,,,,,,,,,,,,,,,,,,,,,,,,,,,,,,,,,,,,,,,,,,,,,,,,,,,,,,,,,,,,,,,,,,,,,,,,,,0.7006327342,0.1295470026,0.5757213152,,0.8658536585,7.219e-05,992806.69330285,1.40644461,0.07084645,1.0502329,9.429e-05,0.00018659,0.01109818,0.08964592,0.12974179,-0.10040925,4.09350854,0.06733478,0.48920053,,,0.1486329,0.15074213,0.0897049,0.09321143,0.30701506,0.05356137,1.63148387,0.75318987,0.29243599,1.2905414146,2.7548579262,258,,,,-0.935816725
20050831,20050831,242610.0,01W,KOR,-0.234636,2005,8,20050729,20050731,36.649707304,2.4295624965,36.649707304,0.0066593984,0.0744230769,-0.024155796,0.3107438775,2.2421804113,3.1785416147,4.484297207,4.2898986477,0.0253296157,,-0.020287528,0.22694739,,,,,,,,,,,,,,,,,,,,,,,,,,,,,,,,,,,,,,,,,,,,,,,,,,,,,,,,,,,,,,,,,,,,,,,,,,,,,,,,,,,,,,,,,,,,,,,,,0.7532815208,0.2839443449,0.7436306016,,0.9747663551,2.77e-05,2203644.87477404,1.43318856,0.11642494,1.03816672,5.512e-05,0.00010752,0.03304803,0.09170862,0.15776995,-0.61666191,4.70068628,0.09641901,0.23695831,,,0.1440915,0.15042333,0.09387157,0.09836675,0.14596629,0.05947178,1.87322477,0.98723902,0.28756516,1.4393838142,2.4008766308,259,,,,-1.212171824
20050930,20050930,242610.0,01W,KOR,-0.01933,2005,9,20050831,20050831,31.45059751,1.859499453,31.45059751,0.007760266,0.2046634615,-0.138572194,-0.23463609,1.4661502214,4.2087461734,5.62886977,6.0772828411,0.2921828801,,0.0113705917,0.2045831462,,,,,,,,,,,,,,,,,,,,,,,,,,,,,,,,,,,,,,,,,,,,,,,,,,,,,,,,,,,,,,,,,,,,,,,,,,,,,,,,,,,,,,,,,,,,,,,,,0.7846161104,0.4344207334,1.1853547121,,0.9822761194,2.85e-05,3699487.96741527,1.1801968,0.15411887,0.84120174,4.603e-05,7.834e-05,0.03313277,0.08069191,-0.20711013,-0.01911405,6.06172831,0.06962666,0.12888911,,,0.12242211,0.14964624,0.09416683,0.18932959,0.09263575,0.06394078,2.31083772,0.66129783,0.28808741,1.5370009434,1.8815725849,260,,,,-1.378266658
20051031,20051031,242610.0,01W,KOR,-0.173957,2005,10,20050930,20050930,33.807695226,1.8038419077,33.807695226,0.0108094469,0.3349038462,-0.277989594,-0.019329627,0.0031960597,2.0460178493,4.175706815,4.3557982752,0.3434547301,,-0.026541568,0.2052387773,,,,,,,,,,,,,,,,,,,,,,,,,,,,,,,,,,,,,,,,,,,,,,,,,,,,,,,,,,,,,,,,,,,,,,,,,,,,,,,,,,,,,,,,,,,,,,,,,0.7515401261,0.4077960571,0.6493853518,,0.9810606061,4.267e-05,4643813.47889087,0.92811914,0.17510264,0.69087928,3.975e-05,6.962e-05,0.0235015,0.06815164,0.83618058,-0.29698977,7.32448104,0.06986423,0.51990203,,,0.09392342,0.14825367,0.06830016,0.85973036,0.04418273,0.06640331,2.51970297,0.64150422,0.28327767,1.5682780864,1.391290003,261,,,,-1.414347884
20051130,20051130,242610.0,01W,KOR,0.179658,2005,11,20051031,20051031,27.926611506,1.490051062,27.926611506,0.0130858155,0.3349038462,-0.277989594,-0.173956955,-0.249430288,2.1896721792,3.1108686894,4.3954771186,0.8062354262,,0.0844245303,0.1817495514,,,,,,,,,,,,,,,,,,,,,,,,,,,,,,,,,,,,,,,,,,,,,,,,,,,,,,,,,,,,,,,,,,,,,,,,,,,,,,,,,,,,,,,,,,,,,,,,,0.7821267821,0.3671458943,0.5265897832,,0.9689849624,8.004e-05,4905250.32609327,0.84274158,0.17276584,0.69648601,4.072e-05,6.625e-05,0.01111547,0.04163835,1.11196671,-0.04047015,2.40731558,0.04189074,0.96572421,,,0.04981245,0.14738692,0.05102406,1.13059198,0.03323611,0.0671589,2.86985442,0.5299101,0.29026108,1.6348903712,0.7238497903,262,,,,-1.47464294
20051229,20051231,242610.0,01W,KOR,-0.216265,2005,12,20051130,20051130,39.073441824,1.6145852187,39.073441824,0.0093527078,0.5832785729,-0.448628073,0.1796578844,-0.189924059,0.5290202649,2.2294376817,3.1099184161,0.5598558703,,-0.019747859,0.1998773462,,,,,,,,,,,,,,,,,,,,,,,,,,,,,,,,,,,,,,,,,,,,,,,,,,,,,,,,,,,,,,,,,,,,,,,,,,,,,,,,,,,,,,,,,,,,,,,,,0.799895066,0.3192137243,0.1783813718,,0.9438202247,7.13e-05,5126341.66820908,0.81536914,0.16316495,0.77016163,4.203e-05,6.183e-05,0.01132377,0.0455321,0.75689702,-0.02999026,-0.19142056,0.04158411,0.51094845,,,0.07703196,0.11272377,0.04590882,0.88167615,0.023739,0.06821481,2.94157254,0.62511262,0.28699744,1.6259101858,1.1056657565,263,,,,-1.474383326
20060131,20060131,242610.0,01W,KOR,-0.082756,2006,1,20051229,20051231,30.623206122,1.2654062106,30.623206122,0.0119335148,0.5832785729,-0.448628073,-0.216265456,-0.025551809,-0.041333334,1.910812644,3.9459699793,1.7420928724,,0.2346933747,0.1588810889,,,,,,,,,,,,,,,,,,,,,,,,,,,,,,,,,,,,,,,,,,,,,,,,,,,,,,,,,,,,,,,,,,,,,,,,,,,,,,,,,,,,,,,,,,,,,,,,,0.7440152616,0.3360306628,-0.427381443,,0.9555143652,0.00014639,5021154.67659954,0.84172491,0.15531311,0.82989081,3.858e-05,5.812e-05,0.01008672,0.02477221,0.74071039,-0.44710902,1.82787291,0.02587465,0.46239149,,,0.02758219,0.04380625,0.02734508,0.31416484,0.01412188,0.0687116,3.01461362,0.48992236,0.28474674,1.6692374705,0.3933347805,264,,,,-1.457191544
20060228,20060228,242610.0,01W,KOR,0.028716,2006,2,20060131,20060131,28.717743977,1.1606857143,28.717743977,0.0127253201,0.6187221841,-0.470767393,-0.082756427,-0.075461366,-0.426783375,1.4359804213,2.1395062186,3.1785416147,,0.0515002375,0.1466759376,,,,,,,,,,,,,,,,,,,,,,,,,,,,,,,,,,,,,,,,,,,,,,,,,,,,,,,,,,,,,,,,,,,,,,,,,,,,,,,,,,,,,,,,,,,,,,,,,0.7316081546,0.2276839584,-2.615949775,,0.8983516484,0.00011854,4174531.46784926,0.93331742,0.11912378,0.85589019,4.85e-05,5.688e-05,0.0070572,0.05854513,0.68760562,-0.10262758,2.03230554,0.05405552,0.40544442,,,0.07688548,0.14472092,0.06401682,0.11806834,0.01659027,0.06950977,3.14951218,0.44937813,0.30150033,1.7258685363,1.0787304889,265,,,,-1.555097651
20060331,20060331,242610.0,01W,KOR,-0.107274,2006,3,20060228,20060228,29.542388638,1.1940153964,29.542388638,0.0123701062,0.6187221841,-0.470767393,0.0287155099,-0.281124526,-0.313033632,0.2966506527,1.7386507388,4.2087461734,,0.3087862701,0.1212149594,0.0783432514,,,,,,,,,,,,,,,,,,,,,,,,,,,,,,,,,,,,,,,,,,,,,,,,,,,,,,,,,,,,,,,,,,,,,,,,,,,,,,,,,,,,,,,,,,,,,,,,0.7265829888,0.2235636972,-2.198912712,,0.8958333333,0.00024187,2780637.78035068,0.93966369,0.08131847,0.85046175,7.792e-05,5.585e-05,0.0214537,0.03599123,0.71135314,0.09732402,0.99770995,0.03480919,0.899512,,,0.05428927,0.09658003,0.04038789,0.44661829,0.01989816,0.06941579,3.00194689,0.46228225,0.29774447,1.6524977183,0.7620557667,266,,,,-1.558758842
20060428,20060430,242610.0,01W,KOR,0.06909,2006,4,20060331,20060331,26.373256125,1.0659284952,26.373256125,0.0138565554,0.6187221841,-0.470767393,-0.107274078,-0.05641731,-0.279377682,-0.29104841,1.1525993628,2.0460178493,-0.287166913,-0.063496405,0.1172351709,0.090749608,,,,,,,,,,,,,,,,,,,,,,,,,,,,,,,,,,,,,,,,,,,,,,,,,,,,,,,,,,,,,,,,,,,,,,,,,,,,,,,,,,,,,,,,,,,,,,,,0.7521872093,0.1503750997,-1.331874247,,0.7642276423,0.00052119,1885977.30173149,1.02582536,0.05791368,0.94374508,0.00012292,5.522e-05,0.01063526,0.02147988,0.22624328,-0.31517301,1.32304875,0.02181282,-0.15192252,,,0.02466767,0.05092073,0.02347684,0.35880518,0.02244616,0.0682557,2.63406911,0.41269135,0.29273324,1.6029314394,0.3523269371,267,,,,-1.545575827
20060530,20060531,242610.0,01W,KOR,-0.076779,2006,5,20060428,20060430,28.195396341,1.139573978,28.195396341,0.0129610693,0.6187221841,-0.470767393,0.0690904531,-0.081638998,-0.221204964,-0.517144827,1.051974238,2.1896721792,-0.319102412,0.7231992144,0.0577707381,-0.039941183,,,,,,,,,,,,,,,,,,,,,,,,,,,,,,,,,,,,,,,,,,,,,,,,,,,,,,,,,,,,,,,,,,,,,,,,,,,,,,,,,,,,,,,,,,,,,,,,0.7854495072,0.1230050164,-1.383519497,,0.7054054054,8.772e-05,1831209.85514598,1.09205893,0.05615134,1.00767398,0.00012339,5.493e-05,0.01080204,0.04715945,1.59943414,-0.12998209,1.85434048,0.04897988,1.53010635,,,0.06805686,0.1524999,0.0493056,1.41249315,0.02395358,0.06586243,2.74925463,0.44120438,0.28618372,1.540372953,1.0075707903,268,,,,-1.508214195
20060630,20060630,242610.0,01W,KOR,-0.003783,2006,6,20060530,20060531,26.030584553,1.0520787304,26.030584553,0.0140389657,0.6187221841,-0.470767393,-0.07677891,-0.04559524,-0.294200167,-0.325528877,0.2730658473,0.5290202649,0.0161808837,0.8814890259,-0.029344529,-0.070837892,,,,,,,,,,,,,,,,,,,,,,,,,,,,,,,,,,,,,,,,,,,,,,,,,,,,,,,,,,,,,,,,,,,,,,,,,,,,,,,,,,,,,,,,,,,,,,,,0.7776656259,-0.061664725,-1.203685378,,0.2915921288,0.00062314,1397932.6542691,0.97794523,0.04470409,0.89419081,0.00016116,6.234e-05,0.01048997,0.02968371,0.42533252,0.00958871,0.51203643,0.03100253,0.39761389,,,0.03884584,0.06383829,0.03253234,0.1391262,0.03016499,0.0595677,2.04443205,0.40732919,0.28680273,1.3304818597,0.6288945038,269,,,,-1.287702854
20060731,20060731,242610.0,01W,KOR,-0.15118,2006,7,20060630,20060630,25.932121749,1.0480991571,25.932121749,0.0140922709,0.6187221841,-0.470767393,,-0.012993146,-0.168584189,-0.365040505,-0.375323893,-0.041333334,1.1798570083,0.3107438775,,-0.039267018,,,,,,,,,,,,,,,,,,,,,,,,,,,,,,,,,,,,,,,,,,,,,,,,,,,,,,,,,,,,,,,,,,,,,,,,,,,,,,,,,,,,,,,,,,,,,,,,0.7605756584,-0.640299763,-1.280190747,,0.0513728964,0.00079606,1126896.51686771,1.06153732,0.03803266,0.98072108,0.00019097,6.409e-05,0.00846765,0.01364131,-0.03197512,-0.12802381,0.33706094,0.01427084,-0.00278758,,,0.01692721,0.02016954,0.01619163,-0.71440875,0.03542331,0.0531901,1.5018443,0.40578844,0.28403688,1.1082670533,0.304028173,270,,,,-0.868899943
20060831,20060831,242610.0,01W,KOR,-0.005704,2006,8,20060731,20060731,22.01171339,0.8896479229,22.01171339,0.0166021826,0.5065966274,-0.398983548,,,,,,-0.426783375,2.1417510534,-0.23463609,,-0.019511939,,,,,,,,,,,,,,,,,,,,,,,,,,,,,,,,,,,,,,,,,,,,,,,,,,,,,,,,,,,,,,,,,,,,,,,,,,,,,,,,,,,,,,,,,,,,,,,,0.76629542,-1.442475277,-0.926527349,,,0.00123694,824127.84189087,1.27241323,0.02859229,1.15353008,0.00028458,8.381e-05,0.00636921,0.01479345,0.526425,-1.00130365,1.44373481,0.01465155,0.59957133,,,0.01144641,0.02147323,0.02123318,-1.25932701,0.0419853,0.04650657,1.61238497,0.34444149,0.28033574,0.9502671336,0.2329983858,271,,,,-0.39865304
20060929,20060930,242610.0,01W,KOR,0.076879,2006,9,20060831,20060831,21.886156179,0.8845732742,21.886156179,0.0166974265,0.3437131911,-0.28456715,,-0.154390354,-0.254910845,-0.448992898,-0.473450741,-0.313033632,1.6851888478,-0.019329627,,-0.080064167,,,,,,,,,,,,,,,,,,,,,,,,,,,,,,,,,,,,,,,,,,,,,,,,,,,,,,,,,,,,,,,,,,,,,,,,,,,,,,,,,,,,,,,,,,,,,,,,0.760716953,-1.463949968,-1.411338001,,0.03214596,0.001229,683544.86992658,1.51107616,0.02414751,1.34233795,0.00035395,0.00012152,0.00769951,0.01357339,-0.28277659,0.14009496,-0.07587854,0.01318544,-0.29537386,,,0.01693391,0.02293298,0.01364703,-0.23066653,0.04848998,0.03903882,1.52641229,0.43784595,0.28295356,0.8148287293,0.4133036448,272,,,,0.4617759105
20061031,20061031,242610.0,01W,KOR,-0.143339,2006,10,20060929,20060930,23.56873735,0.9525781958,23.56873735,,0.2126133195,-0.192777799,,,,,,-0.279377682,2.0809287283,-0.173956955,,,,,,,,,,,,,,,,,,,,,,,,,,,,,,,,,,,,,,,,,,,,,,,,,,,,,,,,,,,,,,,,,,,,,,,,,,,,,,,,,,,,,,,,,,,,,,,,,,0.7403459702,-1.346513805,-1.020751967,,,0.00035053,693407.12412076,1.51675465,0.0250191,1.33324416,0.00033191,0.0001602,0.01170556,0.02205298,0.1420514,-0.56895668,-0.47247256,0.02296203,0.13852498,,,0.03237763,0.05141288,0.02206385,0.16179742,0.05021667,0.03458254,1.36720343,0.5584354,0.27244862,0.708440473,0.8828893247,273,,,,0.7803149584
20061130,20061130,242610.0,01W,KOR,0.120273,2006,11,20061031,20061031,20.19041741,0.8160365616,20.19041741,,0.2126133195,-0.192777799,-0.14333903,0.0707361546,-0.16409271,-0.179297045,-0.304021636,-0.221204964,1.1747101957,0.1796578844,,0.0015349871,,,,,,,,,,,,,,,,,,,,,,,,,,,,,,,,,,,,,,,,,,,,,,,,,,,,,,,,,,,,,,,,,,,,,,,,,,,,,,,,,,,,,,,,,,,,,,,,0.7341335019,-1.03332362,-0.741045039,,0.1076923077,0.00031011,419812.14065686,1.05549287,0.0175568,1.11218032,0.00058962,0.00018328,0.00921461,0.02786419,0.04886279,-0.98713229,2.23883606,0.02346896,-0.50958895,,,0.02919332,0.05812346,0.04036563,-2.04268123,0.05492754,0.03358752,1.50674995,0.47838982,0.28189031,0.7227984814,0.819832378,274,,,,0.7563676832
20061228,20061231,242610.0,01W,KOR,-0.070436,2006,12,20061130,20061130,22.618771118,0.9141833889,22.618771118,,0.0223862129,-0.022139319,0.1202725857,,-0.224357894,-0.316561106,-0.494584397,-0.294200167,1.5972933675,-0.216265456,,-0.059213274,,,,,,,,,,,,,,,,,,,,,,,,,,,,,,,,,,,,,,,,,,,,,,,,,,,,,,,,,,,,,,,,,,,,,,,,,,,,,,,,,,,,,,,,,,,,,,,,0.8730254816,-1.131388656,-1.268994739,,0.0621326616,0.000472,403602.96382561,1.13677428,0.01775147,1.1767989,0.00054908,0.00023205,0.00721773,0.04081732,1.61463733,0.39618288,1.90018903,0.0405874,1.50438574,,,0.05751301,0.15449035,0.04151557,2.10276713,0.05592694,0.0326942,1.44032592,0.56013428,0.28636202,0.7478306019,1.6389618934,275,,,,0.6884689023
20070131,20070131,242610.0,01W,KOR,0.07891,2007,1,20061228,20061231,21.025595828,0.8497919868,21.025595828,,0.0223862129,-0.022139319,-0.070435979,-0.0403062,,-0.142359555,-0.277557371,-0.168584189,1.2036857195,-0.082756427,,0.0353613683,,,,,,,,,,,,,,,,,,,,,,,,,,,,,,,,,,,,,,,,,,,,,,,,,,,,,,,,,,,,,,,,,,,,,,,,,,,,,,,,,,,,,,,,,,,,,,,,0.8852622242,-1.039259252,-1.022800808,,0.1885714286,0.00083411,396839.13379328,1.14490505,0.01792498,1.16655952,0.00055431,0.00028403,0.01652101,0.02833139,0.38510195,-0.67945646,1.60497681,0.02968948,0.11162528,,,0.03373171,0.05261176,0.03388226,-1.09973142,0.06132309,0.03279734,1.52930991,0.5866542,0.29003403,0.758150084,0.9515382533,276,,,,0.5186060357
20070228,20070228,242610.0,01W,KOR,0.030501,2007,2,20070131,20070131,22.684734073,0.9168494152,22.684734073,,0.0,0.0,0.0789104033,0.0413650892,-0.044799673,-0.254289758,-0.267853497,,1.042386471,0.0287155099,,0.0058244306,,,,,,,,,,,,,,,,,,,,,,,,,,,,,,,,,,,,,,,,,,,,,,,,,,,,,,,,,,,,,,,,,,,,,,,,,,,,,,,,,,,,,,,,,,,,,,,,0.8635389619,-1.103969793,-0.940011874,,0.2157643312,0.00111628,411953.46781863,1.1175398,0.01865855,1.13155068,0.00058926,0.00038681,0.01272233,0.02938176,0.50584497,0.15174907,0.08666838,0.02928257,0.99185023,,,0.0409008,0.080144,0.02942873,0.37631566,0.06311963,0.02948377,1.2164293,0.69156321,0.28872672,0.7043642142,1.2965890868,277,,,,0.7386574205
20070330,20070331,242610.0,01W,KOR,0.20415,2007,3,20070228,20070228,23.37664695,0.9448144738,23.37664695,,0.0,-1.38778e-16,0.0305012558,0.0029162926,,-0.128535357,-0.232129319,-0.254910845,1.2124901728,-0.107274078,,0.1734478082,,,,,,,,,,,,,,,,,,,,,,,,,,,,,,,,,,,,,,,,,,,,,,,,,,,,,,,,,,,,,,,,,,,,,,,,,,,,,,,,,,,,,,,,,,,,,,,,0.8898748399,-0.498325488,-0.200626317,,0.2913385827,0.00081766,454737.83303205,1.11752953,0.02037261,1.12286932,0.00056124,0.00043284,0.00863066,0.0169862,-0.08267087,-0.416156,-0.04968786,0.01441929,-0.19198078,,,0.02212833,0.02972545,0.01704804,-0.06797294,0.05933622,0.02827778,1.24076242,0.71265676,0.2887589,0.6873273399,0.7400019476,278,,,,0.9142881754
20070430,20070430,242610.0,01W,KOR,0.294033,2007,4,20070330,20070331,28.148981324,1.1376980211,28.148981324,,0.0,0.0,0.2041496534,0.1118185255,-0.00815022,,-0.113623026,,0.501839581,0.0690904531,,0.0797686214,,,,,,,,,,,,,,,,,,,,,,,,,,,,,,,,,,,,,,,,,,,,,,,,,,,,,,,,,,,,,,,,,,,,,,,,,,,,,,,,,,,,,,,,,,,,,,,,0.8310277788,-0.344336672,-0.172610428,,0.3687943262,0.00083498,443925.69667076,1.09331126,0.01945635,1.12047997,0.00068982,0.00047103,0.01155797,0.03227219,0.87372458,0.4456507,0.50810561,0.02996519,1.3890038,,,0.05443853,0.11011927,0.03425352,1.18807747,0.06114027,0.02920302,1.16500848,0.85814539,0.2911476,0.7149842164,1.764757613,279,,,,0.7566691529
20070531,20070531,242610.0,01W,KOR,0.16478,2007,5,20070430,20070430,36.425715917,1.4722189922,36.425715917,,0.0,-1.66533e-16,0.2940331836,0.2408777301,0.3941753037,0.278818274,-0.001646191,-0.16409271,0.1718196998,-0.07677891,,0.102198844,,,,,,,,,,,,,,,,,,,,,,,,,,,,,,,,,,,,,,,,,,,,,,,,,,,,,,,,,,,,,,,,,,,,,,,,,,,,,,,,,,,,,,,,,,,,,,,,0.9899602465,-0.315663577,0.1700020007,,0.4852024922,0.00061087,494598.83663523,1.05242746,0.01935531,1.00349761,0.00076529,0.00070747,0.01332439,0.03047403,-0.31993762,0.28521568,2.18768445,0.03119247,0.07689484,,,0.05263456,0.07747313,0.03294932,-0.00360106,0.05866313,0.02760703,1.10472625,0.9991834,0.310638,0.7393774214,1.7958009878,280,,,,0.7388106049
20070629,20070630,242610.0,01W,KOR,-0.100493,2007,6,20070531,20070531,42.427949215,1.7148113925,42.427949215,,0.0,-3.88578e-16,0.1647801051,0.5582096096,0.6104197583,,0.3993429861,-0.224357894,0.6725150233,,,0.1802615895,,,,,,,,,,,,,,,,,,,,,,,,,,,,,,,,,,,,,,,,,,,,,,,,,,,,,,,,,,,,,,,,,,,,,,,,,,,,,,,,,,,,,,,,,,,,,,,,0.9884456705,-0.111429843,0.4484103845,,0.6839659179,0.00089896,546083.89888809,0.98430133,0.01886731,0.9455959,0.00083122,0.00073785,0.01593848,0.03255268,0.45717244,0.00246262,-1.98823688,0.03206482,0.53654481,,,0.05079729,0.09375518,0.03280582,0.73141957,0.05494283,0.02801486,1.20979385,0.93804451,0.30985955,0.7993003806,1.730298874,281,,,,0.7701295445
20070731,20070731,242610.0,01W,KOR,-0.150837,2007,7,20070629,20070630,38.164216364,1.5424840045,38.164216364,,0.0,-1.66533e-16,-0.100493494,0.5072641076,1.0179189956,0.800179135,,,,-0.151179622,,0.0610589393,,,,,,,,,,,,,,,,,,,,,,,,,,,,,,,,,,,,,,,,,,,,,,,,,,,,,,,,,,,,,,,,,,,,,,,,,,,,,,,,,,,,,,,,,,,,,,,,0.9589435986,-0.099314952,0.611891447,,,0.00026397,796280.42227434,1.71223493,0.0235794,1.44115455,0.00065808,0.00063333,0.01799701,0.05243716,-1.5736328,0.11926818,-1.3320334,0.05464457,-1.75665772,,,0.04685791,0.05412627,0.05289704,-1.38540915,0.04599515,0.03170722,1.45465896,0.77385341,0.29307371,0.9187884001,1.4373579951,282,,,,0.560868655
20070831,20070831,242610.0,01W,KOR,0.434814,2007,8,20070731,20070731,32.407635633,1.3098201496,32.407635633,,0.0,-6.10623e-16,-0.150837126,0.0477272829,0.6823744215,0.8902143323,0.7338139784,-0.044799673,0.6272809038,,,-0.052045613,,,,,,,,,,,,,,,,,,,,,,,,,,,,,,,,,,,,,,,,,,,,,,,,,,,,,,,,,,,,,,,,,,,,,,,,,,,,,,,,,,,,,,,,,,,,,,,,0.8895526547,-0.087439661,0.0048975671,,0.6423017107,0.00086382,860487.53265607,1.57613768,0.02454367,1.37280669,0.00062997,0.00063484,0.00921885,0.03214104,-0.34096835,-0.28883642,-0.42192892,0.03330723,-0.26080583,,,0.03325535,0.04715896,0.03215686,-0.33276819,0.03912355,0.03280534,1.02605607,0.65712759,0.27317689,0.8700069097,0.9996091547,283,,,,0.7260805167
20070928,20070930,242610.0,01W,KOR,0.615569,2007,9,20070831,20070831,46.498944972,1.8793489211,46.498944972,,0.0,-2.22045e-16,0.4348144832,-0.23617247,0.3863252374,0.4327761426,,,,0.0768787885,0.0783960037,-0.048572821,,,,,,,,,,,,,,,,,,,,,,,,,,,,,,,,,,,,,,,,,,,,,,,,,,,,,,,,,,,,,,,,,,,,,,,,,,,,,,,,,,,,,,,,,,,,,,,,0.7812347405,-0.377327576,-0.320074731,,,4.506e-05,2255908.83116657,2.06303104,0.05480744,1.84785954,0.00014366,0.00023071,0.02387762,0.08730568,-0.09500251,-0.70295604,-0.05981578,0.05961423,-0.34228656,,,0.14806514,0.1498861,0.08753387,-0.02364483,0.03481116,0.04171291,0.84489141,0.88315492,0.25341628,0.8141187894,3.5217233251,284,,,,0.446932997
20071031,20071031,242610.0,01W,KOR,-0.4697,2007,10,20070928,20070930,75.122275139,3.0362187102,75.122275139,,0.0,-6.66134e-16,0.615569454,0.2183911895,0.6518873076,1.2115399418,0.9729077668,-0.00815022,0.9506601589,-0.14333903,0.1473876841,,,,,,,,,,,,,,,,,,,,,,,,,,,,,,,,,,,,,,,,,,,,,,,,,,,,,,,,,,,,,,,,,,,,,,,,,,,,,,,,,,,,,,,,,,,,,,,,,0.7659831095,-0.180914945,-0.051321062,,0.7549770291,1.734e-05,8238245.30290316,2.01997562,0.12860828,1.64530754,5.325e-05,8.9e-05,0.02143213,0.11723931,-0.46144337,-0.2921496,-2.04021625,0.11496177,-0.30563511,,,0.15002705,0.15292586,0.11754342,-0.52255925,0.02771693,0.05189937,0.90305389,0.75302732,0.23418236,0.9051123063,2.8713434759,285,,,,-0.253037775
20071130,20071130,242610.0,01W,KOR,-0.09985,2007,11,20071031,20071031,39.837313959,1.6101056283,39.837313959,,0.0,-4.44089e-16,-0.46970038,1.3180424512,1.0623417618,2.3115783899,2.7206895535,0.3941753037,,0.1202725857,0.0937537781,0.0495179737,,,,,,,,,,,,,,,,,,,,,,,,,,,,,,,,,,,,,,,,,,,,,,,,,,,,,,,,,,,,,,,,,,,,,,,,,,,,,,,,,,,,,,,,,,,,,,,,0.6862436768,0.2392909068,0.2635555184,,0.9619771863,3.459e-05,9950931.61506588,1.67449146,0.16273134,1.33298988,4.292e-05,7.251e-05,0.03578314,0.07579638,0.16506001,-0.11673071,0.96037028,0.07575267,0.03771621,,,0.07014029,0.13894655,0.07600328,0.1109367,0.02263075,0.05592353,0.83221803,0.3993301,0.21847513,0.8815725732,1.2510681526,286,,,,-0.313439867
20071228,20071231,242610.0,01W,KOR,-0.063848,2007,12,20071130,20071130,35.85957421,1.4493372299,35.85957421,,0.0,-5.55112e-16,-0.099849597,-0.143264132,-0.061059639,0.7041500453,0.7612501471,0.6104197583,0.8690245543,-0.070435979,0.0910798128,-0.094209633,,,,,,,,,,,,,,,,,,,,,,,,,,,,,,,,,,,,,,,,,,,,,,,,,,,,,,,,,,,,,,,,,,,,,,,,,,,,,,,,,,,,,,,,,,,,,,,,0.750142319,0.090685153,0.0389779906,,0.7692883895,0.0001593,10063766.7357553,1.64226986,0.16759892,1.27283303,4.229e-05,7.334e-05,0.00956038,0.04807924,0.90946411,0.56775807,1.13820183,0.04986419,0.89288445,,,0.07544486,0.14735927,0.05530698,1.28443921,0.02212485,0.05668726,0.6877181,0.35945715,0.22731687,0.8486407683,1.3210523457,287,,,,-0.509302956
20080131,20080131,242610.0,01W,KOR,-0.0587,2008,1,20071228,20071231,33.570008135,1.3567997856,33.570008135,,0.0,-8.32667e-16,-0.063848111,-0.522650583,-0.060387514,0.2739208498,0.7055200007,1.0179189956,1.0713813693,0.0789104033,0.0781017661,0.017251341,,,,,,,,,,,,,,,,,,,,,,,,,,,,,,,,,,,,,,,,,,,,,,,,,,,,,,,,,,,,,,,,,,,,,,,,,,,,,,,,,,,,,,,,,,,,,,,,0.7028598589,0.0923336347,0.0820684913,,0.8086053412,5.251e-05,10688489.4495364,1.54145443,0.18419307,1.15109869,4.235e-05,6.415e-05,0.03488449,0.07387075,0.14055901,-0.18991796,2.49753573,0.07452434,0.13984628,,,0.09175272,0.13805927,0.07607007,0.32146228,0.02029933,0.05949261,0.84806834,0.33650649,0.22936871,0.8859694,1.5313781763,288,,,,-0.766220684
20080229,20080229,242610.0,01W,KOR,0.959398,2008,2,20080131,20080131,31.599459425,1.2771560734,31.599459425,,0.0,-4.996e-16,-0.058699679,-0.1573225,0.0358672418,-0.078398124,0.4798501947,0.6823744215,1.4364644898,0.0305012558,0.0699925901,0.0255972095,,,,,,,,,,,,,,,,,,,,,,,,,,,,,,,,,,,,,,,,,,,,,,,,,,,,,,,,,,,,,,,,,,,,,,,,,,,,,,,,,,,,,,,,,,,,,,,,0.6703007028,0.0290530623,0.1858408573,,0.674556213,0.00013532,10912437.9414532,1.49482049,0.19194631,1.08738337,4.353e-05,6.517e-05,0.02140942,0.05308144,1.08090561,-0.10421226,0.79032743,0.05456077,0.9626761,,,0.07810669,0.14772988,0.05838001,0.5659676,0.01872991,0.06099043,0.9960019,0.31675367,0.2339048,0.8676933635,1.2654663502,289,,,,-0.913885702
20080331,20080331,242610.0,01W,KOR,-0.23562,2008,3,20080229,20080229,61.915914,2.5024569104,61.915914,,0.0,-5.55112e-16,0.9593978861,-0.118799927,-0.320426314,-0.255220674,0.35175329,0.3863252374,1.5093690376,0.2041496534,0.1386515204,0.0678412887,,,,,,,,,,,,,,,,,,,,,,,,,,,,,,,,,,,,,,,,,,,,,,,,,,,,,,,,,,,,,,,,,,,,,,,,,,,,,,,,,,,,,,,,,,,,,,,,0.7967198852,-0.04789227,0.0064110186,,0.7463556851,2.638e-05,13866001.2002498,1.4560319,0.23434955,1.22972197,4.008e-05,5.166e-05,0.01765584,0.08100857,0.08790717,0.09260202,3.13890634,0.08399518,-0.23675861,,,0.14859398,0.15137062,0.08222348,0.04401357,0.02034884,0.06523416,1.10718073,0.62064647,0.23834243,0.922830623,2.2471146954,290,,,,-1.216666952
20080430,20080430,242610.0,01W,KOR,0.111044,2008,4,20080331,20080331,47.327288513,1.9128281009,47.327288513,,0.0,-6.66134e-16,-0.235619965,0.8443818587,-0.175798205,0.6223551771,1.1995792063,0.6518873076,2.6452344634,0.2940331836,0.0905012342,0.004496567,,,,,,,,,,,,,,,,,,,,,,,,,,,,,,,,,,,,,,,,,,,,,,,,,,,,,,,,,,,,,,,,,,,,,,,,,,,,,,,,,,,,,,,,,,,,,,,,0.7979348398,0.1346437585,0.0766703292,,0.9476327116,3.783e-05,10019061.1269164,1.46181798,0.20334232,1.24288541,4.642e-05,4.8e-05,0.0225943,0.05738305,-0.1241582,-0.25831511,1.44029426,0.05449505,0.34788508,,,0.06719528,0.11599265,0.06195741,-0.0074622,0.01971537,0.06679732,1.26056793,0.47440977,0.24079203,0.9142598683,0.9894578566,291,,,,-1.340942675
20080530,20080531,242610.0,01W,KOR,-0.044759,2008,5,20080430,20080430,52.582682078,2.1252354626,52.582682078,,0.0,0.0,0.1110436226,0.4977246249,0.1880140454,0.4603746182,0.2992823153,1.0623417618,3.2825592518,0.1647801051,0.0856160994,0.1712942596,,,,,,,,,,,,,,,,,,,,,,,,,,,,,,,,,,,,,,,,,,,,,,,,,,,,,,,,,,,,,,,,,,,,,,,,,,,,,,,,,,,,,,,,,,,,,,,,0.8393651851,0.0574726051,0.31388388,,0.8359375,2.892e-05,11898603.2349923,1.45772359,0.224217,1.25848338,4.444e-05,4.565e-05,0.02177821,0.0670667,0.37570404,0.23035983,5.43996299,0.06659003,0.08304771,,,0.10513284,0.14662787,0.06904369,0.44875539,0.02080813,0.06893856,1.31084284,0.52708995,0.23289716,0.9046584875,1.5006527575,292,,,,-1.375202773
20080630,20080630,242610.0,01W,KOR,-0.038931,2008,6,20080530,20080531,50.229146288,2.0301125528,50.229146288,,0.0,0.0,-0.044758763,-0.150740437,0.4663498727,0.1308360246,0.2393406481,-0.061059639,3.2069039866,-0.100493494,0.0906828931,,,,,,,,,,,,,,,,,,,,,,,,,,,,,,,,,,,,,,,,,,,,,,,,,,,,,,,,,,,,,,,,,,,,,,,,,,,,,,,,,,,,,,,,,,,,,,,,,0.8317352884,0.171997073,0.4346668215,,0.8834399431,5.209e-05,13078880.6949152,1.31783801,0.24458703,1.1465974,4.135e-05,4.474e-05,0.01494101,0.05459653,1.64734808,-0.35235061,-0.36216951,0.05784228,1.69541975,,,0.07082169,0.15747206,0.05540771,1.51334187,0.01669764,0.07014611,1.36958202,0.50349805,0.22669392,0.883796038,0.9928541292,293,,,,-1.399544373
20080731,20080731,242610.0,01W,KOR,0.002526,2008,7,20080630,20080630,48.273680103,1.9510784314,48.273680103,,0.0,0.0,-0.038930906,0.0613146847,0.4962506439,-0.331368144,0.3161319968,-0.060387514,2.9920675537,-0.150837126,0.1008561859,0.023251923,,,,,,,,,,,,,,,,,,,,,,,,,,,,,,,,,,,,,,,,,,,,,,,,,,,,,,,,,,,,,,,,,,,,,,,,,,,,,,,,,,,,,,,,,,,,,,,,0.8575928584,0.218651778,0.4501118153,,0.9214992928,3.75e-05,14612920.4457259,1.18060402,0.26304397,1.06194353,3.856e-05,4.442e-05,0.03021988,0.06690769,0.03280855,0.33843285,1.57503045,0.06440554,-0.10829601,,,0.09424144,0.13965157,0.07073423,0.47890773,0.01490785,0.0714523,1.17571517,0.48389642,0.22260783,0.8816848983,1.2997128803,294,,,,-1.40291545
20080829,20080831,242610.0,01W,KOR,-0.070399,2008,8,20080731,20080731,48.395612666,1.9560065826,48.395612666,,0.0,0.0,0.0025258601,-0.08194717,0.5276742381,0.211770456,0.489577353,0.0358672418,2.2829754958,0.4348144832,0.0615572201,,,,,,,,,,,,,,,,,,,,,,,,,,,,,,,,,,,,,,,,,,,,,,,,,,,,,,,,,,,,,,,,,,,,,,,,,,,,,,,,,,,,,,,,,,,,,,,,,0.8713884727,0.2759025455,0.2931498478,,0.9684431978,5.925e-05,15517623.514284,1.07750999,0.27641246,0.97936236,3.696e-05,4.334e-05,0.0220132,0.05867421,0.56761843,0.52080809,-0.48806204,0.06042004,0.31057588,,,0.08354776,0.14860208,0.05888578,0.47322657,0.01095294,0.07257534,1.08728748,0.48511867,0.21563645,0.8651412549,1.1335941057,295,,,,-1.354425473
20080930,20080930,242610.0,01W,KOR,-0.220015,2008,9,20080829,20080831,44.988625726,1.8183063136,44.988625726,,0.0,-2.28983e-16,,-0.03650338,-0.218365529,0.3495869299,0.040789478,-0.320426314,3.973536421,0.615569454,,0.0175728678,,,,,,,,,,,,,,,,,,,,,,,,,,,,,,,,,,,,,,,,,,,,,,,,,,,,,,,,,,,,,,,,,,,,,,,,,,,,,,,,,,,,,,,,,,,,,,,,0.89799308,0.1709496667,-0.160959206,,0.9112959113,4.42e-05,12944899.8280114,0.97530984,0.23685599,0.84364964,4.191e-05,4.281e-05,0.01601363,0.05188381,1.48652886,0.02514873,2.24595568,0.05091937,1.11174675,,,0.06367172,0.15155476,0.0524469,1.46405108,0.00717383,0.06945616,1.14450527,0.45096696,0.21303617,0.891861494,0.8991574026,296,,,,-1.289029189
20081031,20081031,242610.0,01W,KOR,-0.534424,2008,10,20080930,20080930,35.090473695,1.4182524769,35.090473695,,0.0,-2.22045e-16,,,,,,-0.175798205,7.0240867375,-0.46970038,,-0.094245034,,,,,,,,,,,,,,,,,,,,,,,,,,,,,,,,,,,,,,,,,,,,,,,,,,,,,,,,,,,,,,,,,,,,,,,,,,,,,,,,,,,,,,,,,,,,,,,,0.9867087298,0.0745918204,0.143737021,,,6.566e-05,11367005.621918,1.09874284,0.21127589,0.91289772,4.636e-05,4.815e-05,0.02479494,0.05415778,0.11005018,-0.38549309,2.23237248,0.04675561,0.51029343,,,0.08320586,0.19369214,0.08358256,-0.18945342,0.0086728,0.06375157,1.5079346,0.4859302,0.25141528,0.8125842368,1.2368519591,297,,,,-1.173851328
20081128,20081130,242610.0,01W,KOR,0.072141,2008,11,20081031,20081031,16.337292388,0.6603047196,16.337292388,,0.0,-4.44089e-16,-0.534423715,-0.274924487,-0.332661015,0.110477025,-0.119155631,0.1880140454,3.401031713,-0.099849597,,0.0810777497,,,,,,,,,,,,,,,,,,,,,,,,,,,,,,,,,,,,,,,,,,,,,,,,,,,,,,,,,,,,,,,,,,,,,,,,,,,,,,,,,,,,,,,,,,,,,,,,1.2705483066,0.3078921164,-0.613407461,,0.9446721311,0.0001485,7844869.04922865,1.02136763,0.16242132,0.85633981,5.573e-05,4.994e-05,0.02482396,0.05215888,0.05061056,-0.0004012,1.45703463,0.03475365,0.31326911,,,0.16470418,0.28921811,0.12696025,1.10663304,0.02530993,0.0610701,1.4733228,0.22623758,0.40280902,0.8947375557,2.237835212,298,,,,-1.329263422
20081230,20081231,242610.0,01W,KOR,0.300839,2008,12,20081128,20081130,17.515883387,0.707939859,17.515883387,,0.0,-2.22045e-16,0.0721411463,,-0.674744773,-0.736137427,-0.544409192,0.4663498727,3.2146552358,-0.063848111,,-0.071506955,,,,,,,,,,,,,,,,,,,,,,,,,,,,,,,,,,,,,,,,,,,,,,,,,,,,,,,,,,,,,,,,,,,,,,,,,,,,,,,,,,,,,,,,,,,,,,,,1.1867177485,0.2096038926,-0.653274608,,0.753115727,6.66e-05,7040586.40863741,1.1219332,0.16272789,0.90191615,5.799e-05,4.947e-05,0.01867278,0.05810524,1.01427207,-0.12711684,1.10188863,0.05663016,1.54960797,,,0.11586797,0.18762023,0.09774152,-0.35532149,0.03194268,0.06199505,1.56194656,0.24255862,0.42774947,0.9174406478,1.5021801159,299,,,,-1.336796263
20090130,20090131,242610.0,01W,KOR,-0.134267,2009,1,20081230,20081231,22.785338419,0.9209155433,22.785338419,,0.0,0.0,0.3008386682,-0.500836508,-0.637154587,-0.629898861,-0.478228205,0.4962506439,2.8665958804,-0.058699679,,0.057667688,,,,,,,,,,,,,,,,,,,,,,,,,,,,,,,,,,,,,,,,,,,,,,,,,,,,,,,,,,,,,,,,,,,,,,,,,,,,,,,,,,,,,,,,,,,,,,,,1.1792757128,0.2015433989,-0.575269482,,0.8864994026,6.024e-05,5165181.25166308,1.08969075,0.14959126,0.87836355,6.492e-05,4.985e-05,0.01896728,0.04653941,1.68271833,-0.31190729,1.30389572,0.04427793,1.8344089,,,0.08522088,0.15698195,0.0569317,0.46589767,0.03372903,0.06008824,1.566563,0.31552963,0.44001369,0.8942886507,1.1232704194,300,,,,-1.278584644
20090227,20090228,242610.0,01W,KOR,-0.19691,2009,2,20090130,20090131,19.726009396,0.7972665724,19.726009396,,0.0,-1.66533e-16,-0.134267438,0.3946826609,-0.529185867,-0.566675994,-0.278932652,0.5276742381,2.6402708117,0.9593978861,,0.0330819823,,,,,,,,,,,,,,,,,,,,,,,,,,,,,,,,,,,,,,,,,,,,,,,,,,,,,,,,,,,,,,,,,,,,,,,,,,,,,,,,,,,,,,,,,,,,,,,,1.2103362384,0.1099449263,-1.203308253,,0.8912009512,0.00010122,4266458.38281657,1.22526743,0.14314786,0.92084677,6.7e-05,4.85e-05,0.0190088,0.04479957,0.64342261,-0.49657253,0.76167059,0.04162595,0.64180786,,,0.06492311,0.09764984,0.06415798,-0.71474056,0.03995205,0.05968758,1.57443843,0.27316427,0.44277205,0.8825359727,0.8495302659,301,,,,-1.274658615
20090331,20090331,242610.0,01W,KOR,0.932245,2009,3,20090227,20090228,15.841764113,0.640276942,15.841764113,,0.0,-2.22045e-16,-0.196909836,0.1261783925,,-0.60727962,-0.681406473,-0.218365529,5.9818545916,-0.235619965,,0.1616454028,,,,,,,,,,,,,,,,,,,,,,,,,,,,,,,,,,,,,,,,,,,,,,,,,,,,,,,,,,,,,,,,,,,,,,,,,,,,,,,,,,,,,,,,,,,,,,,,1.2241574041,-0.402935385,-0.885048177,,0.3520621638,0.00012439,2943049.20395039,0.8972139,0.12457329,0.90274689,8.134e-05,5.754e-05,0.0200168,0.04919987,1.30397977,-0.71825167,0.29010627,0.0492088,1.99681235,,,0.04925889,0.13147698,0.05938654,-0.48208052,0.04270812,0.05634211,1.55726264,0.21937554,0.44309377,0.849325233,0.6658678128,302,,,,-1.087610466
20090430,20090430,242610.0,01W,KOR,0.103856,2009,4,20090331,20090331,30.610168292,1.237171871,30.610168292,,0.0,-3.33067e-16,0.9322449238,-0.304738695,-0.548545162,-0.67183434,-0.665272095,,3.3006731003,0.1110436226,,0.0526406426,,,,,,,,,,,,,,,,,,,,,,,,,,,,,,,,,,,,,,,,,,,,,,,,,,,,,,,,,,,,,,,,,,,,,,,,,,,,,,,,,,,,,,,,,,,,,,,,1.5077522643,-0.345900066,-0.47019517,,0.4290843806,6.91e-05,2737752.50236163,0.98726851,0.13096485,0.96416353,8.193e-05,5.884e-05,0.0217807,0.05805799,1.35274945,-0.24543525,1.35935793,0.04797709,1.02516655,,,0.12634682,0.16653373,0.06381375,0.87633709,0.04491664,0.05659787,1.54215499,0.42388727,0.455694,0.8661482179,1.6920569051,303,,,,-1.145074621
20090529,20090531,242610.0,01W,KOR,0.129552,2009,5,20090430,20090430,33.789232655,1.365660188,33.789232655,,0.0,-4.996e-16,0.1038564811,0.5517668919,0.8736377831,-0.367501172,-0.417865976,-0.332661015,4.2454166794,-0.044758763,,0.1660575257,,,,,,,,,,,,,,,,,,,,,,,,,,,,,,,,,,,,,,,,,,,,,,,,,,,,,,,,,,,,,,,,,,,,,,,,,,,,,,,,,,,,,,,,,,,,,,,,1.3905292134,0.031437496,0.2168167625,,0.7210843373,5.937e-05,3703400.76031499,0.94331426,0.15416289,0.8598711,7.511e-05,6.684e-05,0.01702107,0.0608174,0.98392667,-0.24458896,1.61033944,0.06028665,1.00671419,,,0.10083159,0.15410247,0.06793762,0.65427052,0.02773855,0.05615329,1.4951073,0.52802751,0.45908865,0.8491543565,1.3523672025,304,,,,-1.002352675
20090630,20090630,242610.0,01W,KOR,-0.20883,2009,6,20090529,20090531,38.166692111,1.5425840669,38.166692111,,0.0,-3.33067e-16,0.1295519049,1.1329210821,0.9290624348,,-0.327298289,-0.674744773,4.8739318928,-0.038930906,,,,,,,,,,,,,,,,,,,,,,,,,,,,,,,,,,,,,,,,,,,,,,,,,,,,,,,,,,,,,,,,,,,,,,,,,,,,,,,,,,,,,,,,,,,,,,,,,,1.3782708859,-0.062558239,-0.079061026,,0.6056338028,6.257e-05,4564229.0436185,1.00169981,0.15998285,0.80418935,7.322e-05,6.893e-05,0.02027002,0.04825319,-0.34532006,0.22158764,1.77930726,0.03807749,0.01917155,,,0.08556483,0.16380781,0.06315142,0.54556749,0.02154933,0.05582713,1.44297872,0.59643448,0.46319295,0.8560087,1.1404259998,305,,,,-1.034224269
20090731,20090731,242610.0,01W,KOR,0.182573,2009,7,20090630,20090630,30.196344768,1.2204463562,30.196344768,,0.0,0.0,-0.208829922,0.2468631909,0.6750548712,0.0876653431,-0.2093685,-0.637154587,4.520653952,0.0025258601,,-0.02260089,,,,,,,,,,,,,,,,,,,,,,,,,,,,,,,,,,,,,,,,,,,,,,,,,,,,,,,,,,,,,,,,,,,,,,,,,,,,,,,,,,,,,,,,,,,,,,,,1.3933759022,-0.060180846,0.0309203219,,0.6233128834,0.00013181,4473558.66187706,1.02543,0.14252818,0.87385162,7.949e-05,7.624e-05,0.01049952,0.04053018,0.63123696,-0.26333199,1.84641982,0.03999528,0.8857147,,,0.04770326,0.07657168,0.04175491,0.40194419,0.02119253,0.05297743,1.41353388,0.54507199,0.46641728,0.8402107059,0.6515819088,306,,,,-0.929780061
20090831,20090831,242610.0,01W,KOR,-0.078123,2009,8,20090731,20090731,35.709382602,1.4432669323,35.709382602,,0.0,0.0,0.1825730192,-0.106332331,0.5307883192,0.8483077888,-0.37605202,-0.529185867,5.1436196028,,,,,,,,,,,,,,,,,,,,,,,,,,,,,,,,,,,,,,,,,,,,,,,,,,,,,,,,,,,,,,,,,,,,,,,,,,,,,,,,,,,,,,,,,,,,,,,,,,,1.3722784398,-0.161716578,-0.01959693,,0.3795620438,0.00018794,4315430.60821324,1.06880211,0.132209,0.94978397,8.199e-05,7.986e-05,0.01374942,0.03932514,2.46069863,-0.70294301,0.0348776,0.03947145,1.65454967,,,0.05951002,0.13589697,0.04598645,-0.31246516,0.01756308,0.05114018,1.47443726,0.69422044,0.46531624,0.8265628615,0.8216888264,307,,,,-0.83005635
20090930,20090930,242610.0,01W,KOR,0.018092,2009,9,20090831,20090831,32.919654042,1.3305144094,32.919654042,,0.0,1.665335e-16,-0.078123125,-0.064383612,1.2541291706,1.0386857923,,,,-0.220014545,0.0516956461,0.1711223019,,,,,,,,,,,,,,,,,,,,,,,,,,,,,,,,,,,,,,,,,,,,,,,,,,,,,,,,,,,,,,,,,,,,,,,,,,,,,,,,,,,,,,,,,,,,,,,,1.4014090317,-0.114589997,0.0861446819,,,0.0002573,4287108.82218716,1.06211404,0.12515539,0.97460951,8.177e-05,8.569e-05,0.01138415,0.02396371,1.06102762,-0.81331221,1.32047335,0.0225596,1.37914417,,,0.02866924,0.05160345,0.02532708,0.13862812,0.01552317,0.0495196,1.48544816,0.6769598,0.46765396,0.8179193199,0.4031088359,308,,,,-0.778903236
20091030,20091031,242610.0,01W,KOR,0.121589,2009,10,20090930,20090930,33.515224939,1.3545856119,33.515224939,,0.0,-1.17961e-16,0.0180916511,0.0901867195,0.0754483193,0.4447735398,-0.061863504,-0.548545162,3.4957132031,-0.534423715,0.1019243157,-0.203384483,,,,,,,,,,,,,,,,,,,,,,,,,,,,,,,,,,,,,,,,,,,,,,,,,,,,,,,,,,,,,,,,,,,,,,,,,,,,,,,,,,,,,,,,,,,,,,,,1.3774605892,-0.121867421,-0.680944934,,0.3523347483,0.00034896,3757596.37531343,1.18165686,0.10016423,1.07363815,0.00010064,8.81e-05,0.01217344,0.02196569,0.12913457,-0.43108158,1.29817527,0.0208886,0.16871157,,,0.03285661,0.04496283,0.02423093,0.19152787,0.01492088,0.04741583,1.41704477,0.68920712,0.46863284,0.8158830487,0.4884909183,309,,,,-0.666597593
20091130,20091130,242610.0,01W,KOR,-0.056899,2009,11,20091030,20091031,37.590321879,1.519288898,37.590321879,,0.0,-4.44089e-16,0.1215894253,-0.06144485,-0.00810932,0.6990372591,1.0514552928,0.8736377831,1.1501662362,0.0721411463,0.1064196138,0.0711263508,,,,,,,,,,,,,,,,,,,,,,,,,,,,,,,,,,,,,,,,,,,,,,,,,,,,,,,,,,,,,,,,,,,,,,,,,,,,,,,,,,,,,,,,,,,,,,,,1.3563221989,-0.152327821,-0.583749726,,0.6402877698,0.00012322,3116923.58583513,1.30104547,0.08127358,1.14454158,0.00012203,8.789e-05,0.0147578,0.03331807,-0.70239047,-0.29052317,-0.54477105,0.0328582,-0.70436358,,,0.04920692,0.08033472,0.04102405,-0.93431089,0.01572805,0.04591134,1.48181966,0.77300742,0.46833756,0.926523738,0.8634351878,310,,,,-0.691104858
20091230,20091231,242610.0,01W,KOR,0.665643,2009,12,20091130,20091130,35.451471838,1.432842947,35.451471838,,0.0,-2.22045e-16,-0.056898955,0.1418808299,-0.015101393,1.3728621137,1.1460705719,0.9290624348,1.1258110904,0.3008386682,0.0738980117,-0.092574351,,,,,,,,,,,,,,,,,,,,,,,,,,,,,,,,,,,,,,,,,,,,,,,,,,,,,,,,,,,,,,,,,,,,,,,,,,,,,,,,,,,,,,,,,,,,,,,,1.3836040098,-0.12931597,-0.19845941,,0.615199035,0.00011434,2422157.41149015,0.99145091,0.06561838,0.94040666,0.00015,8.892e-05,0.01847566,0.04408468,-0.09318341,-0.57601246,2.22527413,0.04451124,0.04678984,,,0.05246654,0.06881478,0.0468581,-0.55559946,0.01643108,0.04433956,1.53818755,0.7290241,0.46931242,0.9673882922,1.0113835919,311,,,,-0.611526207
20100129,20100131,242610.0,01W,KOR,0.939157,2010,1,20091230,20091231,59.049504691,2.3866051799,59.049504691,,0.0,-1.11022e-16,0.6656432478,0.0577721588,0.1740318939,0.1581599781,0.5558896333,0.6750548712,1.821046903,-0.134267438,0.146617165,0.043036918,,,,,,,,,,,,,,,,,,,,,,,,,,,,,,,,,,,,,,,,,,,,,,,,,,,,,,,,,,,,,,,,,,,,,,,,,,,,,,,,,,,,,,,,,,,,,,,,1.4587976008,-0.204678336,-0.30987132,,0.5587340231,5.258e-05,3378258.97440076,1.88432133,0.08226335,1.52116901,0.00011254,9.106e-05,0.01413771,0.04772613,1.83434673,0.13791135,0.78081802,0.03694078,0.37183888,,,0.08921073,0.16208469,0.04775903,1.839575,0.01618267,0.04477548,1.54606199,1.0,0.46952473,1.0549457963,1.7349023584,312,,,,-0.786464513
20100226,20100228,242610.0,01W,KOR,0.378228,2010,2,20100129,20100131,114.50627418,4.6280026991,114.50627418,,0.0,-2.22045e-16,0.9391572339,0.5708698873,0.6536131512,0.7475834771,1.9934845667,0.5307883192,0.978039416,-0.196909836,0.2498959895,0.2675287223,,,,,,,,,,,,,,,,,,,,,,,,,,,,,,,,,,,,,,,,,,,,,,,,,,,,,,,,,,,,,,,,,,,,,,,,,,,,,,,,,,,,,,,,,,,,,,,,1.3638712549,-0.0528147,0.0880518874,,0.9009118541,1.895e-05,16327978.3646618,2.33689565,0.18602533,1.60636358,5.556e-05,6.942e-05,0.03064618,0.10377699,-0.22567177,-0.04097024,4.13579641,0.10630375,-0.07509397,,,0.15157593,0.15814883,0.11362791,-0.54493055,0.01386988,0.05317471,1.57896643,0.60653753,0.4576536,1.2643165659,2.6052716489,313,,,,-1.341960288
20100331,20100331,242610.0,01W,KOR,-0.250778,2010,3,20100226,20100228,157.81578359,6.3784441301,157.81578359,,0.0,-4.44089e-16,0.378228265,2.2299441531,2.47835594,2.0001623889,6.2281264487,1.2541291706,0.5107405034,0.9322449238,0.1995308387,0.0425104701,,,,,,,,,,,,,,,,,,,,,,,,,,,,,,,,,,,,,,,,,,,,,,,,,,,,,,,,,,,,,,,,,,,,,,,,,,,,,,,,,,,,,,,,,,,,,,,,1.378584202,0.1990752595,0.5174449691,,0.9963280294,2.248e-05,28983993.8069293,1.61130504,0.2654326,1.25221024,4.264e-05,5.677e-05,0.02186185,0.0705651,0.70999485,-0.38445544,4.49993352,0.07438052,0.77533955,,,0.12802445,0.15719809,0.07921469,0.39433723,0.01199855,0.05511044,1.53023728,0.83594717,0.46030134,1.3603674216,2.1456507106,314,,,,-1.524688448
20100430,20100430,242610.0,01W,KOR,-0.052473,2010,4,20100331,20100331,135.54420397,4.4457499854,135.54420397,,0.1463574322,-0.136589465,-0.250778098,1.6726013099,3.7087788872,4.2263207617,4.155665336,0.0754483193,1.230402882,0.1038564811,0.1672913315,0.1026677135,,,,,,,,,,,,,,,,,,,,,,,,,,,,,,,,,,,,,,,,,,,,,,,,,,,,,,,,,,,,,,,,,,,,,,,,,,,,,,,,,,,,,,,,,,,,,,,,1.3602655966,0.2131546463,0.7890049261,,0.993247391,4.337e-05,35263827.1486375,1.33968017,0.30278437,1.08710378,3.793e-05,5.547e-05,0.01599119,0.04405223,-1.08723306,-0.09172416,4.38512251,0.04522228,-0.77685285,,,0.03620915,0.063912,0.04415079,-1.10847699,0.00818077,0.05428027,1.7675503,0.62630993,0.46151282,1.4772681753,0.6233347787,315,,,,-1.522562705
20100531,20100531,242610.0,01W,KOR,-0.131173,2010,5,20100430,20100430,128.43184753,4.2124699363,128.43184753,,0.1463574322,-0.136589465,-0.052472597,0.0325988014,2.1454649912,2.3111477394,2.4993112357,-0.00810932,1.6289751483,0.1295519049,0.1507436495,0.1916104118,,,,,,,,,,,,,,,,,,,,,,,,,,,,,,,,,,,,,,,,,,,,,,,,,,,,,,,,,,,,,,,,,,,,,,,,,,,,,,,,,,,,,,,,,,,,,,,,1.3420633411,0.2066331757,0.434606663,,0.9820987654,0.00013005,36535693.243739,1.26739313,0.30154978,1.08457234,3.665e-05,5.668e-05,0.02176184,0.02505802,0.13946582,-0.10836767,1.78587203,0.02524602,0.55062674,,,0.03483576,0.07021464,0.02820657,0.51235185,0.00581364,0.05182203,1.91588174,0.59344582,0.46143305,1.6114604792,0.6294710242,316,,,,-1.543411701
20100630,20100630,242610.0,01W,KOR,-0.141631,2010,6,20100531,20100531,112.51305179,3.6599072537,112.51305179,,0.1558912068,-0.144871654,-0.131173086,-0.290091718,2.1602279412,2.4032779237,1.9354058646,-0.015101393,0.7232853068,-0.208829922,0.1578033618,,,,,,,,,,,,,,,,,,,,,,,,,,,,,,,,,,,,,,,,,,,,,,,,,,,,,,,,,,,,,,,,,,,,,,,,,,,,,,,,,,,,,,,,,,,,,,,,,1.3066385376,0.1564357554,0.3907992373,,0.9713216958,0.00022326,37518906.9728071,1.23105701,0.30074428,1.10070264,3.991e-05,5.947e-05,0.01820214,0.03952493,1.60686501,-0.0996406,1.28862746,0.03830674,1.6607855,,,0.08836504,0.14203937,0.07112117,0.43117986,0.00511249,0.05146481,2.04925105,0.5156017,0.47760788,1.5786322774,1.5751035483,317,,,,-1.598539901
20100730,20100731,242610.0,01W,KOR,0.012571,2010,7,20100630,20100630,96.577720193,3.1415510739,96.577720193,,0.1558912068,-0.144871654,-0.141630961,-0.176762691,0.6484268718,1.9043155903,2.2235289089,0.1740318939,-0.275354918,0.1825730192,0.1283302728,0.0028132473,,,,,,,,,,,,,,,,,,,,,,,,,,,,,,,,,,,,,,,,,,,,,,,,,,,,,,,,,,,,,,,,,,,,,,,,,,,,,,,,,,,,,,,,,,,,,,,,1.2880701971,0.1823239437,0.1946544358,,0.9839108911,8.202e-05,38448207.9900924,1.18648043,0.29016077,1.10891401,4.128e-05,5.859e-05,0.01260686,0.03086093,1.43033268,-0.08257981,0.56409138,0.02797076,0.94758383,,,0.03457321,0.08021113,0.03393573,0.46536474,0.00337794,0.05093667,2.10607065,0.44257654,0.49120364,1.5884329536,0.6211660192,318,,,,-1.634529564
20100831,20100831,242610.0,01W,KOR,-0.093979,2010,8,20100730,20100731,97.791842994,3.1810449529,97.791842994,,0.1558912068,-0.144871654,0.0125714585,-0.254225877,-0.270322919,1.2227158418,1.3397941339,0.6536131512,-0.346214209,-0.078123125,0.1365752349,,,,,,,,,,,,,,,,,,,,,,,,,,,,,,,,,,,,,,,,,,,,,,,,,,,,,,,,,,,,,,,,,,,,,,,,,,,,,,,,,,,,,,,,,,,,,,,,,1.255696351,0.0866425891,-0.57347694,,0.9661229611,0.00023134,25292570.5836869,1.36394549,0.18020319,1.24120428,5.724e-05,5.911e-05,0.01195352,0.02432293,1.04209439,0.41967897,-0.34411968,0.02525715,1.08531151,,,0.03506015,0.0759816,0.02471422,1.37002954,0.0036626,0.0505172,1.99335877,0.44814037,0.4967674,1.6364803564,0.6426533343,319,,,,-1.614735897
20100930,20100930,242610.0,01W,KOR,0.042033,2010,9,20100831,20100831,88.601458316,2.8820933645,88.601458316,,0.1558912068,-0.144871654,-0.093979052,-0.13084001,-0.46391305,1.3864448398,1.5699839349,2.47835594,-0.212518393,0.0180916511,0.1263869892,0.1132760176,,,,,,,,,,,,,,,,,,,,,,,,,,,,,,,,,,,,,,,,,,,,,,,,,,,,,,,,,,,,,,,,,,,,,,,,,,,,,,,,,,,,,,,,,,,,,,,,1.244052463,0.1464410665,-1.475848549,,0.9768170426,0.00047996,12859954.1929787,1.54042,0.0987745,1.32736257,0.00010329,6.347e-05,0.00903841,0.02245103,1.26794309,0.3606055,-0.05146882,0.02296098,1.17190071,,,0.02641568,0.05768228,0.02263765,0.78745993,0.00496261,0.05041725,1.92555038,0.40602456,0.50231114,1.6683136602,0.4857347288,320,,,,-1.631720526
20101029,20101031,242610.0,01W,KOR,0.451862,2010,10,20100930,20100930,92.325624164,3.0032357687,92.325624164,,0.1558912068,-0.144871654,0.0420327827,-0.082589047,-0.351719423,0.298098509,1.2870821884,3.7087788872,-0.182468981,0.1215894253,0.1191545671,-0.33035502,,,,,,,,,,,,,,,,,,,,,,,,,,,,,,,,,,,,,,,,,,,,,,,,,,,,,,,,,,,,,,,,,,,,,,,,,,,,,,,,,,,,,,,,,,,,,,,,1.2498503068,0.2055646016,-1.605139383,,0.9781113196,0.00059011,7039098.75634325,1.18494722,0.060888,1.09125609,0.00016848,6.142e-05,0.01215247,0.01207113,-0.43580459,-0.92690883,0.66051835,0.01225968,-0.08047703,0.01145083,0.00829358,0.01856991,0.03222729,0.01490107,-0.44272348,0.00573118,0.05041797,1.90140014,0.4230909,0.50798152,1.6893523093,0.3413835348,321,,,,-1.636791107
20101130,20101130,242610.0,01W,KOR,-0.274635,2010,11,20101029,20101031,134.04403003,4.3602827406,134.04403003,,0.1558912068,-0.144871654,0.4518616174,-0.05589647,-0.287060605,-0.302448931,1.1248547493,2.1454649912,0.1100319181,-0.056898955,0.1654055283,0.0680555048,,,,,,,,,,,,,,,,,,,,,,,,,,,,,,,,,,,,,,,,,,,,,,,,,,,,,,,,,,,,,,,,,,,,,,,,,,,,,,,,,,,,,,,,,,,,,,,,1.2407398802,0.0150353589,-1.847413468,,0.9421281892,7.592e-05,7666133.25490003,1.20429632,0.06856315,1.12204863,0.00014805,5.819e-05,0.01225207,0.03676271,1.44649114,-0.00624012,1.98892045,0.03497181,0.98072501,,,0.06533005,0.14188531,0.03695506,1.60147907,0.00588905,0.05094607,1.85929342,0.61426944,0.50417826,1.6942663551,1.2032826455,322,,,,-1.646664127
20101230,20101231,242610.0,01W,KOR,-0.073298,2010,12,20101130,20101130,97.230801138,3.162794971,97.230801138,,0.1558912068,-0.144871654,-0.274635348,0.5128874013,0.1913642719,-0.265181502,2.2711182647,2.1602279412,-0.112562824,0.6656432478,0.0799256559,-0.012427719,,,,,,,,,,,,,,,,,,,,,,,,,,,,,,,,,,,,,,,,,,,,,,,,,,,,,,,,,,,,,,,,,,,,,,,,,,,,,,,,,,,,,,,,,,,,,,,,1.2661798273,0.117685474,-0.405982104,,0.9826410415,0.00010383,8630998.37905942,1.12326396,0.07537358,1.05405722,0.00013257,5.797e-05,0.01124288,0.04198221,-1.3579522,-0.06580414,2.07231132,0.04324578,-1.21376849,0.0426744,-1.02361312,0.03709297,0.06376226,0.04533513,-1.22940573,0.00473665,0.05092378,1.77904316,0.44556934,0.50948258,1.7557992412,0.6817683787,323,,,,-1.659303648
20110131,20110131,242610.0,01W,KOR,0.005613,2011,1,20101230,20101231,90.103987585,2.930968741,90.103987585,,0.1558912068,-0.144871654,-0.0732979,0.0531290963,0.0067622319,-0.288580109,0.4245268688,0.6484268718,0.8860387754,0.9391572339,-0.01211572,-0.049203285,,,,,,,,,,,,,,,,,,,,,,,,,,,,,,,,,,,,,,,,,,,,,,,,,,,,,,,,,,,,,,,,,,,,,,,,,,,,,,,,,,,,,,,,,,,,,,,,1.2763479809,-0.007003719,-0.313966624,,0.8278186275,0.00031097,6753504.78157483,1.17314917,0.0603015,1.07859253,0.00016564,5.91e-05,0.01146824,0.02339811,0.44457615,0.39845888,1.75494606,0.02337202,0.38059789,0.02326735,0.24944707,0.03702772,0.06486345,0.0291924,0.56728268,0.00550948,0.04927912,1.55098015,0.41291004,0.51130944,1.7087822075,0.6996236587,324,,,,-1.644317193
20110228,20110228,242610.0,01W,KOR,0.036203,2011,2,20110131,20110131,90.609762394,2.9474209558,90.609762394,,0.1558912068,-0.144871654,0.0056132345,-0.327803054,-0.078614485,-0.304216105,-0.319234141,-0.270322919,2.9873004743,0.378228265,-0.045989814,0.2054262038,,,,,,,,,,,,,,,,,,,,,,,,,,,,,,,,,,,,,,,,,,,,,,,,,,,,,,,,,,,,,,,,,,,,,,,,,,,,,,,,,,,,,,,,,,,,,,,,1.2919499811,-0.468123126,-0.367648446,,0.119558553,0.00021248,6856524.6582942,1.16071376,0.0612245,1.06533951,0.00016017,8.071e-05,0.01215135,0.03139036,1.38595399,-0.09110645,1.22712192,0.03303763,1.43560555,0.03314869,1.04856805,0.045269,0.09745294,0.03257338,1.34951219,0.0057456,0.03852088,1.42219498,0.43931538,0.51160243,1.4020977213,1.0740223121,325,,,,-1.15359562
20110331,20110331,242610.0,01W,KOR,-0.16684,2011,3,20110228,20110228,93.890113798,3.0541266376,93.890113798,,0.1558912068,-0.144871654,0.0362030682,-0.068096104,0.0226667158,-0.194673321,-0.503284634,-0.46391305,4.3420116269,-0.250778098,-0.019900617,0.1983751335,,,,,,,,,,,,,,,,,,,,,,,,,,,,,,,,,,,,,,,,,,,,,,,,,,,,,,,,,,,,,,,,,,,,,,,,,,,,,,,,,,,,,,,,,,,,,,,,1.2827681081,-0.650871078,-0.329631413,,0.0546683047,0.0002345,7278378.86112575,1.13134498,0.06535975,1.05408195,0.0001465,0.00011855,0.00556294,0.04296546,2.2709866,-0.20694294,1.73696648,0.04557901,2.03284477,0.03907268,0.63209789,0.0513769,0.13967026,0.04311364,2.09656608,0.006481,0.03481127,1.19765947,0.45843683,0.50997142,1.2726591549,1.3616828411,326,,,,-0.492354054
20110429,20110430,242610.0,01W,KOR,-0.18737,2011,4,20110331,20110331,78.225459531,2.5445752489,78.225459531,,0.0083165811,-0.008282189,-0.166840295,0.0420195189,0.0169453459,-0.027828431,-0.313023304,-0.351719423,3.4832932619,-0.052472597,-0.03029768,0.1445059351,,,,,,,,,,,,,,,,,,,,,,,,,,,,,,,,,,,,,,,,,,,,,,,,,,,,,,,,,,,,,,,,,,,,,,,,,,,,,,,,,,,,,,,,,,,,,,,,1.2137306418,-0.420385729,-0.026907812,,0.1968117719,0.00014853,7832598.93246393,1.03432316,0.0723525,0.94730682,0.00013035,0.00014903,0.01002963,0.05003642,-1.30914396,-0.3014814,1.92967764,0.03201365,-0.5036486,0.03892946,-0.52186416,0.04569506,0.06930446,0.05435866,-1.50676767,0.00679184,0.0353617,1.26572869,0.53480982,0.50751528,1.2717313654,1.1793775928,327,,,,-0.607019433
20110531,20110531,242610.0,01W,KOR,-0.090702,2011,5,20110429,20110430,63.568388916,2.0677992819,63.568388916,,0.0083165811,-0.008282189,-0.187369569,-0.136677357,-0.416419668,-0.200081958,-0.395942217,-0.287060605,2.9735115088,-0.131173086,-0.035406451,0.0431985844,,,,,,,,,,,,,,,,,,,,,,,,,,,,,,,,,,,,,,,,,,,,,,,,,,,,,,,,,,,,,,,,,,,,,,,,,,,,,,,,,,,,,,,,,,,,,,,,1.1934249772,-0.424718411,-0.589516138,,0.1136087485,0.0003479,5658896.26184051,1.12345034,0.05595036,1.02027901,0.00017155,0.000156,0.00654302,0.02337097,1.17842437,-0.26049119,0.77723724,0.01945731,0.54359274,0.0204799,-0.73510338,0.02537729,0.0757008,0.02773881,1.44776658,0.00858747,0.03542714,1.20996241,0.45514482,0.50671506,1.2780293719,0.6537366942,328,,,,-0.642666329
20110630,20110630,242610.0,01W,KOR,-0.018642,2011,6,20110531,20110531,57.802585095,1.880244977,57.802585095,,0.0,0.0,-0.090702375,-0.322949069,-0.346211404,-0.282535636,-0.435013202,0.1913642719,2.7394008615,-0.141630961,-0.03077658,,,,,,,,,,,,,,,,,,,,,,,,,,,,,,,,,,,,,,,,,,,,,,,,,,,,,,,,,,,,,,,,,,,,,,,,,,,,,,,,,,,,,,,,,,,,,,,,,1.1970430367,-0.510288703,-0.658455363,,0.0523076923,0.00050274,3848851.02663246,1.23345252,0.04296992,1.15902327,0.00023945,0.0001628,0.01861777,0.03328226,-0.36679677,-0.25275024,1.24344964,0.03402775,-0.26262492,0.03560989,-0.358136,0.04332604,0.05821991,0.03837043,-0.30091217,0.01159579,0.03383984,0.63293154,0.41386211,0.50689649,1.2835139656,1.2268244237,329,,,,-0.458952313
20110729,20110731,242610.0,01W,KOR,0.207942,2011,7,20110630,20110630,56.725054192,1.8451942597,56.725054192,,0.0,2.220446e-16,-0.018641569,-0.261077078,-0.358490266,-0.37392695,-0.401491514,0.0067622319,,0.0125714585,-0.033614128,-0.029229467,,,,,,,,,,,,,,,,,,,,,,,,,,,,,,,,,,,,,,,,,,,,,,,,,,,,,,,,,,,,,,,,,,,,,,,,,,,,,,,,,,,,,,,,,,,,,,,,1.1984601491,-0.397700914,-0.424503919,,0.0794537554,0.00031235,3588787.50528314,1.35326578,0.0427419,1.2143674,0.00023881,0.00019176,0.0134973,0.03173927,1.98444868,-0.36544008,0.87026882,0.03321009,2.19371942,0.03397171,1.9166163,0.03951749,0.10843588,0.03217279,1.9421045,0.01300233,0.03390226,0.70557446,0.40614707,0.50774134,1.3627321818,1.1240651276,330,,,,-0.546097718
20110831,20110831,242610.0,01W,KOR,-0.152553,2011,8,20110729,20110731,68.520597878,2.2288883753,68.520597878,,0.0,0.0,0.2079423961,-0.107653109,-0.373963106,-0.57681775,-0.419940841,-0.078614485,2.8435436866,-0.093979052,-0.006166723,,,,,,,,,,,,,,,,,,,,,,,,,,,,,,,,,,,,,,,,,,,,,,,,,,,,,,,,,,,,,,,,,,,,,,,,,,,,,,,,,,,,,,,,,,,,,,,,,1.1958430581,-0.431734249,-0.678871424,,0.0729295426,0.0004338,3020248.73479395,1.44063557,0.03882147,1.25042016,0.00026802,0.00019366,0.01342618,0.01940408,-0.51672497,-0.19604278,0.97162276,0.01892487,-0.26357649,0.01823247,-0.77823394,0.0364803,0.0492997,0.02432315,-0.4733889,0.01467865,0.03362746,0.8205969,0.49060226,0.50734852,1.3660981105,1.0335363976,331,,,,-0.57241568
20110930,20110930,242610.0,01W,KOR,-0.185059,2011,9,20110831,20110831,58.067549629,1.8888639381,58.067549629,,0.0,1.665335e-16,-0.152553372,0.185424454,-0.270204337,-0.295278892,-0.22664255,0.0226667158,,0.0420327827,-0.023856374,0.1226313371,,,,,,,,,,,,,,,,,,,,,,,,,,,,,,,,,,,,,,,,,,,,,,,,,,,,,,,,,,,,,,,,,,,,,,,,,,,,,,,,,,,,,,,,,,,,,,,,1.2061797099,-0.418301989,-1.162636016,,0.1180428135,0.00098891,2483563.96582716,1.39297295,0.03383489,1.18611771,0.00033418,0.00020026,0.01047554,0.04156045,1.74131431,-0.52825482,1.65785432,0.02649185,0.98616348,0.02584453,0.74156749,0.06719029,0.15607462,0.06472877,0.10547621,0.02124147,0.03540541,1.49968273,0.41575923,0.5182986,1.2901173141,1.7021808283,332,,,,-0.833484548
20111031,20111031,242610.0,01W,KOR,0.088321,2011,10,20110930,20110930,47.321624754,1.5393125948,47.321624754,,0.0,0.0,-0.185059038,0.0236667105,-0.257689888,-0.355549613,-0.371057059,0.0169453459,2.3889797653,0.4518616174,-0.081758252,-0.256468425,,,,,,,,,,,,,,,,,,,,,,,,,,,,,,,,,,,,,,,,,,,,,,,,,,,,,,,,,,,,,,,,,,,,,,,,,,,,,,,,,,,,,,,,,,,,,,,,1.2154725939,-0.442350423,-1.305264337,,0.1282674772,0.00055051,1640399.24545462,1.42808783,0.02548239,1.20629934,0.00046874,0.00020351,0.01335645,0.04622517,-0.1105117,-0.18189587,1.77193858,0.0377396,0.86992603,0.03547434,0.17715337,0.05585069,0.08288478,0.05822372,-0.79876996,0.0283435,0.0374288,1.42864192,0.33881923,0.52355343,1.2100586041,1.3172865109,333,,,,-0.922665974
20111130,20111130,242610.0,01W,KOR,0.106998,2011,11,20111031,20111031,51.501115849,1.6752661533,51.501115849,,0.0,2.220446e-16,0.0883209551,-0.30938103,-0.255579297,-0.477742536,-0.646969546,-0.416419668,4.7436136501,-0.274635348,-0.048762224,0.0089162949,,,,,,,,,,,,,,,,,,,,,,,,,,,,,,,,,,,,,,,,,,,,,,,,,,,,,,,,,,,,,,,,,,,,,,,,,,,,,,,,,,,,,,,,,,,,,,,,1.179159304,-0.669214959,-0.380444771,,0.059178744,0.00066411,1338189.82644046,1.02287979,0.02290115,0.9565165,0.00051961,0.00026328,0.01520374,0.02473337,0.45578207,-0.20730886,1.70303962,0.02211415,-0.17176222,0.02465032,0.37270986,0.04776351,0.05314804,0.03643597,-0.30450432,0.03430165,0.03590422,1.40690766,0.36874407,0.52481769,1.1412107601,1.1373128869,334,,,,-0.635795408
20111229,20111231,242610.0,01W,KOR,0.104571,2011,12,20111130,20111130,57.011633923,1.8545163359,57.011633923,,0.0,0.0,0.1069980326,-0.113082674,-0.109017084,-0.451474561,-0.470320976,-0.346211404,2.7189290959,-0.0732979,-0.032371685,0.2080494565,,,,,,,,,,,,,,,,,,,,,,,,,,,,,,,,,,,,,,,,,,,,,,,,,,,,,,,,,,,,,,,,,,,,,,,,,,,,,,,,,,,,,,,,,,,,,,,,1.1657203085,-0.71867077,-0.580379461,,0.0691328078,0.00010665,2223088.29551322,1.38426104,0.03588173,1.24237949,0.00028881,0.00026341,0.02026989,0.06461412,0.51738401,0.01706987,1.78398338,0.06343485,0.54647567,0.06104969,0.9502971,0.09296108,0.14875418,0.06465951,0.50071199,0.03245091,0.03929633,1.35978751,0.52275203,0.52041525,1.1387411373,2.1112196983,335,,,,-0.823011845
20120131,20120131,242610.0,01W,KOR,0.122694,2012,1,20111229,20111231,62.973415678,2.0484455551,62.973415678,,0.0,1.665335e-16,0.104571319,0.2047691562,0.0050520839,-0.271188252,-0.36726847,-0.358490266,2.7074793398,0.0056132345,-0.023375495,0.2062751299,,,,,,,,,,,,,,,,,,,,,,,,,,,,,,,,,,,,,,,,,,,,,,,,,,,,,,,,,,,,,,,,,,,,,,,,,,,,,,,,,,,,,,,,,,,,,,,,1.1641405023,-0.415518587,-0.076754711,,0.2221549637,0.00020909,2366313.41894746,1.27717921,0.03786932,1.14653154,0.00026613,0.00025436,0.01300772,0.02520243,0.29701044,-0.51458757,1.1138401,0.02489744,0.60714637,0.02531333,0.13701174,0.04212408,0.07271885,0.03185249,-0.08108092,0.03188572,0.0393612,1.53669946,0.57741689,0.51910259,1.100894511,0.9517237622,336,,,,-0.730270107
20120229,20120229,242610.0,01W,KOR,0.127621,2012,2,20120131,20120131,70.699846138,2.2997765646,70.699846138,,0.0,-1.38778e-16,0.1226935267,0.222758277,-0.080956419,-0.009359577,-0.305004074,-0.373963106,2.4556069524,0.0362030682,-0.015512726,0.2928043926,,,,,,,,,,,,,,,,,,,,,,,,,,,,,,,,,,,,,,,,,,,,,,,,,,,,,,,,,,,,,,,,,,,,,,,,,,,,,,,,,,,,,,,,,,,,,,,,1.1737266071,-0.472140474,-0.156046788,,0.2816985646,0.00026797,2506612.47880577,1.23045611,0.03990471,1.10815382,0.00024442,0.00026125,0.00944676,0.02861347,0.29253343,0.13054338,0.21034783,0.02592982,0.35895808,0.02523569,-0.01846183,0.04425055,0.06065884,0.02962931,0.01249215,0.03131203,0.03925944,1.55733706,0.71396694,0.51962762,1.0875695677,1.0016059153,337,,,,-0.647382283
20120330,20120331,242610.0,01W,KOR,-0.147416,2012,3,20120229,20120229,79.722604345,2.5932754759,79.722604345,,0.0,0.0,0.1276206201,0.2400950696,0.2175448523,0.2231260249,-0.246993711,-0.270204337,2.4747269897,-0.166840295,0.0112564479,0.1624991285,,,,,,,,,,,,,,,,,,,,,,,,,,,,,,,,,,,,,,,,,,,,,,,,,,,,,,,,,,,,,,,,,,,,,,,,,,,,,,,,,,,,,,,,,,,,,,,,1.1781787758,-0.740807847,-0.174687464,,0.2046818727,9.724e-05,3869832.20299428,1.2231413,0.05478021,1.05463851,0.00017344,0.00023061,0.02158055,0.05398065,1.10205983,-0.15824995,5.97913027,0.05134849,0.32753367,0.04977492,0.1270669,0.08021273,0.14582564,0.0555563,0.97843718,0.02310858,0.04028615,1.6106664,0.80508385,0.51967346,1.1301644886,1.7706778149,338,,,,-0.817099018
20120430,20120430,242610.0,01W,KOR,-0.10757,2012,4,20120330,20120331,67.970239563,2.2109859155,67.970239563,,0.0,0.0,-0.147415716,0.2659723708,0.6846971075,0.4054213871,0.0191388433,-0.257689888,1.404188305,-0.187369569,0.0148886164,0.1141151725,,,,,,,,,,,,,,,,,,,,,,,,,,,,,,,,,,,,,,,,,,,,,,,,,,,,,,,,,,,,,,,,,,,,,,,,,,,,,,,,,,,,,,,,,,,,,,,,1.183018046,-0.62324761,-0.151022223,,0.5169541939,0.00019641,4337678.90088653,1.11762876,0.05982102,0.9913508,0.00015888,0.00023724,0.01337743,0.04555465,1.57244351,-0.35375179,-2.1168193,0.04658152,1.33817112,0.04725432,1.55002258,0.04959501,0.1448089,0.04636772,1.4376144,0.0165624,0.03996781,1.61564363,0.72018621,0.51807157,1.122568212,1.1136005035,339,,,,-0.726075736
20120531,20120531,242610.0,01W,KOR,-0.186533,2012,5,20120430,20120430,60.658684165,1.973150267,60.658684165,,0.0,0.0,-0.107569952,-0.038608381,0.3197818813,-0.008032013,0.0692459054,-0.255579297,0.5097886236,-0.090702375,0.0133552002,0.0296000402,,,,,,,,,,,,,,,,,,,,,,-0.039314659,0.0678632704,,-0.077472965,-0.084904629,-0.049741099,,,0.0973070076,,,,,,0.9380339846,,1.2652048945,,0.057068413,,,,,,,,,,,,,,,,,,,,,,,,,,-0.144056245,-0.015540146,,2.2089411004,,,,,,,2.0488508035,,,,,1.1505357271,0.5208539634,0.3819834464,0.3163241984,1.0613621196,-0.044222912,-0.165741857,-0.194771299,,,,0.6372940371,-0.013582895,,,1.1727022189,-0.627434053,-0.322781695,,0.3925188652,0.00037288,4508161.24792647,1.06243185,0.06150856,0.95690977,0.00015097,0.00023531,0.01857513,0.03855199,0.52762995,0.25813218,5.02822653,0.03897231,0.43868295,0.04025498,0.4544006,0.05491673,0.07882819,0.04364995,0.29875393,0.01242744,0.04082625,1.62513082,0.64271581,0.51782944,1.1448875867,1.2073076848,340,,-1.660633036,,-0.657620781
20120629,20120630,242610.0,01W,KOR,0.136544,2012,6,20120531,20120531,49.343858608,1.6050933041,49.343858608,,0.0,-1.38778e-16,-0.186532657,-0.239128166,0.063970281,0.0446227635,0.0494112688,-0.109017084,0.1786320906,-0.018641569,-0.001907626,-0.122471321,,,,,,,,,,,,,,,,,,,,,,-0.039314659,0.0678632704,,-0.077472965,-0.084904629,-0.049741099,,,0.0973070076,,,,,,0.9380339846,,1.2652048945,,0.057068413,,,,,,,,,,,,,,,,,,,,,,,,,,-0.144056245,-0.015540146,,2.2089411004,,,,,,,2.0488508035,,,,,1.4143600695,0.6402887199,0.4695744088,0.3888591242,1.30473845,-0.054363476,-0.203747401,-0.239433458,,,,0.7425135808,-0.015825479,,,1.1878924931,-0.42248574,-0.606286356,,0.3665622853,0.00121667,3477296.48750989,1.27687836,0.04650559,1.10579341,0.00020292,0.00023597,0.00668605,0.01520287,-0.67322763,0.12222482,2.19270543,0.01160923,-0.26621515,0.01235652,-0.03220247,0.02898109,0.04753074,0.03329963,-0.42121805,0.0174186,0.04012747,1.68067764,0.52282832,0.52245197,1.1603966722,0.6410342374,341,,-1.660467526,,-0.662955583
20120731,20120731,242610.0,01W,KOR,-0.038049,2012,7,20120629,20120630,56.081452214,1.8242587015,56.081452214,,0.0,-1.12757e-16,0.1365437117,-0.2740373,-0.216433505,0.0427338213,-0.130122319,0.0050520839,0.2858834602,0.2079423961,-0.008398415,0.0117083028,,,,,,,,,,,,,,,,,,,,,,-0.039314659,0.0678632704,,-0.077472965,-0.084904629,-0.049741099,,,0.0973070076,,,,,,0.9380339846,,1.2652048945,,0.057068413,,,,,,,,,,,,,,,,,,,,,,,,,,-0.144056245,-0.015540146,,2.2089411004,,,,,,,2.0488508035,,,,,1.2444396594,0.5633647991,0.4131600078,0.3421418113,1.1479879186,-0.047832279,-0.179269304,-0.210668059,,,,0.6760488031,-0.01440889,,,1.1969867668,-0.497689971,-0.693291059,,0.3130659055,0.00039277,3270746.80278582,1.39714375,0.04346434,1.23795026,0.00022056,0.00023779,0.01449567,0.03095429,1.60361511,0.02003248,1.00337357,0.03094694,1.06929016,0.03296989,1.25244838,0.05074006,0.10002068,0.0336204,1.1656689,0.01956072,0.04007555,1.68494249,0.59421724,0.52880336,1.1638325975,1.118382077,342,,-1.657676603,,-0.676673668
20120831,20120831,242610.0,01W,KOR,0.055457,2012,8,20120731,20120731,53.947601918,1.7548472505,53.947601918,,0.0,1.387779e-16,-0.038049127,-0.075458807,-0.206766984,0.0889366432,-0.181538779,-0.080956419,0.8291816523,-0.152553372,0.0020110614,,,,,,,,,,,,,,,,,,,,,,,-0.039314659,0.0678632704,,-0.077472965,-0.084904629,-0.049741099,,,0.0973070076,,,,,,0.9380339846,,1.2652048945,,0.057068413,,,,,,,,,,,,,,,,,,,,,,,,,,-0.144056245,-0.015540146,,2.2089411004,,,,,,,2.0488508035,,,,,1.2936623837,0.5856482019,0.4295021912,0.355674932,1.1933955785,-0.049724243,-0.186360145,-0.21900085,,,,0.6957736793,-0.014829294,,,1.2386210173,-0.490296606,-0.495565235,,0.2854233451,0.00069318,2953304.75219768,1.55165591,0.03918982,1.37226658,0.00024208,0.00024483,0.00768715,0.02064735,0.0077709,0.35200232,1.23524603,0.02003774,0.31605072,0.02038906,0.48765006,0.02685255,0.06403479,0.02391757,0.54719175,0.02346355,0.0400492,1.64358644,0.5716078,0.53650586,1.1647603015,0.593850422,343,,-1.648010601,,-0.668175412
20120928,20120930,242610.0,01W,KOR,-0.013394,2012,9,20120831,20120831,56.93937808,1.8521659447,56.93937808,,0.0,1.110223e-16,0.0554570742,0.0932992157,-0.323308585,-0.053743978,-0.070950948,0.2175448523,0.0803723001,-0.185059038,0.0238761625,0.1139198357,,,,,,,,,,,,,,,,,,,,,,-0.039314659,0.0678632704,,-0.077472965,-0.084904629,-0.049741099,,,0.0973070076,,,,,,0.9380339846,,1.2652048945,,0.057068413,,,,,,,,,,,,,,,,,,,,,,,,,,-0.144056245,-0.015540146,,2.2089411004,,,,,,,2.0488508035,,,,,1.2256892443,0.5548763813,0.406934779,0.3369866389,1.1306907762,-0.047111573,-0.17656819,-0.207493848,,,,0.6684299776,-0.014246507,,,1.2742675524,-0.379949555,-0.608875734,,0.3036292624,0.00043593,1652665.74004268,1.45647726,0.02542722,1.29344501,0.00038905,0.00023401,0.00922729,0.01594348,0.60326934,-0.01830599,0.90321244,0.01571689,0.62034679,0.01575286,0.40122512,0.02862178,0.04568183,0.01949958,0.24997563,0.0250587,0.03808471,1.39140288,0.60330749,0.55453688,1.2287131559,0.6899901214,344,,-1.653414599,,-0.721289515
20121031,20121031,242610.0,01W,KOR,-0.164571,2012,10,20120928,20120930,56.176745924,1.8273584853,56.176745924,,0.0,0.0,-0.013393756,0.015297854,-0.162289578,-0.095818808,0.2032422466,0.6846971075,-0.455028294,0.0883209551,0.0146293705,-0.107668263,,,,,,,,,,,,,,,,,,,,,,-0.039314659,0.0678632704,,-0.077472965,-0.084904629,-0.049741099,,,0.0973070076,,,,,,0.9380339846,,1.2652048945,,0.057068413,,,,,,,,,,,,,,,,,,,,,,,,,,-0.144056245,-0.015540146,,2.2089411004,,,,,,,2.0488508035,,,,,1.2423286921,0.5624091524,0.4124591564,0.3415614295,1.1460405643,-0.04775114,-0.178965206,-0.210310699,,,,0.6751939822,-0.014390671,,,1.2283670589,-0.49368137,-0.670522789,,0.3048766303,0.00037262,1261568.51070196,1.17695968,0.02143823,1.12668513,0.00047582,0.00022587,0.01087923,0.02098785,0.16858969,-0.3001666,-0.17061175,0.02159876,0.00676821,0.02194589,-0.14216481,0.02420032,0.04949665,0.02229262,-0.05825842,0.02599233,0.03631975,1.29590441,0.59522694,0.57274441,1.3471392297,0.6263655993,345,,-1.653165455,,-0.755939723
20121130,20121130,242610.0,01W,KOR,-0.001948,2012,11,20121031,20121031,46.931708073,1.5266290984,46.931708073,,0.0,-2.35922e-16,-0.164570548,0.0413205393,-0.073887825,-0.205419121,0.0907869664,0.3197818813,0.1184321188,0.1069980326,-0.010058682,-0.089810689,,,,,,,,,,,,,,,,,,,,,,-0.039314659,0.0678632704,,-0.077472965,-0.084904629,-0.049741099,,,0.0973070076,,,,,,0.9380339846,,1.2652048945,,0.057068413,,,,,,,,,,,,,,,,,,,,,,,,,,-0.144056245,-0.015540146,,2.2089411004,,,,,,,2.0488508035,,,,,1.4870539802,0.6731976601,0.4937091401,0.4088453293,1.3717981348,-0.057157597,-0.214219412,-0.251739627,,,,0.7696017174,-0.016402819,,,1.286212552,-0.392834302,-0.861976954,,0.299383465,0.00138654,1004392.83362419,1.26768671,0.0179763,1.22828796,0.00058687,0.00022637,0.00688997,0.01861192,0.22103302,-0.3772182,-0.23664519,0.01802167,0.05587157,0.01767688,-0.33626102,0.01971776,0.04456304,0.02178646,0.32406385,0.02935761,0.03601275,1.18211805,0.49727011,0.58573266,1.4651099674,0.5214879325,346,,-1.653290224,,-0.807117589
20121228,20121231,242610.0,01W,KOR,0.14226,2012,12,20121130,20121130,46.840267246,1.5236546439,46.840267246,,0.0,0.0,-0.001948381,-0.175760086,-0.048884514,-0.411312407,-0.176804718,0.063970281,0.3754392057,0.104571319,-0.019742291,0.2073339762,,,,,,,,,,,,,,,,,,,,,,-0.039314659,0.0678632704,,-0.077472965,-0.084904629,-0.049741099,,,0.0973070076,,,,,,0.9380339846,,1.2652048945,,0.057068413,,,,,,,,,,,,,,,,,,,,,,,,,,-0.144056245,-0.015540146,,2.2089411004,,,,,,,2.0488508035,,,,,1.4899569834,0.6745118659,0.4946729512,0.4096434707,1.3744761374,-0.057269179,-0.214637608,-0.252231069,,,,0.7706675218,-0.016425535,,,1.2841170638,-0.710833879,-0.84063347,,0.1368462221,0.00241144,939322.16384239,1.3771065,0.01686731,1.32851956,0.00061056,0.00029587,0.00931253,0.01775289,0.89299138,0.16477762,1.73608662,0.01831689,0.85074482,0.01906929,0.84921201,0.02813102,0.04037158,0.0196314,0.41997659,0.03499966,0.03058892,1.529646,0.49630124,0.58589119,1.442314069,0.8454749829,347,,-1.661228694,,-0.602406127
20130131,20130131,242610.0,01W,KOR,-0.046653,2013,1,20121228,20121231,53.503774375,1.7404101019,53.503774375,,0.0,0.0,0.1422602286,-0.166198282,-0.164781485,-0.310870941,-0.256189826,-0.216433505,0.6228891011,0.1226935267,-0.0179635,0.1879508377,,,,,,,,,,,,,,,,,,,,,,-0.039314659,0.0678632704,,-0.077472965,-0.084904629,-0.049741099,,,0.0973070076,,,,,,0.9380339846,,1.2652048945,,0.057068413,,,,,,,,,,,,,,,,,,,,,,,,,,-0.144056245,-0.015540146,,2.2089411004,,,,,,,2.0488508035,,,,,1.3043936452,0.5905063041,0.4330650221,0.3586253468,1.2032951012,-0.050136718,-0.18790605,-0.220817518,,,,0.7000218124,-0.014919836,,,1.2859525728,-0.486200651,-0.667219084,,0.1255622191,0.00053519,884236.59982771,1.10600798,0.01600629,1.05338156,0.00065515,0.00031746,0.01134299,0.04403146,1.95029427,-0.29836255,-0.25488822,0.04427113,0.9913514,0.03581393,0.04542481,0.05920553,0.15054627,0.04426991,1.96305001,0.03814502,0.03206606,1.53731149,0.56690517,0.58656524,1.648138041,1.7264912111,348,,-1.663816546,,-0.73215357
20130228,20130228,242610.0,01W,KOR,-0.02206,2013,2,20130131,20130131,51.007650697,1.6592143561,51.007650697,,0.0,1.665335e-16,-0.046653226,0.140034671,-0.008227012,-0.117953594,-0.243226438,-0.206766984,0.9356278206,0.1276206201,-0.033806577,0.2942298457,,,,,,,,,,,,,,,,,,,,,,-0.039314659,0.0678632704,,-0.077472965,-0.084904629,-0.049741099,,,0.0973070076,,,,,,0.9380339846,,1.2652048945,,0.057068413,,,,,,,,,,,,,,,,,,,,,,,,,,-0.144056245,-0.015540146,,2.2089411004,,,,,,,2.0488508035,,,,,1.3682257923,0.6194034744,0.4542576048,0.3761751302,1.2621798636,-0.052590222,-0.19710147,-0.231623502,,,,0.7249143198,-0.01545038,,,1.3168314916,-0.069184483,-0.249960023,,0.1474919136,0.00107641,874885.79285795,1.05164147,0.0158727,1.00004756,0.00071274,0.00035639,0.01451072,0.01677482,0.64557415,-0.35279658,1.08448166,0.01630359,0.55680126,0.01772614,0.7832398,0.02346268,0.04214263,0.01927093,0.27785014,0.0357032,0.0312704,1.59125579,0.54045722,0.5880538,1.6676287112,0.6987358488,349,,-1.658185082,,-0.727258169
20130329,20130331,242610.0,01W,KOR,0.010082,2013,3,20130228,20130228,49.882397391,1.6226112894,49.882397391,,0.0,0.0,-0.022060481,0.088970104,-0.104176188,0.0337183215,-0.360185845,-0.323308585,0.1139411035,-0.147415716,-0.022410647,0.0697516414,,,,,,,,,,,,,,,,,,,,,,-0.039314659,0.0678632704,,-0.077472965,-0.084904629,-0.049741099,,,0.0973070076,,,,,,0.9380339846,,1.2652048945,,0.057068413,,,,,,,,,,,,,,,,,,,,,,,,,,-0.144056245,-0.015540146,,2.2089411004,,,,,,,2.0488508035,,,,,1.3990903994,0.6333760548,0.4645048042,0.3846609354,1.2906522735,-0.053776559,-0.201547709,-0.236848494,,,,0.7367242198,-0.015702089,,,1.2389708752,-0.198615039,-0.299361515,,0.1199242046,0.00148593,755392.87234799,1.1679713,0.01396503,1.09529889,0.00088836,0.00055891,0.00552091,0.016143,-1.21089577,-0.27893344,1.43129247,0.01499024,-1.04910979,0.01362838,-1.06474632,0.01881592,0.02871644,0.01934905,-1.10935827,0.03978145,0.02767856,1.44347179,0.59681416,0.59807915,1.5518193607,0.6243471918,350,,-1.658008017,,-0.601755416
20130430,20130430,242610.0,01W,KOR,0.142043,2013,4,20130329,20130331,50.385327027,1.6389709544,50.385327027,,0.0,-1.66533e-16,0.0100823068,-0.067684514,-0.112045446,-0.110536632,-0.266114145,-0.162289578,0.2424823188,-0.107569952,-0.011714987,-0.006235516,,,,,,,,,,,,,,,,,,,,,,-0.039314659,0.0678632704,,-0.077472965,-0.084904629,-0.049741099,,,0.0973070076,,,,,,0.9380339846,,1.2652048945,,0.057068413,,,,,,,,,,,,,,,,,,,,,,,,,,-0.144056245,-0.015540146,,2.2089411004,,,,,,,2.0488508035,,,,,1.3851251427,0.6270539049,0.4598682712,0.3808213774,1.2777694102,-0.053239779,-0.199535927,-0.23448435,,,,0.7313985947,-0.015588581,,,1.2195236619,-0.242707908,-0.267249405,,0.1308553634,0.00101512,587292.42711666,1.06745556,0.01150857,1.05502722,0.00115581,0.00070851,0.00549393,0.01660775,-0.43187363,-0.03390479,1.11115376,0.01724627,-0.22251798,0.01782377,-0.29446968,0.02612679,0.03842775,0.02019341,-0.06583741,0.04248601,0.02434696,1.37995732,0.69130752,0.59753327,1.435273566,0.9437628393,351,,-1.660490077,,-0.440379162
20130531,20130531,242610.0,01W,KOR,-0.033606,2013,5,20130430,20130430,57.542232587,1.8717760392,57.542232587,,0.0,-2.28983e-16,0.1420434476,-0.012200595,0.0735881794,-0.066032127,-0.169363336,-0.073887825,-0.001993681,-0.186532657,0.0181555682,-0.03427058,,0.3145514273,0.5330282844,2.5848787729,0.3618718757,,,,0.0630351772,0.0023646265,0.0294656611,0.1218309517,0.1446655876,-0.022834636,0.0761660766,-0.006512639,0.0826787152,0.0591800536,-0.027349766,0.0105621669,0.0419669607,0.0292785261,0.1178349557,0.0895291308,0.0782968704,0.0253253424,0.0510615703,,,0.0335791373,-0.033391826,-3.412769968,-0.060741592,-6.208018752,0.7305541746,1.0256768325,1.2220157483,1.743993879,0.0055799183,0.0823354178,,,,0.0786681198,,0.0485195935,,,,,,,,,,,,,,,0.0737953746,0.1549001092,0.0878383042,0.1176906467,1.199369617,0.0431762019,0.0561373052,0.1872324469,2.588345089,,0.6518798918,,0.8493874302,,-1.789776447,1.856849353,7.251606427,1.2520832326,,,1.5943511055,0.6159731607,0.4970252165,0.3657536522,1.7152207746,0.0155997312,0.0688380253,-0.040865211,,,0.0095707918,0.7201163993,0.058525769,0.5996573112,17.810853449,1.2135458023,-0.353729858,-0.097041439,0.3744686785,0.2963542764,0.00019848,944694.75218351,2.31113147,0.01817996,2.15801401,0.00064662,0.00062244,0.01297843,0.04281701,1.37940597,0.03052979,2.33766765,0.04436818,1.56353505,0.04494065,1.46755786,0.07548761,0.15274311,0.04803691,1.58275282,0.04141307,0.02519456,1.5151419,0.91099194,0.60412653,1.4832556307,2.647579363,352,,-0.725259241,,-0.504633946
20130628,20130630,242610.0,01W,KOR,-0.155976,2013,6,20130531,20130531,55.608453678,1.8088726574,55.608453678,,0.0,0.0,-0.033606254,0.1535578801,0.2284778881,0.0105876553,0.1661478087,-0.048884514,-0.150114635,0.1365437117,0.0026873895,-0.10200834,,0.3145514273,0.5330282844,2.5848787729,0.3618718757,,,,0.0630351772,0.0023646265,0.0294656611,0.1218309517,0.1446655876,-0.022834636,0.0761660766,-0.006512639,0.0826787152,0.0591800536,-0.027349766,0.0105621669,0.0419669607,0.0292785261,0.1178349557,0.0895291308,0.0782968704,0.0253253424,0.0510615703,,,0.0335791373,-0.033391826,-3.412769968,-0.060741592,-6.208018752,0.7305541746,1.0256768325,1.2220157483,1.743993879,0.0055799183,0.0823354178,,,,0.0786681198,,0.0485195935,,,,,,,,,,,,,,,0.0737953746,0.1549001092,0.0878383042,0.1176906467,1.199369617,0.0431762019,0.0561373052,0.1872324469,2.588345089,,0.6518798918,,0.8493874302,,-1.789776447,1.856849353,7.251606427,1.2520832326,,,1.6497945199,0.6373935713,0.5143092232,0.3784727021,1.7748674207,0.0161422104,0.0712318613,-0.042286295,,,0.0099036152,0.7382828687,0.0600022061,0.6771653604,17.75790935,1.2131186348,-0.152564295,-0.059922975,0.3924136725,0.3753920087,4.656e-05,2565358.14326942,2.34612094,0.04268913,2.11575184,0.00020615,0.00031277,0.02139014,0.05007058,1.50094494,0.18257987,2.28695027,0.04437861,1.60209814,0.04838063,1.47676176,0.06099285,0.15006989,0.05137309,1.11669091,0.02983838,0.0288718,0.70974413,0.77517328,0.602518,1.6638346958,2.009377481,353,,-0.73803322,,-0.650247169
20130731,20130731,242610.0,01W,KOR,0.07489,2013,7,20130628,20130630,46.934896555,1.5267328156,46.934896555,,0.0,-3.88578e-16,-0.155975514,0.1036636449,0.0393370249,-0.010116147,-0.008434135,-0.164781485,0.0050597546,-0.038049127,-0.008033191,0.1014031835,,0.3145514273,0.5330282844,2.5848787729,0.3618718757,,,,0.0630351772,0.0023646265,0.0294656611,0.1218309517,0.1446655876,-0.022834636,0.0761660766,-0.006512639,0.0826787152,0.0591800536,-0.027349766,0.0105621669,0.0419669607,0.0292785261,0.1178349557,0.0895291308,0.0782968704,0.0253253424,0.0510615703,,,0.0335791373,-0.033391826,-3.412769968,-0.060741592,-6.208018752,0.7305541746,1.0256768325,1.2220157483,1.743993879,0.0055799183,0.0823354178,,,,0.0786681198,,0.0485195935,,,,,,,,,,,,,,,0.0737953746,0.1549001092,0.0878383042,0.1176906467,1.199369617,0.0431762019,0.0561373052,0.1872324469,2.588345089,,0.6518798918,,0.8493874302,,-1.789776447,1.856849353,7.251606427,1.2520832326,,,1.9546761338,0.7551837435,0.6093534387,0.4484143626,2.1028624753,0.0191252869,0.0843954915,-0.050100792,,,0.0117338008,0.832478627,0.0676577452,0.6287711686,17.466771392,1.2408257342,-0.254281353,-0.42515057,0.3747751111,0.3361427873,0.00028702,2698981.56157354,2.22185103,0.04502178,1.99794579,0.00019147,0.00030546,0.01309186,0.03922047,-0.62883672,-0.06773578,1.46176976,0.03749974,-0.26879398,0.03731348,-0.95515805,0.03423175,0.05259724,0.040879,-0.76424564,0.02623875,0.02958741,0.69517532,0.65426523,0.6077207,1.7077507442,1.1036738078,354,,-0.741448723,,-0.674549104
20130830,20130831,242610.0,01W,KOR,0.231424,2013,8,20130731,20130731,50.449868348,1.6410704019,50.449868348,,0.0,-5.82867e-16,0.0748903705,-0.184340015,-0.079845946,6.79388e-05,-0.129991049,-0.008227012,-0.035617786,0.0554570742,-0.006266528,,,0.3145514273,0.5330282844,2.5848787729,0.3618718757,,,,0.0630351772,0.0023646265,0.0294656611,0.1218309517,0.1446655876,-0.022834636,0.0761660766,-0.006512639,0.0826787152,0.0591800536,-0.027349766,0.0105621669,0.0419669607,0.0292785261,0.1178349557,0.0895291308,0.0782968704,0.0253253424,0.0510615703,,,0.0335791373,-0.033391826,-3.412769968,-0.060741592,-6.208018752,0.7305541746,1.0256768325,1.2220157483,1.743993879,0.0055799183,0.0739644926,,,,0.0786681198,,0.0485195935,,,,,,,,,,,,,,,0.0737953746,0.1549001092,0.0878383042,0.1176906467,1.199369617,0.0431762019,0.0561373052,0.1872324469,2.643259403,,0.6381896243,,0.8493874302,,-1.789776447,1.856849353,7.251606427,1.2520832326,,,1.7546550846,0.6638225074,0.5857418016,0.4559596285,1.9563506503,0.017792779,0.078515441,-0.046610141,,,0.0109162768,0.7691024627,0.0643314812,0.6433322272,17.596819553,1.2411382165,-0.323465409,-0.154904652,0.3641779023,0.3246621572,0.00068349,2691246.43198319,2.22222799,0.045175,1.9857608,0.00018343,0.00030323,0.01114667,0.0221841,1.47846979,-0.41200406,1.20693017,0.01996714,1.32026685,0.02224015,1.55769038,0.04652349,0.09203155,0.03036858,1.03869654,0.02902849,0.02978297,0.75397067,0.70326339,0.61477807,1.8217655924,1.4766543185,355,,-0.713798422,,-0.756479194
20130930,20130930,242610.0,01W,KOR,-0.095925,2013,9,20130830,20130831,62.125154111,2.0208526794,62.125154111,,0.0,-4.02456e-16,0.231423513,-0.092766207,0.0113761765,0.0770619237,-0.113972262,-0.104176188,,-0.013393756,0.0159895876,-0.086237287,0.044525606,0.3145514273,0.5330282844,2.5848787729,0.3618718757,,,,0.0630351772,0.0023646265,0.0294656611,0.1218309517,0.1446655876,-0.022834636,0.0761660766,-0.006512639,0.0826787152,0.0591800536,-0.027349766,0.0105621669,0.0419669607,0.0292785261,0.1178349557,0.0895291308,0.0782968704,0.0253253424,0.0510615703,,,0.0335791373,-0.033391826,-3.412769968,-0.060741592,-6.208018752,0.7305541746,1.0256768325,1.2220157483,1.743993879,0.0055799183,0.0739644926,,,,0.0786681198,,0.0485195935,,,,,,,,,,,,,,,0.0737953746,0.1549001092,0.0878383042,0.1176906467,1.199369617,0.0431762019,0.0561373052,0.1872324469,2.643259403,,0.6381896243,,0.8493874302,,-1.789776447,1.856849353,7.251606427,1.2520832326,,,1.4248997734,0.5390692157,0.4756623497,0.3702703609,1.5886903487,0.0144489518,0.0637599008,-0.037850618,,,0.0088647624,0.6636205544,0.0553008757,0.6231009232,17.923165538,1.2425129234,-0.374939745,-0.166262086,0.3656246797,0.3283685574,9.723e-05,3388430.3435811,1.84322647,0.05669033,1.66666429,0.00013752,0.00024578,0.01806144,0.04517437,1.60199096,-0.07787534,-4.33710157,0.04751106,1.6417702,0.04832293,1.74740159,0.07082036,0.14777865,0.04518063,1.58082453,0.02501255,0.03238437,0.61529191,0.86601508,0.61492459,1.9579363361,2.0985439265,356,,-0.714121122,,-0.864699219
20131031,20131031,242610.0,01W,KOR,-0.080236,2013,10,20130930,20130930,56.165778834,1.8270017398,56.165778834,,0.0,0.0,-0.09592532,0.3236452761,0.2330009107,0.1611359168,0.1058873755,-0.112045446,0.3850019599,-0.164570548,0.0222300628,0.0318370707,0.0384875004,0.3145514273,0.5330282844,2.5848787729,0.3618718757,,,,0.0630351772,0.0023646265,0.0294656611,0.1218309517,0.1446655876,-0.022834636,0.0761660766,-0.006512639,0.0826787152,0.0591800536,-0.027349766,0.0105621669,0.0419669607,0.0292785261,0.1178349557,0.0895291308,0.0782968704,0.0253253424,0.0510615703,,,0.0335791373,-0.033391826,-3.412769968,-0.060741592,-6.208018752,0.7305541746,1.0256768325,1.2220157483,1.743993879,0.0055799183,0.0739644926,,,,0.0786681198,,0.0485195935,,,,,,,,,,,,,,,0.0737953746,0.1549001092,0.0878383042,0.1176906467,1.199369617,0.0431762019,0.0561373052,0.1872324469,2.643259403,,0.6381896243,,0.8493874302,,-1.789776447,1.856849353,7.251606427,1.2520832326,,,1.5760863617,0.5962662461,0.5261317014,0.4095572733,1.7572556599,0.0159820335,0.0705250376,-0.041866694,,,0.009805343,0.7135740693,0.0595691036,0.6281362591,17.773542061,1.2010897844,-0.003220318,0.4491560676,0.3835144013,0.450730299,9.676e-05,4209169.79912638,1.64704478,0.06901879,1.50143965,0.00011118,0.00020361,0.00607243,0.03900103,-1.75501393,-0.03422214,-0.49704502,0.03613942,-1.19747585,0.03923614,-1.01891049,0.03155146,0.05801765,0.0391277,-1.62272758,0.02133078,0.03365632,0.5971216,0.78294231,0.60155496,2.0635100853,0.9039201649,357,,-0.722313716,,-0.900179306
20131129,20131130,242610.0,01W,KOR,0.015006,2013,11,20131031,20131031,51.659257413,1.6804102984,51.659257413,,0.0,-1.94289e-16,-0.080236071,0.1132988187,-0.023920757,0.1011245973,0.1967554802,0.0735881794,1.485245631,-0.001948381,0.0151130001,-0.038098781,0.053251059,0.3145514273,0.5330282844,2.5848787729,0.3618718757,,,,0.0630351772,0.0023646265,0.0294656611,0.1218309517,0.1446655876,-0.022834636,0.0761660766,-0.006512639,0.0826787152,0.0591800536,-0.027349766,0.0105621669,0.0419669607,0.0292785261,0.1178349557,0.0895291308,0.0782968704,0.0253253424,0.0510615703,,,0.0335791373,-0.033391826,-3.412769968,-0.060741592,-6.208018752,0.7305541746,1.0256768325,1.2220157483,1.743993879,0.0055799183,0.117733395,,,,0.0786681198,,0.0485195935,,,0.0038617769,0.0014609905,,,,,,,,,,,0.0737953746,0.1549001092,0.0878383042,0.1176906467,1.199369617,0.0431762019,0.0561373052,0.1872324469,2.8532134994,,0.6607267307,,0.8493874302,,-1.789776447,1.856849353,7.251606427,1.2520832326,,,1.7874095191,0.6264548795,0.4826765475,0.2722387566,1.9105507452,0.0173762343,0.0766773249,-0.045518956,,,0.0106607171,0.706387564,0.0632613868,0.6963533687,17.637472881,1.0718714863,0.185621236,0.1846277036,0.3717416894,0.4328645592,0.00064938,3985646.64407667,1.69667196,0.06477862,1.53760419,0.00012271,0.00019813,0.00820387,0.01853985,-1.4918147,0.19533375,1.21522446,0.01858724,-1.01018165,0.01818688,-0.87453707,0.01896189,0.02440781,0.02125192,-1.23982194,0.01749338,0.03360559,0.49713381,0.72012209,0.5083066,1.7465999076,0.5448564981,358,,-0.756701322,,-0.785224661
20131230,20131231,242610.0,01W,KOR,0.011686,2013,12,20131129,20131130,52.43443275,1.7056257715,52.43443275,,0.0,1.94289e-16,0.0150055455,-0.16846472,-0.071017912,0.0356209829,0.1028813551,0.2284778881,1.3135045562,0.1422602286,0.0035443925,0.2494388337,0.0254274229,0.3145514273,0.5330282844,2.5848787729,0.3618718757,,,,0.0630351772,0.0023646265,0.0294656611,0.1218309517,0.1446655876,-0.022834636,0.0761660766,-0.006512639,0.0826787152,0.0591800536,-0.027349766,0.0105621669,0.0419669607,0.0292785261,0.1178349557,0.0895291308,0.0782968704,0.0253253424,0.0510615703,,,0.0335791373,-0.033391826,-3.412769968,-0.060741592,-6.208018752,0.7305541746,1.0256768325,1.2220157483,1.743993879,0.0055799183,0.117733395,,,,0.0786681198,,0.0485195935,,,0.0038617769,0.0014609905,,,,,,,,,,,0.0737953746,0.1549001092,0.0878383042,0.1176906467,1.199369617,0.0431762019,0.0561373052,0.1872324469,2.8532134994,,0.6607267307,,0.8493874302,,-1.789776447,1.856849353,7.251606427,1.2520832326,,,1.7609849789,0.6171935536,0.4755407984,0.2682140583,1.8823057211,0.0171193491,0.0755437497,-0.044846017,,,0.0105031122,0.6981531281,0.062594019,0.6971021713,17.662543987,1.1413448214,0.0851042465,0.0936524056,0.3933498012,0.3984364444,0.00056383,2517154.26572611,1.74500352,0.04311313,1.56367823,0.00019776,0.00019281,0.00667461,0.01346083,0.00423947,0.31069918,0.39925731,0.012936,0.17115805,0.01344451,0.29187527,0.02247812,0.02912471,0.01569135,0.17294252,0.02058999,0.03348998,0.46394913,0.73092792,0.48088245,1.6328615449,0.6480720533,359,,-0.749254145,,-0.80924122
20140129,20140131,242610.0,01W,KOR,0.036749,2014,1,20131230,20131231,53.047157299,1.7255569261,53.047157299,,0.0,-2.25514e-16,0.0116855379,-0.066434512,0.117173715,0.0406686995,-0.019986284,0.0393370249,1.0314773137,-0.046653226,0.0088479165,0.2332991392,0.0232906124,0.3145514273,0.5330282844,2.5848787729,0.3618718757,,,,0.0630351772,0.0023646265,0.0294656611,0.1218309517,0.1446655876,-0.022834636,0.0761660766,-0.006512639,0.0826787152,0.0591800536,-0.027349766,0.0105621669,0.0419669607,0.0292785261,0.1178349557,0.0895291308,0.0782968704,0.0253253424,0.0510615703,,,0.0335791373,-0.033391826,-3.412769968,-0.060741592,-6.208018752,0.7305541746,1.0256768325,1.2220157483,1.743993879,0.0055799183,0.117733395,,,,0.0786681198,,0.0485195935,,,0.0038617769,0.0014609905,,,,,,,,,,,0.0737953746,0.1549001092,0.0878383042,0.1176906467,1.199369617,0.0431762019,0.0561373052,0.1872324469,2.8532134994,,0.6607267307,,0.8493874302,,-1.789776447,1.856849353,7.251606427,1.2520832326,,,1.7406446104,0.6100646204,0.4700480343,0.2651160349,1.8605640297,0.016921611,0.0746711768,-0.04432802,,,0.0103817953,0.6917789603,0.0620763902,0.6464459709,17.681842545,1.1338681138,0.0767968626,0.2716918469,0.3693415265,0.3707535251,0.00083582,2321931.14159796,1.8823516,0.03964932,1.69305157,0.0002179,0.00019597,0.00656512,0.01592225,0.06442843,0.25264591,0.66283052,0.01619065,0.16530926,0.01725954,0.20275112,0.02499292,0.03262295,0.0177508,0.20370555,0.02152285,0.03155291,0.53228917,0.7394692,0.46737563,1.4976153184,0.7613933441,360,,-0.753959651,,-0.736504124
20140228,20140228,242610.0,01W,KOR,0.003584,2014,2,20140129,20140131,54.996566174,1.7889687309,54.996566174,,0.0,2.081668e-16,0.0367486021,0.0268664312,0.0514825714,-0.078117846,0.0399843273,-0.079845946,1.237067692,-0.022060481,0.0141941968,0.0862855292,0.0386467182,0.3145514273,0.5330282844,2.5848787729,0.3618718757,,,,0.0630351772,0.0023646265,0.0294656611,0.1218309517,0.1446655876,-0.022834636,0.0761660766,-0.006512639,0.0826787152,0.0591800536,-0.027349766,0.0105621669,0.0419669607,0.0292785261,0.1178349557,0.0895291308,0.0782968704,0.0253253424,0.0510615703,,,0.0335791373,-0.033391826,-3.412769968,-0.060741592,-6.208018752,0.7305541746,1.0256768325,1.2220157483,1.743993879,0.0055799183,0.077043706,,,,0.0786681198,,0.0485195935,,,0.0356914824,0.0125092225,,,,,,,,,,,0.0737953746,0.1549001092,0.0878383042,0.1176906467,1.199369617,0.0431762019,0.0561373052,0.1872324469,2.5123757386,,0.6456178371,,0.8493874302,,-1.789776447,1.856849353,7.251606427,1.2520832326,,,1.632731738,0.6498756189,0.5032642113,0.3774725073,1.7946144571,0.0163218074,0.0720243815,-0.042756769,,,0.0100138021,0.7458211476,0.0604850208,0.6645350861,17.740381305,1.1052544458,0.2045461761,0.315518897,0.3986897899,0.4829072886,0.00056296,2440606.67075544,1.80108139,0.04140671,1.62953161,0.00022475,0.00019306,0.01045524,0.02323432,0.37326684,-0.39935695,0.30451038,0.01716339,-0.21193459,0.02410447,0.25082657,0.03198009,0.05339112,0.02377056,0.12085732,0.01825332,0.0319852,0.60980206,0.76664366,0.4642524,1.5079146596,0.965126059,361,,-0.692546643,,-0.826887503
20140331,20140331,242610.0,01W,KOR,0.035396,2014,3,20140228,20140228,55.193654771,1.7953797737,55.193654771,,0.0,0.0,0.0035836528,0.0488635671,-0.114745598,-0.011003498,0.1025245187,0.0113761765,1.7241236439,0.0100823068,0.01360341,0.0918027037,0.0421190058,0.3145514273,0.5330282844,2.5848787729,0.3618718757,,,,0.0630351772,0.0023646265,0.0294656611,0.1218309517,0.1446655876,-0.022834636,0.0761660766,-0.006512639,0.0826787152,0.0591800536,-0.027349766,0.0105621669,0.0419669607,0.0292785261,0.1178349557,0.0895291308,0.0782968704,0.0253253424,0.0510615703,,,0.0335791373,-0.033391826,-3.412769968,-0.060741592,-6.208018752,0.7305541746,1.0256768325,1.2220157483,1.743993879,0.0055799183,0.077043706,,,,0.0786681198,,0.0485195935,,,0.0356914824,0.0125092225,,,,,,,,,,,0.0737953746,0.1549001092,0.0878383042,0.1176906467,1.199369617,0.0431762019,0.0561373052,0.1872324469,2.5123757386,,0.6456178371,,0.8493874302,,-1.789776447,1.856849353,7.251606427,1.2520832326,,,1.6269014879,0.6475550066,0.5014671272,0.3761246073,1.7882061472,0.0162635246,0.0717671928,-0.042604091,,,0.0099780442,0.7438858432,0.0603286604,0.6730249446,17.746069508,1.0919955141,0.2876672678,0.0692605484,0.3844459248,0.5196773079,0.00120496,1735546.04045321,2.15397374,0.02965201,1.88687061,0.00037028,0.00019602,0.00689262,0.01431639,0.15796841,0.47491406,1.66060265,0.01478439,-0.02533376,0.01536441,-0.01476998,0.0204427,0.03119923,0.01752337,-0.37682859,0.01932651,0.03184885,0.57361232,0.76939105,0.46604085,1.5022476593,0.619330143,362,,-0.692269865,,-0.853138943
20140430,20140430,242610.0,01W,KOR,-0.031455,2014,4,20140331,20140331,57.147313118,1.8589298085,57.147313118,,0.0,0.0,0.0353964302,0.0404639491,-0.01730812,0.1759619989,0.0954311112,0.2330009107,0.4240374295,0.1420434476,0.0039082266,-0.060888909,0.0350418203,0.3145514273,0.5330282844,2.5848787729,0.3618718757,,,,0.0630351772,0.0023646265,0.0294656611,0.1218309517,0.1446655876,-0.022834636,0.0761660766,-0.006512639,0.0826787152,0.0591800536,-0.027349766,0.0105621669,0.0419669607,0.0292785261,0.1178349557,0.0895291308,0.0782968704,0.0253253424,0.0510615703,,,0.0335791373,-0.033391826,-3.412769968,-0.060741592,-6.208018752,0.7305541746,1.0256768325,1.2220157483,1.743993879,0.0055799183,0.077043706,,,,0.0786681198,,0.0485195935,,,0.0356914824,0.0125092225,,,,,,,,,,,0.0737953746,0.1549001092,0.0878383042,0.1176906467,1.199369617,0.0431762019,0.0561373052,0.1872324469,2.5123757386,,0.6456178371,,0.8493874302,,-1.789776447,1.856849353,7.251606427,1.2520832326,,,1.5712836557,0.6254174611,0.4843237939,0.3632662779,1.7270738966,0.0157075339,0.069313734,-0.041147612,,,0.0096369313,0.725231567,0.0588213554,0.6692037616,17.800332273,0.5618910634,0.2605770839,0.4538065589,0.3838107932,0.5117160499,0.001315,932565.86008431,1.14673485,0.01734022,1.16469529,0.00077573,0.00020215,0.0062305,0.01293942,0.0344703,-0.09311453,0.70679326,0.01330898,-0.25135886,0.01366441,-0.20001124,0.0224428,0.0279256,0.0152445,0.20982835,0.0212426,0.03163116,0.56363128,0.79662474,0.4523412,1.4332398581,0.6853099212,363,,-0.697238523,,-0.863652771
20140530,20140531,242610.0,01W,KOR,-0.001512,2014,5,20140430,20140430,55.349753861,1.8004574796,55.349753861,,0.0,-2.28983e-16,-0.031454834,0.0391069315,0.1062356677,0.1327544549,-0.006863124,-0.023920757,0.4733007808,-0.033606254,0.0041038103,-0.069714053,0.0367119917,-0.041589914,-0.005640622,-0.78468784,0.2604023764,,,,0.0644552008,0.0060408758,0.0004961234,-0.036529753,-0.050440633,0.01391088,-0.000645252,0.0056633033,-0.006308556,0.0197237022,-0.013186703,0.0059533357,-0.018428215,0.0109021055,0.1006772315,0.0589077309,0.0406835641,-0.053256394,0.0185135255,,,0.0109450108,-0.017834192,-0.870516554,-0.031020894,-1.51418146,0.5630302251,1.0817957567,1.0924606268,1.6981605558,0.0060073346,0.0736477728,,,,0.0072861443,0.0802509727,-0.001747625,-0.228132008,,-0.072626744,-0.028907597,,,,-0.24991003,0.4499626227,-0.064806383,0.2344447692,,,,0.0393652944,0.0964900741,0.0388237231,0.0564577635,,-0.002652715,0.0410735394,-0.045828917,2.5995331815,,0.6519379222,,0.6106104458,3.0,-0.511030978,1.7589715677,,1.564766328,,,1.5885700014,0.611098182,0.5480455402,0.4310508977,1.7731048452,-0.032544886,-0.004214024,-0.028770102,,,0.0106516341,0.7296264797,0.0381513743,0.4920836495,17.455516764,0.5943137733,0.0878414646,0.9009622778,0.482333125,0.2638514904,0.0007302,929903.36644867,1.19931302,0.01692077,1.22105005,0.00080099,0.00022721,0.00434376,0.0150391,-0.16233032,-0.04059329,1.79694156,0.01383989,0.17381909,0.01434863,0.66476912,0.01956361,0.0278976,0.01608783,-0.07907727,0.02108219,0.02907953,0.23286221,0.77156704,0.448889,1.3524003587,0.6544953884,364,,-1.446463775,,-1.157449059
20140630,20140630,242610.0,01W,KOR,-0.018673,2014,6,20140530,20140531,55.26607838,1.797735622,55.26607838,,0.0,0.0,-0.001511759,0.0028282072,0.055599364,-0.109060498,-0.004652167,-0.071017912,0.2604898046,-0.155975514,0.0181459698,-0.058139685,0.0319516364,-0.041589914,-0.005640622,-0.78468784,0.2604023764,,,,0.0644552008,0.0060408758,0.0004961234,-0.036529753,-0.050440633,0.01391088,-0.000645252,0.0056633033,-0.006308556,0.0197237022,-0.013186703,0.0059533357,-0.018428215,0.0109021055,0.1006772315,0.0589077309,0.0406835641,-0.053256394,0.0185135255,,,0.0109450108,-0.017834192,-0.870516554,-0.031020894,-1.51418146,0.5630302251,1.0817957567,1.0924606268,1.6981605558,0.0060073346,0.0736477728,,,,0.0072861443,0.0802509727,-0.001747625,-0.228132008,,-0.072626744,-0.028907597,,,,-0.24991003,0.4499626227,-0.064806383,0.2344447692,,,,0.0393652944,0.0964900741,0.0388237231,0.0564577635,,-0.002652715,0.0410735394,-0.045828917,2.5995331815,,0.6519379222,,0.6106104458,3.0,-0.511030978,1.7589715677,,1.564766328,,,1.5909751722,0.6120234139,0.5488753073,0.4317035293,1.7757894106,-0.03259416,-0.004220404,-0.028813662,,,0.0106677612,0.7303980706,0.03819172,0.5005870067,17.45267366,0.5830304534,0.0312463598,0.0575173932,0.4965969973,0.2439009878,0.00075274,899825.982684,1.03193578,0.01604797,0.99412818,0.00085753,0.00035007,0.00607673,0.01967893,2.01195823,-0.1499684,0.79986089,0.0180506,0.34882596,0.01932168,1.14981975,0.01955656,0.06667696,0.0204243,1.52502058,0.01911717,0.02552659,0.59537091,0.79580398,0.43712923,1.2233544528,0.7276410396,365,,-1.456805023,,-1.01800061
20140731,20140731,242610.0,01W,KOR,-0.044595,2014,7,20140630,20140630,54.234103873,1.7641667967,54.234103873,,0.0,1.94289e-16,-0.018672838,-0.032919041,0.0418292175,-0.016018659,0.1775050642,0.117173715,0.3446972905,0.0748903705,0.0096402236,0.0912594367,0.0195711346,-0.041589914,-0.005640622,-0.78468784,0.2604023764,,,,0.0644552008,0.0060408758,0.0004961234,-0.036529753,-0.050440633,0.01391088,-0.000645252,0.0056633033,-0.006308556,0.0197237022,-0.013186703,0.0059533357,-0.018428215,0.0109021055,0.1006772315,0.0589077309,0.0406835641,-0.053256394,0.0185135255,,,0.0109450108,-0.017834192,-0.870516554,-0.031020894,-1.51418146,0.5630302251,1.0817957567,1.0924606268,1.6981605558,0.0060073346,0.0736477728,,,,0.0072861443,0.0802509727,-0.001747625,-0.228132008,,-0.072626744,-0.028907597,,,,-0.24991003,0.4499626227,-0.064806383,0.2344447692,,,,0.0393652944,0.0964900741,0.0388237231,0.0564577635,,-0.002652715,0.0410735394,-0.045828917,2.5995331815,,0.6519379222,,0.6106104458,3.0,-0.511030978,1.7589715677,,1.564766328,,,1.6212484818,0.6236690854,0.5593193874,0.4399180476,1.8095793927,-0.033214367,-0.004300711,-0.029361932,,,0.0108707489,0.7400500934,0.0386964137,0.5426459626,17.416888191,0.5511080426,0.1023488776,0.0828184114,0.507562997,0.264155004,0.0028549,819146.57442835,1.11693094,0.01443125,1.07473165,0.00098,0.0003913,0.01056617,0.01303684,0.18302001,0.15762664,1.2984187,0.0122142,0.95420349,0.01064074,0.63858836,0.01409913,0.03034708,0.01315252,0.06700002,0.02074909,0.0234515,0.45078232,0.78094406,0.43496768,1.2522342781,0.5726671615,366,,-1.459990941,,-0.959321528
20140829,20140831,242610.0,01W,KOR,-0.032931,2014,8,20140731,20140731,51.815548957,1.6854942646,51.815548957,,0.0,2.151057e-16,-0.044594724,-0.020156368,-0.013863816,0.0498428857,0.0750098196,0.0514825714,0.2222519416,0.231423513,-0.015452343,-0.067299619,0.0315382613,0.0469497391,-0.005640622,-0.78468784,0.1219640827,,,,0.0381560382,0.0061558928,0.0004961234,0.0213236619,0.0573723166,-0.036048655,0.007390259,0.001685543,0.0057047159,-0.016669923,0.0228258155,0.0059533357,0.002352855,0.020773432,0.1001796361,0.1102520291,0.0722785859,-0.03111762,0.0398807732,,,-0.016669923,-0.066862636,-5.907777549,-0.044036821,-3.890958478,0.5459526011,1.0802058203,1.1493664868,1.9197970366,0.0060073346,0.0806221027,,,,-0.031768579,0.0762648154,-0.001747625,-0.228132008,0.8966909076,0.0077594164,0.0029849269,,,,-0.24991003,0.4499626227,-0.064806383,0.2344447692,,,,0.0454265134,0.1048830438,0.072749206,0.1154283331,,0.0555449055,0.0433893927,-0.045828917,2.7494574853,,0.6523848685,,0.6788397613,3.0,-0.511030978,1.7585349772,,1.564766328,,,1.7886177069,0.6505347751,0.5404875326,0.3962854122,2.0096822934,-0.020243094,0.0993486014,0.0719466839,,,0.0113781546,0.7497179145,0.0555810692,0.5696915438,17.32743574,0.4996963016,0.1500062838,-0.082168164,0.551028345,0.3302689766,0.002763,637480.43830764,1.28055274,0.01121622,1.21848662,0.00132513,0.00042353,0.0040708,0.00778405,0.43793491,-0.17196098,0.86792985,0.00669506,-0.10867874,0.00647312,-0.30449528,0.00993041,0.01744565,0.00836172,0.7646935,0.02358031,0.02236543,0.24943153,0.74611808,0.43776041,1.2815700473,0.4317127541,367,,-0.81158958,,-0.808533216
20140930,20140930,242610.0,01W,KOR,-0.138089,2014,9,20140829,20140831,50.109224248,1.6299896802,50.109224248,,0.0,1.387779e-16,-0.032930747,-0.062434852,-0.061204605,-0.011803003,-0.165948967,-0.114745598,0.6326581352,-0.09592532,-0.009725564,-0.03458209,0.0355990914,0.0469497391,-0.005640622,-0.78468784,0.1219640827,,,,0.0381560382,0.0061558928,0.0004961234,0.0213236619,0.0573723166,-0.036048655,0.007390259,0.001685543,0.0057047159,-0.016669923,0.0228258155,0.0059533357,0.002352855,0.020773432,0.1001796361,0.1102520291,0.0722785859,-0.03111762,0.0398807732,,,-0.016669923,-0.066862636,-5.907777549,-0.044036821,-3.890958478,0.5459526011,1.0802058203,1.1493664868,1.9197970366,0.0060073346,0.0806221027,,,,-0.031768579,0.0762648154,-0.001747625,-0.228132008,0.8966909076,0.0077594164,0.0029849269,,,,-0.24991003,0.4499626227,-0.064806383,0.2344447692,,,,0.0454265134,0.1048830438,0.072749206,0.1154283331,,0.0555449055,0.0433893927,-0.045828917,2.7494574853,,0.6523848685,,0.6788397613,3.0,-0.511030978,1.7585349772,,1.564766328,,,1.84952391,0.6726868555,0.5588922724,0.4097797658,2.0781162117,-0.020932414,0.1027316307,0.0743966201,,,0.0117656047,0.7678267539,0.0569235857,0.5129191582,17.259130699,0.4951267678,-0.21233238,-0.370509696,0.5465245738,0.2603320575,0.00173683,579932.12724408,1.41523985,0.01030672,1.33397966,0.00142391,0.00064137,0.00875312,0.01124585,-0.24325471,0.17905571,0.76204104,0.01154386,-0.0201026,0.01006883,-0.14134112,0.01510293,0.0253062,0.01435656,-0.38629401,0.02509982,0.01820063,0.53448471,0.72154785,0.43824128,1.1125859789,0.7862177015,368,,-0.812828176,,-0.535900394
20141031,20141031,242610.0,01W,KOR,0.936629,2014,10,20140930,20140930,43.189672034,1.4049053994,43.189672034,,0.0,-1.66533e-16,-0.13808939,-0.076056933,-0.123156951,-0.055383421,-0.107833537,-0.01730812,0.4498153282,-0.080236071,-0.014984957,0.1243003625,0.0185639372,0.0469497391,-0.005640622,-0.78468784,0.1219640827,,,,0.0381560382,0.0061558928,0.0004961234,0.0213236619,0.0573723166,-0.036048655,0.007390259,0.001685543,0.0057047159,-0.016669923,0.0228258155,0.0059533357,0.002352855,0.020773432,0.1001796361,0.1102520291,0.0722785859,-0.03111762,0.0398807732,,,-0.016669923,-0.066862636,-5.907777549,-0.044036821,-3.890958478,0.5459526011,1.0802058203,1.1493664868,1.9197970366,0.0060073346,0.0806221027,,,,-0.031768579,0.0762648154,-0.001747625,-0.228132008,0.8966909076,0.0077594164,0.0029849269,,,,-0.24991003,0.4499626227,-0.064806383,0.2344447692,,,,0.0454265134,0.1048830438,0.072749206,0.1154283331,,0.0555449055,0.0433893927,-0.045828917,2.7494574853,,0.6523848685,,0.6788397613,3.0,-0.511030978,1.7585349772,,1.564766328,,,2.1458419107,0.780460117,0.6484341485,0.4754318616,2.4110576988,-0.024286061,0.1191905861,0.086315935,,,0.013650609,0.8512029673,0.0631047626,0.5404077275,16.926816219,0.5542582167,-0.004447851,-0.48015978,0.5314069168,0.2807229172,0.0023883,519219.64821789,1.59283774,0.00937565,1.47585093,0.00158676,0.00112442,0.00660443,0.0126593,-0.51410522,0.65985344,0.94133118,0.01043528,-0.36490136,0.00884183,-0.27046823,0.0068707,0.01739693,0.01386142,-0.60603261,0.02789663,0.01526897,0.42610286,0.70947252,0.43977891,0.9529330128,0.4124444061,369,,-0.807541488,,-0.355665808
20141128,20141130,242610.0,01W,KOR,0.46584,2014,11,20141031,20141031,83.642354563,2.7207799923,83.642354563,,0.0,0.0,0.936628611,-0.16647275,-0.219695319,-0.214684206,-0.16395097,0.1062356677,0.1889269036,0.0150055455,0.0687989584,-0.056621163,0.0304244055,0.040440274,-0.005640622,-0.78468784,0.0789195401,,,,0.0222540015,0.009003391,0.0004961234,-0.00712835,-0.018726458,0.011598108,0.0372111532,0.0008908345,0.0363203187,0.015834618,-0.006831227,0.0059533357,0.0405773979,0.0337158999,0.1029327604,0.0878508082,0.101470512,-0.009390577,0.0650262637,,,0.015834618,-0.033019585,-9.31612221,-0.039850812,-11.24347969,0.4956229009,0.9864063811,1.0618742942,1.928652772,0.0060073346,0.1129395132,,,,0.049856261,0.1081596902,-0.001747625,-0.228132008,-0.121843313,0.0248526976,0.0090391278,0.0209909207,0.0075781373,,-0.24991003,0.4499626227,-0.064806383,0.2344447692,,,,0.0570486125,0.1070953894,0.1136934462,0.0914035189,,0.0294752367,0.0548312228,-0.045828917,2.6494507216,,0.6788499071,,0.6826580775,3.0,-0.511030978,1.6946060073,,1.564766328,,,1.148584974,0.4335181495,0.3162984766,0.1865778489,1.1959498661,-0.004070986,0.033854814,0.0150793825,,,0.0070486457,0.5225919217,0.0530755893,0.564653012,18.090701111,0.3834482066,-0.847914122,-1.714627208,0.5644373778,0.3226612066,0.00099056,506593.29659086,2.24614075,0.00899982,1.73558243,0.00168147,0.00117698,0.00423686,0.06751379,0.79143626,0.07621041,6.55726788,0.06893519,0.48808681,0.06804253,0.52724115,0.14524032,0.15400939,0.07011312,0.71294808,0.04320343,0.02626893,0.04208008,1.0,0.42842823,1.4581388107,5.3455148053,370,,-1.038570731,,-0.898446281
20141230,20141231,242610.0,01W,KOR,-0.084647,2014,12,20141128,20141130,123.58654992,3.9882278299,123.58654992,,0.0079951077,-0.007963316,0.4658398846,0.6692007473,0.5134483396,0.5154342453,0.5951799262,0.055599364,0.2795738134,0.0116855379,0.1100857172,0.2097942238,0.0078390181,0.040440274,-0.005640622,-0.78468784,0.0789195401,,,,0.0222540015,0.009003391,0.0004961234,-0.00712835,-0.018726458,0.011598108,0.0372111532,0.0008908345,0.0363203187,0.015834618,-0.006831227,0.0059533357,0.0405773979,0.0337158999,0.1029327604,0.0878508082,0.101470512,-0.009390577,0.0650262637,,,0.015834618,-0.033019585,-9.31612221,-0.039850812,-11.24347969,0.4956229009,0.9864063811,1.0618742942,1.928652772,0.0060073346,0.1129395132,,,,0.049856261,0.1081596902,-0.001747625,-0.228132008,-0.121843313,0.0248526976,0.0090391278,0.0209909207,0.0075781373,,-0.24991003,0.4499626227,-0.064806383,0.2344447692,,,,0.0570486125,0.1070953894,0.1136934462,0.0914035189,,0.0294752367,0.0548312228,-0.045828917,2.6494507216,,0.6788499071,,0.6826580775,3.0,-0.511030978,1.6946060073,,1.564766328,,,0.7773528082,0.2934014971,0.2140681923,0.1262743446,0.8094089754,-0.002755209,0.022912658,0.0102056013,,,0.0047704651,0.3726231035,0.0378444251,0.5607591326,18.492330126,0.3037810331,0.1485945074,0.2600821378,0.4729985081,0.4778820513,2.389e-05,6084303.9441104,2.54992223,0.05587671,2.43795269,0.00014255,0.00027086,0.02417225,0.07623857,0.1046554,-0.24084876,0.32748228,0.08073831,0.06408963,0.0785844,0.04744283,0.12367363,0.15295371,0.07661356,0.07472512,0.04153205,0.03383997,0.42256747,0.90109988,0.40598916,1.7873532262,3.5835184923,371,,-1.038041962,,-1.122539118
20150130,20150131,242610.0,01W,KOR,0.198148,2015,1,20141230,20141231,115.3044491,3.6506374439,115.3044491,,0.0274117699,-0.027042795,-0.084646715,1.8387874597,1.260686369,1.1454429381,1.3112699266,0.0418292175,-0.222806971,0.0367486021,0.0990497792,0.2552026923,-0.0111517,0.040440274,-0.005640622,-0.78468784,0.0789195401,,,,0.0222540015,0.009003391,0.0004961234,-0.00712835,-0.018726458,0.011598108,0.0372111532,0.0008908345,0.0363203187,0.015834618,-0.006831227,0.0059533357,0.0405773979,0.0337158999,0.1029327604,0.0878508082,0.101470512,-0.009390577,0.0650262637,,,0.015834618,-0.033019585,-9.31612221,-0.039850812,-11.24347969,0.4956229009,0.9864063811,1.0618742942,1.928652772,0.0060073346,0.1129395132,,,,0.049856261,0.1081596902,-0.001747625,-0.228132008,-0.121843313,0.0248526976,0.0090391278,0.0209909207,0.0075781373,,-0.24991003,0.4499626227,-0.064806383,0.2344447692,,,,0.0570486125,0.1070953894,0.1136934462,0.0914035189,,0.0294752367,0.0548312228,-0.045828917,2.6494507216,,0.6788499071,,0.6826580775,3.0,-0.511030978,1.6946060073,,1.564766328,,,0.8331885923,0.3144759725,0.2294443062,0.1353443923,0.8675472935,-0.002953111,0.024558431,0.0109386504,,,0.0051131186,0.3961972841,0.0402386709,0.557719076,18.431922453,0.0728229533,0.2848305335,0.4759976716,0.4609468231,0.5055154497,5.16e-05,8989765.89186119,1.7960068,0.08209122,1.72939612,9.292e-05,0.00018228,0.02962612,0.05824961,-0.25389811,0.2234452,6.19827251,0.05987741,-0.20557516,0.05947993,-0.13121453,0.06611646,0.09518283,0.05907824,-0.71370297,0.03524119,0.03745777,0.24360867,0.82482474,0.40593766,1.9673974867,1.7354073875,372,,-1.038041962,,-1.203777957
20150227,20150228,242610.0,01W,KOR,-0.140705,2015,2,20150130,20150131,141.22335978,4.3740021647,141.22335978,,0.0502549114,-0.049032907,0.1981475104,0.3417613531,1.1659150794,1.0276165837,1.0406379278,-0.013863816,-0.584482489,0.0035836528,0.1167374026,0.1299978681,-0.02027873,-0.016569669,-0.005640622,-0.78468784,0.0195633333,,,,0.0064973479,0.0034101592,0.0004961234,-0.00870502,-0.026205122,0.0175001019,0.0058471704,0.0028781003,0.00296907,0.0229669892,-0.01955683,0.0059533357,-0.016702579,0.0102118472,0.0879774716,0.0332594733,0.0338976145,-0.064984588,0.0160554438,,,0.0229669892,-0.002202992,-0.087364178,-0.021759822,-0.862930578,0.5859448281,1.0121032766,1.0344451532,1.5722369754,0.0060073346,0.0609406457,,,,0.0201300045,0.0345631352,-0.001747625,-0.228132008,-0.339635087,-0.020165174,-0.007611077,-0.055856656,-0.0201203,,-0.24991003,0.4499626227,-0.064806383,0.2344447692,,,,0.0305418859,0.086519714,0.0324987332,0.0327083748,,-0.023013199,0.0310564816,-0.045828917,2.5770977586,,0.6580353545,,0.6244377893,3.0,-0.511030978,1.5988399616,,1.564766328,,,0.6252986175,0.2426367473,0.2103472415,0.17224114,0.6522863546,-0.015767649,-0.014390121,-0.026885625,,,0.0041747012,0.3539185523,0.0165661947,0.5141771948,18.597359589,0.2808129688,0.2076530097,0.4401563088,0.388362696,0.3788456861,2.311e-05,18678276.7329575,1.65479463,0.14705671,1.44046575,5.371e-05,9.939e-05,0.01933183,0.06646149,0.95969949,-0.57475502,3.03678573,0.06877296,0.76014333,0.06781195,0.75801269,0.10430265,0.14913585,0.06666611,0.9584313,0.02973172,0.04147177,0.94816167,0.81055759,0.42069587,2.2628863191,2.4797737149,373,,-1.544891555,,-1.392280496
20150331,20150331,242610.0,01W,KOR,0.024172,2015,3,20150227,20150228,122.14442238,3.7585603044,122.14442238,,0.0571078376,-0.055536724,-0.140704517,0.0967282591,1.6834539002,1.4330619647,1.4362545623,-0.061204605,-0.697432862,0.0353964302,0.1007282257,-0.138737951,-0.004362851,-0.016569669,-0.005640622,-0.78468784,0.0195633333,,,,0.0064973479,0.0034101592,0.0004961234,-0.00870502,-0.026205122,0.0175001019,0.0058471704,0.0028781003,0.00296907,0.0229669892,-0.01955683,0.0059533357,-0.016702579,0.0102118472,0.0879774716,0.0332594733,0.0338976145,-0.064984588,0.0160554438,,,0.0229669892,-0.002202992,-0.087364178,-0.021759822,-0.862930578,0.5859448281,1.0121032766,1.0344451532,1.5722369754,0.0060073346,0.0609406457,,,,0.0201300045,0.0345631352,-0.001747625,-0.228132008,-0.339635087,-0.020165174,-0.007611077,-0.055856656,-0.0201203,,-0.24991003,0.4499626227,-0.064806383,0.2344447692,,,,0.0305418859,0.086519714,0.0324987332,0.0327083748,,-0.023013199,0.0310564816,-0.045828917,2.5770977586,,0.6580353545,,0.6244377893,3.0,-0.511030978,1.5988399616,,1.564766328,,,0.7229701521,0.2805365647,0.2432034438,0.1991451759,0.754173369,-0.018230553,-0.016637856,-0.031085155,,,0.0048267888,0.4000197393,0.0187240958,0.5132495893,18.482400619,0.290565897,0.2804835252,0.566405102,0.3867058132,0.3826511666,8.164e-05,21195658.4676578,1.44068166,0.16486897,1.26162877,4.894e-05,8.794e-05,0.01200212,0.03388134,0.86636909,0.10381619,0.2342911,0.03230626,1.51200426,0.03252699,1.52428463,0.03411503,0.07703866,0.03596824,0.74283596,0.02586705,0.04258451,1.13330613,0.69650848,0.41234816,2.2876190664,0.7904653676,374,,-1.544891557,,-1.373606093
20150430,20150430,242610.0,01W,KOR,-0.150734,2015,4,20150331,20150331,131.85500934,3.8494127624,131.85500934,,0.1142158379,-0.108150873,0.0241721432,0.0295627441,1.6753120217,1.1305016688,1.0218946876,-0.123156951,-0.581863619,-0.031454834,0.1057852236,-0.051342168,-0.005803956,-0.016569669,-0.005640622,-0.78468784,0.0195633333,,,,0.0064973479,0.0034101592,0.0004961234,-0.00870502,-0.026205122,0.0175001019,0.0058471704,0.0028781003,0.00296907,0.0229669892,-0.01955683,0.0059533357,-0.016702579,0.0102118472,0.0879774716,0.0332594733,0.0338976145,-0.064984588,0.0160554438,,,0.0229669892,-0.002202992,-0.087364178,-0.021759822,-0.862930578,0.5859448281,1.0121032766,1.0344451532,1.5722369754,0.0060073346,0.0609406457,,,,0.0201300045,0.0345631352,-0.001747625,-0.228132008,-0.339635087,-0.020165174,-0.007611077,-0.055856656,-0.0201203,,-0.24991003,0.4499626227,-0.064806383,0.2344447692,,,,0.0305418859,0.086519714,0.0324987332,0.0327083748,,-0.023013199,0.0310564816,-0.045828917,2.5770977586,,0.6580353545,,0.6244377893,3.0,-0.511030978,1.5988399616,,1.564766328,,,0.669726331,0.2598761839,0.225292496,0.184478941,0.6986315575,-0.016887947,-0.015412545,-0.028795859,,,0.0044713153,0.375148185,0.0175599099,0.504232457,18.545068364,0.39738703,0.2085810526,0.5931288807,0.3744673674,0.3720391931,0.00013748,22306666.3146191,1.32798227,0.17267924,1.16449516,4.828e-05,8.128e-05,0.00976278,0.02950833,-1.82480989,0.09361985,0.91758621,0.02921734,-1.45997049,0.02835803,-1.36751839,0.02988474,0.03675459,0.02986006,-2.05681699,0.01971557,0.04323211,1.06632925,0.71334458,0.41806048,2.3623566225,0.6832311326,375,,-1.544174199,,-1.375253597
20150529,20150531,242610.0,01W,KOR,-0.100515,2015,5,20150430,20150430,111.97991126,3.2691734787,111.97991126,,0.1142158379,-0.108150873,-0.150734494,-0.119933503,0.414819564,1.2838480339,1.1380192568,-0.219695319,-0.572588646,-0.001511759,0.0922195204,-0.110503593,5.20319e-05,-0.119613876,-0.163997969,0.228078672,-0.20614751,0.1517010238,0.274385655,-0.052085381,-0.073051164,-0.004293087,-0.016873865,-0.104671265,-0.05523882,-0.049432445,-0.014310664,-0.003048676,-0.011261988,-0.047133214,0.0259662615,-0.027470293,-0.030462507,-0.047728606,0.0459351647,0.0133060475,-0.112009152,-0.139656599,-0.074219226,0.0052101047,0.0366155096,-0.031405405,-0.030391824,-0.535363096,-0.004425562,-0.077957895,0.5340282133,1.085746242,0.992472198,1.5550260647,0.0082716138,0.0710637178,,,,-0.053434537,-0.076443278,-0.004686426,-0.735579728,-0.268877212,-0.137715726,-0.053438301,-0.065088982,-0.024530705,,-0.051668133,0.160949092,-0.471955535,-0.089361754,,,-0.419612136,-0.01504208,0.0404406817,-0.104200291,0.0117144596,,-0.026376795,-0.017085776,-0.02372408,2.4601021049,,0.671891936,,0.549462559,2.0,-0.17683924,2.3266807732,,1.8852996872,,,0.6912817969,0.2809971974,0.2383071989,0.1891821443,0.7326850394,-0.039243113,-0.018233798,-0.033139787,,-0.025311635,0.0060604877,0.3962153268,-0.015028458,0.4414018594,18.703561549,0.3516227126,0.2189792542,0.3705516477,0.5102971557,0.3132330506,6.115e-05,25218434.2676924,1.15245033,0.19183434,1.01908929,4.104e-05,7.215e-05,0.0170311,0.04880373,-0.73347944,-0.32789347,1.56555435,0.05077025,-0.97183144,0.05097669,-0.71284715,0.05127352,0.10055992,0.0494213,-0.65815147,0.00224066,0.04547096,1.32777144,0.60581895,0.41305332,2.4371698135,1.1164065764,376,,-1.597952631,,-1.234346798
20150630,20150630,242610.0,01W,KOR,-0.067955,2015,6,20150529,20150531,100.72420606,2.9405712096,100.72420606,,0.1142158379,-0.108150873,-0.100515397,-0.130205926,-0.180294201,1.0056405991,0.8184951327,0.5134483396,-0.508802957,-0.018672838,0.0847792878,-0.044926083,-0.002962712,-0.119613876,-0.163997969,0.228078672,-0.20614751,0.1517010238,0.274385655,-0.052085381,-0.073051164,-0.004293087,-0.016873865,-0.104671265,-0.05523882,-0.049432445,-0.014310664,-0.003048676,-0.011261988,-0.047133214,0.0259662615,-0.027470293,-0.030462507,-0.047728606,0.0459351647,0.0133060475,-0.112009152,-0.139656599,-0.074219226,0.0052101047,0.0366155096,-0.031405405,-0.030391824,-0.535363096,-0.004425562,-0.077957895,0.5340282133,1.085746242,0.992472198,1.5550260647,0.0082716138,0.0710637178,,,,-0.053434537,-0.076443278,-0.004686426,-0.735579728,-0.268877212,-0.137715726,-0.053438301,-0.065088982,-0.024530705,,-0.051668133,0.160949092,-0.471955535,-0.089361754,,,-0.419612136,-0.01504208,0.0404406817,-0.104200291,0.0117144596,,-0.026376795,-0.017085776,-0.02372408,2.4601021049,,0.671891936,,0.549462559,2.0,-0.17683924,2.3266807732,,1.8852996872,,,0.7685309947,0.312398007,0.2649374964,0.2103228267,0.8145609572,-0.043628443,-0.020271385,-0.036843084,,-0.028140154,0.0067377337,0.4327974497,-0.016416019,0.4417395652,18.633185957,0.30624238,0.2135114834,-0.109279342,0.5128390945,0.293278032,0.00012634,21010686.6760957,1.34340731,0.15530914,1.14322269,5.08e-05,6.836e-05,0.00830742,0.04122108,1.69514123,-0.45936733,-0.27539533,0.0412626,1.45879498,0.04293275,1.32845813,0.03827521,0.12536457,0.04135129,1.6773153,0.00240622,0.04665401,1.59309045,0.54492482,0.38484435,2.2595999394,0.8138177008,377,,-1.607663287,,-1.251802725
20150731,20150731,242610.0,01W,KOR,-0.074928,2015,7,20150630,20150630,93.879512314,2.7407452675,93.879512314,,0.1142158379,-0.108150873,-0.067954805,-0.236098753,-0.194504726,1.0930741749,0.6668328726,1.260686369,-0.438440835,-0.044594724,0.0826556441,0.0643387745,-0.010101378,-0.119613876,-0.163997969,0.228078672,-0.20614751,0.1517010238,0.274385655,-0.052085381,-0.073051164,-0.004293087,-0.016873865,-0.104671265,-0.05523882,-0.049432445,-0.014310664,-0.003048676,-0.011261988,-0.047133214,0.0259662615,-0.027470293,-0.030462507,-0.047728606,0.0459351647,0.0133060475,-0.112009152,-0.139656599,-0.074219226,0.0052101047,0.0366155096,-0.031405405,-0.030391824,-0.535363096,-0.004425562,-0.077957895,0.5340282133,1.085746242,0.992472198,1.5550260647,0.0082716138,0.0710637178,,,,-0.053434537,-0.076443278,-0.004686426,-0.735579728,-0.268877212,-0.137715726,-0.053438301,-0.065088982,-0.024530705,,-0.051668133,0.160949092,-0.471955535,-0.089361754,,,-0.419612136,-0.01504208,0.0404406817,-0.104200291,0.0117144596,,-0.026376795,-0.017085776,-0.02372408,2.4601021049,,0.671891936,,0.549462559,2.0,-0.17683924,2.3266807732,,1.8852996872,,,0.8245640861,0.3351747411,0.2842539157,0.2256573262,0.873950063,-0.046809364,-0.021749358,-0.039529289,,-0.030191834,0.0072289774,0.4585428011,-0.017392541,0.4459474007,18.582138671,0.3216324146,0.225187035,-0.039639612,0.5114465686,0.2802976705,0.00078605,18190513.4239928,1.58374043,0.13036404,1.38800414,6.18e-05,6.934e-05,0.01376575,0.02183168,0.1075467,-0.22130762,1.54906475,0.02151227,-0.20104003,0.0196309,0.42879727,0.02456708,0.04716847,0.02340282,-0.52521292,0.00331801,0.04668092,1.9165757,0.50789456,0.38733965,2.2566171796,0.5212738633,378,,-1.607393368,,-1.234921177
20150831,20150831,242610.0,01W,KOR,0.013321,2015,8,20150731,20150731,86.845309754,2.535386751,86.845309754,,0.1142158379,-0.108150873,-0.074927984,-0.161639697,-0.373401026,0.0073380704,0.626078074,1.1659150794,-0.470144468,-0.032930747,0.0788377135,0.0100870409,-0.006468633,-0.133263411,-0.257434968,0.0667376268,-0.397172712,0.1517010238,0.274385655,-0.052085381,-0.160843142,-0.004177305,-0.016873865,-0.138329328,-0.18444132,0.0461119916,-0.012922938,-0.003559704,-0.009363233,-0.004146499,-3.0806e-05,-0.031186792,0.0384017023,-0.059383319,0.0370449193,-0.065171333,-0.114681323,-0.136038716,-0.080758982,0.0052101047,0.0366155096,0.0495494913,0.0320382169,0.5141749167,0.0320074109,0.5136805171,0.5533212266,0.9957583538,0.8939049249,1.3599607213,0.0082716138,0.0946944994,,,,0.0318514934,-0.153527286,-0.006541752,-0.735579728,-0.366797734,-0.012482549,-0.005073996,-0.020241965,-0.008058923,,-0.051668133,0.160949092,-0.471955535,-0.089361754,,,-0.419612136,-0.028717684,0.032108187,-0.125176198,-0.056486379,,-0.094348174,-0.033133116,-0.149893079,2.1832580685,,0.6608348334,,0.5531464839,2.0,0.0873201085,2.6185612722,,1.8852996872,,,0.9249502871,0.4236559574,0.3186421929,0.2310544885,0.8903804902,-0.057633613,-0.087267371,-0.104707604,,-0.03263728,0.0078145023,0.5318289742,-0.024894499,0.4627358373,18.365240337,0.3484308321,0.2464590448,-0.960532056,0.456704043,0.2899208744,0.00055824,9135200.68766502,1.25304215,0.0715256,1.10471901,0.00012123,6.691e-05,0.00670823,0.02528022,0.36729428,-0.27920711,1.95871675,0.02515375,0.46968068,0.02145636,0.37870153,0.03110007,0.06190318,0.02640637,0.39604278,0.00490435,0.04722363,1.90821909,0.46983904,0.39406131,2.1714280758,0.6514901997,379,,-1.694188383,,-1.236084676
20150930,20150930,242610.0,01W,KOR,0.424318,2015,9,20150831,20150831,88.002152093,2.5691599363,88.002152093,,0.1142158379,-0.108150873,0.0133207233,-0.137791072,-0.325436724,-0.364282368,0.5554618423,1.6834539002,-0.434442444,-0.13808939,0.0926022693,-0.063086333,0.0015709531,-0.133263411,-0.257434968,0.0667376268,-0.397172712,0.1517010238,0.274385655,-0.052085381,-0.160843142,-0.004177305,-0.016873865,-0.138329328,-0.18444132,0.0461119916,-0.012922938,-0.003559704,-0.009363233,-0.004146499,-3.0806e-05,-0.031186792,0.0384017023,-0.059383319,0.0370449193,-0.065171333,-0.114681323,-0.136038716,-0.080758982,0.0052101047,0.0366155096,0.0495494913,0.0320382169,0.5141749167,0.0320074109,0.5136805171,0.5533212266,0.9957583538,0.8939049249,1.3599607213,0.0082716138,0.0946944994,,,,0.0318514934,-0.153527286,-0.006541752,-0.735579728,-0.366797734,-0.012482549,-0.005073996,-0.020241965,-0.008058923,,-0.051668133,0.160949092,-0.471955535,-0.089361754,,,-0.419612136,-0.028717684,0.032108187,-0.125176198,-0.056486379,,-0.094348174,-0.033133116,-0.149893079,2.1832580685,,0.6608348334,,0.5531464839,2.0,0.0873201085,2.6185612722,,1.8852996872,,,0.9127912475,0.4180867396,0.3144534456,0.2280171353,0.8786758918,-0.056875983,-0.086120187,-0.103331159,,-0.032208243,0.0077117759,0.526135879,-0.02462801,0.4699743812,18.377966514,0.3271335732,0.2173184054,-0.867188609,0.4568697491,0.2975049245,0.00084622,7251642.11947507,1.48691664,0.05888927,1.27224178,0.00019112,6.652e-05,0.00989803,0.02959947,-0.0130444,-0.26754955,2.44324046,0.0289236,0.3452862,0.02778725,0.11906091,0.04497663,0.05514278,0.03934365,-1.1263191,0.00783828,0.04791641,2.18031734,0.47609764,0.40944166,2.0894615832,0.9215770592,380,,-1.694104026,,-1.245439247
20151030,20151031,242610.0,01W,KOR,-0.028328,2015,10,20150930,20150930,131.93243245,3.6593009406,131.93243245,,0.1727909817,-0.159386363,0.4243180773,-0.062605355,-0.33258393,-0.296243471,0.8287067139,1.6753120217,-0.532202761,0.936628611,0.0460285844,0.0738439884,-0.014970944,-0.133263411,-0.257434968,0.0667376268,-0.397172712,0.1517010238,0.274385655,-0.052085381,-0.160843142,-0.004177305,-0.016873865,-0.138329328,-0.18444132,0.0461119916,-0.012922938,-0.003559704,-0.009363233,-0.004146499,-3.0806e-05,-0.031186792,0.0384017023,-0.059383319,0.0370449193,-0.065171333,-0.114681323,-0.136038716,-0.080758982,0.0052101047,0.0366155096,0.0495494913,0.0320382169,0.5141749167,0.0320074109,0.5136805171,0.5533212266,0.9957583538,0.8939049249,1.3599607213,0.0082716138,0.0946944994,,,,0.0318514934,-0.153527286,-0.006541752,-0.735579728,-0.366797734,-0.012482549,-0.005073996,-0.020241965,-0.008058923,,-0.051668133,0.160949092,-0.471955535,-0.089361754,,,-0.419612136,-0.028717684,0.032108187,-0.125176198,-0.056486379,,-0.094348174,-0.033133116,-0.149893079,2.1832580685,,0.6608348334,,0.5531464839,2.0,0.0873201085,2.6185612722,,1.8852996872,,,0.6088540376,0.2788740582,0.209748122,0.1520929937,0.5860982628,-0.037937669,-0.057444267,-0.068924405,,-0.021483684,0.0051439427,0.3740731471,-0.017510072,0.5018069011,18.69608035,0.3396437998,0.2531073436,-2.071763787,0.4496614887,0.3172007904,8.989e-05,7609113.69027403,1.74887994,0.06405494,1.55630293,0.00016491,6.338e-05,0.02315852,0.05920872,1.75811851,-0.21847351,0.2695934,0.06003021,1.23862581,0.06277318,1.56643018,0.09357088,0.18472738,0.06089756,1.40026663,0.00919242,0.05056872,2.30293537,0.67811447,0.40319132,2.0316861196,1.816271741,381,,-1.691621431,,-1.250102231
20151130,20151130,242610.0,01W,KOR,0.121116,2015,11,20151030,20151031,134.59771729,3.5556390549,134.59771729,,0.2313661256,-0.208124224,-0.02832833,0.4432910242,0.1193351973,-0.163397547,0.3449455491,0.414819564,-0.376008357,0.4658398846,0.0011042012,-0.038645038,0.0062727631,-0.140607229,-0.315338949,-0.096328638,-0.464309951,0.1517010238,0.274385655,-0.052085381,-0.164372409,-5.5552e-05,-0.016873865,-0.155870653,-0.16299158,0.0071209265,-0.036308508,-0.002510384,-0.033798124,-0.004253615,0.0041980625,-0.036105216,0.0059914167,-0.086476741,0.0189281575,-0.048860917,-0.152530754,-0.153109442,-0.11929557,0.0052101047,0.0366155096,0.0708728634,-0.000561921,-0.00824397,0.0036361413,0.0533459843,0.453432629,0.8789560344,0.7668039198,1.3795104842,0.0082716138,0.1600402188,,,,-0.022926191,-0.18925631,-0.01698354,-0.735579728,-0.299012171,0.0058538959,0.0026812661,-0.018998802,-0.006357862,,-0.051668133,0.160949092,-0.471955535,-0.089361754,,,-0.419612136,-0.042473629,0.0162667217,-0.154611574,-0.041990718,,-0.067599559,-0.049422838,-0.097074796,2.2462751808,,0.6837077072,,0.5655988826,3.0,0.0605306308,1.8446880668,,1.8852996872,,,0.6133994498,0.273074045,0.193946541,0.0957779589,0.5088352064,-0.041810215,-0.041465533,-0.052009134,,-0.021058267,0.0050420831,0.3366119941,-0.027666135,0.3787831288,18.67762594,0.263973568,0.1082114938,-0.103589834,0.48198165,0.3214699208,8.615e-05,6923948.12693093,1.76506453,0.06020244,1.61304613,0.00018642,6.128e-05,0.01831087,0.03636468,0.37699547,0.29733537,0.30535941,0.03715288,0.41396267,0.03619788,0.57440251,0.04956114,0.08233183,0.03780457,0.51850547,0.0093576,0.04692635,2.46739573,0.65890462,0.40183485,1.8611026457,1.035331843,382,,-1.67369601,,-1.344598298
20151230,20151231,242610.0,01W,KOR,0.081925,2015,12,20151130,20151130,150.89964985,3.986283714,150.89964985,,0.2215993075,-0.200160908,0.121115966,0.3839695243,0.2091661114,-0.05398909,-0.108466415,-0.180294201,0.2609820954,-0.084646715,0.0198098995,0.0463047963,0.0153790334,-0.140607229,-0.315338949,-0.096328638,-0.464309951,0.1517010238,0.274385655,-0.052085381,-0.164372409,-5.5552e-05,-0.016873865,-0.155870653,-0.16299158,0.0071209265,-0.036308508,-0.002510384,-0.033798124,-0.004253615,0.0041980625,-0.036105216,0.0059914167,-0.086476741,0.0189281575,-0.048860917,-0.152530754,-0.153109442,-0.11929557,0.0052101047,0.0366155096,0.0708728634,-0.000561921,-0.00824397,0.0036361413,0.0533459843,0.453432629,0.8789560344,0.7668039198,1.3795104842,0.0082716138,0.1600402188,,,,-0.022926191,-0.18925631,-0.01698354,-0.735579728,-0.299012171,0.0058538959,0.0026812661,-0.018998802,-0.006357862,,-0.051668133,0.160949092,-0.471955535,-0.089361754,,,-0.419612136,-0.042473629,0.0162667217,-0.154611574,-0.041990718,,-0.067599559,-0.049422838,-0.097074796,2.2462751808,,0.6837077072,,0.5655988826,3.0,0.0605306308,1.8446880668,,1.8852996872,,,0.5471329179,0.2435734155,0.1729941834,0.0854309115,0.4538649184,-0.03729339,-0.036985944,-0.046390504,,-0.018783308,0.0044973787,0.3031094135,-0.024912559,0.2962832247,18.748463067,0.1950471119,-0.128450696,-0.145964496,0.4835753621,0.1836518086,4.771e-05,9688045.79743932,1.97683039,0.07645941,1.79937787,0.00012711,6.836e-05,0.02037119,0.0544801,2.38829088,-0.12846928,0.86354563,0.05663949,2.49886509,0.05786528,2.50837869,0.07195085,0.19727644,0.05479469,2.08166766,0.00921097,0.04437025,1.9955645,0.73870849,0.39251126,1.6769286486,1.5871029229,383,,-1.67356609,,-1.286373979
20160129,20160131,242610.0,01W,KOR,-0.063822,2016,1,20151230,20151231,163.26203865,4.3128582898,163.26203865,,0.1985127693,-0.181081429,0.0819245692,0.0893566227,0.4544524664,0.0355563199,0.0919418253,-0.194504726,0.2455395354,0.1981475104,0.0092441776,0.0296005343,0.0166396751,-0.140607229,-0.315338949,-0.096328638,-0.464309951,0.1517010238,0.274385655,-0.052085381,-0.164372409,-5.5552e-05,-0.016873865,-0.155870653,-0.16299158,0.0071209265,-0.036308508,-0.002510384,-0.033798124,-0.004253615,0.0041980625,-0.036105216,0.0059914167,-0.086476741,0.0189281575,-0.048860917,-0.152530754,-0.153109442,-0.11929557,0.0052101047,0.0366155096,0.0708728634,-0.000561921,-0.00824397,0.0036361413,0.0533459843,0.453432629,0.8789560344,0.7668039198,1.3795104842,0.0082716138,0.1600402188,,,,-0.022926191,-0.18925631,-0.01698354,-0.735579728,-0.299012171,0.0058538959,0.0026812661,-0.018998802,-0.006357862,,-0.051668133,0.160949092,-0.471955535,-0.089361754,,,-0.419612136,-0.042473629,0.0162667217,-0.154611574,-0.041990718,,-0.067599559,-0.049422838,-0.097074796,2.2462751808,,0.6837077072,,0.5655988826,3.0,0.0605306308,1.8446880668,,1.8852996872,,,0.5057033859,0.2251297571,0.1598948654,0.0789619849,0.4194977462,-0.034469491,-0.034185326,-0.042877762,,-0.017361015,0.004156832,0.2818373087,-0.023164205,0.3102960565,18.792750115,0.2566946894,-0.043265688,-0.034175835,0.4856955176,0.2566163641,7.634e-05,12329922.2869523,1.67843255,0.09161984,1.58265562,9.812e-05,6.944e-05,0.00685067,0.03012315,0.26258507,-0.50649971,1.86169367,0.02911001,1.02880115,0.02781495,0.99016612,0.04249849,0.07376657,0.03190152,-0.14882962,0.00836187,0.04203462,2.36234873,0.79922687,0.3933671,1.561964114,0.9868544007,384,,-1.676219718,,-1.224424777
20160229,20160229,242610.0,01W,KOR,-0.044718,2016,2,20160129,20160131,152.84232801,4.0376030267,152.84232801,,0.1724450056,-0.159091317,-0.063822005,0.2129629086,0.701065247,0.3192503604,-0.013978931,-0.373401026,0.4840099973,-0.140704517,0.0162334968,0.036336715,0.020403074,-0.193469364,-0.349778353,0.2955666936,-0.405175666,0.1517010238,0.274385655,-0.052085381,-0.170110047,-0.001980654,-0.016873865,-0.208332172,-0.166886292,-0.04144588,-0.03457874,-0.006792383,-0.027786357,-0.100194471,0.0982138173,-0.034958174,0.0338708361,-0.097748984,0.0163389062,-0.012537041,-0.151672406,-0.147556744,-0.109417301,0.0052101047,0.0366155096,-0.025115065,-0.045389251,-0.597309306,0.0528245666,0.6951558965,0.5399794041,0.8989173533,0.7509256052,1.1193702233,0.0082716138,0.0805720558,,,,-0.05583792,-0.076443278,-0.017737877,-0.735579728,-0.558304707,-0.01403271,-0.006247102,0.0061324643,0.0013639754,,-0.051668133,0.160949092,-0.471955535,-0.089361754,,,-0.419612136,-0.046719329,0.0131778284,-0.162350266,-0.010111508,,-0.030600275,-0.057926292,-0.007587076,1.9418037313,,0.671891936,,0.5018464207,4.0,-0.04520283,2.8638022962,,1.8852996872,,,0.4659842441,0.2399749453,0.1476677447,0.1101224362,0.391888584,-0.035409922,-0.014259246,-0.029217346,,-0.018544566,0.0044402155,0.3153682603,-0.024315101,0.2269563368,18.7351149,0.2754959001,-0.246752236,0.162525731,0.4941727589,0.189675713,0.00021048,13379874.4951447,1.55065734,0.09566188,1.5165389,9.099e-05,0.00010582,0.01740354,0.02996649,1.07844714,0.3342504,0.11397842,0.03055233,0.78227427,0.03133131,0.67372211,0.03819596,0.06080396,0.03086306,0.59893887,0.00739064,0.03848733,1.38912502,0.85262953,0.38957264,1.3329398521,0.964724764,385,,-1.59098765,,-0.858606021
20160331,20160331,242610.0,01W,KOR,0.136212,2016,3,20160229,20160229,146.00755446,3.8570502784,146.00755446,,0.1648443817,-0.1525875,-0.044717806,0.0128739739,0.5715654637,0.3730675909,0.074241917,-0.325436724,0.2306497898,0.0241721432,0.0099707742,-0.067194318,0.0257943592,-0.193469364,-0.349778353,0.2955666936,-0.405175666,0.1517010238,0.274385655,-0.052085381,-0.170110047,-0.001980654,-0.016873865,-0.208332172,-0.166886292,-0.04144588,-0.03457874,-0.006792383,-0.027786357,-0.100194471,0.0982138173,-0.034958174,0.0338708361,-0.097748984,0.0163389062,-0.012537041,-0.151672406,-0.147556744,-0.109417301,0.0052101047,0.0366155096,-0.025115065,-0.045389251,-0.597309306,0.0528245666,0.6951558965,0.5399794041,0.8989173533,0.7509256052,1.1193702233,0.0082716138,0.0805720558,,,,-0.05583792,-0.076443278,-0.017737877,-0.735579728,-0.558304707,-0.01403271,-0.006247102,0.0061324643,0.0013639754,,-0.051668133,0.160949092,-0.471955535,-0.089361754,,,-0.419612136,-0.046719329,0.0131778284,-0.162350266,-0.010111508,,-0.030600275,-0.057926292,-0.007587076,1.9418037313,,0.671891936,,0.5018464207,4.0,-0.04520283,2.8638022962,,1.8852996872,,,0.487797477,0.2512084353,0.1545802336,0.115277388,0.4102333179,-0.037067499,-0.014926737,-0.030585042,,-0.019412658,0.0046480669,0.3286050872,-0.025335669,0.2515332326,18.70711164,0.3005956665,-0.183624161,0.1938667968,0.4952690778,0.2437296399,0.00053388,13833147.914601,1.5016249,0.09749088,1.49615252,9.126e-05,0.00011391,0.01271289,0.02299053,0.79449289,-0.06944007,1.01386607,0.02421608,1.25638779,0.02338208,0.91112964,0.04355681,0.06420153,0.03828419,-0.1506592,0.00530529,0.03808033,1.64829475,0.81450181,0.39623786,1.3102611614,1.0981319275,386,,-1.593769847,,-0.884168789
20160429,20160430,242610.0,01W,KOR,0.510845,2016,4,20160331,20160331,165.89551856,4.3824263643,165.89551856,,0.1051414669,-0.099973351,0.1362118842,-0.105685831,0.0540401954,0.4072998042,0.001984073,-0.33258393,0.5127918752,-0.150734494,0.0360568085,-0.046087727,0.02821677,-0.193469364,-0.349778353,0.2955666936,-0.405175666,0.1517010238,0.274385655,-0.052085381,-0.170110047,-0.001980654,-0.016873865,-0.208332172,-0.166886292,-0.04144588,-0.03457874,-0.006792383,-0.027786357,-0.100194471,0.0982138173,-0.034958174,0.0338708361,-0.097748984,0.0163389062,-0.012537041,-0.151672406,-0.147556744,-0.109417301,0.0052101047,0.0366155096,-0.025115065,-0.045389251,-0.597309306,0.0528245666,0.6951558965,0.5399794041,0.8989173533,0.7509256052,1.1193702233,0.0082716138,0.0805720558,,,,-0.05583792,-0.076443278,-0.017737877,-0.735579728,-0.558304707,-0.01403271,-0.006247102,0.0061324643,0.0013639754,,-0.051668133,0.160949092,-0.471955535,-0.089361754,,,-0.419612136,-0.046719329,0.0131778284,-0.162350266,-0.010111508,,-0.030600275,-0.057926292,-0.007587076,1.9418037313,,0.671891936,,0.5018464207,4.0,-0.04520283,2.8638022962,,1.8852996872,,,0.4293191118,0.2210929482,0.1360487738,0.1014576503,0.3610535355,-0.032623756,-0.013137283,-0.026918431,,-0.01708542,0.0040908451,0.2928397641,-0.022578139,0.2383939618,18.782184642,0.492744642,-0.317389041,-0.668448187,0.5058397926,0.2512742033,0.00065388,12352098.1619845,1.56019023,0.08304186,1.57324163,0.00010799,0.00011857,0.00812383,0.01661268,-0.04109479,-0.28121634,1.31568485,0.01706647,-0.09258767,0.01696135,-0.0401459,0.02738944,0.03238639,0.01898912,-1.03803528,0.00433006,0.03739394,1.70145397,0.92544663,0.39974654,1.2825506188,0.7001667687,387,,-1.596039485,,-0.904123402
20160531,20160531,242610.0,01W,KOR,0.195365,2016,5,20160429,20160430,250.64236283,6.6211655891,250.64236283,,0.1051414669,-0.099973351,0.5108446871,0.0854029818,0.23252847,0.7285040882,0.3405303796,0.1193351973,0.5809916887,-0.100515397,0.091634998,-0.078088261,0.0319585248,0.0270964549,-0.206752297,1.065846683,-0.287581025,-0.316350922,-0.340583926,-0.453748259,-0.07876583,0.0039387111,-0.028752357,0.0301200856,0.0024116551,0.0277084305,-0.011033215,-0.002412221,-0.008620994,-0.089718865,0.0649052191,0.0188336938,0.1158438911,0.0232387238,0.09316749,0.0623912079,0.0466815239,0.0134147769,0.0277041635,0.0694417189,0.0735877195,-0.004146001,-0.01888789,-2.752093946,0.0460173293,6.7050376872,0.6261887249,0.7796072511,0.8295195147,1.1921551184,0.0055377571,0.0725449684,,,,0.019604638,-0.092771185,-0.006462927,1.5370222509,0.3698473749,0.0335632004,0.0172845483,0.1712789266,0.0707228495,,0.0918435221,-0.657175579,0.471586826,-0.034420602,,,0.6193992773,0.0446821037,0.0956919987,0.0603456708,0.0640817884,1.2001274677,0.0257509876,0.043503318,0.0521277829,1.9546241849,,0.6472514961,,0.6478852943,7.0,-2.127299628,3.5322119164,4.647612682,1.4235173134,,,0.3172137428,0.1622888662,0.0780088521,0.0549965912,0.2596640281,0.0021770689,0.0081685672,-0.005589091,,-0.023343036,0.0014379563,0.2064562172,0.0117174729,0.3175751267,18.504050076,0.5853283468,-0.198645838,-0.193105079,0.3602607318,0.5778323645,3.453e-05,18844875.6425756,1.83573525,0.10413275,1.6429263,8.268e-05,0.00010559,0.01213161,0.08030881,1.00520663,0.12885668,3.290276,0.06716058,-0.94897752,0.06166561,-1.45170872,0.11874916,0.28540693,0.0865497,1.12097033,0.00413583,0.04214488,1.54898244,1.0,0.39359508,1.421091447,2.6920612312,388,,-1.226346973,,-0.413638825
20160630,20160630,242610.0,01W,KOR,-0.002913,2016,6,20160531,20160531,299.60909839,7.9147093494,299.60909839,,0.1051414669,-0.099973351,0.1953649615,0.7166396887,0.6609870406,1.5771714309,1.2516596665,0.2091661114,0.5639298313,-0.067954805,0.1155731585,-0.014186552,0.0259262553,0.0270964549,-0.206752297,1.065846683,-0.287581025,-0.316350922,-0.340583926,-0.453748259,-0.07876583,0.0039387111,-0.028752357,0.0301200856,0.0024116551,0.0277084305,-0.011033215,-0.002412221,-0.008620994,-0.089718865,0.0649052191,0.0188336938,0.1158438911,0.0232387238,0.09316749,0.0623912079,0.0466815239,0.0134147769,0.0277041635,0.0694417189,0.0735877195,-0.004146001,-0.01888789,-2.752093946,0.0460173293,6.7050376872,0.6261887249,0.7796072511,0.8295195147,1.1921551184,0.0055377571,0.0725449684,,,,0.019604638,-0.092771185,-0.006462927,1.5370222509,0.3698473749,0.0335632004,0.0172845483,0.1712789266,0.0707228495,,0.0918435221,-0.657175579,0.471586826,-0.034420602,,,0.6193992773,0.0446821037,0.0956919987,0.0603456708,0.0640817884,1.2001274677,0.0257509876,0.043503318,0.0521277829,1.9546241849,,0.6472514961,,0.6478852943,7.0,-2.127299628,3.5322119164,4.647612682,1.4235173134,,,0.265369785,0.135765119,0.0652594435,0.0460082008,0.2172257314,0.0018212588,0.0068335341,-0.004675635,,-0.019527957,0.0012029433,0.1741980989,0.0098866556,0.341946741,18.639584324,0.5139579585,0.0679361674,0.1964013655,0.3597825365,0.6083416921,2.014e-05,38879493.1145466,1.74185752,0.1425555,1.40639738,5.701e-05,7.63e-05,0.02912987,0.12599891,-0.03692658,-0.41861475,-0.75153432,0.12841596,0.43523303,0.12647665,1.20465866,0.17955044,0.29777777,0.12894556,0.16451372,0.00367085,0.05454666,1.86419077,0.63109446,0.35453361,1.6059928533,3.2267273595,389,,-1.228735186,,-0.514333718
20160729,20160731,242610.0,01W,KOR,0.095589,2016,7,20160630,20160630,298.73626678,7.8916519439,298.73626678,,0.1051414669,-0.099973351,-0.002913235,0.8060108012,0.8351424548,1.1629020072,1.8877945876,0.4544524664,0.4853423985,-0.074927984,0.1221199539,0.0500472288,0.0189660653,0.0270964549,-0.206752297,1.065846683,-0.287581025,-0.316350922,-0.340583926,-0.453748259,-0.07876583,0.0039387111,-0.028752357,0.0301200856,0.0024116551,0.0277084305,-0.011033215,-0.002412221,-0.008620994,-0.089718865,0.0649052191,0.0188336938,0.1158438911,0.0232387238,0.09316749,0.0623912079,0.0466815239,0.0134147769,0.0277041635,0.0694417189,0.0735877195,-0.004146001,-0.01888789,-2.752093946,0.0460173293,6.7050376872,0.6261887249,0.7796072511,0.8295195147,1.1921551184,0.0055377571,0.0725449684,,,,0.019604638,-0.092771185,-0.006462927,1.5370222509,0.3698473749,0.0335632004,0.0172845483,0.1712789266,0.0707228495,,0.0918435221,-0.657175579,0.471586826,-0.034420602,,,0.6193992773,0.0446821037,0.0956919987,0.0603456708,0.0640817884,1.2001274677,0.0257509876,0.043503318,0.0521277829,1.9546241849,,0.6472514961,,0.6478852943,7.0,-2.127299628,3.5322119164,4.647612682,1.4235173134,,,0.2661451282,0.1361617902,0.065450115,0.0461426251,0.2178604099,0.00182658,0.0068534999,-0.004689296,,-0.019585013,0.001206458,0.1746846125,0.0099142678,0.3586858919,18.637557366,0.5062484485,0.0792627913,0.242078677,0.3640615462,0.611108289,7.611e-05,41700313.3327058,1.61058077,0.14390273,1.36186704,5.408e-05,7.09e-05,0.01520921,0.03413809,-0.31144697,0.20973374,0.39164817,0.02989077,-0.55765298,0.03013642,-0.76277476,0.04882506,0.06643451,0.03842529,-0.10621188,0.00348816,0.0551263,1.60112087,0.62925593,0.34948645,1.4929799293,0.866117561,390,,-1.227692045,,-0.502359033
20160831,20160831,242610.0,01W,KOR,0.252358,2016,8,20160729,20160731,370.65910523,8.0758524788,370.65910523,,0.2515750728,-0.224402816,0.0955890763,0.1918825829,0.9545388419,1.2194749866,2.1126028173,0.701065247,0.1375117655,0.0133207233,0.1295988951,0.0253491172,0.0147824759,-0.043807622,-0.143116172,2.0815621484,-0.162900537,-0.255310239,-0.340583926,-0.453748259,-0.041590418,0.0209639054,-0.028752357,-0.022881878,-0.042497482,0.019615604,0.0239576775,0.0002901427,0.0236675348,-0.07377495,0.0947388557,0.0214350803,0.0698309879,0.0327713577,0.1075983104,0.0601519661,0.0644900542,0.0292803512,0.0351543484,0.0694417189,0.0735877195,-0.073816718,-0.011200124,-0.696940334,0.0835387314,5.1982915408,0.6797830709,0.8136967406,0.8433301434,1.0727156542,0.0055377571,0.0311785371,,,,0.0413870074,-0.009252857,0.0192504571,2.2872182931,-0.042021093,0.0074662221,0.0038197737,0.0199487707,0.0088937699,,0.1006231745,-0.258906784,0.6178868159,-0.096196183,0.372239226,0.1593700703,0.6193992773,0.046807378,0.1028846842,0.0738914272,0.0575168515,1.1452319076,0.0272705449,0.0489518418,0.1216187188,1.8220027944,,0.6148904876,,0.5787616393,7.0,-1.970184879,3.8322631985,4.647612682,1.4235173134,,,0.2072217631,0.1137329557,0.0593699886,0.0529091171,0.1787595602,0.0033301409,0.0056510504,-0.006940956,,-0.015784729,0.0009723564,0.15826824,0.0096341525,0.3565761449,18.745192052,0.4855636691,0.1265114833,0.3075985529,0.3318366925,0.5148786607,0.00013774,44280920.7059947,1.50233377,0.14603013,1.33575871,5.398e-05,6.764e-05,0.00907373,0.02831572,2.09243766,-0.12746845,0.01211924,0.02978136,2.14148126,0.02787254,1.27254568,0.04237674,0.10141807,0.02845791,2.06211239,0.00288568,0.05541666,1.60907207,0.68940592,0.3467308,1.4949465955,0.7491754314,391,,-1.043522358,,-0.554414685
20160930,20160930,242610.0,01W,KOR,-0.492935,2016,9,20160831,20160831,463.76816638,10.113859086,463.76816638,,0.2504163547,-0.22347658,0.2523580776,0.0923973683,1.2416113454,1.1689393641,2.3653053443,0.5715654637,0.3601614624,0.4243180773,0.1139661678,-0.108116876,0.0306856138,-0.043807622,-0.143116172,2.0815621484,-0.162900537,-0.255310239,-0.340583926,-0.453748259,-0.041590418,0.0209639054,-0.028752357,-0.022881878,-0.042497482,0.019615604,0.0239576775,0.0002901427,0.0236675348,-0.07377495,0.0947388557,0.0214350803,0.0698309879,0.0327713577,0.1075983104,0.0601519661,0.0644900542,0.0292803512,0.0351543484,0.0694417189,0.0735877195,-0.073816718,-0.011200124,-0.696940334,0.0835387314,5.1982915408,0.6797830709,0.8136967406,0.8433301434,1.0727156542,0.0055377571,0.0311785371,,,,0.0413870074,-0.009252857,0.0192504571,2.2872182931,-0.042021093,0.0074662221,0.0038197737,0.0199487707,0.0088937699,,0.1006231745,-0.258906784,0.6178868159,-0.096196183,0.372239226,0.1593700703,0.6193992773,0.046807378,0.1028846842,0.0738914272,0.0575168515,1.1452319076,0.0272705449,0.0489518418,0.1216187188,1.8220027944,,0.6148904876,,0.5787616393,7.0,-1.970184879,3.8322631985,4.647612682,1.4235173134,,,0.1656185975,0.0908992006,0.0474504902,0.0422867446,0.1428706484,0.0026615605,0.0045165094,-0.005547445,,-0.012615686,0.0007771399,0.1277824417,0.0077784117,0.3534401321,18.863271054,0.3854590194,0.2130863044,0.7023246861,0.3317570043,0.5126311772,0.00010143,47832674.0686286,1.36378723,0.1513036,1.26164456,4.785e-05,6.248e-05,0.00506462,0.03885136,0.29747571,-0.12084156,1.1243588,0.03945246,0.05399344,0.03873107,0.19709009,0.06185474,0.10632467,0.039062,0.21721968,0.00176008,0.05564434,1.51804152,0.86338308,0.30414499,1.3539560343,1.0963333684,392,,-1.048427281,,-0.535981488
20161031,20161031,242610.0,01W,KOR,-0.229739,2016,10,20160930,20160930,235.16066435,5.1283852453,235.16066435,,0.1879642052,-0.17224109,-0.492934873,0.3720698295,1.4707540155,1.5106082346,1.9590071199,0.0540401954,1.3772305593,-0.02832833,0.0717292094,0.1950357368,0.0169757653,-0.043807622,-0.143116172,2.0815621484,-0.162900537,-0.255310239,-0.340583926,-0.453748259,-0.041590418,0.0209639054,-0.028752357,-0.022881878,-0.042497482,0.019615604,0.0239576775,0.0002901427,0.0236675348,-0.07377495,0.0947388557,0.0214350803,0.0698309879,0.0327713577,0.1075983104,0.0601519661,0.0644900542,0.0292803512,0.0351543484,0.0694417189,0.0735877195,-0.073816718,-0.011200124,-0.696940334,0.0835387314,5.1982915408,0.6797830709,0.8136967406,0.8433301434,1.0727156542,0.0055377571,0.0311785371,,,,0.0413870074,-0.009252857,0.0192504571,2.2872182931,-0.042021093,0.0074662221,0.0038197737,0.0199487707,0.0088937699,,0.1006231745,-0.258906784,0.6178868159,-0.096196183,0.372239226,0.1593700703,0.6193992773,0.046807378,0.1028846842,0.0738914272,0.0575168515,1.1452319076,0.0272705449,0.0489518418,0.1216187188,1.8220027944,,0.6148904876,,0.5787616393,7.0,-1.970184879,3.8322631985,4.647612682,1.4235173134,,,0.3266219438,0.1792653364,0.0935786897,0.0833950953,0.2817599568,0.005248952,0.0089071584,-0.010940301,,-0.024879814,0.0015326235,0.2424419612,0.0147580008,0.26495238,18.406307881,0.1200752875,0.1709523037,0.6355555783,0.3413190864,0.512080634,2.673e-05,63422783.5941244,1.2964736,0.19766471,1.2300332,3.512e-05,5.491e-05,0.02069222,0.07848853,-1.27170787,0.51936153,5.49351458,0.08280421,-1.08159818,0.0795912,-1.42009424,0.06424822,0.08833298,0.08814058,-1.41888468,0.00115802,0.05828288,1.2930553,0.4205627,0.2923537,1.387541802,1.0824264348,393,,-1.040087092,,-0.562386215
20161130,20161130,242610.0,01W,KOR,0.191284,2016,11,20161031,20161031,181.13515431,3.950196583,181.13515431,,0.1314536575,-0.123503229,-0.22973872,-0.364972892,-0.170773005,0.3598288904,0.5441525866,0.23252847,1.1224323358,0.121115966,0.0398333289,0.1464737705,0.0187393694,-0.004121589,-0.145648688,3.2288327983,0.2001368633,-0.050343886,-0.340583926,-0.453748259,0.0381114331,0.0140742355,-0.028752357,0.0775446586,-0.027499827,0.105044486,0.0398089868,0.0017947681,0.0380142187,-0.029497745,0.0435719801,0.0202516819,0.0509673514,0.0185687035,0.0901125836,-0.04825998,0.0438807227,0.0054683443,0.017367887,0.0694417189,0.0735877195,-0.029404041,0.0809802502,29.737302496,0.1245522303,45.73766246,0.6700888602,0.6789256166,0.7101763022,0.9353311574,0.0055377571,0.0251360408,,,,0.1424690755,0.082527797,0.0241283085,2.8214750938,-0.373882828,-0.018859922,-0.010351204,-0.024713818,-0.01303247,,-0.142848364,-0.343794941,0.5995825631,-0.225043789,-0.549378805,-0.512991691,0.6193992773,0.0325854107,0.0897411766,0.0488837758,-0.048061072,0.7077216852,-0.078257063,0.0327202702,-0.010657503,2.0080674856,,0.6071157373,,0.6082942221,5.0,-1.904969453,3.5322119164,4.647612682,1.4235173134,,,0.4539255712,0.2260509542,0.1307278083,0.1193179166,0.3230342657,0.0012361244,-0.035522882,-0.068654639,,-0.032300487,0.001989745,0.3085529729,0.0132693019,0.2783856366,18.276710382,0.2269557712,0.0565754586,-0.208418505,0.2122776279,0.3919276986,0.00018299,56415596.8710385,1.43419321,0.16701823,1.34945998,4.273e-05,5.587e-05,0.01654209,0.03909752,-0.07906133,0.26665059,1.29085376,0.04035981,0.20642191,0.04091869,0.08557176,0.03587426,0.06180142,0.04135256,-0.46398092,0.00141335,0.05857724,1.21549983,0.32394316,0.28211287,1.3605851534,0.6002091957,394,,-1.580396689,,-0.644024621
20161229,20161231,242610.0,01W,KOR,0.102339,2016,12,20161130,20161130,215.783334,4.7058043034,215.783334,,0.1314536575,-0.123503229,0.191283574,-0.609427366,-0.465668254,0.0964545849,0.060908045,0.6609870406,1.1495004584,0.0819245692,0.0497750566,0.0434675925,0.0284244295,-0.004121589,-0.145648688,3.2288327983,0.2001368633,-0.050343886,-0.340583926,-0.453748259,0.0381114331,0.0140742355,-0.028752357,0.0775446586,-0.027499827,0.105044486,0.0398089868,0.0017947681,0.0380142187,-0.029497745,0.0435719801,0.0202516819,0.0509673514,0.0185687035,0.0901125836,-0.04825998,0.0438807227,0.0054683443,0.017367887,0.0694417189,0.0735877195,-0.029404041,0.0809802502,29.737302496,0.1245522303,45.73766246,0.6700888602,0.6789256166,0.7101763022,0.9353311574,0.0055377571,0.0251360408,,,,0.1424690755,0.082527797,0.0241283085,2.8214750938,-0.373882828,-0.018859922,-0.010351204,-0.024713818,-0.01303247,,-0.142848364,-0.343794941,0.5995825631,-0.225043789,-0.549378805,-0.512991691,0.6193992773,0.0325854107,0.0897411766,0.0488837758,-0.048061072,0.7077216852,-0.078257063,0.0327202702,-0.010657503,2.0080674856,,0.6071157373,,0.6082942221,5.0,-1.904969453,3.5322119164,4.647612682,1.4235173134,,,0.3810390583,0.1897541099,0.1097369351,0.1001591218,0.2711648785,0.0010376408,-0.029818997,-0.057630811,,-0.02711402,0.001670253,0.2635193637,0.0113326342,0.2553146151,18.446371594,0.2134790128,-0.112429176,-0.566752246,0.2114075198,0.3306513466,0.0001992,33920936.8195773,1.82586049,0.10876071,1.71098531,7.249e-05,6.115e-05,0.01538567,0.05135698,3.53064745,-0.13978237,5.72417393,0.05381496,3.5496918,0.05064965,2.41713487,0.08467843,0.23653341,0.06380853,2.01191647,0.00251927,0.05869074,1.46207249,0.38590817,0.28664159,1.3786732257,1.398848496,395,,-1.58050413,,-0.653771552
20170131,20170131,242610.0,01W,KOR,-0.272189,2017,1,20161229,20161231,237.86633547,5.1873905382,237.86633547,,0.1314536575,-0.123503229,0.1023387722,-0.08240039,-0.361599558,0.1495992559,0.1681427371,0.8351424548,1.1054297875,-0.063822005,0.0648805818,0.0777341033,0.0247945933,-0.004121589,-0.145648688,3.2288327983,0.2001368633,-0.050343886,-0.340583926,-0.453748259,0.0381114331,0.0140742355,-0.028752357,0.0775446586,-0.027499827,0.105044486,0.0398089868,0.0017947681,0.0380142187,-0.029497745,0.0435719801,0.0202516819,0.0509673514,0.0185687035,0.0901125836,-0.04825998,0.0438807227,0.0054683443,0.017367887,0.0694417189,0.0735877195,-0.029404041,0.0809802502,29.737302496,0.1245522303,45.73766246,0.6700888602,0.6789256166,0.7101763022,0.9353311574,0.0055377571,0.0251360408,,,,0.1424690755,0.082527797,0.0241283085,2.8214750938,-0.373882828,-0.018859922,-0.010351204,-0.024713818,-0.01303247,,-0.142848364,-0.343794941,0.5995825631,-0.225043789,-0.549378805,-0.512991691,0.6193992773,0.0325854107,0.0897411766,0.0488837758,-0.048061072,0.7077216852,-0.078257063,0.0327202702,-0.010657503,2.0080674856,,0.6071157373,,0.6082942221,5.0,-1.904969453,3.5322119164,4.647612682,1.4235173134,,,0.3456642077,0.1721377445,0.0995491929,0.0908605633,0.2459905116,0.0009413084,-0.027050666,-0.05228049,,-0.024596813,0.0015151903,0.2410925068,0.0103681686,0.2402176968,18.528715223,0.2268437502,-0.099753701,-0.422057327,0.2091923133,0.3676113932,8.734e-05,32529164.0139308,1.89605928,0.10623953,1.74206388,7.438e-05,6.169e-05,0.01934025,0.05124502,-0.56051702,0.11986681,1.19551162,0.04436031,0.23490489,0.04821208,0.18354885,0.06808776,0.10724455,0.05159975,-0.59535554,0.00256828,0.05987991,1.38677568,0.42540154,0.28712072,1.4270970126,1.1046568151,396,,-1.580718558,,-0.678464437
20170228,20170228,242610.0,01W,KOR,-0.310873,2017,2,20170131,20170131,173.12176777,3.775440599,173.12176777,,0.1314536575,-0.123503229,-0.272188864,0.3131980723,-0.357666506,-0.161232228,0.3754745757,0.9545388419,0.7556501309,-0.044717806,0.0442013947,-0.007890181,0.0283396298,0.5667565272,0.0787989006,2.1155437496,0.1475482813,-0.576201294,-0.340583926,-0.453748259,0.0235184112,0.0170739562,-0.028752357,0.0689037805,0.041152055,0.0277517255,0.0704089181,0.0022685857,0.0681403324,-0.097143888,0.1142178437,0.0172845265,0.4152686713,0.0122262786,0.0651231202,0.0207144607,0.0200067505,-0.002793309,0.0119531031,0.0694417189,0.0735877195,-0.107830746,0.0013161598,0.633341346,0.1155340035,55.595425164,0.8197483645,0.5570384415,0.7069312751,0.9776566927,0.0055377571,0.2567781042,,,4.0,0.1502395077,-0.092771185,0.052030576,3.0363947143,0.8981195032,-0.023728275,-0.011816473,-0.009695565,-0.005569371,,-0.00586765,-0.361986581,0.7769042392,-0.082135979,2.026679924,-0.205778912,0.6193992773,0.0345166183,0.1020320737,0.0452829962,0.0324545164,1.2001274677,-0.00339428,0.0220306204,0.0272059942,1.3441515753,,0.7051286029,,1.0930164207,6.0,-2.38613845,5.9194670526,4.647612682,1.4235173134,,,0.6445620192,0.4795307546,0.0677547224,-0.097754691,0.3732459238,-0.001339478,-0.002187824,-0.04333142,,-0.033795598,0.0020818455,0.4231399818,0.0157386257,0.4154360257,17.615871355,0.0265494639,0.0210720232,-0.392228439,0.2684626376,0.4017374357,0.00026264,29985809.8329045,2.05831188,0.10231826,1.80947861,7.776e-05,6.32e-05,0.01940245,0.03456643,-0.00435737,-0.15237611,-2.2205664,0.03332386,0.1970083,0.02924874,0.81717338,0.02524251,0.04782711,0.0351306,-0.10059957,0.00304174,0.06027968,1.63170834,0.30961198,0.28136758,1.4799024903,0.4070615346,397,,-1.464778072,,-0.01968799
20170331,20170331,242610.0,01W,KOR,-0.056455,2017,3,20170228,20170228,119.30286383,2.6017576038,119.30286383,,0.1314536575,-0.123503229,-0.310873119,-0.197705566,-0.626706229,-0.489306995,0.0479476319,1.2416113454,0.4873276342,0.1362118842,0.0035573035,-0.019441209,0.0254729408,0.5667565272,0.0787989006,2.1155437496,0.1475482813,-0.576201294,-0.340583926,-0.453748259,0.0235184112,0.0170739562,-0.028752357,0.0689037805,0.041152055,0.0277517255,0.0704089181,0.0022685857,0.0681403324,-0.097143888,0.1142178437,0.0172845265,0.4152686713,0.0122262786,0.0651231202,0.0207144607,0.0200067505,-0.002793309,0.0119531031,0.0694417189,0.0735877195,-0.107830746,0.0013161598,0.633341346,0.1155340035,55.595425164,0.8197483645,0.5570384415,0.7069312751,0.9776566927,0.0055377571,0.2567781042,,,4.0,0.1502395077,-0.092771185,0.052030576,3.0363947143,0.8981195032,-0.023728275,-0.011816473,-0.009695565,-0.005569371,,-0.00586765,-0.361986581,0.7769042392,-0.082135979,2.026679924,-0.205778912,0.6193992773,0.0345166183,0.1020320737,0.0452829962,0.0324545164,1.2001274677,-0.00339428,0.0220306204,0.0272059942,1.3441515753,,0.7051286029,,1.0930164207,6.0,-2.38613845,5.9194670526,4.647612682,1.4235173134,,,0.9353314129,0.6958526331,0.0983196626,-0.141852964,0.5416214838,-0.001943732,-0.003174777,-0.062878726,,-0.049041184,0.0030209901,0.645576627,0.024012122,0.4311623622,16.841104361,-0.123458278,-0.002114093,-0.728294311,0.268321729,0.3050969956,0.00020085,25808110.3796776,2.37386076,0.09809044,1.89522319,8.373e-05,6.196e-05,0.01107783,0.06093605,-2.88605052,0.3459651,-5.7756693,0.05264558,-2.25840658,0.0561731,-2.44598523,0.03464693,0.06497547,0.06123398,-2.82503718,0.00391411,0.06215735,1.40640399,0.21336193,0.26786609,1.5173747199,0.5465310644,398,,-1.469507168,,-0.027594552
20170428,20170430,242610.0,01W,KOR,0.018878,2017,4,20170331,20170331,112.56759675,2.454874857,112.56759675,,0.1314536575,-0.123503229,-0.0564552,-0.498445782,-0.492675086,-0.647039465,-0.364406505,1.4707540155,0.9821141028,0.5108446871,-0.048015414,-0.036928958,0.033508818,0.5667565272,0.0787989006,2.1155437496,0.1475482813,-0.576201294,-0.340583926,-0.453748259,0.0235184112,0.0170739562,-0.028752357,0.0689037805,0.041152055,0.0277517255,0.0704089181,0.0022685857,0.0681403324,-0.097143888,0.1142178437,0.0172845265,0.4152686713,0.0122262786,0.0651231202,0.0207144607,0.0200067505,-0.002793309,0.0119531031,0.0694417189,0.0735877195,-0.107830746,0.0013161598,0.633341346,0.1155340035,55.595425164,0.8197483645,0.5570384415,0.7069312751,0.9776566927,0.0055377571,0.2567781042,,,4.0,0.1502395077,-0.092771185,0.052030576,3.0363947143,0.8981195032,-0.023728275,-0.011816473,-0.009695565,-0.005569371,,-0.00586765,-0.361986581,0.7769042392,-0.082135979,2.026679924,-0.205778912,0.6193992773,0.0345166183,0.1020320737,0.0452829962,0.0324545164,1.2001274677,-0.00339428,0.0220306204,0.0272059942,1.3441515753,,0.7051286029,,1.0930164207,6.0,-2.38613845,5.9194670526,4.647612682,1.4235173134,,,0.991295181,0.7374876459,0.1042024317,-0.150340466,0.5740283705,-0.002060031,-0.003364734,-0.066640955,,-0.051975469,0.0032017453,0.6910381824,0.0257030575,0.3883816235,16.691986602,-0.186746597,-0.150109193,-0.676507631,0.2676642807,0.2152879769,0.00061295,10798393.5245743,1.21039872,0.05352346,1.08060752,0.00016827,6.292e-05,0.0102008,0.02096414,0.13281052,0.09649616,1.79108406,0.02158896,0.25338251,0.02169018,0.48204134,0.0335024,0.0439558,0.02611624,0.12893627,0.00515586,0.06229415,1.40179086,0.20131654,0.27529699,1.5771908555,0.5267355112,399,,-1.466293016,,-0.034591601
20170531,20170531,242610.0,01W,KOR,0.111291,2017,5,20170428,20170430,114.69263443,2.5012176922,114.69263443,,0.1314536575,-0.123503229,0.0188778809,-0.349777915,-0.378543623,-0.696022821,-0.603062484,-0.170773005,2.3556317022,0.1953649615,-0.064059694,-0.080541517,0.0515284742,0.3441963596,-0.081303813,0.9994158705,-0.171718239,-0.701640017,-0.390760477,4.0725625523,-0.024926816,0.007981806,-0.0244058,0.0261684791,0.0070014829,0.0191669962,0.0108245405,-0.000185193,0.0110097338,-0.098264175,0.081840181,0.0001669817,0.3475062927,-0.052624665,0.0322366165,-0.052796225,-0.027444036,0.0049237809,-0.053629816,0.2573516349,0.3513167366,-0.093965102,0.0414518397,11.562388936,0.1232920208,34.390519358,0.6502323108,0.5734698965,0.6416049676,1.0191003732,0.0047645442,0.2650552716,,,0.0,0.0405634506,-0.029284882,0.0066524227,3.1304866439,-0.096428613,0.0209892226,0.01561522,-0.012573978,-0.001669328,0.0124106913,0.1235938224,-0.644029189,-0.184272962,-0.189139562,0.1437136153,0.1070007272,2.968148731,-0.015249081,0.0433323425,-0.052501472,-0.070968493,1.2819973821,-0.037866781,-0.011344385,-0.063617769,1.3734171938,0.3216604143,0.7024509389,0.6210511116,0.9529313709,3.0,-2.224867324,5.873637333,3.7685399524,-0.245817423,-0.275125431,0.026916145,0.9318234955,0.6784708242,0.078910971,-0.168073759,0.5213179169,0.0033406417,-0.035285157,-0.095397905,,-0.327365189,0.0024838423,0.6148948662,-0.015692264,0.2617338434,16.285286976,-0.21392887,-0.41329321,-0.487768162,0.2604294569,0.3184427484,0.00028926,9702432.15246849,1.35707127,0.05119999,1.20137103,0.00018016,7.081e-05,0.00630878,0.03291088,1.13012191,0.21701454,2.54409133,0.03139508,1.80082396,0.02754038,1.36060191,0.057764,0.15863921,0.04735458,1.75640026,0.00650458,0.05846493,1.55577304,0.20511697,0.27712271,1.4805643719,0.963411939,400,-0.50638036,-1.636493419,0.7628587235,-0.065017643
20170630,20170630,242610.0,01W,KOR,-0.154591,2017,6,20170531,20170531,127.4569295,2.7795815191,127.4569295,,0.1314536575,-0.123503229,0.1112913234,-0.038643074,-0.468482425,-0.752694034,-0.661667467,-0.465668254,3.9309964283,-0.002913235,-0.053677461,-0.026514861,0.0552964514,0.3441963596,-0.081303813,0.9994158705,-0.171718239,-0.701640017,-0.390760477,4.0725625523,-0.024926816,0.007981806,-0.0244058,0.0261684791,0.0070014829,0.0191669962,0.0108245405,-0.000185193,0.0110097338,-0.098264175,0.081840181,0.0001669817,0.3475062927,-0.052624665,0.0322366165,-0.052796225,-0.027444036,0.0049237809,-0.053629816,0.2573516349,0.3513167366,-0.093965102,0.0414518397,11.562388936,0.1232920208,34.390519358,0.6502323108,0.5734698965,0.6416049676,1.0191003732,0.0047645442,0.2650552716,,,0.0,0.0405634506,-0.029284882,0.0066524227,3.1304866439,-0.096428613,0.0209892226,0.01561522,-0.012573978,-0.001669328,0.0124106913,0.1235938224,-0.644029189,-0.184272962,-0.189139562,0.1437136153,0.1070007272,2.968148731,-0.015249081,0.0433323425,-0.052501472,-0.070968493,1.2819973821,-0.037866781,-0.011344385,-0.063617769,1.3734171938,0.3216604143,0.7024509389,0.6210511116,0.9529313709,3.0,-2.224867324,5.873637333,3.7685399524,-0.245817423,-0.275125431,0.026916145,0.8385051479,0.6105247202,0.071008357,-0.151241853,0.4691100398,0.0030060899,-0.031751491,-0.085844192,,-0.294580892,0.0022350955,0.542342715,-0.013840716,0.2238652164,16.590536469,-0.399985144,-0.505682366,-0.758366892,0.2615616745,0.3165903388,0.00021215,8858136.21660563,1.20765045,0.04954464,1.01521958,0.00018515,0.00010149,0.01244628,0.02703514,1.0556016,-0.48983376,0.63187171,0.02770125,0.98072532,0.02869952,1.02412946,0.04652848,0.07508544,0.03004747,1.24627537,0.00610784,0.04570886,1.27418243,0.22794471,0.2616951,1.142543643,0.9559605513,401,-0.446345687,-1.636682454,0.758131277,0.0505917312
20170731,20170731,242610.0,01W,KOR,-0.015486,2017,7,20170630,20170630,107.75322364,2.349882978,107.75322364,,0.1314536575,-0.123503229,-0.154591092,0.1322701486,-0.46416575,-0.45800064,-0.622915456,-0.361599558,3.3259500078,0.0955890763,-0.076421113,-0.020670366,0.0515956576,0.3441963596,-0.081303813,0.9994158705,-0.171718239,-0.701640017,-0.390760477,4.0725625523,-0.024926816,0.007981806,-0.0244058,0.0261684791,0.0070014829,0.0191669962,0.0108245405,-0.000185193,0.0110097338,-0.098264175,0.081840181,0.0001669817,0.3475062927,-0.052624665,0.0322366165,-0.052796225,-0.027444036,0.0049237809,-0.053629816,0.2573516349,0.3513167366,-0.093965102,0.0414518397,11.562388936,0.1232920208,34.390519358,0.6502323108,0.5734698965,0.6416049676,1.0191003732,0.0047645442,0.2650552716,,,0.0,0.0405634506,-0.029284882,0.0066524227,3.1304866439,-0.096428613,0.0209892226,0.01561522,-0.012573978,-0.001669328,0.0124106913,0.1235938224,-0.644029189,-0.184272962,-0.189139562,0.1437136153,0.1070007272,2.968148731,-0.015249081,0.0433323425,-0.052501472,-0.070968493,1.2819973821,-0.037866781,-0.011344385,-0.063617769,1.3734171938,0.3216604143,0.7024509389,0.6210511116,0.9529313709,3.0,-2.224867324,5.873637333,3.7685399524,-0.245817423,-0.275125431,0.026916145,0.991833821,0.722164995,0.0839929131,-0.17889787,0.55489129,0.0035557822,-0.037557554,-0.101541622,,-0.348447821,0.0026438041,0.6631225066,-0.016923045,0.2244440545,16.088989872,-0.433058974,-0.406465116,-0.743402822,0.2591925976,0.3163195806,0.00071162,4774610.29495752,1.06960369,0.03439002,1.11495957,0.00029676,0.00011447,0.00751881,0.01205823,0.18602862,0.03604805,2.02114498,0.01238735,-0.03728426,0.0109607,-0.34251071,0.010517,0.02782156,0.0153564,0.07468311,0.00729284,0.04469186,1.57994807,0.19270649,0.26083271,1.2399054474,0.2207208579,402,-0.46692215,-1.638843805,0.7595705394,0.0143184145
20170831,20170831,242610.0,01W,KOR,0.081043,2017,8,20170731,20170731,106.08451716,2.3134918166,106.08451716,,-0.000925808,0.0009262367,-0.015486372,-0.060504415,-0.377587088,-0.405122523,-0.709023538,-0.357666506,3.9269289172,0.2523580776,-0.100770608,0.066817641,0.0466794343,0.4688378511,-0.093353908,0.5650052159,0.1005757428,-0.715795316,-0.423108374,4.1445137745,0.0146341407,0.0027599528,-0.0244058,0.0304077229,0.0847099118,-0.054302189,0.0323917742,-0.000359975,0.0327517492,-0.124505928,0.127265881,-0.002862787,0.3592865484,-0.078123274,0.021275447,-0.002288515,-0.042249372,-0.014716928,-0.078689848,0.2573516349,0.3513167366,-0.121191654,-0.0238661,-2.212543138,0.103399781,9.5858341402,0.679272995,0.5586279343,0.6335911981,1.0072523059,0.0047645442,0.2748568785,,,0.0,-0.031654102,0.0637205439,0.022794412,3.8226608353,-0.158263361,-0.015328349,-0.011160738,-0.022794571,-0.014980512,0.0124106913,-0.166216857,-0.200019225,-0.409679047,-0.21847653,0.1251129185,-0.920683707,2.5188405813,-0.038416889,0.0312501818,-0.082873506,-0.003361458,1.2819973821,0.0130793724,-0.026154615,-0.014191172,1.3643551765,0.3300816526,0.698963776,0.6210511116,1.036077256,5.0,-1.782469655,3.0188789064,3.7685399524,-0.245817423,-0.275125431,0.026916145,1.0634862739,0.7794790478,0.0750282837,-0.217278234,0.5662780662,-0.011471537,0.0139097331,-0.054944935,,-0.353928896,0.0026853911,0.7182639327,-0.035536349,0.1963419783,16.350136473,-0.428757398,-0.570044277,-0.720048567,0.44106144,0.1393444721,0.00094743,3569778.47849402,1.33203352,0.02993112,1.30292653,0.0003601,0.00012043,0.00612095,0.011492,-0.50091167,0.02424727,1.14346579,0.01046609,-0.32723386,0.01160222,-0.58913457,0.01573492,0.02241542,0.01404021,-0.30355657,0.00830708,0.04391005,1.55877932,0.18972217,0.25509778,1.2177313604,0.3342389523,403,-0.647373474,-1.494996984,0.7225734235,-0.322463892
20170929,20170930,242610.0,01W,KOR,0.015584,2017,9,20170831,20170831,114.68191155,2.5009838476,114.68191155,,0.0,0.0,0.0810428762,-0.167683408,-0.110796558,-0.508374835,-0.771255285,-0.626706229,4.8460731168,-0.492934873,-0.048590813,0.0442274028,0.0532081152,0.4688378511,-0.093353908,0.5650052159,0.1005757428,-0.715795316,-0.423108374,4.1445137745,0.0146341407,0.0027599528,-0.0244058,0.0304077229,0.0847099118,-0.054302189,0.0323917742,-0.000359975,0.0327517492,-0.124505928,0.127265881,-0.002862787,0.3592865484,-0.078123274,0.021275447,-0.002288515,-0.042249372,-0.014716928,-0.078689848,0.2573516349,0.3513167366,-0.121191654,-0.0238661,-2.212543138,0.103399781,9.5858341402,0.679272995,0.5586279343,0.6335911981,1.0072523059,0.0047645442,0.2748568785,,,0.0,-0.031654102,0.0637205439,0.022794412,3.8226608353,-0.158263361,-0.015328349,-0.011160738,-0.022794571,-0.014980512,0.0124106913,-0.166216857,-0.200019225,-0.409679047,-0.21847653,0.1251129185,-0.920683707,2.5188405813,-0.038416889,0.0312501818,-0.082873506,-0.003361458,1.2819973821,0.0130793724,-0.026154615,-0.014191172,1.3643551765,0.3300816526,0.698963776,0.6210511116,1.036077256,5.0,-1.782469655,3.0188789064,3.7685399524,-0.245817423,-0.275125431,0.026916145,0.9837595689,0.7210436005,0.0694036151,-0.200989469,0.5238257229,-0.010611546,0.0128669578,-0.050825861,,-0.327395798,0.0024840745,0.6508726872,-0.032202145,0.1596636876,16.573778716,-0.44210139,-0.697774987,-0.573415633,0.3640815052,0.1389622246,0.00038741,3109987.97730831,1.41545231,0.02653608,1.35467947,0.00042298,0.00013259,0.00812765,0.02658571,2.36572328,-0.14695404,8.564e-05,0.02615711,1.433553,0.02825043,2.28771723,0.04107552,0.10982222,0.02977968,1.9811597,0.00871546,0.04276393,1.61665861,0.2050978,0.25576716,1.2199671118,0.8862322302,404,-0.652085584,-1.492210689,0.7210719678,-0.340778265
20171031,20171031,242610.0,01W,KOR,-0.023104,2017,10,20170929,20170930,116.46905859,2.5399579613,116.46905859,,0.0,3.330669e-16,0.0155835128,0.0643014444,0.0187826237,-0.517872458,-0.512325278,-0.492675086,2.0045824548,-0.22973872,-0.026288792,0.1658734155,0.031250725,0.4688378511,-0.093353908,0.5650052159,0.1005757428,-0.715795316,-0.423108374,4.1445137745,0.0146341407,0.0027599528,-0.0244058,0.0304077229,0.0847099118,-0.054302189,0.0323917742,-0.000359975,0.0327517492,-0.124505928,0.127265881,-0.002862787,0.3592865484,-0.078123274,0.021275447,-0.002288515,-0.042249372,-0.014716928,-0.078689848,0.2573516349,0.3513167366,-0.121191654,-0.0238661,-2.212543138,0.103399781,9.5858341402,0.679272995,0.5586279343,0.6335911981,1.0072523059,0.0047645442,0.2748568785,,,0.0,-0.031654102,0.0637205439,0.022794412,3.8226608353,-0.158263361,-0.015328349,-0.011160738,-0.022794571,-0.014980512,0.0124106913,-0.166216857,-0.200019225,-0.409679047,-0.21847653,0.1251129185,-0.920683707,2.5188405813,-0.038416889,0.0312501818,-0.082873506,-0.003361458,1.2819973821,0.0130793724,-0.026154615,-0.014191172,1.3643551765,0.3300816526,0.698963776,0.6210511116,1.036077256,5.0,-1.782469655,3.0188789064,3.7685399524,-0.245817423,-0.275125431,0.026916145,0.9686643752,0.709979624,0.0683386587,-0.197905408,0.5157879351,-0.010448719,0.0126695221,-0.050045969,,-0.322372109,0.0024459579,0.6384212301,-0.031586105,0.2949436688,16.616122407,-0.433714071,-0.544013947,-0.302990036,0.3787502616,0.1484418894,0.00022393,3565111.46334034,1.31904122,0.03033365,1.2705046,0.00035075,0.00021826,0.00963097,0.02017117,-0.47964486,-0.45280928,-0.29435986,0.0193707,-0.17532242,0.01908726,0.1179227,0.02340872,0.02523588,0.0209443,-0.53404196,0.00816356,0.03682824,1.79960391,0.44662309,0.25667517,1.0993741518,0.5898289722,405,-0.562236451,-1.498834561,0.7205200273,-0.185286942
20171130,20171130,242610.0,01W,KOR,0.012872,2017,11,20171031,20171031,113.77812075,2.4812739721,113.77812075,,0.0,0.0,-0.023104315,0.0978893217,0.0154885635,-0.327241975,-0.357004669,-0.378543623,1.7702082099,0.191283574,-0.0457786,0.1500032539,0.0312123721,0.3527025786,0.0973295976,0.4280068622,-0.024538331,-0.721930732,-0.358126854,4.4570926577,-0.004145736,-5.4501e-05,-0.0244058,-0.026681554,0.0559742084,-0.082655763,0.0329921724,-0.000142678,0.0331348507,-0.146759206,0.1467047047,0.0030216459,0.3516424048,-0.072424529,0.0208489148,0.022915283,-0.040803166,-0.01305785,-0.081523054,0.2573516349,0.3513167366,-0.142195308,-0.048733078,-5.184986983,0.0979716268,10.423753872,0.6058750564,0.6031140216,0.6638408965,1.1256276753,0.0047645442,0.2730651658,,,0.0,-0.066987065,0.035175824,0.0213163563,5.0388022551,0.3187365237,-0.00753978,-0.005526259,0.0113201417,0.0048249445,0.0124106913,-0.053054531,0.1044638376,-0.49423046,0.009346025,1.0114952842,-0.129155264,1.8810056545,-0.034923798,0.0282023808,-0.079777234,0.0309975625,1.2819973821,0.0393341965,-0.025817795,0.1175912592,1.3892983373,0.3244585565,0.7062369309,0.6210511116,0.9486220046,6.0,-1.878290062,5.873637333,3.7685399524,-0.245817423,-0.275125431,0.026916145,0.9775319382,0.7036155676,0.0646573032,-0.202272618,0.5643254995,-0.009187707,0.0384504333,-0.03687103,,-0.329996451,0.0025038066,0.6284640105,-0.031637022,0.350690355,17.121450632,-0.49683574,-0.323201576,-0.190601887,0.4482444391,0.1815965926,0.00019938,3688722.38690318,1.19087036,0.03137915,1.16842046,0.0003344,0.00021901,0.00687695,0.02192745,0.64040814,-0.47727671,1.79112979,0.022113,0.57640219,0.02351318,0.77443434,0.02137082,0.05035339,0.02291586,0.57273362,0.00685045,0.03593203,1.88361669,0.43630417,0.2554997,1.0811798685,0.553561916,406,-0.177561944,-1.283857431,0.6905186722,0.1997233835
20171228,20171231,242610.0,01W,KOR,-0.079469,2017,12,20171130,20171130,115.24265017,2.5132124388,115.24265017,,0.0,0.0,0.0128718017,-0.007880849,-0.107321028,-0.046308554,-0.472720536,-0.468482425,2.3065459468,0.1023387722,-0.053911961,0.0378059051,0.0458037664,0.3527025786,0.0973295976,0.4280068622,-0.024538331,-0.721930732,-0.358126854,4.4570926577,-0.004145736,-5.4501e-05,-0.0244058,-0.026681554,0.0559742084,-0.082655763,0.0329921724,-0.000142678,0.0331348507,-0.146759206,0.1467047047,0.0030216459,0.3516424048,-0.072424529,0.0208489148,0.022915283,-0.040803166,-0.01305785,-0.081523054,0.2573516349,0.3513167366,-0.142195308,-0.048733078,-5.184986983,0.0979716268,10.423753872,0.6058750564,0.6031140216,0.6638408965,1.1256276753,0.0047645442,0.2730651658,,,0.0,-0.066987065,0.035175824,0.0213163563,5.0388022551,0.3187365237,-0.00753978,-0.005526259,0.0113201417,0.0048249445,0.0124106913,-0.053054531,0.1044638376,-0.49423046,0.009346025,1.0114952842,-0.129155264,1.8810056545,-0.034923798,0.0282023808,-0.079777234,0.0309975625,1.2819973821,0.0393341965,-0.025817795,0.1175912592,1.3892983373,0.3244585565,0.7062369309,0.6210511116,0.9486220046,6.0,-1.878290062,5.873637333,3.7685399524,-0.245817423,-0.275125431,0.026916145,0.9651092434,0.6946738634,0.0638356237,-0.199702092,0.5571539246,-0.009070947,0.0379617966,-0.036402464,,-0.325802782,0.0024719877,0.6184844,-0.031134647,0.3034219779,17.149559733,-0.495513978,-0.382267446,-0.369547259,0.4486641021,0.1592075099,0.00096191,3057974.74701565,1.33914156,0.02644142,1.30943531,0.00043168,0.00024932,0.00756888,0.01457587,0.10835471,0.78035963,0.64725727,0.01086289,0.84655297,0.01457557,-0.2763487,0.02047943,0.03168467,0.01517244,-0.17686996,0.00753173,0.0322664,1.23566814,0.44192019,0.25133471,1.0000959099,0.6041382221,407,-0.082204604,-1.281243135,0.6938068563,0.3315981534
20180131,20180131,242610.0,01W,KOR,0.203972,2018,1,20171228,20171231,106.08441708,2.3134896341,106.08441708,,0.0,-2.22045e-16,-0.079469129,-0.010529908,0.0695053593,0.0237639738,-0.51551509,-0.46416575,2.190983725,-0.272188864,-0.036391985,0.0311052204,0.0455056138,0.3527025786,0.0973295976,0.4280068622,-0.024538331,-0.721930732,-0.358126854,4.4570926577,-0.004145736,-5.4501e-05,-0.0244058,-0.026681554,0.0559742084,-0.082655763,0.0329921724,-0.000142678,0.0331348507,-0.146759206,0.1467047047,0.0030216459,0.3516424048,-0.072424529,0.0208489148,0.022915283,-0.040803166,-0.01305785,-0.081523054,0.2573516349,0.3513167366,-0.142195308,-0.048733078,-5.184986983,0.0979716268,10.423753872,0.6058750564,0.6031140216,0.6638408965,1.1256276753,0.0047645442,0.2730651658,,,0.0,-0.066987065,0.035175824,0.0213163563,5.0388022551,0.3187365237,-0.00753978,-0.005526259,0.0113201417,0.0048249445,0.0124106913,-0.053054531,0.1044638376,-0.49423046,0.009346025,1.0114952842,-0.129155264,1.8810056545,-0.034923798,0.0282023808,-0.079777234,0.0309975625,1.2819973821,0.0393341965,-0.025817795,0.1175912592,1.3892983373,0.3244585565,0.7062369309,0.6210511116,0.9486220046,6.0,-1.878290062,5.873637333,3.7685399524,-0.245817423,-0.275125431,0.026916145,1.0484268093,0.7546448312,0.0693465323,-0.216942308,0.605252841,-0.009854039,0.0412390261,-0.039545077,,-0.35392923,0.0026853936,0.6866703803,-0.034567144,0.2794182184,16.961035271,-0.582434701,-0.423031615,0.2652279616,0.4358555881,0.156486444,0.00012546,4083079.61145774,2.55370442,0.03515162,2.45728324,0.00029298,0.00028557,0.00810932,0.02116141,-0.52223025,0.27986298,-0.77488581,0.02029526,0.28087718,0.02025871,0.84128553,0.01963068,0.03008515,0.02126692,-0.66021416,0.0071331,0.02942039,0.88434266,0.42349147,0.24776309,0.8890746064,0.6313077688,408,0.0213529284,-1.284156526,0.6947914405,0.4770175911
20180228,20180228,242610.0,01W,KOR,0.000537,2018,2,20180131,20180131,127.72269323,2.7853772964,127.72269323,,0.0,1.665335e-16,0.2039722398,-0.067620239,-9.433886e-07,-0.075054666,-0.387226584,-0.377587088,1.436084699,-0.310873119,0.0104121388,-0.050974788,0.0478416227,-0.002540082,-0.004363968,-0.00109285,0.2774803562,-0.752132595,-0.301602744,3.0319835383,0.0508840395,-0.003530213,-0.0244058,0.0933892387,0.0726602744,0.0207289643,0.0079923201,0.0001122339,0.0078800862,-0.039231935,0.0357017215,0.0016570597,-0.036055365,-0.075121824,0.0197457827,-0.077869929,-0.040852252,-0.01513629,-0.070156145,0.2573516349,0.3513167366,-0.032397066,0.0510850437,4.7548470536,0.0867867652,8.0778592927,0.5517500078,0.6047951024,0.5772751864,0.9338983245,0.0047645442,0.1570341066,,,0.0,0.0285363812,0.0462966545,0.0039254483,2.112138926,0.0098531714,-0.014015698,-0.010088328,0.0097125768,0.0017281443,0.0124106913,-0.331873637,-0.527788959,-0.511994542,0.007608275,0.1119913898,-0.314289674,0.9801076402,-0.02671685,0.0196956268,-0.038877423,-0.077672133,1.2819973821,-0.061828826,-0.026784886,-0.058434546,1.4088418226,0.3809888076,0.6459066378,0.6210511116,0.6686471551,2.0,-1.782704166,2.9085715514,3.7685399524,-0.245817423,-0.275125431,0.026916145,0.8714526089,0.618559582,0.0576493894,-0.079198392,0.5037085113,-0.009362697,-0.053880892,-0.109588047,,-0.293967932,0.0022304448,0.5857517897,-0.025349389,0.3699339009,17.012465341,-0.518804416,-0.320155142,0.1356729857,0.4395159097,0.1483452393,0.00012827,5645398.18233047,2.33999747,0.04704373,2.2470736,0.0001981,0.00025,0.01136334,0.02928365,0.51464132,0.01584771,4.07075227,0.02760263,0.60937592,0.02833687,0.63276136,0.0514636,0.07295075,0.0295704,0.56529771,0.00627662,0.02881193,0.68349436,0.73707376,0.24957893,0.8794047114,1.6852927633,409,-0.448777281,-1.691154457,0.7075612601,0.1519759472
20180330,20180331,242610.0,01W,KOR,0.142046,2018,3,20180228,20180228,127.79127005,2.78687282,127.79127005,,0.0,2.081668e-16,0.0005369196,0.1082936139,0.1137126292,0.0020851258,0.0705752497,-0.110796558,0.7166413846,-0.0564552,0.0155932406,0.0514656911,0.0319649283,-0.002540082,-0.004363968,-0.00109285,0.2774803562,-0.752132595,-0.301602744,3.0319835383,0.0508840395,-0.003530213,-0.0244058,0.0933892387,0.0726602744,0.0207289643,0.0079923201,0.0001122339,0.0078800862,-0.039231935,0.0357017215,0.0016570597,-0.036055365,-0.075121824,0.0197457827,-0.077869929,-0.040852252,-0.01513629,-0.070156145,0.2573516349,0.3513167366,-0.032397066,0.0510850437,4.7548470536,0.0867867652,8.0778592927,0.5517500078,0.6047951024,0.5772751864,0.9338983245,0.0047645442,0.1570341066,,,0.0,0.0285363812,0.0462966545,0.0039254483,2.112138926,0.0098531714,-0.014015698,-0.010088328,0.0097125768,0.0017281443,0.0124106913,-0.331873637,-0.527788959,-0.511994542,0.007608275,0.1119913898,-0.314289674,0.9801076402,-0.02671685,0.0196956268,-0.038877423,-0.077672133,1.2819973821,-0.061828826,-0.026784886,-0.058434546,1.4088418226,0.3809888076,0.6459066378,0.6210511116,0.6686471551,2.0,-1.782704166,2.9085715514,3.7685399524,-0.245817423,-0.275125431,0.026916145,0.87098496,0.6182276435,0.057618453,-0.079155892,0.5034382054,-0.009357673,-0.053851978,-0.109529239,,-0.29381018,0.0022292478,0.5854104368,-0.025334617,0.5045723239,17.013710792,-0.462693146,0.0798907704,0.3374569992,0.4420916508,0.24260686,9.078e-05,7418727.22647332,2.1527176,0.05948354,2.07204079,0.00015077,0.00021624,0.01399396,0.02952316,0.20395671,-0.20100322,0.28652689,0.02782942,0.26263422,0.02841828,-0.20383564,0.03803018,0.07097198,0.03257884,0.15687498,0.00543166,0.02440774,0.66585299,0.893942,0.24872194,0.6799360936,1.4305320618,410,-0.342639526,-1.691127238,0.7098704057,0.3145727511
20180430,20180430,242610.0,01W,KOR,0.33947,2018,4,20180330,20180331,145.94350937,3.1827369692,145.94350937,,0.0,4.996004e-16,0.1420460045,0.204618676,0.0972121832,0.1859623845,0.13524028,0.0187826237,0.6035604627,0.0188778809,0.0267903427,0.1176747017,0.0244337113,-0.002540082,-0.004363968,-0.00109285,0.2774803562,-0.752132595,-0.301602744,3.0319835383,0.0508840395,-0.003530213,-0.0244058,0.0933892387,0.0726602744,0.0207289643,0.0079923201,0.0001122339,0.0078800862,-0.039231935,0.0357017215,0.0016570597,-0.036055365,-0.075121824,0.0197457827,-0.077869929,-0.040852252,-0.01513629,-0.070156145,0.2573516349,0.3513167366,-0.032397066,0.0510850437,4.7548470536,0.0867867652,8.0778592927,0.5517500078,0.6047951024,0.5772751864,0.9338983245,0.0047645442,0.1570341066,,,0.0,0.0285363812,0.0462966545,0.0039254483,2.112138926,0.0098531714,-0.014015698,-0.010088328,0.0097125768,0.0017281443,0.0124106913,-0.331873637,-0.527788959,-0.511994542,0.007608275,0.1119913898,-0.314289674,0.9801076402,-0.02671685,0.0196956268,-0.038877423,-0.077672133,1.2819973821,-0.061828826,-0.026784886,-0.058434546,1.4088418226,0.3809888076,0.6459066378,0.6210511116,0.6686471551,2.0,-1.782704166,2.9085715514,3.7685399524,-0.245817423,-0.275125431,0.026916145,0.7626531301,0.5413333973,0.0504519544,-0.069310598,0.4408213009,-0.00819378,-0.047153948,-0.095906153,,-0.257266501,0.0019519773,0.5071754315,-0.021948866,0.5286510761,17.302222036,-0.447523148,0.058792672,0.1332164653,0.4483205285,0.2873459406,0.00013631,8251124.2567266,1.98270427,0.06409089,1.95247,0.00014279,0.00018942,0.00855863,0.03249956,0.15925719,-0.35103598,1.18364481,0.03417945,0.0998694,0.03396794,0.20051421,0.0469907,0.09194178,0.03721505,-0.44526521,0.00501027,0.02545049,0.73721192,0.95502592,0.25338894,0.6981423896,1.6964080317,411,-0.364900683,-1.691154457,0.7118017812,0.278153415
20180531,20180531,242610.0,01W,KOR,-0.028362,2018,5,20180430,20180430,195.48694914,4.2631806149,195.48694914,,0.0,2.220446e-16,0.339469977,0.1426591914,0.2827027587,0.3757286481,0.2724749946,0.0154885635,0.4306218293,0.1112913234,0.0475338567,0.0149328879,0.0309746588,0.0823890303,0.1882127945,-0.046009425,0.839122097,-0.535332863,-0.134085602,2.9404453285,0.0932116648,0.0082708863,0.0079679219,0.1744722479,0.0376497068,0.1368225411,0.0587788395,0.0013634721,0.0574153675,0.028954591,-0.012715783,0.0105221372,0.0080756353,-0.084043201,0.0151157796,-0.067849412,-0.05276449,-0.111890185,-0.072729367,,,0.0177406179,0.0403979612,0.5303598687,0.0276821784,0.3634222139,0.6939741103,0.6478895779,0.6384565506,0.8653807297,0.0102262318,0.0794756456,,,0.0,0.2102409815,0.206536197,0.0317287303,0.907423896,0.1752796479,-0.072079608,-0.051162314,-0.09306883,-0.066777534,0.0134860469,-0.52852284,0.0188530028,-0.815626512,-0.083684965,0.7113472175,-3.443298094,0.4723475401,-0.029713149,0.016361154,-0.053397928,-0.073439459,,-0.11656881,-0.027451451,-0.078702028,1.4689370986,0.3826988105,0.5882435054,0.6559540662,0.7073262348,2.0,-1.213166554,2.5559572506,,0.6082316558,-0.414939784,0.0349063876,0.5917452745,0.4028390835,0.0634309873,0.0164016496,0.3634248628,-0.04507374,-0.068979042,-0.102624654,,,0.0037164669,0.4131826282,-0.019638627,0.5258721027,18.89290082,-0.406104503,0.0938178404,0.2840052486,0.4288641335,0.2744622723,5.489e-05,11311631.0117852,1.95647663,0.07937732,1.85665272,0.00010925,0.00015317,0.01986062,0.04547746,1.78577121,-0.22316406,-2.11880838,0.04464422,1.90044833,0.03832739,0.89464079,0.074906,0.15748105,0.04559293,1.57299203,0.00491283,0.02646391,0.6939701,1.0,0.24032559,0.6667518861,2.6918737914,412,-1.421728422,-1.702234681,-1.530613531,0.0784568739
20180629,20180630,242610.0,01W,KOR,-0.248026,2018,6,20180531,20180531,189.94246168,4.1422663974,189.94246168,,0.0,1.665335e-16,-0.028362443,0.5297363354,0.6963073034,0.7046014188,0.5337490862,-0.107321028,0.6451240844,-0.154591092,0.0590091884,-0.061379098,0.0412052388,0.0823890303,0.1882127945,-0.046009425,0.839122097,-0.535332863,-0.134085602,2.9404453285,0.0932116648,0.0082708863,0.0079679219,0.1744722479,0.0376497068,0.1368225411,0.0587788395,0.0013634721,0.0574153675,0.028954591,-0.012715783,0.0105221372,0.0080756353,-0.084043201,0.0151157796,-0.067849412,-0.05276449,-0.111890185,-0.072729367,,,0.0177406179,0.0403979612,0.5303598687,0.0276821784,0.3634222139,0.6939741103,0.6478895779,0.6384565506,0.8653807297,0.0102262318,0.0794756456,,,0.0,0.2102409815,0.206536197,0.0317287303,0.907423896,0.1752796479,-0.072079608,-0.051162314,-0.09306883,-0.066777534,0.0134860469,-0.52852284,0.0188530028,-0.815626512,-0.083684965,0.7113472175,-3.443298094,0.4723475401,-0.029713149,0.016361154,-0.053397928,-0.073439459,,-0.11656881,-0.027451451,-0.078702028,1.4689370986,0.3826988105,0.5882435054,0.6559540662,0.7073262348,2.0,-1.213166554,2.5559572506,,0.6082316558,-0.414939784,0.0349063876,0.6090185278,0.4145980984,0.0652825602,0.0168804195,0.3740333628,-0.046389458,-0.070992565,-0.105620304,,,0.0038249519,0.4250433608,-0.02020237,0.4829854579,18.88004444,-0.38120665,0.1683875436,0.6108720037,0.4279629529,0.3110014158,5.691e-05,16505715.4056862,1.49823482,0.10251044,1.48674959,8.066e-05,0.00013075,0.02017329,0.10523373,1.50407092,0.15576316,-0.86981867,0.08885865,1.49308304,0.0766109,1.16832868,0.13688633,0.2877015,0.10610881,1.36827968,0.00379998,0.03886115,0.72283859,0.75455186,0.23099747,0.9119764524,3.4397019286,413,-1.480611671,-1.702216006,-1.530432464,-0.186351145
20180731,20180731,242610.0,01W,KOR,-0.089599,2018,7,20180629,20180630,142.83172058,3.1148750597,142.83172058,,0.0,0.0,-0.24802638,0.301479336,0.7904840966,0.6308405338,0.7627543313,0.0695053593,0.6478225204,-0.015486372,0.0378691877,0.0127391847,0.0344986772,0.0823890303,0.1882127945,-0.046009425,0.839122097,-0.535332863,-0.134085602,2.9404453285,0.0932116648,0.0082708863,0.0079679219,0.1744722479,0.0376497068,0.1368225411,0.0587788395,0.0013634721,0.0574153675,0.028954591,-0.012715783,0.0105221372,0.0080756353,-0.084043201,0.0151157796,-0.067849412,-0.05276449,-0.111890185,-0.072729367,,,0.0177406179,0.0403979612,0.5303598687,0.0276821784,0.3634222139,0.6939741103,0.6478895779,0.6384565506,0.8653807297,0.0102262318,0.0794756456,,,0.0,0.2102409815,0.206536197,0.0317287303,0.907423896,0.1752796479,-0.072079608,-0.051162314,-0.09306883,-0.066777534,0.0134860469,-0.52852284,0.0188530028,-0.815626512,-0.083684965,0.7113472175,-3.443298094,0.4723475401,-0.029713149,0.016361154,-0.053397928,-0.073439459,,-0.11656881,-0.027451451,-0.078702028,1.4689370986,0.3826988105,0.5882435054,0.6559540662,0.7073262348,2.0,-1.213166554,2.5559572506,,0.6082316558,-0.414939784,0.0349063876,0.809893474,0.5513465994,0.0868149605,0.0224481538,0.4974022394,-0.061690273,-0.094408318,-0.140457459,,,0.0050865506,0.5621590686,-0.026719498,0.5525457252,18.730534404,-0.337726724,0.2576797754,0.5482869282,0.4202334352,0.3239762906,0.0002555,16216430.5291487,1.4205257,0.09752599,1.36444341,8.321e-05,0.00012344,0.02148845,0.03871367,-0.84476273,0.10238241,1.4687303,0.03641472,-0.15201044,0.03615704,-1.01724359,0.04226167,0.05748712,0.04940668,-0.90357307,0.00398674,0.04062538,1.07424104,0.56740309,0.23475641,0.9317016266,1.0043039337,414,-1.501787333,-1.704368475,-1.533009523,-0.270445459
20180831,20180831,242610.0,01W,KOR,-0.030464,2018,8,20180731,20180731,130.03417396,2.8357860825,130.03417396,,0.0,1.94289e-16,-0.089598771,-0.269354189,0.1182955587,0.255353135,0.3463955383,-9.433886e-07,0.5092736643,0.0810428762,0.0223563106,0.1160428918,0.0230534143,0.0927230551,0.3370926125,-0.190075582,0.8990208077,-0.552911597,0.0387743801,2.9059907683,0.1317508881,0.0038376309,0.0079679219,0.187147454,0.0696342333,0.1175132207,0.0261075765,0.0019926985,0.024114878,0.0357944222,-0.031956791,0.0119771096,-0.022560811,-0.055138954,0.0242334805,-0.066311615,-0.031742695,-0.08462682,-0.057092949,,,0.0277212854,0.0478898824,0.873035965,0.0159330911,0.2904613846,0.6172163689,0.6699739608,0.6804207941,1.0354376549,0.0102262318,0.1192962634,,,0.0,0.1547602887,0.2072630817,0.0183339348,0.267535938,1.0843732199,0.0086047311,0.0058577941,0.0239330803,0.017018532,0.0134860469,-0.718320692,0.0129547784,-0.711366725,0.2045045813,2.6091490618,1.1394822616,0.0441216899,-0.020129852,0.0264804829,-0.030675027,-0.07246023,,-0.102744304,-0.018421733,-0.115823676,1.5427529516,0.3840566841,0.6246326592,0.4228511659,0.7285390601,2.0,-1.354211663,2.7607590679,,0.6082316558,-0.414939784,0.0349063876,0.9480614683,0.6145257848,0.0951449084,-0.017955282,0.6177115622,-0.052005363,-0.097407915,-0.142903828,,,0.0055871526,0.6074779405,-0.017784256,0.6034166122,18.669183383,-0.329110794,0.0875616877,0.0579611253,0.3963832006,0.4178867827,0.00052358,14815296.2148076,1.49759681,0.08649705,1.41394139,9.096e-05,0.00012244,0.01805818,0.02657719,-0.65326482,-0.27595425,2.90211576,0.01867457,-0.22602186,0.02315593,-0.3658531,0.04374713,0.0557901,0.04251063,-1.00341108,0.00530165,0.04161313,1.43748294,0.51656447,0.2377587,0.957855791,1.0020559403,415,-1.50367453,-1.69750857,-1.528788092,-0.270359944
20180928,20180930,242610.0,01W,KOR,0.041999,2018,9,20180831,20180831,126.07278717,2.7493961345,126.07278717,,0.0,0.0,-0.030464198,-0.315402292,0.0175513077,0.1283511249,0.1338682116,0.1137126292,0.3249621482,0.0155835128,0.0181701551,-0.075657876,0.0370630151,0.0927230551,0.3370926125,-0.190075582,0.8990208077,-0.552911597,0.0387743801,2.9059907683,0.1317508881,0.0038376309,0.0079679219,0.187147454,0.0696342333,0.1175132207,0.0261075765,0.0019926985,0.024114878,0.0357944222,-0.031956791,0.0119771096,-0.022560811,-0.055138954,0.0242334805,-0.066311615,-0.031742695,-0.08462682,-0.057092949,,,0.0277212854,0.0478898824,0.873035965,0.0159330911,0.2904613846,0.6172163689,0.6699739608,0.6804207941,1.0354376549,0.0102262318,0.1192962634,,,0.0,0.1547602887,0.2072630817,0.0183339348,0.267535938,1.0843732199,0.0086047311,0.0058577941,0.0239330803,0.017018532,0.0134860469,-0.718320692,0.0129547784,-0.711366725,0.2045045813,2.6091490618,1.1394822616,0.0441216899,-0.020129852,0.0264804829,-0.030675027,-0.07246023,,-0.102744304,-0.018421733,-0.115823676,1.5427529516,0.3840566841,0.6246326592,0.4228511659,0.7285390601,2.0,-1.354211663,2.7607590679,,0.6082316558,-0.414939784,0.0349063876,0.9778509118,0.6338350614,0.0981344972,-0.018519463,0.6371209405,-0.053639446,-0.100468611,-0.14739407,,,0.0057627089,0.6269259301,-0.018353607,0.5675918335,18.648314844,-0.350466655,-0.022512761,-0.061277213,0.3875853908,0.3930517361,0.00057113,12698998.4856841,1.63902484,0.07162939,1.5083683,0.00010957,0.00012099,0.00880004,0.0200049,-0.43180776,-0.15788853,0.09071348,0.01619977,-0.23529588,0.01646944,-0.11506398,0.02284184,0.03649106,0.02079116,-0.59076579,0.00602523,0.04133413,1.36457785,0.50082775,0.24523266,0.9667189945,0.528686446,416,-1.509549656,-1.697552252,-1.531563922,-0.273457568
20181031,20181031,242610.0,01W,KOR,-0.340872,2018,10,20180928,20180930,131.36770943,2.8648678324,131.36770943,,0.0,0.0,0.0419989308,-0.117333414,-0.136153518,0.1884194742,0.0824573384,0.0972121832,0.4883833628,-0.023104315,0.024088632,0.1495813724,0.0191210114,0.0927230551,0.3370926125,-0.190075582,0.8990208077,-0.552911597,0.0387743801,2.9059907683,0.1317508881,0.0038376309,0.0079679219,0.187147454,0.0696342333,0.1175132207,0.0261075765,0.0019926985,0.024114878,0.0357944222,-0.031956791,0.0119771096,-0.022560811,-0.055138954,0.0242334805,-0.066311615,-0.031742695,-0.08462682,-0.057092949,,,0.0277212854,0.0478898824,0.873035965,0.0159330911,0.2904613846,0.6172163689,0.6699739608,0.6804207941,1.0354376549,0.0102262318,0.1192962634,,,0.0,0.1547602887,0.2072630817,0.0183339348,0.267535938,1.0843732199,0.0086047311,0.0058577941,0.0239330803,0.017018532,0.0134860469,-0.718320692,0.0129547784,-0.711366725,0.2045045813,2.6091490618,1.1394822616,0.0441216899,-0.020129852,0.0264804829,-0.030675027,-0.07246023,,-0.102744304,-0.018421733,-0.115823676,1.5427529516,0.3840566841,0.6246326592,0.4228511659,0.7285390601,2.0,-1.354211663,2.7607590679,,0.6082316558,-0.414939784,0.0349063876,0.9384375386,0.6082876313,0.0941790766,-0.017773015,0.6114410694,-0.051477448,-0.096419111,-0.141453187,,,0.0055304365,0.6011997484,-0.017600459,0.5606724264,18.675925279,-0.285050813,-0.094185327,-0.203808976,0.3858164483,0.351119548,0.00042403,11861944.7823804,1.775867,0.06522386,1.65924146,0.00012232,0.00012516,0.01381613,0.02460042,0.27985389,0.1161734,-1.16644367,0.02504152,0.14637197,0.02417198,0.46648758,0.03437357,0.04815053,0.02521308,0.27429454,0.00686847,0.04174682,1.48913709,0.52186198,0.2471783,0.986179538,0.7877500389,417,-1.507017652,-1.697769019,-1.52583577,-0.276434771
20181130,20181130,242610.0,01W,KOR,0.181647,2018,11,20181031,20181031,86.588126586,1.8883144085,86.588126586,,0.0,3.330669e-16,-0.340872068,0.0102552693,-0.327997547,0.0285385165,0.1545955282,0.2827027587,0.5808352979,0.0128718017,-0.008069902,0.1983112425,0.0159894722,0.0082528529,0.4351772101,-0.630636726,0.811779799,-0.505455753,0.3454857832,1.230511773,0.1326892186,0.0054790492,0.0079679219,0.2515116694,-0.020037872,0.2715495411,-0.005567443,0.0019379543,-0.007505397,0.049521945,-0.044042896,0.0079838175,-0.023208206,-0.033647504,0.0406491967,-0.230561325,-0.014550139,-0.066174022,-0.035529195,,,0.0425725935,0.2231270996,4.8818331232,0.1790842038,3.9182116357,0.7141229443,0.8291749084,0.825117601,1.0559236293,0.0102262318,0.0275920706,,,0.0,0.2662232612,0.1590853053,7.71195e-05,-0.47254671,0.6913307749,0.0126843178,0.0082218723,0.0202240979,0.0137481313,0.0134860469,-0.28749598,-0.277148442,-0.564617983,0.4134916448,1.6561191757,0.9441100396,-0.598637932,-0.007495579,0.0409846686,-0.014077125,-0.232464114,,-0.268832697,-0.007434225,-0.308166894,1.4478318973,0.3850928378,0.6033702287,0.2112471915,0.6472754302,4.0,-1.280294165,2.5559572506,,0.6082316558,-0.414939784,0.0349063876,1.2950926189,0.8945048257,0.1490961893,0.1133619024,1.0642302934,-0.059192982,-0.348163242,-0.384720437,,,0.0083905358,0.9052462869,-0.008647692,0.4966828439,18.419674292,0.2783968224,-0.039818433,-1.181190821,0.398997481,0.3933152068,0.00114231,7904110.14491607,1.83894886,0.04305602,1.50589818,0.00020956,0.00013516,0.00572673,0.02886006,-0.93090948,0.1122669,3.03950288,0.01458829,-1.18176676,0.01467358,-1.66570902,0.03585551,0.06493496,0.04539302,-0.35906594,0.01152393,0.0419923,1.81714262,0.34397381,0.27528952,1.0456627097,0.7950160817,418,-1.543286653,-1.708681521,-1.533808946,-0.391973706
20181228,20181231,242610.0,01W,KOR,0.006598,2018,12,20181130,20181130,102.31659088,2.2313208566,102.31659088,,0.0,2.498002e-16,0.1816468945,-0.3131894,-0.544134967,-0.322425338,-0.248645129,0.6963073034,0.5775120673,-0.079469129,0.0156679188,0.027825541,0.0314396782,0.0082528529,0.4351772101,-0.630636726,0.811779799,-0.505455753,0.3454857832,1.230511773,0.1326892186,0.0054790492,0.0079679219,0.2515116694,-0.020037872,0.2715495411,-0.005567443,0.0019379543,-0.007505397,0.049521945,-0.044042896,0.0079838175,-0.023208206,-0.033647504,0.0406491967,-0.230561325,-0.014550139,-0.066174022,-0.035529195,,,0.0425725935,0.2231270996,4.8818331232,0.1790842038,3.9182116357,0.7141229443,0.8291749084,0.825117601,1.0559236293,0.0102262318,0.0275920706,,,0.0,0.2662232612,0.1590853053,7.71195e-05,-0.47254671,0.6913307749,0.0126843178,0.0082218723,0.0202240979,0.0137481313,0.0134860469,-0.28749598,-0.277148442,-0.564617983,0.4134916448,1.6561191757,0.9441100396,-0.598637932,-0.007495579,0.0409846686,-0.014077125,-0.232464114,,-0.268832697,-0.007434225,-0.308166894,1.4478318973,0.3850928378,0.6033702287,0.2112471915,0.6472754302,4.0,-1.280294165,2.5559572506,,0.6082316558,-0.414939784,0.0349063876,1.0960064508,0.7569984146,0.1261766015,0.0959355142,0.9006330896,-0.05009363,-0.29464237,-0.325579866,,,0.0071007133,0.778270179,-0.007434707,0.4917145024,18.560125156,0.3345819397,-0.068679403,-1.231714549,0.3964336486,0.345744419,0.00067209,2897348.43002122,1.01183642,0.02168435,0.86446808,0.00050537,0.00013547,0.01285297,0.02458967,1.64622262,-0.06858666,2.77535861,0.02119878,1.50342771,0.0212745,1.29089127,0.05503666,0.09096636,0.03145434,1.14849435,0.01583975,0.04231542,1.85651029,0.40645558,0.28709514,1.0786537721,1.1995134056,419,-1.551943076,-1.708533941,-1.539248245,-0.446127403
20190131,20190131,242610.0,01W,KOR,0.126423,2019,1,20181228,20181231,102.99168204,2.2460432489,102.99168204,,0.0,1.144917e-16,0.0065980615,-0.221143527,-0.283656386,-0.298930173,-0.035517245,0.7904840966,0.4353754227,0.2039722398,-0.002275188,-0.025278689,0.0341956385,0.0082528529,0.4351772101,-0.630636726,0.811779799,-0.505455753,0.3454857832,1.230511773,0.1326892186,0.0054790492,0.0079679219,0.2515116694,-0.020037872,0.2715495411,-0.005567443,0.0019379543,-0.007505397,0.049521945,-0.044042896,0.0079838175,-0.023208206,-0.033647504,0.0406491967,-0.230561325,-0.014550139,-0.066174022,-0.035529195,,,0.0425725935,0.2231270996,4.8818331232,0.1790842038,3.9182116357,0.7141229443,0.8291749084,0.825117601,1.0559236293,0.0102262318,0.0275920706,,,0.0,0.2662232612,0.1590853053,7.71195e-05,-0.47254671,0.6913307749,0.0126843178,0.0082218723,0.0202240979,0.0137481313,0.0134860469,-0.28749598,-0.277148442,-0.564617983,0.4134916448,1.6561191757,0.9441100396,-0.598637932,-0.007495579,0.0409846686,-0.014077125,-0.232464114,,-0.268832697,-0.007434225,-0.308166894,1.4478318973,0.3850928378,0.6033702287,0.2112471915,0.6472754302,4.0,-1.280294165,2.5559572506,,0.6082316558,-0.414939784,0.0349063876,1.0888223341,0.7520364319,0.1253495376,0.0953066749,0.8947296086,-0.049765275,-0.292711045,-0.323445751,,,0.0070541694,0.7736126569,-0.007390214,0.5245249396,18.565193391,0.3355485548,0.0613260592,-0.50558308,0.3891980501,0.400180496,0.00021336,2656050.36470485,1.34520147,0.02247013,1.34502599,0.00048493,0.00014095,0.01007666,0.03668988,0.99390626,0.07781485,0.01443357,0.03788455,1.36620211,0.0347201,2.36770094,0.04525796,0.09174219,0.04054306,0.15090696,0.01700877,0.0428993,1.88597442,0.4091374,0.28569672,1.0683671776,0.9667431746,420,-1.545936685,-1.708666846,-1.539600879,-0.463270345
20190228,20190228,242610.0,01W,KOR,-0.010972,2019,2,20190131,20190131,116.01220362,2.5299948652,116.01220362,,0.0,2.498002e-16,0.1264230404,0.1894434734,-0.2079645,-0.473153157,-0.193630518,0.1182955587,0.6668960625,0.0005369196,0.0091690044,-0.123177947,0.0468961082,0.0927864244,0.5481247133,-0.66941357,0.3621309415,-0.20980349,0.6628269099,0.0288308984,0.077630773,0.0050717612,0.0079679219,0.1119092251,0.0050480659,0.1068611592,-0.023783851,0.0008181147,-0.024601966,0.0860918495,-0.081020088,0.0092711167,-0.007025015,-0.024549348,0.0427273357,-0.121343529,-0.008795172,-0.044282523,-0.030750355,,,0.0274810532,0.120255187,4.2266050014,0.0392350986,1.3789946882,0.6430467968,0.8199417615,0.8551583578,1.252593531,0.0102262318,0.135411608,,,0.0,0.0898917298,0.101026199,-0.006766417,-0.669774851,0.5717695082,0.0070068504,0.0048395469,0.0210225483,0.0149278754,0.0134860469,0.0166510633,0.1866579582,-0.446556384,0.4775460537,0.5762809991,0.7925848848,-0.726447705,-0.001189325,0.0466918524,-0.008700048,-0.132602561,,-0.148707145,-0.001088342,-0.086878318,1.5563963526,0.3682118435,0.650197182,0.3551948552,0.7412673826,4.0,-1.366381784,2.8272001002,,0.6082316558,-0.414939784,0.0349063876,1.0484396992,0.6736328426,0.1537307399,0.0117598343,0.8585184333,-0.029830162,-0.155910474,-0.176185452,,,0.0062624513,0.6774262564,-0.001127798,0.5155902224,18.690348777,0.3857177479,-0.00507649,-0.35609552,0.3908792893,0.3748183302,0.00076037,2539796.56589073,1.40502592,0.02186091,1.38201122,0.00050572,0.0001603,0.01243843,0.01740473,0.17320657,0.57305718,-0.03445959,0.01778062,0.56714984,0.01695244,0.51097081,0.0311657,0.03851762,0.01871198,0.16623956,0.01641487,0.04232437,1.90043485,0.46086179,0.28672113,1.0481736824,0.6733210881,421,-1.522804591,-1.697769019,-1.525987046,-0.409829743
20190329,20190331,242610.0,01W,KOR,-0.063476,2019,3,20190228,20190228,114.73937206,2.5022369466,114.73937206,,0.0,0.0,,0.1338552489,-0.079799803,-0.389224492,-0.092174265,0.0175513077,0.6618356098,0.1420460045,,0.0348313143,0.032462386,0.0927864244,0.5481247133,-0.66941357,0.3621309415,-0.20980349,0.6628269099,0.0288308984,0.077630773,0.0050717612,0.0079679219,0.1119092251,0.0050480659,0.1068611592,-0.023783851,0.0008181147,-0.024601966,0.0860918495,-0.081020088,0.0092711167,-0.007025015,-0.024549348,0.0427273357,-0.121343529,-0.008795172,-0.044282523,-0.030750355,,,0.0274810532,0.120255187,4.2266050014,0.0392350986,1.3789946882,0.6430467968,0.8199417615,0.8551583578,1.252593531,0.0102262318,0.135411608,,,0.0,0.0898917298,0.101026199,-0.006766417,-0.669774851,0.5717695082,0.0070068504,0.0048395469,0.0210225483,0.0149278754,0.0134860469,0.0166510633,0.1866579582,-0.446556384,0.4775460537,0.5762809991,0.7925848848,-0.726447705,-0.001189325,0.0466918524,-0.008700048,-0.132602561,,-0.148707145,-0.001088342,-0.086878318,1.5563963526,0.3682118435,0.650197182,0.3551948552,0.7412673826,4.0,-1.366381784,2.8272001002,,0.6082316558,-0.414939784,0.0349063876,1.060070294,0.6811056144,0.1554361121,0.011890289,0.8680421856,-0.030161075,-0.157640027,-0.17813992,,,0.0063319222,0.6848528056,-0.001140162,0.5153693641,18.683215994,0.3921690737,0.0028854525,-0.015772037,0.3776366832,0.3751706948,0.0003275,2920058.65768843,1.42386399,0.02511717,1.37558439,0.00045093,0.00017689,0.00967423,0.03131242,0.18061708,-1.08588998,-3.14874754,0.01992747,-0.339542,0.0257719,0.61699492,0.03627318,0.05198095,0.03816847,-1.87498601,0.01630261,0.04235897,2.23523677,0.45580543,0.28452083,1.0981064242,0.7781224182,422,-1.531984356,-1.697704275,-1.528796043,-0.430632904
20190430,20190430,242610.0,01W,KOR,-0.089091,2019,4,20190329,20190331,107.45621595,2.3434058325,107.45621595,,0.0,0.0,,,,,,-0.136153518,0.8330106837,0.339469977,,0.08688331,0.0301542403,0.0927864244,0.5481247133,-0.66941357,0.3621309415,-0.20980349,0.6628269099,0.0288308984,0.077630773,0.0050717612,0.0079679219,0.1119092251,0.0050480659,0.1068611592,-0.023783851,0.0008181147,-0.024601966,0.0860918495,-0.081020088,0.0092711167,-0.007025015,-0.024549348,0.0427273357,-0.121343529,-0.008795172,-0.044282523,-0.030750355,,,0.0274810532,0.120255187,4.2266050014,0.0392350986,1.3789946882,0.6430467968,0.8199417615,0.8551583578,1.252593531,0.0102262318,0.135411608,,,0.0,0.0898917298,0.101026199,-0.006766417,-0.669774851,0.5717695082,0.0070068504,0.0048395469,0.0210225483,0.0149278754,0.0134860469,0.0166510633,0.1866579582,-0.446556384,0.4775460537,0.5762809991,0.7925848848,-0.726447705,-0.001189325,0.0466918524,-0.008700048,-0.132602561,,-0.148707145,-0.001088342,-0.086878318,1.5563963526,0.3682118435,0.650197182,0.3551948552,0.7412673826,4.0,-1.366381784,2.8272001002,,0.6082316558,-0.414939784,0.0349063876,1.1319196269,0.7272695191,0.1659712446,0.0126961878,0.9268762576,-0.032205329,-0.168324536,-0.190213869,,,0.0067610865,0.7306887454,-0.001216471,0.462884431,18.63915241,0.4119767949,-0.048264139,-0.037753295,0.3768734805,0.2944608478,0.00056422,3009224.27611932,1.54058818,0.02654501,1.46582003,0.00047327,0.00019972,0.00896674,0.03024892,2.48752781,0.29124385,2.77637075,0.03114528,2.15005836,0.03187983,2.09619418,0.03795079,0.09891827,0.0315891,2.0321879,0.0167056,0.04224571,2.27049361,0.42687289,0.28965835,1.153772539,0.8199045116,423,-1.540491443,-1.697552252,-1.527667373,-0.441761597
20190531,20190531,242610.0,01W,KOR,-0.15359,2019,5,20190430,20190430,97.882851979,2.1346298508,97.882851979,,0.0,0.0,-0.089090835,-0.073750756,0.241004052,-0.173630957,-0.450315142,-0.327997547,1.5350008084,-0.028362443,,0.0511572823,0.0418321704,-0.034930258,0.3369308153,-0.806212465,0.188015138,-0.07087729,0.4594024526,-0.630365025,0.0398006155,0.0018038134,-0.007760767,-0.055067957,-0.011161502,-0.043906454,-0.030914718,-0.000795697,-0.030119022,0.0516543429,-0.057611297,-0.004910316,-0.074564513,-0.012449147,0.0741732042,-0.035848223,0.0052034885,-0.076068765,-0.015971661,,,0.114847139,0.0470342946,0.9801424352,-0.010577002,-0.220412968,0.5697106072,0.8399275969,0.8356815184,1.2829522861,0.0003627095,0.1303365489,,,1.0,-0.071439747,0.0312528279,-0.013348845,-0.815128518,-0.127531237,-0.096705667,-0.062134344,-0.024626059,-0.01097203,0.0095531284,-0.087218145,0.5424519431,1.7366969931,0.1178172887,-1.374028338,-0.477035725,-0.845678604,0.0107953395,0.071582315,0.0046534556,-0.034596035,,-0.095021498,0.0111860719,0.0215473114,1.5851885433,0.3694384456,0.6644610404,0.6503027628,0.6471056436,5.0,-1.51644657,2.4141434104,,0.5908601367,-0.128288684,0.0370326982,1.1405245861,0.7194882848,0.1855943812,0.0369423427,0.9703641046,-0.054730586,-0.108374355,-0.121395987,,,0.0003519603,0.7294064662,0.0119640497,0.3220789913,18.360921363,0.4236840434,-0.236641194,0.6346255966,0.4294956645,0.165190237,0.00218937,2918202.08275299,1.59284082,0.0256554,1.52184223,0.0005402,0.00031209,0.00715314,0.00960755,0.08046726,0.20074313,1.33376118,0.00993467,-0.15944357,0.00970428,-0.00410126,0.01360202,0.02513131,0.01274225,0.31133053,0.01405804,0.03991715,2.1131838,0.38884243,0.29105907,1.1094849613,0.3076692989,424,-1.285615747,-1.688394579,-0.664872217,-0.466304142
20190628,20190630,242610.0,01W,KOR,0.071432,2019,6,20190531,20190531,82.848990326,1.8067713015,82.848990326,,0.0,3.330669e-16,-0.153590352,,-0.043333528,-0.223600476,-0.484671036,-0.544134967,1.4668312463,-0.24802638,,-0.061032992,0.0514210434,-0.034930258,0.3369308153,-0.806212465,0.188015138,-0.07087729,0.4594024526,-0.630365025,0.0398006155,0.0018038134,-0.007760767,-0.055067957,-0.011161502,-0.043906454,-0.030914718,-0.000795697,-0.030119022,0.0516543429,-0.057611297,-0.004910316,-0.074564513,-0.012449147,0.0741732042,-0.035848223,0.0052034885,-0.076068765,-0.015971661,,,0.114847139,0.0470342946,0.9801424352,-0.010577002,-0.220412968,0.5697106072,0.8399275969,0.8356815184,1.2829522861,0.0003627095,0.1303365489,,,1.0,-0.071439747,0.0312528279,-0.013348845,-0.815128518,-0.127531237,-0.096705667,-0.062134344,-0.024626059,-0.01097203,0.0095531284,-0.087218145,0.5424519431,1.7366969931,0.1178172887,-1.374028338,-0.477035725,-0.845678604,0.0107953395,0.071582315,0.0046534556,-0.034596035,,-0.095021498,0.0111860719,0.0215473114,1.5851885433,0.3694384456,0.6644610404,0.6503027628,0.6471056436,5.0,-1.51644657,2.4141434104,,0.5908601367,-0.128288684,0.0370326982,1.3474853321,0.8500473573,0.2192725255,0.0436459376,1.1464473573,-0.064662053,-0.128040075,-0.143424626,,,0.0004158274,0.8562299711,0.0140442653,0.329950256,18.184466503,0.5199409722,-0.191552446,-0.047359839,0.4438835968,0.1551397671,0.0024869,2677758.45926402,1.73805124,0.0233737,1.66120882,0.00061819,0.00057042,0.01114589,0.01686376,0.18189475,-0.07722941,1.35037322,0.01266388,0.01591723,0.01577478,-0.08733319,0.02176741,0.03297358,0.02271043,-0.0645043,0.0161658,0.02721634,1.96318935,0.43624279,0.29672744,0.8342786285,0.6538971455,425,-1.180175582,-1.688421077,-0.671656589,-0.152287896
20190731,20190731,242610.0,01W,KOR,-0.180737,2019,7,20190628,20190630,88.767081325,1.9358330671,88.767081325,,0.0,1.665335e-16,0.0714322646,-0.228997694,-0.195575908,-0.369335199,-0.419953845,-0.283656386,0.8902890844,-0.089598771,,-0.009855001,0.0415559182,-0.034930258,0.3369308153,-0.806212465,0.188015138,-0.07087729,0.4594024526,-0.630365025,0.0398006155,0.0018038134,-0.007760767,-0.055067957,-0.011161502,-0.043906454,-0.030914718,-0.000795697,-0.030119022,0.0516543429,-0.057611297,-0.004910316,-0.074564513,-0.012449147,0.0741732042,-0.035848223,0.0052034885,-0.076068765,-0.015971661,,,0.114847139,0.0470342946,0.9801424352,-0.010577002,-0.220412968,0.5697106072,0.8399275969,0.8356815184,1.2829522861,0.0003627095,0.1303365489,,,1.0,-0.071439747,0.0312528279,-0.013348845,-0.815128518,-0.127531237,-0.096705667,-0.062134344,-0.024626059,-0.01097203,0.0095531284,-0.087218145,0.5424519431,1.7366969931,0.1178172887,-1.374028338,-0.477035725,-0.845678604,0.0107953395,0.071582315,0.0046534556,-0.034596035,,-0.095021498,0.0111860719,0.0215473114,1.5851885433,0.3694384456,0.6644610404,0.6503027628,0.6471056436,5.0,-1.51644657,2.4141434104,,0.5908601367,-0.128288684,0.0370326982,1.2576486415,0.7933747988,0.2046536517,0.040736068,1.0700138452,-0.060351041,-0.119503658,-0.133862523,,,0.0003881042,0.8013796066,0.0131445852,0.4164220247,18.261061321,0.5284562267,-0.117319174,-0.333518983,0.4374173221,0.1675784901,0.00205182,1983469.91067542,1.78727942,0.01738949,1.66627933,0.00092775,0.0006838,0.00714006,0.02010708,-0.41360127,-0.15096662,1.1985252,0.01632659,0.8512359,0.01721314,0.61223033,0.02872908,0.03650087,0.0211638,-0.33376056,0.01990736,0.0254988,1.86041641,0.62961643,0.29782565,0.7975029811,0.9306500835,426,-1.167459766,-1.688368048,-0.669853964,-0.099486492
20190830,20190831,242610.0,01W,KOR,-0.078965,2019,8,20190731,20190731,72.723589973,1.585956507,72.723589973,,0.0,-2.22045e-16,-0.180736948,-0.093129394,-0.234847037,0.0251645904,-0.317355749,-0.2079645,0.801247648,-0.030464198,,0.0784477327,0.0325055778,-0.140149196,0.0945844457,-0.935197689,-0.080425094,-0.189918227,0.3269316579,-0.917860742,-0.02603047,0.0054258864,-0.007760767,-0.047078127,-0.104668721,0.0575905939,-0.050627765,-0.002397676,-0.048230089,0.0514570806,-0.046031194,-0.00209678,-0.105978582,-0.024525576,0.0692076863,-0.138868227,-0.013717424,-0.092942945,-0.027194978,,,-0.013312265,0.1403820251,2.3313710792,0.094350831,1.5669156963,0.5728910887,0.8279079245,0.7669205865,1.1088415701,0.0003627095,0.0680282015,,,2.0,0.0080486376,-0.050030745,-0.022474445,-0.947515026,-0.357822967,-0.005419569,-0.003418879,-0.0140243,-0.009276674,0.0095531284,0.0477167844,0.2973634071,1.4708042348,-0.10022699,-2.111859482,-0.116798949,-0.950764076,0.0013016404,0.0595082847,-0.011788966,-0.119405957,,-0.200596388,0.001513798,-0.097852085,1.5435344604,0.3798879744,0.6124406019,0.3755080501,0.5592643773,5.0,-1.275005516,2.983430177,,0.5908601367,-0.187013616,0.0346992003,1.4576115174,0.9443336413,0.2451292797,0.1459705897,1.2089746554,-0.087769149,-0.292391606,-0.297663238,,,0.0004737236,0.9514242693,0.0019254677,0.3976024138,17.331371195,0.6156809171,0.0501137273,-0.461058406,0.51439935,0.2058072751,0.00306097,1685933.50117881,2.11392548,0.01500757,1.93922477,0.00110064,0.00076551,0.01124776,0.01738974,1.02380663,-0.09952744,2.01564406,0.01487987,0.97650417,0.01363656,0.87311723,0.02583136,0.04075571,0.02491038,0.26570393,0.02895609,0.02429441,1.66915574,0.51582148,0.30454114,0.7742904715,0.8842661595,427,-1.327880931,-1.711208563,-1.131378374,0.0170116136
20190930,20190930,242610.0,01W,KOR,0.325023,2019,9,20190830,20190831,66.980972475,1.4607214685,66.980972475,,0.0,2.220446e-16,-0.078964989,-0.122215133,,-0.289229739,-0.423161877,-0.079799803,0.8058418022,0.0419989308,,-0.047780668,0.0440369449,-0.140149196,0.0945844457,-0.935197689,-0.080425094,-0.189918227,0.3269316579,-0.917860742,-0.02603047,0.0054258864,-0.007760767,-0.047078127,-0.104668721,0.0575905939,-0.050627765,-0.002397676,-0.048230089,0.0514570806,-0.046031194,-0.00209678,-0.105978582,-0.024525576,0.0692076863,-0.138868227,-0.013717424,-0.092942945,-0.027194978,,,-0.013312265,0.1403820251,2.3313710792,0.094350831,1.5669156963,0.5728910887,0.8279079245,0.7669205865,1.1088415701,0.0003627095,0.0680282015,,,2.0,0.0080486376,-0.050030745,-0.022474445,-0.947515026,-0.357822967,-0.005419569,-0.003418879,-0.0140243,-0.009276674,0.0095531284,0.0477167844,0.2973634071,1.4708042348,-0.10022699,-2.111859482,-0.116798949,-0.950764076,0.0013016404,0.0595082847,-0.011788966,-0.119405957,,-0.200596388,0.001513798,-0.097852085,1.5435344604,0.3798879744,0.6124406019,0.3755080501,0.5592643773,5.0,-1.275005516,2.983430177,,0.5908601367,-0.187013616,0.0346992003,1.582579924,1.0252961399,0.2661454525,0.1584853866,1.3126261664,-0.095294042,-0.317459817,-0.323183413,,,0.0005143383,1.0218355278,0.0020679642,0.4068978659,17.159732857,0.6467799325,0.1780472779,-0.207234543,0.5369308918,0.2073105653,0.00250335,1031089.00576319,2.48045307,0.01019136,2.14578647,0.00162191,0.00083019,0.0064511,0.02018902,0.03639759,0.34174697,2.32658844,0.01767762,-0.3037827,0.01907267,-0.41651962,0.03693503,0.07690597,0.03674498,-0.36050499,0.04163801,0.02425816,1.75039624,0.47508964,0.31932979,0.8200714542,1.210691521,428,-1.338436971,-1.71115699,-1.135281359,-0.010760865
20191031,20191031,242610.0,01W,KOR,-0.067645,2019,10,20190930,20190930,88.751339917,1.9354897784,88.751339917,,0.0,-1.66533e-16,0.3250231616,-0.245430046,-0.376667307,-0.349646776,-0.490126053,,1.1831558927,-0.340872068,,0.1638643114,0.0288894086,-0.140149196,0.0945844457,-0.935197689,-0.080425094,-0.189918227,0.3269316579,-0.917860742,-0.02603047,0.0054258864,-0.007760767,-0.047078127,-0.104668721,0.0575905939,-0.050627765,-0.002397676,-0.048230089,0.0514570806,-0.046031194,-0.00209678,-0.105978582,-0.024525576,0.0692076863,-0.138868227,-0.013717424,-0.092942945,-0.027194978,,,-0.013312265,0.1403820251,2.3313710792,0.094350831,1.5669156963,0.5728910887,0.8279079245,0.7669205865,1.1088415701,0.0003627095,0.0680282015,,,2.0,0.0080486376,-0.050030745,-0.022474445,-0.947515026,-0.357822967,-0.005419569,-0.003418879,-0.0140243,-0.009276674,0.0095531284,0.0477167844,0.2973634071,1.4708042348,-0.10022699,-2.111859482,-0.116798949,-0.950764076,0.0013016404,0.0595082847,-0.011788966,-0.119405957,,-0.200596388,0.001513798,-0.097852085,1.5435344604,0.3798879744,0.6124406019,0.3755080501,0.5592643773,5.0,-1.275005516,2.983430177,,0.5908601367,-0.187013616,0.0346992003,1.1943790643,0.7737948812,0.2008609813,0.1196095217,0.9906439408,-0.071918775,-0.239588127,-0.243907746,,,0.0003881731,0.7979607046,0.0016148921,0.3945680729,17.692908819,0.6891533405,-0.199376533,-0.367704155,0.5184162382,0.1974267209,0.00016575,1320792.63873114,2.99346785,0.01461385,2.93835537,0.00102482,0.00069341,0.01710332,0.03810141,1.53667057,-0.38560142,2.48850657,0.03963803,1.34027177,0.03378712,0.97441651,0.06435601,0.11081498,0.03905129,1.17735669,0.04390196,0.02568669,1.74852317,0.67994377,0.32241147,0.8614103689,2.0196982357,429,-1.335791139,-1.71115699,-1.135795594,-0.045757366
20191129,20191130,242610.0,01W,KOR,-0.021883,2019,11,20191031,20191031,82.747726175,1.8045629322,82.747726175,,0.0,-3.46945e-16,-0.067645331,0.220392722,-0.093290213,-0.234982725,0.024982794,0.241004052,-0.256966968,0.1816468945,,0.1977778066,-0.003227743,-0.050258245,-0.072946707,-0.786891665,-0.106038311,-0.289009431,0.4599814029,-0.887595307,-0.033064357,0.0022847735,-0.007760767,-0.092608553,-0.008398534,-0.084210019,-0.039378673,-0.002601242,-0.036777431,0.0368613626,-0.034576589,0.0036773256,-0.077446018,-0.044117395,0.0636102626,0.0287077582,-0.038452749,-0.080710718,-0.05040653,,,-0.02310552,-0.04101771,-0.782106893,-0.075594299,-1.441397446,0.5933707997,0.814420002,0.7814341615,1.1425545326,0.0003627095,0.1058368337,,,0.0,-0.114906834,-0.039176961,-0.016738933,-0.921285608,-0.086176398,0.026368727,0.0170833419,0.0136844092,0.0088614696,0.0095531284,-0.059332539,0.0554018079,0.8774664885,-0.435433438,-0.840698244,0.4714943455,-0.91238693,-0.011691275,0.0604133224,-0.034357784,0.0272649567,,-0.011427436,-0.012309952,0.2574052613,1.5389549836,0.3640286391,0.6616837359,0.2171623112,0.6321121179,4.0,-1.354903051,2.6592861598,,0.5908601367,-0.381562772,0.0276057212,1.2870891667,0.8363397113,0.2034597453,0.0672383033,1.0323871561,-0.067501579,-0.014708129,-0.022860343,,,0.0004163363,0.8466506607,-0.014845799,0.5845001236,16.872319669,0.9216499713,0.2216474042,0.4020092603,0.584574354,0.442322365,0.00202499,1282092.12246556,3.10118554,0.01449317,2.97690506,0.00096472,0.00071002,0.01056347,0.02176036,-0.41350054,0.4535963,0.61213369,0.01670564,-0.25063253,0.01548734,-0.18201354,0.02157397,0.04205814,0.02192783,-0.40346513,0.04673739,0.02506815,1.39766694,0.63394875,0.32584746,0.8726363587,0.7362985342,430,-1.221480916,-1.488137812,-1.065992526,-0.003583245
20191230,20191231,242610.0,01W,KOR,-0.003116,2019,12,20191129,20191130,80.93695868,1.7650737033,80.93695868,,0.0,-1.38778e-16,-0.021882988,0.2353915316,-0.001222274,,-0.191257982,-0.043333528,-0.401024161,0.0065980615,,0.0050368741,0.0078352285,-0.050258245,-0.072946707,-0.786891665,-0.106038311,-0.289009431,0.4599814029,-0.887595307,-0.033064357,0.0022847735,-0.007760767,-0.092608553,-0.008398534,-0.084210019,-0.039378673,-0.002601242,-0.036777431,0.0368613626,-0.034576589,0.0036773256,-0.077446018,-0.044117395,0.0636102626,0.0287077582,-0.038452749,-0.080710718,-0.05040653,,,-0.02310552,-0.04101771,-0.782106893,-0.075594299,-1.441397446,0.5933707997,0.814420002,0.7814341615,1.1425545326,0.0003627095,0.1058368337,,,0.0,-0.114906834,-0.039176961,-0.016738933,-0.921285608,-0.086176398,0.026368727,0.0170833419,0.0136844092,0.0088614696,0.0095531284,-0.059332539,0.0554018079,0.8774664885,-0.435433438,-0.840698244,0.4714943455,-0.91238693,-0.011691275,0.0604133224,-0.034357784,0.0272649567,,-0.011427436,-0.012309952,0.2574052613,1.5389549836,0.3640286391,0.6616837359,0.2171623112,0.6321121179,4.0,-1.354903051,2.6592861598,,0.5908601367,-0.381562772,0.0276057212,1.3158846547,0.8550507772,0.208011662,0.0687425967,1.0554843065,-0.069011763,-0.015037187,-0.023371788,,,0.0004256508,0.8643740567,-0.015156574,0.5173971628,16.817260477,1.0248160169,0.1757522454,0.3948301089,0.5926948598,0.3795306802,0.00061623,1487488.2368484,2.75565675,0.01685096,2.64805637,0.00077817,0.00070305,0.00861278,0.02676804,1.43963274,-0.15761017,2.08509937,0.02457172,1.43932342,0.02455513,1.1178309,0.04024475,0.06502892,0.03005697,0.9362421,0.04439947,0.02521629,1.56431598,0.62007606,0.35437615,0.9600835523,1.3845755876,431,-1.257362853,-1.492277974,-1.068982687,-0.110127814
20200131,20200131,242610.0,01W,KOR,-0.081496,2020,1,20191230,20191231,80.684777689,1.7595741387,80.684777689,,0.0,-1.38778e-16,-0.003115771,-0.088048037,-0.088209757,-0.246791282,-0.214140821,-0.195575908,-0.341316704,0.1264230404,,0.0165272202,0.0088643966,-0.050258245,-0.072946707,-0.786891665,-0.106038311,-0.289009431,0.4599814029,-0.887595307,-0.033064357,0.0022847735,-0.007760767,-0.092608553,-0.008398534,-0.084210019,-0.039378673,-0.002601242,-0.036777431,0.0368613626,-0.034576589,0.0036773256,-0.077446018,-0.044117395,0.0636102626,0.0287077582,-0.038452749,-0.080710718,-0.05040653,,,-0.02310552,-0.04101771,-0.782106893,-0.075594299,-1.441397446,0.5933707997,0.814420002,0.7814341615,1.1425545326,0.0003627095,0.1058368337,,,0.0,-0.114906834,-0.039176961,-0.016738933,-0.921285608,-0.086176398,0.026368727,0.0170833419,0.0136844092,0.0088614696,0.0095531284,-0.059332539,0.0554018079,0.8774664885,-0.435433438,-0.840698244,0.4714943455,-0.91238693,-0.011691275,0.0604133224,-0.034357784,0.0272649567,,-0.011427436,-0.012309952,0.2574052613,1.5389549836,0.3640286391,0.6616837359,0.2171623112,0.6321121179,4.0,-1.354903051,2.6592861598,,0.5908601367,-0.381562772,0.0276057212,1.3199974639,0.857723246,0.2086618043,0.0689574523,1.0587832321,-0.069227459,-0.015084186,-0.023444836,,,0.0004269811,0.8669013872,-0.01520089,0.5148601511,16.809396469,0.9678261083,0.2030873969,0.3612713147,0.5931897663,0.3695312322,0.00108845,1546054.6487819,2.70756752,0.01772874,2.58448827,0.00074271,0.000853,0.00761773,0.01753506,-0.51586215,0.12383875,1.72582756,0.01836313,-0.15757542,0.01858479,-0.21965333,0.02861112,0.05770204,0.02320048,0.39999863,0.04249896,0.0236588,1.61771549,0.61814404,0.35420625,0.9404877428,1.0363303024,432,-1.245821913,-1.494717596,-1.072542128,-0.076025987
20200228,20200229,242610.0,01W,KOR,-0.090862,2020,2,20200131,20200131,74.462161264,1.6161757626,74.462161264,,0.0047615601,-0.00475026,-0.081496069,-0.024930576,0.1094718745,-0.175700584,-0.304514739,-0.234847037,-0.380747334,,,-0.123939631,0.0200040087,-0.110399771,-0.153875292,-0.457224269,-0.084122921,0.3911152574,0.3041901812,-0.820761804,-0.027612555,-0.004024641,-0.007760767,-0.049395708,0.0006075194,-0.050003228,-0.034040777,-0.002039713,-0.032001064,-0.01402091,0.0099962696,-0.004189642,-0.107404507,-0.042721528,0.0651089973,0.0511955436,-0.039147656,-0.098250916,-0.051183934,,,-0.011749529,-0.062529605,-1.035109233,-0.052533335,-0.86963192,0.515495875,0.7901694169,0.7333319505,1.1980829419,0.0003627095,0.1155769427,,,0.0,-0.072951037,-0.045060124,-0.02017307,-0.820565709,-0.056397714,-0.005897481,-0.003832133,-0.012904331,-0.00867168,0.0095531284,-0.028153544,-0.17834518,0.8772699488,-0.546109088,-0.514536565,-0.123959014,-0.814073203,-0.010082783,0.0579209789,-0.033326043,0.0455435673,,0.0021209032,-0.011334061,0.1508280479,1.6264364867,0.3083028445,0.6758746205,0.3795312418,0.5991318684,5.0,-1.209287337,2.4141434104,,0.5908601367,-0.287272463,0.0306951506,1.453136401,0.8934479845,0.2191385203,0.0511894577,1.1317540058,-0.087782083,0.0030819616,-0.014063487,,,0.0004626629,0.8986367161,-0.015667905,0.4569031882,16.606299146,0.9544731226,-0.024780728,0.1369393836,0.5582115927,0.2061963201,0.00166428,1665910.79504096,2.54277436,0.01916065,2.4212313,0.00073109,0.00091801,0.00759874,0.01897563,-0.06749201,0.13383932,1.41993138,0.0131577,0.56161906,0.01085633,0.26643656,0.02770368,0.05924592,0.02759138,0.17493734,0.03878031,0.02367526,1.63708846,0.56776773,0.36614175,0.9515184486,0.9828894572,433,-0.984612992,-1.408398369,-0.278325253,-0.1752165
20200331,20200331,242610.0,01W,KOR,-0.163094,2020,3,20200228,20200229,67.696386992,1.4693269442,67.696386992,,0.0047615601,-0.00475026,-0.090861911,-0.084357917,0.1064229543,-0.105489576,,,,-0.063475649,-0.033720888,0.0614937079,,-0.110399771,-0.153875292,-0.457224269,-0.084122921,0.3911152574,0.3041901812,-0.820761804,-0.027612555,-0.004024641,-0.007760767,-0.049395708,0.0006075194,-0.050003228,-0.034040777,-0.002039713,-0.032001064,-0.01402091,0.0099962696,-0.004189642,-0.107404507,-0.042721528,0.0651089973,0.0511955436,-0.039147656,-0.098250916,-0.051183934,,,-0.011749529,-0.062529605,-1.035109233,-0.052533335,-0.86963192,0.515495875,0.7901694169,0.7333319505,1.1980829419,0.0003627095,0.1155769427,,,0.0,-0.072951037,-0.045060124,-0.02017307,-0.820565709,-0.056397714,-0.005897481,-0.003832133,-0.012904331,-0.00867168,0.0095531284,-0.028153544,-0.17834518,0.8772699488,-0.546109088,-0.514536565,-0.123959014,-0.814073203,-0.010082783,0.0579209789,-0.033326043,0.0455435673,,0.0021209032,-0.011334061,0.1508280479,1.6264364867,0.3083028445,0.6758746205,0.3795312418,0.5991318684,5.0,-1.209287337,2.4141434104,,0.5908601367,-0.287272463,0.0306951506,1.5983670893,0.9827417808,0.2410398628,0.0563054813,1.2448648005,-0.09655528,0.0033899819,-0.015469033,,,0.0005089028,0.9836617157,-0.017150333,0.4605787989,16.333751399,0.9864981119,-0.052341892,0.1636796894,0.561000426,0.2066825525,0.00044852,2170805.60957476,2.71209323,0.02526728,2.70345312,0.00058263,0.00091848,0.00529592,0.02423601,1.70977304,-0.09703738,0.99016998,0.02408412,1.8681575,0.0253629,1.80189085,0.03269281,0.05664271,0.02968799,0.05785072,0.03080881,0.02310513,1.29117631,0.57481452,0.37206077,0.8711026431,1.1870811884,434,-0.971985369,-1.405847079,-0.277068249,-0.137386471
20200429,20200430,242610.0,01W,KOR,0.155499,2020,4,20200331,20200331,56.65554575,1.2296892583,56.65554575,,0.0047615601,-0.00475026,-0.163093508,-0.164953092,-0.240850063,-0.240984686,-0.372995098,-0.376667307,-0.348251165,-0.089090835,-0.040448404,0.1796145128,,-0.110399771,-0.153875292,-0.457224269,-0.084122921,0.3911152574,0.3041901812,-0.820761804,-0.027612555,-0.004024641,-0.007760767,-0.049395708,0.0006075194,-0.050003228,-0.034040777,-0.002039713,-0.032001064,-0.01402091,0.0099962696,-0.004189642,-0.107404507,-0.042721528,0.0651089973,0.0511955436,-0.039147656,-0.098250916,-0.051183934,,,-0.011749529,-0.062529605,-1.035109233,-0.052533335,-0.86963192,0.515495875,0.7901694169,0.7333319505,1.1980829419,0.0003627095,0.1155769427,,,0.0,-0.072951037,-0.045060124,-0.02017307,-0.820565709,-0.056397714,-0.005897481,-0.003832133,-0.012904331,-0.00867168,0.0095531284,-0.028153544,-0.17834518,0.8772699488,-0.546109088,-0.514536565,-0.123959014,-0.814073203,-0.010082783,0.0579209789,-0.033326043,0.0455435673,,0.0021209032,-0.011334061,0.1508280479,1.6264364867,0.3083028445,0.6758746205,0.3795312418,0.5991318684,5.0,-1.209287337,2.4141434104,,0.5908601367,-0.287272463,0.0306951506,1.9098514646,1.174255177,0.2880128965,0.0672781032,1.4874598448,-0.115371647,0.0040506101,-0.018483586,,,0.000608076,1.1632706382,-0.020281849,0.4828028825,15.749203011,1.0161181387,-0.042263189,-0.339443182,0.5621547741,0.2147933051,0.00238779,1353769.06474212,3.26888684,0.01719303,3.12670842,0.00105968,0.00108393,0.02180856,0.03458661,0.38740227,-0.57502783,1.38505069,0.02744859,1.70297227,0.02505394,1.05861165,0.08239275,0.12770968,0.06939141,-0.10021788,0.0422564,0.02368556,1.3996354,0.50748715,0.42947137,0.7674152218,2.5015074953,435,-0.923559962,-1.413059907,-0.28880051,-0.054503535
20200529,20200531,242610.0,01W,KOR,-0.001366,2020,5,20200429,20200430,65.465412173,1.4209043982,65.465412173,,0.0047615601,-0.00475026,0.1554987479,-0.239136431,-0.318566709,-0.224638726,-0.42393326,-0.093290213,-0.300944189,-0.153590352,-0.012349395,0.0444446113,,-0.025548606,0.0184678818,0.2697727276,-0.156633526,0.8881570345,0.617895607,-0.765255234,-0.040424391,0.0074335839,-2.389e-05,-0.065955033,-0.000615033,-0.06534,-0.02061334,-0.004657112,-0.015956228,-0.009906904,0.0173165983,-0.002627745,-0.011109745,-0.009447351,0.07777562,0.0650233715,-0.002328045,0.0105329462,-0.013847235,,,-0.010644808,-0.051329091,-7.659007177,-0.034012492,-5.075132245,0.5111117994,0.8780901111,0.8777300305,1.4657267599,0.0028653804,0.1866701095,,,1.0,-0.079219223,-0.047156409,-0.009101282,-0.753933873,0.4994030746,-0.004302231,-0.002645188,0.0924034362,0.0594891561,0.0085185245,0.2494705824,0.1852322348,0.5219559354,0.0446654044,1.2563824384,2.569407501,-0.773204782,0.0133444109,0.0757885614,-0.002288093,0.063362115,1.6648441668,0.0580308851,0.0136942807,0.1530523833,1.5716606145,0.3113075884,0.7118095847,0.5262136714,0.6678713138,8.0,-2.606358082,2.4170679177,5.4337477493,0.1316902327,-0.170942275,0.0379360935,1.6617264829,1.0573061814,0.2610352273,-0.049159437,1.4776676609,0.0111365491,0.0964314585,0.0717093148,,,0.00423408,1.0602689701,0.019479679,0.5360339163,14.966731579,1.1288185611,0.1097435282,0.0774768682,0.5260905185,0.3737548704,0.0013347,1439617.50949762,3.08647663,0.01886751,2.86085735,0.00103728,0.00104982,0.01554989,0.02725968,0.85049652,-0.17867153,1.14368293,0.0228821,0.30659062,0.02187123,0.37557924,0.05078075,0.07286801,0.03455422,-0.18928202,0.0423046,0.02487116,1.41202214,0.66325611,0.43627431,0.7649807763,1.4791185278,436,0.5556310631,-0.867303897,1.4406310552,0.3968463748
20200630,20200630,242610.0,01W,KOR,-0.007017,2020,6,20200529,20200531,65.376002979,1.4189638022,65.376002979,,0.0047615601,-0.00475026,-0.001365747,-0.032955597,-0.194988631,-0.027258496,-0.213567098,-0.001222274,-0.34219265,0.0714322646,-0.018967396,-0.118371378,,-0.025548606,0.0184678818,0.2697727276,-0.156633526,0.8881570345,0.617895607,-0.765255234,-0.040424391,0.0074335839,-2.389e-05,-0.065955033,-0.000615033,-0.06534,-0.02061334,-0.004657112,-0.015956228,-0.009906904,0.0173165983,-0.002627745,-0.011109745,-0.009447351,0.07777562,0.0650233715,-0.002328045,0.0105329462,-0.013847235,,,-0.010644808,-0.051329091,-7.659007177,-0.034012492,-5.075132245,0.5111117994,0.8780901111,0.8777300305,1.4657267599,0.0028653804,0.1866701095,,,1.0,-0.079219223,-0.047156409,-0.009101282,-0.753933873,0.4994030746,-0.004302231,-0.002645188,0.0924034362,0.0594891561,0.0085185245,0.2494705824,0.1852322348,0.5219559354,0.0446654044,1.2563824384,2.569407501,-0.773204782,0.0133444109,0.0757885614,-0.002288093,0.063362115,1.6648441668,0.0580308851,0.0136942807,0.1530523833,1.5716606145,0.3113075884,0.7118095847,0.5262136714,0.6678713138,8.0,-2.606358082,2.4170679177,5.4337477493,0.1316902327,-0.170942275,0.0379360935,1.6639990847,1.0587521691,0.261392223,-0.049226668,1.4796885412,0.0111517796,0.0965633396,0.0718073855,,,0.0042398706,1.0617940861,0.019507699,0.6009910355,14.96075975,1.1102080159,0.0685513535,-0.132388862,0.524167359,0.3804558531,0.00164318,1299835.05684498,3.36736026,0.01781483,3.00508484,0.00120784,0.0010426,0.00448679,0.01455035,-0.23680378,0.53045598,1.71253214,0.01204068,0.39822487,0.01212967,0.27787729,0.02260407,0.03465405,0.01954047,-0.06665444,0.04366883,0.02484239,1.39763849,0.66680918,0.44009917,0.7646422709,0.660803116,437,0.5518544521,-0.86168126,1.4411121442,0.393231784
20200731,20200731,242610.0,01W,KOR,0.103672,2020,7,20200630,20200630,64.917266942,1.4090070933,64.917266942,,0.0047615601,-0.00475026,-0.007016887,0.1539206288,-0.193575439,-0.26687094,-0.267000948,-0.088209757,-0.243817765,-0.180736948,-0.003174663,-0.021106013,,-0.025548606,0.0184678818,0.2697727276,-0.156633526,0.8881570345,0.617895607,-0.765255234,-0.040424391,0.0074335839,-2.389e-05,-0.065955033,-0.000615033,-0.06534,-0.02061334,-0.004657112,-0.015956228,-0.009906904,0.0173165983,-0.002627745,-0.011109745,-0.009447351,0.07777562,0.0650233715,-0.002328045,0.0105329462,-0.013847235,,,-0.010644808,-0.051329091,-7.659007177,-0.034012492,-5.075132245,0.5111117994,0.8780901111,0.8777300305,1.4657267599,0.0028653804,0.1866701095,,,1.0,-0.079219223,-0.047156409,-0.009101282,-0.753933873,0.4994030746,-0.004302231,-0.002645188,0.0924034362,0.0594891561,0.0085185245,0.2494705824,0.1852322348,0.5219559354,0.0446654044,1.2563824384,2.569407501,-0.773204782,0.0133444109,0.0757885614,-0.002288093,0.063362115,1.6648441668,0.0580308851,0.0136942807,0.1530523833,1.5716606145,0.3113075884,0.7118095847,0.5262136714,0.6678713138,8.0,-2.606358082,2.4170679177,5.4337477493,0.1316902327,-0.170942275,0.0379360935,1.6757576874,1.0662338115,0.2632393438,-0.049574527,1.4901447186,0.0112305833,0.0972457018,0.0723148104,,,0.0042698315,1.0696885904,0.01965274,0.5736272998,14.929861082,1.0722415382,-0.002253178,-0.004530832,0.5231754649,0.3651409308,0.00049114,1656698.49728131,2.85892441,0.0231129,2.57804246,0.00096806,0.00091653,0.01958664,0.02625999,1.02166242,0.74651298,0.18675317,0.02644209,0.7650211,0.02520047,0.15305647,0.04974082,0.11576118,0.03812277,1.06169137,0.04175015,0.02528433,1.34390425,0.66213026,0.435519,0.7502757143,1.4094501516,438,0.5500383943,-0.871902865,1.4392196328,0.3983325608
20200831,20200831,242610.0,01W,KOR,-0.055194,2020,8,20200731,20200731,71.647379331,1.5550818827,71.647379331,,0.0047615601,-0.00475026,0.1036721462,-0.008373051,-0.128184492,-0.219197586,-0.111572677,0.1094718745,-0.330309257,-0.078964989,0.0134287131,0.0790643699,,-0.045046344,0.160857907,4.1311566312,-0.404218427,1.0282600495,0.6989860992,-0.730691377,-0.125982828,-0.000701106,-2.389e-05,-0.195677384,-0.01744809,-0.178229294,-0.031198184,-0.003819619,-0.027378565,-0.016626588,0.0159254827,-0.0060152,-0.009350948,0.0050425671,0.0972829116,0.1946094914,0.0179339655,0.0402096228,0.0088128552,,,-0.016626588,-0.169108781,-6.285827335,-0.153183298,-5.693872061,0.4699220392,0.9827584423,0.9850266901,1.747692206,0.0028653804,0.251642614,,,2.0,-0.196345976,-0.141815996,-0.015492804,-0.667489191,0.4014040634,0.0232142762,0.0147705401,0.0286338447,0.0181894196,0.0085185245,0.6424584707,0.3584355819,0.694508433,0.0445187505,0.2976783008,0.2865334241,-0.710322182,0.024351997,0.0929006721,0.0176867756,0.1858430453,1.1745596052,0.1960119664,0.0255007108,0.3966083548,1.4946045087,0.3243030085,0.7343887673,0.2757798805,0.6678777316,9.0,-2.713117659,2.5945769927,5.4337477493,0.1316902327,-0.352745159,0.0378848661,1.4128598604,0.9453068368,0.2253203112,-0.130215437,1.4245288862,0.0380104313,0.2769374395,0.249481561,,,0.0038687499,0.937118724,0.0414228215,0.6433096585,15.416435832,1.0740995286,0.0103410887,-0.196307975,0.5866298579,0.5096369737,0.00128467,1735212.89810513,2.71469141,0.02453814,2.42179876,0.00096388,0.0009066,0.00894537,0.01521022,0.54326915,-0.16858057,0.45082652,0.01511783,0.73298561,0.01599374,0.62546009,0.02770369,0.03570409,0.01692823,0.24574696,0.03808383,0.02511986,1.36219101,0.73077472,0.43400812,0.7376084425,0.7960248182,439,1.3291310719,0.4500318232,1.5972638044,0.4947468021
20200929,20200930,242610.0,01W,KOR,0.164384,2020,9,20200831,20200831,67.692853671,1.4692502547,67.692853671,,0.0047615601,-0.00475026,-0.055194282,0.0959278033,0.0583634152,-0.118970568,0.0645984989,0.1064229543,-0.391299708,0.3250231616,-0.021136509,-0.002758588,,-0.045046344,0.160857907,4.1311566312,-0.404218427,1.0282600495,0.6989860992,-0.730691377,-0.125982828,-0.000701106,-2.389e-05,-0.195677384,-0.01744809,-0.178229294,-0.031198184,-0.003819619,-0.027378565,-0.016626588,0.0159254827,-0.0060152,-0.009350948,0.0050425671,0.0972829116,0.1946094914,0.0179339655,0.0402096228,0.0088128552,,,-0.016626588,-0.169108781,-6.285827335,-0.153183298,-5.693872061,0.4699220392,0.9827584423,0.9850266901,1.747692206,0.0028653804,0.251642614,,,2.0,-0.196345976,-0.141815996,-0.015492804,-0.667489191,0.4014040634,0.0232142762,0.0147705401,0.0286338447,0.0181894196,0.0085185245,0.6424584707,0.3584355819,0.694508433,0.0445187505,0.2976783008,0.2865334241,-0.710322182,0.024351997,0.0929006721,0.0176867756,0.1858430453,1.1745596052,0.1960119664,0.0255007108,0.3966083548,1.4946045087,0.3243030085,0.7343887673,0.2757798805,0.6678777316,9.0,-2.713117659,2.5945769927,5.4337477493,0.1316902327,-0.352745159,0.0378848661,1.4953972372,1.0005303935,0.2384832214,-0.137822448,1.5077479519,0.0402309497,0.293115753,0.264055939,,,0.0040947571,1.000615179,0.0442295121,0.6787265754,15.187615937,1.0808332928,0.0535795574,-0.259843116,0.5880877951,0.5288057018,0.00119757,1427989.49812759,1.70826564,0.02104752,1.60324413,0.00115854,0.00089797,0.01442439,0.01668751,1.0068075,-0.36753562,0.48956709,0.01612063,0.68156939,0.01603521,1.25622597,0.02508943,0.05426909,0.02490074,-0.39020523,0.03417983,0.02467573,1.365831,0.69044014,0.4223529,0.6978680175,0.7386458713,440,1.3287954453,0.4513419903,1.5971515288,0.5274306635
20201030,20201031,242610.0,01W,KOR,-0.032484,2020,10,20200929,20200930,78.820474456,1.7107714609,78.820474456,,0.0047615601,-0.00475026,0.1643839812,0.0427557545,0.1948142547,-0.164996676,-0.240889685,-0.240850063,-0.433734642,-0.067645331,-4.2935e-05,-0.155510858,,-0.045046344,0.160857907,4.1311566312,-0.404218427,1.0282600495,0.6989860992,-0.730691377,-0.125982828,-0.000701106,-2.389e-05,-0.195677384,-0.01744809,-0.178229294,-0.031198184,-0.003819619,-0.027378565,-0.016626588,0.0159254827,-0.0060152,-0.009350948,0.0050425671,0.0972829116,0.1946094914,0.0179339655,0.0402096228,0.0088128552,,,-0.016626588,-0.169108781,-6.285827335,-0.153183298,-5.693872061,0.4699220392,0.9827584423,0.9850266901,1.747692206,0.0028653804,0.251642614,,,2.0,-0.196345976,-0.141815996,-0.015492804,-0.667489191,0.4014040634,0.0232142762,0.0147705401,0.0286338447,0.0181894196,0.0085185245,0.6424584707,0.3584355819,0.694508433,0.0445187505,0.2976783008,0.2865334241,-0.710322182,0.024351997,0.0929006721,0.0176867756,0.1858430453,1.1745596052,0.1960119664,0.0255007108,0.3966083548,1.4946045087,0.3243030085,0.7343887673,0.2757798805,0.6678777316,9.0,-2.713117659,2.5945769927,5.4337477493,0.1316902327,-0.352745159,0.0378848661,1.2842818704,0.8592787342,0.2048149281,-0.118365119,1.2948889509,0.0345512738,0.2517346148,0.2267773718,,,0.0035166724,0.8403860047,0.0371470109,0.5615289749,15.77289497,1.0890233837,-0.313601265,-0.900999156,0.5889909398,0.4493590325,0.00023497,2299869.42920138,2.1884661,0.03174334,2.07475404,0.00070449,0.00086751,0.01504285,0.03287611,0.82996709,0.05702132,0.82555079,0.03391833,0.90006414,0.03477561,0.92750901,0.05655892,0.08163891,0.03494628,0.42445927,0.02030878,0.0240457,1.32932857,0.84692461,0.42817734,0.6915043958,1.6905654079,441,1.3355573645,0.4549554952,1.5946094395,0.5443463804
20201130,20201130,242610.0,01W,KOR,0.123341,2020,11,20201030,20201031,76.260072358,1.6551988084,76.260072358,,0.0047615601,-0.00475026,-0.032483972,0.1001166434,0.2040018055,0.058530576,-0.051974619,-0.318566709,-0.456647583,-0.021882988,-0.001006661,0.1267295591,,-0.025048327,0.0878958161,1.5096420444,-0.3577587,1.2729408268,0.4474298909,-0.802455051,-0.102287673,-0.005806536,-2.389e-05,-0.222377764,-0.01673033,-0.205647434,-0.004795731,-0.002651718,-0.002144013,-0.001105066,-0.00470147,-0.014867835,-0.005280081,0.0123834552,0.0844727295,0.2210572645,0.0233253663,0.0162687759,0.0218872033,,,-0.001105066,-0.192437708,-17.88951651,-0.197139178,-18.32657754,0.4221840588,0.8664116456,0.8836795144,1.7674552926,0.0028653804,0.3158441449,,,3.0,-0.202586619,-0.103158766,-0.0066981,-0.465174362,-0.345221331,0.0030193642,0.002020176,-0.023349363,-0.015063166,0.0085185245,0.4404308197,0.6423583225,0.5011929801,0.1861067717,-1.56836959,-0.977075554,-0.689000219,0.0279026845,0.0823568289,0.0231405765,0.2155201498,1.0021914799,0.203194718,0.0286195565,0.2146221538,1.5123882833,0.3409190931,0.7705938527,0.160181477,0.6996323656,9.0,-2.533641087,2.4170679177,5.4337477493,0.1316902327,-0.334602229,0.0268259092,1.3616032498,0.9003000518,0.2192639632,-0.210790451,1.2186773934,0.0146467798,0.2766705884,0.2544709336,,,0.0036347433,0.8736711329,0.0493765961,0.6207062392,15.756167217,1.1274693989,-0.119944806,-0.137533109,0.6076491893,0.3977618526,0.00010566,3935144.66340832,2.90036149,0.05024669,2.65659341,0.0003975,0.0005681,0.02031184,0.03738045,0.26332314,0.05905736,-0.05021391,0.04043338,0.51290315,0.03653068,1.10953562,0.04231885,0.08196077,0.03763327,0.29659269,0.0168503,0.02543759,1.38162859,0.81941313,0.42741146,0.7058553236,1.2256818702,442,1.2607200984,0.2079917006,1.6291497161,0.4873981536
20201230,20201231,242610.0,01W,KOR,-0.03878,2020,12,20201130,20201130,85.666032133,1.8593519508,85.666032133,,0.0047615601,-0.00475026,0.1233405566,0.1265601644,0.1664841667,0.1265013651,-0.062249466,-0.194988631,-0.52595248,-0.003115771,0.0104893686,0.0278480684,,-0.025048327,0.0878958161,1.5096420444,-0.3577587,1.2729408268,0.4474298909,-0.802455051,-0.102287673,-0.005806536,-2.389e-05,-0.222377764,-0.01673033,-0.205647434,-0.004795731,-0.002651718,-0.002144013,-0.001105066,-0.00470147,-0.014867835,-0.005280081,0.0123834552,0.0844727295,0.2210572645,0.0233253663,0.0162687759,0.0218872033,,,-0.001105066,-0.192437708,-17.88951651,-0.197139178,-18.32657754,0.4221840588,0.8664116456,0.8836795144,1.7674552926,0.0028653804,0.3158441449,,,3.0,-0.202586619,-0.103158766,-0.0066981,-0.465174362,-0.345221331,0.0030193642,0.002020176,-0.023349363,-0.015063166,0.0085185245,0.4404308197,0.6423583225,0.5011929801,0.1861067717,-1.56836959,-0.977075554,-0.689000219,0.0279026845,0.0823568289,0.0231405765,0.2155201498,1.0021914799,0.203194718,0.0286195565,0.2146221538,1.5123882833,0.3409190931,0.7705938527,0.160181477,0.6996323656,9.0,-2.533641087,2.4170679177,5.4337477493,0.1316902327,-0.334602229,0.0268259092,1.2121019238,0.8014488985,0.1951892166,-0.187646079,1.0848690419,0.0130385925,0.2462927086,0.2265305317,,,0.0032356558,0.7555854704,0.04270284,0.6302123109,16.148932935,1.1101161119,-0.130512685,-0.047118654,0.6097424369,0.3836643077,0.00031726,4506618.80701786,2.53590698,0.05643893,2.36517592,0.00033221,0.00052675,0.01274932,0.03018209,0.27177006,0.59357251,0.15127796,0.03125641,0.46766322,0.03220342,0.37069633,0.04644896,0.08396409,0.03134583,0.75107034,0.01285316,0.02576592,1.3196132,0.94830287,0.42993986,0.7110896284,1.3403070092,443,1.257841742,0.2091572414,1.6291497161,0.4602046573
20210129,20210131,242610.0,01W,KOR,-0.007031,2021,1,20201230,20201231,82.343938943,1.7872470535,82.343938943,,0.0047615601,-0.00475026,-0.038779585,0.0868499933,0.3196185879,0.5120502503,0.0567056596,-0.193575439,-0.563213084,-0.081496069,0.0143726854,-0.001403897,,-0.025048327,0.0878958161,1.5096420444,-0.3577587,1.2729408268,0.4474298909,-0.802455051,-0.102287673,-0.005806536,-2.389e-05,-0.222377764,-0.01673033,-0.205647434,-0.004795731,-0.002651718,-0.002144013,-0.001105066,-0.00470147,-0.014867835,-0.005280081,0.0123834552,0.0844727295,0.2210572645,0.0233253663,0.0162687759,0.0218872033,,,-0.001105066,-0.192437708,-17.88951651,-0.197139178,-18.32657754,0.4221840588,0.8664116456,0.8836795144,1.7674552926,0.0028653804,0.3158441449,,,3.0,-0.202586619,-0.103158766,-0.0066981,-0.465174362,-0.345221331,0.0030193642,0.002020176,-0.023349363,-0.015063166,0.0085185245,0.4404308197,0.6423583225,0.5011929801,0.1861067717,-1.56836959,-0.977075554,-0.689000219,0.0279026845,0.0823568289,0.0231405765,0.2155201498,1.0021914799,0.203194718,0.0286195565,0.2146221538,1.5123882833,0.3409190931,0.7705938527,0.160181477,0.6996323656,9.0,-2.533641087,2.4170679177,5.4337477493,0.1316902327,-0.334602229,0.0268259092,1.261003101,0.8337826436,0.2030639524,-0.195216494,1.1286371212,0.013564623,0.2562291695,0.2356697051,,,0.0033661954,0.7934632667,0.0448435501,0.6315593457,16.020461125,1.0130905674,-0.028223489,-0.083709773,0.6135321061,0.4045963341,0.00142857,4211846.40091631,2.69637672,0.05179877,2.54892508,0.00036918,0.00054462,0.0099445,0.0088937,1.51945492,-0.24463963,0.23812343,0.00865509,1.41972033,0.00802313,0.58316572,0.01191533,0.0173613,0.01198495,-0.51212871,0.01155449,0.02548984,1.36667166,0.91152807,0.42557115,0.689452574,0.3488149939,444,1.2569372679,0.2074933676,1.6295754545,0.4682616966
20210226,20210228,242610.0,01W,KOR,0.041412,2021,2,20210129,20210131,81.765007057,1.7746815347,81.765007057,,0.0,-2.08167e-16,-0.007030656,0.0797778758,0.1492944991,0.2578235775,0.1058494347,-0.128184492,-0.571459165,-0.090861911,0.0219937086,,,-0.031538709,0.0628595257,0.0356800054,-0.410813712,1.3375295531,0.3922466768,-0.814163492,-0.127524052,0.0024930403,-2.389e-05,-0.236235096,-0.072802219,-0.163432877,0.00648415,-0.00113062,0.0076147698,0.0085314375,-0.006038397,-0.009889125,0.0328356091,0.0272561212,0.0893335202,0.2126950604,0.0407073272,0.0135147162,0.0449828111,,,0.0085314375,-0.17221587,-19.08469344,-0.178254267,-19.75385919,0.4285653299,0.8142711073,0.8410554789,1.6503746356,0.0028653804,0.3140329105,,,4.0,-0.150903805,-0.091657506,0.0003376252,-0.437858028,-0.174218294,-0.008440376,-0.005580826,-0.002542895,-0.001748692,0.0085185245,0.4109536102,0.520322557,0.5551091563,0.2223362745,-0.457337809,-0.316117074,-0.703493446,0.0392025292,0.0865160562,0.0428127389,0.2059869327,1.0025885979,0.181239639,0.0404791906,0.1791187358,1.497679725,0.3409691967,0.7769148082,0.200568177,0.6967075672,9.0,-2.496558024,2.4170679177,5.4337477493,0.1316902327,-0.404272445,0.0238882048,1.2816127153,0.8557321662,0.2105001509,-0.19196842,1.0954588503,0.0115649774,0.2322790259,0.2161078126,,,0.0033900296,0.8214576788,0.064203735,0.6491111404,15.882315833,1.0099006258,-0.234312314,-0.330893408,0.7255959661,0.3209836517,0.00079165,4506385.4061155,2.54298461,0.0545178,2.44230807,0.00035699,0.00053142,0.00893117,0.02045047,0.29938337,-0.3388827,0.86877441,0.01829885,-0.85215551,0.01851105,-0.60275519,0.02961037,0.0512311,0.02508369,-0.15967584,0.01003537,0.02562169,1.34783727,0.89010726,0.42764021,0.6827833862,0.8712845449,445,1.2664768111,0.2142314516,1.6521765673,0.4043029077
20210331,20210331,242610.0,01W,KOR,0.216366,2021,3,20210226,20210228,85.151024605,1.8481738884,85.151024605,,0.0,0.0,0.0414115729,-0.045537595,0.2078824074,0.2506883769,0.2078193636,0.0583634152,-0.592159471,-0.163093508,0.0405850796,0.0395817599,,-0.031538709,0.0628595257,0.0356800054,-0.410813712,1.3375295531,0.3922466768,-0.814163492,-0.127524052,0.0024930403,-2.389e-05,-0.236235096,-0.072802219,-0.163432877,0.00648415,-0.00113062,0.0076147698,0.0085314375,-0.006038397,-0.009889125,0.0328356091,0.0272561212,0.0893335202,0.2126950604,0.0407073272,0.0135147162,0.0449828111,,,0.0085314375,-0.17221587,-19.08469344,-0.178254267,-19.75385919,0.4285653299,0.8142711073,0.8410554789,1.6503746356,0.0028653804,0.3140329105,,,4.0,-0.150903805,-0.091657506,0.0003376252,-0.437858028,-0.174218294,-0.008440376,-0.005580826,-0.002542895,-0.001748692,0.0085185245,0.4109536102,0.520322557,0.5551091563,0.2223362745,-0.457337809,-0.316117074,-0.703493446,0.0392025292,0.0865160562,0.0428127389,0.2059869327,1.0025885979,0.181239639,0.0404791906,0.1791187358,1.497679725,0.3409691967,0.7769148082,0.200568177,0.6967075672,9.0,-2.496558024,2.4170679177,5.4337477493,0.1316902327,-0.404272445,0.0238882048,1.2306495805,0.8217041067,0.2021296444,-0.184334825,1.0518980956,0.0111050978,0.2230424857,0.2075143183,,,0.0032552255,0.781410438,0.0610737108,0.6892652896,16.019545019,1.0066093082,-0.19888522,-0.070963979,0.7355674637,0.3296787421,0.00068205,4804009.00936965,2.41056152,0.05733442,2.3470316,0.00034522,0.00055112,0.00851416,0.02186862,-0.08751145,-0.04220251,1.55817077,0.01891273,-0.0854175,0.01893918,0.08120185,0.03196594,0.03876711,0.02524636,-0.20869771,0.00956667,0.02555301,1.3434421,0.926968,0.42705543,0.6783138713,0.9476510241,446,1.2693551675,0.2135761997,1.6521765673,0.4086523964
20210430,20210430,242610.0,01W,KOR,0.197448,2021,4,20210331,20210331,103.57478809,2.2480553786,103.57478809,,0.0,-2.22045e-16,0.2163657287,0.0340897666,0.0803160625,0.3116852975,0.5029600982,0.1948142547,-0.699594423,0.1554987479,0.0461184415,0.1950254276,,-0.031538709,0.0628595257,0.0356800054,-0.410813712,1.3375295531,0.3922466768,-0.814163492,-0.127524052,0.0024930403,-2.389e-05,-0.236235096,-0.072802219,-0.163432877,0.00648415,-0.00113062,0.0076147698,0.0085314375,-0.006038397,-0.009889125,0.0328356091,0.0272561212,0.0893335202,0.2126950604,0.0407073272,0.0135147162,0.0449828111,,,0.0085314375,-0.17221587,-19.08469344,-0.178254267,-19.75385919,0.4285653299,0.8142711073,0.8410554789,1.6503746356,0.0028653804,0.3140329105,,,4.0,-0.150903805,-0.091657506,0.0003376252,-0.437858028,-0.174218294,-0.008440376,-0.005580826,-0.002542895,-0.001748692,0.0085185245,0.4109536102,0.520322557,0.5551091563,0.2223362745,-0.457337809,-0.316117074,-0.703493446,0.0392025292,0.0865160562,0.0428127389,0.2059869327,1.0025885979,0.181239639,0.0404791906,0.1791187358,1.497679725,0.3409691967,0.7769148082,0.200568177,0.6967075672,9.0,-2.496558024,2.4170679177,5.4337477493,0.1316902327,-0.404272445,0.0238882048,1.0117430568,0.6755403307,0.1661750571,-0.15154556,0.8647876792,0.0091297359,0.1833679464,0.1706019114,,,0.0026761898,0.6175873991,0.0482695807,0.7666575327,16.608997851,1.0110447024,-0.31544378,-0.436512968,0.7260598448,0.3426700618,0.0001403,5856588.35414496,2.27707054,0.06498152,2.24088466,0.00029973,0.00041465,0.01690495,0.03659631,-0.56238493,-0.01124552,0.78929477,0.03846632,-0.536494,0.03216537,0.39746907,0.05535555,0.0648282,0.03660997,-0.56770657,0.00844482,0.02586015,1.08766825,0.9822854,0.42145133,0.7708856235,1.9108529321,447,1.2668633399,0.2112384079,1.6522428803,0.3994086241
20210531,20210531,242610.0,01W,KOR,0.11096,2021,5,20210430,20210430,129.90300118,2.6919296008,129.90300118,,0.0473900376,-0.046301391,0.1974480818,0.2667373467,0.358178466,0.4456186543,0.5821299317,0.2040018055,-0.770248874,-0.001365747,0.0641924259,0.0311758725,,-0.031538709,0.0628595257,0.0356800054,-0.410813712,1.3375295531,0.3922466768,-0.814163492,-0.127524052,0.0024930403,-2.389e-05,-0.236235096,-0.072802219,-0.163432877,0.00648415,-0.00113062,0.0076147698,0.0085314375,-0.006038397,-0.009889125,0.0328356091,0.0272561212,0.0893335202,0.2126950604,0.0407073272,0.0135147162,0.0449828111,,,0.0085314375,-0.17221587,-19.08469344,-0.178254267,-19.75385919,0.4285653299,0.8142711073,0.8410554789,1.6503746356,0.0028653804,0.3140329105,,,4.0,-0.150903805,-0.091657506,0.0003376252,-0.437858028,-0.174218294,-0.008440376,-0.005580826,-0.002542895,-0.001748692,0.0085185245,0.4109536102,0.520322557,0.5551091563,0.2223362745,-0.457337809,-0.316117074,-0.703493446,0.0392025292,0.0865160562,0.0428127389,0.2059869327,1.0025885979,0.181239639,0.0404791906,0.1791187358,1.497679725,0.3409691967,0.7769148082,0.200568177,0.6967075672,9.0,-2.496558024,2.4170679177,5.4337477493,0.1316902327,-0.404272445,0.0238882048,0.8066870801,0.5386245581,0.1324953709,-0.120830921,0.689516022,0.0072793581,0.1462036752,0.1360250084,,,0.0021337905,0.4752142076,0.0371419342,0.717732301,17.16115511,1.0473168997,0.0910454136,0.0990788871,0.6360479855,0.4129638918,7.27e-05,7683618.0992343,2.06501557,0.07116313,1.9011202,0.00026916,0.00030534,0.01209401,0.04442469,1.68288369,-0.14246529,2.62426562,0.04368872,1.32610022,0.0417731,1.66504987,0.07818946,0.15371417,0.04531949,1.77286829,0.00755747,0.02789469,1.04742877,0.86139472,0.43127236,0.9038243724,2.5824779846,448,1.1424599847,0.1297931966,1.6320856924,0.2124095902
20210630,20210630,242610.0,01W,KOR,0.626717,2021,6,20210531,20210531,146.27601213,2.9906271527,146.27601213,,0.0616070446,-0.05978384,0.1109603876,0.4565348085,0.4477784045,0.8321790941,0.8971094235,0.1664841667,-0.808060842,-0.007016887,0.0749176327,-0.08352461,,-0.031538709,0.0628595257,0.0356800054,-0.410813712,1.3375295531,0.3922466768,-0.814163492,-0.127524052,0.0024930403,-2.389e-05,-0.236235096,-0.072802219,-0.163432877,0.00648415,-0.00113062,0.0076147698,0.0085314375,-0.006038397,-0.009889125,0.0328356091,0.0272561212,0.0893335202,0.2126950604,0.0407073272,0.0135147162,0.0449828111,,,0.0085314375,-0.17221587,-19.08469344,-0.178254267,-19.75385919,0.4285653299,0.8142711073,0.8410554789,1.6503746356,0.0028653804,0.3140329105,,,4.0,-0.150903805,-0.091657506,0.0003376252,-0.437858028,-0.174218294,-0.008440376,-0.005580826,-0.002542895,-0.001748692,0.0085185245,0.4109536102,0.520322557,0.5551091563,0.2223362745,-0.457337809,-0.316117074,-0.703493446,0.0392025292,0.0865160562,0.0428127389,0.2059869327,1.0025885979,0.181239639,0.0404791906,0.1791187358,1.497679725,0.3409691967,0.7769148082,0.200568177,0.6967075672,9.0,-2.496558024,2.4170679177,5.4337477493,0.1316902327,-0.404272445,0.0238882048,0.7163927372,0.4783350707,0.1176648589,-0.107306037,0.6123369056,0.0064645628,0.1298387611,0.1207994159,,,0.0018949504,0.4156284783,0.0324848149,0.7183437841,17.404292022,1.1195785446,0.1812768244,0.2679385527,0.6318039412,0.4532901463,0.0002343,8398267.5425174,1.94361777,0.07289136,1.87904249,0.00025665,0.00028313,0.01630785,0.03610301,-0.31320012,-0.09824133,0.68928633,0.03752859,0.13900004,0.03881885,-0.01174225,0.04779371,0.07282269,0.03757563,-0.4418704,0.00713592,0.02929425,1.19424177,0.95697541,0.47817201,1.0486165393,1.5177035909,449,1.0673398976,0.1287368312,1.6349583164,0.0678424506
20210730,20210731,242610.0,01W,KOR,-0.201486,2021,7,20210630,20210630,239.01187993,4.8649040536,239.01187993,,0.0663460397,-0.064237888,0.6267170079,0.3303173851,0.6733149157,0.7481161107,1.1225068112,0.3196185879,-0.808850795,0.1036721462,0.1224671656,-0.047558254,,-0.031538709,0.0628595257,0.0356800054,-0.410813712,1.3375295531,0.3922466768,-0.814163492,-0.127524052,0.0024930403,-2.389e-05,-0.236235096,-0.072802219,-0.163432877,0.00648415,-0.00113062,0.0076147698,0.0085314375,-0.006038397,-0.009889125,0.0328356091,0.0272561212,0.0893335202,0.2126950604,0.0407073272,0.0135147162,0.0449828111,,,0.0085314375,-0.17221587,-19.08469344,-0.178254267,-19.75385919,0.4285653299,0.8142711073,0.8410554789,1.6503746356,0.0028653804,0.3140329105,,,4.0,-0.150903805,-0.091657506,0.0003376252,-0.437858028,-0.174218294,-0.008440376,-0.005580826,-0.002542895,-0.001748692,0.0085185245,0.4109536102,0.520322557,0.5551091563,0.2223362745,-0.457337809,-0.316117074,-0.703493446,0.0392025292,0.0865160562,0.0428127389,0.2059869327,1.0025885979,0.181239639,0.0404791906,0.1791187358,1.497679725,0.3409691967,0.7769148082,0.200568177,0.6967075672,9.0,-2.496558024,2.4170679177,5.4337477493,0.1316902327,-0.404272445,0.0238882048,0.438434578,0.2927425475,0.0720112587,-0.065671628,0.3747520862,0.0039563325,0.0794617247,0.0739296173,,,0.0011597155,0.2430311723,0.0189949031,0.7214976088,18.152754065,1.1267205684,0.1126057534,1.4997200427,0.6305186603,0.4716840787,1.981e-05,28907341.0987414,2.20729793,0.16797876,1.83220691,8.819e-05,0.00014607,0.02554833,0.09889995,1.00504239,-0.26307528,-3.69590352,0.09887045,0.99408469,0.09805515,0.94076445,0.17708787,0.29890751,0.10142376,1.04565426,0.00549105,0.04117738,1.36341252,1.0,0.45546206,1.4834590896,4.1914053592,450,0.9158906266,0.1276816638,1.6350343778,-0.288056111
20210831,20210831,242610.0,01W,KOR,-0.141864,2021,8,20210730,20210731,190.85439739,3.8846953204,190.85439739,,0.0663460397,-0.064237888,-0.201485728,0.8072181576,1.741282849,1.9391659955,2.1283909277,0.1492944991,-0.807440529,-0.055194282,0.1091679433,0.0559929417,,,,,,,,,,,,,,,,,,,,,,,,,,,,,,,,,,,,,,,,,,,,,,,,,,,,,,,,,,,,,,,,,,,,,,,,,,,,,,,,,,,,,,,,,,,,,,,,1.1549098765,0.335688258,0.7140636849,,0.9496915045,8.206e-05,34618797.4438278,1.8818789,0.18889994,1.63887509,7.191e-05,0.00011931,0.01755866,0.03056195,0.0436381,0.40516071,-0.88050752,0.03109885,-0.2334459,0.03204014,-0.11947605,0.0312336,0.05045386,0.03088963,0.1116427,0.0041987,0.04213027,1.08879776,0.78549726,0.45492458,1.5152049846,0.7226456317,451,,,,-1.520966195
20210930,20210930,242610.0,01W,KOR,-0.012693,2021,9,20210831,20210831,163.77902068,3.3335967309,163.77902068,,0.0663460397,-0.064237888,-0.141864044,0.2989567479,1.1019100771,1.0892738024,1.6439983985,0.2078824074,-0.854729017,0.1643839812,0.0813272137,-0.027582317,,,,,,,,,,,,,,,,,,,,,,,,,,,,,,,,,,,,,,,,,,,,,,,,,,,,,,,,,,,,,,,,,,,,,,,,,,,,,,,,,,,,,,,,,,,,,,,,1.1732570227,0.2700402224,0.4498930926,,0.9291744841,0.00063352,34168198.1954261,1.88493384,0.18427399,1.66547768,6.432e-05,0.00011581,0.01571791,0.02513994,-0.08026051,-0.07616182,1.2972559,0.02261949,0.30845848,0.02081918,0.82440218,0.04083104,0.07040015,0.03427782,0.35443963,0.00326515,0.042557,1.02083282,0.67406344,0.46347176,1.5849185117,0.9331664659,452,,,,-1.582672272
20211029,20211031,242610.0,01W,KOR,0.14814,2021,10,20210930,20210930,161.70018115,3.291283542,161.70018115,,0.0663460397,-0.064237888,-0.012692954,-0.314766192,0.4828801651,0.8652131637,0.9485926712,0.0803160625,-0.666411282,-0.032483972,0.0831263972,-0.165340109,,,,,,,,,,,,,,,,,,,,,,,,,,,,,,,,,,,,,,,,,,,,,,,,,,,,,,,,,,,,,,,,,,,,,,,,,,,,,,,,,,,,,,,,,,,,,,,,1.1858782081,0.1800497675,0.2840572652,,0.8354371201,0.00025675,34498108.1057523,1.88015022,0.17708743,1.72243007,5.88e-05,0.00011303,0.01717175,0.02488332,0.27054467,-0.04042789,2.5285365,0.02400833,-0.43601166,0.02043995,-0.74774875,0.03152214,0.04389873,0.0249924,0.13491167,0.0029945,0.04222667,1.03840661,0.66550759,0.4662848,1.6119255446,0.7276965513,453,,,,-1.596548886
20211130,20211130,242610.0,01W,KOR,-0.26759,2021,11,20211029,20211031,185.6543655,3.7788526476,185.6543655,,0.0663460397,-0.064237888,0.1481395022,-0.152756324,0.2226484456,0.8545769918,0.9884520973,0.358178466,-0.580983181,0.1233405566,0.0853808468,0.0909798206,,,,,,,,,,,,,,,,,,,,,,,,,,,,,,,,,,,,,,,,,,,,,,,,,,,,,,,,,,,,,,,,,,,,,,,,,,,,,,,,,,,,,,,,,,,,,,,,1.1076979228,0.1505855863,0.1955724593,,0.8711028385,5.711e-05,36580668.8686327,1.8286571,0.17992684,1.72080062,5.949e-05,0.00010509,0.01458288,0.04264596,0.63812066,-0.23085573,3.6074883,0.0353896,0.76714586,0.0357135,0.79892768,0.08512501,0.13044209,0.0590712,0.1672734,0.00339454,0.04322397,1.34438245,0.76409555,0.47637575,1.6667449292,1.8899299988,454,,,,-1.667175453
20211230,20211231,242610.0,01W,KOR,0.034005,2021,12,20211130,20211130,135.97519155,2.7676710494,135.97519155,,0.0663460397,-0.064237888,-0.267589581,0.1335662207,0.263565284,1.0446412923,1.0323493064,0.4477784045,-0.604881157,-0.038779585,0.064579938,0.0065879834,,,,,,,,,,,,,,,,,,,,,,,,,,,,,,,,,,,,,,,,,,,,,,,,,,,,,,,,,,,,,,,,,,,,,,,,,,,,,,,,,,,,,,,,,,,,,,,,1.2153112931,0.2145040027,0.2280138871,,0.921686747,0.00025193,36130185.7889173,1.83154124,0.17621318,1.73967859,6.213e-05,0.0001016,0.01332646,0.02370137,0.34390207,-0.00687667,0.97549526,0.02158613,0.70888785,0.02388033,0.59313157,0.02212226,0.03107442,0.02716255,0.14352392,0.00335321,0.04302332,1.42419099,0.55963154,0.48373503,1.7167764962,0.4910825848,455,,,,-1.670352418
20220128,20220131,242610.0,01W,KOR,0.09646,2022,1,20211230,20211231,140.59902803,2.8617857053,140.59902803,,0.0663460397,-0.064237888,0.0340050007,-0.159090667,-0.431094423,0.231140067,0.5485665756,0.6733149157,-0.655463177,-0.007030656,0.0683104522,-0.005822413,,,,,,,,,,,,,,,,,,,,,,,,,,,,,,,,,,,,,,,,,,,,,,,,,,,,,,,,,,,,,,,,,,,,,,,,,,,,,,,,,,,,,,,,,,,,,,,,1.2069616786,0.2515580445,-0.563899228,,0.901594533,0.0017797,15949312.5063248,1.9155738,0.08150445,1.77379091,0.00015373,0.00010218,0.00811572,0.01553298,-0.70285029,1.0037025,1.15661598,0.01568918,-0.50297014,0.01583129,-0.45758859,0.02426002,0.05309535,0.01846545,0.53680415,0.00438655,0.04295253,1.37913827,0.57866181,0.48788336,1.7830624642,0.5375465925,456,,,,-1.69171375
20220228,20220228,242610.0,01W,KOR,0.367401,2022,2,20220128,20220131,154.16120851,3.1378335186,154.16120851,,0.0663460397,-0.064237888,0.0964599875,-0.242683965,-0.263317849,0.0630982714,0.6125629581,1.741282849,-0.529940549,0.0414115729,0.0733148536,,,,,,,,,,,,,,,,,,,,,,,,,,,,,,,,,,,,,,,,,,,,,,,,,,,,,,,,,,,,,,,,,,,,,,,,,,,,,,,,,,,,,,,,,,,,,,,,,1.131620225,0.1388018593,-0.606222287,,0.8853127833,0.00012482,12075750.1061434,2.00565445,0.07003515,1.91492299,0.0001855,9.154e-05,0.01400228,0.05660234,1.89853509,0.13525354,2.28457192,0.05713828,1.88043991,0.05354539,1.51313314,0.07705311,0.18464484,0.05742986,1.6480664,0.00535402,0.04545587,1.25665591,0.63447952,0.4882213,1.9282187066,1.6273104103,457,,,,-1.711280906
20220331,20220331,242610.0,01W,KOR,0.473508,2022,3,20220228,20220228,210.80020508,4.2906769844,210.80020508,,0.0663460397,-0.064237888,0.3674010934,0.1337451101,-0.058724323,0.0492225739,0.6978021052,1.1019100771,-0.289644091,0.2163657287,0.0870453413,-0.035244588,,,,,,,,,,,,,,,,,,,,,,,,,,,,,,,,,,,,,,,,,,,,,,,,,,,,,,,,,,,,,,,,,,,,,,,,,,,,,,,,,,,,,,,,,,,,,,,,1.1980986651,0.1509636213,-0.180402837,,0.9329685363,6.86e-05,15721266.0913091,2.07642629,0.08970609,1.8867081,0.00012706,7.946e-05,0.01381324,0.06782934,2.83052228,-0.07130485,2.78295991,0.07318438,2.85282796,0.0682149,1.45269437,0.10731187,0.27184386,0.08029649,1.76317659,0.00502687,0.0488825,1.49916923,0.86758799,0.50513225,2.2052987856,2.081108896,458,,,,-1.72920543
20220429,20220430,242610.0,01W,KOR,-0.12866,2022,4,20220331,20220331,310.61577775,6.3223466411,310.61577775,,0.0663460397,-0.064237888,0.4735079486,0.4993005858,0.30364854,-0.118034613,0.9086171209,0.4828801651,-0.084248481,0.1974480818,0.1121416928,0.1061889428,,,,,,,,,,,,,,,,,,,,,,,,,,,,,,,,,,,,,,,,,,,,,,,,,,,,,,,,,,,,,,,,,,,,,,,,,,,,,,,,,,,,,,,,,,,,,,,,1.2417065495,0.1505333165,0.2075908956,,0.9609977324,2.296e-05,42284350.7402506,2.10562009,0.18236692,1.82135362,5.59e-05,6.092e-05,0.02351876,0.05827989,1.1406416,0.19790386,-0.52801258,0.05854862,0.62995683,0.05280901,-0.41067389,0.10501907,0.16731737,0.06031901,1.46431185,0.0045735,0.050531,1.26605185,0.919275,0.47994611,2.0933811763,1.9606460761,459,,,,-1.725950653
20220531,20220531,242610.0,01W,KOR,-0.071596,2022,5,20220429,20220430,270.65191037,5.5089126794,270.65191037,,0.0180983219,-0.017936497,-0.128660133,1.01487638,0.6730863124,0.6275012889,1.3486300085,0.2226484456,0.076247625,0.1109603876,0.0903580091,-0.018006805,,,,,,,,,,,,,,,,,,,,,,,,,,,,,,,,,,,,,,,,,,,,,,,,,,,,,,,,,,,,,,,,,,,,,,,,,,,,,,,,,,,,,,,,,,,,,,,,1.2621536943,0.2749027379,0.4327434595,,0.9858253315,5.639e-05,47028030.6601222,1.98811616,0.18759606,1.79136354,5.478e-05,5.847e-05,0.01505682,0.04939122,1.74455356,0.07356401,0.96927347,0.05069361,2.3309519,0.05303152,2.10832739,0.04702327,0.16621394,0.05008333,1.64608453,0.00381927,0.0510179,1.26821588,0.80100096,0.47388751,2.044599716,0.8706868908,460,,,,-1.726123232
20220630,20220630,242610.0,01W,KOR,-0.139839,2022,6,20220531,20220531,251.27429811,5.1144961991,251.27429811,,0.0044639823,-0.004454048,-0.071596067,0.2839262194,0.9904506645,0.652543221,0.8420593401,0.263565284,0.075927125,0.6267170079,0.0268750023,-0.084550523,,,,,,,,,,,,,,,,,,,,,,,,,,,,,,,,,,,,,,,,,,,,,,,,,,,,,,,,,,,,,,,,,,,,,,,,,,,,,,,,,,,,,,,,,,,,,,,,1.2621975776,0.1722716234,0.377271518,,0.9730716568,0.00014667,49424658.1373409,1.89085676,0.19327322,1.74041734,5.527e-05,5.972e-05,0.00787264,0.02623932,0.11875828,-0.24981308,1.61767898,0.02755518,-0.02959485,0.02748603,-0.32366449,0.03507664,0.07138561,0.03227338,-0.00495462,0.00335397,0.05045453,1.29406248,0.74365244,0.47620666,2.0050740906,0.6538230049,461,,,,-1.726123232
20220729,20220731,242610.0,01W,KOR,-0.046147,2022,7,20220630,20220630,216.13639323,4.3992910137,216.13639323,,0.0,-2.498e-16,-0.139838834,-0.191044641,0.7871695248,0.5539518652,0.0513046388,-0.431094423,1.0702750303,-0.201485728,0.0324792653,-0.045537486,,,,,,,,,,,,,,,,,,,,,,,,,,,,,,,,,,,,,,,,,,,,,,,,,,,,,,,,,,,,,,,,,,,,,,,,,,,,,,,,,,,,,,,,,,,,,,,,1.2230412853,-0.057497836,0.5284398642,,0.8541380887,0.00019085,52428353.6041931,1.77898428,0.2062111,1.62717646,7.19e-05,9.869e-05,0.01109085,0.02111139,-0.07116208,-0.16327683,1.78153941,0.02204202,0.08310903,0.02196502,-0.45033247,0.03540214,0.05097915,0.03597489,-0.25522406,0.00276499,0.04125921,1.28656818,0.63966095,0.48582511,1.59510911,0.7779487217,462,,,,-1.673960167
20220831,20220831,242610.0,01W,KOR,0.125574,2022,8,20220729,20220731,206.16224235,4.1962747994,206.16224235,,0.0,-4.02456e-16,-0.046147485,-0.20142299,0.4020154312,0.1641869699,0.1324674526,-0.263317849,0.6791480707,-0.141864044,0.0411807708,-0.020895148,,,,,,,,,,,,,,,,,,,,,,,,,,,,,,,,,,,,,,,,,,,,,,,,,,,,,,,,,,,,,,,,,,,,,,,,,,,,,,,,,,,,,,,,,,,,,,,,1.2061494382,0.0695932372,0.4079053756,,0.9464205313,0.00031429,50947842.4646238,1.82458813,0.19571311,1.69794205,8.973e-05,0.0001151,0.00748262,0.02579437,-0.27597313,0.41854571,3.61968665,0.02684012,-0.3275183,0.02724487,0.16474562,0.03839547,0.09264612,0.03355224,0.73617168,0.00223715,0.0409196,1.51432033,0.61014221,0.48860363,1.585447043,0.8418702312,463,,,,-1.683532917
20220930,20220930,242610.0,01W,KOR,-0.370439,2022,9,20220831,20220831,232.05090045,4.723218639,232.05090045,,0.0,-3.33067e-16,0.1255741973,-0.179533108,-0.022001699,0.5161754141,0.2587829717,-0.058724323,0.3329141386,-0.012692954,0.0537505118,0.1367473966,,,,,,,,,,,,,,,,,,,,,,,,,,,,,,,,,,,,,,,,,,,,,,,,,,,,,,,,,,,,,,,,,,,,,,,,,,,,,,,,,,,,,,,,,,,,,,,,1.2020975847,0.046301142,0.0454521819,,0.9575237235,0.0001194,50398504.7952735,1.80025899,0.18965312,1.69573618,9.314e-05,0.0001115,0.01174134,0.02512776,1.11062995,0.09497869,0.94702211,0.02641367,1.1244478,0.02386692,0.40767342,0.04377809,0.09856852,0.02994001,1.13486899,0.00188315,0.04075617,1.49005364,0.68676033,0.48898082,1.5924016215,0.967433994,464,,,,-1.682136975
20221031,20221031,242610.0,01W,KOR,-0.061441,2022,10,20220930,20220930,146.09029215,2.9735561876,146.09029215,,0.0,-4.85723e-16,-0.37043859,0.0736317794,-0.252932668,0.6504445564,0.435068896,0.30364854,0.2958023685,0.1481395022,0.0066070489,-0.116026422,,,,,,,,,,,,,,,,,,,,,,,,,,,,,,,,,,,,,,,,,,,,,,,,,,,,,,,,,,,,,,,,,,,,,,,,,,,,,,,,,,,,,,,,,,,,,,,,1.3048232334,0.2419837525,-0.233896883,,0.9655017921,0.00054294,23885538.9615737,1.89389777,0.09480157,1.69466807,0.00014813,0.00011398,0.00953197,0.0187997,0.08785511,-0.65552409,1.8544235,0.01541147,1.01492281,0.01860929,0.66030497,0.00937471,0.02078397,0.03194492,-1.05687463,0.00278973,0.04048579,1.67162931,0.4323578,0.50299488,1.5969867762,0.2036756049,465,,,,-1.701184166
20221130,20221130,242610.0,01W,KOR,0.155124,2022,11,20221031,20221031,137.11428689,2.790856464,137.11428689,,0.0,-3.33067e-16,-0.06144149,-0.291381921,-0.460228114,-0.052353743,-0.213106076,0.6730863124,0.52294857,-0.267589581,0.0253477844,0.0739940662,,,,,,,,,,,,,,,,,,,,,,,,,,,,,,,,,,,,,,,,,,,,,,,,,,,,,,,,,,,,,,,,,,,,,,,,,,,,,,,,,,,,,,,,,,,,,,,,1.3065745082,0.1139331383,-0.268297238,,0.8507992895,0.00038449,14585268.770453,1.60957814,0.06625337,1.52818596,0.00021066,0.00011802,0.00905406,0.03140495,0.98287446,-0.27434369,0.94903449,0.02392915,1.66036759,0.01695758,-0.43429849,0.04621675,0.0746908,0.04361595,-0.49652542,0.00432999,0.03949504,1.6995719,0.40579309,0.50524879,1.5325380665,1.0342491986,466,,,,-1.682563684
20221229,20221231,242610.0,01W,KOR,-0.086884,2022,12,20221130,20221130,158.3840194,3.2237856053,158.3840194,,0.0,-1.94289e-16,0.1551241158,-0.409119781,-0.454324267,-0.349553352,0.0083772292,0.9904506645,0.1012483492,0.0340050007,0.0363586131,-0.028691606,,,,,,,,,,,,,,,,,,,,,,,,,,,,,,,,,,,,,,,,,,,,,,,,,,,,,,,,,,,,,,,,,,,,,,,,,,,,,,,,,,,,,,,,,,,,,,,,1.271983624,0.1804628202,-0.178103035,,0.9088507266,0.000314,11983113.5907691,1.81124269,0.05963514,1.66363989,0.00023769,0.00011855,0.00823999,0.03091919,1.06854889,-0.29429746,1.34800421,0.03147657,1.0192661,0.02972109,0.21615984,0.05906816,0.10878432,0.039145,0.50135556,0.00527641,0.03979001,1.73765185,0.46874139,0.5113928,1.4581191427,1.3044617801,467,,,,-1.695149117
20230131,20230131,242610.0,01W,KOR,0.189784,2023,1,20221229,20221231,144.6229885,2.9436903438,144.6229885,,0.0,0.0,-0.086883961,0.0841515687,-0.267203375,-0.49009667,0.126494412,0.7871695248,0.2369995799,0.0964599875,0.0196909814,0.0604671387,,,,,,,,,,,,,,,,,,,,,,,,,,,,,,,,,,,,,,,,,,,,,,,,,,,,,,,,,,,,,,,,,,,,,,,,,,,,,,,,,,,,,,,,,,,,,,,,1.2924622074,0.2623008069,-0.424202276,,0.9369803063,0.00171804,9748429.0458443,2.12820994,0.0494662,1.89410812,0.00028737,0.00011759,0.00570537,0.01416118,0.27399541,0.13786628,1.20275825,0.01401715,0.63833872,0.01454214,0.55868745,0.01883424,0.03352695,0.01778382,0.11446738,0.00649192,0.03985517,1.69652875,0.42801528,0.5147164,1.4528592539,0.4151683354,468,,,,-1.699853713
20230228,20230228,242610.0,01W,KOR,-0.165964,2023,2,20230131,20230131,172.070144,3.5023562064,172.070144,,0.0,-2.08167e-16,0.1897841815,0.0547623576,-0.298499149,-0.465649482,-0.061871726,0.4020154312,0.1265380538,0.3674010934,0.0035439894,,,,,,,,,,,,,,,,,,,,,,,,,,,,,,,,,,,,,,,,,,,,,,,,,,,,,,,,,,,,,,,,,,,,,,,,,,,,,,,,,,,,,,,,,,,,,,,,,1.2823074579,0.0461554353,-0.532946198,,0.7611810682,0.00022176,9933373.8979825,2.12009455,0.05220859,1.86461256,0.00027807,0.00012551,0.00781648,0.02509927,0.04265213,-0.02549541,1.11449576,0.02542109,-0.00490601,0.02463114,0.40730069,0.04208803,0.05236724,0.02977803,-0.33265511,0.00725448,0.03696156,1.75942132,0.50924581,0.51612208,1.3953971743,0.9722303754,469,,,,-1.681279166
20230331,20230331,242610.0,01W,KOR,0.081697,2023,3,20230228,20230228,143.51277257,2.9210927474,143.51277257,,0.0,-1.66533e-16,-0.165963547,0.0864110196,-0.258481033,-0.315209931,-0.183728764,-0.022001699,0.5396027237,0.4735079486,-0.054589783,0.032960644,,,,,,,,,,,,,,,,,,,,,,,,,,,,,,,,,,,,,,,,,,,,,,,,,,,,,,,,,,,,,,,,,,,,,,,,,,,,,,,,,,,,,,,,,,,,,,,,1.316252614,-0.034560263,-0.644434836,,0.472513089,0.00165352,5155476.07107211,1.70231252,0.03214519,1.693435,0.00049242,0.00013624,0.00472885,0.00979828,0.23688796,-0.38818941,0.72100621,0.0088525,-0.13370002,0.00946503,0.29689307,0.00786719,0.0117122,0.01604162,-0.62061765,0.00859507,0.03165421,1.7537358,0.42472957,0.51895816,1.2280011496,0.2091474765,470,,,,-1.498450613
20230428,20230430,242610.0,01W,KOR,-0.08464,2023,4,20230331,20230331,155.23736117,3.1597377831,155.23736117,,0.0,-3.33067e-16,0.0816971785,-0.007676621,-0.017643332,-0.336008294,-0.537973333,-0.252932668,0.9864496194,-0.128660133,-0.035466391,0.150831493,,,,,,,,,,,,,,,,,,,,,,,,,,,,,,,,,,,,,,,,,,,,,,,,,,,,,,,,,,,,,,,,,,,,,,,,,,,,,,,,,,,,,,,,,,,,,,,,1.3094815474,-0.55151551,-0.682872741,,0.0771929825,0.00074345,4918867.01601315,1.79497664,0.03149329,1.74271549,0.00058856,0.00030442,0.00896516,0.02577763,0.16025055,-0.56510299,-0.18856321,0.02385116,0.5433143,0.02133545,0.45286504,0.03587177,0.05243909,0.02668637,-0.22904991,0.00911423,0.02744762,1.84536576,0.47777828,0.51515938,1.1124263154,1.0632966097,471,,,,-0.942365538
20230531,20230531,242610.0,01W,KOR,0.001952,2023,5,20230428,20230430,142.09804612,2.8922970724,142.09804612,,0.0,0.0,-0.08464016,-0.097825122,0.132174952,-0.247013617,-0.426431681,-0.460228114,0.2922071986,-0.071596067,-0.036652218,-0.018089539,,,,,,,,,,,,,,,,,,,,,,,,,,,,,,,,,,,,,,,,,,,,,,,,,,,,,,,,,,,,,,,,,,,,,,,,,,,,,,,,,,,,,,,,,,,,,,,,1.2991093337,-0.379616589,-0.558025967,,0.1495614035,0.00032558,5664910.37500429,1.8805763,0.03538015,1.81054579,0.00052986,0.00036477,0.01093469,0.03238376,0.89327279,0.25386484,0.74972467,0.02996127,1.18372653,0.0309559,1.29603242,0.03465836,0.09163413,0.03243468,0.91000727,0.00809238,0.0255805,1.79814623,0.50114729,0.52052226,1.0669948933,1.0851904348,472,,,,-0.545647172
20230630,20230630,242610.0,01W,KOR,-0.020123,2023,6,20230531,20230531,142.37547281,2.8979438804,142.37547281,,0.0,0.0,0.001952361,-0.009857843,-0.102825862,-0.387642772,-0.434490327,-0.454324267,0.2347096271,-0.139838834,-0.023762109,0.1107765014,,,,,,,,,,,,,,,,,,,,,,,,,,,,,,,,,,,,,,,,,,,,,,,,,,,,,,,,,,,,,,,,,,,,,,,,,,,,,,,,,,,,,,,,,,,,,,,,1.295822741,-0.354796067,-0.437138095,,0.1448639157,0.0016381,4701534.77928628,2.07179541,0.02936368,1.95099517,0.00064462,0.00041593,0.00514111,0.00990146,0.10359376,-0.20185112,1.1483574,0.0104114,0.20345571,0.01019995,0.09896518,0.01645269,0.02476964,0.01270124,0.28872779,0.00839896,0.02467988,1.73215501,0.56234021,0.53912448,1.0940853727,0.5331779813,473,,,,-0.534757827
20230731,20230731,242610.0,01W,KOR,-0.065869,2023,7,20230630,20230630,139.51051104,2.8396297745,139.51051104,,0.0,-3.33067e-16,-0.020122579,-0.082853047,-0.015540515,-0.025428242,-0.341270248,-0.267203375,0.4123491085,-0.046147485,-0.021396208,-0.092037325,,,,,,,,,,,,,,,,,,,,,,,,,,,,,,,,,,,,,,,,,,,,,,,,,,,,,,,,,,,,,,,,,,,,,,,,,,,,,,,,,,,,,,,,,,,,,,,,1.2591351109,-0.481208065,-0.227761653,,0.0880174292,0.00195741,4688406.19163861,2.07896251,0.02930196,1.95639531,0.00066918,0.00047708,0.00525156,0.01108681,0.21521644,0.05337685,1.30842782,0.01015301,0.25656171,0.01050428,0.08493766,0.02303133,0.03619161,0.01808611,0.44534903,0.00895893,0.02400027,1.73536322,0.57103824,0.53769321,1.1043009064,0.779432628,474,,,,-0.522552227
20230831,20230831,242610.0,01W,KOR,-0.042,2023,8,20230731,20230731,130.3210987,2.6525863129,130.3210987,,0.0,-3.33067e-16,-0.065868961,-0.018209505,-0.189223024,0.0174761085,-0.32329747,-0.298499149,0.479757174,0.1255741973,-0.038800132,-0.076621878,,,,,,,,,,,,,,,,,,,,,,,,,,,,,,,,,,,,,,,,,,,,,,,,,,,,,,,,,,,,,,,,,,,,,,,,,,,,,,,,,,,,,,,,,,,,,,,,1.2251848609,-0.460051787,-0.632472015,,0.1292012222,0.00050906,3861028.30474581,2.47456948,0.02487206,2.36355394,0.00077857,0.00049428,0.00582029,0.02930519,-0.11282508,0.0124352,1.18069511,0.02436391,0.68820076,0.02677398,0.48211874,0.04098989,0.09758094,0.03509566,0.73213761,0.00992223,0.02428034,1.73088217,0.53342455,0.53405575,1.0943650555,1.3803081005,475,,,,-0.459593691
20230927,20230930,242610.0,01W,KOR,-0.075602,2023,9,20230831,20230831,124.84766824,2.5411788212,124.84766824,,0.0,-5.55112e-16,-0.041999573,-0.084666087,-0.091919859,-0.177182779,-0.438394342,-0.258481033,0.7179112823,-0.37043859,-0.008942039,0.12967828,,,,,,,,,,,,,,,,,,,,,,,,,,,,,,,,,,,,,,,,,,,,,,,,,,,,,,,,,,,,,,,,,,,,,,,,,,,,,,,,,,,,,,,,,,,,,,,,1.2220941689,-0.742727115,-0.603888654,,0.0585683297,0.00120433,3844525.52214046,2.48572423,0.02525337,2.33654683,0.00076071,0.00067532,0.00801422,0.01820679,1.14160931,0.49453587,1.52186696,0.01585217,1.73372559,0.01758228,1.26297638,0.0224434,0.058253,0.019584,1.02012352,0.0104041,0.02368758,1.6058575,0.57169693,0.53879928,1.0737346755,0.7775779978,476,,,,-0.191984523
20231031,20231031,242610.0,01W,KOR,-0.145882,2023,10,20230927,20230930,115.40892135,2.3490603456,115.40892135,,0.0,-4.16334e-16,-0.075602108,-0.105102065,-0.195762751,-0.136737046,-0.145407498,-0.017643332,0.0379383488,-0.06144149,-0.010229368,-0.073215467,,,,,,,,,,,,,,,,,,,,,,,,,,,,,,,,,,,,,,,,,,,,,,,,,,,,,,,,,,,,,,,,,,,,,,,,,,,,,,,,,,,,,,,,,,,,,,,,1.2219961886,-0.724270605,-1.450361572,,0.1404566997,0.00135973,3516649.01379166,2.72218893,0.02345987,2.51986245,0.00082156,0.00071295,0.00359882,0.0165221,0.9271831,-0.13420895,1.12283928,0.01606081,1.0042158,0.01586799,0.83160289,0.01950756,0.03208117,0.01801121,0.34010743,0.01192494,0.02333754,1.25326234,0.66558325,0.54184436,1.0631852835,0.7141037611,477,,,,-0.025129777
20231130,20231130,242610.0,01W,KOR,0.142283,2023,11,20231031,20231031,98.572877704,2.0063755511,98.572877704,,0.0,-4.44089e-16,-0.145881648,-0.114426424,-0.187821898,-0.329291423,-0.158301268,0.132174952,0.477961748,0.1551241158,-0.037593529,0.0038787204,,,,,,,,,,,,,,,,,,,,,,,,,,,,,,,,,,,,,,,,,,,,,,,,,,,,,,,,,,,,,,,,,,,,,,,,,,,,,,,,,,,,,,,,,,,,,,,,1.1597186111,-0.694980624,-1.430985753,,0.2090909091,0.00220445,2082552.94646981,3.08285213,0.01507943,2.81239505,0.00129072,0.00078663,0.00712502,0.01754602,0.41056,0.68383816,1.62582936,0.01914608,0.42720971,0.01913693,0.72074594,0.02771997,0.08045195,0.02879244,1.65376586,0.01668699,0.02205897,0.99740645,0.56848687,0.53326849,1.0049343397,1.0697566535,478,,,,0.2466202923
20231228,20231231,242610.0,01W,KOR,0.10635,2023,12,20231130,20231130,112.59812833,2.291848803,112.59812833,,0.0,-4.44089e-16,0.1422830595,-0.210454796,-0.307655485,-0.313142127,-0.37763369,-0.102825862,0.4447880034,-0.086883961,-0.016760163,-0.000323073,,,,,,,,,,,,,,,,,,,,,,,,,,,,,,,,,,,,,,,,,,,,,,,,,,,,,,,,,,,,,,,,,,,,,,,,,,,,,,,,,,,,,,,,,,,,,,,,1.1195110414,-0.688184954,-1.560970482,,0.1537804357,0.0018615,1992667.78509145,3.2384282,0.01483733,2.90268426,0.00132299,0.00092015,0.00671632,0.01498435,0.52547619,-0.55748061,1.17695954,0.01163413,0.95732355,0.01030317,-0.09022125,0.04211396,0.04962493,0.02605847,0.17155262,0.02288176,0.02056341,0.89118866,0.64937292,0.53232809,0.9428574669,1.7232896245,479,,,,0.4963920143
20240131,20240131,242610.0,01W,KOR,-0.089913,2024,1,20231228,20231231,124.57298045,2.5355877613,124.57298045,,0.0,-6.38378e-16,0.1063503657,-0.024355076,-0.192905771,-0.274671204,-0.221436858,-0.015540515,0.3106116034,0.1897841815,-0.024345056,0.0335890757,,,,,,,,,,,,,,,,,,,,,,,,,,,,,,,,,,,,,,,,,,,,,,,,,,,,,,,,,,,,,,,,,,,,,,,,,,,,,,,,,,,,,,,,,,,,,,,,1.124307156,-0.780359357,-1.647502595,,0.2323317816,0.00083253,2201934.3019221,3.03094428,0.01700661,2.6596061,0.00114754,0.00088814,0.00668473,0.02344623,0.18147963,-0.70238883,0.1820956,0.02450849,0.05683573,0.02384752,0.08346382,0.03157043,0.05347041,0.02363831,-0.04815942,0.02279512,0.02159531,0.97330368,0.71843397,0.53469508,0.9705330203,1.2684465695,480,,,,0.3134006575
20240229,20240229,242610.0,01W,KOR,0.005545,2024,2,20240131,20240131,113.37221622,2.3076047702,113.37221622,,0.0,-1.66533e-16,-0.089913272,0.2637652806,-0.04410735,-0.1233308,-0.276033729,-0.189223024,0.3843333259,-0.165963547,-0.017431394,,,,,,,,,,,,,,,,,,,,,,,,,,,,,,,,,,,,,,,,,,,,,,,,,,,,,,,,,,,,,,,,,,,,,,,,,,,,,,,,,,,,,,,,,,,,,,,,,1.1165308156,-0.745751057,-0.545334633,,0.2203389831,0.00237066,1497842.34796788,1.68806562,0.01253734,1.66164301,0.00158937,0.00109854,0.00989366,0.01613677,0.45214899,-0.04202804,0.60957662,0.01522064,0.69030268,0.014995,0.10313794,0.02026366,0.04986665,0.02062564,-0.06057462,0.02260994,0.02082713,1.06340367,0.65841759,0.53487191,0.9537151163,0.8450371724,481,,,,0.4619815382
20240329,20240331,242610.0,01W,KOR,-0.005907,2024,3,20240229,20240229,114.00084245,2.3203999765,114.00084245,,0.0,-1.38778e-16,0.0055447997,0.0068747848,-0.091915629,-0.203709642,-0.210020027,-0.091919859,,0.0816971785,-0.024354338,0.11582613,0.0098299375,,,,,,,,,,,,,,,,,,,,,,,,,,,,,,,,,,,,,,,,,,,,,,,,,,,,,,,,,,,,,,,,,,,,,,,,,,,,,,,,,,,,,,,,,,,,,,,1.1063299443,-0.696526364,-0.372019285,,0.3253062949,0.00263543,1361643.47388518,1.66320404,0.01155968,1.6439074,0.00177877,0.00112499,0.00937585,0.00919546,0.63708916,-0.40801709,1.31990927,0.00899699,-0.11253232,0.00800004,0.0319098,0.01650781,0.02254463,0.01369967,-0.17160289,0.02346929,0.02080097,0.98349643,0.66709145,0.53642815,0.9791733205,0.69367154,482,,,,0.4234155467
20240430,20240430,242610.0,01W,KOR,0.027455,2024,4,20240329,20240331,113.32739545,2.3066924776,113.32739545,,0.0,-1.66533e-16,,-0.084867023,-0.01220078,-0.18285123,-0.265635272,-0.195762751,0.3483527861,-0.08464016,,0.0337989654,0.0205863349,,,,,,,,,,,,,,,,,,,,,,,,,,,,,,,,,,,,,,,,,,,,,,,,,,,,,,,,,,,,,,,,,,,,,,,,,,,,,,,,,,,,,,,,,,,,,,,1.1025817257,-0.830896862,-0.51989199,,0.2424756253,0.00261882,1263005.39135557,1.70461978,0.01081419,1.67945698,0.00199207,0.00126096,0.0041965,0.01381011,1.05118942,-0.35631495,0.01541592,0.01449123,1.04552476,0.0134805,0.82518758,0.01856294,0.03687499,0.01386383,0.94685783,0.02248481,0.01992222,0.96559945,0.66315068,0.53452044,0.9468356828,0.8121389638,483,,,,0.5779848735
20240531,20240531,242610.0,01W,KOR,0.197553,2024,5,20240430,20240430,116.43875238,2.3700217688,116.43875238,,0.0,-4.16334e-16,,,,,,-0.187821898,0.3549407975,0.001952361,,-0.028897944,0.0263872057,,,,,,,,,,,,,,,,,,,,,,,,,,,,,,,,,,,,,,,,,,,,,,,,,,,,,,,,,,,,,,,,,,,,,,,,,,,,,,,,,,,,,,,,,,,,,,,1.0898035052,-0.879720281,-0.233477248,,,0.00151564,1372726.96592786,1.62773143,0.01181436,1.60157597,0.00188929,0.00163456,0.01258787,0.02611761,-0.54789294,0.22063127,2.75375084,0.02057093,-0.21463587,0.02139484,-0.50080444,0.04490049,0.07488353,0.03409136,-0.1650607,0.02113474,0.01918925,0.98357219,0.7482933,0.53536247,0.9418584367,1.9440550655,484,,,,0.4471719221
20240628,20240630,242610.0,01W,KOR,-0.057797,2024,6,20240531,20240531,139.44155177,2.8382261611,139.44155177,,0.0,-4.54498e-16,0.1975527814,0.0213850167,0.0341091287,-0.067353407,-0.182171268,-0.307655485,0.6039350847,-0.020122579,,0.1378233878,0.0147657826,,,,,,,,,,,,,,,,,,,,,,,,,,,,,,,,,,,,,,,,,,,,,,,,,,,,,,,,,,,,,,,,,,,,,,,,,,,,,,,,,,,,,,,,,,,,,,,1.0539498938,-0.620016929,0.1518085343,,0.417019475,0.00021649,3944450.30426675,2.1112529,0.02962883,1.96354508,0.00074338,0.00099915,0.01569602,0.0306254,1.91359092,0.15136243,2.87857737,0.02913771,1.50330875,0.02525656,1.51045321,0.05478324,0.1471013,0.03951473,2.14170444,0.01366171,0.02136569,1.12821583,0.89612072,0.53360699,1.0244047434,2.1479397411,485,,,,-0.09674183
20240731,20240731,242610.0,01W,KOR,-0.106729,2024,7,20240628,20240630,131.38219864,2.6741841909,131.38219864,,0.0,0.0,-0.057797357,,0.1193563104,0.2082389311,-0.000494295,-0.192905771,0.466877399,-0.065868961,,-0.081174503,0.0325938899,,,,,,,,,,,,,,,,,,,,,,,,,,,,,,,,,,,,,,,,,,,,,,,,,,,,,,,,,,,,,,,,,,,,,,,,,,,,,,,,,,,,,,,,,,,,,,,1.0372377061,-0.027477077,0.344819845,,0.7275803723,0.00040257,4563761.74511501,2.06911879,0.03353065,1.94739481,0.00065189,0.00087162,0.00911036,0.04960978,2.7926394,-0.07165688,-2.44539099,0.04482288,1.77632813,0.04742428,2.20930807,0.04714716,0.176114,0.04990566,2.459353,0.01262941,0.02521196,1.18293312,0.84881038,0.52776656,1.1401890504,1.6521088461,486,,,,-0.687186448
20240830,20240831,242610.0,01W,KOR,-0.07488,2024,8,20240731,20240731,117.35991258,2.3887712805,117.35991258,,0.0,-2.498e-16,-0.106728965,0.1283373959,0.1588571082,0.3328432902,0.0081421961,-0.04410735,0.6725466942,-0.041999573,,-0.03761228,0.0312443238,,,,,,,,,,,,,,,,,,,,,,,,,,,,,,,,,,,,,,,,,,,,,,,,,,,,,,,,,,,,,,,,,,,,,,,,,,,,,,,,,,,,,,,,,,,,,,,1.0149905054,-0.064437309,0.2594220413,,0.7185402685,0.00049103,5311441.57417663,1.83551294,0.03897821,1.73547978,0.00055071,0.00085844,0.01006028,0.02692467,0.91137447,-0.28570911,1.76670816,0.02426418,0.61771304,0.02596244,0.82978409,0.03490523,0.07712008,0.03052064,0.4504856,0.01184924,0.02494057,1.11200323,0.76921692,0.52425129,1.1361971604,1.2402744119,487,,,,-0.676483739
20240930,20240930,242610.0,01W,KOR,0.124888,2024,9,20240830,20240831,108.57196463,2.2098993196,108.57196463,,0.0,-1.11022e-16,-0.074880321,-0.15835767,0.0294653097,0.0422900836,-0.059975134,-0.091915629,0.7396737681,-0.075602108,,0.0265688999,0.0262497942,,,,,,,,,,,,,,,,,,,,,,,,,,,,,,,,,,,,,,,,,,,,,,,,,,,,,,,,,,,,,,,,,,,,,,,,,,,,,,,,,,,,,,,,,,,,,,,1.0126837829,0.0071040169,0.1676200821,,0.6351464435,0.00237395,5210494.97775739,1.85962539,0.03834416,1.75216331,0.00054331,0.00087851,0.01141954,0.01252558,-0.48507163,0.2147537,1.24685019,0.00929972,-0.00019829,0.01123191,-0.23934786,0.03729576,0.0654028,0.04271719,-2.07677421,0.01446498,0.02487011,1.44876343,0.71161771,0.52317047,1.0813037508,1.2345093421,488,,,,-0.792601933
20241031,20241031,242610.0,01W,KOR,-0.111214,2024,10,20240930,20240930,122.13134603,2.4858901597,122.13134603,,0.0,0.0,0.1248884226,-0.173617387,,-0.128446921,-0.059241146,-0.01220078,0.2136774742,-0.145881648,,-0.003357823,0.0198652856,,,,,,,,,,,,,,,,,,,,,,,,,,,,,,,,,,,,,,,,,,,,,,,,,,,,,,,,,,,,,,,,,,,,,,,,,,,,,,,,,,,,,,,,,,,,,,,0.9688593368,-0.096520509,0.0202235817,,0.552828619,0.00027959,6933443.70296716,2.03469565,0.05113865,1.96464252,0.00040968,0.00071135,0.00490556,0.06843466,2.55725329,0.2211062,2.97985101,0.07411687,2.34796613,0.0660579,1.24373998,0.07721665,0.29860916,0.07671077,3.46401317,0.01407471,0.03077995,1.40599694,0.80049052,0.51984568,1.2586840049,2.133627911,489,,,,-1.468405343
20241129,20241130,242610.0,01W,KOR,-0.064345,2024,11,20241031,20241031,108.54857914,2.2094233258,108.54857914,,0.0,1.94289e-16,-0.111214421,0.0406564162,0.0488891674,0.0772599328,0.2389954405,,0.111834625,0.1422830595,,-0.002751974,0.0180321104,,,,,,,,,,,,,,,,,,,,,,,,,,,,,,,,,,,,,,,,,,,,,,,,,,,,,,,,,,,,,,,,,,,,,,,,,,,,,,,,,,,,,,,,,,,,,,,0.9941955355,0.2319344969,0.2514823322,,0.7888611804,0.00110215,7231880.65032267,1.95892679,0.05356936,1.88759342,0.00042614,0.00070863,0.00700233,0.02473954,0.12370031,0.22046056,1.54978306,0.02614357,0.15683003,0.02681257,0.06806766,0.02492323,0.06085798,0.02696305,0.22996566,0.01172083,0.03110234,1.36858197,0.71146443,0.52097046,1.2880505684,0.6920162419,490,,,,-1.469438806
20241230,20241231,242610.0,01W,KOR,-0.163151,2024,12,20241129,20241130,101.56399314,2.0672574186,101.56399314,,0.0,1.249001e-16,-0.064345255,-0.000215392,-0.221547826,-0.047826518,-0.035964623,0.0341091287,0.2984436846,0.1063503657,,-0.023693579,0.0236669391,,,,,,,,,,,,,,,,,,,,,,,,,,,,,,,,,,,,,,,,,,,,,,,,,,,,,,,,,,,,,,,,,,,,,,,,,,,,,,,,,,,,,,,,,,,,,,,0.9961358796,0.0204839164,-0.404695821,,0.7043010753,0.00251762,4613183.24862399,2.66557305,0.03544275,2.50987866,0.00069153,0.00073523,0.00879678,0.01355575,1.26992932,0.11292067,0.77908756,0.01386993,1.37784158,0.01441084,1.07978336,0.02087682,0.02765731,0.01752161,0.2142015,0.01406315,0.03109329,1.31315182,0.66568507,0.51916604,1.3565958332,0.5865158606,491,,,,-1.43924208
20250131,20250131,242610.0,01W,KOR,0.185299,2025,1,20241230,20241231,84.993703119,1.7299818359,84.993703119,,0.0,1.665335e-16,-0.163151226,-0.168403555,-0.22695773,,-0.184702872,0.1193563104,0.441023544,-0.089913272,,0.049429361,0.0195072659,,,,,,,,,,,,,,,,,,,,,,,,,,,,,,,,,,,,,,,,,,,,,,,,,,,,,,,,,,,,,,,,,,,,,,,,,,,,,,,,,,,,,,,,,,,,,,,1.0465894474,-0.010306859,0.0388276608,,0.6329373208,0.00283276,3650856.42145968,3.11839338,0.02899253,2.86795244,0.00091354,0.00080946,0.0103323,0.02294567,-0.39326105,-0.01252379,2.26413525,0.0199699,-0.22452212,0.0189106,-0.65638975,0.03447245,0.0569178,0.03614804,-0.27093168,0.01907674,0.03069776,1.36349413,0.55707773,0.52265874,1.3815785545,0.9471112265,492,,,,-1.455350105
20250228,20250228,242610.0,01W,KOR,-0.059244,2025,2,20250131,20250131,100.74297175,2.0505461559,100.74297175,,0.0,1.249001e-16,0.1852992404,-0.216998474,-0.275785903,-0.270056563,-0.250312767,0.1588571082,0.4278179537,0.0055447997,,0.0379968021,0.0203552894,,,,,,,,,,,,,,,,,,,,,,,,,,,,,,,,,,,,,,,,,,,,,,,,,,,,,,,,,,,,,,,,,,,,,,,,,,,,,,,,,,,,,,,,,,,,,,,,,,,0.5211898941,0.00114193,3110476.94698468,3.61548444,0.02578555,3.20263456,0.00105841,0.00080173,0.00915126,0.02369813,0.72016205,-0.44818249,-0.19793931,0.02236138,0.9594068,0.02377779,0.60991137,0.04182556,0.06015861,0.02658136,-0.17346181,0.02107678,0.0312666,1.41256509,0.66030381,0.51969356,1.3819870774,1.1314672242,493,,,,-1.466231963
20250331,20250331,242610.0,01W,KOR,-0.116474,2025,3,20250228,20250228,94.774601329,1.9290645399,94.774601329,,0.0,0.0,-0.059243541,-0.008083784,-0.072108789,-0.277525454,-0.116296252,0.0294653097,0.5792264517,,,0.1521193369,0.0121715751,,,,,,,,,,,,,,,,,,,,,,,,,,,,,,,,,,,,,,,,,,,,,,,,,,,,,,,,,,,,,,,,,,,,,,,,,,,,,,,,,,,,,,,,,,,,,,,,,,,0.7,0.0028357,3105942.12565002,3.63727924,0.02578418,3.21711037,0.00110962,0.00081193,0.00591278,0.01393839,0.19915027,0.13887449,0.99057972,,,,,0.023596,0.03591119,0.02028486,0.01601584,0.01951417,0.03141134,1.34019517,0.62118508,0.51740006,1.3389720404,0.6351986056,494,,,,-1.434635382
20250430,20250430,242610.0,01W,KOR,0.210524,2025,4,20250331,20250331,83.735834647,1.7043788849,83.735834647,,0.0,-1.66533e-16,-0.116473892,0.1150779158,-0.223994458,-0.278634379,,,,0.0274545878,-0.02237223,0.0349116341,,,,,,,,,,,,,,,,,,,,,,,,,,,,,,,,,,,,,,,,,,,,,,,,,,,,,,,,,,,,,,,,,,,,,,,,,,,,,,,,,,,,,,,,,,,,,,,,,,,,,0.00415003,1271159.49798942,1.89596261,0.01211426,1.76556159,0.00210432,0.00083455,0.00827133,0.0149572,0.19838069,2.99e-05,1.17624912,,,,,0.02076278,0.04263394,0.01897453,1.14599283,0.02689852,0.0312416,1.29203498,0.54883323,0.46756066,1.2095324566,0.555734131,495,,,,-1.439407872
20250530,20250531,242610.0,01W,KOR,0.057612,2025,5,20250430,20250430,101.3642488,2.0631917754,101.3642488,,0.0,1.387779e-16,0.210524135,-0.168817108,-0.228586543,-0.286503945,-0.280859397,0.0488891674,0.6679670861,0.1975527814,-0.021193016,0.0099877337,,,,,,,,,,,,,,,,,,,,,,,,,,,,,,,,,,,,,,,,,,,,,,,,,,,,,,,,,,,,,,,,,,,,,,,,,,,,,,,,,,,,,,,,,,,,,,,,,,,,0.4360963659,0.00260596,884456.9701125,1.6069757,0.00904265,1.56149231,0.00247159,0.00086995,0.0076309,0.01504043,1.31716536,-0.53655462,1.49661475,,,,,0.05196544,0.09379415,0.03320401,0.12446448,0.03659134,0.03057951,1.31481685,0.66437588,0.47999546,1.1488332322,1.3900385231,496,,,,-1.44992149
20250630,20250630,242610.0,01W,KOR,0.167194,2025,6,20250530,20250531,107.20404323,2.1820563255,107.20404323,,0.0,0.0,0.0576119736,0.0695296776,-0.001966685,-0.066386529,-0.273069989,-0.221547826,1.0002104047,-0.057797357,-0.010701259,0.1149346768,,,,,,,,,,,,,,,,,,,,,,,,,,,,,,,,,,,,,,,,,,,,,,,,,,,,,,,,,,,,,,,,,,,,,,,,,,,,,,,,,,,,,,,,,,,,,,,,,,,,0.3152307064,0.00084875,1245998.97332012,1.89039601,0.01236866,1.78630704,0.00198581,0.00113984,0.01125255,0.02907848,-0.48102449,-0.01368989,-0.96688236,,,,,0.04235597,0.06143838,0.03281279,-0.14337315,0.03727411,0.03020665,1.30067897,0.73151474,0.47652153,1.1102427711,1.1513329396,497,,,,-1.36128541
