date,ret_eom,gvkey,iid,excntry,stock_ret,year,month,char_date,char_eom,me,prc,market_equity,div12m_me,chcsho_12m,eqnpo_12m,ret_1_0,ret_3_1,ret_6_1,ret_9_1,ret_12_1,ret_12_7,ret_60_12,seas_1_1an,seas_1_1na,seas_2_5an,seas_2_5na,at_gr1,sale_gr1,capx_gr1,inv_gr1,debt_gr3,sale_gr3,capx_gr3,inv_gr1a,lti_gr1a,sti_gr1a,coa_gr1a,col_gr1a,cowc_gr1a,ncoa_gr1a,ncol_gr1a,nncoa_gr1a,fnl_gr1a,nfna_gr1a,tax_gr1a,be_gr1a,ebit_sale,gp_at,cop_at,ope_be,ni_be,ebit_bev,netis_at,eqnetis_at,dbnetis_at,oaccruals_at,oaccruals_ni,taccruals_at,taccruals_ni,noa_at,opex_at,at_turnover,sale_bev,rd_sale,cash_at,sale_emp_gr1,emp_gr1,ni_inc8q,noa_gr1a,ppeinv_gr1a,lnoa_gr1a,capx_gr2,saleq_gr1,niq_be,niq_at,niq_be_chg1,niq_at_chg1,rd5_at,dsale_dinv,dsale_drec,dgp_dsale,dsale_dsga,saleq_su,niq_su,capex_abn,op_atl1,gp_atl1,ope_bel1,cop_atl1,pi_nix,ocf_at,op_at,ocf_at_chg1,at_be,ocfq_saleq_std,tangibility,earnings_variability,aliq_at,f_score,o_score,z_score,intrinsic_value,kz_index,ni_ar1,ni_ivol,at_me,be_me,debt_me,netdebt_me,sale_me,ni_me,ocf_me,fcf_me,eqpo_me,eqnpo_me,rd_me,bev_mev,ebitda_mev,aliq_mat,eq_dur,beta_60m,resff3_12_1,resff3_6_1,mispricing_mgmt,mispricing_perf,zero_trades_21d,dolvol_126d,dolvol_var_126d,turnover_126d,turnover_var_126d,zero_trades_126d,zero_trades_252d,bidaskhl_21d,ivol_capm_21d,iskew_capm_21d,coskew_21d,beta_dimson_21d,ivol_ff3_21d,iskew_ff3_21d,ivol_hxz4_21d,iskew_hxz4_21d,rmax5_21d,rmax1_21d,rvol_21d,rskew_21d,ami_126d,ivol_capm_252d,betadown_252d,prc_highprc_252d,corr_1260d,betabab_1260d,rmax5_rvol_21d,age,qmj,qmj_prof,qmj_growth,qmj_safety
20050228,20050228,211952.0,01W,PRT,0.039571,2005,2,20050131,20050131,731.04037989,6.1778524046,731.04037989,0.0191949453,0.0,0.0253178106,0.1089634302,0.0500355918,0.2232483904,0.1911681393,0.3076353318,0.1001556791,0.5068031264,0.1001624775,0.0265174915,-0.036645602,,0.3779828119,0.0222327095,-0.933470603,0.0705758841,1.1679566895,0.206245196,-0.901672812,0.0021571785,-0.117045579,0.2351487817,0.0177629376,-0.004129787,0.0218927242,0.1384229011,0.015977469,0.1224454321,0.3575051042,-0.239401902,0.0023556385,0.0414143193,0.0975441636,0.3409433816,0.1273879321,0.3825381061,0.1686389536,0.057715701,0.3472152233,-0.000218689,0.3474339122,-0.036366826,-1.112145335,-0.275768728,-8.433370086,0.7151048091,0.2499222757,0.3951366825,0.5916878968,,0.2685140985,0.0665226725,-0.042407994,,0.1988954985,0.2788491576,0.0795924888,-0.882375599,,0.0206583127,0.0058522534,,,,-0.103753331,0.0320341478,0.0,,,,-0.920387355,0.1254255195,0.4698141197,0.4864309911,0.1755383809,1.5177800514,0.0690665328,0.0910211059,-0.116039133,3.3820985946,,0.9047427239,0.113592713,0.7510550835,6.0,-0.539534621,1.134399616,491.86462885,-0.894305371,-0.012641355,0.0111404159,2.2219297861,0.6569677743,0.5483106989,0.5483106989,0.7207286647,0.0691247204,0.1460014556,0.142194447,0.0208738612,0.0208738612,,0.9904209797,0.1071675025,0.6004021905,16.069053933,0.5918194068,,,0.387788061,0.4658143939,0.00789462,291810.3185418,3.90439896,0.00046585,3.80019589,0.00816272,0.00854085,0.00238988,0.01217652,0.57451651,0.24688919,2.98931642,,,,,0.02798164,0.04113003,0.01617869,0.57228625,0.28660233,0.0137927,0.93812396,1.0,0.38220646,0.7015807644,1.8633019631,253,-0.195180015,0.9260923598,-0.780720058,0.1028991511
20050331,20050331,211952.0,01W,PRT,-0.044935,2005,3,20050228,20050228,759.96813078,6.4223141065,759.96813078,0.0184643007,0.0,0.0253178106,0.0395706608,0.1203545947,0.3308921241,0.3660992745,0.318096002,-0.02833812,0.6796784739,0.0481123039,0.0257409785,0.0104262463,,0.3779828119,0.0222327095,-0.933470603,0.0705758841,1.1679566895,0.206245196,-0.901672812,0.0021571785,-0.117045579,0.2351487817,0.0177629376,-0.004129787,0.0218927242,0.1384229011,0.015977469,0.1224454321,0.3575051042,-0.239401902,0.0023556385,0.0414143193,0.0975441636,0.3409433816,0.1273879321,0.3825381061,0.1686389536,0.057715701,0.3472152233,-0.000218689,0.3474339122,-0.036366826,-1.112145335,-0.275768728,-8.433370086,0.7151048091,0.2499222757,0.3951366825,0.5916878968,,0.2685140985,0.0665226725,-0.042407994,,0.1988954985,0.2788491576,0.0795924888,-0.882375599,,0.0206583127,0.0058522534,,,,-0.103753331,0.0320341478,0.0,,,,-0.920387355,0.1254255195,0.4698141197,0.4864309911,0.1755383809,1.5177800514,0.0690665328,0.0910211059,-0.116039133,3.3820985946,,0.9047427239,0.113592713,0.7510550835,6.0,-0.539534621,1.134399616,491.86462885,-0.894305371,-0.012641355,0.0111404159,2.1373533036,0.6319606729,0.5274395667,0.5274395667,0.6932945416,0.0664935275,0.140443994,0.1367818969,0.0200793097,0.0200793097,,0.9657392789,0.1048565015,0.5790265186,16.193306855,0.6940233673,,,0.3816315984,0.4977588384,0.008449,302148.2604279,3.73202697,0.00046429,3.73432605,0.00828545,0.00864134,0.00539469,0.0128191,0.25015087,-0.19678886,0.81987823,,,,,0.02140286,0.02994265,0.01400397,0.44075253,0.20115911,0.01343409,0.88254809,1.0,0.39012037,0.7366244278,1.4705079073,254,-0.097590007,0.9260923598,-0.780720058,0.3086974533
20050429,20050430,211952.0,01W,PRT,0.024809,2005,4,20050331,20050331,725.81898954,6.1337276479,725.81898954,0.0193330298,0.0,0.0253178106,-0.044934965,0.152845846,0.3220895405,0.3702623992,0.3073541134,-0.055077112,0.7078436973,-0.047973735,0.0260172303,0.0318073952,,0.3779828119,0.0222327095,-0.933470603,0.0705758841,1.1679566895,0.206245196,-0.901672812,0.0021571785,-0.117045579,0.2351487817,0.0177629376,-0.004129787,0.0218927242,0.1384229011,0.015977469,0.1224454321,0.3575051042,-0.239401902,0.0023556385,0.0414143193,0.0975441636,0.3409433816,0.1273879321,0.3825381061,0.1686389536,0.057715701,0.3472152233,-0.000218689,0.3474339122,-0.036366826,-1.112145335,-0.275768728,-8.433370086,0.7151048091,0.2499222757,0.3951366825,0.5916878968,,0.2685140985,0.0665226725,-0.042407994,,0.1988954985,0.2788491576,0.0795924888,-0.882375599,,0.0206583127,0.0058522534,,,,-0.103753331,0.0320341478,0.0,,,,-0.920387355,0.1254255195,0.4698141197,0.4864309911,0.1755383809,1.5177800514,0.0690665328,0.0910211059,-0.116039133,3.3820985946,,0.9047427239,0.113592713,0.7510550835,6.0,-0.539534621,1.134399616,491.86462885,-0.894305371,-0.012641355,0.0111404159,2.2379138854,0.6616938634,0.5522551316,0.5522551316,0.7259134364,0.0696219892,0.1470517596,0.1432173641,0.0210240234,0.0210240234,,0.9950109995,0.1075955288,0.5683337812,16.045571388,0.7446720212,,,0.3809853399,0.4818858225,0.00895041,297084.11165014,3.78139746,0.00044514,3.87407607,0.00840823,0.00870914,0.00596541,0.0102467,0.49955409,0.54727956,0.70977616,0.00927656,0.00971676,,,0.01406678,0.01603015,0.0109923,0.399442,0.2113028,0.01302925,1.00194416,0.95506504,0.39476473,0.7776279705,0.9968172662,255,0.0,0.9260923598,-0.780720058,0.3086974533
20050531,20050531,211952.0,01W,PRT,-0.075726,2005,5,20050429,20050430,727.09360432,6.1444991213,727.09360432,0.0192991384,0.0,0.0480695674,0.0248090701,-0.00714241,0.1561340844,0.346848782,0.3115270538,0.0386839916,0.5838132494,-0.033041061,0.0312763331,0.0223167735,,1.9445962493,0.8050828008,29.942585441,8.061390604,5.0006377963,1.1337619471,2.6396030698,0.0895841987,0.010419571,-0.052377483,0.19533871,0.0979769244,0.0973617856,0.5069264324,0.0093679243,0.4975585081,0.3545994831,-0.396557395,0.0037203709,0.0489359889,0.0858190671,0.209003538,0.0366245362,0.3328659687,0.4736268453,0.0223918457,0.088449985,-0.007834486,0.0962844712,0.0105836331,0.1946735943,-0.385973762,-7.099537454,2.270750522,0.1617953688,0.3120375295,0.2609192399,,0.03889892,-0.131414746,0.7005338942,,1.7518000656,2.9479619284,0.3786288975,1.0585915571,,0.0558948781,0.016526685,,,,-7.545321304,-2.843549987,0.0,,,,0.946854868,0.1390089982,0.6154310342,0.5802305766,0.1078444718,1.2535342773,0.0437824104,0.0472081693,-0.025284122,8.7118137478,,0.8529210338,0.9729719562,1.4011725339,6.0,-1.870458751,0.541442948,3613.8334114,-1.337835139,-0.465865019,0.0092129706,6.2584433758,0.71838581,3.589688445,3.346241757,1.3080368081,0.3402468049,0.2740097364,0.1555716165,0.0893775288,0.0893775288,,1.1534532061,0.0679781914,1.1941216112,6.4158976436,0.7937581264,,,0.283884766,0.542105841,0.00882492,288017.43896667,3.92907196,0.00042424,4.09025427,0.00847636,0.0086963,0.00566673,0.01099594,1.05345168,-0.14984014,0.4268712,0.01040805,0.89024099,,,0.01681906,0.02879127,0.0109977,1.04656142,0.27336161,0.01307195,0.85322573,0.95674223,0.40396749,0.8018522572,1.2016756515,256,-0.855896103,0.4458963214,-0.529840445,-0.92609236
20050630,20050630,211952.0,01W,PRT,-0.011964,2005,6,20050531,20050531,672.03371782,5.6792008127,672.03371782,,0.0,0.0227517568,-0.075725995,-0.021240689,0.1399489952,0.3541687131,0.3899916176,0.1731701809,0.512246023,0.0364122421,0.0210819479,-0.011923604,,1.9445962493,0.8050828008,29.942585441,8.061390604,5.0006377963,1.1337619471,2.6396030698,0.0895841987,0.010419571,-0.052377483,0.19533871,0.0979769244,0.0973617856,0.5069264324,0.0093679243,0.4975585081,0.3545994831,-0.396557395,0.0037203709,0.0489359889,0.0858190671,0.209003538,0.0366245362,0.3328659687,0.4736268453,0.0223918457,0.088449985,-0.007834486,0.0962844712,0.0105836331,0.1946735943,-0.385973762,-7.099537454,2.270750522,0.1617953688,0.3120375295,0.2609192399,,0.03889892,-0.131414746,0.7005338942,,1.7518000656,2.9479619284,0.3786288975,1.0585915571,,0.0558948781,0.016526685,,,,-7.545321304,-2.843549987,0.0,,,,0.946854868,0.1390089982,0.6154310342,0.5802305766,0.1078444718,1.2535342773,0.0437824104,0.0472081693,-0.025284122,8.7118137478,,0.8529210338,0.9729719562,1.4011725339,6.0,-1.870458751,0.541442948,3613.8334114,-1.337835139,-0.465865019,0.0092129706,6.7711991689,0.7772433347,3.8837924953,3.6204001608,1.415204583,0.3681233086,0.296459421,0.168317637,0.0967002516,0.0967002516,,1.173906565,0.0691836,1.2158976919,5.3575689852,0.8106724582,,,0.2370499982,0.5468163345,0.00895803,287193.23089858,3.95164272,0.00042111,4.13204296,0.00846968,0.00868424,0.00312677,0.01034256,-0.08522795,0.52722558,0.50805702,0.00921911,-0.7559695,,,0.01109014,0.01998685,0.01091031,0.35368301,0.3292166,0.01207745,0.85680134,0.88429197,0.40814571,0.8296491784,0.8359924179,257,-0.937410018,0.4199125273,-0.529840445,-1.049781318
20050729,20050731,211952.0,01W,PRT,0.029429,2005,7,20050630,20050630,663.99381008,5.6112574204,663.99381008,,0.0,0.0227517568,-0.011963548,-0.052795616,0.0429125275,0.196017446,0.239596627,0.1765062181,0.6515327812,-0.028332116,0.0225699995,0.0138827191,,1.9445962493,0.8050828008,29.942585441,8.061390604,5.0006377963,1.1337619471,2.6396030698,0.0895841987,0.010419571,-0.052377483,0.19533871,0.0979769244,0.0973617856,0.5069264324,0.0093679243,0.4975585081,0.3545994831,-0.396557395,0.0037203709,0.0489359889,0.0858190671,0.209003538,0.0366245362,0.3328659687,0.4736268453,0.0223918457,0.088449985,-0.007834486,0.0962844712,0.0105836331,0.1946735943,-0.385973762,-7.099537454,2.270750522,0.1617953688,0.3120375295,0.2609192399,,0.03889892,-0.131414746,0.7005338942,,1.7518000656,2.9479619284,0.3786288975,1.0585915571,,0.0558948781,0.016526685,,,,-7.545321304,-2.843549987,0.0,,,,0.946854868,0.1390089982,0.6154310342,0.5802305766,0.1078444718,1.2535342773,0.0437824104,0.0472081693,-0.025284122,8.7118137478,,0.8529210338,0.9729719562,1.4011725339,6.0,-1.870458751,0.541442948,3613.8334114,-1.337835139,-0.465865019,0.0092129706,6.8531876087,0.7866545139,3.9308190381,3.6642374418,1.432340457,0.3725806957,0.3000490725,0.1703556956,0.0978711376,0.0978711376,,1.1769540383,0.0693632013,1.2027378094,5.1883447331,0.8390201382,,,0.2305514327,0.5366710584,0.00863843,195996.94724094,1.48251233,0.00027958,1.47557431,0.00883966,0.00869575,0.00427922,0.00777652,0.30436696,0.89935609,-0.00986668,,,,,0.00999792,0.01422759,0.00786065,0.24214709,0.28626933,0.01196202,0.59363443,0.8737127,0.39651007,0.8007136027,0.7612120232,258,-0.937410018,0.4458963214,-0.529840445,-0.994691794
20050831,20050831,211952.0,01W,PRT,0.026207,2005,8,20050729,20050731,683.53417508,5.7763885051,683.53417508,,0.0,0.0227517568,0.0294285349,-0.086783591,-0.070811927,0.081994048,0.2604786809,0.2232483904,0.3835562377,0.0192694858,0.0234935494,0.0019930923,,2.3251016173,0.8050828008,29.942585441,8.061390604,5.0006377963,1.1337619471,2.6396030698,0.0895841987,-0.006682581,-0.052377483,0.19533871,0.0838961001,0.0973617856,0.7219975063,0.0777857523,0.6442117541,0.3518204019,-0.358502983,0.0037203709,0.0426392776,0.1032041237,0.209003538,0.0366245362,0.3328659687,0.4443085512,0.0358953024,0.088449985,-0.007834486,0.3518204019,0.0105836331,0.1946735943,-0.385973762,-7.099537454,2.270750522,0.2001406481,0.4041458978,0.3478087998,,0.03889892,-0.131414746,0.7005338942,,1.7518000656,2.9479619284,0.3786288975,1.0585915571,2.6236342631,0.0299320283,0.0034357975,-0.018164855,-0.005890363,,-7.545321304,-2.843549987,0.0,,,,0.946854868,0.2084980455,0.6154310342,0.5802305766,0.1078444718,1.3321455578,0.0830285674,0.0627042628,-0.025284122,9.3635267367,,0.8529210338,0.9729719562,1.4011725339,6.0,-1.870458751,0.541442948,3613.8334114,-1.337835139,-0.465865019,0.0092129706,6.9677671451,0.744139184,3.511349858,3.511349858,1.831442134,0.3306274027,0.5785237242,0.1654856941,0.0950732706,0.0950732706,,1.1672022803,0.0968465572,1.2133278411,5.5927111134,0.8934896506,,,0.2511441799,0.4947834321,0.00729971,208939.36288102,2.42263332,0.00030033,2.4896408,0.00876521,0.00859482,0.00517906,0.00964056,-0.96691298,0.21343884,0.6743298,,,,,0.01072056,0.01776147,0.00964141,-0.94715214,0.31490384,0.01087449,0.33199751,0.89942479,0.40400965,0.7404956826,0.9116100556,259,-0.083478387,1.1197667396,-0.333913548,-0.769839633
20050930,20050930,211952.0,01W,PRT,0.148842,2005,9,20050831,20050831,701.44744888,5.9277694201,701.44744888,,0.0,0.0227517568,0.0262068444,0.017112917,-0.079877152,0.0716558246,0.2730418597,0.3308921241,0.4661775637,0.0464922099,0.0216494253,-0.035649887,,2.3251016173,0.8050828008,29.942585441,8.061390604,5.0006377963,1.1337619471,2.6396030698,0.0895841987,-0.006682581,-0.052377483,0.19533871,0.0838961001,0.0973617856,0.7219975063,0.0777857523,0.6442117541,0.3518204019,-0.358502983,0.0037203709,0.0426392776,0.1032041237,0.209003538,0.0366245362,0.3328659687,0.4443085512,0.0358953024,0.088449985,-0.007834486,0.3518204019,0.0105836331,0.1946735943,-0.385973762,-7.099537454,2.270750522,0.2001406481,0.4041458978,0.3478087998,,0.03889892,-0.131414746,0.7005338942,,1.7518000656,2.9479619284,0.3786288975,1.0585915571,2.6236342631,0.0299320283,0.0034357975,-0.018164855,-0.005890363,,-7.545321304,-2.843549987,0.0,,,,0.946854868,0.2084980455,0.6154310342,0.5802305766,0.1078444718,1.3321455578,0.0830285674,0.0627042628,-0.025284122,9.3635267367,,0.8529210338,0.9729719562,1.4011725339,6.0,-1.870458751,0.541442948,3613.8334114,-1.337835139,-0.465865019,0.0092129706,6.7898271999,0.7251356664,3.4216784628,3.4216784628,1.784671525,0.3221839774,0.5637496255,0.1612595891,0.0926453289,0.0926453289,,1.1604610558,0.0962872159,1.2063085433,5.9436134203,0.8851357954,,,0.2528108466,0.5059117965,0.0093012,175236.69947762,2.81410586,0.00025489,2.8738378,0.00887172,0.00868653,0.00496547,0.00925883,0.28220492,0.04654681,0.56162106,,,,,0.01572871,0.02350024,0.01072255,0.316766,0.3857552,0.01039841,0.10674972,0.92299587,0.41712062,0.7070303208,1.4140916569,260,-0.083478387,1.1197667396,-0.333913548,-0.699854212
20051031,20051031,211952.0,01W,PRT,0.002525,2005,10,20050930,20050930,805.85242872,6.8100716479,805.85242872,,0.0,0.0227517568,0.1488421977,0.0564066084,-0.01133815,0.0885589702,0.248365021,0.3220895405,0.6183071306,0.0921583495,0.0268025024,0.0041513116,,2.3251016173,0.8050828008,29.942585441,8.061390604,5.0006377963,1.1337619471,2.6396030698,0.0895841987,-0.006682581,-0.052377483,0.19533871,0.0838961001,0.0973617856,0.7219975063,0.0777857523,0.6442117541,0.3518204019,-0.358502983,0.0037203709,0.0426392776,0.1032041237,0.209003538,0.0366245362,0.3328659687,0.4443085512,0.0358953024,0.088449985,-0.007834486,0.3518204019,0.0105836331,0.1946735943,-0.385973762,-7.099537454,2.270750522,0.2001406481,0.4041458978,0.3478087998,,0.03889892,-0.131414746,0.7005338942,,1.7518000656,2.9479619284,0.3786288975,1.0585915571,2.6236342631,0.0299320283,0.0034357975,-0.018164855,-0.005890363,,-7.545321304,-2.843549987,0.0,,,,0.946854868,0.2084980455,0.6154310342,0.5802305766,0.1078444718,1.3321455578,0.0830285674,0.0627042628,-0.025284122,9.3635267367,,0.8529210338,0.9729719562,1.4011725339,6.0,-1.870458751,0.541442948,3613.8334114,-1.337835139,-0.465865019,0.0092129706,5.9101478111,0.631188224,2.9783711547,2.9783711547,1.5534522745,0.2804423253,0.490711106,0.140367049,0.080642345,0.080642345,,1.122669831,0.0931515555,1.1893870841,7.6783645829,0.8895928266,,,0.2505232649,0.4898542107,0.00715492,256723.34657695,2.94842491,0.00035935,2.87299088,0.00851805,0.00859776,0.00428757,0.01298169,-0.30024429,0.34599791,0.34906157,,,,,0.02347214,0.02777778,0.01323468,-0.31111593,0.40237344,0.0107882,0.00580653,1.0,0.40177825,0.706661059,2.0583964339,261,-0.083478387,1.1197667396,-0.333913548,-0.769839633
20051130,20051130,211952.0,01W,PRT,0.070778,2005,11,20051031,20051031,807.88743765,6.8272690355,807.88743765,,0.0,0.0227517568,0.0025252873,0.1789497264,0.1083200621,0.1277039852,0.3131561142,0.1561340844,0.9357443675,0.0393593933,0.0234539473,,,1.8699065955,0.8050828008,29.942585441,3.3398448575,5.0006377963,1.1337619471,2.6396030698,0.0358440345,-0.090868592,-0.052377483,0.0989673211,0.1484369527,-0.049469632,0.6539445874,0.0093679243,0.4975585081,0.3545994831,-0.396557395,0.0037203709,0.0024922093,0.1298642161,0.209003538,0.0366245362,0.3328659687,0.1328179429,0.0223918457,0.088449985,-0.007834486,0.0962844712,0.0105836331,0.1946735943,-0.385973762,-7.099537454,2.270750522,0.2530063001,0.5021497635,0.2609192399,,0.0139361587,-0.131414746,0.7005338942,,1.7518000656,2.9479619284,0.3786288975,1.0585915571,2.3777241172,0.0211577271,0.0022595895,-0.548258697,-0.11921525,,-7.545321304,-2.843549987,0.0,,,,0.946854868,0.2455318914,0.6154310342,0.5802305766,0.1078444718,2.2705344047,0.0550285525,0.085553966,-0.025284122,9.8812213373,,0.8529210338,0.9729719562,1.3706637084,6.0,-1.870458751,0.541442948,3613.8334114,-1.337835139,-0.465865019,0.0092129706,5.7796720205,0.5849147411,3.230696986,3.0115965005,1.9567672975,0.0776871727,0.3180469852,0.1400134748,0.0804392129,0.0804392129,,1.124698423,0.0662835426,1.2431471945,7.7077225904,0.8781395285,,,0.3017325197,0.496939169,0.00674424,356314.50400747,3.00675488,0.00047589,2.88310571,0.00815545,0.00847284,0.00456394,0.01207505,2.3691302,-0.19416474,0.03186375,,,,,0.01625188,0.04453938,0.01244392,2.39738355,0.33531961,0.01083394,0.01435846,0.95581076,0.39311979,0.666012884,1.4190420132,262,-0.789352217,0.1399708424,-0.526234812,-0.979795897
20051230,20051231,211952.0,01W,PRT,0.099011,2005,12,20051130,20051130,865.06837981,7.3104918926,865.06837981,,0.0,0.0227517568,0.0707783529,0.1517433543,0.2021531305,0.0875179575,0.2666188608,0.1399489952,0.7230837474,0.0102719027,0.0289545337,0.0129940572,,1.8699065955,0.8050828008,29.942585441,3.3398448575,5.0006377963,1.1337619471,2.6396030698,0.0358440345,-0.090868592,-0.052377483,0.0989673211,0.1484369527,-0.049469632,0.6539445874,0.0093679243,0.4975585081,0.3545994831,-0.396557395,0.0037203709,0.0024922093,0.1298642161,0.209003538,0.0366245362,0.3328659687,0.1328179429,0.0223918457,0.088449985,-0.007834486,0.0962844712,0.0105836331,0.1946735943,-0.385973762,-7.099537454,2.270750522,0.2530063001,0.5021497635,0.2609192399,,0.0139361587,-0.131414746,0.7005338942,,1.7518000656,2.9479619284,0.3786288975,1.0585915571,2.3777241172,0.0211577271,0.0022595895,-0.548258697,-0.11921525,,-7.545321304,-2.843549987,0.0,,,,0.946854868,0.2455318914,0.6154310342,0.5802305766,0.1078444718,2.2705344047,0.0550285525,0.085553966,-0.025284122,9.8812213373,,0.8529210338,0.9729719562,1.3706637084,6.0,-1.870458751,0.541442948,3613.8334114,-1.337835139,-0.465865019,0.0092129706,5.3976362194,0.5462519293,3.0171482056,2.8125302425,1.827425155,0.0725520575,0.297024108,0.1307585967,0.0751221881,0.0751221881,,1.1051989148,0.0651343488,1.2262562052,8.4761744157,0.8946480808,,,0.2924376479,0.5047970027,0.00742522,434749.17992891,2.54216519,0.00056565,2.4864776,0.00792345,0.00835936,0.00442956,0.00889788,0.59994497,-0.00856664,1.0154368,,,,,0.01742909,0.01962578,0.00924963,0.55126633,0.27651746,0.01097789,0.12245716,1.0,0.42044852,0.7280836199,1.497986309,263,-0.789352217,0.1399708424,-0.526234812,-0.909810476
20060131,20060131,211952.0,01W,PRT,0.125866,2006,1,20051230,20051231,950.71975104,8.0343117312,950.71975104,,0.0,0.0227517568,0.0990110993,0.0734823759,0.3028259702,0.2192789438,0.3424782515,0.0429125275,0.7398146772,0.1089634302,0.0280497763,0.0006457291,,1.8699065955,0.8050828008,29.942585441,3.3398448575,5.0006377963,1.1337619471,2.6396030698,0.0358440345,-0.090868592,-0.052377483,0.0989673211,0.1484369527,-0.049469632,0.6539445874,0.0093679243,0.4975585081,0.3545994831,-0.396557395,0.0037203709,0.0024922093,0.1298642161,0.209003538,0.0366245362,0.3328659687,0.1328179429,0.0223918457,0.088449985,-0.007834486,0.0962844712,0.0105836331,0.1946735943,-0.385973762,-7.099537454,2.270750522,0.2530063001,0.5021497635,0.2609192399,,0.0139361587,-0.131414746,0.7005338942,,1.7518000656,2.9479619284,0.3786288975,1.0585915571,2.3777241172,0.0211577271,0.0022595895,-0.548258697,-0.11921525,,-7.545321304,-2.843549987,0.0,,,,0.946854868,0.2455318914,0.6154310342,0.5802305766,0.1078444718,2.2705344047,0.0550285525,0.085553966,-0.025284122,9.8812213373,,0.8529210338,0.9729719562,1.3706637084,6.0,-1.870458751,0.541442948,3613.8334114,-1.337835139,-0.465865019,0.0092129706,4.9113573311,0.4970395018,2.7453300586,2.5591463493,1.6627904451,0.0660157642,0.2702648847,0.1189784132,0.0683543489,0.0683543489,,1.0772235082,0.0634856321,1.2217533878,9.4543076121,0.9379983942,,,0.2892325197,0.5188547534,0.00552911,688537.34267416,1.86719037,0.00082404,1.88068416,0.00732427,0.0082061,0.00421547,0.0131133,0.53383141,-0.16259522,1.65955389,,,,,0.02499981,0.03816247,0.01454017,0.93080989,0.2112165,0.01141058,0.165093,0.98129974,0.42731849,0.7647285871,2.0783665985,264,-0.789352217,0.1399708424,-0.526234812,-1.049781318
20060228,20060228,211952.0,01W,PRT,0.098201,2006,2,20060131,20060131,1070.3827681,9.0455560869,1070.3827681,,0.0,0.0227517568,0.1258657107,0.1767972947,0.390888394,0.3075617024,0.3304302547,-0.070811927,0.6303078587,0.0395706608,0.0358947809,-0.008337957,,1.884537112,0.8050828008,29.942585441,8.061390604,5.0006377963,1.1337619471,2.6396030698,0.0895841987,-0.088700742,-0.052377483,0.19533871,0.0753138289,0.0973617856,0.7306825724,0.1101276199,0.6205549525,0.3830568324,-0.471757574,0.0037203709,0.00059716,0.1447081245,0.209003538,0.0366245362,0.3328659687,0.1303474051,0.0824889589,0.088449985,-0.007834486,0.3830568324,0.0105836331,0.1946735943,-0.385973762,-7.099537454,2.270750522,0.2998945897,0.5986557439,0.5700368184,,0.03889892,-0.131414746,0.7005338942,,1.7518000656,2.9479619284,0.3786288975,1.0585915571,2.2699852208,0.0205816186,0.0020829023,-7.6694e-05,-0.003769351,,-7.545321304,-2.843549987,0.0,,,,0.946854868,0.2976931536,0.6154310342,0.5802305766,0.1078444718,2.7814464307,0.0583104538,0.1032030936,-0.025284122,9.6992831461,,0.8529210338,0.9729719562,1.4011725339,6.0,-1.870458751,0.541442948,3613.8334114,-1.337835139,-0.465865019,0.0092129706,4.3773242623,0.451303895,2.0512442678,2.0512442678,1.7644892693,0.0588262916,0.2552437642,0.1056772687,0.0607127016,0.0607127016,,1.0144698342,0.1480554705,1.095393375,10.558729375,0.9172927546,,,0.2371519318,0.5412030037,0.00390664,1311542.81090016,1.9740362,0.00136917,1.84883794,0.00631227,0.00750922,0.00304289,0.01152134,1.46183541,-0.11667557,1.457778,,,,,0.02391322,0.03531463,0.01347831,0.56579072,0.16990924,0.01121195,0.21091256,0.97470243,0.43463478,0.7454191451,2.0303571149,265,-1.227881227,-0.464285714,-0.43852901,-0.892857143
20060331,20060331,211952.0,01W,PRT,0.067567,2006,3,20060228,20060228,1175.4958822,9.9338425926,1175.4958822,,0.0,0.0227517568,0.0982014259,0.2373389123,0.5259628784,0.5927515834,0.4408696404,-0.079877152,0.8463043514,-0.044934965,0.04890718,0.0147475312,,1.884537112,0.8050828008,29.942585441,8.061390604,5.0006377963,1.1337619471,2.6396030698,0.0895841987,-0.088700742,-0.052377483,0.19533871,0.0753138289,0.0973617856,0.7306825724,0.1101276199,0.6205549525,0.3830568324,-0.471757574,0.0037203709,0.00059716,0.1447081245,0.209003538,0.0366245362,0.3328659687,0.1303474051,0.0824889589,0.088449985,-0.007834486,0.3830568324,0.0105836331,0.1946735943,-0.385973762,-7.099537454,2.270750522,0.2998945897,0.5986557439,0.5700368184,,0.03889892,-0.131414746,0.7005338942,,1.7518000656,2.9479619284,0.3786288975,1.0585915571,2.2699852208,0.0205816186,0.0020829023,-7.6694e-05,-0.003769351,,-7.545321304,-2.843549987,0.0,,,,0.946854868,0.2976931536,0.6154310342,0.5802305766,0.1078444718,2.7814464307,0.0583104538,0.1032030936,-0.025284122,9.6992831461,,0.8529210338,0.9729719562,1.4011725339,6.0,-1.870458751,0.541442948,3613.8334114,-1.337835139,-0.465865019,0.0092129706,3.9859029128,0.4109481962,1.8678215302,1.8678215302,1.6067082302,0.053566031,0.2324198077,0.0962275828,0.0552837577,0.0552837577,,0.9828381143,0.1434390205,1.0795946159,11.343356494,0.9097156728,,,0.2398643501,0.53381664,0.00397454,1914694.14567269,1.61221909,0.00190274,1.51365106,0.00559145,0.0069478,0.00370402,0.018262,0.97982697,-0.88088921,0.12882071,,,,,0.03287708,0.04084843,0.01835192,0.99603596,0.07590958,0.01176359,0.08948729,0.97714265,0.42226721,0.7322087747,2.6835617689,266,-1.140175425,-0.464285714,-0.43852901,-0.769839633
20060428,20060430,211952.0,01W,PRT,0.104389,2006,4,20060331,20060331,1254.9210225,10.605045999,1254.9210225,,0.0,0.0227517568,0.0675673487,0.2364273288,0.4586986901,0.7703416273,0.6568139712,-0.01133815,0.7882196707,0.0248090701,0.0527942963,0.0131687956,,1.884537112,0.8050828008,29.942585441,8.061390604,5.0006377963,1.1337619471,2.6396030698,0.0895841987,-0.088700742,-0.052377483,0.19533871,0.0753138289,0.0973617856,0.7306825724,0.1101276199,0.6205549525,0.3830568324,-0.471757574,0.0037203709,0.00059716,0.1447081245,0.209003538,0.0366245362,0.3328659687,0.1303474051,0.0824889589,0.088449985,-0.007834486,0.3830568324,0.0105836331,0.1946735943,-0.385973762,-7.099537454,2.270750522,0.2998945897,0.5986557439,0.5700368184,,0.03889892,-0.131414746,0.7005338942,,1.7518000656,2.9479619284,0.3786288975,1.0585915571,2.2699852208,0.0205816186,0.0020829023,-7.6694e-05,-0.003769351,,-7.545321304,-2.843549987,0.0,,,,0.946854868,0.2976931536,0.6154310342,0.5802305766,0.1078444718,2.7814464307,0.0583104538,0.1032030936,-0.025284122,9.6992831461,,0.8529210338,0.9729719562,1.4011725339,6.0,-1.870458751,0.541442948,3613.8334114,-1.337835139,-0.465865019,0.0092129706,3.7336313419,0.3849388955,1.7496053363,1.7496053363,1.5050181443,0.0501757862,0.2177097379,0.090137248,0.0517847963,0.0517847963,,0.9602149565,0.1401373134,1.0982944071,11.849049696,0.9363274823,,,0.2408903419,0.5510854883,0.0051942,2243043.64896326,1.37767815,0.00212085,1.33144455,0.00535241,0.00663999,0.00393394,0.01225377,0.16280948,-0.20629242,-0.13520406,,,,,0.02050232,0.02395687,0.01239757,-0.0041012,0.02243035,0.01189289,0.11795393,0.99037832,0.41075922,0.6961790258,1.666770754,267,-1.214787431,-0.464285714,-0.404929144,-0.769839633
20060531,20060531,211952.0,01W,PRT,-0.064307,2006,5,20060428,20060430,1323.4650923,11.184296009,1323.4650923,0.0464399159,0.0,0.0461113505,0.1043888194,0.1724039846,0.5533364724,0.835930182,0.725941495,0.1083200621,0.8143340416,-0.075725995,0.0691683703,0.0108764112,,-0.09940305,0.8975874614,3.5018935956,-0.525326142,2.8152650778,2.5014562447,8.267560147,-0.058737417,-0.033056568,0.0182816724,-0.11158285,-0.068251518,-0.043331331,0.0160369768,0.1183272089,-0.102290232,-0.223560668,0.2087857721,0.006855999,0.1662550822,0.1116064103,0.4403773442,0.0954907322,0.2458282243,0.3275514115,0.0691495696,-0.127871083,1.18032e-05,-0.127882887,0.0023335711,0.0242560984,0.2111193432,2.1944613211,0.6400121966,0.3425530408,0.4173451852,0.6195842099,,0.0614201908,0.8402585351,0.0306748466,,-0.131146336,-0.051776585,-0.003861345,138.30022723,-0.038596143,0.7453436569,0.0768452313,0.6894487788,0.0603185463,,1.587219125,1.0527092012,0.0,,,,2.641145025,0.0881002693,0.3966024932,0.5664889182,0.0859986622,1.3728484907,0.093871972,0.0978243033,0.0500895616,3.4047041458,0.4634111375,0.9208765228,0.8697935179,0.4518018916,4.0,-2.899438773,1.0867564611,5960.725188,1.9434801646,1.7787131734,0.0194510888,3.0965253011,0.9094843982,1.2798644267,1.0896752519,1.3636395882,0.2979028983,0.2906769363,-0.002253545,0.0,-3.6549e-05,,1.0532233048,0.1449581365,0.4323473498,4.5087215162,0.9477600949,,,0.5081619769,0.8791692221,0.00512059,2615819.98608519,1.17495346,0.00235534,1.15492508,0.00516426,0.0064034,0.00282295,0.00881136,0.28088346,0.09124776,0.59894039,,,,,0.01846893,0.02562698,0.01025671,0.49142712,0.01649815,0.01178583,0.16289886,0.96554376,0.41755646,0.7164819259,1.5027302717,268,1.240328438,1.4062883982,1.3258683303,0.0
20060630,20060630,211952.0,01W,PRT,0.00811,2006,6,20060531,20060531,1238.3570362,10.4650676,1238.3570362,0.0496315729,0.0,0.0461113505,-0.06430699,0.1790094439,0.6020938676,0.9758012501,1.0622785876,0.2021531305,0.6980360711,-0.011963548,0.0644098756,0.0099285959,,-0.09940305,0.8975874614,3.5018935956,-0.525326142,2.8152650778,2.5014562447,8.267560147,-0.058737417,-0.033056568,0.0182816724,-0.11158285,-0.068251518,-0.043331331,0.0160369768,0.1183272089,-0.102290232,-0.223560668,0.2087857721,0.006855999,0.1662550822,0.1116064103,0.4403773442,0.0954907322,0.2458282243,0.3275514115,0.0691495696,-0.127871083,1.18032e-05,-0.127882887,0.0023335711,0.0242560984,0.2111193432,2.1944613211,0.6400121966,0.3425530408,0.4173451852,0.6195842099,,0.0614201908,0.8402585351,0.0306748466,,-0.131146336,-0.051776585,-0.003861345,138.30022723,-0.038596143,0.7453436569,0.0768452313,0.6894487788,0.0603185463,,1.587219125,1.0527092012,0.0,,,,2.641145025,0.0881002693,0.3966024932,0.5664889182,0.0859986622,1.3728484907,0.093871972,0.0978243033,0.0500895616,3.4047041458,0.4634111375,0.9208765228,0.8697935179,0.4518018916,4.0,-2.899438773,1.0867564611,5960.725188,1.9434801646,1.7787131734,0.0194510888,3.3093389255,0.9719901594,1.3678251442,1.1645649161,1.4573578869,0.3183767487,0.3106541709,-0.002408423,0.0,-3.9061e-05,,1.0866639495,0.1495606681,0.4374120549,3.4898764999,1.0173906293,,,0.5098286436,0.8840258363,0.00614909,2827454.06796353,1.05617863,0.0024871,1.06842476,0.00508782,0.00627685,0.0067968,0.01316685,0.16963938,-0.06429061,1.04541537,,,,,0.01374967,0.02174151,0.01388385,-0.24077225,0.00633965,0.0120106,0.3258643,0.90345255,0.42249289,0.7250584943,1.0984087626,269,1.240328438,1.4062883982,1.3258683303,0.1345345588
20060731,20060731,211952.0,01W,PRT,-0.052916,2006,7,20060630,20060630,1248.3999312,10.549937772,1248.3999312,0.0492323061,0.0,0.0461113505,0.0081098542,0.0333688989,0.3640153723,0.6092231145,0.9530247654,0.3028259702,0.8812015836,0.0294285349,0.0624718137,-0.033167085,,-0.09940305,0.8975874614,3.5018935956,-0.525326142,2.8152650778,2.5014562447,8.267560147,-0.058737417,-0.033056568,0.0182816724,-0.11158285,-0.068251518,-0.043331331,0.0160369768,0.1183272089,-0.102290232,-0.223560668,0.2087857721,0.006855999,0.1662550822,0.1116064103,0.4403773442,0.0954907322,0.2458282243,0.3275514115,0.0691495696,-0.127871083,1.18032e-05,-0.127882887,0.0023335711,0.0242560984,0.2111193432,2.1944613211,0.6400121966,0.3425530408,0.4173451852,0.6195842099,,0.0614201908,0.8402585351,0.0306748466,,-0.131146336,-0.051776585,-0.003861345,138.30022723,-0.038596143,0.7453436569,0.0768452313,0.6894487788,0.0603185463,,1.587219125,1.0527092012,0.0,,,,2.641145025,0.0881002693,0.3966024932,0.5664889182,0.0859986622,1.3728484907,0.093871972,0.0978243033,0.0500895616,3.4047041458,0.4634111375,0.9208765228,0.8697935179,0.4518018916,4.0,-2.899438773,1.0867564611,5960.725188,1.9434801646,1.7787131734,0.0194510888,3.2827165728,0.9641708743,1.3568215195,1.1551964414,1.4456340059,0.3158155308,0.3081550782,-0.002389048,0.0,-3.8746e-05,,1.0826078034,0.1490024091,0.4381615544,3.6173309872,0.9867153662,,,0.5164953102,0.8738500731,0.00697506,2695576.7027832,1.11573089,0.00230529,1.16265408,0.00519469,0.00621033,0.00370518,0.00739313,0.1977056,0.18598826,0.62447284,,,,,0.01856335,0.02715616,0.01350864,0.18833701,0.0072686,0.01198527,0.63648585,0.91077942,0.40783082,0.6765043224,1.440903076,270,1.240328438,1.4696938457,1.3258683303,0.3086974533
20060831,20060831,211952.0,01W,PRT,0.068737,2006,8,20060731,20060731,1182.3398561,9.9916794258,1182.3398561,0.0519830295,0.0,0.0461113505,-0.052915795,-0.056718656,0.2213511123,0.6181872914,0.9125791104,0.390888394,0.8226024981,0.0262068444,0.0552788465,0.0163524371,,-0.142819229,0.4758968985,3.5018935956,-0.525326142,2.8152650778,2.5014562447,8.267560147,-0.058737417,0.0008049708,0.0182816724,-0.11158285,-0.101795694,-0.043331331,-0.154411792,0.0441060451,-0.198517837,-0.193299971,0.194104942,0.0088149481,0.2528769387,0.1180571902,0.4403773442,0.0954907322,0.2458282243,0.2614459075,0.0691451729,-0.127871083,1.18032e-05,-0.193299971,0.0023335711,0.0242560984,0.2111193432,2.1944613211,0.6400121966,0.3525443899,0.4177643821,0.5856921785,,0.0614201908,0.8402585351,0.0306748466,,-0.131146336,-0.051776585,-0.135338201,138.30022723,-0.045617857,0.018570624,0.0054544017,-0.011361404,0.0020186041,,1.587219125,1.0527092012,0.0,,,,2.641145025,0.0857377165,0.3966024932,0.5664889182,0.0859986622,1.4058336108,0.1452816444,0.1000229116,0.062253077,2.6492286977,0.4426281049,0.9208765228,0.8697935179,0.4518018916,4.0,-3.15491922,1.0867564611,5960.725188,1.9434801646,1.7787131734,0.0194510888,3.4528996141,1.3033603392,1.3625357607,1.3625357607,1.5626694609,0.3407582267,0.5016429338,-0.00252253,0.0,-4.0911e-05,,1.1293259551,0.1461857546,0.4363444008,2.7392414181,0.9834950012,,,0.5664211681,0.7693276156,0.00704912,2128450.7083306,1.0920551,0.0017564,1.10828329,0.00573988,0.00619569,0.00614749,0.00671053,-1.47431855,-0.53641945,1.06968402,,,,,0.00776972,0.01062868,0.00993297,-1.4890875,0.00822713,0.0118477,0.76333795,0.8625848,0.4149094,0.6855259776,0.5989800057,271,1.3258683303,1.3997084244,1.3258683303,0.2400980192
20060929,20060930,211952.0,01W,PRT,-0.037912,2006,9,20060831,20060831,1263.6107066,10.678480501,1263.6107066,0.0486396698,0.0,0.0461113505,0.0687373009,-0.04523508,0.0532879668,0.4312575707,0.7651153622,0.5259628784,0.8333733305,0.1488421977,0.0479965831,-0.011055915,,-0.142819229,0.4758968985,3.5018935956,-0.525326142,2.8152650778,2.5014562447,8.267560147,-0.058737417,0.0008049708,0.0182816724,-0.11158285,-0.101795694,-0.043331331,-0.154411792,0.0441060451,-0.198517837,-0.193299971,0.194104942,0.0088149481,0.2528769387,0.1180571902,0.4403773442,0.0954907322,0.2458282243,0.2614459075,0.0691451729,-0.127871083,1.18032e-05,-0.193299971,0.0023335711,0.0242560984,0.2111193432,2.1944613211,0.6400121966,0.3525443899,0.4177643821,0.5856921785,,0.0614201908,0.8402585351,0.0306748466,,-0.131146336,-0.051776585,-0.135338201,138.30022723,-0.045617857,0.018570624,0.0054544017,-0.011361404,0.0020186041,,1.587219125,1.0527092012,0.0,,,,2.641145025,0.0857377165,0.3966024932,0.5664889182,0.0859986622,1.4058336108,0.1452816444,0.1000229116,0.062253077,2.6492286977,0.4426281049,0.9208765228,0.8697935179,0.4518018916,4.0,-3.15491922,1.0867564611,5960.725188,1.9434801646,1.7787131734,0.0194510888,3.2308216539,1.2195329368,1.2749024101,1.2749024101,1.4621642377,0.3188418954,0.4693790826,-0.00236029,0.0,-3.828e-05,,1.0973974896,0.14205277,0.4346917501,3.8065131305,1.0038791143,,,0.5598537976,0.7800599388,0.00705227,1619288.44710531,0.98228374,0.00129321,0.96343996,0.00636655,0.00611307,0.00326454,0.00671219,0.93620069,0.02248646,1.08486727,,,,,0.01494652,0.02584048,0.00895406,0.56008698,0.00948558,0.01167399,0.76931887,0.92187655,0.41876165,0.6951552634,1.1651233751,272,1.3258683303,1.3997084244,1.3258683303,0.2400980192
20061031,20061031,211952.0,01W,PRT,-0.012236,2006,10,20060929,20060930,1215.7049701,10.273640253,1215.7049701,0.0505563513,0.0,0.0461113505,-0.037911784,0.0121842168,0.0544422701,0.3918315784,0.6420398135,0.4586986901,1.0798629056,0.0025252873,0.0443204857,0.0489263003,,-0.142819229,0.4758968985,3.5018935956,-0.525326142,2.8152650778,2.5014562447,8.267560147,-0.058737417,0.0008049708,0.0182816724,-0.11158285,-0.101795694,-0.043331331,-0.154411792,0.0441060451,-0.198517837,-0.193299971,0.194104942,0.0088149481,0.2528769387,0.1180571902,0.4403773442,0.0954907322,0.2458282243,0.2614459075,0.0691451729,-0.127871083,1.18032e-05,-0.193299971,0.0023335711,0.0242560984,0.2111193432,2.1944613211,0.6400121966,0.3525443899,0.4177643821,0.5856921785,,0.0614201908,0.8402585351,0.0306748466,,-0.131146336,-0.051776585,-0.135338201,138.30022723,-0.045617857,0.018570624,0.0054544017,-0.011361404,0.0020186041,,1.587219125,1.0527092012,0.0,,,,2.641145025,0.0857377165,0.3966024932,0.5664889182,0.0859986622,1.4058336108,0.1452816444,0.1000229116,0.062253077,2.6492286977,0.4426281049,0.9208765228,0.8697935179,0.4518018916,4.0,-3.15491922,1.0867564611,5960.725188,1.9434801646,1.7787131734,0.0194510888,3.3581345254,1.267589517,1.3251408646,1.3251408646,1.5197818804,0.3314060916,0.4878753059,-0.002453299,0.0,-3.9788e-05,,1.1159958227,0.1444602338,0.4253032415,3.1946675145,1.0133145203,,,0.5598537976,0.7481923499,0.00659277,1375940.03667885,1.01114847,0.00109053,0.98048763,0.00668181,0.00604613,0.00153545,0.00441833,0.90209932,-0.66954479,0.70134951,,,,,0.00628767,0.0140005,0.00681243,-0.06149084,0.00991014,0.01111372,0.89514686,0.88692657,0.4058693,0.6568145767,0.506301024,273,1.3258683303,1.3997084244,1.3258683303,0.2099562637
20061130,20061130,211952.0,01W,PRT,0.120526,2006,11,20061031,20061031,1200.8292097,10.147928657,1200.8292097,0.0511826387,0.0,0.0461113505,-0.012236324,0.028219563,-0.081422716,0.1893645461,0.5758077869,0.5533364724,1.1031124202,0.0707783529,0.0367736969,,,-0.040745036,0.1913283123,3.5018935956,-0.005733671,0.9300384277,2.5014562447,8.267560147,-0.000278396,0.006765302,0.0182816724,0.0060493125,-0.067415598,0.0734649105,-0.071531817,0.1183272089,-0.102290232,-0.223560668,0.2087857721,0.014677772,0.0919416154,0.1146510133,0.4403773442,0.0954907322,0.2458282243,0.4647089247,0.0716055615,-0.127871083,1.18032e-05,-0.127882887,0.0023335711,0.0242560984,0.2111193432,2.1944613211,0.6271651737,0.331482808,0.4117242909,0.6245523649,,0.0307695997,0.8402585351,0.0306748466,,-0.131146336,-0.051776585,0.1901786385,138.30022723,0.0763913933,0.0122250552,0.0046145715,-0.008932672,0.0023549819,,1.587219125,1.0527092012,0.0,,,,2.641145025,0.0853599013,0.3966024932,0.5664889182,0.0859986622,1.3974847794,0.1325316952,0.0889856237,0.0775031428,5.064770578,0.4267236535,0.9208765228,0.8697935179,0.4551289966,4.0,-3.573795276,1.0340335319,5960.725188,1.9434801646,1.7787131734,0.0194510888,3.7299830757,0.7364564729,1.3082228665,1.1934527802,1.5683401342,0.3422378956,0.4943409803,-0.00248369,0.0,-4.0281e-05,,1.1448355572,0.1513207274,0.4246326706,4.5846483089,1.0387688567,,,0.6683413425,0.7813492063,0.00692509,1075563.5369936,0.83135891,0.00087615,0.83401631,0.00704823,0.006037,0.00300586,0.00604266,0.15753982,-0.54350343,0.01334891,,,,,0.00794783,0.01287449,0.0065126,0.07850594,0.01019867,0.01068427,0.96938,0.87607384,0.41127747,0.6749987151,0.6593757212,274,1.5824880071,1.6071428571,1.240328438,0.6785714286
20061229,20061231,211952.0,01W,PRT,0.024998,2006,12,20061130,20061130,1345.5599702,11.371014688,1345.5599702,0.0456773454,0.0,0.0461113505,0.1205256828,-0.049684208,-0.030304529,0.0697592154,0.4536394833,0.6020938676,1.0185526836,0.0990110993,0.0387295681,0.0154228774,,-0.040745036,0.1913283123,3.5018935956,-0.005733671,0.9300384277,2.5014562447,8.267560147,-0.000278396,0.006765302,0.0182816724,0.0060493125,-0.067415598,0.0734649105,-0.071531817,0.1183272089,-0.102290232,-0.223560668,0.2087857721,0.014677772,0.0919416154,0.1146510133,0.4403773442,0.0954907322,0.2458282243,0.4647089247,0.0716055615,-0.127871083,1.18032e-05,-0.127882887,0.0023335711,0.0242560984,0.2111193432,2.1944613211,0.6271651737,0.331482808,0.4117242909,0.6245523649,,0.0307695997,0.8402585351,0.0306748466,,-0.131146336,-0.051776585,0.1901786385,138.30022723,0.0763913933,0.0122250552,0.0046145715,-0.008932672,0.0023549819,,1.587219125,1.0527092012,0.0,,,,2.641145025,0.0853599013,0.3966024932,0.5664889182,0.0859986622,1.3974847794,0.1325316952,0.0889856237,0.0775031428,5.064770578,0.4267236535,0.9208765228,0.8697935179,0.4551289966,4.0,-3.573795276,1.0340335319,5960.725188,1.9434801646,1.7787131734,0.0194510888,3.328779637,0.6572419394,1.1675081495,1.0650829325,1.3996467535,0.3054261949,0.4411688084,-0.00221654,0.0,-3.5949e-05,,1.085205751,0.143439049,0.419835826,6.1710424099,1.0710387872,,,0.6507692841,0.7415584006,0.00478416,1296828.55591306,1.04672323,0.00104475,1.02379643,0.00661911,0.00581856,0.00181419,0.00961177,0.90761047,0.06179464,2.22940348,0.00755368,0.31452252,,,0.02092984,0.04012284,0.01161974,1.23014227,0.00937081,0.01077104,0.94281524,0.98166324,0.4222184,0.7073316706,1.7080019964,275,1.502610968,1.6096646881,1.1686974196,0.5598833698
20070131,20070131,211952.0,01W,PRT,0.049129,2007,1,20061229,20061231,1379.1967682,11.655271454,1379.1967682,0.044563335,0.0,0.0461113505,0.0249983641,0.106814567,0.0778276549,0.1228262804,0.4820963825,0.3640153723,1.138499738,0.1258657107,0.0295598093,-0.017976376,,-0.040745036,0.1913283123,3.5018935956,-0.005733671,0.9300384277,2.5014562447,8.267560147,-0.000278396,0.006765302,0.0182816724,0.0060493125,-0.067415598,0.0734649105,-0.071531817,0.1183272089,-0.102290232,-0.223560668,0.2087857721,0.014677772,0.0919416154,0.1146510133,0.4403773442,0.0954907322,0.2458282243,0.4647089247,0.0716055615,-0.127871083,1.18032e-05,-0.127882887,0.0023335711,0.0242560984,0.2111193432,2.1944613211,0.6271651737,0.331482808,0.4117242909,0.6245523649,,0.0307695997,0.8402585351,0.0306748466,,-0.131146336,-0.051776585,0.1901786385,138.30022723,0.0763913933,0.0122250552,0.0046145715,-0.008932672,0.0023549819,,1.587219125,1.0527092012,0.0,,,,2.641145025,0.0853599013,0.3966024932,0.5664889182,0.0859986622,1.3974847794,0.1325316952,0.0889856237,0.0775031428,5.064770578,0.4267236535,0.9208765228,0.8697935179,0.4551289966,4.0,-3.573795276,1.0340335319,5960.725188,1.9434801646,1.7787131734,0.0194510888,3.2475950729,0.6412126715,1.1390341589,1.0391069584,1.3655112071,0.2979772511,0.4304092805,-0.002162482,0.0,-3.5072e-05,,1.0722261753,0.14172345,0.4128500034,6.4920534013,1.0712369047,,,0.654037258,0.7572510413,0.00612909,1448289.55252066,0.95390286,0.00115028,0.93887926,0.00649664,0.00586416,0.00251532,0.00702812,0.64235697,-0.01219457,1.11445057,,,,,0.01057984,0.01887731,0.00760224,0.17931611,0.00767505,0.01032017,0.9438907,1.0,0.42933447,0.6994002192,0.9000783475,276,1.502610968,1.6096646881,1.1686974196,0.629868791
20070228,20070228,211952.0,01W,PRT,0.196052,2007,2,20070131,20070131,1446.954668,12.227877722,1446.954668,0.042476526,0.0,0.0461113505,0.0491285227,0.1485369918,0.1664977385,0.0421104238,0.3493140018,0.2213511123,1.5976327085,0.0982014259,0.0250986363,0.0220665124,,-0.038964764,0.0200077044,3.5018935956,-0.525326142,2.8152650778,2.5014562447,8.267560147,-0.058737417,0.0054944874,0.0182816724,-0.11158285,-0.064340791,-0.043331331,-0.059406921,0.0268794359,-0.086286357,-0.118383729,0.1238782163,0.0124399843,0.097884894,0.1288848105,0.4403773442,0.0954907322,0.2458282243,0.4760061794,0.075254367,-0.127871083,1.18032e-05,-0.118383729,0.0023335711,0.0242560984,0.2111193432,2.1944613211,0.6400121966,0.3316554499,0.4193323354,0.5838885648,,0.0614201908,0.8402585351,0.0306748466,,-0.131146336,-0.051776585,-0.033943383,138.30022723,0.0973262281,0.0435395729,0.0085965538,0.0229579543,0.0065136515,,1.587219125,1.0527092012,0.0,,,,2.641145025,0.092430169,0.3966024932,0.5664889182,0.0859986622,1.4283488398,0.1386965412,0.0961777109,0.0803860873,4.8741148043,0.4088625644,0.9208765228,0.8697935179,0.4518018916,4.0,-3.590565083,1.0867564611,5960.725188,1.9434801646,1.7787131734,0.0194510888,3.1119471601,0.6384640668,1.1490012773,1.1490012773,1.3313941898,0.3039128411,0.4316163074,-0.002061217,0.0,-3.343e-05,,1.0610601738,0.1392739769,0.4032369281,5.8691956266,1.0546456395,,,0.5700867929,0.7184671632,0.00492451,1879938.26253246,0.91810908,0.00144188,0.88938696,0.00609716,0.00605697,0.00298352,0.0080717,1.58426835,-0.25772431,1.71876081,,,,,0.01608839,0.02469687,0.0095151,0.89516418,0.00634785,0.01000056,0.95307799,1.0,0.42929805,0.7049608372,1.4147504588,277,1.4191325809,1.4696938457,1.0852190325,0.3499271061
20070330,20070331,211952.0,01W,PRT,0.039361,2007,3,20070228,20070228,1730.6328284,14.625175947,1730.6328284,0.0355139499,0.0,0.0461113505,0.1960518644,0.0753550195,0.1450952896,0.1684470841,0.2890201852,0.0532879668,1.9577002678,0.0675673487,0.0367790468,0.0069919617,,-0.038964764,0.0200077044,3.5018935956,-0.525326142,2.8152650778,2.5014562447,8.267560147,-0.058737417,0.0054944874,0.0182816724,-0.11158285,-0.064340791,-0.043331331,-0.059406921,0.0268794359,-0.086286357,-0.118383729,0.1238782163,0.0124399843,0.097884894,0.1288848105,0.4403773442,0.0954907322,0.2458282243,0.4760061794,0.075254367,-0.127871083,1.18032e-05,-0.118383729,0.0023335711,0.0242560984,0.2111193432,2.1944613211,0.6400121966,0.3316554499,0.4193323354,0.5838885648,,0.0614201908,0.8402585351,0.0306748466,,-0.131146336,-0.051776585,-0.033943383,138.30022723,0.0973262281,0.0435395729,0.0085965538,0.0229579543,0.0065136515,,1.587219125,1.0527092012,0.0,,,,2.641145025,0.092430169,0.3966024932,0.5664889182,0.0859986622,1.4283488398,0.1386965412,0.0961777109,0.0803860873,4.8741148043,0.4088625644,0.9208765228,0.8697935179,0.4518018916,4.0,-3.590565083,1.0867564611,5960.725188,1.9434801646,1.7787131734,0.0194510888,2.6018496795,0.5338096832,0.9606617501,0.9606617501,1.1131575723,0.2540967078,0.3608675512,-0.001723351,0.0,-2.795e-05,,0.9723530901,0.1276303504,0.3950915684,8.0761812758,1.0656146681,,,0.5722302829,0.7237293144,0.00224979,3846639.39593261,1.45154541,0.00257192,1.26901748,0.00476326,0.00555025,0.00265557,0.02809623,0.77749023,-0.53092286,1.14394892,,,0.01046779,0.62859896,0.04375729,0.0814647,0.02959996,0.00050056,0.00438297,0.01172452,1.33964135,0.9124311,0.42649913,0.8057423193,3.3208824617,278,1.4114082226,1.5357142857,1.0692486535,0.3214285714
20070430,20070430,211952.0,01W,PRT,0.074207,2007,4,20070330,20070331,1798.7514665,15.200830732,1798.7514665,0.0341690382,0.0,0.0461113505,0.0393605374,0.2548121256,0.423563176,0.3862807784,0.4441571275,0.0544422701,1.8472850049,0.1043888194,0.0308673848,0.0168564082,,-0.038964764,0.0200077044,3.5018935956,-0.525326142,2.8152650778,2.5014562447,8.267560147,-0.058737417,0.0054944874,0.0182816724,-0.11158285,-0.064340791,-0.043331331,-0.059406921,0.0268794359,-0.086286357,-0.118383729,0.1238782163,0.0124399843,0.097884894,0.1288848105,0.4403773442,0.0954907322,0.2458282243,0.4760061794,0.075254367,-0.127871083,1.18032e-05,-0.118383729,0.0023335711,0.0242560984,0.2111193432,2.1944613211,0.6400121966,0.3316554499,0.4193323354,0.5838885648,,0.0614201908,0.8402585351,0.0306748466,,-0.131146336,-0.051776585,-0.033943383,138.30022723,0.0973262281,0.0435395729,0.0085965538,0.0229579543,0.0065136515,,1.587219125,1.0527092012,0.0,,,,2.641145025,0.092430169,0.3966024932,0.5664889182,0.0859986622,1.4283488398,0.1386965412,0.0961777109,0.0803860873,4.8741148043,0.4088625644,0.9208765228,0.8697935179,0.4518018916,4.0,-3.590565083,1.0867564611,5960.725188,1.9434801646,1.7787131734,0.0194510888,2.5033177477,0.5135943342,0.9242815323,0.9242815323,1.0710023445,0.2444740768,0.347201513,-0.001658088,0.0,-2.6891e-05,,0.9532171333,0.1251185788,0.3891517921,8.5024891241,1.0490781897,,,0.5788289223,0.7861714976,0.00478188,4361879.66448951,1.25836408,0.00282397,1.13050385,0.00461188,0.00551257,0.00638516,0.01308639,0.52005214,-0.40042091,0.78665587,0.01106361,-0.78441513,0.00743825,-0.00027055,0.0252514,0.0384274,0.01987567,-0.8255266,0.00376288,0.01181107,1.5700289,0.94834488,0.43754946,0.8689275716,1.8148103455,279,1.3258683303,1.5357142857,1.0692486535,-0.178571429
20070531,20070531,211952.0,01W,PRT,0.060123,2007,5,20070430,20070430,1895.5941223,16.019225516,1895.5941223,0.0192970939,0.0,0.0191433258,0.0742071361,0.2431291085,0.4979244775,0.5213489228,0.3591227127,-0.081422716,2.0880286288,-0.06430699,0.0434595781,-0.0049494,,0.1375759419,0.130207475,-0.814430229,0.037926261,0.8421456739,2.8713024777,24.849911275,0.0017694601,0.0224145034,0.0325802823,0.0159895572,0.0225021578,-0.006512601,0.0499477269,0.026501709,0.0234460179,0.0304032947,0.0245914909,0.0025875807,0.0390021012,0.1823197277,0.4375248701,0.2086697537,0.3465846749,0.0869773333,0.1201070703,-0.045103343,0.0,-0.045103343,-0.08918829,-3.450355037,-0.064596799,-2.499003969,0.7299163502,0.3187261216,0.4656842888,0.6587716635,0.0015604043,0.0865781889,0.1573733376,-0.023750735,,0.0192630482,0.1909150533,0.0149970569,-0.164584636,0.3592380706,0.0397398263,0.0081532397,-0.705603831,-0.068691992,,0.8121289184,0.4505039039,0.0,,0.1660320525,-2.386912375,-0.659378105,0.1359192391,0.4977177662,0.3989395513,0.2373776916,2.4858587074,0.1150373076,0.1194814642,0.0211653356,3.364821566,0.3953903583,0.9397329527,0.9284123205,0.5820680803,6.0,-2.246198536,1.2441000933,1048.9184241,1.9914653894,-0.164812212,0.0290473739,2.4593603619,0.7309036493,0.9683478551,0.7554208891,1.0760313228,0.0635720503,0.2829181943,0.2449658215,0.0,0.0,0.0016790439,0.9304836396,0.1664381089,0.565536682,15.374514919,1.0294337055,,,0.5485039544,0.6905685778,0.005171,4936122.3173967,1.09391405,0.00308521,1.01928717,0.00447739,0.00552111,0.00477594,0.01074134,0.79930876,0.14863161,0.32487585,0.00977411,0.35143976,,,0.01909615,0.03279701,0.01115949,1.02693386,0.00303656,0.01191154,1.51954734,0.98816847,0.44028797,0.8706900013,1.3715041908,280,0.0389249472,1.1071428571,-0.60910959,-0.656392462
20070629,20070630,211952.0,01W,PRT,0.060935,2007,6,20070531,20070531,2009.563298,16.982352541,2009.563298,0.01820269,0.0,0.0191433258,0.0601231954,0.1164885063,0.4360056068,0.5291352403,0.5603187166,-0.030304529,1.7807977362,0.0081098542,0.0481880636,0.0339789429,,0.1375759419,0.130207475,-0.814430229,0.037926261,0.8421456739,2.8713024777,24.849911275,0.0017694601,0.0224145034,0.0325802823,0.0159895572,0.0225021578,-0.006512601,0.0499477269,0.026501709,0.0234460179,0.0304032947,0.0245914909,0.0025875807,0.0390021012,0.1823197277,0.4375248701,0.2086697537,0.3465846749,0.0869773333,0.1201070703,-0.045103343,0.0,-0.045103343,-0.08918829,-3.450355037,-0.064596799,-2.499003969,0.7299163502,0.3187261216,0.4656842888,0.6587716635,0.0015604043,0.0865781889,0.1573733376,-0.023750735,,0.0192630482,0.1909150533,0.0149970569,-0.164584636,0.3592380706,0.0397398263,0.0081532397,-0.705603831,-0.068691992,,0.8121289184,0.4505039039,0.0,,0.1660320525,-2.386912375,-0.659378105,0.1359192391,0.4977177662,0.3989395513,0.2373776916,2.4858587074,0.1150373076,0.1194814642,0.0211653356,3.364821566,0.3953903583,0.9397329527,0.9284123205,0.5820680803,6.0,-2.246198536,1.2441000933,1048.9184241,1.9914653894,-0.164812212,0.0290473739,2.3198816634,0.6894516152,0.9134295517,0.7125783988,1.0150059233,0.0599666629,0.2668729404,0.2310729758,0.0,0.0,0.0015838196,0.8996699292,0.1609263777,0.5771828749,15.599032988,1.0180950475,,,0.5438088628,0.7083061543,0.00517842,5167989.02184772,1.02994646,0.00305047,1.0169216,0.00454969,0.00545905,0.00311475,0.00891254,1.73406802,-0.16605543,-0.75067799,,,0.00852696,1.43047015,0.0141316,0.03355247,0.009586,1.37827477,0.00250082,0.01157394,1.69978425,1.0,0.44204618,0.863377827,1.0428258418,281,0.0,1.0939874362,-0.583874208,-0.55875837
20070731,20070731,211952.0,01W,PRT,-0.017344,2007,7,20070629,20070630,2132.0160714,18.017172479,2132.0160714,0.0171572148,0.0,0.0191433258,0.0609350168,0.1387919016,0.4852149094,0.6849512451,0.6408232266,0.0778276549,1.5952644817,-0.052915795,0.0585381375,-0.041441458,,0.1375759419,0.130207475,-0.814430229,0.037926261,0.8421456739,2.8713024777,24.849911275,0.0017694601,0.0224145034,0.0325802823,0.0159895572,0.0225021578,-0.006512601,0.0499477269,0.026501709,0.0234460179,0.0304032947,0.0245914909,0.0025875807,0.0390021012,0.1823197277,0.4375248701,0.2086697537,0.3465846749,0.0869773333,0.1201070703,-0.045103343,0.0,-0.045103343,-0.08918829,-3.450355037,-0.064596799,-2.499003969,0.7299163502,0.3187261216,0.4656842888,0.6587716635,0.0015604043,0.0865781889,0.1573733376,-0.023750735,,0.0192630482,0.1909150533,0.0149970569,-0.164584636,0.3592380706,0.0397398263,0.0081532397,-0.705603831,-0.068691992,,0.8121289184,0.4505039039,0.0,,0.1660320525,-2.386912375,-0.659378105,0.1359192391,0.4977177662,0.3989395513,0.2373776916,2.4858587074,0.1150373076,0.1194814642,0.0211653356,3.364821566,0.3953903583,0.9397329527,0.9284123205,0.5820680803,6.0,-2.246198536,1.2441000933,1048.9184241,1.9914653894,-0.164812212,0.0290473739,2.1866387919,0.6498528225,0.8609665411,0.6716513147,0.9567088533,0.0565224655,0.2515450392,0.2178012528,0.0,0.0,0.0014928526,0.8687587436,0.1553972109,0.5757837038,15.813513282,1.023768105,,,0.5200142503,0.7040657159,0.00559756,5424420.48963829,0.9547904,0.00310049,0.98554665,0.00457347,0.00541523,0.00304471,0.00961727,0.25441532,-0.23140056,0.88396776,0.00987307,-0.127935,0.00958385,0.65225027,0.01529752,0.02139459,0.01030954,-0.81860603,0.00242934,0.01177575,1.86841911,1.0,0.4533099,0.9326420477,1.148515955,282,0.0,1.1071428571,-0.583874208,-0.51052747
20070831,20070831,211952.0,01W,PRT,-0.052297,2007,8,20070731,20070731,2095.0392589,17.704690027,2095.0392589,0.0174600345,0.0,0.0191433258,-0.01734359,0.1247218201,0.5019289541,0.8097686945,0.8380697393,0.1664977385,1.9176965407,0.0687373009,0.0507126019,0.0178596453,,0.0167401225,0.1384833352,-0.814430229,0.037926261,1.229621994,2.8713024777,24.849911275,0.0017694601,-0.010967237,0.0325802823,0.0159895572,0.0069393842,-0.006512601,0.0327184157,-0.076708829,0.109427245,0.0010608516,-0.012028088,0.0023633553,-0.024352705,0.1823197277,0.4375248701,0.2086697537,0.3465846749,0.1089231552,0.1201070703,-0.045103343,0.0,0.0010608516,-0.08918829,-3.450355037,-0.064596799,-2.499003969,0.7299163502,0.3789803798,0.5109635348,0.5988502713,0.0015604043,0.0865781889,0.1573733376,-0.023750735,,0.0192630482,0.1909150533,0.0149970569,-0.164584636,0.0067796908,0.0453161833,0.0134676334,0.0267455593,0.0080132317,,0.8121289184,0.4505039039,0.0,,-0.916222246,0.2904920625,-0.659378105,0.1299155123,0.4977177662,0.3989395513,0.2373776916,2.1099019449,0.1150373076,0.1277765177,0.0211653356,2.8826682973,0.3953903583,0.9397329527,0.9284123205,0.5820680803,6.0,-2.246198536,1.2441000933,1048.9184241,1.9914653894,-0.164812212,0.0290473739,1.9812718923,0.6873048468,0.7710517863,0.7710517863,1.0040237056,0.0748634125,0.2559847335,0.2216453794,0.0,0.0,0.001519201,0.9466609352,0.1429433204,0.5851136198,15.609551658,0.9464114774,,,0.5773918919,0.8280809139,0.00535889,5617549.12199978,1.21885071,0.00304325,1.21032604,0.00463872,0.00536107,0.0060808,0.00847009,-0.45006621,-0.20932822,1.53498632,0.00785939,-0.79875465,,,0.0119034,0.01373767,0.01124945,-0.72210631,0.0027558,0.01181869,1.84067765,0.94286814,0.4399858,0.9165979559,0.8915624462,283,0.6617241025,1.5396792669,-0.532970891,-0.464285714
20070928,20070930,211952.0,01W,PRT,-0.031126,2007,9,20070831,20070831,1985.4752365,16.77878993,1985.4752365,0.0184235276,0.0,0.0191433258,-0.052296883,0.0425345949,0.2339599628,0.587095089,0.6900233668,0.1450952896,2.2311294166,-0.037911784,0.0494048657,0.0229821012,,0.0167401225,0.1384833352,-0.814430229,0.037926261,1.229621994,2.8713024777,24.849911275,0.0017694601,-0.010967237,0.0325802823,0.0159895572,0.0069393842,-0.006512601,0.0327184157,-0.076708829,0.109427245,0.0010608516,-0.012028088,0.0023633553,-0.024352705,0.1823197277,0.4375248701,0.2086697537,0.3465846749,0.1089231552,0.1201070703,-0.045103343,0.0,0.0010608516,-0.08918829,-3.450355037,-0.064596799,-2.499003969,0.7299163502,0.3789803798,0.5109635348,0.5988502713,0.0015604043,0.0865781889,0.1573733376,-0.023750735,,0.0192630482,0.1909150533,0.0149970569,-0.164584636,0.0067796908,0.0453161833,0.0134676334,0.0267455593,0.0080132317,,0.8121289184,0.4505039039,0.0,,-0.916222246,0.2904920625,-0.659378105,0.1299155123,0.4977177662,0.3989395513,0.2373776916,2.1099019449,0.1150373076,0.1277765177,0.0211653356,2.8826682973,0.3953903583,0.9397329527,0.9284123205,0.5820680803,6.0,-2.246198536,1.2441000933,1048.9184241,1.9914653894,-0.164812212,0.0290473739,2.0906039625,0.7252322317,0.8136005593,0.8136005593,1.0594285143,0.0789945829,0.27011068,0.2338763853,0.0,0.0,0.0016030347,0.9754651677,0.1472926841,0.5736774167,15.404063072,0.9398288334,,,0.5733617219,0.7903236257,0.00509887,4192232.01488709,1.20199077,0.00216386,1.10292818,0.005413,0.00526834,0.00583376,0.01585317,-0.34292876,0.0959215,1.14719141,0.01504144,-0.64169032,,,0.02227787,0.03870318,0.02376329,-0.8487922,0.0036401,0.01255295,1.356503,0.89355907,0.4469148,0.8264357121,1.4958539589,284,0.5574784669,1.5396792669,-0.506024314,-0.464285714
20071031,20071031,211952.0,01W,PRT,-0.003277,2007,10,20070928,20070930,1923.6751713,16.256531937,1923.6751713,0.0190154026,0.0,0.0191433258,-0.031126082,-0.068733457,0.1251415282,0.4674120623,0.6647542156,0.423563176,2.5149954427,-0.012236324,0.047687615,0.0516969827,,0.0167401225,0.1384833352,-0.814430229,0.037926261,1.229621994,2.8713024777,24.849911275,0.0017694601,-0.010967237,0.0325802823,0.0159895572,0.0069393842,-0.006512601,0.0327184157,-0.076708829,0.109427245,0.0010608516,-0.012028088,0.0023633553,-0.024352705,0.1823197277,0.4375248701,0.2086697537,0.3465846749,0.1089231552,0.1201070703,-0.045103343,0.0,0.0010608516,-0.08918829,-3.450355037,-0.064596799,-2.499003969,0.7299163502,0.3789803798,0.5109635348,0.5988502713,0.0015604043,0.0865781889,0.1573733376,-0.023750735,,0.0192630482,0.1909150533,0.0149970569,-0.164584636,0.0067796908,0.0453161833,0.0134676334,0.0267455593,0.0080132317,,0.8121289184,0.4505039039,0.0,,-0.916222246,0.2904920625,-0.659378105,0.1299155123,0.4977177662,0.3989395513,0.2373776916,2.1099019449,0.1150373076,0.1277765177,0.0211653356,2.8826682973,0.3953903583,0.9397329527,0.9284123205,0.5820680803,6.0,-2.246198536,1.2441000933,1048.9184241,1.9914653894,-0.164812212,0.0290473739,2.1577667887,0.7485310713,0.8397383233,0.8397383233,1.093463757,0.0815323661,0.2787882665,0.2413899074,0.0,0.0,0.0016545338,0.992499021,0.1498647513,0.5803638532,15.277831179,0.9627602577,,,0.5819563273,0.8330788356,0.00621689,3890900.62377756,1.29631337,0.00195951,1.20700399,0.00560168,0.00524215,0.0081719,0.01488168,0.38962775,0.16002835,0.77806266,,,,,0.02568145,0.04448177,0.02078751,0.42918192,0.00412253,0.0131303,1.30908498,0.86574608,0.44872483,0.8104038467,1.620549025,285,0.6617241025,1.5434872663,-0.532970891,-0.349927106
20071130,20071130,211952.0,01W,PRT,-0.084819,2007,11,20071031,20071031,1917.3713144,16.203259507,1917.3713144,0.0190779206,0.0,0.0191433258,-0.003276986,-0.081795168,0.0148138511,0.3551602528,0.6329178518,0.4979244775,2.3648909502,0.1205256828,0.0364328269,,,-0.072047285,0.1082134399,-0.814430229,0.0609757582,1.5861768972,2.8713024777,24.849911275,0.0031722312,-0.019211375,0.0325802823,-0.012234358,-0.059823312,0.0475889537,-0.117350827,-0.007735782,-0.109615045,0.0125668049,-0.03177818,-0.002553364,0.1252349468,0.1823197277,0.4375248701,0.1947275398,0.3465846749,0.1216688116,0.1201070703,-0.045103343,0.0,-0.00106411,-0.062026091,-1.508236982,-0.093804271,-2.280960602,0.5962471798,0.4120095891,0.4833819454,0.7794112134,0.0015604043,0.1043140296,0.1573733376,-0.023750735,,-0.05755728,0.1909150533,0.0149970569,-0.164584636,-0.03252309,0.0228673485,0.007932702,0.0106422933,0.0033181305,,0.1470479232,0.4505039039,0.0,,-0.848685114,0.1217107163,-0.659378105,0.1231406694,0.4977177662,0.3989395513,0.1806979492,1.9209600787,0.1031509889,0.1327014484,-0.029380706,2.958519507,0.3792386994,0.9651030799,0.9284123205,0.4850581999,6.0,-2.246198536,1.642647808,1048.9184241,1.9914653894,-0.164812212,0.0290473739,2.1677426676,0.7327119738,0.8465676311,0.6204416583,1.0885256992,0.0891481951,0.2236047998,0.2421835395,0.0,0.0,0.0016599735,0.8618637955,0.1775211038,0.4530479089,14.00431609,0.8935300321,,,0.6494867277,0.7248141639,0.00673599,3494897.95984048,1.42543578,0.0017483,1.33311672,0.00583709,0.00524073,0.00504019,0.00998035,-0.69942423,-0.38744465,0.45163216,,,,,0.01514817,0.01995669,0.01188632,-0.18713566,0.00497381,0.0134046,1.33234016,0.86290904,0.45092598,0.7882888906,0.9418158485,286,0.6617241025,1.6120867003,-0.456832193,-0.349927106
20071231,20071231,211952.0,01W,PRT,-0.135315,2007,12,20071130,20071130,1754.7425941,14.828921976,1754.7425941,0.0208460534,0.0,0.0191433258,-0.084818584,-0.034301068,-0.045876626,0.1293150837,0.4525028989,0.4360056068,,0.0249983641,0.026449468,0.0308335812,0.0297674687,-0.072047285,0.1082134399,-0.814430229,0.0609757582,1.5861768972,2.8713024777,24.849911275,0.0031722312,-0.019211375,0.0325802823,-0.012234358,-0.059823312,0.0475889537,-0.117350827,-0.007735782,-0.109615045,0.0125668049,-0.03177818,-0.002553364,0.1252349468,0.1823197277,0.4375248701,0.1947275398,0.3465846749,0.1216688116,0.1201070703,-0.045103343,0.0,-0.00106411,-0.062026091,-1.508236982,-0.093804271,-2.280960602,0.5962471798,0.4120095891,0.4833819454,0.7794112134,0.0015604043,0.1043140296,0.1573733376,-0.023750735,,-0.05755728,0.1909150533,0.0149970569,-0.164584636,-0.03252309,0.0228673485,0.007932702,0.0106422933,0.0033181305,,0.1470479232,0.4505039039,0.0,,-0.848685114,0.1217107163,-0.659378105,0.1231406694,0.4977177662,0.3989395513,0.1806979492,1.9209600787,0.1031509889,0.1327014484,-0.029380706,2.958519507,0.3792386994,0.9651030799,0.9284123205,0.4850581999,6.0,-2.246198536,1.642647808,1048.9184241,1.9914653894,-0.164812212,0.0290473739,2.3686480409,0.8006193758,0.9250271219,0.6779439001,1.1894097502,0.097410408,0.2443283877,0.2646289963,0.0,0.0,0.0018138191,0.9094679688,0.187326302,0.4397753725,13.510425273,0.8937800896,,,0.6599033944,0.7033122384,0.00593035,3200817.57884988,1.5416788,0.0016202,1.42118755,0.00596108,0.00532173,0.00695668,0.01260228,0.20808158,-0.36229542,1.00452698,,,,,0.01451343,0.02252935,0.01319551,0.46874186,0.0054683,0.01375449,1.34540248,0.78971832,0.45682407,0.7768287629,0.8941124148,287,0.739573997,1.6120867003,-0.456832193,-0.349927106
20080131,20080131,211952.0,01W,PRT,-0.093771,2008,1,20071231,20071231,1517.2999397,12.822349269,1517.2999397,0.0241082576,0.0,0.0191433258,-0.135314806,-0.087817621,-0.176956207,-0.005611489,0.2968836888,0.4852149094,2.83421221,0.0491285227,0.0096818926,0.0317729656,0.0301717928,-0.072047285,0.1082134399,-0.814430229,0.0609757582,1.5861768972,2.8713024777,24.849911275,0.0031722312,-0.019211375,0.0325802823,-0.012234358,-0.059823312,0.0475889537,-0.117350827,-0.007735782,-0.109615045,0.0125668049,-0.03177818,-0.002553364,0.1252349468,0.1823197277,0.4375248701,0.1947275398,0.3465846749,0.1216688116,0.1201070703,-0.045103343,0.0,-0.00106411,-0.062026091,-1.508236982,-0.093804271,-2.280960602,0.5962471798,0.4120095891,0.4833819454,0.7794112134,0.0015604043,0.1043140296,0.1573733376,-0.023750735,,-0.05755728,0.1909150533,0.0149970569,-0.164584636,-0.03252309,0.0228673485,0.007932702,0.0106422933,0.0033181305,,0.1470479232,0.4505039039,0.0,,-0.848685114,0.1217107163,-0.659378105,0.1231406694,0.4977177662,0.3989395513,0.1806979492,1.9209600787,0.1031509889,0.1327014484,-0.029380706,2.958519507,0.3792386994,0.9651030799,0.9284123205,0.4850581999,6.0,-2.246198536,1.642647808,1048.9184241,1.9914653894,-0.164812212,0.0290473739,2.7393183768,0.925908506,1.0697848521,0.7840355139,1.3755407853,0.1126541876,0.2825633994,0.3060408554,0.0,0.0,0.0020976641,0.9892437766,0.2037580045,0.4368013274,12.599196906,0.9511438405,,,0.6571699429,0.6850195555,0.00506654,3172524.2122736,1.56659017,0.00166254,1.40506777,0.00587672,0.0052446,0.00665413,0.00785739,-0.26568355,-0.52298085,0.16329293,,,,,0.00210996,0.00482193,0.00920627,-0.82214222,0.00565375,0.01391568,1.32754382,0.68285774,0.45852492,0.7759838833,0.1282347572,288,0.8174238914,1.6120867003,-0.456832193,-0.279941685
20080229,20080229,211952.0,01W,PRT,0.054433,2008,2,20080131,20080131,1375.0217756,11.619989561,1375.0217756,0.0266028207,0.0,0.0191433258,-0.093770625,-0.20865618,-0.27576539,-0.199564969,0.0688834583,0.5019289541,3.3264901495,0.1960518644,-0.016665606,0.0554900062,0.0307287037,-0.013106458,0.0915941802,-0.814430229,0.037926261,3.5817854538,2.8713024777,24.849911275,0.0017694601,-0.022730099,0.0325802823,0.0159895572,-0.038066576,-0.006512601,0.0131090599,-0.07935351,0.09246257,0.0391548662,-0.061884965,-0.008176502,0.1242176814,0.1823197277,0.4375248701,0.2086697537,0.3465846749,0.114510679,0.1201070703,-0.045103343,0.0,0.0391548662,-0.08918829,-3.450355037,-0.064596799,-2.499003969,0.7299163502,0.388899677,0.470100867,0.5589671936,0.0015604043,0.0865781889,0.1573733376,-0.023750735,0.0,0.0192630482,0.1909150533,0.0149970569,-0.164584636,0.0324954608,0.0260326603,0.0087992188,-0.017506913,0.0002026649,,0.8121289184,0.4505039039,0.0,,-0.402770686,-0.087789216,-0.659378105,0.1225063293,0.4977177662,0.3989395513,0.2373776916,1.7481579615,0.1150373076,0.1241332769,0.0211653356,3.0110701043,0.3670956808,0.9397329527,0.9284123205,0.5820680803,6.0,-2.246198536,1.2441000933,1048.9184241,1.9914653894,-0.164812212,0.0290473739,3.2318252559,1.0733145174,1.3356518181,1.3356518181,1.5293722936,0.1229059742,0.3900287805,0.3377079401,0.0,0.0,0.0023147166,1.1714366217,0.1717623561,0.5494502925,11.677714691,0.8928348099,,,0.6400187926,0.649950707,0.0040478,3167855.50635747,0.64624206,0.00185104,0.68849409,0.0055283,0.00514271,0.01225109,0.01579693,-0.12641329,-0.23516575,0.33867509,,,,,0.02059315,0.03135436,0.02064094,-0.34013476,0.00555838,0.01453916,0.97039681,0.61882574,0.46765969,0.6894798767,1.1891164537,289,0.5060243137,1.6120867003,-0.456832193,-0.279941685
20080331,20080331,211952.0,01W,PRT,0.047194,2008,3,20080229,20080229,1449.8689371,12.252505533,1449.8689371,0.0252294927,0.0,0.0191433258,0.0544334372,-0.216396878,-0.30745962,-0.315760903,-0.190124093,0.2339599628,4.2587121126,0.0393605374,-0.015295343,-0.003357874,0.0408972929,-0.013106458,0.0915941802,-0.814430229,0.037926261,3.5817854538,2.8713024777,24.849911275,0.0017694601,-0.022730099,0.0325802823,0.0159895572,-0.038066576,-0.006512601,0.0131090599,-0.07935351,0.09246257,0.0391548662,-0.061884965,-0.008176502,0.1242176814,0.1823197277,0.4375248701,0.2086697537,0.3465846749,0.114510679,0.1201070703,-0.045103343,0.0,0.0391548662,-0.08918829,-3.450355037,-0.064596799,-2.499003969,0.7299163502,0.388899677,0.470100867,0.5589671936,0.0015604043,0.0865781889,0.1573733376,-0.023750735,0.0,0.0192630482,0.1909150533,0.0149970569,-0.164584636,0.0324954608,0.0260326603,0.0087992188,-0.017506913,0.0002026649,,0.8121289184,0.4505039039,0.0,,-0.402770686,-0.087789216,-0.659378105,0.1225063293,0.4977177662,0.3989395513,0.2373776916,1.7481579615,0.1150373076,0.1241332769,0.0211653356,3.0110701043,0.3670956808,0.9397329527,0.9284123205,0.5820680803,6.0,-2.246198536,1.2441000933,1048.9184241,1.9914653894,-0.164812212,0.0290473739,3.0649874538,1.0179063747,1.2667009325,1.2667009325,1.4504208987,0.1165611501,0.3698941694,0.3202743086,0.0,0.0,0.002195223,1.1447575224,0.1678505227,0.5157500751,12.072923741,0.9035296921,,,0.6365465704,0.6098374736,0.0052743,2860332.50994049,0.54892824,0.00176105,0.63085748,0.00559023,0.00562799,0.00840729,0.01704731,-0.4818602,0.05017018,0.24818178,,,,,0.03063384,0.0414675,0.02507036,-0.9049415,0.00582679,0.01309492,0.89951208,0.65251055,0.46787392,0.6329323498,1.8428710646,290,0.5838742081,1.6144147056,-0.456832193,-0.171498585
20080430,20080430,211952.0,01W,PRT,0.124416,2008,4,20080331,20080331,1518.2947708,12.830756356,1518.2947708,0.0240924612,0.0,0.0191433258,0.047194496,-0.044441445,-0.24630262,-0.31995403,-0.1783792,0.1251415282,4.9680669498,0.0742071361,-0.017751037,0.0383810278,0.0399105,-0.013106458,0.0915941802,-0.814430229,0.037926261,3.5817854538,2.8713024777,24.849911275,0.0017694601,-0.022730099,0.0325802823,0.0159895572,-0.038066576,-0.006512601,0.0131090599,-0.07935351,0.09246257,0.0391548662,-0.061884965,-0.008176502,0.1242176814,0.1823197277,0.4375248701,0.2086697537,0.3465846749,0.114510679,0.1201070703,-0.045103343,0.0,0.0391548662,-0.08918829,-3.450355037,-0.064596799,-2.499003969,0.7299163502,0.388899677,0.470100867,0.5589671936,0.0015604043,0.0865781889,0.1573733376,-0.023750735,0.0,0.0192630482,0.1909150533,0.0149970569,-0.164584636,0.0324954608,0.0260326603,0.0087992188,-0.017506913,0.0002026649,,0.8121289184,0.4505039039,0.0,,-0.402770686,-0.087789216,-0.659378105,0.1225063293,0.4977177662,0.3989395513,0.2373776916,1.7481579615,0.1150373076,0.1241332769,0.0211653356,3.0110701043,0.3670956808,0.9397329527,0.9284123205,0.5820680803,6.0,-2.246198536,1.2441000933,1048.9184241,1.9914653894,-0.164812212,0.0290473739,2.9268559619,0.9720318227,1.209613818,1.209613818,1.3850539745,0.111308024,0.3532239435,0.3058403284,0.0,0.0,0.0020962897,1.1214089071,0.1644270228,0.5082643479,12.400132652,0.8987695745,,,0.6330743481,0.6025142412,0.00573442,2821073.48839873,0.57181122,0.00179702,0.62552622,0.00549013,0.0057107,0.00534021,0.01019062,0.09232202,0.70194519,1.0931464,,,,,0.02551137,0.0528138,0.01826257,1.14824574,0.00602562,0.0127279,0.82261119,0.68330546,0.47617872,0.6048997943,1.5503984038,291,0.5838742081,1.6144147056,-0.456832193,-0.171498585
20080530,20080531,211952.0,01W,PRT,-0.023961,2008,5,20080430,20080430,1658.1425714,14.012577628,1658.1425714,0.0286455918,0.0,0.0291532509,0.1244156181,0.1041968918,-0.208137329,-0.27529054,-0.199040157,0.0148138511,4.9786816784,0.0601231954,-0.011906272,-0.030793944,0.0462424788,0.0214965699,0.028876197,0.5719692265,0.1491389195,-0.256872147,1.2065973754,0.3132472433,0.0070700311,-0.021598835,-0.084674546,0.0282497575,0.0293679585,-0.001118201,-0.035552426,-0.003266854,-0.032285572,0.0218385034,-0.128111885,0.0083274416,0.0218485833,0.1902387878,0.1711974309,0.1953864433,0.316066789,0.1197016856,0.1408590491,0.0206741915,-0.011287817,0.0319620084,-0.075766777,-2.023624243,-0.203878662,-5.445312826,0.6075200266,0.3210660273,0.4453719399,0.7404328569,,0.1347019164,,,1.0,-0.03412184,-0.02602435,-0.013589325,-0.708290031,-0.15707857,0.0244574009,0.0081224947,-0.015282425,-3.0745e-05,,-0.0787591,-0.198142327,-0.667636835,,-2.021235674,-0.078796309,-0.525397186,0.1221910788,0.1748775884,0.3398024372,0.1995865817,2.011685021,0.1132079063,0.1196196663,-0.001829401,3.1970639709,0.3570274686,0.9723840056,2.6275200926,0.5575659107,6.0,-2.540671102,1.3409433496,1543.8166791,1.1845241984,-0.095224041,0.0281096986,2.8719876337,0.8983203526,1.1697384118,0.7828761737,1.2656438623,0.1075304604,0.325131707,0.2569282391,0.0584133825,0.0584133825,,0.9587484036,0.1926921272,0.5025755013,13.652959383,0.9161835223,,,0.8071776676,0.5446618708,0.00519774,2940161.25647461,0.54584808,0.00190566,0.58091531,0.00522979,0.00572157,0.0067155,0.01313218,0.43006437,-0.31333996,0.91578515,,,,,0.02525016,0.03545038,0.01472023,0.25109667,0.00575523,0.01296058,0.84146316,0.74624368,0.47918213,0.6134839425,1.5134118558,292,-0.152277398,1.009009191,-0.685248289,-0.336336397
20080630,20080630,211952.0,01W,PRT,-0.087833,2008,6,20080530,20080531,1618.4111492,13.676816609,1618.4111492,0.029348831,0.0,0.0291532509,-0.023961403,0.1774818465,-0.027096989,-0.140158325,-0.150465002,-0.045876626,5.0369078662,0.0609350168,-0.019624128,0.0159617135,0.0422243491,0.0214965699,0.028876197,0.5719692265,0.1491389195,-0.256872147,1.2065973754,0.3132472433,0.0070700311,-0.021598835,-0.084674546,0.0282497575,0.0293679585,-0.001118201,-0.035552426,-0.003266854,-0.032285572,0.0218385034,-0.128111885,0.0083274416,0.0218485833,0.1902387878,0.1711974309,0.1953864433,0.316066789,0.1197016856,0.1408590491,0.0206741915,-0.011287817,0.0319620084,-0.075766777,-2.023624243,-0.203878662,-5.445312826,0.6075200266,0.3210660273,0.4453719399,0.7404328569,,0.1347019164,,,1.0,-0.03412184,-0.02602435,-0.013589325,-0.708290031,-0.15707857,0.0244574009,0.0081224947,-0.015282425,-3.0745e-05,,-0.0787591,-0.198142327,-0.667636835,,-2.021235674,-0.078796309,-0.525397186,0.1221910788,0.1748775884,0.3398024372,0.1995865817,2.011685021,0.1132079063,0.1196196663,-0.001829401,3.1970639709,0.3570274686,0.9723840056,2.6275200926,0.5575659107,6.0,-2.540671102,1.3409433496,1543.8166791,1.1845241984,-0.095224041,0.0281096986,2.942493916,0.9203738001,1.1984550768,0.8020955073,1.2967149722,0.1101702953,0.3331135756,0.2632357366,0.0598474104,0.0598474104,,0.9718092734,0.19531714,0.4917397189,13.513508208,0.9515066951,,,0.7838996064,0.5542284419,0.00557806,2892702.16229618,0.56263327,0.0018942,0.59044371,0.0051552,0.00575747,0.00637305,0.01276226,-0.72039917,-0.6675034,0.98726273,,,,,0.01656125,0.02542796,0.0153682,-0.99361849,0.00577303,0.01323712,0.83704343,0.72836263,0.48045814,0.6285744264,0.9730735361,293,-0.152277398,1.009009191,-0.685248289,-0.336336397
20080731,20080731,211952.0,01W,PRT,-0.064465,2008,7,20080630,20080630,1476.2606605,12.475535856,1476.2606605,0.0321748568,0.0,0.0291532509,-0.08783336,0.0974730424,0.0981926103,-0.133799923,-0.218445112,-0.176956207,5.2104524143,-0.01734359,-0.026032289,-0.015276099,0.0457379392,0.0214965699,0.028876197,0.5719692265,0.1491389195,-0.256872147,1.2065973754,0.3132472433,0.0070700311,-0.021598835,-0.084674546,0.0282497575,0.0293679585,-0.001118201,-0.035552426,-0.003266854,-0.032285572,0.0218385034,-0.128111885,0.0083274416,0.0218485833,0.1902387878,0.1711974309,0.1953864433,0.316066789,0.1197016856,0.1408590491,0.0206741915,-0.011287817,0.0319620084,-0.075766777,-2.023624243,-0.203878662,-5.445312826,0.6075200266,0.3210660273,0.4453719399,0.7404328569,,0.1347019164,,,1.0,-0.03412184,-0.02602435,-0.013589325,-0.708290031,-0.15707857,0.0244574009,0.0081224947,-0.015282425,-3.0745e-05,,-0.0787591,-0.198142327,-0.667636835,,-2.021235674,-0.078796309,-0.525397186,0.1221910788,0.1748775884,0.3398024372,0.1995865817,2.011685021,0.1132079063,0.1196196663,-0.001829401,3.1970639709,0.3570274686,0.9723840056,2.6275200926,0.5575659107,6.0,-2.540671102,1.3409433496,1543.8166791,1.1845241984,-0.095224041,0.0281096986,3.2258293454,1.0089974347,1.3138554119,0.879330017,1.4215768424,0.1207786937,0.3651893863,0.2885829464,0.0656101723,0.0656101723,,1.0216017007,0.2053245712,0.4806062727,12.953111926,0.9096720577,,,0.7879365079,0.5461907279,0.00483065,2762141.46451736,0.55662375,0.00182943,0.59093007,0.00510352,0.00567644,0.00566313,0.01158159,0.34844156,0.30045891,0.31959512,,,,,0.01388595,0.02302293,0.01296982,0.52698644,0.00603775,0.0133549,0.77847051,0.66438809,0.48014565,0.6193190797,0.8093689111,294,-0.27247463,0.9946917938,-0.739573997,-0.308697453
20080829,20080831,211952.0,01W,PRT,-0.031599,2008,8,20080731,20080731,1381.0932342,11.671298047,1381.0932342,0.0343919398,0.0,0.0291532509,-0.064465192,-0.109690152,0.105387545,-0.207283465,-0.274509087,-0.27576539,5.1599360062,-0.052296883,-0.027138499,0.0437776265,0.0401862693,0.2309587081,0.014837848,0.5719692265,0.1491389195,-0.165747203,0.7052158224,0.3132472433,0.0070700311,-0.002502153,-0.084674546,0.0282497575,0.0405411127,-0.001118201,0.1594635575,0.124791611,0.0346719465,0.0757272225,-0.078229376,0.0061469825,-0.05484098,0.1902387878,0.1602285494,0.1953864433,0.3347302031,0.1243209035,0.1408590491,0.0206741915,-0.011287817,0.0757272225,-0.075766777,-2.023624243,-0.203878662,-5.445312826,0.6075200266,0.4660875875,0.4610361795,0.5886473788,,0.1347019164,,,0.0,-0.03412184,-0.02602435,-0.013589325,-0.708290031,0.2965407382,0.0259020735,0.0081018288,-0.01941411,-0.005365805,,-0.0787591,-0.198142327,-0.667636835,,1.5172488318,0.035584592,-0.525397186,0.1201978468,0.1972347282,0.2695916262,0.1995865817,2.0229986412,0.1132079063,0.0976457179,-0.001829401,4.4058190803,0.370445344,0.9723840056,2.6275200926,0.5575659107,6.0,-2.540671102,1.3409433496,1543.8166791,1.1845241984,-0.095224041,0.0281096986,3.6996167007,0.8397114437,1.449803053,1.449803053,1.5456451322,0.1043936854,0.3903536064,0.3084684223,0.0701311931,0.0701311931,,1.07182382,0.1474615391,0.4839147183,14.433673079,0.9247166487,,,0.7731418149,0.5889978481,0.00371625,2699971.22239537,0.54413331,0.00178386,0.57456201,0.00500741,0.00541599,0.00517792,0.01332202,-0.56877853,0.06224423,0.9048128,,,,,0.02167782,0.03423679,0.01894706,0.08374337,0.00616726,0.01369937,0.71370726,0.66232492,0.50223506,0.6136599737,1.2235420932,295,0.1522773975,1.0762764704,-0.60910959,0.0
20080930,20080930,211952.0,01W,PRT,-0.14233,2008,9,20080829,20080831,1337.4526028,11.30250121,1337.4526028,0.0355141373,0.0,0.0291532509,-0.031598614,-0.146636357,-0.019256704,-0.189653659,-0.283824238,-0.30745962,4.5026937049,-0.031126082,-0.027181456,0.0424063197,0.0377383482,0.2309587081,0.014837848,0.5719692265,0.1491389195,-0.165747203,0.7052158224,0.3132472433,0.0070700311,-0.002502153,-0.084674546,0.0282497575,0.0405411127,-0.001118201,0.1594635575,0.124791611,0.0346719465,0.0757272225,-0.078229376,0.0061469825,-0.05484098,0.1902387878,0.1602285494,0.1953864433,0.3347302031,0.1243209035,0.1408590491,0.0206741915,-0.011287817,0.0757272225,-0.075766777,-2.023624243,-0.203878662,-5.445312826,0.6075200266,0.4660875875,0.4610361795,0.5886473788,,0.1347019164,,,0.0,-0.03412184,-0.02602435,-0.013589325,-0.708290031,0.2965407382,0.0259020735,0.0081018288,-0.01941411,-0.005365805,,-0.0787591,-0.198142327,-0.667636835,,1.5172488318,0.035584592,-0.525397186,0.1201978468,0.1972347282,0.2695916262,0.1995865817,2.0229986412,0.1132079063,0.0976457179,-0.001829401,4.4058190803,0.370445344,0.9723840056,2.6275200926,0.5575659107,6.0,-2.540671102,1.3409433496,1543.8166791,1.1845241984,-0.095224041,0.0281096986,3.8203339569,0.8671109474,1.497109642,1.497109642,1.5960790162,0.1078000164,0.4030907141,0.3185336438,0.0724195505,0.0724195505,,1.0858293135,0.1493884151,0.4939908058,14.273798803,0.9306599965,,,0.7862085891,0.5794839525,0.00379522,2885232.12025319,0.54205119,0.00193241,0.57931682,0.00472414,0.00527894,0.00802465,0.01461245,0.62526518,-0.26928642,0.6576532,,,,,0.01763961,0.03007188,0.01590752,-0.30801962,0.00555582,0.01353447,0.62183231,0.6443968,0.50314701,0.602789255,1.0408328973,296,0.3981989049,1.200490096,-0.557478467,0.1714985851
20081031,20081031,211952.0,01W,PRT,-0.100812,2008,10,20080930,20080930,1147.0928305,9.6938150016,1147.0928305,0.0414076996,0.0,0.0291532509,-0.142330107,-0.094026794,-0.093049885,-0.092455236,-0.284173525,-0.24630262,4.2671432746,-0.003276986,-0.039822649,0.0406811899,0.0369104341,0.2309587081,0.014837848,0.5719692265,0.1491389195,-0.165747203,0.7052158224,0.3132472433,0.0070700311,-0.002502153,-0.084674546,0.0282497575,0.0405411127,-0.001118201,0.1594635575,0.124791611,0.0346719465,0.0757272225,-0.078229376,0.0061469825,-0.05484098,0.1902387878,0.1602285494,0.1953864433,0.3347302031,0.1243209035,0.1408590491,0.0206741915,-0.011287817,0.0757272225,-0.075766777,-2.023624243,-0.203878662,-5.445312826,0.6075200266,0.4660875875,0.4610361795,0.5886473788,,0.1347019164,,,0.0,-0.03412184,-0.02602435,-0.013589325,-0.708290031,0.2965407382,0.0259020735,0.0081018288,-0.01941411,-0.005365805,,-0.0787591,-0.198142327,-0.667636835,,1.5172488318,0.035584592,-0.525397186,0.1201978468,0.1972347282,0.2695916262,0.1995865817,2.0229986412,0.1132079063,0.0976457179,-0.001829401,4.4058190803,0.370445344,0.9723840056,2.6275200926,0.5575659107,6.0,-2.540671102,1.3409433496,1543.8166791,1.1845241984,-0.095224041,0.0281096986,4.4543174349,1.0110077953,1.7455546179,1.7455546179,1.8609479353,0.1256894026,0.4699835186,0.3713942235,0.084437557,0.084437557,,1.1514601721,0.1584179098,0.4998615587,13.434170295,1.0008598512,,,0.7689914881,0.5715445225,0.0048141,2915777.03190268,0.56049869,0.0020051,0.59373669,0.00462824,0.00515391,0.00711684,0.01663114,0.4911738,-0.34427127,0.7288413,,,,,0.02905124,0.05572727,0.02502356,0.82200643,0.00640588,0.01366374,0.61623192,0.57709196,0.51359218,0.5719803479,1.6591456353,297,0.2284160963,1.0887670288,-0.60910959,0.0989788208
20081128,20081130,211952.0,01W,PRT,-0.043858,2008,11,20081031,20081031,1031.4524924,8.716565371,1031.4524924,0.0460500854,0.0,0.0291532509,-0.100811665,-0.169431287,-0.308206152,-0.141085201,-0.384038688,-0.208137329,3.8597542529,-0.084818584,-0.041276565,0.1083992232,0.0288552849,0.2369543529,0.0712214419,0.5719692265,0.5283120999,-0.256872147,0.4142758741,0.3132472433,0.0235749061,-0.000318794,-0.084674546,0.0586821575,0.0633739858,-0.004691828,0.1128939153,0.0183581464,0.094535769,0.073922256,-0.07424105,0.0040764596,0.0445202097,0.1902387878,0.1567551121,0.0182374975,0.2654412669,0.0983579477,0.1408590491,0.0206741915,-0.011287817,0.073922256,0.0898439406,2.874458719,0.0156028907,0.4991974392,0.75367333,0.492238068,0.4809313541,0.712461736,,0.1046368005,,,0.0,0.1111328534,0.3172432366,-0.013589325,-0.708290031,0.207673274,0.0426346388,0.0096768928,0.0197672904,0.0017441908,,-0.44732189,-0.206822706,-0.667636835,,0.7523019306,0.4097899323,-0.525397186,0.1336918054,0.1938989183,0.3086880445,0.0225589519,1.9493117913,-0.05858799,0.1080814381,-0.161738979,3.1468550738,0.1904289171,0.9609029313,2.6275200926,0.6544025764,6.0,-2.540671102,1.239843219,1543.8166791,1.1845241984,-0.095224041,0.0281096986,4.9844632134,1.5839506735,1.9421508451,1.4205925623,2.1675790254,0.1557941375,-0.292029679,0.4130327419,0.0939041953,0.0939041953,,1.2568738791,0.2225603602,0.5825702281,9.985477039,0.7793627599,,,0.5444133933,0.597526959,0.0046252,2886377.47436368,0.54300321,0.00213512,0.55205228,0.00452993,0.00495154,0.0219626,0.02267922,-0.28533284,0.34527919,0.59693012,,,,,0.06020224,0.09718323,0.04147808,0.93646566,0.00822479,0.0149965,0.52869556,0.53309736,0.54961823,0.5274015211,2.860777984,298,-0.111751674,0.2309505819,-0.633259486,0.2969364624
20081231,20081231,211952.0,01W,PRT,0.070876,2008,12,20081128,20081130,986.2148131,8.3342722539,986.2148131,0.048162403,0.0,0.0291532509,-0.043858229,-0.228793237,-0.362675861,-0.267543934,-0.394802804,-0.027096989,2.6972591683,-0.135314806,-0.032962331,0.0362205306,0.028877165,0.2369543529,0.0712214419,0.5719692265,0.5283120999,-0.256872147,0.4142758741,0.3132472433,0.0235749061,-0.000318794,-0.084674546,0.0586821575,0.0633739858,-0.004691828,0.1128939153,0.0183581464,0.094535769,0.073922256,-0.07424105,0.0040764596,0.0445202097,0.1902387878,0.1567551121,0.0182374975,0.2654412669,0.0983579477,0.1408590491,0.0206741915,-0.011287817,0.073922256,0.0898439406,2.874458719,0.0156028907,0.4991974392,0.75367333,0.492238068,0.4809313541,0.712461736,,0.1046368005,,,0.0,0.1111328534,0.3172432366,-0.013589325,-0.708290031,0.207673274,0.0426346388,0.0096768928,0.0197672904,0.0017441908,,-0.44732189,-0.206822706,-0.667636835,,0.7523019306,0.4097899323,-0.525397186,0.1336918054,0.1938989183,0.3086880445,0.0225589519,1.9493117913,-0.05858799,0.1080814381,-0.161738979,3.1468550738,0.1904289171,0.9609029313,2.6275200926,0.6544025764,6.0,-2.540671102,1.239843219,1543.8166791,1.1845241984,-0.095224041,0.0281096986,5.2131005702,1.6566065001,2.0312373157,1.4857551514,2.267005888,0.1629404155,-0.305425083,0.4319785562,0.0982115813,0.0982115813,,1.2800671579,0.2266672993,0.6035950461,9.556690816,0.7390832273,,,0.5450996678,0.663066071,0.00436973,2884032.2110759,0.5535936,0.00228415,0.53116366,0.00433564,0.00479865,0.00680443,0.01850859,-0.48101465,-0.33359146,0.62037687,,,,,0.02485854,0.03580101,0.02312497,-0.3184932,0.00969316,0.01562483,0.51526376,0.56015217,0.55954638,0.5072086502,1.1445667679,299,-0.111751674,0.2309505819,-0.633259486,0.2969364624
20090130,20090131,211952.0,01W,PRT,-0.084347,2009,1,20081231,20081231,1056.1137044,8.9249715447,1056.1137044,0.0449747741,0.0,0.0291532509,0.0708759293,-0.140248473,-0.331950759,-0.331230403,-0.330791919,0.0981926103,2.163430504,-0.093770625,-0.017994463,0.061616026,0.0232522208,0.2369543529,0.0712214419,0.5719692265,0.5283120999,-0.256872147,0.4142758741,0.3132472433,0.0235749061,-0.000318794,-0.084674546,0.0586821575,0.0633739858,-0.004691828,0.1128939153,0.0183581464,0.094535769,0.073922256,-0.07424105,0.0040764596,0.0445202097,0.1902387878,0.1567551121,0.0182374975,0.2654412669,0.0983579477,0.1408590491,0.0206741915,-0.011287817,0.073922256,0.0898439406,2.874458719,0.0156028907,0.4991974392,0.75367333,0.492238068,0.4809313541,0.712461736,,0.1046368005,,,0.0,0.1111328534,0.3172432366,-0.013589325,-0.708290031,0.207673274,0.0426346388,0.0096768928,0.0197672904,0.0017441908,,-0.44732189,-0.206822706,-0.667636835,,0.7523019306,0.4097899323,-0.525397186,0.1336918054,0.1938989183,0.3086880445,0.0225589519,1.9493117913,-0.05858799,0.1080814381,-0.161738979,3.1468550738,0.1904289171,0.9609029313,2.6275200926,0.6544025764,6.0,-2.540671102,1.239843219,1543.8166791,1.1845241984,-0.095224041,0.0281096986,4.8680714803,1.5469639898,1.8967998628,1.3874204385,2.1169640909,0.1521562032,-0.285210522,0.403388053,0.0917114473,0.0917114473,,1.2445806342,0.2203835395,0.6371688043,10.203757955,0.754147488,,,0.5513921848,0.6739562226,0.0062772,2606628.16996183,0.64733364,0.00216361,0.59306882,0.00449878,0.00489168,0.0107638,0.01151451,0.59901866,0.43256337,0.46535048,,,,,0.0342238,0.05690468,0.0223401,0.57491124,0.01979446,0.01565623,0.51317301,0.59985347,0.57583956,0.5185257481,1.5298882689,300,-0.076138699,0.2690691176,-0.60910959,0.2690691176
20090227,20090228,211952.0,01W,PRT,-0.068269,2009,2,20090130,20090131,967.03385468,8.1721784307,967.03385468,0.0491176964,0.0,0.0291532509,-0.084346836,0.0239092079,-0.235306004,-0.363074248,-0.209208125,0.105387545,1.9784669763,0.0544334372,-0.030610851,0.1084966072,0.0177113255,0.0244855993,0.0534781568,0.5719692265,0.1491389195,-0.213153695,0.1729788973,0.3132472433,0.0070700311,-0.000147971,-0.084674546,0.0282497575,0.0360064224,-0.001118201,0.0244261616,0.0950798896,-0.070653728,-0.023928444,0.0237804734,0.0074140899,-0.078753499,0.1902387878,0.0814047158,0.1953864433,0.3554010627,0.1503878885,0.1408590491,0.0206741915,-0.011287817,-0.023928444,-0.075766777,-2.023624243,-0.203878662,-5.445312826,0.6075200266,0.5632109918,0.4924999454,0.6766226941,,0.1347019164,,,0.0,-0.03412184,-0.02602435,-0.013589325,-0.708290031,-0.040553009,0.0268741019,0.0085399871,0.0008414415,-0.000259232,,-0.0787591,-0.198142327,-0.667636835,,-0.718562647,0.3227077009,-0.525397186,0.1147159864,0.083397959,0.2690604138,0.1995865817,1.8930834925,0.1132079063,0.1119742302,-0.001829401,4.074700019,0.1940619533,0.9723840056,2.6275200926,0.5575659107,6.0,-2.540671102,1.3409433496,1543.8166791,1.1845241984,-0.095224041,0.0281096986,4.7078392584,1.155383031,1.7865069926,1.7865069926,2.2909027359,0.1737556144,0.557493124,0.4405467802,0.100159592,0.100159592,,1.2150662378,0.1891818963,0.5588215211,12.452770709,0.7727640195,,,0.7517341057,0.6351515152,0.0055575,2123215.72190666,0.70405067,0.00187886,0.65007853,0.00484117,0.00505923,0.00431193,0.0110627,-0.54839695,0.17741239,0.28649475,,,,,0.01744056,0.02178101,0.01511921,0.12795373,0.02217391,0.01536245,0.50425128,0.54925773,0.57540598,0.5145946998,0.7919583384,301,0.1862527899,0.6268658651,-0.707760602,0.2969364624
20090331,20090331,211952.0,01W,PRT,0.107183,2009,3,20090227,20090228,901.01584189,7.6142755429,901.01584189,0.0527165818,0.0,0.0291532509,-0.068268564,-0.019449067,-0.276958411,-0.40247949,-0.313288961,-0.019256704,1.854664866,0.047194496,-0.041107493,0.0275263063,0.0240329656,0.0244855993,0.0534781568,0.5719692265,0.1491389195,-0.213153695,0.1729788973,0.3132472433,0.0070700311,-0.000147971,-0.084674546,0.0282497575,0.0360064224,-0.001118201,0.0244261616,0.0950798896,-0.070653728,-0.023928444,0.0237804734,0.0074140899,-0.078753499,0.1902387878,0.0814047158,0.1953864433,0.3554010627,0.1503878885,0.1408590491,0.0206741915,-0.011287817,-0.023928444,-0.075766777,-2.023624243,-0.203878662,-5.445312826,0.6075200266,0.5632109918,0.4924999454,0.6766226941,,0.1347019164,,,0.0,-0.03412184,-0.02602435,-0.013589325,-0.708290031,-0.040553009,0.0268741019,0.0085399871,0.0008414415,-0.000259232,,-0.0787591,-0.198142327,-0.667636835,,-0.718562647,0.3227077009,-0.525397186,0.1147159864,0.083397959,0.2690604138,0.1995865817,1.8930834925,0.1132079063,0.1119742302,-0.001829401,4.074700019,0.1940619533,0.9723840056,2.6275200926,0.5575659107,6.0,-2.540671102,1.3409433496,1543.8166791,1.1845241984,-0.095224041,0.0281096986,5.0527856821,1.2400386921,1.917405514,1.917405514,2.4587586593,0.1864868005,0.5983410054,0.4728259274,0.10749835,0.10749835,,1.245582629,0.1939332001,0.5499718891,11.94862744,0.7714346932,,,0.7589940422,0.6664381814,0.00351698,2060389.96555919,0.75617016,0.00201277,0.78577866,0.00474979,0.00484407,0.00845722,0.01906825,1.57479483,-0.13769162,0.60665585,0.01803948,0.62280281,,,0.02359828,0.06058271,0.02166468,1.16543697,0.02281069,0.01534053,0.47952901,0.51176069,0.57585551,0.5036713866,1.0869137803,302,0.1222708719,0.6071428571,-0.855896103,0.3928571429
20090430,20090430,211952.0,01W,PRT,0.039994,2009,4,20090331,20090331,997.58931383,8.4303955169,997.58931383,0.0476132559,0.0,0.0291532509,0.107182879,-0.146857163,-0.214522297,-0.389663448,-0.389005323,-0.093049885,1.8521651015,0.1244156181,-0.042674106,0.0388578226,0.0229819685,0.0244855993,0.0534781568,0.5719692265,0.1491389195,-0.213153695,0.1729788973,0.3132472433,0.0070700311,-0.000147971,-0.084674546,0.0282497575,0.0360064224,-0.001118201,0.0244261616,0.0950798896,-0.070653728,-0.023928444,0.0237804734,0.0074140899,-0.078753499,0.1902387878,0.0814047158,0.1953864433,0.3554010627,0.1503878885,0.1408590491,0.0206741915,-0.011287817,-0.023928444,-0.075766777,-2.023624243,-0.203878662,-5.445312826,0.6075200266,0.5632109918,0.4924999454,0.6766226941,,0.1347019164,,,0.0,-0.03412184,-0.02602435,-0.013589325,-0.708290031,-0.040553009,0.0268741019,0.0085399871,0.0008414415,-0.000259232,,-0.0787591,-0.198142327,-0.667636835,,-0.718562647,0.3227077009,-0.525397186,0.1147159864,0.083397959,0.2690604138,0.1995865817,1.8930834925,0.1132079063,0.1119742302,-0.001829401,4.074700019,0.1940619533,0.9723840056,2.6275200926,0.5575659107,6.0,-2.540671102,1.3409433496,1543.8166791,1.1845241984,-0.095224041,0.0281096986,4.5636414526,1.1199944613,1.7317875397,1.7317875397,2.2207339961,0.1684336021,0.5404175017,0.4270531421,0.0970917741,0.0970917741,,1.201442695,0.1870607547,0.5421232406,12.663517503,0.7852243674,,,0.7702574526,0.6689661598,0.0052342,1904206.92237597,0.74156251,0.00194486,0.77304872,0.00482405,0.00483349,0.00891451,0.01082461,0.29235552,0.59469916,0.76816332,0.00830111,0.93056985,0.00654663,0.59893814,0.03291052,0.06633075,0.02022888,1.28954794,0.02234682,0.01530519,0.48623596,0.56661268,0.58847607,0.510677274,1.5049858823,303,0.194624736,0.5830951895,-0.817423891,0.3772968873
20090529,20090531,211952.0,01W,PRT,0.052278,2009,5,20090430,20090430,995.92205542,8.4163059034,995.92205542,0.0391430817,0.0,0.040887458,0.0399938217,0.0315970935,-0.032830575,-0.277681413,-0.398369398,-0.308206152,2.3686244844,-0.023961403,-0.036859994,-0.028237712,0.0329995024,-0.039512522,-0.042116762,2.1692764282,0.5531180639,0.0628172161,0.1138683632,-0.07549047,0.031371046,0.0038962769,0.0,-0.001621433,-0.014762145,0.0131407111,0.0342868218,-0.002777711,0.0370645332,-0.030462147,0.034358424,-0.019552225,0.0095546643,0.136863096,0.1495910047,0.1255414607,0.2170462131,0.096710214,0.0892753405,-0.041181984,-0.007430929,-0.033751055,-0.028016039,-0.864208675,0.0063423848,0.1956430734,0.6429567671,0.3419654087,0.4306331399,0.6522966612,,0.0625436293,,,0.0,0.0482215085,0.0579579921,0.0170553166,3.9820050154,-0.114017386,0.0241466345,0.0059259907,-0.000310766,-0.002196504,,-0.689379862,0.1475893404,-0.492194627,-0.933925147,-1.073919069,0.2099386203,0.759652759,0.0936719462,0.1436802869,0.2234143248,0.120581001,1.5154541266,0.0604341806,0.0975254216,-0.052773726,2.9832127794,0.1938085308,0.9442736394,1.7788093374,0.4815030241,4.0,-2.442249504,1.164582208,1235.8271537,1.263978907,-0.146665644,0.0279852741,4.5927287062,1.539524347,1.8076306207,1.520384699,2.0184621524,0.1488877291,0.2775577962,-0.082326667,0.075402177,0.075402177,,1.2277462619,0.1777140623,0.4650388224,10.051921921,0.7520118243,,,0.5352719693,0.6699690408,0.00553722,1744741.1332597,0.79290706,0.00180193,0.82396635,0.00503225,0.0048589,0.00727493,0.01278698,0.36595353,0.05961069,0.6444239,0.01194679,0.32200976,,,0.02739991,0.04430912,0.01968212,0.38014308,0.02192525,0.01527607,0.47855204,0.56566571,0.58816932,0.5059347818,1.2378524248,304,0.583459966,0.6928517456,-0.072932496,0.6268658651
20090630,20090630,211952.0,01W,PRT,-0.08307,2009,6,20090529,20090531,1047.9868175,8.856293111,1047.9868175,0.0371984243,0.0,0.040887458,0.0522779486,0.1514633537,0.0519885822,-0.224281503,-0.35894737,-0.362675861,2.4002555657,-0.08783336,-0.024122603,0.0233733913,0.0285139398,-0.039512522,-0.042116762,2.1692764282,0.5531180639,0.0628172161,0.1138683632,-0.07549047,0.031371046,0.0038962769,0.0,-0.001621433,-0.014762145,0.0131407111,0.0342868218,-0.002777711,0.0370645332,-0.030462147,0.034358424,-0.019552225,0.0095546643,0.136863096,0.1495910047,0.1255414607,0.2170462131,0.096710214,0.0892753405,-0.041181984,-0.007430929,-0.033751055,-0.028016039,-0.864208675,0.0063423848,0.1956430734,0.6429567671,0.3419654087,0.4306331399,0.6522966612,,0.0625436293,,,0.0,0.0482215085,0.0579579921,0.0170553166,3.9820050154,-0.114017386,0.0241466345,0.0059259907,-0.000310766,-0.002196504,,-0.689379862,0.1475893404,-0.492194627,-0.933925147,-1.073919069,0.2099386203,0.759652759,0.0936719462,0.1436802869,0.2234143248,0.120581001,1.5154541266,0.0604341806,0.0975254216,-0.052773726,2.9832127794,0.1938085308,0.9442736394,1.7788093374,0.4815030241,4.0,-2.442249504,1.164582208,1235.8271537,1.263978907,-0.146665644,0.0279852741,4.3645585391,1.4630396361,1.7178261914,1.44485086,1.9181834562,0.1414908763,0.2637685191,-0.078236617,0.0716561409,0.0716561409,,1.2027977689,0.1741028128,0.4688164813,10.513029321,0.7063995149,,,0.5371573388,0.6457173779,0.00478017,1781457.61289671,0.99232918,0.00183064,1.00272062,0.00509943,0.00480538,0.00472339,0.0076811,0.08561752,0.09373513,0.20319736,0.00717685,-0.23306058,0.00790656,-0.29236389,0.01774881,0.02149931,0.01147376,0.02420653,0.02076278,0.01498947,0.4692003,0.63456464,0.58812277,0.4938752056,0.8064088102,305,0.583459966,0.6928517456,-0.072932496,0.6268658651
20090731,20090731,211952.0,01W,PRT,0.122611,2009,7,20090630,20090630,960.93010415,8.1205970531,960.93010415,0.040568464,0.0,0.040887458,-0.083070428,0.0943625653,0.0337186195,-0.048268482,-0.260479921,-0.331950759,1.9926312805,-0.064465192,-0.025813988,-0.017290741,0.0293869154,-0.039512522,-0.042116762,2.1692764282,0.5531180639,0.0628172161,0.1138683632,-0.07549047,0.031371046,0.0038962769,0.0,-0.001621433,-0.014762145,0.0131407111,0.0342868218,-0.002777711,0.0370645332,-0.030462147,0.034358424,-0.019552225,0.0095546643,0.136863096,0.1495910047,0.1255414607,0.2170462131,0.096710214,0.0892753405,-0.041181984,-0.007430929,-0.033751055,-0.028016039,-0.864208675,0.0063423848,0.1956430734,0.6429567671,0.3419654087,0.4306331399,0.6522966612,,0.0625436293,,,0.0,0.0482215085,0.0579579921,0.0170553166,3.9820050154,-0.114017386,0.0241466345,0.0059259907,-0.000310766,-0.002196504,,-0.689379862,0.1475893404,-0.492194627,-0.933925147,-1.073919069,0.2099386203,0.759652759,0.0936719462,0.1436802869,0.2234143248,0.120581001,1.5154541266,0.0604341806,0.0975254216,-0.052773726,2.9832127794,0.1938085308,0.9442736394,1.7788093374,0.4815030241,4.0,-2.442249504,1.164582208,1235.8271537,1.263978907,-0.146665644,0.0279852741,4.7599713999,1.5955856159,1.8734548907,1.5757490039,2.0919637827,0.1543094264,0.2876649714,-0.085324565,0.0781479222,0.0781479222,,1.2451035328,0.180226496,0.4828497814,9.7139424009,0.713560535,,,0.5369059562,0.617308287,0.00472326,2010830.31006302,0.91707707,0.00206535,0.91430939,0.00488877,0.0048101,0.00596461,0.0094132,-0.09143299,-0.13015197,0.92886691,0.00948533,-0.39193802,0.00900853,-0.00719637,0.01210578,0.01965038,0.01241873,-0.10078722,0.01019341,0.01487427,0.46736001,0.6483049,0.59295545,0.4947637627,0.5515086373,306,0.583459966,0.6928517456,-0.072932496,0.6268658651
20090831,20090831,211952.0,01W,PRT,0.09386,2009,8,20090731,20090731,1078.7504667,9.116269563,1078.7504667,0.0361376051,0.0,0.040887458,0.1226107518,-0.035135231,0.0351596097,-0.029490553,-0.275186959,-0.235306004,1.8813453413,-0.031598614,-0.011794954,0.0154791871,0.0255866247,-0.143725641,-0.055672503,2.1692764282,0.5531180639,0.0929835854,0.0910533048,-0.07549047,0.031371046,0.0034167782,0.0,-0.001621433,-0.006934736,0.0131407111,-0.271126452,-0.065004018,-0.206122434,-0.055206857,0.0586236351,-0.023368011,0.0609567827,0.1179662,0.1146292058,0.1255414607,0.2465630585,0.0962285728,0.0796499776,-0.041181984,-0.007430929,-0.183637899,-0.028016039,-0.864208675,0.0063423848,0.1956430734,0.581032025,0.4278154054,0.4250730045,0.6751932127,,0.0505626771,,,0.0,0.0482215085,0.0579579921,0.0170553166,3.9820050154,-0.230680476,0.0110436392,0.0037019272,-0.014858434,-0.004399902,,-0.689379862,0.1411762731,-0.492194627,-0.933925147,-1.805346989,-1.397114861,0.759652759,0.0893508468,0.0981540497,0.3032639183,0.120581001,1.634610815,0.0813688132,0.1043483854,-0.052773726,3.0672336859,0.1970207807,0.943311239,1.7788093374,0.4231370873,5.0,-2.590139164,0.9970612114,1235.8271537,1.263978907,-0.146665644,0.0279852741,4.055754619,1.3222841929,1.6322357369,1.4271659258,1.8686778039,0.1272415207,0.3300119399,-0.076005476,0.0696126615,0.0696126615,,1.1402678843,0.1743644476,0.405565663,10.833216579,0.7178838577,,,0.5611974137,0.5516558442,0.00498247,2116054.21713825,0.90656122,0.00216053,0.89883011,0.00480922,0.00496128,0.00423927,0.01134084,1.17875295,0.0497287,1.40462839,0.01097707,1.23267088,0.01153026,1.67276611,0.02983188,0.04028711,0.01626236,0.6016262,0.00854233,0.01485388,0.49221096,0.75996606,0.59986738,0.5073443874,1.3663337569,307,0.5105274702,0.6928517456,0.2187974872,0.3629223429
20090930,20090930,211952.0,01W,PRT,0.133326,2009,9,20090831,20090831,1180.0023075,9.9719253455,1180.0023075,0.0330367645,0.0,0.040887458,0.0938602985,0.0293549964,0.2472277558,0.1394799099,-0.159766885,-0.276958411,1.737547687,-0.142330107,0.0096769006,0.0315741353,0.0229673545,-0.143725641,-0.055672503,2.1692764282,0.5531180639,0.0929835854,0.0910533048,-0.07549047,0.031371046,0.0034167782,0.0,-0.001621433,-0.006934736,0.0131407111,-0.271126452,-0.065004018,-0.206122434,-0.055206857,0.0586236351,-0.023368011,0.0609567827,0.1179662,0.1146292058,0.1255414607,0.2465630585,0.0962285728,0.0796499776,-0.041181984,-0.007430929,-0.183637899,-0.028016039,-0.864208675,0.0063423848,0.1956430734,0.581032025,0.4278154054,0.4250730045,0.6751932127,,0.0505626771,,,0.0,0.0482215085,0.0579579921,0.0170553166,3.9820050154,-0.230680476,0.0110436392,0.0037019272,-0.014858434,-0.004399902,,-0.689379862,0.1411762731,-0.492194627,-0.933925147,-1.805346989,-1.397114861,0.759652759,0.0893508468,0.0981540497,0.3032639183,0.120581001,1.634610815,0.0813688132,0.1043483854,-0.052773726,3.0672336859,0.1970207807,0.943311239,1.7788093374,0.4231370873,5.0,-2.590139164,0.9970612114,1235.8271537,1.263978907,-0.146665644,0.0279852741,3.7077446036,1.2088236448,1.4921793387,1.3047058457,1.7083331449,0.1163233741,0.301694778,-0.069483714,0.0636394442,0.0636394442,,1.0978145837,0.1678726869,0.4089131777,11.562581651,0.7245292888,,,0.5676839827,0.6062731911,0.0055034,1919912.69506206,0.96120972,0.00188036,0.92901221,0.00520844,0.00512904,0.00588634,0.00985233,-0.13107991,-0.33090477,0.66316098,,,,,0.02389237,0.03617092,0.01579659,-0.05264588,0.00918745,0.01459023,0.50113975,0.90661172,0.60607021,0.5130574758,1.0926023959,308,0.4842572538,0.6268658651,0.111751674,0.3629223429
20091030,20091031,211952.0,01W,PRT,-0.01871,2009,10,20090930,20090930,1337.3272972,11.301442281,1337.3272972,0.0291502749,0.0,0.040887458,0.1333260017,0.2279793321,0.2322200345,0.1639367366,0.0716216735,-0.214522297,1.2436022065,-0.100811665,0.0309621431,0.0197925816,0.0197469885,-0.143725641,-0.055672503,2.1692764282,0.5531180639,0.0929835854,0.0910533048,-0.07549047,0.031371046,0.0034167782,0.0,-0.001621433,-0.006934736,0.0131407111,-0.271126452,-0.065004018,-0.206122434,-0.055206857,0.0586236351,-0.023368011,0.0609567827,0.1179662,0.1146292058,0.1255414607,0.2465630585,0.0962285728,0.0796499776,-0.041181984,-0.007430929,-0.183637899,-0.028016039,-0.864208675,0.0063423848,0.1956430734,0.581032025,0.4278154054,0.4250730045,0.6751932127,,0.0505626771,,,0.0,0.0482215085,0.0579579921,0.0170553166,3.9820050154,-0.230680476,0.0110436392,0.0037019272,-0.014858434,-0.004399902,,-0.689379862,0.1411762731,-0.492194627,-0.933925147,-1.805346989,-1.397114861,0.759652759,0.0893508468,0.0981540497,0.3032639183,0.120581001,1.634610815,0.0813688132,0.1043483854,-0.052773726,3.0672336859,0.1970207807,0.943311239,1.7788093374,0.4231370873,5.0,-2.590139164,0.9970612114,1235.8271537,1.263978907,-0.146665644,0.0279852741,3.2715605201,1.0666159984,1.3166373457,1.1512184876,1.5073625262,0.1026389353,0.2662029968,-0.061309556,0.0561528141,0.0561528141,,1.037779589,0.1586924154,0.4241853614,12.476743376,0.741252655,,,0.578356866,0.5958475057,0.00444396,2305619.4179056,1.01797486,0.00211101,0.96137713,0.0050629,0.00511314,0.00480841,0.01367727,1.28440214,-0.08979476,1.25909689,0.0139225,1.06612535,,,0.03139833,0.05436131,0.02039804,0.18622596,0.00894017,0.01449252,0.51766666,0.96665577,0.60875188,0.5256985853,1.4656311185,309,0.4568321926,0.6516946235,0.1522773975,0.3086974533
20091130,20091130,211952.0,01W,PRT,-0.003627,2009,11,20091030,20091031,1312.3058089,11.089991497,1312.3058089,0.0297060777,0.0,0.040887458,-0.018710071,0.2397003186,0.3428031741,0.4406325673,0.3506588768,-0.032830575,0.8471872082,-0.043858229,0.0332483392,0.0364612112,0.0138459764,-0.094659217,-0.136866477,2.1692764282,-0.040830019,0.1878771099,0.0246620554,-0.07549047,-0.003075665,0.0030726283,0.0,-0.050833631,-0.02866431,-0.022169321,0.01770323,-0.020242916,0.037946146,-0.029463106,0.0325357341,-0.015880437,-0.023543188,0.0947687873,0.1237745222,0.1164178567,0.1746722933,0.0696384463,0.0566929571,0.0967315332,-0.003359826,0.1000913596,-0.04173377,-1.830122526,-0.009198036,-0.403355185,0.6235810123,0.3491222898,0.3939960441,0.5982239379,,0.0410785768,,,0.0,0.014283403,-0.024539754,0.0170553166,3.9820050154,-0.146454106,0.0128464456,0.0041882839,-0.029788193,-0.005488609,,-0.266783216,0.1207613774,-0.492194627,-0.933925147,-0.800134308,-1.885419401,0.759652759,0.0676145495,0.1120581228,0.1629563269,0.1053978335,1.5576807777,0.0645375819,0.0746840867,0.1231255716,3.0538072502,0.1960882068,0.9415624681,0.2833306895,0.4409036768,5.0,-2.453304607,0.8219612697,837.20616982,1.1371050218,-0.146665644,0.0279852741,3.5468649922,1.1614567331,1.4219994937,1.2762993276,1.4705070213,0.0808820423,0.2289060899,-0.128893868,0.059394874,0.059394874,,1.079876139,0.1163706238,0.4994118612,12.680308127,0.7375366909,,,0.5916561457,0.5172861296,0.00524031,2497797.02986988,0.93933287,0.00217145,0.92860638,0.0050423,0.00516472,0.00407537,0.0106678,0.45011205,-0.35496976,1.59456706,,,,,0.03034864,0.03787721,0.0231474,-0.11149039,0.00815992,0.01350005,0.56948842,0.87770275,0.6170598,0.5935515834,1.6138113863,310,0.3806934938,0.6516946235,0.0,0.5830951895
20091231,20091231,211952.0,01W,PRT,0.007559,2009,12,20091130,20091130,1307.5454795,11.049763059,1307.5454795,0.0298142275,0.0,0.040887458,-0.003627454,0.1121213921,0.2522159507,0.5172593473,0.3861835069,0.0519885822,0.6992898325,0.0708759293,0.0264753044,-0.00025836,0.0152928097,-0.094659217,-0.136866477,2.1692764282,-0.040830019,0.1878771099,0.0246620554,-0.07549047,-0.003075665,0.0030726283,0.0,-0.050833631,-0.02866431,-0.022169321,0.01770323,-0.020242916,0.037946146,-0.029463106,0.0325357341,-0.015880437,-0.023543188,0.0947687873,0.1237745222,0.1164178567,0.1746722933,0.0696384463,0.0566929571,0.0967315332,-0.003359826,0.1000913596,-0.04173377,-1.830122526,-0.009198036,-0.403355185,0.6235810123,0.3491222898,0.3939960441,0.5982239379,,0.0410785768,,,0.0,0.014283403,-0.024539754,0.0170553166,3.9820050154,-0.146454106,0.0128464456,0.0041882839,-0.029788193,-0.005488609,,-0.266783216,0.1207613774,-0.492194627,-0.933925147,-0.800134308,-1.885419401,0.759652759,0.0676145495,0.1120581228,0.1629563269,0.1053978335,1.5576807777,0.0645375819,0.0746840867,0.1231255716,3.0538072502,0.1960882068,0.9415624681,0.2833306895,0.4409036768,5.0,-2.453304607,0.8219612697,837.20616982,1.1371050218,-0.146665644,0.0279852741,3.5597779242,1.165685203,1.4271765114,1.2809459004,1.4758606384,0.0811765064,0.2297394593,-0.129363127,0.0596111106,0.0596111106,,1.0815997496,0.1165563651,0.5044394163,12.65608672,0.7389508729,,,0.5931527443,0.507854605,0.00607281,2353483.38656269,0.88647248,0.00197077,0.86178941,0.00523287,0.0053077,0.00624993,0.00840908,-0.19634314,-0.31544704,1.308946,0.00855245,-0.14456899,0.00898776,-0.30222431,0.02196271,0.0297541,0.0175005,-0.1237214,0.00892579,0.0123224,0.67551938,0.87451892,0.6197355,0.6570890461,1.1987980762,311,0.3352550219,0.672672794,0.037250558,0.4036036764
20100129,20100131,211952.0,01W,PRT,-0.049739,2010,1,20091231,20091231,1317.4286671,11.133283582,1317.4286671,0.0295905648,0.0,0.040887458,0.0075585804,-0.022269655,0.3607082074,0.3654072755,0.2897434257,0.0337186195,0.8012265545,-0.084346836,0.0348303422,0.0475467596,0.0123242539,-0.094659217,-0.136866477,2.1692764282,-0.040830019,0.1878771099,0.0246620554,-0.07549047,-0.003075665,0.0030726283,0.0,-0.050833631,-0.02866431,-0.022169321,0.01770323,-0.020242916,0.037946146,-0.029463106,0.0325357341,-0.015880437,-0.023543188,0.0947687873,0.1237745222,0.1164178567,0.1746722933,0.0696384463,0.0566929571,0.0967315332,-0.003359826,0.1000913596,-0.04173377,-1.830122526,-0.009198036,-0.403355185,0.6235810123,0.3491222898,0.3939960441,0.5982239379,,0.0410785768,,,0.0,0.014283403,-0.024539754,0.0170553166,3.9820050154,-0.146454106,0.0128464456,0.0041882839,-0.029788193,-0.005488609,,-0.266783216,0.1207613774,-0.492194627,-0.933925147,-0.800134308,-1.885419401,0.759652759,0.0676145495,0.1120581228,0.1629563269,0.1053978335,1.5576807777,0.0645375819,0.0746840867,0.1231255716,3.0538072502,0.1960882068,0.9415624681,0.2833306895,0.4409036768,5.0,-2.453304607,0.8219612697,837.20616982,1.1371050218,-0.146665644,0.0279852741,3.5330729085,1.1569403761,1.4164700089,1.271336402,1.4647889136,0.0805675302,0.2280159822,-0.128392661,0.0591639153,0.0591639153,,1.078027391,0.1161713973,0.4967130809,12.706178602,0.7409681016,,,0.5930220253,0.5300768272,0.00616072,2214389.00140178,0.93871941,0.00176844,0.93275259,0.00545214,0.0052824,0.00655191,0.01069142,-0.42373009,0.14737434,0.27497343,0.01026103,-0.16458535,0.01034299,0.24430002,0.02093863,0.03812726,0.01530542,0.32750826,0.01021247,0.01228075,0.72030723,0.88112904,0.62016513,0.68251811,1.1813690356,312,0.3352550219,0.672672794,0.037250558,0.336336397
20100226,20100228,211952.0,01W,PRT,-0.087761,2010,2,20100129,20100131,1251.9017308,10.579530667,1251.9017308,0.0311393917,0.0,0.040887458,-0.049738508,0.0039037077,0.2212543196,0.3228230663,0.4191968167,0.0351596097,0.4872436261,-0.068268564,0.0365148928,0.0970643471,0.0034292399,0.0536585226,-0.1150424,2.1692764282,0.5531180639,0.1648802038,0.0176752444,-0.07549047,0.031371046,0.0049752387,0.0,-0.001621433,0.0029309544,0.0131407111,-0.037065379,-0.019355829,-0.01770955,0.043582489,-0.03860725,-0.016386706,0.1050702374,0.0821822642,0.122879505,0.1521662988,0.1699410636,0.0622159749,0.0470355787,0.0161260093,-0.002776701,0.0189027105,-0.079945117,-3.801784217,-0.118552367,-5.637749199,0.7468711445,0.3452457515,0.4193814838,0.5723324761,,0.0358069496,,,0.0,0.0482215085,0.0579579921,0.0170553166,3.9820050154,0.0638185749,0.0253482348,0.0083005353,-0.001525867,-0.000239452,,-0.689379862,0.2100277419,-0.492194627,-0.933925147,0.5165660789,0.1711028009,0.759652759,0.0760964641,0.1294730377,0.2466019031,0.1603313176,1.4878264643,0.1009734318,0.0722211822,-0.052773726,2.9586761694,0.2014597538,0.9463101673,1.7788093374,0.503554176,6.0,-2.429138424,0.8693002367,984.85646658,0.7468649905,-0.146665644,0.0279852741,3.8317127941,1.2950767758,1.5469862788,1.4097843317,1.5660317143,0.0805744642,0.3869011905,-0.106625378,0.0707815619,0.0707815619,,1.1354656136,0.1148363462,0.5207413317,11.410644981,0.7387228763,,,0.5340680204,0.5727174085,0.0058869,2246733.30851735,0.88527882,0.0017241,0.89240853,0.00559795,0.00532249,0.00585519,0.00908725,-0.17095759,0.08787872,0.72915152,,,0.00866419,-0.39868687,0.01554395,0.02274572,0.01357602,0.2830292,0.009976,0.01206444,0.76975726,0.837303,0.62625528,0.7058960762,0.8829757492,313,0.6332594858,0.9417419116,-0.037250558,0.4036036764
20100331,20100331,211952.0,01W,PRT,0.099656,2010,3,20100226,20100228,1142.0339133,9.6510632673,1142.0339133,0.0341351145,0.0,0.040887458,-0.087760736,-0.04255588,0.0609315955,0.1945777465,0.4474214699,0.2472277558,0.3329653206,0.107182879,0.018792746,0.0272968543,0.0073208478,0.0536585226,-0.1150424,2.1692764282,0.5531180639,0.1648802038,0.0176752444,-0.07549047,0.031371046,0.0049752387,0.0,-0.001621433,0.0029309544,0.0131407111,-0.037065379,-0.019355829,-0.01770955,0.043582489,-0.03860725,-0.016386706,0.1050702374,0.0821822642,0.122879505,0.1521662988,0.1699410636,0.0622159749,0.0470355787,0.0161260093,-0.002776701,0.0189027105,-0.079945117,-3.801784217,-0.118552367,-5.637749199,0.7468711445,0.3452457515,0.4193814838,0.5723324761,,0.0358069496,,,0.0,0.0482215085,0.0579579921,0.0170553166,3.9820050154,0.0638185749,0.0253482348,0.0083005353,-0.001525867,-0.000239452,,-0.689379862,0.2100277419,-0.492194627,-0.933925147,0.5165660789,0.1711028009,0.759652759,0.0760964641,0.1294730377,0.2466019031,0.1603313176,1.4878264643,0.1009734318,0.0722211822,-0.052773726,2.9586761694,0.2014597538,0.9463101673,1.7788093374,0.503554176,6.0,-2.429138424,0.8693002367,984.85646658,0.7468649905,-0.146665644,0.0279852741,4.2003375058,1.4196678735,1.6958119872,1.5454107136,1.7166896629,0.0883260208,0.4241224927,-0.116883127,0.0775910057,0.0775910057,,1.1783804653,0.1191765787,0.5286692477,10.648453536,0.7496486045,,,0.5336678604,0.5694312609,0.00543435,2234588.51798666,0.82001088,0.00169981,0.81564272,0.00560212,0.00553043,0.00783754,0.01609448,0.83790168,-0.2508159,0.24578382,,,0.01722904,1.12990683,0.01921996,0.02896567,0.02239729,-0.93131437,0.00969492,0.01164742,0.88061735,0.76382067,0.627649,0.7095864937,1.0861303826,314,0.6332594858,0.9417419116,-0.037250558,0.336336397
20100430,20100430,211952.0,01W,PRT,-0.048706,2010,4,20100331,20100331,1255.8448522,10.61285307,1255.8448522,0.0310416197,0.0,0.040887458,0.0996563566,-0.133134156,-0.146032601,0.1884672031,0.1925714543,0.2322200345,0.5452731771,0.0399938217,0.0242166128,0.0819551609,0.0058091345,0.0536585226,-0.1150424,2.1692764282,0.5531180639,0.1648802038,0.0176752444,-0.07549047,0.031371046,0.0049752387,0.0,-0.001621433,0.0029309544,0.0131407111,-0.037065379,-0.019355829,-0.01770955,0.043582489,-0.03860725,-0.016386706,0.1050702374,0.0821822642,0.122879505,0.1521662988,0.1699410636,0.0622159749,0.0470355787,0.0161260093,-0.002776701,0.0189027105,-0.079945117,-3.801784217,-0.118552367,-5.637749199,0.7468711445,0.3452457515,0.4193814838,0.5723324761,,0.0358069496,,,0.0,0.0482215085,0.0579579921,0.0170553166,3.9820050154,0.0638185749,0.0253482348,0.0083005353,-0.001525867,-0.000239452,,-0.689379862,0.2100277419,-0.492194627,-0.933925147,0.5165660789,0.1711028009,0.759652759,0.0760964641,0.1294730377,0.2466019031,0.1603313176,1.4878264643,0.1009734318,0.0722211822,-0.052773726,2.9586761694,0.2014597538,0.9463101673,1.7788093374,0.503554176,6.0,-2.429138424,0.8693002367,984.85646658,0.7468649905,-0.146665644,0.0279852741,3.8196819222,1.2910104734,1.542129027,1.4053578688,1.5611146634,0.0803214752,0.3856863921,-0.106290594,0.0705593209,0.0705593209,,1.1339834422,0.1146864454,0.517151951,11.435520762,0.75431311,,,0.536370128,0.5511092767,0.00698498,1766417.15654325,0.62779011,0.00134357,0.61048554,0.00613637,0.00567819,0.00578601,0.01183497,0.14180065,0.10266398,1.1536608,,,0.00862152,0.63046352,0.02624454,0.03728208,0.01684657,-0.09447828,0.0109273,0.01170962,0.90453209,0.83994026,0.62833907,0.7484246387,1.5091555586,315,0.5060243137,0.9797958971,-0.116774842,0.3499271061
20100531,20100531,211952.0,01W,PRT,-0.074962,2010,5,20100430,20100430,1194.6779545,10.095945829,1194.6779545,,0.0,0.0,-0.048705776,0.0031497052,-0.043024237,0.1641662191,0.2609870876,0.3428031741,0.5681697244,0.0522779486,0.0150362742,-0.025967798,0.0159654206,0.058134425,0.010905841,0.5518584322,-0.32398582,0.0315492419,-0.003708558,6.7313664924,-0.026971232,0.0005317932,,-0.03902978,0.0127169042,-0.051746684,0.1257043404,-0.000311038,0.1260153786,0.0192662629,-0.01873447,-0.00024976,0.0228778253,0.1075584392,0.1354396185,0.1563128528,0.2303676527,0.0688118311,0.0634692032,0.1244004315,-0.000698689,0.1250991209,-0.06363676,-2.72262172,-0.08237123,-3.524153326,0.747992977,0.3271985816,0.4317345281,0.5900904072,,0.026841589,-0.0153108,0.0262745098,0.0,0.0785862625,0.1792775282,0.0725140621,3.9182683491,0.0672405311,0.0235419663,0.0079569257,-0.000604668,0.0020309349,,0.1666911765,0.2157705327,-0.114848066,-0.053708897,0.5159892171,1.2022387401,2.0701086072,0.0980637644,0.1433133229,0.2470041277,0.1654000106,1.6234701772,0.0870100985,0.092676093,0.0265759179,2.9440308798,0.0960066108,0.9441198443,0.89988808,0.5032052585,6.0,-2.651452995,0.9197491729,948.95166604,1.3349991639,0.0163250746,0.0302167128,4.051222879,1.3760802942,1.5849510828,1.4762098233,1.7010058882,0.0946906047,0.3524973019,-0.113077748,0.0382345936,0.0382345936,,1.1641255475,0.1516234629,0.5701871979,11.967088461,0.7538154571,,,0.4070859933,0.6015503876,0.00637572,1560674.15671009,0.61563729,0.00122371,0.6243628,0.00637548,0.00576287,0.00831863,0.01390242,-0.24995305,0.13884362,0.73664974,0.01176404,0.85802215,0.01153942,0.90379416,0.03246917,0.06624914,0.02996587,0.0009441,0.01241865,0.01181253,0.92632047,0.79903032,0.63712779,0.7683674692,1.7579741298,316,-0.076138699,0.5381382352,-1.065941783,0.336336397
20100630,20100630,211952.0,01W,PRT,0.000726,2010,6,20100531,20100531,1067.3926261,9.020287091,1067.3926261,0.0363751691,0.0,0.0347375352,-0.074961798,0.0460967407,-0.086320152,0.0124369647,0.1399742197,0.2522159507,0.7853476474,-0.083070428,0.0157734223,-0.007688009,0.0172128022,0.058134425,0.010905841,0.5518584322,-0.32398582,0.0315492419,-0.003708558,6.7313664924,-0.026971232,0.0005317932,,-0.03902978,0.0127169042,-0.051746684,0.1257043404,-0.000311038,0.1260153786,0.0192662629,-0.01873447,-0.00024976,0.0228778253,0.1075584392,0.1354396185,0.1563128528,0.2303676527,0.0688118311,0.0634692032,0.1244004315,-0.000698689,0.1250991209,-0.06363676,-2.72262172,-0.08237123,-3.524153326,0.747992977,0.3271985816,0.4317345281,0.5900904072,,0.026841589,-0.0153108,0.0262745098,0.0,0.0785862625,0.1792775282,0.0725140621,3.9182683491,0.0672405311,0.0235419663,0.0079569257,-0.000604668,0.0020309349,,0.1666911765,0.2157705327,-0.114848066,-0.053708897,0.5159892171,1.2022387401,2.0701086072,0.0980637644,0.1433133229,0.2470041277,0.1654000106,1.6234701772,0.0870100985,0.092676093,0.0265759179,2.9440308798,0.0960066108,0.9441198443,0.89988808,0.5032052585,6.0,-2.651452995,0.9197491729,948.95166604,1.3349991639,0.0163250746,0.0302167128,4.5343264925,1.5401762677,1.7739546548,1.6522461267,1.9038488607,0.1059823492,0.3945321949,-0.126562138,0.0427940244,0.0427940244,,1.2164663221,0.1584406739,0.5629266095,11.088672333,0.7484837115,,,0.4579718834,0.6675505051,0.00655297,1475858.01738449,0.64525093,0.00119153,0.64366817,0.00643429,0.0059175,0.00872685,0.01235728,-0.04527746,-0.68042512,0.71178724,,,,,0.03457785,0.07272056,0.02975709,0.42689144,0.01451828,0.01207874,0.90728902,0.71389872,0.65028667,0.7247128781,1.7285347772,317,-0.228416096,0.4036036764,-1.065941783,0.336336397
20100730,20100731,211952.0,01W,PRT,0.096827,2010,7,20100630,20100630,1068.1674596,9.0268350287,1068.1674596,0.036348783,0.0,0.0347375352,0.0007259123,-0.120016501,-0.161151739,-0.173633299,0.150055287,0.3607082074,0.6568599785,0.1226107518,0.0046929824,-0.02632401,0.0172909186,0.058134425,0.010905841,0.5518584322,-0.32398582,0.0315492419,-0.003708558,6.7313664924,-0.026971232,0.0005317932,,-0.03902978,0.0127169042,-0.051746684,0.1257043404,-0.000311038,0.1260153786,0.0192662629,-0.01873447,-0.00024976,0.0228778253,0.1075584392,0.1354396185,0.1563128528,0.2303676527,0.0688118311,0.0634692032,0.1244004315,-0.000698689,0.1250991209,-0.06363676,-2.72262172,-0.08237123,-3.524153326,0.747992977,0.3271985816,0.4317345281,0.5900904072,,0.026841589,-0.0153108,0.0262745098,0.0,0.0785862625,0.1792775282,0.0725140621,3.9182683491,0.0672405311,0.0235419663,0.0079569257,-0.000604668,0.0020309349,,0.1666911765,0.2157705327,-0.114848066,-0.053708897,0.5159892171,1.2022387401,2.0701086072,0.0980637644,0.1433133229,0.2470041277,0.1654000106,1.6234701772,0.0870100985,0.092676093,0.0265759179,2.9440308798,0.0960066108,0.9441198443,0.89988808,0.5032052585,6.0,-2.651452995,0.9197491729,948.95166604,1.3349991639,0.0163250746,0.0302167128,4.5310373565,1.5390590458,1.7726678533,1.6510476108,1.9024678358,0.1059054711,0.3942460069,-0.126470331,0.0427629823,0.0427629823,,1.2161334698,0.158397321,0.5751730899,11.094652893,0.7478305096,,,0.4523786204,0.6851627982,0.00571699,1423636.3286487,0.88404682,0.0011923,0.97859084,0.00637175,0.00603247,0.00798481,0.01107762,0.36093462,-0.33624029,1.15272406,0.01105515,0.4289438,,,0.02869706,0.03901818,0.02484026,-0.58041624,0.01780992,0.01213847,0.9717074,0.71441695,0.65864496,0.7586884501,1.3736504442,318,-0.304554795,0.4289082235,-1.065941783,0.2969364624
20100831,20100831,211952.0,01W,PRT,0.028469,2010,8,20100730,20100731,1171.5950697,9.9008777325,1171.5950697,0.0331399374,0.0,0.0347375352,0.0968271494,-0.074290302,-0.11660401,-0.157265813,0.0251907212,0.2212543196,0.8068362816,0.0938602985,0.0049626961,0.0027621623,0.0167644988,0.0523933084,0.0083894128,0.5518584322,-0.288206895,0.1168244725,-0.033620812,6.7313664924,-0.023131448,0.0007449471,,-0.035619143,0.0083447277,-0.043963871,0.0992839051,-0.002402391,0.1016862958,0.0094095399,-0.008664593,0.0020407738,0.0331875606,0.1094076464,0.1487011834,0.1713182233,0.2771853191,0.0759220189,0.0780460406,0.1244004315,-0.000698689,-0.076274815,-0.06876192,-2.640630416,-0.077426513,-2.973372539,0.7393049375,0.3489280721,0.4527520638,0.7133508781,,0.0334206219,-0.0153108,0.0262745098,0.0,0.0607466937,0.1399214808,0.0613540454,3.9182683491,0.0862040955,0.0150666593,0.0051176986,0.0040230201,0.0014157714,,0.1666911765,0.2720762733,0.057707186,-0.053708897,0.4280579226,0.8412255235,2.0701086072,0.1079295669,0.1564921304,0.3068794418,0.1802941519,1.5560109364,0.0948018843,0.1025563029,0.0134330711,2.9155961768,0.0982179796,0.943742954,0.89988808,0.4997064349,8.0,-2.597046132,1.0706918299,1036.027619,0.7999492264,0.1087459064,0.0304961744,3.9300059745,1.3479253423,1.539866602,1.4085233582,1.7350267125,0.1023372134,0.3725719717,-0.034873021,0.0389878955,0.0389878955,,1.0098389157,0.1673419033,0.5428425701,11.844715044,0.7502908776,,,0.4565140979,0.6432922006,0.00762874,1166906.17149956,1.05826712,0.00100678,1.15624931,0.00659614,0.00621862,0.00939566,0.00982461,0.25313498,0.28891064,0.69667776,0.00841776,0.24231127,,,0.02523239,0.0455651,0.01522109,0.77792497,0.02053889,0.01199569,0.97383533,0.78359191,0.66222802,0.7579818748,1.2115472629,319,-0.076138699,0.5381382352,-1.142080481,0.4708709558
20100930,20100930,211952.0,01W,PRT,0.043121,2010,9,20100831,20100831,1204.9487942,10.182742309,1204.9487942,0.0322226035,0.0,0.0347375352,0.0284686453,0.0976233497,0.0621475571,-0.072301079,0.0279713212,0.0609315955,0.9259533155,0.1333260017,-0.004569791,-0.015631444,0.0199742233,0.0523933084,0.0083894128,0.5518584322,-0.288206895,0.1168244725,-0.033620812,6.7313664924,-0.023131448,0.0007449471,,-0.035619143,0.0083447277,-0.043963871,0.0992839051,-0.002402391,0.1016862958,0.0094095399,-0.008664593,0.0020407738,0.0331875606,0.1094076464,0.1487011834,0.1713182233,0.2771853191,0.0759220189,0.0780460406,0.1244004315,-0.000698689,-0.076274815,-0.06876192,-2.640630416,-0.077426513,-2.973372539,0.7393049375,0.3489280721,0.4527520638,0.7133508781,,0.0334206219,-0.0153108,0.0262745098,0.0,0.0607466937,0.1399214808,0.0613540454,3.9182683491,0.0862040955,0.0150666593,0.0051176986,0.0040230201,0.0014157714,,0.1666911765,0.2720762733,0.057707186,-0.053708897,0.4280579226,0.8412255235,2.0701086072,0.1079295669,0.1564921304,0.3068794418,0.1802941519,1.5560109364,0.0948018843,0.1025563029,0.0134330711,2.9155961768,0.0982179796,0.943742954,0.89988808,0.4997064349,8.0,-2.597046132,1.0706918299,1036.027619,0.7999492264,0.1087459064,0.0304961744,3.8212209895,1.3106139389,1.4972421464,1.3695345645,1.6870001049,0.0995044563,0.3622589501,-0.033907715,0.0379086865,0.0379086865,,0.9980420998,0.1653870355,0.5295300635,12.052004609,0.7482777785,,,0.4575394228,0.6448149027,0.00665848,1023530.91268247,1.23917735,0.00088786,1.33987305,0.00681217,0.0063022,0.0035687,0.01087581,0.93318404,-0.32787778,0.91688655,0.01125183,0.74106119,,,0.0248509,0.05295531,0.01806208,0.7142423,0.02404668,0.01207649,0.97515863,0.80589971,0.66375618,0.7636577527,1.1871865776,320,-0.27247463,0.5144957554,-1.128823469,0.3772968873
20101029,20101031,211952.0,01W,PRT,0.110845,2010,10,20100930,20100930,1256.9079154,10.62183677,1256.9079154,0.0308905583,0.0,0.0347375352,0.043121435,0.1280523325,-0.006611972,-0.053048357,-0.067138431,-0.146032601,0.8999415019,-0.018710071,0.0010512551,-0.028449922,0.0207868987,0.0523933084,0.0083894128,0.5518584322,-0.288206895,0.1168244725,-0.033620812,6.7313664924,-0.023131448,0.0007449471,,-0.035619143,0.0083447277,-0.043963871,0.0992839051,-0.002402391,0.1016862958,0.0094095399,-0.008664593,0.0020407738,0.0331875606,0.1094076464,0.1487011834,0.1713182233,0.2771853191,0.0759220189,0.0780460406,0.1244004315,-0.000698689,-0.076274815,-0.06876192,-2.640630416,-0.077426513,-2.973372539,0.7393049375,0.3489280721,0.4527520638,0.7133508781,,0.0334206219,-0.0153108,0.0262745098,0.0,0.0607466937,0.1399214808,0.0613540454,3.9182683491,0.0862040955,0.0150666593,0.0051176986,0.0040230201,0.0014157714,,0.1666911765,0.2720762733,0.057707186,-0.053708897,0.4280579226,0.8412255235,2.0701086072,0.1079295669,0.1564921304,0.3068794418,0.1802941519,1.5560109364,0.0948018843,0.1025563029,0.0134330711,2.9155961768,0.0982179796,0.943742954,0.89988808,0.4997064349,8.0,-2.597046132,1.0706918299,1036.027619,0.7999492264,0.1087459064,0.0304961744,3.6632561283,1.2564346728,1.4353478858,1.3129195878,1.6172614695,0.095391057,0.3472835836,-0.032506009,0.0363415852,0.0363415852,,0.9802040791,0.1624310706,0.5100930244,12.353006327,0.736886652,,,0.4557651554,0.6532738095,0.0070292,996154.56622743,1.30781986,0.00086761,1.40310896,0.00681138,0.0065984,0.00795764,0.00848016,-0.06509096,-0.29469983,0.33586802,0.00891134,-0.06479934,,,0.01655441,0.01891255,0.01157557,-0.41287966,0.02440061,0.01163609,0.95768328,0.84065126,0.66776923,0.7492124592,0.8150256426,321,0.0,0.5830951895,-1.114956934,0.5144957554
20101130,20101130,211952.0,01W,PRT,-0.126215,2010,11,20101029,20101031,1396.2294523,11.799210709,1396.2294523,0.0278081709,0.0,0.0347375352,0.1108446651,0.0728176892,0.0892784992,0.0394881461,-0.008358417,-0.043024237,0.8596971924,-0.003627454,0.0114578115,0.0156568057,0.0162945744,-0.093788349,0.0771450772,-0.217213064,-0.242042347,0.0015801218,-0.004063974,6.7313664924,-0.019298194,-0.00070008,,-0.029565073,-0.009924599,-0.019640474,-0.058024397,-0.018574559,-0.039449838,-0.056981351,0.0562812709,0.0093427066,-0.014845311,0.1371093852,0.1789498762,0.195148334,0.3514637332,0.0906349829,0.1099285276,0.1244004315,-0.000698689,-0.102184192,-0.066329169,-2.112024129,-0.010047898,-0.319940731,0.6352320989,0.3763531353,0.4685495461,0.801757863,,0.0301245829,-0.0153108,0.0262745098,1.0,-0.05354833,-0.112125154,-0.018478008,3.9182683491,0.0914447992,0.0195639411,0.0067100997,0.0067174955,0.0025218158,,0.2558561412,0.2645396751,0.0943089154,-0.053708897,0.7488443088,0.9261735208,2.0701086072,0.1167374285,0.1621664628,0.3370246009,0.1768456941,1.8174146847,0.0977346664,0.1288191653,0.0331970845,2.8859591416,0.0967466876,0.9517632171,0.3392644388,0.4345280715,8.0,-2.766157021,1.208691264,1064.5448973,1.1243289729,-0.273968963,0.0263457216,3.0210127343,1.0467967792,1.1643854941,1.0733787455,1.4887424083,0.0948764082,0.2952576716,0.0320114713,0.0327152719,0.0327152719,,0.8955661907,0.1876957308,0.455251564,13.723952073,0.7466303072,,,0.5592403628,0.6929372711,0.00698625,919258.87045256,1.38645738,0.00079402,1.49288097,0.00692236,0.00675949,0.00375719,0.01106645,1.12260433,0.17968343,0.53339019,0.01010467,1.05862489,,,0.0268848,0.04550631,0.01645136,0.38160533,0.02427366,0.0115405,0.94865744,0.99399415,0.67010177,0.7407330565,1.3559755561,322,0.7963978098,0.4898979486,0.2389193429,0.6998542122
20101231,20101231,211952.0,01W,PRT,0.110649,2010,12,20101130,20101130,1220.0038481,10.309969071,1220.0038481,0.0318249711,0.0,0.0347375352,-0.126215361,0.1587458811,0.3080748529,0.2657971514,0.1055701671,-0.086320152,0.7304713162,0.0075585804,-0.000703456,0.0148926466,0.0146730023,-0.093788349,0.0771450772,-0.217213064,-0.242042347,0.0015801218,-0.004063974,6.7313664924,-0.019298194,-0.00070008,,-0.029565073,-0.009924599,-0.019640474,-0.058024397,-0.018574559,-0.039449838,-0.056981351,0.0562812709,0.0093427066,-0.014845311,0.1371093852,0.1789498762,0.195148334,0.3514637332,0.0906349829,0.1099285276,0.1244004315,-0.000698689,-0.102184192,-0.066329169,-2.112024129,-0.010047898,-0.319940731,0.6352320989,0.3763531353,0.4685495461,0.801757863,,0.0301245829,-0.0153108,0.0262745098,1.0,-0.05354833,-0.112125154,-0.018478008,3.9182683491,0.0914447992,0.0195639411,0.0067100997,0.0067174955,0.0025218158,,0.2558561412,0.2645396751,0.0943089154,-0.053708897,0.7488443088,0.9261735208,2.0701086072,0.1167374285,0.1621664628,0.3370246009,0.1768456941,1.8174146847,0.0977346664,0.1288191653,0.0331970845,2.8859591416,0.0967466876,0.9517632171,0.3392644388,0.4345280715,8.0,-2.766157021,1.208691264,1064.5448973,1.1243289729,-0.273968963,0.0263457216,3.4573882387,1.1980031833,1.3325772073,1.2284248285,1.7037864271,0.1085809981,0.337906686,0.0366354247,0.0374408869,0.0374408869,,0.9536168971,0.1998621902,0.4557398879,12.913695119,0.7545991484,,,0.5599257106,0.7154162543,0.00639888,966029.72365389,1.34800263,0.00079914,1.4867115,0.00688309,0.0067935,0.00831224,0.00934009,-0.26046259,0.33872437,0.77049442,0.00871315,0.06912656,,,0.01464503,0.02690051,0.01570316,0.36532012,0.02216676,0.01155846,0.93056395,0.86070184,0.67502505,0.7398280857,0.7403576829,323,0.8558961032,0.5830951895,0.2037847865,0.7888934917
20110131,20110131,211952.0,01W,PRT,0.100575,2011,1,20101231,20101231,1314.7020584,11.110241645,1314.7020584,0.0601601806,0.0,0.0649262737,0.1106492942,-0.029360995,0.1421466149,0.0057997669,-0.04121681,-0.161151739,0.5864728063,-0.049738508,0.0138772534,-0.000780807,0.0140193954,-0.093788349,0.0771450772,-0.217213064,-0.242042347,0.0015801218,-0.004063974,6.7313664924,-0.019298194,-0.00070008,,-0.029565073,-0.009924599,-0.019640474,-0.058024397,-0.018574559,-0.039449838,-0.056981351,0.0562812709,0.0093427066,-0.014845311,0.1371093852,0.1789498762,0.195148334,0.3514637332,0.0906349829,0.1099285276,0.1244004315,-0.000698689,-0.102184192,-0.066329169,-2.112024129,-0.010047898,-0.319940731,0.6352320989,0.3763531353,0.4685495461,0.801757863,,0.0301245829,-0.0153108,0.0262745098,1.0,-0.05354833,-0.112125154,-0.018478008,3.9182683491,0.0914447992,0.0195639411,0.0067100997,0.0067174955,0.0025218158,,0.2558561412,0.2645396751,0.0943089154,-0.053708897,0.7488443088,0.9261735208,2.0701086072,0.1167374285,0.1621664628,0.3370246009,0.1768456941,1.8174146847,0.0977346664,0.1288191653,0.0331970845,2.8859591416,0.0967466876,0.9517632171,0.3392644388,0.4345280715,8.0,-2.766157021,1.208691264,1064.5448973,1.1243289729,-0.273968963,0.0263457216,3.2083519825,1.1117108126,1.2365914469,1.1399411816,1.5810624042,0.1007598905,0.3135672106,0.0339965689,0.0347440135,0.0347440135,,0.9215182647,0.1931348525,0.4547272189,13.376102739,0.7570558091,,,0.5963672019,0.684901339,0.00708036,914690.66077768,0.95290005,0.00072072,0.95786904,0.00716726,0.00688976,0.00932009,0.00756478,-0.01360976,0.5083949,0.6892638,0.00752255,-0.15534378,,,0.02417708,0.03297371,0.01214085,0.85703242,0.01867053,0.01135335,0.95495184,0.92751058,0.67872532,0.7321661383,1.2322331803,324,0.7167580288,0.4458963214,0.2389193429,0.7202940576
20110228,20110228,211952.0,01W,PRT,-0.009283,2011,2,20110131,20110131,1446.9276001,12.227648977,1446.9276001,0.0546625231,0.0,0.0649262737,0.10057453,-0.029531707,0.1565398726,0.1742852765,0.1206093079,-0.11660401,0.3390264945,-0.087760736,0.0309986412,0.0701045408,0.0035842679,-0.011037126,0.0935223095,-0.732218473,-0.051650401,-0.018494343,0.0194728076,6.7313664924,-0.003718616,-0.001246097,,0.0083895438,0.0154081308,-0.007018587,-0.030438291,-0.008749652,-0.021688639,-0.028265329,0.027019232,0.0134898434,0.0110525135,0.1670731744,0.1742545684,0.1663369311,0.3376978211,0.094481043,0.1260172228,0.1244004315,-0.000698689,-0.089405589,-0.038198175,-1.145915644,-0.011178943,-0.335359624,0.6804456688,0.3332985684,0.4494056938,0.754263653,,0.0483411064,-0.0153108,0.0262745098,2.0,-0.028390381,-0.036028071,-0.007828455,3.9182683491,0.1272308804,0.0439959338,0.0152448221,0.018647699,0.0069442869,,0.1666911765,0.053078206,0.6953368136,-0.053708897,1.2364067334,1.7974104266,2.0701086072,0.1267244726,0.1723312988,0.34861893,0.1645010494,1.8720332059,0.0715323693,0.1281387562,-0.029441063,2.8343580727,0.0981718032,0.9581166555,0.89988808,0.4844940125,8.0,-2.882349562,1.2250469927,1321.3882287,1.0985565401,-0.339584915,0.027795926,3.278659956,1.1567557351,1.2458014783,1.0873074285,1.4816705185,0.1092914884,0.2345303148,0.1201859965,0.0315689784,0.0315689784,,0.9411135811,0.2012752904,0.5249174348,12.970222187,0.7557057248,,,0.556022209,0.7605723976,0.00683792,1038856.83040135,0.85418055,0.00080026,0.87198709,0.00707926,0.00700985,0.00514542,0.01027864,0.33218242,0.21916666,0.40466508,0.01036283,0.45120057,,,0.02706619,0.03250376,0.01594892,0.25150342,0.01670397,0.0114541,0.9513337,0.99776053,0.68227191,0.7313122366,1.3703340567,325,0.8760375908,0.5144957554,0.2389193429,0.9260923598
20110331,20110331,211952.0,01W,PRT,-0.011463,2011,3,20110228,20110228,1433.4963228,12.114144374,1433.4963228,0.0551746887,0.0,0.0649262737,-0.009282619,0.2223523249,0.2376248246,0.3971190204,0.3519633623,0.0621475571,0.112284609,0.0996563566,0.021095098,0.0653263153,-0.000207761,-0.011037126,0.0935223095,-0.732218473,-0.051650401,-0.018494343,0.0194728076,6.7313664924,-0.003718616,-0.001246097,,0.0083895438,0.0154081308,-0.007018587,-0.030438291,-0.008749652,-0.021688639,-0.028265329,0.027019232,0.0134898434,0.0110525135,0.1670731744,0.1742545684,0.1663369311,0.3376978211,0.094481043,0.1260172228,0.1244004315,-0.000698689,-0.089405589,-0.038198175,-1.145915644,-0.011178943,-0.335359624,0.6804456688,0.3332985684,0.4494056938,0.754263653,,0.0483411064,-0.0153108,0.0262745098,2.0,-0.028390381,-0.036028071,-0.007828455,3.9182683491,0.1272308804,0.0439959338,0.0152448221,0.018647699,0.0069442869,,0.1666911765,0.053078206,0.6953368136,-0.053708897,1.2364067334,1.7974104266,2.0701086072,0.1267244726,0.1723312988,0.34861893,0.1645010494,1.8720332059,0.0715323693,0.1281387562,-0.029441063,2.8343580727,0.0981718032,0.9581166555,0.89988808,0.4844940125,8.0,-2.882349562,1.2250469927,1321.3882287,1.0985565401,-0.339584915,0.027795926,3.3093796657,1.1675940657,1.2574741313,1.0974950567,1.4955531683,0.1103155052,0.2367277684,0.1213120904,0.0318647669,0.0318647669,,0.9453175726,0.2021743951,0.5382745836,12.910602424,0.7470818649,,,0.5562262906,0.7787063953,0.00655769,1118014.60836062,0.66457149,0.00083368,0.6662631,0.00705988,0.00711423,0.00567661,0.0089422,-1.11747283,0.2443691,1.3608024,0.00912424,-1.15248664,,,0.01719467,0.0271022,0.01625918,-0.49690099,0.01319809,0.01090163,0.9630651,0.94533079,0.69109367,0.7436911043,0.8933252322,326,0.8760375908,0.5144957554,0.2389193429,0.9260923598
20110429,20110430,211952.0,01W,PRT,0.052795,2011,4,20110331,20110331,1417.0643907,11.975281933,1417.0643907,0.0558144808,0.0,0.0649262737,-0.011462835,0.0903583163,0.1754493619,0.3831460544,0.2180292451,-0.006611972,0.1457177311,-0.048705776,0.0244808198,0.0857513488,-0.001335286,-0.011037126,0.0935223095,-0.732218473,-0.051650401,-0.018494343,0.0194728076,6.7313664924,-0.003718616,-0.001246097,,0.0083895438,0.0154081308,-0.007018587,-0.030438291,-0.008749652,-0.021688639,-0.028265329,0.027019232,0.0134898434,0.0110525135,0.1670731744,0.1742545684,0.1663369311,0.3376978211,0.094481043,0.1260172228,0.1244004315,-0.000698689,-0.089405589,-0.038198175,-1.145915644,-0.011178943,-0.335359624,0.6804456688,0.3332985684,0.4494056938,0.754263653,,0.0483411064,-0.0153108,0.0262745098,2.0,-0.028390381,-0.036028071,-0.007828455,3.9182683491,0.1272308804,0.0439959338,0.0152448221,0.018647699,0.0069442869,,0.1666911765,0.053078206,0.6953368136,-0.053708897,1.2364067334,1.7974104266,2.0701086072,0.1267244726,0.1723312988,0.34861893,0.1645010494,1.8720332059,0.0715323693,0.1281387562,-0.029441063,2.8343580727,0.0981718032,0.9581166555,0.89988808,0.4844940125,8.0,-2.882349562,1.2250469927,1321.3882287,1.0985565401,-0.339584915,0.027795926,3.3477544229,1.1811332009,1.2720554937,1.1102213409,1.5128952371,0.1115946968,0.2394728057,0.1227187957,0.0322342629,0.0322342629,,0.9505121326,0.2032853519,0.5244503626,12.836126008,0.748591721,,,0.5558096239,0.7619252114,0.00750527,1109347.63102209,0.62148583,0.00080898,0.62930302,0.00713281,0.00714624,0.00560437,0.00780904,0.27550782,-0.18435939,1.11460712,0.00754805,0.06924582,,,0.01356889,0.02058745,0.01030318,0.21440424,0.01253413,0.01060155,0.97696395,0.93449462,0.69544495,0.7392145556,0.7205152341,327,0.8760375908,0.5144957554,0.2389193429,0.8574929257
20110531,20110531,211952.0,01W,PRT,-0.110568,2011,5,20110429,20110430,1491.8780103,12.607514451,1491.8780103,0.0530155366,0.0,0.0649262737,0.0527947919,-0.020639049,0.0460286808,0.2465877417,0.2657147976,0.0892784992,-0.013106036,-0.074961798,0.0360950553,0.0060331878,0.0024323966,-0.01034957,0.1147299209,-0.827225011,0.1174940778,-0.025690706,0.0794261575,-0.150246242,0.0066813581,-0.000826055,,0.0089012059,-0.009521507,0.0184227125,-0.065673124,0.0021549904,-0.067828114,-0.000781361,-4.4695e-05,0.011236585,0.006044459,0.1699928209,0.1795523371,0.1715605171,0.3346599709,0.1016393679,0.1202188997,-0.066317203,0.0004465424,-0.066763745,-0.044794868,-1.261852904,-0.044839562,-1.26311193,0.6580037984,0.3461759556,0.4704815034,0.7071998633,,0.0742624627,0.1136522624,0.0009672115,3.0,-0.048894077,-0.063538647,-0.032635475,-0.731877677,0.1607230097,0.0289731997,0.0102221381,0.0054312333,0.0022652124,,0.2193012034,0.1408536412,0.1630852894,0.0628997619,1.2446960825,0.6070080689,-0.748429407,0.1254536794,0.1776940476,0.3405536351,0.1697849396,1.8802556818,0.0802941465,0.1267656493,-0.006715952,2.8631389657,0.0969020499,0.9688053843,0.1807850582,0.5008132566,7.0,-2.74831494,1.2787999709,1412.2149209,1.4072941222,-0.109495632,0.0051139201,3.2105947524,1.1213548455,1.2667011182,1.0282744452,1.5184238349,0.1139737977,0.2577919654,0.1933768026,,0.0250819705,,1.0585810747,0.2006597921,0.5520618797,13.125525723,0.7437657557,,,0.5676196121,0.7178691213,0.00679621,1134880.77829512,0.60515053,0.00081923,0.61527088,0.0070992,0.00718949,0.00481466,0.0130248,0.45986662,0.28329085,1.2277865,0.0088693,-0.03136482,,,0.03055728,0.04546604,0.02200815,0.00605255,0.01198428,0.01052953,0.97681087,0.98383107,0.69658861,0.7468767993,1.7001100702,328,0.2724746305,0.7202940576,-1.362373152,1.1318906619
20110630,20110630,211952.0,01W,PRT,-0.034147,2011,6,20110531,20110531,1326.9246132,11.213531616,1326.9246132,0.0303454512,0.0,0.0301887385,-0.110567617,0.0407267787,0.2603260553,0.2760730121,0.4405220719,0.3080748529,-0.024343873,0.0007259123,0.0259774617,-0.025464729,0.0050536889,-0.01034957,0.1147299209,-0.827225011,0.1174940778,-0.025690706,0.0794261575,-0.150246242,0.0066813581,-0.000826055,,0.0089012059,-0.009521507,0.0184227125,-0.065673124,0.0021549904,-0.067828114,-0.000781361,-4.4695e-05,0.011236585,0.006044459,0.1699928209,0.1795523371,0.1715605171,0.3346599709,0.1016393679,0.1202188997,-0.066317203,0.0004465424,-0.066763745,-0.044794868,-1.261852904,-0.044839562,-1.26311193,0.6580037984,0.3461759556,0.4704815034,0.7071998633,,0.0742624627,0.1136522624,0.0009672115,3.0,-0.048894077,-0.063538647,-0.032635475,-0.731877677,0.1607230097,0.0289731997,0.0102221381,0.0054312333,0.0022652124,,0.2193012034,0.1408536412,0.1630852894,0.0628997619,1.2446960825,0.6070080689,-0.748429407,0.1254536794,0.1776940476,0.3405536351,0.1697849396,1.8802556818,0.0802941465,0.1267656493,-0.006715952,2.8631389657,0.0969020499,0.9688053843,0.1807850582,0.5008132566,7.0,-2.74831494,1.2787999709,1412.2149209,1.4072941222,-0.109495632,0.0051139201,3.609712009,1.2607533383,1.4241679785,1.156101875,1.7071829908,0.1281421724,0.2898387448,0.2174159683,,0.0281999744,,1.1196147977,0.2122290657,0.5685441683,12.35381726,0.7438997748,,,0.5240529183,0.716846464,0.00580404,1173000.07225166,0.83889684,0.00084044,0.84040116,0.00699094,0.00711766,0.00517564,0.0133281,-2.06094707,-0.00114584,1.22774222,0.01299769,-0.66663869,,,0.01054344,0.02226911,0.01569639,-1.37158372,0.01188857,0.01054141,1.01481804,0.87505121,0.6955495,0.8692602163,0.6357348694,329,0.159279562,0.6998542122,-1.353876277,1.1197667396
20110729,20110731,211952.0,01W,PRT,-0.084236,2011,7,20110630,20110630,1281.6141101,10.830623081,1281.6141101,0.0314182918,0.0,0.0301887385,-0.034147006,-0.06361022,0.0092968248,0.0880618702,0.2803175802,0.1421466149,-0.031490106,0.0968271494,0.0140707203,-0.003028456,0.0028462108,-0.01034957,0.1147299209,-0.827225011,0.1174940778,-0.025690706,0.0794261575,-0.150246242,0.0066813581,-0.000826055,,0.0089012059,-0.009521507,0.0184227125,-0.065673124,0.0021549904,-0.067828114,-0.000781361,-4.4695e-05,0.011236585,0.006044459,0.1699928209,0.1795523371,0.1715605171,0.3346599709,0.1016393679,0.1202188997,-0.066317203,0.0004465424,-0.066763745,-0.044794868,-1.261852904,-0.044839562,-1.26311193,0.6580037984,0.3461759556,0.4704815034,0.7071998633,,0.0742624627,0.1136522624,0.0009672115,3.0,-0.048894077,-0.063538647,-0.032635475,-0.731877677,0.1607230097,0.0289731997,0.0102221381,0.0054312333,0.0022652124,,0.2193012034,0.1408536412,0.1630852894,0.0628997619,1.2446960825,0.6070080689,-0.748429407,0.1254536794,0.1776940476,0.3405536351,0.1697849396,1.8802556818,0.0802941465,0.1267656493,-0.006715952,2.8631389657,0.0969020499,0.9688053843,0.1807850582,0.5008132566,7.0,-2.74831494,1.2787999709,1412.2149209,1.4072941222,-0.109495632,0.0051139201,3.7373306627,1.3053263245,1.4745183664,1.1969749875,1.7675391617,0.1326725426,0.3000857757,0.2251025463,,0.0291969633,,1.1376319073,0.2156443067,0.5684408576,12.107061717,0.7450390841,,,0.5140647712,0.7002748914,0.00632784,1191914.30253345,0.84175274,0.00085838,0.83939622,0.00685496,0.00718572,0.00363956,0.01101632,0.01125606,-0.24023049,0.78940027,0.0104651,0.02131413,,,0.02334596,0.02657336,0.01877253,0.08003631,0.01315432,0.01044369,0.89237857,0.84517083,0.69765367,0.8310604056,1.4649345437,330,0.194624736,0.7588376261,-1.362373152,1.0887670288
20110831,20110831,211952.0,01W,PRT,-0.101824,2011,8,20110729,20110731,1173.6566209,9.9182994222,1173.6566209,0.0343082681,0.0,0.0301887385,-0.084235565,-0.140939071,-0.11425139,-0.053956104,0.1274324933,0.1565398726,0.1216404416,0.0284686453,0.0038248829,0.0196755258,0.0041854612,0.1073752376,0.1589669742,-0.871095977,0.1584625914,-0.056731171,0.1036261272,-0.150246242,0.0081749324,0.0002254198,,0.0367673674,0.0212269522,0.0155404152,0.0239460886,0.0185670649,0.0053790236,0.0165960557,-0.016370636,0.0124321051,0.0447629366,0.1712202347,0.1748111067,0.1691538264,0.3125018036,0.1050898226,0.1382665817,-0.066317203,0.0004465424,-0.005517924,-0.048585999,-1.3042104,-0.064956635,-1.743652914,0.7256643747,0.3451874394,0.485592688,0.8075364567,,0.0662048915,0.1136522624,0.0009672115,4.0,0.0231656685,0.1099696841,0.0098640653,-0.731877677,0.2586754766,0.0276479673,0.0096565241,0.012581308,0.0045388255,,0.2003907299,-0.136315271,0.3390161025,0.2326572775,1.5205461649,1.0602383044,-0.748429407,0.1335138261,0.1935814908,0.357665895,0.1873167587,1.8382712799,0.0858391905,0.1205678271,-0.008962694,2.8209616225,0.0935525125,0.9612613987,0.1807850582,0.5538416667,9.0,-2.933057601,1.2240117037,1686.3842365,0.008899467,0.0878895217,0.0045321289,4.3443469408,1.5400234112,1.6092608198,1.321643802,2.0073065813,0.1618407871,0.3729152247,0.3204861808,,0.0318826133,,1.0706708572,0.2256110391,0.6076359754,10.557894605,0.754147344,0.0527821627,-0.604520616,0.4674482623,0.6881286267,0.00653038,1142080.7326005,0.87306814,0.00083628,0.86039916,0.00679566,0.00711859,0.00386796,0.0100237,0.93042673,0.26947469,0.98661967,0.00984399,1.04136034,,,0.0278833,0.04593136,0.02432474,-0.01908984,0.01569408,0.01047141,0.88627981,0.77397739,0.70426204,0.8170003855,1.6588062555,331,0.3503245249,0.9417419116,-1.440223047,1.0762764704
20110930,20110930,211952.0,01W,PRT,-0.210874,2011,9,20110831,20110831,1054.150687,8.9083825402,1054.150687,0.0381976946,0.0,0.0301887385,-0.101823593,-0.115506179,-0.181262901,-0.008504711,0.0038833799,0.2376248246,0.0793784633,0.043121435,-0.009351938,-0.019510493,0.0068326298,0.1073752376,0.1589669742,-0.871095977,0.1584625914,-0.056731171,0.1036261272,-0.150246242,0.0081749324,0.0002254198,,0.0367673674,0.0212269522,0.0155404152,0.0239460886,0.0185670649,0.0053790236,0.0165960557,-0.016370636,0.0124321051,0.0447629366,0.1712202347,0.1748111067,0.1691538264,0.3125018036,0.1050898226,0.1382665817,-0.066317203,0.0004465424,-0.005517924,-0.048585999,-1.3042104,-0.064956635,-1.743652914,0.7256643747,0.3451874394,0.485592688,0.8075364567,,0.0662048915,0.1136522624,0.0009672115,4.0,0.0231656685,0.1099696841,0.0098640653,-0.731877677,0.2586754766,0.0276479673,0.0096565241,0.012581308,0.0045388255,,0.2003907299,-0.136315271,0.3390161025,0.2326572775,1.5205461649,1.0602383044,-0.748429407,0.1335138261,0.1935814908,0.357665895,0.1873167587,1.8382712799,0.0858391905,0.1205678271,-0.008962694,2.8209616225,0.0935525125,0.9612613987,0.1807850582,0.5538416667,9.0,-2.933057601,1.2240117037,1686.3842365,0.008899467,0.0878895217,0.0045321289,4.8368526562,1.7146112934,1.7916979415,1.4714746362,2.2348689692,0.1801881966,0.4151915166,0.3568187477,,0.0354970505,,1.1197827415,0.2359598622,0.6028448559,9.5630491682,0.7606148679,-0.107179325,-0.616606012,0.4783930039,0.6860431235,0.00632639,1062911.36001558,0.90923774,0.00082874,0.85377697,0.00674315,0.00707454,0.00884597,0.02129133,-0.34858247,0.23440033,1.0787242,,,,,0.04780916,0.08830835,0.03572433,0.65874833,0.02056141,0.01189618,0.93467396,0.69516823,0.70919541,0.8737619986,2.5023079481,332,0.1522773975,0.8744746322,-1.446635276,1.0762764704
20111031,20111031,211952.0,01W,PRT,0.089371,2011,10,20110930,20110930,831.85823424,7.0298406683,831.85823424,0.0484050339,0.0,0.0301887385,-0.210873507,-0.17748199,-0.256102479,-0.198182828,-0.135609396,0.1754493619,0.1702906169,0.1108446651,-0.038599044,-0.033758762,0.009969591,0.1073752376,0.1589669742,-0.871095977,0.1584625914,-0.056731171,0.1036261272,-0.150246242,0.0081749324,0.0002254198,,0.0367673674,0.0212269522,0.0155404152,0.0239460886,0.0185670649,0.0053790236,0.0165960557,-0.016370636,0.0124321051,0.0447629366,0.1712202347,0.1748111067,0.1691538264,0.3125018036,0.1050898226,0.1382665817,-0.066317203,0.0004465424,-0.005517924,-0.048585999,-1.3042104,-0.064956635,-1.743652914,0.7256643747,0.3451874394,0.485592688,0.8075364567,,0.0662048915,0.1136522624,0.0009672115,4.0,0.0231656685,0.1099696841,0.0098640653,-0.731877677,0.2586754766,0.0276479673,0.0096565241,0.012581308,0.0045388255,,0.2003907299,-0.136315271,0.3390161025,0.2326572775,1.5205461649,1.0602383044,-0.748429407,0.1335138261,0.1935814908,0.357665895,0.1873167587,1.8382712799,0.0858391905,0.1205678271,-0.008962694,2.8209616225,0.0935525125,0.9612613987,0.1807850582,0.5538416667,9.0,-2.933057601,1.2240117037,1686.3842365,0.008899467,0.0878895217,0.0045321289,6.1293755841,2.1727965156,2.2704825632,1.8646879177,2.8320795085,0.2283388003,0.5261406385,0.452169267,,0.044982713,,1.2242383712,0.2579706818,0.5955298527,6.9521951289,0.800732434,-0.075249915,-0.659849586,0.4685101363,0.6879285361,0.00603106,1063638.88586927,0.90989133,0.00088871,0.79405312,0.00646686,0.00697893,0.00912651,0.01740969,0.02892876,0.12540269,1.15351574,,,,,0.0281885,0.04878355,0.0303596,-0.10547769,0.024465,0.01272183,0.94277709,0.54857567,0.71783824,0.8689206154,1.3495920616,333,0.2724746305,0.8574929257,-1.440223047,1.0632912279
20111130,20111130,211952.0,01W,PRT,-0.054383,2011,11,20111031,20111031,906.20217562,7.6581040442,906.20217562,0.0444339322,0.0,0.0301887385,0.0893709268,-0.291225202,-0.442408677,-0.425086484,-0.385950577,0.0460286808,0.3161155047,-0.126215361,-0.019000291,-0.002944646,0.009965603,0.2501900003,0.1810304152,-0.791797664,0.348496983,-0.026851767,0.098027627,-0.150246242,0.0168458629,-0.000106013,,0.0473876774,0.0266289808,0.0207586965,0.1021712193,0.0337756315,0.0683955878,0.0613836532,-0.061489666,0.0009740517,0.0828871072,0.1598365138,0.1733922573,0.1603372868,0.2892477653,0.1047263288,0.1313809034,-0.066317203,0.0004465424,-0.000258489,-0.044900899,-1.190795894,-0.106390565,-2.821534788,0.8124352212,0.3504133095,0.5172957274,0.8219705265,,0.0747647019,0.1136522624,0.0009672115,5.0,0.1114597947,0.291162045,0.057959847,-0.837021931,0.1808567696,0.0220143337,0.0078038402,0.0024503926,0.0010937405,,0.0620630831,-0.06307007,0.1491131814,0.0833907334,0.9220156475,0.1296143183,-0.748429407,0.144317418,0.2167732662,0.3757491767,0.2004520727,1.696866301,0.0826075276,0.1154363881,-0.015127139,2.7773983532,0.0920160719,0.9539769996,0.1399877868,0.6353757812,9.0,-2.897396092,1.2188665542,1870.9890941,0.4775804193,0.1625792041,0.0054031075,5.8191596343,2.0951836555,2.1512262356,1.7161585004,2.7090207801,0.2194208924,0.48070639,0.3962603276,,0.0412923751,,1.2133915933,0.2473135385,0.6453728831,6.9255522613,0.8089612213,-0.114073909,-1.112028076,0.4341134752,0.6328824385,0.00562773,1035780.66787865,0.98308089,0.00093233,0.90098687,0.00625442,0.00685766,0.01029332,0.02052821,1.25869623,0.11305616,1.11365811,,,,,0.04687851,0.07867882,0.02851763,1.24270826,0.02822521,0.01364535,0.8948118,0.59760238,0.72125067,0.8677012188,2.1449743399,334,0.1167748416,0.8574929257,-1.518072941,1.0632912279
20111230,20111231,211952.0,01W,PRT,-0.037311,2011,12,20111130,20111130,856.92034152,7.2416347141,856.92034152,0.0469893456,0.0,0.0301887385,-0.054382825,-0.140348541,-0.317065818,-0.367837809,-0.234447987,0.2603260553,0.0263053573,0.1106492942,-0.034003211,-0.007970483,0.0048147463,0.2501900003,0.1810304152,-0.791797664,0.348496983,-0.026851767,0.098027627,-0.150246242,0.0168458629,-0.000106013,,0.0473876774,0.0266289808,0.0207586965,0.1021712193,0.0337756315,0.0683955878,0.0613836532,-0.061489666,0.0009740517,0.0828871072,0.1598365138,0.1733922573,0.1603372868,0.2892477653,0.1047263288,0.1313809034,-0.066317203,0.0004465424,-0.000258489,-0.044900899,-1.190795894,-0.106390565,-2.821534788,0.8124352212,0.3504133095,0.5172957274,0.8219705265,,0.0747647019,0.1136522624,0.0009672115,5.0,0.1114597947,0.291162045,0.057959847,-0.837021931,0.1808567696,0.0220143337,0.0078038402,0.0024503926,0.0010937405,,0.0620630831,-0.06307007,0.1491131814,0.0833907334,0.9220156475,0.1296143183,-0.748429407,0.144317418,0.2167732662,0.3757491767,0.2004520727,1.696866301,0.0826075276,0.1154363881,-0.015127139,2.7773983532,0.0920160719,0.9539769996,0.1399877868,0.6353757812,9.0,-2.897396092,1.2188665542,1870.9890941,0.4775804193,0.1625792041,0.0054031075,6.1538218495,2.2156785117,2.2749441232,1.8148554672,2.8648176566,0.2320398763,0.5083520082,0.4190494187,,0.0436671163,,1.2381824361,0.2523664094,0.6739739907,6.2119757727,0.7934970627,-0.133295564,-2.210146693,0.4466360022,0.6295500506,0.00668391,849368.65278561,0.75910946,0.00083255,0.77181054,0.00639949,0.00687874,0.00828886,0.01686979,-0.17128749,-0.04149673,0.71646572,,,,,0.02705066,0.05815724,0.02343813,0.26612919,0.03342101,0.01425676,0.89429741,0.56510308,0.72509528,0.8732144865,1.2092680988,335,0.2037847865,0.8398250547,-1.589521335,1.0497813183
20120131,20120131,211952.0,01W,PRT,-0.010767,2012,1,20111230,20111231,824.94815086,6.9714451591,824.94815086,,0.0,3.330669e-16,-0.037310575,0.0301278586,-0.331374136,-0.395284825,-0.348201871,0.0092968248,0.1120655023,0.10057453,-0.04653822,-0.044681862,0.0100987564,0.2501900003,0.1810304152,-0.791797664,0.348496983,-0.026851767,0.098027627,-0.150246242,0.0168458629,-0.000106013,,0.0473876774,0.0266289808,0.0207586965,0.1021712193,0.0337756315,0.0683955878,0.0613836532,-0.061489666,0.0009740517,0.0828871072,0.1598365138,0.1733922573,0.1603372868,0.2892477653,0.1047263288,0.1313809034,-0.066317203,0.0004465424,-0.000258489,-0.044900899,-1.190795894,-0.106390565,-2.821534788,0.8124352212,0.3504133095,0.5172957274,0.8219705265,,0.0747647019,0.1136522624,0.0009672115,5.0,0.1114597947,0.291162045,0.057959847,-0.837021931,0.1808567696,0.0220143337,0.0078038402,0.0024503926,0.0010937405,,0.0620630831,-0.06307007,0.1491131814,0.0833907334,0.9220156475,0.1296143183,-0.748429407,0.144317418,0.2167732662,0.3757491767,0.2004520727,1.696866301,0.0826075276,0.1154363881,-0.015127139,2.7773983532,0.0920160719,0.9539769996,0.1399877868,0.6353757812,9.0,-2.897396092,1.2188665542,1870.9890941,0.4775804193,0.1625792041,0.0054031075,6.3923230998,2.3015506913,2.3631132368,1.885193106,2.9758482665,0.2410329545,0.5280540068,0.435290352,,0.0453595055,,1.254814858,0.2557564305,0.6582968563,5.7034364843,0.7957401727,-0.264124016,,0.4202269706,0.6547471784,0.00771934,719199.32314606,0.84627393,0.00075109,0.85431543,0.00659363,0.00690193,0.00863055,0.01212749,0.41944879,0.17126672,1.18897908,,,,,0.02850756,0.03788723,0.02299202,0.00303656,0.04411843,0.01455774,0.86902937,0.54401876,0.72570415,0.8902932947,1.2385212845,336,0.194624736,0.8574929257,-1.518072941,1.0632912279
20120229,20120229,211952.0,01W,PRT,0.091512,2012,2,20120131,20120131,816.06598297,6.8963840219,816.06598297,,0.0,4.440892e-16,-0.010766941,-0.089664345,-0.297112856,-0.447040478,-0.429862178,-0.11425139,0.1665977439,-0.009282619,-0.046673159,0.0236140003,0.0050592691,0.0454516189,0.1489924941,-0.608807878,0.0897465196,0.0771827904,0.111904026,-0.150246242,0.0058612438,-0.001148374,,0.0228957075,-0.002168655,0.0250643627,-0.021658082,0.016807224,-0.038465306,0.0117691164,-0.012917491,-0.004743482,0.025924832,0.141733619,0.1751686527,0.1533011787,0.2794090273,0.096920019,0.125740129,-0.066317203,0.0004465424,0.0125444853,-0.038901482,-1.104506256,-0.051818973,-1.471264761,0.6740296116,0.3837393119,0.5077071024,0.8871581061,,0.0896257805,0.1136522624,0.0009672115,6.0,-0.014010037,-0.021981329,-0.017870679,-0.895245976,0.014479831,0.02114341,0.0076126674,-0.022852524,-0.007632155,,0.1394630173,-0.110418511,0.0266610941,0.0576337816,-1.625961716,-3.846854472,-0.748429407,0.1195993477,0.1831303515,0.3008732437,0.1602689655,1.6926949995,0.0741221814,0.1143996963,0.0025898121,2.751791468,0.0930356576,0.9598593872,0.1807850582,0.539495872,7.0,-2.726662764,1.212482024,1495.1539404,0.6934510738,0.0836187371,0.0063979938,6.0774562582,2.2085453526,2.2803973631,1.7357006027,3.0184942789,0.2140522576,0.4504743153,0.3711646319,,0.0458532042,,1.2437146953,0.2541429971,0.5665848107,7.342718222,0.7938033777,-0.696238024,,0.4796632973,0.6276870636,0.00677948,651587.87937663,0.89964788,0.00072599,0.88549761,0.0065825,0.00689788,0.00712447,0.01486976,0.50908206,-0.06666495,0.66606092,,,,,0.0246009,0.03757898,0.01872882,0.14538128,0.0471626,0.01482528,0.87294444,0.53816134,0.72541953,0.9010853463,1.0651940201,337,0.194624736,0.5830951895,-1.440223047,1.0632912279
20120330,20120331,211952.0,01W,PRT,-0.022397,2012,3,20120229,20120229,890.74576068,7.5274854727,890.74576068,,0.0,3.885781e-16,0.0915119356,-0.047675795,-0.225854526,-0.384994464,-0.430716375,-0.181262901,-0.033680147,-0.011462835,-0.037311816,0.0733485672,-0.004128748,0.0454516189,0.1489924941,-0.608807878,0.0897465196,0.0771827904,0.111904026,-0.150246242,0.0058612438,-0.001148374,,0.0228957075,-0.002168655,0.0250643627,-0.021658082,0.016807224,-0.038465306,0.0117691164,-0.012917491,-0.004743482,0.025924832,0.141733619,0.1751686527,0.1533011787,0.2794090273,0.096920019,0.125740129,-0.066317203,0.0004465424,0.0125444853,-0.038901482,-1.104506256,-0.051818973,-1.471264761,0.6740296116,0.3837393119,0.5077071024,0.8871581061,,0.0896257805,0.1136522624,0.0009672115,6.0,-0.014010037,-0.021981329,-0.017870679,-0.895245976,0.014479831,0.02114341,0.0076126674,-0.022852524,-0.007632155,,0.1394630173,-0.110418511,0.0266610941,0.0576337816,-1.625961716,-3.846854472,-0.748429407,0.1195993477,0.1831303515,0.3008732437,0.1602689655,1.6926949995,0.0741221814,0.1143996963,0.0025898121,2.751791468,0.0930356576,0.9598593872,0.1807850582,0.539495872,7.0,-2.726662764,1.212482024,1495.1539404,0.6934510738,0.0836187371,0.0063979938,5.5679246921,2.0233817703,2.0892097361,1.5901801401,2.765424894,0.1961061997,0.4127067241,0.3400463337,,0.0420088894,,1.2034578212,0.2459168319,0.5682745088,8.3480067237,0.7860570513,,,0.4608791028,0.6425456811,0.00724334,582541.71288116,0.99861629,0.00066844,0.96909914,0.00678824,0.00696545,0.00513968,0.01746542,0.87641572,-0.0835606,1.171034,,,,,0.03415113,0.05731,0.02224801,0.50272668,0.04735665,0.01538341,0.8828215,0.59652847,0.73369957,0.9243851785,1.4520369226,338,0.194624736,0.5830951895,-1.362373152,1.1318906619
20120430,20120430,211952.0,01W,PRT,-0.023473,2012,4,20120330,20120331,870.79605964,7.3588951841,870.79605964,,0.0,1.665335e-16,-0.022396628,0.0797596913,0.070790339,-0.304981309,-0.37141476,-0.256102479,-0.080931926,0.0527947919,-0.0441474,0.0474777001,-0.002931928,0.0454516189,0.1489924941,-0.608807878,0.0897465196,0.0771827904,0.111904026,-0.150246242,0.0058612438,-0.001148374,,0.0228957075,-0.002168655,0.0250643627,-0.021658082,0.016807224,-0.038465306,0.0117691164,-0.012917491,-0.004743482,0.025924832,0.141733619,0.1751686527,0.1533011787,0.2794090273,0.096920019,0.125740129,-0.066317203,0.0004465424,0.0125444853,-0.038901482,-1.104506256,-0.051818973,-1.471264761,0.6740296116,0.3837393119,0.5077071024,0.8871581061,,0.0896257805,0.1136522624,0.0009672115,6.0,-0.014010037,-0.021981329,-0.017870679,-0.895245976,0.014479831,0.02114341,0.0076126674,-0.022852524,-0.007632155,,0.1394630173,-0.110418511,0.0266610941,0.0576337816,-1.625961716,-3.846854472,-0.748429407,0.1195993477,0.1831303515,0.3008732437,0.1602689655,1.6926949995,0.0741221814,0.1143996963,0.0025898121,2.751791468,0.0930356576,0.9598593872,0.1807850582,0.539495872,7.0,-2.726662764,1.212482024,1495.1539404,0.6934510738,0.0836187371,0.0063979938,5.6954843335,2.0697368967,2.1370729634,1.6266107349,2.8287800266,0.2005989394,0.422161723,0.3478367028,,0.0429713017,,1.213954577,0.2480617587,0.5703554562,8.0963358769,0.7853708777,,,0.4428143907,0.6576388889,0.00718155,525779.87918152,1.10076533,0.00060653,1.06241454,0.00703639,0.00692573,0.00756647,0.01653449,0.60361611,-0.1101281,0.16793151,,,,,0.02520856,0.0421329,0.01735575,0.94990917,0.04894435,0.01604133,0.86954427,0.58316824,0.7299991,0.9275547144,1.0551568533,339,0.0761386988,0.494894104,-1.446635276,1.0227811482
20120531,20120531,211952.0,01W,PRT,-0.13457,2012,5,20120430,20120430,850.35552572,7.186156981,850.35552572,,0.0,6.661338e-16,-0.023473388,0.0670657494,-0.039070879,-0.258048697,-0.416308804,-0.442408677,-0.099251858,-0.110567617,-0.036229742,0.0033694857,0.0005912659,0.0260287148,0.0199525924,-0.577731879,0.035641503,0.0157294617,0.149371305,-0.886780491,0.0022074481,-0.001072134,0.0,0.0227816827,0.0120484804,0.0107332023,-0.03377418,0.0003302368,-0.034104417,-0.012450377,0.011378243,-0.00249143,0.0263108333,0.1463574838,0.1601547672,0.165350568,0.2751741426,0.0894390699,0.1096824805,,,0.0264126841,-0.052859857,-1.61163641,-0.041481614,-1.26472683,0.6409055355,0.3576501424,0.4761808285,0.7494149094,,0.1098115812,0.0277020861,-0.007569141,7.0,-0.023979537,-0.044381386,-0.016197085,-0.92704263,-0.021943631,0.0246319385,0.0089512373,-0.004341261,-0.001270901,,-0.017818649,-0.099498591,-0.036608625,0.0655693707,-1.950356205,-0.894494886,-0.893432519,0.1154187001,0.16432339,0.2964430004,0.1696544307,1.8184146518,0.0856587287,0.1124907114,0.0053645822,2.7268946788,0.0936677174,0.9678888914,0.2437307155,0.5456403867,7.0,-2.720796275,1.4742799427,1367.2045608,1.1688580176,-0.407886112,0.0047938506,5.7793338314,2.1193828556,2.1503668245,1.515729038,2.7171009418,0.1895556314,0.4950503887,0.447329428,,,,1.4411844956,0.2584226538,0.5670748194,7.1568081227,0.7828707826,,,0.4887481543,0.672213094,0.00699238,443235.78024202,0.83873954,0.0005179,0.82871229,0.00733237,0.00689069,0.00850587,0.01101859,-0.6538994,0.18306377,0.28194105,,,,,0.01315792,0.02049536,0.01254189,-0.43205691,0.05029376,0.01601381,0.83358603,0.56947931,0.72955792,0.9056193779,0.5629723487,340,0.9312639497,0.8574929257,-0.409756138,1.1318906619
20120629,20120630,211952.0,01W,PRT,0.057985,2012,6,20120531,20120531,735.92305864,6.2191147883,735.92305864,,0.0,0.0,-0.134570146,-0.045344291,-0.007660941,-0.193326404,-0.359153099,-0.317065818,-0.244281637,-0.034147006,-0.045359119,-0.027310715,-0.000498962,0.0260287148,0.0199525924,-0.577731879,0.035641503,0.0157294617,0.149371305,-0.886780491,0.0022074481,-0.001072134,0.0,0.0227816827,0.0120484804,0.0107332023,-0.03377418,0.0003302368,-0.034104417,-0.012450377,0.011378243,-0.00249143,0.0263108333,0.1463574838,0.1601547672,0.165350568,0.2751741426,0.0894390699,0.1096824805,,,0.0264126841,-0.052859857,-1.61163641,-0.041481614,-1.26472683,0.6409055355,0.3576501424,0.4761808285,0.7494149094,,0.1098115812,0.0277020861,-0.007569141,7.0,-0.023979537,-0.044381386,-0.016197085,-0.92704263,-0.021943631,0.0246319385,0.0089512373,-0.004341261,-0.001270901,,-0.017818649,-0.099498591,-0.036608625,0.0655693707,-1.950356205,-0.894494886,-0.893432519,0.1154187001,0.16432339,0.2964430004,0.1696544307,1.8184146518,0.0856587287,0.1124907114,0.0053645822,2.7268946788,0.0936677174,0.9678888914,0.2437307155,0.5456403867,7.0,-2.720796275,1.4742799427,1367.2045608,1.1688580176,-0.407886112,0.0047938506,6.6779922178,2.4489366127,2.4847384384,1.7514175535,3.1395969628,0.2190306129,0.5720283236,0.5168869849,,,,1.5226324025,0.2730272962,0.5881245038,5.2634174973,0.7848257782,,,0.4574755202,0.7172742605,0.00738398,408329.35852032,0.8961785,0.00048398,0.87571014,0.00745604,0.00703543,0.0066005,0.01331696,0.2949023,0.32713755,1.03539826,,,,,0.01906099,0.03811556,0.01867066,0.66265552,0.05273791,0.01596987,0.84067414,0.53754387,0.73199547,0.8993354076,0.808805402,341,0.8567628337,0.8072073528,-0.409756138,1.1435437498
20120731,20120731,211952.0,01W,PRT,-0.015839,2012,7,20120629,20120630,740.36264321,6.2566326861,740.36264321,0.0509368747,0.0,0.0503511688,0.0579845391,-0.154884717,-0.107915985,-0.115326352,-0.42578421,-0.331374136,-0.312009848,-0.084235565,-0.032430018,0.0344072799,-0.008270643,0.0260287148,0.0199525924,-0.577731879,0.035641503,0.0157294617,0.149371305,-0.886780491,0.0022074481,-0.001072134,0.0,0.0227816827,0.0120484804,0.0107332023,-0.03377418,0.0003302368,-0.034104417,-0.012450377,0.011378243,-0.00249143,0.0263108333,0.1463574838,0.1601547672,0.165350568,0.2751741426,0.0894390699,0.1096824805,,,0.0264126841,-0.052859857,-1.61163641,-0.041481614,-1.26472683,0.6409055355,0.3576501424,0.4761808285,0.7494149094,,0.1098115812,0.0277020861,-0.007569141,7.0,-0.023979537,-0.044381386,-0.016197085,-0.92704263,-0.021943631,0.0246319385,0.0089512373,-0.004341261,-0.001270901,,-0.017818649,-0.099498591,-0.036608625,0.0655693707,-1.950356205,-0.894494886,-0.893432519,0.1154187001,0.16432339,0.2964430004,0.1696544307,1.8184146518,0.0856587287,0.1124907114,0.0053645822,2.7268946788,0.0936677174,0.9678888914,0.2437307155,0.5456403867,7.0,-2.720796275,1.4742799427,1367.2045608,1.1688580176,-0.407886112,0.0047938506,6.6379476377,2.4342515643,2.4698387044,1.7409151782,3.1207703697,0.2177171958,0.5685981557,0.5137874721,,,,1.5193012285,0.2724299745,0.594182975,5.3477877472,0.7854539476,,,0.5345002695,0.7046633958,0.00516352,510399.4183769,2.00246146,0.00063151,2.18246109,0.00695026,0.00690408,0.00597157,0.0138607,-0.33192301,0.38205755,0.83902755,,,,,0.02575406,0.04580902,0.01769033,0.42383998,0.04978796,0.016223,0.82698183,0.56906822,0.73218029,0.9009201277,1.0933178462,342,0.9481224447,0.8744746322,-0.437594974,1.2780783086
20120831,20120831,211952.0,01W,PRT,0.125716,2012,8,20120731,20120731,728.63614628,6.157534785,728.63614628,0.0517566406,0.0,0.0503511688,-0.015838856,-0.084388595,-0.045916342,-0.140815108,-0.336607314,-0.297112856,-0.358843125,-0.101823593,-0.024613224,0.0096083619,-0.007536469,0.1092079898,0.0141496082,-0.322302557,0.1425854694,0.3796239888,0.1852265327,-0.886780491,0.0076824849,-0.00174932,0.0,0.0116086384,-0.004500355,0.016108993,-0.03348095,-0.006044098,-0.027436852,0.0955668854,-0.097316206,-0.001375275,0.0120709286,0.1505842149,0.143446037,0.1374353748,0.2716045058,0.0867300774,0.1270086351,,,0.1529962559,-0.035748438,-1.242785726,-0.133064644,-4.625959839,0.6427362956,0.3264787919,0.444326098,0.8434392351,,0.1817640928,0.0277020861,-0.007569141,0.0,-0.012564952,-0.081795188,-0.020647368,-0.912642074,-0.097687503,0.0212809788,0.0078041087,-0.006366989,-0.001852415,,-0.13764539,-0.11543579,-0.059286747,0.0291396653,-2.515622626,-0.976917402,-0.893432519,0.1127919622,0.1591114903,0.2818630993,0.1524444158,1.8748773825,0.0645132028,0.1016869363,-0.021325988,3.0151499438,0.094085682,0.9511955043,0.2437307155,0.631935899,5.0,-2.278044098,1.0934243801,1342.3712515,1.6200781528,-0.566206176,0.0031098962,7.7618962091,2.5742985767,3.3339102486,1.9230762254,3.279035185,0.2232691148,0.5007447839,0.443512889,,,,1.3300015175,0.2700180853,0.7216391477,4.7968862237,0.7875092457,,,0.483501292,0.6361346883,0.00671272,490042.36407894,2.07982744,0.00061553,2.23508771,0.00694621,0.00692044,0.00884332,0.01620231,-0.15583594,-0.05747964,0.32997995,,,,,0.02435085,0.03420391,0.01897827,-0.12481396,0.05119798,0.0167218,0.78038982,0.63570127,0.72901891,0.8965208224,1.0520659251,343,0.1862527899,0.4458963214,-1.005765066,0.9260923598
20120928,20120930,211952.0,01W,PRT,-0.074074,2012,9,20120831,20120831,820.23701093,6.9316324101,820.23701093,0.0459766612,0.0,0.0503511688,0.1257155099,0.0412272749,-0.139750988,-0.105794175,-0.273099026,-0.225854526,-0.392349811,-0.210873507,0.0059857776,0.0007478119,-0.007856571,0.1092079898,0.0141496082,-0.322302557,0.1425854694,0.3796239888,0.1852265327,-0.886780491,0.0076824849,-0.00174932,0.0,0.0116086384,-0.004500355,0.016108993,-0.03348095,-0.006044098,-0.027436852,0.0955668854,-0.097316206,-0.001375275,0.0120709286,0.1505842149,0.143446037,0.1374353748,0.2716045058,0.0867300774,0.1270086351,,,0.1529962559,-0.035748438,-1.242785726,-0.133064644,-4.625959839,0.6427362956,0.3264787919,0.444326098,0.8434392351,,0.1817640928,0.0277020861,-0.007569141,0.0,-0.012564952,-0.081795188,-0.020647368,-0.912642074,-0.097687503,0.0212809788,0.0078041087,-0.006366989,-0.001852415,,-0.13764539,-0.11543579,-0.059286747,0.0291396653,-2.515622626,-0.976917402,-0.893432519,0.1127919622,0.1591114903,0.2818630993,0.1524444158,1.8748773825,0.0645132028,0.1016869363,-0.021325988,3.0151499438,0.094085682,0.9511955043,0.2437307155,0.631935899,5.0,-2.278044098,1.0934243801,1342.3712515,1.6200781528,-0.566206176,0.0031098962,6.8950779668,2.2868109697,2.9615921779,1.7083145861,2.912845347,0.1983352924,0.4448235629,0.3939831024,,,,1.2751595232,0.2588840151,0.7414851685,6.4202598418,0.8017487097,,,0.4942741899,0.6268572351,0.00698393,462409.6643095,2.20266489,0.00059334,2.32182734,0.00686713,0.00701433,0.0072976,0.02161797,0.69372604,-0.03992218,0.89658402,,,,,0.03819446,0.07311827,0.02446541,0.66388642,0.07216781,0.01653759,0.74969913,0.8039091,0.73082892,0.8896285265,1.7423706158,344,0.291729983,0.4289082235,-0.875189949,0.8908093872
20121031,20121031,211952.0,01W,PRT,0.102658,2012,10,20120928,20120930,759.47843658,6.4181758145,759.47843658,0.0496548122,0.0,0.0503511688,-0.074074412,0.1078854646,-0.009418663,0.045634594,0.0369487123,0.070790339,-0.505082289,0.0893709268,-0.00887289,-0.002988514,-0.011602074,0.1092079898,0.0141496082,-0.322302557,0.1425854694,0.3796239888,0.1852265327,-0.886780491,0.0076824849,-0.00174932,0.0,0.0116086384,-0.004500355,0.016108993,-0.03348095,-0.006044098,-0.027436852,0.0955668854,-0.097316206,-0.001375275,0.0120709286,0.1505842149,0.143446037,0.1374353748,0.2716045058,0.0867300774,0.1270086351,,,0.1529962559,-0.035748438,-1.242785726,-0.133064644,-4.625959839,0.6427362956,0.3264787919,0.444326098,0.8434392351,,0.1817640928,0.0277020861,-0.007569141,0.0,-0.012564952,-0.081795188,-0.020647368,-0.912642074,-0.097687503,0.0212809788,0.0078041087,-0.006366989,-0.001852415,,-0.13764539,-0.11543579,-0.059286747,0.0291396653,-2.515622626,-0.976917402,-0.893432519,0.1127919622,0.1591114903,0.2818630993,0.1524444158,1.8748773825,0.0645132028,0.1016869363,-0.021325988,3.0151499438,0.094085682,0.9511955043,0.2437307155,0.631935899,5.0,-2.278044098,1.0934243801,1342.3712515,1.6200781528,-0.566206176,0.0031098962,7.4466869226,2.4697567488,3.1985207197,1.8449804265,3.1458741232,0.214202194,0.4804096233,0.4255019059,,,,1.3110168049,0.2661637921,0.7814608455,5.3872088714,0.7776253866,,,0.4954506605,0.6745580808,0.00742959,440532.60122683,2.32357738,0.00057398,2.41648683,0.00687948,0.00714453,0.0068078,0.01084355,0.04653197,-0.13046989,0.85158033,,,,,0.01930564,0.03677455,0.01908689,0.08219778,0.07596997,0.0161031,0.64607128,0.79407019,0.73085625,0.8977262069,0.9333894773,345,0.291729983,0.4289082235,-0.875189949,1.0227811482
20121130,20121130,211952.0,01W,PRT,-0.053826,2012,11,20121031,20121031,837.44472888,7.0770508366,837.44472888,0.0450319381,0.0,0.0503511688,0.1026576774,0.0423287953,-0.060747966,-0.021282379,-0.118631384,-0.039070879,-0.459078442,-0.054382825,0.0054035197,-0.064629907,-0.003892676,0.0424132166,-0.018104391,-0.883236681,0.1129711414,0.3960899358,0.2491097578,-0.98097014,0.0070643438,-0.001162757,0.0,0.0176850993,0.0037242352,0.0139608641,0.0261133108,0.0107139699,0.0153993409,0.1193006557,-0.120463413,0.0020539274,-0.066254553,0.1448763145,0.1434013937,0.1351112114,0.3194128633,0.1108913287,0.1093860009,,,0.2505943305,-0.033997305,-1.098289605,-0.154460718,-4.989883747,0.6804548654,0.3442597221,0.4476141083,0.7550302568,,0.0697745854,0.0277020861,-0.007569141,0.0,0.0306054657,0.099357244,0.0218986721,-0.975689604,0.0328673659,0.0251989007,0.0083574287,0.003184567,0.0005535885,,-0.214731449,-0.123492209,-0.118882344,0.0314732596,-0.370934649,0.1292409933,-0.975359444,0.1054024722,0.1494835081,0.2581430984,0.1408417124,1.8170334777,0.064952078,0.1011139062,-0.01765545,3.5823660973,0.0917486277,0.9664949139,0.1433366529,0.5262943693,5.0,-2.168986727,1.0966268308,1255.7332189,1.1884404643,0.0061239015,0.0052968953,6.5640083887,1.8323108835,3.1109407231,2.6529397591,2.8783698795,0.2031873884,0.4263459849,0.4156762216,,,,1.0436136128,0.1816927111,0.6483079007,8.7858534938,0.805779433,,,0.3041193103,0.6382689447,0.00756831,405407.47239893,2.42493264,0.00053582,2.50666422,0.0069605,0.00730254,0.00817418,0.00899361,-0.28013562,-0.22196501,-0.27450504,,,,,0.0156652,0.01911629,0.00928312,-0.29625869,0.07420091,0.01533773,0.68331016,0.89079388,0.72856233,0.8886360222,0.815956925,346,0.6091095901,0.3499271061,-0.913664385,1.1197667396
20121231,20121231,211952.0,01W,PRT,0.120219,2012,12,20121130,20121130,792.36863684,6.6961232554,792.36863684,0.047593705,0.0,0.0503511688,-0.053825752,0.0209789582,0.1967156685,-0.011288413,0.0277392337,-0.007660941,-0.441089267,-0.037310575,0.00390214,0.0134422494,-0.010298423,0.0424132166,-0.018104391,-0.883236681,0.1129711414,0.3960899358,0.2491097578,-0.98097014,0.0070643438,-0.001162757,0.0,0.0176850993,0.0037242352,0.0139608641,0.0261133108,0.0107139699,0.0153993409,0.1193006557,-0.120463413,0.0020539274,-0.066254553,0.1448763145,0.1434013937,0.1351112114,0.3194128633,0.1108913287,0.1093860009,,,0.2505943305,-0.033997305,-1.098289605,-0.154460718,-4.989883747,0.6804548654,0.3442597221,0.4476141083,0.7550302568,,0.0697745854,0.0277020861,-0.007569141,0.0,0.0306054657,0.099357244,0.0218986721,-0.975689604,0.0328673659,0.0251989007,0.0083574287,0.003184567,0.0005535885,,-0.214731449,-0.123492209,-0.118882344,0.0314732596,-0.370934649,0.1292409933,-0.975359444,0.1054024722,0.1494835081,0.2581430984,0.1408417124,1.8170334777,0.064952078,0.1011139062,-0.01765545,3.5823660973,0.0917486277,0.9664949139,0.1433366529,0.5262943693,5.0,-2.168986727,1.0966268308,1255.7332189,1.1884404643,0.0061239015,0.0052968953,6.9374202485,1.9365469804,3.287915232,2.8038596103,3.0421139496,0.2147462677,0.4505998611,0.4393231187,,,,1.0592211448,0.1844099762,0.6558581976,8.1858307898,0.8138662668,,,0.3017959834,0.6395893446,0.00839846,376739.25871813,2.62011853,0.00049888,2.70268232,0.00709212,0.0074306,0.00456345,0.01127951,0.81255854,-0.37208765,0.46962747,,,,,0.01550748,0.02648276,0.01207962,0.65319451,0.08021707,0.01495667,0.64789477,0.84284623,0.73074084,0.8999297834,0.8463927394,347,0.5587583698,0.3772968873,-0.93126395,1.1318906619
20130131,20130131,211952.0,01W,PRT,0.284777,2013,1,20121231,20121231,887.62656709,7.5011258923,887.62656709,0.042486064,0.0,0.0503511688,0.1202192084,0.043306299,0.0702439461,-0.043074656,0.0101081113,-0.107915985,-0.3777418,-0.010766941,0.0158099718,-0.03182036,-0.003956272,0.0424132166,-0.018104391,-0.883236681,0.1129711414,0.3960899358,0.2491097578,-0.98097014,0.0070643438,-0.001162757,0.0,0.0176850993,0.0037242352,0.0139608641,0.0261133108,0.0107139699,0.0153993409,0.1193006557,-0.120463413,0.0020539274,-0.066254553,0.1448763145,0.1434013937,0.1351112114,0.3194128633,0.1108913287,0.1093860009,,,0.2505943305,-0.033997305,-1.098289605,-0.154460718,-4.989883747,0.6804548654,0.3442597221,0.4476141083,0.7550302568,,0.0697745854,0.0277020861,-0.007569141,0.0,0.0306054657,0.099357244,0.0218986721,-0.975689604,0.0328673659,0.0251989007,0.0083574287,0.003184567,0.0005535885,,-0.214731449,-0.123492209,-0.118882344,0.0314732596,-0.370934649,0.1292409933,-0.975359444,0.1054024722,0.1494835081,0.2581430984,0.1408417124,1.8170334777,0.064952078,0.1011139062,-0.01765545,3.5823660973,0.0917486277,0.9664949139,0.1433366529,0.5262943693,5.0,-2.168986727,1.0966268308,1255.7332189,1.1884404643,0.0061239015,0.0052968953,6.192913134,1.7287214555,2.9350641441,2.5029561976,2.7156416592,0.1917002191,0.4022425769,0.3921760272,,,,1.0267705409,0.1787603391,0.6608513177,9.3821537246,0.8216929894,,,0.3043680996,0.6159870057,0.00744229,292198.54077025,0.97364781,0.00037318,0.97685809,0.00765705,0.00742437,0.00515805,0.0170244,0.53314655,0.55184475,1.00222059,,,,,0.02988145,0.04548629,0.01784052,0.69955598,0.08276124,0.01514503,0.57991416,0.94417254,0.73086245,0.9062816786,1.6664514994,348,0.3806934938,0.1714985851,-0.989803084,1.1318906619
20130228,20130228,211952.0,01W,PRT,-0.068166,2013,2,20130131,20130131,1140.4025976,9.6372773973,1140.4025976,0.0330688121,0.0,0.0503511688,0.2847774502,0.0599225674,0.2182027636,0.0977336796,0.143858364,-0.045916342,-0.320747704,0.0915119356,0.033379564,-0.02771962,-0.002442619,0.1108432025,-0.000318886,-0.122857243,0.1111744828,0.3269162057,0.2560482614,-0.908115767,0.007122788,-0.000385003,0.0,0.0192489659,0.0167815063,0.0024674596,0.085837289,0.0204894726,0.0653478164,0.1286633183,-0.129048321,0.0040095549,-0.039601541,0.1452260792,0.1462841285,0.1584723777,0.3153408732,0.1049803383,0.1131355835,,,0.2029052895,-0.054537149,-1.806719444,-0.18358547,-6.081862453,0.7200579195,0.3526596974,0.4704397647,0.7790307647,,0.075764346,0.0277020861,-0.007569141,0.0,0.0753321383,0.2431562884,0.0591931749,-0.656868663,0.0887245705,0.0236497124,0.0066017017,0.0025063023,-0.001010966,,-0.089904795,-0.113784369,-0.118281159,0.0275077195,0.1664762597,-0.527287056,-0.834775231,0.1154557424,0.1624987298,0.2771674915,0.1760379636,1.8475509095,0.0847228809,0.1039352288,0.0106006995,3.4778132382,0.0907570985,0.9810356122,0.2437307155,0.560804532,4.0,-2.223534743,1.1542485973,1284.7810225,0.9670748771,-0.198172923,0.0061294593,4.8310516507,1.3891061192,2.2534192598,1.8873977909,2.1593295179,0.1458288303,0.4093006137,0.3595196185,,,,0.9599700705,0.1738993014,0.7000056232,11.357321474,0.8829898208,,,0.3312352099,0.6022645913,0.00509968,516909.94172956,3.22195825,0.00056814,2.99399994,0.00706832,0.00716703,0.0101776,0.01657069,0.43009131,-0.30686857,0.45615541,,,,,0.03470999,0.04672725,0.019222,-0.43637522,0.0786816,0.01544504,0.64263671,0.97870718,0.72999175,0.9322348322,1.9039587029,349,0.5329708913,0.3499271061,-0.761386988,1.1197667396
20130328,20130331,211952.0,01W,PRT,0.008152,2013,3,20130228,20130228,1062.6658125,8.9803418877,1062.6658125,0.0354878822,0.0,0.0503511688,-0.068166089,0.4392323781,0.3903330164,0.6296450498,0.3463924528,-0.139750988,-0.296862218,-0.022396628,0.0292187039,0.0606427241,-0.009632866,0.1108432025,-0.000318886,-0.122857243,0.1111744828,0.3269162057,0.2560482614,-0.908115767,0.007122788,-0.000385003,0.0,0.0192489659,0.0167815063,0.0024674596,0.085837289,0.0204894726,0.0653478164,0.1286633183,-0.129048321,0.0040095549,-0.039601541,0.1452260792,0.1462841285,0.1584723777,0.3153408732,0.1049803383,0.1131355835,,,0.2029052895,-0.054537149,-1.806719444,-0.18358547,-6.081862453,0.7200579195,0.3526596974,0.4704397647,0.7790307647,,0.075764346,0.0277020861,-0.007569141,0.0,0.0753321383,0.2431562884,0.0591931749,-0.656868663,0.0887245705,0.0236497124,0.0066017017,0.0025063023,-0.001010966,,-0.089904795,-0.113784369,-0.118281159,0.0275077195,0.1664762597,-0.527287056,-0.834775231,0.1154557424,0.1624987298,0.2771674915,0.1760379636,1.8475509095,0.0847228809,0.1039352288,0.0106006995,3.4778132382,0.0907570985,0.9810356122,0.2437307155,0.560804532,4.0,-2.223534743,1.1542485973,1284.7810225,0.9670748771,-0.198172923,0.0061294593,5.1844557212,1.490722867,2.4182627755,2.0254658783,2.3172901228,0.1564965909,0.4392420247,0.3858194194,,,,0.9831811479,0.1781040055,0.6870916294,10.773855334,0.884355759,,,0.329306017,0.6286170012,0.00762734,535884.5291063,3.13416698,0.00056368,3.03346026,0.00717836,0.00718129,0.00850869,0.01487742,-0.36009894,-0.00838831,0.14866244,0.01265748,-0.71709152,,,0.02098682,0.0255374,0.01972693,-0.36201382,0.06026759,0.0151975,0.66599688,0.91073504,0.73171624,0.9159608778,1.1645682595,350,0.5587583698,0.4458963214,-0.782261718,1.1318906619
20130430,20130430,211952.0,01W,PRT,0.045698,2013,4,20130328,20130331,1071.3289912,9.0535523979,1071.3289912,0.0352009135,0.0,0.0503511688,0.0081523077,0.197199196,0.3992047191,0.4353314855,0.283357014,-0.009418663,-0.343589114,-0.023473388,0.0320937671,0.042124614,-0.009531018,0.1108432025,-0.000318886,-0.122857243,0.1111744828,0.3269162057,0.2560482614,-0.908115767,0.007122788,-0.000385003,0.0,0.0192489659,0.0167815063,0.0024674596,0.085837289,0.0204894726,0.0653478164,0.1286633183,-0.129048321,0.0040095549,-0.039601541,0.1452260792,0.1462841285,0.1584723777,0.3153408732,0.1049803383,0.1131355835,,,0.2029052895,-0.054537149,-1.806719444,-0.18358547,-6.081862453,0.7200579195,0.3526596974,0.4704397647,0.7790307647,,0.075764346,0.0277020861,-0.007569141,0.0,0.0753321383,0.2431562884,0.0591931749,-0.656868663,0.0887245705,0.0236497124,0.0066017017,0.0025063023,-0.001010966,,-0.089904795,-0.113784369,-0.118281159,0.0275077195,0.1664762597,-0.527287056,-0.834775231,0.1154557424,0.1624987298,0.2771674915,0.1760379636,1.8475509095,0.0847228809,0.1039352288,0.0106006995,3.4778132382,0.0907570985,0.9810356122,0.2437307155,0.560804532,4.0,-2.223534743,1.1542485973,1284.7810225,0.9670748771,-0.198172923,0.0061294593,5.1425322163,1.478668308,2.3987077717,2.0090871815,2.2985516227,0.1552310992,0.4356901446,0.382699535,,,,0.9805390239,0.1776253828,0.6904945568,10.843070568,0.8813500518,,,0.3317982838,0.6084262966,0.00723336,573579.49299676,2.92294253,0.00058292,2.92684855,0.00714797,0.00717505,0.00702135,0.01569704,-0.44374612,0.3258556,0.08501534,,,,,0.02015376,0.04243852,0.01784566,0.01313294,0.05421393,0.0150892,0.66150546,0.91815964,0.72765401,0.9104450251,1.116346371,351,0.5587583698,0.4036036764,-0.782261718,1.0762764704
20130531,20130531,211952.0,01W,PRT,-0.068559,2013,5,20130430,20130430,1120.2867324,9.4672828942,1120.2867324,0.0336625955,0.0,0.0503511688,0.045698139,-0.060569492,0.2792832222,0.4703209505,0.3249196894,-0.060747966,-0.429923697,-0.134570146,0.048481793,-0.039303218,-0.005489602,0.1341401841,0.1140854253,1.8379008042,0.32709822,0.4027346908,0.2666835695,-0.792954222,0.0184993034,-0.000189566,0.0001565767,0.0146017718,0.0236329504,-0.009031179,0.102686709,0.0005349908,0.1021517181,0.1484664781,-0.148499467,0.0035784588,-0.027429016,0.1494944146,0.1480061306,0.1689826772,0.3173580089,0.101122437,0.1068614792,,,0.1358586861,-0.058343504,-1.949745487,-0.206842971,-6.912357381,0.7302585283,0.351188753,0.4908553589,0.7148192092,1.0242816e-06,0.097999508,0.0980415684,0.014505367,0.0,0.1056117458,0.3185205166,0.070921452,0.19835504,0.1266792538,0.0133158131,0.003828789,-0.011316125,-0.005122448,,-0.225243942,0.0655897926,-0.123397562,0.1228867855,0.5667495113,-1.736895917,-0.597784787,0.1254803326,0.1678597002,0.2904367851,0.1916500447,1.908533308,0.0882671548,0.1106391735,0.0026084262,3.3793482144,0.0920040463,1.0043272666,0.259357331,0.5844302729,6.0,-2.152029675,1.2696590941,1306.9227905,1.5615803885,-0.244819515,0.0044054189,4.9752609612,1.4722546022,2.3708990222,1.8833258956,2.2977120998,0.1488779732,0.4391521297,0.3363557701,,,2.3535043e-06,1.1148223428,0.1909102291,0.7248182794,11.48531598,0.8608937075,,,0.3581784127,0.606207759,0.00794792,586566.84494167,2.87881379,0.00057963,2.96842747,0.00716221,0.00724198,0.00775856,0.01279708,-0.00626221,-0.1454862,0.6764441,,,,,0.02245609,0.03054324,0.01665872,-0.18908656,0.05839782,0.01514098,0.69207505,0.96011782,0.7294426,0.9114397206,1.2293455339,352,0.8214285714,0.8574929257,-0.464285714,1.1318906619
20130628,20130630,211952.0,01W,PRT,0.002013,2013,6,20130531,20130531,1043.4805867,8.8182120021,1043.4805867,0.0361403553,0.0,0.0503511688,-0.068559364,0.054222992,0.4138453749,0.365808562,0.6008993067,0.1967156685,-0.494527109,0.0579845391,0.0369778018,-0.05108122,-0.006932709,0.1341401841,0.1140854253,1.8379008042,0.32709822,0.4027346908,0.2666835695,-0.792954222,0.0184993034,-0.000189566,0.0001565767,0.0146017718,0.0236329504,-0.009031179,0.102686709,0.0005349908,0.1021517181,0.1484664781,-0.148499467,0.0035784588,-0.027429016,0.1494944146,0.1480061306,0.1689826772,0.3173580089,0.101122437,0.1068614792,,,0.1358586861,-0.058343504,-1.949745487,-0.206842971,-6.912357381,0.7302585283,0.351188753,0.4908553589,0.7148192092,1.0242816e-06,0.097999508,0.0980415684,0.014505367,0.0,0.1056117458,0.3185205166,0.070921452,0.19835504,0.1266792538,0.0133158131,0.003828789,-0.011316125,-0.005122448,,-0.225243942,0.0655897926,-0.123397562,0.1228867855,0.5667495113,-1.736895917,-0.597784787,0.1254803326,0.1678597002,0.2904367851,0.1916500447,1.908533308,0.0882671548,0.1106391735,0.0026084262,3.3793482144,0.0920040463,1.0043272666,0.259357331,0.5844302729,6.0,-2.152029675,1.2696590941,1306.9227905,1.5615803885,-0.244819515,0.0044054189,5.3414686538,1.5806209703,2.5454107648,2.0219494646,2.466836866,0.1598362445,0.4714762408,0.3611134805,,,2.5267357e-06,1.1419761084,0.195560236,0.7463720237,10.907656969,0.8632119673,,,0.3603182706,0.5845445736,0.00828775,603648.20465038,2.79120333,0.00058762,2.92530346,0.00718493,0.00733261,0.00672652,0.00825671,-0.42135849,-0.31439654,0.42971166,,,,,0.0077568,0.01155715,0.0094988,-0.56816783,0.0493459,0.01483625,0.68514195,0.89429276,0.73030569,0.9201223396,0.4414265368,353,0.583459966,0.7202940576,-0.51052747,1.0632912279
20130731,20130731,211952.0,01W,PRT,0.03923,2013,7,20130628,20130630,1004.8251649,8.491544013,1004.8251649,0.0398609464,0.0,0.0397589202,0.0020126606,-0.02599426,0.1755851226,0.3739436651,0.4094182038,0.0702439461,-0.4137228,-0.015838856,0.0386006669,0.0176842861,-0.009870076,0.1341401841,0.1140854253,1.8379008042,0.32709822,0.4027346908,0.2666835695,-0.792954222,0.0184993034,-0.000189566,0.0001565767,0.0146017718,0.0236329504,-0.009031179,0.102686709,0.0005349908,0.1021517181,0.1484664781,-0.148499467,0.0035784588,-0.027429016,0.1494944146,0.1480061306,0.1689826772,0.3173580089,0.101122437,0.1068614792,,,0.1358586861,-0.058343504,-1.949745487,-0.206842971,-6.912357381,0.7302585283,0.351188753,0.4908553589,0.7148192092,1.0242816e-06,0.097999508,0.0980415684,0.014505367,0.0,0.1056117458,0.3185205166,0.070921452,0.19835504,0.1266792538,0.0133158131,0.003828789,-0.011316125,-0.005122448,,-0.225243942,0.0655897926,-0.123397562,0.1228867855,0.5667495113,-1.736895917,-0.597784787,0.1254803326,0.1678597002,0.2904367851,0.1916500447,1.908533308,0.0882671548,0.1106391735,0.0026084262,3.3793482144,0.0920040463,1.0043272666,0.259357331,0.5844302729,6.0,-2.152029675,1.2696590941,1306.9227905,1.5615803885,-0.244819515,0.0044054189,5.5469538778,1.6414271409,2.6433322046,2.0997334535,2.5617355837,0.1659851126,0.4896138369,0.3750054435,,,2.6239387e-06,1.156148808,0.1979872714,0.7455119389,10.583522895,0.8696465794,,,0.354896542,0.55,0.00755637,602525.276038,2.78204866,0.00057446,2.97623753,0.00718724,0.00758631,0.01089762,0.01331983,0.29107553,0.01248971,0.57933001,,,,,0.0227131,0.03074966,0.01695538,0.16271199,0.04455002,0.0148003,0.68902254,0.86116395,0.73193623,0.9241583301,1.2965646808,354,0.7293249575,0.7698396334,-0.583459966,1.1197667396
20130830,20130831,211952.0,01W,PRT,-0.001784,2013,8,20130731,20130731,1044.2439892,8.8246633386,1044.2439892,0.0383562485,0.0,0.0397589202,0.0392295353,-0.06668469,-0.083147687,0.2485370353,0.4349833787,0.2182027636,-0.383249843,0.1257155099,0.0307383056,-0.002773316,-0.00690515,-0.020804972,0.0772096609,2.0843220762,0.1628577532,0.4593722065,0.2661155056,-0.730560019,0.0102389254,0.0001204925,0.0001565767,0.0149138161,0.0189212122,-0.004007396,0.044622152,-0.005318638,0.0499407903,0.0367729321,-0.03665244,0.0008885533,-0.045767423,0.1385507443,0.1462410149,0.1736457025,0.3080165154,0.0741524616,0.1150451029,,,0.0475271661,-0.066454078,-3.059290062,-0.103106517,-4.746627367,0.6244329134,0.3686743313,0.4598539165,0.8303463364,1.0242816e-06,0.1047225615,0.0980415684,0.014505367,0.0,0.0449777512,0.2023016008,0.0512058516,1.0902371848,0.0637655871,0.0094858251,0.0028069997,-0.011795154,-0.004997109,,-0.155466817,0.0132109545,-0.133437585,0.1302208295,-0.047826522,-1.239806329,-0.461493307,0.1049615062,0.1431984747,0.266395892,0.1700330086,2.1834979123,0.0881761361,0.1071916249,0.0236629334,3.4136940429,0.0922109517,1.004780995,0.5503701238,0.5107294454,4.0,-2.019786855,1.2970099556,919.83037792,0.8304002977,-0.453941887,0.0054820088,5.3032946708,1.5535354382,2.5213011506,1.9659265484,2.4646488065,0.115198477,0.4676240328,0.3444535692,,,2.5248885e-06,1.0007725372,0.1916665042,0.6406733568,11.68096558,0.8665369046,,,0.4438778452,0.5544177718,0.00702957,393064.24184871,1.19005238,0.00037089,1.23532539,0.00780933,0.00759188,0.00636389,0.01379018,0.46012526,0.32751445,0.12947038,,,,,0.02933846,0.04017483,0.01848889,0.36687886,0.04983486,0.01455456,0.74059322,0.89494701,0.72832065,0.945193535,1.6796511433,355,0.583459966,0.6998542122,-0.583459966,0.9098104759
20130930,20130930,211952.0,01W,PRT,0.066409,2013,9,20130830,20130831,1042.3813496,8.8089226048,1042.3813496,0.0384247876,0.0,0.0397589202,-0.001783721,0.0413211516,0.0225212795,0.3713293987,0.3247371087,0.3903330164,-0.283060488,-0.074074412,0.0373101867,-0.044189044,0.0004352374,-0.020804972,0.0772096609,2.0843220762,0.1628577532,0.4593722065,0.2661155056,-0.730560019,0.0102389254,0.0001204925,0.0001565767,0.0149138161,0.0189212122,-0.004007396,0.044622152,-0.005318638,0.0499407903,0.0367729321,-0.03665244,0.0008885533,-0.045767423,0.1385507443,0.1462410149,0.1736457025,0.3080165154,0.0741524616,0.1150451029,,,0.0475271661,-0.066454078,-3.059290062,-0.103106517,-4.746627367,0.6244329134,0.3686743313,0.4598539165,0.8303463364,1.0242816e-06,0.1047225615,0.0980415684,0.014505367,0.0,0.0449777512,0.2023016008,0.0512058516,1.0902371848,0.0637655871,0.0094858251,0.0028069997,-0.011795154,-0.004997109,,-0.155466817,0.0132109545,-0.133437585,0.1302208295,-0.047826522,-1.239806329,-0.461493307,0.1049615062,0.1431984747,0.266395892,0.1700330086,2.1834979123,0.0881761361,0.1071916249,0.0236629334,3.4136940429,0.0922109517,1.004780995,0.5503701238,0.5107294454,4.0,-2.019786855,1.2970099556,919.83037792,0.8304002977,-0.453941887,0.0054820088,5.3127711702,1.556311463,2.5258064837,1.9694394782,2.4690529071,0.115404326,0.4684596339,0.345069076,,,2.5294002e-06,1.0013747682,0.1917818426,0.62791578,11.667291503,0.8658948007,,,0.4385586963,0.5527697824,0.0067331,433224.03034516,1.1775345,0.0004121,1.21207683,0.00764622,0.00755661,0.00715478,0.01179739,-0.20615361,0.05390703,1.03080072,,,,,0.0175596,0.02654163,0.01345089,-0.00330748,0.04495939,0.0135168,0.72943082,0.89335068,0.73037027,0.9045465566,1.0725656224,356,0.583459966,0.6998542122,-0.583459966,0.9797958971
20131031,20131031,211952.0,01W,PRT,0.046601,2013,10,20130930,20130930,1111.605077,9.3939162417,1111.605077,0.0360319351,0.0,0.0397589202,0.0664092152,0.0373758402,0.0124436352,0.2219780914,0.428164601,0.3992047191,-0.226004498,0.1026576774,0.0340148719,0.0201734641,-0.003864634,-0.020804972,0.0772096609,2.0843220762,0.1628577532,0.4593722065,0.2661155056,-0.730560019,0.0102389254,0.0001204925,0.0001565767,0.0149138161,0.0189212122,-0.004007396,0.044622152,-0.005318638,0.0499407903,0.0367729321,-0.03665244,0.0008885533,-0.045767423,0.1385507443,0.1462410149,0.1736457025,0.3080165154,0.0741524616,0.1150451029,,,0.0475271661,-0.066454078,-3.059290062,-0.103106517,-4.746627367,0.6244329134,0.3686743313,0.4598539165,0.8303463364,1.0242816e-06,0.1047225615,0.0980415684,0.014505367,0.0,0.0449777512,0.2023016008,0.0512058516,1.0902371848,0.0637655871,0.0094858251,0.0028069997,-0.011795154,-0.004997109,,-0.155466817,0.0132109545,-0.133437585,0.1302208295,-0.047826522,-1.239806329,-0.461493307,0.1049615062,0.1431984747,0.266395892,0.1700330086,2.1834979123,0.0881761361,0.1071916249,0.0236629334,3.4136940429,0.0922109517,1.004780995,0.5503701238,0.5107294454,4.0,-2.019786855,1.2970099556,919.83037792,0.8304002977,-0.453941887,0.0054820088,4.9819254133,1.459394237,2.3685152451,1.8467952547,2.3152959219,0.1082176752,0.4392869334,0.3235803583,,,2.3718852e-06,0.9794696868,0.1875866132,0.6363203469,12.14468406,0.8553469993,,,0.4369303854,0.5714285714,0.00708457,440326.60703055,1.18208498,0.00041589,1.21840713,0.00761852,0.00751084,0.00652193,0.00519573,-0.98633128,0.30204162,0.2801394,,,,,0.01133541,0.01518716,0.00711123,-0.43785171,0.04269844,0.01306494,0.66761032,0.9526774,0.73100592,0.9101398832,0.7289588035,357,0.583459966,0.629868791,-0.51052747,0.9098104759
20131129,20131130,211952.0,01W,PRT,0.115933,2013,11,20131031,20131031,1163.407306,9.8316848434,1163.407306,0.0344275662,0.0,0.0397589202,0.0466012886,0.0645070391,0.0324960733,0.0142836001,0.3812155147,0.2792832222,-0.05086393,-0.053825752,0.0431446029,-0.057020967,0.0077773449,0.042028463,0.073437484,16.485931232,0.0792484558,0.7467208694,0.2448102526,-0.57491009,0.0052929701,0.0005248701,0.0001565767,-0.004307894,0.0003922199,-0.004700114,-0.024790745,-0.01723558,-0.007555165,0.040937213,-0.040412343,0.0003553525,0.0104216452,0.1379030216,0.1396316873,0.1799221134,0.3077068124,0.0678800235,0.1149596401,,,-0.048767556,-0.077084198,-4.080353785,-0.117496541,-6.219529651,0.6399984901,0.3594773594,0.4610228329,0.8336266949,1.0242816e-06,0.1358674298,0.0980415684,0.014505367,0.0,-0.012770349,0.0367465885,-0.00277349,1.0417153698,0.0206635542,0.0216870109,0.0063529451,-0.00351189,-0.002004484,,-0.073319302,0.0673249552,-0.124129073,0.157018604,-0.265206247,-0.2512796,-0.144316392,0.1071600349,0.1455001925,0.319677606,0.1874839633,2.2421015671,0.0959757457,0.1028379154,0.0310236677,3.5931425331,0.0910737257,1.0140615207,0.5617450529,0.5610957384,6.0,-1.748213449,1.3434398137,906.3836027,1.1931821109,-0.042497393,0.007478088,4.9234901777,1.3702462767,2.4408736754,1.7719317195,2.2240662746,0.0930123494,0.4725356415,0.3382381453,,,2.2662739e-06,0.9624841426,0.1826601509,0.6425735361,12.398439566,0.9912723473,,,0.4982689122,0.5197283758,0.00690507,506723.99210714,1.09239854,0.00046913,1.12273322,0.00745247,0.00745602,0.00446019,0.01186475,0.24842192,-0.2951094,0.50934454,,,,,0.02049163,0.03845028,0.01398674,0.45983449,0.03463908,0.01313107,0.71581011,0.96925262,0.72997376,0.9406179283,1.2942541893,358,0.75,0.8398250547,-0.035714286,0.6998542122
20131231,20131231,211952.0,01W,PRT,0.02282,2013,12,20131129,20131130,1298.2842384,10.971498462,1298.2842384,0.0308509345,0.0,0.0397589202,0.1159326847,0.1161052588,0.1601509305,0.1392057215,0.5278178835,0.4138453749,-0.06075842,0.1202192084,0.0427549189,0.0379433072,-0.001082306,0.042028463,0.073437484,16.485931232,0.0792484558,0.7467208694,0.2448102526,-0.57491009,0.0052929701,0.0005248701,0.0001565767,-0.004307894,0.0003922199,-0.004700114,-0.024790745,-0.01723558,-0.007555165,0.040937213,-0.040412343,0.0003553525,0.0104216452,0.1379030216,0.1396316873,0.1799221134,0.3077068124,0.0678800235,0.1149596401,,,-0.048767556,-0.077084198,-4.080353785,-0.117496541,-6.219529651,0.6399984901,0.3594773594,0.4610228329,0.8336266949,1.0242816e-06,0.1358674298,0.0980415684,0.014505367,0.0,-0.012770349,0.0367465885,-0.00277349,1.0417153698,0.0206635542,0.0216870109,0.0063529451,-0.00351189,-0.002004484,,-0.073319302,0.0673249552,-0.124129073,0.157018604,-0.265206247,-0.2512796,-0.144316392,0.1071600349,0.1455001925,0.319677606,0.1874839633,2.2421015671,0.0959757457,0.1028379154,0.0310236677,3.5931425331,0.0910737257,1.0140615207,0.5617450529,0.5610957384,6.0,-1.748213449,1.3434398137,906.3836027,1.1931821109,-0.042497393,0.007478088,4.4119956743,1.2278933089,2.1872947256,1.5878482132,1.9930111423,0.0833494266,0.423444575,0.3030990578,,,2.0308339e-06,0.9238454272,0.1753272991,0.6486650798,13.118895973,0.9980268418,,,0.5004588957,0.5325176825,0.00707401,586629.94195709,0.99517359,0.00053005,1.02646638,0.00724116,0.0073797,0.00444706,0.01207589,1.1000039,0.34567493,0.05982637,,,0.01080639,0.65416072,0.02496876,0.03264388,0.01327776,0.52169809,0.03079141,0.01314565,0.70947012,1.0,0.72993398,0.9535676364,1.5703219039,359,0.7698396334,0.8072073528,0.0,0.6054055146
20140131,20140131,211952.0,01W,PRT,0.189545,2014,1,20131231,20131231,1327.9106484,11.22186437,1327.9106484,0.0301626333,0.0,0.0397589202,0.0228196639,0.1679365858,0.2920498846,0.2609968648,0.5219716817,0.1755851226,-0.017480522,0.2847774502,0.0189405747,-0.011069439,0.0044948367,0.042028463,0.073437484,16.485931232,0.0792484558,0.7467208694,0.2448102526,-0.57491009,0.0052929701,0.0005248701,0.0001565767,-0.004307894,0.0003922199,-0.004700114,-0.024790745,-0.01723558,-0.007555165,0.040937213,-0.040412343,0.0003553525,0.0104216452,0.1379030216,0.1396316873,0.1799221134,0.3077068124,0.0678800235,0.1149596401,,,-0.048767556,-0.077084198,-4.080353785,-0.117496541,-6.219529651,0.6399984901,0.3594773594,0.4610228329,0.8336266949,1.0242816e-06,0.1358674298,0.0980415684,0.014505367,0.0,-0.012770349,0.0367465885,-0.00277349,1.0417153698,0.0206635542,0.0216870109,0.0063529451,-0.00351189,-0.002004484,,-0.073319302,0.0673249552,-0.124129073,0.157018604,-0.265206247,-0.2512796,-0.144316392,0.1071600349,0.1455001925,0.319677606,0.1874839633,2.2421015671,0.0959757457,0.1028379154,0.0310236677,3.5931425331,0.0910737257,1.0140615207,0.5617450529,0.5610957384,6.0,-1.748213449,1.3434398137,906.3836027,1.1931821109,-0.042497393,0.007478088,4.3135616471,1.2004983402,2.1384949886,1.5524224545,1.9485459779,0.0814898555,0.4139972959,0.2963367527,,,1.9855249e-06,0.9157701595,0.1737947756,0.6359251967,13.257543456,1.0046782045,,,0.5016656514,0.5373420121,0.00729014,636996.19580006,0.94123035,0.00055392,0.98994504,0.00722614,0.00737408,0.00586704,0.01186568,0.19172005,-0.06828951,0.68688417,,,0.00940676,-0.04660582,0.01766261,0.02365272,0.01263319,0.06051139,0.02556443,0.01272632,0.76740267,0.98196974,0.72728096,0.9342435271,1.1400911599,360,0.75,0.8398250547,-0.035714286,0.629868791
20140228,20140228,211952.0,01W,PRT,0.064515,2014,2,20140131,20140131,1579.6099829,13.348916968,1579.6099829,0.0253564376,0.0,0.0397589202,0.1895453845,0.1413978935,0.2716478736,0.2334079419,0.2116515306,-0.083147687,0.3785993645,-0.068166089,0.0423688905,-0.018449996,0.0135549848,0.0751413149,0.0684663907,1.3864644556,0.117079169,0.630476272,0.2272683792,-0.181129262,0.0077524905,-0.001862124,0.0001565767,-0.003493656,0.0133024589,-0.016796115,-0.008545389,-0.026844636,0.0182992467,0.0623410435,-0.064203167,-0.002765556,0.0130189165,0.1343917974,0.1361156573,0.1747933825,0.2864655942,0.067996938,0.1130116292,,,-0.009010054,-0.075840042,-3.976840862,-0.140043209,-7.343476382,0.6498245013,0.3542707251,0.4602782203,0.8409116582,1.0242816e-06,0.1542600768,0.0980415684,0.014505367,0.0,0.0016160791,0.0753163964,0.0102730837,1.0932700113,0.0683050226,0.0257431473,0.0071645216,0.0020934349,0.0005628199,,-0.107608572,0.0995690991,-0.105426833,0.1768773807,0.6515210423,1.4089330268,0.2211410451,0.1063888247,0.1463435667,0.3004106135,0.1879275872,2.0284115202,0.0949104661,0.0989533406,0.0101875852,3.5655703023,0.0732836924,1.0298968588,0.4751867921,0.5846721357,5.0,-1.773842281,1.3333482856,949.38156643,1.1296799798,-0.384514095,0.0068943065,3.7498643698,1.0516871221,1.8606310151,1.2821766493,1.665666746,0.071511504,0.3559013752,0.2701330611,,,1.669146e-06,0.8679375632,0.1625910975,0.635888321,13.975660771,0.9958177345,,,0.4505788543,0.545995671,0.00733014,684423.2817659,0.68182549,0.00056009,0.7033374,0.0072663,0.00768367,0.00810505,0.01630192,0.77239766,0.15825071,0.55730337,,,0.01679344,1.25968668,0.03237035,0.04639797,0.01735762,0.41219416,0.01900019,0.01269832,0.68986454,1.0,0.72703049,0.9285885042,2.1375096015,361,0.672672794,0.7588376261,-0.067267279,0.494894104
20140331,20140331,211952.0,01W,PRT,0.03287,2014,3,20140228,20140228,1681.5183779,14.210121137,1681.5183779,0.0238197111,0.0,0.0397589202,0.0645149095,0.2166904105,0.5153858839,0.5751886567,0.5467504123,0.0225212795,0.3787509877,0.0081523077,0.0474927634,0.0432449432,0.007948683,0.0751413149,0.0684663907,1.3864644556,0.117079169,0.630476272,0.2272683792,-0.181129262,0.0077524905,-0.001862124,0.0001565767,-0.003493656,0.0133024589,-0.016796115,-0.008545389,-0.026844636,0.0182992467,0.0623410435,-0.064203167,-0.002765556,0.0130189165,0.1343917974,0.1361156573,0.1747933825,0.2864655942,0.067996938,0.1130116292,,,-0.009010054,-0.075840042,-3.976840862,-0.140043209,-7.343476382,0.6498245013,0.3542707251,0.4602782203,0.8409116582,1.0242816e-06,0.1542600768,0.0980415684,0.014505367,0.0,0.0016160791,0.0753163964,0.0102730837,1.0932700113,0.0683050226,0.0257431473,0.0071645216,0.0020934349,0.0005628199,,-0.107608572,0.0995690991,-0.105426833,0.1768773807,0.6515210423,1.4089330268,0.2211410451,0.1063888247,0.1463435667,0.3004106135,0.1879275872,2.0284115202,0.0949104661,0.0989533406,0.0101875852,3.5655703023,0.0732836924,1.0298968588,0.4751867921,0.5846721357,5.0,-1.773842281,1.3333482856,949.38156643,1.1296799798,-0.384514095,0.0068943065,3.5226038982,0.9879496405,1.7478675015,1.2044703535,1.5647190388,0.0671775504,0.3343319779,0.2537616512,,,1.5679874e-06,0.8440763475,0.1581211662,0.6457987476,14.300362433,0.9785903735,,,0.4559851557,0.5852595009,0.00739935,713122.71169161,0.61883249,0.00054255,0.63180139,0.00738392,0.00766453,0.00411973,0.00920133,1.96685156,0.10127663,0.87133699,,,,,0.0168768,0.04087793,0.01141877,1.88383444,0.01658529,0.01224102,0.61506704,0.99406848,0.72853404,0.9054305884,1.1700518562,362,0.6516946235,0.7399400734,-0.102899151,0.5381382352
20140430,20140430,211952.0,01W,PRT,0.021748,2014,4,20140331,20140331,1736.7898305,14.677207341,1736.7898305,0.0230616746,0.0,0.0397589202,0.0328699664,0.2662887973,0.5126940428,0.673443736,0.6332243279,0.0124436352,0.2554303506,0.045698139,0.0463265658,0.0051523624,0.00916095,0.0751413149,0.0684663907,1.3864644556,0.117079169,0.630476272,0.2272683792,-0.181129262,0.0077524905,-0.001862124,0.0001565767,-0.003493656,0.0133024589,-0.016796115,-0.008545389,-0.026844636,0.0182992467,0.0623410435,-0.064203167,-0.002765556,0.0130189165,0.1343917974,0.1361156573,0.1747933825,0.2864655942,0.067996938,0.1130116292,,,-0.009010054,-0.075840042,-3.976840862,-0.140043209,-7.343476382,0.6498245013,0.3542707251,0.4602782203,0.8409116582,1.0242816e-06,0.1542600768,0.0980415684,0.014505367,0.0,0.0016160791,0.0753163964,0.0102730837,1.0932700113,0.0683050226,0.0257431473,0.0071645216,0.0020934349,0.0005628199,,-0.107608572,0.0995690991,-0.105426833,0.1768773807,0.6515210423,1.4089330268,0.2211410451,0.1063888247,0.1463435667,0.3004106135,0.1879275872,2.0284115202,0.0949104661,0.0989533406,0.0101875852,3.5655703023,0.0732836924,1.0298968588,0.4751867921,0.5846721357,5.0,-1.773842281,1.3333482856,949.38156643,1.1296799798,-0.384514095,0.0068943065,3.4105008499,0.9565092147,1.6922435141,1.1661393909,1.5149235526,0.0650396977,0.3236922253,0.2456859619,,,1.5180879e-06,0.8316755693,0.1557981234,0.6446790371,14.460531273,0.9733356711,,,0.4518598577,0.5700396825,0.00714842,788418.76701673,0.6871977,0.00055488,0.67190589,0.00738609,0.00765968,0.00504733,0.00925517,0.27837538,0.3775509,1.17807851,,,,,0.01813308,0.02883877,0.01225004,0.3593886,0.0160534,0.01173398,0.64257341,1.0,0.72542128,0.8812359717,1.2981760728,363,0.7399400734,0.7770286899,-0.067267279,0.6475239082
20140530,20140531,211952.0,01W,PRT,-0.052799,2014,5,20140430,20140430,1774.5617685,14.996409214,1774.5617685,0.0225708018,0.0,0.0397589202,0.0217481341,0.0995054788,0.4928476223,0.6632030909,0.613188638,0.0324960733,0.2623163272,-0.068559364,0.0545363384,-0.066955403,0.015845845,-1.0,0.0656582677,,-1.0,-1.0,0.2109227473,,,,,,,,,,,,,,,0.1198693796,,,0.2718909651,0.1271551537,,,,,,-22.44519679,,-4.697680822,-0.166904083,,0.9843004879,,,,,,1.0,-0.810791442,-1.579796876,-0.720422333,,0.0205399492,0.0634695172,0.0178006635,0.0501537041,0.0139718745,,1.1231659139,1.1231659139,-0.490377756,1.1231659139,-0.169864369,8.1147950227,,0.1008778194,0.0915070612,0.2610234302,0.9116692618,1.038329911,,,,0.0,0.0717405966,,0.0134966585,0.0417260207,,,,,,,,0.0,0.8922893486,0.0,-0.524228826,1.5457940873,0.1134591892,2.660073019,,,,,,0.6659651413,0.0461020539,13.919457561,1.0065026719,,,0.8555555556,0.6998106061,0.00717393,828980.16468528,0.72446839,0.00054694,0.70508824,0.00742278,0.00760275,0.00670381,0.01469834,0.58016691,-0.06396574,0.5756398,,,,,0.02273466,0.03019885,0.01559364,0.26061147,0.0158572,0.01188223,0.63077388,1.0,0.72628193,0.9319167644,1.6395503349,364,0.0989788208,0.0647523908,-0.626865865,1.0360382532
20140630,20140630,211952.0,01W,PRT,0.023761,2014,6,20140530,20140531,1680.8668984,14.204615635,1680.8668984,0.0238289433,0.0,0.0397589202,-0.052798878,0.0553329609,0.3668515076,0.7024112808,0.7695947725,0.1601509305,0.1173594623,0.0020126606,0.0495534712,-0.014626746,0.0083423918,-1.0,0.0656582677,,-1.0,-1.0,0.2109227473,,,,,,,,,,,,,,,0.1198693796,,,0.2718909651,0.1271551537,,,,,,-22.44519679,,-4.697680822,-0.166904083,,0.9843004879,,,,,,1.0,-0.810791442,-1.579796876,-0.720422333,,0.0205399492,0.0634695172,0.0178006635,0.0501537041,0.0139718745,,1.1231659139,1.1231659139,-0.490377756,1.1231659139,-0.169864369,8.1147950227,,0.1008778194,0.0915070612,0.2610234302,0.9116692618,1.038329911,,,,0.0,0.0717405966,,0.0134966585,0.0417260207,,,,,,,,0.0,0.9420273348,0.0,-0.553450385,1.6319597298,0.1197836305,2.8083507895,,,,,,0.749096383,0.0468148209,13.617677337,1.0830898236,,,0.8701619778,0.6895833333,0.00722677,858599.82138714,0.69834495,0.00053616,0.67771148,0.00745429,0.00751293,0.00489887,0.01357965,-0.83629948,0.15948294,0.62576146,,,0.00964131,0.26395373,0.01365753,0.02462751,0.01497051,-0.96570567,0.01540849,0.01226382,0.61171861,0.93667145,0.72826949,0.9365230255,0.95957398,365,0.0647523908,-0.031782086,-0.582771517,0.9852446756
20140731,20140731,211952.0,01W,PRT,0.038824,2014,7,20140630,20140630,1671.9009979,14.128846893,1671.9009979,0.0318004713,0.0,0.0288314497,0.0237609781,-0.032199021,0.2657981924,0.5121079717,0.6727953848,0.2920498846,0.2210407012,0.0392295353,0.0481472388,0.0298408701,0.0062335878,-1.0,0.0656582677,,-1.0,-1.0,0.2109227473,,,,,,,,,,,,,,,0.1198693796,,,0.2718909651,0.1271551537,,,,,,-22.44519679,,-4.697680822,-0.166904083,,0.9843004879,,,,,,1.0,-0.810791442,-1.579796876,-0.720422333,,0.0205399492,0.0634695172,0.0178006635,0.0501537041,0.0139718745,,1.1231659139,1.1231659139,-0.490377756,1.1231659139,-0.169864369,8.1147950227,,0.1008778194,0.0915070612,0.2610234302,0.9116692618,1.038329911,,,,0.0,0.0717405966,,0.0134966585,0.0417260207,,,,,,,,0.0,0.9470791431,0.0,-0.556418373,1.6407114374,0.120425994,2.8234111272,,,,,,0.7581526143,0.047181949,13.587025999,1.0700963033,,,0.8614545455,0.6945251938,0.00750885,861897.71737134,0.69003095,0.000517,0.67828767,0.00748806,0.00751389,0.00865251,0.0138125,0.80905687,0.1804791,1.61118133,,,,,0.0201676,0.04241125,0.01454796,0.98522788,0.01513245,0.01231113,0.59782757,0.90550393,0.72682817,0.9984245105,1.43790951,366,0.1345345588,0.0329929403,-0.538138235,1.0227811482
20140829,20140831,211952.0,01W,PRT,-0.074366,2014,8,20140731,20140731,1736.8108857,14.677385274,1736.8108857,0.0306119913,0.0,0.0288314497,0.0388240021,-0.030292453,0.0893865946,0.4791087619,0.6478964283,0.2716478736,0.1303486613,-0.001783721,0.0518388499,0.0365552152,0.0037281652,0.0701432445,0.0469720694,,0.0330303138,0.548285254,0.1437664752,,0.0022565415,-0.001849007,,-0.005583654,-0.012892779,0.0073091255,0.0154143382,-0.00766889,0.0230832278,0.0491738718,-0.051022879,-0.026302964,0.0101539696,0.1212737769,0.0828861503,0.062604006,0.2442318727,0.1223288675,0.1005671842,,,0.0491738718,0.0303923533,0.8751526399,-0.020630525,-0.594059254,0.6702244205,0.3734390391,0.4700823871,0.8292574596,,0.1554224337,,,2.0,0.0325241716,0.0937503405,-0.004542223,,0.0833247084,0.0152529885,,0.0057671634,,,-0.024926991,0.1438324741,-0.479878387,1.1231659139,0.6292919019,0.1492637827,,0.0995194257,0.0887000539,0.2532913827,0.0669952541,0.958324893,0.0043357066,0.0929963593,-0.08384043,3.5224791677,0.0684269302,1.038078058,0.2026971173,0.5882917727,6.0,-2.084813479,1.4195417189,,,-0.542173328,0.0054866101,3.4122207898,0.968698643,1.6837047455,1.153369086,1.5514564597,0.118499808,0.0147943882,,,,,0.8688238438,0.1473616913,0.6568511098,13.303462988,1.0035471922,,,0.4335539972,0.5037037037,0.00715405,884031.37447969,0.67845014,0.00051845,0.68149336,0.00745495,0.00752486,0.01067065,0.01384291,0.09188485,-0.62716241,0.59832773,0.0138335,-0.14118031,,,0.02624362,0.03384566,0.01899629,-0.68573702,0.01409039,0.01236145,0.69328134,0.94065921,0.7227946,0.9710002624,1.8633298496,367,-0.164964701,-0.518019127,-0.758837626,0.5827715174
20140930,20140930,211952.0,01W,PRT,-0.098179,2014,9,20140829,20140831,1607.6514768,13.585889118,1607.6514768,0.0330713718,0.0,0.0288314497,-0.074365845,0.0635074764,0.0630954361,0.3769053498,0.7149333245,0.5153858839,0.031514204,0.0664092152,0.0390411172,-0.027125121,0.0073435589,0.0701432445,0.0469720694,,0.0330303138,0.548285254,0.1437664752,,0.0022565415,-0.001849007,,-0.005583654,-0.012892779,0.0073091255,0.0154143382,-0.00766889,0.0230832278,0.0491738718,-0.051022879,-0.026302964,0.0101539696,0.1212737769,0.0828861503,0.062604006,0.2442318727,0.1223288675,0.1005671842,,,0.0491738718,0.0303923533,0.8751526399,-0.020630525,-0.594059254,0.6702244205,0.3734390391,0.4700823871,0.8292574596,,0.1554224337,,,2.0,0.0325241716,0.0937503405,-0.004542223,,0.0833247084,0.0152529885,,0.0057671634,,,-0.024926991,0.1438324741,-0.479878387,1.1231659139,0.6292919019,0.1492637827,,0.0995194257,0.0887000539,0.2532913827,0.0669952541,0.958324893,0.0043357066,0.0929963593,-0.08384043,3.5224791677,0.0684269302,1.038078058,0.2026971173,0.5882917727,6.0,-2.084813479,1.4195417189,,,-0.542173328,0.0054866101,3.6863600709,1.0465243073,1.8189743065,1.2460312528,1.6761011367,0.1280201333,0.0159829757,,,,,0.8999016304,0.1526328118,0.6570978758,12.819020619,1.0062635168,,,0.438105147,0.5421286031,0.00744784,862040.65604887,0.69016575,0.00050531,0.69233571,0.00746962,0.00759266,0.01522607,0.01482274,0.13425608,0.08815093,0.83317788,,,,,0.02067245,0.03857312,0.01958644,-0.06433487,0.0161646,0.01270356,0.76385722,0.87070629,0.72174783,0.9506520627,1.4044613532,368,-0.240098019,-0.605405515,-0.857492926,0.672672794
20141031,20141031,211952.0,01W,PRT,-0.013383,2014,10,20140930,20140930,1449.8143997,12.252044651,1449.8143997,0.0366717559,0.0,0.0288314497,-0.098178666,-0.038429022,-0.047278479,0.2460755939,0.4885475822,0.5126940428,-0.029391145,0.0466012886,0.0258793032,0.0710407996,-0.003101452,0.0701432445,0.0469720694,,0.0330303138,0.548285254,0.1437664752,,0.0022565415,-0.001849007,,-0.005583654,-0.012892779,0.0073091255,0.0154143382,-0.00766889,0.0230832278,0.0491738718,-0.051022879,-0.026302964,0.0101539696,0.1212737769,0.0828861503,0.062604006,0.2442318727,0.1223288675,0.1005671842,,,0.0491738718,0.0303923533,0.8751526399,-0.020630525,-0.594059254,0.6702244205,0.3734390391,0.4700823871,0.8292574596,,0.1554224337,,,2.0,0.0325241716,0.0937503405,-0.004542223,,0.0833247084,0.0152529885,,0.0057671634,,,-0.024926991,0.1438324741,-0.479878387,1.1231659139,0.6292919019,0.1492637827,,0.0995194257,0.0887000539,0.2532913827,0.0669952541,0.958324893,0.0043357066,0.0929963593,-0.08384043,3.5224791677,0.0684269302,1.038078058,0.2026971173,0.5882917727,6.0,-2.084813479,1.4195417189,,,-0.542173328,0.0054866101,4.0876833704,1.1604563649,2.017000749,1.3816830513,1.8585733928,0.1419573129,0.0177229958,,,,,0.9410362697,0.1596096807,0.6480498683,12.10982634,1.0087492028,,,0.4289737959,0.5259259259,0.00358363,1533046.62424407,5.19148499,0.00098684,5.61243195,0.00625505,0.00694648,0.01092371,0.01412211,-0.57150305,-0.29794919,1.25193946,,,,,0.01437982,0.02461933,0.01659391,-0.89788693,0.0177863,0.01332715,0.80654858,0.78522151,0.71864002,0.9936497351,0.9327333023,369,-0.349927106,-0.583095189,-0.839825055,0.5144957554
20141128,20141130,211952.0,01W,PRT,-0.076962,2014,11,20141031,20141031,1430.4113241,12.088073767,1430.4113241,0.0371691966,0.0,0.0288314497,-0.013383144,-0.165243371,-0.15910334,-0.055321832,0.2826316777,0.4928476223,0.0352093177,0.1159326847,0.0141233187,-0.059512848,0.0102514108,-0.047106261,0.0467419984,,-0.014162005,0.3266797294,0.1032697844,,-0.001071298,-0.002198025,,-0.007252104,-0.014552968,0.0073008634,-0.003156258,-0.019048135,0.015891877,-0.046432886,0.0442348608,-0.030004375,0.0105541267,0.1225168592,0.0912714782,0.0799963374,0.2493072928,0.1284292455,0.1029515496,,,-0.046432886,0.0231927404,0.596747009,0.0674276012,1.7349057804,0.6362854461,0.4065171215,0.4842455975,0.8403051652,,0.1057554612,,,3.0,0.0221002171,0.06155405,-0.006367099,,0.0203228489,0.0246693494,0.0070034053,0.0029823386,0.0006504602,,0.0604035311,0.1654402853,-0.456423411,1.1231659139,-1.133081169,0.0271288167,,0.0983282262,0.0869720201,0.2583162848,0.0762280091,0.9008269264,0.0156725409,0.1031890778,-0.080303205,3.3044722988,0.0684405384,1.0571804886,0.2804887484,0.498347884,6.0,-2.34310314,1.4177409896,,,-0.393586891,0.0073713126,3.8158245383,1.1547455065,1.8080745788,1.4045302948,1.8934690967,0.1483030941,0.0598036663,,,,,0.9371107831,0.1637539839,0.53887096,12.008924386,0.986287771,,,0.5449660716,0.5622746554,0.00605157,1599065.36204201,4.91720453,0.00105423,5.1912307,0.00610658,0.0068659,0.01091275,0.01280283,-0.21958282,0.25749831,1.24066122,,,,,0.0333127,0.04594617,0.02313446,0.46830586,0.01822275,0.01358562,0.8172208,0.77471278,0.71772991,0.9907501021,2.0378677917,370,-0.377296887,-0.605405515,-0.583095189,0.6054055146
20141231,20141231,211952.0,01W,PRT,0.087393,2014,12,20141128,20141130,1320.3246553,11.157756905,1320.3246553,0.0402683079,0.0,0.0288314497,-0.076961547,-0.110247871,-0.124111237,-0.124450588,0.1339985377,0.3668515076,0.1594296914,0.0228196639,0.0050522995,0.050279127,0.002987598,-0.047106261,0.0467419984,,-0.014162005,0.3266797294,0.1032697844,,-0.001071298,-0.002198025,,-0.007252104,-0.014552968,0.0073008634,-0.003156258,-0.019048135,0.015891877,-0.046432886,0.0442348608,-0.030004375,0.0105541267,0.1225168592,0.0912714782,0.0799963374,0.2493072928,0.1284292455,0.1029515496,,,-0.046432886,0.0231927404,0.596747009,0.0674276012,1.7349057804,0.6362854461,0.4065171215,0.4842455975,0.8403051652,,0.1057554612,,,3.0,0.0221002171,0.06155405,-0.006367099,,0.0203228489,0.0246693494,0.0070034053,0.0029823386,0.0006504602,,0.0604035311,0.1654402853,-0.456423411,1.1231659139,-1.133081169,0.0271288167,,0.0983282262,0.0869720201,0.2583162848,0.0762280091,0.9008269264,0.0156725409,0.1031890778,-0.080303205,3.3044722988,0.0684405384,1.0571804886,0.2804887484,0.498347884,6.0,-2.34310314,1.4177409896,,,-0.393586891,0.0073713126,4.1339822055,1.2510264368,1.9588290971,1.5216379023,2.0513436805,0.1606683813,0.0647900053,,,,,0.9680965471,0.1691685436,0.5254911368,11.398226268,0.9939422882,,,0.5445886562,0.5744697773,0.00748111,1564101.09754587,5.04791783,0.0010486,5.23959533,0.00612918,0.00688071,0.01065737,0.01630289,-0.85879789,0.30759597,0.83191989,,,,,0.0133217,0.03365829,0.01652211,-0.68405967,0.01880587,0.01403137,0.74211823,0.71508968,0.71237748,0.9845023535,0.8037735892,371,-0.377296887,-0.605405515,-0.583095189,0.6054055146
20150130,20150131,211952.0,01W,PRT,-0.030502,2015,1,20141231,20141231,1435.71151,12.132864405,1435.71151,0.0370319799,0.0,0.0288314497,0.0873927895,-0.089314704,-0.210285384,-0.217553224,0.0233712671,0.2657981924,0.1769911054,0.1895453845,-0.0042343,0.0812116328,0.0005223949,-0.047106261,0.0467419984,,-0.014162005,0.3266797294,0.1032697844,,-0.001071298,-0.002198025,,-0.007252104,-0.014552968,0.0073008634,-0.003156258,-0.019048135,0.015891877,-0.046432886,0.0442348608,-0.030004375,0.0105541267,0.1225168592,0.0912714782,0.0799963374,0.2493072928,0.1284292455,0.1029515496,,,-0.046432886,0.0231927404,0.596747009,0.0674276012,1.7349057804,0.6362854461,0.4065171215,0.4842455975,0.8403051652,,0.1057554612,,,3.0,0.0221002171,0.06155405,-0.006367099,,0.0203228489,0.0246693494,0.0070034053,0.0029823386,0.0006504602,,0.0604035311,0.1654402853,-0.456423411,1.1231659139,-1.133081169,0.0271288167,,0.0983282262,0.0869720201,0.2583162848,0.0762280091,0.9008269264,0.0156725409,0.1031890778,-0.080303205,3.3044722988,0.0684405384,1.0571804886,0.2804887484,0.498347884,6.0,-2.34310314,1.4177409896,,,-0.393586891,0.0073713126,3.8017377396,1.1504825569,1.8013997481,1.39934522,1.8864790169,0.1477556067,0.0595828903,,,,,0.9356689263,0.1635020289,0.5226407081,12.035963751,0.9352756154,,,0.5382575959,0.5572640509,0.00697711,1594719.26598342,4.94914527,0.00108527,5.05978542,0.00607879,0.00685698,0.01151152,0.01762627,1.79075975,-0.17579097,0.41000365,,,,,0.02964003,0.05701073,0.01908547,0.99649189,0.01959802,0.01461921,0.70532482,0.77758337,0.70512813,0.9714890564,1.7361556953,372,-0.403603676,-0.626865865,-0.605405515,0.6928517456
20150227,20150228,211952.0,01W,PRT,0.179095,2015,2,20150130,20150131,1391.9188385,11.762782713,1391.9188385,0.0381970832,0.0,0.0288314497,-0.030502417,0.0037053578,-0.173363363,-0.167283058,-0.064511072,0.0893865946,0.4733674351,0.0645149095,-0.012872239,-0.018424377,0.0150184842,-0.122245058,0.0128630679,,-0.095094132,0.3656610239,0.0818650444,,-0.008013569,6.85119e-05,,-0.011431144,-0.029724712,0.0182935677,-0.091296383,-0.023389373,-0.067907011,-0.076480228,0.0765487395,-0.029659819,-0.031710371,0.1165636097,0.0906487804,0.1537478615,0.2652167852,0.1415175227,0.1066222353,,,-0.076480228,-0.049613443,-1.218103527,0.0269352966,0.6613122927,0.5608600104,0.4199516091,0.4791973121,0.9147128811,,0.1391327706,,,4.0,-0.043548445,-0.113097635,-0.057297917,,-0.063766041,0.0246215889,0.0074509896,-0.001121558,0.000286468,,0.0914397426,0.1133582595,-0.461712774,1.1231659139,-3.599224153,-0.163622957,,0.0914045005,0.079567415,0.23889565,0.1349529452,0.8405329764,0.0903435139,0.1041344185,-0.004566952,3.474521887,0.0673936764,1.0656204803,0.5095402753,0.4747575169,6.0,-2.178440708,1.4612327173,,,-0.52368875,0.0070687789,3.7352940849,1.0750526853,1.8258487867,1.3061469716,1.914585688,0.1521387928,0.337459593,,,,,0.9076178565,0.1686677746,0.4813929073,12.499211767,0.940270959,,,0.7001621859,0.5434305134,0.00698554,1599932.52148204,4.97235527,0.00110887,4.99009822,0.00603908,0.00681807,0.00787898,0.01642109,-0.16177449,0.44886061,0.21551943,,,,,0.02229141,0.03320376,0.01856092,-0.03210884,0.02051573,0.01452309,0.60918278,0.75386519,0.69802567,0.9173459713,1.3099213136,373,0.0,0.3214285714,-0.437594974,0.6071428571
20150331,20150331,211952.0,01W,PRT,-0.03662,2015,3,20150227,20150228,1641.2047707,13.869440209,1641.2047707,0.0323952505,0.0,0.0288314497,0.1790951637,0.0542246809,-0.134191174,-0.147681476,-0.148011694,0.0630954361,0.7193094663,0.0328699664,0.0004209609,0.0184873004,0.0151236873,-0.122245058,0.0128630679,,-0.095094132,0.3656610239,0.0818650444,,-0.008013569,6.85119e-05,,-0.011431144,-0.029724712,0.0182935677,-0.091296383,-0.023389373,-0.067907011,-0.076480228,0.0765487395,-0.029659819,-0.031710371,0.1165636097,0.0906487804,0.1537478615,0.2652167852,0.1415175227,0.1066222353,,,-0.076480228,-0.049613443,-1.218103527,0.0269352966,0.6613122927,0.5608600104,0.4199516091,0.4791973121,0.9147128811,,0.1391327706,,,4.0,-0.043548445,-0.113097635,-0.057297917,,-0.063766041,0.0246215889,0.0074509896,-0.001121558,0.000286468,,0.0914397426,0.1133582595,-0.461712774,1.1231659139,-3.599224153,-0.163622957,,0.0914045005,0.079567415,0.23889565,0.1349529452,0.8405329764,0.0903435139,0.1041344185,-0.004566952,3.474521887,0.0673936764,1.0656204803,0.5095402753,0.4747575169,6.0,-2.178440708,1.4612327173,,,-0.52368875,0.0070687789,3.1679326655,0.9117607454,1.5485168992,1.1077536503,1.623775372,0.129030122,0.2862021687,,,,,0.8422117674,0.15651299,0.4731389714,13.537260398,0.958334156,,,0.708851728,0.5431699044,0.00636732,1717264.9174674,4.65092756,0.00119479,4.64780463,0.00595837,0.00673603,0.00553648,0.01801639,0.63163637,-0.00728411,0.80388032,,,,,0.0334063,0.05404912,0.01954162,0.51569586,0.01903033,0.01517095,0.62942874,0.88887881,0.69343288,0.9451520185,1.887190381,374,-0.067267279,0.2309505819,-0.470870956,0.5608799845
20150430,20150430,211952.0,01W,PRT,0.071801,2015,4,20150331,20150331,1581.1046609,13.361548144,1581.1046609,0.0336266416,0.0,0.0288314497,-0.036619507,0.1431299111,0.1320102566,-0.018360075,-0.027394228,-0.047278479,0.6148891425,0.0217481341,-0.004885188,0.0065784418,0.0146884383,-0.122245058,0.0128630679,,-0.095094132,0.3656610239,0.0818650444,,-0.008013569,6.85119e-05,,-0.011431144,-0.029724712,0.0182935677,-0.091296383,-0.023389373,-0.067907011,-0.076480228,0.0765487395,-0.029659819,-0.031710371,0.1165636097,0.0906487804,0.1537478615,0.2652167852,0.1415175227,0.1066222353,,,-0.076480228,-0.049613443,-1.218103527,0.0269352966,0.6613122927,0.5608600104,0.4199516091,0.4791973121,0.9147128811,,0.1391327706,,,4.0,-0.043548445,-0.113097635,-0.057297917,,-0.063766041,0.0246215889,0.0074509896,-0.001121558,0.000286468,,0.0914397426,0.1133582595,-0.461712774,1.1231659139,-3.599224153,-0.163622957,,0.0914045005,0.079567415,0.23889565,0.1349529452,0.8405329764,0.0903435139,0.1041344185,-0.004566952,3.474521887,0.0673936764,1.0656204803,0.5095402753,0.4747575169,6.0,-2.178440708,1.4612327173,,,-0.52368875,0.0070687789,3.2883504379,0.9464181101,1.6073783003,1.1498609931,1.6854974582,0.1339347464,0.2970811334,,,,,0.857102826,0.1592802799,0.4687796283,13.316943155,0.9511313658,,,0.7150156294,0.5820587933,0.00664868,1089155.25715148,0.64225108,0.0007459,0.62847221,0.00686655,0.00669052,0.00945835,0.01091303,-0.10077828,0.45028247,0.58999719,,,,,0.02371568,0.0365164,0.01774444,0.47564243,0.01727639,0.0152837,0.64801359,0.8563285,0.69274125,0.9395042906,1.3128004654,375,-0.034299717,0.2690691176,-0.445896321,0.6054055146
20150529,20150531,211952.0,01W,PRT,0.028334,2015,5,20150430,20150430,1694.6296459,14.320921417,1694.6296459,0.0313739582,0.0,0.0288314497,0.0718010565,0.1359172799,0.1053496531,-0.08965065,-0.082954598,-0.15910334,0.7344896309,-0.052798878,0.0064420785,-0.097164731,0.0257208611,,-0.118412159,,,0.3162004776,0.0466513623,0.1924920298,0.0695982404,0.0001659096,-0.187265407,0.3450491275,0.1127620325,0.232287095,0.6951504199,0.10142999,0.5937204298,0.484485378,-0.671584876,0.0036012829,-0.027919524,0.1109573026,0.1414914424,0.1624138415,0.2518814943,0.094491896,0.0845418227,0.1235710088,-0.014929431,0.13850044,-0.066759261,-2.429324988,-0.738344137,-26.86785077,,0.3911491472,0.9736074554,0.7619311273,,0.1468999504,,,0.0,,,0.6386143698,-0.579797846,-0.088342635,0.0264978727,0.0076263364,-0.036971644,-0.010174327,,-0.74333149,-0.826201405,0.1434188433,-0.945012615,-2.436104388,-2.088784039,,,,0.2298186295,,1.0832106952,0.0942398415,0.0956545805,,3.4384970831,0.0673367036,1.077067153,,,,-1.917167195,1.3944984823,1066.8408701,,,,2.9314308859,0.852532608,1.4202354009,0.9896083492,1.4270314827,0.0805574225,0.2762575821,0.2477020405,0.0722879994,0.0722879994,,0.9413480852,0.1409346678,14.103927873,14.17181639,0.9538450419,,,0.6707246377,0.637372803,0.00641352,1130137.19872231,0.6993496,0.00073783,0.64801404,0.00693292,0.00663047,0.0088911,0.014442,0.46715821,-0.2266421,1.01414132,,,,,0.02674012,0.04435725,0.01787784,0.45045042,0.01655113,0.01528262,0.65739302,0.91781379,0.68737719,0.9354069756,1.4653882595,376,1.2782229121,0.8744746322,0.4036036764,0.4708709558
20150630,20150630,211952.0,01W,PRT,-0.056951,2015,6,20150529,20150531,1525.19365,14.319722562,1525.19365,0.0640524133,-0.099908736,0.1621140697,0.0283337631,0.03255223,0.2834946611,0.0541026276,0.0376784906,-0.124111237,0.7760461369,0.0237609781,0.0068577862,0.0066440264,0.016787404,,-0.118412159,,,0.3162004776,0.0466513623,0.1924920298,0.0695982404,0.0001659096,-0.187265407,0.3450491275,0.1127620325,0.232287095,0.6951504199,0.10142999,0.5937204298,0.484485378,-0.671584876,0.0036012829,-0.027919524,0.1109573026,0.1414914424,0.1624138415,0.2518814943,0.094491896,0.0845418227,0.1235710088,-0.014929431,0.13850044,-0.066759261,-2.429324988,-0.738344137,-26.86785077,,0.3911491472,0.9736074554,0.7619311273,,0.1468999504,,,0.0,,,0.6386143698,-0.579797846,-0.088342635,0.0264978727,0.0076263364,-0.036971644,-0.010174327,,-0.74333149,-0.826201405,0.1434188433,-0.945012615,-2.436104388,-2.088784039,,,,0.2298186295,,1.0832106952,0.0942398415,0.0956545805,,3.4384970831,0.0673367036,1.077067153,,,,-1.917167195,1.3944984823,1066.8408701,,,,3.2570878355,0.9472417038,1.5780114312,1.0995453898,1.5855624997,0.0895066646,0.3069474414,0.2752196228,0.0803185791,0.0803185791,,0.9911568379,0.1483918243,27.665164716,13.598415915,0.9509127961,,,0.8618736383,0.6293478261,0.00649767,1275092.94647728,0.62884676,0.00081151,0.59322151,0.00679108,0.00660598,0.00759394,0.01552055,-0.0108244,0.00220188,1.17204772,,,,,0.02690257,0.0365717,0.02092188,-0.30590368,0.01560152,0.01543529,0.6759204,0.91773696,0.67859286,0.9378416738,1.4401106119,377,1.21124957,0.8072073528,0.336336397,0.4708709558
20150731,20150731,211952.0,01W,PRT,0.007405,2015,7,20150630,20150630,1438.3327558,13.504203885,1438.3327558,0.0309560455,-0.099908736,0.13328262,-0.056950732,0.1021692137,0.2137848508,0.2019779092,0.0423134403,-0.210285384,0.8169278,0.0388240021,-0.001849008,0.0089955659,0.0170971519,,-0.118412159,,,0.3162004776,0.0466513623,0.1924920298,0.0695982404,0.0001659096,-0.187265407,0.3450491275,0.1127620325,0.232287095,0.6951504199,0.10142999,0.5937204298,0.484485378,-0.671584876,0.0036012829,-0.027919524,0.1109573026,0.1414914424,0.1624138415,0.2518814943,0.094491896,0.0845418227,0.1235710088,-0.014929431,0.13850044,-0.066759261,-2.429324988,-0.738344137,-26.86785077,,0.3911491472,0.9736074554,0.7619311273,,0.1468999504,,,0.0,,,0.6386143698,-0.579797846,-0.088342635,0.0264978727,0.0076263364,-0.036971644,-0.010174327,,-0.74333149,-0.826201405,0.1434188433,-0.945012615,-2.436104388,-2.088784039,,,,0.2298186295,,1.0832106952,0.0942398415,0.0956545805,,3.4384970831,0.0673367036,1.077067153,,,,-1.917167195,1.3944984823,1066.8408701,,,,3.4537833226,1.0044456165,1.6733075187,1.1659469199,1.681314596,0.0949119707,0.3254839929,0.2918401319,0.0851690169,0.0851690169,,1.0187918397,0.1525292203,30.468594933,13.252084336,0.9562359682,,,0.8755555556,0.6614743701,0.00610273,1383802.10862532,0.69584181,0.00087834,0.68778922,0.00665982,0.00650995,0.00792236,0.01807076,0.5580077,0.11678868,1.44394775,,,,,0.03411238,0.04907867,0.02611792,0.25893263,0.01566233,0.01584339,0.77602146,0.87415622,0.67546822,0.9291017642,1.7321200519,378,1.2692419092,0.9260923598,0.3772968873,0.5830951895
20150831,20150831,211952.0,01W,PRT,0.070308,2015,8,20150731,20150731,1448.9838501,13.604204771,1448.9838501,0.0307284959,-0.099908736,0.13328262,0.0074051671,-0.030230597,0.1806722738,0.1489002864,-0.053783003,-0.173363363,0.7208438081,-0.074365845,0.0055847206,0.0126442104,0.0154472036,-0.245444881,-0.076546635,,-0.187895798,-0.161874562,0.041478488,0.3164947089,-0.017573966,-0.00010876,-0.187265407,-0.026357841,-0.017530033,-0.008827808,-0.207320882,-0.034461616,-0.172859266,-0.198644771,0.1985360105,0.0064145193,-0.082477457,0.1101310785,0.1616847682,0.172425578,0.2973054517,0.109246329,0.1086722672,0.1235710088,-0.014929431,-0.122519172,-0.061662143,-1.921413929,0.1368738678,4.2650375884,0.4892012076,0.4557338021,0.4786085088,0.9867538635,,0.1144821523,,,0.0,-0.137092911,-0.30028197,-0.098795005,-0.573165617,-0.179723622,0.0150089451,0.0043649738,-0.000244043,,,0.1193456136,0.0549162197,0.1667628548,-0.945012615,-3.108518107,-0.06791844,,0.0835771171,0.1220000694,0.2321309775,0.1301046025,1.0583375701,0.0937542087,0.1107634354,0.0894185021,3.4041538181,0.0708803948,1.0656822981,0.2367532341,0.3985222995,6.0,-2.015853059,1.6599489576,1040.7887054,0.8378359297,-0.345357362,0.0056151116,3.0861503614,0.9065836993,1.4051092517,1.0518001159,1.7172896311,0.0990409411,0.289339585,0.2514513468,0.0845429621,0.0845429621,,0.8482027227,0.1666013241,0.3948997618,13.996535752,0.9605663322,,,0.7766920964,0.6331958891,0.0065784,1418924.03034717,0.65516806,0.00090136,0.64749606,0.00659171,0.00645367,0.00857043,0.0140269,-0.31029727,-0.21396036,1.03824849,,,,,0.03505056,0.04648069,0.02584524,-0.18084671,0.01563681,0.01589935,0.80806229,0.88062949,0.68056487,0.9654626132,1.722216684,379,0.7919488977,0.6268658651,0.1649647013,0.494894104
20150930,20150930,211952.0,01W,PRT,-0.11185,2015,9,20150831,20150831,1188.8147797,14.56068546,1188.8147797,0.0374533485,-0.310032654,0.3991345112,0.0703077251,-0.049967294,0.0087526316,0.2539110171,0.0298063077,-0.134191174,0.5487801322,-0.098178666,0.0209016652,-0.043854317,0.0182462859,-0.245444881,-0.076546635,,-0.187895798,-0.161874562,0.041478488,0.3164947089,-0.017573966,-0.00010876,-0.187265407,-0.026357841,-0.017530033,-0.008827808,-0.207320882,-0.034461616,-0.172859266,-0.198644771,0.1985360105,0.0064145193,-0.082477457,0.1101310785,0.1616847682,0.172425578,0.2973054517,0.109246329,0.1086722672,0.1235710088,-0.014929431,-0.122519172,-0.061662143,-1.921413929,0.1368738678,4.2650375884,0.4892012076,0.4557338021,0.4786085088,0.9867538635,,0.1144821523,,,0.0,-0.137092911,-0.30028197,-0.098795005,-0.573165617,-0.179723622,0.0150089451,0.0043649738,-0.000244043,,,0.1193456136,0.0549162197,0.1667628548,-0.945012615,-3.108518107,-0.06791844,,0.0835771171,0.1220000694,0.2321309775,0.1301046025,1.0583375701,0.0937542087,0.1107634354,0.0894185021,3.4041538181,0.0708803948,1.0656822981,0.2367532341,0.3985222995,6.0,-2.015853059,1.6599489576,1040.7887054,0.8378359297,-0.345357362,0.0056151116,3.7615464656,1.1049872205,1.7126138136,1.281983878,2.0931140697,0.1207157975,0.3526608122,0.3064808302,0.1030449729,0.1030449729,,0.9295472913,0.1825787697,0.4036162035,12.828591266,0.9313416685,,,0.7792565463,0.6451502239,0.00573709,1440572.34136079,0.65284265,0.0009597,0.68575721,0.00644972,0.00633901,0.0101986,0.02134805,0.58216131,-0.29716289,1.05410424,,,,,0.03286325,0.06019533,0.02250448,0.45088676,0.01550779,0.01652864,0.84076365,0.94254455,0.67136171,0.9851979209,1.5968902973,380,0.7857995921,0.75,0.1071428571,0.4642857143
20151030,20151031,211952.0,01W,PRT,0.098741,2015,10,20150930,20150930,1055.8458775,12.932073171,1055.8458775,0.0421700697,-0.310032654,0.3991345112,-0.111849974,0.0782335326,0.1207157943,0.2342096262,0.2222040051,0.1320102566,0.3389840514,-0.013383144,0.0119501352,0.0873686395,0.0031055603,-0.245444881,-0.076546635,,-0.187895798,-0.161874562,0.041478488,0.3164947089,-0.017573966,-0.00010876,-0.187265407,-0.026357841,-0.017530033,-0.008827808,-0.207320882,-0.034461616,-0.172859266,-0.198644771,0.1985360105,0.0064145193,-0.082477457,0.1101310785,0.1616847682,0.172425578,0.2973054517,0.109246329,0.1086722672,0.1235710088,-0.014929431,-0.122519172,-0.061662143,-1.921413929,0.1368738678,4.2650375884,0.4892012076,0.4557338021,0.4786085088,0.9867538635,,0.1144821523,,,0.0,-0.137092911,-0.30028197,-0.098795005,-0.573165617,-0.179723622,0.0150089451,0.0043649738,-0.000244043,,,0.1193456136,0.0549162197,0.1667628548,-0.945012615,-3.108518107,-0.06791844,,0.0835771171,0.1220000694,0.2321309775,0.1301046025,1.0583375701,0.0937542087,0.1107634354,0.0894185021,3.4041538181,0.0708803948,1.0656822981,0.2367532341,0.3985222995,6.0,-2.015853059,1.6599489576,1040.7887054,0.8378359297,-0.345357362,0.0056151116,4.2352602098,1.244144782,1.9282933776,1.4434316731,2.3567122764,0.1359182502,0.3970734695,0.3450777697,0.1160220344,0.1160220344,,0.9774567037,0.1919889866,0.4148048926,12.009410712,0.9613497897,,,0.7726658493,0.6489294943,0.0063454,1361160.7429056,0.71407273,0.00095347,0.71392876,0.006398,0.00676986,0.0106243,0.01396005,0.69396962,-0.46656899,1.38066776,,,,,0.02432641,0.03309768,0.02309469,-0.44829955,0.01761841,0.01667559,0.86332904,0.83712096,0.67151415,0.9887033717,1.1526926078,381,0.7000149484,0.5598833698,0.1399708424,0.4199125273
20151130,20151130,211952.0,01W,PRT,-0.012383,2015,11,20151030,20151031,1160.1008568,14.208995352,1160.1008568,0.038380365,-0.310032654,0.3991345112,0.0987407173,-0.049406166,-0.071316681,0.130650897,0.1002249889,0.1053496531,0.1892429931,-0.076961547,0.0279230684,-0.029622813,0.0109177876,-0.135642972,-0.117292732,,-0.124969451,-0.155133595,-0.008179435,6.7637978739,-0.010782062,-4.8448e-05,-0.187265407,-0.021626166,0.0054446016,-0.027070768,-0.058597756,-0.0197245,-0.038873257,-0.08164975,0.0816013019,0.0152496948,-0.056282626,0.1204568351,0.1525310714,0.1628116383,0.2901273968,0.0985661726,0.0959433215,0.1235710088,-0.014929431,-0.043856767,-0.057109292,-1.971906828,0.0244920098,0.8456760634,0.6107410086,0.4117012731,0.4698805178,0.7964954532,,0.0456946327,,,0.0,-0.056999181,-0.179180481,-0.02892059,-0.55599746,-0.140279587,0.0263632477,0.0077444349,0.0016938983,0.0007410296,,0.034075623,0.0144025838,0.2059487367,-0.945012615,-1.513585764,-0.239488942,,0.0913645658,0.1318413036,0.2434874144,0.1407273839,1.2675517376,0.0860707478,0.1057023462,0.0703982068,3.4033569952,0.0707088286,1.0299746276,0.3002206928,0.4194164546,6.0,-2.121939858,1.2993472162,1032.3806607,0.8306301991,-0.43059,0.0072604594,4.0667432675,1.1949211538,1.8973182458,1.7114899058,2.0608202632,0.1177788047,0.350027634,0.2902292553,0.1055954627,0.1055954627,,0.9542206768,0.1585343555,0.4371442368,12.180972241,0.9645617906,,,0.6816725633,0.6017674397,0.00657185,1216198.08934418,0.75001955,0.00090981,0.74430184,0.00641111,0.00681569,0.00728634,0.01334414,0.47994274,0.46052852,0.10533149,,,,,0.02428315,0.03433278,0.01399932,0.45779931,0.01815708,0.0167865,0.80733295,0.91977889,0.6676447,0.9655931973,1.1878573286,382,0.0,0.5144957554,-0.489897949,0.2400980192
20151231,20151231,211952.0,01W,PRT,0.040285,2015,12,20151130,20151130,1145.735433,14.03304665,1145.735433,0.0388615845,-0.310032654,0.3991345112,-0.012382909,-0.024153403,-0.007732497,0.0535978909,0.3096550746,0.2834946611,0.2562786791,0.0873927895,0.0188525503,0.0540943979,0.0044265369,-0.135642972,-0.117292732,,-0.124969451,-0.155133595,-0.008179435,6.7637978739,-0.010782062,-4.8448e-05,-0.187265407,-0.021626166,0.0054446016,-0.027070768,-0.058597756,-0.0197245,-0.038873257,-0.08164975,0.0816013019,0.0152496948,-0.056282626,0.1204568351,0.1525310714,0.1628116383,0.2901273968,0.0985661726,0.0959433215,0.1235710088,-0.014929431,-0.043856767,-0.057109292,-1.971906828,0.0244920098,0.8456760634,0.6107410086,0.4117012731,0.4698805178,0.7964954532,,0.0456946327,,,0.0,-0.056999181,-0.179180481,-0.02892059,-0.55599746,-0.140279587,0.0263632477,0.0077444349,0.0016938983,0.0007410296,,0.034075623,0.0144025838,0.2059487367,-0.945012615,-1.513585764,-0.239488942,,0.0913645658,0.1318413036,0.2434874144,0.1407273839,1.2675517376,0.0860707478,0.1057023462,0.0703982068,3.4033569952,0.0707088286,1.0299746276,0.3002206928,0.4194164546,6.0,-2.121939858,1.2993472162,1032.3806607,0.8306301991,-0.43059,0.0072604594,4.1177327794,1.2099032764,1.9211071415,1.7329488544,2.0866591746,0.1192555352,0.3544163394,0.2938681986,0.1069194364,0.1069194364,,0.9585984314,0.1592616763,0.4465310097,12.091294733,0.9603847639,,,0.6773297338,0.6108617965,0.00692783,1084296.77623496,0.81660162,0.00086171,0.7816035,0.00647763,0.00679094,0.00727477,0.01435316,0.6201121,-0.96386558,0.5663228,,,,,0.01919071,0.03720898,0.01776946,-0.83458737,0.01955573,0.01650511,0.96656771,0.90838935,0.6640962,0.9621033557,0.9375626097,383,0.1345345588,0.5608799845,-0.403603676,0.2309505819
20160129,20160131,211952.0,01W,PRT,-0.130161,2016,1,20151231,20151231,1125.772702,13.788541743,1125.772702,0.0991579759,-0.310032654,0.4562059073,0.0402845816,0.0851351106,0.0391613434,0.0801041659,0.1894852964,0.2137848508,0.2299727595,-0.030502417,0.025287732,0.141032606,-0.004005494,-0.135642972,-0.117292732,,-0.124969451,-0.155133595,-0.008179435,6.7637978739,-0.010782062,-4.8448e-05,-0.187265407,-0.021626166,0.0054446016,-0.027070768,-0.058597756,-0.0197245,-0.038873257,-0.08164975,0.0816013019,0.0152496948,-0.056282626,0.1204568351,0.1525310714,0.1628116383,0.2901273968,0.0985661726,0.0959433215,0.1235710088,-0.014929431,-0.043856767,-0.057109292,-1.971906828,0.0244920098,0.8456760634,0.6107410086,0.4117012731,0.4698805178,0.7964954532,,0.0456946327,,,0.0,-0.056999181,-0.179180481,-0.02892059,-0.55599746,-0.140279587,0.0263632477,0.0077444349,0.0016938983,0.0007410296,,0.034075623,0.0144025838,0.2059487367,-0.945012615,-1.513585764,-0.239488942,,0.0913645658,0.1318413036,0.2434874144,0.1407273839,1.2675517376,0.0860707478,0.1057023462,0.0703982068,3.4033569952,0.0707088286,1.0299746276,0.3002206928,0.4194164546,6.0,-2.121939858,1.2993472162,1032.3806607,0.8306301991,-0.43059,0.0072604594,4.1907503536,1.2313578503,1.9551731168,1.7636783185,2.1236607965,0.1213702305,0.3607010166,0.2990792077,0.1088153821,0.1088153821,,0.9647490453,0.1602835401,0.4367022529,11.962875499,0.9497130775,,,0.6801515152,0.6034816248,0.00684455,953815.62302724,0.70393245,0.00080253,0.71630578,0.00660279,0.00679768,0.006201,0.00789554,-0.08828043,0.31108644,0.48652493,,,,,0.01876925,0.02374193,0.01140066,0.39383052,0.01852669,0.01569981,0.96942014,0.89256202,0.66196358,0.9558613495,0.9399400132,384,0.1715274157,0.5144957554,-0.377296887,0.2400980192
20160229,20160229,211952.0,01W,PRT,0.044779,2016,2,20160129,20160131,979.24125311,11.993814445,979.24125311,0.1139957514,-0.310032654,0.4562059073,-0.130160776,0.0274028319,0.0730772073,0.0483435368,0.2763345013,0.1806722738,0.0834846571,0.1790951637,-0.002826444,0.0196445343,0.0040507642,-0.114494219,-0.115834521,,-0.059021663,-0.139662041,-0.043147148,1.1468909312,-0.005082715,-3.9114e-05,-0.187265407,-0.002392702,-0.016017254,0.0136245525,-0.015742585,-0.001793703,-0.013948881,-0.071793297,0.0717541829,0.0206536102,-0.0664835,0.1335189808,0.1603902879,0.1633418012,0.3362435847,0.0943261174,0.111329624,0.1235710088,-0.014929431,-0.085321957,-0.049129553,-2.014580568,0.0226246295,0.92773363,0.6386838706,0.4092768193,0.4807128041,0.8338112179,,0.04599867,,,0.0,-0.000287195,-0.07034217,-0.012364045,-0.100388474,-0.054034733,0.0117657612,0.0034571046,-0.012855828,-0.003993885,,-0.00418841,-0.121647286,0.2661812623,-0.945012615,-0.155424059,-0.687754937,,0.1011356056,0.1420265271,0.2674648259,0.1446401092,1.496213787,0.073516542,0.1142122478,-0.016826972,3.8678870477,0.0712138466,1.051678683,0.5451823093,0.4338783132,6.0,-1.907145662,1.315457091,828.59562882,0.7143044176,-0.620969928,0.0069589959,4.701542999,1.2155326516,2.2577694044,2.0415046798,2.4062047198,0.1146564756,0.3456411835,0.221177671,0.1250982701,0.1250982701,,0.9488036606,0.1765487318,0.442774921,12.237030125,0.9570636235,,,0.6563963097,0.6009779663,0.00608646,953276.51060343,0.75333771,0.00085065,0.74587343,0.0064933,0.00671015,0.0102669,0.01899655,0.95345459,-0.24133735,0.88707907,,,,,0.02410526,0.05350307,0.02657568,0.08785424,0.01834686,0.01586812,1.20223335,0.77638545,0.66191066,0.9807360007,1.162461301,385,-0.240098019,0.336336397,-0.788893492,0.2690691176
20160331,20160331,211952.0,01W,PRT,0.055001,2016,3,20160229,20160229,1023.0907074,12.530885587,1023.0907074,0.1091099173,-0.310032654,0.4562059073,0.0447790105,-0.095119667,-0.127910018,-0.11323506,-0.058425608,0.0087526316,0.2895014696,-0.036619507,0.0045734209,0.0017907028,0.009955153,-0.114494219,-0.115834521,,-0.059021663,-0.139662041,-0.043147148,1.1468909312,-0.005082715,-3.9114e-05,-0.187265407,-0.002392702,-0.016017254,0.0136245525,-0.015742585,-0.001793703,-0.013948881,-0.071793297,0.0717541829,0.0206536102,-0.0664835,0.1335189808,0.1603902879,0.1633418012,0.3362435847,0.0943261174,0.111329624,0.1235710088,-0.014929431,-0.085321957,-0.049129553,-2.014580568,0.0226246295,0.92773363,0.6386838706,0.4092768193,0.4807128041,0.8338112179,,0.04599867,,,0.0,-0.000287195,-0.07034217,-0.012364045,-0.100388474,-0.054034733,0.0117657612,0.0034571046,-0.012855828,-0.003993885,,-0.00418841,-0.121647286,0.2661812623,-0.945012615,-0.155424059,-0.687754937,,0.1011356056,0.1420265271,0.2674648259,0.1446401092,1.496213787,0.073516542,0.1142122478,-0.016826972,3.8678870477,0.0712138466,1.051678683,0.5451823093,0.4338783132,6.0,-1.907145662,1.315457091,828.59562882,0.7143044176,-0.620969928,0.0069589959,4.5000358467,1.1634351757,2.1610018787,1.954006215,2.3030752874,0.109742323,0.3308270745,0.2116980422,0.1197365843,0.1197365843,,0.9350374312,0.1739871794,0.4221206112,12.541176201,0.945386612,,,0.6491997974,0.5645382395,0.0064547,826877.71784656,0.65268734,0.00076778,0.65798324,0.00665419,0.00671069,0.01082892,0.01513498,0.53421142,-0.10060943,0.90011054,,,,,0.02412364,0.03002979,0.01891446,-0.77857212,0.01995716,0.01565292,1.17460752,0.81115123,0.65869009,0.9537847961,1.1727912971,386,-0.279941685,0.3086974533,-0.769839633,0.3086974533
20160429,20160430,211952.0,01W,PRT,-0.042663,2016,4,20160331,20160331,1079.3620977,13.220101458,1079.3620977,0.1034215883,-0.310032654,0.4562059073,0.0550013697,-0.091210237,0.0258867104,-0.017576888,0.0211304554,0.1207157943,0.2566857429,0.0718010565,0.0030461766,0.0241919192,0.0073469363,-0.114494219,-0.115834521,,-0.059021663,-0.139662041,-0.043147148,1.1468909312,-0.005082715,-3.9114e-05,-0.187265407,-0.002392702,-0.016017254,0.0136245525,-0.015742585,-0.001793703,-0.013948881,-0.071793297,0.0717541829,0.0206536102,-0.0664835,0.1335189808,0.1603902879,0.1633418012,0.3362435847,0.0943261174,0.111329624,0.1235710088,-0.014929431,-0.085321957,-0.049129553,-2.014580568,0.0226246295,0.92773363,0.6386838706,0.4092768193,0.4807128041,0.8338112179,,0.04599867,,,0.0,-0.000287195,-0.07034217,-0.012364045,-0.100388474,-0.054034733,0.0117657612,0.0034571046,-0.012855828,-0.003993885,,-0.00418841,-0.121647286,0.2661812623,-0.945012615,-0.155424059,-0.687754937,,0.1011356056,0.1420265271,0.2674648259,0.1446401092,1.496213787,0.073516542,0.1142122478,-0.016826972,3.8678870477,0.0712138466,1.051678683,0.5451823093,0.4338783132,6.0,-1.907145662,1.315457091,828.59562882,0.7143044176,-0.620969928,0.0069589959,4.2654312837,1.1027807253,2.0483403536,1.8521361878,2.1830069168,0.1040210242,0.3135797582,0.2006613908,0.1134942454,0.1134942454,,0.917945969,0.1708068839,0.4269218527,12.895278059,0.9064111085,,,0.6554542019,0.5626508992,0.00710897,782539.80776245,0.69884751,0.00073273,0.69964396,0.0068042,0.00674548,0.00963283,0.01242617,-0.27494197,0.55669656,-0.11670612,,,,,0.02480997,0.04899386,0.01675385,1.11047276,0.01997849,0.01578699,1.19046663,0.85576565,0.65653941,0.9460377973,1.2091752751,387,-0.279941685,0.3086974533,-0.769839633,0.3772968873
20160531,20160531,211952.0,01W,PRT,0.004366,2016,5,20160429,20160430,1033.3134632,12.656094605,1033.3134632,0.1080304733,-0.310032654,0.4562059073,-0.042662823,0.1022432871,-0.01495242,0.028839004,0.0051249927,-0.071316681,0.2793728818,0.0283337631,-0.003408058,-0.091624001,0.0183076169,-0.110505889,-0.042292435,2.2574490137,-0.026898259,-0.17836879,-0.100261161,0.368787091,-0.002104647,-4.5922e-05,0.0005496167,-0.008437529,-0.011361303,0.0029237742,-0.001849156,-0.001478895,-0.000370261,-0.050794965,0.0512986597,0.0168028074,-0.075779901,0.1323970519,0.1736075845,0.1895081226,0.3950740517,0.0797863491,0.0962749409,,,-0.116138491,-0.07147868,-3.566736171,-0.020180021,-1.006968915,0.6410134527,0.406106251,0.4934819431,0.7271683133,,0.0512480674,-0.204664844,0.1852463796,0.0,0.0022713352,-0.042389592,0.0090489581,,-0.022973133,0.0143029549,0.003697873,-0.012194918,-0.003928463,,-1.048766407,-0.956257016,0.3674856468,-1.359735974,0.3480110107,-0.539902478,,0.1049864939,0.1544229241,0.3035059363,0.168566359,2.0314730774,0.0915190412,0.1180294423,-0.0027208,3.9812830404,0.0725832308,1.0666290407,,0.4359838783,,-1.868155388,1.3415683678,621.71684992,1.9190797159,,,4.2762732485,1.0740942568,2.1119668146,1.892816075,2.2413474442,0.0856980594,0.3913604275,0.2388109444,,,,1.0654999069,0.1744757129,0.4151019265,13.625394891,0.9008234032,,,0.634797808,0.5649170274,0.00736632,731595.62069295,0.69232038,0.00069185,0.69268334,0.00693289,0.00680892,0.00655488,0.01437962,0.74324361,-0.00976871,1.3881907,,,,,0.02303989,0.03854405,0.01820017,0.61833808,0.02405144,0.01581157,1.17626237,0.81925628,0.6562133,0.9516816227,1.1228588521,388,0.1071428571,0.629868791,-0.821428571,0.4199125273
20160630,20160630,211952.0,01W,PRT,-0.10841,2016,6,20160531,20160531,1002.6210212,12.336914251,1002.6210212,0.0976358841,-0.236973054,0.3574324173,0.0043656305,0.0099920326,-0.045153554,-0.079754538,-0.064269251,-0.007732497,0.4791707114,-0.056950732,0.0021661562,0.0124027929,0.0120074852,-0.110505889,-0.042292435,2.2574490137,-0.026898259,-0.17836879,-0.100261161,0.368787091,-0.002104647,-4.5922e-05,0.0005496167,-0.008437529,-0.011361303,0.0029237742,-0.001849156,-0.001478895,-0.000370261,-0.050794965,0.0512986597,0.0168028074,-0.075779901,0.1323970519,0.1736075845,0.1895081226,0.3950740517,0.0797863491,0.0962749409,,,-0.116138491,-0.07147868,-3.566736171,-0.020180021,-1.006968915,0.6410134527,0.406106251,0.4934819431,0.7271683133,,0.0512480674,-0.204664844,0.1852463796,0.0,0.0022713352,-0.042389592,0.0090489581,,-0.022973133,0.0143029549,0.003697873,-0.012194918,-0.003928463,,-1.048766407,-0.956257016,0.3674856468,-1.359735974,0.3480110107,-0.539902478,,0.1049864939,0.1544229241,0.3035059363,0.168566359,2.0314730774,0.0915190412,0.1180294423,-0.0027208,3.9812830404,0.0725832308,1.0666290407,,0.4359838783,,-1.868155388,1.3415683678,621.71684992,1.9190797159,,,4.4071794094,1.1069746523,2.1766187794,1.9507593521,2.3099600356,0.0883214661,0.4033408338,0.2461214744,,,,1.0765537746,0.1762857848,0.4290343811,13.450662299,0.8958672601,,,0.6400415722,0.5361013986,0.00715327,701921.12831679,0.72341005,0.00067544,0.71179204,0.00696949,0.00686715,0.00545734,0.01082222,0.37953085,0.57154607,1.58210177,,,,,0.01745564,0.02087053,0.01205758,-0.03339919,0.02388114,0.01547049,1.14958221,0.80696389,0.65699766,0.9457078494,0.8759891718,389,0.2799416849,0.5830951895,-0.839825055,0.5144957554
20160729,20160731,211952.0,01W,PRT,0.141481,2016,7,20160630,20160630,893.92655874,10.99946547,893.92655874,0.1095076423,-0.236973054,0.3574324173,-0.108410317,-0.038483443,-0.078122497,0.040660797,-0.003428733,0.0391613434,0.4442475887,0.0074051671,-0.008362524,-0.005505221,0.0131172199,-0.110505889,-0.042292435,2.2574490137,-0.026898259,-0.17836879,-0.100261161,0.368787091,-0.002104647,-4.5922e-05,0.0005496167,-0.008437529,-0.011361303,0.0029237742,-0.001849156,-0.001478895,-0.000370261,-0.050794965,0.0512986597,0.0168028074,-0.075779901,0.1323970519,0.1736075845,0.1895081226,0.3950740517,0.0797863491,0.0962749409,,,-0.116138491,-0.07147868,-3.566736171,-0.020180021,-1.006968915,0.6410134527,0.406106251,0.4934819431,0.7271683133,,0.0512480674,-0.204664844,0.1852463796,0.0,0.0022713352,-0.042389592,0.0090489581,,-0.022973133,0.0143029549,0.003697873,-0.012194918,-0.003928463,,-1.048766407,-0.956257016,0.3674856468,-1.359735974,0.3480110107,-0.539902478,,0.1049864939,0.1544229241,0.3035059363,0.168566359,2.0314730774,0.0915190412,0.1180294423,-0.0027208,3.9812830404,0.0725832308,1.0666290407,,0.4359838783,,-1.868155388,1.3415683678,621.71684992,1.9190797159,,,4.9430578795,1.2415740929,2.4412785613,2.1879563981,2.5908330691,0.099060664,0.4523839176,0.2760479164,,,,1.1176147189,0.1830095184,0.4365457882,12.735375613,0.9109604728,,,0.6419967543,0.5271554169,0.00566249,767270.35856304,0.85550138,0.00077484,0.88110557,0.00670312,0.00681336,0.0097284,0.01349174,-0.0431668,0.12491783,1.1412347,,,,,0.03164905,0.03919168,0.03033225,-0.67398471,0.02629074,0.01509908,1.12861974,0.72266738,0.66853089,0.9124519488,1.5481366932,390,0.0714440842,0.5357142857,-0.821428571,0.3928571429
20160831,20160831,211952.0,01W,PRT,0.037615,2016,8,20160729,20160731,1020.4005228,12.555685035,1020.4005228,0.0959346724,-0.236973054,0.3574324173,0.141481381,-0.104517966,-0.055070812,-0.155540142,-0.117998707,0.0730772073,0.5887737374,0.0703077251,-0.001892192,-0.013064412,0.015887163,0.045497087,-0.044427407,2.2125710613,0.0951882321,-0.138195741,-0.076123863,0.3712357852,0.006915521,-4.1287e-05,0.0005496167,0.0036202336,-0.007049225,0.010669459,0.1044064831,0.012735517,0.0916709661,0.0498421581,-0.049883445,0.0191190726,-0.028335389,0.1484303101,0.1747556928,0.1895356143,0.3743377566,0.0744767742,0.1219621445,,,0.0772218761,-0.069323114,-3.684303592,-0.119206559,-6.335450423,0.7553272625,0.3966889013,0.519901753,0.8216795103,,0.0450319636,-0.204664844,0.1852463796,0.0,0.1069966163,0.2215156779,0.0559572831,,0.0676534941,0.0180218531,0.0045266427,0.003012908,0.0001616689,,-0.064084755,0.0117622129,0.428199573,-1.359735974,1.3416323071,0.4835746826,,0.1256818186,0.1827065678,0.3365870736,0.1981589326,2.253315901,0.0881389128,0.1202125,-0.005615296,3.9582042691,0.0704863262,1.0641176205,0.2123778276,0.510797596,7.0,-1.968609455,1.2671679153,743.88820521,-1.588810254,-0.266630182,0.0065769944,4.5817646934,1.1575361911,2.2236409814,2.0173151205,2.3302370634,0.0862095616,0.4038317589,0.2309894631,,,,0.9398898922,0.1825415531,0.4957902611,13.05016114,0.920701728,,,0.5572539026,0.5761969525,0.00736681,662539.69332839,0.87773405,0.00068062,0.91934483,0.00692168,0.00686907,0.00405129,0.01007098,-0.47274053,-0.40743907,1.30314829,,,,,0.02185266,0.03541422,0.01557896,-0.91185842,0.02894202,0.01480445,1.10592613,0.82491136,0.66194205,0.8985667848,1.1122747776,391,0.1458649915,0.5357142857,-0.802257453,0.3214285714
20160930,20160930,211952.0,01W,PRT,-0.017593,2016,9,20160831,20160831,1058.7825474,13.027962931,1058.7825474,0.0924569356,-0.004599432,0.0915805261,0.0376146658,0.017733023,0.032389686,-0.023978813,-0.059347111,-0.127910018,0.8932548118,-0.111849974,0.0116955028,-0.079179343,0.0258096867,0.045497087,-0.044427407,2.2125710613,0.0951882321,-0.138195741,-0.076123863,0.3712357852,0.006915521,-4.1287e-05,0.0005496167,0.0036202336,-0.007049225,0.010669459,0.1044064831,0.012735517,0.0916709661,0.0498421581,-0.049883445,0.0191190726,-0.028335389,0.1484303101,0.1747556928,0.1895356143,0.3743377566,0.0744767742,0.1219621445,,,0.0772218761,-0.069323114,-3.684303592,-0.119206559,-6.335450423,0.7553272625,0.3966889013,0.519901753,0.8216795103,,0.0450319636,-0.204664844,0.1852463796,0.0,0.1069966163,0.2215156779,0.0559572831,,0.0676534941,0.0180218531,0.0045266427,0.003012908,0.0001616689,,-0.064084755,0.0117622129,0.428199573,-1.359735974,1.3416323071,0.4835746826,,0.1256818186,0.1827065678,0.3365870736,0.1981589326,2.253315901,0.0881389128,0.1202125,-0.005615296,3.9582042691,0.0704863262,1.0641176205,0.2123778276,0.510797596,7.0,-1.968609455,1.2671679153,743.88820521,-1.588810254,-0.266630182,0.0065769944,4.4156707153,1.115574239,2.1430315653,1.9441852425,2.2457634229,0.0830843707,0.3891924163,0.2226158426,,,,0.9283172386,0.1802939599,0.5254636294,13.277933,0.9060765939,,,0.5469618695,0.5672240803,0.0076622,596429.34719347,0.95901547,0.00060675,1.01350411,0.0071301,0.00704588,0.00519578,0.00974606,0.3436089,0.21338772,1.85807969,,,,,0.02491062,0.03452716,0.01598468,0.22664287,0.03188781,0.01372418,1.07667912,0.89317708,0.65161318,0.8832159746,1.3042946285,392,0.1028991511,0.5381382352,-0.788893492,0.336336397
20161031,20161031,211952.0,01W,PRT,0.004012,2016,10,20160930,20160930,1040.1556784,12.798765576,1040.1556784,0.0941126332,-0.004599432,0.0915805261,-0.017592724,0.1844178217,0.0153756287,-0.026483795,0.0989531103,0.0258867104,1.1308298812,0.0987407173,0.0011197354,0.0563116871,0.0157428552,0.045497087,-0.044427407,2.2125710613,0.0951882321,-0.138195741,-0.076123863,0.3712357852,0.006915521,-4.1287e-05,0.0005496167,0.0036202336,-0.007049225,0.010669459,0.1044064831,0.012735517,0.0916709661,0.0498421581,-0.049883445,0.0191190726,-0.028335389,0.1484303101,0.1747556928,0.1895356143,0.3743377566,0.0744767742,0.1219621445,,,0.0772218761,-0.069323114,-3.684303592,-0.119206559,-6.335450423,0.7553272625,0.3966889013,0.519901753,0.8216795103,,0.0450319636,-0.204664844,0.1852463796,0.0,0.1069966163,0.2215156779,0.0559572831,,0.0676534941,0.0180218531,0.0045266427,0.003012908,0.0001616689,,-0.064084755,0.0117622129,0.428199573,-1.359735974,1.3416323071,0.4835746826,,0.1256818186,0.1827065678,0.3365870736,0.1981589326,2.253315901,0.0881389128,0.1202125,-0.005615296,3.9582042691,0.0704863262,1.0641176205,0.2123778276,0.510797596,7.0,-1.968609455,1.2671679153,743.88820521,-1.588810254,-0.266630182,0.0065769944,4.4947455326,1.1355516863,2.1814084825,1.9790012654,2.2859800386,0.0845722266,0.3961619847,0.226602396,,,,0.9338976632,0.181377767,0.542044141,13.169494281,0.8412994964,,,0.5410916881,0.6052277433,0.00741432,578134.16953356,0.93946786,0.00058723,1.00697203,0.00717824,0.00713679,0.00771815,0.00967726,0.14042372,0.25869433,0.89363232,,,,,0.02360969,0.03787104,0.01864744,0.08145663,0.03354894,0.01329462,1.05513964,0.87746366,0.63834174,0.8443497799,1.2671012032,393,0.0699854212,0.5830951895,-0.769839633,0.3086974533
20161130,20161130,211952.0,01W,PRT,0.003663,2016,11,20161031,20161031,1044.3292775,12.850120309,1044.3292775,0.0937365177,-0.004599432,0.0915805261,0.0040124754,0.0193601974,0.0419655999,0.0995013528,-0.017402819,-0.01495242,1.1491573664,-0.012382909,0.0026102249,-0.01730936,0.0226486274,-0.039303149,-0.010994271,1.6522487722,0.0146623907,-0.194453702,-0.086191571,0.1776051904,0.0011522312,-8.0368e-05,0.0005496167,-4.56e-05,-0.035385015,0.0353394159,-0.029625293,-0.003439878,-0.026185415,0.019074564,-0.019154932,0.0071783847,-0.047757252,0.1239598696,0.1742970819,0.1814017228,0.3491412614,0.0738409848,0.0991514416,,,-0.093198655,-0.065669727,-3.44583695,-0.084824659,-4.450938943,0.7153784071,0.4178861986,0.5112245618,0.7998672631,,0.0364042264,-0.204664844,0.1852463796,0.0,0.0087942197,0.0172686738,-0.019724705,,-0.022243645,0.0279730561,0.0070671077,0.0016098084,-0.000677327,,-0.019645229,-0.00335568,0.3700132531,-1.359735974,0.5063686349,0.5644032558,,0.1111833639,0.1674466576,0.2946239564,0.1742720638,1.9651666002,0.084727427,0.1157319958,-0.001343321,3.8746010628,0.0697759783,1.0685253816,0.2530043309,0.4655371704,7.0,-1.712545983,1.3876394024,703.61794925,-0.558828777,-0.331127862,0.0080662473,4.3400168677,1.120119671,2.190433854,2.0324388974,2.2641084073,0.0827107396,0.3677184621,0.1915362899,,,,0.9334417814,0.1656352629,0.4889739502,13.488586262,0.8339831942,,,0.6013407888,0.5902777778,0.0079348,550037.21538288,0.99109883,0.00055952,1.06248554,0.00725885,0.0072414,0.00684449,0.01126457,1.40103238,-0.11095869,0.25633067,,,,,0.01479893,0.03573319,0.01152257,1.38585608,0.03125183,0.01294514,1.09749956,0.88098446,0.6292603,0.851047952,0.8009440228,394,-0.178571429,0.4898979486,-0.964285714,0.4199125273
20161230,20161231,211952.0,01W,PRT,0.096373,2016,12,20161130,20161130,1048.1541628,12.897184235,1048.1541628,0.0933944579,-0.004599432,0.0915805261,0.0036625281,-0.013650839,0.0415992239,0.0565995909,-0.001090769,-0.045153554,1.2446129375,0.0402845816,-0.000719053,0.0482802717,0.0176404772,-0.039303149,-0.010994271,1.6522487722,0.0146623907,-0.194453702,-0.086191571,0.1776051904,0.0011522312,-8.0368e-05,0.0005496167,-4.56e-05,-0.035385015,0.0353394159,-0.029625293,-0.003439878,-0.026185415,0.019074564,-0.019154932,0.0071783847,-0.047757252,0.1239598696,0.1742970819,0.1814017228,0.3491412614,0.0738409848,0.0991514416,,,-0.093198655,-0.065669727,-3.44583695,-0.084824659,-4.450938943,0.7153784071,0.4178861986,0.5112245618,0.7998672631,,0.0364042264,-0.204664844,0.1852463796,0.0,0.0087942197,0.0172686738,-0.019724705,,-0.022243645,0.0279730561,0.0070671077,0.0016098084,-0.000677327,,-0.019645229,-0.00335568,0.3700132531,-1.359735974,0.5063686349,0.5644032558,,0.1111833639,0.1674466576,0.2946239564,0.1742720638,1.9651666002,0.084727427,0.1157319958,-0.001343321,3.8746010628,0.0697759783,1.0685253816,0.2530043309,0.4655371704,7.0,-1.712545983,1.3876394024,703.61794925,-0.558828777,-0.331127862,0.0080662473,4.3241794392,1.1160321719,2.182440604,2.0250221968,2.2558463069,0.0824089146,0.3663765976,0.1908373428,,,,0.9323157463,0.1654354528,0.4905428103,13.509914696,0.8213069125,,,0.5982239273,0.5551630435,0.00789376,522780.31529398,1.05175903,0.00053043,1.13011143,0.00738713,0.0073196,0.00749939,0.01157903,0.30488964,0.01733136,0.18163796,,,,,0.01580557,0.02796162,0.01216151,0.20911285,0.03340775,0.01292876,0.98646709,0.88421109,0.61638739,0.8140827641,0.8733134111,395,-0.102899151,0.4708709558,-0.92609236,0.4708709558
20170131,20170131,211952.0,01W,PRT,0.005373,2017,1,20161230,20161231,1149.1677905,14.14012293,1149.1677905,0.0267911631,-0.004599432,0.03450913,0.0963728727,0.0076896993,0.1725282715,0.005182976,-0.03625625,-0.078122497,1.4255343103,-0.130160776,0.0198749154,0.1082633692,0.0139509946,-0.039303149,-0.010994271,1.6522487722,0.0146623907,-0.194453702,-0.086191571,0.1776051904,0.0011522312,-8.0368e-05,0.0005496167,-4.56e-05,-0.035385015,0.0353394159,-0.029625293,-0.003439878,-0.026185415,0.019074564,-0.019154932,0.0071783847,-0.047757252,0.1239598696,0.1742970819,0.1814017228,0.3491412614,0.0738409848,0.0991514416,,,-0.093198655,-0.065669727,-3.44583695,-0.084824659,-4.450938943,0.7153784071,0.4178861986,0.5112245618,0.7998672631,,0.0364042264,-0.204664844,0.1852463796,0.0,0.0087942197,0.0172686738,-0.019724705,,-0.022243645,0.0279730561,0.0070671077,0.0016098084,-0.000677327,,-0.019645229,-0.00335568,0.3700132531,-1.359735974,0.5063686349,0.5644032558,,0.1111833639,0.1674466576,0.2946239564,0.1742720638,1.9651666002,0.084727427,0.1157319958,-0.001343321,3.8746010628,0.0697759783,1.0685253816,0.2530043309,0.4655371704,7.0,-1.712545983,1.3876394024,703.61794925,-0.558828777,-0.331127862,0.0080662473,3.9440773726,1.0179312163,1.9906006965,1.8470196109,2.0575539244,0.0751650434,0.3341715275,0.1740624449,,,,0.9035305574,0.1603276438,0.4927397472,14.021802209,0.8256712453,,,0.5621539313,0.5838501292,0.00774071,400261.58620437,0.56576723,0.00038556,0.57287011,0.00784488,0.00739213,0.00687257,0.00951455,-0.19869078,0.26846021,0.88422139,,,,,0.02297144,0.03812249,0.01390055,0.47604473,0.03345852,0.01304776,0.99604589,1.0,0.61612687,0.8201646203,1.2560068329,396,-0.178590816,0.3928571429,-0.892857143,0.3928571429
20170228,20170228,211952.0,01W,PRT,0.035398,2017,2,20170131,20170131,1155.3419696,14.216094126,1155.3419696,0.0266479904,-0.004599432,0.03450913,0.0053727394,0.1003883691,0.1261928672,0.1511673984,0.2147331082,-0.055070812,1.1327884886,0.0447790105,0.0162925272,0.0667389799,0.0150124428,-0.004043646,-0.011144799,0.2447388096,0.0253848434,-0.233846514,-0.114442038,0.1197813802,0.0020653711,-7.0751e-05,0.0005496167,-0.000365074,0.0028710877,-0.003236162,0.0025528813,-0.0087152,0.0112680809,0.0089151308,-0.008985882,0.0067125966,-0.000214158,0.1196777035,0.1711328455,0.1856005965,0.3723767498,0.081847786,0.0954035027,,,-0.084628199,-0.072508851,-3.415518256,-0.081494732,-3.838796823,0.7292639254,0.4074075093,0.5071119204,0.7971702326,,0.0400083083,-0.204664844,0.1852463796,0.0,0.0079994405,0.0701471517,0.0048865957,,-0.057080427,0.0233171722,0.0060179543,0.011551411,0.0025608497,,-0.066142265,-0.04864647,0.3692505562,-1.359735974,0.174732089,1.1908010223,,0.1126344429,0.170440845,0.3720695426,0.1848500934,2.026265147,0.0937380888,0.1130917459,0.0202215468,3.8554273741,0.0652933851,1.0848845917,0.5112459289,0.4854629287,7.0,-1.899566696,1.4036769558,843.72920882,-0.748468502,-0.444864461,0.0078029315,3.9688059964,1.0294075368,1.9490157896,1.7902305758,2.0167145305,0.0842547278,0.3720282888,0.2407177951,,,,0.9066783816,0.1608609708,0.5087872423,13.585104773,0.8244532476,,,0.5013636364,0.6023809524,0.00800806,387660.6223615,0.58838422,0.00036255,0.59939081,0.00794838,0.00756596,0.00648075,0.01078736,0.74233198,-0.02413581,1.25236533,,,,,0.01891897,0.02567159,0.01259017,0.47458239,0.03196555,0.0122603,0.89656116,0.99804025,0.61523922,0.7978537325,1.1134098743,397,0.2799416849,0.3772968873,-0.349927106,0.5144957554
20170331,20170331,211952.0,01W,PRT,0.039149,2017,3,20170228,20170228,1196.2392252,14.719321093,1196.2392252,0.0257369438,-0.004599432,0.03450913,0.0353983987,0.1022633985,0.0911985397,0.15232171,0.168916623,0.032389686,1.0414734589,0.0550013697,0.0145104389,-0.004498465,0.0204264623,-0.004043646,-0.011144799,0.2447388096,0.0253848434,-0.233846514,-0.114442038,0.1197813802,0.0020653711,-7.0751e-05,0.0005496167,-0.000365074,0.0028710877,-0.003236162,0.0025528813,-0.0087152,0.0112680809,0.0089151308,-0.008985882,0.0067125966,-0.000214158,0.1196777035,0.1711328455,0.1856005965,0.3723767498,0.081847786,0.0954035027,,,-0.084628199,-0.072508851,-3.415518256,-0.081494732,-3.838796823,0.7292639254,0.4074075093,0.5071119204,0.7971702326,,0.0400083083,-0.204664844,0.1852463796,0.0,0.0079994405,0.0701471517,0.0048865957,,-0.057080427,0.0233171722,0.0060179543,0.011551411,0.0025608497,,-0.066142265,-0.04864647,0.3692505562,-1.359735974,0.174732089,1.1908010223,,0.1126344429,0.170440845,0.3720695426,0.1848500934,2.026265147,0.0937380888,0.1130917459,0.0202215468,3.8554273741,0.0652933851,1.0848845917,0.5112459289,0.4854629287,7.0,-1.899566696,1.4036769558,843.72920882,-0.748468502,-0.444864461,0.0078029315,3.8331196973,0.9942139549,1.8823824647,1.7290258302,1.947766708,0.0813742111,0.3593093145,0.232488089,,,,0.8953198617,0.1588457661,0.5037587611,13.781626311,0.818375485,,,0.5050014209,0.5591506572,0.00808971,390313.44064707,0.62288997,0.00035987,0.62717071,0.00800896,0.00769745,0.00617033,0.01232797,2.08285218,-0.20611272,-0.68409998,,,,,0.01646741,0.04569437,0.01282842,2.0544352,0.02808652,0.0119577,0.91947282,1.0,0.61677186,0.8154340885,0.9946739485,398,0.3086974533,0.336336397,-0.308697453,0.5381382352
20170428,20170430,211952.0,01W,PRT,0.025213,2017,4,20170331,20170331,1243.070943,15.29556962,1243.070943,0.0247673247,-0.004599432,0.03450913,0.039149124,0.0409613245,0.1500578712,0.3381851267,0.1471969936,0.0153756287,1.2030992897,-0.042662823,0.0219478886,0.0289434853,0.0191453303,-0.004043646,-0.011144799,0.2447388096,0.0253848434,-0.233846514,-0.114442038,0.1197813802,0.0020653711,-7.0751e-05,0.0005496167,-0.000365074,0.0028710877,-0.003236162,0.0025528813,-0.0087152,0.0112680809,0.0089151308,-0.008985882,0.0067125966,-0.000214158,0.1196777035,0.1711328455,0.1856005965,0.3723767498,0.081847786,0.0954035027,,,-0.084628199,-0.072508851,-3.415518256,-0.081494732,-3.838796823,0.7292639254,0.4074075093,0.5071119204,0.7971702326,,0.0400083083,-0.204664844,0.1852463796,0.0,0.0079994405,0.0701471517,0.0048865957,,-0.057080427,0.0233171722,0.0060179543,0.011551411,0.0025608497,,-0.066142265,-0.04864647,0.3692505562,-1.359735974,0.174732089,1.1908010223,,0.1126344429,0.170440845,0.3720695426,0.1848500934,2.026265147,0.0937380888,0.1130917459,0.0202215468,3.8554273741,0.0652933851,1.0848845917,0.5112459289,0.4854629287,7.0,-1.899566696,1.4036769558,843.72920882,-0.748468502,-0.444864461,0.0078029315,3.6887099345,0.9567577279,1.8114651893,1.6638861451,1.8743861328,0.0783085018,0.3457726193,0.2237292835,,,,0.8826577327,0.1565992778,0.4974495779,13.990782496,0.8016996548,,,0.4965665794,0.5858974359,0.00812673,371806.27598546,0.63205258,0.00033544,0.62563415,0.00816528,0.00778836,0.00483235,0.00790509,-0.1183458,-0.42597134,0.64667382,,,,,0.01517943,0.02038772,0.00911405,0.26101131,0.02626465,0.01161918,0.95046135,1.0,0.62191639,0.8359030452,0.9466057538,399,0.3214285714,0.4199125273,-0.321428571,0.4898979486
20170531,20170531,211952.0,01W,PRT,0.188499,2017,5,20170428,20170430,1274.4121091,15.681212121,1274.4121091,0.0241582307,-0.004599432,0.03450913,0.025212693,0.075933339,0.1903055577,0.2182186457,0.245233947,0.0419655999,1.1598068381,0.0043656305,0.0238430761,-0.056898656,0.0265130378,-0.023634774,-0.054754479,-0.296930515,-0.031723548,,-0.201926045,,-0.002473904,-4.8858e-05,-0.000552893,0.0043304403,0.0048576349,-0.000527195,-0.021039133,-0.018803876,-0.002235258,-0.025501791,0.02490004,-0.013436643,0.0102767204,0.1333910147,0.1671754952,0.1738501094,0.3666158042,0.1050128954,0.0920371494,-0.080570078,-0.002436116,-0.078133963,-0.059845771,-2.130172466,-0.034945731,-1.243871256,0.7179522996,0.3934255698,0.5013617019,0.6899801282,,0.0450392762,-0.118575801,0.0698772427,1.0,-0.002697162,0.0072505409,-0.007467986,1.2902129994,-0.056762094,0.038425686,0.0099666476,0.0241227311,0.0062687746,,-0.030251104,-0.132448336,0.0564523889,-0.093913229,0.1485241027,1.803380546,,0.1113098713,0.1632243402,0.3812611988,0.1697412014,1.4820177081,0.0879401029,0.114004338,-0.003578938,3.7378677435,0.0624591648,1.0951398934,,0.4759187513,7.0,-2.094324229,1.420072455,1021.7084933,1.7167109775,,,3.3853217392,0.90568259,1.6260842786,1.4736118376,1.7178134982,0.0951083511,0.297705542,0.2107432079,0.0383106239,0.0383106239,,1.0064863224,0.1560234141,0.4843103135,13.668895957,0.8002090648,,,0.5405614442,0.6468297101,0.00771163,410554.99954449,0.67754121,0.00035916,0.66149066,0.00812034,0.007812,0.00738285,0.0091678,0.5717863,-0.36687036,0.04386493,,,,,0.01673403,0.02295128,0.01169648,0.31291413,0.0255967,0.01118304,0.95755308,0.99887765,0.62251099,0.8045480199,1.0741205567,400,0.1050049222,0.5598833698,-0.769839633,0.4199125273
20170630,20170630,211952.0,01W,PRT,0.067422,2017,6,20170531,20170531,1514.6371106,18.637099922,1514.6371106,,0.0,4.440892e-16,0.1884986809,0.0653488719,0.215863233,0.2036580242,0.27108058,0.0415992239,1.5065413981,-0.108410317,0.0508348032,0.0067018616,0.0238888039,-0.023634774,-0.054754479,-0.296930515,-0.031723548,,-0.201926045,,-0.002473904,-4.8858e-05,-0.000552893,0.0043304403,0.0048576349,-0.000527195,-0.021039133,-0.018803876,-0.002235258,-0.025501791,0.02490004,-0.013436643,0.0102767204,0.1333910147,0.1671754952,0.1738501094,0.3666158042,0.1050128954,0.0920371494,-0.080570078,-0.002436116,-0.078133963,-0.059845771,-2.130172466,-0.034945731,-1.243871256,0.7179522996,0.3934255698,0.5013617019,0.6899801282,,0.0450392762,-0.118575801,0.0698772427,1.0,-0.002697162,0.0072505409,-0.007467986,1.2902129994,-0.056762094,0.038425686,0.0099666476,0.0241227311,0.0062687746,,-0.030251104,-0.132448336,0.0564523889,-0.093913229,0.1485241027,1.803380546,,0.1113098713,0.1632243402,0.3812611988,0.1697412014,1.4820177081,0.0879401029,0.114004338,-0.003578938,3.7378677435,0.0624591648,1.0951398934,,0.4759187513,7.0,-2.094324229,1.420072455,1021.7084933,1.7167109775,,,2.8484017639,0.7620392051,1.3681834946,1.2398935407,1.4453642446,0.0800239433,0.2504887441,0.1773188404,0.032234469,0.032234469,,0.9352190542,0.1449757105,0.4877580115,14.567289023,0.8232258021,,,0.42542587,0.6048515376,0.00581595,678866.35566183,1.3292512,0.00053397,1.17050999,0.00764571,0.007633,0.0066203,0.00847084,0.31551604,0.348193,0.16697988,,,,,0.02375039,0.03992404,0.01132543,1.15166092,0.02062466,0.01102709,1.00356302,1.0,0.61815829,0.7954846925,1.5177963113,401,0.034299717,0.4708709558,-0.788893492,0.4036036764
20170731,20170731,211952.0,01W,PRT,-0.000881,2017,7,20170630,20170630,1573.6438139,19.363157548,1573.6438139,0.0261480461,0.0,0.0270286715,0.0674222428,0.2184639333,0.3180295542,0.4561638629,0.6943641464,0.1725282715,1.1123243004,0.141481381,0.0441021543,0.0174049622,0.0191340935,-0.023634774,-0.054754479,-0.296930515,-0.031723548,,-0.201926045,,-0.002473904,-4.8858e-05,-0.000552893,0.0043304403,0.0048576349,-0.000527195,-0.021039133,-0.018803876,-0.002235258,-0.025501791,0.02490004,-0.013436643,0.0102767204,0.1333910147,0.1671754952,0.1738501094,0.3666158042,0.1050128954,0.0920371494,-0.080570078,-0.002436116,-0.078133963,-0.059845771,-2.130172466,-0.034945731,-1.243871256,0.7179522996,0.3934255698,0.5013617019,0.6899801282,,0.0450392762,-0.118575801,0.0698772427,1.0,-0.002697162,0.0072505409,-0.007467986,1.2902129994,-0.056762094,0.038425686,0.0099666476,0.0241227311,0.0062687746,,-0.030251104,-0.132448336,0.0564523889,-0.093913229,0.1485241027,1.803380546,,0.1113098713,0.1632243402,0.3812611988,0.1697412014,1.4820177081,0.0879401029,0.114004338,-0.003578938,3.7378677435,0.0624591648,1.0951398934,,0.4759187513,7.0,-2.094324229,1.420072455,1021.7084933,1.7167109775,,,2.741595639,0.7334651269,1.3168809083,1.193401425,1.3911676225,0.0770232967,0.2410962025,0.1706699405,0.0310257776,0.0310257776,,0.9192312015,0.1424973069,0.5003726569,14.746000723,0.8132422812,,,0.4503166749,0.6139924086,0.00655506,835839.61771475,1.1519956,0.00061559,1.06173283,0.00741516,0.00777307,0.00548562,0.00853313,-0.04017233,0.6890145,0.95885755,,,,,0.01749868,0.03144284,0.01121793,0.47614974,0.01722353,0.01053443,0.71907108,0.99931946,0.61608873,0.8451398591,1.3197660352,402,0.0343046592,0.4458963214,-0.651694624,0.4458963214
20170831,20170831,211952.0,01W,PRT,-0.067553,2017,8,20170731,20170731,1572.2575775,19.346100376,1572.2575775,0.0261711005,0.0,0.0270286715,-0.000880909,0.2686299275,0.3993755824,0.5481298633,0.5844340584,0.1261928672,1.449983799,0.0376146658,0.0406025566,0.0299684174,0.0215674211,-0.053597027,-0.038050244,-0.371280763,-0.032075814,-0.282613635,-0.151149825,,-0.002696696,-1.76e-05,-0.000552893,-0.003923939,-0.002724528,-0.001199412,-0.054127708,-0.021197066,-0.032930642,-0.038685075,0.0386674747,-0.014368125,0.0024425463,0.1224581936,0.1679165617,0.173425302,0.3523249894,0.1017513678,0.1008706919,-0.080570078,-0.002436116,-0.112220119,-0.062399016,-2.276439414,-0.023731541,-0.865773526,0.6901567644,0.4155939095,0.5027093348,0.8237153342,,0.0490191244,-0.118575801,0.0698772427,2.0,-0.032300784,-0.056541448,-0.022797066,1.0198052281,-0.014273704,0.0132270275,0.0035386535,-0.004794826,-0.000987989,,-0.071802919,-0.008741512,0.0247773456,-0.261357159,0.6330312843,-0.130704752,,0.105075607,0.1589167331,0.3555487334,0.1641302213,1.5334896727,0.089809812,0.1110262859,0.0016708991,3.7120909669,0.0564068233,1.0923915059,0.1904148717,0.4630198771,6.0,-2.14308068,1.440993363,1012.3690255,0.8683340256,-0.303980021,0.0063973721,2.8142057951,0.7581187585,1.3342828078,1.1963329039,1.4547871977,0.0771396206,0.2527432933,0.1822165628,0.0310531326,0.0310531326,,0.8041260876,0.1422602268,0.479506907,14.729419354,0.8025313442,,,0.5612653334,0.577173913,0.00712092,926436.67728003,1.02670078,0.00065723,0.9846535,0.00729094,0.00775265,0.00621541,0.00871813,0.02736587,-0.032913,0.81989301,,,,,0.01126833,0.01613466,0.0089109,-0.06743228,0.01410836,0.01043842,0.6197886,0.96253231,0.61758945,0.8430299004,0.8856075869,403,0.3086974533,0.6054055146,-0.514495755,0.4708709558
20170929,20170930,211952.0,01W,PRT,0.062556,2017,9,20170831,20170831,1466.0466987,18.039211255,1466.0466987,0.0280671216,0.0,0.0270286715,-0.067553104,0.0664819413,0.3503428846,0.5411217009,0.5256514475,0.0911985397,1.2582429561,-0.017592724,0.0360607039,-0.054423459,0.027237118,-0.053597027,-0.038050244,-0.371280763,-0.032075814,-0.282613635,-0.151149825,,-0.002696696,-1.76e-05,-0.000552893,-0.003923939,-0.002724528,-0.001199412,-0.054127708,-0.021197066,-0.032930642,-0.038685075,0.0386674747,-0.014368125,0.0024425463,0.1224581936,0.1679165617,0.173425302,0.3523249894,0.1017513678,0.1008706919,-0.080570078,-0.002436116,-0.112220119,-0.062399016,-2.276439414,-0.023731541,-0.865773526,0.6901567644,0.4155939095,0.5027093348,0.8237153342,,0.0490191244,-0.118575801,0.0698772427,2.0,-0.032300784,-0.056541448,-0.022797066,1.0198052281,-0.014273704,0.0132270275,0.0035386535,-0.004794826,-0.000987989,,-0.071802919,-0.008741512,0.0247773456,-0.261357159,0.6330312843,-0.130704752,,0.105075607,0.1589167331,0.3555487334,0.1641302213,1.5334896727,0.089809812,0.1110262859,0.0016708991,3.7120909669,0.0564068233,1.0923915059,0.1904148717,0.4630198771,6.0,-2.14308068,1.440993363,1012.3690255,0.8683340256,-0.303980021,0.0063973721,3.0180869341,0.8130422883,1.4309477706,1.2830037919,1.560182358,0.0827281649,0.27105382,0.1954176302,0.033302843,0.033302843,,0.8296436224,0.1467746063,0.4754645211,14.39587899,0.7796941115,,,0.5591300763,0.5657181572,0.00746666,959419.61239818,0.96607995,0.00066439,0.95360928,0.00719855,0.00773066,0.00663968,0.00644911,1.04389227,-0.36076927,0.32100213,,,,,0.00727738,0.01533449,0.00679951,1.00756704,0.01326352,0.01010795,0.57672992,0.89751027,0.61135395,0.8014509993,0.602510985,404,0.4116361391,0.5144957554,-0.445896321,0.5144957554
20171031,20171031,211952.0,01W,PRT,0.043488,2017,10,20170929,20170930,1557.756067,19.167664169,1557.756067,0.0264147333,0.0,0.0270286715,0.0625555574,-0.068374504,0.2116865644,0.310698379,0.4480643538,0.1500578712,1.3959963307,0.0040124754,0.0413828023,0.0586541347,0.0182410114,-0.053597027,-0.038050244,-0.371280763,-0.032075814,-0.282613635,-0.151149825,,-0.002696696,-1.76e-05,-0.000552893,-0.003923939,-0.002724528,-0.001199412,-0.054127708,-0.021197066,-0.032930642,-0.038685075,0.0386674747,-0.014368125,0.0024425463,0.1224581936,0.1679165617,0.173425302,0.3523249894,0.1017513678,0.1008706919,-0.080570078,-0.002436116,-0.112220119,-0.062399016,-2.276439414,-0.023731541,-0.865773526,0.6901567644,0.4155939095,0.5027093348,0.8237153342,,0.0490191244,-0.118575801,0.0698772427,2.0,-0.032300784,-0.056541448,-0.022797066,1.0198052281,-0.014273704,0.0132270275,0.0035386535,-0.004794826,-0.000987989,,-0.071802919,-0.008741512,0.0247773456,-0.261357159,0.6330312843,-0.130704752,,0.105075607,0.1589167331,0.3555487334,0.1641302213,1.5334896727,0.089809812,0.1110262859,0.0016708991,3.7120909669,0.0564068233,1.0923915059,0.1904148717,0.4630198771,6.0,-2.14308068,1.440993363,1012.3690255,0.8683340256,-0.303980021,0.0063973721,2.8404038859,0.7651762608,1.3467039541,1.2074698428,1.4683301472,0.0778577311,0.2550961389,0.1839128588,0.0313422133,0.0313422133,,0.8075172076,0.1428601595,0.4774177514,14.686560457,0.8284461332,,,0.5621191077,0.5291327913,0.00758207,1015947.83311682,0.89242769,0.00069105,0.90349753,0.00709619,0.00773329,0.00605638,0.00955753,0.28905026,0.6761965,1.76850506,,,,,0.02296324,0.03018492,0.01287224,1.00944311,0.01158434,0.00998423,0.41621045,0.95365452,0.6094211,0.810752376,2.0098187492,405,0.2799416849,0.3772968873,-0.489897949,0.5144957554
20171130,20171130,211952.0,01W,PRT,0.00904,2017,11,20171031,20171031,1625.5000899,20.001231572,1625.5000899,0.025313878,0.0,0.0270286715,0.0434882099,-0.009223368,0.2558216471,0.3852472741,0.5324997091,0.1903055577,1.1816473567,0.0036625281,0.0450033188,-0.006809381,0.0219503037,0.0086365509,-0.012272731,-0.407262678,0.0258743246,-0.12294852,-0.13771158,,0.0020454587,3.07713e-05,-0.000552893,0.0084561679,0.0144709687,-0.006014801,-0.012032747,-0.013072656,0.0010399093,-0.00420523,0.0042360012,-0.005424431,0.0093279594,0.1393311172,0.1735450292,0.1813392845,0.3779668212,0.1001473968,0.1103839308,-0.080570078,-0.002436116,0.0282344306,-0.065561253,-2.468420429,-0.061325252,-2.308932447,0.7396274556,0.3988970033,0.5130639238,0.7922417694,,0.0482009189,-0.118575801,0.0698772427,3.0,-0.005017857,0.0758957066,-0.002200412,0.5720868342,0.0823682406,0.0278344081,0.0074983098,-0.000138648,0.0004312021,,-0.051072888,-0.069010477,0.0688310969,-0.090007929,1.9606849272,0.1698906591,,0.1167779545,0.1750438597,0.3917453237,0.1829054305,1.6974766183,0.0921212554,0.1157780316,0.0073938285,3.7706094573,0.0552199892,1.1161697046,0.2195916248,0.4942282435,8.0,-2.030192913,1.4916786569,1028.3990681,0.7342556728,-0.402649815,0.0075076605,2.8123966705,0.7458732341,1.3954534947,1.2598933908,1.4367616156,0.0746972627,0.2590815121,0.1919889017,0.0300360014,0.0300360014,,0.8024888905,0.1440836776,0.5082964853,14.857049857,0.8174330569,,,0.4996538141,0.5184343434,0.00738031,1047511.30722013,0.8387128,0.00069528,0.87396452,0.00706362,0.00768896,0.00885523,0.01251501,0.32790821,-0.12761104,2.01364692,,,,,0.02561426,0.03910974,0.01702332,0.45715343,0.01077279,0.01028646,0.45311315,0.97563977,0.61549508,0.8592660069,2.1401851537,406,0.4642857143,0.2099562637,-0.107142857,0.5598833698
20171229,20171231,211952.0,01W,PRT,0.058836,2017,12,20171130,20171130,1640.1943768,20.182039827,1640.1943768,0.0250870943,0.0,0.0270286715,0.0090398561,0.1087641965,0.1025970021,0.3960705369,0.5933098362,0.215863233,1.3142013274,0.0963728727,0.0370639536,0.0676790608,0.016485179,0.0086365509,-0.012272731,-0.407262678,0.0258743246,-0.12294852,-0.13771158,,0.0020454587,3.07713e-05,-0.000552893,0.0084561679,0.0144709687,-0.006014801,-0.012032747,-0.013072656,0.0010399093,-0.00420523,0.0042360012,-0.005424431,0.0093279594,0.1393311172,0.1735450292,0.1813392845,0.3779668212,0.1001473968,0.1103839308,-0.080570078,-0.002436116,0.0282344306,-0.065561253,-2.468420429,-0.061325252,-2.308932447,0.7396274556,0.3988970033,0.5130639238,0.7922417694,,0.0482009189,-0.118575801,0.0698772427,3.0,-0.005017857,0.0758957066,-0.002200412,0.5720868342,0.0823682406,0.0278344081,0.0074983098,-0.000138648,0.0004312021,,-0.051072888,-0.069010477,0.0688310969,-0.090007929,1.9606849272,0.1698906591,,0.1167779545,0.1750438597,0.3917453237,0.1829054305,1.6974766183,0.0921212554,0.1157780316,0.0073938285,3.7706094573,0.0552199892,1.1161697046,0.2195916248,0.4942282435,8.0,-2.030192913,1.4916786569,1028.3990681,0.7342556728,-0.402649815,0.0075076605,2.7872007766,0.7391910534,1.3829518094,1.2486061708,1.4238898562,0.0740280597,0.2567604347,0.1902688982,0.0297669128,0.0297669128,,0.7992916241,0.1435096211,0.5078557078,14.897152295,0.8110919322,,,0.4996943845,0.526191796,0.00768778,844597.0208904,0.56733725,0.0005427,0.56400751,0.00744437,0.0076809,0.00479502,0.0168152,1.35174082,-0.12147375,1.68199775,,,,,0.02513833,0.04596235,0.01786437,0.74348225,0.01312196,0.01074821,0.69565345,0.98445941,0.61289404,0.9623878949,2.0049169684,407,0.4898979486,0.2400980192,-0.139970842,0.5830951895
20180131,20180131,211952.0,01W,PRT,0.071289,2018,1,20171229,20171231,1736.6975914,21.369479407,1736.6975914,0.0236930777,0.0,0.0270286715,0.0588364501,0.0529211932,0.0422907409,0.3556194977,0.4663926551,0.3180295542,1.26493845,0.0053727394,0.041924291,0.0784149103,0.0149672305,0.0086365509,-0.012272731,-0.407262678,0.0258743246,-0.12294852,-0.13771158,,0.0020454587,3.07713e-05,-0.000552893,0.0084561679,0.0144709687,-0.006014801,-0.012032747,-0.013072656,0.0010399093,-0.00420523,0.0042360012,-0.005424431,0.0093279594,0.1393311172,0.1735450292,0.1813392845,0.3779668212,0.1001473968,0.1103839308,-0.080570078,-0.002436116,0.0282344306,-0.065561253,-2.468420429,-0.061325252,-2.308932447,0.7396274556,0.3988970033,0.5130639238,0.7922417694,,0.0482009189,-0.118575801,0.0698772427,3.0,-0.005017857,0.0758957066,-0.002200412,0.5720868342,0.0823682406,0.0278344081,0.0074983098,-0.000138648,0.0004312021,,-0.051072888,-0.069010477,0.0688310969,-0.090007929,1.9606849272,0.1698906591,,0.1167779545,0.1750438597,0.3917453237,0.1829054305,1.6974766183,0.0921212554,0.1157780316,0.0073938285,3.7706094573,0.0552199892,1.1161697046,0.2195916248,0.4942282435,8.0,-2.030192913,1.4916786569,1028.3990681,0.7342556728,-0.402649815,0.0075076605,2.632324167,0.6981163647,1.3061052151,1.1792247713,1.3447684541,0.0699145366,0.242493007,0.1796962111,0.0281128524,0.0281128524,,0.7789108435,0.1398503333,0.4964854477,15.143657923,0.7974530411,,,0.4963094715,0.5236244019,0.00713487,793900.83470521,0.51838212,0.00050152,0.49939272,0.00757007,0.00764574,0.00710866,0.00973437,0.89191377,0.66429648,1.14581879,,,,,0.01657468,0.02977968,0.01024914,1.14632794,0.01312648,0.0107527,0.6569738,0.9936946,0.61366918,0.9822570601,1.3523800321,408,0.4898979486,0.2400980192,-0.139970842,0.5830951895
20180228,20180228,211952.0,01W,PRT,0.025067,2018,2,20180131,20180131,1860.5050832,22.892888928,1860.5050832,0.0221164196,0.0,0.0270286715,0.0712890329,0.0684081792,0.1045884696,0.4000795606,0.5443724825,0.3993755824,0.7723749539,0.0353983987,0.0451870759,0.0550557486,0.0107406836,0.0319106489,0.028552687,-0.09259774,-0.010643202,-0.088030201,-0.100724421,,-0.00086048,3.80769e-05,-0.000552893,0.0023255908,0.0011482544,0.0011773364,0.0115783874,-0.010217535,0.0217959225,0.0139339788,-0.013895902,-0.00890655,0.0235190153,0.13569562,0.1706090165,0.1842689958,0.3565435858,0.1039717629,0.1074325748,-0.080570078,-0.002436116,0.0377603652,-0.073033781,-2.555504535,-0.086929683,-3.041732137,0.7559311333,0.3976294177,0.5144420848,0.7917173364,,0.0557528911,-0.118575801,0.0698772427,4.0,0.0237063505,0.1093468035,0.0108417537,0.1294788085,0.1072138232,0.0338837503,0.0089862794,0.0105665781,0.0029683251,,0.0210323171,0.033177613,0.0372161568,-0.082100446,2.1125735082,0.9185914682,,0.1147848027,0.1760532609,0.3899051484,0.190149139,1.5990976846,0.1016127876,0.1112352148,0.0078746988,3.6380467788,0.0543234924,1.1255626043,0.4034719845,0.5079984462,8.0,-2.073698714,1.4907966535,1177.8622147,0.2161950695,-0.543516592,0.007153997,2.5432066679,0.6990582646,1.2457425985,1.1039514742,1.2881032015,0.0726823202,0.2584223189,0.1844313048,0.0262420799,0.0262420799,,0.7732942587,0.1344584908,0.5117906452,15.109912528,0.6796134707,,,0.5125281804,0.5849232289,0.00764397,797183.78210339,0.50890096,0.00049108,0.49290737,0.0076546,0.00760692,0.00336967,0.0068362,0.59882794,0.03165623,0.39260352,,,,,0.01418646,0.02000068,0.0082373,0.23221155,0.01287611,0.01047495,0.71442085,0.98128985,0.61242578,0.9930533699,1.1878975921,409,0.629868791,0.6516946235,-0.279941685,0.5830951895
20180329,20180331,211952.0,01W,PRT,-0.029525,2018,3,20180228,20180228,1907.1417546,23.466737476,1907.1417546,0.0215755913,0.0,0.0270286715,0.0250666724,0.1343198767,0.2690626328,0.2620038226,0.59790599,0.3503428846,0.9693575944,0.039149124,0.043906853,0.0148510342,0.016749396,0.0319106489,0.028552687,-0.09259774,-0.010643202,-0.088030201,-0.100724421,,-0.00086048,3.80769e-05,-0.000552893,0.0023255908,0.0011482544,0.0011773364,0.0115783874,-0.010217535,0.0217959225,0.0139339788,-0.013895902,-0.00890655,0.0235190153,0.13569562,0.1706090165,0.1842689958,0.3565435858,0.1039717629,0.1074325748,-0.080570078,-0.002436116,0.0377603652,-0.073033781,-2.555504535,-0.086929683,-3.041732137,0.7559311333,0.3976294177,0.5144420848,0.7917173364,,0.0557528911,-0.118575801,0.0698772427,4.0,0.0237063505,0.1093468035,0.0108417537,0.1294788085,0.1072138232,0.0338837503,0.0089862794,0.0105665781,0.0029683251,,0.0210323171,0.033177613,0.0372161568,-0.082100446,2.1125735082,0.9185914682,,0.1147848027,0.1760532609,0.3899051484,0.190149139,1.5990976846,0.1016127876,0.1112352148,0.0078746988,3.6380467788,0.0543234924,1.1255626043,0.4034719845,0.5079984462,8.0,-2.073698714,1.4907966535,1177.8622147,0.2161950695,-0.543516592,0.007153997,2.4810158561,0.6819637039,1.2152795833,1.0769557765,1.2566043128,0.0709049685,0.2521029372,0.179921277,0.0256003639,0.0256003639,,0.7641896327,0.132875401,0.5072327848,15.213190792,0.6513117453,,,0.5084899572,0.5880460005,0.00733351,872253.80891735,0.51983982,0.00052032,0.49419845,0.00762183,0.0075529,0.00807208,0.01250241,1.10323659,-0.07313547,0.7433485,,,,,0.02484215,0.03720082,0.01718341,0.34492024,0.01328169,0.01052697,0.75458681,0.96930126,0.61336404,0.9584522516,2.0121067241,410,0.5949367913,0.629868791,-0.279941685,0.4898979486
20180430,20180430,211952.0,01W,PRT,-0.016465,2018,4,20180329,20180331,1850.8324821,22.773870826,1850.8324821,0.0222320018,0.0,0.0270286715,-0.029525478,0.0981426842,0.2242878041,0.2119272085,0.5762513176,0.2116865644,1.0299077862,0.025212693,0.0389306556,0.0241461266,0.0166088607,0.0319106489,0.028552687,-0.09259774,-0.010643202,-0.088030201,-0.100724421,,-0.00086048,3.80769e-05,-0.000552893,0.0023255908,0.0011482544,0.0011773364,0.0115783874,-0.010217535,0.0217959225,0.0139339788,-0.013895902,-0.00890655,0.0235190153,0.13569562,0.1706090165,0.1842689958,0.3565435858,0.1039717629,0.1074325748,-0.080570078,-0.002436116,0.0377603652,-0.073033781,-2.555504535,-0.086929683,-3.041732137,0.7559311333,0.3976294177,0.5144420848,0.7917173364,,0.0557528911,-0.118575801,0.0698772427,4.0,0.0237063505,0.1093468035,0.0108417537,0.1294788085,0.1072138232,0.0338837503,0.0089862794,0.0105665781,0.0029683251,,0.0210323171,0.033177613,0.0372161568,-0.082100446,2.1125735082,0.9185914682,,0.1147848027,0.1760532609,0.3899051484,0.190149139,1.5990976846,0.1016127876,0.1112352148,0.0078746988,3.6380467788,0.0543234924,1.1255626043,0.4034719845,0.5079984462,8.0,-2.073698714,1.4907966535,1177.8622147,0.2161950695,-0.543516592,0.007153997,2.5564976728,0.7027116,1.2522529507,1.1097208144,1.2948349336,0.0730621639,0.259772855,0.1853951578,0.0263792231,0.0263792231,,0.7752098196,0.1347915638,0.5021122489,15.087840588,0.6506129892,,,0.5095431055,0.6160287081,0.00754081,914616.24698528,0.5522039,0.00052667,0.53392232,0.0076277,0.00749534,0.00600099,0.01190624,-0.13685979,-0.127928,-0.17624405,,,,,0.01390832,0.02888408,0.01299781,-0.07469565,0.01305933,0.01084022,0.76017081,0.94068218,0.61589745,0.9939210869,1.0973107124,411,0.4644369885,0.4642857143,-0.321428571,0.5357142857
20180531,20180531,211952.0,01W,PRT,0.123112,2018,5,20180430,20180430,1820.3593237,22.398908868,1820.3593237,0.0226041697,0.0,0.0270286715,-0.016464569,-0.005198911,0.1386234265,0.1771814673,0.4920920839,0.2558216471,0.9901414666,0.1884986809,0.020297633,-0.022164712,0.0203533586,0.1097647603,0.187403534,0.5241747004,0.0349387723,-0.043568869,0.0749193562,2.4906847123,0.0023772629,3.18979e-05,,0.0442583405,0.0127968535,0.031461487,0.0335159886,0.0021177821,0.0313982064,0.0479570199,-0.047934158,0.0079161374,0.0370607381,0.1205879187,0.1860878904,0.1966728259,0.3858525685,0.1119055864,0.0902324437,,,0.0027464212,-0.076589665,-2.460751211,-0.124523824,-4.000828943,0.8050911708,0.422846375,0.571176538,0.7482710095,,0.0616864314,0.1836726481,0.0031469979,5.0,0.0697594726,0.2254269642,0.0261762301,0.0716007212,0.1586947132,0.0424659281,0.0116727273,0.0040402421,0.0017060797,,0.1357224533,-0.12250836,0.0432507114,-0.045284941,2.285940208,0.439698027,0.4055603976,0.1332640599,0.2065137831,0.4451710904,0.2182605715,1.6793695051,0.1077141711,0.1200831605,0.0197740683,3.5954172934,0.0528226854,1.1302028717,,0.5563706305,9.0,-2.116082305,1.6497662157,1330.3869505,1.4173384209,,,2.6301689529,0.7315337103,1.2645375043,1.1022917677,1.4279964079,0.0818627088,0.2833064687,0.1905127236,,,,0.9077687035,0.1502355693,0.5412899182,15.115596825,0.6711284071,,,0.5383447199,0.6115288221,0.0077566,888101.15500755,0.5774758,0.00050041,0.56940391,0.0076766,0.00749675,0.00692709,0.01274001,0.92229939,-0.26843204,0.97164521,,,,,0.01674669,0.03262093,0.01307392,0.89000052,0.01325586,0.01113309,0.73422892,0.92519425,0.61196664,1.0348279699,1.3097409896,412,0.6332594858,0.6563924617,0.037250558,0.3646624787
20180629,20180630,211952.0,01W,PRT,0.087873,2018,6,20180531,20180531,2044.4665702,25.156473116,2044.4665702,0.02012638,0.0,0.0270286715,0.1231115437,-0.045503923,0.109843656,0.2416789488,0.2347724528,0.1025970021,1.5393786958,0.0674222428,0.0253602967,-0.034896852,0.0273530542,0.1097647603,0.187403534,0.5241747004,0.0349387723,-0.043568869,0.0749193562,2.4906847123,0.0023772629,3.18979e-05,,0.0442583405,0.0127968535,0.031461487,0.0335159886,0.0021177821,0.0313982064,0.0479570199,-0.047934158,0.0079161374,0.0370607381,0.1205879187,0.1860878904,0.1966728259,0.3858525685,0.1119055864,0.0902324437,,,0.0027464212,-0.076589665,-2.460751211,-0.124523824,-4.000828943,0.8050911708,0.422846375,0.571176538,0.7482710095,,0.0616864314,0.1836726481,0.0031469979,5.0,0.0697594726,0.2254269642,0.0261762301,0.0716007212,0.1586947132,0.0424659281,0.0116727273,0.0040402421,0.0017060797,,0.1357224533,-0.12250836,0.0432507114,-0.045284941,2.285940208,0.439698027,0.4055603976,0.1332640599,0.2065137831,0.4451710904,0.2182605715,1.6793695051,0.1077141711,0.1200831605,0.0197740683,3.5954172934,0.0528226854,1.1302028717,,0.5563706305,9.0,-2.116082305,1.6497662157,1330.3869505,1.4173384209,,,2.3418590678,0.6513455537,1.1259233434,0.9814624147,1.2714644559,0.0728892061,0.2522514084,0.1696293878,,,,0.8575500281,0.1419243869,0.5134740508,15.577930291,0.6494903136,,,0.5462154406,0.5770721527,0.00729819,947932.12006392,0.56513417,0.00051657,0.57118309,0.00761195,0.00766363,0.0043138,0.01788349,0.7980676,-0.36418184,0.20353231,,,,,0.03496664,0.04601302,0.01914148,0.61908219,0.01234937,0.01207896,0.68489236,0.99111573,0.60593254,1.0526240507,2.5997363451,413,0.5105274702,0.6785714286,-0.072932496,0.3214285714
20180731,20180731,211952.0,01W,PRT,-0.121614,2018,7,20180629,20180630,2176.1966635,26.777367583,2176.1966635,0.0222088127,0.0,0.0217825346,0.0878729072,0.1046199967,0.1772150663,0.3124433366,0.2991927093,0.0422907409,1.7051447643,-0.000880909,0.0334288254,0.0567350214,0.0205094653,0.1097647603,0.187403534,0.5241747004,0.0349387723,-0.043568869,0.0749193562,2.4906847123,0.0023772629,3.18979e-05,,0.0442583405,0.0127968535,0.031461487,0.0335159886,0.0021177821,0.0313982064,0.0479570199,-0.047934158,0.0079161374,0.0370607381,0.1205879187,0.1860878904,0.1966728259,0.3858525685,0.1119055864,0.0902324437,,,0.0027464212,-0.076589665,-2.460751211,-0.124523824,-4.000828943,0.8050911708,0.422846375,0.571176538,0.7482710095,,0.0616864314,0.1836726481,0.0031469979,5.0,0.0697594726,0.2254269642,0.0261762301,0.0716007212,0.1586947132,0.0424659281,0.0116727273,0.0040402421,0.0017060797,,0.1357224533,-0.12250836,0.0432507114,-0.045284941,2.285940208,0.439698027,0.4055603976,0.1332640599,0.2065137831,0.4451710904,0.2182605715,1.6793695051,0.1077141711,0.1200831605,0.0197740683,3.5954172934,0.0528226854,1.1302028717,,0.5563706305,9.0,-2.116082305,1.6497662157,1330.3869505,1.4173384209,,,2.2001010554,0.611918138,1.0577686635,0.9220522807,1.1944998441,0.0684770581,0.2369820616,0.1593613383,,,,0.8305427306,0.1374546837,0.507073509,15.805253309,0.6566596066,,,0.544053224,0.6269699293,0.00653179,1067741.65786396,0.64518571,0.00054915,0.61058508,0.00748903,0.00767132,0.0042068,0.01267868,-0.25328057,-0.20234113,2.01808667,,,,,0.02335794,0.03253082,0.01726314,-0.35888949,0.01266043,0.01243541,0.8707541,0.93962556,0.60841985,1.0948507085,1.6721952369,414,0.5587583698,0.6563924617,0.037250558,0.291729983
20180831,20180831,211952.0,01W,PRT,-0.121529,2018,8,20180731,20180731,1911.5400289,23.52085676,1911.5400289,0.0252836683,0.0,0.0217825346,-0.1216143,0.2218026202,0.1954387072,0.3682680211,0.4146026854,0.1045884696,1.60073611,-0.067553104,0.0285141711,0.0079432064,0.0240334838,0.1116554343,0.117838526,0.6250219951,0.0172260429,0.1363460545,0.0275315076,2.2822279215,0.0012609881,3.2785e-05,,0.015241897,0.0167811026,-0.001539206,0.0485112089,0.0039056555,0.0446055534,0.0438617064,-0.043828921,0.007782239,0.0314039141,0.1227204098,0.1806352947,0.2142159341,0.3858525685,0.121026123,0.1057611448,,,-0.020430253,-0.09888463,-2.984815643,-0.142713551,-4.30778414,0.7771169054,0.408481909,0.5473052728,0.8618056688,,0.0807504049,0.1836726481,0.0031469979,6.0,0.0478749395,0.2449942588,0.0378846035,0.0216825897,0.1237303596,0.0251285674,0.0069890562,0.01190154,0.0034504027,,0.0955131007,-0.032829084,0.0429323606,-0.051677657,1.0745169136,1.013007554,0.4609670521,0.128208671,0.200804207,0.4451710904,0.2381343072,1.6932768818,0.1320138552,0.1153313042,0.0422040433,3.6531528254,0.0650001065,1.145781393,0.154133245,0.5592641246,8.0,-2.221542753,1.6321274053,1441.5549736,-0.154446207,-0.240458358,0.0062238232,2.5731573716,0.7043661994,1.2103217836,1.002538284,1.3375771577,0.0852467103,0.3396924248,0.2454268121,,,,0.7750481242,0.1481947176,0.5149998418,14.994371017,0.6419331312,,,0.5470351013,0.6321687541,0.00762266,1033541.20151733,0.67335722,0.00052261,0.64999596,0.00745539,0.00770983,0.00593176,0.01300744,0.04903342,0.46245945,0.68331278,,,,,0.01280757,0.02713954,0.01400309,0.46740978,0.01416906,0.01287415,0.8511444,0.82535365,0.60536023,1.1203813075,0.8870787203,415,1.2845232579,0.9136643852,0.9731236802,0.2284160963
20180928,20180930,211952.0,01W,PRT,-0.037284,2018,9,20180831,20180831,1679.2325618,20.662391557,1679.2325618,0.0287814477,0.0,0.0217825346,-0.121528958,-0.044427995,0.0243785048,0.1910996933,0.3325871685,0.2690626328,1.4293816524,0.0625555574,0.0117792152,-0.040303037,0.0269247473,0.1116554343,0.117838526,0.6250219951,0.0172260429,0.1363460545,0.0275315076,2.2822279215,0.0012609881,3.2785e-05,,0.015241897,0.0167811026,-0.001539206,0.0485112089,0.0039056555,0.0446055534,0.0438617064,-0.043828921,0.007782239,0.0314039141,0.1227204098,0.1806352947,0.2142159341,0.3858525685,0.121026123,0.1057611448,,,-0.020430253,-0.09888463,-2.984815643,-0.142713551,-4.30778414,0.7771169054,0.408481909,0.5473052728,0.8618056688,,0.0807504049,0.1836726481,0.0031469979,6.0,0.0478749395,0.2449942588,0.0378846035,0.0216825897,0.1237303596,0.0251285674,0.0069890562,0.01190154,0.0034504027,,0.0955131007,-0.032829084,0.0429323606,-0.051677657,1.0745169136,1.013007554,0.4609670521,0.128208671,0.200804207,0.4451710904,0.2381343072,1.6932768818,0.1320138552,0.1153313042,0.0422040433,3.6531528254,0.0650001065,1.145781393,0.154133245,0.5592641246,8.0,-2.221542753,1.6321274053,1441.5549736,-0.154446207,-0.240458358,0.0062238232,2.9291316928,0.8018092406,1.3777594538,1.1412308837,1.5226195208,0.0970398638,0.3866859673,0.2793795131,,,,0.8251227248,0.1577693376,0.5266409469,14.39411268,0.6725101442,,,0.5282342657,0.6159274194,0.00773476,942877.91754019,0.71957612,0.00047661,0.68077235,0.00752094,0.00772804,0.00613133,0.01119793,-0.72748314,-0.20732255,1.98932783,,,,,0.01824791,0.02674886,0.01812349,-0.20646815,0.01665419,0.01327071,1.0518407,0.72504928,0.60757336,1.1520148685,1.1898965262,416,1.2634656762,0.8952737858,0.9374100178,0.2724746305
20181031,20181031,211952.0,01W,PRT,-0.039539,2018,10,20180928,20180930,1616.6238823,19.892012825,1616.6238823,0.0298960968,0.0,0.0217825346,-0.037284103,-0.228363599,-0.072735211,-0.011795836,0.1017204992,0.2242878041,1.4206026533,0.0434882099,0.0044362777,0.0339928342,0.020082994,0.1116554343,0.117838526,0.6250219951,0.0172260429,0.1363460545,0.0275315076,2.2822279215,0.0012609881,3.2785e-05,,0.015241897,0.0167811026,-0.001539206,0.0485112089,0.0039056555,0.0446055534,0.0438617064,-0.043828921,0.007782239,0.0314039141,0.1227204098,0.1806352947,0.2142159341,0.3858525685,0.121026123,0.1057611448,,,-0.020430253,-0.09888463,-2.984815643,-0.142713551,-4.30778414,0.7771169054,0.408481909,0.5473052728,0.8618056688,,0.0807504049,0.1836726481,0.0031469979,6.0,0.0478749395,0.2449942588,0.0378846035,0.0216825897,0.1237303596,0.0251285674,0.0069890562,0.01190154,0.0034504027,,0.0955131007,-0.032829084,0.0429323606,-0.051677657,1.0745169136,1.013007554,0.4609670521,0.128208671,0.200804207,0.4451710904,0.2381343072,1.6932768818,0.1320138552,0.1153313042,0.0422040433,3.6531528254,0.0650001065,1.145781393,0.154133245,0.5592641246,8.0,-2.221542753,1.6321274053,1441.5549736,-0.154446207,-0.240458358,0.0062238232,3.0425712315,0.8328617435,1.4311173814,1.1854285226,1.5815875954,0.1007980278,0.4016615581,0.2901993349,,,,0.8397447489,0.1605651727,0.5165588329,14.202826329,0.6728753763,,,0.5361271297,0.6058106169,0.00731941,929555.83345393,0.69108878,0.00047939,0.63756459,0.00748095,0.00771088,0.00529449,0.01234031,-0.04246212,0.46066122,0.37494908,,,,,0.01477947,0.02134039,0.01351566,-0.10566916,0.01677952,0.01341907,0.93633708,0.69801647,0.60596465,1.1294421222,0.960670081,417,1.2742364957,0.9136643852,0.8760375908,0.3045547951
20181130,20181130,211952.0,01W,PRT,-0.17267,2018,11,20181031,20181031,1552.7044861,19.105506166,1552.7044861,0.0311268142,0.0,0.0217825346,-0.039538817,-0.154281962,-0.092363605,-0.111948476,0.0164406542,0.1386234265,1.413402656,0.0090398561,2.00347e-05,0.007562689,0.0224149827,-0.002612821,0.103569267,0.9364881835,-0.005046146,-0.020100274,0.0780414231,2.0443275778,-0.00041031,0.0082835926,,0.0078850222,0.0134730413,-0.005588019,-0.027343599,-0.004020777,-0.023322823,-0.024447632,0.0327312246,0.0065214515,0.0060238682,0.1246077843,0.1974078555,0.2085714195,0.3858525685,0.1347651942,0.1122667482,,,-0.026177421,-0.083165266,-2.26939827,-0.050434041,-1.376234714,0.7044590191,0.4437895882,0.5645149878,0.900960954,,0.0568825083,0.1836726481,0.0031469979,7.0,-0.028835303,0.0439885393,-0.004868514,0.1478288197,0.032404236,0.0277164383,0.0075869912,-0.00011797,8.86814e-05,,0.0890942165,-0.037091594,0.0401998347,-0.057220362,-0.03725277,-0.467413864,0.6011633691,0.12507849,0.1968920642,0.4451710904,0.2080264598,1.6915820427,0.1198116608,0.1254061538,0.0276904053,3.6774475038,0.0775519772,1.1580474176,0.2077174095,0.493488027,8.0,-2.263209414,1.7373838794,1408.4482828,-0.197304372,-0.298360281,0.0076022743,2.9365577539,0.7985315224,1.3890848008,1.2220460301,1.6599022147,0.1076142557,0.3518338614,0.2158185717,,,,0.8291316305,0.1657312263,0.4525920355,14.356988376,0.6685154786,,,0.5718391428,0.5652777778,0.00692844,974184.17794481,0.65535588,0.00052087,0.60396445,0.00733197,0.00766306,0.01056966,0.02076146,2.01612362,0.16062137,0.75305232,,,,,0.0297821,0.06309676,0.02259234,0.96810917,0.01702968,0.01420712,0.89758167,0.67041773,0.60266441,1.1537531337,1.8615211943,418,1.0189239324,0.9731236802,0.7743821886,0.5060243137
20181231,20181231,211952.0,01W,PRT,-0.051143,2018,12,20181130,20181130,1284.5986675,15.806554294,1284.5986675,0.0376232245,0.0,0.0217825346,-0.172670216,-0.075348751,-0.223808596,-0.167918497,-0.032494319,0.109843656,1.1822279265,0.0588364501,-0.021026026,0.0617174769,0.0150624377,-0.002612821,0.103569267,0.9364881835,-0.005046146,-0.020100274,0.0780414231,2.0443275778,-0.00041031,0.0082835926,,0.0078850222,0.0134730413,-0.005588019,-0.027343599,-0.004020777,-0.023322823,-0.024447632,0.0327312246,0.0065214515,0.0060238682,0.1246077843,0.1974078555,0.2085714195,0.3858525685,0.1347651942,0.1122667482,,,-0.026177421,-0.083165266,-2.26939827,-0.050434041,-1.376234714,0.7044590191,0.4437895882,0.5645149878,0.900960954,,0.0568825083,0.1836726481,0.0031469979,7.0,-0.028835303,0.0439885393,-0.004868514,0.1478288197,0.032404236,0.0277164383,0.0075869912,-0.00011797,8.86814e-05,,0.0890942165,-0.037091594,0.0401998347,-0.057220362,-0.03725277,-0.467413864,0.6011633691,0.12507849,0.1968920642,0.4451710904,0.2080264598,1.6915820427,0.1198116608,0.1254061538,0.0276904053,3.6774475038,0.0775519772,1.1580474176,0.2077174095,0.493488027,8.0,-2.263209414,1.7373838794,1408.4482828,-0.197304372,-0.298360281,0.0076022743,3.5494403923,0.9651913151,1.6789976952,1.4770966226,2.0063368277,0.130074195,0.4252643482,0.2608616006,,,,0.8989901389,0.1796949153,0.4512617534,13.318386148,0.682206049,,,0.558870877,0.5951674671,0.00701538,929818.00885179,0.67360137,0.00052458,0.60677244,0.00726882,0.0076129,0.00497902,0.00999449,0.90384543,-0.03309986,1.44036602,,,,,0.01314644,0.02354181,0.01491903,0.54690709,0.01871419,0.0138499,0.91499996,0.55465655,0.60385339,1.1274644448,0.8254661415,419,1.2066733635,1.0210549405,0.8174238914,0.583459966
20190131,20190131,211952.0,01W,PRT,0.16542,2019,1,20181231,20181231,1218.9003382,14.998158462,1218.9003382,0.039651104,0.0,0.0217825346,-0.051143078,-0.205381857,-0.409704698,-0.290650301,-0.244032196,0.1772150663,1.2590712249,0.0712890329,-0.032156218,0.0085637326,0.0207131596,-0.002612821,0.103569267,0.9364881835,-0.005046146,-0.020100274,0.0780414231,2.0443275778,-0.00041031,0.0082835926,,0.0078850222,0.0134730413,-0.005588019,-0.027343599,-0.004020777,-0.023322823,-0.024447632,0.0327312246,0.0065214515,0.0060238682,0.1246077843,0.1974078555,0.2085714195,0.3858525685,0.1347651942,0.1122667482,,,-0.026177421,-0.083165266,-2.26939827,-0.050434041,-1.376234714,0.7044590191,0.4437895882,0.5645149878,0.900960954,,0.0568825083,0.1836726481,0.0031469979,7.0,-0.028835303,0.0439885393,-0.004868514,0.1478288197,0.032404236,0.0277164383,0.0075869912,-0.00011797,8.86814e-05,,0.0890942165,-0.037091594,0.0401998347,-0.057220362,-0.03725277,-0.467413864,0.6011633691,0.12507849,0.1968920642,0.4451710904,0.2080264598,1.6915820427,0.1198116608,0.1254061538,0.0276904053,3.6774475038,0.0775519772,1.1580474176,0.2077174095,0.493488027,8.0,-2.263209414,1.7373838794,1408.4482828,-0.197304372,-0.298360281,0.0076022743,3.7407540676,1.017214811,1.7694951213,1.5567116471,2.1144777259,0.1370851515,0.4481859574,0.2749219554,,,,0.9179423247,0.1834831787,0.4427159039,12.994182463,0.6884391431,,,0.566036922,0.5036295006,0.00688014,773332.40007125,0.48652244,0.00049691,0.55492551,0.00735109,0.00758075,0.00948565,0.0187491,-0.30469422,0.03616536,0.49798117,,,,,0.02656953,0.04158163,0.02353928,-0.07576508,0.02175294,0.01447295,0.95584165,0.52628971,0.60502023,1.1302694851,1.5754307003,420,1.2066733635,1.0802661816,0.8952737858,0.4842572538
20190228,20190228,211952.0,01W,PRT,-0.000586,2019,2,20190131,20190131,1420.5307295,17.479152572,1420.5307295,0.0340230191,0.0,0.0217825346,0.1654199158,-0.214982407,-0.362346422,-0.315661286,-0.330427866,0.1954387072,1.0344900323,0.0250666724,-0.019396832,0.0809468706,0.01144523,-0.047232047,0.0876325499,0.8139064688,-0.033122893,-0.054299955,0.1062198358,1.0487689171,-0.002780753,1.66586e-05,,0.0064022147,0.0076461617,-0.001243947,-0.048203196,-0.009462733,-0.038740464,-0.050322336,0.0503389947,0.0098510503,-0.005112677,0.1312118517,0.2035340507,0.2046607825,0.3858525685,0.1335455636,0.1193675161,,,-0.039124816,-0.074415773,-1.966329852,-0.024076778,-0.636194263,0.6944589683,0.4519225735,0.5641967225,0.9097312061,,0.0507275749,0.1836726481,0.0031469979,8.0,-0.038095865,-0.026832529,-0.021803571,0.6459428287,0.0462993306,0.0359707908,0.009781456,0.0020870405,0.0007951765,,0.1412371667,-0.010449442,0.0498055051,-0.026975641,0.053592501,-0.622402715,0.6490628286,0.1240932711,0.1939207208,0.4451710904,0.1949942348,1.7346797628,0.112260783,0.1302450096,0.0106479954,3.5287495891,0.0773062883,1.1659914516,0.4111611738,0.4683834996,8.0,-2.303314061,1.6982060594,1412.494684,0.260372083,-0.40192044,0.0077157682,3.1735768704,0.8993488459,1.471878838,1.3108909795,1.8349028867,0.1201040485,0.3562682243,0.1804863473,,,,0.8728116496,0.1788671787,0.4188234474,13.791501027,0.726372073,,,0.626226703,0.5520819698,0.007275,753557.97154146,0.50281666,0.00051402,0.5326221,0.00731515,0.00753401,0.00712982,0.01083309,0.20771902,0.15435569,2.12762858,,,,,0.02989452,0.04963009,0.01670029,0.61373538,0.0230653,0.01477593,0.96846165,0.61334851,0.60793622,1.1832369413,1.708890147,421,0.7963978098,1.0939874362,0.5574784669,0.2187974872
20190329,20190331,211952.0,01W,PRT,-0.067086,2019,3,20190228,20190228,1419.6985494,17.468912876,1419.6985494,0.0340429622,0.0,0.0217825346,-0.000585823,0.1058167547,-0.154059562,-0.289881783,-0.238749321,0.0243785048,0.9590969642,-0.029525478,-0.016765954,0.0226002383,0.0158529184,-0.047232047,0.0876325499,0.8139064688,-0.033122893,-0.054299955,0.1062198358,1.0487689171,-0.002780753,1.66586e-05,,0.0064022147,0.0076461617,-0.001243947,-0.048203196,-0.009462733,-0.038740464,-0.050322336,0.0503389947,0.0098510503,-0.005112677,0.1312118517,0.2035340507,0.2046607825,0.3858525685,0.1335455636,0.1193675161,,,-0.039124816,-0.074415773,-1.966329852,-0.024076778,-0.636194263,0.6944589683,0.4519225735,0.5641967225,0.9097312061,,0.0507275749,0.1836726481,0.0031469979,8.0,-0.038095865,-0.026832529,-0.021803571,0.6459428287,0.0462993306,0.0359707908,0.009781456,0.0020870405,0.0007951765,,0.1412371667,-0.010449442,0.0498055051,-0.026975641,0.053592501,-0.622402715,0.6490628286,0.1240932711,0.1939207208,0.4451710904,0.1949942348,1.7346797628,0.112260783,0.1302450096,0.0106479954,3.5287495891,0.0773062883,1.1659914516,0.4111611738,0.4683834996,8.0,-2.303314061,1.6982060594,1412.494684,0.260372083,-0.40192044,0.0077157682,3.1754371157,0.8998760143,1.4727416044,1.3116593802,1.8359784458,0.1201744495,0.3564770569,0.1805921424,,,,0.8730329682,0.178912534,0.4151644292,13.788252589,0.7390732925,,,0.6131282336,0.5253378378,0.00754211,759170.31626004,0.48463178,0.00053284,0.49248407,0.00727964,0.00753905,0.00603572,0.00884171,0.94502805,0.34904118,0.62184838,,,,,0.01691631,0.02881931,0.0133696,0.19700585,0.02150118,0.01453447,0.9668291,0.6129892,0.61053141,1.2118847444,0.9816390002,422,0.751305484,0.9731236802,0.5843487098,0.1167748416
20190430,20190430,211952.0,01W,PRT,0.040135,2019,4,20190329,20190331,1324.4562724,16.29698871,1324.4562724,0.0364910078,0.0,0.0217825346,-0.067086268,0.1647371856,-0.121812708,-0.347623966,-0.216048744,-0.072735211,0.8407483528,-0.016464569,-0.021367927,0.019024765,0.0147598832,-0.047232047,0.0876325499,0.8139064688,-0.033122893,-0.054299955,0.1062198358,1.0487689171,-0.002780753,1.66586e-05,,0.0064022147,0.0076461617,-0.001243947,-0.048203196,-0.009462733,-0.038740464,-0.050322336,0.0503389947,0.0098510503,-0.005112677,0.1312118517,0.2035340507,0.2046607825,0.3858525685,0.1335455636,0.1193675161,,,-0.039124816,-0.074415773,-1.966329852,-0.024076778,-0.636194263,0.6944589683,0.4519225735,0.5641967225,0.9097312061,,0.0507275749,0.1836726481,0.0031469979,8.0,-0.038095865,-0.026832529,-0.021803571,0.6459428287,0.0462993306,0.0359707908,0.009781456,0.0020870405,0.0007951765,,0.1412371667,-0.010449442,0.0498055051,-0.026975641,0.053592501,-0.622402715,0.6490628286,0.1240932711,0.1939207208,0.4451710904,0.1949942348,1.7346797628,0.112260783,0.1302450096,0.0106479954,3.5287495891,0.0773062883,1.1659914516,0.4111611738,0.4683834996,8.0,-2.303314061,1.6982060594,1412.494684,0.260372083,-0.40192044,0.0077157682,3.4037843006,0.9645865241,1.5786471498,1.4059814266,1.9680045242,0.128816251,0.3821114907,0.1935786088,,,,0.899126359,0.184259909,0.4195904304,13.38950321,0.7406026503,,,0.6148148148,0.535093068,0.00751479,722175.5064627,0.50464153,0.00052207,0.50855109,0.00731497,0.00752872,0.00352494,0.0081608,-0.88484118,-0.34299747,1.14062963,,,,,0.00862211,0.010692,0.0122899,-1.52986448,0.0218738,0.01431463,1.01633543,0.57186604,0.61054161,1.2017949698,0.5011783643,423,0.751305484,0.9898030839,0.5843487098,0.1522773975
20190531,20190531,211952.0,01W,PRT,-0.153482,2019,5,20190430,20190430,1331.2462199,16.380536728,1331.2462199,0.0711198808,0.0,0.0560196335,0.0401350859,-0.06763279,-0.147000421,-0.307126059,-0.256398022,-0.092363605,0.771905585,0.1231115437,-0.028911241,0.0420997992,0.0117936823,-0.045346002,-0.031936669,0.5691359468,0.0659778496,-0.089839662,0.0865425423,0.6814872122,0.0048667203,0.000240232,,-0.007633877,0.0188505164,-0.026484394,-0.021740864,0.0087428503,-0.030483714,-0.069058389,0.0696487976,0.0070454868,-0.009280882,0.1364319226,0.1984336238,0.205898045,0.4175303645,0.1177139234,0.1067989207,-0.029040289,-0.000176591,-0.028863698,-0.078185054,-2.354783711,-0.008536256,-0.257095639,0.6710762748,0.4228426821,0.5377833369,0.782800086,,0.0462511071,-0.033056002,0.0011569292,8.0,-0.054384832,-0.042510074,-0.022422226,1.3916373116,-0.03566483,0.0313913048,0.008895872,-0.011074623,-0.002776855,,-0.033278944,-0.097186138,0.0741517534,0.0145033337,-1.401873384,-2.249712326,0.7204347014,0.1219217179,0.1894354522,0.4042297221,0.1965613918,1.8469529399,0.111387701,0.1277129915,0.0036735299,3.5453173829,0.0782000919,1.1453232563,,0.4722002678,6.0,-2.418370342,1.5624023346,1240.9969811,1.3924097964,,,3.4334314218,0.9684412003,1.4920339192,1.3332339147,1.8902951491,0.1139990133,0.3824420327,0.1833389385,0.0360975948,0.0360975948,,1.0349526351,0.1879339209,0.4284659435,13.268815586,0.741716458,,,0.6402608401,0.4839721254,0.00796428,623532.32657799,0.5264853,0.00046645,0.55271753,0.00749937,0.00754282,0.00305428,0.0071499,0.62740036,0.12007878,0.36797557,,,,,0.01388462,0.02070242,0.00980399,0.02117591,0.02310265,0.01395304,0.99216804,0.57479776,0.61091522,1.1968478744,0.8138489201,424,0.9182622582,0.9136643852,1.0852190325,0.0761386988
20190628,20190630,211952.0,01W,PRT,0.014366,2019,6,20190531,20190531,1126.9242808,13.866424028,1126.9242808,0.0840145821,0.0,0.0560196335,-0.153481705,-0.029643695,0.0724076504,-0.179617243,-0.311335983,-0.223808596,1.1009768364,0.0878729072,-0.05085257,-0.018544457,0.0213047606,-0.045346002,-0.031936669,0.5691359468,0.0659778496,-0.089839662,0.0865425423,0.6814872122,0.0048667203,0.000240232,,-0.007633877,0.0188505164,-0.026484394,-0.021740864,0.0087428503,-0.030483714,-0.069058389,0.0696487976,0.0070454868,-0.009280882,0.1364319226,0.1984336238,0.205898045,0.4175303645,0.1177139234,0.1067989207,-0.029040289,-0.000176591,-0.028863698,-0.078185054,-2.354783711,-0.008536256,-0.257095639,0.6710762748,0.4228426821,0.5377833369,0.782800086,,0.0462511071,-0.033056002,0.0011569292,8.0,-0.054384832,-0.042510074,-0.022422226,1.3916373116,-0.03566483,0.0313913048,0.008895872,-0.011074623,-0.002776855,,-0.033278944,-0.097186138,0.0741517534,0.0145033337,-1.401873384,-2.249712326,0.7204347014,0.1219217179,0.1894354522,0.4042297221,0.1965613918,1.8469529399,0.111387701,0.1277129915,0.0036735299,3.5453173829,0.0782000919,1.1453232563,,0.4722002678,6.0,-2.418370342,1.5624023346,1240.9969811,1.3924097964,,,4.0559447334,1.1440286709,1.7625536594,1.574961725,2.2330233846,0.1346681033,0.4517823594,0.2165800071,0.0426424272,0.0426424272,,1.107826191,0.2011668097,0.4110094498,12.169261652,0.7678601484,,,0.6387898936,0.4698770065,0.00749775,576059.41570758,0.50399391,0.00044121,0.52772546,0.0075751,0.00755408,0.00565319,0.0092635,-0.31486362,0.05032054,0.52065945,,,,,0.00709455,0.01002798,0.01191642,-0.35510452,0.02326469,0.01301033,1.07369705,0.48657682,0.6104957,1.2036892574,0.4305118042,425,0.8347838711,0.8174238914,0.9182622582,0.0389249472
20190731,20190731,211952.0,01W,PRT,-0.052022,2019,7,20190628,20190630,1143.1136758,14.065629086,1143.1136758,0.0405448114,0.0,0.0342370989,0.0143660007,-0.11950662,-0.043256497,-0.278635561,-0.46412243,-0.409704698,1.2325482489,-0.1216143,-0.038490724,0.0467074104,0.0168298619,-0.045346002,-0.031936669,0.5691359468,0.0659778496,-0.089839662,0.0865425423,0.6814872122,0.0048667203,0.000240232,,-0.007633877,0.0188505164,-0.026484394,-0.021740864,0.0087428503,-0.030483714,-0.069058389,0.0696487976,0.0070454868,-0.009280882,0.1364319226,0.1984336238,0.205898045,0.4175303645,0.1177139234,0.1067989207,-0.029040289,-0.000176591,-0.028863698,-0.078185054,-2.354783711,-0.008536256,-0.257095639,0.6710762748,0.4228426821,0.5377833369,0.782800086,,0.0462511071,-0.033056002,0.0011569292,8.0,-0.054384832,-0.042510074,-0.022422226,1.3916373116,-0.03566483,0.0313913048,0.008895872,-0.011074623,-0.002776855,,-0.033278944,-0.097186138,0.0741517534,0.0145033337,-1.401873384,-2.249712326,0.7204347014,0.1219217179,0.1894354522,0.4042297221,0.1965613918,1.8469529399,0.111387701,0.1277129915,0.0036735299,3.5453173829,0.0782000919,1.1453232563,,0.4722002678,6.0,-2.418370342,1.5624023346,1240.9969811,1.3924097964,,,3.9985022472,1.1278263172,1.7375914198,1.552656264,2.201398098,0.1327608607,0.4453839729,0.2135126838,0.0420385021,0.0420385021,,1.1016797957,0.2000507043,0.4013967872,12.270723116,0.7670597707,,,0.6088929589,0.4659740051,0.00677953,564213.08117594,0.54863007,0.00043998,0.59367242,0.00754725,0.00758581,0.0067069,0.01312863,0.87787037,-0.09205187,0.98372648,,,,,0.02344665,0.04597626,0.01720927,0.88756263,0.02169001,0.0129636,1.0024383,0.51906838,0.60950215,1.2016551874,1.4302907162,426,0.8347838711,0.8375256864,0.9182622582,0.1522773975
20190830,20190831,211952.0,01W,PRT,-0.005158,2019,8,20190731,20190731,1083.6460833,13.333900373,1083.6460833,0.042769802,0.0,0.0342370989,-0.052022466,-0.141320622,-0.167263174,-0.238149783,-0.381164803,-0.362346422,0.8877485039,-0.121528958,-0.032171952,-0.008499139,0.0182023141,-0.025129063,0.0069890745,0.4507014501,0.0627271402,-0.059337563,0.0828198809,0.4821564144,0.0047912772,0.0080114394,,0.0124340728,0.0174269865,-0.004992914,-0.029785597,0.0063842079,-0.036169805,-0.037373911,0.0453853504,0.0038630851,-0.008376294,0.1383241917,0.1911297002,0.1675431563,0.3754956607,0.1275423924,0.1246756643,-0.029040289,-0.000176591,-0.002658508,-0.04147897,-1.193825775,0.00390638,0.1124313619,0.6589344126,0.4186870694,0.5301130937,0.901329426,,0.0663951669,-0.033056002,0.0011569292,8.0,-0.040128338,-0.095972783,-0.020966931,1.3574217648,-0.01286091,0.0345799871,0.0097537088,0.0094514196,0.0027646525,,-0.008783375,-0.076412205,0.0604935647,0.0942174077,-1.123712278,0.7022767536,0.5771191538,0.122896311,0.1863267898,0.3642942734,0.1633329537,1.7166089418,0.0762235465,0.1260641859,-0.055790309,3.6708576375,0.0773841461,1.1111575588,0.229697356,0.488920116,6.0,-2.336151269,1.5701913361,1368.9369301,0.1976157556,0.1165984658,0.0063898781,4.4249605416,1.205429624,1.969616519,1.6758205252,2.3759622348,0.1537433781,0.3372861855,0.0960584328,0.0443454624,0.0443454624,,0.9851423809,0.2084702778,0.438536068,11.730098729,0.8615667768,,,0.5660911261,0.4985617049,0.007332,543846.84315395,0.55448784,0.00043584,0.58612999,0.00756829,0.00756496,0.00441708,0.00942966,-0.44674966,-0.4369815,0.05010266,,,,,0.00949046,0.01459105,0.00943376,-0.39272448,0.02024667,0.01272596,1.06072401,0.55945023,0.6120353,1.1914243029,0.5908386809,427,0.8174238914,0.4375949745,0.8952737858,0.4375949745
20190930,20190930,211952.0,01W,PRT,-0.038232,2019,9,20190830,20190831,1078.0570407,13.265129085,1078.0570407,0.0429915363,0.0,0.0342370989,-0.005157627,-0.03840382,-0.210121468,-0.127050779,-0.33220125,-0.154059562,0.7915635317,-0.037284103,-0.029251363,-0.041266452,0.0201092718,-0.025129063,0.0069890745,0.4507014501,0.0627271402,-0.059337563,0.0828198809,0.4821564144,0.0047912772,0.0080114394,,0.0124340728,0.0174269865,-0.004992914,-0.029785597,0.0063842079,-0.036169805,-0.037373911,0.0453853504,0.0038630851,-0.008376294,0.1383241917,0.1911297002,0.1675431563,0.3754956607,0.1275423924,0.1246756643,-0.029040289,-0.000176591,-0.002658508,-0.04147897,-1.193825775,0.00390638,0.1124313619,0.6589344126,0.4186870694,0.5301130937,0.901329426,,0.0663951669,-0.033056002,0.0011569292,8.0,-0.040128338,-0.095972783,-0.020966931,1.3574217648,-0.01286091,0.0345799871,0.0097537088,0.0094514196,0.0027646525,,-0.008783375,-0.076412205,0.0604935647,0.0942174077,-1.123712278,0.7022767536,0.5771191538,0.122896311,0.1863267898,0.3642942734,0.1633329537,1.7166089418,0.0762235465,0.1260641859,-0.055790309,3.6708576375,0.0773841461,1.1111575588,0.229697356,0.488920116,6.0,-2.336151269,1.5701913361,1368.9369301,0.1976157556,0.1165984658,0.0063898781,4.4479011581,1.2116790127,1.9798277326,1.6845085927,2.3882800935,0.1545404401,0.3390348007,0.0965564349,0.0445753655,0.0445753655,,0.9870449037,0.208872879,0.4579353197,11.690680775,0.8567122188,,,0.5807539683,0.5105824775,0.00709269,540381.27140641,0.56568102,0.00045427,0.58545037,0.00748688,0.00750145,0.00671103,0.01120624,-0.03537068,0.1251089,0.50893334,,,,,0.01806572,0.0287673,0.01344874,0.22366866,0.02039358,0.01270514,0.9190773,0.63316474,0.60651227,1.1422199747,1.1555061885,428,0.8347838711,0.4568321926,0.8347838711,0.3806934938
20191031,20191031,211952.0,01W,PRT,0.076463,2019,10,20190930,20190930,1036.8409309,12.757978723,1036.8409309,0.0447005197,0.0,0.0342370989,-0.038231845,-0.056911781,-0.157687785,-0.084744124,-0.309916358,-0.121812708,0.9125370262,-0.039538817,-0.029132548,0.0332145646,0.0147222377,-0.025129063,0.0069890745,0.4507014501,0.0627271402,-0.059337563,0.0828198809,0.4821564144,0.0047912772,0.0080114394,,0.0124340728,0.0174269865,-0.004992914,-0.029785597,0.0063842079,-0.036169805,-0.037373911,0.0453853504,0.0038630851,-0.008376294,0.1383241917,0.1911297002,0.1675431563,0.3754956607,0.1275423924,0.1246756643,-0.029040289,-0.000176591,-0.002658508,-0.04147897,-1.193825775,0.00390638,0.1124313619,0.6589344126,0.4186870694,0.5301130937,0.901329426,,0.0663951669,-0.033056002,0.0011569292,8.0,-0.040128338,-0.095972783,-0.020966931,1.3574217648,-0.01286091,0.0345799871,0.0097537088,0.0094514196,0.0027646525,,-0.008783375,-0.076412205,0.0604935647,0.0942174077,-1.123712278,0.7022767536,0.5771191538,0.122896311,0.1863267898,0.3642942734,0.1633329537,1.7166089418,0.0762235465,0.1260641859,-0.055790309,3.6708576375,0.0773841461,1.1111575588,0.229697356,0.488920116,6.0,-2.336151269,1.5701913361,1368.9369301,0.1976157556,0.1165984658,0.0063898781,4.6247124484,1.2598452201,2.0585290983,1.7514705434,2.4832181035,0.1606836734,0.3525119843,0.1003947099,0.0463473087,0.0463473087,,1.0013051462,0.2118905511,0.4634607228,11.386872931,0.8291298942,,,0.5840762274,0.5189395188,0.00711972,538700.2755092,0.57773984,0.00047167,0.59400249,0.00741616,0.00749046,0.00617868,0.01268986,0.83866246,-0.16005092,1.18797972,,,,,0.01726673,0.0276837,0.01351091,0.47375281,0.02143153,0.01275619,1.1060421,0.62820027,0.60516945,1.1391269434,1.1049768407,429,0.8347838711,0.4568321926,0.8347838711,0.3806934938
20191129,20191130,211952.0,01W,PRT,0.097523,2019,11,20191031,20191031,1116.12089,13.73349194,1116.12089,0.041525366,0.0,0.0342370989,0.0764629914,-0.043192287,-0.221150141,-0.244680871,-0.308977309,-0.147000421,0.8618347782,-0.172670216,-0.006484074,-0.019160518,0.0188891617,0.0250666455,-0.003747224,0.1855023017,0.0889928744,-0.079829842,0.0859408888,0.3607537078,0.0070235736,-0.007594436,,0.0073039809,0.0229335961,-0.015629615,0.0275088948,0.0018586522,0.0256502426,-0.011107958,0.0035135226,0.0047610729,0.0161458899,0.1360389403,0.1920112715,0.2045653952,0.3699322067,0.1275220309,0.1202723145,-0.029040289,-0.000176591,-0.029120539,-0.076181124,-2.122760624,-0.072667601,-2.024857534,0.7165762769,0.4349548722,0.5561656693,0.8841021123,,0.0527267561,-0.033056002,0.0011569292,8.0,0.0102718109,0.027139068,0.0101563899,1.2957111988,-0.010749089,0.0294355777,0.0080187195,0.0017191394,0.0004317283,,-0.040935018,-0.011509707,0.0145802117,0.0878617191,-1.097275265,-0.441500714,0.4168889249,0.1316024342,0.19682435,0.3924477647,0.2096931634,1.6917149592,0.1120688842,0.1283842711,-0.007742777,3.5533572039,0.0799588359,1.1419363596,0.3974320978,0.5059661266,7.0,-2.331421824,1.5376096703,1442.9954817,0.1534909797,0.2197224585,0.007026539,4.1876292053,1.1784993641,1.8859253767,1.6651252729,2.3005391058,0.1502846324,0.4693029323,0.2449830835,0.0430551807,0.0430551807,,0.9763590682,0.2017262486,0.4734819414,11.599470669,0.8785632684,,,0.5052002584,0.4364730424,0.00754106,540556.78956142,0.56638448,0.00048453,0.56235398,0.00736051,0.00754673,0.00339903,0.01259684,0.58511424,0.54975871,1.71095039,,,,,0.0238263,0.04268739,0.01431884,1.37199422,0.02132136,0.01173962,1.14822067,0.73053628,0.5953692,1.0761552271,1.6077088307,430,1.1686974196,0.7613869876,1.0852190325,0.3045547951
20191231,20191231,211952.0,01W,PRT,0.021464,2019,12,20191129,20191130,1224.9685776,15.072826105,1224.9685776,0.0378355243,0.0,0.0342370989,0.0975232061,0.035307825,-0.009586616,-0.186450315,-0.100890156,0.0724076504,0.6687835278,-0.051143078,0.0070310423,0.0707216735,0.0085428564,0.0250666455,-0.003747224,0.1855023017,0.0889928744,-0.079829842,0.0859408888,0.3607537078,0.0070235736,-0.007594436,,0.0073039809,0.0229335961,-0.015629615,0.0275088948,0.0018586522,0.0256502426,-0.011107958,0.0035135226,0.0047610729,0.0161458899,0.1360389403,0.1920112715,0.2045653952,0.3699322067,0.1275220309,0.1202723145,-0.029040289,-0.000176591,-0.029120539,-0.076181124,-2.122760624,-0.072667601,-2.024857534,0.7165762769,0.4349548722,0.5561656693,0.8841021123,,0.0527267561,-0.033056002,0.0011569292,8.0,0.0102718109,0.027139068,0.0101563899,1.2957111988,-0.010749089,0.0294355777,0.0080187195,0.0017191394,0.0004317283,,-0.040935018,-0.011509707,0.0145802117,0.0878617191,-1.097275265,-0.441500714,0.4168889249,0.1316024342,0.19682435,0.3924477647,0.2096931634,1.6917149592,0.1120688842,0.1283842711,-0.007742777,3.5533572039,0.0799588359,1.1419363596,0.3974320978,0.5059661266,7.0,-2.331421824,1.5376096703,1442.9954817,0.1534909797,0.2197224585,0.007026539,3.8155267989,1.0737808163,1.7183466975,1.5171663466,2.0961188729,0.1369307105,0.4276018308,0.2232144908,0.0392294035,0.0392294035,,0.941892987,0.1946051868,0.5010524013,12.286682637,0.8523457425,,,0.5009680135,0.5012025745,0.00685989,591759.8633913,0.67431276,0.00052667,0.66033694,0.00726196,0.00753902,0.00331711,0.01236899,1.45246662,-0.74445679,2.3558931,,,,,0.02251573,0.0409126,0.01292693,1.57594042,0.01963259,0.01191852,1.16616602,0.84184056,0.59845483,1.1018465697,1.5470160875,431,1.2634656762,0.7613869876,1.100437847,0.3806934938
20200131,20200131,211952.0,01W,PRT,-0.094136,2020,1,20191231,20191231,1251.2610705,15.396346382,1251.2610705,0.0370404942,0.0,0.0342370989,0.0214638101,0.1814431135,0.0716069657,-0.042902224,0.039981788,-0.043256497,0.4561773977,0.1654199158,-0.006055876,-0.021000355,0.0137326802,0.0250666455,-0.003747224,0.1855023017,0.0889928744,-0.079829842,0.0859408888,0.3607537078,0.0070235736,-0.007594436,,0.0073039809,0.0229335961,-0.015629615,0.0275088948,0.0018586522,0.0256502426,-0.011107958,0.0035135226,0.0047610729,0.0161458899,0.1360389403,0.1920112715,0.2045653952,0.3699322067,0.1275220309,0.1202723145,-0.029040289,-0.000176591,-0.029120539,-0.076181124,-2.122760624,-0.072667601,-2.024857534,0.7165762769,0.4349548722,0.5561656693,0.8841021123,,0.0527267561,-0.033056002,0.0011569292,8.0,0.0102718109,0.027139068,0.0101563899,1.2957111988,-0.010749089,0.0294355777,0.0080187195,0.0017191394,0.0004317283,,-0.040935018,-0.011509707,0.0145802117,0.0878617191,-1.097275265,-0.441500714,0.4168889249,0.1316024342,0.19682435,0.3924477647,0.2096931634,1.6917149592,0.1120688842,0.1283842711,-0.007742777,3.5533572039,0.0799588359,1.1419363596,0.3974320978,0.5059661266,7.0,-2.331421824,1.5376096703,1442.9954817,0.1534909797,0.2197224585,0.007026539,3.7353519149,1.0512176797,1.6822394299,1.4852864405,2.0520735559,0.1340534135,0.418616721,0.2185241303,0.0384050841,0.0384050841,,0.9339293961,0.1929598236,0.5083053288,12.434752467,0.9859809927,,,0.5221313351,0.5226618065,0.00744702,567689.94713128,0.63707214,0.00049779,0.62765443,0.0073775,0.00759045,0.00385691,0.00695351,-0.19124243,0.00783421,1.27322582,,,,,0.01302192,0.02233156,0.00991681,-0.00244786,0.01913703,0.01095491,1.16993259,0.85990967,0.60883755,1.0984427804,0.9743647721,432,1.227881227,0.7167580288,1.0524696232,0.4778386859
20200228,20200229,211952.0,01W,PRT,-0.108978,2020,2,20200131,20200131,1133.4727378,13.947000588,1133.4727378,0.040889672,0.0,0.0342370989,-0.094135697,0.1210802357,0.1546768725,-0.060082912,-0.08847983,-0.167263174,0.7504511309,-0.000585823,-0.01456041,0.0710848113,0.0098140817,-0.024641336,-0.032260624,-0.027175708,-0.034201811,-0.136207949,0.0825978283,0.6012131667,-0.002846363,0.0090643064,,-0.012550064,0.0104835179,-0.023033581,-0.014395734,0.000562931,-0.014958665,-0.033153775,0.0422180813,0.0002620919,0.0058964091,0.1303977517,0.193756436,0.2138151773,0.3593918259,0.1267278571,0.1178537008,-0.029040289,-0.000176591,-0.033962655,-0.082061743,-2.184381026,-0.039843661,-1.060588465,0.6918296673,0.4589489496,0.566508601,0.9038016322,,0.0446267691,-0.033056002,0.0011569292,0.0,-0.037056066,-0.049396779,-0.004943723,0.7646122759,-0.068550323,0.0319694559,0.0089969722,-0.004001335,-0.000784484,,0.0588283581,0.0606162892,-0.020481115,0.1110039896,-1.79071769,-0.817812494,0.3231260037,0.1285068541,0.1889820185,0.36668541,0.2085464857,1.6202733568,0.1196292464,0.1317534348,0.0073684634,3.3733371692,0.0775959364,1.1531719684,0.3775663882,0.4737538232,7.0,-2.373332137,1.5835117388,1393.37436,0.2286712238,0.1747311026,0.0074248302,3.8792960329,1.1499876349,1.7160266644,1.5429062161,2.2254152001,0.1457354686,0.464077261,0.2497644868,0.0423960675,0.0423960675,,0.9682947682,0.2009946626,0.4591904304,11.800467094,0.9638273635,,,0.5923998482,0.5535386348,0.0071751,599714.54275634,0.62194096,0.00052182,0.61611648,0.00734202,0.00759043,0.0056171,0.01002341,-0.18037178,-0.48930792,0.27892322,,,,,0.00894844,0.01126577,0.0118941,-0.79792905,0.01898691,0.01078834,1.19632665,0.77896147,0.61287836,1.0724718936,0.6983274479,433,1.3356541938,0.8174238914,0.9182622582,0.6617241025
20200331,20200331,211952.0,01W,PRT,-0.314714,2020,3,20200228,20200229,1009.9488,12.427080103,1009.9488,0.0458907703,0.0,0.0342370989,-0.108978305,-0.074692397,0.0514033071,0.0058109113,-0.173802411,-0.210121468,0.48370185,-0.067086268,-0.018368777,0.0070013771,0.0115561896,-0.024641336,-0.032260624,-0.027175708,-0.034201811,-0.136207949,0.0825978283,0.6012131667,-0.002846363,0.0090643064,,-0.012550064,0.0104835179,-0.023033581,-0.014395734,0.000562931,-0.014958665,-0.033153775,0.0422180813,0.0002620919,0.0058964091,0.1303977517,0.193756436,0.2138151773,0.3593918259,0.1267278571,0.1178537008,-0.029040289,-0.000176591,-0.033962655,-0.082061743,-2.184381026,-0.039843661,-1.060588465,0.6918296673,0.4589489496,0.566508601,0.9038016322,,0.0446267691,-0.033056002,0.0011569292,0.0,-0.037056066,-0.049396779,-0.004943723,0.7646122759,-0.068550323,0.0319694559,0.0089969722,-0.004001335,-0.000784484,,0.0588283581,0.0606162892,-0.020481115,0.1110039896,-1.79071769,-0.817812494,0.3231260037,0.1285068541,0.1889820185,0.36668541,0.2085464857,1.6202733568,0.1196292464,0.1317534348,0.0073684634,3.3733371692,0.0775959364,1.1531719684,0.3775663882,0.4737538232,7.0,-2.373332137,1.5835117388,1393.37436,0.2286712238,0.1747311026,0.0074248302,4.3537615919,1.2906393205,1.9259089584,1.7316146452,2.4975993433,0.1635599553,0.5208372183,0.280312464,0.0475814087,0.0475814087,,1.0116498413,0.2099941311,0.4592726032,10.879143854,0.9258862786,,,0.5948495948,0.4890350877,0.00597685,737599.54730058,1.11946369,0.00064958,1.17996075,0.00705385,0.00739091,0.00739101,0.01109067,0.22657666,0.23037483,0.46127014,,,,,0.0120942,0.02290909,0.01290682,0.46666417,0.01792382,0.01102058,0.88890591,0.70480918,0.61463001,0.9833344911,0.9415223555,434,1.4114082226,0.8952737858,0.9837087612,0.9731236802
20200430,20200430,211952.0,01W,PRT,0.156107,2020,4,20200331,20200331,692.10407105,8.5161076787,692.10407105,0.066965837,0.0,0.0342370989,-0.314713705,-0.192855253,-0.025936602,-0.116493118,-0.210902411,-0.157687785,0.4367800061,0.0401350859,-0.050627758,0.0094715894,0.0106391985,-0.024641336,-0.032260624,-0.027175708,-0.034201811,-0.136207949,0.0825978283,0.6012131667,-0.002846363,0.0090643064,,-0.012550064,0.0104835179,-0.023033581,-0.014395734,0.000562931,-0.014958665,-0.033153775,0.0422180813,0.0002620919,0.0058964091,0.1303977517,0.193756436,0.2138151773,0.3593918259,0.1267278571,0.1178537008,-0.029040289,-0.000176591,-0.033962655,-0.082061743,-2.184381026,-0.039843661,-1.060588465,0.6918296673,0.4589489496,0.566508601,0.9038016322,,0.0446267691,-0.033056002,0.0011569292,0.0,-0.037056066,-0.049396779,-0.004943723,0.7646122759,-0.068550323,0.0319694559,0.0089969722,-0.004001335,-0.000784484,,0.0588283581,0.0606162892,-0.020481115,0.1110039896,-1.79071769,-0.817812494,0.3231260037,0.1285068541,0.1889820185,0.36668541,0.2085464857,1.6202733568,0.1196292464,0.1317534348,0.0073684634,3.3733371692,0.0775959364,1.1531719684,0.3775663882,0.4737538232,7.0,-2.373332137,1.5835117388,1393.37436,0.2286712238,0.1747311026,0.0074248302,6.3532010273,1.8833578467,2.8103713341,2.5268484988,3.6446071699,0.238673904,0.7600286511,0.4090443164,0.0694328912,0.0694328912,,1.1433805485,0.2373382518,0.4688755723,6.996606999,1.1117202578,,,0.5939959995,0.5263967063,0.00590384,904889.81668515,0.99362337,0.0008903,1.06094094,0.00669696,0.00712997,0.01503388,0.02434677,-0.49988254,0.31486375,0.91460784,,,,,0.0423824,0.09576088,0.04866978,-0.0923372,0.01881772,0.01314062,0.99818964,0.49556767,0.66409716,0.8327333798,2.2191401147,435,1.2634656762,0.8375256864,0.9374100178,0.5329708913
20200529,20200531,211952.0,01W,PRT,-0.063949,2020,5,20200430,20200430,800.14644178,9.8455326908,800.14644178,,0.0,2.220446e-16,0.1561071163,-0.389395044,-0.379902233,-0.361319086,-0.480108142,-0.221150141,0.3943308659,-0.153481705,-0.02248332,0.0860774046,0.0029553523,-0.01258395,-0.006206875,-0.055505396,-0.043301939,-0.022526684,0.1423471303,1.258888536,-0.003448209,0.0087213173,0.0001118154,-0.032581107,0.0035388839,-0.03611999,-0.006968959,-0.0197001,0.0127311407,0.0087199071,0.0001132256,-0.005133128,0.0138990122,0.1010715536,0.1720854726,0.2008261419,0.2925465777,0.1029697152,0.0802809166,-0.010933391,-0.000542539,-0.010390851,-0.09049519,-2.933851387,-0.090381965,-2.930180617,0.6798578283,0.4437804013,0.5506028225,0.7942978387,,0.0649249707,-0.012567934,0.0064213386,0.0,-0.023094526,0.0177812519,0.0071911869,0.482040435,-0.047338743,0.010314858,0.0030577608,-0.021076447,-0.005838111,,-0.009584219,0.1704376755,-0.113726661,0.0875816572,-0.993585197,-3.041525011,0.3592806749,0.1089425524,0.1699199576,0.3067808169,0.1982989558,1.5041191739,0.1213403759,0.1103309516,0.0099526749,3.3382751116,0.0785233711,1.169989282,0.3532888981,0.4888086029,5.0,-2.28018853,1.5153434197,1173.4254685,1.8360597303,0.3461396934,0.0048493753,5.6404982505,1.6896445206,2.5315608596,2.1653516762,3.1254641165,0.173982215,0.684420178,0.3715483929,0.0170624698,0.0170624698,,1.2431088788,0.1966042333,0.4843565809,9.0971305641,1.142302459,,,0.5273504274,0.4216216216,0.006341,998647.10329544,0.88843284,0.00103355,0.91068207,0.00654143,0.00700451,0.0097084,0.02528114,0.73375354,0.4154814,1.51196925,,,,,0.04408667,0.06683623,0.03203425,-0.14269835,0.01977285,0.01494083,0.97618566,0.60481726,0.65964904,0.8800588436,2.1008229184,436,0.5220368977,0.5262348116,0.5220368977,0.4385290097
20200630,20200630,211952.0,01W,PRT,0.002726,2020,6,20200529,20200531,748.9780831,9.2159232571,748.9780831,,0.0,-3.33067e-16,-0.063948742,-0.207735638,-0.346802476,-0.257788399,-0.289973199,-0.009586616,0.1478049541,0.0143660007,-0.029602842,-0.002516475,0.0068771716,-0.01258395,-0.006206875,-0.055505396,-0.043301939,-0.022526684,0.1423471303,1.258888536,-0.003448209,0.0087213173,0.0001118154,-0.032581107,0.0035388839,-0.03611999,-0.006968959,-0.0197001,0.0127311407,0.0087199071,0.0001132256,-0.005133128,0.0138990122,0.1010715536,0.1720854726,0.2008261419,0.2925465777,0.1029697152,0.0802809166,-0.010933391,-0.000542539,-0.010390851,-0.09049519,-2.933851387,-0.090381965,-2.930180617,0.6798578283,0.4437804013,0.5506028225,0.7942978387,,0.0649249707,-0.012567934,0.0064213386,0.0,-0.023094526,0.0177812519,0.0071911869,0.482040435,-0.047338743,0.010314858,0.0030577608,-0.021076447,-0.005838111,,-0.009584219,0.1704376755,-0.113726661,0.0875816572,-0.993585197,-3.041525011,0.3592806749,0.1089425524,0.1699199576,0.3067808169,0.1982989558,1.5041191739,0.1213403759,0.1103309516,0.0099526749,3.3382751116,0.0785233711,1.169989282,0.3532888981,0.4888086029,5.0,-2.28018853,1.5153434197,1173.4254685,1.8360597303,0.3461396934,0.0048493753,6.0258433548,1.8050769195,2.7045109326,2.3132832295,3.3389882136,0.1858682563,0.7311780978,0.3969316743,0.0182281362,0.0182281362,,1.2687409076,0.200658074,0.5068055263,8.3978181187,1.0820062763,,,0.4658939014,0.460170697,0.00673448,985751.01046139,0.8727069,0.00108376,0.84122058,0.00653217,0.0069552,0.00853038,0.02089215,0.30604773,1.02065805,1.83165232,,,,,0.03225928,0.09938427,0.03145053,1.58796924,0.02183394,0.01593017,0.97485789,0.58510387,0.66156607,0.9027472782,1.437786843,437,0.4704694075,0.5298404449,0.8126289766,0.1222708719
20200731,20200731,211952.0,01W,PRT,-0.005973,2020,7,20200630,20200630,739.94244525,9.104742774,739.94244525,0.0156339032,0.0,0.014859113,0.0027255054,0.0821755202,-0.401421413,-0.277634533,-0.34479125,0.0716069657,0.234606038,-0.052022466,-0.024625754,0.0065978348,0.0076694329,-0.01258395,-0.006206875,-0.055505396,-0.043301939,-0.022526684,0.1423471303,1.258888536,-0.003448209,0.0087213173,0.0001118154,-0.032581107,0.0035388839,-0.03611999,-0.006968959,-0.0197001,0.0127311407,0.0087199071,0.0001132256,-0.005133128,0.0138990122,0.1010715536,0.1720854726,0.2008261419,0.2925465777,0.1029697152,0.0802809166,-0.010933391,-0.000542539,-0.010390851,-0.09049519,-2.933851387,-0.090381965,-2.930180617,0.6798578283,0.4437804013,0.5506028225,0.7942978387,,0.0649249707,-0.012567934,0.0064213386,0.0,-0.023094526,0.0177812519,0.0071911869,0.482040435,-0.047338743,0.010314858,0.0030577608,-0.021076447,-0.005838111,,-0.009584219,0.1704376755,-0.113726661,0.0875816572,-0.993585197,-3.041525011,0.3592806749,0.1089425524,0.1699199576,0.3067808169,0.1982989558,1.5041191739,0.1213403759,0.1103309516,0.0099526749,3.3382751116,0.0785233711,1.169989282,0.3532888981,0.4888086029,5.0,-2.28018853,1.5153434197,1173.4254685,1.8360597303,0.3461396934,0.0048493753,6.0994265621,1.8271192032,2.737536449,2.3415313583,3.3797615041,0.188137944,0.7401067118,0.4017787146,0.0184507249,0.0184507249,,1.2733773864,0.2013913576,0.5049511591,8.2642815769,1.0760232087,,,0.5879442195,0.4432593308,0.00638633,1044969.09026507,0.80320011,0.00120569,0.7282119,0.00644008,0.00691931,0.00782524,0.0152034,0.15152173,0.03887713,1.76771951,,,,,0.02926574,0.05139109,0.02172797,0.40759812,0.02231711,0.01605584,0.97734521,0.5780452,0.66036065,0.8996455809,1.288145264,438,0.5543055322,0.5262348116,0.6466897876,0.4385290097
20200831,20200831,211952.0,01W,PRT,0.006505,2020,8,20200731,20200731,735.52313655,9.0503646677,735.52313655,0.0157278377,0.0,0.014859113,-0.005972503,-0.06139753,-0.3374173,-0.327116414,-0.306951376,0.1546768725,0.1617756445,-0.005157627,-0.024699834,-0.020289918,0.008763146,0.0221585592,-0.046708542,-0.06125808,-0.112312119,0.1658289926,0.0730736574,1.2130106326,-0.008919201,0.0013001433,0.0001118154,-0.017707433,-0.002108001,-0.015599432,-0.052449182,-0.017541684,-0.034907498,0.0635236243,-0.062223481,-0.003950006,-0.004213849,0.0926728932,0.1544481806,0.1877622915,0.3275470114,0.0877933996,0.0840362725,0.1208142479,-0.001991562,0.1228058097,-0.09197008,-3.993853127,-0.154193561,-6.695943247,0.6242935495,0.4134028185,0.5062565117,0.9068053198,,0.1554905128,-0.012567934,0.0064213386,0.0,-0.051626091,-0.031259231,-0.021855869,0.3618342639,-0.060728117,0.0139952248,0.0041923534,-0.020584762,-0.005561355,,0.0419288691,0.0045177488,-0.117813933,0.077789338,-1.024363272,-1.742890085,0.3603653116,0.0979148289,0.1578705298,0.322368101,0.1919228333,1.5201685325,0.1149979874,0.0957922115,0.0387744409,3.8124784019,0.0760230603,1.1553097289,0.2464204434,0.5582822255,6.0,-1.784133294,1.3321031201,942.56498329,-0.484167214,-0.184675118,0.0065939476,6.6637515909,1.7478791716,3.3251412585,2.2889911061,3.3370011956,0.1534522546,0.7663180214,0.4326883944,0.2198776906,0.2198776906,,1.1188699344,0.1940824651,0.5854624287,9.1962663064,1.0604899607,,,0.5958333333,0.4901960784,0.0070422,1020497.07240854,0.82704459,0.00122864,0.69904491,0.00646971,0.0069161,0.00597038,0.01152924,0.30728205,-0.49635162,0.52534129,,,,,0.01799338,0.0268796,0.01309377,0.05442914,0.02336415,0.0161379,0.98743799,0.57459283,0.65079817,0.8823946541,0.786566462,439,0.4949133977,0.6415491921,0.4049291436,-0.470469408
20200930,20200930,211952.0,01W,PRT,-0.016436,2020,9,20200831,20200831,740.30791154,9.1092397138,740.30791154,0.0156261852,0.0,0.014859113,0.0065052678,-0.003263276,-0.260819993,-0.390568889,-0.307519053,0.0514033071,0.0798610639,-0.038231845,-0.020632823,-0.026042811,0.0075710146,0.0221585592,-0.046708542,-0.06125808,-0.112312119,0.1658289926,0.0730736574,1.2130106326,-0.008919201,0.0013001433,0.0001118154,-0.017707433,-0.002108001,-0.015599432,-0.052449182,-0.017541684,-0.034907498,0.0635236243,-0.062223481,-0.003950006,-0.004213849,0.0926728932,0.1544481806,0.1877622915,0.3275470114,0.0877933996,0.0840362725,0.1208142479,-0.001991562,0.1228058097,-0.09197008,-3.993853127,-0.154193561,-6.695943247,0.6242935495,0.4134028185,0.5062565117,0.9068053198,,0.1554905128,-0.012567934,0.0064213386,0.0,-0.051626091,-0.031259231,-0.021855869,0.3618342639,-0.060728117,0.0139952248,0.0041923534,-0.020584762,-0.005561355,,0.0419288691,0.0045177488,-0.117813933,0.077789338,-1.024363272,-1.742890085,0.3603653116,0.0979148289,0.1578705298,0.322368101,0.1919228333,1.5201685325,0.1149979874,0.0957922115,0.0387744409,3.8124784019,0.0760230603,1.1553097289,0.2464204434,0.5582822255,6.0,-1.784133294,1.3321031201,942.56498329,-0.484167214,-0.184675118,0.0065939476,6.6206822795,1.7365822391,3.3036501296,2.2741968466,3.3154334133,0.1524604585,0.7613651373,0.4298918329,0.2184565721,0.2184565721,,1.1166612994,0.1936993488,0.5861789283,9.2617844294,1.1438670614,,,0.6050746786,0.4682017544,0.00691473,891934.57324298,0.55971216,0.00114643,0.53532984,0.00661454,0.00692655,0.00532124,0.00815796,0.38711936,-0.35628703,1.51028966,,,,,0.01696935,0.02661284,0.01246165,0.22473837,0.02407269,0.01599482,0.98399517,0.57833071,0.66177864,0.8955844909,0.7421836603,440,0.5262348116,0.692868274,0.4385290097,-0.366812616
20201030,20201031,211952.0,01W,PRT,-0.161007,2020,10,20200930,20200930,728.13994127,8.9595169345,728.13994127,0.0158873149,0.0,0.014859113,-0.016436364,0.0004939118,0.0856609514,-0.399493533,-0.275307965,-0.025936602,0.1693699853,0.0764629914,-0.029078219,0.0266756464,0.0044515669,0.0221585592,-0.046708542,-0.06125808,-0.112312119,0.1658289926,0.0730736574,1.2130106326,-0.008919201,0.0013001433,0.0001118154,-0.017707433,-0.002108001,-0.015599432,-0.052449182,-0.017541684,-0.034907498,0.0635236243,-0.062223481,-0.003950006,-0.004213849,0.0926728932,0.1544481806,0.1877622915,0.3275470114,0.0877933996,0.0840362725,0.1208142479,-0.001991562,0.1228058097,-0.09197008,-3.993853127,-0.154193561,-6.695943247,0.6242935495,0.4134028185,0.5062565117,0.9068053198,,0.1554905128,-0.012567934,0.0064213386,0.0,-0.051626091,-0.031259231,-0.021855869,0.3618342639,-0.060728117,0.0139952248,0.0041923534,-0.020584762,-0.005561355,,0.0419288691,0.0045177488,-0.117813933,0.077789338,-1.024363272,-1.742890085,0.3603653116,0.0979148289,0.1578705298,0.322368101,0.1919228333,1.5201685325,0.1149979874,0.0957922115,0.0387744409,3.8124784019,0.0760230603,1.1553097289,0.2464204434,0.5582822255,6.0,-1.784133294,1.3321031201,942.56498329,-0.484167214,-0.184675118,0.0065939476,6.7313207167,1.7656023214,3.3588575345,2.3122010241,3.370837729,0.1550082302,0.7740883349,0.4370757693,0.222107207,0.222107207,,1.1222951856,0.1946766192,0.5915173642,9.0934784477,1.1006878537,,,0.5923344948,0.4597656867,0.00710929,711437.41488738,0.46160829,0.00093198,0.45439132,0.0068566,0.00693966,0.00506745,0.01611026,1.17406361,0.2375828,1.77078411,,,,,0.0249948,0.06324962,0.02099695,0.95287608,0.02380479,0.01624163,0.95338938,0.56882505,0.66168165,0.89254699,1.072931991,441,0.5262348116,0.692868274,0.4385290097,-0.366812616
20201130,20201130,211952.0,01W,PRT,0.424554,2020,11,20201030,20201031,610.90447729,7.5169740038,610.90447729,0.0189361659,0.0,0.014859113,-0.161006775,-0.010038019,-0.076368774,-0.347985872,-0.337849291,-0.379902233,0.1456602022,0.0975232061,-0.052580945,-0.043087685,0.010287376,0.050234097,-0.114838909,-0.036901391,-0.100871132,0.067091838,-0.026823849,1.2109962626,-0.008254841,0.0088603274,0.0001118154,-0.021134382,-0.002975859,-0.018158523,-0.059170936,-0.010027467,-0.04914347,0.0642888773,-0.05542855,-0.009813399,0.0004330793,0.0716719509,0.1385161486,0.1833994116,0.2715645928,0.0676478233,0.0617660851,0.1381869583,-0.002025463,0.1402124217,-0.100795631,-5.551515138,-0.156224181,-8.604350163,0.6283705069,0.3833251631,0.4743624018,0.8617888074,,0.1694810888,-0.012567934,0.0064213386,0.0,-0.070682847,-0.019194499,-0.025908845,0.141755618,-0.281040891,0.011439768,0.0030006119,-0.01799581,-0.005018108,,-0.053932993,0.0131714926,-0.126986312,0.0431090336,-6.300859495,-1.216667403,0.4074019853,0.0867533066,0.1454743823,0.2720034928,0.1926123155,1.2615291847,0.1189520497,0.0826037803,0.0068831656,3.7258352366,0.0922052634,1.1871270202,0.4824384507,0.580238957,6.0,-1.747927761,1.2436142985,726.94123946,1.1327794539,-0.058919921,0.0088382289,8.0351180681,2.1565951144,3.9621494744,2.6003489154,3.7204019572,0.1458889652,0.9557937638,0.5610853467,0.0933959751,0.0933959751,,1.1990696867,0.1843518901,0.6060730629,7.041363449,1.0933935293,,,0.566283987,0.456906299,0.00703308,634716.51237845,0.48183389,0.00084845,0.46770293,0.00697297,0.00690392,0.00543695,0.01361354,0.5806203,0.21055011,0.18451857,,,,,0.01206447,0.02415317,0.01500138,0.25957539,0.0239616,0.01658987,0.91366369,0.47724036,0.66076855,0.8691070497,0.5158385204,442,0.5560092998,0.8558961032,0.6415491921,-0.366812616
20201231,20201231,211952.0,01W,PRT,0.028124,2020,12,20201130,20201130,870.26612865,10.70833184,870.26612865,0.0132927023,0.0,0.014859113,0.4245535284,-0.174796773,-0.172138989,-0.386058231,-0.493823952,-0.346802476,0.2731540089,0.0214638101,-0.015936425,0.0360877067,0.0055874794,0.050234097,-0.114838909,-0.036901391,-0.100871132,0.067091838,-0.026823849,1.2109962626,-0.008254841,0.0088603274,0.0001118154,-0.021134382,-0.002975859,-0.018158523,-0.059170936,-0.010027467,-0.04914347,0.0642888773,-0.05542855,-0.009813399,0.0004330793,0.0716719509,0.1385161486,0.1833994116,0.2715645928,0.0676478233,0.0617660851,0.1381869583,-0.002025463,0.1402124217,-0.100795631,-5.551515138,-0.156224181,-8.604350163,0.6283705069,0.3833251631,0.4743624018,0.8617888074,,0.1694810888,-0.012567934,0.0064213386,0.0,-0.070682847,-0.019194499,-0.025908845,0.141755618,-0.281040891,0.011439768,0.0030006119,-0.01799581,-0.005018108,,-0.053932993,0.0131714926,-0.126986312,0.0431090336,-6.300859495,-1.216667403,0.4074019853,0.0867533066,0.1454743823,0.2720034928,0.1926123155,1.2615291847,0.1189520497,0.0826037803,0.0068831656,3.7258352366,0.0922052634,1.1871270202,0.4824384507,0.580238957,6.0,-1.747927761,1.2436142985,726.94123946,1.1327794539,-0.058919921,0.0088382289,5.6404465734,1.5138743974,2.7813271985,1.8253781718,2.6116266486,0.1024103077,0.6709426812,0.3938675069,0.0655615765,0.0655615765,,1.0725897848,0.1649061404,0.5916802745,10.704686084,1.3809362254,,,0.5754960753,0.4083758681,0.00631895,677109.19549218,0.52281086,0.00090277,0.50594176,0.00690881,0.00684924,0.00475075,0.01973574,0.19732272,-0.48214225,0.74939575,,,,,0.0473522,0.06142314,0.02337215,0.06301411,0.02350329,0.01742944,0.92163069,0.67985444,0.66445016,0.8998038033,1.92828265,443,0.4949133977,0.751305484,0.4049291436,-0.417391936
20210129,20210131,211952.0,01W,PRT,-0.035221,2021,1,20201231,20201231,894.74185019,11.009497357,894.74185019,0.0129290795,0.0,0.014859113,0.0281244102,0.1951907584,0.1761267842,0.2762445713,-0.294076924,-0.401421413,0.2501201765,-0.094135697,-0.00482187,0.0279802279,0.0058967781,0.050234097,-0.114838909,-0.036901391,-0.100871132,0.067091838,-0.026823849,1.2109962626,-0.008254841,0.0088603274,0.0001118154,-0.021134382,-0.002975859,-0.018158523,-0.059170936,-0.010027467,-0.04914347,0.0642888773,-0.05542855,-0.009813399,0.0004330793,0.0716719509,0.1385161486,0.1833994116,0.2715645928,0.0676478233,0.0617660851,0.1381869583,-0.002025463,0.1402124217,-0.100795631,-5.551515138,-0.156224181,-8.604350163,0.6283705069,0.3833251631,0.4743624018,0.8617888074,,0.1694810888,-0.012567934,0.0064213386,0.0,-0.070682847,-0.019194499,-0.025908845,0.141755618,-0.281040891,0.011439768,0.0030006119,-0.01799581,-0.005018108,,-0.053932993,0.0131714926,-0.126986312,0.0431090336,-6.300859495,-1.216667403,0.4074019853,0.0867533066,0.1454743823,0.2720034928,0.1926123155,1.2615291847,0.1189520497,0.0826037803,0.0068831656,3.7258352366,0.0922052634,1.1871270202,0.4824384507,0.580238957,6.0,-1.747927761,1.2436142985,726.94123946,1.1327794539,-0.058919921,0.0088382289,5.4861517903,1.4724622647,2.705243812,1.7754448332,2.5401854317,0.0996088671,0.6525890005,0.3830932356,0.0637681353,0.0637681353,,1.0620182314,0.1632808088,0.5883055721,10.940723291,1.2619347843,,,0.5676136899,0.4511290136,0.00709854,649389.68493532,0.54709157,0.00084244,0.52302309,0.00705593,0.00685671,0.00515912,0.0130798,-0.71157525,-0.81325403,0.71312571,,,,,0.0210985,0.02846167,0.01689878,-0.82189093,0.02405168,0.01767244,0.91769252,0.71024833,0.66004649,0.8932078383,0.8510423275,444,0.4704694075,0.7167580288,0.5560092998,-0.477838686
20210226,20210228,211952.0,01W,PRT,0.355509,2021,2,20210129,20210131,863.22852022,10.621736437,863.22852022,0.0134010731,0.0,0.014859113,-0.035220583,0.4646182561,0.2164700276,0.1349624776,-0.198801914,-0.3374173,0.3018948927,-0.108978305,0.0018833777,0.0261645645,0.0068805902,0.1271732536,-0.107458852,-0.219780223,-0.070855296,0.0193383556,-0.060560416,0.3767853964,-0.005052533,0.001692061,0.0001118154,-0.00649555,0.0141785224,-0.020674073,-0.010512153,-0.00366705,-0.006845103,0.0842290622,-0.082537001,-0.008835357,0.0222646919,0.0717935331,0.1626428567,0.2201317984,0.3584370785,0.068579073,0.0607246912,0.1545215012,-0.001691818,0.1562133188,-0.11061307,-5.654217459,-0.193150071,-9.87326819,0.6782890842,0.3497756079,0.4814082258,0.8458239713,,0.1677323379,-0.012567934,0.0064213386,0.0,-0.031018879,0.1235997397,0.0147955065,-0.240983248,-0.034854813,0.0378647727,0.0101627609,0.0058953168,0.0011657887,,-0.035070895,-0.064420506,0.0331845598,0.0216347442,0.2664481863,1.1831444283,0.0120481865,0.1234465816,0.183326678,0.3887815826,0.2481266754,1.1046221133,0.1301760015,0.1095187286,0.0105467551,3.5055621584,0.0965543609,1.209427893,0.3652485602,0.6184130712,6.0,-1.989578729,1.3118303139,824.37964457,0.8514300085,0.1331456866,0.0086195045,5.7415466216,1.6378390575,2.7368548306,1.7738117928,2.60810214,0.1123214843,0.7474115816,0.5278530533,0.0715055532,0.0715055532,,1.1116488321,0.2266941426,0.6432847911,9.8408658314,1.2394289564,,,0.4848467741,0.5371120108,0.00721442,697309.07479761,0.52666431,0.00088057,0.50606781,0.00706826,0.00687734,0.00850504,0.01647176,0.37162426,0.11664425,0.41656656,,,,,0.02209905,0.03245031,0.01882515,0.04037273,0.02376051,0.01816242,0.87985509,0.76125429,0.65385319,0.8686733271,0.878243542,445,1.4114082226,1.1945967147,1.0692486535,0.2389193429
20210331,20210331,211952.0,01W,PRT,-0.038056,2021,3,20210226,20210228,1170.1143039,14.397862728,1170.1143039,0.0098863748,0.0,0.014859113,0.3555093194,-0.008086731,0.166039842,0.1697953804,-0.132479684,-0.260819993,0.1102985247,-0.314713705,0.0628127435,-0.000615313,0.0058206401,0.1271732536,-0.107458852,-0.219780223,-0.070855296,0.0193383556,-0.060560416,0.3767853964,-0.005052533,0.001692061,0.0001118154,-0.00649555,0.0141785224,-0.020674073,-0.010512153,-0.00366705,-0.006845103,0.0842290622,-0.082537001,-0.008835357,0.0222646919,0.0717935331,0.1626428567,0.2201317984,0.3584370785,0.068579073,0.0607246912,0.1545215012,-0.001691818,0.1562133188,-0.11061307,-5.654217459,-0.193150071,-9.87326819,0.6782890842,0.3497756079,0.4814082258,0.8458239713,,0.1677323379,-0.012567934,0.0064213386,0.0,-0.031018879,0.1235997397,0.0147955065,-0.240983248,-0.034854813,0.0378647727,0.0101627609,0.0058953168,0.0011657887,,-0.035070895,-0.064420506,0.0331845598,0.0216347442,0.2664481863,1.1831444283,0.0120481865,0.1234465816,0.183326678,0.3887815826,0.2481266754,1.1046221133,0.1301760015,0.1095187286,0.0105467551,3.5055621584,0.0965543609,1.209427893,0.3652485602,0.6184130712,6.0,-1.989578729,1.3118303139,824.37964457,0.8514300085,0.1331456866,0.0086195045,4.2357116543,1.2082831406,2.0190601359,1.3085943176,1.924075403,0.0828629377,0.5513880067,0.3894130757,0.0527517975,0.0527517975,,0.9853589738,0.2009403521,0.662648795,12.330454514,1.073726228,,,0.4812676364,0.5292792793,0.0058349,983796.98486767,2.08300527,0.00109938,1.54597486,0.00681818,0.00684219,0.00873015,0.05726819,2.93291286,0.49030287,0.36753541,,,,,0.07722407,0.28968743,0.06595643,4.08242747,0.02314728,0.0249767,0.90760871,0.97267273,0.5951861,0.9750784459,2.4848601107,446,1.227881227,1.1686974196,1.0524696232,-0.083478387
20210430,20210430,211952.0,01W,PRT,0.04926,2021,4,20210331,20210331,1125.5849992,13.84994462,1125.5849992,0.01027749,0.0,0.014859113,-0.038055517,0.3077674903,0.6069909609,0.5813585387,0.715971677,0.0856609514,-0.278794906,0.1561071163,0.0451615951,0.0015550967,-0.002779285,0.1271732536,-0.107458852,-0.219780223,-0.070855296,0.0193383556,-0.060560416,0.3767853964,-0.005052533,0.001692061,0.0001118154,-0.00649555,0.0141785224,-0.020674073,-0.010512153,-0.00366705,-0.006845103,0.0842290622,-0.082537001,-0.008835357,0.0222646919,0.0717935331,0.1626428567,0.2201317984,0.3584370785,0.068579073,0.0607246912,0.1545215012,-0.001691818,0.1562133188,-0.11061307,-5.654217459,-0.193150071,-9.87326819,0.6782890842,0.3497756079,0.4814082258,0.8458239713,,0.1677323379,-0.012567934,0.0064213386,0.0,-0.031018879,0.1235997397,0.0147955065,-0.240983248,-0.034854813,0.0378647727,0.0101627609,0.0058953168,0.0011657887,,-0.035070895,-0.064420506,0.0331845598,0.0216347442,0.2664481863,1.1831444283,0.0120481865,0.1234465816,0.183326678,0.3887815826,0.2481266754,1.1046221133,0.1301760015,0.1095187286,0.0105467551,3.5055621584,0.0965543609,1.209427893,0.3652485602,0.6184130712,6.0,-1.989578729,1.3118303139,824.37964457,0.8514300085,0.1331456866,0.0086195045,4.4032807805,1.2560840691,2.0989362394,1.3603636599,2.0001938125,0.0861410811,0.5732014855,0.4048186591,0.0548387131,0.0548387131,,1.0018741486,0.2043082263,0.7182843144,12.053413398,1.1331996552,,,0.4856254567,0.6365576102,0.00765149,1020538.1930032,1.9965996,0.00108716,1.55929289,0.00693098,0.007013,0.00672273,0.00599023,-0.04327712,0.723617,0.25593441,,,,,0.00625961,0.00880913,0.00607028,-0.21337249,0.01976229,0.02411064,0.51703685,0.93565717,0.59318351,1.128192672,0.2294335901,447,1.1401754251,1.1819517616,1.0524696232,-0.122270872
20210531,20210531,211952.0,01W,PRT,0.027726,2021,5,20210430,20210430,1181.0309555,14.532188452,1181.0309555,0.0097949918,0.0,0.014859113,0.0492596795,0.3039247115,0.8424893598,0.5303189571,0.4277824818,-0.076368774,-0.129052583,-0.063948742,0.0554532698,0.0406235376,-0.001813463,0.0383639937,-0.086577728,-0.429488252,-0.158432708,-0.075000258,-0.121237826,-0.154478521,-0.01162402,0.0017269879,0.0012474664,-0.018495471,-0.003177214,-0.015318257,-0.001549274,0.0048169229,-0.006366197,0.0221171571,-0.019142703,-0.002587253,0.0195535718,0.0860675249,0.1535496653,0.198739753,0.2803101753,0.0903206235,0.0643562691,0.0256264439,-0.001833205,0.0274596492,-0.102259857,-3.675432506,-0.12140256,-4.363461167,0.6660058001,0.3909577016,0.4966116477,0.7477416043,,0.1177905479,-0.060836669,-0.027789334,0.0,-0.022516357,0.1112006295,-0.000863401,-0.461154732,-0.160128762,0.0292601927,0.0083467904,0.0189453347,0.0052890297,,0.0876353804,0.1512049819,-0.055780151,-0.031067367,-0.94132132,2.39927625,-0.306358007,0.1001812503,0.1594404437,0.2993094363,0.2063642036,1.4471797951,0.1300823937,0.0964798962,0.0087420178,3.2463115633,0.0968255142,1.2302856811,0.148019156,0.5322675415,6.0,-2.246150581,1.3779883887,1105.6719619,1.0512328109,0.2145348367,0.0019677431,3.9680331013,1.2223204779,1.8028897414,1.3354929484,1.9341685229,0.1104007476,0.5161712442,0.395239814,0.049629998,0.049629998,,1.1075522034,0.163920607,0.606411399,11.840487757,1.1323458868,,,0.58099607,0.6331252812,0.00714862,1116606.06058499,1.85559193,0.00112001,1.54263262,0.00697316,0.00708503,0.00228968,0.00930824,1.91524039,-0.42739997,0.61846924,,,,,0.01462566,0.03276486,0.00945785,2.02440414,0.01615661,0.02322149,0.58094304,0.98174734,0.59011451,1.0929341326,0.5641773802,448,1.50800742,1.2742364957,1.1819517616,0.079639781
20210630,20210630,211952.0,01W,PRT,-0.048446,2021,6,20210531,20210531,1162.5519633,14.304810671,1162.5519633,0.0534523502,0.0,0.0579779559,0.0277260588,0.00932956,0.3570917179,0.5953239688,0.6004621297,-0.172138989,-0.188292191,0.0027255054,0.0577260474,0.0153127085,-0.001065078,0.0383639937,-0.086577728,-0.429488252,-0.158432708,-0.075000258,-0.121237826,-0.154478521,-0.01162402,0.0017269879,0.0012474664,-0.018495471,-0.003177214,-0.015318257,-0.001549274,0.0048169229,-0.006366197,0.0221171571,-0.019142703,-0.002587253,0.0195535718,0.0860675249,0.1535496653,0.198739753,0.2803101753,0.0903206235,0.0643562691,0.0256264439,-0.001833205,0.0274596492,-0.102259857,-3.675432506,-0.12140256,-4.363461167,0.6660058001,0.3909577016,0.4966116477,0.7477416043,,0.1177905479,-0.060836669,-0.027789334,0.0,-0.022516357,0.1112006295,-0.000863401,-0.461154732,-0.160128762,0.0292601927,0.0083467904,0.0189453347,0.0052890297,,0.0876353804,0.1512049819,-0.055780151,-0.031067367,-0.94132132,2.39927625,-0.306358007,0.1001812503,0.1594404437,0.2993094363,0.2063642036,1.4471797951,0.1300823937,0.0964798962,0.0087420178,3.2463115633,0.0968255142,1.2302856811,0.148019156,0.5322675415,6.0,-2.246150581,1.3779883887,1105.6719619,1.0512328109,0.2145348367,0.0019677431,4.0311057684,1.2417495024,1.8315470287,1.3567208717,1.9649125123,0.1121555893,0.5243758878,0.4015222286,0.0504188766,0.0504188766,,1.1150222269,0.1650261899,0.6143467377,11.721387502,1.1273632657,,,0.6031545209,0.6664781297,0.00620765,1255530.043373,1.78550996,0.00116269,1.60665618,0.00696367,0.00704744,0.00370851,0.00931948,-0.16543135,0.17329217,0.02922267,,,,,0.01197562,0.02371881,0.00933807,-0.25056449,0.01304623,0.0226217,0.50001747,0.96638644,0.58331557,1.0468793149,0.4884983844,449,1.50800742,1.2845232579,1.1819517616,0.0389249472
20210730,20210731,211952.0,01W,PRT,0.012637,2021,7,20210630,20210630,1106.2312204,13.611802885,1106.2312204,0.0457164336,0.0,0.0431188429,-0.048445785,0.0783515151,0.3565659067,0.6669546889,0.640365811,0.1761267842,-0.08711357,-0.005972503,0.0538648399,-0.008259073,0.0036036254,0.0383639937,-0.086577728,-0.429488252,-0.158432708,-0.075000258,-0.121237826,-0.154478521,-0.01162402,0.0017269879,0.0012474664,-0.018495471,-0.003177214,-0.015318257,-0.001549274,0.0048169229,-0.006366197,0.0221171571,-0.019142703,-0.002587253,0.0195535718,0.0860675249,0.1535496653,0.198739753,0.2803101753,0.0903206235,0.0643562691,0.0256264439,-0.001833205,0.0274596492,-0.102259857,-3.675432506,-0.12140256,-4.363461167,0.6660058001,0.3909577016,0.4966116477,0.7477416043,,0.1177905479,-0.060836669,-0.027789334,0.0,-0.022516357,0.1112006295,-0.000863401,-0.461154732,-0.160128762,0.0292601927,0.0083467904,0.0189453347,0.0052890297,,0.0876353804,0.1512049819,-0.055780151,-0.031067367,-0.94132132,2.39927625,-0.306358007,0.1001812503,0.1594404437,0.2993094363,0.2063642036,1.4471797951,0.1300823937,0.0964798962,0.0087420178,3.2463115633,0.0968255142,1.2302856811,0.148019156,0.5322675415,6.0,-2.246150581,1.3779883887,1105.6719619,1.0512328109,0.2145348367,0.0019677431,4.2363385146,1.3049697886,1.924795246,1.4257946113,2.064950669,0.1178656849,0.5510730547,0.4219646368,0.052985816,0.052985816,,1.1384241722,0.1684897387,0.6157696355,11.333846059,1.103085758,,,0.5932876876,0.6733048838,0.00708195,1285464.44615038,1.80958434,0.0011586,1.67909208,0.00696695,0.00712243,0.00153995,0.00938113,-0.30706672,0.05239531,0.17896975,,,,,0.01062194,0.02377535,0.01015226,0.32912025,0.01640223,0.02232374,0.44019304,0.91956909,0.55981155,0.9804333081,0.4441065499,450,1.4969481148,1.3356541938,1.1547885457,0.0834783871
20210831,20210831,211952.0,01W,PRT,0.027557,2021,8,20210730,20210731,1120.2110385,13.783819841,1120.2110385,0.0451459095,0.0,0.0431188429,0.0126373382,-0.022062937,0.3379700933,0.8905966263,0.5702754765,0.2164700276,-0.205038095,0.0065052678,0.0544223009,-0.039156256,0.0030612355,-0.068002706,-0.137757376,-0.453943876,-0.184040452,-0.122300837,-0.172286672,-0.256362061,-0.013920609,0.0003791289,0.0012474664,-0.031372842,0.0008692419,-0.032242084,-0.003866726,0.0001168875,-0.003983613,-0.090868838,0.091247967,-0.001620252,0.024475958,0.089945476,0.1458824001,0.2051454872,0.2673277587,0.0971792363,0.0740396234,0.0256264439,-0.001833205,-0.113934405,-0.113641408,-3.822682498,-0.022393441,-0.753273098,0.5769977366,0.3778576109,0.4469825129,0.8231611718,,0.1287317487,-0.060836669,-0.027789334,1.0,-0.033762252,0.0621899565,0.0016890524,-0.487394226,-0.063679562,0.0206689716,0.0063669132,0.0066737468,0.0021745597,,0.0742117938,0.1129985817,-0.045207811,-0.062322479,0.2816614267,0.7386258572,-0.301611974,0.0852815541,0.1359620021,0.2905768402,0.191195039,1.4216431587,0.143369592,0.0915040791,0.0283716046,3.2689261085,0.0937688203,1.2194369737,0.1795121112,0.4829931298,7.0,-2.36763083,1.3772446933,1166.6356402,0.9387436461,-0.002927058,0.0046615896,4.0778377426,1.2474548544,1.8127173143,1.2877701308,1.8892191566,0.1212267101,0.5846379332,0.4650194249,0.0523245727,0.0523245727,,1.003194352,0.1631015207,0.5440526787,11.247188955,1.0762114059,,,0.66048767,0.6862082671,0.00894566,1158795.84352742,2.02317546,0.00101548,1.93684366,0.00709867,0.00723165,0.00502003,0.0237223,0.70574294,-0.17978404,2.04906017,,,,,0.03541147,0.05851049,0.02634924,0.12584691,0.03972511,0.02313259,0.41576577,0.93119,0.55926343,1.0010519472,1.4263716891,451,1.1547885457,1.1819517616,0.8126289766,0.0407569573
20210930,20210930,211952.0,01W,PRT,-0.042542,2021,9,20210831,20210831,1151.0810087,14.163664436,1151.0810087,0.0439351755,0.0,0.0431188429,0.0275572809,-0.036420673,-0.000465394,0.3439219356,0.5798422817,0.166039842,-0.228872364,-0.016436364,0.0584217231,-0.007638279,-0.000511067,-0.068002706,-0.137757376,-0.453943876,-0.184040452,-0.122300837,-0.172286672,-0.256362061,-0.013920609,0.0003791289,0.0012474664,-0.031372842,0.0008692419,-0.032242084,-0.003866726,0.0001168875,-0.003983613,-0.090868838,0.091247967,-0.001620252,0.024475958,0.089945476,0.1458824001,0.2051454872,0.2673277587,0.0971792363,0.0740396234,0.0256264439,-0.001833205,-0.113934405,-0.113641408,-3.822682498,-0.022393441,-0.753273098,0.5769977366,0.3778576109,0.4469825129,0.8231611718,,0.1287317487,-0.060836669,-0.027789334,1.0,-0.033762252,0.0621899565,0.0016890524,-0.487394226,-0.063679562,0.0206689716,0.0063669132,0.0066737468,0.0021745597,,0.0742117938,0.1129985817,-0.045207811,-0.062322479,0.2816614267,0.7386258572,-0.301611974,0.0852815541,0.1359620021,0.2905768402,0.191195039,1.4216431587,0.143369592,0.0915040791,0.0283716046,3.2689261085,0.0937688203,1.2194369737,0.1795121112,0.4829931298,7.0,-2.36763083,1.3772446933,1166.6356402,0.9387436461,-0.002927058,0.0046615896,3.9684772989,1.2140003069,1.7641034208,1.2532343985,1.8385536181,0.1179756227,0.5689589711,0.452548421,0.0509213196,0.0509213196,,0.9912542227,0.1611602685,0.5434550795,11.46404514,1.0533757337,,,0.6730113572,0.6906561166,0.00904395,782035.91216395,1.62312419,0.00067448,1.61871351,0.00758671,0.00734483,0.00382333,0.01231393,-0.61193181,-0.35766043,0.20665837,,,,,0.01523595,0.02894356,0.01243458,-0.5169445,0.05663156,0.02325021,0.43783064,0.95685106,0.5553811,0.9987550444,0.6147259616,452,1.1547885457,1.100437847,0.8126289766,0.1222708719
20211029,20211031,211952.0,01W,PRT,0.03513,2021,10,20210930,20210930,1102.1116163,13.561112542,1102.1116163,0.0458873179,0.0,0.0431188429,-0.042542091,0.0405428698,0.0677113703,0.3431806075,0.6505067691,0.6069909609,-0.227964694,-0.161006775,0.0691912399,0.0211062149,-0.003097922,-0.068002706,-0.137757376,-0.453943876,-0.184040452,-0.122300837,-0.172286672,-0.256362061,-0.013920609,0.0003791289,0.0012474664,-0.031372842,0.0008692419,-0.032242084,-0.003866726,0.0001168875,-0.003983613,-0.090868838,0.091247967,-0.001620252,0.024475958,0.089945476,0.1458824001,0.2051454872,0.2673277587,0.0971792363,0.0740396234,0.0256264439,-0.001833205,-0.113934405,-0.113641408,-3.822682498,-0.022393441,-0.753273098,0.5769977366,0.3778576109,0.4469825129,0.8231611718,,0.1287317487,-0.060836669,-0.027789334,1.0,-0.033762252,0.0621899565,0.0016890524,-0.487394226,-0.063679562,0.0206689716,0.0063669132,0.0066737468,0.0021745597,,0.0742117938,0.1129985817,-0.045207811,-0.062322479,0.2816614267,0.7386258572,-0.301611974,0.0852815541,0.1359620021,0.2905768402,0.191195039,1.4216431587,0.143369592,0.0915040791,0.0283716046,3.2689261085,0.0937688203,1.2194369737,0.1795121112,0.4829931298,7.0,-2.36763083,1.3772446933,1166.6356402,0.9387436461,-0.002927058,0.0046615896,4.1448060115,1.2679411752,1.8424866549,1.308918529,1.9202448483,0.1232175551,0.5942391466,0.472656204,0.0531838727,0.0531838727,,1.0103297072,0.1642616023,0.5449773933,11.114394291,1.0557434173,,,0.6659252297,0.6638071895,0.00896101,679439.26165967,1.89990829,0.00058413,1.90070277,0.00773084,0.0074369,0.00417248,0.01461126,0.55149603,-0.02324724,1.23117373,,,,,0.02163479,0.03807257,0.01723768,1.02151585,0.07620222,0.02315132,0.43364047,0.88889481,0.5580337,1.0110055132,0.8808668329,453,1.1248031767,1.0692486535,0.7648661601,0.1283098384
20211130,20211130,211952.0,01W,PRT,-0.070152,2021,11,20211029,20211031,1140.8289296,14.037516053,1140.8289296,0.0443299997,0.0,0.0431188429,0.03513012,-0.016157154,-0.025704774,0.3329874938,0.883556046,0.8424893598,-0.354856233,0.4245535284,0.0337891119,-0.015611156,-0.003510416,-0.106993999,-0.008417544,-0.531376258,-0.186454208,-0.186881704,-0.125578768,-0.46494621,-0.015363196,0.0015712381,0.0012474664,-0.018318472,0.0199745673,-0.03829304,0.0186192443,0.0016519313,0.016967313,-0.152100349,0.1536715876,0.0056411588,0.025909415,0.1102123884,0.167700384,0.2076685305,0.2987624508,0.1241265056,0.0949544393,0.0256264439,-0.001833205,-0.262218897,-0.100606902,-2.482728451,0.0530646853,1.3095046274,0.579270706,0.4131281957,0.485070028,0.8615586744,,0.0681018645,-0.060836669,-0.027789334,2.0,-0.019044002,0.0453843732,0.0182059606,-0.548669126,0.2956089667,0.0404593615,0.0123769581,0.0290195936,0.0093763462,,0.1608431614,0.082743154,0.0008935605,-0.060125941,3.4255481578,2.2913167924,-0.473215592,0.0956066766,0.1497574493,0.3245174561,0.185449244,1.4400695684,0.1411296191,0.1070616283,0.0221775694,3.0631338423,0.093036594,1.2287054336,0.5882987949,0.4295834893,7.0,-2.850638474,1.4803297224,1545.2345926,-0.236913961,-0.380485566,0.0084298192,3.8423721203,1.2543925007,1.5372722043,1.2755994986,1.9754747408,0.1557033577,0.542272514,0.4432227471,0.0513789249,0.0513789249,,1.0076061096,0.1807746117,0.5018161719,11.091620261,1.044923178,,,0.6811633062,0.6965336134,0.00905611,535889.03227436,2.30808573,0.00046313,2.30297905,0.00799606,0.00752952,0.00866362,0.01060141,-0.01606647,0.20339312,0.58772563,,,,,0.01620048,0.03114458,0.01130217,0.24932534,0.09744959,0.0228928,0.45157757,0.92012179,0.55873853,1.0232250254,0.6681169531,454,1.4847401932,1.240328438,1.1248031767,0.5560092998
20211231,20211231,211952.0,01W,PRT,0.019456,2021,12,20211130,20211130,1060.7978625,13.052760705,1060.7978625,0.047674442,0.0,0.0431188429,-0.070151681,-0.008906479,-0.018685645,0.0179314038,0.368657307,0.3570917179,-0.084311903,0.0281244102,0.0248549218,0.0313825138,0.0017831363,-0.106993999,-0.008417544,-0.531376258,-0.186454208,-0.186881704,-0.125578768,-0.46494621,-0.015363196,0.0015712381,0.0012474664,-0.018318472,0.0199745673,-0.03829304,0.0186192443,0.0016519313,0.016967313,-0.152100349,0.1536715876,0.0056411588,0.025909415,0.1102123884,0.167700384,0.2076685305,0.2987624508,0.1241265056,0.0949544393,0.0256264439,-0.001833205,-0.262218897,-0.100606902,-2.482728451,0.0530646853,1.3095046274,0.579270706,0.4131281957,0.485070028,0.8615586744,,0.0681018645,-0.060836669,-0.027789334,2.0,-0.019044002,0.0453843732,0.0182059606,-0.548669126,0.2956089667,0.0404593615,0.0123769581,0.0290195936,0.0093763462,,0.1608431614,0.082743154,0.0008935605,-0.060125941,3.4255481578,2.2913167924,-0.473215592,0.0956066766,0.1497574493,0.3245174561,0.185449244,1.4400695684,0.1411296191,0.1070616283,0.0221775694,3.0631338423,0.093036594,1.2287054336,0.5882987949,0.4295834893,7.0,-2.850638474,1.4803297224,1545.2345926,-0.236913961,-0.380485566,0.0084298192,4.1322568872,1.3490291642,1.6532505064,1.3718361076,2.1245128914,0.1674502761,0.5831838407,0.4766613415,0.0552551678,0.0552551678,,1.0396564088,0.1865247559,0.4726438324,10.469830648,1.0877935597,,,0.6941070625,0.684074912,0.00867325,276669.29876472,2.66289258,0.00024234,2.63624285,0.00860153,0.00770292,0.00679666,0.01320307,-0.22691282,0.42012928,-0.25780524,,,,,0.013416,0.01920687,0.01323579,-0.22709662,0.110461,0.02224053,0.33074985,0.8555737,0.56088656,0.9894495836,0.5769429014,455,1.502610968,1.2742364957,1.1686974196,0.5574784669
20220131,20220131,211952.0,01W,PRT,0.001603,2022,1,20211231,20211231,1081.436395,13.306710902,1081.436395,0.0467646053,0.0,0.0431188429,0.0194556694,-0.037485998,-0.041070399,-0.016032815,0.2378304451,0.3565659067,-0.141312862,-0.035220583,0.0298254902,0.0369864979,-0.000277418,-0.106993999,-0.008417544,-0.531376258,-0.186454208,-0.186881704,-0.125578768,-0.46494621,-0.015363196,0.0015712381,0.0012474664,-0.018318472,0.0199745673,-0.03829304,0.0186192443,0.0016519313,0.016967313,-0.152100349,0.1536715876,0.0056411588,0.025909415,0.1102123884,0.167700384,0.2076685305,0.2987624508,0.1241265056,0.0949544393,0.0256264439,-0.001833205,-0.262218897,-0.100606902,-2.482728451,0.0530646853,1.3095046274,0.579270706,0.4131281957,0.485070028,0.8615586744,,0.0681018645,-0.060836669,-0.027789334,2.0,-0.019044002,0.0453843732,0.0182059606,-0.548669126,0.2956089667,0.0404593615,0.0123769581,0.0290195936,0.0093763462,,0.1608431614,0.082743154,0.0008935605,-0.060125941,3.4255481578,2.2913167924,-0.473215592,0.0956066766,0.1497574493,0.3245174561,0.185449244,1.4400695684,0.1411296191,0.1070616283,0.0221775694,3.0631338423,0.093036594,1.2287054336,0.5882987949,0.4295834893,7.0,-2.850638474,1.4803297224,1545.2345926,-0.236913961,-0.380485566,0.0084298192,4.053395367,1.3232837922,1.6216992617,1.3456554795,2.0839679008,0.164254593,0.5720541444,0.46756456,0.0542006578,0.0542006578,,1.0311977123,0.1850071811,0.4700650523,10.638985015,1.076664464,,,0.6829918153,0.6761363636,0.00893627,133746.07922734,1.01475814,0.00011948,0.9917346,0.00903381,0.00782996,0.0055548,0.01084518,0.00560133,0.00827669,0.57387032,,,,,0.01819349,0.02726151,0.0122512,0.18512914,0.13371613,0.02205456,0.31500029,0.87221946,0.5578972,0.9944847492,0.7916647851,456,1.4781480859,1.2147874308,1.1086110644,0.674881906
20220228,20220228,211952.0,01W,PRT,-0.031045,2022,2,20220131,20220131,1083.1697883,13.328039723,1083.1697883,0.046689768,0.0,0.0431188429,0.001602862,-0.052060859,-0.034613695,-0.043982205,0.3079811233,0.3379700933,-0.17598355,0.3555093194,-0.002347824,-0.012274764,0.0032783028,-0.119336908,0.0175692153,-0.436989525,-0.040196261,-0.172525679,-0.121077426,-0.572665618,-0.003024099,-0.002862339,0.0012474664,-0.007189578,0.0186260997,-0.025815677,-0.02118858,-0.002764271,-0.018424309,-0.144887969,0.1420256308,0.0102270828,0.0073382243,0.1194180973,0.1471047983,0.1596334021,0.2162401612,0.1277461831,0.1078892085,0.0256264439,-0.001833205,-0.28959113,-0.078498701,-1.855038746,0.0635269295,1.5012339547,0.5628006366,0.4463002203,0.4915623972,0.9034577753,,0.0861938956,-0.060836669,-0.027789334,3.0,-0.038960523,-0.054699283,-0.036548355,-0.560728093,0.0628209653,0.0398015841,0.0129937463,0.0019368115,0.0028309854,,0.0352402016,0.0567342,-0.185293582,-0.07992202,0.8604014857,0.2267109806,-0.494242021,0.0714523366,0.1295497665,0.2211390187,0.1405832456,1.5250894431,0.1208151765,0.0811347009,-0.009360825,3.0188285349,0.094099596,1.2290937442,0.3705180001,0.4342029047,6.0,-2.727224322,1.4933523962,1560.8710577,-0.132443475,-0.432502887,0.0082874949,4.0296556354,1.334840846,1.5972786308,1.2499469135,2.1150361641,0.1705208231,0.4868435568,0.3883299934,0.0541139206,0.0541139206,,1.0404894152,0.145312275,0.4884676853,10.79028205,1.0569417353,,,0.7274463414,0.6484831871,0.00903181,132424.45379848,1.02842643,0.00011836,1.00410967,0.00903951,0.00794699,0.00241794,0.00894266,0.41691058,-0.22135271,0.32261607,,,,,0.0109804,0.02161977,0.00990926,-0.63089678,0.12042202,0.02169953,0.3382909,0.87361751,0.55475379,0.9954549575,0.4876171192,457,1.0692486535,1.0017406454,0.5560092998,0.0834783871
20220331,20220331,211952.0,01W,PRT,0.037392,2022,3,20220228,20220228,1049.543028,12.914273755,1049.543028,0.0481856816,0.0,0.0431188429,-0.031044773,0.0210897161,-0.058997777,-0.06828269,-0.033516319,-0.000465394,0.0787750678,-0.038055517,-0.001710484,-0.093044082,0.0178962163,-0.119336908,0.0175692153,-0.436989525,-0.040196261,-0.172525679,-0.121077426,-0.572665618,-0.003024099,-0.002862339,0.0012474664,-0.007189578,0.0186260997,-0.025815677,-0.02118858,-0.002764271,-0.018424309,-0.144887969,0.1420256308,0.0102270828,0.0073382243,0.1194180973,0.1471047983,0.1596334021,0.2162401612,0.1277461831,0.1078892085,0.0256264439,-0.001833205,-0.28959113,-0.078498701,-1.855038746,0.0635269295,1.5012339547,0.5628006366,0.4463002203,0.4915623972,0.9034577753,,0.0861938956,-0.060836669,-0.027789334,3.0,-0.038960523,-0.054699283,-0.036548355,-0.560728093,0.0628209653,0.0398015841,0.0129937463,0.0019368115,0.0028309854,,0.0352402016,0.0567342,-0.185293582,-0.07992202,0.8604014857,0.2267109806,-0.494242021,0.0714523366,0.1295497665,0.2211390187,0.1405832456,1.5250894431,0.1208151765,0.0811347009,-0.009360825,3.0188285349,0.094099596,1.2290937442,0.3705180001,0.4342029047,6.0,-2.727224322,1.4933523962,1560.8710577,-0.132443475,-0.432502887,0.0082874949,4.1587635045,1.3776083856,1.6484545274,1.2899945,2.182800717,0.175984213,0.5024417468,0.400771865,0.0558476998,0.0558476998,,1.0550469557,0.1473453465,0.4566582119,10.516567557,1.0547189951,,,0.717020042,0.5652777778,0.00853992,158333.34456873,0.99788749,0.00014199,0.98409698,0.00892812,0.00825673,0.00531377,0.01824294,-0.63743328,-0.15556665,-0.01761028,,,,,0.01868288,0.03692622,0.01864054,-0.41024469,0.11214531,0.01327011,0.31352861,0.84649625,0.54278407,0.5855830303,1.3503550622,458,1.2009953198,0.9647638212,0.4619212768,0.7893522174
20220429,20220430,211952.0,01W,PRT,0.032096,2022,4,20220331,20220331,1088.7879193,13.397168934,1088.7879193,0.0464488494,0.0,0.0431188429,0.0373923605,-0.029491672,-0.047698062,-0.051244434,-0.026472493,0.0677113703,-0.001373623,0.0492596795,-0.002789331,0.0512475817,0.0030241414,-0.119336908,0.0175692153,-0.436989525,-0.040196261,-0.172525679,-0.121077426,-0.572665618,-0.003024099,-0.002862339,0.0012474664,-0.007189578,0.0186260997,-0.025815677,-0.02118858,-0.002764271,-0.018424309,-0.144887969,0.1420256308,0.0102270828,0.0073382243,0.1194180973,0.1471047983,0.1596334021,0.2162401612,0.1277461831,0.1078892085,0.0256264439,-0.001833205,-0.28959113,-0.078498701,-1.855038746,0.0635269295,1.5012339547,0.5628006366,0.4463002203,0.4915623972,0.9034577753,,0.0861938956,-0.060836669,-0.027789334,3.0,-0.038960523,-0.054699283,-0.036548355,-0.560728093,0.0628209653,0.0398015841,0.0129937463,0.0019368115,0.0028309854,,0.0352402016,0.0567342,-0.185293582,-0.07992202,0.8604014857,0.2267109806,-0.494242021,0.0714523366,0.1295497665,0.2211390187,0.1405832456,1.5250894431,0.1208151765,0.0811347009,-0.009360825,3.0188285349,0.094099596,1.2290937442,0.3705180001,0.4342029047,6.0,-2.727224322,1.4933523962,1560.8710577,-0.132443475,-0.432502887,0.0082874949,4.0088626665,1.3279530852,1.5890366945,1.2434972043,2.104122606,0.1696409379,0.4843314506,0.3863262158,0.0538346935,0.0538346935,,1.038096316,0.1449780605,0.4610143762,10.834364079,1.059364317,,,0.7221084807,0.5820151949,0.00810964,199893.71221767,1.03947749,0.00018715,1.08474139,0.00874671,0.00828724,0.00357175,0.01683367,-2.59948135,-0.29880473,0.66579288,,,,,0.02015702,0.02688488,0.01758502,-1.67819161,0.09945699,0.01398471,0.45836137,0.87814874,0.53504994,0.604902347,1.375732768,459,1.3047716849,1.0692486535,0.4949133977,0.6415491921
20220531,20220531,211952.0,01W,PRT,0.227525,2022,5,20220429,20220430,1123.7336838,13.827164806,1123.7336838,0.0450043875,0.0,0.0431188429,0.0320960252,0.0051867501,-0.04561684,-0.028051071,-0.037483267,-0.025704774,0.0220497654,0.0277260588,-0.002392061,0.0235449444,0.0060890854,-0.060629522,0.0611846738,0.0012375335,0.0195130727,-0.144213958,-0.036706669,-0.460487893,0.0012825937,-0.003646468,-0.001016156,0.0201242296,0.0272625287,-0.007138299,-0.055181957,-0.006177801,-0.049004156,-0.097552924,0.0928902997,0.0013121402,0.0140584939,0.1383204528,0.1913296124,0.2007883862,0.3437193097,0.1496765148,0.1201039494,,,-0.12773033,-0.074453095,-1.45453949,0.0184372045,0.3601951265,0.5886606016,0.4243114668,0.5334321771,0.8683021701,,0.0995545499,0.0799554142,-0.017533407,4.0,-0.052738565,-0.112248516,-0.029818433,-0.428782224,0.3624421295,0.0596893749,0.0197723634,0.0304291822,0.011425573,,0.081365752,-0.222390258,0.1126831765,-0.040666208,2.319583166,1.6495357165,-0.339538846,0.1186756427,0.1797293895,0.3584549779,0.1886146824,1.3523732133,0.1256398081,0.126335291,-0.004442586,2.9241282821,0.0940611072,1.2395390979,0.7578277297,0.4765849802,9.0,-2.898449918,1.6785187575,1961.7898446,0.9212975804,-2.409063381,0.0075940216,3.9175096575,1.3397188083,1.5126515049,1.1226455941,2.1571639913,0.200524442,0.4921951615,0.3649403556,,,,1.1704012775,0.2331617316,0.5048718808,10.319554579,1.0144103391,,,0.6476487628,0.5527777778,0.00848123,230019.61856517,1.00782078,0.00021403,1.02751367,0.00873563,0.00841854,0.00535359,0.01667903,1.53595891,0.08034719,0.62218921,,,,,0.02151359,0.05394963,0.01668339,1.47785514,0.08213243,0.01449218,0.42726674,0.90633383,0.53128048,0.6228635531,1.424218832,460,1.5747244473,1.1686974196,1.3047716849,0.8347838711
20220630,20220630,211952.0,01W,PRT,-0.144851,2022,6,20220531,20220531,1379.4112193,16.973190837,1379.4112193,,0.0,-3.88578e-16,0.227525026,0.0706885318,0.0593287595,-0.02375795,-0.033390576,-0.018685645,-0.116206695,-0.048445785,0.0226961943,0.043096664,0.0006577331,-0.060629522,0.0611846738,0.0012375335,0.0195130727,-0.144213958,-0.036706669,-0.460487893,0.0012825937,-0.003646468,-0.001016156,0.0201242296,0.0272625287,-0.007138299,-0.055181957,-0.006177801,-0.049004156,-0.097552924,0.0928902997,0.0013121402,0.0140584939,0.1383204528,0.1913296124,0.2007883862,0.3437193097,0.1496765148,0.1201039494,,,-0.12773033,-0.074453095,-1.45453949,0.0184372045,0.3601951265,0.5886606016,0.4243114668,0.5334321771,0.8683021701,,0.0995545499,0.0799554142,-0.017533407,4.0,-0.052738565,-0.112248516,-0.029818433,-0.428782224,0.3624421295,0.0596893749,0.0197723634,0.0304291822,0.011425573,,0.081365752,-0.222390258,0.1126831765,-0.040666208,2.319583166,1.6495357165,-0.339538846,0.1186756427,0.1797293895,0.3584549779,0.1886146824,1.3523732133,0.1256398081,0.126335291,-0.004442586,2.9241282821,0.0940611072,1.2395390979,0.7578277297,0.4765849802,9.0,-2.898449918,1.6785187575,1961.7898446,0.9212975804,-2.409063381,0.0075940216,3.1913888309,1.0913983666,1.2322775283,0.9145602496,1.7573279124,0.1633567037,0.4009654802,0.2972976908,,,,1.0570922357,0.2105888475,0.5069896647,11.990282427,1.0252420667,,,0.5260235192,0.6167352698,0.00805398,272008.40603677,1.00819849,0.00024439,0.98210621,0.00862163,0.00869269,0.00338428,0.01032838,0.66786648,0.09322712,0.84685706,,,,,0.02972647,0.03886231,0.01483475,0.3333943,0.07452762,0.01464542,0.43699634,1.0,0.53444228,0.6198517875,1.8979458899,461,1.5747244473,1.1686974196,1.3047716849,0.8347838711
20220729,20220731,211952.0,01W,PRT,0.036697,2022,7,20220630,20220630,1141.7892454,14.049332416,1141.7892454,0.0389781249,0.0,0.0325811486,-0.144850577,0.2669237001,0.2755361533,0.2516075495,0.246946564,-0.041070399,-0.212141915,0.0126373382,0.0083791111,-0.045122545,0.0060442969,-0.060629522,0.0611846738,0.0012375335,0.0195130727,-0.144213958,-0.036706669,-0.460487893,0.0012825937,-0.003646468,-0.001016156,0.0201242296,0.0272625287,-0.007138299,-0.055181957,-0.006177801,-0.049004156,-0.097552924,0.0928902997,0.0013121402,0.0140584939,0.1383204528,0.1913296124,0.2007883862,0.3437193097,0.1496765148,0.1201039494,,,-0.12773033,-0.074453095,-1.45453949,0.0184372045,0.3601951265,0.5886606016,0.4243114668,0.5334321771,0.8683021701,,0.0995545499,0.0799554142,-0.017533407,4.0,-0.052738565,-0.112248516,-0.029818433,-0.428782224,0.3624421295,0.0596893749,0.0197723634,0.0304291822,0.011425573,,0.081365752,-0.222390258,0.1126831765,-0.040666208,2.319583166,1.6495357165,-0.339538846,0.1186756427,0.1797293895,0.3584549779,0.1886146824,1.3523732133,0.1256398081,0.126335291,-0.004442586,2.9241282821,0.0940611072,1.2395390979,0.7578277297,0.4765849802,9.0,-2.898449918,1.6785187575,1961.7898446,0.9212975804,-2.409063381,0.0075940216,3.855560539,1.3185333088,1.4887313527,1.1048927585,2.1230519101,0.1973534703,0.4844118861,0.3591694104,,,,1.1616084234,0.2314100614,0.5135553157,10.462093002,1.0722312081,,,0.6254873294,0.6799344799,0.00805735,323174.22273671,0.90763932,0.00028245,0.87915787,0.00847801,0.00884086,0.00530351,0.01829937,-0.10800828,-0.44331151,1.23485168,,,,,0.01320257,0.02311505,0.02160506,-1.01498431,0.05140803,0.01548549,0.58781907,0.82625538,0.53972372,0.6613941387,0.790403416,462,1.6647087015,1.227881227,1.3047716849,0.9647638212
20220831,20220831,211952.0,01W,PRT,-0.031882,2022,8,20220729,20220731,1183.6898856,14.564905692,1183.6898856,0.0375983646,0.0,0.0325811486,0.0366973505,0.0497173179,0.0890284435,0.0339873735,0.0530182867,-0.034613695,-0.201482064,0.0275572809,0.0092100266,-0.046933605,0.0065161716,-0.014481261,0.250331368,0.0728486657,0.2381871935,-0.281529368,0.0277330344,-0.45005158,0.0149165059,-0.003963096,-0.001016156,0.0497736928,0.0648552434,-0.015081551,-0.014582754,0.0006032501,-0.015186004,-0.11043051,0.1064674139,0.0075932936,0.0313375867,0.1489018052,0.2041105542,0.2052373703,0.377046432,0.1602039863,0.1623071757,,,-0.177489599,-0.067618002,-1.235061927,0.0388494116,0.7095954833,0.5892688389,0.4532017017,0.5834901535,1.0900282601,,0.0847014475,0.0799554142,-0.017533407,5.0,-0.029829242,-0.039713671,-0.006733476,-0.414164416,0.3101136143,0.0310023208,0.0106022408,0.0103333492,0.0042353276,,0.0451377353,-0.202900213,0.1332702718,0.0224159389,1.4215528888,0.2045624161,-0.38454856,0.135626466,0.201154776,0.41511183,0.2022652744,1.4902496772,0.1223666761,0.1376193679,-0.021002916,2.9261710933,0.0908216779,1.2025690869,0.428595616,0.4969996688,9.0,-3.25513553,1.7220444939,2208.0813294,-0.092194495,-0.244146962,0.0118267519,3.8032663337,1.299741612,1.2955083832,0.9733662195,2.2354727417,0.2082237874,0.4653930594,0.3439427127,,,,1.0392593284,0.2652336417,0.52910742,10.941494616,1.0803787317,,,0.6047043284,0.6107913012,0.00854966,334145.69524205,0.8622552,0.00029142,0.83764334,0.00839574,0.00884178,0.00329567,0.01459733,-0.26800466,-0.14648649,1.01105319,,,,,0.02539645,0.03972769,0.02105638,-0.68740426,0.0561543,0.01460214,0.68203182,0.85657676,0.54423673,0.6270063583,1.5810377381,463,1.5824880071,1.100437847,1.4114082226,0.8558961032
20220930,20220930,211952.0,01W,PRT,-0.150221,2022,9,20220831,20220831,1145.9513022,14.100545124,1145.9513022,0.0388365577,0.0,0.0325811486,-0.031882154,-0.113468859,0.1651651909,0.1528030418,0.0623848307,-0.058997777,-0.120032549,-0.042542091,0.0101791117,-0.007349189,0.0050791879,-0.014481261,0.250331368,0.0728486657,0.2381871935,-0.281529368,0.0277330344,-0.45005158,0.0149165059,-0.003963096,-0.001016156,0.0497736928,0.0648552434,-0.015081551,-0.014582754,0.0006032501,-0.015186004,-0.11043051,0.1064674139,0.0075932936,0.0313375867,0.1489018052,0.2041105542,0.2052373703,0.377046432,0.1602039863,0.1623071757,,,-0.177489599,-0.067618002,-1.235061927,0.0388494116,0.7095954833,0.5892688389,0.4532017017,0.5834901535,1.0900282601,,0.0847014475,0.0799554142,-0.017533407,5.0,-0.029829242,-0.039713671,-0.006733476,-0.414164416,0.3101136143,0.0310023208,0.0106022408,0.0103333492,0.0042353276,,0.0451377353,-0.202900213,0.1332702718,0.0224159389,1.4215528888,0.2045624161,-0.38454856,0.135626466,0.201154776,0.41511183,0.2022652744,1.4902496772,0.1223666761,0.1376193679,-0.021002916,2.9261710933,0.0908216779,1.2025690869,0.428595616,0.4969996688,9.0,-3.25513553,1.7220444939,2208.0813294,-0.092194495,-0.244146962,0.0118267519,3.9285158824,1.3425448332,1.3381721954,1.0054212136,2.3090915544,0.2150810341,0.4807194304,0.3552694686,,,,1.0563255648,0.2695891859,0.5253280038,10.665133741,1.0837960089,,,0.6083962883,0.6236861862,0.00876622,312575.75423543,0.93185489,0.00027041,0.91154508,0.0084302,0.00882763,0.0030156,0.01013226,-0.37721332,0.47273925,0.55249007,,,,,0.0155526,0.02308843,0.01163136,0.37884572,0.07307902,0.01443963,0.58402434,0.82926725,0.54701693,0.6189940471,0.9717026973,464,1.5787044348,1.1686974196,1.4032928309,0.9182622582
20221031,20221031,211952.0,01W,PRT,0.062986,2022,10,20220930,20220930,973.80583194,11.982353045,973.80583194,0.0457019278,0.0,0.0325811486,-0.150220581,0.0036452058,0.0873583204,0.0947501015,0.0742129796,-0.047698062,-0.20707036,0.03513012,-0.006670952,-0.020148598,0.0038541877,-0.014481261,0.250331368,0.0728486657,0.2381871935,-0.281529368,0.0277330344,-0.45005158,0.0149165059,-0.003963096,-0.001016156,0.0497736928,0.0648552434,-0.015081551,-0.014582754,0.0006032501,-0.015186004,-0.11043051,0.1064674139,0.0075932936,0.0313375867,0.1489018052,0.2041105542,0.2052373703,0.377046432,0.1602039863,0.1623071757,,,-0.177489599,-0.067618002,-1.235061927,0.0388494116,0.7095954833,0.5892688389,0.4532017017,0.5834901535,1.0900282601,,0.0847014475,0.0799554142,-0.017533407,5.0,-0.029829242,-0.039713671,-0.006733476,-0.414164416,0.3101136143,0.0310023208,0.0106022408,0.0103333492,0.0042353276,,0.0451377353,-0.202900213,0.1332702718,0.0224159389,1.4215528888,0.2045624161,-0.38454856,0.135626466,0.201154776,0.41511183,0.2022652744,1.4902496772,0.1223666761,0.1376193679,-0.021002916,2.9261710933,0.0908216779,1.2025690869,0.428595616,0.4969996688,9.0,-3.25513553,1.7220444939,2208.0813294,-0.092194495,-0.244146962,0.0118267519,4.6229830873,1.5798744981,1.574728883,1.1831555237,2.7172834532,0.2531021924,0.5656990738,0.4180725735,,,,1.1418590846,0.2914185468,0.5313487321,9.1328043521,1.0838749765,,,0.6001357985,0.6517249005,0.00876749,274009.08477969,0.9860476,0.0002304,0.91658263,0.0085458,0.00880489,0.00881404,0.01871897,0.05920299,-0.16776805,0.64812521,,,,,0.01801756,0.02245179,0.02071388,-0.38078323,0.0906602,0.01484714,0.61527938,0.70469424,0.55050999,0.6274681992,1.0942695973,465,1.6664102367,1.1686974196,1.4032928309,0.9182622582
20221130,20221130,211952.0,01W,PRT,0.160969,2022,11,20221031,20221031,1035.1419673,12.737073548,1035.1419673,0.0429939132,0.0,0.0325811486,0.0629860012,-0.177313379,-0.104720201,-0.071192645,-0.118135909,-0.04561684,-0.213421536,-0.070151681,0.0054324736,0.0896115937,-0.006313968,0.0262600926,0.2891688362,0.400689816,0.264769649,-0.279711033,0.1315166488,-0.367825441,0.0172942667,-0.00389263,-0.001016156,0.0647095187,0.0548410546,0.0098684641,-0.070735506,-0.007901766,-0.06283374,-0.052819418,0.0489267876,0.0107558291,0.022100862,0.187408814,0.2389221577,0.22863885,0.4645955904,0.1920275487,0.2317747356,,,-0.011872537,-0.058311418,-0.892570599,-0.00938463,-0.14365017,0.5943188943,0.4783844174,0.6542092218,1.236733378,,0.1018660266,0.0799554142,-0.017533407,6.0,-0.054356148,-0.173676955,-0.038327533,-0.343603497,0.4306713079,0.0675717143,0.0230921953,0.0271123527,0.0107152372,,0.1489838916,-0.199219569,0.2354044341,0.1205833084,1.7728227867,1.3948750836,-0.355910617,0.1748002462,0.2451962757,0.4968736718,0.2346429274,1.5605907761,0.1236411723,0.1703274321,-0.017488447,2.9393581948,0.0743187347,1.1766395034,3.3891564634,0.5301161502,9.0,-3.331941028,1.898114006,2655.6719888,0.0129422247,0.3680861595,0.016584058,4.345877425,1.4785123612,1.4646794476,1.0219821822,2.8067380924,0.2839151045,0.5373293793,0.3844263682,,,,1.1224021309,0.3660873713,0.5677020864,9.1521222917,1.0899692908,,,0.5524133236,0.6711175461,0.00893968,242779.917271,1.0458791,0.00020479,0.94948907,0.00860133,0.00878534,0.00568426,0.00998005,-0.37122234,-0.03720515,0.63592094,,,,,0.02308033,0.02792001,0.0149383,0.05181842,0.10859888,0.01481305,0.63552073,0.74908011,0.55426542,0.6163269545,1.3817977193,466,1.4847401932,1.1686974196,1.1248031767,0.8347838711
20221230,20221231,211952.0,01W,PRT,-0.017929,2022,12,20221130,20221130,1201.7679752,14.787350501,1201.7679752,0.0370327757,0.0,0.0325811486,0.1609692325,-0.096696373,-0.224724651,0.018942041,0.0081312877,0.0593287595,-0.275153842,0.0194556694,0.018297343,0.0143203982,-0.001269122,0.0262600926,0.2891688362,0.400689816,0.264769649,-0.279711033,0.1315166488,-0.367825441,0.0172942667,-0.00389263,-0.001016156,0.0647095187,0.0548410546,0.0098684641,-0.070735506,-0.007901766,-0.06283374,-0.052819418,0.0489267876,0.0107558291,0.022100862,0.187408814,0.2389221577,0.22863885,0.4645955904,0.1920275487,0.2317747356,,,-0.011872537,-0.058311418,-0.892570599,-0.00938463,-0.14365017,0.5943188943,0.4783844174,0.6542092218,1.236733378,,0.1018660266,0.0799554142,-0.017533407,6.0,-0.054356148,-0.173676955,-0.038327533,-0.343603497,0.4306713079,0.0675717143,0.0230921953,0.0271123527,0.0107152372,,0.1489838916,-0.199219569,0.2354044341,0.1205833084,1.7728227867,1.3948750836,-0.355910617,0.1748002462,0.2451962757,0.4968736718,0.2346429274,1.5605907761,0.1236411723,0.1703274321,-0.017488447,2.9393581948,0.0743187347,1.1766395034,3.3891564634,0.5301161502,9.0,-3.331941028,1.898114006,2655.6719888,0.0129422247,0.3680861595,0.016584058,3.7433183443,1.2735155419,1.2616005718,0.8802836058,2.4175818049,0.2445500678,0.4628282682,0.3311253713,,,,1.039637023,0.3390923577,0.5790230652,10.563754643,1.1207775471,,,0.548602348,0.6987076362,0.00833889,213127.14158567,1.03497925,0.00018551,0.98957137,0.00866959,0.00874477,0.00438812,0.0138151,0.34030205,0.12623172,1.25084286,,,,,0.03002555,0.03931822,0.01617204,0.4544844,0.11475702,0.01483893,0.68971744,0.86965897,0.56054919,0.6313614412,1.767453653,467,1.4847401932,1.1547885457,1.1248031767,0.8126289766
20230131,20230131,211952.0,01W,PRT,-0.003448,2023,1,20221230,20221231,1073.5485864,13.209654071,1073.5485864,0.1413340145,0.0,0.127313959,-0.017928711,0.234094042,0.0525304736,0.140321063,0.1480728809,0.2755361533,-0.302112687,0.001602862,0.0165217454,0.0268381671,-0.003302118,0.0262600926,0.2891688362,0.400689816,0.264769649,-0.279711033,0.1315166488,-0.367825441,0.0172942667,-0.00389263,-0.001016156,0.0647095187,0.0548410546,0.0098684641,-0.070735506,-0.007901766,-0.06283374,-0.052819418,0.0489267876,0.0107558291,0.022100862,0.187408814,0.2389221577,0.22863885,0.4645955904,0.1920275487,0.2317747356,,,-0.011872537,-0.058311418,-0.892570599,-0.00938463,-0.14365017,0.5943188943,0.4783844174,0.6542092218,1.236733378,,0.1018660266,0.0799554142,-0.017533407,6.0,-0.054356148,-0.173676955,-0.038327533,-0.343603497,0.4306713079,0.0675717143,0.0230921953,0.0271123527,0.0107152372,,0.1489838916,-0.199219569,0.2354044341,0.1205833084,1.7728227867,1.3948750836,-0.355910617,0.1748002462,0.2451962757,0.4968736718,0.2346429274,1.5605907761,0.1236411723,0.1703274321,-0.017488447,2.9393581948,0.0743187347,1.1766395034,3.3891564634,0.5301161502,9.0,-3.331941028,1.898114006,2655.6719888,0.0129422247,0.3680861595,0.016584058,4.1904019663,1.4256180052,1.4122799695,0.9854203713,2.7063259432,0.273757931,0.5181062113,0.3706733651,,,,1.1021775104,0.3594908245,0.5760606094,9.5163590849,1.1196539425,,,0.6075851393,0.7248196248,0.00600008,392430.08779576,2.65732347,0.00034729,2.57623704,0.00808548,0.00841296,0.00582028,0.01564555,-1.51019772,-0.41142689,0.86289319,,,,,0.02753532,0.05477964,0.02633535,-0.98632054,0.11049097,0.01572893,0.68974063,0.77687305,0.56297155,0.671066512,1.5105799106,468,1.4781480859,1.1248031767,1.1086110644,0.9448346684
20230228,20230228,211952.0,01W,PRT,0.156424,2023,2,20230131,20230131,1069.8471372,13.164108985,1069.8471372,0.1418230009,0.0,0.127313959,-0.003447864,0.1401545504,-0.002929873,0.0850507595,0.125685096,0.0890284435,-0.347509487,-0.031044773,0.0190305554,0.0677529658,-0.008605422,0.004336017,0.3553432419,0.6243085099,0.1648831672,-0.281592892,0.2309530858,-0.286486903,0.011854688,0.0013505742,-0.001016156,0.0580485413,0.0589806634,-0.000932122,-0.095269709,-0.010503756,-0.084765952,-0.075910803,0.0772613771,0.013081182,0.0190697555,0.207388709,0.2673394928,0.2701453742,0.5328268979,0.2125704078,0.2991077167,,,0.0017883944,-0.074245594,-1.001093024,0.0030157833,0.0406634186,0.5529949711,0.5145753811,0.7098369841,1.442256515,,0.1260096613,0.0799554142,-0.017533407,7.0,-0.086069663,-0.255102423,-0.035492208,-0.085497294,0.3166655669,0.0576179585,0.0196022243,0.0178163744,0.0066084779,,0.2261547148,0.0107503536,0.2513542704,0.2371264262,0.9526691416,0.3273094707,-0.262483631,0.1967492052,0.2684986814,0.5636338512,0.2713167291,1.6214827413,0.1484101239,0.1958997804,0.0275949474,2.8662004243,0.073878226,1.155568863,0.9263607636,0.5341597868,9.0,-3.497224021,2.0625739046,2966.1277517,-0.161467304,0.5725669449,0.0191443633,4.0975265918,1.4296022557,1.3061227762,0.7897948381,2.9022973248,0.3038911345,0.6081144294,0.4461053486,,,,1.124336063,0.4484897053,0.5825677653,9.2674061018,1.1210650969,,,0.6028346486,0.7358531132,0.0077608,432229.67858956,2.40332599,0.00038522,2.31459194,0.007985,0.00831601,0.00457895,0.00809491,-0.66961788,0.1538665,0.49747942,,,,,0.01207142,0.01745195,0.00955323,-0.10643139,0.09629424,0.01563298,0.69079385,0.7741945,0.56242596,0.6784218779,0.6636670466,469,1.4969481148,1.2634656762,1.4114082226,0.8558961032
20230331,20230331,211952.0,01W,PRT,-0.023723,2023,3,20230228,20230228,1237.1970007,15.223292736,1237.1970007,0.1226392655,0.0,0.127313959,0.1564240887,-0.021314759,0.0263547658,-0.119113965,0.1577458442,0.1651651909,-0.38322637,0.0373923605,0.0298516216,-0.112345242,0.0064918821,0.004336017,0.3553432419,0.6243085099,0.1648831672,-0.281592892,0.2309530858,-0.286486903,0.011854688,0.0013505742,-0.001016156,0.0580485413,0.0589806634,-0.000932122,-0.095269709,-0.010503756,-0.084765952,-0.075910803,0.0772613771,0.013081182,0.0190697555,0.207388709,0.2673394928,0.2701453742,0.5328268979,0.2125704078,0.2991077167,,,0.0017883944,-0.074245594,-1.001093024,0.0030157833,0.0406634186,0.5529949711,0.5145753811,0.7098369841,1.442256515,,0.1260096613,0.0799554142,-0.017533407,7.0,-0.086069663,-0.255102423,-0.035492208,-0.085497294,0.3166655669,0.0576179585,0.0196022243,0.0178163744,0.0066084779,,0.2261547148,0.0107503536,0.2513542704,0.2371264262,0.9526691416,0.3273094707,-0.262483631,0.1967492052,0.2684986814,0.5636338512,0.2713167291,1.6214827413,0.1484101239,0.1958997804,0.0275949474,2.8662004243,0.073878226,1.155568863,0.9263607636,0.5341597868,9.0,-3.497224021,2.0625739046,2966.1277517,-0.161467304,0.5725669449,0.0191443633,3.5432732956,1.2362266315,1.1294496448,0.6829629769,2.5097171126,0.2627851992,0.525857629,0.3857627604,,,,1.0339694339,0.4124430959,0.5875041243,10.628977094,1.1191785007,,,0.5983011623,0.686163393,0.00636413,605644.80215645,2.09405856,0.00054012,2.05544514,0.0075691,0.00811452,0.00303874,0.01681421,0.28655565,-0.63382849,0.90838626,,,,,0.02844158,0.04832781,0.01681808,0.22731407,0.07223714,0.01557231,0.70709437,0.89529717,0.55770002,0.6986675776,1.5684474901,470,1.4909986328,1.0852190325,1.4032928309,0.6678270969
20230428,20230430,211952.0,01W,PRT,0.018861,2023,4,20230331,20230331,1207.8467731,14.862148064,1207.8467731,0.1256193541,0.0,0.127313959,-0.023723164,0.1524368961,0.3967170162,0.1912278745,0.2905870853,0.0873583204,-0.340697527,0.0320960252,0.0247771498,0.0572593283,-0.007405855,0.004336017,0.3553432419,0.6243085099,0.1648831672,-0.281592892,0.2309530858,-0.286486903,0.011854688,0.0013505742,-0.001016156,0.0580485413,0.0589806634,-0.000932122,-0.095269709,-0.010503756,-0.084765952,-0.075910803,0.0772613771,0.013081182,0.0190697555,0.207388709,0.2673394928,0.2701453742,0.5328268979,0.2125704078,0.2991077167,,,0.0017883944,-0.074245594,-1.001093024,0.0030157833,0.0406634186,0.5529949711,0.5145753811,0.7098369841,1.442256515,,0.1260096613,0.0799554142,-0.017533407,7.0,-0.086069663,-0.255102423,-0.035492208,-0.085497294,0.3166655669,0.0576179585,0.0196022243,0.0178163744,0.0066084779,,0.2261547148,0.0107503536,0.2513542704,0.2371264262,0.9526691416,0.3273094707,-0.262483631,0.1967492052,0.2684986814,0.5636338512,0.2713167291,1.6214827413,0.1484101239,0.1958997804,0.0275949474,2.8662004243,0.073878226,1.155568863,0.9263607636,0.5341597868,9.0,-3.497224021,2.0625739046,2966.1277517,-0.161467304,0.5725669449,0.0191443633,3.6293735195,1.266266479,1.1568948513,0.6995587233,2.5707023054,0.2691707819,0.5386357739,0.395136652,,,,1.0487527259,0.4183400466,0.5817511079,10.417464473,1.0986039125,,,0.608787521,0.7557425214,0.00792718,653024.05210878,1.91943006,0.00057635,1.9044629,0.00748399,0.00809575,0.00443948,0.0110396,0.59527384,-0.09030814,0.71283664,,,,,0.02224444,0.03388173,0.01683665,0.02156752,0.05236139,0.01506634,0.72983934,0.87405789,0.55729128,0.7076443803,1.2301136728,471,1.502610968,1.128823469,1.4191325809,0.6617241025
20230531,20230531,211952.0,01W,PRT,-0.032309,2023,5,20230428,20230430,1230.6282817,15.14246686,1230.6282817,0.1232938766,0.0,0.127313959,0.0188612571,0.1289900502,0.2827849732,0.1218010536,0.2207878388,-0.104720201,-0.308145452,0.227525026,0.0058077163,-0.016648211,0.0004166618,0.106656128,0.3764552406,0.3412891299,0.4255210842,-0.214495701,0.3342114376,-0.233831807,0.025767046,0.0039010224,0.0080137104,0.0602496962,0.0776909512,-0.017441255,-0.016717971,-0.003287691,-0.01343028,-0.022309108,0.0342238407,0.0255399708,0.0333420838,0.2138070864,0.2587087422,0.2912012264,0.5562051466,0.1967718372,0.2681585836,,,-0.000681234,-0.092981365,-1.3802045,-0.058757525,-0.872189817,0.5924901823,0.4866727594,0.719567475,1.2542081185,,0.138903977,0.3738599359,0.001887278,8.0,-0.034164173,-0.042296359,-0.008622011,0.3429490201,0.2350870166,0.0528925624,0.0184538953,-0.006796812,-0.001318468,,-0.021980598,0.0286436862,0.1966082632,0.3186605715,0.4618611814,-2.165588447,-0.221847839,0.2193612238,0.2863016149,0.6162169746,0.3222596217,1.8158422612,0.1603491833,0.198219861,0.0347093752,2.9208581095,0.078269606,1.1639680924,0.6995878001,0.595758143,9.0,-3.430069388,2.0368324869,3042.8389793,-0.163487774,1.3121135178,0.011511099,3.9587609383,1.3553417489,1.2929434349,0.7430557966,2.7113261526,0.266693086,0.6347840834,0.4789246456,,,,1.2402260984,0.450189285,0.6523266387,10.071750392,1.0963781486,,,0.5663267471,0.6999357955,0.00832433,698685.69516037,1.79595949,0.00061132,1.79991663,0.00741435,0.00806954,0.00320075,0.00886121,-0.48997241,-0.14219256,-0.36932014,,,,,0.01044768,0.01948003,0.00953323,-1.02753917,0.0318668,0.01450558,0.73292,0.89054372,0.55759393,0.6995750345,0.5889499585,472,1.502610968,1.1945967147,1.3356541938,0.7963978098
20230630,20230630,211952.0,01W,PRT,0.040308,2023,6,20230531,20230531,1110.4616161,13.663856479,1110.4616161,0.2111680667,0.0,0.1972210433,-0.032308512,-0.005309356,0.1257661908,0.1805996931,0.0132693068,-0.224724651,-0.243825088,-0.144850577,0.0160388131,0.014129657,-8.292518e-06,0.106656128,0.3764552406,0.3412891299,0.4255210842,-0.214495701,0.3342114376,-0.233831807,0.025767046,0.0039010224,0.0080137104,0.0602496962,0.0776909512,-0.017441255,-0.016717971,-0.003287691,-0.01343028,-0.022309108,0.0342238407,0.0255399708,0.0333420838,0.2138070864,0.2587087422,0.2912012264,0.5562051466,0.1967718372,0.2681585836,,,-0.000681234,-0.092981365,-1.3802045,-0.058757525,-0.872189817,0.5924901823,0.4866727594,0.719567475,1.2542081185,,0.138903977,0.3738599359,0.001887278,8.0,-0.034164173,-0.042296359,-0.008622011,0.3429490201,0.2350870166,0.0528925624,0.0184538953,-0.006796812,-0.001318468,,-0.021980598,0.0286436862,0.1966082632,0.3186605715,0.4618611814,-2.165588447,-0.221847839,0.2193612238,0.2863016149,0.6162169746,0.3222596217,1.8158422612,0.1603491833,0.198219861,0.0347093752,2.9208581095,0.078269606,1.1639680924,0.6995878001,0.595758143,9.0,-3.430069388,2.0368324869,3042.8389793,-0.163487774,1.3121135178,0.011511099,4.3871513439,1.5020076907,1.4328570521,0.8234642827,3.00472758,0.2955528128,0.7034761351,0.5307506402,,,,1.3138271576,0.4769057106,0.6133231393,9.0695243581,1.0717278466,,,0.5717337669,0.6566014395,0.00799769,722202.22471931,1.73239124,0.00062741,1.74852917,0.00737387,0.00806474,0.00404433,0.00924525,-0.43482904,-0.24861484,0.18059859,,,,,0.00997903,0.01962483,0.00983063,-0.56106751,0.02321815,0.01428719,0.88693262,0.80358515,0.56064348,0.7358628121,0.5781492192,473,1.502610968,1.2066733635,1.3356541938,0.8174238914
20230731,20230731,211952.0,01W,PRT,0.023385,2023,7,20230630,20230630,1155.2220501,14.214618557,1155.2220501,0.1644612209,0.0,0.1646398947,0.0403079525,-0.014056634,0.109282363,0.3444150889,0.1466207616,0.0525304736,-0.405589996,0.0366973505,0.0163670496,-0.041742983,-0.000218132,0.106656128,0.3764552406,0.3412891299,0.4255210842,-0.214495701,0.3342114376,-0.233831807,0.025767046,0.0039010224,0.0080137104,0.0602496962,0.0776909512,-0.017441255,-0.016717971,-0.003287691,-0.01343028,-0.022309108,0.0342238407,0.0255399708,0.0333420838,0.2138070864,0.2587087422,0.2912012264,0.5562051466,0.1967718372,0.2681585836,,,-0.000681234,-0.092981365,-1.3802045,-0.058757525,-0.872189817,0.5924901823,0.4866727594,0.719567475,1.2542081185,,0.138903977,0.3738599359,0.001887278,8.0,-0.034164173,-0.042296359,-0.008622011,0.3429490201,0.2350870166,0.0528925624,0.0184538953,-0.006796812,-0.001318468,,-0.021980598,0.0286436862,0.1966082632,0.3186605715,0.4618611814,-2.165588447,-0.221847839,0.2193612238,0.2863016149,0.6162169746,0.3222596217,1.8158422612,0.1603491833,0.198219861,0.0347093752,2.9208581095,0.078269606,1.1639680924,0.6995878001,0.595758143,9.0,-3.430069388,2.0368324869,3042.8389793,-0.163487774,1.3121135178,0.011511099,4.2171660165,1.44381064,1.3773393241,0.7915581927,2.8883058837,0.2841012722,0.6762191266,0.5101860838,,,,1.2854129117,0.4665916323,0.6494102073,9.467207682,1.0661872744,,,0.5756945757,0.7088890212,0.00805682,528164.34362359,1.47215208,0.00045725,1.54529601,0.00779468,0.00805748,0.00309813,0.00870437,0.83247144,-0.52036484,1.21114933,,,,,0.01355976,0.0235005,0.00948629,0.23967795,0.02495248,0.01344529,0.80674848,0.9113456,0.55848189,0.7093067018,0.8365977477,474,1.502610968,1.2066733635,1.3356541938,0.8952737858
20230831,20230831,211952.0,01W,PRT,-0.000878,2023,8,20230731,20230731,1182.2372177,14.547031103,1182.2372177,0.1607031363,0.0,0.1646398947,0.0233852597,0.0066971501,0.1579878479,0.3157329511,0.150614204,-0.002929873,-0.298459348,-0.031882154,0.0213913599,-0.023156009,0.0016901355,0.1239721931,0.2434379935,0.4244764474,0.2940828866,-0.364133435,0.3405368224,-0.165491009,0.020288465,0.0048108016,0.0080137104,0.034157337,0.0549169162,-0.020759579,0.0183306208,-0.005583443,0.0239140636,0.004282679,0.0005281227,0.0157513605,0.0427461153,0.2120068132,0.2449741616,0.2887300103,0.5153135316,0.1908955526,0.2900701346,,,0.0231915629,-0.102008087,-1.54086583,-0.101479965,-1.532888363,0.6014731369,0.4672652394,0.6882051873,1.368211381,,0.1283585388,0.3738599359,0.001887278,8.0,0.0035455528,-0.013879607,0.0270154284,0.528247656,0.0288009905,0.0371378158,0.012714699,0.006135495,0.0021124582,,-0.050038264,0.1694609224,0.1820881564,0.2844977353,-1.251894902,-0.460027711,-0.14202414,0.2098702494,0.2753441457,0.5877610448,0.3245245029,1.761981449,0.1682098845,0.1867219231,0.0458432084,2.8835403344,0.0697092238,1.1158345206,0.5146973414,0.5947087663,9.0,-3.550775415,1.9654184189,3043.5242191,-2.908936639,1.0204207507,0.0134442168,4.2800181979,1.4842928142,1.3154301763,0.7660532945,2.7830872478,0.2833448969,0.7199413667,0.5467256316,,,,1.1517807546,0.4525193159,0.6455886597,8.5228989318,1.0786853158,,,0.5855774187,0.7050544028,0.00792999,526042.07457342,1.48756206,0.00044989,1.57906691,0.00782051,0.00802209,0.00363873,0.00865047,0.19766734,-0.0966081,0.19423518,,,,,0.01257959,0.02001516,0.00929674,0.1527708,0.02696005,0.01305104,0.67190863,0.93265766,0.55945086,0.6993371209,0.8211280531,475,1.5860893551,1.3127849235,1.502610968,0.9481224447
20230929,20230930,211952.0,01W,PRT,-0.009662,2023,9,20230831,20230831,1181.1986575,14.534251969,1181.1986575,0.1608444333,0.0,0.1646398947,-0.00087847,0.0646358241,0.0247691189,0.1598082621,0.216299876,0.0263547658,-0.226868056,-0.150220581,0.0349679155,-0.033623601,0.004679162,0.1239721931,0.2434379935,0.4244764474,0.2940828866,-0.364133435,0.3405368224,-0.165491009,0.020288465,0.0048108016,0.0080137104,0.034157337,0.0549169162,-0.020759579,0.0183306208,-0.005583443,0.0239140636,0.004282679,0.0005281227,0.0157513605,0.0427461153,0.2120068132,0.2449741616,0.2887300103,0.5153135316,0.1908955526,0.2900701346,,,0.0231915629,-0.102008087,-1.54086583,-0.101479965,-1.532888363,0.6014731369,0.4672652394,0.6882051873,1.368211381,,0.1283585388,0.3738599359,0.001887278,8.0,0.0035455528,-0.013879607,0.0270154284,0.528247656,0.0288009905,0.0371378158,0.012714699,0.006135495,0.0021124582,,-0.050038264,0.1694609224,0.1820881564,0.2844977353,-1.251894902,-0.460027711,-0.14202414,0.2098702494,0.2753441457,0.5877610448,0.3245245029,1.761981449,0.1682098845,0.1867219231,0.0458432084,2.8835403344,0.0697092238,1.1158345206,0.5146973414,0.5947087663,9.0,-3.550775415,1.9654184189,3043.5242191,-2.908936639,1.0204207507,0.0134442168,4.2837813725,1.4855978678,1.3165867586,0.7667268413,2.7855342568,0.2835940259,0.7205743699,0.5472063361,,,,1.1523539585,0.4527445201,0.6515174835,8.5133939368,1.0574877982,,,0.5854322387,0.6806977852,0.00858741,359574.58121182,0.70756285,0.00030177,0.70551835,0.00826602,0.0080042,0.0020156,0.00675748,0.49507106,-0.05639264,0.43597709,,,,,0.01099986,0.01277079,0.00870681,-0.48249875,0.03192272,0.01284552,0.76650358,0.93183835,0.55546331,0.6975153156,0.7264727714,476,1.5860893551,1.3127849235,1.502610968,0.9481224447
20231031,20231031,211952.0,01W,PRT,-0.019432,2023,10,20230929,20230930,1169.7861419,14.393824805,1169.7861419,0.1624136429,0.0,0.1646398947,-0.009661809,0.0224862462,0.0487485231,0.1799442853,0.4300551006,0.3967170162,-0.317564386,0.0629860012,0.0283635691,-0.02223812,0.0010773802,0.1239721931,0.2434379935,0.4244764474,0.2940828866,-0.364133435,0.3405368224,-0.165491009,0.020288465,0.0048108016,0.0080137104,0.034157337,0.0549169162,-0.020759579,0.0183306208,-0.005583443,0.0239140636,0.004282679,0.0005281227,0.0157513605,0.0427461153,0.2120068132,0.2449741616,0.2887300103,0.5153135316,0.1908955526,0.2900701346,,,0.0231915629,-0.102008087,-1.54086583,-0.101479965,-1.532888363,0.6014731369,0.4672652394,0.6882051873,1.368211381,,0.1283585388,0.3738599359,0.001887278,8.0,0.0035455528,-0.013879607,0.0270154284,0.528247656,0.0288009905,0.0371378158,0.012714699,0.006135495,0.0021124582,,-0.050038264,0.1694609224,0.1820881564,0.2844977353,-1.251894902,-0.460027711,-0.14202414,0.2098702494,0.2753441457,0.5877610448,0.3245245029,1.761981449,0.1682098845,0.1867219231,0.0458432084,2.8835403344,0.0697092238,1.1158345206,0.5146973414,0.5947087663,9.0,-3.550775415,1.9654184189,3043.5242191,-2.908936639,1.0204207507,0.0134442168,4.3255742438,1.5000914647,1.3294314713,0.7742070821,2.8127101243,0.2863607891,0.7276043439,0.5525449194,,,,1.1586905616,0.4552340871,0.6800036427,8.4078338497,1.0354404474,,,0.5852797997,0.7000828119,0.00849018,325474.28079064,0.7649962,0.0002747,0.76225988,0.00834966,0.00799474,0.00217111,0.0078214,0.60102803,-0.19670392,0.20759109,,,,,0.01095512,0.02579349,0.00895039,1.14369289,0.03154625,0.01185623,0.7156046,0.9228351,0.55548811,0.6737559729,0.7836028355,477,1.5860893551,1.3127849235,1.502610968,0.9481224447
20231130,20231130,211952.0,01W,PRT,0.047786,2023,11,20231031,20231031,1147.0544078,14.114118467,1147.0544078,0.1656322729,0.0,0.1646398947,-0.019432384,-0.010531791,0.0193887618,0.1725868086,0.3323206327,0.2827849732,-0.244717519,0.1609692325,0.0119634221,0.0698137094,-0.004960858,0.0967647696,0.0874494452,0.3412891299,0.3231444347,-0.352798314,0.3901053314,-0.233831807,0.0243404486,0.0037565748,0.0080137104,0.0206362047,0.0278256599,-0.007189455,0.1078693026,0.0070577276,0.100811575,0.0102144596,-0.006457885,0.0097489778,0.0423378578,0.1859879036,0.2279683434,0.2728154933,0.4487909232,0.164590567,0.2092619865,,,-0.048421741,-0.102662373,-1.769324368,-0.109120258,-1.880622134,0.6817928187,0.4750089071,0.6699058599,1.1251376159,,0.0488440236,0.3738599359,0.001887278,0.0,0.1026814427,0.1657333813,0.0915608737,0.3429490201,-0.151896292,0.0314910381,0.0109209633,-0.036080676,-0.012171232,,-0.253014032,-0.06275412,0.0180774829,0.1701372091,-3.429901081,-3.797443834,-0.221847839,0.1866179475,0.2500276477,0.5100455573,0.2992144216,1.8165304822,0.1606858624,0.17015312,0.0370446901,2.8366196066,0.0747621431,1.115045825,0.8386892336,0.5131192761,5.0,-3.384008823,1.8621423362,2529.7401394,-4.443446365,0.5017209631,0.0166461252,4.3013706035,1.5163720202,1.3657140748,1.1556178277,2.7543990702,0.2495805305,0.6911694449,0.5138188822,,,,1.1356629356,0.3395275448,0.5766079596,8.3771011554,1.0653512093,,,0.4892621878,0.7132904436,0.00823109,320716.18899599,0.77943229,0.00027304,0.77216547,0.00834402,0.0079571,0.00409241,0.01051549,0.43914833,0.17365635,0.51292817,,,,,0.01497673,0.02866656,0.0115037,0.72682832,0.03427307,0.01198348,0.61565092,0.90490222,0.55434823,0.6884531005,1.0915555817,478,1.5860893551,1.166919932,1.2521758067,0.9481224447
20231229,20231231,211952.0,01W,PRT,0.001558,2023,12,20231130,20231130,1201.8681208,14.788582759,1201.8681208,0.1580782662,0.0,0.1646398947,0.0477864978,-0.028906441,0.032952775,-0.005727516,0.1252929271,0.1257661908,0.0598672241,-0.017928711,0.017937532,0.004475203,0.0085617205,0.0967647696,0.0874494452,0.3412891299,0.3231444347,-0.352798314,0.3901053314,-0.233831807,0.0243404486,0.0037565748,0.0080137104,0.0206362047,0.0278256599,-0.007189455,0.1078693026,0.0070577276,0.100811575,0.0102144596,-0.006457885,0.0097489778,0.0423378578,0.1859879036,0.2279683434,0.2728154933,0.4487909232,0.164590567,0.2092619865,,,-0.048421741,-0.102662373,-1.769324368,-0.109120258,-1.880622134,0.6817928187,0.4750089071,0.6699058599,1.1251376159,,0.0488440236,0.3738599359,0.001887278,0.0,0.1026814427,0.1657333813,0.0915608737,0.3429490201,-0.151896292,0.0314910381,0.0109209633,-0.036080676,-0.012171232,,-0.253014032,-0.06275412,0.0180774829,0.1701372091,-3.429901081,-3.797443834,-0.221847839,0.1866179475,0.2500276477,0.5100455573,0.2992144216,1.8165304822,0.1606858624,0.17015312,0.0370446901,2.8366196066,0.0747621431,1.115045825,0.8386892336,0.5131192761,5.0,-3.384008823,1.8621423362,2529.7401394,-4.443446365,0.5017209631,0.0166461252,4.1051975878,1.4472146982,1.3034278239,1.1029134562,2.6287789315,0.2381978877,0.6596472147,0.4903850959,,,,1.1110331598,0.3321640155,0.5535671358,8.876783072,1.0187412028,,,0.4890589358,0.691194484,0.00833588,303812.29666967,0.68398962,0.00025998,0.68075476,0.00840431,0.00796448,0.00350909,0.00721058,1.42550063,-0.18480685,0.39730278,,,,,0.01699689,0.03110247,0.01108583,0.43321943,0.03385295,0.01143418,0.6461234,0.94814432,0.55159058,0.6558528939,1.2890338841,479,1.5860893551,1.166919932,1.2521758067,0.9481224447
20240131,20240131,211952.0,01W,PRT,0.047512,2024,1,20231229,20231231,1203.741,14.811627907,1203.741,0.068756569,0.0,0.0699070843,0.0015583068,0.0274255078,0.0403784456,0.0671002788,0.2005917987,0.109282363,0.0969674628,-0.003447864,0.0183926384,0.0094166244,0.0088673724,0.0967647696,0.0874494452,0.3412891299,0.3231444347,-0.352798314,0.3901053314,-0.233831807,0.0243404486,0.0037565748,0.0080137104,0.0206362047,0.0278256599,-0.007189455,0.1078693026,0.0070577276,0.100811575,0.0102144596,-0.006457885,0.0097489778,0.0423378578,0.1859879036,0.2279683434,0.2728154933,0.4487909232,0.164590567,0.2092619865,,,-0.048421741,-0.102662373,-1.769324368,-0.109120258,-1.880622134,0.6817928187,0.4750089071,0.6699058599,1.1251376159,,0.0488440236,0.3738599359,0.001887278,0.0,0.1026814427,0.1657333813,0.0915608737,0.3429490201,-0.151896292,0.0314910381,0.0109209633,-0.036080676,-0.012171232,,-0.253014032,-0.06275412,0.0180774829,0.1701372091,-3.429901081,-3.797443834,-0.221847839,0.1866179475,0.2500276477,0.5100455573,0.2992144216,1.8165304822,0.1606858624,0.17015312,0.0370446901,2.8366196066,0.0747621431,1.115045825,0.8386892336,0.5131192761,5.0,-3.384008823,1.8621423362,2529.7401394,-4.443446365,0.5017209631,0.0166461252,4.0988103839,1.4449630026,1.3013998437,1.1011974528,2.6246888611,0.2378272798,0.6586208813,0.4896221145,,,,1.1102104686,0.3319180567,0.5711286613,8.8930522325,1.0090996843,,,0.4644975322,0.6886151189,0.00849755,292865.57167656,0.7034085,0.00024985,0.69807708,0.00848576,0.00823395,0.00293015,0.00715273,-0.24450657,0.32742856,0.31909399,,,,,0.01091258,0.01748426,0.00840181,0.32012529,0.03332975,0.00993766,0.57803817,0.95019386,0.54937856,0.5512203471,0.9739966835,480,1.5860893551,1.166919932,1.2521758067,1.2398524277
20240229,20240229,211952.0,01W,PRT,-0.03717,2024,2,20240131,20240131,1260.9332806,15.515359672,1260.9332806,0.0656379702,0.0,0.0699070843,0.0475121148,0.0494192706,0.0181890588,0.0489781026,0.2066229604,0.1579878479,-0.061981648,0.1564240887,0.0084915499,0.0537251045,0.0010014247,0.0921514504,-0.018823089,0.3412891299,0.2265306353,-0.358919501,0.3531955913,-0.233831807,0.0173716173,0.0031408306,0.0080137104,0.0062069474,0.0097542828,-0.003547335,0.128203585,0.0083555743,0.1198480107,0.0244837986,-0.021342968,0.002122264,0.0425676716,0.1652239767,0.2186250995,0.2532583705,0.4010745143,0.150671768,0.1859146796,,,-0.035448015,-0.093718376,-1.718131183,-0.115061344,-2.109410036,0.6776254788,0.4825264555,0.6643612851,1.1252282102,,0.0622021709,0.3738599359,0.001887278,0.0,0.1270179512,0.2219047723,0.1052019267,0.3429490201,-0.135981238,0.0362506625,0.012779529,-0.021367296,-0.006822695,,-0.190742426,-0.056274522,0.0248144391,0.0445015033,-1.773206334,-1.248057268,-0.221847839,0.1742418359,0.2387717195,0.4545179518,0.2765964966,1.7952927114,0.1482650707,0.1595399941,-0.000145053,2.7622529634,0.0772994984,1.1144828246,0.8861181483,0.5152969791,4.0,-3.301138846,1.8736197169,2298.1735021,-5.021143882,0.3297524326,0.0192223121,3.796944674,1.3745825326,1.2011520907,0.9649738893,2.4161219052,0.2071107804,0.5629542705,0.4674142738,,,,1.0927515906,0.3082812113,0.5756506626,9.3257376194,0.9238725874,,,0.5132775633,0.6856016233,0.0080858,295078.90775299,0.74846393,0.00024925,0.73703021,0.00849912,0.00826395,0.00390823,0.00838886,1.59522673,-0.23069096,-0.02066422,,,,,0.01542804,0.02546397,0.00952622,0.88048245,0.03224743,0.00999236,0.61566621,0.99533958,0.54311553,0.5419404799,1.3769675492,481,1.5824880071,1.0659417827,1.1547885457,1.2182191802
20240328,20240331,211952.0,01W,PRT,0.077355,2024,3,20240229,20240229,1214.064485,14.938654916,1214.064485,0.0681719152,0.0,0.0699070843,-0.037169925,0.04914446,0.067503144,0.1355037062,0.0929832588,0.0247691189,0.0853828603,-0.023723164,0.0072691171,-0.095615782,0.018146276,0.0921514504,-0.018823089,0.3412891299,0.2265306353,-0.358919501,0.3531955913,-0.233831807,0.0173716173,0.0031408306,0.0080137104,0.0062069474,0.0097542828,-0.003547335,0.128203585,0.0083555743,0.1198480107,0.0244837986,-0.021342968,0.002122264,0.0425676716,0.1652239767,0.2186250995,0.2532583705,0.4010745143,0.150671768,0.1859146796,,,-0.035448015,-0.093718376,-1.718131183,-0.115061344,-2.109410036,0.6776254788,0.4825264555,0.6643612851,1.1252282102,,0.0622021709,0.3738599359,0.001887278,0.0,0.1270179512,0.2219047723,0.1052019267,0.3429490201,-0.135981238,0.0362506625,0.012779529,-0.021367296,-0.006822695,,-0.190742426,-0.056274522,0.0248144391,0.0445015033,-1.773206334,-1.248057268,-0.221847839,0.1742418359,0.2387717195,0.4545179518,0.2765964966,1.7952927114,0.1482650707,0.1595399941,-0.000145053,2.7622529634,0.0772994984,1.1144828246,0.8861181483,0.5152969791,4.0,-3.301138846,1.8736197169,2298.1735021,-5.021143882,0.3297524326,0.0192223121,3.9435252106,1.4276481057,1.247522405,1.002226576,2.5093959652,0.2151062641,0.5846870441,0.4854587388,,,,1.1138208982,0.3142251713,0.5521053105,8.9393957377,0.9213342227,,,0.5125032698,0.6227458358,0.00839898,314562.24893901,0.71119206,0.00026378,0.70401812,0.00847413,0.00847836,0.00475332,0.01131199,-0.56318593,-0.11659704,1.24704569,,,,,0.0124681,0.01439372,0.0120676,-0.61425537,0.03175619,0.00911188,0.63425287,0.95834288,0.54276279,0.5102668609,1.1772090962,482,1.5824880071,1.0659417827,1.1547885457,1.294357879
20240430,20240430,211952.0,01W,PRT,0.056419,2024,4,20240328,20240331,1307.9789492,16.094240793,1307.9789492,0.0632770895,0.0,0.0699070843,0.0773554168,0.008576168,0.0378516564,0.0509360386,0.0779290406,0.0487485231,0.135832937,0.0188612571,0.0125867679,0.0693994767,0.0041304139,0.0921514504,-0.018823089,0.3412891299,0.2265306353,-0.358919501,0.3531955913,-0.233831807,0.0173716173,0.0031408306,0.0080137104,0.0062069474,0.0097542828,-0.003547335,0.128203585,0.0083555743,0.1198480107,0.0244837986,-0.021342968,0.002122264,0.0425676716,0.1652239767,0.2186250995,0.2532583705,0.4010745143,0.150671768,0.1859146796,,,-0.035448015,-0.093718376,-1.718131183,-0.115061344,-2.109410036,0.6776254788,0.4825264555,0.6643612851,1.1252282102,,0.0622021709,0.3738599359,0.001887278,0.0,0.1270179512,0.2219047723,0.1052019267,0.3429490201,-0.135981238,0.0362506625,0.012779529,-0.021367296,-0.006822695,,-0.190742426,-0.056274522,0.0248144391,0.0445015033,-1.773206334,-1.248057268,-0.221847839,0.1742418359,0.2387717195,0.4545179518,0.2765964966,1.7952927114,0.1482650707,0.1595399941,-0.000145053,2.7622529634,0.0772994984,1.1144828246,0.8861181483,0.5152969791,4.0,-3.301138846,1.8736197169,2298.1735021,-5.021143882,0.3297524326,0.0192223121,3.6603753499,1.3251412519,1.1579487935,0.9302655005,2.3292183119,0.1996613752,0.54270581,0.4506022165,,,,1.0723894566,0.3025367554,0.556094465,9.6856929784,0.9096594049,,,0.5090387465,0.6545558717,0.0083098,337042.23250194,0.68977655,0.00027949,0.68176251,0.00844533,0.00850675,0.00292161,0.01124359,-0.22038237,-0.27257357,0.03607808,,,,,0.01779285,0.02185089,0.01124387,-0.22428641,0.03141897,0.00898279,0.56396456,1.0,0.53763694,0.5028911104,1.7880329947,483,1.5824880071,1.0659417827,1.1547885457,1.294357879
20240531,20240531,211952.0,01W,PRT,-0.00753,2024,5,20240430,20240430,1381.7738688,17.002262443,1381.7738688,0.0598977177,0.0,0.0699070843,0.0564190422,0.0373101967,0.14029373,0.1063591381,0.1398143591,0.0193887618,0.112601805,-0.032308512,0.0206529093,0.0094551594,0.0090964012,0.0606867046,-0.103461118,0.5183058982,0.0447729795,-0.274722752,0.3095503223,1.0390074183,0.003643729,0.0003198576,,0.0010401382,-0.016670152,0.0177102898,0.1219779537,0.0344041797,0.0875737739,-0.009061145,0.0011527404,-0.013638875,0.0453313654,0.1671248528,0.1976704688,0.2065204371,0.3527623351,0.1420824566,0.1559367777,,,-0.063012191,-0.063299316,-1.210272099,-0.062146576,-1.188231899,0.6470611999,0.435680134,0.5959497508,0.9330555877,,0.0648332425,-0.20134252,0.1154809012,0.0,0.1116734066,0.129434966,0.0452964763,1.0364871972,-0.125786512,0.0492963269,0.0178464201,-0.003596236,-0.000607475,,-0.189502667,-0.099047756,-0.066979239,-0.029602368,-1.360405977,-0.147632945,0.6315848321,0.1519127385,0.2096664381,0.4023049123,0.2190534818,1.6492533956,0.1156010398,0.1432211206,-0.044748144,2.7165922571,0.0765124734,1.0995855869,0.76103735,0.5019791562,4.0,-3.366801704,1.7824868608,2453.5155306,0.2403005794,0.5472276113,0.013644051,3.7396961545,1.3766129771,1.1176286518,0.8751720242,2.1649147957,0.1955925536,0.4323127638,0.2215556218,,,,1.2373488966,0.2856289808,0.5514805165,9.1370277649,0.9097195953,,,0.4986518916,0.6778743029,0.00798057,378625.43821354,0.64213111,0.00030517,0.63161133,0.00839734,0.00847319,0.00238154,0.01042545,-0.27327257,-0.07584523,0.4938056,,,,,0.01622581,0.0231178,0.01108333,-0.12378351,0.02738695,0.00911933,0.56695603,0.99053789,0.53738048,0.4876563915,1.6087003429,484,1.5131558386,0.9312639497,0.7963978098,1.2292684136
20240628,20240630,211952.0,01W,PRT,-0.04781,2024,6,20240531,20240531,1371.3693607,16.874238473,1371.3693607,,0.0,-3.60822e-16,-0.00752982,0.1381387775,0.1496884266,0.1698065012,0.2443238459,0.032952775,0.2718629967,0.0403079525,0.0163040209,-0.044051214,0.0167145531,0.0606867046,-0.103461118,0.5183058982,0.0447729795,-0.274722752,0.3095503223,1.0390074183,0.003643729,0.0003198576,,0.0010401382,-0.016670152,0.0177102898,0.1219779537,0.0344041797,0.0875737739,-0.009061145,0.0011527404,-0.013638875,0.0453313654,0.1671248528,0.1976704688,0.2065204371,0.3527623351,0.1420824566,0.1559367777,,,-0.063012191,-0.063299316,-1.210272099,-0.062146576,-1.188231899,0.6470611999,0.435680134,0.5959497508,0.9330555877,,0.0648332425,-0.20134252,0.1154809012,0.0,0.1116734066,0.129434966,0.0452964763,1.0364871972,-0.125786512,0.0492963269,0.0178464201,-0.003596236,-0.000607475,,-0.189502667,-0.099047756,-0.066979239,-0.029602368,-1.360405977,-0.147632945,0.6315848321,0.1519127385,0.2096664381,0.4023049123,0.2190534818,1.6492533956,0.1156010398,0.1432211206,-0.044748144,2.7165922571,0.0765124734,1.0995855869,0.76103735,0.5019791562,4.0,-3.366801704,1.7824868608,2453.5155306,0.2403005794,0.5472276113,0.013644051,3.768069035,1.3870572682,1.1261080424,0.8818119089,2.1813398918,0.1970765041,0.4355926983,0.2232365528,,,,1.242337547,0.2867805583,0.5668409527,9.0596689242,0.8481650566,,,0.3679700734,0.667953668,0.00776455,446706.198837,0.65535351,0.00034618,0.63095814,0.00829835,0.00844692,0.00250706,0.01112321,-0.50074864,0.06438198,1.36796803,,,,,0.01484246,0.02046552,0.01282837,-0.42535863,0.02563997,0.00935092,0.54147073,0.93524048,0.53763162,0.4974160301,1.4348878236,485,1.5131558386,0.9312639497,0.7963978098,1.2292684136
20240731,20240731,211952.0,01W,PRT,0.050808,2024,7,20240628,20240630,1252.1880406,15.407752437,1252.1880406,0.0436510237,0.0,0.0419267195,-0.047809921,0.0484643973,0.1392561695,0.1723248477,0.1871045576,0.0403784456,0.3043903177,0.0233852597,0.0098317318,-0.00216507,0.0134963117,0.0606867046,-0.103461118,0.5183058982,0.0447729795,-0.274722752,0.3095503223,1.0390074183,0.003643729,0.0003198576,,0.0010401382,-0.016670152,0.0177102898,0.1219779537,0.0344041797,0.0875737739,-0.009061145,0.0011527404,-0.013638875,0.0453313654,0.1671248528,0.1976704688,0.2065204371,0.3527623351,0.1420824566,0.1559367777,,,-0.063012191,-0.063299316,-1.210272099,-0.062146576,-1.188231899,0.6470611999,0.435680134,0.5959497508,0.9330555877,,0.0648332425,-0.20134252,0.1154809012,0.0,0.1116734066,0.129434966,0.0452964763,1.0364871972,-0.125786512,0.0492963269,0.0178464201,-0.003596236,-0.000607475,,-0.189502667,-0.099047756,-0.066979239,-0.029602368,-1.360405977,-0.147632945,0.6315848321,0.1519127385,0.2096664381,0.4023049123,0.2190534818,1.6492533956,0.1156010398,0.1432211206,-0.044748144,2.7165922571,0.0765124734,1.0995855869,0.76103735,0.5019791562,4.0,-3.366801704,1.7824868608,2453.5155306,0.2403005794,0.5472276113,0.013644051,4.126708015,1.5190752327,1.2332892633,0.9657414019,2.3889564473,0.2158339408,0.4770517373,0.2444838624,,,,1.3024897955,0.3006660723,0.5610204255,8.0818374431,0.8527176487,,,0.4789970094,0.6895702093,0.00787168,487048.99401637,0.6312555,0.00037483,0.61396043,0.00820929,0.00842691,0.00543544,0.01328451,1.94587707,-0.06700897,0.50679929,,,,,0.0173161,0.03914547,0.01543955,0.85346692,0.02549602,0.00981436,0.54768808,0.85396173,0.53808251,0.5211229551,1.5881151942,486,1.5131558386,0.9312639497,0.7963978098,1.2292684136
20240830,20240831,211952.0,01W,PRT,-0.013539,2024,8,20240731,20240731,1315.8093154,16.190590813,1315.8093154,0.0415404339,0.0,0.0419267195,0.0508080837,-0.05497974,0.0355855623,0.138397875,0.1045197028,0.0181890588,0.4081492189,-0.00087847,0.0145305094,-0.000744308,0.0150809635,0.0339272269,-0.095570236,0.5183058982,-0.074845767,-0.249745992,0.4061255707,1.0390074183,-0.006462772,0.0009981368,,0.0028564295,-0.029850289,0.032706718,0.0802113175,0.0351771155,0.0450342021,-0.006052612,0.0070507485,-0.010932981,0.031373644,0.1619307802,0.1935960616,0.1904451875,0.3339872873,0.1333031688,0.1727835277,,,-0.036114903,-0.0518046,-1.059523468,-0.044753851,-0.91531941,0.615510142,0.4362065288,0.5782965981,1.0670209053,,0.0728946463,-0.20134252,0.1154809012,0.0,0.080378454,0.0717355528,0.0493975,1.0364871972,0.0519484946,0.0273594457,0.0100712362,-0.00977837,-0.002643463,,-0.041181068,-0.150978641,-0.064091647,-0.067647599,-0.121810062,-0.46815995,0.6315848321,0.1433442785,0.2001642391,0.3652272785,0.1969064646,1.662322321,0.1006988444,0.1386405878,-0.06751104,2.7263570523,0.0749956187,1.0770641009,0.6292037579,0.4951356308,5.0,-3.380137517,1.7687779014,2453.5155306,0.2403005794,0.528866842,0.0150656376,3.976008077,1.4583592687,1.1578313334,0.8680016311,2.261587202,0.1944039117,0.4003794185,0.2326627157,,,,1.1346532423,0.2950940127,0.5583094918,9.0111409236,0.8483561848,,,0.521387987,0.6606575062,0.00783827,506530.00126897,0.60497985,0.00038457,0.5812734,0.00816178,0.00841442,0.00497026,0.0118578,0.35082554,0.03643786,0.28112744,,,,,0.01856094,0.02606664,0.01295147,-0.17958757,0.02637649,0.01008667,0.5720625,0.89734989,0.53806834,0.5313960421,1.654439211,487,1.1686974196,0.8952737858,0.5008703227,1.2066733635
20240930,20240930,211952.0,01W,PRT,0.008395,2024,9,20240830,20240831,1297.9945603,15.971386247,1297.9945603,0.0421105693,0.0,0.0419267195,-0.01353901,0.0005690326,0.1302115592,0.1416807642,0.161658715,0.067503144,0.41420615,-0.009661809,0.0141780366,-0.06185772,0.0207339818,0.0339272269,-0.095570236,0.5183058982,-0.074845767,-0.249745992,0.4061255707,1.0390074183,-0.006462772,0.0009981368,,0.0028564295,-0.029850289,0.032706718,0.0802113175,0.0351771155,0.0450342021,-0.006052612,0.0070507485,-0.010932981,0.031373644,0.1619307802,0.1935960616,0.1904451875,0.3339872873,0.1333031688,0.1727835277,,,-0.036114903,-0.0518046,-1.059523468,-0.044753851,-0.91531941,0.615510142,0.4362065288,0.5782965981,1.0670209053,,0.0728946463,-0.20134252,0.1154809012,0.0,0.080378454,0.0717355528,0.0493975,1.0364871972,0.0519484946,0.0273594457,0.0100712362,-0.00977837,-0.002643463,,-0.041181068,-0.150978641,-0.064091647,-0.067647599,-0.121810062,-0.46815995,0.6315848321,0.1433442785,0.2001642391,0.3652272785,0.1969064646,1.662322321,0.1006988444,0.1386405878,-0.06751104,2.7263570523,0.0749956187,1.0770641009,0.6292037579,0.4951356308,5.0,-3.380137517,1.7687779014,2453.5155306,0.2403005794,0.528866842,0.0150656376,4.0305781132,1.4783750022,1.173722372,0.8799148062,2.2926271026,0.1970720724,0.4058745581,0.235855972,,,,1.1429370875,0.297248427,0.5584387351,8.8694705841,0.8453175285,,,0.521387987,0.6746069396,0.00827708,512609.36233486,0.58637437,0.00038744,0.56685668,0.00814033,0.00839434,0.00642336,0.00760622,0.18129549,0.08842545,0.21949982,,,,,0.01339863,0.01911011,0.01037406,0.22688178,0.02417615,0.01019065,0.54169737,0.88520066,0.53853489,0.5387315653,1.1807051966,488,1.1686974196,0.8952737858,0.5008703227,1.2066733635
20241031,20241031,211952.0,01W,PRT,-0.004921,2024,10,20240930,20240930,1308.8907828,16.105460597,1308.8907828,0.0417600083,0.0,0.0419267195,,0.0365811829,0.0348577605,0.124471266,0.1571107896,0.0378516564,0.4562161926,-0.019432384,,0.0033930843,0.0154514095,0.0339272269,-0.095570236,0.5183058982,-0.074845767,-0.249745992,0.4061255707,1.0390074183,-0.006462772,0.0009981368,,0.0028564295,-0.029850289,0.032706718,0.0802113175,0.0351771155,0.0450342021,-0.006052612,0.0070507485,-0.010932981,0.031373644,0.1619307802,0.1935960616,0.1904451875,0.3339872873,0.1333031688,0.1727835277,,,-0.036114903,-0.0518046,-1.059523468,-0.044753851,-0.91531941,0.615510142,0.4362065288,0.5782965981,1.0670209053,,0.0728946463,-0.20134252,0.1154809012,0.0,0.080378454,0.0717355528,0.0493975,1.0364871972,0.0519484946,0.0273594457,0.0100712362,-0.00977837,-0.002643463,,-0.041181068,-0.150978641,-0.064091647,-0.067647599,-0.121810062,-0.46815995,0.6315848321,0.1433442785,0.2001642391,0.3652272785,0.1969064646,1.662322321,0.1006988444,0.1386405878,-0.06751104,2.7263570523,0.0749956187,1.0770641009,0.6292037579,0.4951356308,5.0,-3.380137517,1.7687779014,2453.5155306,0.2403005794,0.528866842,0.0150656376,3.9970244536,1.4660678616,1.1639513962,0.8725897126,2.2735414958,0.1954314916,0.4024957434,0.2338925239,,,,1.1378560518,0.2959269808,0.5598629128,8.9565798968,0.8478981669,,,0.521387987,0.642348875,0.0084001,504916.31377958,0.58940953,0.00037951,0.57294513,0.00816084,0.00838679,0.00492185,0.00873626,-0.13345155,-0.03598249,0.46159955,,,,,0.01343551,0.0201983,0.01016243,0.11001379,0.02448712,0.01026259,0.55388269,0.89263161,0.53878907,0.5515073191,1.1760539733,489,1.1686974196,0.8952737858,0.5008703227,1.2066733635
20241129,20241130,211952.0,01W,PRT,-0.092818,2024,11,20241031,20241031,1302.4500898,16.026210038,1302.4500898,0.041966514,0.0,0.0419267195,,,,,,0.14029373,0.3264909719,0.0477864978,,0.1532235715,-0.000348984,0.1057193547,-0.044022862,0.5183058982,-0.047180616,-0.064213983,0.3401900236,1.0390074183,-0.004252632,0.0036369957,,0.0175866447,0.0078019478,0.0097846969,0.064768747,0.0328616411,0.0319071058,0.013674243,-0.010037247,-0.007242948,0.0399670854,0.169757345,0.1946456688,0.2030136011,0.3421323289,0.1482059858,0.1705503806,,,0.0304725452,-0.06291855,-1.183228621,-0.072955797,-1.371986281,0.6677394033,0.4198138038,0.5814294337,1.0046715836,,0.0537929729,-0.20134252,0.1154809012,1.0,0.0460994332,0.0513112175,0.0339295909,1.0364871972,0.0609767552,0.0466721733,0.0171188778,0.0151811352,0.0061979146,,-0.089328674,-0.058149312,-0.030488977,-0.10471815,0.0217187018,1.0793453595,0.6315848321,0.1549058097,0.2152234833,0.3850210013,0.224476068,1.6507207903,0.1160938608,0.1400950513,-0.044592002,2.7871202486,0.059537073,1.0449332822,0.9252771888,0.5190272239,5.0,-3.474506418,1.6697977923,2453.5155306,0.2403005794,0.4722081737,0.0162644451,4.1886560747,1.5028616282,1.26004705,1.0347267874,2.3189815713,0.2227330892,0.4862772552,0.2350491363,,,,1.1344022415,0.2883974355,0.589836005,8.3739212872,0.8085658418,,,0.4560091799,0.7319327731,0.00832295,472312.10044484,0.67926315,0.00035598,0.66301173,0.00821561,0.00839954,0.00439438,0.00863213,0.30683014,-0.22427354,-0.2245897,,,,,0.01216466,0.01780563,0.0087275,0.34454682,0.02622476,0.01011691,0.64537596,0.88823922,0.5373739,0.5651595636,1.0857179478,490,1.1686974196,1.128823469,0.5843487098,0.9731236802
20241231,20241231,211952.0,01W,PRT,0.00977,2024,12,20241129,20241130,1181.5593027,14.538689586,1181.5593027,0.0462603018,0.0,0.0419267195,-0.092817981,0.0034326257,-0.009589603,0.1187366813,0.1300894411,0.1496884266,0.2663780794,0.0015583068,,0.0127787946,0.011288343,0.1057193547,-0.044022862,0.5183058982,-0.047180616,-0.064213983,0.3401900236,1.0390074183,-0.004252632,0.0036369957,,0.0175866447,0.0078019478,0.0097846969,0.064768747,0.0328616411,0.0319071058,0.013674243,-0.010037247,-0.007242948,0.0399670854,0.169757345,0.1946456688,0.2030136011,0.3421323289,0.1482059858,0.1705503806,,,0.0304725452,-0.06291855,-1.183228621,-0.072955797,-1.371986281,0.6677394033,0.4198138038,0.5814294337,1.0046715836,,0.0537929729,-0.20134252,0.1154809012,1.0,0.0460994332,0.0513112175,0.0339295909,1.0364871972,0.0609767552,0.0466721733,0.0171188778,0.0151811352,0.0061979146,,-0.089328674,-0.058149312,-0.030488977,-0.10471815,0.0217187018,1.0793453595,0.6315848321,0.1549058097,0.2152234833,0.3850210013,0.224476068,1.6507207903,0.1160938608,0.1400950513,-0.044592002,2.7871202486,0.059537073,1.0449332822,0.9252771888,0.5190272239,5.0,-3.474506418,1.6697977923,2453.5155306,0.2403005794,0.4722081737,0.0162644451,4.6172168153,1.6566263395,1.3889682809,1.140594462,2.5562472818,0.2455219398,0.5360305262,0.2590980986,,,,1.1886235957,0.3021820517,0.5824820323,7.2526132451,0.8310556966,,,0.4621523028,0.7170231729,0.00796018,438648.62135736,0.66160412,0.00034135,0.64941323,0.00826275,0.00837217,0.00380932,0.01165286,0.42893276,0.23175147,-0.0217531,,,,,0.01527245,0.02915202,0.01485583,0.66181131,0.02796804,0.0104975,0.59774391,0.80579465,0.53625909,0.5732347958,1.3144033045,491,1.3258683303,1.1149569337,0.5560092998,1.1945967147
20250131,20250131,211952.0,01W,PRT,0.063404,2025,1,20241231,20241231,1193.1031478,14.680732716,1193.1031478,0.0458127112,0.0,0.0419267195,0.0097700091,,-0.056404258,-0.057973083,0.0236017358,0.1392561695,0.2416998747,0.0475121148,,-0.03280032,0.0149795011,0.1057193547,-0.044022862,0.5183058982,-0.047180616,-0.064213983,0.3401900236,1.0390074183,-0.004252632,0.0036369957,,0.0175866447,0.0078019478,0.0097846969,0.064768747,0.0328616411,0.0319071058,0.013674243,-0.010037247,-0.007242948,0.0399670854,0.169757345,0.1946456688,0.2030136011,0.3421323289,0.1482059858,0.1705503806,,,0.0304725452,-0.06291855,-1.183228621,-0.072955797,-1.371986281,0.6677394033,0.4198138038,0.5814294337,1.0046715836,,0.0537929729,-0.20134252,0.1154809012,1.0,0.0460994332,0.0513112175,0.0339295909,1.0364871972,0.0609767552,0.0466721733,0.0171188778,0.0151811352,0.0061979146,,-0.089328674,-0.058149312,-0.030488977,-0.10471815,0.0217187018,1.0793453595,0.6315848321,0.1549058097,0.2152234833,0.3850210013,0.224476068,1.6507207903,0.1160938608,0.1400950513,-0.044592002,2.7871202486,0.059537073,1.0449332822,0.9252771888,0.5190272239,5.0,-3.474506418,1.6697977923,2453.5155306,0.2403005794,0.4722081737,0.0162644451,4.5725430283,1.6405976852,1.3755293467,1.1295586636,2.5315143635,0.2431463973,0.5308441738,0.2565912002,,,,1.1832231794,0.3008091117,0.5822339997,7.3695000055,0.8260979105,,,0.4444706279,0.6536458333,0.00820548,414364.20778392,0.65246691,0.00032672,0.64011226,0.00832111,0.00835897,0.00273588,0.00755987,0.53830033,-0.33111474,1.58685842,,,,,0.01493256,0.0237769,0.01167114,-0.01573328,0.02743486,0.01061607,0.63041095,0.81366727,0.53662642,0.6070267652,1.2635772057,492,1.0524696232,1.100437847,0.5262348116,0.9374100178
20250228,20250228,211952.0,01W,PRT,0.002339,2025,2,20250131,20250131,1268.7511683,15.61155615,1268.7511683,0.043081174,0.0,0.0419267195,0.0634044262,-0.083954804,-0.093255281,-0.099570823,-0.013278873,0.0355855623,0.4358614827,-0.037169925,,0.0929775825,0.0067644147,0.1714715589,0.0113011752,0.5183058982,0.0947197801,-0.041151092,0.3448601541,2.8739976479,0.007605025,0.0054456583,,0.0454907509,0.0193218614,0.0261688895,0.1053084625,0.0378617543,0.0674467083,0.0257379032,-0.020292245,-0.006682347,0.0601754056,0.1607349415,0.1924354859,0.1944861602,0.3279753755,0.13643568,0.1555399137,,,0.0157565788,-0.059000839,-1.171274506,-0.079293083,-1.574112662,0.7301181122,0.4203356088,0.5927082003,0.9676795368,,0.0432253825,-0.20134252,0.1154809012,2.0,0.1096680103,0.1943250295,0.0623313565,1.3850134529,0.0845499475,0.028343557,0.0101694776,-0.007907106,-0.002610051,,-0.204405407,-0.265691341,-0.028757869,-0.172460422,0.367585156,-0.252486048,0.6315848321,0.158717201,0.2254326987,0.3918392792,0.2278350053,1.6410761979,0.109374033,0.1354853217,-0.038891038,2.7084976707,0.0583945029,1.0492044779,0.9585342458,0.5469067247,6.0,-3.507593626,1.6973873005,2453.5155306,0.2403005794,0.302386268,0.0188617242,4.4206045922,1.6321241994,1.3075278329,1.1164455086,2.4283708276,0.222679975,0.4834993527,0.1576810593,,,,1.1857042004,0.2829872221,0.6067664641,7.8570517907,,,,0.4248011258,0.6446885428,0.00805393,380990.76546779,0.61316663,0.00030593,0.61218754,0.00839176,0.00838155,0.00259744,0.00779573,0.41386157,-0.45872594,0.03038532,,,,,0.01445739,0.02068348,0.00935417,-0.43520366,0.02680427,0.01054358,0.65680622,0.86525738,0.53699915,0.6140244537,1.2232801357,493,1.0162268091,0.9837549046,0.0923842554,1.0017406454
20250331,20250331,211952.0,01W,PRT,0.055387,2025,3,20250228,20250228,1271.7183354,15.648066143,1271.7183354,0.0429806572,0.0,0.0419267195,0.0023386517,0.0737938971,-0.022529672,-0.035214971,0.0897910658,0.1302115592,0.551579077,0.0773554168,,-0.084775006,0.0245557496,0.1714715589,0.0113011752,0.5183058982,0.0947197801,-0.041151092,0.3448601541,2.8739976479,0.007605025,0.0054456583,,0.0454907509,0.0193218614,0.0261688895,0.1053084625,0.0378617543,0.0674467083,0.0257379032,-0.020292245,-0.006682347,0.0601754056,0.1607349415,0.1924354859,0.1944861602,0.3279753755,0.13643568,0.1555399137,,,0.0157565788,-0.059000839,-1.171274506,-0.079293083,-1.574112662,0.7301181122,0.4203356088,0.5927082003,0.9676795368,,0.0432253825,-0.20134252,0.1154809012,2.0,0.1096680103,0.1943250295,0.0623313565,1.3850134529,0.0845499475,0.028343557,0.0101694776,-0.007907106,-0.002610051,,-0.204405407,-0.265691341,-0.028757869,-0.172460422,0.367585156,-0.252486048,0.6315848321,0.158717201,0.2254326987,0.3918392792,0.2278350053,1.6410761979,0.109374033,0.1354853217,-0.038891038,2.7084976707,0.0583945029,1.0492044779,0.9585342458,0.5469067247,6.0,-3.507593626,1.6973873005,2453.5155306,0.2403005794,0.302386268,0.0188617242,4.4102904588,1.628316135,1.3044771153,1.1138406233,2.4227049645,0.2221604192,0.4823712544,0.1573131586,,,,1.184395455,0.2826748691,0.6134288521,7.8838281957,,,,0.4248011258,0.6512808349,0.00773928,409982.89721251,0.65776665,0.00032673,0.64863296,0.0083441,0.00834405,0.00321612,0.01417155,1.58583987,-0.34966865,-0.24693191,,,,,0.01796043,0.04217039,0.01467947,0.93519159,0.02627253,0.01083334,0.61647075,0.86728091,0.53417936,0.5970565939,1.4939768918,494,1.0162268091,0.9837549046,0.0923842554,1.0017406454
20250430,20250430,211952.0,01W,PRT,0.132828,2025,4,20250331,20250331,1342.1556259,16.514773298,1342.1556259,0.0407250015,0.0,0.0419267195,0.055387493,0.0658913588,,0.0155969345,0.0139084006,0.0348577605,1.4392755786,0.0564190422,,0.0640810195,0.0199340455,0.1714715589,0.0113011752,0.5183058982,0.0947197801,-0.041151092,0.3448601541,2.8739976479,0.007605025,0.0054456583,,0.0454907509,0.0193218614,0.0261688895,0.1053084625,0.0378617543,0.0674467083,0.0257379032,-0.020292245,-0.006682347,0.0601754056,0.1607349415,0.1924354859,0.1944861602,0.3279753755,0.13643568,0.1555399137,,,0.0157565788,-0.059000839,-1.171274506,-0.079293083,-1.574112662,0.7301181122,0.4203356088,0.5927082003,0.9676795368,,0.0432253825,-0.20134252,0.1154809012,2.0,0.1096680103,0.1943250295,0.0623313565,1.3850134529,0.0845499475,0.028343557,0.0101694776,-0.007907106,-0.002610051,,-0.204405407,-0.265691341,-0.028757869,-0.172460422,0.367585156,-0.252486048,0.6315848321,0.158717201,0.2254326987,0.3918392792,0.2278350053,1.6410761979,0.109374033,0.1354853217,-0.038891038,2.7084976707,0.0583945029,1.0492044779,0.9585342458,0.5469067247,6.0,-3.507593626,1.6973873005,2453.5155306,0.2403005794,0.302386268,0.0188617242,4.1788352505,1.5428609357,1.2360172201,1.0553854681,2.2955596693,0.2105012809,0.4570560648,0.1490572512,,,,1.1541539628,0.2754572546,0.6002229034,8.4847064422,,,,0.4328229264,0.5807471264,0.0078517,438662.39761364,0.63617087,0.00034692,0.62680916,0.00828428,0.00832559,0.00572877,0.01186092,0.67764877,0.00903468,0.43983039,,,,,0.02056043,0.03819491,0.01302781,1.01524834,0.02446222,0.01080065,0.61181096,0.91531743,0.46239397,0.5092995202,1.6936333102,495,1.0915316951,0.964812649,0.0474578998,0.9837087612
20250530,20250531,211952.0,01W,PRT,0.06871,2025,5,20250430,20250430,1520.4320359,18.708404527,1520.4320359,0.035949841,0.0,0.0419267195,0.1328284191,0.0578556768,0.030485265,0.020022894,0.0129183613,,1.2289432648,-0.00752982,,0.0397484575,0.0198804585,0.0678606412,-0.013837444,0.0737585159,0.001732153,0.0625659029,0.2169696052,1.1866954706,0.0001379189,0.0067525945,,0.008334553,0.0011459641,0.007188589,0.0129786301,0.0056638174,0.0073148128,0.0474545616,-0.040701967,-0.002457934,0.0163410452,0.151839206,0.1826841083,0.1873791597,0.3157373996,0.1209405191,0.1347830164,,,0.0749197041,-0.059909375,-1.37197941,-0.100611342,-2.304091638,0.6255275012,0.4071418668,0.5521559139,0.887669397,,0.0961956462,-0.104991882,0.0969124591,0.0,0.0154876119,-0.017888617,0.0072223465,0.630293888,-0.023624136,0.025582391,0.0094452328,-0.023713936,-0.008401187,,-0.09130156,-0.127012323,-0.048799641,-0.193053411,-0.142434215,-1.08376503,0.4871584085,0.1361199662,0.195081169,0.330704749,0.2000948297,1.58586553,0.1035757553,0.1274697849,-0.012025284,2.7696483654,0.0572645232,1.0593904675,0.6226617168,0.5276771693,6.0,-3.143958178,1.6711828862,2059.8329031,0.4530318877,0.3813992077,0.0129519174,3.6292832229,1.3103768941,1.1879308109,0.8388095662,1.9402570981,0.1584776619,0.3759057509,0.1702414633,,,,1.1886973073,0.2515888324,0.5867688002,10.899362185,,,,0.4798220002,0.5433629959,0.0077718,480003.61364249,0.65006207,0.00037364,0.6307601,0.00800142,0.00832352,0.00333531,0.00996743,0.60262564,0.61819605,0.54620533,,,,,0.02883678,0.04427059,0.01790669,-0.06257372,0.02455995,0.01078941,0.53365312,1.0,0.46991486,0.477713974,2.2471540991,496,0.4619212768,0.5262348116,-0.277152766,0.8126289766
20250630,20250630,211952.0,01W,PRT,0.01684,2025,6,20250530,20250531,1624.9012666,19.993863254,1624.9012666,0.0336385299,0.0,0.0419267195,0.0687102273,0.1955729453,0.2868012908,0.1713701139,0.1561684459,-0.009589603,1.3632890891,-0.047809921,,-0.037565726,0.0281912689,0.0678606412,-0.013837444,0.0737585159,0.001732153,0.0625659029,0.2169696052,1.1866954706,0.0001379189,0.0067525945,,0.008334553,0.0011459641,0.007188589,0.0129786301,0.0056638174,0.0073148128,0.0474545616,-0.040701967,-0.002457934,0.0163410452,0.151839206,0.1826841083,0.1873791597,0.3157373996,0.1209405191,0.1347830164,,,0.0749197041,-0.059909375,-1.37197941,-0.100611342,-2.304091638,0.6255275012,0.4071418668,0.5521559139,0.887669397,,0.0961956462,-0.104991882,0.0969124591,0.0,0.0154876119,-0.017888617,0.0072223465,0.630293888,-0.023624136,0.025582391,0.0094452328,-0.023713936,-0.008401187,,-0.09130156,-0.127012323,-0.048799641,-0.193053411,-0.142434215,-1.08376503,0.4871584085,0.1361199662,0.195081169,0.330704749,0.2000948297,1.58586553,0.1035757553,0.1274697849,-0.012025284,2.7696483654,0.0572645232,1.0593904675,0.6226617168,0.5276771693,6.0,-3.143958178,1.6711828862,2059.8329031,0.4530318877,0.3813992077,0.0129519174,3.3959469371,1.2261292731,1.1115555747,0.7848802648,1.815512801,0.1482887108,0.3517377689,0.1592961861,,,,1.1458795801,0.2425264227,0.588085502,11.441604656,,,,0.4798220002,0.5788972701,0.00758489,519825.13985989,0.65574862,0.00038106,0.63389931,0.00797878,0.00833117,0.00414709,0.01444833,1.01727779,-0.37346692,0.89139649,,,,,0.0215543,0.04281006,0.01592755,0.24529573,0.0230578,0.01109013,0.49060329,0.95514736,0.46048512,0.4836413749,1.642765278,497,0.4619212768,0.5262348116,-0.277152766,0.8126289766
