date,ret_eom,gvkey,iid,excntry,stock_ret,year,month,char_date,char_eom,me,prc,market_equity,div12m_me,chcsho_12m,eqnpo_12m,ret_1_0,ret_3_1,ret_6_1,ret_9_1,ret_12_1,ret_12_7,ret_60_12,seas_1_1an,seas_1_1na,seas_2_5an,seas_2_5na,at_gr1,sale_gr1,capx_gr1,inv_gr1,debt_gr3,sale_gr3,capx_gr3,inv_gr1a,lti_gr1a,sti_gr1a,coa_gr1a,col_gr1a,cowc_gr1a,ncoa_gr1a,ncol_gr1a,nncoa_gr1a,fnl_gr1a,nfna_gr1a,tax_gr1a,be_gr1a,ebit_sale,gp_at,cop_at,ope_be,ni_be,ebit_bev,netis_at,eqnetis_at,dbnetis_at,oaccruals_at,oaccruals_ni,taccruals_at,taccruals_ni,noa_at,opex_at,at_turnover,sale_bev,rd_sale,cash_at,sale_emp_gr1,emp_gr1,ni_inc8q,noa_gr1a,ppeinv_gr1a,lnoa_gr1a,capx_gr2,saleq_gr1,niq_be,niq_at,niq_be_chg1,niq_at_chg1,rd5_at,dsale_dinv,dsale_drec,dgp_dsale,dsale_dsga,saleq_su,niq_su,capex_abn,op_atl1,gp_atl1,ope_bel1,cop_atl1,pi_nix,ocf_at,op_at,ocf_at_chg1,at_be,ocfq_saleq_std,tangibility,earnings_variability,aliq_at,f_score,o_score,z_score,intrinsic_value,kz_index,ni_ar1,ni_ivol,at_me,be_me,debt_me,netdebt_me,sale_me,ni_me,ocf_me,fcf_me,eqpo_me,eqnpo_me,rd_me,bev_mev,ebitda_mev,aliq_mat,eq_dur,beta_60m,resff3_12_1,resff3_6_1,mispricing_mgmt,mispricing_perf,zero_trades_21d,dolvol_126d,dolvol_var_126d,turnover_126d,turnover_var_126d,zero_trades_126d,zero_trades_252d,bidaskhl_21d,ivol_capm_21d,iskew_capm_21d,coskew_21d,beta_dimson_21d,ivol_ff3_21d,iskew_ff3_21d,ivol_hxz4_21d,iskew_hxz4_21d,rmax5_21d,rmax1_21d,rvol_21d,rskew_21d,ami_126d,ivol_capm_252d,betadown_252d,prc_highprc_252d,corr_1260d,betabab_1260d,rmax5_rvol_21d,age,qmj,qmj_prof,qmj_growth,qmj_safety
20050228,20050228,208226.0,01W,NLD,-0.019782,2005,2,20050131,20050131,11097.859475,35.385800166,11097.859475,0.0531713916,0.0374105384,0.0219056936,-0.005229422,0.1333193352,0.2277677886,0.3385043133,0.4333360581,0.1541848849,0.9959741834,0.0903467819,0.0256605771,0.0241520121,,0.1416300915,0.2426900493,,,0.8307291524,1.0589614305,,0.0,,,,,,,,,0.0281035884,-0.028103588,0.0014498373,0.0658823489,0.7499471972,,,0.0668934048,0.0642636736,0.0529178043,,,0.0281035884,,,,,,,0.0774729698,0.0806590216,,0.0084092601,-0.512670569,0.8732394366,,,0.0,-0.015512623,,,0.0180325467,0.0090037813,0.0011758477,0.0001423717,,,,,,,,,0.0601251062,,0.0761139215,,1.0479547666,0.0317381782,0.0501894748,-0.001277376,1.8719767642,,,0.942219447,,,,,,,0.305418006,0.0014817933,0.1508696212,0.0805937467,0.0565964404,0.0553277386,0.010963294,0.0051792502,0.0049326666,,,,,0.1287955204,0.0073258919,,18.987128756,0.3417810227,-0.0010111,0.1010254558,0.5165871498,0.6062091503,0.00906581,1456508.48608507,1.02243588,0.00014341,1.01688533,0.00924153,0.00933428,0.00183273,0.01211953,1.0014275,-0.26890409,0.89521107,0.0118948,1.00872479,0.01024062,-0.21724719,0.01545885,0.03473541,0.01215604,1.10944506,0.01189568,0.01073422,0.71052671,0.96665251,0.27026379,0.383944502,1.3157049362,253,0.1506142902,-0.714251973,0.2601519558,1.1876979672
20050331,20050331,208226.0,01W,NLD,-0.028896,2005,3,20050228,20050228,10878.323377,34.685803873,10878.323377,0.0542444466,0.0374105384,0.0219056936,-0.019781842,0.0382638165,0.2015138024,0.2906944912,0.3076945446,0.0706983791,1.322127184,0.0642639236,0.018020053,,,0.1416300915,0.2426900493,,,0.8307291524,1.0589614305,,0.0,,,,,,,,,0.0281035884,-0.028103588,0.0014498373,0.0658823489,0.7499471972,,,0.0668934048,0.0642636736,0.0529178043,,,0.0281035884,,,,,,,0.0774729698,0.0806590216,,0.0084092601,-0.512670569,0.8732394366,,,0.0,-0.015512623,,,0.0180325467,0.0090037813,0.0011758477,0.0001423717,,,,,,,,,0.0601251062,,0.0761139215,,1.0479547666,0.0317381782,0.0501894748,-0.001277376,1.8719767642,,,0.942219447,,,,,,,0.305418006,0.0014817933,0.1539143301,0.082220214,0.0577386166,0.056444311,0.0111845449,0.005283773,0.0050322131,,,,,0.1312558774,0.0074645738,,18.980141981,0.3649187586,-0.118229212,0.0409564748,0.5244949022,0.5778145695,0.00911741,1443787.59246353,1.01798324,0.00013799,1.02431515,0.00931287,0.00935207,0.00233739,0.01120236,0.00590194,-0.09688673,1.03509238,0.01147744,0.43502695,,,0.01341853,0.02351216,0.01156906,0.03348268,0.01166644,0.01091977,0.70686879,0.93315064,0.26735056,0.3839613328,1.1298492188,254,0.1779987066,-0.714251973,0.2875363722,1.1876979672
20050429,20050430,208226.0,01W,NLD,0.034727,2005,4,20050331,20050331,10563.982854,33.68352132,10563.982854,0.0558585374,0.0269143132,0.0320749416,-0.028896045,-0.024907816,0.1889475015,0.2109279934,0.2044248704,0.022652789,,-0.077185809,0.0224100315,0.0281319475,,0.1416300915,0.2426900493,,,0.8307291524,1.0589614305,,0.0,,,,,,,,,0.0281035884,-0.028103588,0.0014498373,0.0658823489,0.7499471972,,,0.0668934048,0.0642636736,0.0529178043,,,0.0281035884,,,,,,,0.0774729698,0.0806590216,,0.0084092601,-0.512670569,0.8732394366,,,0.0,-0.015512623,,,0.0180325467,0.0090037813,0.0011758477,0.0001423717,,,,,,,,,0.0601251062,,0.0761139215,,1.0479547666,0.0317381782,0.0501894748,-0.001277376,1.8719767642,,,0.942219447,,,,,,,0.305418006,0.0014817933,0.1584941852,0.0846667482,0.0594566795,0.0581238607,0.0115173508,0.0054409963,0.005181951,,,,,0.1349469699,0.0076725401,,18.969632464,0.3722410924,-0.336853329,-0.063412596,0.5480199149,0.469138756,0.00910538,1498084.31628387,0.90272654,0.00013965,0.88940039,0.00932926,0.00936855,0.00409003,0.01251931,0.21613426,-0.54215883,1.4325127,0.0127738,0.03953945,,,0.01680042,0.0237609,0.01510372,-0.23579101,0.01198701,0.01111261,0.95716503,0.90618627,0.27440524,0.4311640708,1.3767648222,255,0.0552052447,-0.714251973,0.220820979,1.1437091536
20050531,20050531,208226.0,01W,NLD,-0.022323,2005,5,20050429,20050430,1090.1762073,34.853251318,1090.1762073,0.541278215,-0.897581737,2.3373236631,0.0347270698,-0.04810627,0.073158071,0.1625928109,0.2674509842,0.0977482959,1.4310611258,0.0316188051,0.022692601,0.0644618003,,0.0932830635,0.2426900493,,,0.8307291524,1.0589614305,,0.0,,,,,,,,,0.0259998737,-0.025999874,0.0014498373,0.0715196711,0.7499471972,,,0.0668934048,0.063299599,0.0529178043,,,0.0259998737,,,,,,,0.0713775765,0.0732126001,,0.0063553804,-0.512670569,0.8732394366,,,0.0,-0.015512623,,,0.0196545464,0.0104993538,0.0016537052,0.0008753943,,,,,,,,,0.0601251062,,0.0761139215,,1.0393785616,0.0317381782,0.0501894748,-0.001277376,1.9019405007,,,0.942219447,,,,,,,0.305418006,0.0014817933,1.6796761819,0.8831381325,0.6952509871,0.684576006,0.1147764283,0.0559022896,0.0502139386,,,,,0.9306283201,0.0478566397,,15.80901339,0.3478164873,-0.265647114,-0.490462984,0.8354686114,0.5012923236,0.00875784,1554194.86789663,0.85988271,0.00016135,1.01900104,0.00926284,0.00935741,0.00406969,0.01089992,-0.51045741,0.23953957,0.34244423,0.01117778,-0.50646236,0.0100142,0.62407837,0.01516867,0.02582883,0.01134616,-0.0550817,0.01119769,0.01073009,0.92784379,0.93765547,0.27670587,0.4162326125,1.2941801766,256,-0.075580899,-0.83942883,0.1007745314,1.0337371196
20050630,20050630,208226.0,01W,NLD,0.068243,2005,6,20050531,20050531,1171.4727974,34.075204876,1171.4727974,0.5037151805,-0.887431277,2.2428248086,-0.022323497,0.0048275498,0.0226381645,0.1834312725,0.2712698107,0.1448490462,1.2444577508,0.0447872906,0.0165916203,-0.002142409,,0.0932830635,0.2426900493,,,0.8307291524,1.0589614305,,0.0,,,,,,,,,0.0259998737,-0.025999874,0.0014498373,0.0715196711,0.7499471972,,,0.0668934048,0.063299599,0.0529178043,,,0.0259998737,,,,,,,0.0713775765,0.0732126001,,0.0063553804,-0.512670569,0.8732394366,,,0.0,-0.015512623,,,0.0196545464,0.0104993538,0.0016537052,0.0008753943,,,,,,,,,0.0601251062,,0.0761139215,,1.0393785616,0.0317381782,0.0501894748,-0.001277376,1.9019405007,,,0.942219447,,,,,,,0.305418006,0.0014817933,1.5631118482,0.8218510766,0.6470027182,0.6370685478,0.106811299,0.0520228436,0.0467292465,,,,,0.8911780917,0.0457983218,,16.053590297,0.3400657571,-0.124823158,-0.570910104,0.8314572119,0.5434925648,0.00488908,1716576.61523134,0.95860795,0.000451,2.3710525,0.00839159,0.00888015,0.0029927,0.00684447,0.27724319,-0.52616727,0.66285827,0.00683924,0.1203322,0.0050434,-0.33590275,0.00955127,0.01322651,0.00781328,-0.01173299,0.01132144,0.0101023,0.81918056,0.91672372,0.27684234,0.4167793115,0.8724456888,257,-0.064388951,-0.869048189,0.0901445311,1.0874421239
20050729,20050731,208226.0,01W,NLD,0.018952,2005,7,20050630,20050630,1254.4552455,36.400613869,1254.4552455,0.4703943275,-0.887158079,2.2404008049,0.0682434339,0.0116283435,-0.042073061,0.1680176088,0.1896111624,0.1898380589,1.2810273683,0.0114779245,0.0217521212,0.0054896837,,0.0932830635,0.2426900493,,,0.8307291524,1.0589614305,,0.0,,,,,,,,,0.0259998737,-0.025999874,0.0014498373,0.0715196711,0.7499471972,,,0.0668934048,0.063299599,0.0529178043,,,0.0259998737,,,,,,,0.0713775765,0.0732126001,,0.0063553804,-0.512670569,0.8732394366,,,0.0,-0.015512623,,,0.0196545464,0.0104993538,0.0016537052,0.0008753943,,,,,,,,,0.0601251062,,0.0761139215,,1.0393785616,0.0317381782,0.0501894748,-0.001277376,1.9019405007,,,0.942219447,,,,,,,0.305418006,0.0014817933,1.4597117084,0.7674854749,0.6042033679,0.5949263447,0.0997457117,0.0485815228,0.0436380982,,,,,0.8542161361,0.0438722432,,16.27054591,0.3498291083,-0.295982233,-0.988567964,0.8351881361,0.524979855,0.00543324,1703735.45302764,0.87663537,0.00069568,1.76264545,0.00770953,0.00850545,0.00327875,0.01067123,-0.2996736,-0.07936866,0.67091735,0.00975586,0.33622389,0.00936195,-0.28270772,0.01799917,0.02640551,0.01243027,-0.72135178,0.01029693,0.01011926,0.70366089,0.97928409,0.27139391,0.4241132868,1.6340608824,258,-0.051897017,-0.85104736,0.0778455261,1.0693110679
20050831,20050831,208226.0,01W,NLD,-0.000302,2005,8,20050729,20050731,1278.2302433,37.090494612,1278.2302433,0.4616450242,-0.887158079,2.2404008049,0.018952448,0.0443965051,0.0286785575,0.1597247268,0.2563737501,0.2277677886,1.2180392871,0.0165070678,0.0219744285,,,0.1183383163,0.2426900493,,,0.8307291524,1.0589614305,,0.0,,,,,,,,,0.0589481152,-0.058948115,0.0014498373,0.0578475524,0.7499471972,,,0.0668934048,0.0655545066,0.0529178043,,,0.0589481152,,,,,,,0.073236045,0.0759296697,,0.0237000165,-0.512670569,0.8732394366,,,0.0,-0.015512623,,,0.0152631071,0.0080250182,-0.001942131,-0.000519685,,,,,,,,,0.0601251062,,0.0761139215,,1.0276253496,0.0317381782,0.0501894748,-0.001277376,1.9232936235,,,0.942219447,,,,,,,0.305418006,0.0014817933,1.4076151319,0.7318773976,0.5873304729,0.5539699711,0.097633966,0.0479778617,0.0428264324,,,,,0.8274595987,0.0433499109,,16.327513553,0.3559025689,-0.19916132,-0.424145185,0.8033730159,0.4859554598,0.00734102,1572770.6821282,0.92023523,0.00077927,1.55890619,0.00746226,0.00839064,0.00299533,0.01114335,0.7750479,0.53300123,2.20039088,0.01012405,0.62283951,,,0.01683668,0.03856385,0.01261254,1.28328722,0.01115205,0.01005023,0.73639312,0.97738239,0.27014683,0.4298009486,1.5171938115,259,-0.026343168,-0.814372761,0.0790295055,1.1322860282
20050930,20050930,208226.0,01W,NLD,0.023958,2005,9,20050831,20050831,1277.8446067,37.079304568,1277.8446067,0.4617843425,-0.887158079,2.2404008049,-0.000301696,0.0884892621,0.0693278076,0.0882816924,0.2593961704,0.2015138024,,-0.009421656,0.0228035158,-0.011598746,,0.1183383163,0.2426900493,,,0.8307291524,1.0589614305,,0.0,,,,,,,,,0.0589481152,-0.058948115,0.0014498373,0.0578475524,0.7499471972,,,0.0668934048,0.0655545066,0.0529178043,,,0.0589481152,,,,,,,0.073236045,0.0759296697,,0.0237000165,-0.512670569,0.8732394366,,,0.0,-0.015512623,,,0.0152631071,0.0080250182,-0.001942131,-0.000519685,,,,,,,,,0.0601251062,,0.0761139215,,1.0276253496,0.0317381782,0.0501894748,-0.001277376,1.9232936235,,,0.942219447,,,,,,,0.305418006,0.0014817933,1.4080399315,0.7320982685,0.5875077215,0.5541371519,0.0976634306,0.0479923408,0.0428393569,,,,,0.8276202771,0.043358284,,16.326606437,0.3543905858,-0.153975603,-0.148895477,0.8043735225,0.4618175287,0.00581024,1588771.94453075,0.91669627,0.00097736,1.26816335,0.00689023,0.00815352,0.00286169,0.01176331,0.50926297,-0.20551968,0.14776561,0.01214266,0.40138227,0.01245192,0.74892699,0.01583999,0.02940196,0.01273152,-0.1516664,0.0109486,0.01038716,0.82593038,0.9654075,0.2701182,0.4410685192,1.3851296792,260,0.0392165239,-0.869048189,0.0653608732,1.2029739823
20051031,20051031,208226.0,01W,NLD,-0.026143,2005,10,20050930,20050930,1308.4593988,37.96765609,1308.4593988,0.4509797034,-0.887158079,2.2404008049,0.0239581495,0.0186450344,0.1008143779,0.0423786109,0.2709910569,0.1889475015,1.4248832754,0.0758821576,0.0180831514,,,0.1183383163,0.2426900493,,,0.8307291524,1.0589614305,,0.0,,,,,,,,,0.0589481152,-0.058948115,0.0014498373,0.0578475524,0.7499471972,,,0.0668934048,0.0655545066,0.0529178043,,,0.0589481152,,,,,,,0.073236045,0.0759296697,,0.0237000165,-0.512670569,0.8732394366,,,0.0,-0.015512623,,,0.0152631071,0.0080250182,-0.001942131,-0.000519685,,,,,,,,,0.0601251062,,0.0761139215,,1.0276253496,0.0317381782,0.0501894748,-0.001277376,1.9232936235,,,0.942219447,,,,,,,0.305418006,0.0014817933,1.3750951952,0.7149689358,0.5737614586,0.5411716799,0.0953783421,0.0468694358,0.0418370193,,,,,0.8150556048,0.0427034745,,16.39695659,0.3428675815,-0.121603192,-0.099704548,0.8051587302,0.4809027778,0.00724566,1474591.67068525,0.97247373,0.00107264,1.12183764,0.00663608,0.00805386,0.00360286,0.01000701,0.28124471,-0.04550103,1.15391816,0.01015364,0.72886834,0.01037967,-0.22506454,0.01706781,0.02101057,0.01184608,0.0652513,0.01155939,0.0105197,0.80481879,0.979825,0.26371198,0.4373878831,1.4821171094,261,-0.026343168,-0.887301665,0.0790295055,1.1322850981
20051130,20051130,208226.0,01W,NLD,-0.044152,2005,11,20051031,20051031,1274.2517975,36.975051777,1274.2517975,0.4630863639,-0.887158079,2.2404008049,-0.026143418,0.0236492257,0.089357654,0.0729630505,0.2096507423,0.073158071,1.7230401247,0.085844187,0.0079024601,0.0563382208,,0.1218705439,1.4441610088,,,0.3561873951,2.5424110127,,0.0,,,,,,,,,-0.017014014,0.0170140137,0.0328918352,0.1114301092,0.8957443612,,,,0.1446225721,0.1368180486,,,-0.017014014,,,,,,,0.1539721921,0.152742294,,0.0456298217,1.493044229,-0.01980198,,,0.0,,,,0.1189676627,0.0618562144,0.1027031996,0.0534511096,,,,,,,,,,,,,1.4270949005,,,,1.7969554207,,,,,,,,,,-1.74017732,0.0216378379,1.5185408621,0.84506318,0.5381827287,0.5381827287,0.2211133266,0.1222152107,,,,,,0.9411257991,,,17.554622026,0.3424109111,-0.255293286,-0.340409355,0.7836791831,0.7446064574,0.00577928,1575268.7524817,0.90213711,0.00126168,0.92648093,0.00627109,0.00779184,0.00182128,0.00849499,-0.33371614,0.03038792,0.44890501,0.00836134,-0.17542657,0.00796131,0.13854699,0.01078837,0.01521585,0.01008847,-0.44211198,0.01044286,0.01041152,0.82597889,0.95420902,0.26556933,0.4266099161,0.9435820819,262,1.6317511473,1.4670131763,1.4712510345,0.9199794721
20051230,20051231,208226.0,01W,NLD,0.019182,2005,12,20051130,20051130,1157.6941097,33.592889358,1157.6941097,0.0554025511,-0.887158079,2.2325396962,-0.044152277,-0.002811617,0.0851013783,0.0659995632,0.0848944546,0.0226381645,1.8238889961,0.0437218791,-8.61e-05,0.0450204648,,0.1218705439,1.4441610088,,,0.3561873951,2.5424110127,,0.0,,,,,,,,,-0.017014014,0.0170140137,0.0328918352,0.1114301092,0.8957443612,,,,0.1446225721,0.1368180486,,,-0.017014014,,,,,,,0.1539721921,0.152742294,,0.0456298217,1.493044229,-0.01980198,,,0.0,,,,0.1189676627,0.0618562144,0.1027031996,0.0534511096,,,,,,,,,,,,,1.4270949005,,,,1.7969554207,,,,,,,,,,-1.74017732,0.0216378379,1.6714289266,0.9301449036,0.5923674515,0.5923674515,0.2433752159,0.1345199484,,,,,,1.0006305288,,,17.375539766,0.327574818,-0.359611349,-0.072446383,0.7839053881,0.7217560683,0.00515806,1578788.50151196,0.71502913,0.00126708,0.72852809,0.00628495,0.00741312,0.00400687,0.00984454,0.45395532,-0.32903551,-0.02223792,0.00769731,0.14828547,0.00969105,0.36995124,0.01051901,0.02190197,0.01067271,-0.20763069,0.00926157,0.0105784,0.84792774,0.86692612,0.26145507,0.4259408866,0.9042537334,263,1.6309706947,1.489945749,1.5231379215,0.8688883055
20060131,20060131,208226.0,01W,NLD,0.060355,2006,1,20051230,20051231,1204.9522864,34.23725792,1204.9522864,0.0532296654,-0.887782478,2.2380884556,0.0191816951,-0.069141404,-0.029068049,0.0492525027,-0.006446147,-0.042073061,1.7554818365,-0.005229422,0.0021330929,0.0019245838,,0.1218705439,1.4441610088,,,0.3561873951,2.5424110127,,0.0,,,,,,,,,-0.017014014,0.0170140137,0.0328918352,0.1114301092,0.8957443612,,,,0.1446225721,0.1368180486,,,-0.017014014,,,,,,,0.1539721921,0.152742294,,0.0456298217,1.493044229,-0.01980198,,,0.0,,,,0.1189676627,0.0618562144,0.1027031996,0.0534511096,,,,,,,,,,,,,1.4270949005,,,,1.7969554207,,,,,,,,,,-1.74017732,0.0216378379,1.6058755561,0.8936646606,0.5691348256,0.5691348256,0.2338300504,0.1292440818,,,,,,0.975620131,,,17.452324346,0.3173810633,-0.472213825,-0.748230165,0.7839053881,0.6631205674,0.00579121,1573677.87883363,0.74194709,0.00127151,0.76098254,0.00635446,0.0071383,0.00196507,0.0066263,0.47623316,0.11653761,0.66999383,0.00599702,0.79673105,0.00637166,0.94826343,0.01156396,0.01589214,0.00731733,0.67852175,0.00922852,0.01043954,0.84444475,0.88355523,0.26022656,0.4145049594,1.0203572947,264,1.6309706947,1.489945749,1.5231379215,0.88617042
20060228,20060228,208226.0,01W,NLD,0.066935,2006,2,20060131,20060131,1277.6769559,36.303641208,1277.6769559,0.0501998622,-0.887782478,2.2380884556,0.0603548126,-0.025817497,-0.028849606,0.033488903,0.0179351124,0.0286785575,1.7370411744,-0.019781842,0.0094182433,0.0624380152,,0.1123466877,1.4206765132,,,0.3561873951,2.5424110127,,0.0,,,,,,,,,-0.01547645,0.0154764496,0.0362516527,0.0622284347,0.8957443612,,,,0.1583085366,0.1368180486,,,-0.01547645,,,,,,,0.1665485345,0.1841691372,,0.0055838299,1.493044229,-0.01980198,,,0.0,,,,0.0152038823,0.0084609124,-0.002828664,-0.000542869,,,,,,,,,,,,,1.4376285504,,,,1.8434212865,,,,,,,,,,-1.74017732,0.0216378379,1.4576730528,0.7907433116,0.4690351926,0.4608957942,0.2305132942,0.1251814165,,,,,,0.8567613862,,,17.631432429,0.3227760061,-0.412421717,-0.869396895,0.8097411218,0.3708816956,0.0062015,1742596.13940559,0.72654326,0.00141344,0.74228279,0.00623181,0.00692424,0.00279248,0.01125482,0.00025412,0.22559016,0.67039492,0.01061957,1.1598656,0.00912748,0.42029832,0.01857515,0.03742408,0.0124353,0.48960919,0.00807925,0.0103433,0.83963481,0.93688204,0.26199773,0.4019894393,1.6317578759,265,1.6317511473,1.4423574927,1.5247510721,0.9146192689
20060331,20060331,208226.0,01W,NLD,0.001724,2006,3,20060228,20060228,1366.4304973,38.733638344,1366.4304973,0.0469392385,-0.88751644,2.2357205286,0.0669353557,0.0806942154,0.0300747636,0.1208870505,0.1011552746,0.0693278076,1.5133352207,-0.028896045,0.0181301888,-0.008907192,,0.1123466877,1.4206765132,,,0.3561873951,2.5424110127,,0.0,,,,,,,,,-0.01547645,0.0154764496,0.0362516527,0.0622284347,0.8957443612,,,,0.1583085366,0.1368180486,,,-0.01547645,,,,,,,0.1665485345,0.1841691372,,0.0055838299,1.493044229,-0.01980198,,,0.0,,,,0.0152038823,0.0084609124,-0.002828664,-0.000542869,,,,,,,,,,,,,1.4376285504,,,,1.8434212865,,,,,,,,,,-1.74017732,0.0216378379,1.3629930483,0.7393822879,0.4385700248,0.4309593035,0.2155408011,0.117050528,,,,,,0.8178720307,,,17.741975726,0.3512081601,-0.166807243,-0.467567814,0.8082592227,0.3965219891,0.00674089,1705955.53376418,0.726567,0.00137966,0.74638261,0.00639386,0.00677172,0.00385344,0.01481319,1.83789982,-0.14545086,1.52526803,0.01149139,1.08292278,0.01246126,0.75699818,0.02236929,0.05131028,0.01490886,1.87262012,0.00770022,0.01066636,0.78372664,0.98451265,0.25737636,0.4109887352,1.9141233901,266,1.6309706947,1.4423574927,1.5231379215,0.8002918603
20060428,20060430,208226.0,01W,NLD,-0.008323,2006,4,20060331,20060331,1368.7865766,38.800425146,1368.7865766,0.0468584425,-0.88751644,2.2357205286,0.0017242584,0.1313300392,0.0733086942,0.1195145094,0.2098205229,0.1008143779,1.7182876219,0.0347270698,0.0151299332,0.0228559899,,0.1123466877,1.4206765132,,,0.3561873951,2.5424110127,,0.0,,,,,,,,,-0.01547645,0.0154764496,0.0362516527,0.0622284347,0.8957443612,,,,0.1583085366,0.1368180486,,,-0.01547645,,,,,,,0.1665485345,0.1841691372,,0.0055838299,1.493044229,-0.01980198,,,0.0,,,,0.0152038823,0.0084609124,-0.002828664,-0.000542869,,,,,,,,,,,,,1.4376285504,,,,1.8434212865,,,,,,,,,,-1.74017732,0.0216378379,1.3606469414,0.7381095962,0.4378151184,0.4302174973,0.2151697928,0.11684905,,,,,,0.8168877081,,,17.744714915,0.2933889079,0.0249870089,-0.150208444,0.8073427622,0.4371456916,0.00562225,1956835.2120408,0.70103635,0.00155345,0.70593712,0.00615891,0.00653111,0.00434732,0.00823783,0.5654685,0.26624653,0.50508536,0.00819947,0.51978955,0.00871022,0.85658099,0.01265087,0.02319635,0.00894806,0.58278093,0.00560165,0.01026721,0.55233856,0.95490139,0.2388733,0.3616410374,1.1341651679,267,1.6317511473,1.444404744,1.5247510721,0.829117302
20060531,20060531,208226.0,01W,NLD,-0.053247,2006,5,20060428,20060430,1357.3947177,38.47750485,1357.3947177,0.0472516993,0.1278357369,-0.069528193,-0.008322597,0.0687750279,0.1040222717,0.100586042,0.1712330734,0.089357654,1.6287615149,-0.022323497,0.0164027423,0.0430197003,,0.0684564069,2.3678126413,,,0.5269870174,2.5424110127,,0.0,,,,,,,,,-0.065972107,0.0659721074,0.0506484041,0.0509588384,0.8957443612,,,,0.2363313232,0.1368180486,,,-0.065972107,,,,,,,0.2225146902,0.2502738584,,0.0038755273,1.493044229,-0.01980198,,,0.0,,,,0.1076244648,0.0583829999,0.0879699184,0.0478836461,,,,,,,,,,,,,1.4025851725,,,,1.84144837,,,,,,,,,,-1.74017732,0.0216378379,1.4413614955,0.782732505,0.4632933075,0.4577072717,0.3104496491,0.1849842087,,,,,,0.8509525889,,,19.102279111,0.275616719,-0.188751529,-0.320525781,0.2415808416,0.6035549236,0.00522188,2147522.65408317,0.77074,0.00168026,0.76410585,0.00605861,0.00631096,0.00431217,0.01214438,-0.89779658,-0.57079444,0.45006157,0.01182903,-0.57067781,0.00983586,-1.22186088,0.01396996,0.02205884,0.01366033,-1.09516325,0.00567659,0.01032319,0.74017126,0.94695413,0.2391969,0.3679772895,1.2337279545,268,1.6059746055,1.5932550136,1.2117857505,0.8688883055
20060630,20060630,208226.0,01W,NLD,0.051705,2006,6,20060531,20060531,1285.1180347,36.428707707,1285.1180347,0.0499091954,0.0261374089,0.0249706617,-0.053246622,-0.006612689,0.1454062328,0.0917556861,0.1880058167,0.0851013783,1.7629368684,0.0682434339,0.0053581918,0.0020451196,,0.0684564069,2.3678126413,,,0.5269870174,2.5424110127,,0.0,,,,,,,,,-0.065972107,0.0659721074,0.0506484041,0.0509588384,0.8957443612,,,,0.2363313232,0.1368180486,,,-0.065972107,,,,,,,0.2225146902,0.2502738584,,0.0038755273,1.493044229,-0.01980198,,,0.0,,,,0.1076244648,0.0583829999,0.0879699184,0.0478836461,,,,,,,,,,,,,1.4025851725,,,,1.84144837,,,,,,,,,,-1.74017732,0.0216378379,1.5224255107,0.8267543829,0.489349516,0.4834493145,0.3279097346,0.1953879573,,,,,,0.8832143333,,,19.089284326,0.2723781879,-0.163226382,-0.197080981,0.428714826,0.5822108511,0.00563053,2173005.31391134,0.79513557,0.00166912,0.79982537,0.00613239,0.00637447,0.00486974,0.01535874,-0.17730463,0.39243963,1.49879489,0.01390201,-0.09789296,0.01102804,0.41863971,0.02503675,0.04321153,0.02067257,0.11559785,0.00691757,0.01109956,0.72543381,0.89653202,0.25500563,0.3885438012,1.9868266364,269,1.5770543081,1.591293362,1.2037508464,0.7814684304
20060731,20060731,208226.0,01W,NLD,0.105135,2006,7,20060630,20060630,1351.565233,38.312258867,1351.565233,0.0474555023,0.0236530603,0.0273946654,0.0517051325,-0.061126068,0.0640077483,0.0094390915,0.0528953277,-0.029068049,1.9943337804,0.018952448,0.0083357086,-0.001691327,,0.0684564069,2.3678126413,,,0.5269870174,2.5424110127,,0.0,,,,,,,,,-0.065972107,0.0659721074,0.0506484041,0.0509588384,0.8957443612,,,,0.2363313232,0.1368180486,,,-0.065972107,,,,,,,0.2225146902,0.2502738584,,0.0038755273,1.493044229,-0.01980198,,,0.0,,,,0.1076244648,0.0583829999,0.0879699184,0.0478836461,,,,,,,,,,,,,1.4025851725,,,,1.84144837,,,,,,,,,,-1.74017732,0.0216378379,1.4475782837,0.7861085368,0.4652915545,0.4596814254,0.3117886606,0.1857820707,,,,,,0.853467024,,,19.101282543,0.264215703,-0.496251917,-0.390059188,0.4297547315,0.5583578792,0.0057926,2128628.20821122,0.78128762,0.00161297,0.78570201,0.00612854,0.00642889,0.0088427,0.02422331,-0.83377999,0.15340491,1.08992828,0.02166694,-1.20472431,0.01681785,-0.54027865,0.04303398,0.08855539,0.03317758,0.14861972,0.00839431,0.01298212,0.84823017,0.94288733,0.27047155,0.4369717945,2.7996549843,270,1.5214994676,1.5902915945,1.1996396019,0.6810815188
20060831,20060831,208226.0,01W,NLD,0.007012,2006,8,20060731,20060731,1493.6621106,42.340220096,1493.6621106,0.0429409079,0.0236530603,0.0273946654,0.1051350494,-0.004294613,0.0553282699,0.0901320517,0.0867390547,-0.028849606,1.9757968322,-0.000301696,0.0179208672,0.011322556,,0.1524446087,2.6008719681,,,0.3561873951,2.5424110127,,0.0,,,,,,,,,-0.020904824,0.020904824,0.0514444589,0.0901557641,0.8957443612,,,,0.2397450295,0.1368180486,,,-0.020904824,,,,,,,0.2320719737,0.2476184444,,0.0072443122,1.493044229,-0.01980198,,,0.0,,,,0.0307772342,0.0167136015,0.015514127,0.0086885833,,,,,,,,,,,,,1.4030734629,,,,1.8473372679,,,,,,,,,,-1.74017732,0.0216378379,1.388227719,0.7514749705,0.4735987568,0.4635420018,0.3008606126,0.180162389,,,,,,0.8301893426,,,19.316598507,0.2705515919,-0.370345815,-0.154756009,0.3897364996,0.425,0.00554733,2110330.96839381,0.75110732,0.00156768,0.75870916,0.00602992,0.00631523,0.00784217,0.01584655,0.68980304,-0.45634745,0.60743934,0.01624573,0.53969117,0.0145848,0.97577799,0.03230871,0.04636364,0.01991138,0.20068421,0.00863846,0.01341321,0.88582188,0.99312468,0.29575862,0.4742811862,2.0181422074,271,1.5164261891,1.6123925032,1.1869127621,0.4523595829
20060929,20060930,208226.0,01W,NLD,0.108097,2006,9,20060831,20060831,1504.1352701,42.637098404,1504.1352701,0.0426419142,0.0236530603,0.0273946654,0.0070117328,0.1622762036,0.0931123929,0.2603923302,0.2013558628,0.0300747636,1.8808130523,0.0239581495,0.0163802839,-0.003947974,,0.1524446087,2.6008719681,,,0.3561873951,2.5424110127,,0.0,,,,,,,,,-0.020904824,0.020904824,0.0514444589,0.0901557641,0.8957443612,,,,0.2397450295,0.1368180486,,,-0.020904824,,,,,,,0.2320719737,0.2476184444,,0.0072443122,1.493044229,-0.01980198,,,0.0,,,,0.0307772342,0.0167136015,0.015514127,0.0086885833,,,,,,,,,,,,,1.4030734629,,,,1.8473372679,,,,,,,,,,-1.74017732,0.0216378379,1.3785616134,0.7462425174,0.470301131,0.4603144002,0.2987657471,0.1789079344,,,,,,0.826230925,,,19.31671503,0.2677311001,-0.05887346,0.0696690902,0.3940473714,0.5448133608,0.00566914,2155212.4429655,0.75130668,0.0015776,0.76683107,0.00584456,0.00631186,0.00331362,0.01363906,-0.03335742,0.07796686,0.57725468,0.01405738,-0.3612447,0.0125164,-0.19267379,0.01785609,0.02595853,0.01413237,-0.23511832,0.0089883,0.01361207,0.8786735,0.98624417,0.29426827,0.4710200811,1.1084629766,272,1.5164261891,1.6123925032,1.1869127621,0.5714015784
20061031,20061031,208226.0,01W,NLD,0.05233,2006,10,20060929,20060930,1666.7285151,47.246061655,1666.7285151,0.0384820962,0.0236530603,0.0273946654,0.1080974884,0.112883961,0.0988822479,0.245342092,0.1814735296,0.0733086942,2.0403665665,-0.026143418,0.0285840027,,,0.1524446087,2.6008719681,,,0.3561873951,2.5424110127,,0.0,,,,,,,,,-0.020904824,0.020904824,0.0514444589,0.0901557641,0.8957443612,,,,0.2397450295,0.1368180486,,,-0.020904824,,,,,,,0.2320719737,0.2476184444,,0.0072443122,1.493044229,-0.01980198,,,0.0,,,,0.0307772342,0.0167136015,0.015514127,0.0086885833,,,,,,,,,,,,,1.4030734629,,,,1.8473372679,,,,,,,,,,-1.74017732,0.0216378379,1.2440797202,0.6734448234,0.4244221613,0.4154096594,0.2696204532,0.1614550491,,,,,,0.769285751,,,19.318336185,0.2595687426,-0.155919871,0.0988402348,0.3953190813,0.5294577685,0.00576332,2094266.84732207,0.75207446,0.00150335,0.7709511,0.00586759,0.00618065,0.00402887,0.01512998,0.64520456,-0.40958926,1.38992237,0.0147083,1.35975745,0.01234275,0.07997512,0.02517518,0.0444545,0.01536967,0.83119214,0.00953258,0.01406721,0.87348265,1.0,0.2777954,0.4511415785,1.5356020867,273,1.4866306907,1.6115159583,1.1825341842,0.4435035539
20061130,20061130,208226.0,01W,NLD,0.016457,2006,11,20061031,20061031,1753.9491244,49.718468077,1753.9491244,0.0365684535,0.0236530603,0.0273946654,0.0523304236,0.1158671719,0.2278878747,0.301413855,0.3443333191,0.1040222717,,-0.044152277,0.0373551573,0.0660328442,0.0201118568,0.249984089,0.5834454065,,,0.4121571753,3.8094534641,,0.0,,,,,,,,,0.0567084879,-0.056708488,0.0016042642,0.1034182804,0.8972973593,,,,0.2254329133,0.1740691706,,,0.0567084879,,,,,,,0.2049472423,0.193992737,,0.0404884135,1.0834807981,-0.272727273,,,0.0,,,,0.1171574788,0.0634196478,-0.001810184,0.0015634334,,,,,,,-0.236492869,,,,,,1.2353170006,,,,1.8227505809,,,,,,,,,,1.630123632,0.0210571667,1.3790157636,0.7565575773,0.4691940317,0.4691940317,0.2543643691,0.1705529787,,,,,,0.8924659389,,,13.792237421,0.2609265686,0.0461368637,0.5320236975,0.4155311997,0.7888486312,0.00601803,1964001.67867445,0.6735737,0.0013611,0.68792698,0.00599404,0.00619025,0.00389134,0.01114014,0.42015362,-0.11432766,1.69096993,0.01092532,1.06533729,0.00987879,0.60203803,0.01868859,0.03370743,0.01187789,0.67673793,0.00918091,0.01419428,0.89749624,1.0,0.28050673,0.4690617434,1.1354092832,274,1.374432148,1.6115159583,1.5442505229,-0.28968273
20061229,20061231,208226.0,01W,NLD,0.028866,2006,12,20061130,20061130,1709.2963803,48.452715267,1709.2963803,0.0422365191,0.0236530603,0.0187338237,0.0164573636,0.1660846994,0.3648155866,0.2835992228,0.4800295249,0.1454062328,1.8024273594,0.0191816951,0.0371074908,0.0385426459,0.0211266852,0.249984089,0.5834454065,,,0.4121571753,3.8094534641,,0.0,,,,,,,,,0.0567084879,-0.056708488,0.0016042642,0.1034182804,0.8972973593,,,,0.2254329133,0.1740691706,,,0.0567084879,,,,,,,0.2049472423,0.193992737,,0.0404884135,1.0834807981,-0.272727273,,,0.0,,,,0.1171574788,0.0634196478,-0.001810184,0.0015634334,,,,,,,-0.236492869,,,,,,1.2353170006,,,,1.8227505809,,,,,,,,,,1.630123632,0.0210571667,1.4150404335,0.7763214827,0.4814510056,0.4814510056,0.2610092478,0.1750084135,,,,,,0.9082034169,,,13.647484797,0.262102563,0.2591573098,0.9845209719,0.3762668449,0.8584175084,0.00473705,2284061.03618332,0.77166185,0.00147759,0.7035501,0.00575347,0.00610169,0.00403369,0.01522263,-0.522999,-0.44580078,0.40990488,0.01518554,-0.26499396,0.01598965,-0.16985453,0.01974853,0.02229078,0.01623678,-0.76550129,0.00807461,0.0145186,0.92459719,0.96435636,0.28265599,0.4841033388,1.1756700992,275,1.4051288542,1.6132563913,1.5457468529,-0.295573532
20070131,20070131,208226.0,01W,NLD,0.098969,2007,1,20061229,20061231,1758.6364018,49.851336387,1758.6364018,0.0410515381,0.0023707328,0.0397435576,0.0288656913,0.069649008,0.319073959,0.3024780732,0.4760733205,0.0640077483,1.8568037708,0.0603548126,0.0342448434,0.000249031,0.0250488117,0.249984089,0.5834454065,,,0.4121571753,3.8094534641,,0.0,,,,,,,,,0.0567084879,-0.056708488,0.0016042642,0.1034182804,0.8972973593,,,,0.2254329133,0.1740691706,,,0.0567084879,,,,,,,0.2049472423,0.193992737,,0.0404884135,1.0834807981,-0.272727273,,,0.0,,,,0.1171574788,0.0634196478,-0.001810184,0.0015634334,,,,,,,-0.236492869,,,,,,1.2353170006,,,,1.8227505809,,,,,,,,,,1.630123632,0.0210571667,1.3753402855,0.7545411314,0.4679434932,0.4679434932,0.2536864141,0.1700984054,,,,,,0.8908455214,,,13.807006054,0.261786477,0.2769484297,0.7005679752,0.4692485865,0.8507032212,0.00483775,2691448.990307,0.87666843,0.00164562,0.8004877,0.00557001,0.00602481,0.00711848,0.01622203,-1.69307328,0.18198583,1.86196998,0.01681076,-1.76711964,0.01026312,-0.50736138,0.01644554,0.02598877,0.01668171,-1.63195262,0.00631862,0.01506266,0.93777229,0.94628632,0.28595481,0.5080205063,0.9497407463,276,1.4051288542,1.6141078948,1.5457468529,-0.342865297
20070228,20070228,208226.0,01W,NLD,0.015251,2007,2,20070131,20070131,1932.6860819,54.785050451,1932.6860819,0.0373546071,0.0023707328,0.0397435576,0.0989685417,0.045798108,0.2280399046,0.3513215072,0.4322386989,0.0553282699,1.9745437679,0.0669353557,0.0371569512,0.040626297,0.0223320497,0.2440687934,0.4153676516,,,0.2371776723,3.8094534641,,0.0,,,,,,,,,0.0516099067,-0.051609907,-0.003221114,0.1341832486,0.8972973593,,,,0.2109785137,0.1740691706,,,0.0516099067,,,,,,,0.1994798104,0.2057757503,,0.0061687778,1.0834807981,-0.272727273,,,0.0,,,,0.0043786542,0.0024022235,-0.010825228,-0.006058689,,,,,,,-0.973885351,,,,,,1.2248407828,,,,1.7536846693,,,,,,,,,,1.630123632,0.0210571667,1.19884839,0.6836168502,0.3719463257,0.3645508963,0.2156875044,0.144228467,,,,,,0.768141188,,,13.968529844,0.2613561645,0.168519991,0.2917549327,0.5175195078,0.4934968413,0.00408422,3465009.84651737,0.93277417,0.00200195,0.86748412,0.00521634,0.00574615,0.00565152,0.01352413,0.67414248,0.56742494,1.72684091,0.01322777,0.61592542,0.01101705,0.34205229,0.02728372,0.06399765,0.01890536,1.16508292,0.00525188,0.01530445,0.97243178,0.97751884,0.29057897,0.5361920156,1.5321372233,277,1.3525284963,1.5409802273,1.5746039432,-0.187884557
20070330,20070331,208226.0,01W,NLD,0.053215,2007,3,20070228,20070228,1962.1618507,55.620587839,1962.1618507,0.0367934629,0.0,0.0421114846,0.0152511932,0.1306910283,0.3401802375,0.5685814914,0.4752395878,0.0931123929,2.0334646752,0.0017242584,0.0383866725,0.0093975385,0.0256420224,0.2440687934,0.4153676516,,,0.2371776723,3.8094534641,,0.0,,,,,,,,,0.0516099067,-0.051609907,-0.003221114,0.1341832486,0.8972973593,,,,0.2109785137,0.1740691706,,,0.0516099067,,,,,,,0.1994798104,0.2057757503,,0.0061687778,1.0834807981,-0.272727273,,,0.0,,,,0.0043786542,0.0024022235,-0.010825228,-0.006058689,,,,,,,-0.973885351,,,,,,1.2248407828,,,,1.7536846693,,,,,,,,,,1.630123632,0.0210571667,1.1808391835,0.6733474975,0.3663589151,0.3590745805,0.2124474277,0.1420618542,,,,,,0.7596507894,,,14.049120396,0.2636263623,0.3042859922,0.7386471447,0.5898691684,0.5349200625,0.00437629,4211366.05011474,0.82645498,0.00232492,0.78464221,0.00502504,0.00552542,0.00350123,0.01341462,0.231685,-0.33658741,1.82270021,0.01175774,0.60132711,0.01256985,0.19626252,0.01871982,0.02818325,0.01614837,-0.9661344,0.00403698,0.01517087,1.03594832,0.95572845,0.29632282,0.5372129094,1.0466731551,278,1.3494801867,1.5409802273,1.5733494753,-0.211370127
20070430,20070430,208226.0,01W,NLD,-0.0109,2007,4,20070330,20070331,2066.578186,58.580434369,2066.578186,0.0349344292,0.0,0.0421114846,0.0532149451,0.1157291232,0.2278879786,0.5142117134,0.4951607083,0.0988822479,2.0369596771,-0.008322597,0.0439809945,0.0140462248,0.0252456147,0.2440687934,0.4153676516,,,0.2371776723,3.8094534641,,0.0,,,,,,,,,0.0516099067,-0.051609907,-0.003221114,0.1341832486,0.8972973593,,,,0.2109785137,0.1740691706,,,0.0516099067,,,,,,,0.1994798104,0.2057757503,,0.0061687778,1.0834807981,-0.272727273,,,0.0,,,,0.0043786542,0.0024022235,-0.010825228,-0.006058689,,,,,,,-0.973885351,,,,,,1.2248407828,,,,1.7536846693,,,,,,,,,,1.630123632,0.0210571667,1.121175871,0.6393258096,0.3478481926,0.3409319078,0.2017132672,0.134884009,,,,,,0.7310272145,,,14.316111577,0.2868566025,0.4459500532,0.6066138632,0.5900014102,0.5606850776,0.00393197,5019745.77384378,0.71113581,0.00269487,0.68906719,0.00472731,0.00532178,0.01094964,0.01620228,0.29766062,-0.362166,1.75797791,0.01375754,0.4708761,0.0148789,0.51332217,0.03279553,0.03846638,0.02558975,-0.55116728,0.00347606,0.01581236,1.18228405,1.0,0.32107655,0.6039580181,1.7088489872,279,1.3216558529,1.5409802273,1.5733494753,-0.352283544
20070531,20070531,208226.0,01W,NLD,0.013748,2007,5,20070430,20070430,2044.0514921,57.941879525,2044.0514921,0.0353194279,0.0,0.0421114846,-0.01090048,0.0692777297,0.2289200626,0.4430728693,0.5879413994,0.2278878747,1.8474828472,-0.053246622,0.0478306438,0.0548893246,0.0200328768,0.3458549685,0.0659421232,,,0.2611107075,3.8094534641,,0.0,,,,,,,,,0.1013767294,-0.101376729,-0.020376666,0.1499393291,0.8972973593,,,,0.2207229116,0.1740691706,,,0.1013767294,,,,,,,0.1957405115,0.192200273,,0.0060787108,1.0834807981,-0.272727273,,,0.0,,,,0.1147758542,0.0654483991,0.0071513894,0.0070653992,,,,,,,0.3593772571,,,,,,1.148104622,,,,1.8068868804,,,,,,,,,,1.630123632,0.0210571667,1.2882065443,0.7129425523,0.4382536801,0.4304230451,0.2197551799,0.157362756,,,,,,0.7993198945,,,12.565702759,0.265860344,0.5742255873,0.632235319,0.6636543224,0.9397523982,0.00449631,5722247.35893435,0.61865648,0.00299108,0.61196072,0.00455251,0.00525749,0.00436898,0.0102876,-0.19540446,-0.44242004,0.99142267,0.01018818,-0.30288451,0.01013884,-0.09603141,0.01343526,0.01740557,0.01246732,-0.52733295,0.00308436,0.01573476,1.12218604,0.9560842,0.32081738,0.6045719239,0.7027786196,280,1.1317075173,1.5449745587,1.2145153844,-0.64879858
20070629,20070630,208226.0,01W,NLD,-0.118883,2007,6,20070531,20070531,2072.1538573,58.738485611,2072.1538573,0.034840429,0.0,0.0421114846,0.0137483646,0.0417343969,0.1958438078,0.4174042229,0.6589664343,0.3648155866,1.4352707546,0.0517051325,0.0443800285,0.0226831187,0.0193185651,0.3458549685,0.0659421232,,,0.2611107075,3.8094534641,,0.0,,,,,,,,,0.1013767294,-0.101376729,-0.020376666,0.1499393291,0.8972973593,,,,0.2207229116,0.1740691706,,,0.1013767294,,,,,,,0.1957405115,0.192200273,,0.0060787108,1.0834807981,-0.272727273,,,0.0,,,,0.1147758542,0.0654483991,0.0071513894,0.0070653992,,,,,,,0.3593772571,,,,,,1.148104622,,,,1.8068868804,,,,,,,,,,1.630123632,0.0210571667,1.2707360024,0.7032736892,0.4323101229,0.4245856863,0.2167748798,0.1552286164,,,,,,0.7917104505,,,12.657484759,0.2701539302,0.5292109542,0.1955948414,0.6696474731,0.9126847291,0.00399937,6283143.58001282,0.58642121,0.00320704,0.5869227,0.00442344,0.00508551,0.00583625,0.01313711,-0.01446758,0.67716564,-0.06669433,0.01071891,-0.8165677,0.01383135,-0.36500478,0.01969865,0.04242323,0.01510654,0.45222924,0.0025143,0.01555654,1.1798891,0.96922879,0.32275342,0.6381577222,1.0566962558,281,1.1041048949,1.5449745587,1.2145153844,-0.764655469
20070731,20070731,208226.0,01W,NLD,-0.040685,2007,7,20070629,20070630,1825.8099105,51.755475966,1825.8099105,0.0395412079,0.0,0.0421114846,-0.118883038,0.002698021,0.1782730388,0.2967191316,0.5990931847,0.319073959,1.6003167865,0.1051350494,0.0240147478,-0.003278151,0.0231958013,0.3458549685,0.0659421232,,,0.2611107075,3.8094534641,,0.0,,,,,,,,,0.1013767294,-0.101376729,-0.020376666,0.1499393291,0.8972973593,,,,0.2207229116,0.1740691706,,,0.1013767294,,,,,,,0.1957405115,0.192200273,,0.0060787108,1.0834807981,-0.272727273,,,0.0,,,,0.1147758542,0.0654483991,0.0071513894,0.0070653992,,,,,,,0.3593772571,,,,,,1.148104622,,,,1.8068868804,,,,,,,,,,1.630123632,0.0210571667,1.4421876526,0.7981615608,0.4906387481,0.4818721065,0.2460228202,0.1761725436,,,,,,0.863794967,,,11.756758525,0.2770806365,0.5984287057,0.3455261784,0.6755590843,0.8779158215,0.00413721,6659055.55705692,0.56208832,0.00339318,0.56828893,0.00434621,0.00496214,0.0042286,0.01400866,0.01614487,0.00717339,1.40671608,0.01215336,0.28429583,0.01138328,0.85583099,0.01278553,0.01853447,0.01631777,-0.61907636,0.00230404,0.01453118,1.28380646,0.85400393,0.33103666,0.6667824561,0.759430553,282,1.1041048949,1.5449745587,1.2145153844,-0.787826847
20070831,20070831,208226.0,01W,NLD,0.058576,2007,8,20070731,20070731,1751.5270775,49.649811321,1751.5270775,0.0412181634,0.0,0.0421114846,-0.040684867,-0.106769121,-0.055299292,0.0857437888,0.2749465586,0.2280399046,1.9100571077,0.0070117328,0.0196786933,0.00308225,0.025290952,0.288143068,-0.018335035,,,0.409075665,3.8094534641,,0.0,,,,,,,,,0.0752549605,-0.075254961,-0.023279267,0.1357297972,0.8972973593,,,,0.2087115099,0.1740691706,,,0.0752549605,,,,,,,0.1859579439,0.1851317423,,0.0039393622,1.0834807981,-0.272727273,8.0,,0.0,,,,0.0143940665,0.0079662245,-0.016383168,-0.008747377,,,,,,,-1.067666629,,,,,,1.149197051,,,,1.7986829002,,,,,,,,,,1.630123632,0.0210571667,1.5249665633,0.8478240179,0.5186354537,0.512628058,0.2518628632,0.1769506309,,,,,,0.8993962982,,,11.486644297,0.3040646567,0.1283456712,-0.380043498,0.6965424212,0.3799019608,0.00434507,6570930.71105184,0.5358086,0.00336833,0.53947015,0.00438722,0.00488095,0.0108411,0.01361334,0.25572477,0.18327586,1.10019395,0.01412388,0.04135284,0.01370651,-0.41054223,0.02483562,0.04458475,0.01945747,0.48410675,0.00235246,0.01432579,1.35381042,0.81925889,0.34399217,0.7081136145,1.4790050663,283,1.1500350626,1.4707328971,1.2061343339,-0.78146843
20070928,20070930,208226.0,01W,NLD,0.055375,2007,9,20070831,20070831,1854.1243702,52.558094207,1854.1243702,0.0389373714,0.0,0.0421114846,0.0585759101,-0.154731165,-0.107348317,0.0247064803,0.2145593621,0.3401802375,1.8767365524,0.1080974884,0.0151767316,0.0094859427,0.0244437077,0.288143068,-0.018335035,,,0.409075665,3.8094534641,,0.0,,,,,,,,,0.0752549605,-0.075254961,-0.023279267,0.1357297972,0.8972973593,,,,0.2087115099,0.1740691706,,,0.0752549605,,,,,,,0.1859579439,0.1851317423,,0.0039393622,1.0834807981,-0.272727273,8.0,,0.0,,,,0.0143940665,0.0079662245,-0.016383168,-0.008747377,,,,,,,-1.067666629,,,,,,1.149197051,,,,1.7986829002,,,,,,,,,,1.630123632,0.0210571667,1.4405830973,0.8009099865,0.4899369509,0.4842619722,0.2379261239,0.1671591326,,,,,,0.8658659878,,,11.92083796,0.2908254944,0.0823847488,-0.585465105,0.6943656903,0.3571233922,0.00345599,6950052.49278203,0.52778446,0.00364624,0.53677133,0.00414552,0.00464386,0.01171002,0.01704867,0.55081048,-0.20400252,1.15955254,0.01717927,0.06243934,0.01611746,0.82209434,0.02926493,0.04615602,0.02048823,-0.02867615,0.00240511,0.01472238,0.94084012,0.86724773,0.36299125,0.6733444789,1.6861288374,284,1.1219854269,1.4725538762,1.2061343339,-0.828123262
20071031,20071031,208226.0,01W,NLD,0.061009,2007,10,20070928,20070930,1956.7959076,55.468481675,1956.7959076,0.0368943583,0.0,0.0421114846,0.0553746766,0.0155078902,-0.102804635,0.054296595,0.1602799352,0.2278879786,2.313952891,0.0523304236,0.0154534819,0.0315062027,0.0257644451,0.288143068,-0.018335035,,,0.409075665,3.8094534641,,0.0,,,,,,,,,0.0752549605,-0.075254961,-0.023279267,0.1357297972,0.8972973593,,,,0.2087115099,0.1740691706,,,0.0752549605,,,,,,,0.1859579439,0.1851317423,,0.0039393622,1.0834807981,-0.272727273,8.0,,0.0,,,,0.0143940665,0.0079662245,-0.016383168,-0.008747377,,,,,,,-1.067666629,,,,,,1.149197051,,,,1.7986829002,,,,,,,,,,1.630123632,0.0210571667,1.3649968388,0.7588868714,0.4642303456,0.4588531286,0.2254423279,0.1583884248,,,,,,0.8347241927,,,12.309765744,0.284793012,0.0341009877,-0.52238714,0.6917971972,0.345021645,0.0037011,6965390.77339953,0.52918542,0.00366932,0.5378126,0.00409093,0.00450332,0.01015336,0.01214534,-0.04239672,-0.19578583,1.28687403,0.01257583,0.00913667,0.01261909,0.02177966,0.02398931,0.03308742,0.01850767,-0.3670025,0.00228457,0.01443075,0.94005857,0.91527129,0.39247432,0.7162596292,1.3659315149,285,1.0658861556,1.4725538762,1.2061343339,-0.851450678
20071130,20071130,208226.0,01W,NLD,-0.02335,2007,11,20071031,20071031,2076.177893,58.85255328,2076.177893,0.0347729014,0.0,0.0421114846,0.06100891,0.1171942088,-0.042687567,0.0124747758,0.1636364719,0.2289200626,2.2711130083,0.0164573636,0.0195036225,0.0497057583,0.0237967181,0.2664119379,0.1135613047,,,0.5001990216,3.309699975,,0.0,,,,,,,,,0.0833320091,-0.083332009,-0.005917424,0.1144777262,0.8921318624,,,0.240279909,0.2088948071,0.1497509323,,,0.0833320091,,,,,,,0.1812559714,0.1678573971,,0.002681295,-0.038287964,0.1463414634,8.0,,,,,,0.1128858494,0.0627602839,-0.004271629,-0.000659364,,,,,,,0.1174452377,,0.1834033393,,0.3037750796,,1.1491451871,0.1145346381,0.1448212338,,1.825860345,,,,,,,,3489.7462588,-2399.417528,0.8376608965,0.0261767791,1.4753554182,0.8080330033,0.5193181023,0.5193181023,0.2392890562,0.1687938984,0.1689792989,,,,,0.938282551,0.1406307156,,12.379370859,0.2704272879,-0.046893144,-0.363290341,0.6173910187,0.6827517266,0.00410026,6979398.3337334,0.50344232,0.00367946,0.51368839,0.00403414,0.00439165,0.006992,0.01269742,-0.2334435,-0.08183119,1.32664132,0.01253784,-0.37291959,0.01238128,-0.14294118,0.02450158,0.03118189,0.01594954,0.10421618,0.00224977,0.01453183,0.91994408,0.971111,0.42774512,0.7685077035,1.3746088865,286,1.0378365199,1.4950425318,1.2341839696,-0.962908354
20071231,20071231,208226.0,01W,NLD,-0.062388,2007,12,20071130,20071130,1941.8633262,55.045193987,1941.8633262,0.0445642691,0.0,0.0432541856,-0.023349557,0.1197619352,0.001941958,0.0581073586,0.2146389104,0.1958438078,2.0668743636,0.0288656913,0.0147567818,0.0433924227,0.0228322253,0.2664119379,0.1135613047,,,0.5001990216,3.309699975,,0.0,,,,,,,,,0.0833320091,-0.083332009,-0.005917424,0.1144777262,0.8921318624,,,0.240279909,0.2088948071,0.1497509323,,,0.0833320091,,,,,,,0.1812559714,0.1678573971,,0.002681295,-0.038287964,0.1463414634,8.0,,,,,,0.1128858494,0.0627602839,-0.004271629,-0.000659364,,,,,,,0.1174452377,,0.1834033393,,0.3037750796,,1.1491451871,0.1145346381,0.1448212338,,1.825860345,,,,,,,,3489.7462588,-2399.417528,0.8376608965,0.0261767791,1.5774026226,0.863922932,0.5552382338,0.5552382338,0.2558401725,0.1804690142,0.1806672386,,,,,0.9800118579,0.1468851453,,11.898380027,0.2693949999,0.0675201322,-0.106939573,0.6227447501,0.7345741113,0.00352231,7030871.4671126,0.47416876,0.00374151,0.48417747,0.00394212,0.00428482,0.01266707,0.02165549,0.2328796,-0.27518917,0.86057448,0.02136096,-0.2466533,0.01942715,-0.7081593,0.03516547,0.04832238,0.02802022,-0.07285156,0.00251288,0.01530391,0.98591751,0.90828673,0.44359177,0.8196059892,1.8507019555,287,0.9190550229,1.4933676167,1.2301197999,-1.12317942
20080131,20080131,208226.0,01W,NLD,0.015452,2008,1,20071231,20071231,1840.59758,51.611052361,1840.59758,0.0470161,0.0109202101,0.0323931705,-0.062387674,0.0362348223,0.1105756672,-0.018812802,0.1529956149,0.1782730388,1.9546095533,0.0989685417,8.80349e-05,0.0107419152,0.0249119694,0.2664119379,0.1135613047,,,0.5001990216,3.309699975,,0.0,,,,,,,,,0.0833320091,-0.083332009,-0.005917424,0.1144777262,0.8921318624,,,0.240279909,0.2088948071,0.1497509323,,,0.0833320091,,,,,,,0.1812559714,0.1678573971,,0.002681295,-0.038287964,0.1463414634,8.0,,,,,,0.1128858494,0.0627602839,-0.004271629,-0.000659364,,,,,,,0.1174452377,,0.1834033393,,0.3037750796,,1.1491451871,0.1145346381,0.1448212338,,1.825860345,,,,,,,,3489.7462588,-2399.417528,0.8376608965,0.0261767791,1.6641879446,0.9114541258,0.5857862551,0.5857862551,0.2699159522,0.1903980338,0.190607164,,,,,1.014012757,0.1519812337,,11.489324782,0.3288730309,0.1130591216,0.4152129561,0.4642951775,0.7742318841,0.00411642,6920021.434862,0.4423965,0.00368687,0.45346711,0.00391755,0.00422364,0.00843033,0.0148023,0.11737186,0.14722531,2.05397801,0.01353486,0.70075865,0.01357558,0.41635272,0.02320453,0.03067748,0.02129634,-0.11927624,0.00280115,0.01525667,0.90392159,0.85162083,0.46617879,0.855672007,1.199119947,288,0.8838523406,1.4651133199,1.2259887305,-1.138725341
20080229,20080229,208226.0,01W,NLD,0.059435,2008,2,20080131,20080131,1869.0377093,52.408524346,1869.0377093,0.0463006816,0.0109202101,0.0323931705,0.0154515738,-0.084280506,0.0854508579,-0.069888124,-0.016293134,-0.055299292,2.2900025839,0.0152511932,0.0001062513,0.0458072375,0.0242704003,0.426193909,0.205763163,,,0.8471148947,3.1311221231,,0.0,,,,,,,,,0.1335505479,-0.133550548,-0.00348728,0.1387268506,0.8921318624,,,0.240279909,0.1973834115,0.1497509323,,,0.1335505479,,,,,,,0.1788245828,0.1720460237,,0.0055453406,-0.038287964,0.1463414634,8.0,,,,,,0.0065669771,0.0035966481,0.0021883229,0.0011944246,,,,,,,-0.535009759,,0.1834033393,,0.3037750796,,1.1456149855,0.1145346381,0.1448212338,,1.8568315156,,,,,,,,,,0.8376608965,0.0261767791,1.7680156181,0.9521680364,0.6207320728,0.610927824,0.2689244275,0.1879421753,0.1877067986,,,,,0.9703078171,0.15051465,,11.391749111,0.27954875,-0.130861859,0.2357974697,0.4224297827,0.3250221631,0.00314084,7363984.54111678,0.39716233,0.00397509,0.41165351,0.00367527,0.00409635,0.01659571,0.02329967,0.11186503,-0.28430746,1.28037438,0.01671533,-0.98434813,0.01590315,-0.91950464,0.04132662,0.06384713,0.03051373,0.14125786,0.00282039,0.01631099,0.79520284,0.86477972,0.50070325,0.8142681312,2.0152919278,289,0.8907764068,1.3906160324,1.1452839516,-0.989749327
20080331,20080331,208226.0,01W,NLD,0.009651,2008,3,20080229,20080229,1980.124353,55.523435854,1980.124353,0.0437031744,0.0109202101,0.0323931705,0.0594352073,-0.047900088,0.0412316881,-0.068325433,-0.016098979,-0.107348317,2.1941164049,0.0532149451,0.0006717297,0.0096857402,0.0268615032,0.426193909,0.205763163,,,0.8471148947,3.1311221231,,0.0,,,,,,,,,0.1335505479,-0.133550548,-0.00348728,0.1387268506,0.8921318624,,,0.240279909,0.1973834115,0.1497509323,,,0.1335505479,,,,,,,0.1788245828,0.1720460237,,0.0055453406,-0.038287964,0.1463414634,8.0,,,,,,0.0065669771,0.0035966481,0.0021883229,0.0011944246,,,,,,,-0.535009759,,0.1834033393,,0.3037750796,,1.1456149855,0.1145346381,0.1448212338,,1.8568315156,,,,,,,,,,0.8376608965,0.0261767791,1.6688284531,0.8987506077,0.5859084808,0.5766542586,0.2538375406,0.177398461,0.1771762891,,,,,0.9357821211,0.1450475435,,11.837278673,0.3428405304,-0.164539967,0.1357484003,0.415597447,0.3976672535,0.00324641,7232265.02536841,0.36930416,0.00385841,0.37897781,0.00365189,0.00398525,0.00901458,0.01150078,0.1200991,-0.36625972,1.43931194,0.01180078,0.31882557,0.01143093,0.34574555,0.03095405,0.04480164,0.02863368,-0.944336,0.0030373,0.01637025,0.87311602,0.91617808,0.53151852,0.8657087123,1.4363293968,290,0.8059405586,1.3906160324,1.1452839516,-1.086310237
20080430,20080430,208226.0,01W,NLD,0.027613,2008,4,20080331,20080331,1999.2354046,56.059316968,1999.2354046,0.0432854079,0.0109202101,0.0323931705,0.0096514401,0.0758051486,0.045237804,0.1202245346,-0.010288083,-0.102804635,2.3585467649,-0.01090048,0.002540086,-0.002450792,0.0291367362,0.426193909,0.205763163,,,0.8471148947,3.1311221231,,0.0,,,,,,,,,0.1335505479,-0.133550548,-0.00348728,0.1387268506,0.8921318624,,,0.240279909,0.1973834115,0.1497509323,,,0.1335505479,,,,,,,0.1788245828,0.1720460237,,0.0055453406,-0.038287964,0.1463414634,8.0,,,,,,0.0065669771,0.0035966481,0.0021883229,0.0011944246,,,,,,,-0.535009759,,0.1834033393,,0.3037750796,,1.1456149855,0.1145346381,0.1448212338,,1.8568315156,,,,,,,,,,0.8376608965,0.0261767791,1.6528758211,0.8901592887,0.580307676,0.5711419166,0.2514110618,0.1757026772,0.175482629,,,,,0.9300886125,0.1441467889,,11.908934811,0.336618778,-0.239720523,0.0013394054,0.4054726368,0.4095238095,0.00354468,7296675.1061431,0.36550686,0.00387313,0.37486181,0.00360564,0.00395107,0.01264506,0.0161846,0.48438806,0.45755993,1.29287481,0.0171106,0.4033834,0.01732453,0.44316875,0.03278377,0.07605306,0.02630665,1.05203051,0.00303613,0.01631284,0.8176942,0.92502052,0.57688787,0.9283934017,1.5213186095,291,0.8480653725,1.3604561745,1.1642931385,-1.028220326
20080530,20080531,208226.0,01W,NLD,-0.036851,2008,5,20080430,20080430,2066.8785668,57.60726358,2066.8785668,0.0418687974,0.0170410032,0.0263567516,0.0276126556,0.0696602827,-0.005356275,0.1790039325,0.0102765612,-0.042687567,2.1911687471,0.0137483646,0.0038004761,0.0148256899,0.0263870867,0.3792932279,0.0192983874,,,0.7998622461,2.6591725101,,0.0,,,,,,,,,0.1289642869,-0.128964287,-0.004201415,0.1140550499,0.8921318624,,,0.240279909,0.1695392886,0.1497509323,,,0.1289642869,,,,,,,0.1461628437,0.1421708324,,0.0041955137,-0.038287964,0.1463414634,0.0,,,,,,0.0661203444,0.0356092321,-0.04865551,-0.029839167,,,,,,,-1.724441559,,0.1834033393,,0.3037750796,,1.1020488692,0.1145346381,0.1448212338,,1.9406071931,,,,,,,,,,0.8376608965,0.0261767791,1.7571910205,0.905485163,0.6600283942,0.6526560753,0.2215222369,0.1535153103,0.1697395727,,,,,0.9428103412,0.141046531,,12.057362059,0.3548476049,-0.19195116,-0.574468632,0.357319224,0.7348171153,0.00368366,7317477.89017035,0.41298867,0.00388328,0.4137228,0.00351648,0.00390628,0.01179544,0.01789588,-0.05831922,-0.1341256,0.2791715,0.01174994,0.50028205,0.01041075,0.36757492,0.02770284,0.03492935,0.01941169,-0.0799402,0.00314171,0.01675658,0.82700811,0.96477409,0.58328198,0.9507115258,1.2657071457,292,0.5217939321,1.1380335783,1.2175191749,-1.351852739
20080630,20080630,208226.0,01W,NLD,-0.140639,2008,6,20080530,20080531,1990.7113064,55.484358289,1990.7113064,0.0434707532,0.0170410032,0.0263567516,-0.036851348,0.0375305975,0.0465448372,0.1445181687,0.0240933709,0.001941958,1.9322729711,-0.118883038,0.0112579026,0.0393714468,0.0221214336,0.3792932279,0.0192983874,,,0.7998622461,2.6591725101,,0.0,,,,,,,,,0.1289642869,-0.128964287,-0.004201415,0.1140550499,0.8921318624,,,0.240279909,0.1695392886,0.1497509323,,,0.1289642869,,,,,,,0.1461628437,0.1421708324,,0.0041955137,-0.038287964,0.1463414634,0.0,,,,,,0.0661203444,0.0356092321,-0.04865551,-0.029839167,,,,,,,-1.724441559,,0.1834033393,,0.3037750796,,1.1020488692,0.1145346381,0.1448212338,,1.9406071931,,,,,,,,,,0.8376608965,0.0261767791,1.8244234844,0.9401302288,0.6852819578,0.6776275641,0.2299979721,0.1593890101,0.1762340344,,,,,0.9643128353,0.1445471663,,11.778973728,0.2981635679,-0.19348391,-0.43287505,0.3440656566,0.7260529372,0.00396441,7040111.59981472,0.44963423,0.00369715,0.45709312,0.003583,0.00390205,0.01002052,0.01199163,0.21215673,-0.39521743,0.83655598,0.01161806,0.38341924,0.01280427,0.04177086,0.01514892,0.01983061,0.01272183,-0.29665113,0.00297356,0.01676214,0.87836134,0.92922086,0.58861865,0.9522806002,0.6950074606,293,0.5798335076,1.099316484,1.2340046444,-1.294423391
20080731,20080731,208226.0,01W,NLD,-0.008779,2008,7,20080630,20080630,1710.7406051,47.681119994,1710.7406051,0.0505849453,0.0170410032,0.0263567516,-0.140638525,-0.010256256,0.0750479936,0.0445021624,0.1194361171,0.1105756672,1.6025440768,-0.040684867,0.0021712064,0.0261289078,0.0207881879,0.3792932279,0.0192983874,,,0.7998622461,2.6591725101,,0.0,,,,,,,,,0.1289642869,-0.128964287,-0.004201415,0.1140550499,0.8921318624,,,0.240279909,0.1695392886,0.1497509323,,,0.1289642869,,,,,,,0.1461628437,0.1421708324,,0.0041955137,-0.038287964,0.1463414634,0.0,,,,,,0.0661203444,0.0356092321,-0.04865551,-0.029839167,,,,,,,-1.724441559,,0.1834033393,,0.3037750796,,1.1020488692,0.1145346381,0.1448212338,,1.9406071931,,,,,,,,,,0.8376608965,0.0261767791,2.1229989206,1.0939869377,0.7974315553,0.7885244843,0.2676382159,0.1854737671,0.2050755584,,,,,1.0525499866,0.1590577007,,10.542667446,0.4583356148,0.0991289539,0.0229455887,0.3399950523,0.801260093,0.00306795,7407148.42101295,0.62729823,0.00389064,0.62973664,0.00342423,0.0037787,0.00572769,0.02021483,0.3667294,0.11439988,2.05817031,0.01712572,0.03670545,0.01970035,-0.19990383,0.01624346,0.05059072,0.02132779,0.56401096,0.00278304,0.01719681,0.84280344,0.79853661,0.60334088,0.9846814356,0.7330363315,294,0.5998500562,1.1504474833,1.2296926153,-1.368390442
20080829,20080831,208226.0,01W,NLD,-0.106327,2008,8,20080731,20080731,1695.721594,47.262515753,1695.721594,0.0510329763,0.0170410032,0.0263567516,-0.008779245,-0.172307153,-0.090202966,-0.154008123,0.0027990176,0.0854508579,1.5766648211,0.0585759101,-0.00395199,0.0001662557,0.02292945,0.4820027834,0.0051764177,,,1.0223609526,2.5531477156,,0.0,,,,,,,,,0.1540676268,-0.154067627,-0.00585998,0.1388188271,0.8921318624,,,0.240279909,0.1474750552,0.1497509323,,,0.1540676268,,,,,,,0.1337746543,0.1254896383,,0.0048468202,-0.038287964,0.1463414634,0.0,,,,,,0.0019856328,0.0010232018,-0.012408434,-0.006943023,,,,,,,-0.979063143,,0.1834033393,,0.3037750796,,1.0768061708,0.1145346381,0.1448212338,,1.9456713341,,,,,,,,,,0.8376608965,0.0261767791,2.3343804942,1.1997815116,0.8953559908,0.8840416684,0.2614982171,0.1769378447,0.2068919132,,,,,1.1060387968,0.1599188974,,9.9904436896,0.4671562311,-0.074443536,-0.679180469,0.3248990196,0.4933363971,0.00290538,7220530.15111284,0.63551305,0.00381727,0.63233765,0.00336364,0.00359995,0.01173102,0.02134558,0.18730368,0.22727488,0.82964985,0.01760425,0.49524142,0.01946884,-0.60542485,0.03784987,0.04205231,0.02511512,0.50195253,0.00282238,0.01784933,0.70978629,0.79152606,0.6106872,0.9875206508,1.6727083067,295,0.6202162463,1.2195799089,1.2555597182,-1.363139121
20080930,20080930,208226.0,01W,NLD,0.014496,2008,9,20080829,20080831,1515.4197901,42.237211554,1515.4197901,0.0571047841,0.0170410032,0.0263567516,-0.10632748,-0.14818307,-0.148782581,-0.141387062,-0.061007161,0.0412316881,1.7905275135,0.0553746766,-0.018652186,0.0460343143,0.0206034445,0.4820027834,0.0051764177,,,1.0223609526,2.5531477156,,0.0,,,,,,,,,0.1540676268,-0.154067627,-0.00585998,0.1388188271,0.8921318624,,,0.240279909,0.1474750552,0.1497509323,,,0.1540676268,,,,,,,0.1337746543,0.1254896383,,0.0048468202,-0.038287964,0.1463414634,0.0,,,,,,0.0019856328,0.0010232018,-0.012408434,-0.006943023,,,,,,,-0.979063143,,0.1834033393,,0.3037750796,,1.0768061708,0.1145346381,0.1448212338,,1.9456713341,,,,,,,,,,0.8376608965,0.0261767791,2.6121207064,1.3425292652,1.001883767,0.9892232877,0.2926107844,0.1979895775,0.2315075249,,,,,1.1721924669,0.1710360633,,8.8788442059,0.5124086113,-0.071323594,-0.373187111,0.3207045893,0.4645502646,0.0032571,6820104.54000179,0.66794405,0.00368862,0.64663356,0.00337023,0.00357157,0.01462095,0.02009596,-0.10985626,-0.09013774,0.38991762,0.01173003,0.52865448,0.01289456,0.69979084,0.01908196,0.04490155,0.02184301,-0.44384517,0.00271253,0.01803672,0.791325,0.70736509,0.60283554,1.0198133833,0.837865996,296,0.7544118028,1.238128919,1.3086735354,-1.357733918
20081031,20081031,208226.0,01W,NLD,-0.234277,2008,10,20080930,20080930,1537.3869543,42.849472108,1537.3869543,0.0562888346,0.0170410032,0.0263567516,0.0144957617,-0.11417325,-0.246562145,-0.181624679,-0.204877552,0.045237804,1.7744163771,0.06100891,-0.022880654,0.0280607614,0.0220981175,0.4820027834,0.0051764177,,,1.0223609526,2.5531477156,,0.0,,,,,,,,,0.1540676268,-0.154067627,-0.00585998,0.1388188271,0.8921318624,,,0.240279909,0.1474750552,0.1497509323,,,0.1540676268,,,,,,,0.1337746543,0.1254896383,,0.0048468202,-0.038287964,0.1463414634,0.0,,,,,,0.0019856328,0.0010232018,-0.012408434,-0.006943023,,,,,,,-0.979063143,,0.1834033393,,0.3037750796,,1.0768061708,0.1145346381,0.1448212338,,1.9456713341,,,,,,,,,,0.8376608965,0.0261767791,2.5747970617,1.3233463518,0.9875682135,0.9750886352,0.2884297751,0.1951605763,0.2281995979,,,,,1.1637123246,0.1695996049,,9.0282246065,0.3244515582,-0.253085832,-0.536824602,0.3230274823,0.3781875,0.00316006,6705546.32509336,0.68024696,0.00379566,0.64881634,0.00330808,0.00350981,0.01400746,0.01969338,0.52294699,0.04226461,0.54665177,0.01873588,0.50061688,0.01647594,0.30428469,0.03829355,0.05345639,0.02669353,0.51567721,0.0029402,0.01909174,0.53617015,0.71761889,0.59281812,0.8504381814,1.6371463119,297,0.7145752309,1.2343441182,1.3048765086,-1.252709482
20081128,20081130,208226.0,01W,NLD,-0.010434,2008,11,20081031,20081031,1177.2125696,32.810826855,1177.2125696,0.0735106999,0.0170410032,0.0263567516,-0.234276988,-0.093373016,-0.256179352,-0.182394989,-0.239734609,-0.005356275,1.9140334619,-0.023349557,-0.042055875,0.0327830016,0.0228241645,0.3005008715,-0.364750041,,,1.2286004803,0.1201130863,,0.0,,,,,,,,,0.112997681,-0.112997681,-0.013015173,0.0933026424,0.7650458688,,,0.0848682648,0.0847714148,0.0633123669,,,0.112997681,,,,,,,0.0895732681,0.0827563019,,0.0054552587,-0.378866707,0.0224719101,0.0,,,,,,0.0152618788,0.0078440169,-0.097623971,-0.054916267,,,,,,,-5.171272313,,0.0790610377,,0.1036708459,,1.0024209782,0.0437919346,0.0607927603,-0.070742704,1.9438685115,,,,,,,,,,0.3297815096,0.0384694398,3.3838957526,1.7408048603,1.2982619845,1.2982619845,0.2680878637,0.1475704909,0.1481873416,,,,,1.4095372099,0.0895095358,,6.734833688,0.5143002191,-0.383692758,-0.45623335,0.3774748818,0.5790147543,0.00313332,6613794.46356953,0.66268971,0.00405147,0.59983517,0.00320896,0.00341478,0.0222765,0.03423857,0.17943886,-0.14459632,0.89730478,0.03022413,0.21932354,0.03050482,-0.05759892,0.06652875,0.07620808,0.05408984,0.14656329,0.00401962,0.02128975,0.65294449,0.5494973,0.66229136,0.7745129993,2.3767890035,298,-1.000750351,-0.278722865,-0.20015007,-1.201578483
20081231,20081231,208226.0,01W,NLD,0.108386,2008,12,20081128,20081130,1083.2207892,30.191123233,1083.2207892,0.0741068912,0.0170410032,0.0558241093,-0.010434238,-0.223177249,-0.408647268,-0.409063464,-0.403929308,0.0465448372,1.6524118094,-0.062387674,-0.037332835,0.0336190999,0.0205587853,0.3005008715,-0.364750041,,,1.2286004803,0.1201130863,,0.0,,,,,,,,,0.112997681,-0.112997681,-0.013015173,0.0933026424,0.7650458688,,,0.0848682648,0.0847714148,0.0633123669,,,0.112997681,,,,,,,0.0895732681,0.0827563019,,0.0054552587,-0.378866707,0.0224719101,0.0,,,,,,0.0152618788,0.0078440169,-0.097623971,-0.054916267,,,,,,,-5.171272313,,0.0790610377,,0.1036708459,,1.0024209782,0.0437919346,0.0607927603,-0.070742704,1.9438685115,,,,,,,,,,0.3297815096,0.0384694398,3.6775186129,1.8918556431,1.4109130309,1.4109130309,0.291350024,0.1603752795,0.1610456547,,,,,1.4602675636,0.0927310544,,5.6416535869,0.5012312705,-0.44793789,-0.446788303,0.4444759153,0.5718469591,0.00372356,6206565.1569338,0.70591294,0.00409777,0.57701147,0.00316619,0.00341638,0.0100985,0.03308534,-0.45736873,-0.53163051,0.46223897,0.03228809,-0.59346688,0.03163066,-0.40620481,0.03857788,0.06416986,0.03594712,-0.71311101,0.00513372,0.02273376,0.61840394,0.50562397,0.65015589,0.6906268173,1.3457506878,299,-0.994191626,-0.321000226,-0.217479418,-1.111134844
20090130,20090131,208226.0,01W,NLD,-0.130282,2009,1,20081231,20081231,1203.7424041,33.463414634,1203.7424041,0.0666871291,0.0086655144,0.064093359,0.108385878,-0.242266724,-0.319049744,-0.420819364,-0.370900817,0.0750479936,1.3850743168,0.0154515738,-0.028884262,0.0387499775,0.0177038235,0.3005008715,-0.364750041,,,1.2286004803,0.1201130863,,0.0,,,,,,,,,0.112997681,-0.112997681,-0.013015173,0.0933026424,0.7650458688,,,0.0848682648,0.0847714148,0.0633123669,,,0.112997681,,,,,,,0.0895732681,0.0827563019,,0.0054552587,-0.378866707,0.0224719101,0.0,,,,,,0.0152618788,0.0078440169,-0.097623971,-0.054916267,,,,,,,-5.171272313,,0.0790610377,,0.1036708459,,1.0024209782,0.0437919346,0.0607927603,-0.070742704,1.9438685115,,,,,,,,,,0.3297815096,0.0384694398,3.3093165121,1.7024384584,1.2696489894,1.2696489894,0.2621793515,0.1443181167,0.1449213724,,,,,1.395849877,0.088640352,,7.0124978373,0.5236342257,-0.208280564,0.1187517438,0.4619732785,0.6387206045,0.0044815,5344825.18821652,0.48993251,0.00377818,0.42418339,0.00332934,0.00343799,0.01116751,0.0298535,-0.77533347,-0.18472357,0.73257875,0.03137596,-0.85371764,0.02826933,-0.54222658,0.05069159,0.06178861,0.03354671,-0.26925878,0.0061258,0.02374356,0.63127094,0.56042647,0.64078827,0.6666234576,1.7135587249,300,-0.980714791,-0.256102836,-0.253087688,-1.05372674
20090227,20090228,208226.0,01W,NLD,-0.074719,2009,2,20090130,20090131,1046.9169617,29.103748656,1046.9169617,0.0766766879,0.0086655144,0.064093359,-0.130281563,0.0968207161,-0.238559479,-0.375294149,-0.31332555,-0.090202966,1.4197352415,0.0594352073,-0.046131241,0.0381878723,0.0180855057,0.0586574876,-0.422531056,,,1.2069003727,-0.014492554,,0.0,,,,,,,,,0.0464135758,-0.046413576,-0.015095343,0.0117258115,0.7650458688,,,0.0848682648,0.0852994934,0.0633123669,,,0.0464135758,,,,,,,0.0853333289,0.0929376849,,0.0057471957,-0.378866707,0.0224719101,0.0,,,,,,0.0013978413,0.0007191028,-0.005169136,-0.002877545,,,,,,,0.1366092636,,0.0790610377,,0.1036708459,,0.9893237903,0.0437919346,0.0607927603,-0.070742704,1.9214589632,,,,,,,,,,0.3297815096,0.0384694398,3.3415456475,1.7390668817,1.2632723302,1.2440678135,0.2772456323,0.148341524,0.1666302177,,,,,1.3293424901,0.0940383045,,6.9048490934,0.5530031611,-0.135218224,0.2567720168,0.5040922619,0.5877321603,0.00318794,4804657.84686737,0.48542162,0.00367878,0.41843387,0.00339314,0.00345669,0.00821242,0.02346073,0.4100881,-0.09086609,1.14433508,0.02045814,0.68712695,0.02016252,0.36872729,0.0604461,0.07264027,0.04376804,0.53764801,0.00719366,0.02417249,0.65596782,0.48741323,0.65702718,0.6993204754,1.9574526361,301,-0.94907883,-0.267500188,-0.221451727,-1.058846146
20090331,20090331,208226.0,01W,NLD,0.008196,2009,3,20090227,20090228,968.69269131,26.929154503,968.69269131,0.0828685153,0.0086655144,0.064093359,-0.074718696,-0.036016367,-0.258969204,-0.435893728,-0.436290748,-0.148782581,1.3511352075,0.0096514401,-0.053801253,0.0225767705,0.018802161,0.0586574876,-0.422531056,,,1.2069003727,-0.014492554,,0.0,,,,,,,,,0.0464135758,-0.046413576,-0.015095343,0.0117258115,0.7650458688,,,0.0848682648,0.0852994934,0.0633123669,,,0.0464135758,,,,,,,0.0853333289,0.0929376849,,0.0057471957,-0.378866707,0.0224719101,0.0,,,,,,0.0013978413,0.0007191028,-0.005169136,-0.002877545,,,,,,,0.1366092636,,0.0790610377,,0.1036708459,,0.9893237903,0.0437919346,0.0607927603,-0.070742704,1.9214589632,,,,,,,,,,0.3297815096,0.0384694398,3.6113835151,1.8795007254,1.3652846166,1.3445292889,0.2996338856,0.1603204597,0.1800860095,,,,,1.3751289137,0.0969842436,,5.9012190256,0.5521388879,-0.283989084,0.1145404364,0.5105985401,0.5412276828,0.00299934,4653838.86530782,0.50774863,0.00387023,0.4435764,0.00334043,0.00342936,0.01123503,0.02438424,0.22200394,-0.13223681,1.06133644,0.02241266,0.39868611,0.02430741,0.14165054,0.03397719,0.04391841,0.02952214,-0.03529676,0.00765665,0.02454708,0.65855166,0.45099435,0.65716909,0.6882799038,1.0988102161,302,-0.959550459,-0.314920789,-0.243953507,-1.016500715
20090430,20090430,208226.0,01W,NLD,0.09328,2009,4,20090331,20090331,976.63175755,27.149856428,976.63175755,0.0821948749,0.0086655144,0.064093359,0.00819565,-0.195265791,-0.324135233,-0.392622311,-0.483396337,-0.246562145,1.2304871896,0.0276126556,-0.055566436,-0.015420454,0.0210152613,0.0586574876,-0.422531056,,,1.2069003727,-0.014492554,,0.0,,,,,,,,,0.0464135758,-0.046413576,-0.015095343,0.0117258115,0.7650458688,,,0.0848682648,0.0852994934,0.0633123669,,,0.0464135758,,,,,,,0.0853333289,0.0929376849,,0.0057471957,-0.378866707,0.0224719101,0.0,,,,,,0.0013978413,0.0007191028,-0.005169136,-0.002877545,,,,,,,0.1366092636,,0.0790610377,,0.1036708459,,0.9893237903,0.0437919346,0.0607927603,-0.070742704,1.9214589632,,,,,,,,,,0.3297815096,0.0384694398,3.5820264798,1.8642222126,1.3541861807,1.3335995736,0.2971981535,0.1590172103,0.1786220854,,,,,1.3703386915,0.0966768679,,6.0104090499,0.5609244615,-0.141909928,0.1165733038,0.510224891,0.5612636835,0.00329086,4172711.36705555,0.44564995,0.00384533,0.42156307,0.003362,0.00340578,0.01823778,0.0203261,-0.0645322,-0.13623718,0.76984553,0.02113581,-0.07889778,0.02036224,0.35827127,0.04665671,0.06867732,0.03504765,0.0501063,0.00831712,0.02460756,0.67729429,0.45469054,0.66220199,0.6827106967,1.4774429849,303,-0.814152342,-0.256102836,-0.207529028,-0.948354066
20090529,20090531,208226.0,01W,NLD,0.081467,2009,5,20090430,20090430,1067.7317539,29.682389088,1067.7317539,0.0751819217,0.002595127,0.0701297778,0.0932797809,-0.067135414,-0.110116965,-0.382220821,-0.493157696,-0.256179352,1.483790221,-0.036851348,-0.043736333,-0.007550737,0.0226816158,-0.0991381,-0.364750041,,,1.1852540444,0.1201130863,,0.0,,,,,,,,,0.0030705333,-0.003070533,-0.023104843,-0.106440118,0.7650458688,,,0.0848682648,-0.086852745,0.0633123669,,,0.0030705333,,,,,,,0.0895732681,0.0827563019,,0.0042935044,-0.378866707,0.0224719101,0.0,,,,,,-0.093335127,-0.048575134,-0.159455471,-0.084184366,,,,,,,-4.901906704,,0.0790610377,,0.1036708459,,1.0024209782,0.0437919346,0.0607927603,-0.070742704,2.1479020918,,,,,,,,,,0.3297815096,0.0384694398,3.0642909475,1.4266436814,1.2870693714,1.2739128248,0.2955764889,-0.123907919,0.1633818612,,,,,1.1876253464,0.0932843211,,5.4430354322,0.5666153231,-0.244874457,0.0352535877,0.5860884662,0.4208333333,0.00368302,3817092.38281715,0.37788382,0.00369937,0.42297804,0.00347404,0.00340733,0.01503214,0.02485956,0.14184356,0.37025498,0.87335805,0.02543973,-0.11863345,0.02436231,-0.20781145,0.05482299,0.089317,0.03624178,0.60609368,0.00824814,0.02525221,0.67837356,0.50025235,0.66864822,0.6969683043,1.6719804708,304,-0.650470697,-0.882750621,0.5899617953,-1.05372674
20090630,20090630,208226.0,01W,NLD,-0.040971,2009,6,20090529,20090531,1154.7167067,32.100525669,1154.7167067,0.0695184582,0.002595127,0.0701297778,0.0814670468,0.1022399193,-0.016850454,-0.244236037,-0.424678173,-0.408647268,1.3189371815,-0.140638525,-0.023544918,0.0114632046,0.0193969358,-0.0991381,-0.364750041,,,1.1852540444,0.1201130863,,0.0,,,,,,,,,0.0030705333,-0.003070533,-0.023104843,-0.106440118,0.7650458688,,,0.0848682648,-0.086852745,0.0633123669,,,0.0030705333,,,,,,,0.0895732681,0.0827563019,,0.0042935044,-0.378866707,0.0224719101,0.0,,,,,,-0.093335127,-0.048575134,-0.159455471,-0.084184366,,,,,,,-4.901906704,,0.0790610377,,0.1036708459,,1.0024209782,0.0437919346,0.0607927603,-0.070742704,2.1479020918,,,,,,,,,,0.3297815096,0.0384694398,2.8334575303,1.3191744359,1.190114276,1.1779488137,0.2733106753,-0.11457392,0.1510742853,,,,,1.1465481805,0.0902600236,,6.4893932966,0.5552290585,-0.281003437,-0.337615085,0.5924531173,0.4295051354,0.00425163,3855889.49613344,0.41613237,0.00370736,0.45358103,0.00358712,0.00344573,0.00982593,0.02175977,0.20723854,-0.39530989,1.08524435,0.01865831,1.85455732,0.01802079,0.98933863,0.03511975,0.07065001,0.027457,-0.12754729,0.00788404,0.02578655,0.67872998,0.57275084,0.66992,0.7025887988,1.046644111,305,-0.671462335,-0.876141282,0.5798992894,-1.075073909
20090731,20090731,208226.0,01W,NLD,0.097914,2009,7,20090630,20090630,1107.4069047,30.785337705,1107.4069047,0.0724883733,0.002595127,0.0701297778,-0.040970917,0.182346056,-0.040727731,-0.194344765,-0.275983838,-0.319049744,0.9073789425,-0.008779245,-0.026471433,0.0237201388,0.014068446,-0.0991381,-0.364750041,,,1.1852540444,0.1201130863,,0.0,,,,,,,,,0.0030705333,-0.003070533,-0.023104843,-0.106440118,0.7650458688,,,0.0848682648,-0.086852745,0.0633123669,,,0.0030705333,,,,,,,0.0895732681,0.0827563019,,0.0042935044,-0.378866707,0.0224719101,0.0,,,,,,-0.093335127,-0.048575134,-0.159455471,-0.084184366,,,,,,,-4.901906704,,0.0790610377,,0.1036708459,,1.0024209782,0.0437919346,0.0607927603,-0.070742704,2.1479020918,,,,,,,,,,0.3297815096,0.0384694398,2.9545063645,1.3755312105,1.2409574399,1.2282722539,0.2849868477,-0.119468661,0.1575283669,,,,,1.1685302188,0.0918801335,,5.9406841837,0.5550123406,-0.154088835,-0.689977224,0.6152626812,0.4458204334,0.00414022,3963292.75037913,0.41128137,0.00383714,0.43360917,0.00361446,0.00355671,0.00701549,0.01572639,1.03093573,-0.2454291,0.01138209,0.01559691,0.83837968,0.01411964,0.5416376,0.0211161,0.0353548,0.01723697,0.28386095,0.00709061,0.02555418,0.70894415,0.63553517,0.66545047,0.6843421509,0.6345590374,306,-0.64094132,-0.909500639,0.5798992894,-0.974697234
20090831,20090831,208226.0,01W,NLD,0.175027,2009,8,20090731,20090731,1215.8380809,33.799668178,1215.8380809,0.0660236971,0.002595127,0.0701297778,0.0979144845,0.0371583505,0.0577791222,0.009042159,-0.299497561,-0.238559479,0.8691792962,-0.10632748,-0.007903982,0.0204482537,0.0139054999,-0.211980487,-0.364750041,,,0.8663888005,0.1201130863,,0.0,,,,,,,,,-0.063474113,0.0634741135,-0.021180114,-0.187728371,0.7650458688,,,0.0848682648,-0.094067779,0.0633123669,,,-0.063474113,,,,,,,0.0895732681,0.0827563019,,0.037779205,-0.378866707,0.0224719101,0.0,,,,,,-0.000183027,-8.5212e-05,-0.00216866,-0.001108414,,,,,,,0.4978082612,,0.0790610377,,0.1036708459,,1.0024209782,0.0437919346,0.0607927603,-0.070742704,2.1528952541,,,,,,,,,,0.3297815096,0.0384694398,2.5655910162,1.1916933773,1.0858986576,0.9889726687,0.2595710793,-0.11209995,0.1434796326,,,,,1.0963780852,0.0882496453,,7.1350707741,0.5693629167,-0.203234199,-0.593927122,0.6118255899,0.5617906683,0.00423616,3737197.8314515,0.4591297,0.00359107,0.48744022,0.00376163,0.0036767,0.00797285,0.01172368,-0.19511334,-0.09718536,0.46248188,0.0112252,0.25169358,0.01162435,0.11761675,0.02436929,0.03947147,0.0158136,-0.31178149,0.00625654,0.02499871,0.73593345,0.69776327,0.66675755,0.671574223,0.7427356,307,-0.621369766,-0.753071451,0.6835067426,-1.048528875
20090930,20090930,208226.0,01W,NLD,-0.003857,2009,9,20090831,20090831,1428.6426286,39.715524254,1428.6426286,0.0561890871,0.002595127,0.0701297778,0.175027046,0.0529319216,0.2551329145,0.119523375,-0.139403129,-0.258969204,0.6433079759,0.0144957617,0.0066897713,0.0445021646,0.0089270864,-0.211980487,-0.364750041,,,0.8663888005,0.1201130863,,0.0,,,,,,,,,-0.063474113,0.0634741135,-0.021180114,-0.187728371,0.7650458688,,,0.0848682648,-0.094067779,0.0633123669,,,-0.063474113,,,,,,,0.0895732681,0.0827563019,,0.037779205,-0.378866707,0.0224719101,0.0,,,,,,-0.000183027,-8.5212e-05,-0.00216866,-0.001108414,,,,,,,0.4978082612,,0.0790610377,,0.1036708459,,1.0024209782,0.0437919346,0.0607927603,-0.070742704,2.1528952541,,,,,,,,,,0.3297815096,0.0384694398,2.183431458,1.0141837853,0.9241477984,0.8416594938,0.220906472,-0.095402017,0.122107515,,,,,1.0077016328,0.0818985808,,8.9520722373,0.5930923737,-0.075231955,-0.57088226,0.6206909976,0.6391628899,0.00330095,4023679.35928979,0.57759654,0.00361349,0.53544966,0.0038217,0.00368033,0.00605845,0.01158147,0.53295908,0.01673838,0.10632718,0.01009714,0.28608727,0.01006507,0.9022821,0.02615696,0.03955006,0.01442881,0.14783078,0.00575493,0.02458101,0.75953923,0.87418891,0.66647751,0.661879593,0.8041238987,308,-0.579968651,-0.745270804,0.6740176217,-0.989750696
20091030,20091031,208226.0,01W,NLD,0.099501,2009,10,20090930,20090930,1423.1329521,39.562358103,1423.1329521,0.0564066239,0.002595127,0.0701297778,-0.003856581,0.2900792135,0.4628263084,0.1868341796,-0.003224422,-0.324135233,0.6829854876,-0.234276988,0.027637081,0.0407695182,0.0098099956,-0.211980487,-0.364750041,,,0.8663888005,0.1201130863,,0.0,,,,,,,,,-0.063474113,0.0634741135,-0.021180114,-0.187728371,0.7650458688,,,0.0848682648,-0.094067779,0.0633123669,,,-0.063474113,,,,,,,0.0895732681,0.0827563019,,0.037779205,-0.378866707,0.0224719101,0.0,,,,,,-0.000183027,-8.5212e-05,-0.00216866,-0.001108414,,,,,,,0.4978082612,,0.0790610377,,0.1036708459,,1.0024209782,0.0437919346,0.0607927603,-0.070742704,2.1528952541,,,,,,,,,,0.3297815096,0.0384694398,2.1918846395,1.0181102101,0.9277256479,0.8449179888,0.2217617141,-0.095771367,0.1225802557,,,,,1.0098162684,0.0820514659,,8.9118810585,0.5840644286,-0.018121836,0.0236603208,0.6388019928,0.5583363669,0.00409228,4209661.44016662,0.56294629,0.00346407,0.53474672,0.00400319,0.00379201,0.00585103,0.01109408,-0.65655793,0.22542604,1.22562952,0.01026802,-0.18276285,0.01029916,-0.3018313,0.02250779,0.02887568,0.01559165,0.373925,0.00492993,0.02402874,0.76554303,0.92520759,0.66783409,0.6775881467,0.704985528,309,-0.559232789,-0.753071451,0.6835067426,-0.995438805
20091130,20091130,208226.0,01W,NLD,-0.006682,2009,11,20091030,20091031,1564.735535,43.498836481,1564.735535,0.0513020401,0.002595127,0.0701297778,0.0995006002,0.1704954586,0.3328562598,0.3593560943,0.2967240319,-0.110116965,0.1978084291,-0.010434238,0.0376311572,0.0086999292,0.0056763413,-0.235275947,,,,0.5563209768,,,0.0,,,,,,,,,-0.081267591,0.081267591,-0.023395031,-0.197083488,,,,-0.222950788,-0.17491869,-0.091424782,,,-0.081267591,,,,,,,,,,0.0036035298,,0.064516129,0.0,,,,,,-0.05871707,-0.027273538,-0.073978949,-0.035117555,,,,,,,-0.566813996,,-0.065369062,,-0.157633087,,,-0.082929066,-0.085480588,-0.126721001,2.1024867387,,,,,,,,,,0.8953328745,0.0753553246,1.9468642533,0.9259817042,0.8185169866,0.8185169866,,-0.161971506,-0.161451634,,,,,1.0040987888,-0.091513636,,,0.5657998878,-0.04125959,0.0803115597,0.6865098039,0.3290205719,0.00419034,4319338.17689206,0.56642308,0.00333491,0.54555096,0.00410411,0.00388661,0.0062051,0.01529154,0.39109296,0.30478324,0.39109611,0.0132798,-0.13886872,0.01438931,-0.16321301,0.03555883,0.06433017,0.02221405,1.03586695,0.00428919,0.02234317,0.76067436,0.98173574,0.66425428,0.7090773007,1.257746584,310,-1.553424415,-1.352528496,-1.584492903,-0.856000602
20091231,20091231,208226.0,01W,NLD,0.019331,2009,12,20091130,20091130,1603.7952462,40.53581557,1603.7952462,0.0653949988,0.1027378743,-0.033952229,-0.006682012,0.0952602867,0.3550817494,0.6153064321,0.4407823169,-0.016850454,0.0916024833,0.108385878,0.0271704399,0.0073453978,0.0036113345,-0.235275947,,,,0.5563209768,,,0.0,,,,,,,,,-0.081267591,0.081267591,-0.023395031,-0.197083488,,,,-0.222950788,-0.17491869,-0.091424782,,,-0.081267591,,,,,,,,,,0.0036035298,,0.064516129,0.0,,,,,,-0.05871707,-0.027273538,-0.073978949,-0.035117555,,,,,,,-0.566813996,,-0.065369062,,-0.157633087,,,-0.082929066,-0.085480588,-0.126721001,2.1024867387,,,,,,,,,,0.8953328745,0.0753553246,1.8994492508,0.9034298366,0.7985823739,0.7985823739,,-0.158026763,-0.157519553,,,,,0.9905023173,-0.090274452,,,0.5536139473,0.0220934304,0.4864476667,0.3853643967,0.3239316239,0.00370125,4606295.24362355,0.58295235,0.00338421,0.56602243,0.00402348,0.00389523,0.00719041,0.01710637,-0.70301936,0.05325821,1.129131,0.01637186,-0.26994064,0.01659679,-1.01686221,0.02643324,0.04175376,0.02270833,-0.64638986,0.00379926,0.02032498,0.82680357,0.91486261,0.66592672,0.7611181198,0.9716050769,311,-1.553424415,-1.405128854,-1.584492903,-0.930057669
20100129,20100131,208226.0,01W,NLD,-0.046821,2010,1,20091231,20091231,1670.6860559,41.319402985,1670.6860559,0.0627767185,0.1240289711,-0.053075691,0.0193307425,0.0921537236,0.4035310293,0.591469805,0.2912064471,-0.040727731,0.1592329347,-0.130281563,0.0407715586,0.0423863764,0.0018954273,-0.235275947,,,,0.5563209768,,,0.0,,,,,,,,,-0.081267591,0.081267591,-0.023395031,-0.197083488,,,,-0.222950788,-0.17491869,-0.091424782,,,-0.081267591,,,,,,,,,,0.0036035298,,0.064516129,0.0,,,,,,-0.05871707,-0.027273538,-0.073978949,-0.035117555,,,,,,,-0.566813996,,-0.065369062,,-0.157633087,,,-0.082929066,-0.085480588,-0.126721001,2.1024867387,,,,,,,,,,0.8953328745,0.0753553246,1.8233992366,0.867258377,0.7666087895,0.7666087895,,-0.151699699,-0.151212796,,,,,0.9680538489,-0.088228497,,,0.5503035931,-0.057565792,0.5538067318,0.3737283951,0.2855331643,0.005479,4440816.47454033,0.6252781,0.00311493,0.63981153,0.00415537,0.00395604,0.0066078,0.01628569,0.35664019,0.5912215,0.32921896,0.01306541,-0.01475971,0.01350318,-0.62531596,0.02801403,0.05914883,0.01992273,1.18390899,0.00451515,0.01880015,0.88414488,0.93254758,0.66358478,0.783125999,1.0739173539,312,-1.555012083,-1.407733741,-1.585804402,-0.882750621
20100226,20100228,208226.0,01W,NLD,-0.027999,2010,2,20100129,20100131,1592.4621897,39.384770539,1592.4621897,0.0658603946,0.1240289711,-0.053075691,-0.046821404,0.0125195619,0.3030726404,0.4838233785,0.5133247396,0.0577791222,0.0135063082,-0.074718696,0.0433076761,0.0304599786,0.0001375512,-0.077227177,,,,0.8662974479,,,0.0,,,,,,,,,0.00590335,-0.00590335,-0.019717234,-0.088517211,,,,-0.222950788,-0.161321694,-0.091424782,,,0.00590335,,,,,,,,,,0.0056865813,,0.064516129,0.0,,,,,,0.0052944651,0.0025181919,0.0038966238,0.0017990891,,,,,,,0.7869880113,,-0.065369062,,-0.157633087,,,-0.082929066,-0.085480588,-0.126721001,2.1031543434,,,,,,,,,,0.9599293697,0.0708185883,2.0271472678,0.9638604386,0.8424678271,0.8309402893,,-0.155491598,-0.15864057,,,,,0.9802617477,-0.090630528,,,0.5539265932,0.1901902292,0.4710755326,0.3311667469,0.4711538462,0.00442335,4780640.02749169,0.58515137,0.0031907,0.62589214,0.00419886,0.00406054,0.00433448,0.01434027,0.81365054,-0.14971303,1.20147452,0.01430702,0.36702434,0.01339133,0.63800736,0.01666735,0.03405657,0.01489404,0.97067679,0.00420547,0.01781308,0.74158068,0.88888439,0.66605869,0.7592591598,0.7134966086,313,-1.583157669,-1.293831519,-1.551808013,-0.829250583
20100331,20100331,208226.0,01W,NLD,0.050641,2010,3,20100226,20100228,1547.8754075,38.282050363,1547.8754075,0.0677575131,0.1240289711,-0.053075691,-0.027998644,-0.028395754,0.0570488182,0.3078056232,0.5589515806,0.2551329145,-0.043296199,0.00819565,0.0400172857,0.0089236496,0.0008468344,-0.077227177,,,,0.8662974479,,,0.0,,,,,,,,,0.00590335,-0.00590335,-0.019717234,-0.088517211,,,,-0.222950788,-0.161321694,-0.091424782,,,0.00590335,,,,,,,,,,0.0056865813,,0.064516129,0.0,,,,,,0.0052944651,0.0025181919,0.0038966238,0.0017990891,,,,,,,0.7869880113,,-0.065369062,,-0.157633087,,,-0.082929066,-0.085480588,-0.126721001,2.1031543434,,,,,,,,,,0.9599293697,0.0708185883,2.0855395475,0.9916245824,0.8667352386,0.8548756484,,-0.159970557,-0.163210235,,,,,0.9954846474,-0.092059104,,,0.5663572477,0.0894533332,0.1217873297,0.3445695226,0.448153507,0.00477522,4301129.31059678,0.55726403,0.00276459,0.56980833,0.00448257,0.00421829,0.00719303,0.00948568,-0.19196172,0.16115417,0.53457314,0.00710509,0.15400734,0.00770693,0.3850118,0.0134242,0.02368456,0.01183879,0.01624072,0.00428692,0.0167579,0.67739592,0.86399684,0.66785263,0.7534254554,0.6067000825,314,-1.613434011,-1.346382512,-1.550162089,-0.869428267
20100430,20100430,208226.0,01W,NLD,-0.065469,2010,4,20100331,20100331,1626.2611042,40.2206852,1626.2611042,0.0644916047,0.1240289711,-0.053075691,0.0506408309,-0.073509112,0.0314306808,0.3254956091,0.5029851101,0.4628263084,-0.006754523,0.0932797809,0.0361410175,0.0107791622,0.0015211445,-0.077227177,,,,0.8662974479,,,0.0,,,,,,,,,0.00590335,-0.00590335,-0.019717234,-0.088517211,,,,-0.222950788,-0.161321694,-0.091424782,,,0.00590335,,,,,,,,,,0.0056865813,,0.064516129,0.0,,,,,,0.0052944651,0.0025181919,0.0038966238,0.0017990891,,,,,,,0.7869880113,,-0.065369062,,-0.157633087,,,-0.082929066,-0.085480588,-0.126721001,2.1031543434,,,,,,,,,,0.9599293697,0.0708185883,1.9850166549,0.9438283315,0.8249586473,0.8136706886,,-0.152259985,-0.155343511,,,,,0.9690287389,-0.0895768,,,0.5645735435,0.12831295,0.2510068885,0.3559791463,0.4503313521,0.00551872,3913675.0756611,0.62162314,0.00247307,0.6396832,0.00471835,0.00441347,0.00546231,0.0116439,0.19874886,0.2119491,1.17958934,0.01148456,-0.22618556,0.01136141,-0.58975791,0.02148569,0.03566701,0.01410535,0.50695769,0.00471827,0.01598244,0.57055678,0.90775035,0.6687311,0.7668718724,1.0694815454,315,-1.613434011,-1.349480187,-1.550162089,-0.903099476
20100531,20100531,208226.0,01W,NLD,-0.157909,2010,5,20100430,20100430,1519.7912074,37.587472003,1519.7912074,0.0690096033,0.1240289711,-0.053075691,-0.065469128,0.0212243121,-0.014404187,0.2684228395,0.444367263,0.3328562598,0.0494508446,0.0814670468,0.0227831834,-0.024668275,0.0060743823,0.0016777949,,,,0.5167542501,-0.978394665,,0.0,,,,,,,,,-0.004734502,0.0047345024,-0.013201344,0.0346084212,,,,-0.222950788,-0.019678276,-0.091424782,,,-0.004734502,,,,,,,0.0029637094,0.0032607884,,0.0058507334,,0.064516129,1.0,,,,,,0.0296275968,0.0140872194,0.1229627234,0.0626623534,,,,,,,2.8704698803,,-0.065369062,,-0.157633087,,,-0.082929066,-0.085480588,-0.126721001,2.002406223,,,,,,,,,,0.4254126332,0.0717887345,2.1564345219,1.0769216041,0.8940230099,0.8814062864,0.0063856929,-0.021191961,-0.166226195,,,,,1.0408851638,-0.092982281,,,0.5788896925,0.2187209513,-0.281491823,0.3205279381,0.600877193,0.00536257,3634128.16563333,0.63967641,0.00228279,0.65889376,0.00493607,0.00458116,0.00301305,0.00926152,0.81859403,-0.15735227,0.89521194,0.00679177,0.1207977,0.00699939,0.21612931,0.01149962,0.02186434,0.01280179,0.03964298,0.00471181,0.01446225,0.55286712,0.84832073,0.67083529,0.7156830662,0.6438970025,316,-1.123919625,-1.03783652,-0.785204121,-0.687433929
20100630,20100630,208226.0,01W,NLD,0.018395,2010,6,20100531,20100531,1279.8024008,31.65206949,1279.8024008,0.0819502981,0.1240289711,-0.053075691,-0.157909064,-0.018143708,-0.072734285,0.0088110789,0.2481247592,0.3550817494,0.160860982,-0.040970917,0.0121524428,-0.034893249,0.0093628013,0.0016777949,,,,0.5167542501,-0.978394665,,0.0,,,,,,,,,-0.004734502,0.0047345024,-0.013201344,0.0346084212,,,,-0.222950788,-0.019678276,-0.091424782,,,-0.004734502,,,,,,,0.0029637094,0.0032607884,,0.0058507334,,0.064516129,1.0,,,,,,0.0296275968,0.0140872194,0.1229627234,0.0626623534,,,,,,,2.8704698803,,-0.065369062,,-0.157633087,,,-0.082929066,-0.085480588,-0.126721001,2.002406223,,,,,,,,,,0.4254126332,0.0717887345,2.5608095623,1.2788661625,1.0616703867,1.0466877726,0.0075831393,-0.025165882,-0.197396965,,,,,1.1362524203,-0.101697039,,,0.6113771822,0.2335248849,-0.247295878,0.3229343921,0.6170062252,0.00426563,3428032.72334891,0.56356015,0.00221642,0.57732829,0.00503726,0.00458728,0.00760518,0.01617481,-0.31129902,0.33297244,1.22565872,0.01676435,-0.24127591,0.01583776,-0.48092327,0.05019034,0.12131592,0.04269416,1.39710066,0.00545837,0.01472177,0.76830107,0.7143632,0.68331943,0.7577519459,2.4825843215,317,-1.339465854,-1.093935791,-0.81599644,-0.983974055
20100730,20100731,208226.0,01W,NLD,0.17297,2010,7,20100630,20100630,1303.3444307,32.234310911,1303.3444307,0.0804700475,0.1240289711,-0.053075691,0.0183950506,-0.213040023,-0.233965953,-0.147200443,0.0959360518,0.4035310293,0.0421776611,0.0979144845,0.0049234033,0.0186558464,0.0020125574,0.0016777949,,,,0.5167542501,-0.978394665,,0.0,,,,,,,,,-0.004734502,0.0047345024,-0.013201344,0.0346084212,,,,-0.222950788,-0.019678276,-0.091424782,,,-0.004734502,,,,,,,0.0029637094,0.0032607884,,0.0058507334,,0.064516129,1.0,,,,,,0.0296275968,0.0140872194,0.1229627234,0.0626623534,,,,,,,2.8704698803,,-0.065369062,,-0.157633087,,,-0.082929066,-0.085480588,-0.126721001,2.002406223,,,,,,,,,,0.4254126332,0.0717887345,2.5145542103,1.2557662783,1.042493663,1.0277816766,0.0074461667,-0.024711316,-0.193831426,,,,,1.1261310728,-0.100770547,,,0.6054398034,0.080354227,-0.893437241,0.3370610412,0.630841805,0.00473332,3418820.41093917,0.54375837,0.00227602,0.53809185,0.00494972,0.00464631,0.0072064,0.01035923,-0.13374072,-0.1970038,1.05283783,0.01024651,-0.30326383,0.00899279,0.20880653,0.02296889,0.02842926,0.01808167,-0.61377102,0.00506337,0.01410198,0.77605055,0.72750394,0.68777862,0.7651087592,1.1333179244,318,-1.401050491,-1.088726719,-0.81599644,-1.091806829
20100831,20100831,208226.0,01W,NLD,0.021108,2010,8,20100730,20100731,1528.7836739,37.80987366,1528.7836739,0.0686036815,0.1240289711,-0.053075691,0.1729698136,-0.142418758,-0.181553924,-0.210107891,0.0165599112,0.3030726404,0.1229394971,0.175027046,0.0047363822,-0.010260383,0.0064358973,0.0079257876,,,,0.4391657337,-0.960648339,,0.0,,,,,,,,,-0.004113454,0.0041134539,-0.013573318,0.0359898124,,,,-0.222950788,-0.018130018,-0.091424782,,,-0.004113454,,,,,,,0.0055432343,0.0060863533,,0.0054575891,,0.064516129,2.0,,,,,,0.0022046673,0.001101009,0.0023876945,0.0011862211,,,,,,,0.3289844601,,-0.065369062,,-0.157633087,,,-0.082929066,-0.085480588,-0.126721001,2.0127686497,,,,,,,,,,0.4365162205,0.0704179074,2.0565803803,1.0217668984,0.8551530146,0.8439290439,0.0113552846,-0.018524652,-0.165248435,,,,,1.0118046291,-0.092684674,,,0.6353240186,-0.04217269,-0.404233638,0.3748263889,0.4610716081,0.0050348,2996133.56651587,0.51313094,0.00205631,0.53527306,0.00505695,0.00472239,0.00472064,0.00930783,-0.4820667,-0.39431766,0.89854619,0.00961523,-0.55813277,0.00996281,-0.55520811,0.02646419,0.03038559,0.01476975,-0.40124288,0.00561503,0.01391949,0.82761478,0.85334017,0.69071242,0.7858752703,1.3046361192,319,-1.489108699,-1.221789096,-0.98751419,-1.081684448
20100930,20100930,208226.0,01W,NLD,0.202325,2010,9,20100831,20100831,1561.0536864,38.607975521,1561.0536864,0.0671855101,0.1240289711,-0.053075691,0.0211082922,0.1945466527,-0.012334154,-0.067247738,0.0147801224,0.0570488182,0.319882483,-0.003856581,0.0070059162,0.0504815191,0.0048986503,0.0079257876,,,,0.4391657337,-0.960648339,,0.0,,,,,,,,,-0.004113454,0.0041134539,-0.013573318,0.0359898124,,,,-0.222950788,-0.018130018,-0.091424782,,,-0.004113454,,,,,,,0.0055432343,0.0060863533,,0.0054575891,,0.064516129,2.0,,,,,,0.0022046673,0.001101009,0.0023876945,0.0011862211,,,,,,,0.3289844601,,-0.065369062,,-0.157633087,,,-0.082929066,-0.085480588,-0.126721001,2.0127686497,,,,,,,,,,0.4365162205,0.0704179074,2.0140668684,1.0006449915,0.8374753404,0.826483391,0.0111205488,-0.018141711,-0.161832429,,,,,1.000353133,-0.091632201,,,0.6253334287,0.0245552343,0.080562713,0.3628311083,0.459062894,0.00374333,3285405.05465651,0.69956892,0.00224924,0.6869995,0.00482765,0.00479081,0.00623663,0.00724313,-0.03488806,-0.34809421,1.00463382,0.00745771,-0.00467892,0.00697996,0.36747343,0.02179608,0.03293217,0.01631145,-0.20178124,0.00577252,0.013539,0.84828315,0.87135272,0.69478069,0.7924626572,1.0748596283,320,-1.491287438,-1.225988731,-0.932054649,-1.141124601
20101029,20101031,208226.0,01W,NLD,0.064204,2010,10,20100930,20100930,1876.8940313,46.41933807,1876.8940313,0.0558796536,0.1240289711,-0.053075691,0.2023251011,0.1977292031,-0.040096524,-0.065621167,0.0402120602,0.0314306808,0.2840292832,0.0995006002,0.0163535981,-0.036770268,0.012198478,0.0079257876,,,,0.4391657337,-0.960648339,,0.0,,,,,,,,,-0.004113454,0.0041134539,-0.013573318,0.0359898124,,,,-0.222950788,-0.018130018,-0.091424782,,,-0.004113454,,,,,,,0.0055432343,0.0060863533,,0.0054575891,,0.064516129,2.0,,,,,,0.0022046673,0.001101009,0.0023876945,0.0011862211,,,,,,,0.3289844601,,-0.065369062,,-0.157633087,,,-0.082929066,-0.085480588,-0.126721001,2.0127686497,,,,,,,,,,0.4365162205,0.0704179074,1.6751433257,0.8322582558,0.6965464995,0.6874042555,0.0092492029,-0.015088857,-0.134599559,,,,,0.9005918447,-0.082466813,,,0.6640095937,0.1278610787,0.1719192126,0.3472557745,0.5448739496,0.0043784,3587947.57614662,0.67023519,0.00240632,0.64724262,0.00465934,0.0048222,0.00543103,0.011514,-0.49778094,-0.73127034,0.73368744,0.01133691,-0.67277197,0.0088383,0.27242444,0.02305023,0.03854976,0.01327263,-0.18347387,0.00541724,0.01359412,0.87594213,1.0,0.69664056,0.7948320856,1.1371693488,321,-1.491287438,-1.225988731,-0.932054649,-1.172681409
20101130,20101130,208226.0,01W,NLD,-0.144039,2010,11,20101029,20101031,1997.3979284,49.399640125,1997.3979284,0.0525084095,0.1240289711,-0.053075691,0.0642038896,0.2277041306,0.2349683444,0.1786113626,0.1374919396,-0.014404187,0.4496908416,-0.006682012,0.022797771,-0.015369677,0.0131085156,0.0100541539,,,,0.2207350789,-0.530919317,,0.0,,,,,,,,,0.0115146258,-0.011514626,0.0058826777,0.0137279475,0.5001580794,,,0.0426089269,0.0771952767,0.0406611055,,,0.0115146258,,,,,,,0.0761168083,0.0812965083,,0.0054746783,,0.0408163265,3.0,,,,,,0.0425505497,0.0211403082,0.1012676197,0.048413846,,,,,,,1.3249315096,,0.0385181911,,0.0438511058,,0.5417644549,0.0376642543,0.0381347781,0.1205933204,2.0634691099,,,,,,,,1027.4055539,,0.3267929128,0.078221881,1.5404821856,0.7465496712,0.6589536278,0.6589536278,0.1166729968,0.0576301084,0.0580211128,,,,,0.8650958197,0.0354114457,,,0.6638343362,0.1515167883,0.6165464673,0.2306148162,0.799113082,0.0040049,4105818.30393149,0.73103196,0.00259767,0.66575581,0.00442178,0.0047978,0.00325127,0.01056113,0.24061728,-0.06562611,1.1063296,0.0106673,-0.12899075,0.0105486,-0.22407454,0.02313233,0.03764664,0.0153544,0.50046403,0.00515333,0.01315469,0.89053656,0.96536565,0.69744528,0.79834462,1.1719567718,322,-0.692827166,0.1425568291,-0.384903981,-1.141124601
20101231,20101231,208226.0,01W,NLD,0.153503,2010,12,20101130,20101130,1620.0991955,40.068288891,1620.0991955,0.0646040858,0.021952719,0.0321120784,-0.144039127,0.2795190491,0.5607080649,0.2904125996,0.2186664911,-0.072734285,0.5065202909,0.0193307425,0.0079459647,0.0235113976,0.0104254694,0.0100541539,,,,0.2207350789,-0.530919317,,0.0,,,,,,,,,0.0115146258,-0.011514626,0.0058826777,0.0137279475,0.5001580794,,,0.0426089269,0.0771952767,0.0406611055,,,0.0115146258,,,,,,,0.0761168083,0.0812965083,,0.0054746783,,0.0408163265,3.0,,,,,,0.0425505497,0.0211403082,0.1012676197,0.048413846,,,,,,,1.3249315096,,0.0385181911,,0.0438511058,,0.5417644549,0.0376642543,0.0381347781,0.1205933204,2.0634691099,,,,,,,,1027.4055539,,0.3267929128,0.078221881,1.8992392162,0.9204107816,0.8124148291,0.8124148291,0.1438445268,0.071051365,0.0715334289,,,,,0.9762562826,0.0399616385,,,0.6935511047,0.2876860329,1.4277294841,0.4476690798,0.8347988077,0.0041938,4275317.12004731,0.71252217,0.00256551,0.65056573,0.00444337,0.0048436,0.00377179,0.00858135,0.06048149,0.12773478,0.33723906,0.00770521,0.52923352,0.00770263,0.63908142,0.0095894,0.01670778,0.01274616,0.07394646,0.00422286,0.01256015,0.8632077,0.78301278,0.69829444,0.7874823299,0.5012113865,323,-0.692827166,0.1425568291,-0.384903981,-1.199639602
20110131,20110131,208226.0,01W,NLD,-0.012388,2011,1,20101231,20101231,1888.3478802,46.218873608,1888.3478802,0.055426772,0.0104663092,0.0434153893,0.1535025549,-0.089083109,0.311774873,0.0513037978,0.0233487429,-0.233965953,0.5067406078,-0.046821404,0.0261572336,0.0111233412,0.0115550437,0.0100541539,,,,0.2207350789,-0.530919317,,0.0,,,,,,,,,0.0115146258,-0.011514626,0.0058826777,0.0137279475,0.5001580794,,,0.0426089269,0.0771952767,0.0406611055,,,0.0115146258,,,,,,,0.0761168083,0.0812965083,,0.0054746783,,0.0408163265,3.0,,,,,,0.0425505497,0.0211403082,0.1012676197,0.048413846,,,,,,,1.3249315096,,0.0385181911,,0.0438511058,,0.5417644549,0.0376642543,0.0381347781,0.1205933204,2.0634691099,,,,,,,,1027.4055539,,0.3267929128,0.078221881,1.6294433661,0.7896621075,0.6970074873,0.6970074873,0.1234107362,0.0609581849,0.0613717693,,,,,0.894534905,0.0366164921,,,0.7134209981,-0.001342571,0.2794370484,0.4875686709,0.7624144459,0.0049012,4498062.37426221,0.70566284,0.00259638,0.67946722,0.00446296,0.00481466,0.00435276,0.00784509,0.16399624,0.03670828,1.48360721,0.00805553,-0.06739991,0.00809649,0.28173711,0.02918283,0.04599173,0.01545748,0.87466674,0.0037145,0.01194702,0.86528712,0.90320724,0.70116336,0.7859071308,1.5475711155,324,-0.754411803,0.1449427589,-0.384903981,-1.191222114
20110228,20110228,208226.0,01W,NLD,0.051731,2011,2,20110131,20110131,1864.9554679,45.646325002,1864.9554679,0.0561219982,0.0104663092,0.0434153893,-0.012387766,-0.012646946,0.2900039285,0.2976367646,0.2384199499,-0.181553924,0.3544455878,-0.027998644,0.0275764043,0.016725765,0.0086099094,0.0614021569,,,,0.2213669822,-0.5155156,,0.0,,,,,,,,,0.0220049686,-0.022004969,0.0006398167,0.043272472,0.5001580794,,,0.0426089269,0.0739250136,0.0406611055,,,0.0220049686,,,,,,,0.073188181,0.0813874975,,0.0315533159,,0.0408163265,4.0,,,,,,0.0059540226,0.002885443,0.0006595575,0.0003672511,,,,,,,0.0405587961,,0.0385181911,,0.0438511058,,0.4927543908,0.0376642543,0.0381347781,0.1205933204,2.0356547836,,,,,,,,,,0.3448712135,0.0729740398,1.8372401588,0.9025303178,0.7598011711,0.7018301521,0.1305748838,0.066719566,0.0621415645,,,,,0.9427265511,0.0368857496,,,0.7095415699,0.1848019803,0.2406238341,0.4940695028,0.5181585678,0.00508439,4740626.03927841,0.64624103,0.00267397,0.64783133,0.00448386,0.00488569,0.00569873,0.01166715,-0.1549523,-0.13898053,1.10963082,0.01024228,-0.30606069,0.00983492,-0.47554096,0.01768176,0.02772926,0.01496782,-0.15916957,0.00323856,0.01161282,0.8699204,0.89201852,0.70232586,0.7862696628,0.9389552651,325,-0.768066592,0.0289885518,-0.360521053,-1.21860653
20110331,20110331,208226.0,01W,NLD,0.033247,2011,3,20110228,20110228,1961.4312603,48.007649682,1961.4312603,0.0533615577,0.0104663092,0.0434153893,0.0517308826,0.1392132349,0.2476871171,0.5218807,0.2583096573,-0.012334154,0.2339294417,0.0506408309,0.0276755,0.0181965734,0.0063186086,0.0614021569,,,,0.2213669822,-0.5155156,,0.0,,,,,,,,,0.0220049686,-0.022004969,0.0006398167,0.043272472,0.5001580794,,,0.0426089269,0.0739250136,0.0406611055,,,0.0220049686,,,,,,,0.073188181,0.0813874975,,0.0315533159,,0.0408163265,4.0,,,,,,0.0059540226,0.002885443,0.0006595575,0.0003672511,,,,,,,0.0405587961,,0.0385181911,,0.0438511058,,0.4927543908,0.0376642543,0.0381347781,0.1205933204,2.0356547836,,,,,,,,,,0.3448712135,0.0729740398,1.7468728828,0.8581380777,0.7224292675,0.6673096357,0.124152372,0.063437869,0.0590850431,,,,,0.9149156705,0.0358000296,,,0.7093649991,0.1031445223,-0.027310075,0.4907986111,0.4754804975,0.00477796,4631229.83273912,0.58204122,0.00251465,0.56424187,0.00468891,0.00489651,0.00563951,0.009287,-0.0766911,-0.03786111,0.50070896,0.00921539,-0.13850437,0.00926344,-0.50129765,0.01762809,0.02124413,0.01262235,-0.26368977,0.00304707,0.01141924,0.96555209,0.93816343,0.70367254,0.8101456112,0.934632851,326,-0.768066592,0.0718699468,-0.360521053,-1.249803134
20110429,20110430,208226.0,01W,NLD,0.037589,2011,4,20110331,20110331,2026.6435555,49.603774453,2026.6435555,0.0516445169,0.0104663092,0.0434153893,0.0332473008,0.0387022862,0.0914111929,0.5716974772,0.2596151678,-0.040096524,0.2941851442,-0.065469128,0.0366497208,0.0254173399,0.0067739156,0.0614021569,,,,0.2213669822,-0.5155156,,0.0,,,,,,,,,0.0220049686,-0.022004969,0.0006398167,0.043272472,0.5001580794,,,0.0426089269,0.0739250136,0.0406611055,,,0.0220049686,,,,,,,0.073188181,0.0813874975,,0.0315533159,,0.0408163265,4.0,,,,,,0.0059540226,0.002885443,0.0006595575,0.0003672511,,,,,,,0.0405587961,,0.0385181911,,0.0438511058,,0.4927543908,0.0376642543,0.0381347781,0.1205933204,2.0356547836,,,,,,,,,,0.3448712135,0.0729740398,1.6906629046,0.8305253514,0.6991833097,0.645837289,0.1201574608,0.0613965979,0.0571838349,,,,,0.8970283091,0.03510164,,,0.7137863218,0.1502003047,-0.15966328,0.4800387597,0.5212780515,0.00478498,4605186.19358518,0.57951129,0.00244683,0.56990769,0.00475235,0.00483585,0.00390531,0.0074221,0.35309906,0.43244911,0.90124067,0.00745689,0.56493463,0.00770433,0.87597879,0.02169881,0.04094792,0.01501146,0.58758601,0.00297027,0.01107386,0.98015205,0.96935483,0.70606899,0.8193600881,1.1469747311,327,-0.736716935,0.0718699468,-0.360521053,-1.249803134
20110531,20110531,208226.0,01W,NLD,0.019662,2011,5,20110429,20110430,2102.8227728,51.468323699,2102.8227728,0.0497735847,0.0104663092,0.0434153893,0.0375888582,0.0866980957,0.0596631719,0.3844790866,0.3926709235,0.2349683444,0.2196062623,-0.157909064,0.0544222591,0.0012793606,0.0076694926,0.0638980951,35.506226657,,,0.0911296193,-0.226203767,,0.0,,,,,,,,,0.0372235742,-0.037223574,0.0274305725,0.0255932414,0.5001580794,,,0.0426089269,0.1281061563,0.0406611055,,,0.0372235742,,,,,,,0.1047563705,0.1143429156,,0.0332584704,,0.0408163265,5.0,,,,,,0.0844529204,0.0414868577,0.0548253236,0.0273996383,,,,,,,0.6538152866,,0.0385181911,,0.0438511058,,1.0414411123,0.0376642543,0.0381347781,0.1205933204,2.0202088837,,,,,,,,,,0.4040199235,0.0600800384,1.658126129,0.8207696453,0.7078663283,0.6527195896,0.1684830553,0.1051456445,0.0551122292,,,,,0.8915542868,0.0343195389,,403.40364475,0.7180842551,0.2417389725,-0.181119686,0.5134803922,0.835754386,0.00460189,4337177.08389453,0.54724408,0.00231139,0.54839668,0.00486558,0.00476254,0.00312584,0.00656031,-0.53986517,0.25188404,1.10130413,0.00681608,-0.87092545,0.00679216,-0.45383338,0.01620392,0.03219681,0.0139908,-0.23746184,0.00304519,0.01076332,0.99511858,1.0,0.70819339,0.8341283665,0.8549745507,328,-0.908373395,0.7618214363,-1.21629658,-1.276972767
20110630,20110630,208226.0,01W,NLD,-0.052388,2011,6,20110531,20110531,2144.1689561,52.480305677,2144.1689561,0.0488137966,0.0104663092,0.0434153893,0.0196622292,0.0720858872,0.2845151396,0.4068244139,0.7159902467,0.5607080649,0.0847802636,0.0183950506,0.0545374572,-0.062196837,0.0110613641,0.0638980951,35.506226657,,,0.0911296193,-0.226203767,,0.0,,,,,,,,,0.0372235742,-0.037223574,0.0274305725,0.0255932414,0.5001580794,,,0.0426089269,0.1281061563,0.0406611055,,,0.0372235742,,,,,,,0.1047563705,0.1143429156,,0.0332584704,,0.0408163265,5.0,,,,,,0.0844529204,0.0414868577,0.0548253236,0.0273996383,,,,,,,0.6538152866,,0.0385181911,,0.0438511058,,1.0414411123,0.0376642543,0.0381347781,0.1205933204,2.0202088837,,,,,,,,,,0.4040199235,0.0600800384,1.6261523488,0.8049426779,0.6942164847,0.640133145,0.1652341829,0.1031181125,0.0540494956,,,,,0.8810722637,0.0339094714,,395.99758588,0.7068715657,0.2457981556,0.0492132002,0.5026086957,0.8420454545,0.004906,4063246.57991741,0.55586009,0.00210853,0.56181773,0.00500105,0.00481776,0.00499241,0.00633956,0.11466227,0.32107852,0.74288223,0.00641741,0.26712219,0.00643304,0.17289789,0.01795699,0.02579638,0.01225421,-0.02877696,0.00310473,0.00946816,0.79562247,1.0,0.70706568,0.7663305242,1.2055944715,329,-0.727627103,0.7582438176,-1.170530557,-1.03783652
20110729,20110731,208226.0,01W,NLD,-0.036762,2011,7,20110630,20110630,2031.8404792,49.730973451,2031.8404792,0.0515124236,0.0104663092,0.0434153893,-0.052387885,0.0579901682,0.1354734891,0.1930930467,0.7181254359,0.311774873,0.0504226111,0.1729698136,0.0340503937,0.0383963555,0.0011594811,0.0638980951,35.506226657,,,0.0911296193,-0.226203767,,0.0,,,,,,,,,0.0372235742,-0.037223574,0.0274305725,0.0255932414,0.5001580794,,,0.0426089269,0.1281061563,0.0406611055,,,0.0372235742,,,,,,,0.1047563705,0.1143429156,,0.0332584704,,0.0408163265,5.0,,,,,,0.0844529204,0.0414868577,0.0548253236,0.0273996383,,,,,,,0.6538152866,,0.0385181911,,0.0438511058,,1.0414411123,0.0376642543,0.0381347781,0.1205933204,2.0202088837,,,,,,,,,,0.4040199235,0.0600800384,1.7160527217,0.8494432113,0.7325956199,0.6755223313,0.1743690064,0.1088189048,0.0570375734,,,,,0.9101433709,0.0350471541,,416.82113096,0.7112365028,0.2584170729,0.0500200106,0.4904650308,0.8629504505,0.00483323,4002981.18936246,0.51566699,0.00203313,0.51713549,0.00498726,0.00482715,0.00294199,0.00643188,-0.32823021,-0.25523879,0.83876105,0.00638971,-0.03735932,0.00675021,-0.22214966,0.01011317,0.01110663,0.01165633,-0.70042841,0.00310906,0.00923377,0.80695577,0.94761211,0.70806596,0.7733858783,0.701360168,330,-0.790899025,0.6869798533,-1.170530557,-1.015588182
20110831,20110831,208226.0,01W,NLD,-0.05468,2011,8,20110729,20110731,1957.1456604,47.902756085,1957.1456604,0.0534784046,0.0104663092,0.0434153893,-0.036762147,-0.033755719,0.0894847164,0.062380467,0.3880293074,0.2900039285,0.1148990478,0.0211082922,0.0287894446,0.0335718022,0.003139776,0.1783015567,23.386838961,,,0.0262806493,-0.04527941,,0.0,,,,,,,,,0.0677071213,-0.067707121,0.0264744859,0.0892482206,0.5001580794,,,0.0426089269,0.1490309008,0.0406611055,,,0.0677071213,,,,,,,0.1236288533,0.1266781049,,0.0294049609,,0.0408163265,6.0,,,,,,0.0374149581,0.0185203413,0.0352102908,0.0174193323,,,,,,,0.1604805147,,0.0385181911,,0.0438511058,,1.0438904766,0.0376642543,0.0381347781,0.1205933204,1.9573460035,,,,,,,,,,0.3677882091,0.0602889074,1.8928884741,0.9670689141,0.7961470415,0.74048673,0.2163099129,0.1441231514,0.0592144228,,,,,0.9810793812,0.0358469006,,216.62238511,0.7093152839,0.0946981225,0.207360478,0.4566629287,0.7259395726,0.00450437,4033860.61085867,0.56105437,0.00202069,0.56847461,0.0048712,0.00479111,0.00215375,0.00795812,0.81402281,-0.40723541,0.74205133,0.00796087,0.67960379,0.00839153,0.57456614,0.01651541,0.02224784,0.01567075,-0.52841107,0.00310694,0.00910534,0.8008493,0.91277586,0.70811096,0.7611437613,1.1450422297,331,-0.494876914,0.9434234496,-0.878007428,-0.987763848
20110930,20110930,208226.0,01W,NLD,-0.148842,2011,9,20110831,20110831,1850.1291242,45.283437998,1850.1291242,0.056571742,0.0104663092,0.0434153893,-0.054679904,-0.087224141,-0.002184935,0.1955278703,0.3093639332,0.2476871171,0.1305058578,0.2023251011,0.0054253533,0.0435278363,0.0025550584,0.1783015567,23.386838961,,,0.0262806493,-0.04527941,,0.0,,,,,,,,,0.0677071213,-0.067707121,0.0264744859,0.0892482206,0.5001580794,,,0.0426089269,0.1490309008,0.0406611055,,,0.0677071213,,,,,,,0.1236288533,0.1266781049,,0.0294049609,,0.0408163265,6.0,,,,,,0.0374149581,0.0185203413,0.0352102908,0.0174193323,,,,,,,0.1604805147,,0.0385181911,,0.0438511058,,1.0438904766,0.0376642543,0.0381347781,0.1205933204,1.9573460035,,,,,,,,,,0.3677882091,0.0602889074,2.0023783281,1.0230068289,0.8421983671,0.7833185107,0.2288218708,0.1524596292,0.0626395472,,,,,1.0129011328,0.0370584676,,228.03412425,0.7042135798,-0.007509809,0.0031724519,0.4560489195,0.6946537236,0.00409154,4158338.20779918,0.55759794,0.00213665,0.57735133,0.00468852,0.00482282,0.00588383,0.01754518,0.3649249,0.10784256,1.0515381,0.01482323,-0.80364748,0.01666954,-0.35530506,0.03119892,0.04347601,0.02750919,-0.1732757,0.0035583,0.01020328,0.74954276,0.86286536,0.71518954,0.7719547816,1.9692740615,332,-0.506175376,0.9793117058,-0.822534986,-1.04889965
20111031,20111031,208226.0,01W,NLD,0.119022,2011,10,20110930,20110930,1574.7530884,38.543382138,1574.7530884,0.0664644052,0.0104663092,0.0434153893,-0.148841523,-0.0894319,-0.08709693,-0.020239256,0.0294786646,0.0914111929,0.226638977,0.0642038896,-0.013942411,-0.005359263,0.0091408768,0.1783015567,23.386838961,,,0.0262806493,-0.04527941,,0.0,,,,,,,,,0.0677071213,-0.067707121,0.0264744859,0.0892482206,0.5001580794,,,0.0426089269,0.1490309008,0.0406611055,,,0.0677071213,,,,,,,0.1236288533,0.1266781049,,0.0294049609,,0.0408163265,6.0,,,,,,0.0374149581,0.0185203413,0.0352102908,0.0174193323,,,,,,,0.1604805147,,0.0385181911,,0.0438511058,,1.0438904766,0.0376642543,0.0381347781,0.1205933204,1.9573460035,,,,,,,,,,0.3677882091,0.0602889074,2.3525329081,1.2018993596,0.9894730411,0.9202969029,0.2688358007,0.1791201442,0.0735932835,,,,,1.105139658,0.0405884592,,264.52949416,0.7193926644,0.0234693974,0.3478580399,0.4624081402,0.6819026384,0.00281893,4667604.25395946,0.60778001,0.00250135,0.6594256,0.00424344,0.00462253,0.0093692,0.01408415,-0.35579386,0.35139489,0.46736012,0.0132963,-0.50419198,0.01433817,-0.74738123,0.02438431,0.05648391,0.02454018,0.67599168,0.00354571,0.01051354,0.6941563,0.73443517,0.7160888,0.7226016878,1.4457137982,333,-0.506175376,1.0023874152,-0.822534986,-1.015588182
20111130,20111130,208226.0,01W,NLD,-0.164297,2011,11,20111031,20111031,1762.1831782,43.130888351,1762.1831782,0.0593950894,0.0104663092,0.0434153893,0.1190218906,-0.195382786,-0.251124199,-0.155608209,-0.176615025,0.0596631719,0.24047917,-0.144039127,0.0099722265,-0.006002111,0.009469169,0.258711681,0.6433948837,,,0.0510932785,0.2135141207,,0.0,,,,,,,,,0.0749354752,-0.074935475,0.0170233382,0.1279111391,0.7804055333,,,0.1526774441,0.1469014341,0.0812490713,,,0.0749354752,,,,,,,0.110210964,0.104111347,,0.0072497867,0.4939953488,0.0952380952,7.0,,,,,,0.0331879796,0.0169556019,-0.00936257,-0.004184706,,,,,,,-0.543871343,,0.0973847841,,0.2034007419,,1.0451765477,0.075547749,0.0773686187,0.0378834947,1.9496047878,,,1.0001248282,,,,,2709.995584,,0.231711917,0.0715492071,2.1978420939,1.1273269883,0.9116065535,0.9116065535,0.2173330764,0.1656059513,0.1660420228,,,,,1.0920166279,0.0889534546,,13.194796902,0.7236377317,-0.141819931,0.1150093269,0.4828057283,0.5948849879,0.00286924,5110741.29271998,0.61260548,0.00282217,0.65703933,0.00391097,0.00447126,0.00310816,0.01239839,0.21791895,-0.21054328,0.65498154,0.01085822,0.20926877,0.01032608,0.02536526,0.04291612,0.05665412,0.02571053,0.50286817,0.00360965,0.010651,0.71688714,0.82184903,0.72234516,0.7141000254,2.4012647256,334,-0.158179805,1.2677252604,-0.569447298,-0.93211518
20111230,20111231,208226.0,01W,NLD,-0.056669,2011,12,20111130,20111130,1379.2548461,33.758401232,1379.2548461,0.0765393579,0.0104663092,0.0551167449,-0.164296534,-0.047535031,-0.178150969,-0.101583005,0.0764344958,0.2845151396,0.0446101053,0.1535025549,-0.0189186,0.0235486594,0.0031350878,0.258711681,0.6433948837,,,0.0510932785,0.2135141207,,0.0,,,,,,,,,0.0749354752,-0.074935475,0.0170233382,0.1279111391,0.7804055333,,,0.1526774441,0.1469014341,0.0812490713,,,0.0749354752,,,,,,,0.110210964,0.104111347,,0.0072497867,0.4939953488,0.0952380952,7.0,,,,,,0.0331879796,0.0169556019,-0.00936257,-0.004184706,,,,,,,-0.543871343,,0.0973847841,,0.2034007419,,1.0451765477,0.075547749,0.0773686187,0.0378834947,1.9496047878,,,1.0001248282,,,,,2709.995584,,0.231711917,0.0715492071,2.8080382513,1.4403115282,1.1646997205,1.1646997205,0.2776721738,0.2115838291,0.2121409689,,,,,1.232073548,0.1003622067,,11.490529178,0.7415451646,0.2726883643,0.2808556639,0.5000237586,0.6996474736,0.00325897,5305396.96281178,0.58516231,0.00308951,0.59693495,0.00366391,0.00437085,0.00614167,0.01026222,-0.3826814,0.28740948,0.94680641,0.01047307,-0.19641154,0.01059115,-0.58146278,0.03239733,0.05805101,0.02989915,0.41546092,0.00399299,0.01087415,0.80555656,0.64325847,0.73095264,0.7392284093,1.6622891676,335,-0.207529028,1.2637396961,-0.590659543,-1.009786884
20120131,20120131,208226.0,01W,NLD,0.087314,2012,1,20111230,20111231,1305.5482051,31.845353772,1305.5482051,0.0808604997,0.0034233114,0.0621111963,-0.056668781,-0.064829527,-0.275207574,-0.273348988,-0.220131732,0.1354734891,0.1711542485,-0.012387766,-0.022944147,-0.015670713,0.0095331413,0.258711681,0.6433948837,,,0.0510932785,0.2135141207,,0.0,,,,,,,,,0.0749354752,-0.074935475,0.0170233382,0.1279111391,0.7804055333,,,0.1526774441,0.1469014341,0.0812490713,,,0.0749354752,,,,,,,0.110210964,0.104111347,,0.0072497867,0.4939953488,0.0952380952,7.0,,,,,,0.0331879796,0.0169556019,-0.00936257,-0.004184706,,,,,,,-0.543871343,,0.0973847841,,0.2034007419,,1.0451765477,0.075547749,0.0773686187,0.0378834947,1.9496047878,,,1.0001248282,,,,,2709.995584,,0.231711917,0.0715492071,2.9665701742,1.5216264305,1.2304545535,1.2304545535,0.2933485641,0.2235291049,0.2241176988,,,,,1.2632593533,0.102902539,,11.047752153,0.7420499913,0.1252322446,0.0867971044,0.5164172012,0.5909518214,0.00428591,5177360.95838796,0.60930751,0.0031509,0.57721507,0.0035927,0.0043173,0.00626605,0.01217433,-0.16878442,-0.47389814,1.56482924,0.01266972,-0.29109844,0.0122911,-0.08918167,0.02715665,0.04482594,0.02739502,-0.69483803,0.00483854,0.01140875,0.86778746,0.6068058,0.73590538,0.762709004,1.3301004994,336,-0.207529028,1.2637396961,-0.590659543,-1.009786884
20120229,20120229,208226.0,01W,NLD,0.042946,2012,2,20120131,20120131,1419.5406662,34.625894724,1419.5406662,0.074367211,0.0034233114,0.0621111963,0.087313866,-0.211654831,-0.290186406,-0.339360115,-0.255098248,0.0894847164,0.0524835056,0.0517308826,-0.01970933,-0.007007735,0.0062147727,0.0681700653,-0.049295149,,,0.1511064828,-0.202378458,,0.0,,,,,,,,,0.0287956175,-0.028795618,0.0192017531,0.0262430936,0.7804055333,,,0.1526774441,0.1201517902,0.0812490713,,,0.0287956175,,,,,,,0.0653406087,0.0723065478,,0.0272676755,0.4939953488,0.0952380952,8.0,,,,,,-0.02806991,-0.014397744,-0.034023933,-0.017283187,,,,,,,-1.594307353,,0.0973847841,,0.2034007419,,1.0334989923,0.075547749,0.0773686187,0.0378834947,2.0570431111,,,1.0001248282,,,,,,,0.2326865118,0.0649531312,2.5782614811,1.2533823269,1.0724495744,1.002146377,0.1630894941,0.1505961303,0.2061205194,,,,,1.1265553457,0.0990260436,,11.101871553,0.745450868,0.0490778109,-0.263064209,0.5147637563,0.3204022989,0.00327669,5284916.79715499,0.60393408,0.00339495,0.55821506,0.00340415,0.00414543,0.00425219,0.01926965,0.40652141,-0.13241526,1.7629696,0.01282183,0.38022769,0.01252725,0.44655873,0.03974442,0.05210609,0.02806803,-0.29049401,0.00539831,0.01240649,0.89473832,0.65978836,0.73466833,0.7994452467,1.8445267247,337,-0.367166743,1.1150644377,-0.846079885,-1.03783652
20120330,20120331,208226.0,01W,NLD,0.047446,2012,3,20120229,20120229,1480.5043685,36.112941053,1480.5043685,0.0713049434,0.0034233114,0.0621111963,0.0429460767,0.0256971142,-0.18356738,-0.295528571,-0.229896148,-0.002184935,0.0903010149,0.0332473008,-0.018827623,0.0304257165,0.0036408155,0.0681700653,-0.049295149,,,0.1511064828,-0.202378458,,0.0,,,,,,,,,0.0287956175,-0.028795618,0.0192017531,0.0262430936,0.7804055333,,,0.1526774441,0.1201517902,0.0812490713,,,0.0287956175,,,,,,,0.0653406087,0.0723065478,,0.0272676755,0.4939953488,0.0952380952,8.0,,,,,,-0.02806991,-0.014397744,-0.034023933,-0.017283187,,,,,,,-1.594307353,,0.0973847841,,0.2034007419,,1.0334989923,0.075547749,0.0773686187,0.0378834947,2.0570431111,,,1.0001248282,,,,,,,0.2326865118,0.0649531312,2.472094712,1.2017709783,1.0282886128,0.9608803364,0.1563738507,0.1443949344,0.1976329592,,,,,1.1028981599,0.0970703758,,11.440823869,0.7451869446,0.0927695121,-0.327721496,0.5168536699,0.2958333333,0.00391775,5261727.50139865,0.60799895,0.00345925,0.54729543,0.00338971,0.00407965,0.00663691,0.01065292,0.71004473,0.0956307,0.91315126,0.01005138,0.84404101,0.00993783,0.53414605,0.02289111,0.05127877,0.0166552,0.95669348,0.00501703,0.01247283,0.89707883,0.68812368,0.73497705,0.7973423038,1.053570063,338,-0.354470046,1.085329386,-0.837838291,-1.03783652
20120430,20120430,208226.0,01W,NLD,-0.073383,2012,4,20120330,20120331,1550.7479669,37.826345609,1550.7479669,0.0680750725,0.0034233114,0.0621111963,0.0474457218,0.1340097307,0.0003956031,-0.224655635,-0.222667419,-0.08709693,0.0696302649,0.0375888582,-0.017931544,0.0111307071,0.0049410972,0.0681700653,-0.049295149,,,0.1511064828,-0.202378458,,0.0,,,,,,,,,0.0287956175,-0.028795618,0.0192017531,0.0262430936,0.7804055333,,,0.1526774441,0.1201517902,0.0812490713,,,0.0287956175,,,,,,,0.0653406087,0.0723065478,,0.0272676755,0.4939953488,0.0952380952,8.0,,,,,,-0.02806991,-0.014397744,-0.034023933,-0.017283187,,,,,,,-1.594307353,,0.0973847841,,0.2034007419,,1.0334989923,0.075547749,0.0773686187,0.0378834947,2.0570431111,,,1.0001248282,,,,,,,0.2326865118,0.0649531312,2.3601172457,1.1473348483,0.9817106427,0.9173557315,0.1492906481,0.1378543359,0.1886808596,,,,,1.0768427297,0.0949106626,,11.798327653,0.7446899336,-0.038822599,-0.362439673,0.5093437021,0.3072112923,0.00385557,4813560.03771175,0.59758515,0.00323929,0.54289644,0.00357859,0.0040017,0.00696138,0.01047356,-0.39333644,0.22826968,1.34863634,0.010969,-0.43155516,0.00974254,-0.18906349,0.02619197,0.04727628,0.01934633,-0.0336122,0.00515879,0.012703,0.91322008,0.7207722,0.73433812,0.8020982275,1.1886957268,339,-0.367166743,1.109722604,-0.846079885,-1.032169487
20120531,20120531,208226.0,01W,NLD,-0.067155,2012,5,20120430,20120430,1436.9500552,35.050550167,1436.9500552,0.073466214,0.0034233114,0.0621111963,-0.073382596,0.0924294061,-0.063592854,-0.15687373,-0.215282932,-0.251124199,0.1220675197,0.0196622292,-0.026390165,-0.02488625,0.0093173964,0.0034191639,-0.535043699,,,0.0927389279,0.2135141207,,0.0,,,,,,,,,0.003765261,-0.003765261,-0.001469384,-0.018851954,0.7804055333,,,0.1526774441,0.0535937749,0.0812490713,,,0.003765261,,,,,,,0.0471638203,0.0524317341,,0.0056820649,0.4939953488,0.0952380952,0.0,,,,,,0.009743803,0.0047368006,-0.074709117,-0.036750057,,,,,,,-1.970655643,,0.0973847841,,0.2034007419,,1.0452074655,0.075547749,0.0773686187,0.0378834947,2.1076607842,,,1.0001248282,,,,,,,0.1586329316,0.05098237,2.4347868776,1.1552081321,1.0450542974,1.0312196805,0.1146382018,0.0619119646,0.2036232633,,,,,1.0764112979,0.0984595715,,11.351236956,0.761475019,0.1371267519,-0.380163945,0.5520661157,0.5410453557,0.00353271,4324025.52541008,0.51331428,0.0030401,0.50444466,0.00372091,0.00390913,0.00932861,0.01310291,-0.28173277,0.2597009,0.74991312,0.00958671,0.44286567,0.00838637,0.23572325,0.02912395,0.0485831,0.02639424,0.09461282,0.00544289,0.0131476,0.92945373,0.66788007,0.73536281,0.8184916956,1.2763893932,340,-0.932054649,0.3537837936,-1.180602555,-1.03783652
20120629,20120630,208226.0,01W,NLD,0.057684,2012,6,20120531,20120531,1340.4511551,32.696717809,1340.4511551,0.0787550369,0.0034233114,0.0621111963,-0.067155361,-0.029418565,0.0382763664,-0.173554568,-0.286888863,-0.178150969,0.1286132815,-0.052387885,-0.027732663,-0.070524357,0.0136007213,0.0034191639,-0.535043699,,,0.0927389279,0.2135141207,,0.0,,,,,,,,,0.003765261,-0.003765261,-0.001469384,-0.018851954,0.7804055333,,,0.1526774441,0.0535937749,0.0812490713,,,0.003765261,,,,,,,0.0471638203,0.0524317341,,0.0056820649,0.4939953488,0.0952380952,0.0,,,,,,0.009743803,0.0047368006,-0.074709117,-0.036750057,,,,,,,-1.970655643,,0.0973847841,,0.2034007419,,1.0452074655,0.075547749,0.0773686187,0.0378834947,2.1076607842,,,1.0001248282,,,,,,,0.1586329316,0.05098237,2.6100668605,1.2383714116,1.120287617,1.1054570479,0.1228909907,0.0663689986,0.2182820749,,,,,1.1132159936,0.1016837531,,10.776606902,0.7574492552,-0.14288489,-0.460401097,0.5441080273,0.4522522523,0.00355474,4188458.57925442,0.51545563,0.00296202,0.51380995,0.00378802,0.0038166,0.00707848,0.01103602,0.44195143,-0.06624685,0.6305161,0.01135526,0.8779853,0.01114487,0.72538947,0.02264707,0.03351286,0.019742,-0.07887195,0.00537125,0.01339848,0.93920357,0.62323379,0.73711184,0.8294375928,0.9744653448,341,-0.939165714,0.3946480009,-1.185504261,-1.015588182
20120731,20120731,208226.0,01W,NLD,-0.021783,2012,7,20120629,20120630,1417.7742383,34.582807443,1417.7742383,0.0744598663,0.0034233114,0.0621111963,0.057684372,-0.135609923,0.026734325,-0.094240132,-0.298001903,-0.275207574,0.2137862114,-0.036762147,-0.019146616,0.0553550465,0.0036683926,0.0034191639,-0.535043699,,,0.0927389279,0.2135141207,,0.0,,,,,,,,,0.003765261,-0.003765261,-0.001469384,-0.018851954,0.7804055333,,,0.1526774441,0.0535937749,0.0812490713,,,0.003765261,,,,,,,0.0471638203,0.0524317341,,0.0056820649,0.4939953488,0.0952380952,0.0,,,,,,0.009743803,0.0047368006,-0.074709117,-0.036750057,,,,,,,-1.970655643,,0.0973847841,,0.2034007419,,1.0452074655,0.075547749,0.0773686187,0.0378834947,2.1076607842,,,1.0001248282,,,,,,,0.1586329316,0.05098237,2.467718092,1.1708326646,1.0591889666,1.0451672324,0.1161887175,0.0627493422,0.2063773283,,,,,1.0835299245,0.0990838846,,11.243276736,0.7566176117,-0.044152713,-0.023423871,0.5361414821,0.4833333333,0.00333639,4431630.91929665,0.47649637,0.00314105,0.48104984,0.00366997,0.00370327,0.0063062,0.01054704,-0.38117567,-0.52410577,1.35467858,0.00947607,-0.31107211,0.0098659,-0.31981351,0.0383291,0.05971933,0.02502799,0.46301561,0.00469058,0.01364568,0.94566641,0.67014793,0.74112121,0.8542207096,1.5898420132,342,-0.963123137,0.3361816304,-1.180602555,-1.071236849
20120831,20120831,208226.0,01W,NLD,0.044985,2012,8,20120731,20120731,1386.8911064,33.829496109,1386.8911064,0.0761179301,0.0034233114,0.0621111963,-0.021782828,-0.013344804,-0.001244366,-0.14388801,-0.229170226,-0.290186406,0.2187494845,-0.054679904,-0.016155972,0.0370959421,0.0054174639,-0.014179657,-0.700078682,,,0.1882356175,0.2135141207,,0.0,,,,,,,,,0.0029090872,-0.002909087,-0.002338053,-0.043811296,0.7804055333,,,0.1526774441,0.0296070499,0.0812490713,,,0.0029090872,,,,,,,0.0345182502,0.0391998253,,0.0170865201,0.4939953488,0.0952380952,0.0,,,,,,0.0162117736,0.0076918325,-0.021203184,-0.010828509,,,,,,,-0.601396387,,0.0973847841,,0.2034007419,,1.0748797076,0.075547749,0.0773686187,0.0378834947,2.1077787025,,,1.0001248282,,,,,,,0.0780266419,0.0525723522,2.6333197035,1.2493340503,1.1311631301,1.08616886,0.0915513061,0.0369890956,0.210972915,,,,,1.1195176743,0.1001061716,,10.505161949,0.7547789774,-0.13384645,-0.075820919,0.5215223852,0.5301995798,0.00324661,4324510.85178287,0.45526862,0.0030326,0.45268228,0.00366524,0.00362996,0.00601582,0.00971072,0.01573902,-0.37289921,1.0162241,0.00941689,-0.36943618,0.00960336,-0.32608442,0.02093702,0.03487884,0.01713699,-0.31346175,0.00414655,0.01370848,0.92148621,0.72586556,0.74292715,0.8624880551,0.8665281522,343,-1.233802479,-0.044602578,-1.26543844,-1.173562568
20120928,20120930,208226.0,01W,NLD,0.073167,2012,9,20120831,20120831,1449.2807841,35.351325292,1449.2807841,0.0728411509,0.0034233114,0.0621111963,0.0449852749,0.0346450156,-0.063230656,0.0021059906,-0.202345401,-0.18356738,0.088356885,-0.148841523,0.0014646456,0.0670847395,0.0001172138,-0.014179657,-0.700078682,,,0.1882356175,0.2135141207,,0.0,,,,,,,,,0.0029090872,-0.002909087,-0.002338053,-0.043811296,0.7804055333,,,0.1526774441,0.0296070499,0.0812490713,,,0.0029090872,,,,,,,0.0345182502,0.0391998253,,0.0170865201,0.4939953488,0.0952380952,0.0,,,,,,0.0162117736,0.0076918325,-0.021203184,-0.010828509,,,,,,,-0.601396387,,0.0973847841,,0.2034007419,,1.0748797076,0.075547749,0.0773686187,0.0378834947,2.1077787025,,,1.0001248282,,,,,,,0.0780266419,0.0525723522,2.51995867,1.1955518229,1.0824680091,1.0394106846,0.0876101399,0.0353967625,0.2018908017,,,,,1.0958864364,0.0980622554,,10.885203397,0.7587003011,-0.255976126,0.1790533709,0.5238938053,0.5306324111,0.00341889,4188252.44973243,0.47839584,0.00295179,0.47595811,0.0035592,0.0035707,0.00495689,0.00683573,0.57468068,0.73713189,1.1529013,0.00619165,0.13661213,0.00602951,0.16381508,0.01890535,0.04903733,0.01398519,1.39265451,0.00401219,0.01279053,1.00576065,0.77519649,0.74394108,0.8706009424,0.8164425277,344,-1.261137942,-0.059985006,-1.261137942,-1.197477365
20121031,20121031,208226.0,01W,NLD,0.033638,2012,10,20120928,20120930,1555.3198416,37.937864256,1555.3198416,0.0678749653,0.0034233114,0.0621111963,0.073166676,0.0222225408,-0.065431124,0.110093659,-0.020702569,0.0003956031,-0.122241409,0.1190218906,-0.00270401,-0.002390897,0.0017919035,-0.014179657,-0.700078682,,,0.1882356175,0.2135141207,,0.0,,,,,,,,,0.0029090872,-0.002909087,-0.002338053,-0.043811296,0.7804055333,,,0.1526774441,0.0296070499,0.0812490713,,,0.0029090872,,,,,,,0.0345182502,0.0391998253,,0.0170865201,0.4939953488,0.0952380952,0.0,,,,,,0.0162117736,0.0076918325,-0.021203184,-0.010828509,,,,,,,-0.601396387,,0.0973847841,,0.2034007419,,1.0748797076,0.075547749,0.0773686187,0.0378834947,2.1077787025,,,1.0001248282,,,,,,,0.0780266419,0.0525723522,2.3481521802,1.114041136,1.0086671841,0.9685454346,0.0816370298,0.0329834716,0.1881262308,,,,,1.0579316759,0.0947734217,,11.461182506,0.7635147198,-0.209931772,-0.003128271,0.4992439454,0.572663798,0.00285517,4512207.40443444,0.61421029,0.00315223,0.57311584,0.00337023,0.00359307,0.00272298,0.00819384,0.65539141,0.30370755,1.35470943,0.00692352,0.01298924,0.00715449,-0.10291524,0.02673273,0.03507732,0.01728997,0.35971893,0.00387848,0.01200652,1.18950978,0.84900602,0.74384603,0.92618973,1.1838763738,345,-1.293065485,-0.059985006,-1.229210399,-1.168965999
20121130,20121130,208226.0,01W,NLD,0.062416,2012,11,20121031,20121031,1607.6375143,39.214013835,1607.6375143,0.0656660966,0.0034233114,0.0621111963,0.0336378867,0.121443374,0.0823757138,0.095650078,-0.060832163,-0.063592854,-0.07424804,-0.164296534,0.015290028,-0.046126233,0.00708632,-0.068429169,-0.343007026,,,0.241330508,,,,,,,,,,,,-0.004592058,0.0045920579,-0.003028662,-0.093278964,0.6832405278,,,-0.00747377,-0.009320485,0.0517671696,,,-0.004592058,,,,,,,0.0672681405,0.0757671238,,0.0203703684,-0.417183652,0.1196581197,0.0,,,,,,-0.003016926,-0.001431329,-0.036204905,-0.018386931,,,,,,,-0.86871219,,0.0445919495,,-0.006207618,,,-0.004043331,0.0478674815,-0.07959108,2.1866396646,,,0.999662454,,,,,,,-0.08376441,0.0608581423,2.24427095,1.0263560962,0.9889354368,0.9889354368,0.1565126598,-0.009566136,-0.00907433,,,,,1.0385992031,0.054012612,,14.034255807,0.7620146843,-0.155956744,0.6346566846,0.5108946233,0.3776895068,0.00388926,4371551.7642392,0.63959308,0.00300168,0.60883509,0.0034347,0.00366086,0.00274088,0.00530668,-0.08475202,-0.3439566,1.01465786,0.00545938,-0.1990615,0.00542257,0.32810272,0.01169406,0.02118454,0.00897829,-0.96392016,0.00331334,0.01151297,1.23086336,0.95769293,0.74476056,0.9573430302,0.5457589991,346,-1.580413371,-1.199700112,-1.388848114,-1.083431901
20121231,20121231,208226.0,01W,NLD,0.01912,2012,12,20121130,20121130,1598.3762211,38.98810938,1598.3762211,0.0626657502,0.0034233114,0.0629051756,0.06241559,0.1092657351,0.1993256958,0.0858715101,0.1616075526,0.0382763664,-0.207849515,-0.056668781,0.0261158799,0.0547078753,-0.005283758,-0.068429169,-0.343007026,,,0.241330508,,,,,,,,,,,,-0.004592058,0.0045920579,-0.003028662,-0.093278964,0.6832405278,,,-0.00747377,-0.009320485,0.0517671696,,,-0.004592058,,,,,,,0.0672681405,0.0757671238,,0.0203703684,-0.417183652,0.1196581197,0.0,,,,,,-0.003016926,-0.001431329,-0.036204905,-0.018386931,,,,,,,-0.86871219,,0.0445919495,,-0.006207618,,,-0.004043331,0.0478674815,-0.07959108,2.1866396646,,,0.999662454,,,,,,,-0.08376441,0.0608581423,2.2572746789,1.0323029969,0.9946655152,0.9946655152,0.1574195236,-0.009621564,-0.009126909,,,,,1.0416161699,0.0541695101,,14.003551953,0.7645274816,-0.087357195,0.166411666,0.5276123581,0.4833333333,0.00370735,4353247.00252895,0.64508792,0.00294486,0.61874707,0.00346247,0.0037046,0.00270999,0.01090066,1.09442404,0.03356641,0.5822633,0.0093479,0.27934449,0.00931274,0.28895089,0.02242476,0.03094336,0.01299546,0.72222135,0.00297862,0.01152459,1.27433342,0.96486646,0.74562623,0.9966819945,1.1290610118,347,-1.580413371,-1.190319594,-1.388848114,-1.043587864
20130131,20130131,208226.0,01W,NLD,0.002644,2013,1,20121231,20121231,1628.9369326,39.733556132,1628.9369326,0.0614900694,0.0,0.0663226407,0.0191198487,0.0981530053,0.2046905016,0.1013905514,0.3082467209,0.026734325,-0.203017856,0.087313866,0.0199164238,-0.04350979,0.0037750959,-0.068429169,-0.343007026,,,0.241330508,,,,,,,,,,,,-0.004592058,0.0045920579,-0.003028662,-0.093278964,0.6832405278,,,-0.00747377,-0.009320485,0.0517671696,,,-0.004592058,,,,,,,0.0672681405,0.0757671238,,0.0203703684,-0.417183652,0.1196581197,0.0,,,,,,-0.003016926,-0.001431329,-0.036204905,-0.018386931,,,,,,,-0.86871219,,0.0445919495,,-0.006207618,,,-0.004043331,0.0478674815,-0.07959108,2.1866396646,,,0.999662454,,,,,,,-0.08376441,0.0608581423,2.2149256359,1.0129358173,0.9760044576,0.9760044576,0.1544661541,-0.009441053,-0.008955677,,,,,1.031726564,0.0536551987,,14.10354472,0.7636493325,0.1814319761,0.7647781926,0.6521682341,0.5400758534,0.00484782,4167067.00644834,0.73074073,0.00274194,0.71204749,0.00365089,0.00373352,0.00335423,0.00898142,0.04751868,-0.68212125,1.53943326,0.00892604,0.03089458,0.00880309,0.53061926,0.01067673,0.02033178,0.01184419,-1.92264101,0.00317113,0.01120001,1.1485181,0.97162157,0.74574398,0.9843303464,0.5726904028,348,-1.577566009,-1.21629658,-1.382403204,-0.979311706
20130228,20130228,208226.0,01W,NLD,-0.037626,2013,2,20130131,20130131,1633.2435466,39.838604452,1633.2435466,0.0613279295,0.0,0.0663226407,0.0026438187,0.0827288154,0.2550628188,0.2113402655,0.2261962639,-0.001244366,-0.146616384,0.0429460767,0.0162525822,0.0021121874,0.0012608774,0.0256989374,0.4386237303,,,0.2429501169,,,,,,,,,,,,0.038666399,-0.038666399,-6.565225e-06,-0.020898499,0.6832405278,,,-0.00747377,0.0321880891,0.0517671696,,,0.038666399,,,,,,,0.0898465365,0.1014536778,,0.022761573,-0.417183652,0.1196581197,0.0,,,,,,0.0095299302,0.0043582536,0.0375998405,0.0187559974,,,,,,,1.2333901779,,0.0445919495,,-0.006207618,,1.1303629989,-0.004043331,0.0478674815,-0.07959108,2.2072323933,,,0.999662454,,,,,,,-0.060289933,0.0537254672,2.2984960067,1.0413475327,1.0209987323,0.9686813476,0.2039248225,0.0335189872,-0.008932063,,,,,1.0210026537,0.053583506,,16.320636229,0.7741566992,0.1330433838,0.3631748148,0.6186781609,0.6478268194,0.00515308,3930842.21838768,0.75753005,0.00252543,0.75105615,0.00396362,0.00389052,0.00542934,0.00813614,0.42919207,0.28463727,-0.11421837,0.00825172,0.65365399,0.00812828,0.15811179,0.01386776,0.02632421,0.01077298,0.3620863,0.00319418,0.00996554,1.10506539,0.97183175,0.74521669,0.9285584899,0.8122299989,349,-1.382403204,-0.723619484,-1.349876069,-0.862378965
20130328,20130331,208226.0,01W,NLD,-0.043546,2013,3,20130228,20130228,1571.7918443,38.339654668,1571.7918443,0.0637256424,0.0,0.0663226407,-0.03762556,0.0218142168,0.2042092914,0.3019776061,0.178812723,-0.063230656,-0.159898511,0.0474457218,0.0085188293,0.0254338054,-0.001234023,0.0256989374,0.4386237303,,,0.2429501169,,,,,,,,,,,,0.038666399,-0.038666399,-6.565225e-06,-0.020898499,0.6832405278,,,-0.00747377,0.0321880891,0.0517671696,,,0.038666399,,,,,,,0.0898465365,0.1014536778,,0.022761573,-0.417183652,0.1196581197,0.0,,,,,,0.0095299302,0.0043582536,0.0375998405,0.0187559974,,,,,,,1.2333901779,,0.0445919495,,-0.006207618,,1.1303629989,-0.004043331,0.0478674815,-0.07959108,2.2072323933,,,0.999662454,,,,,,,-0.060289933,0.0537254672,2.3883593643,1.0820606709,1.0609163018,1.0065534857,0.2118975878,0.0348294653,-0.009281276,,,,,1.0408963287,0.0546249896,,16.202850043,0.772071467,0.0465896109,-0.102502722,0.6219777796,0.6118270079,0.00455733,3858709.5186487,0.76644,0.00243102,0.76792902,0.00414085,0.00392544,0.0026088,0.00826735,0.43340599,-0.4652937,1.04496387,0.00763756,0.01423181,0.00786186,0.00444071,0.0127225,0.02188874,0.01462118,-0.80251583,0.00344073,0.00979213,1.10536297,0.93526604,0.74333321,0.9218253837,0.7507310178,350,-1.408861281,-0.727627103,-1.342561927,-0.899775084
20130430,20130430,208226.0,01W,NLD,0.1154,2013,4,20130328,20130331,1503.3458433,36.670097691,1503.3458433,0.0666270143,0.0,0.0663226407,-0.043546479,-0.035081216,0.0798883984,0.1846539509,0.0830720972,-0.065431124,-0.128450993,-0.073382596,0.0112312036,0.0232530416,-0.00017681,0.0256989374,0.4386237303,,,0.2429501169,,,,,,,,,,,,0.038666399,-0.038666399,-6.565225e-06,-0.020898499,0.6832405278,,,-0.00747377,0.0321880891,0.0517671696,,,0.038666399,,,,,,,0.0898465365,0.1014536778,,0.022761573,-0.417183652,0.1196581197,0.0,,,,,,0.0095299302,0.0043582536,0.0375998405,0.0187559974,,,,,,,1.2333901779,,0.0445919495,,-0.006207618,,1.1303629989,-0.004043331,0.0478674815,-0.07959108,2.2072323933,,,0.999662454,,,,,,,-0.060289933,0.0537254672,2.4970992447,1.1313259321,1.1092188787,1.0523809719,0.2215450967,0.03641522,-0.009703844,,,,,1.0639871125,0.0558337273,,16.060321919,0.7743323094,-0.036146276,-0.215166149,0.6188856097,0.5829696268,0.00402263,3461995.29441187,0.68846323,0.00218692,0.70006427,0.00440629,0.00393006,0.00482174,0.00902709,0.48447534,-0.15129168,0.45988244,0.00925096,0.54338266,0.00894955,-0.09500135,0.01395989,0.02979687,0.01373776,0.11098503,0.00357897,0.00965552,1.10213602,0.89453849,0.7431351,0.9170438971,0.8452730132,351,-1.338798855,-0.718369714,-1.338798855,-0.892506306
20130531,20130531,208226.0,01W,NLD,-0.031345,2013,5,20130430,20130430,1676.8319409,40.901826654,1676.8319409,0.0597337411,0.0,0.0663226407,0.1153999915,-0.079533578,-0.000749611,0.1582974356,0.1179458925,0.0823757138,-0.214108085,-0.067155361,0.0278271447,-0.023407784,0.0017697361,0.0298087951,1.0395170562,,,0.1496213829,33.618354827,,,,,,,,,,,0.016745209,-0.016745209,-0.007801722,0.0082952765,0.6832405278,,,-0.00747377,0.0376128876,0.0517671696,,,0.016745209,,,,,,,0.0946173151,0.1049152067,,0.0137671174,-0.417183652,0.1196581197,0.0,,,,,,0.0153767811,0.0069665438,0.005632978,0.0022297432,,,,,,,0.222626752,,0.0445919495,,-0.006207618,,0.6210325486,-0.004043331,0.0478674815,-0.07959108,2.1320995966,,,0.999662454,,,,,,,-0.286700433,0.0360064235,2.1486698232,1.0077717883,0.9315323022,0.9019513125,0.2003589939,0.037905207,-0.008699878,,,,,1.0040862183,0.0528685239,,18.71513735,0.7798630696,-0.09649963,-0.407373958,0.6577426483,0.6074299065,0.00429536,3447633.36767351,0.72415357,0.0021891,0.73715947,0.00445812,0.00398731,0.00239486,0.01010602,0.05124878,-0.09965463,0.94108925,0.01024661,0.29307078,0.01013692,0.04692619,0.02006049,0.02423651,0.01187045,-0.28723241,0.00398122,0.00945448,1.05023614,0.99776823,0.74545453,0.8982319812,1.3149468815,352,-1.165979782,-0.612266443,-0.963200689,-0.763025381
20130628,20130630,208226.0,01W,NLD,-0.07471,2013,6,20130531,20130531,1624.2710494,39.619744401,1624.2710494,0.0616667058,0.0,0.0663226407,-0.031345354,0.0668282489,0.049084639,0.2363475169,0.3367250957,0.1993256958,-0.238834983,0.057684372,0.0197335332,-0.053900569,0.0038530799,0.0298087951,1.0395170562,,,0.1496213829,33.618354827,,,,,,,,,,,0.016745209,-0.016745209,-0.007801722,0.0082952765,0.6832405278,,,-0.00747377,0.0376128876,0.0517671696,,,0.016745209,,,,,,,0.0946173151,0.1049152067,,0.0137671174,-0.417183652,0.1196581197,0.0,,,,,,0.0153767811,0.0069665438,0.005632978,0.0022297432,,,,,,,0.222626752,,0.0445919495,,-0.006207618,,0.6210325486,-0.004043331,0.0478674815,-0.07959108,2.1320995966,,,0.999662454,,,,,,,-0.286700433,0.0360064235,2.2182000913,1.0403829609,0.9616763895,0.9311381684,0.2068425468,0.0391318074,-0.008981404,,,,,1.0209114819,0.053733089,,18.695132725,0.7814859517,-0.01421727,-0.303342942,0.6549287939,0.6078662912,0.0047885,3370571.89650906,0.73904238,0.00210109,0.75993644,0.00463986,0.00412449,0.00492758,0.00936866,-0.43331378,-0.14001799,2.52461534,0.00827558,-0.98895101,0.00723107,-0.89100318,0.01211229,0.01969898,0.01157214,-0.36233567,0.00402977,0.00929557,1.04379349,0.94447583,0.74605865,0.9034075902,0.8344401042,353,-1.171448998,-0.622587085,-0.97062917,-0.771488502
20130731,20130731,208226.0,01W,NLD,0.035348,2013,7,20130628,20130630,1502.9219641,36.659758293,1502.9219641,0.0666458056,0.0,0.0663226407,-0.074709874,0.0804373835,-0.002864373,0.1159438627,0.2242073421,0.2046905016,-0.063173803,-0.021782828,0.0149219836,0.0563357264,-0.001661063,0.0298087951,1.0395170562,,,0.1496213829,33.618354827,,,,,,,,,,,0.016745209,-0.016745209,-0.007801722,0.0082952765,0.6832405278,,,-0.00747377,0.0376128876,0.0517671696,,,0.016745209,,,,,,,0.0946173151,0.1049152067,,0.0137671174,-0.417183652,0.1196581197,0.0,,,,,,0.0153767811,0.0069665438,0.005632978,0.0022297432,,,,,,,0.222626752,,0.0445919495,,-0.006207618,,0.6210325486,-0.004043331,0.0478674815,-0.07959108,2.1320995966,,,0.999662454,,,,,,,-0.286700433,0.0360064235,2.3973022393,1.1243856728,1.039324167,1.0063202256,0.2235434497,0.042291392,-0.009706581,,,,,1.0619969191,0.0558413795,,18.643603064,0.7704628713,-0.085290547,-0.34800124,0.6623692701,0.5506967363,0.00427518,3557740.88152377,0.64314741,0.00223931,0.66689084,0.00456955,0.00420523,0.00440328,0.01135457,0.00577901,0.40861428,1.48534835,0.01137994,0.26062866,0.01022627,-0.05434711,0.01757583,0.02143671,0.01891248,-0.63266407,0.00371284,0.00924871,1.03107056,0.87391416,0.74872583,0.8992144209,1.2746079293,354,-1.171448998,-0.622587085,-0.97062917,-0.589961795
20130830,20130831,208226.0,01W,NLD,-0.018503,2013,8,20130731,20130731,1556.0474629,37.955612629,1556.0474629,0.0643704305,0.0,0.0663226407,0.0353481419,-0.103713421,-0.07979311,-0.001031357,0.1579708453,0.2550628188,-0.075463797,0.0449852749,0.0140458806,0.0087819886,0.0023664682,-0.023289598,1.7740469178,,,0.1778835886,19.28974778,,,,,,,,,,,-0.008102188,0.0081021881,-0.007383269,-0.010195413,0.6832405278,,,-0.00747377,0.0463286547,0.0517671696,,,-0.008102188,,,,,,,0.0975802004,0.1112915016,,0.0199970467,-0.417183652,0.1196581197,1.0,,,,,,0.0248178799,0.0116401128,0.0086061062,0.0039482804,,,,,,,0.5165897278,,0.0445919495,,-0.006207618,,0.7137574487,-0.004043331,0.0478674815,-0.07959108,2.1028259942,,,0.999662454,,,,,,,-0.320112858,0.040674877,2.2923922155,1.0901483156,0.9896221295,0.9437810554,0.2263590538,0.0505051049,-0.009375186,,,,,1.0463778137,0.0548983731,,21.937609452,0.7628631064,-0.060214068,-0.177363395,0.6679563492,0.6078422724,0.00513924,3452255.59941977,0.67528098,0.00219317,0.69097167,0.00457076,0.00436618,0.00424042,0.00857685,1.04501721,0.05959974,1.44133637,0.00763333,0.19613408,0.00797076,0.46781543,0.01681269,0.02995249,0.01079344,0.78121752,0.00385329,0.00916388,1.0240025,0.9048054,0.75111284,0.9134545131,1.2706849433,355,-0.996997205,-0.439116312,-0.929404174,-0.680725148
20130930,20130930,208226.0,01W,NLD,0.087681,2013,9,20130830,20130831,1527.2552199,37.253302932,1527.2552199,0.0655839598,0.0,0.0663226407,-0.018503448,-0.042002587,-0.010016836,-0.02648235,0.1472917291,0.2042092914,0.0810746631,0.073166676,0.005712233,0.0160306897,0.0051464216,-0.023289598,1.7740469178,,,0.1778835886,19.28974778,,,,,,,,,,,-0.008102188,0.0081021881,-0.007383269,-0.010195413,0.6832405278,,,-0.00747377,0.0463286547,0.0517671696,,,-0.008102188,,,,,,,0.0975802004,0.1112915016,,0.0199970467,-0.417183652,0.1196581197,1.0,,,,,,0.0248178799,0.0116401128,0.0086061062,0.0039482804,,,,,,,0.5165897278,,0.0445919495,,-0.006207618,,0.7137574487,-0.004043331,0.0478674815,-0.07959108,2.1028259942,,,0.999662454,,,,,,,-0.320112858,0.040674877,2.3356090353,1.1107000968,1.008278763,0.9615734801,0.2306264381,0.0514572412,-0.009551929,,,,,1.056434336,0.0554054614,,21.986705995,0.7578664445,-0.12200362,-0.281224247,0.6709325397,0.5807840264,0.00474259,3351711.94078073,0.70542875,0.00214093,0.71743584,0.00460447,0.00449099,0.00397763,0.01511589,1.1218785,0.03061538,0.37359257,0.0149939,1.19060251,0.01450834,0.5365017,0.0211556,0.03727454,0.01560924,0.96589203,0.00403437,0.01001375,1.01710687,0.88806338,0.755199,0.9693651626,1.5813087364,356,-1.03079372,-0.439116312,-0.929404174,-0.801742953
20131031,20131031,208226.0,01W,NLD,0.051248,2013,10,20130930,20130930,1692.8348009,40.519723732,1692.8348009,0.0591690607,0.0190635519,0.0474385215,0.0876813743,0.0161906316,0.0159041093,-0.06242213,0.0492898276,0.0798883984,0.1435960075,0.0336378867,0.0106252773,0.0121123482,0.0068360643,-0.023289598,1.7740469178,,,0.1778835886,19.28974778,,,,,,,,,,,-0.008102188,0.0081021881,-0.007383269,-0.010195413,0.6832405278,,,-0.00747377,0.0463286547,0.0517671696,,,-0.008102188,,,,,,,0.0975802004,0.1112915016,,0.0199970467,-0.417183652,0.1196581197,1.0,,,,,,0.0248178799,0.0116401128,0.0086061062,0.0039482804,,,,,,,0.5165897278,,0.0445919495,,-0.006207618,,0.7137574487,-0.004043331,0.0478674815,-0.07959108,2.1028259942,,,0.999662454,,,,,,,-0.320112858,0.040674877,2.107158412,1.0020602836,0.9096569866,0.8675200415,0.2080684017,0.0464241048,-0.008617636,,,,,1.001103219,0.0526107935,,21.727174271,0.8661840911,-0.197961279,-0.207486222,0.5054642506,0.5300446077,0.00328787,3650992.94902236,0.86361023,0.00230388,0.85573989,0.00445519,0.00453425,0.00275913,0.01355262,-0.75789123,0.13615137,0.88324104,0.01158568,-0.58159783,0.01140259,-0.06262328,0.02700692,0.04788742,0.01735594,0.37143546,0.00386067,0.0104581,1.08582171,0.96593,0.75981871,1.0254364325,2.0133218599,357,-1.064590236,-0.439116312,-0.929404174,-0.892506306
20131129,20131130,208226.0,01W,NLD,0.014667,2013,11,20131031,20131031,1779.5884578,42.596260796,1779.5884578,0.0562846115,0.0190635519,0.0474385215,0.0512475623,0.0675555188,-0.009341953,0.0170969663,0.1041516729,-0.000749611,0.5437229149,0.06241559,0.009610002,-0.081362978,0.0214227957,0.0409471241,0.0741106396,,,0.2710821011,0.1597160672,,,,,,,,,,,0.0221367344,-0.022136734,-0.006856544,0.0335124162,0.6762948782,,,0.078538048,0.0899804109,0.0522832433,,,0.0221367344,,,,,,,0.0734042904,0.0773083532,,0.0051927517,0.0405446821,0.0317460317,2.0,,,,,,0.0445514935,0.021186486,0.047568419,0.0226178154,,,,,,,1.7412537238,,0.0509281053,,0.0845289434,,0.8529682148,0.042805069,0.0489247764,0.0468484,2.1148547945,,,0.9996014979,,,,,,,-0.358031076,0.0569815332,2.1104375684,0.9979113336,0.9400987415,0.9400987415,0.1518682687,0.0897924718,0.0903374257,,,,,1.0125507177,0.0532203253,,13.786660439,0.8904976485,-0.209317319,-1.088228113,0.4831044637,0.6199055786,0.00428875,3749650.54692217,0.82352154,0.00231326,0.82199874,0.0044477,0.00456539,0.00249643,0.00753571,-0.11368466,0.43818612,0.45982923,0.00707989,-0.29408071,0.00737687,0.24075902,0.01528809,0.02100555,0.00938857,0.1169626,0.00350454,0.01054373,1.07188746,0.96619076,0.74009173,1.0410484009,1.1371315101,358,0.499801941,0.4806703195,1.1891839285,-0.900986161
20131231,20131231,208226.0,01W,NLD,0.047794,2013,12,20131129,20131130,1695.698994,40.588281107,1695.698994,0.0633012016,0.0190635519,0.0439637777,0.0146673294,0.1434223933,0.0751270974,0.1110235907,0.0925449188,0.049084639,0.6573686704,0.0191198487,0.0092052276,0.0561375985,0.0105784212,0.0409471241,0.0741106396,,,0.2710821011,0.1597160672,,,,,,,,,,,0.0221367344,-0.022136734,-0.006856544,0.0335124162,0.6762948782,,,0.078538048,0.0899804109,0.0522832433,,,0.0221367344,,,,,,,0.0734042904,0.0773083532,,0.0051927517,0.0405446821,0.0317460317,2.0,,,,,,0.0445514935,0.021186486,0.047568419,0.0226178154,,,,,,,1.7412537238,,0.0509281053,,0.0845289434,,0.8529682148,0.042805069,0.0489247764,0.0468484,2.1148547945,,,0.9996014979,,,,,,,-0.358031076,0.0569815332,2.2148449406,1.0472799108,0.9866072195,0.9866072195,0.1593814816,0.0942346767,0.0948065904,,,,,1.0377659766,0.0545456557,,13.512255951,0.9065441952,-0.459993974,-0.892379329,0.4875816993,0.5717592593,0.00451873,3789563.69103598,0.80294996,0.00233225,0.80315712,0.00438388,0.00464162,0.00374537,0.00720484,0.48557173,0.35103426,2.37546565,0.0074846,0.70802872,0.00746886,0.74599332,0.01492954,0.02451278,0.01030523,0.67598678,0.00337899,0.01025653,1.08691905,0.92064471,0.75418851,1.0732020118,1.1272582357,359,0.499801941,0.5689895135,1.1891839285,-0.893465219
20140131,20140131,208226.0,01W,NLD,-0.032983,2014,1,20131231,20131231,1819.1400475,42.528151107,1819.1400475,0.0590057835,0.0433806979,0.0203817847,0.0477938446,0.0666665566,0.1789776092,0.178645188,0.0877716065,-0.002864373,0.5238892357,0.0026438187,0.0133097754,-0.025544217,0.0159752674,0.0409471241,0.0741106396,,,0.2710821011,0.1597160672,,,,,,,,,,,0.0221367344,-0.022136734,-0.006856544,0.0335124162,0.6762948782,,,0.078538048,0.0899804109,0.0522832433,,,0.0221367344,,,,,,,0.0734042904,0.0773083532,,0.0051927517,0.0405446821,0.0317460317,2.0,,,,,,0.0445514935,0.021186486,0.047568419,0.0226178154,,,,,,,1.7412537238,,0.0509281053,,0.0845289434,,0.8529682148,0.042805069,0.0489247764,0.0468484,2.1148547945,,,0.9996014979,,,,,,,-0.358031076,0.0569815332,2.0645526125,0.9762148294,0.9196591938,0.9196591938,0.1485663616,0.0878402115,0.088373317,,,,,1.0010826443,0.0526175559,,13.907255734,0.9003685507,-0.362262987,-0.485352287,0.3997029115,0.5913461538,0.00489737,3680355.37757033,0.87289988,0.00222103,0.87168447,0.00447909,0.00465763,0.00341718,0.0100629,-0.41649502,-0.01639471,0.89446548,0.00960658,-0.20455703,0.01030479,-0.25134797,0.01587751,0.02415571,0.01304939,-0.60655617,0.0036028,0.01030608,1.07748614,0.96464586,0.7657702,1.0706088575,1.1908446323,360,0.499801941,0.5689895135,1.1891839285,-0.893465219
20140228,20140228,208226.0,01W,NLD,0.095021,2014,2,20140131,20140131,1759.139615,41.125451264,1759.139615,0.0610183427,0.0433806979,0.0203817847,-0.032982855,0.0631621821,0.1931498516,0.1072056502,0.1367550194,-0.07979311,0.75679629,-0.03762556,0.0137318394,-0.002010095,0.0168568332,0.0498527638,-0.055393044,,,0.2038968518,0.29194513,,,,,,,,,,,0.0097374209,-0.009737421,-0.007607946,0.0490044956,0.6762948782,,,0.078538048,0.096057557,0.0522832433,,,0.0097374209,,,,,,,0.0817682695,0.0886008398,,0.01242226,0.0405446821,0.0317460317,3.0,,,,,,0.021543917,0.0101869486,0.0120139868,0.005828695,,,,,,,0.5218722917,,0.0509281053,,0.0845289434,,0.8744126089,0.042805069,0.0489247764,0.0468484,2.0809620533,,,0.9996014979,,,,,,,-0.323591282,0.0512369629,2.2403856974,1.0766105484,0.9697446551,0.9419140015,0.1788429704,0.1034165791,0.0913875389,,,,,1.039451051,0.0535374154,,12.642469281,0.8776271946,-0.167019476,0.2070097491,0.422518231,0.5003401361,0.00428627,4139948.38551004,0.79464298,0.00245207,0.80641819,0.00436726,0.00459132,0.00424596,0.00949665,0.3641728,0.13296863,-0.77147875,0.00976809,0.61114218,0.00933554,0.44988894,0.01173034,0.02023413,0.00998649,0.19085412,0.00315757,0.01043373,1.00695471,0.93282909,0.75662386,1.0597432476,0.8823145623,361,0.3963946428,0.7127180599,1.0857766304,-0.830765906
20140331,20140331,208226.0,01W,NLD,-0.023925,2014,3,20140228,20140228,1926.2951742,45.033241038,1926.2951742,0.055723435,0.0433806979,0.0203817847,0.0950212011,0.0132346121,0.1755480551,0.1053339306,0.1422389739,-0.010016836,0.8272236125,-0.043546479,0.0263289013,0.0348823759,0.014345998,0.0498527638,-0.055393044,,,0.2038968518,0.29194513,,,,,,,,,,,0.0097374209,-0.009737421,-0.007607946,0.0490044956,0.6762948782,,,0.078538048,0.096057557,0.0522832433,,,0.0097374209,,,,,,,0.0817682695,0.0886008398,,0.01242226,0.0405446821,0.0317460317,3.0,,,,,,0.021543917,0.0101869486,0.0120139868,0.005828695,,,,,,,0.5218722917,,0.0509281053,,0.0845289434,,0.8744126089,0.042805069,0.0489247764,0.0468484,2.0809620533,,,0.9996014979,,,,,,,-0.323591282,0.0512369629,2.0459747219,0.9831869441,0.8855944105,0.8601787806,0.1633237513,0.0944425359,0.0834573238,,,,,0.9909615914,0.0510510663,,13.223073508,0.9011137013,-0.260114078,0.1225542082,0.4234088457,0.454277865,0.00541959,4179294.83176373,0.78442144,0.00243059,0.81474468,0.00446197,0.00466196,0.00392893,0.00950926,1.02381936,-0.0374353,0.49613533,0.0083472,0.61467669,0.00842515,0.27151952,0.01754266,0.03185181,0.01063108,0.57890979,0.00287847,0.01054102,0.94670893,1.0,0.76199624,1.1085920978,1.3458233808,362,0.3481553119,0.702869399,1.1837280605,-0.980714791
20140430,20140430,208226.0,01W,NLD,0.043857,2014,4,20140331,20140331,1880.2087115,43.955824239,1880.2087115,0.0570892919,0.0433806979,0.0203817847,-0.023924922,0.0589042756,0.1834808186,0.3080914344,0.3077226086,0.0159041093,0.7334477265,0.1153999915,0.013663,-0.001995771,0.0165225993,0.0498527638,-0.055393044,,,0.2038968518,0.29194513,,,,,,,,,,,0.0097374209,-0.009737421,-0.007607946,0.0490044956,0.6762948782,,,0.078538048,0.096057557,0.0522832433,,,0.0097374209,,,,,,,0.0817682695,0.0886008398,,0.01242226,0.0405446821,0.0317460317,3.0,,,,,,0.021543917,0.0101869486,0.0120139868,0.005828695,,,,,,,0.5218722917,,0.0509281053,,0.0845289434,,0.8744126089,0.042805069,0.0489247764,0.0468484,2.0809620533,,,0.9996014979,,,,,,,-0.323591282,0.0512369629,2.096124334,1.007286188,0.9073015292,0.8812629278,0.1673270377,0.0967574504,0.0855029758,,,,,1.0038730301,0.0517132201,,13.073302762,0.9051580301,-0.044239205,0.4020597129,0.4268959436,0.5648547881,0.0055972,3630615.99766508,0.62925887,0.00205248,0.63689612,0.00488609,0.00478495,0.00652388,0.01225956,0.36565339,-0.04469272,0.17156602,0.01134336,0.77603829,0.01245734,0.72335088,0.01465434,0.02637356,0.01317484,-0.08272735,0.00310618,0.01083516,0.85331896,0.97607508,0.76183541,1.0851316066,1.1293439993,363,0.3619255435,0.7223800136,1.0857766304,-0.932054649
20140530,20140531,208226.0,01W,NLD,0.050964,2014,5,20140430,20140430,1962.6694319,45.883604336,1962.6694319,0.0546907096,0.0433806979,0.0203817847,0.0438572164,0.0688229038,0.098852614,0.2332039791,0.1443746246,-0.009341953,0.7685203854,-0.031345354,0.0204995973,-0.030983787,0.0196606056,0.0580905432,-0.054996011,,,0.0895542859,-0.103865658,,,,,,,,,,,0.0156855765,-0.015685576,0.0076903556,0.0527887331,0.6762948782,,,0.078538048,0.1036210098,0.0522832433,,,0.0156855765,,,,,,,0.0856324398,0.0925288227,,0.0214198388,0.0405446821,0.0317460317,4.0,,,,,,0.021218958,0.0101967059,0.005842177,0.0032301621,,,,,,,0.2586928967,,0.0509281053,,0.0845289434,,1.0266902508,0.042805069,0.0489247764,0.0468484,2.015884768,,,0.9996014979,,,,,,,0.1772392328,0.0280294189,1.942383127,0.9635387686,0.8263340352,0.7847285017,0.1617651123,0.0998428602,0.0819106047,,,,,0.9795704325,0.0505403075,,13.1847653,0.9156550739,-0.418068846,0.0584630133,0.419657171,0.4731293518,0.00504754,3490896.78401687,0.63806005,0.00195709,0.64834891,0.00501627,0.00483259,0.00424934,0.00737343,-1.20848141,0.01602275,0.47437111,0.00751989,-1.57605917,0.0078348,-1.31093175,0.01248181,0.0154957,0.00893457,-0.72787484,0.0032442,0.01060747,0.8841669,1.0,0.76332333,1.1041977197,0.9792640116,364,0.6506264523,0.7698093418,1.2133304111,-0.718369714
20140630,20140630,208226.0,01W,NLD,0.022646,2014,6,20140530,20140531,2062.6946142,48.222009274,2062.6946142,0.0520386213,0.0433806979,0.0203817847,0.0509638458,0.0188830135,0.1304643381,0.3115572032,0.2332194097,0.0751270974,0.5840385448,-0.074709874,0.031924481,-0.004319845,0.0146726926,0.0580905432,-0.054996011,,,0.0895542859,-0.103865658,,,,,,,,,,,0.0156855765,-0.015685576,0.0076903556,0.0527887331,0.6762948782,,,0.078538048,0.1036210098,0.0522832433,,,0.0156855765,,,,,,,0.0856324398,0.0925288227,,0.0214198388,0.0405446821,0.0317460317,4.0,,,,,,0.021218958,0.0101967059,0.005842177,0.0032301621,,,,,,,0.2586928967,,0.0509281053,,0.0845289434,,1.0266902508,0.042805069,0.0489247764,0.0468484,2.015884768,,,0.9996014979,,,,,,,0.1772392328,0.0280294189,1.8481921473,0.9168143818,0.7862630465,0.7466750686,0.1539207204,0.095001232,0.0779385562,,,,,0.9523748751,0.0491870602,,13.482924628,0.9701126573,-0.128051348,0.2563112006,0.3950583349,0.5410905168,0.00522756,3388326.60052868,0.66868551,0.00184942,0.6916582,0.00513349,0.00485537,0.00355333,0.00853732,-0.2176862,-0.66153595,0.949139,0.00783084,-0.66859563,0.00769493,-0.56937997,0.01269367,0.01654834,0.00997629,-0.90447757,0.00337698,0.01054567,0.87887072,1.0,0.76279923,1.1159534697,1.0048722974,365,0.6506264523,0.8032793132,1.2133304111,-0.750297257
20140731,20140731,208226.0,01W,NLD,0.012813,2014,7,20140630,20140630,2109.4069012,49.314056694,2109.4069012,0.0508862391,0.0433806979,0.0203817847,0.0226462447,0.0970561947,0.1338844511,0.2672821607,0.4007163559,0.1789776092,0.5283115501,0.0353481419,0.030769763,0.0530848308,0.0086872913,0.0580905432,-0.054996011,,,0.0895542859,-0.103865658,,,,,,,,,,,0.0156855765,-0.015685576,0.0076903556,0.0527887331,0.6762948782,,,0.078538048,0.1036210098,0.0522832433,,,0.0156855765,,,,,,,0.0856324398,0.0925288227,,0.0214198388,0.0405446821,0.0317460317,4.0,,,,,,0.021218958,0.0101967059,0.005842177,0.0032301621,,,,,,,0.2586928967,,0.0509281053,,0.0845289434,,1.0266902508,0.042805069,0.0489247764,0.0468484,2.015884768,,,0.9996014979,,,,,,,0.1772392328,0.0280294189,1.8072643956,0.8965117572,0.7688514485,0.7301401364,0.1505121847,0.0928974536,0.0762126264,,,,,0.9401850517,0.0485796039,,13.612480461,0.9665499624,0.0249755768,0.2578109213,0.3888278053,0.6271284271,0.00457353,3581033.47260293,0.56815067,0.00188279,0.58481713,0.00507287,0.00488593,0.00234171,0.0085619,0.92906428,-0.07990254,1.3195009,0.00823859,0.579468,0.00849435,0.19313215,0.01351397,0.03050372,0.0100056,1.0772467,0.00279522,0.01024412,0.65623036,0.96423324,0.77128618,1.1552930792,1.1499308955,366,0.6506264523,0.8032793132,1.2133304111,-0.750297257
20140829,20140831,208226.0,01W,NLD,-0.014006,2014,8,20140731,20140731,2136.4350245,49.945924546,2136.4350245,0.0502424753,0.0433806979,0.0203817847,0.0128131388,0.0747642302,0.1991128408,0.2328031847,0.3835320346,0.1931498516,0.4412183698,-0.018503448,0.0336167254,0.0466101774,0.0078539338,0.0807056937,-0.136805414,,,0.0523179326,-0.281825723,,,,,,,,,,,0.0258880534,-0.025888053,0.0065854763,0.0521823669,0.6762948782,,,0.078538048,0.0870520933,0.0522832433,,,0.0258880534,,,,,,,0.0819288752,0.0892563886,,0.0339362908,0.0405446821,0.0317460317,5.0,,,,,,0.0059014026,0.0029274504,-0.018916477,-0.008712662,,,,,,,-0.889050141,,0.0509281053,,0.0845289434,,1.0175044408,0.042805069,0.0489247764,0.0468484,2.0316143755,,,0.9996014979,,,,,,,0.0376412548,0.0320913176,1.8043862759,0.8881539222,0.767491752,0.7062575745,0.1423114122,0.0773156581,0.0752484575,,,,,0.9344494762,0.0482349283,,13.714585163,0.9636658483,0.224489132,0.6101170284,0.3913552843,0.5812392918,0.00544471,3253854.92715413,0.53197465,0.00164753,0.53167685,0.00531877,0.00491761,0.00479644,0.0080765,0.41787669,0.28745834,-0.00300011,0.00744968,0.25658097,0.00777456,0.26209002,0.01340489,0.02192715,0.00909426,0.7832216,0.00287567,0.01020238,0.5213614,0.97658809,0.77236127,1.1439978986,1.1526652665,367,0.7461240051,0.702869399,1.350129152,-0.750297257
20140930,20140930,208226.0,01W,NLD,-0.105543,2014,9,20140829,20140831,2106.5119685,49.24637849,2106.5119685,0.0509561709,0.0433806979,0.0203817847,-0.014006069,0.0357495529,0.1090901608,0.2305503752,0.4276763575,0.1755480551,0.2038453632,0.0876813743,0.0243724124,0.0306984183,0.004902037,0.0807056937,-0.136805414,,,0.0523179326,-0.281825723,,,,,,,,,,,0.0258880534,-0.025888053,0.0065854763,0.0521823669,0.6762948782,,,0.078538048,0.0870520933,0.0522832433,,,0.0258880534,,,,,,,0.0819288752,0.0892563886,,0.0339362908,0.0405446821,0.0317460317,5.0,,,,,,0.0059014026,0.0029274504,-0.018916477,-0.008712662,,,,,,,-0.889050141,,0.0509281053,,0.0845289434,,1.0175044408,0.042805069,0.0489247764,0.0468484,2.0316143755,,,0.9996014979,,,,,,,0.0376412548,0.0320913176,1.8300176288,0.9007701712,0.7783939918,0.7162899813,0.1443329494,0.078413929,0.0763173637,,,,,0.9421835296,0.0486168138,,13.634770703,0.9343066375,0.4957156192,0.686786549,0.3901813519,0.6327323162,0.00479857,3402594.93751909,0.57420338,0.00168792,0.57192084,0.00523404,0.00493382,0.00447863,0.00826417,0.2138097,0.00317107,1.09206274,0.00697444,0.76641319,0.00733407,1.14767238,0.01381178,0.01587354,0.01111742,0.08130049,0.00292643,0.00954311,0.5185082,0.96290993,0.77569738,1.1273240114,1.2340487961,368,0.7561334446,0.7127180599,1.3188374033,-0.727627103
20141031,20141031,208226.0,01W,NLD,0.035244,2014,10,20140930,20140930,1884.1834782,44.04874698,1884.1834782,0.0569688595,0.0238622469,0.0392659039,-0.105543426,-0.001372392,0.1203607108,0.1579713016,0.2942027485,0.1834808186,0.3144695379,0.0512475623,0.0101186862,0.0790910668,0.0025831134,0.0807056937,-0.136805414,,,0.0523179326,-0.281825723,,,,,,,,,,,0.0258880534,-0.025888053,0.0065854763,0.0521823669,0.6762948782,,,0.078538048,0.0870520933,0.0522832433,,,0.0258880534,,,,,,,0.0819288752,0.0892563886,,0.0339362908,0.0405446821,0.0317460317,5.0,,,,,,0.0059014026,0.0029274504,-0.018916477,-0.008712662,,,,,,,-0.889050141,,0.0509281053,,0.0845289434,,1.0175044408,0.042805069,0.0489247764,0.0468484,2.0316143755,,,0.9996014979,,,,,,,0.0376412548,0.0320913176,2.0459546972,1.0070585845,0.8702423511,0.8008102374,0.1613638421,0.0876665579,0.0853226036,,,,,1.0039196715,0.051655436,,12.962355919,0.9704559523,0.5028806317,1.4269076683,0.4581536065,0.6057692308,0.00476825,3615944.05897826,0.67863025,0.00177179,0.673619,0.00510573,0.0051091,0.00324261,0.00814497,-0.35733081,0.12205418,0.66129777,0.00625257,0.94031925,0.00629973,0.40271751,0.00495061,0.00737107,0.00889332,-0.64149727,0.00274759,0.00904628,0.38748943,0.86128112,0.77488174,1.0940169696,0.4721556291,369,0.9400193422,0.7552154688,1.3229901853,-0.642667965
20141128,20141130,208226.0,01W,NLD,0.049911,2014,11,20141031,20141031,1950.5891818,45.60119029,1950.5891818,0.0550294162,0.0238622469,0.0392659039,0.0352437564,-0.118071246,-0.03998939,0.0710823985,0.1011755917,0.098852614,0.2567823037,0.0146673294,0.0119892705,-0.063150521,0.0144175069,0.023269869,0.1849001692,,,-0.000106115,-0.163835924,,,,,,,,,,,-0.017366582,0.0173665817,0.0068020947,0.0318832694,0.7203620258,,,0.0739129055,0.0719657415,0.0648898221,,,-0.017366582,,,,,,,0.084285424,0.0900794597,,0.0096965426,0.1318449378,0.0458015267,0.0,,,,,,0.0247236453,0.0121694578,-0.019827848,-0.009017028,,,,,,,-0.880777127,,0.0617020413,,0.079012714,,1.0193706784,0.0358225959,0.0602988939,-0.006982473,2.0243893117,,,0.9996077259,,,,,1156.7015414,,-0.121797991,0.0273160359,1.9702278988,0.9732455548,0.8234677418,0.8234677418,0.1641733169,0.070040338,0.0705786779,,,,,0.9994906029,0.065151996,,14.69124752,0.9890083839,0.2223620652,0.2095560927,0.5285437833,0.6764705882,0.00473291,3675095.92713092,0.65106547,0.00180533,0.64433242,0.00504181,0.00516035,0.00379547,0.01078765,-0.59799512,0.01576113,1.02182727,0.01021314,-0.38405219,0.01056316,-0.273081,0.01624109,0.02228537,0.01337755,-0.71943434,0.00286209,0.00934266,0.45430566,0.8916359,0.78144672,1.0675204161,1.4972954655,370,0.9134311335,0.3611900068,1.5338749223,-0.537811337
20141231,20141231,208226.0,01W,NLD,-0.060724,2014,12,20141128,20141130,1938.4201133,45.316699833,1938.4201133,0.0532344261,0.0238622469,0.0313815656,0.0499109529,-0.074019416,-0.054349021,0.0126117783,0.1235063187,0.1304643381,0.283794273,0.0477938446,0.0121817349,0.0338210912,0.0060871181,0.023269869,0.1849001692,,,-0.000106115,-0.163835924,,,,,,,,,,,-0.017366582,0.0173665817,0.0068020947,0.0318832694,0.7203620258,,,0.0739129055,0.0719657415,0.0648898221,,,-0.017366582,,,,,,,0.084285424,0.0900794597,,0.0096965426,0.1318449378,0.0458015267,0.0,,,,,,0.0247236453,0.0121694578,-0.019827848,-0.009017028,,,,,,,-0.880777127,,0.0617020413,,0.079012714,,1.0193706784,0.0358225959,0.0602988939,-0.006982473,2.0243893117,,,0.9996077259,,,,,1156.7015414,,-0.121797991,0.0273160359,1.9825966511,0.9793554232,0.8286373308,0.8286373308,0.1652039688,0.0704800392,0.0710217587,,,,,1.0029219177,0.065375667,,14.662105303,0.9995606385,0.2430896111,0.1590248472,0.4871794872,0.7491263832,0.00505352,3698796.4874498,0.65432968,0.00183423,0.64217453,0.00502028,0.00520928,0.00293167,0.00853323,-0.73750594,-0.28908428,1.25271415,0.00751013,0.7000123,0.00744938,0.41183773,0.01258521,0.01894059,0.00907217,-0.64779029,0.00275478,0.00940844,0.48503426,0.88607328,0.78064052,1.0707678283,1.167635537,371,0.905203811,0.394025462,1.5318833724,-0.462949371
20150130,20150131,208226.0,01W,NLD,0.048589,2015,1,20141231,20141231,1820.7107795,42.564871934,1820.7107795,0.0566760429,0.0,0.0549635586,-0.060724367,0.0869137588,-0.029137079,0.0892114977,0.1257764071,0.1338844511,0.3196420758,-0.032982855,0.0096597793,0.0076871287,0.0091098216,0.023269869,0.1849001692,,,-0.000106115,-0.163835924,,,,,,,,,,,-0.017366582,0.0173665817,0.0068020947,0.0318832694,0.7203620258,,,0.0739129055,0.0719657415,0.0648898221,,,-0.017366582,,,,,,,0.084285424,0.0900794597,,0.0096965426,0.1318449378,0.0458015267,0.0,,,,,,0.0247236453,0.0121694578,-0.019827848,-0.009017028,,,,,,,-0.880777127,,0.0617020413,,0.079012714,,1.0193706784,0.0358225959,0.0602988939,-0.006982473,2.0243893117,,,0.9996077259,,,,,1156.7015414,,-0.121797991,0.0273160359,2.1107719405,1.0426709568,0.8822089081,0.8822089081,0.17588444,0.0750365885,0.0756133303,,,,,1.0373703321,0.0676211938,,14.360109431,1.012616615,0.1952531631,0.0894453061,0.7002136752,0.7271083191,0.00541751,3422376.97042526,0.69411124,0.00173387,0.67775877,0.00513496,0.00525082,0.00719571,0.01186887,0.02439866,-0.04848961,0.22465481,0.01119378,0.12098399,0.01159734,0.21693085,0.0152618,0.02054603,0.01319922,0.23012445,0.00324845,0.00958211,0.46617688,0.83226705,0.78448399,1.0581790365,1.4088290356,372,0.905203811,0.4065891776,1.5318833724,-0.569447298
20150227,20150228,208226.0,01W,NLD,0.045115,2015,2,20150130,20150131,1934.4210943,44.633037193,1934.4210943,0.0533444774,0.0132227821,0.0418274344,0.0485885465,-0.013844225,-0.099628697,-0.019914023,0.093480455,0.1991128408,0.3388010572,0.0950212011,0.0054386289,0.0072631889,0.009462874,-0.094820763,-0.083780192,,,-0.020944647,0.2450822331,,,,,,,,,,,-0.060383858,0.060383858,0.0070655767,-0.041859133,0.7203620258,,,0.0739129055,0.0640170339,0.0648898221,,,-0.060383858,,,,,,,0.076779082,0.0920919982,,0.0294432795,0.1318449378,0.0458015267,0.0,,,,,,0.0070707126,0.0034927632,-0.014473204,-0.006694185,,,,,,,-1.086341006,,0.0617020413,,0.079012714,,1.0211195949,0.0358225959,0.0602988939,-0.006982473,2.0448775133,,,0.9996077259,,,,,,,-0.054326861,0.0161438514,1.8441942542,0.9018604988,0.7705147313,0.7162156045,0.1490118617,0.0577344341,0.0711685816,,,,,0.9428163333,0.0654495057,,14.442325532,1.0107121545,0.1475875783,-0.277013119,0.5904348919,0.6052110164,0.00432093,3746490.25226069,0.70021797,0.00193587,0.6824032,0.00489422,0.00524777,0.00294657,0.0094787,-0.80802803,0.33718183,0.71134836,0.00899759,-0.7876094,0.01005034,-0.6592302,0.01485343,0.01942352,0.01132394,-0.58278252,0.00327053,0.00959184,0.40462833,0.87270569,0.78330908,1.013645105,1.3578932046,373,0.6154574549,0.0497245158,1.5298513879,-0.451143695
20150331,20150331,208226.0,01W,NLD,-0.017832,2015,3,20150227,20150228,2021.6923375,46.646652872,2021.6923375,0.0510417339,0.0132227821,0.0418274344,0.045114915,-0.015086329,-0.042469729,-0.022129131,0.0471131333,0.1090901608,0.5082443382,-0.023924922,0.0117149777,0.0219468436,0.0109239019,-0.094820763,-0.083780192,,,-0.020944647,0.2450822331,,,,,,,,,,,-0.060383858,0.060383858,0.0070655767,-0.041859133,0.7203620258,,,0.0739129055,0.0640170339,0.0648898221,,,-0.060383858,,,,,,,0.076779082,0.0920919982,,0.0294432795,0.1318449378,0.0458015267,0.0,,,,,,0.0070707126,0.0034927632,-0.014473204,-0.006694185,,,,,,,-1.086341006,,0.0617020413,,0.079012714,,1.0211195949,0.0358225959,0.0602988939,-0.006982473,2.0448775133,,,0.9996077259,,,,,,,-0.054326861,0.0161438514,1.7645851454,0.8629295075,0.7372535979,0.6852984243,0.142579404,0.0552421875,0.0680964175,,,,,0.9186669313,0.063875097,,14.653457722,1.0024000051,0.1646836905,-0.03166564,0.586849639,0.6358232613,0.00366231,4289596.32363465,0.73568695,0.00221914,0.71019252,0.0046856,0.00505494,0.00451424,0.0129416,1.19546613,-0.05306582,1.18002618,0.01058226,1.58456182,0.01111968,0.72105504,0.02259827,0.04405752,0.01589118,0.81807533,0.00298766,0.00994571,0.42557173,0.91207773,0.78329231,1.0525953275,1.9891422518,374,0.6154574549,0.0497245158,1.5298513879,-0.483368245
20150430,20150430,208226.0,01W,NLD,-0.003353,2015,4,20150331,20150331,1985.6418859,45.814858207,1985.6418859,0.0519684254,0.0132227821,0.0418274344,-0.017831819,0.0958955296,0.1188124686,-0.000644225,0.1211776414,0.1203607108,0.4012016916,0.0438572164,0.0061068836,0.0035342814,0.010903095,-0.094820763,-0.083780192,,,-0.020944647,0.2450822331,,,,,,,,,,,-0.060383858,0.060383858,0.0070655767,-0.041859133,0.7203620258,,,0.0739129055,0.0640170339,0.0648898221,,,-0.060383858,,,,,,,0.076779082,0.0920919982,,0.0294432795,0.1318449378,0.0458015267,0.0,,,,,,0.0070707126,0.0034927632,-0.014473204,-0.006694185,,,,,,,-1.086341006,,0.0617020413,,0.079012714,,1.0211195949,0.0358225959,0.0602988939,-0.006982473,2.0448775133,,,0.9996077259,,,,,,,-0.054326861,0.0161438514,1.7966221868,0.8785964808,0.750638854,0.6977404048,0.1451680137,0.0562451407,0.0693327465,,,,,0.9284911174,0.0645161875,,14.568491933,1.0160906771,0.2265376795,0.2447028729,0.5801581596,0.6390853371,0.00469156,4351530.13226884,0.658239,0.00226446,0.64224923,0.00467655,0.00497317,0.00389144,0.0090124,-0.10778955,-0.25260487,1.69564975,0.00914991,-0.20648829,0.00822124,0.23141063,0.01528719,0.02783473,0.01416518,-0.34482282,0.00297483,0.00965931,0.5258188,0.89581373,0.784447,1.0655367306,1.3335617416,375,0.6266795614,0.0,1.5318833724,-0.360521053
20150529,20150531,208226.0,01W,NLD,-0.021476,2015,5,20150430,20150430,1978.9837005,45.661233416,1978.9837005,0.0521432704,0.0132227821,0.0418274344,-0.003353165,0.0264786151,0.0614524362,-0.030882,0.0549191858,-0.03998939,0.5651216473,0.0509638458,0.0011689735,-0.059186888,0.0190897091,-0.100395338,0.0899108101,,,-0.024910051,1.1006415124,,,,,,,,,,,-0.045935515,0.0459355146,-0.000551522,-0.073369104,0.7203620258,,,0.0739129055,0.0758021427,0.0648898221,,,-0.045935515,,,,,,,0.0955669434,0.1140129646,,0.0200320711,0.1318449378,0.0458015267,0.0,,,,,,0.0302541268,0.0147950802,0.0090351688,0.0045983743,,,,,,,0.1485263771,,0.0617020413,,0.079012714,,1.026865275,0.0358225959,0.0602988939,-0.006982473,2.0918270026,,,0.9996077259,,,,,,,-0.462224,0.0130904044,1.7329719579,0.8284489854,0.7399169763,0.7052019588,0.1748560909,0.0627982082,0.0695660128,,,,,0.8993954858,0.0646360015,,15.266762575,1.0011101639,0.0701118476,-0.157980189,0.5746621832,0.7132064364,0.00508623,4380350.58408894,0.66118254,0.00226171,0.65068241,0.00472519,0.0049739,0.00521983,0.00965382,0.62135323,0.40981564,0.49515536,0.01010746,0.88573182,0.0095092,0.86366923,0.01349173,0.02166354,0.01039763,0.60716033,0.00284864,0.00983243,0.4583268,0.89280992,0.78372294,1.0456335111,1.1686565561,376,0.6506264523,-0.048790701,1.4243443956,-0.411267493
20150630,20150630,208226.0,01W,NLD,-0.066455,2015,6,20150529,20150531,2129.9497043,44.680604471,2129.9497043,0.0484474737,0.1144502244,-0.053397652,-0.021476182,-0.021125191,0.0076027951,-0.020411427,0.0003977507,-0.054349021,0.9533356729,0.0226462447,-0.002842156,-0.012754584,0.0196157022,-0.100395338,0.0899108101,,,-0.024910051,1.1006415124,,,,,,,,,,,-0.045935515,0.0459355146,-0.000551522,-0.073369104,0.7203620258,,,0.0739129055,0.0758021427,0.0648898221,,,-0.045935515,,,,,,,0.0955669434,0.1140129646,,0.0200320711,0.1318449378,0.0458015267,0.0,,,,,,0.0302541268,0.0147950802,0.0090351688,0.0045983743,,,,,,,0.1485263771,,0.0617020413,,0.079012714,,1.026865275,0.0358225959,0.0602988939,-0.006982473,2.0918270026,,,0.9996077259,,,,,,,-0.462224,0.0130904044,1.6101428363,0.7697304004,0.6874733393,0.6552188435,0.1624626877,0.0583472136,0.0646353316,,,,,0.860882686,0.0620242979,,15.554991886,0.9796840484,-0.064935188,-0.437428259,0.288974359,0.6706495098,0.00488804,4520224.67554642,0.65956603,0.0023171,0.65241303,0.00470586,0.005,0.00582058,0.01588543,1.01903461,0.43699538,0.99521804,0.01063561,0.40441697,0.01004281,0.73648604,0.02401283,0.03326488,0.01836125,0.18261917,0.00318867,0.01050053,0.37596012,0.87363577,0.76724707,1.0512419975,1.9547284823,377,0.6641112967,0.082874193,1.4179673633,-0.483368245
20150731,20150731,208226.0,01W,NLD,0.04069,2015,7,20150630,20150630,1988.4048355,41.711374592,1988.4048355,0.0518962137,0.1144502244,-0.053397652,-0.066454559,-0.024757334,0.0497060708,0.0716571138,-0.042764757,-0.029137079,0.9614896884,0.0128131388,-0.010048311,0.0374432451,0.0151488812,-0.100395338,0.0899108101,,,-0.024910051,1.1006415124,,,,,,,,,,,-0.045935515,0.0459355146,-0.000551522,-0.073369104,0.7203620258,,,0.0739129055,0.0758021427,0.0648898221,,,-0.045935515,,,,,,,0.0955669434,0.1140129646,,0.0200320711,0.1318449378,0.0458015267,0.0,,,,,,0.0302541268,0.0147950802,0.0090351688,0.0045983743,,,,,,,0.1485263771,,0.0617020413,,0.079012714,,1.026865275,0.0358225959,0.0602988939,-0.006982473,2.0918270026,,,0.9996077259,,,,,,,-0.462224,0.0130904044,1.7247610733,0.8245237638,0.7364112225,0.7018606861,0.1740276163,0.062500668,0.0692364065,,,,,0.896891539,0.0644665986,,15.286030136,0.9927640385,-0.130551489,-0.360682042,0.2814166032,0.6519102486,0.00481021,4747328.44570558,0.60500978,0.00240649,0.60611854,0.00464195,0.00500805,0.00975791,0.01049967,-0.23582709,0.41752194,0.34700854,0.011029,-0.23390651,0.01120887,-0.29248261,0.01791282,0.03634864,0.0153638,0.59142488,0.0029378,0.01064088,0.39607442,0.82526054,0.76146751,0.9758854712,1.4052031739,378,0.6641112967,0.082874193,1.4179673633,-0.451143695
20150831,20150831,208226.0,01W,NLD,0.020883,2015,8,20150731,20150731,2069.3137601,43.408625779,2069.3137601,0.0498671029,0.1144502244,-0.053397652,0.0406903681,-0.086503551,-0.065459641,-0.033618308,-0.117682657,-0.099628697,0.693668929,-0.014006069,-0.005075907,-0.001772446,0.0150740196,-0.207747614,0.0918709222,,,-0.186874399,1.6145310876,,,,,,,,,,,-0.119205383,0.1192053831,0.0003907963,-0.141140418,0.7203620258,,,0.0739129055,0.0716719496,0.0648898221,,,-0.119205383,,,,,,,0.0960975558,0.1221954527,,0.0082948385,0.1318449378,0.0458015267,0.0,,,,,,-0.00488859,-0.002336996,-0.010789993,-0.005264446,,,,,,,-0.724884335,,0.0617020413,,0.079012714,,1.0388662854,0.0358225959,0.0602988939,-0.006982473,2.0826793194,,,0.9996077259,,,,,,,-0.586695579,0.0149828722,1.4758982386,0.7086536198,0.6164514715,0.604209134,0.1604258585,0.0507905865,0.0665293046,,,,,0.8183862852,0.0630475164,,15.9992032,0.9583435827,-0.376009123,-2.424726666,0.3002665651,0.3265345765,0.00555266,4366191.88633118,0.62983033,0.0021872,0.63293769,0.00483403,0.00500556,0.00238132,0.00946157,-0.44726402,0.4618101,0.91604909,0.00851327,-0.45287899,0.00958378,-0.01856262,0.01871956,0.03300232,0.01244045,0.38400007,0.00311514,0.01072471,0.42220822,0.86142008,0.76087855,0.9392659029,1.4396569571,379,0.3410301253,-0.11602387,1.4538652712,-0.580041893
20150930,20150930,208226.0,01W,NLD,-0.017104,2015,9,20150831,20150831,2112.5273134,44.315129662,2112.5273134,0.0488470287,0.1144502244,-0.053397652,0.0208830357,-0.028468252,-0.069416065,-0.042105318,-0.068737514,-0.042469729,0.6354262307,-0.105543426,0.0064174075,0.0535829072,0.0092436611,-0.207747614,0.0918709222,,,-0.186874399,1.6145310876,,,,,,,,,,,-0.119205383,0.1192053831,0.0003907963,-0.141140418,0.7203620258,,,0.0739129055,0.0716719496,0.0648898221,,,-0.119205383,,,,,,,0.0960975558,0.1221954527,,0.0082948385,0.1318449378,0.0458015267,0.0,,,,,,-0.00488859,-0.002336996,-0.010789993,-0.005264446,,,,,,,-0.724884335,,0.0617020413,,0.079012714,,1.0388662854,0.0358225959,0.0602988939,-0.006982473,2.0826793194,,,0.9996077259,,,,,,,-0.586695579,0.0149828722,1.4457074777,0.6941575038,0.6038414294,0.5918495193,0.1571442103,0.0497516216,0.0651683908,,,,,0.8078697186,0.0623148806,,16.067405684,0.9497843278,-0.328945598,-1.134222613,0.292421695,0.3391261659,0.00590465,3601605.98691461,0.54514027,0.0017949,0.55742754,0.00523983,0.0050707,0.00505929,0.01012107,-0.29403838,-0.55897338,0.45142948,0.0095858,0.24497553,0.01036258,0.09942462,0.01587994,0.02480836,0.01371451,-1.13315077,0.00341757,0.01087795,0.53623894,0.89873506,0.75648825,0.907616669,1.2029381366,380,0.4128259412,-0.048790701,1.4538652712,-0.474539415
20151030,20151031,208226.0,01W,NLD,0.101324,2015,10,20150930,20150930,2076.3936333,43.557142436,2076.3936333,0.0496970712,0.1144502244,-0.053397652,-0.017104479,0.0624231423,-0.032734545,0.0411197696,0.0628912593,0.1188124686,0.2166574098,0.0352437564,0.001658477,0.0670278073,0.0010243855,-0.207747614,0.0918709222,,,-0.186874399,1.6145310876,,,,,,,,,,,-0.119205383,0.1192053831,0.0003907963,-0.141140418,0.7203620258,,,0.0739129055,0.0716719496,0.0648898221,,,-0.119205383,,,,,,,0.0960975558,0.1221954527,,0.0082948385,0.1318449378,0.0458015267,0.0,,,,,,-0.00488859,-0.002336996,-0.010789993,-0.005264446,,,,,,,-0.724884335,,0.0617020413,,0.079012714,,1.0388662854,0.0358225959,0.0602988939,-0.006982473,2.0826793194,,,0.9996077259,,,,,,,-0.586695579,0.0149828722,1.4708658728,0.7062373257,0.6143495588,0.6021489639,0.1598788549,0.050617406,0.0663024599,,,,,0.8166445936,0.0629263076,,16.010571574,0.8828430434,-0.068135036,-0.323342515,0.2945780292,0.4356357928,0.00494202,3437113.4226154,0.52078244,0.00169431,0.52567441,0.00528451,0.00507731,0.00740229,0.0094692,-0.20891718,-0.09410501,0.62803743,0.00951029,-0.66922513,0.00972493,-0.59165938,0.01237989,0.01607924,0.01195272,-0.53851659,0.00361944,0.01091341,0.56130246,0.91117659,0.75117407,0.8528784863,0.9296239863,381,0.3990119376,-0.131341821,1.4509525002,-0.399094286
20151130,20151130,208226.0,01W,NLD,-0.074958,2015,11,20151030,20151031,2286.7827866,47.970539864,2286.7827866,0.045124829,0.1144502244,-0.053397652,0.1013243106,0.0034213628,-0.046080467,-0.024105345,0.0091449971,0.0614524362,0.1835485658,0.0499109529,0.0063324186,-0.057813185,0.0117153818,-0.097073437,0.1354272455,,,-0.186214649,0.4450740136,,,,,,,,,,,-0.090042393,0.0900423927,0.0100060839,-0.014191846,0.7970735806,,,0.1280618968,0.1011756405,0.0899971467,,,-0.090042393,,,,,,,0.0994382303,0.1129094588,,0.0420992825,0.0565781312,0.071942446,1.0,,,,,,0.0920123809,0.0441798121,0.0672887356,0.0320103543,,,,,,,2.2345894279,,0.0756334004,,0.1247398535,,1.1997329741,0.054160198,0.0837647307,0.0183376021,1.8765544295,,,0.9996311318,,,,,1573.6837034,,-0.572050931,0.024380779,1.5174339302,0.8086277202,0.5657714456,0.5657714456,0.1590020708,0.0818134275,0.0821845221,,,,,0.8993817815,0.0811787984,,14.993156041,0.8914146515,-0.15723555,0.0418186521,0.1872748367,0.755,0.00445775,3613646.47002132,0.73187933,0.00174135,0.71961351,0.00515352,0.00504549,0.00355713,0.00623532,-0.10448724,-0.12394136,0.63239269,0.00624976,-0.08313887,0.00657953,0.17145587,0.0156092,0.02111661,0.00774363,0.57480442,0.00349205,0.01061508,0.56439076,0.98713864,0.75126647,0.8471503118,1.2015906965,382,0.7718050205,0.7318605196,1.1666820078,-0.284723649
20151231,20151231,208226.0,01W,NLD,0.020678,2015,12,20151130,20151130,2018.7187513,42.34727885,2018.7187513,0.0507927619,0.1144502244,-0.061593923,-0.074957519,0.0824867315,0.0736322938,0.0283811787,0.0585620763,0.0076027951,0.451725939,-0.060724367,0.0050384957,0.0409368667,0.0071460607,-0.097073437,0.1354272455,,,-0.186214649,0.4450740136,,,,,,,,,,,-0.090042393,0.0900423927,0.0100060839,-0.014191846,0.7970735806,,,0.1280618968,0.1011756405,0.0899971467,,,-0.090042393,,,,,,,0.0994382303,0.1129094588,,0.0420992825,0.0565781312,0.071942446,1.0,,,,,,0.0920123809,0.0441798121,0.0672887356,0.0320103543,,,,,,,2.2345894279,,0.0756334004,,0.1247398535,,1.1997329741,0.054160198,0.0837647307,0.0183376021,1.8765544295,,,0.9996311318,,,,,1573.6837034,,-0.572050931,0.024380779,1.7189327583,0.9160047432,0.6408997797,0.6408997797,0.1801158276,0.0926773666,0.0930977385,,,,,0.9721639118,0.0877481619,,14.416827397,0.8634046893,-0.039660452,0.4222799078,0.1855080278,0.7778787879,0.00518984,3484265.78171456,0.72560664,0.00166408,0.71450557,0.00520246,0.00506725,0.00381133,0.01053959,-0.57983374,0.2444458,1.25888142,0.01039316,-0.67055908,0.008201,-0.50869661,0.0142136,0.02331585,0.01381204,0.07054646,0.00350817,0.01080405,0.52604789,0.87142307,0.75376013,0.8580802148,1.0659585593,383,0.7359071126,0.7411646416,1.1666820078,-0.39187071
20160129,20160131,208226.0,01W,NLD,0.008567,2016,1,20151231,20151231,2085.8627529,43.222923882,2085.8627529,0.049157741,0.128189243,-0.07384662,0.0206777166,0.0187717731,0.0638533893,-0.031432401,0.0425213378,0.0497060708,0.1821133771,0.0485885465,0.0025011475,0.0111467658,0.004985458,-0.097073437,0.1354272455,,,-0.186214649,0.4450740136,,,,,,,,,,,-0.090042393,0.0900423927,0.0100060839,-0.014191846,0.7970735806,,,0.1280618968,0.1011756405,0.0899971467,,,-0.090042393,,,,,,,0.0994382303,0.1129094588,,0.0420992825,0.0565781312,0.071942446,1.0,,,,,,0.0920123809,0.0441798121,0.0672887356,0.0320103543,,,,,,,2.2345894279,,0.0756334004,,0.1247398535,,1.1997329741,0.054160198,0.0837647307,0.0183376021,1.8765544295,,,0.9996311318,,,,,1573.6837034,,-0.572050931,0.024380779,1.6636002473,0.8865185156,0.6202691913,0.6202691913,0.1743178923,0.0896940786,0.0901009188,,,,,0.9528498413,0.0860048611,,14.575089911,0.8233355505,-0.088043829,0.4324260698,0.1828630191,0.7620731461,0.00573482,3227481.15126578,0.7771147,0.00153203,0.76449529,0.00534931,0.00510917,0.00569514,0.01047353,1.71436279,-0.18513139,0.80185097,0.00945265,1.34184834,0.00985091,1.38501443,0.01774632,0.0325059,0.01192515,1.34350416,0.00393379,0.0106793,0.50406263,0.88944211,0.74858142,0.8495033744,1.3436710363,384,0.7254762501,0.7411646416,1.1607620002,-0.329171397
20160229,20160229,208226.0,01W,NLD,-0.039714,2016,2,20160129,20160131,2103.7323363,43.593214613,2103.7323363,0.0487401839,0.1134661232,-0.060710496,0.0085669987,-0.055829752,0.043395309,-0.008078558,0.014772002,-0.065459641,0.2550984137,0.045114915,-0.00082139,0.0380181502,0.0039284301,-0.031750918,0.3306447406,,,-0.234780753,0.1516299156,,,,,,,,,,,-0.06208902,0.0620890203,0.0109696955,0.0322338322,0.7970735806,,,0.1280618968,0.1034997048,0.0899971467,,,-0.06208902,,,,,,,0.109251205,0.1294287366,,0.0487711081,0.0565781312,0.071942446,2.0,,,,,,0.006701325,0.0035710794,-0.000369388,7.83162e-05,,,,,,,-0.131059219,,0.0756334004,,0.1247398535,,1.2095402459,0.054160198,0.0837647307,0.0183376021,1.861168401,,,0.9996311318,,,,,,,-0.803612773,0.0126414023,1.6419287054,0.8822031926,0.6065569122,0.5264782298,0.1823238568,0.09130777,0.089335581,,,,,0.9228309942,0.0855525114,,15.033999595,0.8224913117,-0.280660091,0.3199610577,0.1738588953,0.4505050505,0.00474696,3507026.54765648,0.77401323,0.001668,0.7689714,0.00516872,0.00514565,0.0064348,0.01653464,0.30728564,0.10080281,1.04993167,0.01163252,0.2945471,0.01169655,0.31032727,0.02511234,0.04505784,0.02017648,0.34245664,0.00412191,0.01128867,0.60615202,0.89706196,0.74836304,0.8823601338,1.7977178395,385,0.6166548126,0.7643876538,1.0882143752,-0.537811337
20160331,20160331,208226.0,01W,NLD,0.119737,2016,3,20160229,20160229,2020.1848789,41.861957183,2020.1848789,0.0507558996,0.1134661232,-0.060710496,-0.03971392,0.0294218613,0.0308076816,0.0223759639,-0.020714815,-0.069416065,0.2472031521,-0.017831819,-0.002810672,0.0033054052,0.0069337713,-0.031750918,0.3306447406,,,-0.234780753,0.1516299156,,,,,,,,,,,-0.06208902,0.0620890203,0.0109696955,0.0322338322,0.7970735806,,,0.1280618968,0.1034997048,0.0899971467,,,-0.06208902,,,,,,,0.109251205,0.1294287366,,0.0487711081,0.0565781312,0.071942446,2.0,,,,,,0.006701325,0.0035710794,-0.000369388,7.83162e-05,,,,,,,-0.131059219,,0.0756334004,,0.1247398535,,1.2095402459,0.054160198,0.0837647307,0.0183376021,1.861168401,,,0.9996311318,,,,,,,-0.803612773,0.0126414023,1.7098328709,0.9186878898,0.6316418875,0.5482514437,0.1898641046,0.0950839254,0.0930301738,,,,,0.9474813277,0.0877093415,,14.856194878,0.8220328693,-0.101756366,0.2931096152,0.1689564633,0.5262626263,0.00556664,3538784.13755964,0.76190115,0.00169047,0.75214544,0.00512168,0.00533715,0.0075048,0.01123544,1.44656442,-0.19378208,0.67533372,0.01139303,1.5909872,0.01206929,1.65109492,0.01869953,0.03174653,0.01617395,-0.15771744,0.0042494,0.01110504,0.70251637,0.86143611,0.74718208,0.8466655969,1.3359220412,386,0.6166548126,0.7643876538,1.0882143752,-0.537811337
20160429,20160430,208226.0,01W,NLD,-0.002587,2016,4,20160331,20160331,2262.0754967,46.874376982,2262.0754967,0.0453284168,0.1134661232,-0.060710496,0.1197368718,-0.03148715,0.0070961229,0.0516610805,-0.042532685,-0.032734545,0.1855470132,-0.003353165,0.0083793311,0.0308658675,0.0032673857,-0.031750918,0.3306447406,,,-0.234780753,0.1516299156,,,,,,,,,,,-0.06208902,0.0620890203,0.0109696955,0.0322338322,0.7970735806,,,0.1280618968,0.1034997048,0.0899971467,,,-0.06208902,,,,,,,0.109251205,0.1294287366,,0.0487711081,0.0565781312,0.071942446,2.0,,,,,,0.006701325,0.0035710794,-0.000369388,7.83162e-05,,,,,,,-0.131059219,,0.0756334004,,0.1247398535,,1.2095402459,0.054160198,0.0837647307,0.0183376021,1.861168401,,,0.9996311318,,,,,,,-0.803612773,0.0126414023,1.5269952379,0.8204497976,0.5640984979,0.4896252482,0.169561358,0.0849163119,0.0830821742,,,,,0.8794661928,0.0817428536,,15.334948919,0.8435296215,-0.190664225,-0.213715732,0.1706497386,0.5057369815,0.00593631,3374886.64041671,0.79019006,0.00160494,0.78388571,0.00530284,0.00543431,0.0029059,0.00991245,0.69518015,-0.26934955,1.49589463,0.01031597,0.68920409,0.00713317,-0.06631046,0.02162956,0.02992636,0.0120942,0.32980289,0.00434443,0.01116101,0.67105599,0.96458178,0.74535872,0.8275602809,1.5531781849,387,0.5927959182,0.7127180599,1.0373928569,-0.483368245
20160531,20160531,208226.0,01W,NLD,0.006912,2016,5,20160429,20160430,2256.2229985,46.753102424,2256.2229985,0.0454459958,0.1134661232,-0.060710496,-0.002587225,0.0752677314,0.0239333241,0.1315408737,0.075718518,-0.046080467,0.1387667367,-0.021476182,0.010096509,-0.00696866,0.0057763877,0.0896418966,0.2245961508,,,-0.009065989,0.2612973755,,,,,,,,,,,0.0223653378,-0.022365338,0.0150379605,0.0581891111,0.7970735806,,,0.1280618968,0.1363278992,0.0899971467,,,0.0223653378,,,,,,,0.1182606463,0.1263006899,,0.013289612,0.0565781312,0.071942446,3.0,,,,,,0.0613420451,0.0329588903,0.0310879183,0.0181638101,,,,,,,1.5192137005,,0.0756334004,,0.1247398535,,1.2351740909,0.054160198,0.0837647307,0.0183376021,2.0124281512,,,0.9996311318,,,,,,,-0.300078955,0.0193633899,1.6562867367,0.8230290039,0.6860411563,0.6640297481,0.1878165464,0.112201815,0.083297684,,,,,0.8936491392,0.0818776134,,14.295320092,0.8431697431,0.0476812929,-0.096957324,0.1096589495,0.8280251495,0.00614626,2932064.31124467,0.57414566,0.00140199,0.59364595,0.00560349,0.00549863,0.00369616,0.00873687,0.14468534,0.39087855,0.49021382,0.00791937,0.09581496,0.00692345,-0.47094102,0.01015777,0.01839387,0.00951037,-0.23729997,0.0047088,0.01108722,0.67276923,0.96208619,0.74143171,0.8215773528,0.7326737581,388,0.7780446427,1.1105141864,1.000343112,-0.580041893
20160630,20160630,208226.0,01W,NLD,-0.092624,2016,6,20160531,20160531,2271.8170328,47.076239578,2271.8170328,0.0451340488,0.0123280684,0.0345145912,0.006911566,0.1168398606,0.1040402995,0.105526572,0.0964836749,0.0736322938,0.0928230383,-0.066454559,0.0167661568,-0.011691786,0.0052707988,0.0896418966,0.2245961508,,,-0.009065989,0.2612973755,,,,,,,,,,,0.0223653378,-0.022365338,0.0150379605,0.0581891111,0.7970735806,,,0.1280618968,0.1363278992,0.0899971467,,,0.0223653378,,,,,,,0.1182606463,0.1263006899,,0.013289612,0.0565781312,0.071942446,3.0,,,,,,0.0613420451,0.0329588903,0.0310879183,0.0181638101,,,,,,,1.5192137005,,0.0756334004,,0.1247398535,,1.2351740909,0.054160198,0.0837647307,0.0183376021,2.0124281512,,,0.9996311318,,,,,,,-0.300078955,0.0193633899,1.6449177789,0.8173796306,0.6813320846,0.6594717655,0.1865273503,0.1114316479,0.0827259184,,,,,0.8899527107,0.0815195257,,14.329901641,0.8648027615,0.1340840072,0.2621037592,0.358849888,0.8128736343,0.00651829,2664135.44671741,0.57883426,0.00126167,0.60763739,0.00580836,0.00562075,0.00427223,0.0083438,-0.18295684,-0.10955269,0.58616804,0.00801064,-0.16941458,0.008024,-0.21257273,0.01165772,0.01419818,0.00935718,-0.57222292,0.00479144,0.01040912,0.7411437,0.96873571,0.73942371,0.7807631228,0.8868225825,389,0.7780446427,1.1105141864,1.000343112,-0.515592794
20160729,20160731,208226.0,01W,NLD,0.036494,2016,7,20160630,20160630,2061.3913592,42.715831463,2061.3913592,0.0497413072,0.0123280684,0.0345145912,-0.092624393,0.0043064593,0.0891498157,0.1325389817,0.1826549046,0.0638533893,0.0766008042,0.0406903681,0.0046466331,-0.002595924,0.0041242051,0.0896418966,0.2245961508,,,-0.009065989,0.2612973755,,,,,,,,,,,0.0223653378,-0.022365338,0.0150379605,0.0581891111,0.7970735806,,,0.1280618968,0.1363278992,0.0899971467,,,0.0223653378,,,,,,,0.1182606463,0.1263006899,,0.013289612,0.0565781312,0.071942446,3.0,,,,,,0.0613420451,0.0329588903,0.0310879183,0.0181638101,,,,,,,1.5192137005,,0.0756334004,,0.1247398535,,1.2351740909,0.054160198,0.0837647307,0.0183376021,2.0124281512,,,0.9996311318,,,,,,,-0.300078955,0.0193633899,1.812830063,0.9008172848,0.7508820816,0.7267902734,0.2055679575,0.122806528,0.0911705337,,,,,0.9425623848,0.086632146,,13.81915414,0.876095,0.3192250019,0.2036775686,0.3346218387,0.8752970297,0.00465074,2982365.29246568,0.72727764,0.0014083,0.75063669,0.00557483,0.00560215,0.0043356,0.01209064,-0.31529721,-0.11061745,0.9858023,0.01210221,-0.45497061,0.01164443,-0.23769763,0.02942229,0.047656,0.02848406,-0.66807148,0.00478895,0.01079234,0.96076735,0.87900715,0.74794941,0.8086821297,1.9814128566,390,0.7617500626,0.9737900566,0.9431191251,-0.559232789
20160831,20160831,208226.0,01W,NLD,0.024729,2016,8,20160729,20160731,2136.6206887,44.274721941,2136.6206887,0.047989941,0.0123280684,0.0345145912,0.036494443,-0.086353007,-0.020126599,-0.066906781,0.0311541693,0.043395309,0.1631686649,0.0208830357,0.0060658519,-0.010551036,0.0066076816,0.2246492124,0.3143122726,,,-0.080359673,0.2387354639,,,,,,,,,,,0.0375706719,-0.037570672,0.0132891207,0.130926311,0.7970735806,,,0.1280618968,0.1380498595,0.0899971467,,,0.0375706719,,,,,,,0.1284354691,0.1303480792,,0.0066761288,0.0565781312,0.071942446,4.0,,,,,,0.0047791406,0.0023748131,0.0096677311,0.0047118086,,,,,,,0.2179516569,,0.0756334004,,0.1247398535,,1.1991871902,0.054160198,0.0837647307,0.0183376021,1.9120518668,,,0.9996311318,,,,,,,-0.322895135,0.0211478691,1.750519844,0.9155190162,0.6628004826,0.6511137866,0.2042075767,0.1263872716,0.0879604655,,,,,0.948833942,0.0847322959,,13.48881413,0.8758672928,0.1382431518,-0.364550903,0.329506008,0.5360030805,0.00472702,2967964.29727201,0.74543085,0.00139855,0.76998596,0.00559075,0.00552461,0.00364384,0.00587858,0.3775577,-0.56277082,0.91632378,0.00538358,0.1110076,0.00542609,0.11319518,0.0129895,0.0163189,0.01052989,-1.25446171,0.004402,0.01056928,1.01035662,0.91108603,0.74669507,0.8211965823,0.8806877036,391,0.5927959182,1.1600837869,0.6298456631,-0.590301278
20160930,20160930,208226.0,01W,NLD,-0.00342,2016,9,20160831,20160831,2189.4577122,45.369602534,2189.4577122,0.0468318252,0.0123280684,0.0345145912,0.0247292483,-0.059510226,0.0576362149,0.0455151581,0.0469226434,0.0308076816,0.2561450479,-0.017104479,0.0098689181,-0.023384225,0.0094916746,0.2246492124,0.3143122726,,,-0.080359673,0.2387354639,,,,,,,,,,,0.0375706719,-0.037570672,0.0132891207,0.130926311,0.7970735806,,,0.1280618968,0.1380498595,0.0899971467,,,0.0375706719,,,,,,,0.1284354691,0.1303480792,,0.0066761288,0.0565781312,0.071942446,4.0,,,,,,0.0047791406,0.0023748131,0.0096677311,0.0047118086,,,,,,,0.2179516569,,0.0756334004,,0.1247398535,,1.1991871902,0.054160198,0.0837647307,0.0183376021,1.9120518668,,,0.9996311318,,,,,,,-0.322895135,0.0211478691,1.7082754756,0.8934252806,0.6468054695,0.6354008024,0.1992795434,0.1233372345,0.0858377622,,,,,0.9348326605,0.0834470029,,13.629856817,0.922900386,-0.050217491,-0.235222192,0.3391779789,0.4691027926,0.00569515,2950341.67665752,0.75193704,0.00137627,0.78258877,0.00563062,0.00551006,0.00264055,0.0067733,0.2930411,0.03586744,0.12748384,0.006405,0.85919783,0.0065543,0.919378,0.01076793,0.0200694,0.00759281,0.21330183,0.00402385,0.01030715,0.98910219,0.9336165,0.73834694,0.8143736201,0.7499627166,392,0.5933082268,1.1768135408,0.6698641271,-0.590659543
20161031,20161031,208226.0,01W,NLD,-0.059605,2016,10,20160930,20160930,2181.9696364,45.214435791,2181.9696364,0.0469925425,0.0123280684,0.0345145912,-0.00342006,0.0621261715,-0.032102282,0.0496652808,0.0914814759,0.0070961229,0.4505634068,0.1013243106,0.0003467026,0.059787774,0.0049246076,0.2246492124,0.3143122726,,,-0.080359673,0.2387354639,,,,,,,,,,,0.0375706719,-0.037570672,0.0132891207,0.130926311,0.7970735806,,,0.1280618968,0.1380498595,0.0899971467,,,0.0375706719,,,,,,,0.1284354691,0.1303480792,,0.0066761288,0.0565781312,0.071942446,4.0,,,,,,0.0047791406,0.0023748131,0.0096677311,0.0047118086,,,,,,,0.2179516569,,0.0756334004,,0.1247398535,,1.1991871902,0.054160198,0.0837647307,0.0183376021,1.9120518668,,,0.9996311318,,,,,,,-0.322895135,0.0211478691,1.7141379294,0.8964913344,0.6490251743,0.6375813686,0.1999634302,0.1237605028,0.0861323399,,,,,0.936791742,0.0836267783,,13.610283646,0.882118433,-0.098020345,-0.623634011,0.3454874334,0.4362745098,0.00533759,3073496.36980284,0.77802876,0.00143202,0.80958379,0.00555313,0.00556235,0.00502666,0.00949025,0.27831677,0.06258772,0.9449026,0.00772646,-0.11107179,0.00821652,-0.166223,0.01780375,0.03000954,0.01361443,0.12409576,0.00391745,0.01024311,1.034276,0.93042348,0.74145025,0.8470304673,1.2299351423,393,0.6315861769,1.1768135408,0.6698641271,-0.612266443
20161130,20161130,208226.0,01W,NLD,-0.109195,2016,11,20161031,20161031,2051.9131454,42.519425391,2051.9131454,0.0499710727,0.0123280684,0.0345145912,-0.059605087,0.0212246132,-0.032910471,0.0371897598,-0.012326765,0.0239333241,0.4276224239,-0.074957519,0.0017423781,-0.009325665,0.0108054298,0.1367441919,0.1718960132,,,-0.067219088,0.5766313197,,,,,,,,,,,0.0676213231,-0.067621323,-0.00309162,0.0358192204,0.8127476848,,,0.1280347385,0.115757366,0.0948396192,,,0.0676213231,,,,,,,0.1149369134,0.1166901131,,0.0350439613,0.0289818652,0.1298701299,5.0,,,,,,0.047532652,0.0248594993,-0.044479729,-0.019320313,,,,,,,-1.310670213,,0.1000738,,0.137817644,,1.1092531787,0.0586513477,0.0880354619,0.0044911497,1.9817410572,,,0.9991509757,,,,,1969.3480681,,-0.433603869,0.0214215485,1.9223766175,0.9700443005,0.7605254083,0.7605254083,0.2076623661,0.1122897732,0.1127499794,,,,,1.0108377214,0.0961288674,,13.770420706,0.8916667529,-0.215023177,-0.566423079,0.3677871148,0.647002551,0.00526193,3225165.94442985,0.73499147,0.00151905,0.75607395,0.00543337,0.00565318,0.00385907,0.00951989,-0.10542518,0.17944729,0.98964522,0.00938838,-0.02740291,0.00841894,0.04575242,0.00902266,0.01491931,0.00971478,-0.29402276,0.00367306,0.01046356,1.00626138,0.88164155,0.73191717,0.8503856241,0.6197453376,394,-0.440196426,0.985063655,-0.669864127,-0.878007428
20161230,20161231,208226.0,01W,NLD,0.077284,2016,12,20161130,20161130,1729.3888345,35.836126731,1729.3888345,0.0634737272,0.0123280684,0.0431219623,-0.109195124,-0.062821294,-0.096796478,0.0157056252,0.0040651146,0.1040402995,0.580239215,0.0206777166,-0.010064244,-0.012619864,0.0131353345,0.1367441919,0.1718960132,,,-0.067219088,0.5766313197,,,,,,,,,,,0.0676213231,-0.067621323,-0.00309162,0.0358192204,0.8127476848,,,0.1280347385,0.115757366,0.0948396192,,,0.0676213231,,,,,,,0.1149369134,0.1166901131,,0.0350439613,0.0289818652,0.1298701299,5.0,,,,,,0.047532652,0.0248594993,-0.044479729,-0.019320313,,,,,,,-1.310670213,,0.1000738,,0.137817644,,1.1092531787,0.0586513477,0.0880354619,0.0044911497,1.9817410572,,,0.9991509757,,,,,1969.3480681,,-0.433603869,0.0214215485,2.2808924016,1.1509538006,0.9023604476,0.9023604476,0.2463905921,0.1332313804,0.1337774133,,,,,1.1099342492,0.1055527707,,12.732959075,0.8518182253,-0.093845032,-0.658624295,0.3970719679,0.6767676768,0.00503555,3530133.47281706,0.65507685,0.00171635,0.65802878,0.00523362,0.00563381,0.00665857,0.01092391,-0.41305973,0.04836772,0.94619317,0.00996112,0.24232101,0.01015674,0.24994868,0.01095602,0.01854243,0.01307448,-0.07615456,0.00332913,0.01052875,1.01585652,0.74306315,0.71086326,0.8346061222,0.7535407099,395,-0.440196426,0.985063655,-0.669864127,-0.878007428
20170131,20170131,208226.0,01W,NLD,-0.03866,2017,1,20161230,20161231,1887.5939925,38.605701298,1887.5939925,0.0581537955,0.013177539,0.0422831884,0.0772844283,-0.162291626,-0.113291017,-0.191957015,-0.123693909,0.0891498157,0.7098076709,0.0085669987,-0.003817205,0.026390844,0.0113467815,0.1367441919,0.1718960132,,,-0.067219088,0.5766313197,,,,,,,,,,,0.0676213231,-0.067621323,-0.00309162,0.0358192204,0.8127476848,,,0.1280347385,0.115757366,0.0948396192,,,0.0676213231,,,,,,,0.1149369134,0.1166901131,,0.0350439613,0.0289818652,0.1298701299,5.0,,,,,,0.047532652,0.0248594993,-0.044479729,-0.019320313,,,,,,,-1.310670213,,0.1000738,,0.137817644,,1.1092531787,0.0586513477,0.0880354619,0.0044911497,1.9817410572,,,0.9991509757,,,,,1969.3480681,,-0.433603869,0.0214215485,2.0897236735,1.0544887617,0.8267307954,0.8267307954,0.2257398257,0.1220648416,0.1225651097,,,,,1.0590088134,0.1007098524,,13.286157091,0.8576895206,-0.280839064,-0.658643041,0.4100169518,0.6294444444,0.00526989,3299435.48745546,0.54926736,0.00164927,0.5527791,0.00534225,0.00560046,0.00265263,0.00846134,-0.27743812,-0.62082139,0.51784513,0.00610736,0.25317337,0.00545071,-0.43320405,0.01788767,0.02291745,0.01294566,-1.05146674,0.00296878,0.01040875,1.04671934,0.80049036,0.69831574,0.8342454309,1.2206847959,396,-0.478474376,0.985063655,-0.669864127,-0.878007428
20170228,20170228,208226.0,01W,NLD,-0.042991,2017,2,20170131,20170131,1814.6191145,37.113194778,1814.6191145,0.0604924494,0.013177539,0.0422831884,-0.038660262,-0.040349778,-0.078395657,-0.127249874,-0.063987908,-0.020126599,0.5859777428,-0.03971392,-0.003721418,0.0363641583,0.008650415,0.1299190925,0.1165353009,,,-0.135953705,0.3612386039,,,,,,,,,,,0.0507199964,-0.050719996,-0.004236877,0.0453826918,0.8127476848,,,0.1280347385,0.1190808118,0.0948396192,,,0.0507199964,,,,,,,0.1164202563,0.1243785589,,0.0163585717,0.0289818652,0.1298701299,6.0,,,,,,0.0132617579,0.0066919731,0.006560433,0.0031208937,,,,,,,0.0580072654,,0.1000738,,0.137817644,,1.0979513232,0.0586513477,0.0880354619,0.0044911497,1.9197516358,,,0.9991509757,,,,,,,-0.360843286,0.0179996221,2.1508327658,1.1203703259,0.8122864986,0.7771019466,0.2360048668,0.1334146079,0.1274940636,,,,,1.0677340578,0.1028873221,,12.560531952,0.8329910136,-0.277851475,-0.286198536,0.4260504202,0.4206910487,0.00571215,3015371.36658056,0.48304406,0.0015342,0.48705921,0.00550966,0.00570361,0.00327366,0.0123274,-0.116452,-0.13699017,0.85757024,0.00815589,-0.10280397,0.00837997,-0.2679034,0.01536415,0.0238879,0.01348052,-0.32011759,0.00336721,0.00998028,1.05643838,0.7695432,0.6960334,0.8368195452,1.0918312972,397,0.03870565,1.0835700205,-0.3870565,-0.686442171
20170331,20170331,208226.0,01W,NLD,0.012321,2017,3,20170228,20170228,1736.6071781,35.517668659,1736.6071781,0.0632098936,0.013177539,0.0422831884,-0.042990805,0.0356363303,-0.135405885,-0.166749687,-0.062960884,0.0576362149,0.4602790921,0.1197368718,-0.018514843,-0.009464375,0.010938009,0.1299190925,0.1165353009,,,-0.135953705,0.3612386039,,,,,,,,,,,0.0507199964,-0.050719996,-0.004236877,0.0453826918,0.8127476848,,,0.1280347385,0.1190808118,0.0948396192,,,0.0507199964,,,,,,,0.1164202563,0.1243785589,,0.0163585717,0.0289818652,0.1298701299,6.0,,,,,,0.0132617579,0.0066919731,0.006560433,0.0031208937,,,,,,,0.0580072654,,0.1000738,,0.137817644,,1.0979513232,0.0586513477,0.0880354619,0.0044911497,1.9197516358,,,0.9991509757,,,,,,,-0.360843286,0.0179996221,2.2474525605,1.1706996461,0.8487760649,0.812010951,0.2466066867,0.1394078642,0.133221357,,,,,1.0942045334,0.1053216867,,12.2562839,0.8122243387,-0.254078808,-0.679078123,0.429318394,0.3874257426,0.00561084,3066850.97200256,0.4663265,0.0016084,0.45847186,0.00547974,0.00570636,0.00188386,0.00603168,0.35481625,-0.18621738,0.4992474,0.00617292,0.44072171,0.00609234,0.62951056,0.00614762,0.0095234,0.00609489,0.31715633,0.00331447,0.00973827,1.01886035,0.73645991,0.69282801,0.8421226025,0.4566103794,398,0.0,1.0835700205,-0.3870565,-0.718369714
20170428,20170430,208226.0,01W,NLD,0.080484,2017,4,20170331,20170331,1758.0040596,35.95528481,1758.0040596,0.0624405583,0.013177539,0.0422831884,0.0123210832,-0.079989031,-0.169735929,-0.121170764,-0.199137697,-0.032102282,0.5610626005,-0.002587225,-0.017159542,0.0206303616,0.0098451046,0.1299190925,0.1165353009,,,-0.135953705,0.3612386039,,,,,,,,,,,0.0507199964,-0.050719996,-0.004236877,0.0453826918,0.8127476848,,,0.1280347385,0.1190808118,0.0948396192,,,0.0507199964,,,,,,,0.1164202563,0.1243785589,,0.0163585717,0.0289818652,0.1298701299,6.0,,,,,,0.0132617579,0.0066919731,0.006560433,0.0031208937,,,,,,,0.0580072654,,0.1000738,,0.137817644,,1.0979513232,0.0586513477,0.0880354619,0.0044911497,1.9197516358,,,0.9991509757,,,,,,,-0.360843286,0.0179996221,2.2200985417,1.1564509181,0.838445508,0.8021278668,0.2436052067,0.1377111141,0.1315999036,,,,,1.086814549,0.1046426055,,12.342419531,0.8049914402,-0.552716574,-0.779990318,0.4097752632,0.3281328133,0.00541451,3032237.70937999,0.41688851,0.00165194,0.42624524,0.00554277,0.00566061,0.00209872,0.0078434,1.12130354,-0.12012434,0.41875134,0.00521666,0.00454876,0.00560186,0.42463493,0.01348551,0.0205193,0.0083746,1.06939997,0.00299175,0.00951023,1.02675263,0.7455339,0.68508644,0.8480805583,1.0290959244,399,-0.03870565,1.0835700205,-0.3870565,-0.718369714
20170531,20170531,208226.0,01W,NLD,0.072662,2017,5,20170428,20170430,1899.495459,38.849114057,1899.495459,0.0577894274,0.013177539,0.0422831884,0.0804841142,-0.031199415,-0.106233124,-0.14166702,-0.187167224,-0.032910471,0.6803308182,0.006911566,-0.010471128,-0.017253263,0.0148980562,0.0219152113,-0.091239541,,,-0.060132264,0.2129231148,,,,,,,,,,,-0.006170715,0.006170715,-0.008957532,0.0198758397,0.8127476848,,,0.1280347385,0.1164509881,0.0948396192,,,-0.006170715,,,,,,,0.1019329997,0.1122527872,,0.0069528224,0.0289818652,0.1298701299,0.0,,,,,,0.0476282011,0.024809564,-0.013713844,-0.008149326,,,,,,,-0.800747423,,0.1000738,,0.137817644,,1.1125257088,0.0586513477,0.0880354619,0.0044911497,1.975770758,,,0.9991509757,,,,,,,0.2823008936,0.0189643097,2.010454043,1.0175543063,0.8024745744,0.7884962445,0.2027342081,0.1184952044,0.1217971666,,,,,1.0098151206,0.1003634405,,12.610587723,0.8013062829,-0.575796225,-0.751565706,0.4893917963,0.4811517234,0.00562983,2973230.83838415,0.44583929,0.00165442,0.44682374,0.00558968,0.00562035,0.00247,0.00672748,-1.09794121,0.09617022,1.07608749,0.00635744,-0.42110414,0.00676375,-0.4932945,0.02016114,0.05159384,0.01435242,2.21429077,0.00314046,0.00942334,1.06677114,0.80553753,0.68375213,0.8635084202,1.4942210225,400,0.0,0.8944961906,0.072547625,-0.790899025
20170630,20170630,208226.0,01W,NLD,-0.042356,2017,6,20170531,20170531,2037.5167043,41.671970555,2037.5167043,0.0538747755,0.013177539,0.0422831884,0.0726620559,0.0937968488,0.084076813,-0.09496567,-0.127775536,-0.096796478,0.8137473972,-0.092624393,0.0045549123,-0.015208454,0.0163955037,0.0219152113,-0.091239541,,,-0.060132264,0.2129231148,,,,,,,,,,,-0.006170715,0.006170715,-0.008957532,0.0198758397,0.8127476848,,,0.1280347385,0.1164509881,0.0948396192,,,-0.006170715,,,,,,,0.1019329997,0.1122527872,,0.0069528224,0.0289818652,0.1298701299,0.0,,,,,,0.0476282011,0.024809564,-0.013713844,-0.008149326,,,,,,,-0.800747423,,0.1000738,,0.137817644,,1.1125257088,0.0586513477,0.0880354619,0.0044911497,1.975770758,,,0.9991509757,,,,,,,0.2823008936,0.0189643097,1.8742660206,0.9486252457,0.7481150004,0.7350835616,0.1890010064,0.1104683472,0.1135466346,,,,,0.9703906166,0.0965134963,,13.065986061,0.8452113851,-0.529940975,-0.362661473,0.5079365079,0.4811517234,0.0055173,2895996.24884105,0.4376838,0.00158759,0.44324689,0.00567639,0.00555738,0.00321469,0.00872362,0.32177919,0.00938858,1.11042679,0.00782248,0.03182744,0.00709449,0.23835034,0.01555175,0.02314091,0.00928144,-0.07012208,0.00302487,0.00943466,1.07870663,0.86406955,0.68185332,0.874259301,1.1497454481,401,0.0,0.8944961906,0.072547625,-0.790899025
20170731,20170731,208226.0,01W,NLD,0.010193,2017,7,20170630,20170630,1951.2162975,39.90692588,1951.2162975,0.0562576046,0.013177539,0.0422831884,-0.042355681,0.1589943113,0.0794252961,-0.02587244,0.0311078235,-0.113291017,0.5559936301,0.036494443,-0.002613281,0.0167672053,0.0100725173,0.0219152113,-0.091239541,,,-0.060132264,0.2129231148,,,,,,,,,,,-0.006170715,0.006170715,-0.008957532,0.0198758397,0.8127476848,,,0.1280347385,0.1164509881,0.0948396192,,,-0.006170715,,,,,,,0.1019329997,0.1122527872,,0.0069528224,0.0289818652,0.1298701299,0.0,,,,,,0.0476282011,0.024809564,-0.013713844,-0.008149326,,,,,,,-0.800747423,,0.1000738,,0.137817644,,1.1125257088,0.0586513477,0.0880354619,0.0044911497,1.975770758,,,0.9991509757,,,,,,,0.2823008936,0.0189643097,1.9571629912,0.9905820214,0.7812034022,0.7675955955,0.1973603378,0.1153542552,0.1185686923,,,,,0.9946718703,0.0988852932,,12.788787362,0.86125592,-0.266034196,-0.3923462,0.5107816712,0.5416924345,0.00576666,2829993.34430848,0.43890901,0.00152271,0.44840668,0.0057632,0.00571257,0.00227387,0.00706254,0.43600529,0.18509576,0.28880445,0.00595743,0.34932219,0.00635601,0.35396061,0.00979495,0.01418023,0.00799657,0.61701111,0.00287613,0.00897109,0.92830395,0.85560139,0.6698853,0.9445171745,0.8918412895,402,0.0183288365,0.8294419222,0.1283018557,-0.63271922
20170831,20170831,208226.0,01W,NLD,0.061545,2017,8,20170731,20170731,1971.1057581,40.313711755,1971.1057581,0.0556899368,0.013177539,0.0422831884,0.0101933653,0.0272287245,0.0752759529,-0.008004284,-0.047332519,-0.078395657,0.648691923,0.0247292483,-0.003934725,0.0083396985,0.0121631377,0.0406811375,-0.132632518,,,-0.058702675,0.2447238183,,,,,,,,,,,0.0327021982,-0.032702198,-0.003114177,0.0093103348,0.8127476848,,,0.1280347385,0.1251118953,0.0948396192,,,0.0327021982,,,,,,,0.0991659999,0.1075984437,,0.0047793297,0.0289818652,0.1298701299,0.0,,,,,,0.0171048282,0.0086572939,0.0123256875,0.0062824809,,,,,,,0.2677642208,,0.1000738,,0.137817644,,1.1671592797,0.0586513477,0.0880354619,0.0044911497,1.9536430383,,,0.9991509757,,,,,,,0.5397954691,0.0168277831,1.9747049917,1.0107808607,0.7830334299,0.7735956637,0.191996137,0.1264607093,0.1173722738,,,,,1.0060785335,0.0983283915,,12.392586441,0.8318939202,-0.297203957,-0.236120113,0.4571428571,0.3694677871,0.0046471,3105058.48546785,0.59291795,0.00165087,0.58590204,0.0055555,0.00571253,0.00376486,0.00703111,0.95301487,0.3086238,1.15431763,0.00700822,0.73044484,0.00654949,0.39295656,0.01178493,0.01826477,0.00789381,0.86979133,0.00239016,0.0090425,0.81494235,0.86432285,0.65616921,0.9553132545,1.0914625461,403,0.1283018557,0.9193927446,0.0549865096,-0.686442171
20170929,20170930,208226.0,01W,NLD,-0.000314,2017,9,20170831,20170831,2092.4181858,42.794833948,2092.4181858,0.0524611934,0.013177539,0.0422831884,0.0615453672,-0.032594062,0.1350325986,0.1249461209,-0.060846199,-0.135405885,0.6167336282,-0.00342006,0.0019712232,0.0095500362,0.0115927427,0.0406811375,-0.132632518,,,-0.058702675,0.2447238183,,,,,,,,,,,0.0327021982,-0.032702198,-0.003114177,0.0093103348,0.8127476848,,,0.1280347385,0.1251118953,0.0948396192,,,0.0327021982,,,,,,,0.0991659999,0.1075984437,,0.0047793297,0.0289818652,0.1298701299,0.0,,,,,,0.0171048282,0.0086572939,0.0123256875,0.0062824809,,,,,,,0.2677642208,,0.1000738,,0.137817644,,1.1671592797,0.0586513477,0.0880354619,0.0044911497,1.9536430383,,,0.9991509757,,,,,,,0.5397954691,0.0168277831,1.8602172387,0.9521786745,0.7376353891,0.7287447975,0.1808647496,0.1191288787,0.1105673648,,,,,0.9723375448,0.0950629608,,12.794991113,0.8173422601,-0.522806315,-0.192466066,0.473015873,0.3449579832,0.00479256,3299961.4956996,0.66670297,0.00171327,0.65916057,0.00541342,0.00562006,0.00375358,0.01067006,1.75519128,0.18150298,-0.06295935,0.00946792,1.68651314,0.01000826,1.64627779,0.0180502,0.04044235,0.01130013,1.66697701,0.00245006,0.00938534,0.81290925,0.91751791,0.65012374,0.9931425315,1.6267016445,404,0.1283018557,0.9193927446,0.0549865096,-0.686442171
20171031,20171031,208226.0,01W,NLD,-0.02628,2017,10,20170929,20170930,2091.7601242,42.781375055,2091.7601242,0.0524776975,0.013177539,0.0422831884,-0.000314498,0.0723660869,0.1902237508,0.1085107254,0.0003757109,-0.169735929,0.501355138,-0.059605087,0.0073612768,0.055363379,0.0056872858,0.0406811375,-0.132632518,,,-0.058702675,0.2447238183,,,,,,,,,,,0.0327021982,-0.032702198,-0.003114177,0.0093103348,0.8127476848,,,0.1280347385,0.1251118953,0.0948396192,,,0.0327021982,,,,,,,0.0991659999,0.1075984437,,0.0047793297,0.0289818652,0.1298701299,0.0,,,,,,0.0171048282,0.0086572939,0.0123256875,0.0062824809,,,,,,,0.2677642208,,0.1000738,,0.137817644,,1.1671592797,0.0586513477,0.0880354619,0.0044911497,1.9536430383,,,0.9991509757,,,,,,,0.5397954691,0.0168277831,1.8608024575,0.9524782271,0.737867447,0.7289740585,0.1809216491,0.1191663563,0.1106021489,,,,,0.9725144674,0.095080089,,12.79293417,0.8126812797,-0.232936485,0.262346546,0.4694219826,0.3976421637,0.00598427,3228835.49352946,0.66166743,0.00162805,0.66578526,0.0055073,0.00565936,0.0027876,0.00615434,-0.42232294,0.45595384,0.55983062,0.00507246,-0.73642018,0.00534432,-0.02440949,0.0104916,0.01822373,0.00748215,0.52949543,0.00249806,0.00915772,0.73590986,0.95106964,0.64512407,1.0037586756,0.9881293235,405,0.1283018557,0.9193927446,0.0549865096,-0.686442171
20171130,20171130,208226.0,01W,NLD,0.07857,2017,11,20171031,20171031,2036.7893564,41.657094595,2036.7893564,0.0538940145,0.013177539,0.0422831884,-0.026279671,0.0612115132,0.1012188075,0.1527268216,0.0634480061,-0.106233124,0.3659200691,-0.109195124,0.0148990452,0.0130090885,0.0074185173,0.1154364205,0.0476469728,,,0.0691134463,0.3940018512,,,,,,,,,,,0.0356209604,-0.03562096,0.0143975753,0.0593014071,0.8171968826,,,0.1681744992,0.132114198,0.0877576187,,,0.0356209604,,,,,,,0.1069952022,0.1073885873,,0.0202201941,0.0350247202,0.0121212121,1.0,,,,,,0.0656126936,0.0335847912,0.0180800415,0.0087252919,,,,,,,0.4764779065,,0.0927442226,,0.1902198426,,1.2976111492,0.0678354147,0.0831461309,0.009184067,1.9543216932,,,1.0000393395,,,,,2563.229186,,0.2980082565,0.0103338309,2.1602108993,1.1053507244,0.843121331,0.843121331,0.2191722759,0.1460325245,0.1465388021,,,,,1.1073210683,0.097450545,,11.983608393,0.8121139597,-0.170239687,0.1217137448,0.4484126984,0.558960396,0.00465926,3542465.48731837,0.63136006,0.00174998,0.63891541,0.00535068,0.00559435,0.0021716,0.00768431,-0.00668356,-0.1250517,1.43936337,0.00658083,-0.29433169,0.00611425,0.22489269,0.00970881,0.01381822,0.00938715,-0.53826055,0.00226199,0.00899127,0.84943937,0.94822131,0.64238926,1.0161865626,0.919181463,406,1.000343112,1.2431128952,1.333790816,-0.87006284
20171229,20171231,208226.0,01W,NLD,0.029048,2017,12,20171130,20171130,2071.7805888,42.372746938,2071.7805888,0.05761522,0.013177539,0.0455108711,0.0785699505,-0.026585904,-0.000356978,0.1728555439,0.1624329523,0.084076813,0.1452846417,0.0772844283,0.0150159109,0.0067167608,0.0040903036,0.1154364205,0.0476469728,,,0.0691134463,0.3940018512,,,,,,,,,,,0.0356209604,-0.03562096,0.0143975753,0.0593014071,0.8171968826,,,0.1681744992,0.132114198,0.0877576187,,,0.0356209604,,,,,,,0.1069952022,0.1073885873,,0.0202201941,0.0350247202,0.0121212121,1.0,,,,,,0.0656126936,0.0335847912,0.0180800415,0.0087252919,,,,,,,0.4764779065,,0.0927442226,,0.1902198426,,1.2976111492,0.0678354147,0.0831461309,0.009184067,1.9543216932,,,1.0000393395,,,,,2563.229186,,0.2980082565,0.0103338309,2.1237261277,1.0866819598,0.8288814763,0.8288814763,0.215470577,0.1435661157,0.1440638425,,,,,1.0970951226,0.0965506037,,12.107741197,0.7837478744,-0.12178434,-0.191791537,0.4536088649,0.5681906426,0.00441658,3940026.45936838,0.70002708,0.00194139,0.71140951,0.00514199,0.00552149,0.00318896,0.005738,0.58186028,-0.17718145,-0.38701608,0.00568168,0.17332817,0.00612357,0.27703722,0.01154558,0.01905091,0.00593632,0.43082466,0.00206024,0.00862751,0.82373084,0.96451137,0.63589773,0.9734729475,1.164147246,407,1.1180590284,1.2477472963,1.3746627399,-0.686442171
20180131,20180131,208226.0,01W,NLD,0.084895,2018,1,20171229,20171231,2161.2795874,43.603585123,2161.2795874,0.0552293628,0.0137517398,0.044944299,0.0290478733,0.0502254871,0.125872,0.2496101948,0.1638200821,0.0794252961,0.2106498682,-0.038660262,0.0211711959,0.0067041272,0.0054133744,0.1154364205,0.0476469728,,,0.0691134463,0.3940018512,,,,,,,,,,,0.0356209604,-0.03562096,0.0143975753,0.0593014071,0.8171968826,,,0.1681744992,0.132114198,0.0877576187,,,0.0356209604,,,,,,,0.1069952022,0.1073885873,,0.0202201941,0.0350247202,0.0121212121,1.0,,,,,,0.0656126936,0.0335847912,0.0180800415,0.0087252919,,,,,,,0.4764779065,,0.0927442226,,0.1902198426,,1.2976111492,0.0678354147,0.0831461309,0.009184067,1.9543216932,,,1.0000393395,,,,,2563.229186,,0.2980082565,0.0103338309,2.035782225,1.0416822532,0.7945573368,0.7945573368,0.2065478994,0.1376210155,0.1380981314,,,,,1.0717791761,0.0943226566,,12.406954341,0.7862378593,-0.056452758,0.2518206862,0.4378855945,0.6104455446,0.00543095,4080472.89313194,0.68255446,0.00200319,0.69683781,0.0050873,0.00553998,0.00286272,0.00517923,0.30096061,-0.23559888,0.52327165,0.00437104,0.00435689,0.00429159,-0.05595615,0.00923706,0.01421191,0.00608304,0.31739559,0.00188821,0.00834271,0.64578335,0.99252838,0.6345084,0.9376228981,0.9850034764,408,1.1180590284,1.2477472963,1.3746627399,-0.686442171
20180228,20180228,208226.0,01W,NLD,-0.136777,2018,2,20180131,20180131,2344.7622174,47.30532761,2344.7622174,0.0509075477,0.0137517398,0.044944299,0.0848953699,0.1099001138,0.1468855637,0.190122739,0.2457891137,0.0752759529,0.1607769435,-0.042990805,0.0327972118,0.0156991592,0.0036569151,0.1633129114,0.0251914166,,,0.162573648,0.5231390113,,,,,,,,,,,0.0570056823,-0.057005682,0.0133322679,0.074994394,0.8171968826,,,0.1681744992,0.1259121018,0.0877576187,,,0.0570056823,,,,,,,0.1039991835,0.1084876358,,0.0130784693,0.0350247202,0.0121212121,2.0,,,,,,0.0169866146,0.0086918211,0.0037248566,0.001999848,,,,,,,0.0034245896,,0.0927442226,,0.1902198426,,1.2818955049,0.0678354147,0.0831461309,0.009184067,1.9128947599,,,1.0000393395,,,,,,,0.3053809331,0.0125478597,1.9363767792,1.0122756462,0.7390156456,0.7136908014,0.1872460195,0.1274577542,0.1272916589,,,,,1.0071632795,0.0900620775,,12.569583392,0.8378692051,0.1048346679,0.450592697,0.4346211441,0.489913273,0.00565018,4007023.40849587,0.63239314,0.00192324,0.65265851,0.00525333,0.00553872,0.00351208,0.00815568,0.0795633,-0.49987472,1.09182298,0.00805191,-0.05089741,0.0080447,-0.01112155,0.01440586,0.01933635,0.00854059,-0.10396159,0.00194427,0.00788375,0.59235678,1.0,0.63851591,0.9110719992,1.6210134128,409,1.1970358127,1.1164054756,1.1970358127,-0.558732
20180329,20180331,208226.0,01W,NLD,0.010613,2018,3,20180228,20180228,2024.0528558,40.835050451,2024.0528558,0.058973803,0.0137517398,0.044944299,-0.136776923,0.1164092731,0.1721127295,0.2036956486,0.4122652618,0.1350325986,0.1543056025,0.0123210832,0.0192428476,0.0086084128,0.004179591,0.1633129114,0.0251914166,,,0.162573648,0.5231390113,,,,,,,,,,,0.0570056823,-0.057005682,0.0133322679,0.074994394,0.8171968826,,,0.1681744992,0.1259121018,0.0877576187,,,0.0570056823,,,,,,,0.1039991835,0.1084876358,,0.0130784693,0.0350247202,0.0121212121,2.0,,,,,,0.0169866146,0.0086918211,0.0037248566,0.001999848,,,,,,,0.0034245896,,0.0927442226,,0.1902198426,,1.2818955049,0.0678354147,0.0831461309,0.009184067,1.9128947599,,,1.0000393395,,,,,,,0.3053809331,0.0125478597,2.2431939451,1.1726698154,0.8561120125,0.8267744695,0.2169149835,0.1476533212,0.1474609082,,,,,1.0945216929,0.0977822945,,11.497873274,0.9083366708,0.2585246458,0.3761389711,0.4377657981,0.5605395818,0.00505237,4095369.10416524,0.56728341,0.00195515,0.58693636,0.00528219,0.00548153,0.00284336,0.00906037,1.20873555,-0.5222077,1.26444116,0.00936039,1.19672496,0.00967099,0.94600584,0.00833236,0.02387663,0.01465887,-0.48053986,0.00195002,0.00812745,1.07032858,0.86322308,0.64626159,0.8927281247,0.8466729034,410,1.0519405627,1.1164054756,1.1970358127,-0.622587085
20180430,20180430,208226.0,01W,NLD,0.015848,2018,4,20180329,20180331,2045.5334027,41.268418193,2045.5334027,0.0583545076,0.0137517398,0.044944299,0.0106126413,-0.063493281,0.0121130644,0.0850143841,0.2042621505,0.1902237508,0.2217299351,0.0804841142,0.0128908955,0.0383292044,0.0027474182,0.1633129114,0.0251914166,,,0.162573648,0.5231390113,,,,,,,,,,,0.0570056823,-0.057005682,0.0133322679,0.074994394,0.8171968826,,,0.1681744992,0.1259121018,0.0877576187,,,0.0570056823,,,,,,,0.1039991835,0.1084876358,,0.0130784693,0.0350247202,0.0121212121,2.0,,,,,,0.0169866146,0.0086918211,0.0037248566,0.001999848,,,,,,,0.0034245896,,0.0927442226,,0.1902198426,,1.2818955049,0.0678354147,0.0831461309,0.009184067,1.9128947599,,,1.0000393395,,,,,,,0.3053809331,0.0125478597,2.2196377261,1.16035538,0.8471218126,0.8180923489,0.2146371168,0.1461027848,0.1459123924,,,,,1.0881997992,0.0972240877,,11.580154975,0.9010788569,0.0817326198,0.0514439222,0.4384373488,0.4591056193,0.00565594,4173199.87492007,0.5481896,0.00199507,0.56616989,0.00522593,0.00548788,0.00658027,0.01355689,-0.41300341,0.2038872,1.46608933,0.01311475,-0.10416902,0.01143129,0.60815588,0.01679591,0.02952195,0.01389673,-0.19883463,0.00217994,0.00870983,0.97623789,0.87238415,0.64782793,0.9307969365,1.6250729429,411,0.89811299,1.044214832,1.1913743746,-0.741164642
20180531,20180531,208226.0,01W,NLD,-0.015938,2018,5,20180430,20180430,2077.9512795,41.9224454,2077.9512795,0.0574441257,0.0137517398,0.044944299,0.0158481288,-0.127615846,0.0504600005,0.0854647141,0.1263863454,0.1012188075,0.1834855628,0.0726620559,0.007725993,0.0012634689,0.0053234878,0.1663208292,0.028703746,,,0.153094815,0.1448079422,,,,,,,,,,,0.0368569761,-0.036856976,0.0115730718,0.0874720064,0.8171968826,,,0.1681744992,0.0905396806,0.0877576187,,,0.0368569761,,,,,,,0.0957702071,0.1001812696,,0.0127083457,0.0350247202,0.0121212121,0.0,,,,,,0.0034737787,0.0018159801,-0.044154422,-0.022993584,,,,,,,-3.226901708,,0.0927442226,,0.1902198426,,1.3655909132,0.0678354147,0.0831461309,0.009184067,1.9178113358,,,1.0000393395,,,,,,,-0.085193076,0.0117889083,2.143458506,1.1176586904,0.8125589299,0.7853191182,0.190642733,0.1011924608,0.1436360301,,,,,1.0659034507,0.0963936207,,12.685079932,0.8856521218,0.0701143612,0.217833641,0.4622641509,0.4042857143,0.00544683,3885147.35751874,0.57382031,0.00185907,0.5935263,0.00535304,0.00548014,0.00385516,0.00834882,1.11047667,-0.62050581,0.53928986,0.0084703,1.48157266,0.00847661,1.38446555,0.01215378,0.02428261,0.00848859,1.06489646,0.00224773,0.00871459,0.98862634,0.88620981,0.6466896,0.9230771529,1.2365379938,412,0.2088931871,-0.146372104,0.9400193422,-0.442903454
20180629,20180630,208226.0,01W,NLD,0.028348,2018,6,20180531,20180531,2044.8326808,41.254281203,2044.8326808,0.0583745044,0.0137517398,0.044944299,-0.015938102,0.0266289606,-0.01062715,0.0387377994,0.0667268922,-0.000356978,0.3105600254,-0.042355681,0.0101275911,-0.052785645,0.0126008485,0.1663208292,0.028703746,,,0.153094815,0.1448079422,,,,,,,,,,,0.0368569761,-0.036856976,0.0115730718,0.0874720064,0.8171968826,,,0.1681744992,0.0905396806,0.0877576187,,,0.0368569761,,,,,,,0.0957702071,0.1001812696,,0.0127083457,0.0350247202,0.0121212121,0.0,,,,,,0.0034737787,0.0018159801,-0.044154422,-0.022993584,,,,,,,-3.226901708,,0.0927442226,,0.1902198426,,1.3655909132,0.0678354147,0.0831461309,0.009184067,1.9178113358,,,1.0000393395,,,,,,,-0.085193076,0.0117889083,2.1781744722,1.1357605576,0.8257193285,0.7980383343,0.1937304282,0.1028313981,0.1459623935,,,,,1.0755048183,0.0972421966,,12.577403231,0.8902966937,-0.030782169,-0.099969294,0.4679487179,0.4059987631,0.00448865,3798737.05362944,0.53401141,0.00180624,0.53825235,0.00537013,0.00538274,0.00331996,0.00594682,-0.6884414,-0.28378963,1.29569967,0.00512619,-0.7216706,0.00541139,-0.84941268,0.00934378,0.01086946,0.00906145,-0.83394461,0.00238595,0.00852023,1.01333173,0.87208531,0.64974127,0.92054897,0.9552181987,413,0.2131782872,-0.11602387,1.0303617213,-0.569224849
20180731,20180731,208226.0,01W,NLD,-0.00148,2018,7,20180629,20180630,2102.7992718,42.423750995,2102.7992718,0.0567653299,0.0137517398,0.044944299,0.0283478407,-0.000342562,-0.053878687,0.0225038663,0.0961536233,0.125872,0.3563857737,0.0101933653,0.011777998,0.0313365229,0.0056887012,0.1663208292,0.028703746,,,0.153094815,0.1448079422,,,,,,,,,,,0.0368569761,-0.036856976,0.0115730718,0.0874720064,0.8171968826,,,0.1681744992,0.0905396806,0.0877576187,,,0.0368569761,,,,,,,0.0957702071,0.1001812696,,0.0127083457,0.0350247202,0.0121212121,0.0,,,,,,0.0034737787,0.0018159801,-0.044154422,-0.022993584,,,,,,,-3.226901708,,0.0927442226,,0.1902198426,,1.3655909132,0.0678354147,0.0831461309,0.009184067,1.9178113358,,,1.0000393395,,,,,,,-0.085193076,0.0117889083,2.1181300587,1.1044517358,0.802957225,0.776039296,0.1883899791,0.0999967074,0.1419387368,,,,,1.058811613,0.0957666179,,12.763639855,0.864812306,0.0458531289,-0.072860634,0.4647435897,0.4683873549,0.00499596,3880347.73476678,0.53410764,0.0018445,0.53777503,0.00528163,0.00532668,0.00223807,0.00539181,-0.13421759,0.12802399,0.62497723,0.0056674,-0.17801462,0.00520075,0.18627928,0.00918867,0.01009489,0.00693372,-0.55599399,0.00237846,0.00844153,0.99140453,0.89680704,0.63550879,0.8631294182,0.9468741726,414,0.2842377162,-0.11602387,1.0303617213,-0.471643446
20180831,20180831,208226.0,01W,NLD,-0.089679,2018,8,20180731,20180731,2099.6862448,42.360946006,2099.6862448,0.0568494911,0.0137517398,0.044944299,-0.00148042,0.0119579283,-0.103192957,0.0798682247,0.1158529152,0.1468855637,0.3234310799,0.0615453672,0.0060483809,0.0032756919,0.0076679864,0.3487330648,0.0867702588,,,0.87541427,0.2389091042,,,,,,,,,,,0.1617023196,-0.16170232,0.005459745,0.0769879935,0.8171968826,,,0.1681744992,0.0903284827,0.0877576187,,,0.1617023196,,,,,,,0.0899755159,0.0865725879,,0.0072645857,0.0350247202,0.0121212121,0.0,,,,,,0.0169055793,0.0088150377,-0.000199249,0.0001577438,,,,,,,0.2758242402,,0.0927442226,,0.1902198426,,1.3248867268,0.0678354147,0.0831461309,0.009184067,2.1905668284,,,1.0000393395,,,,,,,0.0973027268,0.0161249384,2.5002518197,1.1413720811,1.1393785846,1.1212152909,0.1958780442,0.1030984083,0.1421491774,,,,,1.0666467386,0.0958447233,,12.785544554,0.9092924295,0.2228794532,-0.004066364,0.3653846154,0.6399907536,0.00507562,3806706.27849514,0.53833803,0.00182632,0.53912192,0.00515761,0.00536236,0.00250373,0.00650862,0.15091254,-0.2932721,1.30826128,0.00682174,0.09274715,0.00669458,-0.11174705,0.00897729,0.01928533,0.00744363,0.14222878,0.00227736,0.00840365,1.01257219,0.89547939,0.63394195,0.8455621307,0.9283959973,415,0.4618862888,0.2626836413,0.8527131486,-0.451143695
20180928,20180930,208226.0,01W,NLD,-0.049666,2018,9,20180831,20180831,1911.388488,38.56205885,1911.388488,0.062449939,0.0137517398,0.044944299,-0.089678997,0.0268254535,0.0373672994,-0.000278503,0.0496027943,0.1721127295,0.4313673629,-0.000314498,-0.002075664,-0.009596648,0.0106574903,0.3487330648,0.0867702588,,,0.87541427,0.2389091042,,,,,,,,,,,0.1617023196,-0.16170232,0.005459745,0.0769879935,0.8171968826,,,0.1681744992,0.0903284827,0.0877576187,,,0.1617023196,,,,,,,0.0899755159,0.0865725879,,0.0072645857,0.0350247202,0.0121212121,0.0,,,,,,0.0169055793,0.0088150377,-0.000199249,0.0001577438,,,,,,,0.2758242402,,0.0927442226,,0.1902198426,,1.3248867268,0.0678354147,0.0831461309,0.009184067,2.1905668284,,,1.0000393395,,,,,,,0.0973027268,0.0161249384,2.7465606219,1.2538127512,1.2516228683,1.2316702432,0.215174695,0.1132550035,0.1561528043,,,,,1.1137321932,0.1008182951,,12.140498324,0.9305550338,0.2310491661,0.922589204,0.3527508091,0.5796769978,0.00432253,3825016.77985457,0.72723497,0.00184202,0.73782289,0.00504613,0.00530397,0.00264254,0.01572901,-3.51020779,0.09121452,0.76597986,0.01619579,-3.08561707,0.01659426,-3.13468055,0.00871635,0.01533742,0.01832943,-3.43082245,0.00225833,0.00912627,1.05480119,0.8151737,0.63852261,0.8884534904,0.8217682329,416,0.3410301253,0.248622579,0.8436008364,-0.666806251
20181031,20181031,208226.0,01W,NLD,0.009944,2018,10,20180928,20180930,1816.4582156,36.64685073,1816.4582156,0.0657136472,0.0137517398,0.044944299,-0.049665609,-0.091026655,-0.06557943,-0.115621829,-0.044223942,0.0121130644,0.3155665201,-0.026279671,-0.004201659,0.0320526354,0.0048712857,0.3487330648,0.0867702588,,,0.87541427,0.2389091042,,,,,,,,,,,0.1617023196,-0.16170232,0.005459745,0.0769879935,0.8171968826,,,0.1681744992,0.0903284827,0.0877576187,,,0.1617023196,,,,,,,0.0899755159,0.0865725879,,0.0072645857,0.0350247202,0.0121212121,0.0,,,,,,0.0169055793,0.0088150377,-0.000199249,0.0001577438,,,,,,,0.2758242402,,0.0927442226,,0.1902198426,,1.3248867268,0.0678354147,0.0831461309,0.009184067,2.1905668284,,,1.0000393395,,,,,,,0.0973027268,0.0161249384,2.8900991552,1.3193385008,1.3170341719,1.2960387988,0.2264199812,0.119173845,0.164313536,,,,,1.1390823626,0.1035266906,,11.764592189,0.9194346886,0.2111962353,0.1787876825,0.3525604417,0.5259560135,0.00399071,4146760.86034544,0.71496797,0.00205367,0.72767934,0.00478166,0.00515135,0.00218094,0.01202556,0.23418948,-0.19939368,1.84437848,0.01055867,-0.67107235,0.01096424,-0.61366275,0.01501542,0.02398463,0.01380712,-0.00812207,0.00200223,0.0095819,1.13465355,0.7746876,0.63921632,0.9181267813,1.3525970841,417,0.2539166875,0.248622579,0.8342976876,-0.755215469
20181130,20181130,208226.0,01W,NLD,-0.044132,2018,11,20181031,20181031,1834.520678,37.011258983,1834.520678,0.0650666388,0.0137517398,0.044944299,0.0099437809,-0.134890644,-0.125841769,-0.2253124,-0.06717891,0.0504600005,0.2185463356,0.0785699505,-0.010440401,-0.02989359,0.0087407781,0.076782521,-0.408818144,,,0.5761572931,-0.274186343,,,,,,,,,,,0.0679578855,-0.067957885,-0.012742156,0.0025148873,0.6627878702,,,0.059276703,0.0371505281,0.0387905014,,,0.0679578855,,,,,,,0.0577629729,0.0585262694,,0.0083759548,-0.454798955,0.0809248555,0.0,,,,,,0.0004829645,0.0002204747,-0.065129729,-0.033364317,,,,,,,-2.977230733,,0.0400513948,,0.0595904117,,1.3348134991,0.0180231653,0.0371954355,-0.049812249,2.0933011098,,,1.0005347635,,,,,739.16980753,,-0.476753539,0.0189836882,2.5825435607,1.2337181443,1.1115855279,1.1115855279,0.1438567417,0.0458332806,0.0465456095,,,,,1.1640474957,0.0454913292,,11.671517795,0.8265247331,0.1073948918,-0.012721456,0.4079084967,0.3612933458,0.00489357,4190413.30190141,0.71714708,0.00211944,0.71612022,0.00471787,0.00515439,0.00401012,0.01195159,-0.10277173,0.1186376,0.81129269,0.01192963,-0.17039574,0.00992866,0.5584941,0.01609583,0.02678901,0.01287195,-0.02285175,0.00227734,0.00998825,1.03965851,0.78239092,0.6326176,0.8717733583,1.4128286679,418,-1.264689721,-0.828014628,-1.191374375,-0.679568383
20181231,20181231,208226.0,01W,NLD,-0.065727,2018,12,20181130,20181130,1638.7903332,33.062420156,1638.7903332,0.0742535796,0.0137517398,0.0540310485,-0.044132312,-0.040215692,-0.10285047,-0.093639935,-0.126531517,-0.01062715,0.29528903,0.0290478733,-0.017093146,0.0212579057,0.0055429744,0.076782521,-0.408818144,,,0.5761572931,-0.274186343,,,,,,,,,,,0.0679578855,-0.067957885,-0.012742156,0.0025148873,0.6627878702,,,0.059276703,0.0371505281,0.0387905014,,,0.0679578855,,,,,,,0.0577629729,0.0585262694,,0.0083759548,-0.454798955,0.0809248555,0.0,,,,,,0.0004829645,0.0002204747,-0.065129729,-0.033364317,,,,,,,-2.977230733,,0.0400513948,,0.0595904117,,1.3348134991,0.0180231653,0.0371954355,-0.049812249,2.0933011098,,,1.0005347635,,,,,739.16980753,,-0.476753539,0.0189836882,2.8909918908,1.3810683409,1.2443487095,1.2443487095,0.1610383965,0.0513074182,0.0521048248,,,,,1.2259937618,0.0479122081,,10.756422211,0.8289495521,0.1336210757,0.2160487964,0.4289438944,0.3675820707,0.00495544,3862568.84253079,0.7052535,0.00201315,0.69326275,0.0047911,0.00520713,0.00516927,0.01174726,0.00644459,-0.07278225,0.93557083,0.01057024,-0.22776589,0.0102772,0.18600722,0.0154474,0.02245168,0.01512911,-0.76659473,0.00257558,0.01037067,1.03637312,0.69891536,0.6312071,0.8742235014,1.2841356437,419,-1.370840561,-0.853237351,-1.185591836,-0.803279313
20190131,20190131,208226.0,01W,NLD,0.049406,2019,1,20181231,20181231,1541.6769583,30.889337046,1541.6769583,0.078930964,0.0069224901,0.0607904515,-0.06572668,-0.034627373,-0.166083486,-0.142737519,-0.188647758,-0.053878687,0.272115148,0.0848953699,-0.030786059,-0.003621893,0.0073787295,0.076782521,-0.408818144,,,0.5761572931,-0.274186343,,,,,,,,,,,0.0679578855,-0.067957885,-0.012742156,0.0025148873,0.6627878702,,,0.059276703,0.0371505281,0.0387905014,,,0.0679578855,,,,,,,0.0577629729,0.0585262694,,0.0083759548,-0.454798955,0.0809248555,0.0,,,,,,0.0004829645,0.0002204747,-0.065129729,-0.033364317,,,,,,,-2.977230733,,0.0400513948,,0.0595904117,,1.3348134991,0.0180231653,0.0371954355,-0.049812249,2.0933011098,,,1.0005347635,,,,,739.16980753,,-0.476753539,0.0189836882,3.0731013645,1.4680646516,1.3227327718,1.3227327718,0.1711825334,0.0545393771,0.0553870139,,,,,1.2592424625,0.0492115774,,10.216145092,0.8367696675,0.1136181661,0.0188408135,0.464311137,0.3711340206,0.00528523,3675834.77186053,0.73675316,0.00198522,0.70382627,0.00483095,0.00519316,0.00576039,0.00915648,-1.22224181,0.39876161,0.59364484,0.00833188,-0.30679155,0.00828209,-0.33083553,0.01385201,0.0175331,0.01386479,0.16822666,0.00326611,0.01055541,0.90954398,0.65297798,0.63232188,0.8458642319,1.1096645016,420,-1.338005067,-0.828014628,-1.191374375,-0.745867737
20190228,20190228,208226.0,01W,NLD,-0.097841,2019,2,20190131,20190131,1617.8455892,32.415466434,1617.8455892,0.0752148718,0.0069224901,0.0607904515,0.0494063497,-0.106958322,-0.219738935,-0.211577557,-0.301292296,-0.103192957,0.4271844519,-0.136776923,-0.013860307,0.0143578478,0.0084232582,0.0526811548,-0.334200597,,,0.5950221233,-0.237884453,,,,,,,,,,,0.063287665,-0.063287665,-0.011386313,-0.015153513,0.6627878702,,,0.059276703,0.0409246264,0.0387905014,,,0.063287665,,,,,,,0.062729905,0.0680642714,,0.0087232475,-0.454798955,0.0809248555,0.0,,,,,,0.0201069235,0.0096053661,0.003120309,0.000913545,,,,,,,0.4183979141,,0.0400513948,,0.0595904117,,1.3167115575,0.020040715,0.0371954355,-0.049812249,2.0770476018,,,1.0005347635,,,,,,,-0.28780963,0.0198880872,2.954258219,1.4223353458,1.2580319782,1.2322612526,0.1806831833,0.0582085426,0.059205447,,,,,1.1891961997,0.0481866104,,10.823740193,0.8427759354,0.1146428931,0.0035614077,0.4610431631,0.4873232323,0.00482877,3617897.25159729,0.75408109,0.00204529,0.69138986,0.00479502,0.00511592,0.00382922,0.01056046,0.08889173,-0.4070409,1.13398085,0.00985442,-0.06409173,0.00889039,-0.61389887,0.01858035,0.02364875,0.01230948,-0.00041886,0.00370577,0.01070819,0.8892718,0.68921091,0.64333568,0.8519114046,1.4631851222,421,-1.342131063,-0.870219256,-1.269583438,-0.886557289
20190329,20190331,208226.0,01W,NLD,-0.012866,2019,3,20190228,20190228,1459.5545552,29.243916731,1459.5545552,0.0833720453,0.0069224901,0.0607904515,-0.097840631,-0.019567646,-0.100525075,-0.15922411,-0.150592332,0.0373672994,0.1250727863,0.0106126413,-0.023719696,0.0225753034,0.0024080776,0.0526811548,-0.334200597,,,0.5950221233,-0.237884453,,,,,,,,,,,0.063287665,-0.063287665,-0.011386313,-0.015153513,0.6627878702,,,0.059276703,0.0409246264,0.0387905014,,,0.063287665,,,,,,,0.062729905,0.0680642714,,0.0087232475,-0.454798955,0.0809248555,0.0,,,,,,0.0201069235,0.0096053661,0.003120309,0.000913545,,,,,,,0.4183979141,,0.0400513948,,0.0595904117,,1.3167115575,0.020040715,0.0371954355,-0.049812249,2.0770476018,,,1.0005347635,,,,,,,-0.28780963,0.0198880872,3.2746522642,1.5765898968,1.3944675653,1.3659019631,0.2002785645,0.0645213525,0.0656263727,,,,,1.2437082795,0.0503666576,,9.9008611601,0.7550595925,0.2674700626,0.1887042952,0.4575163399,0.5356122449,0.00483103,3382882.30533877,0.57697802,0.0020256,0.55188301,0.004859,0.00508923,0.00340004,0.00888556,-1.3512235,-0.09937455,-0.41532452,0.00798818,-1.1373342,0.007536,-1.15536496,0.00347067,0.00636767,0.00890496,-1.26969179,0.00365725,0.01079167,0.74731683,0.6732293,0.62795924,0.8458262846,0.2839199234,422,-1.30585725,-0.870219256,-1.269583438,-0.722380014
20190430,20190430,208226.0,01W,NLD,0.002909,2019,4,20190329,20190331,1440.7761363,28.867668706,1440.7761363,0.0844586785,0.0069224901,0.0607904515,-0.012865856,-0.05326823,-0.146121894,-0.262395645,-0.241745992,-0.06557943,0.1648825037,0.0158481288,-0.026330058,0.0296002351,0.0025543921,0.0526811548,-0.334200597,,,0.5950221233,-0.237884453,,,,,,,,,,,0.063287665,-0.063287665,-0.011386313,-0.015153513,0.6627878702,,,0.059276703,0.0409246264,0.0387905014,,,0.063287665,,,,,,,0.062729905,0.0680642714,,0.0087232475,-0.454798955,0.0809248555,0.0,,,,,,0.0201069235,0.0096053661,0.003120309,0.000913545,,,,,,,0.4183979141,,0.0400513948,,0.0595904117,,1.3167115575,0.020040715,0.0371954355,-0.049812249,2.0770476018,,,1.0005347635,,,,,,,-0.28780963,0.0198880872,3.3173325879,1.5971384503,1.4126424194,1.3837045062,0.202888904,0.0653622944,0.0664817169,,,,,1.2505085881,0.0506384408,,9.7779226209,0.7568990976,-0.049211554,-0.14733404,0.4600373483,0.3838659794,0.0056484,2894957.61779732,0.53994214,0.00180209,0.52922512,0.00513014,0.00508937,0.00443137,0.00715859,-0.49956038,0.06612888,0.84845516,0.00752041,-0.55710762,0.00693378,-0.64263241,0.00775852,0.01225851,0.0081142,-0.61298232,0.00394501,0.01028171,0.71936077,0.66591771,0.63103195,0.8156833826,0.657621292,423,-1.30585725,-0.870219256,-1.269583438,-0.558202738
20190531,20190531,208226.0,01W,NLD,-0.099849,2019,5,20190430,20190430,1444.9674318,28.95164631,1444.9674318,0.0842136963,0.0069224901,0.0607904515,0.0029090539,-0.109447684,-0.165406779,-0.270806043,-0.263178816,-0.125841769,0.1336260296,-0.015938102,-0.02461668,0.0272653215,0.0021300868,0.0761008648,-0.35397462,,,0.4108172586,-0.396066217,,,,,,,,,,,0.1033375532,-0.103337553,-0.011097255,-0.03642508,0.6627878702,,,0.059276703,0.0322588216,0.0387905014,,,0.1033375532,,,,,,,0.0553523802,0.0599754412,,0.0134608522,-0.454798955,0.0809248555,0.0,,,,,,-0.007231239,-0.003481499,-0.010705018,-0.005297479,,,,,,,-0.108242244,,0.0400513948,,0.0595904117,,1.3418409847,0.014730409,0.0371954355,-0.049812249,2.2315065098,,,1.0005347635,,,,,,,0.0492999601,0.0207650005,3.3169991724,1.4864393887,1.5112798686,1.4666302331,0.1771116534,0.047950783,0.0488607545,,,,,1.1972080704,0.0505775255,,10.596336407,0.7511182462,-0.027604455,-0.489810644,0.4273576097,0.2684653465,0.00539004,2678941.70449867,0.52724057,0.00173181,0.5268115,0.00519706,0.00508315,0.00460694,0.0111676,0.36707701,-0.02672455,0.72692681,0.01155993,0.38583232,0.00874587,-0.01923404,0.01411222,0.0194572,0.01171315,-0.05336141,0.00423382,0.01044853,0.68508468,0.6678549,0.63175845,0.8376365838,1.1764259443,424,-1.218543592,-0.788050924,-1.218543592,-0.805613741
20190628,20190630,208226.0,01W,NLD,0.026172,2019,6,20190531,20190531,1300.6887895,26.06085159,1300.6887895,0.0935550837,0.0069224901,0.0607904515,-0.099849062,-0.00999423,-0.124333725,-0.196640284,-0.249066916,-0.10285047,0.0614619971,0.0283478407,-0.036270944,-0.044697097,0.007151626,0.0761008648,-0.35397462,,,0.4108172586,-0.396066217,,,,,,,,,,,0.1033375532,-0.103337553,-0.011097255,-0.03642508,0.6627878702,,,0.059276703,0.0322588216,0.0387905014,,,0.1033375532,,,,,,,0.0553523802,0.0599754412,,0.0134608522,-0.454798955,0.0809248555,0.0,,,,,,-0.007231239,-0.003481499,-0.010705018,-0.005297479,,,,,,,-0.108242244,,0.0400513948,,0.0595904117,,1.3418409847,0.014730409,0.0371954355,-0.049812249,2.2315065098,,,1.0005347635,,,,,,,0.0492999601,0.0207650005,3.6849366383,1.6513223789,1.678918284,1.6293158967,0.1967577279,0.053269714,0.0542806239,,,,,1.2477155292,0.0527623882,,9.6271867804,0.7799593427,-0.106478871,-0.611534299,0.415365575,0.2300230023,0.00564381,2447838.95635688,0.58728549,0.00164212,0.57561603,0.0053036,0.00516572,0.00729529,0.01172777,0.1935776,0.40375091,-0.22874878,0.01080277,0.39870949,0.011335,0.08206942,0.01293664,0.02372945,0.01295761,0.45446027,0.00479145,0.01082794,0.56088737,0.60117022,0.62965669,0.832315011,1.04940079,425,-1.213330411,-0.779017414,-1.213330411,-0.796914788
20190731,20190731,208226.0,01W,NLD,-0.051919,2019,7,20190628,20190630,1334.7297676,26.742903197,1334.7297676,0.0911690527,0.0069224901,0.0607904515,0.0261715011,-0.097230474,-0.156315607,-0.239062578,-0.342680469,-0.166083486,0.0673800039,-0.00148042,-0.033757133,0.0250478288,0.0009407599,0.0761008648,-0.35397462,,,0.4108172586,-0.396066217,,,,,,,,,,,0.1033375532,-0.103337553,-0.011097255,-0.03642508,0.6627878702,,,0.059276703,0.0322588216,0.0387905014,,,0.1033375532,,,,,,,0.0553523802,0.0599754412,,0.0134608522,-0.454798955,0.0809248555,0.0,,,,,,-0.007231239,-0.003481499,-0.010705018,-0.005297479,,,,,,,-0.108242244,,0.0400513948,,0.0595904117,,1.3418409847,0.014730409,0.0371954355,-0.049812249,2.2315065098,,,1.0005347635,,,,,,,0.0492999601,0.0207650005,3.5909559311,1.6092070157,1.6360991142,1.5877617873,0.1917396143,0.051911122,0.0528962496,,,,,1.2354185067,0.0522300508,,9.8747325612,0.7706289793,-0.249999166,-0.585160676,0.4224358974,0.2173469388,0.00439758,2529495.81854653,0.57606212,0.00175689,0.5752929,0.00514355,0.00510532,0.0041782,0.01810521,-1.27696306,0.44878612,1.42012627,0.01580765,-1.42897194,0.01481643,-0.48461225,0.02123088,0.02567689,0.01855873,-1.224914,0.00444493,0.01179429,0.56021702,0.61690374,0.62623823,0.9022881422,1.6065458503,426,-1.243540008,-0.769809342,-1.208010294,-0.788050924
20190830,20190831,208226.0,01W,NLD,0.010802,2019,8,20190731,20190731,1265.4322594,25.35444495,1265.4322594,0.0961616456,0.0069224901,0.0607904515,-0.051918755,-0.07629076,-0.174995577,-0.226835878,-0.324477373,-0.219738935,0.0523163572,-0.089678997,-0.030324384,0.0232878956,0.0007759002,-0.109748125,-0.393357585,,,0.4871238273,-0.428161156,,,,,,,,,,,-0.061268115,0.0612681148,-0.011839456,-0.059670687,0.6627878702,,,0.059276703,0.0233854034,0.0387905014,,,-0.061268115,,,,,,,0.0502857691,0.0595203737,,0.006799238,-0.454798955,0.0809248555,0.0,,,,,,0.0090773756,0.0040678239,-0.007828204,-0.004747214,,,,,,,-0.004923971,,0.0400513948,,0.0595904117,,1.3028311763,0.0108798588,0.0371954355,-0.049812249,2.2069757248,,,1.0005347635,,,,,,,0.3081389213,0.0240347362,3.6932792864,1.6734571409,1.6642496555,1.6391381705,0.197166911,0.0391344704,0.0401823572,,,,,1.2551807057,0.0533252962,,9.5317561674,0.8073366531,-0.342981142,-0.724716489,0.6043866264,0.3289699162,0.00385417,2682109.0895651,0.54076786,0.00192609,0.54943909,0.00493997,0.00498922,0.00645962,0.01562686,0.29003499,0.18921537,0.2891335,0.01480078,-0.15620491,0.01540514,0.0145931,0.01778787,0.03317675,0.01579244,0.11469757,0.00430967,0.01250057,0.46809537,0.59774778,0.62877391,0.9612842294,1.2877241152,427,-1.414678688,-1.03079372,-1.342131063,-0.853721834
20190930,20190930,208226.0,01W,NLD,0.087519,2019,9,20190830,20190831,1279.1011453,25.628317386,1279.1011453,0.0951340314,0.0069224901,0.0607904515,0.0108017524,-0.027106046,-0.133001055,-0.233134029,-0.2964566,-0.100525075,-0.028446676,-0.049665609,-0.024827351,-0.031595616,0.0040454711,-0.109748125,-0.393357585,,,0.4871238273,-0.428161156,,,,,,,,,,,-0.061268115,0.0612681148,-0.011839456,-0.059670687,0.6627878702,,,0.059276703,0.0233854034,0.0387905014,,,-0.061268115,,,,,,,0.0502857691,0.0595203737,,0.006799238,-0.454798955,0.0809248555,0.0,,,,,,0.0090773756,0.0040678239,-0.007828204,-0.004747214,,,,,,,-0.004923971,,0.0400513948,,0.0595904117,,1.3028311763,0.0108798588,0.0371954355,-0.049812249,2.2069757248,,,1.0005347635,,,,,,,0.3081389213,0.0240347362,3.6538117171,1.6555740401,1.6464649489,1.6216218132,0.195059922,0.0387162668,0.0397529556,,,,,1.2500643063,0.0531056381,,9.6364989708,0.7999132721,-0.272077942,-0.872601733,0.6011814982,0.3335833583,0.0050891,2502143.67722764,0.51871913,0.00185219,0.52975728,0.00499297,0.00503854,0.00410282,0.00839414,0.26098601,0.28511666,0.38792921,0.0071837,0.01380474,0.00724499,0.26804905,0.01344867,0.01808813,0.00897942,0.51848944,0.00458293,0.01189318,0.2935681,0.66342022,0.62290826,0.8785164424,1.0350013831,428,-1.342131063,-1.03079372,-1.342131063,-0.623873648
20191031,20191031,208226.0,01W,NLD,0.143877,2019,10,20190930,20190930,1391.046524,27.871276596,1391.046524,0.087478058,0.0069224901,0.0607904515,0.0875187854,-0.041677816,-0.112213818,-0.170318309,-0.251691922,-0.146121894,0.0322474721,0.0099437809,-0.017775078,0.0126708271,0.0012911994,-0.109748125,-0.393357585,,,0.4871238273,-0.428161156,,,,,,,,,,,-0.061268115,0.0612681148,-0.011839456,-0.059670687,0.6627878702,,,0.059276703,0.0233854034,0.0387905014,,,-0.061268115,,,,,,,0.0502857691,0.0595203737,,0.006799238,-0.454798955,0.0809248555,0.0,,,,,,0.0090773756,0.0040678239,-0.007828204,-0.004747214,,,,,,,-0.004923971,,0.0400513948,,0.0595904117,,1.3028311763,0.0108798588,0.0371954355,-0.049812249,2.2069757248,,,1.0005347635,,,,,,,0.3081389213,0.0240347362,3.3597688298,1.5223406366,1.5139646054,1.4911207374,0.1793623472,0.03560055,0.0365538105,,,,,1.2096809796,0.0513725602,,10.416858057,0.785336588,-0.201765335,-0.34786312,0.6169934641,0.3702768236,0.00478855,2618249.63936797,0.49490161,0.00195402,0.49919752,0.00487543,0.00509074,0.0035197,0.01595421,0.19660909,-0.27535907,0.95321851,0.0149671,0.14572932,0.01554784,0.32841945,0.02868969,0.03224547,0.01751878,0.244657,0.00488225,0.01234209,0.31236488,0.72470992,0.6134838,0.8924258033,2.1378052974,429,-1.342131063,-1.03079372,-1.342131063,-0.689544558
20191129,20191130,208226.0,01W,NLD,-0.024893,2019,11,20191031,20191031,1591.1865398,31.881320576,1591.1865398,0.0764750364,0.0069224901,0.0607904515,0.1438772984,0.099265894,-0.037316348,-0.140185854,-0.194213473,-0.165406779,0.0070207217,-0.044132312,-0.000683295,-0.013917935,0.0031333601,0.0137001896,0.0512229634,,,0.3931094892,-0.348925182,,,,,,,,,,,0.0280607105,-0.02806071,-0.00472366,-0.01949453,0.6869003425,,,0.046100855,0.0391207406,0.0418816636,,,0.0280607105,,,,,,,0.0581584184,0.0609719649,,0.0154445497,0.0630344573,-0.011173184,0.0,,,,,,0.0175096822,0.0079337901,0.0170267177,0.0077133154,,,,,,,1.0784753286,,0.0405008422,,0.044193801,,1.064395463,0.0179477136,0.039953472,-7.5452e-05,2.2135475482,,,1.0004664128,,,,,709.56726404,,0.3040937452,0.0228806433,3.0182742485,1.3635461551,1.3662710174,1.3662710174,0.1743518556,0.0533429354,0.0541711219,,,,,1.2084589382,0.0509622672,,13.172534936,0.7926813194,-0.187907627,0.3865180294,0.5533239038,0.4363636364,0.00460301,2770525.62465272,0.4598125,0.00203801,0.46097588,0.00476155,0.00506642,0.00579291,0.01117279,0.5568803,0.34862188,0.25717728,0.01167084,0.50094895,0.01120213,0.45716884,0.0257645,0.03483791,0.01311903,0.6610506,0.00452653,0.01238551,0.26235669,0.82897923,0.60284711,0.8948596267,1.8977546549,430,-1.191374375,-0.828014628,-0.89811299,-0.820886379
20191231,20191231,208226.0,01W,NLD,-0.025186,2019,12,20191129,20191130,1436.3707678,28.779401891,1436.3707678,0.0836627532,0.0069224901,0.0702531587,-0.024893476,0.2439880502,0.2233414732,0.0901864093,-0.035723325,-0.124333725,-0.083180753,-0.06572668,0.0030288145,0.0165714129,-0.001775746,0.0137001896,0.0512229634,,,0.3931094892,-0.348925182,,,,,,,,,,,0.0280607105,-0.02806071,-0.00472366,-0.01949453,0.6869003425,,,0.046100855,0.0391207406,0.0418816636,,,0.0280607105,,,,,,,0.0581584184,0.0609719649,,0.0154445497,0.0630344573,-0.011173184,0.0,,,,,,0.0175096822,0.0079337901,0.0170267177,0.0077133154,,,,,,,1.0784753286,,0.0405008422,,0.044193801,,1.064395463,0.0179477136,0.039953472,-7.5452e-05,2.2135475482,,,1.0004664128,,,,,709.56726404,,0.3040937452,0.0228806433,3.3435916863,1.5105127012,1.5135312563,1.5135312563,0.1931439514,0.0590923755,0.0600098261,,,,,1.2602788003,0.0531475774,,12.508508083,0.7790374371,-0.008711937,0.807218516,0.5686407767,0.4907216495,0.00440473,3082759.48150628,0.44152174,0.00222552,0.42291068,0.00459117,0.00502398,0.00450465,0.01078531,0.50257811,-0.63111313,2.59409659,0.01098396,0.27104143,0.00976434,0.96835489,0.01191786,0.02861707,0.01101706,0.61342249,0.00387231,0.01227773,0.17329943,0.85917457,0.60301202,0.9119268967,0.8997599315,431,-1.185591836,-0.819107857,-0.889193877,-0.812167092
20200131,20200131,208226.0,01W,NLD,-0.108471,2020,1,20191231,20191231,1400.1944907,28.054567023,1400.1944907,0.085824315,0.0,0.0771517983,-0.025185891,0.115402216,0.1624648023,0.0769031609,0.0064212006,-0.156315607,-0.08806347,0.0494063497,-0.003752298,0.0258476633,-0.00273273,0.0137001896,0.0512229634,,,0.3931094892,-0.348925182,,,,,,,,,,,0.0280607105,-0.02806071,-0.00472366,-0.01949453,0.6869003425,,,0.046100855,0.0391207406,0.0418816636,,,0.0280607105,,,,,,,0.0581584184,0.0609719649,,0.0154445497,0.0630344573,-0.011173184,0.0,,,,,,0.0175096822,0.0079337901,0.0170267177,0.0077133154,,,,,,,1.0784753286,,0.0405008422,,0.044193801,,1.064395463,0.0179477136,0.039953472,-7.5452e-05,2.2135475482,,,1.0004664128,,,,,709.56726404,,0.3040937452,0.0228806433,3.4299787562,1.5495392267,1.552635771,1.552635771,0.1981341361,0.0606191221,0.0615602765,,,,,1.2730347643,0.0536855128,,12.332177744,0.7520972967,0.011822945,0.6684447001,0.7004134987,0.4775171065,0.0053704,2928388.39729843,0.46268914,0.00209859,0.44229548,0.00472187,0.00503129,0.00321316,0.00663349,0.07596706,0.02818243,0.65911037,0.00565847,-0.48071255,0.00601877,-0.26997377,0.00863069,0.01642426,0.00795798,0.34227847,0.00379853,0.01212937,0.14985451,0.8523847,0.60214959,0.9619857845,0.6716889284,432,-1.173647578,-0.87038828,-0.870770784,-0.861811143
20200228,20200229,208226.0,01W,NLD,-0.123688,2020,2,20200131,20200131,1248.3146504,25.011473233,1248.3146504,0.0962663804,0.0,0.0771517983,-0.108470531,-0.049452403,0.1952425989,0.046735386,-0.065115637,-0.174995577,-0.087352243,-0.097840631,-0.004718653,-0.043591683,0.0035985242,-0.066103816,-0.064748738,,,0.2598660102,-0.361623832,,,,,,,,,,,-0.039938904,0.0399389042,-0.006277296,-0.051801815,0.6869003425,,,0.046100855,0.0253378456,0.0418816636,,,-0.039938904,,,,,,,0.0591554038,0.0708417614,,0.0151803973,0.0630344573,-0.011173184,0.0,,,,,,0.0057660986,0.0026049129,-0.014340825,-0.007000453,,,,,,,-0.138877426,,0.0405008422,,0.044193801,,1.0292000167,0.0121143655,0.039953472,-0.007926349,2.1564301168,,,1.0004664128,,,,,,,0.4396143821,0.0236815849,3.5756916068,1.6581532501,1.4876302736,1.4333498544,0.2190075254,0.0420140311,0.0433172351,,,,,1.270472102,0.0560680424,,11.574859182,0.7846206795,-0.049369128,0.4399678253,0.7573796215,0.3598001701,0.00544093,2638883.81637492,0.52314225,0.00188422,0.49119941,0.00503373,0.00509067,0.00464877,0.01306016,-0.99347285,-0.26869946,-0.5054785,0.01255581,-0.47968011,0.01058887,-0.63733482,0.00874365,0.01742049,0.0131211,-0.82570252,0.0040991,0.01240307,0.18297295,0.76316949,0.59401276,0.9622183762,0.6741470728,433,-1.179684271,-0.913431133,-0.992432799,-0.702869399
20200331,20200331,208226.0,01W,NLD,-0.557307,2020,3,20200228,20200229,1093.9129082,21.917850129,1093.9129082,0.1098540223,0.0,0.0771517983,-0.12368816,-0.130924495,0.0542067192,0.0367099593,-0.076131127,-0.133001055,-0.212188332,-0.012865856,-0.014793408,0.0312096943,-0.006450591,-0.066103816,-0.064748738,,,0.2598660102,-0.361623832,,,,,,,,,,,-0.039938904,0.0399389042,-0.006277296,-0.051801815,0.6869003425,,,0.046100855,0.0253378456,0.0418816636,,,-0.039938904,,,,,,,0.0591554038,0.0708417614,,0.0151803973,0.0630344573,-0.011173184,0.0,,,,,,0.0057660986,0.0026049129,-0.014340825,-0.007000453,,,,,,,-0.138877426,,0.0405008422,,0.044193801,,1.0292000167,0.0121143655,0.039953472,-0.007926349,2.1564301168,,,1.0004664128,,,,,,,0.4396143821,0.0236815849,4.0803871906,1.89219542,1.697603759,1.6356618603,0.2499196238,0.0479441554,0.0494313019,,,,,1.3385090605,0.0587171413,,10.479779385,0.8320725505,0.0317089814,0.071655318,0.7557614985,0.3912079984,0.00527988,2691108.60245041,0.5326013,0.00193533,0.51431458,0.00505645,0.00513359,0.00345928,0.01272081,0.56499798,-0.17659831,0.88084693,0.00943877,0.82626465,0.00983623,0.90154732,0.01388281,0.0385239,0.01854073,-0.00436995,0.00447685,0.01263322,0.52620815,0.66877446,0.60298121,0.9276644483,1.0097430944,434,-1.179684271,-0.913431133,-0.992432799,-0.73633937
20200430,20200430,208226.0,01W,NLD,0.143232,2020,4,20200331,20200331,484.26707116,9.7028684907,484.26707116,0.2481497094,0.0,0.0771517983,-0.557307472,-0.218742171,-0.150530692,-0.114688713,-0.179850847,-0.112213818,-0.20820506,0.0029090539,-0.065722183,0.0225979632,-0.005554843,-0.066103816,-0.064748738,,,0.2598660102,-0.361623832,,,,,,,,,,,-0.039938904,0.0399389042,-0.006277296,-0.051801815,0.6869003425,,,0.046100855,0.0253378456,0.0418816636,,,-0.039938904,,,,,,,0.0591554038,0.0708417614,,0.0151803973,0.0630344573,-0.011173184,0.0,,,,,,0.0057660986,0.0026049129,-0.014340825,-0.007000453,,,,,,,-0.138877426,,0.0405008422,,0.044193801,,1.0292000167,0.0121143655,0.039953472,-0.007926349,2.1564301168,,,1.0004664128,,,,,,,0.4396143821,0.0236815849,9.2172036546,4.2742881314,3.8347242162,3.6948034027,0.5645444813,0.1083012528,0.1116605742,,,,,1.697428167,0.0721833458,,,1.2977348163,-0.029948479,-0.66683738,0.7525252525,0.3702168367,0.00393738,2925676.12753287,0.54045253,0.00259795,0.78572129,0.00472765,0.00488543,0.01086378,0.0516817,-1.14583797,0.25734997,1.28807458,0.03530168,-0.70773012,0.02894314,0.27801865,0.05640767,0.1200455,0.0763859,-0.57185851,0.00608153,0.02154748,1.43716686,0.29606146,0.62107031,1.1876918983,2.0631862817,435,-1.25458486,-0.913431133,-0.992432799,-1.071039084
20200529,20200531,208226.0,01W,NLD,0.1445,2020,5,20200430,20200430,553.62979935,11.092633498,553.62979935,0.2170597268,0.0,0.0771517983,0.1432323863,-0.612063296,-0.671246456,-0.586616976,-0.637979236,-0.037316348,-0.203229984,-0.099849062,-0.043623869,0.0105398346,-0.004316327,-0.035755693,0.1886048022,,,0.3037878874,-0.210090418,,,,,,,,,,,-0.042494225,0.0424942247,-0.005293028,-0.011267276,0.6869003425,,,0.046100855,0.0616699491,0.0418816636,,,-0.042494225,,,,,,,0.0646210108,0.075160692,,0.0077829052,0.0630344573,-0.011173184,1.0,,,,,,0.0290643514,0.0134779936,0.0362955905,0.0169594926,,,,,,,1.9871137826,,0.0405008422,,0.044193801,,1.0005887849,0.0283708226,0.039953472,0.0136404135,2.205179814,,,1.0004664128,,,,,,,0.3479534819,0.0207090315,8.3477810004,3.7855330197,3.5896906561,3.524720668,0.5494437255,0.2334536287,0.2368334136,,,,,1.6156254107,0.0703477417,,2.5520141342,1.3478533368,-0.085590357,-2.5854025,0.7619727891,0.3868274583,0.0036127,2857218.62673955,0.56897642,0.00313962,0.79188426,0.00450002,0.00470901,0.01578544,0.05565381,0.48287794,-0.03571933,4.08348278,0.03838894,-0.24689264,0.03613547,0.29477758,0.10027145,0.14549099,0.0677049,0.55130818,0.00883922,0.02650102,1.45887858,0.33846705,0.61615999,1.3267982842,3.0379358361,436,-1.228032048,-0.298936478,-0.751482298,-1.194532292
20200630,20200630,208226.0,01W,NLD,0.010587,2020,6,20200529,20200531,633.62924975,12.695517925,633.62924975,0.1896546491,0.0,0.0771517983,0.1444998996,-0.493899564,-0.614563446,-0.532457418,-0.540217263,0.2233414732,-0.267045662,0.0261715011,-0.032866742,-0.043271698,-0.001205571,-0.035755693,0.1886048022,,,0.3037878874,-0.210090418,,,,,,,,,,,-0.042494225,0.0424942247,-0.005293028,-0.011267276,0.6869003425,,,0.046100855,0.0616699491,0.0418816636,,,-0.042494225,,,,,,,0.0646210108,0.075160692,,0.0077829052,0.0630344573,-0.011173184,1.0,,,,,,0.0290643514,0.0134779936,0.0362955905,0.0169594926,,,,,,,1.9871137826,,0.0405008422,,0.044193801,,1.0005887849,0.0283708226,0.039953472,0.0136404135,2.205179814,,,1.0004664128,,,,,,,0.3479534819,0.0207090315,7.2938241442,3.3075870266,3.1364709228,3.079703781,0.4800731968,0.2039787236,0.2069317906,,,,,1.5656261215,0.0683432759,,4.6707552015,1.385084411,-0.140608619,-1.485743078,0.7629213093,0.4009500352,0.00319579,2830935.52969663,0.55342486,0.00377034,0.77476546,0.00425999,0.00448877,0.01287475,0.03451791,0.39660765,0.39063073,2.41692833,0.02313193,-0.45477032,0.0279306,-0.38984353,0.07284974,0.13626675,0.05014467,0.74508208,0.01055375,0.02818775,1.48991565,0.3873755,0.61652217,1.388756246,2.0354517048,437,-1.222641581,-0.319767431,-0.778044643,-1.223653028
20200731,20200731,208226.0,01W,NLD,-0.039166,2020,7,20200630,20200630,640.33730591,12.829921832,640.33730591,0.1876678617,0.0,0.0771517983,0.0105867211,0.3084293513,-0.547470545,-0.507960281,-0.487199463,0.1624648023,-0.194322183,-0.051918755,-0.027184426,0.021474439,-0.004986446,-0.035755693,0.1886048022,,,0.3037878874,-0.210090418,,,,,,,,,,,-0.042494225,0.0424942247,-0.005293028,-0.011267276,0.6869003425,,,0.046100855,0.0616699491,0.0418816636,,,-0.042494225,,,,,,,0.0646210108,0.075160692,,0.0077829052,0.0630344573,-0.011173184,1.0,,,,,,0.0290643514,0.0134779936,0.0362955905,0.0169594926,,,,,,,1.9871137826,,0.0405008422,,0.044193801,,1.0005887849,0.0283708226,0.039953472,0.0136404135,2.205179814,,,1.0004664128,,,,,,,0.3479534819,0.0207090315,7.2174153803,3.2729373516,3.1036138287,3.0474413691,0.4750440381,0.20184188,0.2047640111,,,,,1.5615738795,0.0681803773,,4.8243576805,1.3412978138,0.0154262892,-0.427619651,0.750993266,0.3999882959,0.00361209,3156134.73496954,0.57631912,0.00441125,0.67769373,0.00408451,0.00441387,0.01463397,0.03422142,0.68052474,0.07198109,3.0140805,0.02433256,0.24853731,0.02473995,0.12119414,0.06711383,0.10603624,0.04428188,0.79145418,0.01124875,0.02935324,1.49977126,0.39147654,0.62023465,1.4236711301,1.7893345193,438,-1.228032048,-0.313339781,-0.751482298,-1.199776297
20200831,20200831,208226.0,01W,NLD,-0.026382,2020,8,20200731,20200731,615.25784009,12.327424815,615.25784009,0.1953176785,0.0,0.0771517983,-0.039166023,0.1566164008,-0.48703854,-0.565295327,-0.453391346,0.1952425989,-0.266017971,0.0108017524,-0.031726951,0.0043696635,-0.005536219,-0.039341328,-0.065014033,,,0.3019157741,-0.383581578,,,,,,,,,,,-0.021507778,0.0215077783,-0.003933613,-0.04357409,0.6869003425,,,0.046100855,0.0397485085,0.0418816636,,,-0.021507778,,,,,,,0.0509160818,0.060511187,,0.0169904113,0.0630344573,-0.011173184,2.0,,,,,,-0.015914295,-0.007216779,-0.024991671,-0.011284603,,,,,,,-0.709980352,,0.0405008422,,0.044193801,,0.9311304017,0.0174992964,0.039953472,0.0066194376,2.3359542898,,,1.0004664128,,,,,,,0.5145303801,0.0243191476,7.2973134785,3.1239110758,3.2659983635,3.1420140064,0.3791585645,0.1241708058,0.1276978513,,,,,1.512772548,0.0687934193,,3.9399201194,1.3134797276,-0.031673618,-0.227476283,0.7070707071,0.2298857015,0.00512416,3035617.25182616,0.60410176,0.00451717,0.63624226,0.00413095,0.00453056,0.01205183,0.02533176,-0.19754698,0.020209,2.94453423,0.02018728,0.23449561,0.02248203,-0.13136075,0.03532113,0.05340525,0.02788231,-0.11813642,0.0131616,0.02992645,1.50025352,0.37614396,0.61682617,1.4147891601,0.9268152238,439,-1.259691326,-0.557048499,-0.778044643,-1.194532292
20200930,20200930,208226.0,01W,NLD,-0.031422,2020,9,20200831,20200831,599.02599115,12.002200358,599.02599115,0.2006102152,0.0,0.0771517983,-0.02638219,-0.028993942,-0.437562318,-0.571658061,-0.480412291,0.0542067192,-0.273266089,0.0875187854,-0.042081585,-0.017626161,-0.003765718,-0.039341328,-0.065014033,,,0.3019157741,-0.383581578,,,,,,,,,,,-0.021507778,0.0215077783,-0.003933613,-0.04357409,0.6869003425,,,0.046100855,0.0397485085,0.0418816636,,,-0.021507778,,,,,,,0.0509160818,0.060511187,,0.0169904113,0.0630344573,-0.011173184,2.0,,,,,,-0.015914295,-0.007216779,-0.024991671,-0.011284603,,,,,,,-0.709980352,,0.0405008422,,0.044193801,,0.9311304017,0.0174992964,0.039953472,0.0066194376,2.3359542898,,,1.0004664128,,,,,,,0.5145303801,0.0243191476,7.4950492892,3.2085599114,3.3544973482,3.2271533784,0.3894326505,0.1275354708,0.1311580888,,,,,1.5224697837,0.0691961013,,3.5228037312,1.4002662725,-0.172414214,-0.206249751,0.7003367003,0.2027117884,0.00435194,2974019.19109853,0.62664724,0.00474224,0.59703336,0.00407711,0.00450045,0.01105272,0.0275136,0.21940092,0.15011373,0.21733948,0.0226722,0.03876253,0.02072496,-0.02694318,0.03418616,0.05981258,0.02751443,0.21375518,0.01400009,0.03098454,1.54565199,0.36622046,0.61121068,1.4265576966,0.8795623714,440,-1.259691326,-0.557048499,-0.778044643,-1.194532292
20201030,20201031,208226.0,01W,NLD,-0.061652,2020,10,20200930,20200930,580.20310065,11.625061291,580.20310065,0.2071183916,0.0,0.0771517983,-0.031422494,-0.064514927,0.2369744441,-0.572183725,-0.534831164,-0.150530692,-0.195909674,0.1438772984,-0.05801793,0.0063458332,-0.003567189,-0.039341328,-0.065014033,,,0.3019157741,-0.383581578,,,,,,,,,,,-0.021507778,0.0215077783,-0.003933613,-0.04357409,0.6869003425,,,0.046100855,0.0397485085,0.0418816636,,,-0.021507778,,,,,,,0.0509160818,0.060511187,,0.0169904113,0.0630344573,-0.011173184,2.0,,,,,,-0.015914295,-0.007216779,-0.024991671,-0.011284603,,,,,,,-0.709980352,,0.0405008422,,0.044193801,,0.9311304017,0.0174992964,0.039953472,0.0066194376,2.3359542898,,,1.0004664128,,,,,,,0.5145303801,0.0243191476,7.7382029227,3.3126516886,3.4633236131,3.331848363,0.4020665853,0.1316729636,0.1354131063,,,,,1.5338718013,0.0696690056,,3.0098801236,1.4445697212,-0.435413991,-0.146087162,0.7042190614,0.1886446886,0.00364352,2748713.80953097,0.65398191,0.00454468,0.61241892,0.00402621,0.00442255,0.01254328,0.04382695,0.24949963,0.4757114,1.5141847,0.03450334,-0.07864499,0.03382487,-0.03058381,0.07376084,0.09386964,0.04822664,0.53828463,0.01390387,0.0330248,1.51010387,0.3547129,0.61362495,1.4768357255,1.8053254401,441,-1.329485448,-0.615457455,-0.805181328,-1.223653028
20201130,20201130,208226.0,01W,NLD,0.584247,2020,11,20201030,20201031,544.43241711,10.908352973,544.43241711,0.2207266305,0.0,0.0771517983,-0.061652003,-0.056975689,0.0479983219,-0.535210854,-0.606118531,-0.671246456,-0.164841218,-0.024893476,-0.061359614,-0.037428751,0.0013794318,-0.042541228,-0.522073604,,,0.1984409574,-0.702985978,,,,,,,,,,,-0.025217142,0.0252171419,-0.002923912,-0.043745419,0.3583590806,,,-0.002856315,0.0025029915,0.0110938268,,,-0.025217142,,,,,,,0.0282076083,0.0309572922,,0.0169904113,,,0.0,,,,,,-0.01777288,-0.007608402,-0.035282562,-0.015542192,,,,,,,-0.873775192,,0.0103925757,,-0.002591497,,,0.0015928205,0.0108543323,-0.016354893,2.3359542898,,,1.0020616534,,,,,,,0.7279247593,0.0231370029,8.4460938073,3.6156930999,3.7801484935,3.7801484935,0.2435368651,0.0090500492,0.013453111,,,,,1.6457367096,0.019178632,,,1.4439892312,-0.537099437,-0.171562819,0.7218072796,0.1677294324,0.00383586,2683296.10719114,0.64112157,0.00430348,0.59731701,0.00406956,0.00438022,0.00688315,0.02893856,0.30180909,-0.050564,1.87737038,0.01972403,-0.17322788,0.02018341,-0.27060464,0.03915865,0.05323741,0.03012756,0.34227365,0.01235208,0.0338576,1.55168604,0.33284413,0.60922432,1.4848217561,0.9416212124,442,-1.514383972,-1.10142115,-1.325085976,-1.288174654
20201231,20201231,208226.0,01W,NLD,0.088677,2020,12,20201130,20201130,862.51548021,17.281526608,862.51548021,,0.0,3.330669e-16,0.5842471041,-0.091137238,-0.140771331,-0.502307347,-0.620966655,-0.614563446,-0.119641753,-0.025185891,-0.005956615,0.0153208346,-0.002278166,-0.042541228,-0.522073604,,,0.1984409574,-0.702985978,,,,,,,,,,,-0.025217142,0.0252171419,-0.002923912,-0.043745419,0.3583590806,,,-0.002856315,0.0025029915,0.0110938268,,,-0.025217142,,,,,,,0.0282076083,0.0309572922,,0.0169904113,,,0.0,,,,,,-0.01777288,-0.007608402,-0.035282562,-0.015542192,,,,,,,-0.873775192,,0.0103925757,,-0.002591497,,,0.0015928205,0.0108543323,-0.016354893,2.3359542898,,,1.0020616534,,,,,,,0.7279247593,0.0231370029,5.3312982459,2.2822784971,2.3860851528,2.3860851528,0.1537240399,0.0057125237,0.0084918009,,,,,1.4664962175,0.0170898487,,5.6390543996,1.8566113379,-0.618335555,-0.719963787,0.6084312513,0.1624115268,0.00284198,3038376.01028739,0.83058271,0.00441276,0.69316694,0.00400575,0.00424893,0.00701879,0.07508417,1.73180078,0.3444105,-0.93040441,0.04278227,0.26248792,0.02758693,0.5362187,0.12582911,0.22042345,0.07509731,1.75324777,0.0117307,0.04043071,1.53765269,0.6057197,0.5676624,1.535482523,2.6691984546,443,-1.441836331,-1.072654421,-1.292035154,-1.258122127
20210129,20210131,208226.0,01W,NLD,0.025896,2021,1,20201231,20201231,939.00112291,18.814007705,939.00112291,,0.0,3.330669e-16,0.0886774144,0.4865750963,0.3469705298,0.7810739808,-0.38400309,-0.547470545,-0.15920018,-0.108470531,0.0119659258,0.0260521141,-0.004296092,-0.042541228,-0.522073604,,,0.1984409574,-0.702985978,,,,,,,,,,,-0.025217142,0.0252171419,-0.002923912,-0.043745419,0.3583590806,,,-0.002856315,0.0025029915,0.0110938268,,,-0.025217142,,,,,,,0.0282076083,0.0309572922,,0.0169904113,,,0.0,,,,,,-0.01777288,-0.007608402,-0.035282562,-0.015542192,,,,,,,-0.873775192,,0.0103925757,,-0.002591497,,,0.0015928205,0.0108543323,-0.016354893,2.3359542898,,,1.0020616534,,,,,,,0.7279247593,0.0231370029,4.8970412862,2.0963771884,2.1917283496,2.1917283496,0.1412025618,0.0052472143,0.0078001076,,,,,1.429070612,0.0166537085,,6.7545117724,1.8717672635,-0.131079106,-0.031058372,0.6065292096,0.1862960569,0.00461414,2853184.93277021,0.82305453,0.00404693,0.71426025,0.00417951,0.00426634,0.00907288,0.01743401,-0.23434996,-0.09691003,4.24933747,0.01828981,-0.47023471,0.01382985,-0.03810758,0.04156451,0.05512051,0.02810545,0.0205654,0.01162256,0.04063888,1.52649822,0.6686158,0.57053639,1.5586406502,0.8729494156,444,-1.438664774,-1.030361721,-1.287226376,-1.253359123
20210226,20210228,208226.0,01W,NLD,0.103263,2021,2,20210129,20210131,963.31735862,19.301212497,963.31735862,,0.0,9.992007e-16,0.0258958537,0.7247340412,0.5261912352,0.6960812514,-0.247784905,-0.48703854,-0.256769439,-0.12368816,0.0255644725,-0.07933057,0.0026242086,0.0721605302,-0.582613935,,,0.2189331044,-0.740097983,,,,,,,,,,,0.0533165426,-0.053316543,-0.00102617,0.000526387,0.3583590806,,,-0.002856315,0.004250501,0.0110938268,,,0.0533165426,,,,,,,0.0246742253,0.0280436115,,0.0241571153,,,0.0,,,,,,0.0082098955,0.0035145788,0.0024437969,0.0009096659,,,,,,,0.2867780803,,0.0103925757,,-0.002591497,,0.0013679914,0.0015928205,0.0108543323,-0.016354893,2.3092288628,,,1.0020616534,,,,,,,0.841721471,0.0206256024,4.9679195207,2.1513326811,2.1926177529,2.072607148,0.1184545274,0.0091442416,0.0076032158,,,,,1.3747087166,0.0165196773,,5.8783967831,1.9071178135,-0.066542983,0.1548026252,0.5565201664,0.2814073227,0.00504577,3133020.06646568,0.73114175,0.00421873,0.67192038,0.0041579,0.00427918,0.01008605,0.02662803,-0.30268833,0.1911571,-1.51540012,0.01997073,-0.06220603,0.01969965,-0.11627619,0.03368849,0.04307363,0.0267717,-0.26273675,0.01015719,0.04136528,1.5101217,0.75752347,0.55829297,1.5235722466,0.6990594358,445,-1.397145179,-0.95129456,-1.435423129,-1.248499409
20210331,20210331,208226.0,01W,NLD,0.03624,2021,3,20210226,20210228,1062.7926177,21.294317984,1062.7926177,,0.0,5.689893e-16,0.103263227,0.1168696455,0.6081395012,0.5203170608,-0.119383864,-0.437562318,-0.321762802,-0.557307472,0.0856163542,0.032451185,-0.009446275,0.0721605302,-0.582613935,,,0.2189331044,-0.740097983,,,,,,,,,,,0.0533165426,-0.053316543,-0.00102617,0.000526387,0.3583590806,,,-0.002856315,0.004250501,0.0110938268,,,0.0533165426,,,,,,,0.0246742253,0.0280436115,,0.0241571153,,,0.0,,,,,,0.0082098955,0.0035145788,0.0024437969,0.0009096659,,,,,,,0.2867780803,,0.0103925757,,-0.002591497,,0.0013679914,0.0015928205,0.0108543323,-0.016354893,2.3092288628,,,1.0020616534,,,,,,,0.841721471,0.0206256024,4.5029322097,1.9499722536,1.9873931254,1.8786152727,0.107367421,0.0082883589,0.00689157,,,,,1.3300101485,0.0159931186,,7.1377518793,1.9208616123,-0.025594171,0.4958714854,0.5617471514,0.2750915751,0.00556098,3209399.16534412,0.69618857,0.00407592,0.67999156,0.00429261,0.0043108,0.00784308,0.01767374,0.13392986,-0.34683169,-1.48999655,0.01348184,-0.14480713,0.01547367,-0.30871719,0.03084904,0.0449001,0.01849244,0.62001233,0.00938592,0.04189261,1.53326013,0.94002699,0.54428919,1.5088110104,0.6404753724,446,-1.397145179,-0.95129456,-1.435423129,-1.213330411
20210430,20210430,208226.0,01W,NLD,0.173228,2021,4,20210331,20210331,1101.3076928,22.066013462,1101.3076928,,0.0,2.220446e-16,0.0362395019,0.1318331701,0.8317596313,0.6597387157,1.1946415129,0.2369744441,-0.731856164,0.1432323863,0.0758897284,0.024163518,-0.024080222,0.0721605302,-0.582613935,,,0.2189331044,-0.740097983,,,,,,,,,,,0.0533165426,-0.053316543,-0.00102617,0.000526387,0.3583590806,,,-0.002856315,0.004250501,0.0110938268,,,0.0533165426,,,,,,,0.0246742253,0.0280436115,,0.0241571153,,,0.0,,,,,,0.0082098955,0.0035145788,0.0024437969,0.0009096659,,,,,,,0.2867780803,,0.0103925757,,-0.002591497,,0.0013679914,0.0015928205,0.0108543323,-0.016354893,2.3092288628,,,1.0020616534,,,,,,,0.841721471,0.0206256024,4.3454550819,1.8817775717,1.917889756,1.8129160963,0.1036125537,0.0079984974,0.0066505572,,,,,1.3134745373,0.0157981489,,7.5642573316,1.9369392734,0.0991796362,0.5633362668,0.5415927896,0.5975845411,0.00539139,3210990.09407392,0.68435873,0.00369409,0.71731984,0.00458088,0.00442078,0.00666312,0.01881141,-0.12656753,0.44032098,0.48676921,0.01730759,-0.1789861,0.0167679,-0.36644134,0.02890069,0.06278306,0.02233993,0.58435063,0.00803599,0.03863513,1.012646,0.95657576,0.54015898,1.6787137051,0.6885408468,447,-1.397145179,-0.943119125,-1.435423129,-1.172480579
20210531,20210531,208226.0,01W,NLD,0.147615,2021,5,20210430,20210430,1292.085188,25.88846817,1292.085188,,0.0,2.220446e-16,0.1732281509,0.1432449368,1.0228547349,0.7899937572,0.9892493036,0.0479983219,-0.692654109,0.1444998996,0.0785013876,-0.009053385,-0.017746421,0.0817899439,-0.400348425,,,0.2640086287,-0.539546224,,,,,,,,,,,0.0293755921,-0.029375592,-0.015692765,0.0421684432,0.4855139604,,,0.0212357147,0.0611832751,0.0289228204,,,0.0293755921,,,,,,,0.0549278254,0.0595715525,,0.0147825955,,,0.0,,,,,,0.0743832397,0.0322112896,0.0453188884,0.018733296,,,,,,,2.1717527819,,,,,,0.0964573925,0.0289508093,0.0273914886,-0.009070259,2.1675023878,,,,,,,,777.04081431,,0.5957695512,0.0137923142,3.8693881503,1.7851828778,1.6517682691,1.6517682691,0.2125370769,0.1092233351,0.1120219186,,,,,1.3454272369,0.0399689153,,8.0610709456,1.9657371588,0.0109239275,0.4119899589,0.5508406433,0.7788741303,0.00531425,3317767.41526564,0.66968545,0.00345552,0.7846321,0.00481528,0.00453374,0.00650779,0.01880939,1.13325,-0.08112706,1.05974403,0.014494,1.53328137,0.01420178,0.85631161,0.03356557,0.05580873,0.01929037,0.74108614,0.00713472,0.03570901,0.88515183,0.97646208,0.54160089,1.6353166068,0.8822274886,448,-1.129199528,-0.106589144,-1.167477479,-1.258122127
20210630,20210630,208226.0,01W,NLD,-0.096895,2021,6,20210531,20210531,1482.816193,29.709991394,1482.816193,,0.0,1.110223e-16,0.1476148839,0.2157453547,0.4980428962,1.1569768375,1.0391817273,-0.140771331,-0.650657165,0.0105867211,0.0909584933,-0.020115183,-0.013613796,0.0817899439,-0.400348425,,,0.2640086287,-0.539546224,,,,,,,,,,,0.0293755921,-0.029375592,-0.015692765,0.0421684432,0.4855139604,,,0.0212357147,0.0611832751,0.0289228204,,,0.0293755921,,,,,,,0.0549278254,0.0595715525,,0.0147825955,,,0.0,,,,,,0.0743832397,0.0322112896,0.0453188884,0.018733296,,,,,,,2.1717527819,,,,,,0.0964573925,0.0289508093,0.0273914886,-0.009070259,2.1675023878,,,,,,,,777.04081431,,0.5957695512,0.0137923142,3.371678256,1.5555591887,1.4393053734,1.4393053734,0.1851989547,0.0951742058,0.0976128143,,,,,1.2744812197,0.0378613057,,9.5109943713,1.9774250722,0.0091264423,0.3036895151,0.5191897269,0.7818809098,0.00569646,2839073.59054967,0.4135794,0.00264848,0.44116169,0.00542003,0.00471995,0.00515695,0.02167763,0.56066307,-0.21345191,1.2175486,0.01645848,-0.58336357,0.01470619,0.20172468,0.03344836,0.06212433,0.02253662,0.11900295,0.00676852,0.03455352,0.71239331,0.99904634,0.54089166,1.5874182797,0.9297057347,449,-1.129199528,-0.052753496,-1.167477479,-1.292591227
20210730,20210731,208226.0,01W,NLD,0.008067,2021,7,20210630,20210630,1309.8347168,24.875925481,1309.8347168,0.0244553641,-0.000526328,0.0221255792,-0.09689511,0.3464140882,0.5791420871,1.5556847099,1.3156798445,0.3469705298,-0.610920519,-0.039166023,0.0857103945,-0.001677842,-0.01294421,0.0817899439,-0.400348425,,,0.2640086287,-0.539546224,,,,,,,,,,,0.0293755921,-0.029375592,-0.015692765,0.0421684432,0.4855139604,,,0.0212357147,0.0611832751,0.0289228204,,,0.0293755921,,,,,,,0.0549278254,0.0595715525,,0.0147825955,,,0.0,,,,,,0.0743832397,0.0322112896,0.0453188884,0.018733296,,,,,,,2.1717527819,,,,,,0.0964573925,0.0289508093,0.0273914886,-0.009070259,2.1675023878,,,,,,,,777.04081431,,0.5957695512,0.0137923142,3.8169541938,1.760991921,1.6293852095,1.6293852095,0.2096569937,0.1077432532,0.1105039131,,,,,1.3384933567,0.039762929,,8.2138210169,2.0030518463,0.0944759622,0.4872262423,0.6823830409,0.8469941823,0.00526044,2879219.82764631,0.45337891,0.00248027,0.4512918,0.00554967,0.00490441,0.00687884,0.01913345,-0.15953833,0.16705002,1.25546222,0.01435948,0.16593884,0.01605259,0.38664211,0.02507478,0.03717527,0.02121612,0.35040316,0.00665538,0.03329731,0.51149517,0.86092693,0.53270364,1.555975718,0.7313161242,450,-1.12246385,-0.035529715,-1.1611695,-1.253359123
20210831,20210831,208226.0,01W,NLD,0.007256,2021,8,20210730,20210731,1320.3805531,25.076587904,1320.3805531,0.0242600399,-0.000541456,0.0221407157,0.008066531,0.0364166139,0.3901322792,1.4596965817,1.1765485428,0.5261912352,-0.639321959,-0.02638219,0.0888420964,0.0018493427,-0.01498442,0.0612486037,,,,-0.161477722,,,,,,,,,,,,-0.00071416,0.0007141602,,0.0681209111,0.4855139604,,,0.0212357147,0.0611832751,0.0289228204,,,-0.00071416,,,,,,,0.0549278254,0.0595715525,,0.0164212827,,,,,,,,,0.0190906305,0.008807663,0.0350049258,0.0160244419,,,,,,,1.218911937,,,,,,0.0964573925,0.0289508093,0.0273914886,,2.120869269,,,,,,,,,,,,3.6085952422,1.701469909,1.5192804237,1.4600226612,0.2079824701,0.1068827113,0.109621322,,,,,1.2851477428,0.0396415451,,,2.0151816087,0.2502583373,0.6594148229,0.6912677305,0.6548597679,0.00588273,2700518.95178609,0.49537465,0.00221122,0.50189543,0.00568084,0.00494836,0.00706803,0.02384044,-0.17185267,-0.22508231,0.377249,0.01486115,-0.58490447,0.01659274,-0.26236063,0.03608724,0.05789373,0.02761214,-0.02274929,0.00721254,0.03321774,0.68732312,0.86787162,0.53173585,1.5359528662,1.0530184795,451,,-0.248708002,,-1.288174654
20210930,20210930,208226.0,01W,NLD,-0.153637,2021,9,20210831,20210831,1329.9607755,25.258534912,1329.9607755,0.0240852855,-0.000541456,0.0221407157,0.0072556525,-0.089610186,0.2701826635,0.565120614,1.2535595749,0.6081395012,-0.657311856,-0.031422494,0.0923582915,0.0085296548,-0.016753344,0.0612486037,,,,-0.161477722,,,,,,,,,,,,-0.00071416,0.0007141602,,0.0681209111,0.4855139604,,,0.0212357147,0.0611832751,0.0289228204,,,-0.00071416,,,,,,,0.0549278254,0.0595715525,,0.0164212827,,,,,,,,,0.0190906305,0.008807663,0.0350049258,0.0160244419,,,,,,,1.218911937,,,,,,0.0964573925,0.0289508093,0.0273914886,,2.120869269,,,,,,,,,,,,3.5826011333,1.6892135624,1.5083364585,1.4495055526,0.2064842919,0.1061127938,0.1088316772,,,,,1.2813684426,0.0395319162,,,1.9957892215,0.6229687071,0.7525783288,0.673537234,0.6731678487,0.00562026,2665896.10302955,0.50081911,0.00207144,0.51870527,0.00567427,0.00504198,0.00770435,0.01610605,0.18043713,-0.2334178,0.16268335,0.01316782,0.27827419,0.01489022,0.29046864,0.0226456,0.0348648,0.01770181,-0.05921444,0.00727138,0.0324755,0.75044651,0.8741686,0.53115106,1.5408412441,0.6720105405,452,,-0.248708002,,-1.288174654
20211029,20211031,208226.0,01W,NLD,0.092052,2021,10,20210930,20210930,1125.6289559,21.377876899,1125.6289559,0.0284574102,-0.000541437,0.0221406967,-0.153637494,0.0153807114,0.2346553718,0.4480658498,1.3435508315,0.8317596313,-0.66694089,-0.061652003,0.0839959741,0.0169840802,-0.018158347,0.0612486037,,,,-0.161477722,,,,,,,,,,,,-0.00071416,0.0007141602,,0.0681209111,0.4855139604,,,0.0212357147,0.0611832751,0.0289228204,,,-0.00071416,,,,,,,0.0549278254,0.0595715525,,0.0164212827,,,,,,,,,0.0190906305,0.008807663,0.0350049258,0.0160244419,,,,,,,1.218911937,,,,,,0.0964573925,0.0289508093,0.0273914886,,2.120869269,,,,,,,,,,,,4.2329392441,1.9958510908,1.7821399455,1.7126296536,0.2439667241,0.1253751094,0.128587543,,,,,1.3671164951,0.0420098271,,,1.9857772625,0.5230447528,0.8256254642,0.6699867949,0.672543629,0.00531768,2644308.50216706,0.52497729,0.00199151,0.53194127,0.00566405,0.00519367,0.00793613,0.01828825,0.54856615,-0.42472086,0.63179717,0.01257788,0.61591245,0.01338862,-0.15768446,0.01771177,0.02762499,0.02022596,-0.07959656,0.00741187,0.03038275,0.79570759,0.73986352,0.52970223,1.4512234489,0.563036292,453,,-0.269234309,,-1.283668406
20211130,20211130,208226.0,01W,NLD,-0.163079,2021,11,20211029,20211031,1229.2453741,23.345753633,1229.2453741,0.0260586581,-0.000541437,0.0221406967,0.0920520191,-0.147496582,-0.109324121,0.1946521049,1.1138144498,1.0228547349,-0.667665845,0.5842471041,0.0392509664,-0.02491274,-0.014396066,0.0380219935,,,,-0.005244396,,,,,,,,,,,,-0.006181068,0.0061810681,,0.0536562912,0.4855139604,,,0.0212357147,0.0611832751,0.0289228204,,,-0.006181068,,,,,,,0.0549278254,0.0595715525,,0.0131274221,,,,,,,,,-0.010408288,-0.004907558,0.0073645919,0.0027008447,,,,,,,-0.086560437,,,,,,0.0964573925,0.0289508093,0.0273914886,,2.1456178829,,,,,,,,,,,,3.8830041069,1.8097370169,1.6502255507,1.5992517166,0.2234021089,0.1148069023,0.1177485511,,,,,1.3115269721,0.0407156557,,,1.9877286662,0.441340725,0.2473921209,0.7199312715,0.5320197044,0.00598308,2453639.26370663,0.56383039,0.00184431,0.55240251,0.00576841,0.0053415,0.00742479,0.01625645,-0.01102208,0.00664757,-0.41779084,0.01425847,0.38083482,0.01262233,0.28429091,0.02582189,0.04077878,0.01780705,0.09487675,0.00830059,0.02961252,0.68468624,0.80796945,0.52675542,1.3912778452,0.842011905,454,,-0.369274473,,-1.258122127
20211231,20211231,208226.0,01W,NLD,0.110982,2021,12,20211130,20211130,1028.7818496,19.538562527,1028.7818496,0.0311363239,-0.000541437,0.0221406967,-0.163078527,-0.075728117,-0.15244704,0.182512216,0.4570929825,0.4980428962,-0.408962124,0.0886774144,0.0163640627,0.0038549327,-0.001251259,0.0380219935,,,,-0.005244396,,,,,,,,,,,,-0.006181068,0.0061810681,,0.0536562912,0.4855139604,,,0.0212357147,0.0611832751,0.0289228204,,,-0.006181068,,,,,,,0.0549278254,0.0595715525,,0.0131274221,,,,,,,,,-0.010408288,-0.004907558,0.0073645919,0.0027008447,,,,,,,-0.086560437,,,,,,0.0964573925,0.0289508093,0.0273914886,,2.1456178829,,,,,,,,,,,,4.6396277675,2.1623737406,1.9717806309,1.9108742786,0.2669331784,0.1371776277,0.1406924722,,,,,1.3993211762,0.0432961126,,,1.9868700669,0.4672926618,0.3307508348,0.728180634,0.4746212121,0.00517446,2417611.70085828,0.57089532,0.00187839,0.5653936,0.00567838,0.00564404,0.01160857,0.01687497,1.07085761,0.75718272,0.75091942,0.01343774,0.56610192,0.01320679,0.46054628,0.0206482,0.04009902,0.01990616,0.74069306,0.00841114,0.02061299,0.80282634,0.67620699,0.52625855,1.0326984379,0.9276208432,455,,-0.382970843,,-0.955625834
20220131,20220131,208226.0,01W,NLD,0.107259,2022,1,20211231,20211231,1142.9585056,21.706998656,1142.9585056,0.0280259386,-0.000541437,0.0221406967,0.1109823779,-0.086038215,-0.214559372,-0.044940997,0.1201411819,0.5791420871,-0.402711512,0.0258958537,0.0240992012,-0.003207268,-0.000350309,0.0380219935,,,,-0.005244396,,,,,,,,,,,,-0.006181068,0.0061810681,,0.0536562912,0.4855139604,,,0.0212357147,0.0611832751,0.0289228204,,,-0.006181068,,,,,,,0.0549278254,0.0595715525,,0.0131274221,,,,,,,,,-0.010408288,-0.004907558,0.0073645919,0.0027008447,,,,,,,-0.086560437,,,,,,0.0964573925,0.0289508093,0.0273914886,,2.1456178829,,,,,,,,,,,,4.1761488389,1.9463618719,1.7748081969,1.7199861282,0.2402676979,0.1234741706,0.1266378972,,,,,1.3479289332,0.0417876817,,,1.9933039602,0.4124716381,0.0809900649,0.7224013181,0.3760958143,0.00552876,2181554.08055562,0.57477239,0.00178466,0.58746455,0.00570562,0.00574426,0.0092944,0.01745915,0.32162475,-0.35604036,1.10118424,0.01221549,0.12663182,0.01261407,0.67198319,0.02997409,0.0354157,0.01903429,-0.2823138,0.00891741,0.020088,0.84378281,0.75125405,0.52423675,0.933512596,1.3971885377,456,,-0.361925543,,-0.794218112
20220228,20220228,208226.0,01W,NLD,0.036298,2022,2,20220131,20220131,1265.5511977,24.035271635,1265.5511977,0.0253110937,-0.000541437,0.0221406967,0.1072590926,-0.070194991,-0.134371919,-0.095611777,0.2130442962,0.3901322792,-0.362602253,0.103263227,0.0244624617,-0.10032413,0.0099456811,-0.028431074,1.5982748019,,,-0.043820512,0.0142647437,,,,,,,,,,,-0.03571758,0.0357175795,-0.01079435,0.0295634288,0.4855139604,,,0.0212357147,0.0963569159,0.0289228204,,,-0.03571758,,,,,,,0.062846374,0.0720677755,,0.0090290145,,,,,,,,,0.0171410769,0.0079888768,0.0089311814,0.004474298,,,,,,,0.1378163156,,,,,,0.7647110059,0.0462764891,0.0273914886,,2.1040200483,,,,,,,,,,0.2977147669,0.0247386336,3.6739888579,1.7461757842,1.5377596243,1.5045871257,0.2342752516,0.1682561132,0.1700193054,,,,,1.2979236684,0.0402808578,,19.854161466,1.7498120954,0.2004014319,-0.239905008,0.7787719298,0.5334987593,0.00593608,2187059.15259477,0.57500076,0.0018147,0.5776917,0.00570452,0.00582213,0.00857094,0.01840421,0.05290057,-0.19776302,1.08984126,0.01607148,-1.03647238,0.017543,-1.0114479,0.02887051,0.03977051,0.0201971,-0.56287055,0.00843693,0.01947457,0.67342181,0.83183287,0.51770141,0.8382637237,1.3788650837,457,-1.076432936,-0.016898258,-0.959003888,-0.812167092
20220331,20220331,208226.0,01W,NLD,0.10808,2022,3,20220228,20220228,1311.4881602,24.907703642,1311.4881602,0.0244245323,-0.000541437,0.0221406967,0.0362979882,0.2301453396,-0.0484297,-0.127414521,0.2174377735,0.2701826635,-0.265192541,0.0362395019,0.0244677787,-0.136809901,0.0165865246,-0.028431074,1.5982748019,,,-0.043820512,0.0142647437,,,,,,,,,,,-0.03571758,0.0357175795,-0.01079435,0.0295634288,0.4855139604,,,0.0212357147,0.0963569159,0.0289228204,,,-0.03571758,,,,,,,0.062846374,0.0720677755,,0.0090290145,,,,,,,,,0.0171410769,0.0079888768,0.0089311814,0.004474298,,,,,,,0.1378163156,,,,,,0.7647110059,0.0462764891,0.0273914886,,2.1040200483,,,,,,,,,,0.2977147669,0.0247386336,3.5453015442,1.6850131951,1.4838971433,1.4518865642,0.2260693876,0.1623626747,0.1640641083,,,,,1.279382091,0.0397438485,,19.835918631,1.7011938547,0.0708067326,-0.080571192,0.7661013191,0.5975790514,0.00578475,2184273.66329219,0.57802771,0.00182348,0.57725146,0.00572167,0.00581688,0.00521708,0.02528188,1.59095879,-0.07361623,1.17228981,0.01975239,0.18876892,0.02199982,0.38019409,0.04526785,0.07805024,0.029952,1.03420314,0.00886163,0.01977865,0.77538038,0.86202673,0.51590498,0.8202228776,2.0697180109,458,-1.134462033,-0.069631062,-0.972396028,-0.853237351
20220429,20220430,208226.0,01W,NLD,-0.116395,2022,4,20220331,20220331,1453.2335363,27.599723232,1453.2335363,0.0220422142,-0.000541437,0.0221406967,0.1080797985,0.1474503701,0.16511587,0.0012774665,0.2175064868,0.2346553718,-0.247831021,0.1732281509,0.0185452012,0.0606184208,-0.000817904,-0.028431074,1.5982748019,,,-0.043820512,0.0142647437,,,,,,,,,,,-0.03571758,0.0357175795,-0.01079435,0.0295634288,0.4855139604,,,0.0212357147,0.0963569159,0.0289228204,,,-0.03571758,,,,,,,0.062846374,0.0720677755,,0.0090290145,,,,,,,,,0.0171410769,0.0079888768,0.0089311814,0.004474298,,,,,,,0.1378163156,,,,,,0.7647110059,0.0462764891,0.0273914886,,2.1040200483,,,,,,,,,,0.2977147669,0.0247386336,3.1995002066,1.5206605133,1.3391609028,1.310272569,0.2040190498,0.1465261572,0.1480616365,,,,,1.2253675693,0.038173515,,19.786897507,1.6913561467,0.2973916093,0.3354660363,0.768707483,0.6615942029,0.00513177,2243391.11731936,0.57099663,0.00187288,0.56732112,0.00564672,0.00574067,0.00929785,0.03075765,-0.16846567,-0.53023062,1.27551674,0.02038773,0.35214818,0.02157491,0.67675133,0.0586749,0.08822987,0.0420023,-0.14834409,0.00949531,0.02108439,0.96338956,0.95519441,0.52838071,0.7768752674,2.4195366056,459,-1.101322381,-0.01723455,-0.981178121,-0.929404174
20220531,20220531,208226.0,01W,NLD,0.053219,2022,5,20220429,20220430,1284.0837301,24.387240366,1284.0837301,0.0249457914,-0.000541437,0.0221406967,-0.116395474,0.148300866,0.1822159895,0.1006171708,0.1498993964,-0.109324121,-0.183268121,0.1476148839,-0.00545574,0.025343698,0.0044967078,-0.084062704,-0.030418012,,,-0.14151303,0.0796306288,,,,,,,,,,,-0.056668962,0.0566689616,0.032689691,-0.017483787,0.5382785236,,,0.0648306024,0.0534744307,0.0335904054,,,-0.056668962,,,,,,,0.0555937089,0.0624033914,,0.0137965257,,,,,,,,,0.0277873157,0.0132067732,-0.046595924,-0.019004516,,,,,,,-1.851605546,,0.0291143497,,0.0625803,,1.2680275488,0.0264885843,0.0317864005,-0.002462225,2.0566848274,,,,,,,,968.60739204,,0.2632272219,0.0115559577,3.5662012284,1.7339561127,1.459967944,1.459967944,0.2073562102,0.092722316,0.0944636218,,,,,1.3507637785,0.04608056,,10.508704198,1.6615344197,0.284722894,0.3005723541,0.7668456856,0.682346723,0.00589523,2326766.42760181,0.55269685,0.0019024,0.56129126,0.00568966,0.00580743,0.010372,0.02099712,0.19071145,-0.06996922,0.72490663,0.01622835,-0.38221905,0.01821605,0.31485406,0.02244435,0.02731796,0.02172544,0.22488454,0.0095175,0.02125367,0.88552057,0.8440141,0.52581363,0.7621833035,0.9196495119,460,-1.373366103,-0.622587085,-1.127390085,-0.893465219
20220630,20220630,208226.0,01W,NLD,-0.091292,2022,6,20220531,20220531,1352.4208128,25.685094099,1352.4208128,0.0236852943,-0.000541437,0.0221406967,0.0532185566,-0.020895675,0.2481593942,-0.034495055,-0.114636517,-0.15244704,-0.12619855,-0.09689511,0.0081909565,0.0056875956,0.0079870996,-0.084062704,-0.030418012,,,-0.14151303,0.0796306288,,,,,,,,,,,-0.056668962,0.0566689616,0.032689691,-0.017483787,0.5382785236,,,0.0648306024,0.0534744307,0.0335904054,,,-0.056668962,,,,,,,0.0555937089,0.0624033914,,0.0137965257,,,,,,,,,0.0277873157,0.0132067732,-0.046595924,-0.019004516,,,,,,,-1.851605546,,0.0291143497,,0.0625803,,1.2680275488,0.0264885843,0.0317864005,-0.002462225,2.0566848274,,,,,,,,968.60739204,,0.2632272219,0.0115559577,3.3860030342,1.6463402603,1.3861965637,1.3861965637,0.1968786145,0.0880371082,0.0896904267,,,,,1.3221603706,0.0451047705,,10.954607874,1.6643153126,0.2493153587,0.6020309103,0.7504599257,0.5743310828,0.00573251,2246814.26843991,0.54778803,0.00181034,0.55697403,0.00577876,0.00583248,0.005878,0.01457706,0.93419642,0.32573861,1.13609284,0.01411817,0.43448913,0.01250826,0.07809535,0.03657831,0.07184309,0.0239864,1.05762891,0.00964206,0.02069354,0.88060555,0.88893131,0.52987006,0.7428817023,1.4961694342,461,-1.37756104,-0.601083259,-1.134462033,-0.869917672
20220729,20220731,208226.0,01W,NLD,0.04792,2022,7,20220630,20220630,1145.617745,21.471226772,1145.617745,0.0734058155,-1.5437e-05,0.070236134,-0.091291718,-0.069371316,0.1832632648,0.2014801198,0.0325281815,-0.214559372,-0.175962989,0.008066531,-0.000841612,-0.020592958,0.0091367084,-0.084062704,-0.030418012,,,-0.14151303,0.0796306288,,,,,,,,,,,-0.056668962,0.0566689616,0.032689691,-0.017483787,0.5382785236,,,0.0648306024,0.0534744307,0.0335904054,,,-0.056668962,,,,,,,0.0555937089,0.0624033914,,0.0137965257,,,,,,,,,0.0277873157,0.0132067732,-0.046595924,-0.019004516,,,,,,,-1.851605546,,0.0291143497,,0.0625803,,1.2680275488,0.0264885843,0.0317864005,-0.002462225,2.0566848274,,,,,,,,968.60739204,,0.2632272219,0.0115559577,3.99723293,1.9435320749,1.6364281118,1.6364281118,0.2324184808,0.1039292713,0.1058810413,,,,,1.4126888961,0.0481931012,,9.4421084936,1.6291314203,0.0286927469,0.4270206742,0.8554421769,0.6562345374,0.00587779,2240168.69703728,0.48240821,0.00175534,0.4815078,0.00583316,0.00590748,0.00985315,0.02454697,-0.65220107,0.00053132,1.01327525,0.01802112,-0.40319984,0.0215722,-0.54635232,0.02706868,0.03447515,0.02974873,-0.66571921,0.01032849,0.02110615,0.91419445,0.7735972,0.53278188,0.7242905292,1.075968801,462,-1.373366103,-0.644490993,-1.127390085,-0.854170947
20220831,20220831,208226.0,01W,NLD,-0.066236,2022,8,20220729,20220731,1200.3629428,22.500127421,1200.3629428,0.0700579815,-0.000127559,0.0703482642,0.0479199749,-0.042931575,-0.028916415,-0.000235413,-0.069241085,-0.134371919,-0.177697894,0.0072556525,0.002855145,-0.010928517,0.0082097856,-0.071018742,-0.030418012,,,-0.166816038,0.1150005872,,,,,,,,,,,-0.056784432,0.0567844324,0.032689691,-0.000379786,0.5382785236,,,0.0648306024,0.0668782823,0.0335904054,,,-0.056784432,,,,,,,0.0605358613,0.0717872492,,0.0280885411,,,,,,,,,0.033226334,0.0161552872,0.0141357035,0.0073476242,,,,,,,0.4603938148,,0.0291143497,,0.0625803,,1.3017275727,0.0344189145,0.0317864005,-0.002462225,1.9717231868,,,,,,,,,,,,3.6874969038,1.8701899579,1.4617923992,1.3582159907,0.2317583822,0.1250750919,0.1269196405,,,,,1.3690035015,0.0473351276,,9.8932196038,1.6315721522,0.0956195081,0.5800559003,0.8570380009,0.7819816054,0.00659711,2060408.33124955,0.55918393,0.00161181,0.5508141,0.00590158,0.00597023,0.00761274,0.0149966,-0.01722482,-0.05331358,0.79020381,0.01171924,-0.44671418,0.01285791,0.34001411,0.02926782,0.03666629,0.02097065,0.02622459,0.01250351,0.02042066,0.84346861,0.81066796,0.53449681,0.7001963535,1.1873787066,463,-1.291374097,-0.193347298,-1.250378094,-0.822534986
20220930,20220930,208226.0,01W,NLD,-0.049775,2022,9,20220831,20220831,1120.8558765,21.009812235,1120.8558765,0.0750274916,-0.000127559,0.0703482642,-0.066235855,-0.04774644,-0.018025802,0.2518178997,-0.031665044,-0.0484297,-0.219752194,-0.153637494,0.0108007486,0.0015290462,0.0058434228,-0.071018742,-0.030418012,,,-0.166816038,0.1150005872,,,,,,,,,,,-0.056784432,0.0567844324,0.032689691,-0.000379786,0.5382785236,,,0.0648306024,0.0668782823,0.0335904054,,,-0.056784432,,,,,,,0.0605358613,0.0717872492,,0.0280885411,,,,,,,,,0.033226334,0.0161552872,0.0141357035,0.0073476242,,,,,,,0.4603938148,,0.0291143497,,0.0625803,,1.3017275727,0.0344189145,0.0317864005,-0.002462225,1.9717231868,,,,,,,,,,,,3.9490667156,2.0028504721,1.5654835406,1.4545600177,0.2481979883,0.1339471992,0.1359225895,,,,,1.4085662868,0.0485914722,,9.223592256,1.5936062032,0.2734161097,0.4539825914,0.8647208471,0.7828960958,0.00683443,1820703.31977231,0.635257,0.00144375,0.62175964,0.0060592,0.00605886,0.00617062,0.01404952,0.97618332,0.2601343,1.02672368,0.00948985,-0.10312624,0.01198177,0.59156939,0.02379566,0.03735797,0.0184376,0.42195975,0.01411717,0.02026845,0.84601466,0.75697267,0.53720919,0.6944035794,0.9638747305,464,-1.20312273,-0.211426372,-1.24460972,-0.7822248
20221031,20221031,208226.0,01W,NLD,0.102631,2022,10,20220930,20220930,1065.0654118,19.96405139,1065.0654118,0.0789575963,-0.000127578,0.0703482832,-0.049774878,-0.021489901,-0.172503372,0.0521343035,0.0683323709,0.16511587,-0.33941976,0.0920520191,-0.002092606,0.0164723512,0.0010003269,-0.071018742,-0.030418012,,,-0.166816038,0.1150005872,,,,,,,,,,,-0.056784432,0.0567844324,0.032689691,-0.000379786,0.5382785236,,,0.0648306024,0.0668782823,0.0335904054,,,-0.056784432,,,,,,,0.0605358613,0.0717872492,,0.0280885411,,,,,,,,,0.033226334,0.0161552872,0.0141357035,0.0073476242,,,,,,,0.4603938148,,0.0291143497,,0.0625803,,1.3017275727,0.0344189145,0.0317864005,-0.002462225,1.9717231868,,,,,,,,,,,,4.1559275007,2.1077641773,1.6474870056,1.530753065,0.2611991438,0.1409636476,0.1430425131,,,,,1.4377211639,0.0495136279,,8.6940218215,1.5318270231,0.2807222126,0.0765749764,0.8577388402,0.8285379369,0.00599283,1550681.2635424,0.58234123,0.00126119,0.56804245,0.00625083,0.0061255,0.00711094,0.01949057,0.98590747,-0.02476122,1.17939027,0.01485026,0.7672235,0.01575859,1.02825942,0.03550543,0.07684529,0.02870626,0.81654018,0.01538314,0.02036567,0.81904115,0.71929445,0.54226668,0.6993085098,1.4058273498,465,-1.232648312,-0.197012731,-1.232648312,-0.805613741
20221130,20221130,208226.0,01W,NLD,0.072748,2022,11,20221031,20221031,1174.3743459,22.012985806,1174.3743459,0.0716083463,-0.000127578,0.0703482832,0.1026311932,-0.112713852,-0.110113109,-0.097081746,-0.07041401,0.1822159895,-0.259142525,-0.163078527,0.0220628233,0.1484478165,-0.008308086,-0.116089594,-0.030418012,,,-0.253855847,0.3792341154,,,,,,,,,,,-0.096329898,0.0963298985,0.032689691,-0.023832724,0.5382785236,,,0.0648306024,0.1336099377,0.0335904054,,,-0.096329898,,,,,,,0.0852481606,0.1058366894,,0.0295555127,,,,,,,,,0.0491231128,0.0249137978,0.0595314009,0.0298213554,,,,,,,1.9224936216,,0.0291143497,,0.0625803,,1.2579338073,0.0677789153,0.0317864005,-0.002462225,1.9863145363,,,,,,,,,,,,3.5925938613,1.8086731963,1.3812558708,1.2750749173,0.3263736912,0.241656713,0.2435021149,,,,,1.3554490405,0.0477385828,,9.6843123578,1.5408094405,0.3285457534,0.5171894055,0.8374611981,0.8576019504,0.00632795,1385949.74967836,0.55875224,0.00117583,0.54643366,0.00632712,0.00613732,0.00619126,0.01672402,-0.53251811,0.00081284,0.55183876,0.01269798,-0.01612472,0.01422949,-0.20179778,0.03114768,0.03987237,0.02241992,-0.57997847,0.01626843,0.02039179,0.78127916,0.7931165,0.5441015,0.6910653922,1.2193255406,466,-0.207434953,0.8121670916,-0.373382916,-0.634279117
20221230,20221231,208226.0,01W,NLD,0.022833,2022,12,20221130,20221130,1259.8078205,23.614388178,1259.8078205,0.0667522486,-0.000127578,0.0703482832,0.0727480763,0.0477478599,-0.068363316,-0.039286148,0.2247152713,0.2481593942,-0.425128125,0.1109823779,0.0185869778,0.0067031793,-0.000914221,-0.116089594,-0.030418012,,,-0.253855847,0.3792341154,,,,,,,,,,,-0.096329898,0.0963298985,0.032689691,-0.023832724,0.5382785236,,,0.0648306024,0.1336099377,0.0335904054,,,-0.096329898,,,,,,,0.0852481606,0.1058366894,,0.0295555127,,,,,,,,,0.0491231128,0.0249137978,0.0595314009,0.0298213554,,,,,,,1.9224936216,,0.0291143497,,0.0625803,,1.2579338073,0.0677789153,0.0317864005,-0.002462225,1.9863145363,,,,,,,,,,,,3.3489632287,1.6860185874,1.2875864346,1.1886061093,0.3042407611,0.2252688384,0.2269890949,,,,,1.3134500011,0.046437439,,10.338657707,1.3913947536,0.42535182,0.8484808694,0.8448645887,0.902173913,0.00620037,1277714.94874427,0.53378076,0.00109327,0.54167817,0.00643628,0.00621376,0.00694915,0.01188206,0.0136305,-0.08576113,0.66716527,0.0122726,-0.05445719,0.0124771,-0.29201046,0.02776079,0.04484404,0.01892273,0.38544432,0.01658726,0.02000073,0.85280745,0.85081419,0.54441989,0.6583259024,1.0944223921,467,-0.170020457,0.8280146278,-0.340040914,-0.546969674
20230131,20230131,208226.0,01W,NLD,0.05991,2023,1,20221230,20221231,1288.572964,24.153574596,1288.572964,0.0652621211,-0.000127578,0.0703482832,0.0228329616,0.1828454915,0.0998155079,-0.069919028,0.1825668683,0.1832632648,-0.37935587,0.1072590926,0.0109118749,0.0129317605,0.0003816924,-0.116089594,-0.030418012,,,-0.253855847,0.3792341154,,,,,,,,,,,-0.096329898,0.0963298985,0.032689691,-0.023832724,0.5382785236,,,0.0648306024,0.1336099377,0.0335904054,,,-0.096329898,,,,,,,0.0852481606,0.1058366894,,0.0295555127,,,,,,,,,0.0491231128,0.0249137978,0.0595314009,0.0298213554,,,,,,,1.9224936216,,0.0291143497,,0.0625803,,1.2579338073,0.0677789153,0.0317864005,-0.002462225,1.9863145363,,,,,,,,,,,,3.2742034667,1.6483811636,1.2588433136,1.1620725514,0.2974491168,0.2202401045,0.2219219593,,,,,1.2998887171,0.0460151641,,10.53944815,1.3875470978,0.246789996,0.105077158,0.8474842767,0.8989466754,0.00652656,1180286.7667427,0.54479025,0.00101548,0.56405775,0.00655646,0.00629561,0.00740536,0.01410907,-1.05576632,0.20961759,0.15153436,0.01180074,-0.49097813,0.01283493,-0.91070302,0.0240491,0.03694272,0.01800405,-0.23471521,0.01615365,0.01976873,0.80499538,0.8702408,0.54212997,0.6514810641,0.9495293158,468,-0.170020457,0.8367492846,-0.340040914,-0.525367283
20230228,20230228,208226.0,01W,NLD,-0.004725,2023,2,20230131,20230131,1330.418683,24.937949034,1330.418683,0.089378456,-0.000127578,0.0965735631,0.0599095722,0.097242092,0.073486125,0.0766326421,0.0923986809,-0.028916415,-0.366562089,0.0362979882,0.0130583826,-0.063760622,0.0078619936,-0.156158732,0.2727479024,,,-0.189412657,0.3802743472,,,,,,,,,,,-0.112354595,0.1123545951,0.0315579608,-0.042723865,0.5382785236,,,0.0648306024,0.1480842523,0.0335904054,,,-0.112354595,,,,,,,0.0880313643,0.1081299415,,0.014710006,,,,,,,,,0.0267230048,0.0134535615,0.0095819279,0.0054646847,,,,,,,-0.235615507,,0.0291143497,,0.0625803,,1.2586218694,0.0775841292,0.0317864005,0.0313076401,1.9211897731,,,,,,,,,,0.2312304431,0.0297610389,2.9491032634,1.5350400594,1.1314374729,1.0880561464,0.2836352392,0.2273152595,0.2288036085,,,,,1.2562383489,0.0454143985,,10.724860647,1.3282437131,0.2354402429,-0.055921721,0.8600628931,0.8095607808,0.0059964,1307917.14636136,0.54902339,0.00109453,0.55609874,0.00645087,0.00630383,0.00527016,0.01112414,-0.00531748,0.26430481,-0.02244528,0.01061671,-0.0650356,0.00998354,0.14123039,0.01865361,0.02798131,0.01283909,-0.00257784,0.01412979,0.01914512,0.83993017,0.89850141,0.53891549,0.6492067868,0.7494302247,469,0.2797154639,1.0040991415,-0.107582871,-0.394025462
20230331,20230331,208226.0,01W,NLD,-0.082549,2023,3,20230228,20230228,1324.1328385,24.82012442,1324.1328385,0.0898027481,-0.000127578,0.0965735631,-0.004724712,0.0841104468,0.2185070781,0.0834724055,0.117288494,-0.018025802,-0.239558753,0.1080797985,0.0028034271,-0.130830296,0.0178927574,-0.156158732,0.2727479024,,,-0.189412657,0.3802743472,,,,,,,,,,,-0.112354595,0.1123545951,0.0315579608,-0.042723865,0.5382785236,,,0.0648306024,0.1480842523,0.0335904054,,,-0.112354595,,,,,,,0.0880313643,0.1081299415,,0.014710006,,,,,,,,,0.0267230048,0.0134535615,0.0095819279,0.0054646847,,,,,,,-0.235615507,,0.0291143497,,0.0625803,,1.2586218694,0.0775841292,0.0317864005,0.0313076401,1.9211897731,,,,,,,,,,0.2312304431,0.0297610389,2.9631030706,1.54232711,1.1368085655,1.0932213016,0.2849816955,0.2283943569,0.2298897714,,,,,1.2590873261,0.0455036392,,10.683995019,1.3030845176,-0.03228101,-0.223716765,0.8557692308,0.7663230241,0.00714971,1315418.24201307,0.55026185,0.00108851,0.56776427,0.00647598,0.00639261,0.00340395,0.01135197,-0.29126072,0.16571907,0.79578347,0.00996562,0.82876751,0.00931674,0.29088325,0.01899371,0.03030543,0.01505964,0.10176881,0.01339493,0.01810893,0.80126833,0.89425625,0.53462047,0.6304407517,0.7956439461,470,0.3227486122,0.9897553277,-0.107582871,-0.334699714
20230428,20230430,208226.0,01W,NLD,0.053696,2023,4,20230331,20230331,1214.8268065,22.771244402,1214.8268065,0.0978828975,-0.000127578,0.0965735631,-0.082549144,0.0549018052,0.2762764905,0.1866881066,0.0035465223,-0.172503372,-0.166219035,-0.116395474,0.0058803662,0.0838044299,0.0005956723,-0.156158732,0.2727479024,,,-0.189412657,0.3802743472,,,,,,,,,,,-0.112354595,0.1123545951,0.0315579608,-0.042723865,0.5382785236,,,0.0648306024,0.1480842523,0.0335904054,,,-0.112354595,,,,,,,0.0880313643,0.1081299415,,0.014710006,,,,,,,,,0.0267230048,0.0134535615,0.0095819279,0.0054646847,,,,,,,-0.235615507,,0.0291143497,,0.0625803,,1.2586218694,0.0775841292,0.0317864005,0.0313076401,1.9211897731,,,,,,,,,,0.2312304431,0.0297610389,3.2297131234,1.6811005183,1.2390947784,1.1915856791,0.3106233903,0.2489445134,0.2505744802,,,,,1.3107797814,0.047113526,,9.905756635,1.280584033,-0.100130628,-0.650005121,0.8553113553,0.6912280702,0.0065339,1284788.49096379,0.49781976,0.0010258,0.49478129,0.0065937,0.00656337,0.00796325,0.01667118,-0.65698268,-0.36766074,0.36690233,0.01516926,-0.56151539,0.01602034,-0.74953306,0.02080689,0.03442641,0.02232715,-1.31919948,0.01215673,0.01643341,0.70338266,0.82377304,0.53119258,0.6184806043,0.9695486654,471,0.4793191374,0.9897553277,-0.130723401,-0.167349857
20230531,20230531,208226.0,01W,NLD,-0.052067,2023,5,20230428,20230430,1280.0580414,23.993967167,1280.0580414,0.092894825,-0.000127578,0.0965735631,0.0536959133,-0.086883834,0.0619334608,0.0389419475,0.0419872115,-0.110113109,-0.274761046,0.0532185566,0.0059237623,0.044081905,0.0012012745,-0.081061811,-0.006733388,,,-0.181301254,-0.127167514,,,,,,,,,,,-0.058856133,0.0588561334,0.0044160614,-0.01002328,0.6024715205,,,0.1225574475,0.0982143643,0.039809092,,,-0.058856133,,,,,,,0.0601930083,0.066076305,,0.0142527087,0.0035064745,-0.01025641,,,,,,,-0.015301792,-0.007964748,-0.043089108,-0.021171521,,,,,,,-1.9026617,,0.0352283674,,0.1202357609,,1.2573317326,0.0514536523,0.0383359488,0.0249650681,1.9264604431,,,0.9985919893,,,,,1707.4163618,,-0.448498097,0.0124417561,3.287424797,1.7064584995,1.2710743237,1.2710743237,0.2066077296,0.1675987368,0.1691500126,,,,,1.376795598,0.0554920407,,9.364711049,1.2735009139,-0.055129601,-0.90917516,0.84393369,0.4772289566,0.00699983,1267445.09897623,0.51499795,0.00099094,0.5229554,0.00666471,0.00663099,0.00526779,0.0146475,0.91312187,-0.30358099,1.41459492,0.0125794,1.0544188,0.01354993,0.9607708,0.02388122,0.03281798,0.01602841,0.26447485,0.0113719,0.01587438,0.7764886,0.9132418,0.5313553,0.6199010518,1.1337501351,472,-0.150616019,0.4747814652,-0.408814909,-0.224049146
20230630,20230630,208226.0,01W,NLD,0.067938,2023,6,20230531,20230531,1213.4092004,22.744672173,1213.4092004,0.0979972524,-0.000127578,0.0965735631,-0.052067046,-0.033285782,0.043073367,0.172382652,0.0424594777,-0.068363316,-0.223793619,-0.091291718,0.0094896415,-0.007947262,0.0075029409,-0.081061811,-0.006733388,,,-0.181301254,-0.127167514,,,,,,,,,,,-0.058856133,0.0588561334,0.0044160614,-0.01002328,0.6024715205,,,0.1225574475,0.0982143643,0.039809092,,,-0.058856133,,,,,,,0.0601930083,0.066076305,,0.0142527087,0.0035064745,-0.01025641,,,,,,,-0.015301792,-0.007964748,-0.043089108,-0.021171521,,,,,,,-1.9026617,,0.0352283674,,0.1202357609,,1.2573317326,0.0514536523,0.0383359488,0.0249650681,1.9264604431,,,0.9985919893,,,,,1707.4163618,,-0.448498097,0.0124417561,3.4679929455,1.8001890243,1.3408905329,1.3408905329,0.2179560577,0.1768044207,0.1784409034,,,,,1.4091008907,0.0567941124,,8.8171652405,1.280055622,-0.038320656,-0.747933497,0.8426923077,0.450311262,0.00715107,1155277.87374783,0.53524513,0.00090072,0.5301498,0.00683112,0.00675478,0.00594506,0.00953216,-0.26049789,-0.39485594,0.31356366,0.00904039,-0.02464922,0.00758886,0.17607611,0.01141533,0.01639521,0.01124633,-0.75295452,0.0115551,0.01554419,0.80351774,0.86569199,0.5300083,0.6195092342,0.5657960798,473,-0.124460972,0.5342710403,-0.331895925,-0.152084319
20230731,20230731,208226.0,01W,NLD,0.093074,2023,7,20230630,20230630,1237.1043678,23.188824742,1237.1043678,0.0752506484,-0.000127259,0.0727430528,0.0679383871,-0.00116692,-0.033308805,0.1695545876,0.0874575607,0.0998155079,-0.314098655,0.0479199749,0.0113094972,-0.021124667,0.005981806,-0.081061811,-0.006733388,,,-0.181301254,-0.127167514,,,,,,,,,,,-0.058856133,0.0588561334,0.0044160614,-0.01002328,0.6024715205,,,0.1225574475,0.0982143643,0.039809092,,,-0.058856133,,,,,,,0.0601930083,0.066076305,,0.0142527087,0.0035064745,-0.01025641,,,,,,,-0.015301792,-0.007964748,-0.043089108,-0.021171521,,,,,,,-1.9026617,,0.0352283674,,0.1202357609,,1.2573317326,0.0514536523,0.0383359488,0.0249650681,1.9264604431,,,0.9985919893,,,,,1707.4163618,,-0.448498097,0.0124417561,3.4015679329,1.7657086835,1.315207473,1.315207473,0.2137813854,0.173417956,0.1750230939,,,,,1.3974433857,0.0563242542,,9.0185891214,1.2838323197,-0.167809756,-0.514279049,0.8143196673,0.4524154589,0.00693887,1106821.71600696,0.54457359,0.00086583,0.53538571,0.00691021,0.00684995,0.00418282,0.01224381,0.12221148,0.01213905,0.92986913,0.01054993,0.13159227,0.01080097,0.49537113,0.02308313,0.03892523,0.01447845,0.64721546,0.01179942,0.01430539,0.81810244,0.90019327,0.5299917,0.6175222422,1.2326763312,474,-0.082973981,0.5222329679,-0.331895925,0.0341294941
20230831,20230831,208226.0,01W,NLD,-0.05088,2023,8,20230731,20230731,1363.2098811,25.347099649,1363.2098811,0.0682894888,0.0081075125,0.064540963,0.0930739238,0.01233399,-0.025986119,0.132756127,0.1082312593,0.073486125,-0.280164621,-0.066235855,0.0257922044,-0.024500945,0.0074114767,-0.039727989,-0.052179508,,,-0.185468406,0.1303061675,,,,,,,,,,,-0.027746552,0.0277465517,-0.001692855,-0.011511586,0.6024715205,,,0.1225574475,0.069282566,0.039809092,,,-0.027746552,,,,,,,0.0607775987,0.0698479356,,0.01357275,0.0035064745,-0.01025641,,,,,,,0.0074872443,0.003886529,-0.02573909,-0.012268758,,,,,,,-0.922575736,,0.0352283674,,0.1202357609,,1.2629110112,0.0362469508,0.0383359488,0.0018280363,1.9355783164,,,,,,,,,,,,3.1179976901,1.6108868671,1.2006552621,1.1583354589,0.1934244626,0.1116063756,0.1130179088,,,,,1.2830361075,0.0539489417,,10.519360745,1.2993423468,-0.267985929,-0.055044648,0.5120816003,0.5585106383,0.007114,963468.05995534,0.48176893,0.00075844,0.48815425,0.00710611,0.00689345,0.00549026,0.01238596,0.09843464,0.2080838,0.16990347,0.01185895,0.29302651,0.01234041,0.09915332,0.02374632,0.04147217,0.0146158,0.61269397,0.01260814,0.01414156,0.80074396,0.98397779,0.52777415,0.6085180395,1.299862756,475,-0.165947963,0.3829708431,-0.497843888,0.0682589881
20230929,20230930,208226.0,01W,NLD,-0.075258,2023,9,20230831,20230831,1293.8498551,24.057440945,1293.8498551,0.0719503159,0.0081075125,0.064540963,-0.050879932,0.1673356032,0.0697233085,0.1542189744,0.2973069249,0.2185070781,-0.261626981,-0.049774878,0.0256917449,-0.036801703,0.009062526,-0.039727989,-0.052179508,,,-0.185468406,0.1303061675,,,,,,,,,,,-0.027746552,0.0277465517,-0.001692855,-0.011511586,0.6024715205,,,0.1225574475,0.069282566,0.039809092,,,-0.027746552,,,,,,,0.0607775987,0.0698479356,,0.01357275,0.0035064745,-0.01025641,,,,,,,0.0074872443,0.003886529,-0.02573909,-0.012268758,,,,,,,-0.922575736,,0.0352283674,,0.1202357609,,1.2629110112,0.0362469508,0.0383359488,0.0018280363,1.9355783164,,,,,,,,,,,,3.2851456785,1.6972424472,1.265019361,1.2204308999,0.2037934599,0.1175893118,0.1190765138,,,,,1.3140122249,0.05523002,,10.046865916,1.2656085449,-0.161415769,-0.092257037,0.5088136265,0.6063829787,0.00757454,911774.06787494,0.52663864,0.00072031,0.53403163,0.00716094,0.00694109,0.00451716,0.00984639,0.37891332,0.32373538,0.96418636,0.00927802,0.24202099,0.01015155,0.18085175,0.01449249,0.03084922,0.01211832,0.85528098,0.01327948,0.01383391,0.72450945,0.93391307,0.52691228,0.5989414697,0.8141903004,476,-0.082973981,0.3829708431,-0.497843888,0.1023884822
20231031,20231031,208226.0,01W,NLD,-0.038857,2023,10,20230929,20230930,1196.4773149,22.246926279,1196.4773149,0.0778058261,0.0081075125,0.064540963,-0.075257991,0.037458397,0.1066487676,0.0710374349,0.2957982363,0.2762764905,-0.261711879,0.1026311932,0.009520001,0.0460552738,0.0015275902,-0.039727989,-0.052179508,,,-0.185468406,0.1303061675,,,,,,,,,,,-0.027746552,0.0277465517,-0.001692855,-0.011511586,0.6024715205,,,0.1225574475,0.069282566,0.039809092,,,-0.027746552,,,,,,,0.0607775987,0.0698479356,,0.01357275,0.0035064745,-0.01025641,,,,,,,0.0074872443,0.003886529,-0.02573909,-0.012268758,,,,,,,-0.922575736,,0.0352283674,,0.1202357609,,1.2629110112,0.0362469508,0.0383359488,0.0018280363,1.9355783164,,,,,,,,,,,,3.552499665,1.8353686001,1.3679700373,1.3197528474,0.2203787195,0.1271590461,0.1287672805,,,,,1.3601110356,0.0571346906,,9.2911082331,1.2570652731,-0.447630381,0.2078824959,0.5120816003,0.5489130435,0.00727917,821993.19828832,0.51147839,0.00065318,0.51803116,0.00729921,0.00705646,0.00423741,0.01133606,-0.13244926,0.59750636,1.60549021,0.01141281,-0.04481625,0.01069265,-0.65015493,0.01521329,0.03412739,0.0152517,0.40786491,0.01413342,0.01294923,0.65011218,0.86362865,0.52735678,0.5834552531,0.926698767,477,-0.165947963,0.3829708431,-0.497843888,0.1023884822
20231130,20231130,208226.0,01W,NLD,0.093538,2023,11,20231031,20231031,1149.9852276,21.382466899,1149.9852276,0.0809513928,0.0081075125,0.064540963,-0.038857475,-0.122308801,-0.028785637,-0.065549236,0.0867451167,0.0619334608,-0.193955617,0.0727480763,-0.000625958,0.0880356972,-0.00018228,0.0050393488,-0.469400286,,,-0.176410444,0.5475945584,,,,,,,,,,,0.0171838763,-0.017183876,-0.011009621,0.0232569582,0.6024715205,,,0.1225574475,0.0278742575,0.039809092,,,0.0171838763,,,,,,,0.0480818453,0.0527794168,,0.0151945867,0.0035064745,-0.01025641,,,,,,,0.0091482471,0.0047263637,-0.039974866,-0.020187434,,,,,,,-1.145016541,,0.0352283674,,0.1202357609,,1.3311576105,0.0150556661,0.0383359488,-0.052723249,1.9077504115,,,,,,,,,,,,3.6872746095,1.9327866933,1.4739114944,1.4178848805,0.1768464917,0.0538749939,0.0555143753,,,,,1.3857862303,0.0580912186,,7.1894674753,1.3039032012,-0.401426991,1.0842352005,0.5362886598,0.4749552773,0.00693588,805926.87450126,0.51448961,0.00065055,0.51950942,0.00729479,0.00709808,0.00565149,0.01342661,-0.3444783,-0.96382784,0.81749467,0.01261343,-0.84725094,0.01270783,-0.95211235,0.01753954,0.02490214,0.01537595,-0.63684416,0.0147295,0.01260805,0.7832379,0.83007022,0.52849843,0.5916094378,1.1150199786,478,-0.705278842,-0.497416003,-0.290408935,0.1392621248
20231229,20231231,208226.0,01W,NLD,0.049444,2023,12,20231130,20231130,1257.5524298,23.382537931,1257.5524298,0.0740270574,0.0081075125,0.064540963,0.0935378991,-0.11119113,-0.015251637,-0.097596035,-0.026316645,0.043073367,-0.095395135,0.0228329616,0.0058017633,0.0271868054,0.0080058101,0.0050393488,-0.469400286,,,-0.176410444,0.5475945584,,,,,,,,,,,0.0171838763,-0.017183876,-0.011009621,0.0232569582,0.6024715205,,,0.1225574475,0.0278742575,0.039809092,,,0.0171838763,,,,,,,0.0480818453,0.0527794168,,0.0151945867,0.0035064745,-0.01025641,,,,,,,0.0091482471,0.0047263637,-0.039974866,-0.020187434,,,,,,,-1.145016541,,0.0352283674,,0.1202357609,,1.3311576105,0.0150556661,0.0383359488,-0.052723249,1.9077504115,,,,,,,,,,,,3.371876377,1.7674620101,1.3478375972,1.2966033291,0.1617195818,0.0492666911,0.0507658449,,,,,1.3341726455,0.0559249887,,8.2282167501,1.2672291311,-0.240787733,0.7947613546,0.5462556565,0.4914978745,0.00683103,848985.74565907,0.59623921,0.00068395,0.59641948,0.00724126,0.0071623,0.00716307,0.01300268,-0.61222674,0.33038867,1.36252437,0.01334152,-0.64317481,0.01371205,-0.75958884,0.03518653,0.05273452,0.02102781,0.98224137,0.01527516,0.01290925,0.77289001,0.90771325,0.53014193,0.6481049074,2.2041372633,479,-0.788252823,-0.497416003,-0.290408935,-0.034815531
20240131,20240131,208226.0,01W,NLD,-0.052918,2024,1,20231229,20231231,1319.7310131,24.538667129,1319.7310131,0.070539303,0.0081075125,0.064540963,0.049444128,0.0510457776,0.0083537303,0.075603047,0.0409907482,-0.033308805,-0.009647762,0.0599095722,0.0048503593,0.0185226912,0.0108061759,0.0050393488,-0.469400286,,,-0.176410444,0.5475945584,,,,,,,,,,,0.0171838763,-0.017183876,-0.011009621,0.0232569582,0.6024715205,,,0.1225574475,0.0278742575,0.039809092,,,0.0171838763,,,,,,,0.0480818453,0.0527794168,,0.0151945867,0.0035064745,-0.01025641,,,,,,,0.0091482471,0.0047263637,-0.039974866,-0.020187434,,,,,,,-1.145016541,,0.0352283674,,0.1202357609,,1.3311576105,0.0150556661,0.0383359488,-0.052723249,1.9077504115,,,,,,,,,,,,3.2130118098,1.6841887652,1.2843347838,1.2355143971,0.1541002303,0.0469455112,0.048374033,,,,,1.3060542871,0.0547449424,,8.7514297456,1.2606763056,-0.268245789,0.0042263703,0.5470848839,0.5086206897,0.00665448,915298.86382556,0.94608693,0.00073126,0.9174255,0.0072023,0.00716485,0.00485835,0.00954837,-0.03748922,0.97936546,1.32407521,0.00716517,0.40164725,0.00748738,0.24511182,0.0231437,0.05579986,0.0160508,2.16229332,0.01481024,0.01267805,0.82753259,0.95259434,0.52951943,0.673037171,1.4640326828,480,-0.692833047,-0.43528575,-0.272934231,0.0710594291
20240229,20240229,208226.0,01W,NLD,-0.052059,2024,2,20240131,20240131,1214.9012771,22.589495691,1214.9012771,0.0789882923,0.0081075125,0.0667115574,-0.052917662,0.147606927,-0.031894478,0.0712628639,0.0307121066,-0.025986119,0.000264404,-0.004724712,0.000469182,-0.020491894,0.014591666,0.0560846799,-0.442953065,,,-0.211175576,0.8421256951,,,,,,,,,,,0.0388211269,-0.038821127,-0.013862524,0.0406464179,0.6024715205,,,0.1225574475,0.0181758246,0.039809092,,,0.0388211269,,,,,,,0.0521135904,0.0551239324,,0.0153297308,0.0035064745,-0.01025641,,,,,,,0.0157407185,0.0082509318,-0.010982286,-0.00520263,,,,,,,-0.069563324,,0.0352283674,,0.1202357609,,1.3113943962,0.0101427242,0.0383359488,-0.067441405,1.8743621182,,,,,,,,,,0.0134356279,0.0316252283,3.4106414731,1.8196278297,1.3714237702,1.3191395544,0.1730212011,0.0330732363,0.0345931957,,,,,1.3534189342,0.0567642945,,8.3796955041,1.2570872628,-0.201592623,-0.687094919,0.5123207885,0.5777256451,0.00705731,936220.1507344,0.9295701,0.00075113,0.89495573,0.00719225,0.00727105,0.00518028,0.0101425,-0.01983124,0.07399409,0.13681191,0.01065795,-0.02871274,0.0105531,0.30802432,0.01331432,0.02135679,0.01235567,-0.14131557,0.01440084,0.01261644,0.84499053,0.87692724,0.52626783,0.6765257843,0.8438148612,481,-0.796113243,-0.666895408,-0.667013799,0.217642875
20240328,20240331,208226.0,01W,NLD,0.066354,2024,3,20240229,20240229,1151.6549558,21.413513305,1151.6549558,0.0833261531,0.0081075125,0.0667115574,-0.052058815,-0.006090002,-0.03397297,0.0703015794,-0.019196756,0.0697233085,0.1035061852,-0.082549144,0.00324103,-0.106463507,0.0245235381,0.0560846799,-0.442953065,,,-0.211175576,0.8421256951,,,,,,,,,,,0.0388211269,-0.038821127,-0.013862524,0.0406464179,0.6024715205,,,0.1225574475,0.0181758246,0.039809092,,,0.0388211269,,,,,,,0.0521135904,0.0551239324,,0.0153297308,0.0035064745,-0.01025641,,,,,,,0.0157407185,0.0082509318,-0.010982286,-0.00520263,,,,,,,-0.069563324,,0.0352283674,,0.1202357609,,1.3113943962,0.0101427242,0.0383359488,-0.067441405,1.8743621182,,,,,,,,,,0.0134356279,0.0316252283,3.597946295,1.9195577312,1.4467393045,1.3915837562,0.1825231395,0.0348895447,0.0364929769,,,,,1.3844973979,0.0580563115,,7.7781461479,1.2727926353,-0.0289069,-0.040795623,0.5144927536,0.5478271728,0.00727697,976413.11447766,0.88232639,0.00079561,0.83290417,0.00714967,0.00728109,0.0044106,0.01218504,-0.63918466,-0.32496945,0.66022082,0.0097087,-0.207565,0.009779,0.21081891,0.01284812,0.02134367,0.01347582,-0.53389795,0.0133603,0.0127109,0.90983195,0.84481119,0.5286044,0.6934262832,0.8194876236,482,-0.827914874,-0.730280739,-0.697191473,0.1283018557
20240430,20240430,208226.0,01W,NLD,0.002153,2024,4,20240328,20240331,1228.0715273,22.834379219,1228.0715273,0.0781411954,0.0081075125,0.0667115574,0.0663537035,-0.102221647,-0.009738069,-0.049961159,0.0133990096,0.1066487676,0.0256080197,0.0536959133,0.0043917382,0.0507435293,0.0086482783,0.0560846799,-0.442953065,,,-0.211175576,0.8421256951,,,,,,,,,,,0.0388211269,-0.038821127,-0.013862524,0.0406464179,0.6024715205,,,0.1225574475,0.0181758246,0.039809092,,,0.0388211269,,,,,,,0.0521135904,0.0551239324,,0.0153297308,0.0035064745,-0.01025641,,,,,,,0.0157407185,0.0082509318,-0.010982286,-0.00520263,,,,,,,-0.069563324,,0.0352283674,,0.1202357609,,1.3113943962,0.0101427242,0.0383359488,-0.067441405,1.8743621182,,,,,,,,,,0.0134356279,0.0316252283,3.374064612,1.8001135316,1.3567161625,1.3049926602,0.1711656638,0.0327185479,0.0342222067,,,,,1.3471219433,0.0565024491,,8.4971659838,1.2753706964,-0.065166753,-0.406042492,0.5145723841,0.5992562542,0.00692637,1031871.93317008,0.87141093,0.00084635,0.82849416,0.00710191,0.00731606,0.00610098,0.00898182,0.36406056,0.09594534,0.10012388,0.00916619,-0.09009034,0.00957265,0.36478467,0.01612327,0.01985,0.00957911,0.32947492,0.01218099,0.01206852,0.78760379,0.90086754,0.52781593,0.6787610856,1.1080346092,483,-0.772267618,-0.730280739,-0.684008462,0.274932548
20240531,20240531,208226.0,01W,NLD,0.089981,2024,5,20240430,20240430,1230.715918,22.883548194,1230.715918,0.0779732965,0.0081075125,0.0667115574,0.0021532871,0.010840593,0.0986606563,-0.073184883,0.025572723,-0.028785637,0.0775443445,-0.052067046,0.0093208594,0.0613710696,0.008836385,0.0050276654,-0.280904549,,,-0.19376883,-0.307472669,,,,,,,,,,,0.0221386845,-0.022138685,-0.009267918,0.0081010051,0.4052041801,,,-0.00755986,-0.013387937,0.0189411259,,,0.0221386845,,,,,,,0.0450803113,0.046744646,,0.0105747742,-0.280904549,,,,,,,,-0.046692476,-0.024911129,-0.031390684,-0.016946381,,,,,,,-0.631875649,,0.0187578778,,-0.007678434,,,-0.006580191,0.0186640412,-0.058033843,1.906247073,,,1.00040829,,,,,,,-1.085441592,0.0143611467,3.4364156478,1.8027126161,1.3981122269,1.3981122269,0.1545272056,-0.024134603,-0.02261227,,,,,1.3784898505,0.0267449549,,10.636133767,1.2766792345,-0.043077427,-0.467819391,0.5655394525,0.3858543417,0.00701629,1065772.80262527,0.84896822,0.00086505,0.8160522,0.00711536,0.0073216,0.00344698,0.01078849,0.28517623,-0.20986102,0.88632408,0.01063562,-0.26194441,0.01031744,-0.36624886,0.01794688,0.02903097,0.0131686,0.38946215,0.01143092,0.01174528,0.7385698,0.90280736,0.52815743,0.6605303923,1.2528900425,484,-1.101322381,-1.104783682,-0.780937688,-0.05498651
20240628,20240630,208226.0,01W,NLD,0.013217,2024,6,20240531,20240531,1341.4573796,24.942640416,1341.4573796,0.0715363594,0.0081075125,0.0667115574,0.0899813352,0.0686498693,0.0068479465,-0.02139798,0.0842339337,-0.015251637,0.1347427971,0.0679383871,0.0113247638,-0.037857151,0.0189430873,0.0050276654,-0.280904549,,,-0.19376883,-0.307472669,,,,,,,,,,,0.0221386845,-0.022138685,-0.009267918,0.0081010051,0.4052041801,,,-0.00755986,-0.013387937,0.0189411259,,,0.0221386845,,,,,,,0.0450803113,0.046744646,,0.0105747742,-0.280904549,,,,,,,,-0.046692476,-0.024911129,-0.031390684,-0.016946381,,,,,,,-0.631875649,,0.0187578778,,-0.007678434,,,-0.006580191,0.0186640412,-0.058033843,1.906247073,,,1.00040829,,,,,,,-1.085441592,0.0143611467,3.1527288924,1.653893106,1.2826937322,1.2826937322,0.1417705061,-0.022142217,-0.020745557,,,,,1.32863708,0.0257777297,,11.354114529,1.2730473817,-0.004697619,-0.322899534,0.5471785384,0.386059877,0.00724354,1045661.58251653,0.82913187,0.00084323,0.80116595,0.00719442,0.00732754,0.00247737,0.00897903,-0.09738688,-0.42158868,0.47815699,0.00788465,0.01612918,0.0079645,0.477698,0.01469554,0.02044358,0.00991832,-0.86878019,0.01090862,0.01171829,0.7497425,0.98404318,0.52859045,0.6685459696,1.0308131623,485,-1.141370467,-1.148542092,-0.780937688,0.0
20240731,20240731,208226.0,01W,NLD,0.032514,2024,7,20240628,20240630,1296.5742047,24.108096651,1296.5742047,0.0763954137,0.0081075125,0.0674828127,0.0132172871,0.092328378,0.0457397777,0.1534654265,0.1066132326,0.0083537303,0.1809287154,0.0930739238,0.0040650696,-0.008774568,0.0172484635,0.0050276654,-0.280904549,,,-0.19376883,-0.307472669,,,,,,,,,,,0.0221386845,-0.022138685,-0.009267918,0.0081010051,0.4052041801,,,-0.00755986,-0.013387937,0.0189411259,,,0.0221386845,,,,,,,0.0450803113,0.046744646,,0.0105747742,-0.280904549,,,,,,,,-0.046692476,-0.024911129,-0.031390684,-0.016946381,,,,,,,-0.631875649,,0.0187578778,,-0.007678434,,,-0.006580191,0.0186640412,-0.058033843,1.906247073,,,1.00040829,,,,,,,-1.085441592,0.0143611467,3.2618660955,1.7111454972,1.3270964103,1.3270964103,0.1466781392,-0.022908709,-0.0214637,,,,,1.348401232,0.0261611866,,11.077899969,1.2869997783,-0.058802171,-0.055406945,0.5437070938,0.3997093023,0.00628464,1090367.14173041,0.58700063,0.00087525,0.57474792,0.00712828,0.0072747,0.00720985,0.01504449,-0.70668455,-0.4837505,0.03866904,0.01117606,0.11601626,0.01114307,-0.5238317,0.02618566,0.04910726,0.02053614,0.38746376,0.0109866,0.01199103,0.8341738,0.93676779,0.52888778,0.6714363968,1.7710797915,486,-1.141370467,-1.148542092,-0.780937688,-0.036273813
20240830,20240831,208226.0,01W,NLD,0.039758,2024,8,20240731,20240731,1338.7312233,24.891951117,1338.7312233,0.0739897009,0.0,0.0755576359,0.0325141581,0.1043879314,0.1187639955,0.2159602552,0.0257674554,-0.031894478,0.3615314002,-0.050879932,0.0116463505,-0.01864016,0.0214406237,-0.033463101,-0.237259582,,,-0.167074426,-0.307472669,,,,,,,,,,,0.0083069848,-0.008306985,-0.005681395,-0.010485232,0.4052041801,,,-0.00755986,-0.007029193,0.0189411259,,,0.0083069848,,,,,,,0.048121623,0.0531324889,,0.0093851923,-0.280904549,,,,,,,,0.0148797229,0.0078057682,0.0073924786,0.0039192393,,,,,,,0.4607736029,,0.0187578778,,-0.007678434,,,-0.0032207,0.0186640412,-0.039467651,1.9082396131,,,,,,,,,,,,3.0687644911,1.6081651749,1.2481013853,1.2193004404,0.1502302854,-0.011304104,-0.009883571,,,,,1.2740346299,0.0258006996,,11.643372361,1.2660101978,0.0454085464,0.1755644854,0.6892067124,0.6372377622,0.00723693,1062830.622179,0.58320786,0.00084832,0.58044084,0.00714449,0.00728539,0.00385805,0.0082072,0.12617986,0.50620963,0.32968551,0.00565306,-0.41137739,0.00541796,-0.01618515,0.01409018,0.01750471,0.0088898,0.21387132,0.01049505,0.01185142,0.6065237,0.96722601,0.52604109,0.6409881963,0.9822398474,487,-0.740889602,-1.185591836,-0.380456822,0.0362738125
20240930,20240930,208226.0,01W,NLD,0.073035,2024,9,20240830,20240831,1391.9567135,25.881609292,1391.9567135,0.0711604907,0.0,0.0755576359,0.03975816,0.0461611941,0.2185773586,0.1481048624,0.1158961402,-0.03397297,0.2784473041,-0.075257991,0.0221023642,-0.03682902,0.0216922999,-0.033463101,-0.237259582,,,-0.167074426,-0.307472669,,,,,,,,,,,0.0083069848,-0.008306985,-0.005681395,-0.010485232,0.4052041801,,,-0.00755986,-0.007029193,0.0189411259,,,0.0083069848,,,,,,,0.048121623,0.0531324889,,0.0093851923,-0.280904549,,,,,,,,0.0148797229,0.0078057682,0.0073924786,0.0039192393,,,,,,,0.4607736029,,0.0187578778,,-0.007678434,,,-0.0032207,0.0186640412,-0.039467651,1.9082396131,,,,,,,,,,,,2.9514214066,1.546672329,1.2003766196,1.1726769621,0.144485796,-0.010871858,-0.009505644,,,,,1.2516123374,0.0253595124,,11.937420256,1.2699532128,-0.01370522,0.4469896901,0.708504958,0.633273703,0.00702322,1112281.50768304,0.58598459,0.00086476,0.59369828,0.00709696,0.00724041,0.00615316,0.01241955,-0.7751628,0.58029782,0.13870148,0.00919369,-0.10005169,0.00950385,-0.31663921,0.0162265,0.01842777,0.01242234,-0.78359537,0.01009861,0.01234219,0.44862518,0.96767936,0.5236813,0.634426156,1.1302273365,488,-0.740889602,-1.185591836,-0.380456822,0.072547625
20241031,20241031,208226.0,01W,NLD,-0.087094,2024,10,20240930,20240930,1493.6187494,27.771881501,1493.6187494,0.0663170055,0.0,0.0755576359,0.0730353429,0.0735650212,0.1881852597,0.1375082936,0.2546873677,-0.009738069,0.0870928803,-0.038857475,0.0322744385,0.0692271269,0.0083513598,-0.033463101,-0.237259582,,,-0.167074426,-0.307472669,,,,,,,,,,,0.0083069848,-0.008306985,-0.005681395,-0.010485232,0.4052041801,,,-0.00755986,-0.007029193,0.0189411259,,,0.0083069848,,,,,,,0.048121623,0.0531324889,,0.0093851923,-0.280904549,,,,,,,,0.0148797229,0.0078057682,0.0073924786,0.0039192393,,,,,,,0.4607736029,,0.0187578778,,-0.007678434,,,-0.0032207,0.0186640412,-0.039467651,1.9082396131,,,,,,,,,,,,2.7505351302,1.4413992411,1.1186738885,1.0928595874,0.1346514791,-0.010131874,-0.008858649,,,,,1.2109072409,0.0245574399,,12.440817513,1.2632240335,-0.124448737,0.2945978812,0.7242944317,0.6258741259,0.00681115,1165183.5432409,0.57817959,0.00086866,0.55863591,0.00708974,0.00721129,0.00569097,0.01186748,0.34338464,0.19470564,-0.15309964,0.0116806,0.06231828,0.01246993,0.11967652,0.01899218,0.02910713,0.01187777,0.333756,0.00993225,0.01251606,0.33422803,0.97589883,0.51758243,0.5935050404,1.3508171383,489,-0.740889602,-1.185591836,-0.380456822,0.1813690625
20241129,20241130,208226.0,01W,NLD,-0.015817,2024,11,20241031,20241031,1363.5334951,25.353116828,1363.5334951,0.0726438501,0.0,0.0755576359,-0.087094015,0.1156972537,0.2722253112,0.2887861518,0.4007536392,0.0986606563,-0.086570564,0.0935378991,0.0158533554,0.1172557944,-0.000167946,-0.022972352,0.2345979365,,,-0.191419069,-0.307472669,,,,,,,,,,,-0.01321394,0.0132139405,-0.000324408,-0.018875889,0.4052041801,,,-0.00755986,0.0132095343,0.0189411259,,,-0.01321394,,,,,,,0.0599009576,0.0668705931,,0.0072351227,-0.280904549,,0.0,,,,,,0.029518318,0.0154688739,0.0203700709,0.0107425102,,,,,,,0.8401804904,,0.0187578778,,-0.007678434,,1.6250260055,0.0073191365,0.0186640412,-0.00773653,1.931895229,,,,,,,,,,,,3.0383569023,1.5727337884,1.2029278332,1.1809449481,0.1841401303,0.020775081,0.022238149,,,,,1.2626080906,0.0255932184,,14.080675898,1.2503472739,0.1088558851,0.5692313424,0.6865369947,0.7113787375,0.00739555,1131975.19694621,0.59260795,0.00082547,0.58589477,0.00715673,0.00724851,0.00461538,0.008773,0.39398693,0.4586855,-0.23355983,0.00855991,0.52596183,0.00834945,0.32064391,0.00955792,0.0130967,0.00880757,0.4488069,0.00970946,0.01230154,0.05639246,0.89090388,0.51636797,0.5633935052,0.7013483949,490,-0.660793428,-0.740994898,-0.540649169,0.3990119376
20241231,20241231,208226.0,01W,NLD,-0.078878,2024,12,20241129,20241130,1341.966408,24.952105132,1341.966408,0.0738113281,0.0,0.0755576359,-0.015817057,-0.020419614,0.0655431087,0.2411535758,0.1693754568,0.0068479465,0.024369833,0.049444128,0.0099205204,0.0493267158,0.0086990473,-0.022972352,0.2345979365,,,-0.191419069,-0.307472669,,,,,,,,,,,-0.01321394,0.0132139405,-0.000324408,-0.018875889,0.4052041801,,,-0.00755986,0.0132095343,0.0189411259,,,-0.01321394,,,,,,,0.0599009576,0.0668705931,,0.0072351227,-0.280904549,,0.0,,,,,,0.029518318,0.0154688739,0.0203700709,0.0107425102,,,,,,,0.8401804904,,0.0187578778,,-0.007678434,,1.6250260055,0.0073191365,0.0186640412,-0.00773653,1.931895229,,,,,,,,,,,,3.0871871172,1.5980095975,1.2222603957,1.199924218,0.1870994937,0.0211089626,0.0225955441,,,,,1.2718319079,0.0257734453,,13.99625909,1.2540009809,0.0184012272,0.0731175924,0.6742562929,0.695622435,0.00690444,1168749.02566654,0.56776781,0.00085091,0.56353264,0.00711273,0.00726071,0.00497572,0.00993895,-0.00245923,-0.10556049,1.01320665,0.01034465,-0.16625333,0.01064196,-0.12984425,0.01303078,0.0214298,0.01191245,-0.39539801,0.00913248,0.01161891,0.06720867,0.8768124,0.51681644,0.5205367453,1.0294206709,491,-0.660793428,-0.740994898,-0.540649169,0.5078333751
20250131,20250131,208226.0,01W,NLD,0.099063,2025,1,20241231,20241231,1236.115148,22.983939795,1236.115148,0.0801319545,0.0,0.0755576359,-0.078877727,-0.101533501,0.035009337,0.1455131395,0.0966561704,0.0457397777,0.1027937489,-0.052917662,0.0075605145,0.0211484968,0.0129568403,-0.022972352,0.2345979365,,,-0.191419069,-0.307472669,,,,,,,,,,,-0.01321394,0.0132139405,-0.000324408,-0.018875889,0.4052041801,,,-0.00755986,0.0132095343,0.0189411259,,,-0.01321394,,,,,,,0.0599009576,0.0668705931,,0.0072351227,-0.280904549,,0.0,,,,,,0.029518318,0.0154688739,0.0203700709,0.0107425102,,,,,,,0.8401804904,,0.0187578778,,-0.007678434,,1.6250260055,0.0073191365,0.0186640412,-0.00773653,1.931895229,,,,,,,,,,,,3.3515497429,1.7348506755,1.3269252428,1.302676369,0.203121235,0.0229165695,0.0245304502,,,,,1.3191289429,0.0266961175,,13.53923368,1.2697615488,0.0247912701,-0.371316312,0.67085574,0.7117647059,0.00691123,1092770.13642507,0.54986462,0.00079615,0.53868232,0.00721799,0.00728232,0.00542884,0.0120307,-0.32721886,-0.13707182,0.32742545,0.01080803,-0.18822424,0.01204547,-0.02967313,0.01179438,0.01493989,0.01287319,-0.06291397,0.0093416,0.01157836,0.08963546,0.80765143,0.5164433,0.5136893737,0.947750526,492,-0.580697255,-0.730280739,-0.540649169,0.5315362594
20250228,20250228,208226.0,01W,NLD,0.039261,2025,2,20250131,20250131,1316.44169,24.47750648,1316.44169,0.0750486516,0.0,0.0786604298,0.0990625169,-0.093447171,-0.076651738,0.0528904913,0.0665962016,0.1187639955,0.1715108908,-0.052058815,0.0212988174,0.0027870859,0.0158886247,0.0394906543,0.1705181617,,,-0.099680144,-0.170125662,,,,,,,,,,,0.0199618434,-0.019961843,-0.00103918,0.0069411171,0.4052041801,,,-0.00755986,-0.001134168,0.0189411259,,,0.0199618434,,,,,,,0.0582303883,0.0621376988,,0.0076570174,-0.280904549,,0.0,,,,,,0.0019202007,0.0009939466,-0.013820518,-0.007256985,,,,,,,0.0198960796,,0.0187578778,,-0.007678434,,,-9.9731e-05,0.0186640412,-0.010242456,1.9223836895,,,,,,,,,,0.1163594868,0.033542515,3.2718698446,1.7019858535,1.3309550064,1.305902242,0.1869032444,-0.001930339,-0.000326308,,,,,1.3044300147,0.0259900518,,13.67886849,,,,0.6739520025,0.5519607843,0.00586054,1208200.86935274,0.52442274,0.00089506,0.52607913,0.00703971,0.00721572,0.00322373,0.01173767,0.04659985,-0.34936775,0.63206177,0.00790855,-0.21587917,0.00961623,0.19654117,0.02112769,0.03410004,0.01318845,-0.13475546,0.00901683,0.01168049,0.13047078,0.86013509,0.51760854,0.5149689726,1.6844810837,493,-0.79942206,-1.067333388,-0.512450039,0.311590221
20250331,20250331,208226.0,01W,NLD,0.064303,2025,3,20250228,20250228,1368.1261801,25.438511782,1368.1261801,0.0722134955,0.0,0.0786604298,0.0392607516,0.0123709637,-0.023987016,0.0616626505,0.2366335854,0.2185773586,0.2672696761,0.0663537035,0.0188358218,-0.123884329,0.0290321475,0.0394906543,0.1705181617,,,-0.099680144,-0.170125662,,,,,,,,,,,0.0199618434,-0.019961843,-0.00103918,0.0069411171,0.4052041801,,,-0.00755986,-0.001134168,0.0189411259,,,0.0199618434,,,,,,,0.0582303883,0.0621376988,,0.0076570174,-0.280904549,,0.0,,,,,,0.0019202007,0.0009939466,-0.013820518,-0.007256985,,,,,,,0.0198960796,,0.0187578778,,-0.007678434,,,-9.9731e-05,0.0186640412,-0.010242456,1.9223836895,,,,,,,,,,0.1163594868,0.033542515,3.1482665343,1.6376889543,1.2806747531,1.2565684214,0.179842493,-0.001857415,-0.000313981,,,,,1.2825923417,0.0255551643,,13.892480463,,,,0.6757818459,0.6214285714,0.00664096,1214682.43955448,0.514736,0.00090357,0.51570116,0.00702726,0.00718528,0.003882,0.00880435,0.28042031,-0.72202559,0.31002983,,,,,0.01503863,0.01907324,0.01020592,-0.23719127,0.0086109,0.01138312,0.10937706,0.89390464,0.51332401,0.4939648628,1.2254103253,494,-0.79942206,-1.067333388,-0.512450039,0.3482478941
20250430,20250430,208226.0,01W,NLD,0.066466,2025,4,20250331,20250331,1456.1008169,27.074284758,1456.1008169,0.0678505036,0.0,0.0786604298,0.0643030139,0.1422125374,-0.054707756,0.0889513416,0.205214316,0.1881852597,2.0525875768,0.0021532871,0.0244857969,0.0634402441,0.0261767585,0.0394906543,0.1705181617,,,-0.099680144,-0.170125662,,,,,,,,,,,0.0199618434,-0.019961843,-0.00103918,0.0069411171,0.4052041801,,,-0.00755986,-0.001134168,0.0189411259,,,0.0199618434,,,,,,,0.0582303883,0.0621376988,,0.0076570174,-0.280904549,,0.0,,,,,,0.0019202007,0.0009939466,-0.013820518,-0.007256985,,,,,,,0.0198960796,,0.0187578778,,-0.007678434,,,-9.9731e-05,0.0186640412,-0.010242456,1.9223836895,,,,,,,,,,0.1163594868,0.033542515,2.9580547017,1.5387431332,1.2032990007,1.1806491243,0.1689767769,-0.001745194,-0.000295011,,,,,1.2470563133,0.0248474646,,14.221205678,,,,0.6739483116,0.6343137255,0.00608779,1269641.94066157,0.4720637,0.00095003,0.48183478,0.00695264,0.00714921,0.00375165,0.01198967,-1.33827504,0.08848926,-0.2870989,,,,,0.01666708,0.02216111,0.01218665,-1.01687425,0.00813962,0.01162474,0.10267963,0.95138541,0.4683232,0.4511607388,1.3396557203,495,-0.881414066,-1.111492347,-0.512450039,0.2539166875
20250530,20250531,208226.0,01W,NLD,0.076806,2025,5,20250430,20250430,1552.8815718,28.87379595,1552.8815718,0.0636218341,0.0,0.0786604298,0.0664656964,0.1060883501,0.1020602356,0.122477775,0.2799571137,0.2722253112,1.6758869948,0.0899813352,0.0223480116,0.0733165735,0.0220725672,-0.038448591,1.0745002533,,,-0.138609941,0.4817190716,,,,,,,,,,,-0.026019711,0.0260197113,0.0073461044,-0.014599988,0.7601175637,,,0.1046535156,0.0847835114,0.0763112179,,,-0.026019711,,,,,,,0.0951136955,0.1003939674,,0.0091096166,1.0122652457,0.0304568528,1.0,,,,,,0.0384549345,0.0200037769,0.085147411,0.0449149059,,,,,,,4.591255706,,0.0713889933,,0.1018528708,,1.216915029,0.0455177871,0.0742435533,0.0520979776,1.8833552454,,,0.9997359874,,,,,,,-0.861132756,0.0147914947,2.6187719368,1.3904821956,1.0399158144,1.0399158144,0.2540609541,0.117889963,0.1192007034,,,,,1.2405608258,0.0953112538,,17.358952516,,,,0.634286804,0.8531284607,0.00612798,1437574.56808968,0.55573172,0.00106915,0.55593831,0.00642318,0.00709507,0.00413582,0.01285467,-0.12630907,-0.43385648,0.80692527,,,,,0.0246257,0.04603704,0.02371458,-1.15859993,0.00817062,0.01215746,0.36184876,1.0,0.46758566,0.4546202979,1.8146876085,496,0.8913630258,0.5055789732,1.0129125293,0.1649595288
20250630,20250630,208226.0,01W,NLD,0.052312,2025,6,20250530,20250531,1672.1522955,31.091478612,1672.1522955,0.0590838371,0.0,0.0786604298,0.0768060655,0.1350426549,0.1941981368,0.151310072,0.2523428709,0.0655431087,1.5484203892,0.0132172871,0.0281288096,-0.02741543,0.0299909638,-0.038448591,1.0745002533,,,-0.138609941,0.4817190716,,,,,,,,,,,-0.026019711,0.0260197113,0.0073461044,-0.014599988,0.7601175637,,,0.1046535156,0.0847835114,0.0763112179,,,-0.026019711,,,,,,,0.0951136955,0.1003939674,,0.0091096166,1.0122652457,0.0304568528,1.0,,,,,,0.0384549345,0.0200037769,0.085147411,0.0449149059,,,,,,,4.591255706,,0.0713889933,,0.1018528708,,1.216915029,0.0455177871,0.0742435533,0.0520979776,1.8833552454,,,0.9997359874,,,,,,,-0.861132756,0.0147914947,2.4319810417,1.2913023433,0.9657410445,0.9657410445,0.2359393788,0.1094811469,0.1106983952,,,,,1.1955466003,0.0918528484,,17.499780495,,,,0.6377955759,0.8209035017,0.00650305,1492981.75369324,0.59289016,0.0010798,0.58559855,0.00641034,0.00706277,0.0036418,0.01425314,-0.88558612,-0.00164888,-0.77025582,,,,,0.0196387,0.0256592,0.01425462,-0.86056605,0.00825378,0.01260369,0.37343527,1.0,0.45876585,0.4510692162,1.415026933,497,0.931879527,0.5055789732,1.0129125293,0.2016172018
