date,ret_eom,gvkey,iid,excntry,stock_ret,year,month,char_date,char_eom,me,prc,market_equity,div12m_me,chcsho_12m,eqnpo_12m,ret_1_0,ret_3_1,ret_6_1,ret_9_1,ret_12_1,ret_12_7,ret_60_12,seas_1_1an,seas_1_1na,seas_2_5an,seas_2_5na,at_gr1,sale_gr1,capx_gr1,inv_gr1,debt_gr3,sale_gr3,capx_gr3,inv_gr1a,lti_gr1a,sti_gr1a,coa_gr1a,col_gr1a,cowc_gr1a,ncoa_gr1a,ncol_gr1a,nncoa_gr1a,fnl_gr1a,nfna_gr1a,tax_gr1a,be_gr1a,ebit_sale,gp_at,cop_at,ope_be,ni_be,ebit_bev,netis_at,eqnetis_at,dbnetis_at,oaccruals_at,oaccruals_ni,taccruals_at,taccruals_ni,noa_at,opex_at,at_turnover,sale_bev,rd_sale,cash_at,sale_emp_gr1,emp_gr1,ni_inc8q,noa_gr1a,ppeinv_gr1a,lnoa_gr1a,capx_gr2,saleq_gr1,niq_be,niq_at,niq_be_chg1,niq_at_chg1,rd5_at,dsale_dinv,dsale_drec,dgp_dsale,dsale_dsga,saleq_su,niq_su,capex_abn,op_atl1,gp_atl1,ope_bel1,cop_atl1,pi_nix,ocf_at,op_at,ocf_at_chg1,at_be,ocfq_saleq_std,tangibility,earnings_variability,aliq_at,f_score,o_score,z_score,intrinsic_value,kz_index,ni_ar1,ni_ivol,at_me,be_me,debt_me,netdebt_me,sale_me,ni_me,ocf_me,fcf_me,eqpo_me,eqnpo_me,rd_me,bev_mev,ebitda_mev,aliq_mat,eq_dur,beta_60m,resff3_12_1,resff3_6_1,mispricing_mgmt,mispricing_perf,zero_trades_21d,dolvol_126d,dolvol_var_126d,turnover_126d,turnover_var_126d,zero_trades_126d,zero_trades_252d,bidaskhl_21d,ivol_capm_21d,iskew_capm_21d,coskew_21d,beta_dimson_21d,ivol_ff3_21d,iskew_ff3_21d,ivol_hxz4_21d,iskew_hxz4_21d,rmax5_21d,rmax1_21d,rvol_21d,rskew_21d,ami_126d,ivol_capm_252d,betadown_252d,prc_highprc_252d,corr_1260d,betabab_1260d,rmax5_rvol_21d,age,qmj,qmj_prof,qmj_growth,qmj_safety
20050228,20050228,258196.0,01W,KOR,0.673731,2005,2,20050131,20050131,36.247953688,5.0696438724,36.247953688,,0.0,-2.22045e-16,0.3568059062,0.1369454446,0.5898201757,-0.019120064,0.2521994902,-0.044486111,,0.4750918287,0.0256591239,,,,,,,,,,,,,,,,,,,,,,,,,,,,,,,,,,,,,,,,,,,,,,,,,,,,,,,,,,,,,,,,,,,,,,,,,,,,,,,,,,,,,,,,,,,,,,,,,,,,,0.6081708449,0.00051137,234091.55482567,1.56013622,0.00854355,1.33396393,0.00129916,0.00074991,0.01487268,0.03397583,-0.24380631,0.55685859,0.71788035,0.03250819,-0.41454406,,,0.06471712,0.08360417,0.03571207,0.11677171,0.17502528,0.03597923,1.58373166,0.99636268,,,1.6005023272,253,,,,
20050331,20050331,258196.0,01W,KOR,-0.118094,2005,3,20050228,20050228,60.66932726,8.4852205958,60.66932726,,0.0,0.0,0.6737310962,0.3280218524,0.8850276895,0.6883779081,0.1517870489,-0.466042782,,-0.126212159,0.098381238,,,,,,,,,,,,,,,,,,,,,,,,,,,,,,,,,,,,,,,,,,,,,,,,,,,,,,,,,,,,,,,,,,,,,,,,,,,,,,,,,,,,,,,,,,,,,,,,,,,,,0.3665116279,0.00029761,430205.36883097,1.57509244,0.01196379,1.34607152,0.00091119,0.00070196,0.01039605,0.0447014,0.67177633,0.33920433,-1.2728133,0.04671646,0.4798794,,,0.09128898,0.12095827,0.04603578,0.81339613,0.1411999,0.0357533,1.52810634,1.0,,,2.2825464688,254,,,,
20050429,20050430,258196.0,01W,KOR,0.07303,2005,4,20050331,20050331,53.504653465,7.4831683168,53.504653465,,0.0,-1.11022e-16,-0.118093839,1.2709282367,1.6967660614,1.9760479804,1.2062355527,-0.300724263,,-0.009549861,0.0885136036,,,,,,,,,,,,,,,,,,,,,,,,,,,,,,,,,,,,,,,,,,,,,,,,,,,,,,,,,,,,,,,,,,,,,,,,,,,,,,,,,,,,,,,,,,,,,,,,,,,,,0.8341056534,0.00078122,559068.93626043,1.24890939,0.01356688,1.16779153,0.00080989,0.00080441,0.01582538,0.03366956,-0.27333566,0.61535542,3.42966276,0.03150619,-0.20364367,,,0.05285545,0.11921324,0.04604762,0.45381929,0.10301824,0.03485523,1.28351981,0.79176248,,,1.3551813648,255,,,,
20050531,20050531,258196.0,01W,KOR,0.13233,2005,5,20050429,20050430,65.711583438,7.5023928571,65.711583438,,0.1445603031,-0.135020549,0.0730295884,0.4760737648,1.2770124889,2.1840053649,0.9644529783,-0.174007721,,-0.211750116,0.1144026676,,,,,,,,,,,,,,,,,,,,,,,,,,,,,,,,,,,,,,,,,,,,,,,,,,,,,,,,,,,,,,,,,,,,,,,,,,,,,,,,,,,,,,,,,,,,,,,,,,,,,0.7868544601,0.00205096,604066.40990205,1.15973278,0.01390229,1.14979063,0.00079938,0.00094092,0.01473201,0.01913354,1.66656925,0.68561982,0.57476757,0.01859357,0.81921591,,,0.02829048,0.08761498,0.02245623,2.85273424,0.07497051,0.03405671,1.14141044,0.84958456,,,0.7506500788,256,,,,
20050630,20050630,258196.0,01W,KOR,0.383218,2005,6,20050531,20050531,74.407186854,7.7228939221,74.407186854,,0.1445603031,-0.135020549,0.1323298414,-0.053688596,1.103415066,1.9856403603,1.674172509,0.0944912895,,-0.050455293,0.131019498,,,,,,,,,,,,,,,,,,,,,,,,,,,,,,,,,,,,,,,,,,,,,,,,,,,,,,,,,,,,,,,,,,,,,,,,,,,,,,,,,,,,,,,,,,,,,,,,,,,,,0.9142318567,0.00189525,622936.64210401,1.13494156,0.01319551,1.18852715,0.00084727,0.00100474,0.01732245,0.0269975,0.19672391,-0.15839704,0.39622236,0.02783506,0.20014043,,,0.04062007,0.07540671,0.02707855,0.18633611,0.06594591,0.03266983,0.73817867,0.96200996,,,1.1719838131,257,,,,
20050729,20050731,258196.0,01W,KOR,0.197026,2005,7,20050630,20050630,105.02180917,10.682447214,105.02180917,,0.1679186767,-0.155223256,0.383218172,0.2150234237,1.4333828183,1.8896836511,2.188944461,0.3389027157,,-0.175693899,0.1818296863,,,,,,,,,,,,,,,,,,,,,,,,,,,,,,,,,,,,,,,,,,,,,,,,,,,,,,,,,,,,,,,,,,,,,,,,,,,,,,,,,,,,,,,,,,,,,,,,,,,,,0.9418386492,0.00107639,777647.08162963,0.93085652,0.01424067,1.09114371,0.00076029,0.00109886,0.01076314,0.02780953,0.99288408,-0.17037343,2.02186442,0.0278476,0.90466814,,,0.06082272,0.08710059,0.03358045,0.24285625,0.04465344,0.03162886,0.90730581,1.0,,,1.7846094925,258,,,,
20050831,20050831,258196.0,01W,KOR,-0.030539,2005,8,20050729,20050731,125.71387523,12.787171034,125.71387523,,0.1679186767,-0.155223256,0.1970263722,0.5662592134,1.4807522714,2.8268439143,4.35117467,0.5898201757,,0.1443213361,0.1866210532,,,,,,,,,,,,,,,,,,,,,,,,,,,,,,,,,,,,,,,,,,,,,,,,,,,,,,,,,,,,,,,,,,,,,,,,,,,,,,,,,,,,,,,,,,,,,,,,,,,,,0.9775700935,0.00123839,854298.76175228,0.84558806,0.01250625,1.06865396,0.00090019,0.00109395,0.01502715,0.02305974,0.60252077,-0.49232654,0.1913811,0.02168225,0.36009687,,,0.03988719,0.06069291,0.02334807,0.33280055,0.03744616,0.03052695,1.16281156,1.0,,,1.211885269,259,,,,
20050930,20050930,258196.0,01W,KOR,0.124755,2005,9,20050831,20050831,121.87469331,12.39666302,121.87469331,,0.1679186767,-0.155223256,-0.030539047,0.6557486304,0.7741953283,2.9435952753,4.5976385305,0.8850276895,,0.1699307204,0.1683965289,,,,,,,,,,,,,,,,,,,,,,,,,,,,,,,,,,,,,,,,,,,,,,,,,,,,,,,,,,,,,,,,,,,,,,,,,,,,,,,,,,,,,,,,,,,,,,,,,,,,,0.9757462687,0.00142634,808809.72632605,0.76280632,0.00936669,0.78052315,0.00130535,0.0011191,0.01177,0.03386566,1.33850638,-0.28174733,3.26275392,0.03473129,1.36078314,,,0.04904071,0.10414011,0.03562246,1.31679631,0.03700326,0.03069568,1.14922216,0.92658536,,,1.4867837214,260,,,,
20051031,20051031,258196.0,01W,KOR,-0.000289,2005,10,20050930,20050930,137.07918746,13.943210422,137.07918746,,0.1679186767,-0.155223256,0.1247551377,0.1604703278,0.9503357286,2.9060263031,3.6384729375,1.6967660614,,0.0444802629,0.1756942448,,,,,,,,,,,,,,,,,,,,,,,,,,,,,,,,,,,,,,,,,,,,,,,,,,,,,,,,,,,,,,,,,,,,,,,,,,,,,,,,,,,,,,,,,,,,,,,,,,,,,0.9753787879,0.00068888,1011224.59005934,0.85208451,0.00951331,0.77581524,0.00128592,0.00103605,0.02049682,0.02818575,0.32790809,-0.44174044,0.84700774,0.029639,0.26070928,,,0.04455834,0.05259397,0.02879906,0.09848402,0.03204683,0.03065959,1.09888774,0.94672456,,,1.3578188082,261,,,,
20051130,20051130,258196.0,01W,KOR,-0.042836,2005,11,20051031,20051031,137.03963567,13.939187354,137.03963567,,0.1679186767,-0.155223256,-0.000288532,0.0904061879,1.0443519496,2.2379894075,3.9949687446,1.2770124889,,0.1615880352,0.1609781932,,,,,,,,,,,,,,,,,,,,,,,,,,,,,,,,,,,,,,,,,,,,,,,,,,,,,,,,,,,,,,,,,,,,,,,,,,,,,,,,,,,,,,,,,,,,,,,,,,0.2639903721,0.1129314258,,0.9577067669,0.00073724,1310838.42583848,0.76472404,0.01087928,0.66960626,0.00109329,0.00094805,0.01028091,0.03299849,0.70075423,0.07054762,1.97128745,0.03335475,0.72440942,,,0.04564785,0.07052424,0.03662465,-0.02048651,0.02757922,0.03114893,1.12872682,0.79847681,,,1.3548503568,262,,,,
20051229,20051231,258196.0,01W,KOR,0.022529,2005,12,20051130,20051130,131.16933824,13.342081448,131.16933824,,0.1679186767,-0.155223256,-0.042836493,0.1244306094,0.8049176247,0.9340353717,3.2988799668,1.103415066,,-0.02121457,0.1590125638,,,,,,,,,,,,,,,,,,,,,,,,,,,,,,,,,,,,,,,,,,,,,,,,,,,,,,,,,,,,,,,,,,,,,,,,,,,,,,,,,,,,,,,,,,,,,,,,,,0.5126091659,0.3164493964,,0.9550561798,0.00037987,1787915.13924777,0.75279269,0.01390994,0.69282708,0.00078576,0.0008285,0.01700361,0.02895607,0.64225686,-0.42716663,1.53393657,0.02908655,0.85103461,,,0.04347924,0.06624439,0.03204869,0.34822339,0.01884833,0.03124008,1.13847359,0.76427286,,,1.2885775839,263,,,,
20060131,20060131,258196.0,01W,KOR,0.02549,2006,1,20051229,20051231,134.12440809,13.642660708,134.12440809,,0.1679186767,-0.155223256,,-0.043112666,0.2489723732,1.0990760256,3.2039152787,1.4333828183,,0.3568059062,,,,,,,,,,,,,,,,,,,,,,,,,,,,,,,,,,,,,,,,,,,,,,,,,,,,,,,,,,,,,,,,,,,,,,,,,,,,,,,,,,,,,,,,,,,,,,,,,,,0.4564494787,-0.319605164,,0.9332715477,0.0005605,2049090.29836504,0.70470801,0.01525579,0.67202957,0.00069372,0.00073629,0.01362632,0.03961959,1.24934006,-0.10065761,4.93368048,0.03660648,1.51520361,,,0.06324292,0.12179412,0.04325484,1.16117194,0.01556083,0.03280822,1.04639083,0.7814909,,,1.7873210729,264,,,,
20060228,20060228,258196.0,01W,KOR,-0.017793,2006,2,20060131,20060131,137.54320026,13.990408163,137.54320026,,0.1679186767,-0.155223256,,,,,,1.4807522714,,0.6737310962,,,,,,,,,,,,,,,,,,,,,,,,,,,,,,,,,,,,,,,,,,,,,,,,,,,,,,,,,,,,,,,,,,,,,,,,,,,,,,,,,,,,,,,,,,,,,,,,,,,0.4087474392,-0.187741119,,,0.00056453,2346042.40610644,0.65961982,0.01732314,0.65360207,0.00059607,0.00073606,0.01535921,0.03065595,0.8057803,-0.06464232,0.76054909,0.03224699,0.76817808,,,0.05140897,0.0809042,0.03536929,0.50980488,0.01419744,0.03248843,1.26431963,0.80141088,,,1.4574854304,265,,,,
20060331,20060331,258196.0,01W,KOR,-0.115625,2006,3,20060228,20060228,135.09582983,13.741470294,135.09582983,,0.1679186767,-0.155223256,-0.017793467,0.0485926216,0.1285624318,0.8115499584,0.9411421602,0.7741953283,,-0.118093839,,,,,,,,,,,,,,,,,,,,,,,,,,,,,,,,,,,,,,,,,,,,,,,,,,,,,,,,,,,,,,,,,,,,,,,,,,,,,,,,,,,,,,,,,,,,,,,,,,,0.1404046671,-0.409481613,,0.7173913043,0.00068117,2538305.01216344,0.58738476,0.01881364,0.58688057,0.00054191,0.00079653,0.00895015,0.02694318,0.02873494,-0.05466919,0.90533036,0.02555137,0.61422916,,,0.03457701,0.0407679,0.02979584,-0.51446779,0.01206626,0.03059175,1.30445666,0.787151,,,1.0369732108,266,,,,
20060428,20060430,258196.0,01W,KOR,-0.049196,2006,4,20060331,20060331,119.47539354,12.152614728,119.47539354,,0.1679186767,-0.155223256,-0.115624859,,-0.0144687,0.2863597656,1.1619108656,0.9503357286,,0.0730295884,,,,,,,,,,,,,,,,,,,,,,,,,,,,,,,,,,,,,,,,,,,,,,,,,,,,,,,,,,,,,,,,,,,,,,,,,,,,,,,,,,,,,,,,,,,,,,,,,,,0.1629546459,-0.16330849,,0.7687443541,0.00140154,2374166.52003706,0.64824348,0.01768289,0.6423305,0.00059626,0.00083279,0.01000255,0.02774491,-0.16278302,0.31609416,-0.43689111,0.02030766,0.45060195,,,0.03293772,0.06867895,0.02899152,0.36189141,0.01284497,0.02963353,1.16178466,0.69613678,,,1.0387145417,267,,,,
20060530,20060531,258196.0,01W,KOR,-0.283483,2006,5,20060428,20060430,113.59763694,11.554750102,113.59763694,,0.0204081633,-0.020202707,-0.049196378,-0.131360959,-0.128169066,-0.049624448,0.7818150096,1.0443519496,,0.1323298414,,,,,,,,,,,,,,,,,,,,,,,,,,,,,,,,,,,,,,,,,,,,,,,,,,,,,,,,,,,,,,,,,,,,,,,,,,,,,,,,,,,,,,,,,,,,,,,,,,,0.0375034094,-0.988455559,,0.5972972973,0.00132307,2241689.25681981,0.69355016,0.01721457,0.67203546,0.00065176,0.0008119,0.01130967,0.02153228,-0.3489975,0.00141716,1.29908112,0.02211274,-0.37500045,,,0.02296546,0.02822114,0.02401578,-0.46469385,0.0136165,0.02979147,1.25886053,0.66188937,,,0.7215507164,268,,,,
20060630,20060630,258196.0,01W,KOR,-0.20608,2006,6,20060530,20060531,81.394612881,8.279172321,81.394612881,,0.0204081633,-0.020202707,-0.283483221,-0.159132913,-0.133961957,-0.06791448,0.4961684336,0.8049176247,,0.383218172,,,,,,,,,,,,,,,,,,,,,,,,,,,,,,,,,,,,,,,,,,,,,,,,,,,,,,,,,,,,,,,,,,,,,,,,,,,,,,,,,,,,,,,,,,,,,,,,,,,-0.09367604,-0.885708302,,0.4329159213,0.00066542,2017034.33385254,0.67799024,0.01652836,0.66892902,0.00074024,0.00076012,0.0070548,0.02566705,-0.51001946,-0.13638506,0.55131284,0.0241028,0.69430549,,,0.01832207,0.05982097,0.03424181,-0.79146773,0.0144567,0.02985909,1.28690591,0.47425484,,,0.5599081479,269,,,,
20060731,20060731,258196.0,01W,KOR,-0.121029,2006,7,20060630,20060630,64.620843205,6.573003759,64.620843205,,0.0,0.0,-0.206079605,-0.318733252,,-0.406221948,-0.224974188,0.2489723732,,0.1970263722,,,,,,,,,,,,,,,,,,,,,,,,,,,,,,,,,,,,,,,,,,,,,,,,,,,,,,,,,,,,,,,,,,,,,,,,,,,,,,,,,,,,,,,,,,,,,,,,,,,-0.512915195,-1.044264673,,0.100088574,0.00151789,1684072.45077869,0.76188396,0.01490993,0.71444906,0.00088747,0.00078229,0.01229051,0.03874445,1.52864545,0.19076904,-0.4582874,0.02776349,0.98937479,,,0.05531749,0.10187995,0.04503211,0.73276095,0.02625887,0.03040225,1.18874994,0.37652059,,,1.6469623871,270,,,,
20060831,20060831,258196.0,01W,KOR,-0.052537,2006,8,20060731,20060731,56.799833296,5.7774782755,56.799833296,,0.0,0.0,-0.121029215,-0.431142716,-0.530177842,-0.528451438,-0.485968887,,,-0.030539047,,,,,,,,,,,,,,,,,,,,,,,,,,,,,,,,,,,,,,,,,,,,,,,,,,,,,,,,,,,,,,,,,,,,,,,,,,,,,,,,,,,,,,,,,,,,,,,,,,,-0.530865911,-1.063021047,,0.0513274336,0.00168214,1272643.11705299,0.78677799,0.01244604,0.72493808,0.00108494,0.00080242,0.00857013,0.02801546,0.59089694,-0.30602808,2.32013434,0.02549232,0.16450602,,,0.04000133,0.0673682,0.03490373,0.34613978,0.03642285,0.03062866,1.11127644,0.3309506,,,1.1679225056,271,,,,
20060929,20060930,258196.0,01W,KOR,0.179471,2006,9,20060831,20060831,53.815746907,5.4739475557,53.815746907,,0.0,0.0,-0.052536886,-0.302167167,-0.579558944,-0.566973242,-0.533948913,0.1285624318,,0.1247551377,,,,,,,,,,,,,,,,,,,,,,,,,,,,,,,,,,,,,,,,,,,,,,,,,,,,,,,,,,,,,,,,,,,,,,,,,,,,,,,,,,,,,,,,,,,,,,,,,,,-0.621093248,-2.745881004,,0.022589053,0.00053071,1058248.57612394,0.83997508,0.0124468,0.88321329,0.00103352,0.00072076,0.01068195,0.05033642,1.29013083,-0.32749673,5.73970922,0.04614894,0.06901617,,,0.07504163,0.15133533,0.0569315,0.32625047,0.04245775,0.03285215,1.04424199,0.31356348,,,2.0504802512,272,,,,
20061031,20061031,258196.0,01W,KOR,-0.264625,2006,10,20060929,20060930,63.474121961,6.4563633273,63.474121961,,0.0,0.0,0.1794711699,-0.167207603,-0.549566272,,-0.60741125,-0.0144687,,-0.000288532,,,,,,,,,,,,,,,,,,,,,,,,,,,,,,,,,,,,,,,,,,,,,,,,,,,,,,,,,,,,,,,,,,,,,,,,,,,,,,,,,,,,,,,,,,,,,,,,,,,-0.661870835,-2.621233067,,0.0195744681,0.00012974,1388650.22131021,1.08604237,0.01894476,1.15547975,0.00054296,0.0005607,0.02170182,0.04831651,-0.28358226,0.35920085,2.89194187,0.04797857,-0.08552455,,,0.08992388,0.15234175,0.0565039,1.03481492,0.0426245,0.03521744,0.94903546,0.36983909,0.39278878,1.0910995018,2.2953540536,273,,,,-1.127811083
20061130,20061130,258196.0,01W,KOR,0.31838,2006,11,20061031,20061031,46.677291326,4.747849086,46.677291326,,0.0,-2.22045e-16,-0.26462486,0.117505427,-0.441237303,-0.538515013,-0.536819245,-0.128169066,,-0.042836493,,,,,,,,,,,,,,,,,,,,,,,,,,,,,,,,,,,,,,,,,,,,,,,,,,,,,,,,,,,,,,,,,,,,,,,,,,,,,,,,,,,,,,,,,,,,,,,,,,,-0.680481219,-0.382292112,,0.0205128205,0.00014342,1522860.40127928,1.18562819,0.02427943,1.30688709,0.00033822,0.00045429,0.01683729,0.04844294,-1.50546358,-0.1012956,1.42780509,0.05006017,-1.85016883,,,0.04490826,0.05588766,0.05770824,-1.07530227,0.0438719,0.03670837,1.23246667,0.29942418,0.39592802,1.1716959708,1.0927131181,274,,,,-1.258546227
20061228,20061231,258196.0,01W,KOR,-0.175123,2006,12,20061130,20061130,61.538389264,6.2594674394,61.538389264,,0.0,2.220446e-16,0.3183796128,-0.132646223,-0.42653095,-0.654487549,-0.644144798,-0.133961957,,,,,,,,,,,,,,,,,,,,,,,,,,,,,,,,,,,,,,,,,,,,,,,,,,,,,,,,,,,,,,,,,,,,,,,,,,,,,,,,,,,,,,,,,,,,,,,,,,,,2.1220957554,-0.834536604,-0.53422898,,0.0184718724,0.00023687,1506996.63434944,1.17563946,0.02660382,1.20122786,0.00027497,0.00042882,0.01043099,0.03046724,1.00918555,-0.35152355,0.58820063,0.03196053,0.96301124,,,0.0591748,0.08952667,0.03066119,1.02180928,0.0428466,0.03700537,1.36205802,0.39475474,0.39396162,1.2102251941,1.4335574836,275,,,,-1.310111252
20070131,20070131,258196.0,01W,KOR,-0.093671,2007,1,20061228,20061231,56.052095294,5.1632930845,56.052095294,,0.1042218436,-0.099140873,-0.175122623,-0.030496408,-0.047700615,-0.48492834,,,,0.0254897093,-0.071603667,,,,,,,,,,,,,,,,,,,,,,,,,,,,,,,,,,,,,,,,,,,,,,,,,,,,,,,,,,,,,,,,,,,,,,,,,,,,,,,,,,,,,,,,,,,,,,,,,2.1349412653,-0.504624014,-0.13201005,,,0.00033515,1677361.04411488,1.06832698,0.02972616,1.07398004,0.00023881,0.00041668,0.01238262,0.04731388,-0.42977674,-0.35120124,4.40175611,0.0492423,-0.22697981,,,0.04731249,0.0868289,0.05116162,-0.75240572,0.03381407,0.03765505,1.4003305,0.36231548,0.39672426,1.2266864605,1.1283014374,276,,,,-1.41296854
20070228,20070228,258196.0,01W,KOR,0.156949,2007,2,20070131,20070131,53.455553108,4.6796418129,53.455553108,,0.1619072854,-0.150062866,-0.093671086,0.0875015172,-0.106306794,-0.553145413,-0.630940497,-0.530177842,,-0.017793467,-0.078501632,,,,,,,,,,,,,,,,,,,,,,,,,,,,,,,,,,,,,,,,,,,,,,,,,,,,,,,,,,,,,,,,,,,,,,,,,,,,,,,,,,,,,,,,,,,,,,,,,2.0853682761,-0.507994782,-0.283939188,,0.0326433121,0.00212744,1659137.21553868,1.07510019,0.029435,1.07875046,0.00026236,0.0004701,0.00796673,0.01630669,0.60839067,-0.40080483,1.46977704,0.01667039,0.71160832,,,0.02349516,0.03983899,0.02054697,0.28800669,0.02917493,0.03682802,1.44859042,0.34004398,0.40084239,1.2719900237,0.5725970453,277,,,,-1.500543062
20070330,20070331,258196.0,01W,KOR,0.250996,2007,3,20070228,20070228,63.049959154,5.4141054114,63.049959154,,0.1845389955,-0.169353666,0.1569486785,-0.252389783,-0.145106568,-0.434769367,-0.659451157,-0.579558944,,-0.115624859,-0.053722219,,,,,,,,,,,,,,,,,,,,,,,,,,,,,,,,,,,,,,,,,,,,,,,,,,,,,,,,,,,,,,,,,,,,,,,,,,,,,,,,,,,,,,,,,,,,,,,,,2.098749729,-0.415741596,-0.100348205,,0.031496063,0.00077604,1736372.79026746,1.0343006,0.03014849,1.05212278,0.00027736,0.00047972,0.00932958,0.02822412,1.03796686,0.15538561,1.06099728,0.02697416,0.33812118,,,0.04889649,0.0736046,0.0298428,0.90787776,0.02452692,0.0369168,1.48353898,0.39341343,0.40159286,1.3166448572,1.187155413,278,,,,-1.525872833
20070430,20070430,258196.0,01W,KOR,-0.119433,2007,4,20070330,20070331,82.628923226,6.7730246679,82.628923226,,0.2409111761,-0.215845929,0.250996084,0.0485760391,-0.161431113,-0.176311834,-0.554490492,-0.549566272,,-0.049196378,-0.026431996,,,,,,,,,,,,,,,,,,,,,,,,,,,,,,,,,,,,,,,,,,,,,,,,,,,,,,,,,,,,,,,,,,,,,,,,,,,,,,,,,,,,,,,,,,,,,,,,,2.1134163497,-0.21702846,-0.046802054,,0.0425531915,0.00040705,1602704.51967127,0.96264933,0.0274307,1.03669312,0.00037236,0.00043406,0.01022484,0.02975569,0.55797163,-0.68266745,2.37498381,0.03112672,0.61239313,,,0.05450456,0.06131295,0.03314052,-0.27624745,0.02495185,0.03712467,1.71265215,0.5165865,0.40468197,1.3421848923,1.3082665448,279,,,,-1.539430346
20070531,20070531,258196.0,01W,KOR,0.009483,2007,5,20070430,20070430,76.737483248,5.9640988372,76.737483248,,0.3087418182,-0.269066232,-0.119433469,0.4473382662,0.4265459043,0.1723150387,-0.413832008,-0.441237303,,-0.283483221,-0.011518382,,,,,,,,,,,,,,,,,,,,,,,,,,,,,,,,,,,,,,,,,,,,,,,,,,,,,,,,,,,,,,,,,,,,,,,,,,,,,,,,,,,,,,,,,,,,,,,,,2.0272571884,0.0510430188,0.5597443393,,0.0872274143,0.00084017,1513366.49766314,0.78267862,0.02339879,0.73968241,0.00057044,0.00043921,0.01209438,0.01886509,0.25269312,-0.52744772,1.96852411,0.01969662,0.2121415,,,0.01919647,0.02503686,0.02010932,-0.30439814,0.02228603,0.03698312,1.74548296,0.53336566,0.40330142,1.3576775089,0.4630770103,280,,,,-1.539930538
20070629,20070630,258196.0,01W,KOR,0.307868,2007,6,20070531,20070531,78.207169019,6.020654419,78.207169019,,0.3212777622,-0.27859927,0.0094826701,0.1015852821,-0.047187497,0.0895425607,-0.279626199,-0.42653095,,-0.206079605,0.0080781888,,,,,,,,,,,,,,,,,,,,,,,,,,,,,,,,,,,,,,,,,,,,,,,,,,,,,,,,,,,,,,,,,,,,,,,,,,,,,,,,,,,,,,,,,,,,,,,,,1.9310531742,0.0706430968,0.1647271277,,0.1123160341,0.00156808,1370974.60284032,0.82999562,0.01949938,0.79988943,0.00079745,0.00048994,0.00625725,0.02324758,-0.0005877,-0.01645632,2.15548488,0.02090438,0.18156697,,,0.03206557,0.04766181,0.02361265,0.13926221,0.02413273,0.03678888,1.79684976,0.76077059,0.40193215,1.4341095011,0.7896508304,281,,,,-1.498790575
20070731,20070731,258196.0,01W,KOR,0.045975,2007,7,20070629,20070630,102.93210631,7.874219044,102.93210631,,0.3296417038,-0.28490951,0.307867633,-0.111083347,0.1660493256,-0.06748519,-0.084033018,-0.047700615,,-0.121029215,0.0470688113,,,,,,,,,,,,,,,,,,,,,,,,,,,,,,,,,,,,,,,,,,,,,,,,,,,,,,,,,,,,,,,,,,,,,,,,,,,,,,,,,,,,,,,,,,,,,,,,,1.9410430028,-0.074572754,0.2312398743,,0.1516810008,0.0004835,1601178.91374696,0.90112652,0.02019964,0.80301578,0.0008036,0.00045956,0.01509515,0.04315832,0.02054478,0.27700632,2.14826404,0.0373652,-0.88164791,,,0.07052889,0.09491171,0.0453099,-0.15526171,0.02200182,0.03725277,2.09694803,0.91814335,0.4014336,1.5708200339,1.7333049311,282,,,,-1.52910507
20070831,20070831,258196.0,01W,KOR,-0.176735,2007,8,20070731,20070731,108.54093098,8.2362353441,108.54093098,,0.3404667769,-0.293017894,0.0459748831,0.3202697103,0.6826542199,0.6584813252,0.3629162532,-0.106306794,,-0.052536886,0.0560244267,,,,,,,,,,,,,,,,,,,,,,,,,,,,,,,,,,,,,,,,,,,,,,,,,,,,,,,,,,,,,,,,,,,,,,,,,,,,,,,,,,,,,,,,,,,,,,,,,1.875924591,0.110288283,0.6628514075,,0.4237947123,0.00084637,1936284.43985349,0.73187432,0.02241147,0.69449321,0.00071869,0.00045674,0.01084549,0.0278853,0.15182831,-0.24675679,2.14620445,0.02783002,0.76435114,,,0.05157533,0.07683197,0.03526076,0.30346493,0.01649794,0.03720507,1.9747852,0.85462185,0.40795223,1.5869060897,1.2692509656,283,,,,-1.578371348
20070928,20070930,258196.0,01W,KOR,-0.013609,2007,9,20070831,20070831,89.47313383,6.7806054822,89.47313383,,0.342194431,-0.29430591,-0.176734855,0.3679966945,0.5212550769,0.3158044872,0.5046244525,-0.145106568,,0.1794711699,0.0236420608,,,,,,,,,,,,,,,,,,,,,,,,,,,,,,,,,,,,,,,,,,,,,,,,,,,,,,,,,,,,,,,,,,,,,,,,,,,,,,,,,,,,,,,,,,,,,,,,,1.9129885929,0.0667861888,0.0969441226,,0.4858454476,0.00084793,2016304.52115482,0.71593249,0.02243497,0.69863673,0.00073123,0.0004787,0.00840029,0.0310329,-0.21431673,-0.3730158,0.58509685,0.03181171,-0.46693487,,,0.04166427,0.0671355,0.04373935,-0.81586914,0.01636605,0.03523105,1.61070812,0.70358038,0.40578117,1.2191706146,1.0596119094,284,,,,-1.397222426
20071031,20071031,258196.0,01W,KOR,-0.329625,2007,10,20070928,20070930,88.262062157,6.6883252015,88.262062157,,0.3422949269,-0.294380781,-0.013609445,-0.138885337,0.0011192657,0.3132327317,0.0502205558,-0.161431113,,-0.26462486,0.0464616439,,,,,,,,,,,,,,,,,,,,,,,,,,,,,,,,,,,,,,,,,,,,,,,,,,,,,,,,,,,,,,,,,,,,,,,,,,,,,,,,,,,,,,,,,,,,,,,,,1.8995309183,-0.024522673,-0.179633886,,0.2748851455,0.00156407,1800637.88896145,0.76513897,0.0190794,0.72165359,0.00090282,0.00062343,0.0065915,0.02795848,0.08650737,-0.36027978,0.88206921,0.02369636,0.43913199,,,0.03498523,0.06149723,0.03042493,0.14846173,0.01736176,0.03303107,1.60165181,0.69400504,0.40547913,1.1078248075,0.9472094166,285,,,,-1.232634305
20071130,20071130,258196.0,01W,KOR,-0.084819,2007,11,20071031,20071031,71.613568077,4.1644426927,71.613568077,,0.6246174139,-0.48527235,-0.329624572,-0.187939037,0.1214309796,0.4292387044,0.4087063595,0.4265459043,,0.3183796128,-0.012447827,,,,,,,,,,,,,,,,,,,,,,,,,,,,,,,,,,,,,,,,,,,,,,,,,,,,,,,,,,,,,,,,,,,,,,,,,,,,,,,,,,,,,,,,,,,,,,,,,1.795569062,0.1533149779,0.0467419523,,0.5095057034,0.00041409,1814711.46086846,0.84116945,0.02018953,0.87652794,0.00080129,0.00070061,0.01779509,0.05044716,-1.17711086,0.07767742,1.08273225,0.03720376,0.33943915,,,0.04050748,0.05531569,0.05241985,-1.13436336,0.01966415,0.03354949,1.32613289,0.46524393,0.39658502,1.0478072206,1.1034677004,286,,,,-1.176877993
20071228,20071231,258196.0,01W,KOR,-0.037114,2007,12,20071130,20071130,65.539399119,3.8112201232,65.539399119,,0.6246174139,-0.48527235,-0.084818689,-0.33874801,-0.255282141,-0.171850467,-0.283694833,-0.047187497,,-0.175122623,-0.004238379,,,,,,,,,,,,,,,,,,,,,,,,,,,,,,,,,,,,,,,,,,,,,,,,,,,,,,,,,,,,,,,,,,,,,,,,,,,,,,,,,,,,,,,,,,,,,,,,,1.720586337,0.0619496482,0.0939438163,,0.1303370787,0.00202844,1741015.28309837,0.90206336,0.0195233,0.92479112,0.00078161,0.0008254,0.00475086,0.03068791,0.05619448,-0.27578862,0.75738658,0.03077209,0.71633471,,,0.04821801,0.06730762,0.03651735,0.30133866,0.02679016,0.03339138,1.17130345,0.42578255,0.39638596,0.9577174121,1.3045861469,287,,,,-1.045263642
20080131,20080131,258196.0,01W,KOR,-0.179768,2008,1,20071228,20071231,66.850124879,3.6697694988,66.850124879,,0.5585465699,-0.443753701,-0.037114263,-0.386484937,-0.478883146,-0.394157196,-0.205276906,0.1660493256,,-0.093671086,0.0009031505,,,,,,,,,,,,,,,,,,,,,,,,,,,,,,,,,,,,,,,,,,,,,,,,,,,,,,,,,,,,,,,,,,,,,,,,,,,,,,,,,,,,,,,,,,,,,,,,,1.7223732039,0.1128983017,-0.492881995,,0.2121661721,0.0031799,1315019.60150127,1.00309532,0.01537042,1.06283492,0.00101622,0.00092231,0.01245419,0.0326197,-0.40547979,-0.33728986,0.9775373,0.03121428,-0.51491151,,,0.03435467,0.05447782,0.03446182,-0.79489365,0.03756431,0.03191606,1.31300895,0.40997994,0.39672034,0.9066813276,0.9690890167,288,,,,-0.886686824
20080229,20080229,258196.0,01W,KOR,0.004713,2008,2,20080131,20080131,54.832582693,3.010060787,54.832582693,,0.4811690987,-0.392831707,-0.179768433,-0.118784968,-0.520279125,-0.337520364,-0.155684519,0.6826542199,,0.1569486785,-0.029707496,,,,,,,,,,,,,,,,,,,,,,,,,,,,,,,,,,,,,,,,,,,,,,,,,,,,,,,,,,,,,,,,,,,,,,,,,,,,,,,,,,,,,,,,,,,,,,,,,1.6360672997,0.0356752301,-0.423116873,,0.2041420118,0.00338166,949781.49877167,1.26080827,0.01258115,1.29034672,0.00130903,0.00093151,0.00977211,0.01944345,0.55548726,0.18130057,1.61317955,0.0202993,0.58870736,,,0.02554874,0.06601184,0.02765306,0.6086756,0.04958378,0.03206213,1.15417234,0.33627849,0.40413825,0.8725664408,0.7111979984,289,,,,-0.930654247
20080331,20080331,258196.0,01W,KOR,-0.115518,2008,3,20080229,20080229,55.090983054,3.0242457981,55.090983054,,0.4528699968,-0.373540908,,-0.210210723,-0.522046806,-0.461717644,-0.401413197,0.5212550769,,0.250996084,,,,,,,,,,,,,,,,,,,,,,,,,,,,,,,,,,,,,,,,,,,,,,,,,,,,,,,,,,,,,,,,,,,,,,,,,,,,,,,,,,,,,,,,,,,,,,,,,,1.6360672997,-0.109169537,-0.538446355,,0.1195335277,0.00318932,686354.49862428,1.43487999,0.00994681,1.47535788,0.0016713,0.00100732,0.00933339,0.01771143,-0.10711399,-0.15754074,0.10952069,0.01812162,-0.27570039,,,0.02492279,0.04147349,0.02022074,0.26104737,0.05882481,0.03153543,1.13376793,0.33786321,0.40151387,0.8319009362,0.704320478,290,,,,-0.839319847
20080430,20080430,258196.0,01W,KOR,0.432728,2008,4,20080331,20080331,48.726976699,2.674890633,48.726976699,,0.3868689394,-0.327048645,,,,,,0.0011192657,,-0.119433469,,,,,,,,,,,,,,,,,,,,,,,,,,,,,,,,,,,,,,,,,,,,,,,,,,,,,,,,,,,,,,,,,,,,,,,,,,,,,,,,,,,,,,,,,,,,,,,,,,1.6438635802,-0.295451448,-1.534767877,,,0.00340857,576087.83075955,1.69538279,0.00892171,1.63520401,0.00187936,0.00122979,0.00862035,0.01911248,0.01176084,-0.19201481,0.94867715,0.02011716,0.00495095,,,0.03365431,0.0511926,0.03274013,-0.51243592,0.0781193,0.03066056,1.09554387,0.29883389,0.4057079,0.7972865818,0.9574714359,291,,,,-0.880166077
20080530,20080531,258196.0,01W,KOR,-0.011519,2008,5,20080430,20080430,69.812524109,3.8323918179,69.812524109,,0.314989055,-0.273828342,0.4327284153,-0.111349962,-0.357683409,-0.650332023,-0.517119379,0.1214309796,,0.0094826701,,,,,,,,,,,,,,,,,,,,,,,,,,,,,,,,,,,,,,,,,,,,,,,,,,,,,,,,,,,,,,,,,,,,,,,,,,,,,,,,,,,,,,,,,,,,,,,,,,1.6800581625,-0.199813668,-0.859163564,,0.0923295455,0.00077534,434584.85500723,1.21583625,0.00706085,1.13187487,0.00231687,0.00125201,0.01412618,0.04262296,1.56278056,0.02794251,2.71019915,0.04366809,1.30198275,,,0.07714308,0.14672138,0.04283671,1.42067622,0.08065519,0.03301377,1.18410889,0.42814781,0.40653235,0.8391003514,2.072241911,292,,,,-1.187319282
20080630,20080630,258196.0,01W,KOR,-0.032894,2008,6,20080530,20080531,69.039135788,3.7882483043,69.039135788,,0.3030931588,-0.264740791,-0.011518528,,0.0055550963,-0.391472784,-0.314662047,-0.255282141,,0.307867633,,,,,,,,,,,,,,,,,,,,,,,,,,,,,,,,,,,,,,,,,,,,,,,,,,,,,,,,,,,,,,,,,,,,,,,,,,,,,,,,,,,,,,,,,,,,,,,,,,1.6777601511,0.0574260439,0.0831847087,,0.3482587065,0.00186803,434175.41131898,1.16638808,0.00710871,1.09978365,0.00228658,0.00124889,0.01091662,0.01979976,0.32522578,0.14819982,-0.45924822,0.01948831,0.23045951,,,0.02331485,0.0446538,0.02003756,0.19982437,0.07609698,0.03299432,1.20556891,0.42321618,0.40303736,0.818573872,0.6274100497,293,,,,-1.163445041
20080731,20080731,258196.0,01W,KOR,-0.1641,2008,7,20080630,20080630,66.783722792,3.6636387171,66.783722792,,0.2951976213,-0.258663287,-0.032893722,0.4162254926,0.032285081,-0.390182849,-0.482024135,-0.478883146,,0.0459748831,,,,,,,,,,,,,,,,,,,,,,,,,,,,,,,,,,,,,,,,,,,,,,,,,,,,,,,,,,,,,,,,,,,,,,,,,,,,,,,,,,,,,,,,,,,,,,,,,,1.5828798767,-0.055273459,0.3268841129,,0.1902404526,0.00261488,447857.50797039,1.13586608,0.00722724,1.07893316,0.00225474,0.00151732,0.01357215,0.02300265,-0.51543546,0.05194891,2.40083829,0.02192492,-0.42000972,,,0.02997515,0.04840436,0.02527994,-0.16188113,0.0705614,0.03112709,1.15112383,0.40929502,0.40453927,0.7808826933,0.8482321187,294,,,,-1.09929942
20080829,20080831,258196.0,01W,KOR,-0.404755,2008,8,20080731,20080731,55.87545662,3.0624345484,55.87545662,,0.2859109564,-0.251467383,-0.164100288,-0.044033363,0.21713114,-0.120257142,-0.521080555,-0.520279125,,-0.176734855,,,,,,,,,,,,,,,,,,,,,,,,,,,,,,,,,,,,,,,,,,,,,,,,,,,,,,,,,,,,,,,,,,,,,,,,,,,,,,,,,,,,,,,,,,,,,,,,,,1.6019373139,0.1820124465,0.9713378396,,0.2237026648,0.00246725,463803.00512773,1.09471645,0.0074772,1.04215452,0.002115,0.00170393,0.01084065,0.03674917,-0.83189942,0.25274852,0.8842512,0.03776809,-1.18754424,,,0.0467336,0.08153174,0.04046967,0.10116193,0.07491132,0.03187263,1.13701018,0.42334939,0.40490392,0.7896944761,1.3043968089,295,,,,-1.105761421
20080930,20080930,258196.0,01W,KOR,0.294426,2008,9,20080829,20080831,33.260243196,1.8228979962,33.260243196,,0.2842817227,-0.250199591,-0.40475528,-0.191596141,,-0.196468729,-0.513730626,-0.522046806,,-0.013609445,,,,,,,,,,,,,,,,,,,,,,,,,,,,,,,,,,,,,,,,,,,,,,,,,,,,,,,,,,,,,,,,,,,,,,,,,,,,,,,,,,,,,,,,,,,,,,,,,,1.7056972333,0.2481155562,0.6796115081,,0.2425502426,0.00092612,511428.80957074,1.03746344,0.00888214,1.02762481,0.00175559,0.00176142,0.01293009,0.06179611,-0.6679596,-1.01025021,0.84326867,0.05634326,-0.75910664,,,0.04501455,0.08275498,0.06190481,-0.58829279,0.08279431,0.03545374,1.10291814,0.2726802,0.40832636,0.9182226956,1.1779634775,296,,,,-1.352036726
20081031,20081031,258196.0,01W,KOR,-0.260778,2008,10,20080930,20080930,43.052935044,2.359607191,43.052935044,,0.2841855702,-0.25012472,0.2944263453,-0.50243511,-0.318514943,-0.50326635,-0.706557128,,,-0.329624572,,,,,,,,,,,,,,,,,,,,,,,,,,,,,,,,,,,,,,,,,,,,,,,,,,,,,,,,,,,,,,,,,,,,,,,,,,,,,,,,,,,,,,,,,,,,,,,,,,1.4654417806,-0.120375519,0.118339606,,0.1234482759,0.00234339,519703.1757275,1.01373234,0.00934024,0.96121457,0.0016644,0.00180611,0.01886927,0.03808398,0.73185139,-0.30987008,2.13814855,0.03786474,0.67006181,,,0.10485001,0.1513467,0.07217458,-0.3406672,0.10522351,0.0370268,1.22826798,0.38484288,0.44194034,0.9056603823,2.4520013532,297,,,,-1.427162961
20081128,20081130,258196.0,01W,KOR,-0.160952,2008,11,20081031,20081031,31.825669708,1.7442731611,31.825669708,,0.0610225899,-0.059233151,-0.260778164,-0.229499552,-0.384299074,-0.216093176,-0.433391845,-0.357683409,,-0.084818689,,-0.004861223,,,,,,,,,,,,,,,,,,,,,,,,,,,,,,,,,,,,,,,,,,,,,,,,,,,,,,,,,,,,,,,,,,,,,,,,,,,,,,,,,,,,,,,,,,,,,,,,1.3102145648,0.1500470554,0.144647233,,0.6618852459,0.00146348,414646.8330747,0.74572859,0.00858244,0.84398239,0.00184035,0.00210027,0.01160192,0.05992863,-0.7120443,-0.07156266,1.13670223,0.05418187,-0.00577934,,,0.15632886,0.28842864,0.11533735,0.85152856,0.15207511,0.03776102,1.21908925,0.38249847,0.52455719,0.824786742,3.0008516449,298,,,,-0.998240625
20081230,20081231,258196.0,01W,KOR,0.464617,2008,12,20081128,20081130,26.703275626,1.4635295161,26.703275626,,0.0610225899,-0.059233151,-0.160951651,-0.04313178,-0.539556803,,-0.542332087,0.0055550963,0.6193816569,-0.037114263,,,,,,,,,,,,,,,,,,,,,,,,,,,,,,,,,,,,,,,,,,,,,,,,,,,,,,,,,,,,,,,,,,,,,,,,,,,,,,,,,,,,,,,,,,,,,,,,,,1.3108999303,0.2211008294,0.1946057817,,0.7566765579,0.00274629,350594.25190154,0.84754435,0.00809096,0.90386853,0.00195623,0.00215463,0.02506092,0.03084917,0.90353593,0.05280354,0.78043163,0.02814188,1.01179321,,,0.06544886,0.10223254,0.06389473,-0.27544666,0.20644782,0.03781624,1.18612452,0.35573752,0.55297798,0.8341402818,1.2069150336,299,,,,-0.928045098
20090130,20090131,258196.0,01W,KOR,0.342381,2009,1,20081230,20081231,39.110073391,2.1435103164,39.110073391,,0.0016122253,-0.001610927,0.4646170731,-0.379757139,-0.600525699,-0.452863793,-0.601193068,0.032285081,0.9407912664,-0.179768433,,0.1333976916,,,,,,,,,,,,,,,,,,,,,,,,,,,,,,,,,,,,,,,,,,,,,,,,,,,,,,,,,,,,,,,,,,,,,,,,,,,,,,,,,,,,,,,,,,,,,,,,1.4062285605,0.2868696232,0.2040435281,,0.7538829152,0.00321969,309139.09270267,0.92076511,0.00786208,0.927645,0.00203284,0.00219004,0.01416466,0.02735271,0.14703328,0.15815926,0.55607152,0.02612702,-0.11900455,,,0.07936236,0.1429727,0.04646838,0.85575167,0.24902568,0.03743753,1.16852691,0.52101924,0.55943788,0.8261435473,1.4404870211,300,,,,-0.91581162
20090227,20090228,258196.0,01W,KOR,-0.045542,2009,2,20090130,20090131,52.500619729,2.8774075384,52.500619729,,0.0016122253,-0.001610927,0.3423810077,0.2288845373,-0.300063305,-0.440686021,-0.287884708,0.21713114,0.278667818,,,0.321994534,,,,,,,,,,,,,,,,,,,,,,,,,,,,,,,,,,,,,,,,,,,,,,,,,,,,,,,,,,,,,,,,,,,,,,,,,,,,,,,,,,,,,,,,,,,,,,,,1.3363684269,0.3654292651,0.3640234227,,0.8834720571,0.00176792,316755.27871257,0.93455786,0.00843171,0.8964272,0.00192311,0.00206364,0.01248114,0.02521117,-0.51445027,-0.0975597,0.07248969,0.02570885,-0.46599462,,,0.05468499,0.07539398,0.03200345,-0.01913804,0.2519498,0.03845191,1.14158593,0.69940633,0.5538395,0.8041160353,0.9830309754,301,,,,-0.809087354
20090331,20090331,258196.0,01W,KOR,0.478621,2009,3,20090227,20090228,50.272622608,2.7463655635,50.272622608,,0.0048697229,-0.004857904,-0.045541681,0.9660741425,0.5784797309,-0.240438507,,,,-0.115518112,0.0412375935,-0.027233693,,,,,,,,,,,,,,,,,,,,,,,,,,,,,,,,,,,,,,,,,,,,,,,,,,,,,,,,,,,,,,,,,,,,,,,,,,,,,,,,,,,,,,,,,,,,,,,,1.2409749498,0.4211072538,1.0309591947,,,0.00127812,357359.63055319,1.10788502,0.00863796,0.91250539,0.00195967,0.00192276,0.01598121,0.04776961,-0.27591409,-0.49347088,1.51583515,0.04774311,-0.19806512,,,0.05919676,0.08453108,0.05434255,-0.41156144,0.24441145,0.04016155,1.18895747,0.66755419,0.5537873,0.8209961068,1.0352668704,302,,,,-0.897591166
20090430,20090430,258196.0,01W,KOR,0.329784,2009,4,20090331,20090331,74.360852292,4.0608347296,74.360852292,,0.0052303862,-0.005216755,0.47862134,0.2812467206,0.1639079479,-0.250372164,0.0267206926,-0.318514943,-0.118416518,0.4327284153,0.0454096775,-0.02628753,,,,,,,,,,,,,,,,,,,,,,,,,,,,,,,,,,,,,,,,,,,,,,,,,,,,,,,,,,,,,,,,,,,,,,,,,,,,,,,,,,,,,,,,,,,,,,,,1.3078472128,0.4662114585,1.0205721413,,0.9916217834,0.00115141,496885.11929653,1.24281861,0.01034333,0.98582653,0.00169421,0.00174272,0.0181319,0.0466195,0.31846719,-0.65895346,0.90050142,0.03972467,1.68659634,,,0.08121047,0.13778169,0.05260601,-0.20691926,0.20580777,0.0419625,1.23210994,0.95768825,0.55302787,0.8245404105,1.3875575137,303,,,,-0.891450637
20090529,20090531,258196.0,01W,KOR,0.47629,2009,5,20090430,20090430,99.612759158,5.400031689,99.612759158,,0.0126403423,-0.01256112,0.3297836648,0.4112824393,1.3280956334,0.32601519,0.0596084437,-0.384299074,0.2752481481,-0.011518528,0.0764371496,-0.088355206,,,,,,,,,,,,,,,,,,,,,,0.0636282445,0.1980340488,,0.2947626249,0.0289686611,0.1095716278,,,0.0740220772,,,,,,0.9474270356,,1.7220595769,,0.1225833037,,,,,,,,,,,,,,,,,,,,,,,,,1.6061903257,0.0654429469,0.1137423548,,3.6897884937,,0.6768487469,,,,,1.6222225811,,,,,1.8153796262,0.4920009993,0.855465944,0.632930712,1.9264252912,0.0142526102,0.1188037925,-0.030207734,,,,0.685072038,0.1264508972,,,1.3118493683,0.3798519162,0.9268470041,,0.7751634389,0.0007804,852326.32400511,1.27154689,0.01287212,0.98794218,0.00140513,0.00163964,0.01412462,0.02552789,0.3451083,0.065848,1.31162762,0.02197291,0.31998205,,,0.06855149,0.11465543,0.04272742,0.31144419,0.15448955,0.04058811,1.18967906,0.98335212,0.55408684,0.8033607483,1.1739697826,304,,0.3086639565,,-0.796803876
20090630,20090630,258196.0,01W,KOR,0.018969,2009,6,20090529,20090531,147.14304436,7.9720106814,147.14304436,,0.0127796269,-0.012698657,0.476289611,0.9662465044,2.6897320003,1.9623334385,0.425469308,-0.539556803,0.5991872519,-0.032893722,0.1227265436,0.1086377267,,,,,,,,,,,,,,,,,,,,,,0.0636282445,0.1980340488,,0.2947626249,0.0289686611,0.1095716278,,,0.0740220772,,,,,,0.9474270356,,1.7220595769,,0.1225833037,,,,,,,,,,,,,,,,,,,,,,,,,1.6061903257,0.0654429469,0.1137423548,,3.6897884937,,0.6768487469,,,,,1.6222225811,,,,,1.2289739843,0.3330743717,0.5791325266,0.4284808354,1.3041495737,0.0096487186,0.0804276792,-0.020450003,,,,0.5301573822,0.0978566821,,,1.3139480383,0.2497459931,0.7256967614,,0.7775172563,0.00067106,1418209.11291641,1.28815903,0.01661911,0.92766239,0.00112888,0.00145248,0.01577509,0.03297691,1.14452962,0.18400862,-0.43969878,0.03386014,1.16760117,,,0.0675221,0.0914153,0.0330299,1.12245174,0.09541398,0.04163604,1.20678621,0.99942046,0.54313333,0.7900769019,1.1443791066,305,,0.2947772539,,-0.775362941
20090731,20090731,258196.0,01W,KOR,0.104174,2009,7,20090630,20090630,149.96815452,8.1232281588,149.96815452,,0.0127736906,-0.012692795,0.0189685493,0.9631458092,2.7191380049,2.3785329659,1.1759816666,-0.600525699,0.6287637851,-0.164100288,0.1393691651,-0.013430465,,,,,,,,,,,,,,,,,,,,,,0.0636282445,0.1980340488,,0.2947626249,0.0289686611,0.1095716278,,,0.0740220772,,,,,,0.9474270356,,1.7220595769,,0.1225833037,,,,,,,,,,,,,,,,,,,,,,,,,1.6061903257,0.0654429469,0.1137423548,,3.6897884937,,0.6768487469,,,,,1.6222225811,,,,,1.2058224899,0.3267998943,0.5682227891,0.4204090847,1.2795819165,0.0094669554,0.0789125772,-0.020064765,,,,0.5231262104,0.0965588653,,,1.3105726072,0.3838139049,0.828039487,,0.7822871465,0.00126895,1798460.46606752,1.0373251,0.0184598,0.80524123,0.00103745,0.0013824,0.01711899,0.0328219,-0.0299217,0.03657815,0.46016883,0.02789788,-0.03993708,,,0.05430056,0.08876698,0.03904907,0.34233838,0.04365919,0.04208346,1.18548157,0.88594061,0.55187306,0.807647102,0.9138293087,306,,0.2885180325,,-0.800440578
20090831,20090831,258196.0,01W,KOR,0.237642,2009,8,20090731,20090731,165.59163899,8.9694555113,165.59163899,,0.0118544708,-0.011784757,0.1041737762,0.5042926832,1.8231065813,3.6570848765,1.652539354,-0.300063305,0.6516718452,-0.40475528,0.1856354429,-0.028872363,,,,,,,,,,,,,,,,,,,,,,0.0636282445,0.1980340488,,0.2947626249,0.0289686611,0.1095716278,,,0.0740220772,,,,,,0.9474270356,,1.7220595769,,0.1225833037,,,,,,,,,,,,,,,,,,,,,,,,,1.6061903257,0.0654429469,0.1137423548,,3.6897884937,,0.6768487469,,,,,1.6222225811,,,,,1.0920537691,0.2959664954,0.5146112664,0.3807437076,1.1588540324,0.0085737531,0.0714672169,-0.018171665,,,,0.4873797616,0.0899607701,,,1.2620736991,0.4594428487,0.5877395199,,0.7831492757,0.00127843,2067769.92119547,0.89589225,0.01907597,0.76869914,0.00101757,0.00132581,0.00881879,0.02744348,0.01721697,-0.86700129,0.56104623,0.0283623,0.30521516,,,0.04348171,0.05149746,0.03408137,-1.26084843,0.03114222,0.04135592,1.21017811,0.97823238,0.55551427,0.8039413876,0.7376568297,307,,0.2901657596,,-0.783327252
20090930,20090930,258196.0,01W,KOR,-0.120203,2009,9,20090831,20090831,204.94323739,11.100978656,204.94323739,,0.0118340072,-0.011764533,0.2376424235,0.1251183509,2.265936491,5.1286468175,3.9204374189,0.5784797309,-0.140845395,0.2944263453,0.1804732682,0.1151368956,,,,,,,,,,,,,,,,,,,,,,0.0636282445,0.1980340488,,0.2947626249,0.0289686611,0.1095716278,,,0.0740220772,,,,,,0.9474270356,,1.7220595769,,0.1225833037,,,,,,,,,,,,,,,,,,,,,,,,,1.6061903257,0.0654429469,0.1137423548,,3.6897884937,,0.6768487469,,,,,1.6222225811,,,,,0.882366141,0.2391373225,0.4157996337,0.3076362771,0.9363399399,0.006927488,0.0577446405,-0.014682484,,,,0.4158133378,0.0767510082,,,1.2613485667,0.601478209,0.327298201,,0.7849922021,0.00041516,2949008.34182413,1.0769083,0.02216642,0.8359742,0.00083677,0.00117957,0.01718894,0.03597536,0.68398796,0.19299518,1.89704604,0.03514236,0.31977433,,,0.07066297,0.10392871,0.03933244,1.080191,0.02000666,0.03834083,1.25528118,0.98329165,0.55405465,0.7728925593,1.2457110158,308,,0.2997589855,,-0.661517505
20091030,20091031,258196.0,01W,KOR,0.019779,2009,10,20090930,20090930,180.31239446,9.7666047252,180.31239446,,0.0118564781,-0.011786741,-0.12020327,0.3665723084,1.7336691581,4.1788781102,3.7045875681,0.1639079479,-0.049420332,-0.260778164,0.193252804,-0.137514425,,,,,,,,,,,,,,,,,,,,,,0.0636282445,0.1980340488,,0.2947626249,0.0289686611,0.1095716278,,,0.0740220772,,,,,,0.9474270356,,1.7220595769,,0.1225833037,,,,,,,,,,,,,,,,,,,,,,,,,1.6061903257,0.0654429469,0.1137423548,,3.6897884937,,0.6768487469,,,,,1.6222225811,,,,,1.0028981869,0.271803706,0.4725982554,0.3496596824,1.0642448576,0.0078737894,0.0656326128,-0.016688125,,,,0.4578983867,0.084519085,,,1.2108054513,0.6129426622,0.5259862413,,0.7829424366,0.00049315,3805980.14347525,0.88777843,0.02450581,0.74671294,0.00073722,0.00104777,0.0177169,0.03730845,0.51049066,-0.28961914,0.59740057,0.03739624,0.45099871,,,0.04935311,0.08265048,0.03731124,0.52205473,0.01081828,0.03829831,1.20667185,0.80319902,0.54999817,0.7690769917,0.9135554601,309,,0.2908331912,,-0.637188876
20091130,20091130,258196.0,01W,KOR,-0.135959,2009,11,20091030,20091031,183.8788741,9.9597827758,183.8788741,,0.0118564781,-0.011786741,0.019779448,0.0888737575,0.8086198911,2.3942375541,4.5992403847,1.3280956334,-0.327235494,-0.160951651,0.2096829039,0.0880781164,,,,,,,,,,,,,,,,,,,,,,0.0636282445,0.1980340488,,0.2947626249,0.0289686611,0.1095716278,,,0.0740220772,,,,,,0.9474270356,,1.7220595769,,0.1225833037,,,,,,,,,,,,,,,,,,,,,,,,,1.6061903257,0.0654429469,0.1137423548,,3.6897884937,,0.6768487469,,,,,1.6222225811,,,,,0.9834461646,0.2665318531,0.4634318296,0.3428777497,1.043602967,0.0077210709,0.0643596152,-0.016364445,,,,0.4512847467,0.0832983364,,,1.203745959,0.3540681137,0.3830806989,,0.7770423453,0.00089808,4009947.95038713,0.83908673,0.02331725,0.76646019,0.00075644,0.00101384,0.0098477,0.02740507,0.96914785,-0.40606368,2.47667854,0.02600655,0.13139177,,,0.04664031,0.06935411,0.03426731,0.42854529,0.0095396,0.03493215,1.18872594,0.81908586,0.55358761,0.8363068907,1.0717247037,310,,0.3041845947,,-0.531807639
20091230,20091231,258196.0,01W,KOR,0.546344,2009,12,20091130,20091130,158.87893566,8.6056633456,158.87893566,,0.0118564781,-0.011786741,-0.135958731,-0.102801376,0.2493438825,2.6265320642,5.8053173278,2.6897320003,-0.514042905,0.4646170731,0.1550851035,,,,,,,,,,,,,,,,,,,,,,,0.0636282445,0.1980340488,,0.2947626249,0.0289686611,0.1095716278,,,0.0740220772,,,,,,0.9474270356,,1.7220595769,,0.1225833037,,,,,,,,,,,,,,,,,,,,,,,,,1.6061903257,0.0654429469,0.1137423548,,3.6897884937,,0.6768487469,,,,,1.6222225811,,,,,1.1381935103,0.308471207,0.5363538136,0.3968302929,1.2078161134,0.0089359978,0.0744867375,-0.018939426,,,,0.5021217131,0.092681846,,,1.2104091312,0.5414760945,0.1448200264,,0.7802398446,0.00016655,5042828.46484663,1.38949298,0.02896138,1.50277718,0.0005288,0.00076066,0.01815783,0.05998235,-1.13433237,-0.01105462,-1.1131932,0.05069237,0.76387236,,,0.06019071,0.10887186,0.06169465,-0.86503853,0.00917002,0.03781074,1.12095106,0.70772398,0.54709793,0.9419585247,1.3891047994,311,,0.3034833043,,-0.657633342
20100129,20100131,258196.0,01W,KOR,-0.129324,2010,1,20091230,20091231,244.87600764,13.263687061,244.87600764,0.0032336813,0.0118564781,-0.008502669,0.5463441954,-0.118868472,0.0593895896,1.1191858124,3.0147524739,2.7191380049,-0.272832393,0.3423810077,0.1736272115,0.0272140241,,,,,,,,,,,,,,,,,,,,,,0.0636282445,0.1980340488,,0.2947626249,0.0289686611,0.1095716278,,,0.0740220772,,,,,,0.9474270356,,1.7220595769,,0.1225833037,,,,,,,,,,,,,,,,,,,,,,,,,1.6061903257,0.0654429469,0.1137423548,,3.6897884937,,0.6768487469,,,,,1.6222225811,,,,,0.7384756687,0.2001403793,0.3479937617,0.2574689745,0.7836477751,0.0057977988,0.048328024,-0.012288161,,,,0.3618890596,0.0667976413,,,1.2749586823,0.2592661793,-0.237031284,,0.7712917124,0.00020804,6471648.75860267,1.23784216,0.03462138,1.3315421,0.00037838,0.00060813,0.0118119,0.03992914,0.52063243,-0.11746901,0.65948159,0.03753176,1.40243794,,,0.07470061,0.11735,0.04016994,0.46232462,0.00747151,0.03878341,1.0859946,0.95894551,0.54456889,1.0204620191,1.7418458975,312,,0.2861562028,,-0.710866373
20100226,20100228,258196.0,01W,KOR,0.033741,2010,2,20100129,20100131,213.20778415,11.548380567,213.20778415,0.0037139871,0.0118564781,-0.008502669,-0.129323505,0.3361052004,0.4836260178,1.4643036056,3.6247594003,1.8231065813,-0.280563284,-0.045541681,0.1660106821,,,,,,,,,,,,,,,,,,,,,,,0.0636282445,0.1980340488,,0.2947626249,0.0289686611,0.1095716278,,,0.0740220772,,,,,,0.9474270356,,1.7220595769,,0.1225833037,,,,,,,,,,,,,,,,,,,,,,,,,1.6061903257,0.0654429469,0.1137423548,,3.6897884937,,0.6768487469,,,,,1.6222225811,,,,,0.8481630922,0.2298676723,0.3996820444,0.2957114105,0.9000447115,0.0066589587,0.0555062922,-0.014113349,,,,0.4033737464,0.074454903,,,1.2606189354,0.2960392339,0.2358288763,,0.7748455411,0.00057655,7367373.60549262,1.07586906,0.03728174,1.23094817,0.00033157,0.00056476,0.01320564,0.02706761,-0.09266712,0.37466034,1.7188993,0.02391219,-0.26131023,,,0.03971226,0.05475516,0.03821665,-0.1974103,0.00604311,0.03881002,1.27992029,0.76686667,0.54727276,1.1259373701,0.9165495419,313,,0.2590545991,,-0.80323482
20100331,20100331,258196.0,01W,KOR,0.095736,2010,3,20100226,20100228,220.40161823,11.938033946,220.40161823,0.0035927639,0.0085763315,-0.005255692,0.0337409542,0.3463655448,0.0437249703,0.4533809701,3.218800575,2.265936491,-0.589735555,0.47862134,0.1255670106,-0.024560182,,,,,,,,,,,,,,,,,,,,,,0.0636282445,0.1980340488,,0.2947626249,0.0289686611,0.1095716278,,,0.0740220772,,,,,,0.9474270356,,1.7220595769,,0.1225833037,,,,,,,,,,,,,,,,,,,,,,,,,1.6061903257,0.0654429469,0.1137423548,,3.6897884937,,0.6768487469,,,,,1.6222225811,,,,,0.8204793365,0.2223648694,0.386636558,0.2860594903,0.8706675573,0.0064416125,0.0536945857,-0.013652694,,,,0.3931362866,0.0725652682,,,1.1769005167,0.2252873173,-0.018203482,,0.7648484713,0.0006274,7158612.26229375,1.08676226,0.03544049,1.2792533,0.00035679,0.00053513,0.01173402,0.02870616,0.95001602,-0.47446459,1.18432333,0.03024835,0.727178,,,0.04484046,0.06247881,0.03640626,-0.34095533,0.00591927,0.0374147,1.25585965,0.79274148,0.5524459,1.1458916585,1.0707704062,314,,0.2493027699,,-0.799222097
20100430,20100430,258196.0,01W,KOR,0.234338,2010,4,20100331,20100331,241.50200207,13.080934351,241.50200207,0.0032788588,0.0082144677,-0.004896841,0.0957360659,-0.099946049,0.2263528716,0.4744512301,1.9494684094,1.7336691581,-0.312142505,0.3297836648,0.1042899562,0.0842820393,,,,,,,,,,,,,,,,,,,,,,0.0636282445,0.1980340488,,0.2947626249,0.0289686611,0.1095716278,,,0.0740220772,,,,,,0.9474270356,,1.7220595769,,0.1225833037,,,,,,,,,,,,,,,,,,,,,,,,,1.6061903257,0.0654429469,0.1137423548,,3.6897884937,,0.6768487469,,,,,1.6222225811,,,,,0.7487928545,0.2029365249,0.3528555553,0.2610660534,0.7945960569,0.0058787994,0.049003211,-0.012459838,,,,0.3658983054,0.0675376697,,,1.1645042611,0.2023284199,0.1537990113,,0.7525006319,0.00025617,8010948.40076155,0.99659052,0.0380346,1.19757384,0.00030407,0.00046107,0.0108894,0.0264219,0.13909984,-0.57652453,1.28329734,0.02646088,0.40346221,,,0.04724664,0.05924365,0.03015041,0.25504116,0.00539128,0.03571263,1.05316211,0.86863543,0.55404402,1.2150144331,1.1871683041,315,,0.2429891976,,-0.757055366
20100531,20100531,258196.0,01W,KOR,-0.147406,2010,5,20100430,20100430,298.09516651,16.146298043,298.09516651,0.0026563697,0.0008368977,0.0024475238,0.2343382827,0.1327072463,0.3176957758,0.4631839887,1.4303493845,0.8086198911,-0.147552247,0.476289611,0.0822943809,-0.03829731,,0.342727763,0.8499967297,-0.380203299,-0.039482707,,,,-0.006557507,0.0058576647,0.0945342065,0.0982423932,0.0350955284,0.0631468648,0.030042429,0.0027918001,0.0272506288,0.0580162098,0.0423756614,0.0004925401,0.1687824045,0.1168704675,0.3127372764,0.2422609986,0.4929464266,0.2907505509,0.3077746745,0.0434037153,-0.010633215,0.0540369301,-0.031599723,-0.293244077,0.0107759385,0.1000002488,0.722350264,1.2514071762,1.6759607607,2.6334683262,,0.2123991425,,,,0.1213792244,0.0930002229,0.0330946058,,,,,,,,,,,,,,,0.2828607436,0.4199210235,0.905154348,0.3252905688,1.0374630603,0.13935884,0.2106612758,0.073915893,2.6981526823,,0.7305173417,,0.9691572694,,-1.835381012,3.4070415116,345.02451839,-0.171050012,,,0.8145457112,0.3018901475,0.3331230232,0.1601142126,1.1909215871,0.0877747267,0.1135141454,0.0826517834,0.0113191388,0.0113191388,,0.389811207,0.1479106427,0.7572542594,15.777685796,1.1832830276,0.191800899,0.0409601488,0.3552740226,0.7304736862,0.00027119,9663916.56276438,0.84191501,0.04317248,1.04385338,0.00026361,0.00041042,0.00707297,0.01693182,-0.3817329,0.21777375,-1.50842339,0.01775668,-0.25773949,,,0.03063189,0.03390136,0.01697738,-0.4228748,0.00403146,0.03540008,1.12034346,1.0,0.55273024,1.3286427245,0.8041560032,316,,1.3429604544,,-0.214067063
20100630,20100630,258196.0,01W,KOR,-0.165024,2010,6,20100531,20100531,254.15424682,13.766242056,254.15424682,0.0031156315,0.0002535561,0.0030305476,-0.147405677,0.3525089739,0.8824127967,0.4592777184,1.0320357628,0.2493438825,0.1113897338,0.0189685493,0.0671694513,0.1130281195,,0.342727763,0.8499967297,-0.380203299,-0.039482707,,,,-0.006557507,0.0058576647,0.0945342065,0.0982423932,0.0350955284,0.0631468648,0.030042429,0.0027918001,0.0272506288,0.0580162098,0.0423756614,0.0004925401,0.1687824045,0.1168704675,0.3127372764,0.2422609986,0.4929464266,0.2907505509,0.3077746745,0.0434037153,-0.010633215,0.0540369301,-0.031599723,-0.293244077,0.0107759385,0.1000002488,0.722350264,1.2514071762,1.6759607607,2.6334683262,,0.2123991425,,,,0.1213792244,0.0930002229,0.0330946058,,,,,,,,,,,,,,,0.2828607436,0.4199210235,0.905154348,0.3252905688,1.0374630603,0.13935884,0.2106612758,0.073915893,2.6981526823,,0.7305173417,,0.9691572694,,-1.835381012,3.4070415116,345.02451839,-0.171050012,,,0.9553731345,0.3540841631,0.3907169143,0.1877964797,1.3968209198,0.1029501655,0.1331396917,0.0969415127,0.0132761132,0.0132761132,,0.4465505181,0.1694399056,0.6282342498,15.162947208,1.1839599342,0.0942413479,0.3445225359,0.3561024057,0.7070152846,0.00023897,10350489.7187241,0.62021989,0.0415473,0.58434832,0.00028526,0.00037715,0.00955648,0.03034554,-0.27814432,0.32683491,1.71191803,0.02960842,0.49297555,,,0.0752673,0.11775344,0.05915299,0.74104175,0.00363539,0.03491742,1.3663229,0.85075198,0.56378777,1.3325861072,1.8761381836,317,,1.3296176325,,-0.314918347
20100730,20100731,258196.0,01W,KOR,-0.088541,2010,7,20100630,20100630,212.21261349,11.494477237,212.21261349,0.0037314039,2.66498e-05,0.003257422,-0.165024326,0.0523898131,0.0378895396,0.4141583575,0.7002508642,0.0593895896,-0.181277974,0.1041737762,0.0426968965,-0.010532062,,0.342727763,0.8499967297,-0.380203299,-0.039482707,,,,-0.006557507,0.0058576647,0.0945342065,0.0982423932,0.0350955284,0.0631468648,0.030042429,0.0027918001,0.0272506288,0.0580162098,0.0423756614,0.0004925401,0.1687824045,0.1168704675,0.3127372764,0.2422609986,0.4929464266,0.2907505509,0.3077746745,0.0434037153,-0.010633215,0.0540369301,-0.031599723,-0.293244077,0.0107759385,0.1000002488,0.722350264,1.2514071762,1.6759607607,2.6334683262,,0.2123991425,,,,0.1213792244,0.0930002229,0.0330946058,,,,,,,,,,,,,,,0.2828607436,0.4199210235,0.905154348,0.3252905688,1.0374630603,0.13935884,0.2106612758,0.073915893,2.6981526823,,0.7305173417,,0.9691572694,,-1.835381012,3.4070415116,345.02451839,-0.171050012,,,1.1441927765,0.4240652443,0.4679380808,0.2249125162,1.6728881614,0.1232972034,0.159453378,0.1161010024,0.0159,0.0159,,0.5186014613,0.1967790409,0.621935912,14.338713423,1.1708941752,0.0919563955,-0.079750435,0.3561502096,0.6983086166,0.00029306,9875968.21362908,0.56348187,0.03927716,0.50501249,0.00030522,0.00033298,0.00979165,0.03384982,0.80096932,-0.436705,-0.09522012,0.0315844,0.40399515,,,0.04289492,0.08479146,0.03912252,0.35748224,0.00361971,0.035154,1.40888334,0.7103572,0.56196599,1.3138396461,1.0659795288,318,,1.331625613,,-0.330256339
20100831,20100831,258196.0,01W,KOR,-0.178704,2010,8,20100730,20100731,193.42316275,10.476748318,193.42316275,0.0040938787,2.22081e-05,0.0032618637,-0.088540688,-0.28810448,-0.004667609,0.1578854915,0.2857288784,0.4836260178,-0.244785735,0.2376424235,0.0130438864,-0.166141517,,0.342727763,0.8499967297,-0.380203299,-0.039482707,,,,-0.006557507,0.0058576647,0.0945342065,0.0982423932,0.0350955284,0.0631468648,0.030042429,0.0027918001,0.0272506288,0.0580162098,0.0423756614,0.0004925401,0.1687824045,0.1168704675,0.3127372764,0.2422609986,0.4929464266,0.2907505509,0.3077746745,0.0434037153,-0.010633215,0.0540369301,-0.031599723,-0.293244077,0.0107759385,0.1000002488,0.722350264,1.2514071762,1.6759607607,2.6334683262,,0.2123991425,,,,0.1213792244,0.0930002229,0.0330946058,,,,,,,,,,,,,,,0.2828607436,0.4199210235,0.905154348,0.3252905688,1.0374630603,0.13935884,0.2106612758,0.073915893,2.6981526823,,0.7305173417,,0.9691572694,,-1.835381012,3.4070415116,345.02451839,-0.171050012,,,1.2553415835,0.4652596541,0.5133943715,0.2467608956,1.8353953257,0.1352745007,0.1749429468,0.1273792487,0.0174445527,0.0174445527,,0.5590084204,0.2121111277,0.5892652681,13.85352766,1.1438414501,-0.00471824,-0.232891048,0.3717339422,0.6516788308,0.0005137,9481392.89939343,0.60703836,0.03837818,0.53171521,0.00030065,0.00030599,0.00755752,0.03073583,2.07123494,-0.25574052,0.7162903,0.03022479,1.97362644,,,0.04019351,0.09901942,0.03271106,1.5329054,0.00365115,0.03547274,1.28109972,0.64746169,0.56059699,1.360464622,1.0000922995,319,,1.3177979385,,-0.360969277
20100930,20100930,258196.0,01W,KOR,0.115878,2010,9,20100831,20100831,158.85765397,8.6045106244,158.85765397,0.0049846573,2.22081e-05,0.0032618637,-0.178704082,-0.238953647,-0.122405887,0.221429522,-0.053127513,0.0437249703,-0.035871213,-0.12020327,0.0077256307,0.1462608018,,0.342727763,0.8499967297,-0.380203299,-0.039482707,,,,-0.006557507,0.0058576647,0.0945342065,0.0982423932,0.0350955284,0.0631468648,0.030042429,0.0027918001,0.0272506288,0.0580162098,0.0423756614,0.0004925401,0.1687824045,0.1168704675,0.3127372764,0.2422609986,0.4929464266,0.2907505509,0.3077746745,0.0434037153,-0.010633215,0.0540369301,-0.031599723,-0.293244077,0.0107759385,0.1000002488,0.722350264,1.2514071762,1.6759607607,2.6334683262,,0.2123991425,,,,0.1213792244,0.0930002229,0.0330946058,,,,,,,,,,,,,,,0.2828607436,0.4199210235,0.905154348,0.3252905688,1.0374630603,0.13935884,0.2106612758,0.073915893,2.6981526823,,0.7305173417,,0.9691572694,,-1.835381012,3.4070415116,345.02451839,-0.171050012,,,1.5284887657,0.5664945411,0.6251027923,0.3004530891,2.2347552034,0.1647085999,0.2130084213,0.1550954363,0.0212402769,0.0212402769,,0.652540043,0.2476009293,0.5204093004,12.661188063,1.1512549836,-0.187236258,-0.398896558,0.3718948263,0.5269930102,0.00062624,9213502.85539411,0.6322639,0.03816265,0.52664828,0.00030131,0.00032012,0.01160474,0.0370257,-0.65697333,-0.11112522,0.59786512,0.0365116,-0.37498565,,,0.04681513,0.06374281,0.04143959,0.05441874,0.00415196,0.03549794,1.23480716,0.53175764,0.55784682,1.3741964666,1.1606324514,320,,1.3177979385,,-0.353259083
20101029,20101031,258196.0,01W,KOR,0.014822,2010,10,20100930,20100930,183.98690421,9.6015858884,183.98690421,0.0043038442,0.0379154374,-0.033930243,0.1158782071,-0.251422188,-0.342209785,-0.351273097,-0.116088431,0.2263528716,-0.245847095,0.019779448,0.0164618815,-0.213829032,,0.342727763,0.8499967297,-0.380203299,-0.039482707,,,,-0.006557507,0.0058576647,0.0945342065,0.0982423932,0.0350955284,0.0631468648,0.030042429,0.0027918001,0.0272506288,0.0580162098,0.0423756614,0.0004925401,0.1687824045,0.1168704675,0.3127372764,0.2422609986,0.4929464266,0.2907505509,0.3077746745,0.0434037153,-0.010633215,0.0540369301,-0.031599723,-0.293244077,0.0107759385,0.1000002488,0.722350264,1.2514071762,1.6759607607,2.6334683262,,0.2123991425,,,,0.1213792244,0.0930002229,0.0330946058,,,,,,,,,,,,,,,0.2828607436,0.4199210235,0.905154348,0.3252905688,1.0374630603,0.13935884,0.2106612758,0.073915893,2.6981526823,,0.7305173417,,0.9691572694,,-1.835381012,3.4070415116,345.02451839,-0.171050012,,,1.319725121,0.4891217349,0.5397251695,0.2594166855,1.9295284647,0.1422124139,0.1839153619,0.1339122328,0.0183392431,0.0183392431,,0.5817731149,0.220749003,0.5614748814,13.572481227,1.1468351261,-0.165241029,-0.549871693,0.3054956591,0.5313448843,0.00044064,8303516.16178537,0.73016628,0.03575948,0.60895453,0.00032683,0.00031784,0.01086602,0.03100559,1.05313302,-0.66839716,0.67056068,0.02932134,0.39054362,0.02589578,0.16070206,0.04878299,0.07990998,0.03198079,0.89123099,0.00464793,0.03468566,1.15001291,0.59337676,0.5580987,1.3661633112,1.2183774168,321,,1.3141822307,,-0.354678014
20101130,20101130,258196.0,01W,KOR,-0.068177,2010,11,20101029,20101031,186.713892,9.7438971448,186.713892,0.0042409858,0.0379154374,-0.033930243,,-0.083533784,-0.405338248,-0.168577288,-0.032793161,0.3176957758,-0.230708401,-0.135958731,,0.0074431949,,0.342727763,0.8499967297,-0.380203299,-0.039482707,,,,-0.006557507,0.0058576647,0.0945342065,0.0982423932,0.0350955284,0.0631468648,0.030042429,0.0027918001,0.0272506288,0.0580162098,0.0423756614,0.0004925401,0.1687824045,0.1168704675,0.3127372764,0.2422609986,0.4929464266,0.2907505509,0.3077746745,0.0434037153,-0.010633215,0.0540369301,-0.031599723,-0.293244077,0.0107759385,0.1000002488,0.722350264,1.2514071762,1.6759607607,2.6334683262,,0.2123991425,,,,0.1213792244,0.0930002229,0.0330946058,,,,,,,,,,,,,,,0.2828607436,0.4199210235,0.905154348,0.3252905688,1.0374630603,0.13935884,0.2106612758,0.073915893,2.6981526823,,0.7305173417,,0.9691572694,,-1.835381012,3.4070415116,345.02451839,-0.171050012,,,1.3004503137,0.4819780297,0.5318423927,0.2556278612,1.901347377,0.1401353777,0.1812292471,0.1319564221,0.0180713953,0.0180713953,,0.5750060668,0.2181813025,0.5551319557,13.656619441,1.1547973513,-0.407780747,-2.541864664,0.3045354801,0.5221419968,0.00029455,7403829.76784828,0.74306911,0.03461277,0.63131391,0.00033147,0.00029701,0.00802633,0.03253776,0.60549423,-0.03728806,-0.34685355,0.02681057,-0.30357666,,,0.04980596,0.07688104,0.03672891,0.23658198,0.00512771,0.03500469,1.04091391,0.60217158,0.55806899,1.3890728837,1.2385011809,322,,1.3216370868,,-0.366428006
20101230,20101231,258196.0,01W,KOR,0.030654,2010,12,20101130,20101130,173.9843146,9.0795882841,173.9843146,0.0045512779,0.0379154374,-0.033930243,,,,,,0.8824127967,-0.305552621,0.5463441954,,,,0.342727763,0.8499967297,-0.380203299,-0.039482707,,,,-0.006557507,0.0058576647,0.0945342065,0.0982423932,0.0350955284,0.0631468648,0.030042429,0.0027918001,0.0272506288,0.0580162098,0.0423756614,0.0004925401,0.1687824045,0.1168704675,0.3127372764,0.2422609986,0.4929464266,0.2907505509,0.3077746745,0.0434037153,-0.010633215,0.0540369301,-0.031599723,-0.293244077,0.0107759385,0.1000002488,0.722350264,1.2514071762,1.6759607607,2.6334683262,,0.2123991425,,,,0.1213792244,0.0930002229,0.0330946058,,,,,,,,,,,,,,,0.2828607436,0.4199210235,0.905154348,0.3252905688,1.0374630603,0.13935884,0.2106612758,0.073915893,2.6981526823,,0.7305173417,,0.9691572694,,-1.835381012,3.4070415116,345.02451839,-0.171050012,,,1.3955978732,0.5172419939,0.5707546873,0.2743308957,2.040459622,0.1503883947,0.1944889007,0.1416110251,0.0193935905,0.0193935905,,0.6080197595,0.2307080755,0.6028720929,13.241282179,1.2014840432,-0.330993058,-3.128517513,0.304828644,0.6045737751,0.00030947,6414944.25403365,0.78748314,0.03267457,0.7626839,0.00035448,0.00031474,0.01712107,0.04136079,1.92103212,-0.11201229,0.91748399,0.04281096,1.91927675,0.04239247,1.59029638,0.057319,0.15183448,0.04560863,1.78353605,0.00525051,0.03262947,1.20398493,0.56111738,0.55830427,1.3597319715,1.4907576456,323,,1.322619525,,-0.319865764
20110131,20110131,258196.0,01W,KOR,0.040341,2011,1,20101230,20101231,179.31759648,9.3579122455,179.31759648,,0.0379154374,-0.037214315,0.0306538086,-0.054365769,-0.210091238,-0.305891457,-0.315455179,0.0378895396,,-0.129323505,,0.0236077995,,0.342727763,0.8499967297,-0.380203299,-0.039482707,,,,-0.006557507,0.0058576647,0.0945342065,0.0982423932,0.0350955284,0.0631468648,0.030042429,0.0027918001,0.0272506288,0.0580162098,0.0423756614,0.0004925401,0.1687824045,0.1168704675,0.3127372764,0.2422609986,0.4929464266,0.2907505509,0.3077746745,0.0434037153,-0.010633215,0.0540369301,-0.031599723,-0.293244077,0.0107759385,0.1000002488,0.722350264,1.2514071762,1.6759607607,2.6334683262,,0.2123991425,,,,0.1213792244,0.0930002229,0.0330946058,,,,,,,,,,,,,,,0.2828607436,0.4199210235,0.905154348,0.3252905688,1.0374630603,0.13935884,0.2106612758,0.073915893,2.6981526823,,0.7305173417,,0.9691572694,,-1.835381012,3.4070415116,345.02451839,-0.171050012,,,1.3540898617,0.5018581308,0.5537792443,0.2661717188,1.979772068,0.145915528,0.1887043923,0.1373992158,0.0188167844,0.0188167844,,0.5937375067,0.2252887927,0.4652425694,13.422472573,1.1812287082,-0.858454234,-1.388723452,0.3059246358,0.4559589513,0.00093968,5465053.83901235,0.89926258,0.02898506,0.85368373,0.00042983,0.00034898,0.00775658,0.01375203,0.31213585,0.35805537,1.50640515,0.01097536,0.70932619,0.01318271,0.98502487,0.02177058,0.03281312,0.01497021,0.12725294,0.00536452,0.03041041,1.21776467,0.57831776,0.56058623,1.2876074123,0.5985072224,324,,1.3221288945,,-0.211885168
20110228,20110228,258196.0,01W,KOR,-0.060685,2011,2,20110131,20110131,186.55146583,9.7354207327,186.55146583,,0.0379154374,-0.037214315,0.0403411014,,-0.106792302,-0.420429858,-0.189677532,-0.004667609,-0.108347699,0.0337409542,,,,0.342727763,0.8499967297,-0.380203299,-0.039482707,,,,-0.006557507,0.0058576647,0.0945342065,0.0982423932,0.0350955284,0.0631468648,0.030042429,0.0027918001,0.0272506288,0.0580162098,0.0423756614,0.0004925401,0.1687824045,0.1168704675,0.3127372764,0.2422609986,0.4929464266,0.2907505509,0.3077746745,0.0434037153,-0.010633215,0.0540369301,-0.031599723,-0.293244077,0.0107759385,0.1000002488,0.722350264,1.2514071762,1.6759607607,2.6334683262,,0.2123991425,,,,0.1213792244,0.0930002229,0.0330946058,,,,,,,,,,,,,,,0.2828607436,0.4199210235,0.905154348,0.3252905688,1.0374630603,0.13935884,0.2106612758,0.073915893,2.6981526823,,0.7305173417,,0.9691572694,,-1.835381012,3.4070415116,345.02451839,-0.171050012,,,1.3015825866,0.4823976772,0.5323054559,0.2558504306,1.9030028374,0.1402573904,0.1813870394,0.1320713136,0.0180871297,0.0180871297,,0.5754047169,0.218332567,0.5079439862,13.651676854,1.1861559858,-0.783544034,-1.250977473,0.3068274506,0.4750288707,0.00027473,5952875.77973639,1.10814406,0.03172583,1.01439579,0.0003747,0.0003323,0.01415223,0.03119868,1.03018904,-0.31315604,2.10133924,0.0277456,0.03708137,0.03267431,1.01871077,0.04682243,0.07020117,0.03355402,0.5184621,0.00525736,0.03066435,1.31693921,0.60164774,0.56213285,1.3153106191,1.3011359955,325,,1.3358849337,,-0.225415236
20110331,20110331,258196.0,01W,KOR,-0.189159,2011,3,20110228,20110228,175.23052568,9.1446233624,175.23052568,,0.0379154374,-0.037214315,-0.060685345,0.0722315185,0.1314322403,-0.292804769,-0.184503849,-0.122405887,-0.061564477,0.0957360659,,0.1246186132,,0.342727763,0.8499967297,-0.380203299,-0.039482707,,,,-0.006557507,0.0058576647,0.0945342065,0.0982423932,0.0350955284,0.0631468648,0.030042429,0.0027918001,0.0272506288,0.0580162098,0.0423756614,0.0004925401,0.1687824045,0.1168704675,0.3127372764,0.2422609986,0.4929464266,0.2907505509,0.3077746745,0.0434037153,-0.010633215,0.0540369301,-0.031599723,-0.293244077,0.0107759385,0.1000002488,0.722350264,1.2514071762,1.6759607607,2.6334683262,,0.2123991425,,,,0.1213792244,0.0930002229,0.0330946058,,,,,,,,,,,,,,,0.2828607436,0.4199210235,0.905154348,0.3252905688,1.0374630603,0.13935884,0.2106612758,0.073915893,2.6981526823,,0.7305173417,,0.9691572694,,-1.835381012,3.4070415116,345.02451839,-0.171050012,,,1.3856726074,0.5135634527,0.5666955725,0.2723798989,2.0259482041,0.1493188568,0.1931057271,0.1406039105,0.0192556665,0.0192556665,,0.604621295,0.2294185562,0.497569811,13.284607859,1.1853461207,-0.817340434,-1.426532728,0.3041176474,0.4825581185,0.00015535,7383472.31306544,1.22359969,0.03828449,1.14634299,0.00029051,0.00029155,0.01755213,0.05399497,-0.68563028,0.33945916,-2.56931845,0.05850011,-0.64592313,0.05837544,-0.37925741,0.05141824,0.0756907,0.05507872,-0.91472927,0.00463284,0.03284577,1.10336121,0.56513654,0.55195059,1.3680389226,1.3721238041,326,,1.3289820986,,-0.276467265
20110429,20110430,258196.0,01W,KOR,-0.199975,2011,4,20110331,20110331,142.08413303,7.4148375533,142.08413303,,0.0379154374,-0.037214315,-0.189158781,-0.022792358,-0.047592401,-0.204433297,-0.300919711,-0.342209785,0.1627165894,0.2343382827,,0.1484705584,,0.342727763,0.8499967297,-0.380203299,-0.039482707,,,,-0.006557507,0.0058576647,0.0945342065,0.0982423932,0.0350955284,0.0631468648,0.030042429,0.0027918001,0.0272506288,0.0580162098,0.0423756614,0.0004925401,0.1687824045,0.1168704675,0.3127372764,0.2422609986,0.4929464266,0.2907505509,0.3077746745,0.0434037153,-0.010633215,0.0540369301,-0.031599723,-0.293244077,0.0107759385,0.1000002488,0.722350264,1.2514071762,1.6759607607,2.6334683262,,0.2123991425,,,,0.1213792244,0.0930002229,0.0330946058,,,,,,,,,,,,,,,0.2828607436,0.4199210235,0.905154348,0.3252905688,1.0374630603,0.13935884,0.2106612758,0.073915893,2.6981526823,,0.7305173417,,0.9691572694,,-1.835381012,3.4070415116,345.02451839,-0.171050012,,,1.7089321253,0.6333711715,0.6988983284,0.3359226104,2.4985757469,0.184153017,0.2381547985,0.1734049863,0.0237477647,0.0237477647,,0.7102040105,0.2694810455,0.4694472729,11.873518349,1.1226384624,-0.580551272,-0.742511735,0.305951761,0.4704706875,0.00030199,7467070.48609151,1.19562726,0.03987387,1.10674196,0.00027729,0.00030038,0.01356389,0.04373152,-0.74381812,-0.01500463,0.45553433,0.03903595,-0.35980882,0.04148667,-1.0626761,0.04328029,0.07523833,0.0441652,-1.00284892,0.00475827,0.03515942,0.9581008,0.458236,0.54854206,1.3714495979,1.1195670377,327,,1.3358849337,,-0.31069665
20110531,20110531,258196.0,01W,KOR,0.035777,2011,5,20110429,20110430,113.67090174,5.9320576686,113.67090174,,0.0379154374,-0.037214315,-0.199974696,-0.238364961,,-0.292257738,-0.540771666,-0.405338248,0.5094448157,-0.147405677,,0.0476926329,,0.0911228566,0.3520434189,4.3888160285,1.1005228629,,,,0.1609023836,0.0133071052,-0.035488898,-0.029441154,-0.150158179,0.1207170247,0.121738731,-0.012645417,0.1343841478,0.2681961276,-0.29037792,-0.03664434,-0.039216646,0.0036824905,0.1754838061,-0.016404358,0.0421419621,-0.170641933,0.0085837402,0.2457311474,-0.006035283,0.2517664305,0.0672785289,1.3122322048,-0.223099391,-4.351435901,0.8163189613,1.7608191833,1.8906397796,2.3309606212,,0.1725693086,,,,0.2783467201,0.3227851322,0.0691493723,2.3399703974,,,,,,,-0.302937245,1.4901589502,-0.923190554,0.1057547808,,,,0.0555099712,0.1914743918,0.0372764857,-0.01789917,,-0.118548821,0.0508741714,-0.257907661,3.32828085,,0.663474971,,0.7469173879,2.0,1.2947805763,2.7397326104,,1.6446448803,,,2.330744906,0.7002849252,1.4986920367,1.0964769998,4.2225950576,-0.119497973,-0.276307062,-0.712449299,0.0140667054,0.0140667054,,0.8640808816,0.0565590349,0.4022054786,19.573415882,1.1120994907,-1.0720059,-0.550285924,0.2344848192,0.188315331,0.00037764,6864148.71358686,1.29358205,0.03807892,1.15525543,0.00029341,0.00031277,0.00804783,0.04506929,-0.46076183,-0.09071698,1.88533791,0.04309886,-0.39663231,0.04741144,-0.27405768,0.046397,0.08066454,0.04507548,-0.45458762,0.00538942,0.03711238,0.98611456,0.3666004,0.54350082,1.4262743683,1.1487397,328,,-1.593750408,,-1.139864267
20110630,20110630,258196.0,01W,KOR,-0.260657,2011,6,20110531,20110531,117.73771683,6.1442894825,117.73771683,,0.0379154374,-0.037214315,0.0357770989,-0.351306507,-0.34666006,-0.310587443,-0.569086636,,0.7961115774,-0.165024326,,0.0219657138,,0.0911228566,0.3520434189,4.3888160285,1.1005228629,,,,0.1609023836,0.0133071052,-0.035488898,-0.029441154,-0.150158179,0.1207170247,0.121738731,-0.012645417,0.1343841478,0.2681961276,-0.29037792,-0.03664434,-0.039216646,0.0036824905,0.1754838061,-0.016404358,0.0421419621,-0.170641933,0.0085837402,0.2457311474,-0.006035283,0.2517664305,0.0672785289,1.3122322048,-0.223099391,-4.351435901,0.8163189613,1.7608191833,1.8906397796,2.3309606212,,0.1725693086,,,,0.2783467201,0.3227851322,0.0691493723,2.3399703974,,,,,,,-0.302937245,1.4901589502,-0.923190554,0.1057547808,,,,0.0555099712,0.1914743918,0.0372764857,-0.01789917,,-0.118548821,0.0508741714,-0.257907661,3.32828085,,0.663474971,,0.7469173879,2.0,1.2947805763,2.7397326104,,1.6446448803,,,2.2502379213,0.6760961658,1.446925249,1.0586032467,4.0767410884,-0.115370356,-0.266763053,-0.687840366,0.0135808229,0.0135808229,,0.8495824655,0.0556100306,0.4456314999,19.565123116,1.0762526527,-1.154941514,-1.135976827,0.2315409158,0.1763447258,9.669e-05,7651532.46337869,1.40453203,0.04676542,1.34341384,0.0002117,0.0002691,0.01879784,0.07286772,0.42945586,0.19089239,-0.67037325,0.0711792,0.45939127,0.07918586,0.40261131,0.09923329,0.15160422,0.07342587,0.46593149,0.00599953,0.04144841,0.12823454,0.44515706,0.52557734,1.5925393729,2.3481107872,329,,-1.603078708,,-1.192397636
20110729,20110731,258196.0,01W,KOR,0.173381,2011,7,20110630,20110630,87.048551371,4.5427371369,87.048551371,,0.0379154374,-0.037214315,-0.260657046,-0.171352111,-0.343412364,-0.360075559,-0.465457249,-0.210091238,0.8889922517,-0.088540688,,-0.033745211,,0.0911228566,0.3520434189,4.3888160285,1.1005228629,,,,0.1609023836,0.0133071052,-0.035488898,-0.029441154,-0.150158179,0.1207170247,0.121738731,-0.012645417,0.1343841478,0.2681961276,-0.29037792,-0.03664434,-0.039216646,0.0036824905,0.1754838061,-0.016404358,0.0421419621,-0.170641933,0.0085837402,0.2457311474,-0.006035283,0.2517664305,0.0672785289,1.3122322048,-0.223099391,-4.351435901,0.8163189613,1.7608191833,1.8906397796,2.3309606212,,0.1725693086,,,,0.2783467201,0.3227851322,0.0691493723,2.3399703974,,,,,,,-0.302937245,1.4901589502,-0.923190554,0.1057547808,,,,0.0555099712,0.1914743918,0.0372764857,-0.01789917,,-0.118548821,0.0508741714,-0.257907661,3.32828085,,0.663474971,,0.7469173879,2.0,1.2947805763,2.7397326104,,1.6446448803,,,3.0435644363,0.9144554121,1.9570420479,1.4318162374,5.5140054637,-0.156044439,-0.360810977,-0.930340057,0.018368773,0.018368773,,0.9727505868,0.0636720885,0.4968337893,19.646841133,1.0692097546,-0.756651445,-0.684869257,0.2309341195,0.1878374909,0.00037692,7688997.35799031,1.40304051,0.04923021,1.26405512,0.00019964,0.00027484,0.0083398,0.04669752,-0.77246387,-0.00718077,1.13340929,0.03696374,0.35127536,0.04649106,-0.25312397,0.04247192,0.07058446,0.04790183,-0.72079147,0.00797336,0.04246437,-0.27603371,0.36036284,0.523197,1.7200601568,0.9862651299,330,,-1.60336263,,-1.206239939
20110831,20110831,258196.0,01W,KOR,-0.122035,2011,8,20110729,20110731,102.14114296,5.330362838,102.14114296,,0.0379154374,-0.037214315,0.1733813068,-0.2342055,-0.533380502,,-0.56639818,-0.106792302,0.9588132024,-0.178704082,,-0.099096149,,0.0911228566,0.3520434189,4.3888160285,1.1005228629,,,,0.1609023836,0.0133071052,-0.035488898,-0.029441154,-0.150158179,0.1207170247,0.121738731,-0.012645417,0.1343841478,0.2681961276,-0.29037792,-0.03664434,-0.039216646,0.0036824905,0.1754838061,-0.016404358,0.0421419621,-0.170641933,0.0085837402,0.2457311474,-0.006035283,0.2517664305,0.0672785289,1.3122322048,-0.223099391,-4.351435901,0.8163189613,1.7608191833,1.8906397796,2.3309606212,,0.1725693086,,,,0.2783467201,0.3227851322,0.0691493723,2.3399703974,,,,,,,-0.302937245,1.4901589502,-0.923190554,0.1057547808,,,,0.0555099712,0.1914743918,0.0372764857,-0.01789917,,-0.118548821,0.0508741714,-0.257907661,3.32828085,,0.663474971,,0.7469173879,2.0,1.2947805763,2.7397326104,,1.6446448803,,,2.5938409098,0.7793335439,1.6678653704,1.220248038,4.6992443393,-0.132986982,-0.307496783,-0.79287104,0.0156545642,0.0156545642,,0.9080120151,0.0594345788,0.523795275,19.600516557,1.0705415119,-0.793942415,-0.946222941,0.2320939483,0.1743376706,0.00060912,6641739.6781583,1.50681718,0.04577354,1.30161007,0.00021309,0.00027192,0.01024939,0.024604,0.19487635,0.20916894,1.24859899,0.02294251,0.05638878,0.02221196,0.75008793,0.04836771,0.07274313,0.02838721,0.67553638,0.00918648,0.04231179,-0.2005329,0.43978787,0.52142548,1.7086334563,1.1260087274,331,,-1.599119367,,-1.206239939
20110930,20110930,258196.0,01W,KOR,-0.385412,2011,9,20110831,20110831,89.676345468,4.6798718467,89.676345468,,0.0379154374,-0.037214315,-0.12203503,-0.132468798,-0.417104169,-0.412929015,-0.380515282,0.1314322403,0.6979714182,0.1158782071,,0.0850212,,0.0911228566,0.3520434189,4.3888160285,1.1005228629,,,,0.1609023836,0.0133071052,-0.035488898,-0.029441154,-0.150158179,0.1207170247,0.121738731,-0.012645417,0.1343841478,0.2681961276,-0.29037792,-0.03664434,-0.039216646,0.0036824905,0.1754838061,-0.016404358,0.0421419621,-0.170641933,0.0085837402,0.2457311474,-0.006035283,0.2517664305,0.0672785289,1.3122322048,-0.223099391,-4.351435901,0.8163189613,1.7608191833,1.8906397796,2.3309606212,,0.1725693086,,,,0.2783467201,0.3227851322,0.0691493723,2.3399703974,,,,,,,-0.302937245,1.4901589502,-0.923190554,0.1057547808,,,,0.0555099712,0.1914743918,0.0372764857,-0.01789917,,-0.118548821,0.0508741714,-0.257907661,3.32828085,,0.663474971,,0.7469173879,2.0,1.2947805763,2.7397326104,,1.6446448803,,,2.9543785912,0.8876590421,1.899694667,1.3898595961,5.3524280607,-0.151471854,-0.3502381,-0.903078218,0.0178305112,0.0178305112,,0.9608232757,0.0628913778,0.5818849118,19.637654386,1.0748143606,-0.669550474,-0.854779093,0.231896809,0.1819998989,0.00091939,4818430.76971632,1.61986885,0.03807536,1.37019267,0.00028426,0.00028196,0.013608,0.05108313,0.71336687,-0.16196254,2.66380193,0.04223814,0.63243968,0.0360351,0.86567333,0.10347862,0.15759978,0.08056633,0.25253334,0.01585889,0.04472264,0.99186887,0.38611834,0.54581212,1.6310551366,2.1836020789,332,,-1.599571257,,-1.25569588
20111031,20111031,258196.0,01W,KOR,0.269824,2011,10,20110930,20110930,55.114043397,2.8761950401,55.114043397,,0.0,2.220446e-16,-0.385411581,0.0301876833,-0.368850388,-0.499902144,-0.512593867,-0.047592401,0.6064227344,,,-0.208812037,,0.0911228566,0.3520434189,4.3888160285,1.1005228629,,,,0.1609023836,0.0133071052,-0.035488898,-0.029441154,-0.150158179,0.1207170247,0.121738731,-0.012645417,0.1343841478,0.2681961276,-0.29037792,-0.03664434,-0.039216646,0.0036824905,0.1754838061,-0.016404358,0.0421419621,-0.170641933,0.0085837402,0.2457311474,-0.006035283,0.2517664305,0.0672785289,1.3122322048,-0.223099391,-4.351435901,0.8163189613,1.7608191833,1.8906397796,2.3309606212,,0.1725693086,,,,0.2783467201,0.3227851322,0.0691493723,2.3399703974,,,,,,,-0.302937245,1.4901589502,-0.923190554,0.1057547808,,,,0.0555099712,0.1914743918,0.0372764857,-0.01789917,,-0.118548821,0.0508741714,-0.257907661,3.32828085,,0.663474971,,0.7469173879,2.0,1.2947805763,2.7397326104,,1.6446448803,,,4.8070847076,1.444314625,3.091003032,2.2614477475,8.70896342,-0.246460639,-0.569874227,-1.469403246,0.0290121171,0.0290121171,,1.1455686095,0.0749840163,0.5384703468,19.828495694,1.1277681682,-0.524157785,-0.611654037,0.3426315609,0.1817325028,0.00184424,3937150.55665548,1.9630333,0.03281497,1.58427462,0.000339,0.00029966,0.01362763,0.02285752,-1.55642519,0.03205473,1.06039066,0.0154924,0.69203712,0.01729544,0.34317886,0.04219456,0.06606589,0.05047777,-0.16513924,0.02996488,0.04449042,1.21135778,0.23730386,0.55829957,1.4861675665,0.8640782828,333,,-1.602616581,,-1.242260831
20111130,20111130,258196.0,01W,KOR,-0.206531,2011,11,20111031,20111031,69.985113194,3.6522603504,69.985113194,,0.0,0.0,0.2698236036,-0.460412897,-0.515143783,-0.704563868,,,,-0.068176916,-0.060722324,-0.015837365,,0.0911228566,0.3520434189,4.3888160285,1.1005228629,,,,0.1609023836,0.0133071052,-0.035488898,-0.029441154,-0.150158179,0.1207170247,0.121738731,-0.012645417,0.1343841478,0.2681961276,-0.29037792,-0.03664434,-0.039216646,0.0036824905,0.1754838061,-0.016404358,0.0421419621,-0.170641933,0.0085837402,0.2457311474,-0.006035283,0.2517664305,0.0672785289,1.3122322048,-0.223099391,-4.351435901,0.8163189613,1.7608191833,1.8906397796,2.3309606212,,0.1725693086,,,,0.2783467201,0.3227851322,0.0691493723,2.3399703974,,,,,,,-0.302937245,1.4901589502,-0.923190554,0.1057547808,,,,0.0555099712,0.1914743918,0.0372764857,-0.01789917,,-0.118548821,0.0508741714,-0.257907661,3.32828085,,0.663474971,,0.7469173879,2.0,1.2947805763,2.7397326104,,1.6446448803,,,3.7856318736,1.137413591,2.4341987527,1.7809148776,6.8584041085,-0.194090453,-0.448782197,-1.157171155,0.0228473601,0.0228473601,,1.0580359846,0.0692545055,0.5341455902,19.723279117,1.1417360622,-0.496824336,-0.445501683,0.3376218323,0.2481084005,0.00135044,3318875.90129056,2.34202104,0.02932364,1.78911324,0.00037993,0.00032996,0.01366848,0.03174331,0.71960259,0.20636574,2.3652851,0.03315683,0.91146463,0.03405286,0.44257844,0.07750126,0.1626083,0.05344627,0.6953978,0.04259593,0.04475214,1.3089632,0.30133404,0.56612745,1.4727737526,1.5425101802,334,,-1.60656878,,-1.254111905
20111229,20111231,258196.0,01W,KOR,0.033445,2011,12,20111130,20111130,55.531025815,2.8979557872,55.531025815,,0.0,0.0,-0.206530885,-0.219581119,-0.40558459,-0.600611178,-0.597750445,-0.34666006,0.5668723029,0.0306538086,-0.082284569,0.1996810958,,0.0911228566,0.3520434189,4.3888160285,1.1005228629,,,,0.1609023836,0.0133071052,-0.035488898,-0.029441154,-0.150158179,0.1207170247,0.121738731,-0.012645417,0.1343841478,0.2681961276,-0.29037792,-0.03664434,-0.039216646,0.0036824905,0.1754838061,-0.016404358,0.0421419621,-0.170641933,0.0085837402,0.2457311474,-0.006035283,0.2517664305,0.0672785289,1.3122322048,-0.223099391,-4.351435901,0.8163189613,1.7608191833,1.8906397796,2.3309606212,,0.1725693086,,,,0.2783467201,0.3227851322,0.0691493723,2.3399703974,,,,,,,-0.302937245,1.4901589502,-0.923190554,0.1057547808,,,,0.0555099712,0.1914743918,0.0372764857,-0.01789917,,-0.118548821,0.0508741714,-0.257907661,3.32828085,,0.663474971,,0.7469173879,2.0,1.2947805763,2.7397326104,,1.6446448803,,,4.7709883132,1.4334692678,3.0677926932,2.2444665386,8.6435678222,-0.244609966,-0.565595042,-1.458369498,0.0287942652,0.0287942652,,1.1429173035,0.0748104732,0.5549514495,19.82477752,1.1355190153,-0.559626005,-0.623662679,0.336679011,0.174152216,0.00210261,1280903.36633682,0.88618816,0.01488597,0.76897402,0.00091375,0.00036923,0.00931696,0.01873784,0.11396455,-0.18126002,1.1779086,0.01943712,0.1680335,0.0195112,0.00669999,0.02732229,0.03484241,0.0321652,-0.47644784,0.05378714,0.04346549,1.26667716,0.23909926,0.56921494,1.397295009,0.5531113971,335,,-1.605848862,,-1.237257488
20120131,20120131,258196.0,01W,KOR,0.415728,2012,1,20111229,20111231,57.388286697,2.994879261,57.388286697,,0.0,2.220446e-16,0.0334454632,0.0075658107,-0.362068352,-0.609168,-0.690320265,-0.343412364,0.9577490559,0.0403411014,-0.082911445,-0.015095504,,0.0911228566,0.3520434189,4.3888160285,1.1005228629,,,,0.1609023836,0.0133071052,-0.035488898,-0.029441154,-0.150158179,0.1207170247,0.121738731,-0.012645417,0.1343841478,0.2681961276,-0.29037792,-0.03664434,-0.039216646,0.0036824905,0.1754838061,-0.016404358,0.0421419621,-0.170641933,0.0085837402,0.2457311474,-0.006035283,0.2517664305,0.0672785289,1.3122322048,-0.223099391,-4.351435901,0.8163189613,1.7608191833,1.8906397796,2.3309606212,,0.1725693086,,,,0.2783467201,0.3227851322,0.0691493723,2.3399703974,,,,,,,-0.302937245,1.4901589502,-0.923190554,0.1057547808,,,,0.0555099712,0.1914743918,0.0372764857,-0.01789917,,-0.118548821,0.0508741714,-0.257907661,3.32828085,,0.663474971,,0.7469173879,2.0,1.2947805763,2.7397326104,,1.6446448803,,,4.6165845059,1.387077808,2.9685095173,2.171828721,8.3638354705,-0.236693638,-0.547290652,-1.41117219,0.0278623945,0.0278623945,,1.131255795,0.0740471608,0.5460403499,19.808872879,1.1370176193,-0.610828253,-0.738072305,0.3494647383,0.171798399,0.00124955,946255.99823741,0.93173952,0.01191523,0.80595454,0.00118335,0.00037312,0.00869893,0.03734045,3.51541144,-0.26620036,0.57895232,0.03895875,3.32130109,0.03917682,2.80022546,0.0631881,0.14360189,0.04717931,1.14350892,0.06297809,0.04466779,1.3154973,0.24709604,0.57007152,1.3960367087,1.2363480174,336,,-1.605412932,,-1.250160741
20120229,20120229,258196.0,01W,KOR,0.117808,2012,2,20120131,20120131,81.246226039,4.2399355583,81.246226039,,0.0,0.0,0.415728378,-0.179992943,-0.438147205,-0.495136523,-0.692372899,-0.533380502,1.2472270036,-0.060685345,-0.039601106,,,0.0911228566,0.3520434189,4.3888160285,1.1005228629,,,,0.1609023836,0.0133071052,-0.035488898,-0.029441154,-0.150158179,0.1207170247,0.121738731,-0.012645417,0.1343841478,0.2681961276,-0.29037792,-0.03664434,-0.039216646,0.0036824905,0.1754838061,-0.016404358,0.0421419621,-0.170641933,0.0085837402,0.2457311474,-0.006035283,0.2517664305,0.0672785289,1.3122322048,-0.223099391,-4.351435901,0.8163189613,1.7608191833,1.8906397796,2.3309606212,,0.1725693086,,,,0.2783467201,0.3227851322,0.0691493723,2.3399703974,,,,,,,-0.302937245,1.4901589502,-0.923190554,0.1057547808,,,,0.0555099712,0.1914743918,0.0372764857,-0.01789917,,-0.118548821,0.0508741714,-0.257907661,3.32828085,,0.663474971,,0.7469173879,2.0,1.2947805763,2.7397326104,,1.6446448803,,,3.2609253143,0.9797626647,2.0968072432,1.5340716163,5.907796722,-0.167188595,-0.386578853,-0.996781736,0.0196806075,0.0196806075,,1.0001651604,0.0654665291,0.5344012369,19.669230779,1.1742131655,-0.592330941,-0.695749967,0.3259529834,0.1697144311,0.00046528,902801.90154507,1.1705572,0.01251007,1.09170222,0.00109574,0.00039207,0.01101738,0.03806454,0.67650451,-0.0569668,0.23491053,0.03983606,0.8960888,0.03825679,1.19190037,0.07045768,0.1060171,0.03811583,0.70330378,0.06502588,0.04559578,1.37111284,0.34982088,0.56675331,1.389074422,1.3618834136,337,,-1.604679651,,-1.249547064
20120330,20120331,258196.0,01W,KOR,0.208638,2012,3,20120229,20120229,90.817693009,4.7394344905,90.817693009,,0.0,2.220446e-16,0.1178081424,0.4630780694,-0.094006055,-0.309938835,-0.536346617,-0.417104169,0.8245003393,-0.189158781,-0.011695022,0.1774588445,,0.0911228566,0.3520434189,4.3888160285,1.1005228629,,,,0.1609023836,0.0133071052,-0.035488898,-0.029441154,-0.150158179,0.1207170247,0.121738731,-0.012645417,0.1343841478,0.2681961276,-0.29037792,-0.03664434,-0.039216646,0.0036824905,0.1754838061,-0.016404358,0.0421419621,-0.170641933,0.0085837402,0.2457311474,-0.006035283,0.2517664305,0.0672785289,1.3122322048,-0.223099391,-4.351435901,0.8163189613,1.7608191833,1.8906397796,2.3309606212,,0.1725693086,,,,0.2783467201,0.3227851322,0.0691493723,2.3399703974,,,,,,,-0.302937245,1.4901589502,-0.923190554,0.1057547808,,,,0.0555099712,0.1914743918,0.0372764857,-0.01789917,,-0.118548821,0.0508741714,-0.257907661,3.32828085,,0.663474971,,0.7469173879,2.0,1.2947805763,2.7397326104,,1.6446448803,,,2.9172495624,0.8765034244,1.8758203341,1.3723925941,5.285161646,-0.149568238,-0.345836497,-0.89172882,0.017606427,0.017606427,,0.9557334326,0.0625582184,0.5528432793,19.633829843,1.1726021131,-0.331056103,0.0840946468,0.3375393795,0.1714693695,0.00084496,921062.35214105,1.23564599,0.01253644,1.14208914,0.00106695,0.00046594,0.00815086,0.03475057,1.43887705,0.00725722,1.9391517,0.03602164,0.9547779,0.03453182,0.659248,0.05743747,0.09334622,0.03721357,1.10601972,0.06023537,0.04420401,1.47448293,0.5178399,0.56600941,1.3735607015,1.1362619787,338,,-1.608404967,,-1.23283546
20120430,20120430,258196.0,01W,KOR,-0.202956,2012,4,20120330,20120331,109.76575867,5.7282629108,109.76575867,,0.0,2.775558e-16,0.2086384826,0.5825127084,0.6478140128,0.0432993034,-0.360817488,-0.368850388,0.1825617186,-0.199974696,0.0254516303,0.2193542235,,0.0911228566,0.3520434189,4.3888160285,1.1005228629,,,,0.1609023836,0.0133071052,-0.035488898,-0.029441154,-0.150158179,0.1207170247,0.121738731,-0.012645417,0.1343841478,0.2681961276,-0.29037792,-0.03664434,-0.039216646,0.0036824905,0.1754838061,-0.016404358,0.0421419621,-0.170641933,0.0085837402,0.2457311474,-0.006035283,0.2517664305,0.0672785289,1.3122322048,-0.223099391,-4.351435901,0.8163189613,1.7608191833,1.8906397796,2.3309606212,,0.1725693086,,,,0.2783467201,0.3227851322,0.0691493723,2.3399703974,,,,,,,-0.302937245,1.4901589502,-0.923190554,0.1057547808,,,,0.0555099712,0.1914743918,0.0372764857,-0.01789917,,-0.118548821,0.0508741714,-0.257907661,3.32828085,,0.663474971,,0.7469173879,2.0,1.2947805763,2.7397326104,,1.6446448803,,,2.4136659592,0.7251990045,1.5520110944,1.1354864286,4.3728225786,-0.12374936,-0.286137255,-0.737796151,0.0145671574,0.0145671574,,0.8784764112,0.0575013046,0.6149812737,19.581957314,1.1559778274,-0.242330203,0.198496501,0.3400567159,0.1897029377,0.00037211,1396245.98269792,1.23154489,0.0163684,1.08698135,0.00079663,0.00048467,0.01622674,0.04287069,0.41617571,0.17432332,-3.01362772,0.04439426,0.4009992,0.04545667,0.11203513,0.06475017,0.10440964,0.04316063,0.33471979,0.04710783,0.04356443,1.6057991,0.6919512,0.56009848,1.3772589919,1.2811621313,339,,-1.60768316,,-1.242642595
20120531,20120531,258196.0,01W,KOR,-0.106306,2012,5,20120430,20120430,87.488090944,4.5656750572,87.488090944,,0.0,1.665335e-16,-0.202956441,0.3510259371,0.5684158196,0.0746478401,-0.034354817,-0.515143783,0.0743984299,0.0357770989,0.0037485812,0.0817120191,,0.0258079278,-0.424588764,-0.762281982,-0.370447417,0.8508675175,0.4392622599,-0.206028858,-0.110905055,-0.021821296,-0.012077641,-0.009937734,0.1205844706,-0.130522204,0.0523953894,0.0058140501,0.0465813393,-0.046492078,0.0125931407,0.0446279152,-0.057487049,0.0261874788,0.1229711396,0.3288613602,0.0403631303,-0.450909883,0.0408225627,,,-0.13350934,-0.268858705,-2.532857183,-0.256265565,-2.414220046,0.6620385756,0.9562389677,1.0291881068,1.5588580691,,0.1727499764,,,,-0.086107205,-0.085119111,0.0199475249,0.2810186634,,,,,,,-0.191474468,-0.49329503,-0.115577266,0.0693719213,,,-0.380244068,0.0615511991,0.1261447699,0.0324410202,0.3373485905,,0.162710318,0.0600026549,0.2812591394,4.2479202417,,0.6928606366,,0.6930484423,4.0,0.9595431188,1.5285039473,,2.0626709409,,,3.1064270554,0.7312818694,1.8027856331,1.2661504327,3.1568804713,-0.329742222,0.505447734,0.3707405951,,,,0.8936404676,0.0822513227,0.6140823804,19.943529843,1.1834849553,0.0116305036,0.3896688819,0.6419501867,0.287840258,0.00120495,1461884.81435622,1.15255943,0.01645296,1.0574422,0.00078428,0.00052149,0.01214216,0.02667387,0.69216663,-0.16861367,-0.29071638,0.02775747,0.63262141,0.02802238,0.66217491,0.0261942,0.04606711,0.02771628,0.50608419,0.03781515,0.04213568,1.55261127,0.55891752,0.56021552,1.3509586751,0.5279681441,340,,-0.432512141,,-1.57238815
20120629,20120630,258196.0,01W,KOR,-0.00397,2012,6,20120531,20120531,78.187576804,4.0803161361,78.187576804,,0.0,3.330669e-16,-0.106306059,-0.036662482,0.5754812676,-0.024401692,-0.256923836,-0.40558459,0.1023837474,-0.260657046,0.0177804891,0.0322295335,,0.0258079278,-0.424588764,-0.762281982,-0.370447417,0.8508675175,0.4392622599,-0.206028858,-0.110905055,-0.021821296,-0.012077641,-0.009937734,0.1205844706,-0.130522204,0.0523953894,0.0058140501,0.0465813393,-0.046492078,0.0125931407,0.0446279152,-0.057487049,0.0261874788,0.1229711396,0.3288613602,0.0403631303,-0.450909883,0.0408225627,,,-0.13350934,-0.268858705,-2.532857183,-0.256265565,-2.414220046,0.6620385756,0.9562389677,1.0291881068,1.5588580691,,0.1727499764,,,,-0.086107205,-0.085119111,0.0199475249,0.2810186634,,,,,,,-0.191474468,-0.49329503,-0.115577266,0.0693719213,,,-0.380244068,0.0615511991,0.1261447699,0.0324410202,0.3373485905,,0.162710318,0.0600026549,0.2812591394,4.2479202417,,0.6928606366,,0.6930484423,4.0,0.9595431188,1.5285039473,,2.0626709409,,,3.4759406014,0.8182688006,2.0172293332,1.4167606765,3.5323955168,-0.368965489,0.5655714006,0.414840672,,,,0.9376248386,0.0862996764,0.6058422707,20.016113512,1.2012333947,-0.017527123,0.5507890759,0.6481470612,0.1929843936,0.00155616,1530053.76402292,1.08826517,0.01691609,1.02330336,0.00075364,0.00084849,0.01699435,0.02705643,0.68231978,-0.46341419,1.66909889,0.02542719,0.5816328,0.02449394,0.09241572,0.04383971,0.05421827,0.03836559,-0.47593883,0.03173893,0.03640324,1.81525387,0.65015217,0.56109223,1.2806612643,0.9436136342,341,,-0.440204525,,-1.539836131
20120731,20120731,258196.0,01W,KOR,-0.157136,2012,7,20120629,20120630,77.877145814,4.0641159081,77.877145814,,0.0,2.498002e-16,-0.003970336,-0.287687,0.3624309298,0.4186507101,-0.101793475,-0.362068352,-0.376817932,0.1733813068,0.0016576125,-0.025623079,,0.0258079278,-0.424588764,-0.762281982,-0.370447417,0.8508675175,0.4392622599,-0.206028858,-0.110905055,-0.021821296,-0.012077641,-0.009937734,0.1205844706,-0.130522204,0.0523953894,0.0058140501,0.0465813393,-0.046492078,0.0125931407,0.0446279152,-0.057487049,0.0261874788,0.1229711396,0.3288613602,0.0403631303,-0.450909883,0.0408225627,,,-0.13350934,-0.268858705,-2.532857183,-0.256265565,-2.414220046,0.6620385756,0.9562389677,1.0291881068,1.5588580691,,0.1727499764,,,,-0.086107205,-0.085119111,0.0199475249,0.2810186634,,,,,,,-0.191474468,-0.49329503,-0.115577266,0.0693719213,,,-0.380244068,0.0615511991,0.1261447699,0.0324410202,0.3373485905,,0.162710318,0.0600026549,0.2812591394,4.2479202417,,0.6928606366,,0.6930484423,4.0,0.9595431188,1.5285039473,,2.0626709409,,,3.4897962669,0.8215305534,2.0252703379,1.4224081154,3.5464762207,-0.370436246,0.5678258603,0.4164942945,,,,0.9391677352,0.0864416857,0.6741016613,20.018835185,1.1861662122,0.2507519281,0.5879777279,0.6438518052,0.2954837047,0.00234452,1508014.17974398,1.10391989,0.01629282,1.05735225,0.00079269,0.00097766,0.00807689,0.02444295,0.27394987,-0.60918527,1.67889647,0.01928877,1.19217414,0.02265025,0.87919706,0.03571836,0.06552361,0.03221865,-0.75183777,0.02844627,0.0343809,1.95403182,0.65100537,0.56490378,1.2398604848,0.7894574055,342,,-0.440885693,,-1.534997568
20120831,20120831,258196.0,01W,KOR,0.058227,2012,8,20120731,20120731,65.639848258,3.4254972845,65.639848258,,0.0,-1.66533e-16,-0.157135928,-0.109854324,-0.041467529,0.1127673052,-0.237553609,-0.438147205,-0.300910374,-0.12203503,-0.001533378,-0.130637948,,0.0258079278,-0.424588764,-0.762281982,-0.370447417,0.8508675175,0.4392622599,-0.206028858,-0.110905055,-0.021821296,-0.012077641,-0.009937734,0.1205844706,-0.130522204,0.0523953894,0.0058140501,0.0465813393,-0.046492078,0.0125931407,0.0446279152,-0.057487049,0.0261874788,0.1229711396,0.3288613602,0.0403631303,-0.450909883,0.0408225627,,,-0.13350934,-0.268858705,-2.532857183,-0.256265565,-2.414220046,0.6620385756,0.9562389677,1.0291881068,1.5588580691,,0.1727499764,,,,-0.086107205,-0.085119111,0.0199475249,0.2810186634,,,,,,,-0.191474468,-0.49329503,-0.115577266,0.0693719213,,,-0.380244068,0.0615511991,0.1261447699,0.0324410202,0.3373485905,,0.162710318,0.0600026549,0.2812591394,4.2479202417,,0.6928606366,,0.6930484423,4.0,0.9595431188,1.5285039473,,2.0626709409,,,4.1404022092,0.9746892535,2.4028433582,1.6875889745,4.2076490592,-0.439497018,0.6736861601,0.4941417106,,,,1.0043153118,0.0924379164,0.6387112089,20.146633929,1.1916913486,0.1714896649,0.186742653,0.617981258,0.2420878815,0.0011501,1320685.76331809,1.1495502,0.01382875,1.02215959,0.00094717,0.00104826,0.01017916,0.02474478,0.37736179,0.2766714,0.64457777,0.02337225,0.10664642,0.02363111,-0.14782834,0.03149483,0.04941518,0.02776531,0.24124694,0.03364218,0.03456178,1.92010195,0.54870903,0.5626917,1.2196924953,0.6976105955,343,,-0.401753828,,-1.526499312
20120928,20120930,258196.0,01W,KOR,0.03546,2012,9,20120831,20120831,69.46185269,3.6249533489,69.46185269,,0.0,-1.11022e-16,0.0582268932,-0.160482382,-0.277235018,0.1820391807,-0.268036092,-0.094006055,-0.254461086,-0.385411581,0.0387973922,0.0691229593,,0.0258079278,-0.424588764,-0.762281982,-0.370447417,0.8508675175,0.4392622599,-0.206028858,-0.110905055,-0.021821296,-0.012077641,-0.009937734,0.1205844706,-0.130522204,0.0523953894,0.0058140501,0.0465813393,-0.046492078,0.0125931407,0.0446279152,-0.057487049,0.0261874788,0.1229711396,0.3288613602,0.0403631303,-0.450909883,0.0408225627,,,-0.13350934,-0.268858705,-2.532857183,-0.256265565,-2.414220046,0.6620385756,0.9562389677,1.0291881068,1.5588580691,,0.1727499764,,,,-0.086107205,-0.085119111,0.0199475249,0.2810186634,,,,,,,-0.191474468,-0.49329503,-0.115577266,0.0693719213,,,-0.380244068,0.0615511991,0.1261447699,0.0324410202,0.3373485905,,0.162710318,0.0600026549,0.2812591394,4.2479202417,,0.6928606366,,0.6930484423,4.0,0.9595431188,1.5285039473,,2.0626709409,,,3.9125845657,0.9210588578,2.2706315382,1.594732647,3.9761312875,-0.415314542,0.6366178788,0.4669525163,,,,0.9830181225,0.0904777075,0.6676604912,20.101883633,1.182540832,0.1617005702,0.0573801719,0.6202602794,0.190676991,0.00135985,1147930.18434283,1.28008345,0.01212527,1.10004572,0.00102187,0.00108323,0.01003051,0.01884242,-0.39390831,-0.22076499,0.93608067,0.01876221,0.04980894,0.01664365,-0.47850382,0.02690101,0.03155131,0.01896242,-0.46169458,0.03613909,0.03135536,1.85255562,0.58065866,0.56426974,1.175716332,0.6896345535,344,,-0.403438632,,-1.439392183
20121031,20121031,258196.0,01W,KOR,-0.131593,2012,10,20120928,20120930,72.077487313,3.753493105,72.077487313,,0.0021207969,-0.002118551,0.0354596994,-0.108058571,-0.367181045,0.2103838028,0.2603294625,0.6478140128,-0.535478538,0.2698236036,0.0174915827,,,0.0258079278,-0.424588764,-0.762281982,-0.370447417,0.8508675175,0.4392622599,-0.206028858,-0.110905055,-0.021821296,-0.012077641,-0.009937734,0.1205844706,-0.130522204,0.0523953894,0.0058140501,0.0465813393,-0.046492078,0.0125931407,0.0446279152,-0.057487049,0.0261874788,0.1229711396,0.3288613602,0.0403631303,-0.450909883,0.0408225627,,,-0.13350934,-0.268858705,-2.532857183,-0.256265565,-2.414220046,0.6620385756,0.9562389677,1.0291881068,1.5588580691,,0.1727499764,,,,-0.086107205,-0.085119111,0.0199475249,0.2810186634,,,,,,,-0.191474468,-0.49329503,-0.115577266,0.0693719213,,,-0.380244068,0.0615511991,0.1261447699,0.0324410202,0.3373485905,,0.162710318,0.0600026549,0.2812591394,4.2479202417,,0.6928606366,,0.6930484423,4.0,0.9595431188,1.5285039473,,2.0626709409,,,3.7705999872,0.8876343652,2.1882321277,1.5368610691,3.8318406491,-0.400243108,0.6135155229,0.4500071813,,,,0.9689562784,0.0891834451,0.7636301032,20.073993554,1.182904048,0.1282693942,-1.340002327,0.5416066815,0.2973693557,0.00074115,789767.65090086,1.17461535,0.009712,1.15788039,0.00128476,0.00101343,0.01166721,0.03015042,0.91293923,0.26668585,0.93071721,0.02899628,1.61160858,0.0271502,1.25654853,0.03775692,0.08514861,0.03047419,0.48609051,0.03804207,0.03171762,1.80001711,0.60124864,0.56339959,1.2619512451,1.0261927956,345,,-0.407460697,,-1.414854743
20121130,20121130,258196.0,01W,KOR,0.072283,2012,11,20121031,20121031,64.041242035,3.2595594262,64.041242035,,0.0253140347,-0.024998941,-0.131593069,0.0957513007,-0.177888689,-0.114728737,0.0277178363,0.5684158196,-0.120104508,-0.206530885,0.0243041114,-0.112476497,,0.0258079278,-0.424588764,-0.762281982,-0.370447417,0.8508675175,0.4392622599,-0.206028858,-0.110905055,-0.021821296,-0.012077641,-0.009937734,0.1205844706,-0.130522204,0.0523953894,0.0058140501,0.0465813393,-0.046492078,0.0125931407,0.0446279152,-0.057487049,0.0261874788,0.1229711396,0.3288613602,0.0403631303,-0.450909883,0.0408225627,,,-0.13350934,-0.268858705,-2.532857183,-0.256265565,-2.414220046,0.6620385756,0.9562389677,1.0291881068,1.5588580691,,0.1727499764,,,,-0.086107205,-0.085119111,0.0199475249,0.2810186634,,,,,,,-0.191474468,-0.49329503,-0.115577266,0.0693719213,,,-0.380244068,0.0615511991,0.1261447699,0.0324410202,0.3373485905,,0.162710318,0.0600026549,0.2812591394,4.2479202417,,0.6928606366,,0.6930484423,4.0,0.9595431188,1.5285039473,,2.0626709409,,,4.2437554941,0.9990195796,2.462823462,1.7297148007,4.3126809692,-0.450467802,0.6905028059,0.5064765434,,,,1.0134993686,0.0932832237,0.7191527672,20.16693565,1.2261313317,0.1323959992,-0.941039644,0.5162279308,0.2481423518,0.00101403,738926.86753873,1.26425897,0.00971969,1.21050649,0.00125319,0.00098679,0.01020414,0.03156681,-1.41440595,-0.2293882,-1.59392672,0.02773774,-0.82226162,0.02875514,-0.82229971,0.03041126,0.04545153,0.03325764,-0.76111824,0.04036403,0.03133235,1.68370485,0.52212848,0.56941126,1.3112109872,0.8736661829,346,,-0.38490021,,-1.385000988
20121228,20121231,258196.0,01W,KOR,0.654469,2012,12,20121130,20121130,68.864411614,3.4951714105,68.864411614,,0.028211415,-0.027820803,0.0722833836,-0.100799621,-0.201150274,-0.312247182,0.1247788667,0.5754812676,-0.237123957,0.0334454632,0.0278348314,0.2511252036,,0.0258079278,-0.424588764,-0.762281982,-0.370447417,0.8508675175,0.4392622599,-0.206028858,-0.110905055,-0.021821296,-0.012077641,-0.009937734,0.1205844706,-0.130522204,0.0523953894,0.0058140501,0.0465813393,-0.046492078,0.0125931407,0.0446279152,-0.057487049,0.0261874788,0.1229711396,0.3288613602,0.0403631303,-0.450909883,0.0408225627,,,-0.13350934,-0.268858705,-2.532857183,-0.256265565,-2.414220046,0.6620385756,0.9562389677,1.0291881068,1.5588580691,,0.1727499764,,,,-0.086107205,-0.085119111,0.0199475249,0.2810186634,,,,,,,-0.191474468,-0.49329503,-0.115577266,0.0693719213,,,-0.380244068,0.0615511991,0.1261447699,0.0324410202,0.3373485905,,0.162710318,0.0600026549,0.2812591394,4.2479202417,,0.6928606366,,0.6930484423,4.0,0.9595431188,1.5285039473,,2.0626709409,,,3.9465286404,0.9290496092,2.2903306617,1.6085679324,4.0106266691,-0.418917651,0.64214093,0.4710036163,,,,0.9862874589,0.0907786196,0.7623081269,20.108551279,1.2285346297,0.0826007925,-1.899482699,0.5159139904,0.2732438874,0.00106808,720650.21197022,1.31275101,0.00995668,1.21957977,0.00117008,0.00092912,0.01386085,0.03392338,-0.93529283,0.23571824,1.05742006,0.03329914,-0.89302732,0.03156588,-0.61818203,0.04816196,0.08276792,0.03890724,-0.54076272,0.04417655,0.0324373,1.68475543,0.5598697,0.56935736,1.4849907085,1.3662288223,347,,-0.385053009,,-1.419119565
20130131,20130131,258196.0,01W,KOR,-0.25446,2013,1,20121228,20121231,120.71179255,5.7826529194,120.71179255,,0.0893780793,-0.085606964,0.6544690489,-0.068821678,-0.139992193,-0.389837466,0.1670491883,0.3624309298,-0.181220829,0.415728378,0.0495385288,0.0184075429,,0.0258079278,-0.424588764,-0.762281982,-0.370447417,0.8508675175,0.4392622599,-0.206028858,-0.110905055,-0.021821296,-0.012077641,-0.009937734,0.1205844706,-0.130522204,0.0523953894,0.0058140501,0.0465813393,-0.046492078,0.0125931407,0.0446279152,-0.057487049,0.0261874788,0.1229711396,0.3288613602,0.0403631303,-0.450909883,0.0408225627,,,-0.13350934,-0.268858705,-2.532857183,-0.256265565,-2.414220046,0.6620385756,0.9562389677,1.0291881068,1.5588580691,,0.1727499764,,,,-0.086107205,-0.085119111,0.0199475249,0.2810186634,,,,,,,-0.191474468,-0.49329503,-0.115577266,0.0693719213,,,-0.380244068,0.0615511991,0.1261447699,0.0324410202,0.3373485905,,0.162710318,0.0600026549,0.2812591394,4.2479202417,,0.6928606366,,0.6930484423,4.0,0.9595431188,1.5285039473,,2.0626709409,,,2.2514401202,0.5300099795,1.3066020319,0.9176658043,2.2880071609,-0.238986738,0.3663325379,0.2687010624,,,,0.7653813578,0.0704462604,0.7564751469,19.775584472,1.2729139095,0.0433052259,-0.507331861,0.4988431885,0.3067503902,0.00020031,1266217.14322529,1.56392248,0.01541302,1.28818817,0.00069031,0.00075309,0.01689512,0.06094413,1.18210619,0.14369792,-0.62341176,0.06482977,1.17550953,0.06657514,1.15488542,0.11282449,0.15174783,0.06177468,1.14980745,0.03793477,0.03538085,1.74067802,0.92628709,0.56341582,1.7249163629,3.0195607298,348,,-0.390107773,,-1.488890398
20130228,20130228,258196.0,01W,KOR,-0.011626,2013,2,20130131,20130131,101.96153966,4.3111996289,101.96153966,,0.2342249197,-0.210443178,-0.254459901,0.7740596698,0.6881207133,0.2665493814,0.3638539643,-0.041467529,0.4132215261,0.1178081424,0.0156959794,,,0.0258079278,-0.424588764,-0.762281982,-0.370447417,0.8508675175,0.4392622599,-0.206028858,-0.110905055,-0.021821296,-0.012077641,-0.009937734,0.1205844706,-0.130522204,0.0523953894,0.0058140501,0.0465813393,-0.046492078,0.0125931407,0.0446279152,-0.057487049,0.0261874788,0.1229711396,0.3288613602,0.0403631303,-0.450909883,0.0408225627,,,-0.13350934,-0.268858705,-2.532857183,-0.256265565,-2.414220046,0.6620385756,0.9562389677,1.0291881068,1.5588580691,,0.1727499764,,,,-0.086107205,-0.085119111,0.0199475249,0.2810186634,,,,,,,-0.191474468,-0.49329503,-0.115577266,0.0693719213,,,-0.380244068,0.0615511991,0.1261447699,0.0324410202,0.3373485905,,0.162710318,0.0600026549,0.2812591394,4.2479202417,,0.6928606366,,0.6930484423,4.0,0.9595431188,1.5285039473,,2.0626709409,,,2.6654694863,0.6274763495,1.5468800682,1.0864202775,2.7087610357,-0.282935288,0.4336993877,0.318113938,,,,0.8328414344,0.0766553352,0.6887739045,19.856912399,1.2831095591,0.2228213117,0.355252704,0.5046631935,0.3772675319,0.00038597,1729626.11395017,1.37598081,0.01898663,1.17917641,0.00055913,0.00073747,0.01254991,0.03506697,0.92918675,-0.21027034,0.67995628,0.03682192,0.99379684,0.03662445,1.08270041,0.03540765,0.08679931,0.03531287,1.05750136,0.03107898,0.03494426,1.63755232,0.69058416,0.55953625,1.7537305878,0.9540699607,349,,-0.387968366,,-1.493018242
20130329,20130331,258196.0,01W,KOR,-0.025726,2013,3,20130228,20130228,101.32837977,4.261078372,101.32837977,,0.2409881528,-0.21590796,-0.011625826,0.2334730182,0.1893117549,0.0565847069,-0.090355687,-0.277235018,,0.2086384826,-0.004328049,0.0674201282,,0.0258079278,-0.424588764,-0.762281982,-0.370447417,0.8508675175,0.4392622599,-0.206028858,-0.110905055,-0.021821296,-0.012077641,-0.009937734,0.1205844706,-0.130522204,0.0523953894,0.0058140501,0.0465813393,-0.046492078,0.0125931407,0.0446279152,-0.057487049,0.0261874788,0.1229711396,0.3288613602,0.0403631303,-0.450909883,0.0408225627,,,-0.13350934,-0.268858705,-2.532857183,-0.256265565,-2.414220046,0.6620385756,0.9562389677,1.0291881068,1.5588580691,,0.1727499764,,,,-0.086107205,-0.085119111,0.0199475249,0.2810186634,,,,,,,-0.191474468,-0.49329503,-0.115577266,0.0693719213,,,-0.380244068,0.0615511991,0.1261447699,0.0324410202,0.3373485905,,0.162710318,0.0600026549,0.2812591394,4.2479202417,,0.6928606366,,0.6930484423,4.0,0.9595431188,1.5285039473,,2.0626709409,,,2.6821249225,0.6313971944,1.5565458935,1.0932088765,2.7256869832,-0.284703235,0.436409399,0.3201017028,,,,0.8353276114,0.0768841647,0.6649010385,19.860184032,1.2789915385,0.0632903273,0.0629339736,0.5039372931,0.263165698,0.00180097,1809399.95753366,1.31499352,0.01934077,1.16110952,0.00056582,0.00076793,0.00893129,0.02402642,0.47951046,-0.24830781,2.44091194,0.02473726,0.79400239,0.02396802,0.69297929,0.03390632,0.05484777,0.02862362,-0.08694207,0.02995339,0.03432868,1.56759298,0.68255555,0.56114436,1.7642473427,0.9284937074,350,,-0.393050315,,-1.497441097
20130430,20130430,258196.0,01W,KOR,-0.028218,2013,4,20130329,20130331,99.792382406,4.1514593954,99.792382406,,0.2544479773,-0.226695617,-0.025725642,-0.263127421,0.1352301051,0.048463791,-0.256130796,-0.367181045,1.1485386314,-0.202956441,0.0117838421,0.1992189167,,0.0258079278,-0.424588764,-0.762281982,-0.370447417,0.8508675175,0.4392622599,-0.206028858,-0.110905055,-0.021821296,-0.012077641,-0.009937734,0.1205844706,-0.130522204,0.0523953894,0.0058140501,0.0465813393,-0.046492078,0.0125931407,0.0446279152,-0.057487049,0.0261874788,0.1229711396,0.3288613602,0.0403631303,-0.450909883,0.0408225627,,,-0.13350934,-0.268858705,-2.532857183,-0.256265565,-2.414220046,0.6620385756,0.9562389677,1.0291881068,1.5588580691,,0.1727499764,,,,-0.086107205,-0.085119111,0.0199475249,0.2810186634,,,,,,,-0.191474468,-0.49329503,-0.115577266,0.0693719213,,,-0.380244068,0.0615511991,0.1261447699,0.0324410202,0.3373485905,,0.162710318,0.0600026549,0.2812591394,4.2479202417,,0.6928606366,,0.6930484423,4.0,0.9595431188,1.5285039473,,2.0626709409,,,2.7234080015,0.6411156158,1.5805041389,1.110035471,2.7676405664,-0.289085367,0.443126582,0.3250286858,,,,0.841421018,0.0774450063,0.6222086644,19.868293281,1.2729254566,-0.077332887,0.0957894094,0.502570405,0.1660369539,0.0012147,1793536.10858326,1.29686876,0.01856349,1.14762301,0.00060165,0.00087428,0.00547673,0.02349157,1.0912832,-0.10732091,2.07206667,0.02333161,0.96440982,0.02215459,0.23787745,0.03429058,0.06231221,0.02562115,0.87908476,0.02946495,0.03260216,1.64290695,0.71791606,0.55987345,1.7032893643,0.9779703544,351,,-0.398795525,,-1.477573881
20130531,20130531,258196.0,01W,KOR,0.027975,2013,5,20130430,20130430,96.976438334,4.034313405,96.976438334,,0.2544479773,-0.226695617,-0.028218026,-0.037052386,0.2736259269,0.2119289699,-0.090723859,-0.177888689,0.1952571465,-0.106306059,0.0188827542,0.0882856263,,-0.106437135,-0.034154426,-0.304170145,-0.333215899,0.3846862128,-0.248590518,-0.108628969,-0.070284148,0.0193802291,-0.019254857,-0.12219217,-0.044474864,-0.077717305,0.0085473885,0.0039140321,0.0046333564,-0.083260429,0.0833858015,-0.003193145,0.0146818774,0.0476000444,0.187221876,0.2949114785,0.156305448,-0.168612892,0.0773620467,-0.122110013,0.0013363504,-0.123446363,-0.199251097,-4.248727341,-0.115865295,-2.470651635,0.5800774855,1.0027877656,1.0367043964,1.6252515658,,0.1684762768,,,,-0.065305103,-0.151601388,0.0050177791,-0.834588706,,,,,,,0.19033716,-0.379219279,0.4323623367,-0.1816266,,,-0.463412593,0.0854785648,0.1672945159,0.1650162306,0.2635219456,,0.1523544426,0.0956603818,-0.010355875,3.5954141126,,0.6179943406,,0.5812184061,5.0,-0.020933138,1.7595754049,,1.9860295282,,,2.5041998327,0.6964983043,1.4178971244,0.9959988603,2.750733667,-0.117438594,0.3815259697,0.2969637487,,-0.003346489,,0.8479449554,0.1200164573,0.5349436786,18.77236541,1.2561712424,-0.025181097,0.2006662622,0.5899814999,0.3072512011,0.00244655,1738277.22955111,1.33752319,0.01753782,1.21419458,0.00068035,0.00092007,0.01492087,0.02191002,-0.40648592,-0.20300948,2.23921414,0.02049694,-0.27901162,0.02139338,-0.79587964,0.03301038,0.04295596,0.02694995,-0.2485036,0.0302253,0.03212357,1.74968196,0.69765788,0.56319748,1.6891612974,0.9477667702,352,,0.1819741369,,-1.436104104
20130628,20130630,258196.0,01W,KOR,-0.148023,2013,6,20130531,20130531,99.689309391,4.1471714585,99.689309391,,0.2544479773,-0.226695617,0.027974538,-0.053217741,0.1542533774,0.1129283653,-0.011274306,-0.201150274,0.0806414693,-0.003970336,0.0217868337,-0.109901636,,-0.106437135,-0.034154426,-0.304170145,-0.333215899,0.3846862128,-0.248590518,-0.108628969,-0.070284148,0.0193802291,-0.019254857,-0.12219217,-0.044474864,-0.077717305,0.0085473885,0.0039140321,0.0046333564,-0.083260429,0.0833858015,-0.003193145,0.0146818774,0.0476000444,0.187221876,0.2949114785,0.156305448,-0.168612892,0.0773620467,-0.122110013,0.0013363504,-0.123446363,-0.199251097,-4.248727341,-0.115865295,-2.470651635,0.5800774855,1.0027877656,1.0367043964,1.6252515658,,0.1684762768,,,,-0.065305103,-0.151601388,0.0050177791,-0.834588706,,,,,,,0.19033716,-0.379219279,0.4323623367,-0.1816266,,,-0.463412593,0.0854785648,0.1672945159,0.1650162306,0.2635219456,,0.1523544426,0.0956603818,-0.010355875,3.5954141126,,0.6179943406,,0.5812184061,5.0,-0.020933138,1.7595754049,,1.9860295282,,,2.4360523926,0.6775443151,1.3793115218,0.9688944847,2.6758772376,-0.114242707,0.3711434044,0.2888823971,,-0.00325542,,0.8362250048,0.1183576386,0.5523406052,18.787631175,1.2551757307,-0.009078379,0.1559627201,0.5934872144,0.297690855,0.00235328,1748090.91746232,1.32770948,0.01702297,1.25169203,0.00077172,0.00095479,0.00963154,0.02291501,0.68092583,0.19319896,-0.0034049,0.0210253,0.35178858,0.01703366,0.22844725,0.03518619,0.05677819,0.02349213,0.87024994,0.02373686,0.03180112,1.25446242,0.71717454,0.56359126,1.7305693847,1.0435321108,353,,0.163564119,,-1.438168821
20130731,20130731,258196.0,01W,KOR,-0.043391,2013,7,20130628,20130630,85.242040188,3.5332959448,85.242040188,,0.2590120298,-0.23032731,-0.148022699,-0.001032875,-0.282825458,0.1048831961,0.0204363144,-0.139992193,0.1129603682,-0.157135928,0.022615309,0.0062285268,,-0.106437135,-0.034154426,-0.304170145,-0.333215899,0.3846862128,-0.248590518,-0.108628969,-0.070284148,0.0193802291,-0.019254857,-0.12219217,-0.044474864,-0.077717305,0.0085473885,0.0039140321,0.0046333564,-0.083260429,0.0833858015,-0.003193145,0.0146818774,0.0476000444,0.187221876,0.2949114785,0.156305448,-0.168612892,0.0773620467,-0.122110013,0.0013363504,-0.123446363,-0.199251097,-4.248727341,-0.115865295,-2.470651635,0.5800774855,1.0027877656,1.0367043964,1.6252515658,,0.1684762768,,,,-0.065305103,-0.151601388,0.0050177791,-0.834588706,,,,,,,0.19033716,-0.379219279,0.4323623367,-0.1816266,,,-0.463412593,0.0854785648,0.1672945159,0.1650162306,0.2635219456,,0.1523544426,0.0956603818,-0.010355875,3.5954141126,,0.6179943406,,0.5812184061,5.0,-0.020933138,1.7595754049,,1.9860295282,,,2.8489273617,0.7923780884,1.6130844914,1.1331078168,3.1293989825,-0.133605161,0.4340467402,0.3378437048,,-0.003807165,,0.9026669398,0.1277616991,0.5529408124,18.695142704,1.2814279701,0.0190248767,-0.285585534,0.5929453287,0.3318658198,0.0032907,1184774.60476443,1.41770359,0.01130179,1.31833847,0.00132985,0.0009824,0.00484053,0.03316784,-1.47876427,0.76762485,2.90558294,0.02061988,0.39704375,0.02315932,-0.29274051,0.0450207,0.12229396,0.04788462,0.43124686,0.03545408,0.03269075,1.17604116,0.61101643,0.56634145,1.8035121512,1.2819869519,354,,0.1643210684,,-1.456388696
20130830,20130831,258196.0,01W,KOR,-0.118481,2013,8,20130731,20130731,81.544640795,3.3799823995,81.544640795,,0.2590327999,-0.230343807,-0.043391085,-0.124189028,-0.180437871,0.0839796067,0.0314694923,0.6881207133,0.1222330798,0.0582268932,0.013377311,-0.116962992,,-0.106437135,-0.034154426,-0.304170145,-0.333215899,0.3846862128,-0.248590518,-0.108628969,-0.070284148,0.0193802291,-0.019254857,-0.12219217,-0.044474864,-0.077717305,0.0085473885,0.0039140321,0.0046333564,-0.083260429,0.0833858015,-0.003193145,0.0146818774,0.0476000444,0.187221876,0.2949114785,0.156305448,-0.168612892,0.0773620467,-0.122110013,0.0013363504,-0.123446363,-0.199251097,-4.248727341,-0.115865295,-2.470651635,0.5800774855,1.0027877656,1.0367043964,1.6252515658,,0.1790316809,,,,-0.065305103,-0.151601388,0.0050177791,-0.834588706,,,,,,,0.19033716,-0.379219279,0.4323623367,-0.1816266,,,-0.463412593,0.0854785648,0.1672945159,0.1650162306,0.2635219456,,0.1523544426,0.0956603818,-0.010355875,3.377489197,,0.7035323091,,0.5812184061,5.0,-0.020933138,1.7595754049,,1.9860295282,,,2.8505653565,0.8439894816,1.5104161897,1.0000746824,3.271292279,-0.13966309,0.4537272997,0.3531622236,,-0.00397979,,0.9219976535,0.1304135708,0.5776869405,18.666205847,1.2653127623,0.1093215513,1.0195458397,0.5893251758,0.3703546415,0.00379383,626634.29125733,1.12112738,0.0064406,1.06859923,0.00230964,0.00105416,0.01066944,0.01228348,0.28417578,-0.43542043,1.20505499,0.01270378,0.43637342,0.01196954,0.15280134,0.01764969,0.03024173,0.01767168,-0.79843233,0.04606512,0.03190021,1.24411821,0.58450376,0.56907907,1.8447335809,0.5125194836,355,,0.1879850806,,-1.446116607
20130930,20130930,258196.0,01W,KOR,0.029779,2013,9,20130830,20130831,71.883181119,2.979519986,71.883181119,,0.2590327999,-0.230343807,-0.118480621,-0.184990919,-0.206777697,-0.032956613,-0.067579063,0.1893117549,0.9951075331,0.0354596994,-0.000617264,-0.023827575,,-0.106437135,-0.034154426,-0.304170145,-0.333215899,0.3846862128,-0.248590518,-0.108628969,-0.070284148,0.0193802291,-0.019254857,-0.12219217,-0.044474864,-0.077717305,0.0085473885,0.0039140321,0.0046333564,-0.083260429,0.0833858015,-0.003193145,0.0146818774,0.0476000444,0.187221876,0.2949114785,0.156305448,-0.168612892,0.0773620467,-0.122110013,0.0013363504,-0.123446363,-0.199251097,-4.248727341,-0.115865295,-2.470651635,0.5800774855,1.0027877656,1.0367043964,1.6252515658,,0.1790316809,,,,-0.065305103,-0.151601388,0.0050177791,-0.834588706,,,,,,,0.19033716,-0.379219279,0.4323623367,-0.1816266,,,-0.463412593,0.0854785648,0.1672945159,0.1650162306,0.2635219456,,0.1523544426,0.0956603818,-0.010355875,3.377489197,,0.7035323091,,0.5812184061,5.0,-0.020933138,1.7595754049,,1.9860295282,,,3.2336956217,0.9574258963,1.7134236928,1.1344897301,3.7109703504,-0.158434509,0.5147105219,0.4006289957,,-0.004514694,,0.9800542007,0.1378924897,0.5697235421,18.57654057,1.2010013593,0.023433735,-0.085361972,0.5894826746,0.3254829163,0.00346698,523005.51949393,1.26972784,0.0055931,1.17271988,0.00255671,0.00112356,0.00498472,0.01380387,-0.75323375,0.13250592,1.52370398,0.01049737,-1.16975936,0.00949918,0.16184395,0.01656271,0.03384685,0.01852876,0.0365726,0.05287305,0.03162215,1.19842629,0.5152514,0.57260932,1.865476164,0.4800507421,356,,0.1843333679,,-1.45036053
20131031,20131031,258196.0,01W,KOR,-0.105052,2013,10,20130930,20130930,74.023792417,3.0682471966,74.023792417,,0.256368298,-0.228225256,0.0297790285,-0.156730703,-0.282295766,-0.484748605,-0.206200757,0.1352301051,0.5959605998,-0.131593069,0.0140529271,,,-0.106437135,-0.034154426,-0.304170145,-0.333215899,0.3846862128,-0.248590518,-0.108628969,-0.070284148,0.0193802291,-0.019254857,-0.12219217,-0.044474864,-0.077717305,0.0085473885,0.0039140321,0.0046333564,-0.083260429,0.0833858015,-0.003193145,0.0146818774,0.0476000444,0.187221876,0.2949114785,0.156305448,-0.168612892,0.0773620467,-0.122110013,0.0013363504,-0.123446363,-0.199251097,-4.248727341,-0.115865295,-2.470651635,0.5800774855,1.0027877656,1.0367043964,1.6252515658,,0.1790316809,,,,-0.065305103,-0.151601388,0.0050177791,-0.834588706,,,,,,,0.19033716,-0.379219279,0.4323623367,-0.1816266,,,-0.463412593,0.0854785648,0.1672945159,0.1650162306,0.2635219456,,0.1523544426,0.0956603818,-0.010355875,3.377489197,,0.7035323091,,0.5812184061,5.0,-0.020933138,1.7595754049,,1.9860295282,,,3.1401839931,0.9297391672,1.6638751086,1.1016826899,3.6036569476,-0.153852919,0.4998261837,0.3890436537,,-0.004384138,,0.966569248,0.1361624013,0.5643990516,18.598425414,1.2867914601,-0.029320431,-0.414176866,0.5898695872,0.3006523438,0.00477858,366374.7234148,0.72864692,0.00408688,0.6677569,0.00320686,0.00126463,0.00810301,0.01656972,0.36321994,-0.09947229,-0.54357537,0.01170081,1.38891558,0.01331983,1.06021434,0.02428749,0.03104586,0.01656973,0.3636805,0.06443354,0.03081597,1.3595393,0.53059508,0.56231663,1.8728634137,0.7171493468,357,,0.1788716385,,-1.45934951
20131129,20131130,258196.0,01W,KOR,-0.046769,2013,11,20131031,20131031,66.247448937,2.7459218563,66.247448937,,0.2279484698,-0.205344866,-0.105051946,-0.09222983,-0.23946236,-0.288307789,-0.058692665,0.2736259269,0.8748678373,0.0722833836,-0.002068467,-0.142904546,,-0.106437135,-0.034154426,-0.304170145,-0.333215899,0.3846862128,-0.248590518,-0.108628969,-0.070284148,0.0193802291,-0.019254857,-0.12219217,-0.044474864,-0.077717305,0.0085473885,0.0039140321,0.0046333564,-0.083260429,0.0833858015,-0.003193145,0.0146818774,0.0476000444,0.187221876,0.2949114785,0.156305448,-0.168612892,0.0773620467,-0.122110013,0.0013363504,-0.123446363,-0.199251097,-4.248727341,-0.115865295,-2.470651635,0.5800774855,1.0027877656,1.0367043964,1.6252515658,,0.1280900731,,,,-0.065305103,-0.151601388,0.0050177791,-0.834588706,,0.0095596801,0.0028304103,,,,0.19033716,-0.379219279,0.4323623367,-0.1816266,,,-0.463412593,0.0854785648,0.1672945159,0.1650162306,0.2635219456,,0.1523544426,0.0956603818,-0.010355875,3.1595376718,,0.7091897153,,0.5812184061,5.0,-0.020933138,1.7595754049,,1.9860295282,,,3.2200779379,1.0191611155,1.5564659437,1.1440059252,4.0266660544,-0.17191268,0.5584974254,0.4347108775,,-0.004898763,,1.0089370627,0.1426649341,0.5810841602,18.512159505,1.3634106999,0.0370411295,-0.522130479,0.5908692992,0.3461058678,0.00439388,303348.79161593,0.80341751,0.00351039,0.71019796,0.003539,0.00140625,0.00789888,0.01846373,0.03305372,0.04539609,0.09741691,0.01547149,-0.09174701,0.01531928,0.14625324,0.01790095,0.04169763,0.01883646,0.07943506,0.07387026,0.03001706,1.18287833,0.47485504,0.49136955,1.5990089292,0.5435408376,358,,0.1891753306,,-1.437989022
20131230,20131231,258196.0,01W,KOR,-0.078152,2013,12,20131129,20131130,63.14911921,2.6174977214,63.14911921,,0.2244882536,-0.202523005,-0.046769042,-0.078401263,-0.337880798,-0.355580532,-0.214367041,0.1542533774,1.3960354973,0.6544690489,-0.065817384,0.2687651351,,-0.106437135,-0.034154426,-0.304170145,-0.333215899,0.3846862128,-0.248590518,-0.108628969,-0.070284148,0.0193802291,-0.019254857,-0.12219217,-0.044474864,-0.077717305,0.0085473885,0.0039140321,0.0046333564,-0.083260429,0.0833858015,-0.003193145,0.0146818774,0.0476000444,0.187221876,0.2949114785,0.156305448,-0.168612892,0.0773620467,-0.122110013,0.0013363504,-0.123446363,-0.199251097,-4.248727341,-0.115865295,-2.470651635,0.5800774855,1.0027877656,1.0367043964,1.6252515658,,0.1280900731,,,,-0.065305103,-0.151601388,0.0050177791,-0.834588706,,0.0095596801,0.0028304103,,,,0.19033716,-0.379219279,0.4323623367,-0.1816266,,,-0.463412593,0.0854785648,0.1672945159,0.1650162306,0.2635219456,,0.1523544426,0.0956603818,-0.010355875,3.1595376718,,0.7091897153,,0.5812184061,5.0,-0.020933138,1.7595754049,,1.9860295282,,,3.3780668905,1.0691649353,1.6328319289,1.2001350939,4.224229208,-0.180347353,0.5858993781,0.4560394036,,-0.005139114,,1.0314366765,0.1454321171,0.5709538415,18.471869675,1.3720362306,-0.055802291,-0.999249016,0.5914483925,0.3065369314,0.00492482,210219.87725581,0.70287211,0.00268163,0.69790503,0.00409492,0.00154498,0.01024213,0.01210737,0.70103616,0.01120998,0.22845844,0.01269721,0.7353022,0.01105112,1.06108366,0.0135818,0.02227389,0.01216679,0.60079952,0.08625992,0.02867627,1.23291108,0.45264652,0.46051612,1.4048606681,0.4361956726,359,,0.1931349806,,-1.4008536
20140129,20140131,258196.0,01W,KOR,0.000708,2014,1,20131230,20131231,58.213897265,2.4129353719,58.213897265,,0.1557353906,-0.144736843,-0.078151873,-0.14690781,-0.259190919,-0.36949938,-0.54735348,-0.282825458,1.7066232144,-0.254459901,-0.049789381,0.1672817456,,-0.106437135,-0.034154426,-0.304170145,-0.333215899,0.3846862128,-0.248590518,-0.108628969,-0.070284148,0.0193802291,-0.019254857,-0.12219217,-0.044474864,-0.077717305,0.0085473885,0.0039140321,0.0046333564,-0.083260429,0.0833858015,-0.003193145,0.0146818774,0.0476000444,0.187221876,0.2949114785,0.156305448,-0.168612892,0.0773620467,-0.122110013,0.0013363504,-0.123446363,-0.199251097,-4.248727341,-0.115865295,-2.470651635,0.5800774855,1.0027877656,1.0367043964,1.6252515658,,0.1280900731,,,,-0.065305103,-0.151601388,0.0050177791,-0.834588706,,0.0095596801,0.0028304103,,,,0.19033716,-0.379219279,0.4323623367,-0.1816266,,,-0.463412593,0.0854785648,0.1672945159,0.1650162306,0.2635219456,,0.1523544426,0.0956603818,-0.010355875,3.1595376718,,0.7091897153,,0.5812184061,5.0,-0.020933138,1.7595754049,,1.9860295282,,,3.6644505657,1.159805942,1.771259149,1.3018794081,4.5823483113,-0.19563673,0.6355703948,0.4947012314,,-0.005574795,,1.0694241155,0.1500686095,0.4808421934,18.398837039,1.3017119083,-0.429271258,-0.780038994,0.5987840732,0.2735094335,0.0052456,166828.79642778,0.62365514,0.00227639,0.57953342,0.00443105,0.00227087,0.00776008,0.01839862,0.59249382,-0.24140941,2.09417644,0.01921782,0.76067177,0.0194059,0.41066104,0.02090566,0.0444324,0.02055041,0.6131887,0.0948306,0.02287658,1.04270215,0.43390416,0.45239673,1.1317732777,0.8163135825,360,,0.1891753306,,-1.276747837
20140228,20140228,258196.0,01W,KOR,0.165651,2014,2,20140129,20140131,58.255127016,2.4146443233,58.255127016,,0.0200999671,-0.019900629,0.0007082458,-0.121265827,-0.286110078,-0.401896896,-0.440309988,-0.180437871,0.5032216094,-0.011625826,-0.048668102,0.0113305176,,-0.106437135,-0.034154426,-0.304170145,-0.333215899,0.3846862128,-0.248590518,-0.108628969,-0.070284148,0.0193802291,-0.019254857,-0.12219217,-0.044474864,-0.077717305,0.0085473885,0.0039140321,0.0046333564,-0.083260429,0.0833858015,-0.003193145,0.0146818774,0.0476000444,0.187221876,0.2949114785,0.156305448,-0.168612892,0.0773620467,-0.122110013,0.0013363504,-0.123446363,-0.199251097,-4.248727341,-0.115865295,-2.470651635,0.5800774855,1.0027877656,1.0367043964,1.6252515658,,0.0560085292,,,,-0.065305103,-0.151601388,0.0050177791,-0.834588706,,-0.033545315,-0.01061716,,,,0.19033716,-0.379219279,0.4323623367,-0.1816266,,,-0.463412593,0.0854785648,0.1672945159,0.1650162306,0.2635219456,,0.1523544426,0.0956603818,-0.010355875,3.1022945169,,0.6909519849,,0.5812184061,5.0,-0.020933138,1.7595754049,,1.9860295282,,,3.6731484044,1.1840102171,1.8146021709,1.6088745314,4.5791051791,-0.19549827,0.6351205733,0.4943511093,,-0.005570849,,1.0705324134,0.1500286512,0.5099484615,18.399498424,1.3608449513,-0.330522472,-0.612285965,0.6362904884,0.222554905,0.00422162,156087.42170539,0.6772643,0.00227795,0.65276381,0.00452562,0.00319372,0.00933509,0.0201815,0.81794871,-0.26993944,2.18140614,0.01984471,0.68051674,0.02133783,0.35891542,0.03130833,0.0504661,0.02311882,0.77403159,0.10289116,0.02112845,1.25545746,0.50901638,0.46273715,1.0998564404,1.2920481236,361,,0.2080377268,,-1.272377085
20140331,20140331,258196.0,01W,KOR,-0.039342,2014,3,20140228,20140228,67.905129269,2.8146318327,67.905129269,,0.0145405474,-0.014435847,0.1656506946,-0.077498978,-0.18958613,-0.417761154,-0.433325531,-0.206777697,0.5566372949,-0.025725642,-0.031270253,0.1484592768,,-0.106437135,-0.034154426,-0.304170145,-0.333215899,0.3846862128,-0.248590518,-0.108628969,-0.070284148,0.0193802291,-0.019254857,-0.12219217,-0.044474864,-0.077717305,0.0085473885,0.0039140321,0.0046333564,-0.083260429,0.0833858015,-0.003193145,0.0146818774,0.0476000444,0.187221876,0.2949114785,0.156305448,-0.168612892,0.0773620467,-0.122110013,0.0013363504,-0.123446363,-0.199251097,-4.248727341,-0.115865295,-2.470651635,0.5800774855,1.0027877656,1.0367043964,1.6252515658,,0.0560085292,,,,-0.065305103,-0.151601388,0.0050177791,-0.834588706,,-0.033545315,-0.01061716,,,,0.19033716,-0.379219279,0.4323623367,-0.1816266,,,-0.463412593,0.0854785648,0.1672945159,0.1650162306,0.2635219456,,0.1523544426,0.0956603818,-0.010355875,3.1022945169,,0.6909519849,,0.5812184061,5.0,-0.020933138,1.7595754049,,1.9860295282,,,3.1511570503,1.0157504496,1.5567289406,1.3802372691,3.9283682499,-0.167715998,0.5448635481,0.4240988416,,-0.004779176,,1.0066171763,0.1412272312,0.5109929536,18.532205762,1.4694434652,-0.210101334,-0.01392848,0.6375746763,0.2235747297,0.00391476,146785.45607549,0.82882087,0.00226514,0.80936506,0.00461401,0.00341508,0.01255676,0.01733948,0.67954946,-0.30395197,1.85921762,0.01806475,0.86449822,0.0181485,0.98296179,0.03489823,0.05825603,0.02014885,0.81126681,0.11124738,0.02067847,1.30139185,0.64478531,0.4639116,1.0761003054,1.4702141445,362,,0.2050660236,,-1.261299128
20140430,20140430,258196.0,01W,KOR,0.108001,2014,4,20140331,20140331,65.233589173,2.7038979032,65.233589173,,0.0036548528,-0.00364819,-0.039342243,0.1664762618,-0.082658061,-0.203397656,-0.322013884,-0.282295766,0.0256796383,-0.028218026,-0.032281546,0.0402977027,,-0.106437135,-0.034154426,-0.304170145,-0.333215899,0.3846862128,-0.248590518,-0.108628969,-0.070284148,0.0193802291,-0.019254857,-0.12219217,-0.044474864,-0.077717305,0.0085473885,0.0039140321,0.0046333564,-0.083260429,0.0833858015,-0.003193145,0.0146818774,0.0476000444,0.187221876,0.2949114785,0.156305448,-0.168612892,0.0773620467,-0.122110013,0.0013363504,-0.123446363,-0.199251097,-4.248727341,-0.115865295,-2.470651635,0.5800774855,1.0027877656,1.0367043964,1.6252515658,,0.0560085292,,,,-0.065305103,-0.151601388,0.0050177791,-0.834588706,,-0.033545315,-0.01061716,,,,0.19033716,-0.379219279,0.4323623367,-0.1816266,,,-0.463412593,0.0854785648,0.1672945159,0.1650162306,0.2635219456,,0.1523544426,0.0956603818,-0.010355875,3.1022945169,,0.6909519849,,0.5812184061,5.0,-0.020933138,1.7595754049,,1.9860295282,,,3.2802077819,1.057348928,1.6204823511,1.4367627378,4.0892484563,-0.174584546,0.5671775866,0.4414671495,,-0.004974899,,1.0235348839,0.1435587695,0.5135446803,18.49939683,1.3958913789,-0.093391332,0.244489325,0.646658179,0.2354612149,0.00377031,162648.44721084,0.85110392,0.0025303,0.81927849,0.00442867,0.00385287,0.00875614,0.01965272,0.07609353,0.13940329,2.0960916,0.01943477,0.01083929,0.02039234,-0.40911857,0.02431868,0.05676824,0.02156114,0.50640425,0.10500251,0.02035784,1.28495961,0.61941801,0.46202372,1.0474458038,1.0386231098,363,,0.2001971997,,-1.260152701
20140530,20140531,258196.0,01W,KOR,-0.051675,2014,5,20140430,20140430,72.278904859,2.9959225266,72.278904859,,0.0036548528,-0.00364819,0.1080013498,0.1197913817,-0.015304133,-0.20002604,-0.32977495,-0.23946236,-0.250451777,0.027974538,-0.025006381,0.0645887436,,-0.141032856,-0.164919539,0.1004810729,-0.160146902,-0.454760651,-0.535897022,-0.817968002,-0.026221582,-0.02648407,-0.052583737,-0.015635362,0.0145079957,-0.030143358,0.0101839976,0.0031112588,0.0070727389,-0.21388862,0.1348208123,-0.013190962,0.0321074888,0.0435040045,0.1870687351,0.2043766835,0.1630320561,0.0137183906,0.0630128712,-0.221077841,0.0037096949,-0.224787536,-0.092913956,-19.03017445,0.0419068559,8.5831538137,0.6293567679,0.9752076027,0.9868841295,1.4484384118,0.0175751159,0.0638847592,,,,-0.019816903,0.1464663206,0.001312363,-0.234252414,,0.0630706184,0.0203303129,,,,0.1486183623,-0.132126182,0.1687491262,-0.180037313,,,-0.312194182,0.0957428203,0.160685897,0.1791981396,0.175552856,0.875750837,0.0977964106,0.1114627271,-0.054558032,2.809732532,,0.6952500001,0.751153274,0.5200249296,6.0,-1.645510088,1.4427157732,8.0499040863,1.7522930487,0.1483500694,0.0798028325,2.8860257395,1.0271531922,1.2851012078,1.1007281482,3.0819921725,0.0140908887,0.2822429583,0.1573857488,,-0.010706275,0.0541663696,1.0128885065,0.127345335,0.4638122423,14.287715554,1.3839054319,-0.309020044,0.2109892649,0.4560183017,0.468812916,0.00316992,187857.49738247,0.83461775,0.0028839,0.78981873,0.00415921,0.00394269,0.00639366,0.02099516,0.27534301,-0.27939966,-0.50179025,0.021691,0.16297954,0.02236336,0.18912355,0.03455519,0.05981885,0.02433274,-0.12353742,0.09918478,0.02036627,1.09126449,0.68631599,0.45030848,1.0555703306,1.4868060402,364,-0.210496857,0.378227277,0.1637197773,-1.087363096
20140630,20140630,258196.0,01W,KOR,0.261019,2014,6,20140530,20140531,68.54388853,2.8411080675,68.54388853,,0.0036548528,-0.00364819,-0.051675054,0.0644100915,0.1445750275,0.005505095,-0.277598586,-0.337880798,-0.478072268,-0.148022699,-0.016247504,-0.10267079,,-0.141032856,-0.164919539,0.1004810729,-0.160146902,-0.454760651,-0.535897022,-0.817968002,-0.026221582,-0.02648407,-0.052583737,-0.015635362,0.0145079957,-0.030143358,0.0101839976,0.0031112588,0.0070727389,-0.21388862,0.1348208123,-0.013190962,0.0321074888,0.0435040045,0.1870687351,0.2043766835,0.1630320561,0.0137183906,0.0630128712,-0.221077841,0.0037096949,-0.224787536,-0.092913956,-19.03017445,0.0419068559,8.5831538137,0.6293567679,0.9752076027,0.9868841295,1.4484384118,0.0175751159,0.0638847592,,,,-0.019816903,0.1464663206,0.001312363,-0.234252414,,0.0630706184,0.0203303129,,,,0.1486183623,-0.132126182,0.1687491262,-0.180037313,,,-0.312194182,0.0957428203,0.160685897,0.1791981396,0.175552856,0.875750837,0.0977964106,0.1114627271,-0.054558032,2.809732532,,0.6952500001,0.751153274,0.5200249296,6.0,-1.645510088,1.4427157732,8.0499040863,1.7522930487,0.1483500694,0.0798028325,3.0432878016,1.0831236664,1.3551274945,1.160707786,3.2499326167,0.0148587135,0.2976226235,0.1659618357,,-0.011289669,0.0571179424,1.038432534,0.130556856,0.4592366375,14.012775436,1.3336618959,-0.198406864,0.4354201364,0.4582216094,0.468259369,0.00325764,211958.60229986,0.76113584,0.00321023,0.71987303,0.00391881,0.00411064,0.00868592,0.02132081,0.29701517,0.04074965,1.14038772,0.02185932,0.40987321,0.02207764,0.27684091,0.02496406,0.04158841,0.02284958,0.30951213,0.09432564,0.02009552,1.35307008,0.67172572,0.45872878,1.1073215977,1.0768730221,365,-0.310847231,0.3609782357,0.1527893169,-1.158843014
20140731,20140731,258196.0,01W,KOR,-0.161834,2014,7,20140630,20140630,86.435155899,3.582691674,86.435155899,,1.64972e-05,-1.6497e-05,0.2610191478,0.05074532,0.1774488868,-0.074028953,-0.195904302,-0.259190919,-0.563607159,-0.043391085,0.0114261533,0.0079696169,,-0.141032856,-0.164919539,0.1004810729,-0.160146902,-0.454760651,-0.535897022,-0.817968002,-0.026221582,-0.02648407,-0.052583737,-0.015635362,0.0145079957,-0.030143358,0.0101839976,0.0031112588,0.0070727389,-0.21388862,0.1348208123,-0.013190962,0.0321074888,0.0435040045,0.1870687351,0.2043766835,0.1630320561,0.0137183906,0.0630128712,-0.221077841,0.0037096949,-0.224787536,-0.092913956,-19.03017445,0.0419068559,8.5831538137,0.6293567679,0.9752076027,0.9868841295,1.4484384118,0.0175751159,0.0638847592,,,,-0.019816903,0.1464663206,0.001312363,-0.234252414,,0.0630706184,0.0203303129,,,,0.1486183623,-0.132126182,0.1687491262,-0.180037313,,,-0.312194182,0.0957428203,0.160685897,0.1791981396,0.175552856,0.875750837,0.0977964106,0.1114627271,-0.054558032,2.809732532,,0.6952500001,0.751153274,0.5200249296,6.0,-1.645510088,1.4427157732,8.0499040863,1.7522930487,0.1483500694,0.0798028325,2.4133557425,0.8589272164,1.0746288008,0.9204521502,2.5772270171,0.011783099,0.2360175292,0.1316092908,,-0.008952813,0.0452950635,0.9265079519,0.116485146,0.4847012491,15.114081067,1.3428324091,-0.360042611,0.4714670301,0.4657135525,0.4677591245,0.00101712,362836.85091844,1.31381726,0.00494347,1.17091274,0.00294828,0.00361793,0.00959162,0.04707224,0.92449827,0.01894006,-0.37538058,0.04975382,0.63098502,0.04630496,0.62800513,0.07654107,0.13489266,0.04707236,0.92423784,0.07696435,0.02198951,1.32129762,0.96055604,0.45394925,1.2367532501,3.285164976,366,-0.327791693,0.3563149698,0.1494730118,-1.184679388
20140829,20140831,258196.0,01W,KOR,0.005258,2014,8,20140731,20140731,72.944936153,3.0028920806,72.944936153,,0.0068724055,-0.006848898,-0.161833517,0.1958559149,0.4837347428,0.3047318393,0.0599734704,-0.286110078,-0.621927915,-0.118480621,0.007484981,-0.001217449,,-0.112677962,-0.164919539,0.1004810729,-0.154071833,-0.454760651,-0.535897022,-0.817968002,-0.025028468,-0.025678723,-0.052583737,0.0057399953,0.0019809352,0.0037590601,0.0391696571,0.0046518347,0.0345178224,-0.160524382,0.1348456589,-0.013190962,0.026931816,0.0653508387,0.2077620722,0.186646077,0.2457426301,0.0741065465,0.0957665983,-0.221077841,0.0037096949,-0.220307734,-0.069784952,-2.611381168,0.0650607065,2.434597977,0.6539125812,0.9699827263,1.0219564879,1.4654226359,0.0175751159,0.0555488193,,,,0.0339639214,0.0404282149,0.001312363,-0.234252414,0.2130516751,0.0372910981,0.0132721167,,,,0.1486183623,-0.132126182,0.1687491262,-0.180037313,,,-0.312194182,0.1036934512,0.1843518653,0.2655771356,0.1656151774,0.9920943254,0.0965083404,0.1168611246,-0.054558032,2.7730969688,,0.6995415459,0.751153274,0.5354232148,6.0,-1.645510088,1.570155569,8.0499040863,1.7522930487,0.1483500694,0.0798028325,2.8275646678,1.0196414693,1.2345907654,1.0775228866,3.0731212721,0.0755621079,0.2728835735,0.1053860549,,-0.01060852,0.053671798,1.009417864,0.1590511417,0.5076402295,14.33378509,1.3984627336,0.0324182304,0.5914298973,0.5025449417,0.5406932899,0.00253237,407332.19236646,1.15624207,0.00536425,1.06446159,0.00273701,0.00350854,0.00648843,0.02160543,0.10322898,-0.51418549,-1.93475998,0.02084427,0.12935021,0.02194167,0.22974262,0.02117265,0.03950514,0.02162278,0.13777655,0.06404704,0.02273526,1.2563018,0.80510588,0.45307835,1.3667743566,0.8932754589,367,-0.049369635,0.8327041058,0.1316523592,-1.158169201
20140930,20140930,258196.0,01W,KOR,0.016993,2014,9,20140829,20140831,73.367714682,3.0186817945,73.367714682,,0.0074109586,-0.007383632,0.0052581689,0.0569439843,0.0668862783,0.1472377057,0.0078442483,-0.18958613,-0.730715541,0.0297790285,0.0052558119,-0.088569236,,-0.112677962,-0.164919539,0.1004810729,-0.154071833,-0.454760651,-0.535897022,-0.817968002,-0.025028468,-0.025678723,-0.052583737,0.0057399953,0.0019809352,0.0037590601,0.0391696571,0.0046518347,0.0345178224,-0.160524382,0.1348456589,-0.013190962,0.026931816,0.0653508387,0.2077620722,0.186646077,0.2457426301,0.0741065465,0.0957665983,-0.221077841,0.0037096949,-0.220307734,-0.069784952,-2.611381168,0.0650607065,2.434597977,0.6539125812,0.9699827263,1.0219564879,1.4654226359,0.0175751159,0.0555488193,,,,0.0339639214,0.0404282149,0.001312363,-0.234252414,0.2130516751,0.0372910981,0.0132721167,,,,0.1486183623,-0.132126182,0.1687491262,-0.180037313,,,-0.312194182,0.1036934512,0.1843518653,0.2655771356,0.1656151774,0.9920943254,0.0965083404,0.1168611246,-0.054558032,2.7730969688,,0.6995415459,0.751153274,0.5354232148,6.0,-1.645510088,1.570155569,8.0499040863,1.7522930487,0.1483500694,0.0798028325,2.8112709392,1.013765826,1.2274764853,1.071313704,3.0554125334,0.0751266843,0.2713110928,0.104778772,,-0.010547389,0.0533625164,1.0066096317,0.1586086564,0.528465557,14.362594787,1.4041036333,-0.018368124,0.0149592006,0.5025249065,0.5172967187,0.00420885,402130.38516407,1.16437935,0.00523393,1.08386477,0.00273242,0.00356918,0.01085546,0.01854015,0.08555756,-0.28325226,2.47084359,0.01783143,-0.06827067,0.01850703,0.0999217,0.03034108,0.03576541,0.02300921,-0.35786776,0.06278361,0.02304782,1.26077472,0.80933926,0.45798391,1.4504758538,1.2661132539,368,-0.082282724,0.8286882376,0.1261668442,-1.176899701
20141031,20141031,258196.0,01W,KOR,-0.078842,2014,10,20140930,20140930,74.614457391,3.0699784654,74.614457391,,0.0074109586,-0.007383632,0.01699307,-0.157426296,0.1164185567,0.2510412958,-0.016154305,-0.082658061,-0.684809595,-0.105051946,0.0163508134,,,-0.112677962,-0.164919539,0.1004810729,-0.154071833,-0.454760651,-0.535897022,-0.817968002,-0.025028468,-0.025678723,-0.052583737,0.0057399953,0.0019809352,0.0037590601,0.0391696571,0.0046518347,0.0345178224,-0.160524382,0.1348456589,-0.013190962,0.026931816,0.0653508387,0.2077620722,0.186646077,0.2457426301,0.0741065465,0.0957665983,-0.221077841,0.0037096949,-0.220307734,-0.069784952,-2.611381168,0.0650607065,2.434597977,0.6539125812,0.9699827263,1.0219564879,1.4654226359,0.0175751159,0.0555488193,,,,0.0339639214,0.0404282149,0.001312363,-0.234252414,0.2130516751,0.0372910981,0.0132721167,,,,0.1486183623,-0.132126182,0.1687491262,-0.180037313,,,-0.312194182,0.1036934512,0.1843518653,0.2655771356,0.1656151774,0.9920943254,0.0965083404,0.1168611246,-0.054558032,2.7730969688,,0.6995415459,0.751153274,0.5354232148,6.0,-1.645510088,1.570155569,8.0499040863,1.7522930487,0.1483500694,0.0798028325,2.7642970461,0.9968266805,1.2069664205,1.0534129834,3.0043592465,0.0738713827,0.2667777204,0.1030280098,,-0.010371151,0.0524708752,0.9984185995,0.1573180184,0.5237054364,14.445651506,1.4788665343,-0.014676056,0.0662494903,0.5040586084,0.5181684765,0.00154336,483688.95437466,1.53735873,0.00623897,1.50745831,0.00236178,0.00326048,0.0085007,0.04115542,2.63107866,0.11259564,-2.63737693,0.0385972,1.35113597,0.03886909,0.56452131,0.04466141,0.14972752,0.04133983,2.73724761,0.0603633,0.02519366,0.93396622,0.82309242,0.45971752,1.5580043522,1.7141431463,369,-0.126166844,0.826044894,0.1371378741,-1.254189954
20141128,20141130,258196.0,01W,KOR,-0.073051,2014,11,20141031,20141031,68.731674584,2.8279339989,68.731674584,,0.0074109586,-0.007383632,-0.078842399,0.0223405913,0.0247189098,0.2713998644,0.1180137768,-0.015304133,-0.723392111,-0.046769042,0.0134350537,-0.084595787,,0.1281972571,-0.164919539,0.1004810729,-0.208956683,-0.454760651,-0.535897022,-0.817968002,-0.029613693,-0.002989641,-0.052583737,0.1462525043,0.0326903685,0.1135621359,0.0520156908,0.0055031459,0.0465125448,0.0066232372,-0.009612878,-0.013190962,0.0688367904,0.0547408206,0.1697400479,0.1166696803,0.1772371789,0.1325677203,0.0658102807,-0.221077841,0.0037096949,-0.072544476,-0.030117583,-0.650265902,-0.039730461,-0.857816653,0.8445826315,0.8181464483,0.9591953137,1.2022158234,0.0175751159,0.0318868007,,,,0.1805958157,-0.002659589,0.001312363,-0.234252414,-0.134169277,0.0846065399,0.0305097661,0.0750468598,0.0276793558,,0.1486183623,-0.132126182,0.1687491262,-0.180037313,,,-0.312194182,0.0976478389,0.1915002565,0.2207266392,0.1316264133,1.0589728783,0.0764333789,0.0865520974,-0.054558032,2.8622571917,,0.6585949859,0.751153274,0.693606162,6.0,-1.645510088,1.3955459774,8.0499040863,1.7522930487,0.1483500694,0.0798028325,3.5015768048,1.2233620427,1.5234010843,1.4117470025,3.1678714431,0.1621783171,0.2676373468,-0.077091411,,-0.011258824,0.056961887,1.0925802903,0.1256636026,0.6977581811,14.027312061,1.5163836215,0.1815081395,0.1444234145,0.4155608246,0.5869082683,0.00310293,488594.09810321,1.53457099,0.00629416,1.50905703,0.00236176,0.00319041,0.01356473,0.02187526,0.1575259,-0.25670551,2.03841871,0.02024929,0.55837872,0.02092565,0.64802008,0.03443317,0.07317279,0.02726653,1.10733012,0.06197897,0.02540365,1.10410966,0.75819784,0.45997672,1.5346791419,1.2927615546,370,-0.159585351,0.7693605288,0.1210647491,-1.296833547
20141230,20141231,258196.0,01W,KOR,0.019313,2014,12,20141128,20141130,63.710725498,2.6213492952,63.710725498,,0.0074109586,-0.007383632,-0.073051459,-0.063189103,-0.004636947,0.0047260768,0.0803959735,0.1445750275,-0.694839573,-0.078151873,0.0138987278,0.316228129,,0.1281972571,-0.164919539,0.1004810729,-0.208956683,-0.454760651,-0.535897022,-0.817968002,-0.029613693,-0.002989641,-0.052583737,0.1462525043,0.0326903685,0.1135621359,0.0520156908,0.0055031459,0.0465125448,0.0066232372,-0.009612878,-0.013190962,0.0688367904,0.0547408206,0.1697400479,0.1166696803,0.1772371789,0.1325677203,0.0658102807,-0.221077841,0.0037096949,-0.072544476,-0.030117583,-0.650265902,-0.039730461,-0.857816653,0.8445826315,0.8181464483,0.9591953137,1.2022158234,0.0175751159,0.0318868007,,,,0.1805958157,-0.002659589,0.001312363,-0.234252414,-0.134169277,0.0846065399,0.0305097661,0.0750468598,0.0276793558,,0.1486183623,-0.132126182,0.1687491262,-0.180037313,,,-0.312194182,0.0976478389,0.1915002565,0.2207266392,0.1316264133,1.0589728783,0.0764333789,0.0865520974,-0.054558032,2.8622571917,,0.6585949859,0.751153274,0.693606162,6.0,-1.645510088,1.3955459774,8.0499040863,1.7522930487,0.1483500694,0.0798028325,3.777530951,1.3197734159,1.6434580954,1.5230047187,3.4175267579,0.174959353,0.2887294546,-0.083166873,,-0.012146115,0.06145097,1.1267081117,0.1295888289,0.7081043931,13.609152286,1.5139785778,0.2034542121,0.231743928,0.4169218307,0.5842967404,0.00449537,466055.97319584,1.61461304,0.00601877,1.58153492,0.0024641,0.00317991,0.00968595,0.01396207,-0.17395399,-0.33815548,2.02809245,0.01395098,-0.38912669,0.01491568,-0.45570689,0.02189437,0.02952245,0.01945254,0.21904695,0.07382109,0.02537674,1.33545978,0.70281038,0.47513518,1.6293551658,0.8100697241,371,-0.190153609,0.7686264912,0.1185015247,-1.336257287
20150130,20150131,258196.0,01W,KOR,0.029063,2015,1,20141230,20141231,64.941167631,2.6719752863,64.941167631,,0.0074109586,-0.007383632,0.0193129512,-0.146134305,-0.268329643,-0.030529484,0.0863736036,0.1774488868,-0.818079591,0.0007082458,0.0155900646,0.0180715184,,0.1281972571,-0.164919539,0.1004810729,-0.208956683,-0.454760651,-0.535897022,-0.817968002,-0.029613693,-0.002989641,-0.052583737,0.1462525043,0.0326903685,0.1135621359,0.0520156908,0.0055031459,0.0465125448,0.0066232372,-0.009612878,-0.013190962,0.0688367904,0.0547408206,0.1697400479,0.1166696803,0.1772371789,0.1325677203,0.0658102807,-0.221077841,0.0037096949,-0.072544476,-0.030117583,-0.650265902,-0.039730461,-0.857816653,0.8445826315,0.8181464483,0.9591953137,1.2022158234,0.0175751159,0.0318868007,,,,0.1805958157,-0.002659589,0.001312363,-0.234252414,-0.134169277,0.0846065399,0.0305097661,0.0750468598,0.0276793558,,0.1486183623,-0.132126182,0.1687491262,-0.180037313,,,-0.312194182,0.0976478389,0.1915002565,0.2207266392,0.1316264133,1.0589728783,0.0764333789,0.0865520974,-0.054558032,2.8622571917,,0.6585949859,0.751153274,0.693606162,6.0,-1.645510088,1.3955459774,8.0499040863,1.7522930487,0.1483500694,0.0798028325,3.7059579656,1.2947676318,1.6123194486,1.4941483054,3.3527747821,0.1716443933,0.2832588895,-0.081591108,,-0.011915983,0.0602866567,1.1181489694,0.1286043954,0.7252334446,13.717608506,1.3408581995,0.231853673,-0.125281339,0.4186839187,0.5941497955,0.00420934,328290.49106573,1.90977729,0.00445307,1.8234922,0.00313649,0.00316083,0.0080503,0.01546932,0.64464907,0.12846508,0.58108724,0.0159928,0.83576133,0.01494774,0.70802311,0.02146172,0.0341371,0.01622526,0.16411641,0.07981756,0.02519258,1.28362642,0.71638372,0.47522474,1.6074870292,0.8028391183,372,-0.171134955,0.7659851631,0.1214506131,-1.336494218
20150227,20150228,258196.0,01W,KOR,0.082637,2015,2,20150130,20150131,66.828581032,2.7496320662,66.828581032,,0.0074109586,-0.007383632,0.029063435,-0.055149347,-0.110199363,-0.108129378,0.1065709597,0.4837347428,-0.790910569,0.1656506946,0.003173041,0.0198094813,,0.1785984645,-0.164919539,0.1004810729,-0.1020338,-0.454760651,-0.535897022,-0.817968002,-0.014348533,-0.003549134,-0.052583737,0.0689461821,0.1047158658,-0.035769684,0.0878218454,0.0064993815,0.0813224638,-0.008034965,0.0044858313,-0.013190962,0.0483760079,0.0508732639,0.1561553246,0.207904006,0.1885449486,0.1681714271,0.0618262318,-0.221077841,0.0037096949,-0.077604208,-0.130197098,-2.405280766,-0.125711266,-2.322408843,0.8056439323,0.7573685749,0.903533807,1.2152990991,0.0175751159,0.0458370196,,,,0.0536884368,0.0456222862,0.001312363,-0.234252414,-0.125474763,0.0028500161,0.0009957233,0.0363953316,0.0116128828,,0.1486183623,-0.132126182,0.1687491262,-0.180037313,,,-0.312194182,0.0915852428,0.1840444258,0.221894794,0.2450353422,1.0490028292,0.1843267859,0.0777069083,-0.054558032,3.1068242385,,0.646689573,0.751153274,0.7186153028,6.0,-1.645510088,1.1311683149,8.0499040863,1.7522930487,0.1483500694,0.0798028325,3.7737772313,1.2146735514,1.5514842728,1.3785055719,3.1513888449,0.2042733846,0.6956082277,0.0958359705,,-0.011579444,0.0585840043,1.0902212537,0.123291097,0.7565136464,13.876211219,1.3305165347,0.1996433344,0.3737676608,0.3362898946,0.4451237589,0.00379023,291776.98465555,2.13885993,0.0040942,1.98148521,0.00333548,0.00312997,0.01123215,0.01982352,1.48541058,0.21014653,0.41989588,0.01647197,1.13475601,0.01864675,1.54268516,0.03058522,0.05147289,0.0209834,1.16116807,0.08366524,0.02515066,1.00826043,0.73720429,0.46900852,1.584875015,1.1509130742,373,0.1656144724,1.285646054,0.1380120604,-1.332107419
20150331,20150331,258196.0,01W,KOR,-0.07678,2015,3,20150227,20150228,72.357480968,2.9768524781,72.357480968,,0.0075001993,-0.007472213,0.0826366606,0.0489376869,-0.089128218,-0.032197297,-0.023093524,0.0668862783,-0.764229869,-0.039342243,0.0142620322,0.0223725313,,0.1785984645,-0.164919539,0.1004810729,-0.1020338,-0.454760651,-0.535897022,-0.817968002,-0.014348533,-0.003549134,-0.052583737,0.0689461821,0.1047158658,-0.035769684,0.0878218454,0.0064993815,0.0813224638,-0.008034965,0.0044858313,-0.013190962,0.0483760079,0.0508732639,0.1561553246,0.207904006,0.1885449486,0.1681714271,0.0618262318,-0.221077841,0.0037096949,-0.077604208,-0.130197098,-2.405280766,-0.125711266,-2.322408843,0.8056439323,0.7573685749,0.903533807,1.2152990991,0.0175751159,0.0458370196,,,,0.0536884368,0.0456222862,0.001312363,-0.234252414,-0.125474763,0.0028500161,0.0009957233,0.0363953316,0.0116128828,,0.1486183623,-0.132126182,0.1687491262,-0.180037313,,,-0.312194182,0.0915852428,0.1840444258,0.221894794,0.2450353422,1.0490028292,0.1843267859,0.0777069083,-0.054558032,3.1068242385,,0.646689573,0.751153274,0.7186153028,6.0,-1.645510088,1.1311683149,8.0499040863,1.7522930487,0.1483500694,0.0798028325,3.4854195327,1.1218592573,1.4329339698,1.2731727263,2.9105884004,0.1886646723,0.6424561799,0.0885130582,,-0.010694649,0.054107548,1.0535743322,0.1191467647,0.722225206,14.293194808,1.3399907866,0.1151359037,0.4860167162,0.3359295327,0.4031794012,0.00260215,331610.5659718,1.91112089,0.00465204,1.77188627,0.00315521,0.00302941,0.01459352,0.01846657,0.59925857,-0.37195983,1.93613441,0.01949558,0.27490443,0.01946039,0.58286731,0.0303064,0.04602427,0.02172742,0.34888066,0.07333512,0.02525008,1.12291607,0.79812439,0.46572147,1.5874038303,1.1363364487,374,0.16009399,1.2830006934,0.1380120604,-1.323807685
20150430,20150430,258196.0,01W,KOR,0.272441,2015,4,20150331,20150331,67.86724494,2.748291175,67.86724494,,0.0235675072,-0.023294081,-0.07677952,0.1141018008,-0.030334411,-0.169101684,0.1009485508,0.1164185567,-0.793294743,0.1080013498,-0.002536229,-0.04920272,,0.1785984645,-0.164919539,0.1004810729,-0.1020338,-0.454760651,-0.535897022,-0.817968002,-0.014348533,-0.003549134,-0.052583737,0.0689461821,0.1047158658,-0.035769684,0.0878218454,0.0064993815,0.0813224638,-0.008034965,0.0044858313,-0.013190962,0.0483760079,0.0508732639,0.1561553246,0.207904006,0.1885449486,0.1681714271,0.0618262318,-0.221077841,0.0037096949,-0.077604208,-0.130197098,-2.405280766,-0.125711266,-2.322408843,0.8056439323,0.7573685749,0.903533807,1.2152990991,0.0175751159,0.0458370196,,,,0.0536884368,0.0456222862,0.001312363,-0.234252414,-0.125474763,0.0028500161,0.0009957233,0.0363953316,0.0116128828,,0.1486183623,-0.132126182,0.1687491262,-0.180037313,,,-0.312194182,0.0915852428,0.1840444258,0.221894794,0.2450353422,1.0490028292,0.1843267859,0.0777069083,-0.054558032,3.1068242385,,0.646689573,0.751153274,0.7186153028,6.0,-1.645510088,1.1311683149,8.0499040863,1.7522930487,0.1483500694,0.0798028325,3.7160220328,1.1960837652,1.5277398182,1.3574084434,3.1031588946,0.2011471137,0.6849623976,0.0943692635,,-0.011402228,0.0576874143,1.0831435133,0.1224906885,0.7314026507,13.959728913,1.3336232833,0.3055160944,1.1206217367,0.3262729759,0.4332199693,0.00267425,284010.55011873,0.79847735,0.00406892,0.75647654,0.00345286,0.00294371,0.00806753,0.02115413,2.24127844,-0.47619354,1.41545203,0.01947306,1.72834502,0.01898717,1.46266835,0.02608695,0.07749186,0.02398949,1.60833007,0.07088332,0.02536412,1.2006041,0.73684479,0.4647588,1.6024442316,0.9716787032,375,0.1772202831,1.2759685342,0.1273770785,-1.294234125
20150529,20150531,258196.0,01W,KOR,-0.22727,2015,5,20150430,20150430,88.996167903,3.4970390554,88.996167903,,0.054847891,-0.053396577,0.272441249,-0.000487662,-0.028162901,-0.084785233,-0.082656127,0.0247189098,-0.814451429,-0.051675054,0.0269288899,-0.047490025,,0.0052801088,-0.146008538,4.2578785302,-0.155567706,-0.435215843,-0.311205699,3.0262077894,-0.021280216,-0.000250014,-0.000884712,-0.02615365,0.0102779605,-0.036431611,0.0503529482,-0.001455036,0.0518079838,-0.018152899,0.0170181735,0.0027993051,0.014555489,0.0184884411,0.1500723944,0.2679472343,0.0859858683,0.0925957273,0.0224072071,-0.026695016,0.0013097649,-0.028004781,-0.19428064,-5.692365669,-0.177262467,-5.193738187,0.7481477149,0.849267595,0.9095777112,1.2119576197,0.0173560303,0.0448523043,,,,0.0154575619,-0.00337338,0.0235301117,4.7861958061,-0.220880999,-0.019813088,-0.00637728,-0.082883707,-0.026707593,,0.0063127368,-0.150235256,-0.032287374,-0.144664432,,,5.5681517997,0.0740555614,0.150864793,0.0895210029,0.2693620248,1.0643376493,0.2284106756,0.0736665938,0.130614265,2.7130275981,,0.6532176031,0.4034844487,0.589877123,4.0,-1.829895511,1.15740701,59.45622807,1.6957010315,0.0691850284,0.0540703672,2.3562835236,0.8685070234,1.0009312014,0.8952464556,2.1375944682,0.0804200395,0.5382003116,0.0050318767,,-0.003086177,0.0371001543,0.9306195897,0.0720113347,0.5954796976,13.826066342,1.3587548648,0.074134408,-0.125109111,0.4210087759,0.3604879325,0.00115016,477091.02873737,1.63906635,0.00630101,1.47807746,0.00258358,0.00254202,0.00942618,0.02999403,1.93048689,0.13396428,1.10502362,0.03077727,1.99888653,0.03107069,1.51595223,0.05320803,0.12050776,0.03154597,2.05758718,0.06083244,0.02662998,1.01527919,0.9375917,0.46747541,1.6505261677,1.9244338113,376,-0.584917871,1.0840131432,-0.958837972,-1.275017204
20150630,20150630,258196.0,01W,KOR,-0.104889,2015,6,20150529,20150531,73.74285455,2.7022680382,73.74285455,,0.131124828,-0.123212561,-0.2272697,0.1747438212,0.3340606923,0.158465613,0.2308715375,-0.004636947,-0.793617746,0.2610191478,-0.017461005,-0.144418602,,0.0052801088,-0.146008538,4.2578785302,-0.155567706,-0.435215843,-0.311205699,3.0262077894,-0.021280216,-0.000250014,-0.000884712,-0.02615365,0.0102779605,-0.036431611,0.0503529482,-0.001455036,0.0518079838,-0.018152899,0.0170181735,0.0027993051,0.014555489,0.0184884411,0.1500723944,0.2679472343,0.0859858683,0.0925957273,0.0224072071,-0.026695016,0.0013097649,-0.028004781,-0.19428064,-5.692365669,-0.177262467,-5.193738187,0.7481477149,0.849267595,0.9095777112,1.2119576197,0.0173560303,0.0448523043,,,,0.0154575619,-0.00337338,0.0235301117,4.7861958061,-0.220880999,-0.019813088,-0.00637728,-0.082883707,-0.026707593,,0.0063127368,-0.150235256,-0.032287374,-0.144664432,,,5.5681517997,0.0740555614,0.150864793,0.0895210029,0.2693620248,1.0643376493,0.2284106756,0.0736665938,0.130614265,2.7130275981,,0.6532176031,0.4034844487,0.589877123,4.0,-1.829895511,1.15740701,59.45622807,1.6957010315,0.0691850284,0.0540703672,2.8436681137,1.048153036,1.2079684438,1.0804233762,2.5797444018,0.0970544927,0.6495241552,0.0060726933,,-0.003724537,0.0447741219,1.0231457868,0.079171011,0.6064413224,12.686917747,1.4307185289,0.3049703918,0.3400146746,0.4060052878,0.4259658355,0.00102982,697481.35106514,1.51797263,0.00877712,1.34706725,0.00197814,0.00229268,0.01093981,0.03933036,0.7654299,-0.36180732,-0.52464186,0.03887912,0.46089502,0.03840014,0.97030184,0.03028979,0.0928055,0.03977863,0.65673082,0.04168453,0.02822023,1.29762027,0.70710689,0.43646948,1.5837240621,1.036557812,377,-0.593922954,1.0776094503,-0.970163739,-1.304767527
20150731,20150731,258196.0,01W,KOR,-0.097247,2015,7,20150630,20150630,66.752757345,2.418830652,66.752757345,,0.1438860431,-0.134431275,-0.104888702,-0.016746092,0.0113372126,-0.119776224,-0.245743624,-0.268329643,-0.688311908,-0.161833517,-0.012284204,-0.028921598,,0.0052801088,-0.146008538,4.2578785302,-0.155567706,-0.435215843,-0.311205699,3.0262077894,-0.021280216,-0.000250014,-0.000884712,-0.02615365,0.0102779605,-0.036431611,0.0503529482,-0.001455036,0.0518079838,-0.018152899,0.0170181735,0.0027993051,0.014555489,0.0184884411,0.1500723944,0.2679472343,0.0859858683,0.0925957273,0.0224072071,-0.026695016,0.0013097649,-0.028004781,-0.19428064,-5.692365669,-0.177262467,-5.193738187,0.7481477149,0.849267595,0.9095777112,1.2119576197,0.0173560303,0.0448523043,,,,0.0154575619,-0.00337338,0.0235301117,4.7861958061,-0.220880999,-0.019813088,-0.00637728,-0.082883707,-0.026707593,,0.0063127368,-0.150235256,-0.032287374,-0.144664432,,,5.5681517997,0.0740555614,0.150864793,0.0895210029,0.2693620248,1.0643376493,0.2284106756,0.0736665938,0.130614265,2.7130275981,,0.6532176031,0.4034844487,0.589877123,4.0,-1.829895511,1.15740701,59.45622807,1.6957010315,0.0691850284,0.0540703672,3.1414463227,1.1579116721,1.3344623473,1.1935612408,2.8498855143,0.1072176735,0.7175398771,0.0067086029,,-0.004114556,0.0494626993,1.0719887228,0.0829504769,0.557300127,11.990930153,1.4446361144,0.0230501729,-0.092971087,0.4026242961,0.3072604115,0.00246855,741786.37437909,1.39647841,0.00939509,1.22548712,0.00189136,0.00245608,0.00876935,0.012868,0.65481548,0.18022734,1.02979811,0.01240113,0.44702292,0.01309432,0.07811392,0.01616372,0.02466456,0.01434278,0.55677436,0.03444264,0.02495294,1.24737432,0.63293937,0.4447111,1.431748552,0.6174935583,378,-0.550924007,1.0761893244,-0.975538607,-1.192091541
20150831,20150831,258196.0,01W,KOR,-0.185305,2015,8,20150731,20150731,63.619594532,2.1836072018,63.619594532,,0.1993914677,-0.181814318,-0.097246763,-0.308320378,-0.12030752,-0.144665097,-0.19449964,-0.110199363,-0.713375564,0.0052581689,-0.021602834,-0.09024821,,-0.026411619,-0.194875895,2.5705449007,-0.191154418,-0.435215843,-0.311205699,3.0262077894,-0.026980715,-0.000397302,-0.000884712,-0.053970586,-0.014197187,-0.0397734,0.0360774895,-0.003065271,0.0391427607,-0.023791367,0.0233940654,0.0026207859,0.0138982355,-0.011321274,0.1331152,0.2317203759,0.0224304183,0.0346859247,-0.013375421,-0.026695016,0.0013097649,-0.170050443,-0.197669868,-14.8296127,-0.174275803,-13.0745403,0.7363366995,0.8647319761,0.8867544939,1.1814413126,0.0173560303,0.0482180358,,,,-0.000613983,-0.027732166,0.0212835852,4.7861958061,-0.290284613,-0.029077228,-0.010717631,-0.066368326,-0.023989747,,0.0063127368,-0.150235256,-0.032287374,-0.144664432,,,5.5681517997,0.0331511784,0.129599412,0.0232720798,0.2256002655,1.1803376686,0.2109992703,0.0340505075,0.1144909299,2.6022116266,,0.6677094196,0.4034844487,0.5692271002,4.0,-1.137617198,1.1138975782,59.45622807,1.6957010315,0.0691850284,0.0540703672,3.1564010558,1.2129686239,1.3404616237,1.1882661646,2.8369179803,0.0420729384,0.6659983196,-0.019722172,,-0.004317191,0.0518986577,1.0973229981,0.0491151669,0.5732088532,12.774433975,1.4869439546,0.1763055585,-0.181461905,0.4423621578,0.2319000026,0.00250153,770550.4841919,1.3186453,0.00982533,1.14529465,0.00181488,0.00245469,0.00872346,0.02029383,1.15908721,0.04437005,1.11975589,0.02078297,1.17456241,0.02164472,0.96493265,0.02629253,0.06566975,0.02231368,1.42748113,0.03097212,0.02473583,1.01648385,0.57138806,0.44491835,1.3389983387,1.0045242946,379,-0.890542068,0.5518947005,-0.98595729,-1.283076325
20150930,20150930,258196.0,01W,KOR,0.109059,2015,9,20150831,20150831,51.830576141,1.7789742322,51.830576141,,0.1987502836,-0.181279584,-0.185304834,-0.191935378,-0.266471141,-0.166991135,-0.276635515,-0.089128218,-0.649174494,0.01699307,-0.039993553,-0.051073661,,-0.026411619,-0.194875895,2.5705449007,-0.191154418,-0.435215843,-0.311205699,3.0262077894,-0.026980715,-0.000397302,-0.000884712,-0.053970586,-0.014197187,-0.0397734,0.0360774895,-0.003065271,0.0391427607,-0.023791367,0.0233940654,0.0026207859,0.0138982355,-0.011321274,0.1331152,0.2317203759,0.0224304183,0.0346859247,-0.013375421,-0.026695016,0.0013097649,-0.170050443,-0.197669868,-14.8296127,-0.174275803,-13.0745403,0.7363366995,0.8647319761,0.8867544939,1.1814413126,0.0173560303,0.0482180358,,,,-0.000613983,-0.027732166,0.0212835852,4.7861958061,-0.290284613,-0.029077228,-0.010717631,-0.066368326,-0.023989747,,0.0063127368,-0.150235256,-0.032287374,-0.144664432,,,5.5681517997,0.0331511784,0.129599412,0.0232720798,0.2256002655,1.1803376686,0.2109992703,0.0340505075,0.1144909299,2.6022116266,,0.6677094196,0.4034844487,0.5692271002,4.0,-1.137617198,1.1138975782,59.45622807,1.6957010315,0.0691850284,0.0540703672,3.874333845,1.4888619378,1.6453535989,1.4585408308,3.4821833956,0.0516425531,0.8174816143,-0.024208039,,-0.005299149,0.0637031615,1.1988423099,0.0536590778,0.572028125,11.282592847,1.4944387877,0.2615947518,-0.123021648,0.4423656737,0.2244840494,0.00283511,739878.00677734,1.37256754,0.00965794,1.17116179,0.00186005,0.00240461,0.00766809,0.03705826,-0.88793903,-0.24150629,4.24280068,0.03389903,-0.50101646,0.03197343,-0.13776513,0.05945222,0.104007,0.06039039,-0.95108126,0.04906136,0.02747927,1.7580933,0.46550709,0.47020962,1.4959657268,1.9488458733,380,-0.94885137,0.5492653144,-0.975355599,-1.388710811
20151030,20151031,258196.0,01W,KOR,0.069267,2015,10,20150930,20150930,57.483159956,1.9729871431,57.483159956,,0.1987502836,-0.181279584,0.1090588652,-0.264531301,-0.352698052,-0.334210072,-0.420525501,-0.030334411,-0.680263396,-0.078842399,-0.02291162,,,-0.026411619,-0.194875895,2.5705449007,-0.191154418,-0.435215843,-0.311205699,3.0262077894,-0.026980715,-0.000397302,-0.000884712,-0.053970586,-0.014197187,-0.0397734,0.0360774895,-0.003065271,0.0391427607,-0.023791367,0.0233940654,0.0026207859,0.0138982355,-0.011321274,0.1331152,0.2317203759,0.0224304183,0.0346859247,-0.013375421,-0.026695016,0.0013097649,-0.170050443,-0.197669868,-14.8296127,-0.174275803,-13.0745403,0.7363366995,0.8647319761,0.8867544939,1.1814413126,0.0173560303,0.0482180358,,,,-0.000613983,-0.027732166,0.0212835852,4.7861958061,-0.290284613,-0.029077228,-0.010717631,-0.066368326,-0.023989747,,0.0063127368,-0.150235256,-0.032287374,-0.144664432,,,5.5681517997,0.0331511784,0.129599412,0.0232720798,0.2256002655,1.1803376686,0.2109992703,0.0340505075,0.1144909299,2.6022116266,,0.6677094196,0.4034844487,0.5692271002,4.0,-1.137617198,1.1138975782,59.45622807,1.6957010315,0.0691850284,0.0540703672,3.4933527576,1.3424552876,1.483558403,1.3151157947,3.1397642677,0.0465643031,0.7370948828,-0.021827551,,-0.004778059,0.0574389363,1.147921451,0.051379907,0.568574396,12.074259231,1.532819953,-0.004060359,-0.041456845,0.443708606,0.1981300348,0.00365095,706342.52725108,1.46322053,0.0093003,1.23792533,0.00190858,0.00255172,0.01299805,0.02741254,0.85630297,0.23263259,0.61911201,0.02741393,0.3898475,0.02894966,0.39529466,0.03854792,0.09655607,0.02948159,1.16887468,0.06369758,0.02626288,1.537907,0.51627477,0.46847597,1.3503307405,1.3051917707,381,-0.926047235,0.5441938443,-0.968260214,-1.350273955
20151130,20151130,258196.0,01W,KOR,-0.160656,2015,11,20151030,20151031,61.464840996,2.1096498719,61.464840996,,0.1987502836,-0.181279584,0.069266913,-0.096455104,-0.435812094,-0.282454126,-0.302322068,-0.028162901,,-0.073051459,-0.009973586,-0.062298365,-0.006262906,-0.189682061,-0.194179368,0.3462930194,-0.198442873,-0.435215843,-0.311205699,3.0262077894,-0.027454695,-0.000301172,-0.000884712,-0.234956884,-0.076169942,-0.158786942,-0.00244685,-0.004687171,0.0022403208,-0.119816609,0.1195154373,-0.00638453,-0.033438616,-0.003846777,0.1427341329,0.2946432741,0.0580413322,-0.102938903,-0.004483953,-0.026695016,0.0013097649,-0.278641806,-0.248744588,-6.075722792,-0.12922915,-3.156492776,0.6217600202,0.8537787349,0.8054107382,1.16563892,0.0173560303,0.042972378,,,,-0.126852535,-0.004959588,-0.001204275,4.7861958061,-0.121110441,-0.056603753,-0.021752171,-0.141210293,-0.052261937,,0.0063127368,-0.150235256,-0.032287374,-0.144664432,,,5.5681517997,0.037192529,0.1156600283,0.0535399098,0.2387547306,1.0643376493,0.2078038475,0.0458986865,0.1313704686,2.5143390827,,0.6648095949,0.4034844487,0.4771687645,3.0,-0.503245226,1.206184275,59.45622807,1.6957010315,0.0691850284,0.0540703672,3.1728480429,1.2619014137,1.3233490693,1.1870042438,2.8545397458,-0.129898747,0.6593300309,0.1403540342,,-0.004468538,0.0537180526,1.1197535005,0.0665886031,0.5096807864,15.540789303,1.5232372739,-0.015898965,-0.284434098,0.4686998179,0.1829817408,0.00364288,500432.21875506,1.56555254,0.00692208,1.21658026,0.00238052,0.0025749,0.0139956,0.02295008,0.75514872,-0.30173326,1.93191996,0.02288916,1.4143231,0.02320913,1.41934093,0.03973259,0.06515188,0.02768522,0.43369825,0.08417187,0.0263275,1.5949588,0.55203553,0.47318101,1.3513288707,1.3428858115,382,-1.098106863,0.0012825257,-0.977616334,-1.391562248
20151230,20151231,258196.0,01W,KOR,0.076106,2015,12,20151130,20151130,51.590143977,1.7707219098,51.590143977,,0.1987502836,-0.181279584,-0.160656025,0.1858799491,-0.219303991,-0.291315278,-0.195204593,0.3340606923,-0.711292053,0.0193129512,-0.026334402,0.1601041119,-0.026592098,-0.189682061,-0.194179368,0.3462930194,-0.198442873,-0.435215843,-0.311205699,3.0262077894,-0.027454695,-0.000301172,-0.000884712,-0.234956884,-0.076169942,-0.158786942,-0.00244685,-0.004687171,0.0022403208,-0.119816609,0.1195154373,-0.00638453,-0.033438616,-0.003846777,0.1427341329,0.2946432741,0.0580413322,-0.102938903,-0.004483953,-0.026695016,0.0013097649,-0.278641806,-0.248744588,-6.075722792,-0.12922915,-3.156492776,0.6217600202,0.8537787349,0.8054107382,1.16563892,0.0173560303,0.042972378,,,,-0.126852535,-0.004959588,-0.001204275,4.7861958061,-0.121110441,-0.056603753,-0.021752171,-0.141210293,-0.052261937,,0.0063127368,-0.150235256,-0.032287374,-0.144664432,,,5.5681517997,0.037192529,0.1156600283,0.0535399098,0.2387547306,1.0643376493,0.2078038475,0.0458986865,0.1313704686,2.5143390827,,0.6648095949,0.4034844487,0.4771687645,3.0,-0.503245226,1.206184275,59.45622807,1.6957010315,0.0691850284,0.0540703672,3.7801522816,1.5034377454,1.5766468913,1.4142047585,3.4009176572,-0.154762232,0.7855301883,0.1672187308,,-0.005323846,0.0640000455,1.2085315024,0.0718679821,0.5212973317,14.814871127,1.5396709274,-0.045972958,-0.161765181,0.4680222014,0.1875587176,0.00413308,288377.66272555,0.70806705,0.00458474,0.73139422,0.00318707,0.00258051,0.02063168,0.01993063,1.5879885,-0.21555292,1.06609621,0.01775085,1.46197038,0.01659733,1.19225204,0.02115265,0.05161832,0.02373068,0.42081744,0.10329531,0.02664518,1.61306059,0.46334769,0.47406216,1.3343419347,0.708214131,383,-1.109060547,0.0,-0.977616334,-1.392804285
20160129,20160131,258196.0,01W,KOR,-0.124406,2016,1,20151230,20151231,55.516442207,1.9054837415,55.516442207,,0.1987502836,-0.181279584,0.0761055877,-0.102517259,-0.267943,-0.355700762,-0.337298545,0.0113372126,-0.714468867,0.029063435,-0.022057842,0.050579456,-0.016893058,-0.189682061,-0.194179368,0.3462930194,-0.198442873,-0.435215843,-0.311205699,3.0262077894,-0.027454695,-0.000301172,-0.000884712,-0.234956884,-0.076169942,-0.158786942,-0.00244685,-0.004687171,0.0022403208,-0.119816609,0.1195154373,-0.00638453,-0.033438616,-0.003846777,0.1427341329,0.2946432741,0.0580413322,-0.102938903,-0.004483953,-0.026695016,0.0013097649,-0.278641806,-0.248744588,-6.075722792,-0.12922915,-3.156492776,0.6217600202,0.8537787349,0.8054107382,1.16563892,0.0173560303,0.042972378,,,,-0.126852535,-0.004959588,-0.001204275,4.7861958061,-0.121110441,-0.056603753,-0.021752171,-0.141210293,-0.052261937,,0.0063127368,-0.150235256,-0.032287374,-0.144664432,,,5.5681517997,0.037192529,0.1156600283,0.0535399098,0.2387547306,1.0643376493,0.2078038475,0.0458986865,0.1313704686,2.5143390827,,0.6648095949,0.4034844487,0.4771687645,3.0,-0.503245226,1.206184275,59.45622807,1.6957010315,0.0691850284,0.0540703672,3.5128079667,1.3971098771,1.4651414409,1.314187729,3.1603940133,-0.143816958,0.7299750111,0.1553924937,,-0.004947326,0.05947376,1.171597953,0.0696716474,0.5184018512,15.134431053,1.603235255,-0.091387755,0.0614464693,0.4680330579,0.1726887149,0.00480952,230441.73108748,0.81332775,0.00383433,0.84405476,0.0035172,0.00261333,0.01481034,0.01440937,-0.0190839,-0.11073296,1.03770081,0.01467774,0.11356587,0.01355016,0.04479026,0.02998122,0.04283361,0.01932292,0.37015315,0.12783852,0.02659628,1.66795453,0.49861104,0.47418825,1.3134912681,0.9979885448,384,-1.093639367,0.0,-0.96787084,-1.38155929
20160229,20160229,258196.0,01W,KOR,0.031225,2016,2,20160129,20160131,48.609889093,1.6684310028,48.609889093,,0.1987502836,-0.181279584,-0.124405543,-0.096777258,-0.127368814,-0.45511511,-0.307004103,-0.12030752,-0.717564126,0.0826366606,-0.040879861,0.0527869164,-0.017350047,-0.25292648,-0.187238719,-0.656325701,-0.29785082,-0.435215843,-0.311205699,3.0262077894,-0.050345294,-0.000365556,-0.000884712,-0.182849691,-0.139012009,-0.043837682,-0.134495418,-0.005846119,-0.128649299,-0.185765204,0.1853996479,-0.00644833,-0.007962032,0.0133749713,0.1611313276,0.2156582237,0.1008936929,-0.066469853,0.0162684312,-0.08273127,0.0548660221,-0.137597292,-0.153221316,-5.45098991,0.032178332,1.1447738987,0.554700533,0.8460640654,0.776975911,1.2163339185,0.0173560303,0.0405097527,,,,-0.128860456,-0.123108515,-0.056584766,4.7861958061,-0.08620396,0.0377485448,0.0150133071,0.0348985286,0.0140175838,,0.0063127368,-0.150235256,-0.032287374,-0.144664432,,,5.5681517997,0.0466449605,0.120376948,0.099029169,0.1611125483,1.0643376493,0.1251124186,0.0624369078,-0.059214367,2.364726462,,0.6758346021,0.4034844487,0.4437176696,3.0,-0.827551081,1.2995109338,59.45622807,1.6957010315,0.0691850284,0.0540703672,3.8759414909,1.6390654704,1.4129561188,1.2559426874,3.5212966168,-0.108948442,0.4849284141,0.2015472115,,-0.005650249,0.0679238653,1.283280898,0.1072730273,0.4704812754,13.559557402,1.6109446851,-0.043799763,0.1930446279,0.5685953688,0.3690395493,0.00477365,173446.93025759,0.85868393,0.00312442,0.94190964,0.00393682,0.00264544,0.00707064,0.01398726,0.36295068,0.44313354,1.35417014,0.0145788,0.58343123,0.01521855,0.43149905,0.01637952,0.04911591,0.01879798,1.16860181,0.14663274,0.02642315,1.46759821,0.43658106,0.47533018,1.2317781943,0.5462256525,385,-1.087535036,0.0219002349,-0.96056394,-1.282280506
20160331,20160331,258196.0,01W,KOR,0.789609,2016,3,20160229,20160229,50.127714788,1.7205271399,50.127714788,,0.1986441026,-0.181191003,0.0312246278,-0.057767912,-0.062138747,-0.382581232,-0.439531849,-0.266471141,-0.674469646,-0.07677952,-0.031061302,-0.011397046,-0.008257823,-0.25292648,-0.187238719,-0.656325701,-0.29785082,-0.435215843,-0.311205699,3.0262077894,-0.050345294,-0.000365556,-0.000884712,-0.182849691,-0.139012009,-0.043837682,-0.134495418,-0.005846119,-0.128649299,-0.185765204,0.1853996479,-0.00644833,-0.007962032,0.0133749713,0.1611313276,0.2156582237,0.1008936929,-0.066469853,0.0162684312,-0.08273127,0.0548660221,-0.137597292,-0.153221316,-5.45098991,0.032178332,1.1447738987,0.554700533,0.8460640654,0.776975911,1.2163339185,0.0173560303,0.0405097527,,,,-0.128860456,-0.123108515,-0.056584766,4.7861958061,-0.08620396,0.0377485448,0.0150133071,0.0348985286,0.0140175838,,0.0063127368,-0.150235256,-0.032287374,-0.144664432,,,5.5681517997,0.0466449605,0.120376948,0.099029169,0.1611125483,1.0643376493,0.1251124186,0.0624369078,-0.059214367,2.364726462,,0.6758346021,0.4034844487,0.4437176696,3.0,-0.827551081,1.2995109338,59.45622807,1.6957010315,0.0691850284,0.0540703672,3.758581192,1.5894359252,1.3701729776,1.2179137828,3.414674671,-0.105649573,0.4702451833,0.1954445288,,-0.005479164,0.0658671869,1.265761424,0.1058085257,0.4597932268,13.734382556,1.6124112092,-0.096862135,0.3516142674,0.568332929,0.3614810524,0.00442475,146682.82003825,0.78976424,0.00261772,0.71441296,0.00426118,0.00273826,0.01033206,0.01786486,0.26388049,-0.0587149,2.04096381,0.01860531,0.55530242,0.01813309,0.44910722,0.03603309,0.04498686,0.02877144,-0.39406839,0.1540996,0.0264106,1.39549976,0.45021315,0.49462281,1.2507573866,1.1879630974,386,-1.100588628,0.0218677057,-0.952009164,-1.31756482
20160429,20160430,258196.0,01W,KOR,0.281682,2016,4,20160331,20160331,89.70898524,3.0790700204,89.70898524,,0.1798285543,-0.165369135,0.7896085154,-0.097065432,-0.127958261,-0.288694668,-0.373964755,-0.352698052,-0.629352477,0.272441249,0.015953904,-0.080786953,0.0006044245,-0.25292648,-0.187238719,-0.656325701,-0.29785082,-0.435215843,-0.311205699,3.0262077894,-0.050345294,-0.000365556,-0.000884712,-0.182849691,-0.139012009,-0.043837682,-0.134495418,-0.005846119,-0.128649299,-0.185765204,0.1853996479,-0.00644833,-0.007962032,0.0133749713,0.1611313276,0.2156582237,0.1008936929,-0.066469853,0.0162684312,-0.08273127,0.0548660221,-0.137597292,-0.153221316,-5.45098991,0.032178332,1.1447738987,0.554700533,0.8460640654,0.776975911,1.2163339185,0.0173560303,0.0405097527,,,,-0.128860456,-0.123108515,-0.056584766,4.7861958061,-0.08620396,0.0377485448,0.0150133071,0.0348985286,0.0140175838,,0.0063127368,-0.150235256,-0.032287374,-0.144664432,,,5.5681517997,0.0466449605,0.120376948,0.099029169,0.1611125483,1.0643376493,0.1251124186,0.0624369078,-0.059214367,2.364726462,,0.6758346021,0.4034844487,0.4437176696,3.0,-0.827551081,1.2995109338,59.45622807,1.6957010315,0.0691850284,0.0540703672,2.100225362,0.8881472744,0.7656272117,0.6805476016,1.9080567854,-0.059035019,0.2627642746,0.1092107727,,-0.003061655,0.0368053607,0.9334426913,0.0780290765,0.4684356688,16.204743628,2.255602126,0.038542416,0.2349939605,0.5693931276,0.3805702437,0.00108454,324062.07415358,2.04087813,0.00472083,1.67872067,0.00314333,0.00247222,0.01142426,0.0327585,0.98703112,0.00198796,1.3757081,0.03200144,0.60296037,0.03125519,0.19333768,0.08216871,0.10962906,0.03603489,0.71407374,0.14056194,0.02802969,1.52212061,0.80570528,0.51249118,1.361663235,2.5364787536,387,-1.14179922,0.0180489118,-0.953803223,-1.409368832
20160531,20160531,258196.0,01W,KOR,-0.116575,2016,5,20160429,20160430,114.97843428,3.9463900862,114.97843428,,0.1448420029,-0.135266639,0.2816824756,0.8454883752,0.4595170798,0.4100842028,-0.119520837,-0.435812094,-0.41048465,-0.2272697,0.0622222836,-0.023557369,0.0061384611,-0.173780452,-0.149916491,-0.929153064,-0.208401136,-0.564018353,-0.393761599,-0.590065757,-0.029135739,-0.000374417,0.0111036278,-0.080908475,-0.058013741,-0.022894734,-0.130351254,0.0015798479,-0.131931102,-0.168132825,0.1788620355,0.0006358247,0.0142553193,0.0277200412,0.188414283,0.195178022,0.1370167501,-0.042869815,0.0344627343,-0.06785857,0.0602219648,-0.128080535,-0.090373389,-4.579080248,0.0884886462,4.4835832234,0.6162980299,0.8551224477,0.8445713991,1.2432425341,0.0284290794,0.0555882772,,,,-0.127920132,-0.131786558,-0.05850648,-0.627495417,-0.114420363,-0.001270287,-0.000537181,0.0185428013,0.0058400987,,0.0583044964,0.021243638,0.143042988,-0.195244946,,,-0.805530896,0.0865916363,0.1556715639,0.1413949974,0.1612598972,,0.0706372448,0.1048046327,-0.157773431,2.1721474151,,0.6807711146,0.7986638486,0.4874141002,4.0,-0.97265317,1.4297440024,,1.4423129961,0.4451998317,0.0477587547,1.5068774333,0.6937270568,0.5213900854,0.4376253649,1.4065067626,-0.029739951,0.1064416702,0.0772041578,,-0.09074712,0.0399856924,0.7869374942,0.0820394843,0.4616515243,16.723063332,2.3784051497,0.2057907171,0.5567268744,0.527643154,0.3936757605,0.00067568,673820.87616172,1.61897524,0.00779719,1.39903077,0.0021761,0.00236975,0.0124755,0.04035608,-0.5538559,0.35605213,-1.48348411,0.040515,-0.26515753,0.04009081,0.1667999,0.06146073,0.09288975,0.04057141,-0.5102452,0.11990577,0.0286659,1.42751384,0.9918374,0.51723269,1.4059179069,1.8507616214,388,0.0567077276,-0.151651476,1.5311086462,-1.385048379
20160630,20160630,258196.0,01W,KOR,-0.068665,2016,6,20160531,20160531,101.57486676,3.4863411534,101.57486676,,0.0676400538,-0.065450655,-0.116574622,1.2937098723,1.2286899283,1.2183514605,0.4603992019,-0.219303991,-0.56019845,-0.104888702,0.0611599272,-0.037907733,0.0014647033,-0.173780452,-0.149916491,-0.929153064,-0.208401136,-0.564018353,-0.393761599,-0.590065757,-0.029135739,-0.000374417,0.0111036278,-0.080908475,-0.058013741,-0.022894734,-0.130351254,0.0015798479,-0.131931102,-0.168132825,0.1788620355,0.0006358247,0.0142553193,0.0277200412,0.188414283,0.195178022,0.1370167501,-0.042869815,0.0344627343,-0.06785857,0.0602219648,-0.128080535,-0.090373389,-4.579080248,0.0884886462,4.4835832234,0.6162980299,0.8551224477,0.8445713991,1.2432425341,0.0284290794,0.0555882772,,,,-0.127920132,-0.131786558,-0.05850648,-0.627495417,-0.114420363,-0.001270287,-0.000537181,0.0185428013,0.0058400987,,0.0583044964,0.021243638,0.143042988,-0.195244946,,,-0.805530896,0.0865916363,0.1556715639,0.1413949974,0.1612598972,,0.0706372448,0.1048046327,-0.157773431,2.1721474151,,0.6807711146,0.7986638486,0.4874141002,4.0,-0.97265317,1.4297440024,,1.4423129961,0.4451998317,0.0477587547,1.7057212425,0.7852695589,0.5901914281,0.4953733228,1.592105907,-0.033664361,0.120487449,0.087391827,,-0.102721885,0.0452621052,0.8563798994,0.0892789653,0.4958098584,16.378618576,2.4076226305,0.4309744023,0.9330509041,0.5469262463,0.5037076756,0.0010097,885479.55520765,1.34752701,0.00970647,1.21749448,0.00175094,0.00241583,0.01251587,0.02835078,0.60062161,0.52019142,3.45126819,0.0250671,-0.29899689,0.02724054,-0.46386763,0.03742046,0.12085025,0.03765681,1.83673179,0.09908488,0.02766251,1.40403681,0.87621433,0.55235706,1.4790297288,1.137664192,389,0.0296288168,-0.151651476,1.5308222002,-1.428485392
20160729,20160731,258196.0,01W,KOR,0.375379,2016,7,20160630,20160630,94.600192602,3.2469503048,94.600192602,,0.0557294405,-0.054231941,-0.068665354,0.1322708254,0.8296357389,0.7670369346,0.4413332948,-0.267943,-0.467538935,-0.097246763,0.0637582371,-0.047244806,0.0058537177,-0.173780452,-0.149916491,-0.929153064,-0.208401136,-0.564018353,-0.393761599,-0.590065757,-0.029135739,-0.000374417,0.0111036278,-0.080908475,-0.058013741,-0.022894734,-0.130351254,0.0015798479,-0.131931102,-0.168132825,0.1788620355,0.0006358247,0.0142553193,0.0277200412,0.188414283,0.195178022,0.1370167501,-0.042869815,0.0344627343,-0.06785857,0.0602219648,-0.128080535,-0.090373389,-4.579080248,0.0884886462,4.4835832234,0.6162980299,0.8551224477,0.8445713991,1.2432425341,0.0284290794,0.0555882772,,,,-0.127920132,-0.131786558,-0.05850648,-0.627495417,-0.114420363,-0.001270287,-0.000537181,0.0185428013,0.0058400987,,0.0583044964,0.021243638,0.143042988,-0.195244946,,,-0.805530896,0.0865916363,0.1556715639,0.1413949974,0.1612598972,,0.0706372448,0.1048046327,-0.157773431,2.1721474151,,0.6807711146,0.7986638486,0.4874141002,4.0,-0.97265317,1.4297440024,,1.4423129961,0.4451998317,0.0477587547,1.8314804988,0.8431658395,0.6337050065,0.5318961609,1.7094885425,-0.036146364,0.1293707364,0.0938350435,,-0.110295354,0.0485991855,0.8975962029,0.0935758305,0.5132118148,16.160773643,2.3851878138,0.6208050101,0.9320064341,0.5538161978,0.5022595971,0.00226045,980775.3823605,1.17538713,0.01054463,1.08542817,0.00159571,0.00240116,0.01024076,0.02061327,-0.19759107,0.26017531,1.63016407,0.01760874,-0.24999038,0.01906935,-0.18406377,0.04365401,0.06362844,0.03613698,-0.43045796,0.0761317,0.02806362,1.40134601,0.81604877,0.56769141,1.4732042849,1.2747680104,390,0.0123629639,-0.155555522,1.5305349365,-1.447743355
20160831,20160831,258196.0,01W,KOR,-0.157235,2016,8,20160729,20160731,130.11108072,4.4657859734,130.11108072,,0.0,0.0,0.3753786028,-0.177235338,0.9461100276,0.5390944004,0.4869662924,-0.127368814,-0.590345485,-0.185304834,0.1147294586,-0.044257647,-0.00056848,-0.118835401,-0.070526809,-0.910344665,-0.088394608,-0.510166435,-0.393761599,-0.590065757,-0.011452584,-0.000155284,0.0111036278,-0.039038105,-0.032123908,-0.006914197,-0.09518748,0.0021385921,-0.097326072,-0.140995847,0.1408405625,0.0003219104,0.0361404059,0.0459669806,0.2035561726,0.1710817556,0.1743511601,0.0011876194,0.0574204233,-0.06785857,0.0602219648,-0.097430012,-0.075383012,-134.4063787,0.0654575503,116.70948188,0.6644592923,0.852358208,0.8881670683,1.2491667405,0.0284290794,0.0542399225,,,,-0.091852835,-0.08674898,-0.048304914,-0.6798816,0.0627872053,0.0205683678,0.0094691399,0.0496455957,0.0201867706,,0.0138608531,0.0841652724,0.2061342043,-0.158651039,1.1202157857,0.771176564,-0.805530896,0.0843263449,0.1793664932,0.1887994857,0.1507511866,6.4378795391,0.0759438711,0.0956987434,-0.135055399,2.1175013133,,0.6826591333,0.7986638486,0.5197852434,7.0,-1.156935333,1.7337218716,,1.4423129961,0.4451998317,0.0477587547,1.3599590568,0.6422470901,0.4636884872,0.3899244134,1.2893186375,0.0007627451,0.1032805553,0.0732198006,,-0.080192722,0.0353351327,0.7425892619,0.0936355759,0.557393699,16.57157394,2.439781529,0.4679367068,0.6729089036,0.6329698289,0.5811145859,0.00098814,1270686.10152858,1.13428645,0.01277712,1.00970992,0.00127407,0.00219043,0.00962741,0.03527201,1.0320207,-0.35830443,2.30807815,0.03408339,-0.07261322,0.0289248,-0.54659293,0.06656519,0.11035759,0.03744005,0.6790464,0.05670907,0.02934279,1.42582171,0.97692373,0.56626424,1.5339668915,1.8730077244,391,0.1888190021,0.1091345357,1.529918068,-1.405837238
20160930,20160930,258196.0,01W,KOR,-0.014272,2016,9,20160831,20160831,109.65307976,3.7636086243,109.65307976,,0.0,0.0,-0.157234886,0.2809377445,1.5955917055,1.5220142975,1.5103151539,-0.062138747,-0.619866892,0.1090588652,0.0905209357,-0.075794946,0.0008605969,-0.118835401,-0.070526809,-0.910344665,-0.088394608,-0.510166435,-0.393761599,-0.590065757,-0.011452584,-0.000155284,0.0111036278,-0.039038105,-0.032123908,-0.006914197,-0.09518748,0.0021385921,-0.097326072,-0.140995847,0.1408405625,0.0003219104,0.0361404059,0.0459669806,0.2035561726,0.1710817556,0.1743511601,0.0011876194,0.0574204233,-0.06785857,0.0602219648,-0.097430012,-0.075383012,-134.4063787,0.0654575503,116.70948188,0.6644592923,0.852358208,0.8881670683,1.2491667405,0.0284290794,0.0542399225,,,,-0.091852835,-0.08674898,-0.048304914,-0.6798816,0.0627872053,0.0205683678,0.0094691399,0.0496455957,0.0201867706,,0.0138608531,0.0841652724,0.2061342043,-0.158651039,1.1202157857,0.771176564,-0.805530896,0.0843263449,0.1793664932,0.1887994857,0.1507511866,6.4378795391,0.0759438711,0.0956987434,-0.135055399,2.1175013133,,0.6826591333,0.7986638486,0.5197852434,7.0,-1.156935333,1.7337218716,,1.4423129961,0.4451998317,0.0477587547,1.6136869389,0.7620712812,0.5501989577,0.4626727033,1.5298671199,0.0009050507,0.1225496328,0.0868804361,,-0.095154297,0.0419276168,0.8373097373,0.1055791989,0.594842201,16.056311839,2.5700088826,0.5676643666,0.8655198266,0.6346258988,0.6012943308,0.00079232,1559154.59031922,0.89556986,0.0148305,0.82635684,0.00105031,0.00195326,0.01511308,0.03461742,0.64562713,0.02065333,-0.25878762,0.03293974,0.29323157,0.03164467,0.42128372,0.0411071,0.07057668,0.03533711,0.52067709,0.02859713,0.02848262,1.02553388,0.79783421,0.50864125,1.3167054616,1.2529488792,392,0.1990584458,0.1017771513,1.529351474,-1.384454028
20161031,20161031,258196.0,01W,KOR,-0.224657,2016,10,20160930,20160930,108.08814909,3.7098957094,108.08814909,,0.0,2.220446e-16,-0.014271653,0.1591211048,0.2223199211,0.975146018,0.9075687531,-0.127958261,-0.314028737,0.069266913,0.0829265207,-0.011415953,0.0062459259,-0.118835401,-0.070526809,-0.910344665,-0.088394608,-0.510166435,-0.393761599,-0.590065757,-0.011452584,-0.000155284,0.0111036278,-0.039038105,-0.032123908,-0.006914197,-0.09518748,0.0021385921,-0.097326072,-0.140995847,0.1408405625,0.0003219104,0.0361404059,0.0459669806,0.2035561726,0.1710817556,0.1743511601,0.0011876194,0.0574204233,-0.06785857,0.0602219648,-0.097430012,-0.075383012,-134.4063787,0.0654575503,116.70948188,0.6644592923,0.852358208,0.8881670683,1.2491667405,0.0284290794,0.0542399225,,,,-0.091852835,-0.08674898,-0.048304914,-0.6798816,0.0627872053,0.0205683678,0.0094691399,0.0496455957,0.0201867706,,0.0138608531,0.0841652724,0.2061342043,-0.158651039,1.1202157857,0.771176564,-0.805530896,0.0843263449,0.1793664932,0.1887994857,0.1507511866,6.4378795391,0.0759438711,0.0956987434,-0.135055399,2.1175013133,,0.6826591333,0.7986638486,0.5197852434,7.0,-1.156935333,1.7337218716,,1.4423129961,0.4451998317,0.0477587547,1.6370503529,0.7731047639,0.5581648932,0.469371409,1.5520169669,0.0009181542,0.1243239409,0.0881383155,,-0.096531968,0.0425346566,0.8455600722,0.1066195114,0.576278102,16.008866198,2.5769643567,0.4351909262,0.3469015356,0.645717012,0.5898084018,0.00171328,1523975.32953329,0.88228152,0.01378409,0.81174446,0.0011113,0.00186754,0.00973451,0.0317585,-0.23880927,-0.33490698,1.24162134,0.02758226,0.71459799,0.02256893,0.46200018,0.04251179,0.06085638,0.03921248,-0.57745819,0.0240763,0.02872665,1.27455734,0.7864478,0.48809686,1.3101030582,1.2664403404,393,0.2060522809,0.1027850773,1.5296351675,-1.373406335
20161130,20161130,258196.0,01W,KOR,-0.094261,2016,11,20161031,20161031,83.80538456,2.8764414897,83.80538456,,0.0,1.665335e-16,-0.224657048,-0.169262537,-0.059926761,1.2235835364,0.7585362191,0.4595170798,-0.422371444,-0.160656025,0.0771082458,-0.063517001,0.0064242782,-0.057556218,0.0171799041,-0.834659574,0.2133393495,-0.477234167,-0.393761599,-0.590065757,0.0251033169,0.0043486267,0.0111036278,-0.007507469,0.0546304429,-0.062137912,-0.055966321,0.0026347858,-0.058601106,-0.149276107,0.1536247334,0.0118600421,0.0309597525,0.0578490796,0.2154932196,0.2026543687,0.2144302457,0.0581923323,0.0799522747,-0.06785857,0.0602219648,-0.113186897,-0.094625608,-3.589844355,0.0589991253,2.2382701817,0.6535140462,0.8629933956,0.9422499655,1.3820837827,0.0284290794,0.0436506696,,,,-0.113789737,-0.007553741,-0.02862802,-0.777403338,0.2935160891,0.0045163464,0.0021328659,0.0611200995,0.0238850372,,-0.171886262,0.3474787379,0.2454390941,-0.107546304,3.0846180874,0.9391915233,-0.805530896,0.1018110337,0.2030902448,0.2301614809,0.1909903496,1.3286209498,0.120984859,0.1080287606,-0.086818989,2.2076625961,,0.6858142944,0.7986638486,0.5594067156,9.0,-2.623361089,1.7832601729,,1.4423129961,0.4451998317,0.0477587547,2.1931057096,0.9934061996,0.6431970642,0.5474665315,2.1295542348,0.0578086237,0.265332585,0.2023991895,,-0.124502284,0.0548591517,0.9957104592,0.1531008825,0.6097372192,14.250325178,2.7722521737,0.3804130335,-0.200251888,0.5803060044,0.6156354261,0.00237425,1235775.81042752,1.01331419,0.01115582,0.9015966,0.00136345,0.00180261,0.00688402,0.03262036,0.67475807,-0.25961481,0.72895925,0.02664597,-0.38913799,0.02564344,-0.13253625,0.03229211,0.07618792,0.03347176,0.84538607,0.03151754,0.02961472,1.22399836,0.60976676,0.46594554,1.2877922231,0.9427754249,394,0.8813264261,0.9737797779,1.5570100194,-1.090495677
20161229,20161231,258196.0,01W,KOR,0.184814,2016,12,20161130,20161130,75.905780268,2.6053043825,75.905780268,,0.0,2.775558e-16,-0.094261298,-0.235722474,-0.174939754,0.6718373242,0.6244456421,1.2286899283,-0.388975526,0.0761055877,0.0616203471,0.1572688976,-0.012604557,-0.057556218,0.0171799041,-0.834659574,0.2133393495,-0.477234167,-0.393761599,-0.590065757,0.0251033169,0.0043486267,0.0111036278,-0.007507469,0.0546304429,-0.062137912,-0.055966321,0.0026347858,-0.058601106,-0.149276107,0.1536247334,0.0118600421,0.0309597525,0.0578490796,0.2154932196,0.2026543687,0.2144302457,0.0581923323,0.0799522747,-0.06785857,0.0602219648,-0.113186897,-0.094625608,-3.589844355,0.0589991253,2.2382701817,0.6535140462,0.8629933956,0.9422499655,1.3820837827,0.0284290794,0.0436506696,,,,-0.113789737,-0.007553741,-0.02862802,-0.777403338,0.2935160891,0.0045163464,0.0021328659,0.0611200995,0.0238850372,,-0.171886262,0.3474787379,0.2454390941,-0.107546304,3.0846180874,0.9391915233,-0.805530896,0.1018110337,0.2030902448,0.2301614809,0.1909903496,1.3286209498,0.120984859,0.1080287606,-0.086818989,2.2076625961,,0.6858142944,0.7986638486,0.5594067156,9.0,-2.623361089,1.7832601729,,1.4423129961,0.4451998317,0.0477587547,2.4213448136,1.0967911572,0.7101353431,0.6044420207,2.3511794617,0.0638248355,0.2929460608,0.2234631125,,-0.137459383,0.0605684085,1.0602966289,0.1630316807,0.6453545309,13.72133051,2.7425311928,0.3735270365,-0.582589175,0.5866165827,0.6202866493,0.00358515,1045340.23521957,1.14682113,0.00941628,0.97429783,0.00167322,0.00178844,0.01408227,0.02364626,0.22863466,0.13174223,0.47879119,0.01964889,-0.7223955,0.0204556,-0.68116024,0.0401988,0.06026488,0.03326574,0.03959061,0.04502832,0.02973571,1.19219488,0.55228935,0.46083356,1.2746508386,1.1547447334,395,0.8715339102,0.9669543904,1.5570100194,-1.10934087
20170131,20170131,258196.0,01W,KOR,0.18745,2017,1,20161229,20161231,88.725475324,3.0453131354,88.725475324,0.0135342815,0.0,0.0135320024,0.1848144977,-0.297741881,-0.19761495,-0.153866471,0.3672666556,0.8296357389,-0.363752734,-0.124405543,0.0897312599,0.0477600394,-0.001679658,-0.057556218,0.0171799041,-0.834659574,0.2133393495,-0.477234167,-0.393761599,-0.590065757,0.0251033169,0.0043486267,0.0111036278,-0.007507469,0.0546304429,-0.062137912,-0.055966321,0.0026347858,-0.058601106,-0.149276107,0.1536247334,0.0118600421,0.0309597525,0.0578490796,0.2154932196,0.2026543687,0.2144302457,0.0581923323,0.0799522747,-0.06785857,0.0602219648,-0.113186897,-0.094625608,-3.589844355,0.0589991253,2.2382701817,0.6535140462,0.8629933956,0.9422499655,1.3820837827,0.0284290794,0.0436506696,,,,-0.113789737,-0.007553741,-0.02862802,-0.777403338,0.2935160891,0.0045163464,0.0021328659,0.0611200995,0.0238850372,,-0.171886262,0.3474787379,0.2454390941,-0.107546304,3.0846180874,0.9391915233,-0.805530896,0.1018110337,0.2030902448,0.2301614809,0.1909903496,1.3286209498,0.120984859,0.1080287606,-0.086818989,2.2076625961,,0.6858142944,0.7986638486,0.5594067156,9.0,-2.623361089,1.7832601729,,1.4423129961,0.4451998317,0.0477587547,2.0714914933,0.9383188794,0.6075298793,0.5171078886,2.0114641363,0.054602964,0.2506191062,0.1911755542,,-0.117598263,0.051817049,0.9593154878,0.1475047756,0.6307056431,14.532193056,2.7587073252,0.2521139283,-0.49578353,0.631091501,0.60831261,0.00384873,982491.85972809,1.2460836,0.00883414,1.06319717,0.00179306,0.00175697,0.01269675,0.02043001,0.24272881,-0.00352831,1.5078159,0.01525329,0.16249675,0.01569839,-0.32633848,0.0341167,0.05381823,0.02058775,0.03081518,0.04937442,0.03016332,1.25814332,0.64556526,0.46257008,1.3022719444,0.9772151062,396,0.8727484718,0.9655862198,1.5572570772,-1.128807498
20170228,20170228,258196.0,01W,KOR,-0.046412,2017,2,20170131,20170131,105.35707702,3.6161574722,105.35707702,0.0113977683,0.0,0.0135320024,0.1874501279,0.0731323458,-0.308788549,-0.217816198,0.8501228989,0.9461100276,-0.606496141,0.0312246278,0.1039335781,0.0886174179,-0.017669736,0.051951092,0.106850796,-0.408750591,0.2205371808,-0.38119457,-0.393761599,-0.590065757,0.0248814534,0.0003295104,0.0111036278,0.0343350144,0.0182353234,0.016099691,0.0149310308,0.0049248897,0.0100061411,-0.016497677,0.0168271876,0.0109715243,0.0427419159,0.0503615492,0.1996239139,0.1443858304,0.1948345152,0.0364870801,0.0653680267,-0.06785857,0.0602219648,-0.016497677,-0.048531214,-2.990723411,-0.031704026,-1.953752352,0.7699599765,0.8600596201,0.9801159778,1.2979748977,0.0284290794,0.0382990675,,,2.0,0.0274620586,0.0779757537,0.0042057153,-0.796802774,0.2420363298,0.0156078208,0.0070698398,-0.022140724,-0.007943467,,-0.014436278,0.1893713985,0.1421085469,-0.079238637,1.8615343064,-0.149031247,-0.805530896,0.1008343688,0.2099945942,0.2155500592,0.151886832,1.5063605453,0.0647584626,0.0958546168,-0.060353956,2.2485068191,,0.6865880011,0.7986638486,0.6299203173,9.0,-2.341795913,1.7665302083,,1.4423129961,0.4451998317,0.0477587547,1.8811944044,0.8366416274,0.6208775867,0.5488295952,1.7982605137,0.0305266101,0.1218232575,0.0445191313,,-0.099034275,0.0436372424,0.8945048014,0.1164241498,0.7542872444,15.683638057,2.6543379504,0.2760930271,-0.425943394,0.5226022047,0.655933171,0.00138231,849365.26712435,1.70618511,0.00798325,1.64414413,0.00197336,0.00161205,0.00822584,0.05002405,2.81641524,0.13465936,2.33383441,0.04865532,2.07966052,0.04441062,0.87898401,0.07409109,0.18753601,0.05015846,2.59538611,0.054809,0.03291383,1.35829054,0.76657656,0.46093756,1.4535904357,1.9927490595,397,0.3603843347,0.2506834955,1.5665686387,-1.263968927
20170331,20170331,258196.0,01W,KOR,0.045162,2017,3,20170228,20170228,100.46729448,3.4483260916,100.46729448,0.0119525022,0.0,0.0135320024,-0.046411524,0.4069081269,-0.026087919,0.0513669626,1.1304074919,1.5955917055,-0.63697628,0.7896085154,0.0279317563,0.0166977695,-0.013099393,0.051951092,0.106850796,-0.408750591,0.2205371808,-0.38119457,-0.393761599,-0.590065757,0.0248814534,0.0003295104,0.0111036278,0.0343350144,0.0182353234,0.016099691,0.0149310308,0.0049248897,0.0100061411,-0.016497677,0.0168271876,0.0109715243,0.0427419159,0.0503615492,0.1996239139,0.1443858304,0.1948345152,0.0364870801,0.0653680267,-0.06785857,0.0602219648,-0.016497677,-0.048531214,-2.990723411,-0.031704026,-1.953752352,0.7699599765,0.8600596201,0.9801159778,1.2979748977,0.0284290794,0.0382990675,,,2.0,0.0274620586,0.0779757537,0.0042057153,-0.796802774,0.2420363298,0.0156078208,0.0070698398,-0.022140724,-0.007943467,,-0.014436278,0.1893713985,0.1421085469,-0.079238637,1.8615343064,-0.149031247,-0.805530896,0.1008343688,0.2099945942,0.2155500592,0.151886832,1.5063605453,0.0647584626,0.0958546168,-0.060353956,2.2485068191,,0.6865880011,0.7986638486,0.6299203173,9.0,-2.341795913,1.7665302083,,1.4423129961,0.4451998317,0.0477587547,1.9727528724,0.8773613029,0.6510959418,0.5755413465,1.8857825568,0.0320123522,0.1277524432,0.0466858949,,-0.103854312,0.045761084,0.9221371444,0.1200206336,0.7470805084,15.50600596,2.608262327,0.3438488936,-0.005020065,0.5227031649,0.6613474315,0.0006384,857436.54450357,1.99387828,0.00853724,1.86117579,0.0018682,0.00139503,0.01569036,0.02600448,-0.10972698,0.01999102,-0.40820685,0.02718002,-0.25650512,0.02321075,-0.33179042,0.02883576,0.03926775,0.02600643,-0.12513019,0.05562484,0.033381,1.37262017,0.73099857,0.45454484,1.5026657933,0.7794190608,398,0.34567477,0.2496317615,1.5665686387,-1.251610023
20170428,20170430,258196.0,01W,KOR,-0.022312,2017,4,20170331,20170331,105.0046264,3.6040603547,105.0046264,0.0114360252,0.0,0.0135320024,0.0451622784,0.1323387574,-0.057842519,0.0764889111,0.1351823683,0.2223199211,-0.462477531,0.2816824756,0.0064299202,0.0373170329,-0.001770007,0.051951092,0.106850796,-0.408750591,0.2205371808,-0.38119457,-0.393761599,-0.590065757,0.0248814534,0.0003295104,0.0111036278,0.0343350144,0.0182353234,0.016099691,0.0149310308,0.0049248897,0.0100061411,-0.016497677,0.0168271876,0.0109715243,0.0427419159,0.0503615492,0.1996239139,0.1443858304,0.1948345152,0.0364870801,0.0653680267,-0.06785857,0.0602219648,-0.016497677,-0.048531214,-2.990723411,-0.031704026,-1.953752352,0.7699599765,0.8600596201,0.9801159778,1.2979748977,0.0284290794,0.0382990675,,,2.0,0.0274620586,0.0779757537,0.0042057153,-0.796802774,0.2420363298,0.0156078208,0.0070698398,-0.022140724,-0.007943467,,-0.014436278,0.1893713985,0.1421085469,-0.079238637,1.8615343064,-0.149031247,-0.805530896,0.1008343688,0.2099945942,0.2155500592,0.151886832,1.5063605453,0.0647584626,0.0958546168,-0.060353956,2.2485068191,,0.6865880011,0.7986638486,0.6299203173,9.0,-2.341795913,1.7665302083,,1.4423129961,0.4451998317,0.0477587547,1.8875086799,0.8394498357,0.6229615776,0.5506717553,1.8042964195,0.0306290734,0.1222321603,0.0446685609,,-0.099366686,0.0437837119,0.8964410122,0.1166761571,0.5980686821,15.671387765,2.6507406091,-0.028736701,-0.229294202,0.5228774024,0.5989065536,0.00147655,880771.8746616,1.92477524,0.00890941,1.77268305,0.00184251,0.00144208,0.01051863,0.02558033,0.7525829,-0.16906546,0.89086875,0.0183448,0.42257152,0.01705865,-0.04102741,0.0402897,0.06473206,0.02799167,0.29690462,0.05370955,0.0324097,1.40628508,0.76401213,0.46303634,1.4859657515,1.1308363688,399,0.3575052394,0.2478762794,1.5705575002,-1.252215956
20170531,20170531,258196.0,01W,KOR,0.02055,2017,5,20170428,20170430,102.66172574,3.5236452751,102.66172574,0.0116970131,0.0,0.0135320024,-0.022312357,-0.003345296,0.2700282601,-0.181966623,-0.074302869,-0.059926761,-0.1356393,-0.116574622,0.014999217,-0.089319069,0.0207568866,-0.011472368,0.1064104511,1.2256635557,0.122741503,-0.408322213,-0.196785779,-0.170930125,0.0137414875,6.70817e-05,-0.000778398,-0.003363059,0.0087869751,-0.012150034,-0.032032112,0.0011349562,-0.033167069,-0.029136361,0.0284250447,0.0023363112,0.0076670406,0.0331793421,0.2010254971,0.1795746297,0.1674261711,0.0399136149,0.0485308597,,,-0.041014465,-0.070991851,-3.757284022,-0.042566807,-2.2528724,0.7011280497,0.956119787,1.0386722539,1.4626829986,0.0191472784,0.0799559871,,,3.0,-0.044797208,0.0318800556,-0.016004803,-0.842318557,-0.033423441,0.0014891344,0.000662277,0.0027594214,0.0011994584,,0.0246127512,0.2243532029,0.0572525636,0.0138987606,0.11224925,0.2802610146,-0.596272117,0.1073370767,0.1987192587,0.1701824885,0.1775144835,1.2999856826,0.0898863112,0.1085827782,0.0192490663,2.112450714,0.177066804,0.7157392521,0.440919217,0.5956593639,8.0,-2.376620425,1.8350803829,25.971865186,0.8150741366,0.3170824707,0.0272325978,1.668301624,0.7897470047,0.5353349525,0.4019442494,1.7428737302,0.0315216578,0.1499574789,0.0770775798,,,0.0333712885,0.8499335387,0.1054089967,0.4950420357,15.883815847,2.6206483741,-0.269067394,-0.259914477,0.5581961242,0.4683757668,0.00152421,953986.49853889,1.77633428,0.00956264,1.64988681,0.00174587,0.00159425,0.01224606,0.01740002,0.54266085,-0.13995,0.41094773,0.01759356,0.43477667,0.0160643,-0.04605699,0.02453662,0.03963364,0.02094783,0.0892431,0.04732683,0.03054012,1.54609963,0.74696522,0.46347885,1.4090201907,0.7191794762,400,0.3123774945,0.4394499811,1.1738817427,-1.124422759
20170630,20170630,258196.0,01W,KOR,-0.114548,2017,6,20170531,20170531,104.77141022,3.5960557053,104.77141022,0.0114614813,0.0,0.0135320024,0.0205498637,0.021842245,0.3709151805,-0.051003522,0.0244698298,-0.174939754,-0.145570824,-0.068665354,0.0231096914,0.0010343526,0.0123095628,-0.011472368,0.1064104511,1.2256635557,0.122741503,-0.408322213,-0.196785779,-0.170930125,0.0137414875,6.70817e-05,-0.000778398,-0.003363059,0.0087869751,-0.012150034,-0.032032112,0.0011349562,-0.033167069,-0.029136361,0.0284250447,0.0023363112,0.0076670406,0.0331793421,0.2010254971,0.1795746297,0.1674261711,0.0399136149,0.0485308597,,,-0.041014465,-0.070991851,-3.757284022,-0.042566807,-2.2528724,0.7011280497,0.956119787,1.0386722539,1.4626829986,0.0191472784,0.0799559871,,,3.0,-0.044797208,0.0318800556,-0.016004803,-0.842318557,-0.033423441,0.0014891344,0.000662277,0.0027594214,0.0011994584,,0.0246127512,0.2243532029,0.0572525636,0.0138987606,0.11224925,0.2802610146,-0.596272117,0.1073370767,0.1987192587,0.1701824885,0.1775144835,1.2999856826,0.0898863112,0.1085827782,0.0192490663,2.112450714,0.177066804,0.7157392521,0.440919217,0.5956593639,8.0,-2.376620425,1.8350803829,25.971865186,0.8150741366,0.3170824707,0.0272325978,1.6347085853,0.7738446036,0.5245554103,0.3938506718,1.7077791023,0.0308869355,0.1469379246,0.0755255402,,,0.0326993219,0.8376550918,0.1038862203,0.5290572208,15.953275573,2.6836433661,-0.317497145,-0.209451303,0.5574579196,0.4927707646,0.00132075,1090975.71029205,1.5623233,0.01073951,1.48063711,0.00146333,0.00162803,0.00784684,0.02882757,-1.27954676,0.1355168,1.54191802,0.02917295,-1.06393674,0.02909834,-1.32192934,0.03295327,0.04329664,0.0290064,-1.19595095,0.03336182,0.03050529,1.5133828,0.76231525,0.46079524,1.3820372506,0.9855644871,401,0.3216314509,0.4442913292,1.1749393817,-1.131154745
20170731,20170731,258196.0,01W,KOR,-0.129238,2017,7,20170630,20170630,92.770066283,3.1841351133,92.770066283,0.0129442136,0.0,0.0135320024,-0.11454789,-0.002221009,0.1808492412,-0.017479584,0.1226067337,-0.19761495,-0.201068479,0.3753786028,-0.021429081,-0.114901823,0.0213788738,-0.011472368,0.1064104511,1.2256635557,0.122741503,-0.408322213,-0.196785779,-0.170930125,0.0137414875,6.70817e-05,-0.000778398,-0.003363059,0.0087869751,-0.012150034,-0.032032112,0.0011349562,-0.033167069,-0.029136361,0.0284250447,0.0023363112,0.0076670406,0.0331793421,0.2010254971,0.1795746297,0.1674261711,0.0399136149,0.0485308597,,,-0.041014465,-0.070991851,-3.757284022,-0.042566807,-2.2528724,0.7011280497,0.956119787,1.0386722539,1.4626829986,0.0191472784,0.0799559871,,,3.0,-0.044797208,0.0318800556,-0.016004803,-0.842318557,-0.033423441,0.0014891344,0.000662277,0.0027594214,0.0011994584,,0.0246127512,0.2243532029,0.0572525636,0.0138987606,0.11224925,0.2802610146,-0.596272117,0.1073370767,0.1987192587,0.1701824885,0.1775144835,1.2999856826,0.0898863112,0.1085827782,0.0192490663,2.112450714,0.177066804,0.7157392521,0.440919217,0.5956593639,8.0,-2.376620425,1.8350803829,25.971865186,0.8150741366,0.3170824707,0.0272325978,1.8461852043,0.8739542145,0.5924153369,0.4448017766,1.9287086024,0.0348826719,0.1659467778,0.0852960192,,,0.0369295205,0.9126581515,0.1131881208,0.5486749815,15.516009143,2.7346536149,-0.263910988,-0.577416839,0.5573575371,0.5160772022,0.00045986,1472335.80501387,1.96442714,0.01435744,1.92029281,0.00098883,0.00138455,0.00592859,0.0128566,0.1612369,-0.00218844,-0.49521938,0.01186091,-0.25377369,0.01104821,-0.38530666,0.01143533,0.01341648,0.01291453,0.11502132,0.02355152,0.03014596,1.52836073,0.67499365,0.45491155,1.4549877465,0.3566928325,402,0.3288184153,0.4448780461,1.1738817427,-1.119700013
20170831,20170831,258196.0,01W,KOR,0.09075,2017,8,20170731,20170731,80.780655575,2.7726241039,80.780655575,0.0148653851,0.0,0.0135320024,-0.129237923,-0.096351969,-0.119470007,0.1220515696,-0.277279362,-0.308788549,0.3036898303,-0.157234886,-0.018883902,-0.060075098,0.0284972291,0.0306726927,0.1049235229,0.8446955193,0.3572344146,-0.341854304,-0.173140126,-0.409479022,0.0409371027,0.0002903785,-0.000778398,0.0249440497,0.0205626797,0.00438137,0.0027754716,0.0033744985,-0.000599027,-0.005813839,0.0061042173,0.0020422707,0.0116948183,0.0289276023,0.1942541825,0.1216506419,0.1578244768,0.0224801337,0.0397072376,,,-0.005813839,-0.038486906,-3.643451615,-0.032382689,-3.065581822,0.7579677938,0.9331923139,1.0317077986,1.3726418556,0.0191472784,0.0543757264,,,4.0,0.0038983577,0.1041708598,0.0012859755,-0.834613205,-0.063698892,0.0014604223,0.0006913403,-0.019107946,-0.0087778,,-0.229938538,0.2350184814,0.0646191588,0.0249793253,-0.175623758,-0.192176804,-0.634541242,0.0857145917,0.2002124814,0.1618526886,0.1253819946,1.4734680706,0.0490502151,0.083163736,-0.026893656,2.1281336476,0.1859703765,0.7096559125,0.440919217,0.6127614439,8.0,-2.28768507,1.8362076332,25.971865186,0.8150741366,0.3170824707,0.0272325978,2.2576338815,1.0608515513,0.7337242029,0.6109637208,2.294559854,0.0238480847,0.1107374274,0.0214209713,,,0.0424105752,1.0376631476,0.1165471734,0.4851398206,15.047882681,2.7453046708,-0.499838023,-1.166524973,0.4973272276,0.3873909352,0.00199074,1391618.28775625,1.87762214,0.01372118,1.815984,0.00103966,0.00149134,0.0100001,0.02174977,0.43852896,-0.30064277,2.20644683,0.01818441,0.8332305,0.01634192,-0.48178581,0.02522297,0.0449827,0.02431741,0.39912863,0.01980971,0.02883674,1.64546,0.58775887,0.45722279,1.4228145935,0.8218886928,403,-0.03269563,-0.119968894,1.1737731178,-1.167739063
20170929,20170930,258196.0,01W,KOR,-0.246867,2017,9,20170831,20170831,88.111488184,3.0242393334,88.111488184,0.0136285924,0.0,0.0135320024,0.0907498529,-0.228981882,-0.195950722,0.0787216582,-0.25327032,-0.026087919,0.0382502234,-0.014271653,-0.009336493,0.0478226658,0.0137914828,0.0306726927,0.1049235229,0.8446955193,0.3572344146,-0.341854304,-0.173140126,-0.409479022,0.0409371027,0.0002903785,-0.000778398,0.0249440497,0.0205626797,0.00438137,0.0027754716,0.0033744985,-0.000599027,-0.005813839,0.0061042173,0.0020422707,0.0116948183,0.0289276023,0.1942541825,0.1216506419,0.1578244768,0.0224801337,0.0397072376,,,-0.005813839,-0.038486906,-3.643451615,-0.032382689,-3.065581822,0.7579677938,0.9331923139,1.0317077986,1.3726418556,0.0191472784,0.0543757264,,,4.0,0.0038983577,0.1041708598,0.0012859755,-0.834613205,-0.063698892,0.0014604223,0.0006913403,-0.019107946,-0.0087778,,-0.229938538,0.2350184814,0.0646191588,0.0249793253,-0.175623758,-0.192176804,-0.634541242,0.0857145917,0.2002124814,0.1618526886,0.1253819946,1.4734680706,0.0490502151,0.083163736,-0.026893656,2.1281336476,0.1859703765,0.7096559125,0.440919217,0.6127614439,8.0,-2.28768507,1.8362076332,25.971865186,0.8150741366,0.3170824707,0.0272325978,2.0697998496,0.9725892224,0.672678709,0.5601318388,2.1036535993,0.0218639357,0.1015241278,0.019638757,,,0.0388820361,0.9823261159,0.1103318861,0.5340228868,15.404430074,2.7083795685,-0.596893266,-1.364677449,0.4982322464,0.3877582859,0.0026854,1103442.31633638,2.19308922,0.011158,2.08439201,0.00133178,0.00166212,0.00865116,0.0188981,0.52440811,-0.26726533,1.94731504,0.01969645,0.5518288,0.019903,0.45442341,0.03672024,0.04799241,0.0239956,0.06838763,0.02469543,0.02758282,1.85468814,0.74376755,0.45834855,1.4018489463,1.235571577,404,-0.014782797,-0.121364928,1.1711259977,-1.138791233
20171031,20171031,258196.0,01W,KOR,0.042374,2017,10,20170929,20170930,66.359712913,2.2776559343,66.359712913,0.0180958522,0.0,0.0135320024,-0.246866507,-0.050216393,-0.160879942,-0.006920077,-0.173712219,-0.057842519,-0.011615153,-0.224657048,-0.011355534,-0.061555125,0.0226046604,0.0306726927,0.1049235229,0.8446955193,0.3572344146,-0.341854304,-0.173140126,-0.409479022,0.0409371027,0.0002903785,-0.000778398,0.0249440497,0.0205626797,0.00438137,0.0027754716,0.0033744985,-0.000599027,-0.005813839,0.0061042173,0.0020422707,0.0116948183,0.0289276023,0.1942541825,0.1216506419,0.1578244768,0.0224801337,0.0397072376,,,-0.005813839,-0.038486906,-3.643451615,-0.032382689,-3.065581822,0.7579677938,0.9331923139,1.0317077986,1.3726418556,0.0191472784,0.0543757264,,,4.0,0.0038983577,0.1041708598,0.0012859755,-0.834613205,-0.063698892,0.0014604223,0.0006913403,-0.019107946,-0.0087778,,-0.229938538,0.2350184814,0.0646191588,0.0249793253,-0.175623758,-0.192176804,-0.634541242,0.0857145917,0.2002124814,0.1618526886,0.1253819946,1.4734680706,0.0490502151,0.083163736,-0.026893656,2.1281336476,0.1859703765,0.7096559125,0.440919217,0.6127614439,8.0,-2.28768507,1.8362076332,25.971865186,0.8150741366,0.3170824707,0.0272325978,2.7482509642,1.2913902128,0.8931732752,0.7437351328,2.7932014942,0.0290306246,0.1348023008,0.0260760637,,,0.0516270176,1.1669829483,0.1310719807,0.5381709337,14.116591158,2.8130597775,-0.311475828,-0.396368134,0.4991915535,0.4338688143,0.00158156,1053043.45985771,2.3113827,0.01104033,2.12556262,0.00135549,0.00165546,0.00898791,0.02762461,-0.44139836,0.21119822,-0.80390237,0.02499171,-1.29320788,0.02379725,-0.49086879,0.01792688,0.04246809,0.02783477,-0.49305568,0.0273508,0.02741983,1.4801289,0.59547873,0.45380413,1.4188861732,0.6187790444,405,-0.014839085,-0.130786336,1.1722877331,-1.140374272
20171130,20171130,258196.0,01W,KOR,-0.015108,2017,11,20171031,20171031,69.171618817,2.3741686208,69.171618817,0.017360235,0.0,0.0135320024,0.04237369,-0.178519753,-0.353608052,-0.370144704,-0.197380976,0.2700282601,-0.117536724,-0.094261298,0.0010658282,-0.052048285,0.0196253118,-0.035475325,-0.022368631,0.6920074266,0.1029913994,-0.403207359,-0.198670221,-0.623364795,0.0152450917,-0.004438285,-0.000778398,-0.031779022,-0.085271815,0.0534927927,-0.020605155,0.0027168807,-0.023322036,0.0484241459,-0.052862431,-0.006877031,-0.002589612,0.0248604829,0.1864116757,0.0913488195,0.147941225,0.0056487941,0.0324445495,,,0.0484241459,-0.012940684,-4.905112213,-0.065803116,-24.94239529,0.7225254039,0.9058090079,0.9664441806,1.3050651343,0.0191472784,0.0652984971,,,0.0,0.0291004392,0.0395748073,-0.013930358,-0.720242771,-0.230441027,-0.012618723,-0.005929479,-0.01713507,-0.008062345,,-0.223348879,0.2943118572,-0.005979717,-0.005148508,-1.686132302,-0.280522488,-0.520766973,0.075626581,0.1797986608,0.1471254508,0.0881081905,1.7974223286,0.0155788879,0.0784081351,-0.105405971,2.14115174,0.1864292333,0.7205636307,0.440919217,0.5782450127,7.0,-1.152223626,1.7306025367,25.971865186,0.8150741366,0.3170824707,0.0272325978,2.5628128427,1.1969319105,0.9033721663,0.7360243393,2.5223643343,0.0067612219,0.0399257741,-0.089085425,,,0.04952832,1.1133195101,0.1157503217,0.5765116704,14.30961392,2.6802723638,-0.270579979,-0.421061424,0.5400596437,0.3030573927,0.00456508,938946.33282483,2.6499771,0.01008217,2.37997968,0.00149205,0.00167974,0.01103525,0.01692427,-0.46676143,-0.77624949,0.79088458,0.01383224,0.23125071,0.01266796,0.86240307,0.02054427,0.0346425,0.0170158,-0.42229852,0.03602975,0.02638687,1.43325096,0.62071137,0.4587588,1.3992344889,0.7383071258,406,-0.582008595,-0.772627715,1.1673053743,-1.39041877
20171228,20171231,258196.0,01W,KOR,-0.034596,2017,12,20171130,20171130,68.126589629,2.3383002177,68.126589629,0.0176265326,0.0,0.0135320024,-0.015107774,-0.214953461,-0.339785361,-0.311501129,-0.076302082,0.3709151805,-0.254598966,0.1848144977,-0.017108924,0.1679339287,-0.004158178,-0.035475325,-0.022368631,0.6920074266,0.1029913994,-0.403207359,-0.198670221,-0.623364795,0.0152450917,-0.004438285,-0.000778398,-0.031779022,-0.085271815,0.0534927927,-0.020605155,0.0027168807,-0.023322036,0.0484241459,-0.052862431,-0.006877031,-0.002589612,0.0248604829,0.1864116757,0.0913488195,0.147941225,0.0056487941,0.0324445495,,,0.0484241459,-0.012940684,-4.905112213,-0.065803116,-24.94239529,0.7225254039,0.9058090079,0.9664441806,1.3050651343,0.0191472784,0.0652984971,,,0.0,0.0291004392,0.0395748073,-0.013930358,-0.720242771,-0.230441027,-0.012618723,-0.005929479,-0.01713507,-0.008062345,,-0.223348879,0.2943118572,-0.005979717,-0.005148508,-1.686132302,-0.280522488,-0.520766973,0.075626581,0.1797986608,0.1471254508,0.0881081905,1.7974223286,0.0155788879,0.0784081351,-0.105405971,2.14115174,0.1864292333,0.7205636307,0.440919217,0.5782450127,7.0,-1.152223626,1.7306025367,25.971865186,0.8150741366,0.3170824707,0.0272325978,2.6021251617,1.2152922715,0.9172294618,0.7473145994,2.5610561926,0.0068649358,0.0405382163,-0.090451953,,,0.0502880606,1.1230932435,0.1167664835,0.6023223249,14.232552476,2.6581694697,-0.284396435,-0.305781655,0.5405005666,0.3135603792,0.00357284,798725.56034972,3.07859689,0.00891909,2.66168126,0.00174859,0.00165451,0.0080083,0.02173626,0.62240758,-0.89956466,1.29822843,0.02058554,0.41698497,0.02145335,0.45046083,0.02965464,0.0581446,0.02360227,-0.22059924,0.04237258,0.02605446,1.50138671,0.6113338,0.46128642,1.4587076956,1.1007857049,407,-0.582008595,-0.769671802,1.1673053743,-1.384685085
20180131,20180131,258196.0,01W,KOR,0.107386,2018,1,20171228,20171231,65.769701173,2.2574050369,65.769701173,,0.0,-2.77556e-16,-0.034595721,0.0266257438,-0.265640391,-0.351203923,-0.232164275,0.1808492412,-0.466196148,0.1874501279,-0.03729491,-0.087273441,0.0083685252,-0.035475325,-0.022368631,0.6920074266,0.1029913994,-0.403207359,-0.198670221,-0.623364795,0.0152450917,-0.004438285,-0.000778398,-0.031779022,-0.085271815,0.0534927927,-0.020605155,0.0027168807,-0.023322036,0.0484241459,-0.052862431,-0.006877031,-0.002589612,0.0248604829,0.1864116757,0.0913488195,0.147941225,0.0056487941,0.0324445495,,,0.0484241459,-0.012940684,-4.905112213,-0.065803116,-24.94239529,0.7225254039,0.9058090079,0.9664441806,1.3050651343,0.0191472784,0.0652984971,,,0.0,0.0291004392,0.0395748073,-0.013930358,-0.720242771,-0.230441027,-0.012618723,-0.005929479,-0.01713507,-0.008062345,,-0.223348879,0.2943118572,-0.005979717,-0.005148508,-1.686132302,-0.280522488,-0.520766973,0.075626581,0.1797986608,0.1471254508,0.0881081905,1.7974223286,0.0155788879,0.0784081351,-0.105405971,2.14115174,0.1864292333,0.7205636307,0.440919217,0.5782450127,7.0,-1.152223626,1.7306025367,25.971865186,0.8150741366,0.3170824707,0.0272325978,2.6953735519,1.2588428468,0.9500988149,0.7740949728,2.6528328567,0.007110944,0.0419909225,-0.093693342,,,0.0520901571,1.1457789396,0.1191250846,0.5615249404,14.049763573,2.391149097,-0.478992239,-0.330159969,0.4708014223,0.2643570293,0.00453352,403677.32470476,0.8721833,0.00522849,0.8931274,0.00290714,0.00165143,0.01105523,0.01844324,-0.39773987,0.16976746,-0.12031693,0.01846791,-0.40648408,0.01855338,-0.08818248,0.02095636,0.03797776,0.01997315,0.00257438,0.05432571,0.02580667,1.32776582,0.59018427,0.47024962,1.4559373187,0.7811040949,408,-0.569958936,-0.773267971,1.1678409318,-1.383351014
20180228,20180228,258196.0,01W,KOR,-0.173583,2018,2,20180131,20180131,72.832413468,2.4998176072,72.832413468,,0.0,-1.66533e-16,0.1073855008,-0.04918083,-0.185823627,-0.359355196,-0.375744819,-0.119470007,-0.149790262,-0.046411524,-0.023313362,0.0669715393,0.004389664,-0.084901716,-0.143376966,0.061021126,-0.050167337,-0.407792916,-0.229377231,-0.78440345,-0.007549153,-9.02313e-06,-0.000778398,-0.046144556,-0.046214217,6.96613e-05,-0.056548005,0.0020598947,-0.058607899,-0.022119159,0.0221101362,-0.007418429,-0.026446796,0.0156243164,0.1639585793,0.1341476559,0.1290478707,-0.005678359,0.0187352434,,,-0.022119159,-0.065801368,-25.21589389,-0.043691232,-16.74301771,0.6783669052,0.8264845393,0.8551604489,1.1991080331,0.0191472784,0.0517751976,,,0.0,-0.053568241,-0.018991054,-0.027677348,-0.372671886,-0.215956488,0.0043290933,0.0020218526,-0.011278728,-0.005047987,,-0.144099806,0.0736566968,-0.049505101,0.0144477049,-1.555025201,-0.784708533,-0.490934193,0.0625435704,0.1500382146,0.122025466,0.1227582897,1.2999856826,0.0631918489,0.0683462874,-0.001566614,2.1760171725,0.1752181034,0.7209339019,0.440919217,0.5510711764,5.0,-1.106843528,1.4390370061,25.971865186,0.8150741366,0.3170824707,0.0272325978,2.4902355636,1.1444006946,0.8430600585,0.7141276202,2.2283395482,-0.006498318,0.1573625894,0.0387131424,,,0.047038865,1.0841263565,0.0992915309,0.5070409652,14.235872634,2.3246293217,-0.573171395,-0.055428211,0.6143674145,0.2697014038,0.00418162,338251.99526582,0.99267355,0.00457805,0.99548827,0.00332794,0.00181198,0.0079747,0.01971833,-0.0367713,-0.07859301,0.72050121,0.01965139,0.32508104,0.02059806,0.12233191,0.03170661,0.04644222,0.02077806,0.07141206,0.06283467,0.02218538,1.46237365,0.6535615,0.47185304,1.2753692102,1.3535572419,409,-0.173614568,-0.211970313,1.169441527,-1.348786531
20180330,20180331,258196.0,01W,KOR,-0.001793,2018,3,20180228,20180228,60.189916363,2.0658907969,60.189916363,,0.0,-5.55112e-16,-0.173583388,0.0690747014,-0.173406159,-0.304844582,-0.275063454,-0.195950722,-0.179713281,0.0451622784,-0.043199332,0.1619402777,-0.005034442,-0.084901716,-0.143376966,0.061021126,-0.050167337,-0.407792916,-0.229377231,-0.78440345,-0.007549153,-9.02313e-06,-0.000778398,-0.046144556,-0.046214217,6.96613e-05,-0.056548005,0.0020598947,-0.058607899,-0.022119159,0.0221101362,-0.007418429,-0.026446796,0.0156243164,0.1639585793,0.1341476559,0.1290478707,-0.005678359,0.0187352434,,,-0.022119159,-0.065801368,-25.21589389,-0.043691232,-16.74301771,0.6783669052,0.8264845393,0.8551604489,1.1991080331,0.0191472784,0.0517751976,,,0.0,-0.053568241,-0.018991054,-0.027677348,-0.372671886,-0.215956488,0.0043290933,0.0020218526,-0.011278728,-0.005047987,,-0.144099806,0.0736566968,-0.049505101,0.0144477049,-1.555025201,-0.784708533,-0.490934193,0.0625435704,0.1500382146,0.122025466,0.1227582897,1.2999856826,0.0631918489,0.0683462874,-0.001566614,2.1760171725,0.1752181034,0.7209339019,0.440919217,0.5510711764,5.0,-1.106843528,1.4390370061,25.971865186,0.8150741366,0.3170824707,0.0272325978,3.0132932086,1.3847745536,1.0201392936,0.8641254424,2.6963876531,-0.007863248,0.1904155691,0.046844584,,,0.0569190701,1.2062821002,0.1104793696,0.5188181827,13.165184452,2.3480560483,-0.550583032,-1.291234213,0.605010051,0.2697455981,0.00424169,299299.06422934,1.12147113,0.00426993,1.08397794,0.00355195,0.00215112,0.01024299,0.01419028,-0.34151751,-0.05160085,0.87130788,0.01407147,-0.28487528,0.01261822,-0.18899051,0.01498422,0.03750826,0.02199778,0.11815834,0.07080402,0.02137101,1.36317887,0.54741555,0.47296823,1.130050739,0.6448985605,410,-0.142629851,-0.208653054,1.1689090053,-1.335271043
20180430,20180430,258196.0,01W,KOR,0.228599,2018,4,20180330,20180331,60.082022304,2.0621875629,60.082022304,,0.0,-3.33067e-16,-0.00179256,-0.084838227,-0.092975034,-0.351192483,-0.426787958,-0.160879942,-0.120029456,-0.022312357,-0.041333896,0.158476762,-0.003108488,-0.084901716,-0.143376966,0.061021126,-0.050167337,-0.407792916,-0.229377231,-0.78440345,-0.007549153,-9.02313e-06,-0.000778398,-0.046144556,-0.046214217,6.96613e-05,-0.056548005,0.0020598947,-0.058607899,-0.022119159,0.0221101362,-0.007418429,-0.026446796,0.0156243164,0.1639585793,0.1341476559,0.1290478707,-0.005678359,0.0187352434,,,-0.022119159,-0.065801368,-25.21589389,-0.043691232,-16.74301771,0.6783669052,0.8264845393,0.8551604489,1.1991080331,0.0191472784,0.0517751976,,,0.0,-0.053568241,-0.018991054,-0.027677348,-0.372671886,-0.215956488,0.0043290933,0.0020218526,-0.011278728,-0.005047987,,-0.144099806,0.0736566968,-0.049505101,0.0144477049,-1.555025201,-0.784708533,-0.490934193,0.0625435704,0.1500382146,0.122025466,0.1227582897,1.2999856826,0.0631918489,0.0683462874,-0.001566614,2.1760171725,0.1752181034,0.7209339019,0.440919217,0.5510711764,5.0,-1.106843528,1.4390370061,25.971865186,0.8150741366,0.3170824707,0.0272325978,3.0187044186,1.3872613032,1.0219712387,0.8656772211,2.7012297705,-0.007877368,0.1907575134,0.0469287065,,,0.0570212842,1.2074431888,0.1105857099,0.507871945,13.154107817,2.3509631753,-0.519584182,-0.878568533,0.6082417689,0.2613947605,0.00398637,206423.15718575,0.6995844,0.00312042,0.66034419,0.00427477,0.00232878,0.00845037,0.0130636,0.40588256,0.28174412,0.92254092,0.01286756,0.34769814,0.01358644,1.13327865,0.02165085,0.04146101,0.01772195,0.29290674,0.07694162,0.02035946,1.08961805,0.54643427,0.4740902,1.0528862075,0.9696818647,411,-0.099815882,-0.209666288,1.1699730426,-1.286340878
20180531,20180531,258196.0,01W,KOR,-0.124013,2018,5,20180430,20180430,73.816688706,2.5336007602,73.816688706,,0.0,-4.44089e-16,0.2285986036,-0.17506479,-0.131406445,-0.256232549,-0.414757332,-0.353608052,-0.114681739,0.0205498637,-0.022420374,-0.09188621,0.0197860024,0.0707383059,-0.076584622,0.3425043174,0.0690611893,-0.329262611,-0.13148972,-0.788311982,0.0081072357,-0.000276113,0.0006978112,0.0333323993,0.0032388003,0.030093599,0.0454939621,0.0050638107,0.0404301515,0.0261210245,-0.025699327,-0.004701435,0.0315924381,0.0127291472,0.1626933942,0.1335439337,0.123991526,-0.025832245,0.0155547169,,,-0.02193135,-0.042233384,-3.451344807,-0.06793271,-5.551513675,0.7847774797,0.832552764,0.9317367643,1.2219763566,0.025421946,0.0621884292,,,0.0,0.0755124811,0.1337272628,0.024284198,1.9879629327,-0.10403882,-0.01911459,-0.008784209,-0.020603725,-0.009446486,0.0643630216,-0.160812666,0.1151900626,-0.080430166,0.0681386551,-0.389329462,-0.917516542,-0.415494713,0.0977697036,0.1742020493,0.1328517576,0.1429906054,,0.0299965931,0.09131055,-0.059889718,2.1110310723,0.168183835,0.714559345,0.2787499775,0.6400561278,4.0,-1.162875082,1.4286726762,,1.2985146205,-0.314321741,0.0196434509,2.4843450424,1.1768396377,0.8094191785,0.6549216627,2.2382934684,-0.03040041,0.0745218874,-0.061552834,,,0.0569017757,1.1068194529,0.1026907438,0.5684192871,14.87995672,2.3694756882,-0.545211223,-0.727069402,0.4985488581,0.2614741134,0.00048218,472327.43336068,4.06669636,0.00700827,3.92178069,0.00235499,0.00194391,0.01354903,0.03646268,2.08094334,0.71922523,4.91847931,0.03644841,1.41217884,0.03780634,2.18673822,0.05696676,0.16731293,0.04077468,3.06802678,0.072152,0.02277026,1.01262434,0.67134839,0.46696442,1.1518602261,2.3025437492,412,-0.920856921,-0.700409939,0.1306621307,-1.1639308
20180629,20180630,258196.0,01W,KOR,-0.005619,2018,6,20180531,20180531,64.662486287,2.219402242,64.662486287,,0.0,0.0,-0.12401264,0.2263962665,0.0835224412,-0.162235365,-0.29545008,-0.339785361,-0.121076061,-0.11454789,-0.023280806,-0.015139402,0.0126402772,0.0707383059,-0.076584622,0.3425043174,0.0690611893,-0.329262611,-0.13148972,-0.788311982,0.0081072357,-0.000276113,0.0006978112,0.0333323993,0.0032388003,0.030093599,0.0454939621,0.0050638107,0.0404301515,0.0261210245,-0.025699327,-0.004701435,0.0315924381,0.0127291472,0.1626933942,0.1335439337,0.123991526,-0.025832245,0.0155547169,,,-0.02193135,-0.042233384,-3.451344807,-0.06793271,-5.551513675,0.7847774797,0.832552764,0.9317367643,1.2219763566,0.025421946,0.0621884292,,,0.0,0.0755124811,0.1337272628,0.024284198,1.9879629327,-0.10403882,-0.01911459,-0.008784209,-0.020603725,-0.009446486,0.0643630216,-0.160812666,0.1151900626,-0.080430166,0.0681386551,-0.389329462,-0.917516542,-0.415494713,0.0977697036,0.1742020493,0.1328517576,0.1429906054,,0.0299965931,0.09131055,-0.059889718,2.1110310723,0.168183835,0.714559345,0.2787499775,0.6400561278,4.0,-1.162875082,1.4286726762,,1.2985146205,-0.314321741,0.0196434509,2.8360512433,1.3434436283,0.9240078284,0.7476382564,2.5551663982,-0.034704165,0.0850718752,-0.070266806,,,0.0649573022,1.1964783418,0.1110092984,0.5622685256,14.249496722,2.3857839533,-0.429406181,-0.359357142,0.5166469426,0.273964789,0.00148783,543926.72637837,3.58166734,0.00802459,3.46748788,0.00204198,0.00196742,0.01165155,0.03911627,0.6169961,-0.05346366,0.85149989,0.03739791,1.45526319,0.03674578,1.06107534,0.04098988,0.08923526,0.04191256,-0.08276476,0.07334433,0.02396392,0.97979264,0.60342248,0.47183721,1.2256487049,1.5654525575,413,-0.920127758,-0.69976375,0.1323364796,-1.164233394
20180731,20180731,258196.0,01W,KOR,-0.150147,2018,7,20180629,20180630,64.299155331,2.2069316801,64.299155331,,0.0,0.0,-0.005618883,0.0762368477,-0.016834726,-0.02557616,-0.302981135,-0.265640391,-0.086542498,-0.129237923,-0.012042711,0.0182268095,0.0103677764,0.0707383059,-0.076584622,0.3425043174,0.0690611893,-0.329262611,-0.13148972,-0.788311982,0.0081072357,-0.000276113,0.0006978112,0.0333323993,0.0032388003,0.030093599,0.0454939621,0.0050638107,0.0404301515,0.0261210245,-0.025699327,-0.004701435,0.0315924381,0.0127291472,0.1626933942,0.1335439337,0.123991526,-0.025832245,0.0155547169,,,-0.02193135,-0.042233384,-3.451344807,-0.06793271,-5.551513675,0.7847774797,0.832552764,0.9317367643,1.2219763566,0.025421946,0.0621884292,,,0.0,0.0755124811,0.1337272628,0.024284198,1.9879629327,-0.10403882,-0.01911459,-0.008784209,-0.020603725,-0.009446486,0.0643630216,-0.160812666,0.1151900626,-0.080430166,0.0681386551,-0.389329462,-0.917516542,-0.415494713,0.0977697036,0.1742020493,0.1328517576,0.1429906054,,0.0299965931,0.09131055,-0.059889718,2.1110310723,0.168183835,0.714559345,0.2787499775,0.6400561278,4.0,-1.162875082,1.4286726762,,1.2985146205,-0.314321741,0.0196434509,2.8520767293,1.3510349358,0.929229058,0.7518628861,2.5696047069,-0.034900266,0.0855525851,-0.070663858,,,0.0653243521,1.2003375825,0.1113673589,0.5991499775,14.220769825,2.3074227167,-0.580635371,-0.660693584,0.5162994259,0.2731544176,0.00291867,568709.9649207,3.42155088,0.00838652,3.31386856,0.00195196,0.00244974,0.0121604,0.025714,0.46276325,-0.07413924,1.00387352,0.02578295,0.55301162,0.02339944,0.64711902,0.03488183,0.05113408,0.02756322,0.13345466,0.07331855,0.0247815,0.85531223,0.71447878,0.45625745,1.164845422,1.2886018422,414,-0.911687944,-0.70128792,0.1280109785,-1.152854535
20180831,20180831,258196.0,01W,KOR,-0.052178,2018,8,20180731,20180731,54.644826215,1.8755673773,54.644826215,,0.0,1.665335e-16,-0.15014706,-0.12893471,-0.117162919,-0.070440212,-0.20402781,-0.185823627,-0.168516894,0.0907498529,-0.033942431,-0.113940543,0.0204319258,0.0710599561,-0.166088502,0.4960552673,0.0259046786,-0.20618989,-0.143575566,-0.752572214,0.0037616909,-0.000569233,0.0006978112,0.0500368189,0.0181314536,0.0319053653,0.0033674479,0.0016749086,0.0016925393,0.0431321119,-0.043701345,-0.003755112,0.0033575083,0.0014557006,0.1312952782,0.1002863794,0.1020504729,-0.042056494,0.0015903054,,,0.0090733952,-0.046251482,-2.487678695,-0.089952827,-4.838195891,0.7713961357,0.7372849456,0.8184707485,1.0924673229,0.025421946,0.0642785614,,,0.0,0.0359853702,0.0667735468,0.0014920669,1.7597664482,-0.083625801,-0.015143481,-0.0071735,-0.016603903,-0.00786484,0.0643630216,-0.305899344,-0.068777304,-0.157550976,0.1083405855,-0.257788967,-0.621407806,-0.310755115,0.0578746147,0.1406251149,0.1028314617,0.1074127251,,0.0276592571,0.0540348973,-0.021390958,2.26204736,0.1778481977,0.7084917049,0.2389323598,0.6511579768,5.0,-1.011063069,1.1962908846,,1.2985146205,-0.314321741,0.0196434509,3.5745849369,1.5802431904,1.2388332654,1.0090640879,2.8286399908,-0.066459488,0.0988703637,-0.098661629,,,0.0768654776,1.288770038,0.0961404522,0.6691952545,13.233824856,2.396374565,-0.047893308,0.2867940816,0.5242567861,0.2436346855,0.00371215,557128.3732663,3.49789462,0.0083174,3.34577909,0.00187091,0.00257377,0.00922356,0.02252604,-0.44615713,-0.92107348,2.68243206,0.02268757,-0.44056208,0.02402643,-0.45799482,0.01717723,0.03118511,0.03298396,-2.63689058,0.08458545,0.0250542,1.22395281,0.60720189,0.45601215,1.1721783591,0.6166546956,415,-1.042212827,-0.848754285,0.1192894199,-1.259840557
20180928,20180930,258196.0,01W,KOR,-0.021918,2018,9,20180831,20180831,51.793568257,1.7777040153,51.793568257,,0.0,0.0,-0.052178004,-0.154922284,-0.092126563,-0.197892827,-0.379821776,-0.173406159,0.0288373654,-0.246866507,-0.016243476,0.0353898277,0.0116116756,0.0710599561,-0.166088502,0.4960552673,0.0259046786,-0.20618989,-0.143575566,-0.752572214,0.0037616909,-0.000569233,0.0006978112,0.0500368189,0.0181314536,0.0319053653,0.0033674479,0.0016749086,0.0016925393,0.0431321119,-0.043701345,-0.003755112,0.0033575083,0.0014557006,0.1312952782,0.1002863794,0.1020504729,-0.042056494,0.0015903054,,,0.0090733952,-0.046251482,-2.487678695,-0.089952827,-4.838195891,0.7713961357,0.7372849456,0.8184707485,1.0924673229,0.025421946,0.0642785614,,,0.0,0.0359853702,0.0667735468,0.0014920669,1.7597664482,-0.083625801,-0.015143481,-0.0071735,-0.016603903,-0.00786484,0.0643630216,-0.305899344,-0.068777304,-0.157550976,0.1083405855,-0.257788967,-0.621407806,-0.310755115,0.0578746147,0.1406251149,0.1028314617,0.1074127251,,0.0276592571,0.0540348973,-0.021390958,2.26204736,0.1778481977,0.7084917049,0.2389323598,0.6511579768,5.0,-1.011063069,1.1962908846,,1.2985146205,-0.314321741,0.0196434509,3.7713673577,1.66723625,1.3070315635,1.0646134951,2.9843578251,-0.070118111,0.1043132192,-0.104092994,,,0.0810969548,1.3231335345,0.0987039212,0.6426472692,12.898044321,2.4010020285,-0.250372125,0.0720615645,0.5168436823,0.2037706431,0.00371109,537660.99928316,3.57283136,0.00810986,3.38240298,0.00183832,0.00261781,0.00769821,0.01764205,1.23341095,-0.20838217,0.59668933,0.01554492,1.41114244,0.01669318,1.95503698,0.02280431,0.05024084,0.02001753,0.48090092,0.08973396,0.02486234,1.11373361,0.58453193,0.45328352,1.138489722,0.8284128516,416,-1.034670494,-0.849871321,0.1100713291,-1.23881784
20181031,20181031,258196.0,01W,KOR,-0.246586,2018,10,20180928,20180930,50.658363852,1.7387405398,50.658363852,,0.0,1.665335e-16,-0.021917864,-0.19449069,-0.137952315,-0.212501086,-0.219502828,-0.092975034,-0.247555196,0.04237369,-0.022088163,-0.08482112,0.0162525451,0.0710599561,-0.166088502,0.4960552673,0.0259046786,-0.20618989,-0.143575566,-0.752572214,0.0037616909,-0.000569233,0.0006978112,0.0500368189,0.0181314536,0.0319053653,0.0033674479,0.0016749086,0.0016925393,0.0431321119,-0.043701345,-0.003755112,0.0033575083,0.0014557006,0.1312952782,0.1002863794,0.1020504729,-0.042056494,0.0015903054,,,0.0090733952,-0.046251482,-2.487678695,-0.089952827,-4.838195891,0.7713961357,0.7372849456,0.8184707485,1.0924673229,0.025421946,0.0642785614,,,0.0,0.0359853702,0.0667735468,0.0014920669,1.7597664482,-0.083625801,-0.015143481,-0.0071735,-0.016603903,-0.00786484,0.0643630216,-0.305899344,-0.068777304,-0.157550976,0.1083405855,-0.257788967,-0.621407806,-0.310755115,0.0578746147,0.1406251149,0.1028314617,0.1074127251,,0.0276592571,0.0540348973,-0.021390958,2.26204736,0.1778481977,0.7084917049,0.2389323598,0.6511579768,5.0,-1.011063069,1.1962908846,,1.2985146205,-0.314321741,0.0196434509,3.855880013,1.7045973843,1.3363208629,1.0884704426,3.0512343662,-0.071689389,0.1066507765,-0.106425616,,,0.0829142583,1.3373305891,0.0997630018,0.7283870429,12.753835786,2.4804416803,-0.231281209,0.0460746443,0.5221549405,0.2218840896,0.0047729,537509.11745217,3.63492196,0.00810849,3.44053128,0.00177366,0.00282161,0.00961129,0.01932719,-1.07094232,-0.11167584,0.3797723,0.02022727,-1.08999463,0.01639901,-0.66604472,0.01805341,0.03384353,0.01951878,-1.15220491,0.09532446,0.02402517,1.31253581,0.63993163,0.45414549,1.1133480695,0.6733373543,417,-1.027155632,-0.838001375,0.108204181,-1.221604483
20181130,20181130,258196.0,01W,KOR,0.086712,2018,11,20181031,20181031,38.166699365,1.3099907382,38.166699365,,0.0,2.220446e-16,-0.246586418,-0.072952238,-0.313727495,-0.304453039,-0.267642355,-0.131406445,-0.123604254,-0.015107774,-0.043131676,-0.093684456,0.0204088855,0.0178412521,-0.107911743,0.0659708276,-0.018003098,-0.227804774,-0.112883367,-0.701786955,-0.002887809,-0.000700751,0.0006978112,0.0488143821,0.0304839202,0.0183304619,-0.010254431,0.0014091659,-0.011663596,0.0017857355,-0.002486486,-6.4696e-05,-0.016229457,-0.014523265,0.123469596,0.1008790967,0.0775924322,-0.064556187,-0.016773406,,,-0.02042818,-0.056037066,-1.961119778,-0.058523553,-2.048138914,0.7558857796,0.8177763335,0.8702454214,1.1549335597,0.025421946,0.0438232315,,,0.0,0.0067858107,0.0372621512,-0.004622989,0.8036305569,0.0296547203,-0.030173107,-0.013338849,-0.017554384,-0.00740937,0.0643630216,-0.148090976,-0.135658041,-0.268708521,0.1525277875,0.3161139183,-0.481048953,-0.301545377,0.0456420682,0.1256724482,0.0748480105,0.1026789061,,0.0274630512,0.0448420302,0.0118841633,2.2592620061,0.1775758742,0.7250225083,0.5738578389,0.6110664476,4.0,-0.941289508,1.2165294897,,1.2985146205,-0.314321741,0.0196434509,4.7275951191,2.0925395577,1.6456735427,1.4384950474,4.078110366,-0.135086375,0.1298341869,-0.119404852,,,0.1100514515,1.4480384567,0.0869368028,0.6619305808,12.502323427,2.2697147439,-0.274677932,-0.170339636,0.567212499,0.2038760424,0.00318709,266785.57782917,1.3237071,0.00445049,1.13202109,0.0030884,0.00276894,0.00963268,0.04060697,0.65446585,-0.04937619,2.10857769,0.02995671,1.28223931,0.03085375,1.50243116,0.04081876,0.12905783,0.04758946,0.51404103,0.12301598,0.02615246,1.4196912,0.48213318,0.47716031,1.1933977147,1.3745510294,418,-1.119949065,-0.895644767,0.093197454,-1.274141909
20181228,20181231,258196.0,01W,KOR,-0.052096,2018,12,20181130,20181130,41.476211701,1.4235827065,41.476211701,,0.0,0.0,0.0867120393,-0.263099635,-0.409755152,-0.365895458,-0.439767944,0.0835224412,-0.094495044,-0.034595721,-0.032103698,0.0505202909,0.0080189373,0.0178412521,-0.107911743,0.0659708276,-0.018003098,-0.227804774,-0.112883367,-0.701786955,-0.002887809,-0.000700751,0.0006978112,0.0488143821,0.0304839202,0.0183304619,-0.010254431,0.0014091659,-0.011663596,0.0017857355,-0.002486486,-6.4696e-05,-0.016229457,-0.014523265,0.123469596,0.1008790967,0.0775924322,-0.064556187,-0.016773406,,,-0.02042818,-0.056037066,-1.961119778,-0.058523553,-2.048138914,0.7558857796,0.8177763335,0.8702454214,1.1549335597,0.025421946,0.0438232315,,,0.0,0.0067858107,0.0372621512,-0.004622989,0.8036305569,0.0296547203,-0.030173107,-0.013338849,-0.017554384,-0.00740937,0.0643630216,-0.148090976,-0.135658041,-0.268708521,0.1525277875,0.3161139183,-0.481048953,-0.301545377,0.0456420682,0.1256724482,0.0748480105,0.1026789061,,0.0274630512,0.0448420302,0.0118841633,2.2592620061,0.1775758742,0.7250225083,0.5738578389,0.6110664476,4.0,-0.941289508,1.2165294897,,1.2985146205,-0.314321741,0.0196434509,4.3503660106,1.9255694996,1.514360275,1.3237131782,3.7527056097,-0.124307425,0.1194743245,-0.109877178,,,0.1012701134,1.3983148645,0.083951516,0.666184627,13.047390361,2.2592885378,-0.073454408,0.0947801836,0.5570391006,0.2153535583,0.00390258,172009.67838853,1.22128622,0.0033386,1.28666738,0.0037088,0.00279287,0.01090671,0.01922106,0.2505469,-0.65092946,1.37717474,0.01874053,0.34092934,0.01932754,0.25644735,0.03316864,0.04740336,0.02079268,0.06488151,0.16517476,0.0260738,1.43158679,0.52393994,0.48722628,1.179432606,1.1220041248,419,-1.120318826,-0.905676123,0.0888638162,-1.270870087
20190131,20190131,258196.0,01W,KOR,0.148903,2019,1,20181228,20181231,39.315451115,1.3494191975,39.315451115,,0.0,2.220446e-16,-0.052096382,-0.18125639,-0.354949354,-0.309673508,-0.369372052,-0.016834726,-0.051711085,0.1073855008,-0.046602051,0.0232040665,0.011492143,0.0178412521,-0.107911743,0.0659708276,-0.018003098,-0.227804774,-0.112883367,-0.701786955,-0.002887809,-0.000700751,0.0006978112,0.0488143821,0.0304839202,0.0183304619,-0.010254431,0.0014091659,-0.011663596,0.0017857355,-0.002486486,-6.4696e-05,-0.016229457,-0.014523265,0.123469596,0.1008790967,0.0775924322,-0.064556187,-0.016773406,,,-0.02042818,-0.056037066,-1.961119778,-0.058523553,-2.048138914,0.7558857796,0.8177763335,0.8702454214,1.1549335597,0.025421946,0.0438232315,,,0.0,0.0067858107,0.0372621512,-0.004622989,0.8036305569,0.0296547203,-0.030173107,-0.013338849,-0.017554384,-0.00740937,0.0643630216,-0.148090976,-0.135658041,-0.268708521,0.1525277875,0.3161139183,-0.481048953,-0.301545377,0.0456420682,0.1256724482,0.0748480105,0.1026789061,,0.0274630512,0.0448420302,0.0118841633,2.2592620061,0.1775758742,0.7250225083,0.5738578389,0.6110664476,4.0,-0.941289508,1.2165294897,,1.2985146205,-0.314321741,0.0196434509,4.5894602889,2.0313979859,1.597588876,1.3964638954,3.9589527248,-0.131139308,0.1260405829,-0.115915981,,,0.1068358761,1.4303832776,0.0858768276,0.6759825919,12.701917591,2.2587084215,-0.063201657,-0.430893627,0.5655933423,0.2183621729,0.00253217,167150.84044849,1.77345063,0.00360028,1.78620669,0.0035971,0.00268532,0.01197682,0.04312488,0.78791344,-0.00309328,-0.65726213,0.04449932,0.55217737,0.04396089,0.97614458,0.05109193,0.09007609,0.04461197,0.47195778,0.18892467,0.02815367,1.3855502,0.49664456,0.47650133,1.1986862586,1.6223416608,420,-1.137277192,-0.910346372,0.0887012852,-1.300964668
20190228,20190228,258196.0,01W,KOR,0.000495,2019,2,20190131,20190131,45.169649319,1.5503520933,45.169649319,,0.0,1.665335e-16,0.1489032438,0.0300982733,-0.280527475,-0.467390751,-0.460192938,-0.117162919,0.049378177,-0.173583388,-0.017285084,0.0582751147,0.010728349,0.057222742,0.0010159434,-0.159763837,0.1147564225,-0.115874661,-0.050882842,-0.472896233,0.0155143935,-0.000654869,0.0006978112,0.0402349222,0.0743429404,-0.034108018,-0.003714123,6.36541e-05,-0.003777777,-0.003531462,0.0028765938,0.0004077631,-0.016824574,-0.011201374,0.114451782,0.1261867668,0.0793196832,-0.064157774,-0.014221834,,,-0.023090451,-0.082568246,-3.079896616,-0.079691652,-2.972596146,0.7012512443,0.8036390048,0.870824443,1.2696508597,0.025421946,0.0672324379,,,0.0,-0.040053725,0.1337272628,-0.001903454,-0.10849168,0.1540434363,0.0046789399,0.0020710037,0.0003498466,4.9151e-05,0.0643630216,-0.162361911,-0.05253912,-0.290371027,0.2071268045,1.3414210076,1.9698553008,-0.2412407,0.046114492,0.1210010268,0.0762495737,0.1334075196,,0.0557594742,0.0436185206,-0.007432375,2.3931634758,0.1588655979,0.714559345,0.5458201251,0.6515633757,5.0,-0.941835521,1.1403462573,,1.2985146205,-0.314321741,0.0196434509,4.2450705321,1.7738322413,1.3443749863,1.0589685454,3.5966679543,-0.113805128,0.2367029008,0.0759550887,,,0.0929894459,1.3758349019,0.0899303182,0.6916711451,14.29145863,2.2890847129,-0.046360744,-0.313416982,0.5074760021,0.269459889,0.00481603,153226.95985272,1.89283223,0.00341422,1.86117837,0.0037574,0.00268891,0.00730368,0.01844728,0.11320574,0.24625001,1.11428965,0.0166582,-0.00439434,0.01532988,0.445102,0.02899844,0.04423579,0.01849254,-0.01985865,0.20828284,0.02824431,1.32473906,0.57059655,0.47649916,1.1818077629,0.9234403833,421,-0.975422377,-0.62033868,0.0938824147,-1.240345648
20190329,20190331,258196.0,01W,KOR,0.020416,2019,3,20190228,20190228,45.192029304,1.5511202386,45.192029304,,0.0,2.775558e-16,0.0004954651,0.0890495411,-0.127890763,-0.301455111,-0.249547897,-0.092126563,-0.256017638,-0.00179256,-0.017077082,0.1796622578,-0.008016711,0.057222742,0.0010159434,-0.159763837,0.1147564225,-0.115874661,-0.050882842,-0.472896233,0.0155143935,-0.000654869,0.0006978112,0.0402349222,0.0743429404,-0.034108018,-0.003714123,6.36541e-05,-0.003777777,-0.003531462,0.0028765938,0.0004077631,-0.016824574,-0.011201374,0.114451782,0.1261867668,0.0793196832,-0.064157774,-0.014221834,,,-0.023090451,-0.082568246,-3.079896616,-0.079691652,-2.972596146,0.7012512443,0.8036390048,0.870824443,1.2696508597,0.025421946,0.0672324379,,,0.0,-0.040053725,0.1337272628,-0.001903454,-0.10849168,0.1540434363,0.0046789399,0.0020710037,0.0003498466,4.9151e-05,0.0643630216,-0.162361911,-0.05253912,-0.290371027,0.2071268045,1.3414210076,1.9698553008,-0.2412407,0.046114492,0.1210010268,0.0762495737,0.1334075196,,0.0557594742,0.0436185206,-0.007432375,2.3931634758,0.1588655979,0.714559345,0.5458201251,0.6515633757,5.0,-0.941835521,1.1403462573,,1.2985146205,-0.314321741,0.0196434509,4.2429682893,1.7729538046,1.3437092253,1.0584441233,3.5948868133,-0.11374877,0.2365856809,0.0759174742,,,0.0929433957,1.3755039041,0.0899086828,0.7469421955,14.293955466,2.2656108442,-0.086162266,-0.345895665,0.5107797068,0.3116009651,0.00291242,168319.37509985,1.96870363,0.0038159,1.89215786,0.0035924,0.00261261,0.01749637,0.02343267,-0.32351291,-0.31131238,0.14576259,0.02416496,0.01713617,0.02120828,0.50106423,0.02573678,0.05805187,0.02641842,-0.43174135,0.21322424,0.02865337,1.44860996,0.57087926,0.47367641,1.2377816392,0.81542591,422,-0.980406221,-0.622600604,0.0908669181,-1.244755742
20190430,20190430,258196.0,01W,KOR,0.283656,2019,4,20190329,20190331,46.114677645,1.5827881795,46.114677645,,0.0,4.440892e-16,0.0204161742,0.1494724853,-0.107905865,-0.297159829,-0.24782776,-0.137952315,-0.226937248,0.2285986036,-0.036002757,0.1599531795,-0.005371575,0.057222742,0.0010159434,-0.159763837,0.1147564225,-0.115874661,-0.050882842,-0.472896233,0.0155143935,-0.000654869,0.0006978112,0.0402349222,0.0743429404,-0.034108018,-0.003714123,6.36541e-05,-0.003777777,-0.003531462,0.0028765938,0.0004077631,-0.016824574,-0.011201374,0.114451782,0.1261867668,0.0793196832,-0.064157774,-0.014221834,,,-0.023090451,-0.082568246,-3.079896616,-0.079691652,-2.972596146,0.7012512443,0.8036390048,0.870824443,1.2696508597,0.025421946,0.0672324379,,,0.0,-0.040053725,0.1337272628,-0.001903454,-0.10849168,0.1540434363,0.0046789399,0.0020710037,0.0003498466,4.9151e-05,0.0643630216,-0.162361911,-0.05253912,-0.290371027,0.2071268045,1.3414210076,1.9698553008,-0.2412407,0.046114492,0.1210010268,0.0762495737,0.1334075196,,0.0557594742,0.0436185206,-0.007432375,2.3931634758,0.1588655979,0.714559345,0.5458201251,0.6515633757,5.0,-0.941835521,1.1403462573,,1.2985146205,-0.314321741,0.0196434509,4.1580762799,1.7374810881,1.3168247028,1.0372670976,3.5229614194,-0.111472919,0.2318521471,0.0743985407,,,0.0910838128,1.3619952872,0.0890257032,0.7474519323,14.394781794,2.2438182704,-0.072138699,-0.162861697,0.5150638027,0.3176423927,0.00411382,172720.48271122,1.90347319,0.00394316,1.81368634,0.00359539,0.0026674,0.01050121,0.01827021,0.0306399,-0.18674759,0.67912745,0.01840385,-0.00808186,0.0185512,0.37029574,0.02862399,0.04055654,0.02271931,-0.14065434,0.21772325,0.02895835,1.62772311,0.58253443,0.47277446,1.2962950761,0.8983732947,423,-0.995468456,-0.628641931,0.0881654832,-1.278018118
20190531,20190531,258196.0,01W,KOR,0.654448,2019,5,20190430,20190430,59.195399536,2.0317561231,59.195399536,,0.0,2.775558e-16,0.2836563662,0.0209217548,0.208243794,-0.156101669,-0.37528114,-0.313727495,-0.142795433,-0.12401264,0.0010580615,-0.093742378,0.0204325041,-0.018139283,-0.034577777,-0.123478256,0.1311856458,0.1971532789,-0.013650875,1.6190144806,0.016767864,-7.1678e-05,-0.011736435,0.0321091582,-0.03844528,0.0705544377,-0.030239904,0.0011429718,-0.031382876,0.0667503213,-0.078558435,-0.003610819,-0.047947759,-0.013871651,0.1113000835,0.0681502098,0.0709831425,-0.058856144,-0.015554779,,,0.0643576559,-0.000775254,-0.030314936,-0.079333689,-3.102203545,0.7713921885,0.8432642599,0.8777670452,1.1213357997,0.0279543484,0.0430653508,,,0.0,0.0384610181,-0.209142423,-0.017091442,0.1767342256,-0.0297084,-0.013964762,-0.005835273,0.0051498279,0.0029489362,0.0687226342,-0.241960386,-0.037746778,-0.30329888,0.2501950024,0.3614464378,2.0071971359,0.341904796,0.0661528224,0.1092811798,0.0639286131,0.0669140138,,-0.02479808,0.0673749558,-0.054794674,2.3014653986,0.1426752513,0.5946686653,0.2681687493,0.5872196361,3.0,-0.712023174,1.1090619142,,1.5804180083,-0.397182158,0.0245118937,3.0417842126,1.3216727979,1.2123861377,1.0813906337,2.6946410548,-0.077788565,-0.07543041,-0.224163209,,,0.0753269349,1.1545470575,0.0622723768,0.632222221,15.174486781,2.2351890027,-0.134704149,-0.051457129,0.5160421126,0.2460951888,0.00057543,422903.59582783,3.22290695,0.00809845,3.01050396,0.00215545,0.00260079,0.01284534,0.03385825,1.20004694,-0.27771107,2.4710827,0.03385533,0.79865483,0.03533842,1.16294363,0.06986344,0.1105549,0.03851533,1.22463457,0.18972067,0.02880931,1.67999642,0.74777403,0.47543853,1.3002201136,2.2026647319,424,-1.626877593,-1.431716525,-1.294441485,-1.395325471
20190628,20190630,258196.0,01W,KOR,0.468018,2019,6,20190531,20190531,97.935714018,3.3614349795,97.935714018,,0.0,2.775558e-16,0.6544480616,0.3098637182,0.4272132653,0.1429102402,-0.084548044,-0.409755152,-0.208182418,-0.005618883,0.0610641474,-0.006770699,0.0108819518,-0.018139283,-0.034577777,-0.123478256,0.1311856458,0.1971532789,-0.013650875,1.6190144806,0.016767864,-7.1678e-05,-0.011736435,0.0321091582,-0.03844528,0.0705544377,-0.030239904,0.0011429718,-0.031382876,0.0667503213,-0.078558435,-0.003610819,-0.047947759,-0.013871651,0.1113000835,0.0681502098,0.0709831425,-0.058856144,-0.015554779,,,0.0643576559,-0.000775254,-0.030314936,-0.079333689,-3.102203545,0.7713921885,0.8432642599,0.8777670452,1.1213357997,0.0279543484,0.0430653508,,,0.0,0.0384610181,-0.209142423,-0.017091442,0.1767342256,-0.0297084,-0.013964762,-0.005835273,0.0051498279,0.0029489362,0.0687226342,-0.241960386,-0.037746778,-0.30329888,0.2501950024,0.3614464378,2.0071971359,0.341904796,0.0661528224,0.1092811798,0.0639286131,0.0669140138,,-0.02479808,0.0673749558,-0.054794674,2.3014653986,0.1426752513,0.5946686653,0.2681687493,0.5872196361,3.0,-0.712023174,1.1090619142,,1.5804180083,-0.397182158,0.0245118937,1.8385492317,0.7988602535,0.7328039882,0.6536262206,1.628725082,-0.047017834,-0.045592492,-0.135491234,,,0.0455299484,0.8783644429,0.0473760175,0.6681296202,16.81959679,1.6982690084,-0.106794571,0.2556003168,0.5156524945,0.3666872295,0.00010517,1804039.83705714,3.70048562,0.02317237,3.21306467,0.00062728,0.00118323,0.01849922,0.07185182,1.61426126,0.3230309,-0.58163485,0.07407668,1.53141406,0.06770599,0.9115276,0.13124454,0.22461076,0.07225281,1.61224242,0.13850613,0.03472288,1.14102666,0.95191979,0.42302086,1.3112569216,3.5761137075,425,-1.638724501,-1.431898822,-1.294812812,-1.433297846
20190731,20190731,258196.0,01W,KOR,-0.064106,2019,7,20190628,20190630,143.77135732,4.9346458988,143.77135732,,0.0,1.110223e-16,0.4680176558,1.1237427869,1.491023535,0.9332585297,0.5231259806,-0.354949354,-0.37560944,-0.15014706,0.1172609398,-0.0032349,0.0045005602,-0.018139283,-0.034577777,-0.123478256,0.1311856458,0.1971532789,-0.013650875,1.6190144806,0.016767864,-7.1678e-05,-0.011736435,0.0321091582,-0.03844528,0.0705544377,-0.030239904,0.0011429718,-0.031382876,0.0667503213,-0.078558435,-0.003610819,-0.047947759,-0.013871651,0.1113000835,0.0681502098,0.0709831425,-0.058856144,-0.015554779,,,0.0643576559,-0.000775254,-0.030314936,-0.079333689,-3.102203545,0.7713921885,0.8432642599,0.8777670452,1.1213357997,0.0279543484,0.0430653508,,,0.0,0.0384610181,-0.209142423,-0.017091442,0.1767342256,-0.0297084,-0.013964762,-0.005835273,0.0051498279,0.0029489362,0.0687226342,-0.241960386,-0.037746778,-0.30329888,0.2501950024,0.3614464378,2.0071971359,0.341904796,0.0661528224,0.1092811798,0.0639286131,0.0669140138,,-0.02479808,0.0673749558,-0.054794674,2.3014653986,0.1426752513,0.5946686653,0.2681687493,0.5872196361,3.0,-0.712023174,1.1090619142,,1.5804180083,-0.397182158,0.0245118937,1.25240267,0.5441761891,0.4991792743,0.4452441141,1.1094724069,-0.032028112,-0.031057182,-0.092295371,,,0.0310145782,0.6846042779,0.0369252473,0.6696391334,17.620999334,1.8275945976,0.1244886159,0.6273336034,0.5072981161,0.4323376862,0.00016814,2959174.89751971,2.48869404,0.03164596,2.44948291,0.00041138,0.00082141,0.01898068,0.05339069,0.78486081,0.02956558,1.31613638,0.05078882,0.73116452,0.05392785,0.81887747,0.09500927,0.15245791,0.0539804,0.7591374,0.10242849,0.03743667,1.29030757,0.95126187,0.42397451,1.4397498458,2.426909605,426,-1.63856585,-1.433639203,-1.297013939,-1.449276196
20190830,20190831,258196.0,01W,KOR,-0.232124,2019,8,20190731,20190731,134.55474659,4.6183053482,134.55474659,,0.0,2.220446e-16,-0.064106028,1.4287589651,2.1829194931,2.7669318989,1.6310149977,-0.280527475,-0.366903636,-0.052178004,0.1161765739,-0.061632925,0.0100750729,-0.026323073,0.2100395697,-0.116555138,-0.164625419,-0.038191362,0.1149406605,1.438101489,-0.025188013,0.0040811331,-0.011736435,-0.004813981,0.0370313048,-0.041845286,-0.030860688,0.0011429718,-0.031382876,-0.05083811,0.0549192429,-0.00334879,-0.020025773,0.0245225089,0.1438875404,0.1532312003,0.1435220933,0.0280841028,0.0360730813,,,-0.025641585,-0.078921752,-6.475053724,-0.024002509,-1.96926108,0.7713921885,0.9091053736,0.9702989472,1.4710191917,0.0279543484,0.0705751401,,,1.0,0.0384610181,-0.049190909,-0.01926625,0.3216823391,0.7357448119,0.0724579347,0.0314833909,0.0876014153,0.0386568905,0.0687226342,0.2543958501,-0.218257743,-0.204275644,0.351790377,4.7301350864,9.7854938662,0.1580987288,0.0723533956,0.1400999782,0.1371917885,0.1491976843,0.7663526314,0.0911103381,0.0743094486,0.063451081,2.3041312521,0.1556200573,0.7343391664,0.201258376,0.5965032655,3.0,-2.44172315,1.3715243577,,1.5804180083,-0.150419803,0.0131616578,1.4134827938,0.6134558491,0.4312511318,0.3314943855,1.3900399304,0.0172283571,0.1287828952,0.0579121629,,,0.0331389871,0.7096914902,0.0788851445,0.7120935979,17.058571504,1.8174175714,0.3618152221,0.9019751164,0.5582352064,0.7210800627,0.00019834,4179908.28233685,1.94908465,0.03940097,2.00861016,0.00029696,0.00063074,0.02281611,0.04882254,1.94188519,-0.14835164,3.20958328,0.03810558,0.83641481,0.04885958,0.80040063,0.08465635,0.19471139,0.06223457,1.16668968,0.05748147,0.04017196,1.29592924,0.81306482,0.42991933,1.5757922573,2.0102087273,427,-0.860443025,0.2319377003,-0.735395943,-1.01801077
20190930,20190930,258196.0,01W,KOR,-0.027242,2019,9,20190830,20190831,103.32131089,3.5462841317,103.32131089,,0.0,1.110223e-16,-0.232124369,0.3739088742,1.9773999676,2.2441426319,1.597904549,-0.127890763,-0.403076067,-0.021917864,0.0970668916,-0.033771556,0.0062368536,-0.026323073,0.2100395697,-0.116555138,-0.164625419,-0.038191362,0.1149406605,1.438101489,-0.025188013,0.0040811331,-0.011736435,-0.004813981,0.0370313048,-0.041845286,-0.030860688,0.0011429718,-0.031382876,-0.05083811,0.0549192429,-0.00334879,-0.020025773,0.0245225089,0.1438875404,0.1532312003,0.1435220933,0.0280841028,0.0360730813,,,-0.025641585,-0.078921752,-6.475053724,-0.024002509,-1.96926108,0.7713921885,0.9091053736,0.9702989472,1.4710191917,0.0279543484,0.0705751401,,,1.0,0.0384610181,-0.049190909,-0.01926625,0.3216823391,0.7357448119,0.0724579347,0.0314833909,0.0876014153,0.0386568905,0.0687226342,0.2543958501,-0.218257743,-0.204275644,0.351790377,4.7301350864,9.7854938662,0.1580987288,0.0723533956,0.1400999782,0.1371917885,0.1491976843,0.7663526314,0.0911103381,0.0743094486,0.063451081,2.3041312521,0.1556200573,0.7343391664,0.201258376,0.5965032655,3.0,-2.44172315,1.3715243577,,1.5804180083,-0.150419803,0.0131616578,1.8407704808,0.7989000102,0.5616158588,0.4317032242,1.8102409752,0.02243639,0.1677132209,0.0754186754,,,0.0431567115,0.8595379361,0.0955411968,0.7247222705,16.370924137,1.8760281114,0.4283772545,1.0244640979,0.5542236586,0.7219643798,0.00024015,4859829.7933454,1.69890695,0.04446959,1.77125031,0.00024185,0.00052063,0.01901046,0.06379065,0.66493432,-0.20374258,0.3490973,0.05321725,0.08110192,0.06190107,0.47898838,0.07143009,0.11746382,0.06762494,-0.02454558,0.04103814,0.04402365,1.61343479,0.62433266,0.42305494,1.6462862647,1.5451829732,428,-0.851461019,0.2282256974,-0.737932884,-1.015108247
20191031,20191031,258196.0,01W,KOR,-0.109968,2019,10,20190930,20190930,100.50664821,3.4496768249,100.50664821,,0.0,3.330669e-16,-0.027241841,-0.281349826,1.2405298305,1.6280077669,1.0395706263,-0.107905865,-0.425914834,-0.246586418,0.1170073078,-0.047964711,0.006642801,-0.026323073,0.2100395697,-0.116555138,-0.164625419,-0.038191362,0.1149406605,1.438101489,-0.025188013,0.0040811331,-0.011736435,-0.004813981,0.0370313048,-0.041845286,-0.030860688,0.0011429718,-0.031382876,-0.05083811,0.0549192429,-0.00334879,-0.020025773,0.0245225089,0.1438875404,0.1532312003,0.1435220933,0.0280841028,0.0360730813,,,-0.025641585,-0.078921752,-6.475053724,-0.024002509,-1.96926108,0.7713921885,0.9091053736,0.9702989472,1.4710191917,0.0279543484,0.0705751401,,,1.0,0.0384610181,-0.049190909,-0.01926625,0.3216823391,0.7357448119,0.0724579347,0.0314833909,0.0876014153,0.0386568905,0.0687226342,0.2543958501,-0.218257743,-0.204275644,0.351790377,4.7301350864,9.7854938662,0.1580987288,0.0723533956,0.1400999782,0.1371917885,0.1491976843,0.7663526314,0.0911103381,0.0743094486,0.063451081,2.3041312521,0.1556200573,0.7343391664,0.201258376,0.5965032655,3.0,-2.44172315,1.3715243577,,1.5804180083,-0.150419803,0.0131616578,1.8923207818,0.8212729983,0.5773437656,0.4437929613,1.8609363053,0.0230647153,0.1724099862,0.0775307558,,,0.0443653041,0.8762100893,0.0973943756,0.7298758284,16.287962634,1.86623515,0.3675215467,0.7256140856,0.562586363,0.7194053146,0.00099992,5117671.39580917,1.59842052,0.0465851,1.67980201,0.00021821,0.0005077,0.01415333,0.02986659,-0.8516041,-0.41912759,2.64267558,0.02773091,-0.27554955,0.02995517,-0.30995132,0.03847063,0.0590242,0.03702882,-0.92759778,0.01996816,0.04442871,1.70321339,0.60732469,0.43092883,1.6929959335,0.82106185,429,-0.846249805,0.2260827332,-0.738789513,-1.014736871
20191129,20191130,258196.0,01W,KOR,0.032582,2019,11,20191031,20191031,89.454131674,3.0703227141,89.454131674,,0.0,1.110223e-16,-0.109968014,-0.253042715,0.6978793792,1.2250925063,1.6333597058,0.208243794,-0.530456503,0.0867120393,0.0991273029,-0.085769139,0.0062672031,0.0415237154,0.3401191065,0.0540319169,-0.073636715,-0.058376216,0.1687627181,0.9010841733,-0.0111367,0.0026032791,-0.011736435,0.0179017991,0.0718902361,-0.053988437,-0.009728317,0.0029428776,-0.012671195,-0.064137087,0.0667403657,-0.004360981,0.029172211,0.0692417422,0.2013230537,0.2230621227,0.2588462818,0.1092095326,0.1176805376,,,-0.064356555,-0.093618086,-1.887564318,-0.026877721,-0.54191907,0.6732086319,0.9804791786,1.1324985765,1.69956061,0.0279543484,0.0711675538,,,2.0,-0.069427588,-0.000322358,-0.007138231,0.1235672748,0.576038904,0.0532702401,0.0231194469,0.0834433475,0.0364582956,0.0687226342,0.3457390623,-0.197213584,0.1040442027,0.4532026104,1.7780327876,2.3880102772,0.0168681578,0.1348190338,0.2096827349,0.2766146293,0.2323244909,1.2485335382,0.1432153823,0.1294440365,0.1157523311,2.2019251311,0.1542435389,0.7590337693,0.514559361,0.6416740469,9.0,-2.888975738,2.3550072084,,1.5804180083,-0.826755723,0.0223197068,2.1008431961,0.9540938365,0.5674047827,0.4178929115,2.3317746345,0.1041961419,0.3008730615,0.1887863755,,,0.0498468648,0.9676236738,0.19179278,0.8345333492,14.59336593,1.8141413359,0.3623928093,0.4585930201,0.5168799591,0.7754911125,0.00048545,5255941.40751548,1.54198511,0.04600555,1.6564554,0.00021819,0.00046277,0.0126389,0.04052245,-0.81044287,-0.13298682,-2.82441185,0.03965562,-0.53974519,0.04122228,-0.44049791,0.04147099,0.05376805,0.04106412,-0.64959529,0.01255871,0.04449407,1.48992663,0.5405384,0.41797739,1.7637903638,0.8982415254,430,0.7011928394,1.1707827747,0.524773319,-0.485529645
20191230,20191231,258196.0,01W,KOR,0.072249,2019,12,20191129,20191130,92.368732957,3.1703602009,92.368732957,,0.0,4.440892e-16,0.0325820756,-0.134214124,-0.086603569,0.9794227666,1.1567575245,0.4272132653,-0.449528698,-0.052096382,0.1068253445,0.061409329,-0.003481669,0.0415237154,0.3401191065,0.0540319169,-0.073636715,-0.058376216,0.1687627181,0.9010841733,-0.0111367,0.0026032791,-0.011736435,0.0179017991,0.0718902361,-0.053988437,-0.009728317,0.0029428776,-0.012671195,-0.064137087,0.0667403657,-0.004360981,0.029172211,0.0692417422,0.2013230537,0.2230621227,0.2588462818,0.1092095326,0.1176805376,,,-0.064356555,-0.093618086,-1.887564318,-0.026877721,-0.54191907,0.6732086319,0.9804791786,1.1324985765,1.69956061,0.0279543484,0.0711675538,,,2.0,-0.069427588,-0.000322358,-0.007138231,0.1235672748,0.576038904,0.0532702401,0.0231194469,0.0834433475,0.0364582956,0.0687226342,0.3457390623,-0.197213584,0.1040442027,0.4532026104,1.7780327876,2.3880102772,0.0168681578,0.1348190338,0.2096827349,0.2766146293,0.2323244909,1.2485335382,0.1432153823,0.1294440365,0.1157523311,2.2019251311,0.1542435389,0.7590337693,0.514559361,0.6416740469,9.0,-2.888975738,2.3550072084,,1.5804180083,-0.826755723,0.0223197068,2.0345532289,0.9239883773,0.5495009027,0.4047067264,2.258197861,0.1009083388,0.2913793185,0.1828294137,,,0.0482739978,0.9458879058,0.1874845314,0.815089876,14.742930774,1.8026327046,0.3264562023,0.0648918341,0.5296772612,0.7726855212,0.00094002,4099148.90516573,1.38542162,0.03315722,1.19877079,0.00032597,0.00044151,0.01277,0.03331935,-0.73208447,0.10696245,2.27357127,0.02454575,-0.43031153,0.02311054,-0.2059413,0.0498295,0.09279657,0.03895728,0.08627236,0.0136162,0.04521438,1.53329949,0.55815027,0.41784267,1.8382801838,1.0556977694,431,0.7131534848,1.1704351327,0.524773319,-0.477220528
20200131,20200131,258196.0,01W,KOR,-0.263073,2020,1,20191230,20191231,97.744259602,3.3548637141,97.744259602,0.0128542152,0.0,0.0131928018,0.0722494593,-0.080968925,-0.357530355,1.0030224144,1.3494257432,1.491023535,-0.488092702,0.1489032438,0.0998568186,0.0498733803,-0.004055886,0.0415237154,0.3401191065,0.0540319169,-0.073636715,-0.058376216,0.1687627181,0.9010841733,-0.0111367,0.0026032791,-0.011736435,0.0179017991,0.0718902361,-0.053988437,-0.009728317,0.0029428776,-0.012671195,-0.064137087,0.0667403657,-0.004360981,0.029172211,0.0692417422,0.2013230537,0.2230621227,0.2588462818,0.1092095326,0.1176805376,,,-0.064356555,-0.093618086,-1.887564318,-0.026877721,-0.54191907,0.6732086319,0.9804791786,1.1324985765,1.69956061,0.0279543484,0.0711675538,,,2.0,-0.069427588,-0.000322358,-0.007138231,0.1235672748,0.576038904,0.0532702401,0.0231194469,0.0834433475,0.0364582956,0.0687226342,0.3457390623,-0.197213584,0.1040442027,0.4532026104,1.7780327876,2.3880102772,0.0168681578,0.1348190338,0.2096827349,0.2766146293,0.2323244909,1.2485335382,0.1432153823,0.1294440365,0.1157523311,2.2019251311,0.1542435389,0.7590337693,0.514559361,0.6416740469,9.0,-2.888975738,2.3550072084,,1.5804180083,-0.826755723,0.0223197068,1.9226612862,0.87317287,0.5192806447,0.3824495442,2.1340063963,0.095358801,0.2753546712,0.1727745584,,,0.0456191292,0.9082591256,0.1800261273,0.8276801545,14.995383771,1.7487979693,0.3746685545,-0.857745156,0.5628120556,0.7745526322,0.00134248,3064240.93072033,1.62324271,0.02545261,1.30575053,0.00046171,0.0004409,0.01002017,0.02458282,-0.56057466,0.05248598,2.61356311,0.0247147,-0.79268032,0.02425911,-0.41870038,0.04148739,0.05295046,0.03063244,-0.46062839,0.01623958,0.04409858,1.56671795,0.59063259,0.42433412,1.8888258977,0.896380374,432,0.6961067282,1.1689870231,0.5228269428,-0.485671893
20200228,20200229,258196.0,01W,KOR,-0.189718,2020,2,20200131,20200131,72.030380687,2.4722895386,72.030380687,0.0174429974,0.0,0.0131928018,-0.263073034,0.1071855722,-0.263925454,0.67314225,1.1926741841,2.1829194931,-0.428478425,0.0004954651,0.075896046,-0.026533406,0.0056138177,-0.130437702,0.3205173257,0.3829565162,-0.16565302,-0.330564052,0.132334779,0.2329172407,-0.028710215,0.0018518862,-0.011736435,-0.08015769,-0.078253431,-0.00190426,-0.049214269,0.0027921119,-0.052006381,-0.101564452,0.1034163378,0.0003895735,0.0270219094,0.076672545,0.2416156114,0.2105997157,0.2882053017,0.1318138269,0.1379037876,,,-0.088753443,-0.051569828,-0.770811466,0.0518465095,0.7749470066,0.6164169877,1.1276154101,1.1968771973,1.7986071496,0.0279543484,0.0548337757,,,3.0,-0.046878661,-0.209142423,-0.027566936,0.1620100773,0.1164824569,0.0258726979,0.0117500352,0.021193758,0.0096790316,0.0687226342,0.4415652811,0.4524966881,0.2377862717,0.43059169,0.1278784599,0.1960480092,-0.00359781,0.1382863944,0.2100998263,0.3044118701,0.1831295728,1.2869522397,0.118473125,0.1590298875,0.0627136508,1.9702142243,0.1548196739,0.7727045799,1.6742524622,0.5275374746,9.0,-3.056581571,2.501142565,,1.5804180083,-0.814647046,0.0274801496,2.3148167746,1.1749061326,0.6079432142,0.4810130705,2.9783481177,0.1548688736,0.2742435771,0.1348365697,,,0.0619045459,1.1180989797,0.2485629996,0.6451397457,12.892966646,1.8175961844,0.4014455324,-0.849046363,0.6853266311,0.7687177612,0.00102566,2128758.15485972,1.45939185,0.02052855,1.17015625,0.00066706,0.00042378,0.01154247,0.03275495,1.19510447,-0.33561342,1.12800566,0.02944963,0.37373662,0.02691964,0.28749157,0.03479272,0.05794276,0.04184246,-0.41546733,0.01884411,0.04484596,1.90781341,0.43525309,0.42913711,1.8950080099,0.7264546702,433,0.5267230593,1.1464706237,0.1526299777,-0.393343164
20200331,20200331,258196.0,01W,KOR,-0.135687,2020,3,20200228,20200229,58.364911343,2.0032513831,58.364911343,0.0215270737,0.0,0.0131928018,-0.189718133,-0.209830459,-0.293592399,-0.254746238,0.615040538,1.9773999676,-0.471840586,0.0204161742,0.0567929272,0.1890496785,-0.01585149,-0.130437702,0.3205173257,0.3829565162,-0.16565302,-0.330564052,0.132334779,0.2329172407,-0.028710215,0.0018518862,-0.011736435,-0.08015769,-0.078253431,-0.00190426,-0.049214269,0.0027921119,-0.052006381,-0.101564452,0.1034163378,0.0003895735,0.0270219094,0.076672545,0.2416156114,0.2105997157,0.2882053017,0.1318138269,0.1379037876,,,-0.088753443,-0.051569828,-0.770811466,0.0518465095,0.7749470066,0.6164169877,1.1276154101,1.1968771973,1.7986071496,0.0279543484,0.0548337757,,,3.0,-0.046878661,-0.209142423,-0.027566936,0.1620100773,0.1164824569,0.0258726979,0.0117500352,0.021193758,0.0096790316,0.0687226342,0.4415652811,0.4524966881,0.2377862717,0.43059169,0.1278784599,0.1960480092,-0.00359781,0.1382863944,0.2100998263,0.3044118701,0.1831295728,1.2869522397,0.118473125,0.1590298875,0.0627136508,1.9702142243,0.1548196739,0.7727045799,1.6742524622,0.5275374746,9.0,-3.056581571,2.501142565,,1.5804180083,-0.814647046,0.0274801496,2.8568043651,1.4499968226,0.7502860905,0.5936367208,3.6756939024,0.1911296302,0.3384545406,0.1664069939,,,0.0763987798,1.2823710176,0.2850820835,0.6450476752,11.385029231,1.8445397861,0.349248078,-1.175908265,0.6858113678,0.7614567382,0.00197353,1387473.67564393,0.84371434,0.01504755,0.80013831,0.00107931,0.00044151,0.00700169,0.02164307,-1.538286,0.10543157,1.54025576,0.01966823,-1.21748607,0.02087704,-1.26344787,0.02757157,0.04421234,0.03443132,-0.54536296,0.02289006,0.04463397,1.77350358,0.35267768,0.43695968,1.7909350387,0.571882429,434,0.5196901741,1.1457438737,0.1542596197,-0.388964294
20200429,20200430,258196.0,01W,KOR,0.15129,2020,4,20200331,20200331,50.445527272,1.7314353771,50.445527272,0.0249065837,0.0,0.0131928018,-0.135687417,-0.402881442,-0.411581117,-0.588652352,0.282455233,1.2405298305,-0.416236511,0.2836563662,0.018670765,0.1901024929,-0.013738207,-0.130437702,0.3205173257,0.3829565162,-0.16565302,-0.330564052,0.132334779,0.2329172407,-0.028710215,0.0018518862,-0.011736435,-0.08015769,-0.078253431,-0.00190426,-0.049214269,0.0027921119,-0.052006381,-0.101564452,0.1034163378,0.0003895735,0.0270219094,0.076672545,0.2416156114,0.2105997157,0.2882053017,0.1318138269,0.1379037876,,,-0.088753443,-0.051569828,-0.770811466,0.0518465095,0.7749470066,0.6164169877,1.1276154101,1.1968771973,1.7986071496,0.0279543484,0.0548337757,,,3.0,-0.046878661,-0.209142423,-0.027566936,0.1620100773,0.1164824569,0.0258726979,0.0117500352,0.021193758,0.0096790316,0.0687226342,0.4415652811,0.4524966881,0.2377862717,0.43059169,0.1278784599,0.1960480092,-0.00359781,0.1382863944,0.2100998263,0.3044118701,0.1831295728,1.2869522397,0.118473125,0.1590298875,0.0627136508,1.9702142243,0.1548196739,0.7727045799,1.6742524622,0.5275374746,9.0,-3.056581571,2.501142565,,1.5804180083,-0.814647046,0.0274801496,3.3052907266,1.6776301206,0.8680726225,0.6868310523,4.2527367705,0.2211348463,0.3915881214,0.1925310324,,,0.0883925345,1.4017178363,0.3116139056,0.6412746721,10.137234306,1.8171254764,0.2773218298,-0.982147559,0.6869198708,0.7503909524,0.00178688,1256061.14346822,0.87398792,0.01520622,0.7690602,0.00122004,0.00044773,0.01668951,0.04875966,-0.15832166,-0.65510922,1.57609185,0.04713868,-0.24816073,0.04552472,-0.15876768,0.09684604,0.11789732,0.08797847,-0.72739784,0.04006431,0.04638622,1.80816814,0.30482376,0.50988393,1.495649024,1.7911523438,435,0.5324759389,1.143185975,0.1444002549,-0.399394757
20200529,20200531,258196.0,01W,KOR,-0.018436,2020,5,20200429,20200430,58.077445245,1.993384721,58.077445245,0.0216336263,0.0,0.0131928018,0.1512902805,-0.299663187,-0.428584756,-0.620114074,-0.136496165,0.6978793792,-0.411091302,0.6544480616,-0.027070851,-0.111826775,0.013964797,-0.11425596,0.3816009552,-0.137766884,-0.204040083,-0.190244504,0.231677531,0.0146192177,-0.033306773,0.0024577098,0.0158631473,-0.050561533,0.0113423952,-0.061903928,-0.088600309,-0.003396039,-0.08520427,-0.170953436,0.1892742934,0.0126298851,0.0340127551,0.0642177415,0.2476245577,0.3181999627,0.2678725972,0.0980736822,0.1187466741,,,-0.158067615,-0.132346126,-2.572512725,0.056928167,1.1065562556,0.6553429831,1.229395084,1.2980828059,1.8491256675,0.0242027216,0.0563303383,,,4.0,-0.13030021,0.1173968556,-0.039225785,-0.244233926,0.1173080008,-0.048196492,-0.024462564,-0.03423173,-0.018627291,0.0859698675,0.5123389546,0.375405845,0.2263349185,0.3332975543,-0.183943733,-1.218342389,-0.345142882,0.1646189279,0.2193319762,0.2864456284,0.2818437206,1.1794921953,0.1837923739,0.1858538363,0.2085904543,1.9063330558,0.147678747,0.747230696,0.4250576547,0.5368163148,8.0,-2.824403195,2.6295738071,69.669928937,0.6161892274,-0.836899789,0.0237982414,2.746104707,1.4405167547,0.7662677723,0.611578765,3.7945824977,0.1412767825,0.5047131031,0.3740021735,,,0.0918392239,1.2733448493,0.2597048806,0.6002987167,12.734287058,1.725749069,0.2266846325,-0.248237472,0.5783822234,0.5878269951,0.00253849,967794.84727525,0.77841438,0.01282692,0.63687751,0.00161759,0.00050196,0.01472862,0.02691936,0.53928452,0.24657009,2.4751432,0.02323609,0.07502411,0.02286891,-0.28528331,0.06758211,0.09692929,0.04443508,0.39479768,0.0488838,0.04603252,1.79753126,0.35094063,0.51983175,1.4460985109,1.2407703518,436,0.7990776628,1.3152745413,0.5613592183,-0.452789476
20200630,20200630,258196.0,01W,KOR,0.120657,2020,6,20200529,20200531,57.006705185,1.956633847,57.006705185,0.0220399643,0.0,0.0131928018,,-0.004925324,-0.362893437,-0.430429933,-0.399108624,-0.086603569,0.2608782827,0.4680176558,,-0.073430207,0.03051324,-0.11425596,0.3816009552,-0.137766884,-0.204040083,-0.190244504,0.231677531,0.0146192177,-0.033306773,0.0024577098,0.0158631473,-0.050561533,0.0113423952,-0.061903928,-0.088600309,-0.003396039,-0.08520427,-0.170953436,0.1892742934,0.0126298851,0.0340127551,0.0642177415,0.2476245577,0.3181999627,0.2678725972,0.0980736822,0.1187466741,,,-0.158067615,-0.132346126,-2.572512725,0.056928167,1.1065562556,0.6553429831,1.229395084,1.2980828059,1.8491256675,0.0242027216,0.0563303383,,,4.0,-0.13030021,0.1173968556,-0.039225785,-0.244233926,0.1173080008,-0.048196492,-0.024462564,-0.03423173,-0.018627291,0.0859698675,0.5123389546,0.375405845,0.2263349185,0.3332975543,-0.183943733,-1.218342389,-0.345142882,0.1646189279,0.2193319762,0.2864456284,0.2818437206,1.1794921953,0.1837923739,0.1858538363,0.2085904543,1.9063330558,0.147678747,0.747230696,0.4250576547,0.5368163148,8.0,-2.824403195,2.6295738071,69.669928937,0.6161892274,-0.836899789,0.0237982414,2.7976839784,1.4675735543,0.7806603529,0.6230658678,3.865855017,0.1439303424,0.5141929798,0.3810269456,,,0.0935642129,1.2880804554,0.2627102791,0.4838792746,12.610339126,1.6953008471,-0.072306432,-0.397076022,0.5775973348,0.41906018,0.00178576,883498.37705318,0.8105081,0.01254732,0.64611367,0.00178198,0.00073879,0.01155383,0.02556017,0.6242139,-0.01953556,0.17590512,0.02169831,0.47039952,0.02173708,0.59746121,0.03024452,0.07363539,0.02773109,0.60895433,0.0511767,0.04084178,1.9260907,0.34447054,0.52802587,1.3571759189,0.5976666266,437,0.8120552559,1.3155204995,0.5604325005,-0.436827325
20200731,20200731,258196.0,01W,KOR,0.037999,2020,7,20200630,20200630,63.884956328,2.1927151807,63.884956328,0.0196670048,0.0,0.0131928018,,,,,,-0.357530355,1.067889864,-0.064106028,,-0.000313286,0.0368868462,-0.11425596,0.3816009552,-0.137766884,-0.204040083,-0.190244504,0.231677531,0.0146192177,-0.033306773,0.0024577098,0.0158631473,-0.050561533,0.0113423952,-0.061903928,-0.088600309,-0.003396039,-0.08520427,-0.170953436,0.1892742934,0.0126298851,0.0340127551,0.0642177415,0.2476245577,0.3181999627,0.2678725972,0.0980736822,0.1187466741,,,-0.158067615,-0.132346126,-2.572512725,0.056928167,1.1065562556,0.6553429831,1.229395084,1.2980828059,1.8491256675,0.0242027216,0.0563303383,,,4.0,-0.13030021,0.1173968556,-0.039225785,-0.244233926,0.1173080008,-0.048196492,-0.024462564,-0.03423173,-0.018627291,0.0859698675,0.5123389546,0.375405845,0.2263349185,0.3332975543,-0.183943733,-1.218342389,-0.345142882,0.1646189279,0.2193319762,0.2864456284,0.2818437206,1.1794921953,0.1837923739,0.1858538363,0.2085904543,1.9063330558,0.147678747,0.747230696,0.4250576547,0.5368163148,8.0,-2.824403195,2.6295738071,69.669928937,0.6161892274,-0.836899789,0.0237982414,2.4964679468,1.3095654714,0.6966096111,0.5559827271,3.4496330577,0.1284339079,0.4588317703,0.3400032183,,,0.0834905087,1.1989517403,0.2445320438,0.393572043,13.334178435,1.6813848463,-0.752820482,-0.574252212,0.5756449648,0.5162529701,0.00021709,1902989.71888345,3.61917892,0.02709002,3.39298317,0.00080536,0.00066775,0.0076785,0.04304539,1.49862825,-0.1491171,0.29682661,0.04507509,1.47489595,0.04629563,1.47504019,0.07233101,0.13493822,0.04843983,0.8292151,0.05057948,0.03943122,1.74727747,0.38603328,0.52529867,1.2772538837,1.4521255396,438,0.8236326215,1.3134761794,0.5614381538,-0.408769222
20200831,20200831,258196.0,01W,KOR,-0.067773,2020,8,20200731,20200731,66.312524328,2.2760362865,66.312524328,0.0189470354,0.0,0.0131928018,0.0379990555,0.0999959805,-0.113083178,-0.276351346,-0.518906886,-0.263925454,1.1438036191,-0.232124369,,-0.075991968,0.0445199249,-0.129957785,0.0892440596,-0.34929351,0.1237759963,-0.237940909,0.0991190485,-0.139972724,0.0181833705,-0.003705185,0.0158631473,-0.001960759,-0.035941771,0.0339810112,-0.125613476,-0.003396039,-0.08520427,-0.077710643,0.0740054578,-0.005341767,-0.025664724,0.0386206594,0.1965771818,0.1478988709,0.2092042794,0.0271666723,0.0696078286,,,-0.065229857,-0.039437418,-3.068027715,0.0345680394,2.6892151466,0.5892310386,1.1227187536,1.1456198634,1.8023469753,0.0242027216,0.0630268176,,,0.0,-0.13030021,-0.087380856,-0.057723041,-0.425136695,-0.251110029,-0.004774064,-0.002504318,-0.077231999,-0.033987709,0.0859698675,0.1697865453,0.2563096654,0.0344374543,0.1632089952,-2.179568595,-1.939110711,-0.427995494,0.0943660424,0.1710304466,0.19844075,0.1286782612,1.673513527,0.0522917411,0.1084614525,-0.038818597,2.1134269638,0.1508665371,0.7478154024,0.6041923455,0.5428449036,8.0,-2.039518664,1.9498744704,69.669928937,0.6161892274,-0.440241763,0.011940548,2.4953663453,1.1807204072,0.6811351717,0.5238601722,3.0722456515,0.0320762443,0.130487051,0.0369129807,,,0.0804340892,1.1185938254,0.1776088537,0.4262724695,14.43182839,1.6388965958,-0.504744821,0.1214772405,0.6456506123,0.3476404649,0.00089027,1991192.30160179,3.47542775,0.02894138,3.19072495,0.00079736,0.00078258,0.00785369,0.03131416,0.63716328,-0.04165515,0.00351794,0.0327717,0.5313615,0.03156182,0.32597513,0.05412226,0.09226662,0.03496594,0.65869262,0.04911893,0.03709951,1.6592041,0.47408365,0.52409395,1.2130481638,1.1418894449,439,-0.360393458,-0.100815443,0.0922607252,-0.697540544
20200929,20200930,258196.0,01W,KOR,0.046161,2020,9,20200831,20200831,61.818329215,2.1217826028,61.818329215,0.0203244857,0.0,0.0131928018,-0.067772946,,0.1361710795,-0.272555047,-0.349667866,-0.293592399,1.020601845,-0.027241841,,-0.04349929,0.0405019647,-0.129957785,0.0892440596,-0.34929351,0.1237759963,-0.237940909,0.0991190485,-0.139972724,0.0181833705,-0.003705185,0.0158631473,-0.001960759,-0.035941771,0.0339810112,-0.125613476,-0.003396039,-0.08520427,-0.077710643,0.0740054578,-0.005341767,-0.025664724,0.0386206594,0.1965771818,0.1478988709,0.2092042794,0.0271666723,0.0696078286,,,-0.065229857,-0.039437418,-3.068027715,0.0345680394,2.6892151466,0.5892310386,1.1227187536,1.1456198634,1.8023469753,0.0242027216,0.0630268176,,,0.0,-0.13030021,-0.087380856,-0.057723041,-0.425136695,-0.251110029,-0.004774064,-0.002504318,-0.077231999,-0.033987709,0.0859698675,0.1697865453,0.2563096654,0.0344374543,0.1632089952,-2.179568595,-1.939110711,-0.427995494,0.0943660424,0.1710304466,0.19844075,0.1286782612,1.673513527,0.0522917411,0.1084614525,-0.038818597,2.1134269638,0.1508665371,0.7478154024,0.6041923455,0.5428449036,8.0,-2.039518664,1.9498744704,69.669928937,0.6161892274,-0.440241763,0.011940548,2.6767795827,1.26655883,0.7306537271,0.5619448286,3.2955980385,0.0344081886,0.139973465,0.0395965559,,,0.0862816509,1.1706582878,0.1858755805,0.489381128,14.075488776,1.5814881729,-0.3462459,0.30391404,0.647308362,0.3567587761,0.00219258,1979167.13753351,3.49724476,0.02891054,3.19396541,0.00080708,0.00094724,0.00756729,0.01252108,0.11814312,-0.14781665,1.43595079,0.01128935,0.27296648,0.01106774,0.29568902,0.03052367,0.03957937,0.03009472,-0.93964157,0.04815331,0.03261425,1.58031703,0.52870729,0.51132699,1.0975792507,0.6917397541,440,-0.310196548,-0.101915933,0.0880092532,-0.590303193
20201030,20201031,258196.0,01W,KOR,0.02134,2020,10,20200929,20200930,64.671918148,2.2197259706,64.671918148,0.0194276864,0.0,0.0131928018,0.0461608874,-0.032349198,0.2254471815,-0.367550284,-0.376764714,-0.411581117,0.7722746677,-0.109968014,,-0.089900716,0.0416225329,-0.129957785,0.0892440596,-0.34929351,0.1237759963,-0.237940909,0.0991190485,-0.139972724,0.0181833705,-0.003705185,0.0158631473,-0.001960759,-0.035941771,0.0339810112,-0.125613476,-0.003396039,-0.08520427,-0.077710643,0.0740054578,-0.005341767,-0.025664724,0.0386206594,0.1965771818,0.1478988709,0.2092042794,0.0271666723,0.0696078286,,,-0.065229857,-0.039437418,-3.068027715,0.0345680394,2.6892151466,0.5892310386,1.1227187536,1.1456198634,1.8023469753,0.0242027216,0.0630268176,,,0.0,-0.13030021,-0.087380856,-0.057723041,-0.425136695,-0.251110029,-0.004774064,-0.002504318,-0.077231999,-0.033987709,0.0859698675,0.1697865453,0.2563096654,0.0344374543,0.1632089952,-2.179568595,-1.939110711,-0.427995494,0.0943660424,0.1710304466,0.19844075,0.1286782612,1.673513527,0.0522917411,0.1084614525,-0.038818597,2.1134269638,0.1508665371,0.7478154024,0.6041923455,0.5428449036,8.0,-2.039518664,1.9498744704,69.669928937,0.6161892274,-0.440241763,0.011940548,2.5586691445,1.2106730861,0.6984143031,0.5371495297,3.1501828048,0.032889959,0.1337972646,0.0378493943,,,0.0824745524,1.1370543867,0.1805399973,0.4959985475,14.307486333,1.5814850247,-0.468830932,-0.229151638,0.647738429,0.3573471387,0.00068096,2183334.85516856,3.34017144,0.03128003,3.1382686,0.00071843,0.00091835,0.00344514,0.01704765,0.54068686,0.24109316,1.06083568,0.01616251,1.44364464,0.01519628,0.63588267,0.03504669,0.05190193,0.02479273,0.18251104,0.03257413,0.0317393,1.52746319,0.59192292,0.51694886,1.082697305,0.8077736226,441,-0.293592352,-0.101793695,0.0863506917,-0.56353808
20201130,20201130,258196.0,01W,KOR,0.150596,2020,11,20201030,20201031,66.051993277,2.2670941126,66.051993277,0.0190217688,0.0,0.0131928018,0.021339635,-0.024740518,0.1135461947,-0.102157763,-0.267437137,-0.428584756,0.4751986827,0.0325820756,,-0.045828264,0.0335424253,-0.137465809,-0.072020597,-0.530440367,0.1892943642,-0.379106784,0.1094035688,-0.472418163,0.0307471461,-0.002243626,0.0158631473,-0.009229481,-0.049674718,0.0404452373,-0.111986788,-0.004603431,-0.107383357,-0.073774535,0.0715309092,-0.005453113,-0.031321642,0.0101143036,0.1600340966,0.1168444173,0.1287893132,-0.014644534,0.0175559649,,,-0.063837889,-0.044977692,-6.202056973,0.0265532169,3.6614720584,0.5886325728,1.1222724687,1.1060048057,1.7357561677,0.0242027216,0.0465953991,,,0.0,-0.057736417,-0.068492818,-0.054610623,-0.50506916,-0.172383559,0.0139792243,0.0066144819,-0.039291016,-0.016504965,0.0859698675,-0.080978288,0.2841015428,-0.199786128,0.0308068489,-1.266278149,-0.883273409,-0.544886664,0.0619875074,0.13803488,0.1211280001,0.1007823049,1.1794921953,0.0377256318,0.071866725,-0.10548975,2.0193618532,0.1510374181,0.7518511166,0.5138568132,0.5329478409,5.0,-1.554119709,1.9404592856,69.669928937,0.6161892274,-0.521401813,0.0230879174,2.4540558045,1.2152630301,0.5873887593,0.4730410497,2.9304842195,-0.017796961,0.0925808058,0.0213021896,,,0.0807513481,1.1461351197,0.1197284716,0.5215512656,14.44141361,1.6018802702,-0.421617115,-0.21329164,0.654846721,0.3923353886,0.00157994,2248610.79943554,3.25203159,0.03187022,3.09026801,0.00068915,0.0009965,0.01064175,0.0231265,0.71052479,0.32993115,1.60669689,0.02363154,0.95374904,0.02447771,1.15801351,0.03904685,0.06045394,0.02854281,0.50610099,0.02755312,0.03029233,1.62474876,0.63875233,0.51716617,1.0550210136,0.9155211779,442,-0.584306347,-0.79868813,0.2619304314,-0.47344758
20201230,20201231,258196.0,01W,KOR,0.175394,2020,12,20201130,20201130,75.99912726,2.6085083194,75.99912726,0.0165321076,0.0,0.0131928018,0.1505955156,0.0684855789,,0.1317072494,-0.275413059,-0.362893437,0.8148265344,0.0722494593,,0.0435569956,0.0298082676,-0.137465809,-0.072020597,-0.530440367,0.1892943642,-0.379106784,0.1094035688,-0.472418163,0.0307471461,-0.002243626,0.0158631473,-0.009229481,-0.049674718,0.0404452373,-0.111986788,-0.004603431,-0.107383357,-0.073774535,0.0715309092,-0.005453113,-0.031321642,0.0101143036,0.1600340966,0.1168444173,0.1287893132,-0.014644534,0.0175559649,,,-0.063837889,-0.044977692,-6.202056973,0.0265532169,3.6614720584,0.5886325728,1.1222724687,1.1060048057,1.7357561677,0.0242027216,0.0465953991,,,0.0,-0.057736417,-0.068492818,-0.054610623,-0.50506916,-0.172383559,0.0139792243,0.0066144819,-0.039291016,-0.016504965,0.0859698675,-0.080978288,0.2841015428,-0.199786128,0.0308068489,-1.266278149,-0.883273409,-0.544886664,0.0619875074,0.13803488,0.1211280001,0.1007823049,1.1794921953,0.0377256318,0.071866725,-0.10548975,2.0193618532,0.1510374181,0.7518511166,0.5138568132,0.5329478409,5.0,-1.554119709,1.9404592856,69.669928937,0.6161892274,-0.521401813,0.0230879174,2.1328570912,1.0562035169,0.5105084727,0.4111271453,2.546928247,-0.015467609,0.0804633814,0.0185140558,,,0.0701822204,1.0398288114,0.1086234181,0.5137538179,15.081691764,1.484344253,-0.447109807,-0.284883419,0.6554571585,0.3851340429,0.00208553,2223389.33586007,3.26389363,0.03116049,3.13855875,0.00070742,0.00104696,0.00964261,0.0129252,-0.51079838,-0.29337532,0.18740547,0.0120462,-0.02949842,0.01174288,0.12519864,0.02692437,0.03283267,0.01639763,-0.16357145,0.02773933,0.02898608,1.55973876,0.73494556,0.51666863,1.0229679843,0.6489938963,443,-0.555522783,-0.80020855,0.259052075,-0.434204394
20210129,20210131,258196.0,01W,KOR,0.036288,2021,1,20201230,20201231,87.946130698,3.0185637896,87.946130698,0.0151604517,0.0,0.0156009413,0.1753941761,0.1751488039,0.1896247822,0.5065582891,-0.222469661,,0.8083232653,-0.263073034,,0.0798333325,0.0264227795,-0.137465809,-0.072020597,-0.530440367,0.1892943642,-0.379106784,0.1094035688,-0.472418163,0.0307471461,-0.002243626,0.0158631473,-0.009229481,-0.049674718,0.0404452373,-0.111986788,-0.004603431,-0.107383357,-0.073774535,0.0715309092,-0.005453113,-0.031321642,0.0101143036,0.1600340966,0.1168444173,0.1287893132,-0.014644534,0.0175559649,,,-0.063837889,-0.044977692,-6.202056973,0.0265532169,3.6614720584,0.5886325728,1.1222724687,1.1060048057,1.7357561677,0.0242027216,0.0465953991,,,0.0,-0.057736417,-0.068492818,-0.054610623,-0.50506916,-0.172383559,0.0139792243,0.0066144819,-0.039291016,-0.016504965,0.0859698675,-0.080978288,0.2841015428,-0.199786128,0.0308068489,-1.266278149,-0.883273409,-0.544886664,0.0619875074,0.13803488,0.1211280001,0.1007823049,1.1794921953,0.0377256318,0.071866725,-0.10548975,2.0193618532,0.1510374181,0.7518511166,0.5138568132,0.5329478409,5.0,-1.554119709,1.9404592856,69.669928937,0.6161892274,-0.521401813,0.0230879174,1.8431200578,0.9127240147,0.4411586738,0.3552777591,2.2009418996,-0.013366418,0.0695328687,0.0159990221,,,0.0606483475,0.9356028794,0.0977356866,0.4999677837,15.659254143,1.4646569053,-0.491599346,-1.803293158,0.6678520567,0.3838689014,0.000498,1627816.67955831,2.0900091,0.02197132,2.07362198,0.00104121,0.00095742,0.00476928,0.03209462,1.4686847,-0.01479687,1.78863764,0.03055019,1.79708114,0.03066827,1.6256086,0.0600928,0.09091897,0.03629534,0.98831722,0.02611303,0.02953904,1.59689312,0.85047843,0.51741223,1.027444213,1.4352319204,444,-0.546058266,-0.794699598,0.2622799544,-0.440666164
20210226,20210228,258196.0,01W,KOR,-0.046455,2021,2,20210129,20210131,91.137486343,3.1281002809,91.137486343,0.0146295791,0.0,0.0156009413,0.0362876186,0.3524032681,0.3470898971,0.5381002245,0.2401563163,-0.113083178,0.5219399419,-0.189718133,,-0.047068705,0.0348077944,0.0140349805,-0.025974846,-0.397314942,0.1026611152,-0.452780233,0.2875238153,-0.299673889,0.0146398566,0.0019387487,0.0158631473,0.0581403894,0.056402136,0.0017382533,-0.047692586,-0.001790747,-0.045901839,-0.060267936,0.0622066842,-0.016903204,0.019497278,0.0193995879,0.1638090143,0.1495681617,0.1440818258,0.0191822424,0.0361496435,,,-0.070447669,-0.068320319,-6.848903043,-0.006113635,-0.612873215,0.6640984947,1.1546314991,1.2444916758,1.8634232695,0.0242027216,0.055529011,,,0.0,-0.044783421,-0.012704227,-0.023219932,-0.166512772,0.2701809243,0.0631652151,0.0312797902,0.0372925173,0.019529755,0.0859698675,0.1054767339,0.375405845,-0.218462972,0.0878614464,0.7573359745,0.5010186173,-0.399733678,0.0823881544,0.1661080706,0.1496942381,0.151667348,1.1794921953,0.0782956859,0.0812478425,-0.040177439,1.9229611309,0.1455939046,0.747230696,1.6928543935,0.6291051264,6.0,-2.000672071,2.0964653428,69.669928937,0.6161892274,-0.30713297,0.0323090875,1.8551892608,0.9647565055,0.3686786144,0.2656617895,2.2927900821,0.0185061931,0.1452533157,0.0788493995,,,0.0585246282,0.9721540977,0.1190919455,0.6805251915,15.012093486,1.4464918975,-0.280155805,-0.815658473,0.6246480146,0.5812402269,0.00018672,3129155.38177712,2.77790299,0.03515109,2.51196991,0.000606,0.00070029,0.00946246,0.05081047,0.80913295,-0.58062195,0.8193946,0.04996211,1.34164983,0.05093993,1.20126195,0.0686244,0.12539442,0.05431464,-0.09005819,0.02429729,0.03143665,1.70333478,0.82106791,0.51336204,1.0306197721,1.6059220538,445,0.0546887714,0.012479502,0.3569161922,-0.314840137
20210331,20210331,258196.0,01W,KOR,0.021254,2021,3,20210226,20210228,86.903690185,2.9827842372,86.903690185,0.0153423066,0.0,0.0156009413,-0.046455046,0.2180464316,0.4974598463,,0.5860636748,0.1361710795,0.1958600525,-0.135687417,,0.2133486019,0.0061120674,0.0140349805,-0.025974846,-0.397314942,0.1026611152,-0.452780233,0.2875238153,-0.299673889,0.0146398566,0.0019387487,0.0158631473,0.0581403894,0.056402136,0.0017382533,-0.047692586,-0.001790747,-0.045901839,-0.060267936,0.0622066842,-0.016903204,0.019497278,0.0193995879,0.1638090143,0.1495681617,0.1440818258,0.0191822424,0.0361496435,,,-0.070447669,-0.068320319,-6.848903043,-0.006113635,-0.612873215,0.6640984947,1.1546314991,1.2444916758,1.8634232695,0.0242027216,0.055529011,,,0.0,-0.044783421,-0.012704227,-0.023219932,-0.166512772,0.2701809243,0.0631652151,0.0312797902,0.0372925173,0.019529755,0.0859698675,0.1054767339,0.375405845,-0.218462972,0.0878614464,0.7573359745,0.5010186173,-0.399733678,0.0823881544,0.1661080706,0.1496942381,0.151667348,1.1794921953,0.0782956859,0.0812478425,-0.040177439,1.9229611309,0.1455939046,0.747230696,1.6928543935,0.6291051264,6.0,-2.000672071,2.0964653428,69.669928937,0.6161892274,-0.30713297,0.0323090875,1.9455708447,1.0117577591,0.3866399933,0.2786043684,2.4044908145,0.0194077826,0.1523298038,0.0826908047,,,0.0613758459,1.0091957758,0.123629668,0.7467278706,14.80157022,1.4641820462,-0.170545825,-0.63973055,0.6258589284,0.6287970165,0.00174764,3268996.27219863,2.67216635,0.03613133,2.45835161,0.00059743,0.00070245,0.01088451,0.02215977,0.50782396,-0.31920838,1.79562005,0.0213191,-0.01993685,0.02122831,-0.29853493,0.03285899,0.04698626,0.03395844,-0.55967402,0.02284191,0.0315015,1.75509557,0.78292516,0.51501745,1.0340842718,0.770597512,446,0.051810415,0.0135438566,0.3540378358,-0.326235106
20210430,20210430,258196.0,01W,KOR,0.029275,2021,4,20210331,20210331,88.750776617,3.0461815485,88.750776617,0.0150230016,0.0,0.0156009413,0.0212544074,-0.011853171,0.3648907132,0.3817040123,0.7498102459,0.2254471815,-0.422445254,0.1512902805,,0.1929062722,-0.013058992,0.0140349805,-0.025974846,-0.397314942,0.1026611152,-0.452780233,0.2875238153,-0.299673889,0.0146398566,0.0019387487,0.0158631473,0.0581403894,0.056402136,0.0017382533,-0.047692586,-0.001790747,-0.045901839,-0.060267936,0.0622066842,-0.016903204,0.019497278,0.0193995879,0.1638090143,0.1495681617,0.1440818258,0.0191822424,0.0361496435,,,-0.070447669,-0.068320319,-6.848903043,-0.006113635,-0.612873215,0.6640984947,1.1546314991,1.2444916758,1.8634232695,0.0242027216,0.055529011,,,0.0,-0.044783421,-0.012704227,-0.023219932,-0.166512772,0.2701809243,0.0631652151,0.0312797902,0.0372925173,0.019529755,0.0859698675,0.1054767339,0.375405845,-0.218462972,0.0878614464,0.7573359745,0.5010186173,-0.399733678,0.0823881544,0.1661080706,0.1496942381,0.151667348,1.1794921953,0.0782956859,0.0812478425,-0.040177439,1.9229611309,0.1455939046,0.747230696,1.6928543935,0.6291051264,6.0,-2.000672071,2.0964653428,69.669928937,0.6161892274,-0.30713297,0.0323090875,1.9050795087,0.9907009966,0.3785932188,0.2728060377,2.3544484089,0.0190038667,0.1491595069,0.0809698388,,,0.0600984882,0.9926940923,0.1216081596,0.791340912,14.895885543,1.1385728711,-0.44741007,-0.676867516,0.6259614266,0.6035909143,0.00310025,3004541.09910056,2.8092641,0.03202113,2.58106369,0.00069787,0.00072097,0.01143074,0.017133,-0.07840514,0.1080286,1.62901149,0.01619758,-0.06768426,0.01666995,-0.08243469,0.03162553,0.06211181,0.02349118,0.42666379,0.0235463,0.02839209,1.55082735,0.79956577,0.51523704,1.12674281,0.9131217123,447,0.107848752,0.0135275828,0.3523059231,-0.204824935
20210531,20210531,258196.0,01W,KOR,0.035843,2021,5,20210430,20210430,91.348967918,3.135358936,91.348967918,0.0145957102,0.0,0.0156009413,0.0292751388,-0.026188014,0.3647768172,0.3594148326,0.5521727716,0.1135461947,-0.481202889,,,0.1086026659,-0.008358487,0.0154906562,0.0646443546,0.1125401499,0.349210607,-0.419887503,0.4200527325,-0.159179898,0.044680679,0.001181714,-0.015621165,0.0129406251,0.0355773401,-0.022636715,0.0160360888,-0.002148705,0.0181847939,-0.060768732,0.0463292811,-0.006602694,0.0425944535,0.0317804597,0.2019455839,0.2247215097,0.1883129761,0.0338380554,0.0628442357,,,-0.076165826,-0.071307848,-3.768738234,-0.024978567,-1.320158765,0.7353576283,1.337321673,1.4598245696,1.9774489182,0.0290228416,0.0405669836,,,0.0,-0.004520884,0.1432605255,0.0104853009,-0.04073104,0.2434963737,-0.03548433,-0.018452963,0.0127121622,0.0060096016,0.0995154766,0.0393050124,0.1224119545,-0.136469163,0.1704236228,0.3083319369,0.0220376229,-0.282160746,0.1557901398,0.2050738535,0.2038407074,0.2282025934,1.1316346744,0.0902287293,0.1534136616,-0.093563645,1.7883974397,0.1298609617,0.8092999416,0.401511593,0.607890792,6.0,-2.236996076,2.5606290665,25.411567763,0.2843526586,-0.183726295,0.0295611047,1.772951614,0.9913633148,0.3794343336,0.3075110346,2.5684576771,0.0335458068,0.1599711713,0.0675159473,,,0.0745439404,0.9933945604,0.1510129194,0.7240373387,14.920810632,1.1433808922,-0.432801961,-0.650307125,0.5262844935,0.4704659871,0.00138673,3051852.51594758,2.7376111,0.03209067,2.55240142,0.00070024,0.00069891,0.00644033,0.01629461,0.22756816,-0.53953038,0.70776901,0.01403993,0.0922907,0.01393727,0.03195626,0.0237381,0.03312587,0.01699153,-0.08453883,0.01956001,0.02766794,1.53216498,0.82297317,0.51998906,1.1720336631,0.7289888373,448,0.546748707,0.383479899,0.6800357052,-0.142712693
20210630,20210630,258196.0,01W,KOR,0.073066,2021,6,20210531,20210531,94.623197365,3.2477398943,94.623197365,0.0140906575,0.0,0.0156009413,0.0358430918,0.0511517718,0.2208728688,0.5009346532,,,,0.1206568792,0.0399928667,0.0697963823,,0.0154906562,0.0646443546,0.1125401499,0.349210607,-0.419887503,0.4200527325,-0.159179898,0.044680679,0.001181714,-0.015621165,0.0129406251,0.0355773401,-0.022636715,0.0160360888,-0.002148705,0.0181847939,-0.060768732,0.0463292811,-0.006602694,0.0425944535,0.0317804597,0.2019455839,0.2247215097,0.1883129761,0.0338380554,0.0628442357,,,-0.076165826,-0.071307848,-3.768738234,-0.024978567,-1.320158765,0.7353576283,1.337321673,1.4598245696,1.9774489182,0.0290228416,0.0405669836,,,0.0,-0.004520884,0.1432605255,0.0104853009,-0.04073104,0.2434963737,-0.03548433,-0.018452963,0.0127121622,0.0060096016,0.0995154766,0.0393050124,0.1224119545,-0.136469163,0.1704236228,0.3083319369,0.0220376229,-0.282160746,0.1557901398,0.2050738535,0.2038407074,0.2282025934,1.1316346744,0.0902287293,0.1534136616,-0.093563645,1.7883974397,0.1298609617,0.8092999416,0.401511593,0.607890792,6.0,-2.236996076,2.5606290665,25.411567763,0.2843526586,-0.183726295,0.0295611047,1.7116024888,0.9570593487,0.3663048357,0.2968702856,2.479581799,0.0323850273,0.1544357177,0.0651797052,,,0.0719645099,0.966889016,0.1469836245,0.7298737054,15.07349636,1.1276410342,-0.448445969,-0.647868996,0.5267390196,0.4563141057,0.00082385,3322811.52736961,2.59638272,0.03450605,2.45397216,0.00062874,0.0006697,0.00756527,0.01777385,0.53407816,0.02372477,0.97203607,0.01877753,0.50334002,0.01868628,0.53316606,0.03451333,0.05830249,0.02769248,0.04983479,0.01771438,0.02719457,1.55591396,0.85247107,0.52027376,1.1792877364,1.0603464829,449,0.559470786,0.3842450457,0.6816852781,-0.157195922
20210730,20210731,258196.0,01W,KOR,-0.073386,2021,7,20210630,20210630,101.53696798,3.4850403584,101.53696798,0.0131312082,0.0,0.0156009413,0.073066339,0.0661675421,0.0759222335,0.4861316367,0.5044384327,0.1896247822,-0.30639372,0.0379990555,0.0431808016,0.0079718978,,0.0154906562,0.0646443546,0.1125401499,0.349210607,-0.419887503,0.4200527325,-0.159179898,0.044680679,0.001181714,-0.015621165,0.0129406251,0.0355773401,-0.022636715,0.0160360888,-0.002148705,0.0181847939,-0.060768732,0.0463292811,-0.006602694,0.0425944535,0.0317804597,0.2019455839,0.2247215097,0.1883129761,0.0338380554,0.0628442357,,,-0.076165826,-0.071307848,-3.768738234,-0.024978567,-1.320158765,0.7353576283,1.337321673,1.4598245696,1.9774489182,0.0290228416,0.0405669836,,,0.0,-0.004520884,0.1432605255,0.0104853009,-0.04073104,0.2434963737,-0.03548433,-0.018452963,0.0127121622,0.0060096016,0.0995154766,0.0393050124,0.1224119545,-0.136469163,0.1704236228,0.3083319369,0.0220376229,-0.282160746,0.1557901398,0.2050738535,0.2038407074,0.2282025934,1.1316346744,0.0902287293,0.1534136616,-0.093563645,1.7883974397,0.1298609617,0.8092999416,0.401511593,0.607890792,6.0,-2.236996076,2.5606290665,25.411567763,0.2843526586,-0.183726295,0.0295611047,1.5950574784,0.891892061,0.3413627121,0.2766560415,2.3107441813,0.030179893,0.1439200095,0.060741543,,,0.0670643624,0.9153194475,0.1391441703,0.6939403537,15.363553629,1.1332492622,-0.86740689,-1.18904015,0.5271730072,0.4485619189,0.00041339,3508645.60432869,2.64281936,0.03496614,2.56672747,0.00060261,0.00080418,0.00985627,0.01451714,1.39548219,-0.28982601,-1.82004285,0.01137331,0.51108858,0.01309922,0.76190447,0.02359998,0.04865332,0.01465283,1.35211379,0.01666842,0.02449592,1.8900308,0.91475801,0.51219785,1.1693112835,0.7969177254,450,0.582099376,0.3791163247,0.6743668761,-0.085013695
20210831,20210831,258196.0,01W,KOR,-0.045256,2021,8,20210730,20210731,94.085617922,3.2292886239,94.085617922,0.0141711676,0.0,0.0156009413,-0.073385588,0.1115283543,0.1141076198,0.5613981677,0.5552636899,0.3470898971,-0.476534925,-0.067772946,0.0426705614,-0.087696852,,-0.029924098,0.1200611758,0.462151777,0.150925345,-0.491126102,0.4762724542,-0.159462597,0.0256846805,0.001832212,-0.015621165,0.0174974071,-0.015018523,0.0325159298,-0.017211381,-0.001614897,-0.015596484,-0.066776685,0.0686088975,0.0079587852,0.0525629339,0.0325616448,0.1990393641,0.1942591282,0.1928872303,0.0380112712,0.0640284166,,,-0.066776685,-0.085180038,-4.147355448,-0.01657114,-0.806837025,0.6936573413,1.31245622,1.3999431673,1.9663753804,0.0290228416,0.0320056069,,,1.0,0.0164131471,0.0260050509,-0.005207643,-0.048568349,0.1962838901,0.0027828848,0.0015560774,0.0075569491,0.0040603955,0.0995154766,-0.050096877,0.304992839,-0.101020816,0.1295330761,0.117064169,-0.054895955,-0.211497188,0.1058149973,0.1930832907,0.213673475,0.1884460991,1.1633723755,0.1057184357,0.1090790906,0.0534266946,1.8507417597,0.1243048162,0.7475299647,0.4993186883,0.5956749045,7.0,-2.505613302,2.6191401156,25.411567763,0.2843526586,-0.180944391,0.014896362,1.7061309014,0.9218632975,0.3661414031,0.3115356482,2.425325321,0.0350411958,0.18036949,0.083937685,,,0.0723756954,0.9404235008,0.1418971779,0.6421833616,15.327384282,1.0752296047,-0.605853396,-0.524956259,0.6698191434,0.4984301858,0.00079304,2101257.30660856,2.40323243,0.02108296,2.30596604,0.00106086,0.0008053,0.00847106,0.02456389,0.34845145,-0.51058735,2.28670884,0.0250681,0.35808092,0.0221309,0.7000481,0.03119555,0.05058167,0.02760546,-0.12096395,0.01802819,0.02378049,2.05132377,0.8394881,0.51169697,1.1419711311,1.0771735586,451,0.5858916835,0.5681965699,0.4058304096,-0.06196223
20210930,20210930,258196.0,01W,KOR,-0.046377,2021,9,20210831,20210831,89.827714892,3.0831451631,89.827714892,0.0148428919,0.0,0.0156009413,-0.045255621,-0.005681265,0.0826423794,0.2574480137,0.5458999431,0.4974598463,-0.420967602,0.0461608874,0.0343599698,-0.077574466,,-0.029924098,0.1200611758,0.462151777,0.150925345,-0.491126102,0.4762724542,-0.159462597,0.0256846805,0.001832212,-0.015621165,0.0174974071,-0.015018523,0.0325159298,-0.017211381,-0.001614897,-0.015596484,-0.066776685,0.0686088975,0.0079587852,0.0525629339,0.0325616448,0.1990393641,0.1942591282,0.1928872303,0.0380112712,0.0640284166,,,-0.066776685,-0.085180038,-4.147355448,-0.01657114,-0.806837025,0.6936573413,1.31245622,1.3999431673,1.9663753804,0.0290228416,0.0320056069,,,1.0,0.0164131471,0.0260050509,-0.005207643,-0.048568349,0.1962838901,0.0027828848,0.0015560774,0.0075569491,0.0040603955,0.0995154766,-0.050096877,0.304992839,-0.101020816,0.1295330761,0.117064169,-0.054895955,-0.211497188,0.1058149973,0.1930832907,0.213673475,0.1884460991,1.1633723755,0.1057184357,0.1090790906,0.0534266946,1.8507417597,0.1243048162,0.7475299647,0.4993186883,0.5956749045,7.0,-2.505613302,2.6191401156,25.411567763,0.2843526586,-0.180944391,0.014896362,1.7870028232,0.9655603295,0.3834967883,0.3263026784,2.5402876136,0.0367021755,0.1889191431,0.087916396,,,0.0758063592,0.9740333251,0.1469684455,0.6615536857,15.137499204,1.0734455369,-0.560538439,-0.445811312,0.6688923161,0.5121993264,0.0019581,2000881.72750825,2.51535035,0.0202004,2.40315136,0.00106899,0.00079933,0.00959114,0.0190693,0.73041898,-0.43984881,2.58076101,0.01522952,1.27369492,0.01588766,0.79349628,0.04682907,0.06052478,0.03865102,-0.17783356,0.02283827,0.02436921,2.1120708,0.80149654,0.52410705,1.2189511218,1.573626271,452,0.5517671276,0.5682123748,0.4051823769,-0.125922443
20211029,20211031,258196.0,01W,KOR,0.011704,2021,10,20210930,20210930,85.661738593,2.9401568917,85.661738593,0.0155647444,0.0,0.0156009413,-0.046377405,-0.115320098,0.0121344096,0.0213947354,0.4108148179,0.3648907132,-0.385468574,0.021339635,0.0282038752,-0.134709448,,-0.029924098,0.1200611758,0.462151777,0.150925345,-0.491126102,0.4762724542,-0.159462597,0.0256846805,0.001832212,-0.015621165,0.0174974071,-0.015018523,0.0325159298,-0.017211381,-0.001614897,-0.015596484,-0.066776685,0.0686088975,0.0079587852,0.0525629339,0.0325616448,0.1990393641,0.1942591282,0.1928872303,0.0380112712,0.0640284166,,,-0.066776685,-0.085180038,-4.147355448,-0.01657114,-0.806837025,0.6936573413,1.31245622,1.3999431673,1.9663753804,0.0290228416,0.0320056069,,,1.0,0.0164131471,0.0260050509,-0.005207643,-0.048568349,0.1962838901,0.0027828848,0.0015560774,0.0075569491,0.0040603955,0.0995154766,-0.050096877,0.304992839,-0.101020816,0.1295330761,0.117064169,-0.054895955,-0.211497188,0.1058149973,0.1930832907,0.213673475,0.1884460991,1.1633723755,0.1057184357,0.1090790906,0.0534266946,1.8507417597,0.1243048162,0.7475299647,0.4993186883,0.5956749045,7.0,-2.505613302,2.6191401156,25.411567763,0.2843526586,-0.180944391,0.014896362,1.8739099014,1.0125183006,0.4021473382,0.3421717145,2.6638290938,0.0384871077,0.1981068235,0.0921920228,,,0.0794930401,1.0093268994,0.1522937682,0.649121617,14.933443744,1.0708373812,-0.608821118,-0.384623986,0.6685896336,0.5141473766,0.00350209,2009910.13101546,2.53581771,0.0202153,2.43300669,0.00106483,0.00085997,0.0086441,0.01559337,1.55791291,0.19163772,1.0193658,0.01681852,1.5384693,0.01430765,1.89317544,0.02331242,0.06017459,0.02047568,1.73556094,0.02352666,0.02435425,2.24654612,0.76432521,0.52354409,1.235710672,0.7882285654,453,0.5389828248,0.563599913,0.4038925004,-0.139186313
20211130,20211130,258196.0,01W,KOR,-0.201263,2021,11,20211029,20211031,86.664362409,2.9745698206,86.664362409,0.0153846752,0.0,0.0156009413,0.0117044533,-0.089534187,-0.062258277,-0.060082278,0.317274726,0.3647768172,-0.190493315,0.1505955156,0.015577415,0.0024812608,,-0.022474085,0.1891801092,0.658347956,0.191256804,-0.454997387,0.4788678665,-0.179232453,0.0377959358,0.0008754423,-0.015621165,0.003646742,-0.03236214,0.0360088817,-0.022667043,-0.002189174,-0.020477869,-0.028820174,0.0296956163,0.0077837288,0.040380701,0.0242826943,0.1884806699,0.1292617191,0.1729369631,0.0254104474,0.0489807267,,,-0.028820174,-0.030444657,-2.190452389,-0.00074904,-0.053892454,0.697627463,1.3538774951,1.436185049,2.0171042844,0.0290228416,0.0428207405,,,2.0,0.0151819679,0.0390743051,-0.007034425,-0.221306743,0.0408751031,-5.812951e-07,-3.140876e-07,-0.013979806,-0.006614796,0.0995154766,-0.149499491,0.3008079749,-0.208180896,0.1226300455,-0.255158853,-0.296004468,-0.237816546,0.0965962393,0.1842447393,0.1867218787,0.1263566802,0.9505700054,0.0443434554,0.0988170623,0.0066178235,1.82824775,0.1269896283,0.7907176754,0.5466365863,0.6037085535,7.0,-2.834472868,2.7580628219,25.411567763,0.2843526586,-0.584672098,0.0228722751,1.8283447784,1.0000530718,0.3949902078,0.3166991305,2.6560265086,0.0254117959,0.0810751251,-0.009015645,,,0.0785733816,1.0000403067,0.137215599,0.6617559682,15.533168043,1.0125489852,-0.596045817,-0.381183441,0.6062902103,0.5098369802,0.00201881,1921028.90411705,2.67910412,0.01937848,2.56351672,0.00108241,0.00086121,0.00917793,0.0223159,0.42750363,-0.10100562,1.7946211,0.02348516,0.52793598,0.02334662,0.22831548,0.04314062,0.07101793,0.03150067,0.71146837,0.03088067,0.02430315,2.18779827,0.77327122,0.52486587,1.2148208566,1.4478730918,454,-0.839489873,-0.439097498,-1.015934378,-0.064467382
20211230,20211231,258196.0,01W,KOR,0.080695,2021,12,20211130,20211130,69.222070328,2.3759002616,69.222070328,0.0192612422,0.0,0.0156009413,-0.201262567,-0.035215774,-0.084110822,-0.002753943,0.1582634283,0.2208728688,0.0283481974,0.1753941761,-0.018664107,0.0425929635,,-0.022474085,0.1891801092,0.658347956,0.191256804,-0.454997387,0.4788678665,-0.179232453,0.0377959358,0.0008754423,-0.015621165,0.003646742,-0.03236214,0.0360088817,-0.022667043,-0.002189174,-0.020477869,-0.028820174,0.0296956163,0.0077837288,0.040380701,0.0242826943,0.1884806699,0.1292617191,0.1729369631,0.0254104474,0.0489807267,,,-0.028820174,-0.030444657,-2.190452389,-0.00074904,-0.053892454,0.697627463,1.3538774951,1.436185049,2.0171042844,0.0290228416,0.0428207405,,,2.0,0.0151819679,0.0390743051,-0.007034425,-0.221306743,0.0408751031,-5.812951e-07,-3.140876e-07,-0.013979806,-0.006614796,0.0995154766,-0.149499491,0.3008079749,-0.208180896,0.1226300455,-0.255158853,-0.296004468,-0.237816546,0.0965962393,0.1842447393,0.1867218787,0.1263566802,0.9505700054,0.0443434554,0.0988170623,0.0066178235,1.82824775,0.1269896283,0.7907176754,0.5466365863,0.6037085535,7.0,-2.834472868,2.7580628219,25.411567763,0.2843526586,-0.584672098,0.0228722751,2.2890435627,1.2520423245,0.494518213,0.3964996725,3.3252811252,0.0318149556,0.1015041011,-0.011287371,,,0.0983719786,1.1804814777,0.1619739445,0.6200476022,14.57561805,1.042253664,-0.489299902,-0.098966122,0.606529824,0.5077373715,0.00348094,1601888.02770467,2.91789559,0.01626068,2.75629838,0.001292,0.00087774,0.00820985,0.0152948,0.51614604,0.02663404,2.13690831,0.01225722,-0.13966683,0.01089516,0.21358244,0.02024781,0.03551353,0.02102085,0.52900204,0.03619252,0.02441476,2.24679416,0.61764067,0.52802982,1.2531732777,0.6721349391,455,-0.853233879,-0.447334394,-1.01641313,-0.073547807
20220128,20220131,258196.0,01W,KOR,-0.079014,2022,1,20211230,20211231,74.807921329,2.5676227107,74.807921329,,0.0,3.885781e-16,0.0806946538,-0.191913782,-0.318257461,-0.220039836,-0.212903743,0.0759222335,0.020171921,0.0362876186,-0.014627104,0.0451664597,,-0.022474085,0.1891801092,0.658347956,0.191256804,-0.454997387,0.4788678665,-0.179232453,0.0377959358,0.0008754423,-0.015621165,0.003646742,-0.03236214,0.0360088817,-0.022667043,-0.002189174,-0.020477869,-0.028820174,0.0296956163,0.0077837288,0.040380701,0.0242826943,0.1884806699,0.1292617191,0.1729369631,0.0254104474,0.0489807267,,,-0.028820174,-0.030444657,-2.190452389,-0.00074904,-0.053892454,0.697627463,1.3538774951,1.436185049,2.0171042844,0.0290228416,0.0428207405,,,2.0,0.0151819679,0.0390743051,-0.007034425,-0.221306743,0.0408751031,-5.812951e-07,-3.140876e-07,-0.013979806,-0.006614796,0.0995154766,-0.149499491,0.3008079749,-0.208180896,0.1226300455,-0.255158853,-0.296004468,-0.237816546,0.0965962393,0.1842447393,0.1867218787,0.1263566802,0.9505700054,0.0443434554,0.0988170623,0.0066178235,1.82824775,0.1269896283,0.7907176754,0.5466365863,0.6037085535,7.0,-2.834472868,2.7580628219,25.411567763,0.2843526586,-0.584672098,0.0228722751,2.1181224082,1.1585532695,0.4575929114,0.3668933414,3.0769848944,0.0294393569,0.0939248665,-0.010444551,,,0.0910266173,1.1159953485,0.1531257983,0.5764140204,14.930873058,1.0453689265,-0.766502504,-1.020016869,0.5655970728,0.4557368762,0.00408174,874783.41908328,2.56174305,0.00934432,2.24386027,0.00217683,0.00103672,0.0057936,0.0104381,0.52580836,-0.70850437,1.22790186,0.0076808,-0.31272872,0.00944992,-0.18500584,0.0217185,0.02719518,0.01405916,-0.62594279,0.04294064,0.0228255,2.27115602,0.66748097,0.52959756,1.2199546849,0.7634975833,456,-0.840828239,-0.446081514,-1.00650868,-0.026076513
20220228,20220228,258196.0,01W,KOR,-0.029488,2022,2,20220128,20220131,68.897034574,2.364744101,68.897034574,,0.0,2.775558e-16,-0.079014183,-0.136808727,-0.204895254,-0.181075353,-0.179175065,0.1141076198,-0.109696057,-0.046455046,-0.017587025,-0.102304395,,-0.086481648,0.0318406684,-0.041093233,0.3952062145,-0.424573335,0.3271711034,-0.200763457,0.0680266984,-0.001343967,-0.015621165,0.0058820772,-0.080007061,0.0858891385,-0.078759603,-0.004676369,-0.074083235,0.0086906194,-0.010034587,0.0180534668,-0.018675953,0.0102742466,0.1708814719,0.0721654869,0.1352363232,-0.014663679,0.0194742441,,,0.0086906194,0.0066804981,0.8274479019,-0.003354088,-0.415438108,0.6656917991,1.3171090748,1.3328647352,1.8954425473,0.0290228416,0.0403386089,,,0.0,0.0107849098,-0.015229842,-0.034119494,-0.42208122,-0.20131871,0.0187033152,0.0102301864,-0.0444619,-0.021049604,0.0995154766,-0.445062903,0.1224119545,-0.241785218,-0.007030921,-1.658124467,-0.844779127,-0.32970986,0.0720272543,0.1561033606,0.1307995839,0.0659244967,1.1316346744,-0.014754116,0.078845985,-0.093049802,1.8162464339,0.1281230545,0.7931252134,0.7410001545,0.5681794401,3.0,-1.514451385,2.6204271894,25.411567763,0.2843526586,-0.353621088,0.0333976941,2.2418265832,1.2343185051,0.5071735496,0.4167413839,3.1294891619,-0.018099651,-0.033076169,-0.117306129,,,0.0988360684,1.1653925746,0.1247644962,0.5575868237,14.870636478,0.9910846684,-0.711437374,-0.940122383,0.5707290468,0.4145056901,0.00431614,473503.66152468,1.75662394,0.00576028,1.63146091,0.00325894,0.00173387,0.00971992,0.01654351,0.43437807,0.04371208,0.91855781,0.01592298,0.69823485,0.01522496,0.79236105,0.03185247,0.04209663,0.02545867,0.51609998,0.05482045,0.01844795,1.82068122,0.61474051,0.53379983,1.1191948959,1.2671721945,457,-1.262189742,-1.260035863,-1.137631544,-0.240279804
20220331,20220331,258196.0,01W,KOR,0.06534,2022,3,20220228,20220228,66.865420488,2.2950132707,66.865420488,,0.0,0.0,-0.029487685,-0.004695551,-0.233009159,-0.271880083,-0.207202428,0.0826423794,-0.109736691,0.0212544074,-0.022199943,-0.017975381,,-0.086481648,0.0318406684,-0.041093233,0.3952062145,-0.424573335,0.3271711034,-0.200763457,0.0680266984,-0.001343967,-0.015621165,0.0058820772,-0.080007061,0.0858891385,-0.078759603,-0.004676369,-0.074083235,0.0086906194,-0.010034587,0.0180534668,-0.018675953,0.0102742466,0.1708814719,0.0721654869,0.1352363232,-0.014663679,0.0194742441,,,0.0086906194,0.0066804981,0.8274479019,-0.003354088,-0.415438108,0.6656917991,1.3171090748,1.3328647352,1.8954425473,0.0290228416,0.0403386089,,,0.0,0.0107849098,-0.015229842,-0.034119494,-0.42208122,-0.20131871,0.0187033152,0.0102301864,-0.0444619,-0.021049604,0.0995154766,-0.445062903,0.1224119545,-0.241785218,-0.007030921,-1.658124467,-0.844779127,-0.32970986,0.0720272543,0.1561033606,0.1307995839,0.0659244967,1.1316346744,-0.014754116,0.078845985,-0.093049802,1.8162464339,0.1281230545,0.7931252134,0.7410001545,0.5681794401,3.0,-1.514451385,2.6204271894,25.411567763,0.2843526586,-0.353621088,0.0333976941,2.3099414089,1.2718215798,0.5225833222,0.4294034993,3.2245743975,-0.018649584,-0.034081143,-0.120870314,,,0.1018390668,1.1901643447,0.1274165102,0.5716340226,14.735043555,1.0003535265,-0.664132882,-1.080823746,0.5593359498,0.4380651476,0.00422379,377626.77949524,1.62488755,0.00476051,1.46000004,0.00370758,0.00178659,0.00803111,0.01452543,1.14609003,0.396453,1.54515022,0.01508476,1.78853863,0.01521451,1.80135405,0.02704425,0.05619724,0.02399788,0.829746,0.05710713,0.01796073,1.67088637,0.59661323,0.54455221,1.121807355,1.1114900651,458,-1.25904383,-1.256048407,-1.137156199,-0.243080594
20220429,20220430,258196.0,01W,KOR,-0.009581,2022,4,20220331,20220331,71.234423154,2.4449699901,71.234423154,,0.0,0.0,0.0653402407,-0.106171923,-0.219424896,-0.341467233,-0.246593404,0.0121344096,-0.13010128,0.0292751388,-0.018921297,0.1603082235,,-0.086481648,0.0318406684,-0.041093233,0.3952062145,-0.424573335,0.3271711034,-0.200763457,0.0680266984,-0.001343967,-0.015621165,0.0058820772,-0.080007061,0.0858891385,-0.078759603,-0.004676369,-0.074083235,0.0086906194,-0.010034587,0.0180534668,-0.018675953,0.0102742466,0.1708814719,0.0721654869,0.1352363232,-0.014663679,0.0194742441,,,0.0086906194,0.0066804981,0.8274479019,-0.003354088,-0.415438108,0.6656917991,1.3171090748,1.3328647352,1.8954425473,0.0290228416,0.0403386089,,,0.0,0.0107849098,-0.015229842,-0.034119494,-0.42208122,-0.20131871,0.0187033152,0.0102301864,-0.0444619,-0.021049604,0.0995154766,-0.445062903,0.1224119545,-0.241785218,-0.007030921,-1.658124467,-0.844779127,-0.32970986,0.0720272543,0.1561033606,0.1307995839,0.0659244967,1.1316346744,-0.014754116,0.078845985,-0.093049802,1.8162464339,0.1281230545,0.7931252134,0.7410001545,0.5681794401,3.0,-1.514451385,2.6204271894,25.411567763,0.2843526586,-0.353621088,0.0333976941,2.1682663629,1.193817272,0.4905318529,0.4030670042,3.0268024002,-0.017505754,-0.031990853,-0.113457006,,,0.0955929973,1.1381382866,0.1218467091,0.5654195352,15.017069287,1.0023687848,-0.66672988,-1.078502459,0.5587277228,0.4294041548,0.00497774,336237.85382577,1.78783949,0.00436449,1.56252047,0.00387726,0.00179714,0.00553318,0.01301756,0.15655214,-0.25979256,1.5255867,0.01083449,0.10334632,0.01069521,-0.52806947,0.02504594,0.03412499,0.01873948,-0.40546435,0.07029739,0.01787055,1.61299933,0.63559608,0.55035066,1.0763381096,1.042833494,459,-1.25828611,-1.259219463,-1.141752446,-0.244008104
20220531,20220531,258196.0,01W,KOR,0.019453,2022,5,20220429,20220430,70.55189405,2.421543631,70.55189405,,0.0,2.775558e-16,-0.009581451,0.0339258227,-0.178042494,-0.242876598,-0.220194549,-0.062258277,-0.084201246,0.0358430918,-0.023050801,,,-0.091314061,-0.118280814,-0.549563197,-0.040445833,-0.49150192,0.2969327925,-0.567909957,-0.007683729,-0.002638281,0.0,-0.043417378,-0.055569792,0.0121524145,-0.071062738,-0.014861684,-0.056201054,0.0124537239,-0.015092005,0.0006288894,-0.042512479,0.0082478917,0.1624867817,0.1547036334,0.1223563484,0.0111789973,0.0152645924,,,0.0341925187,-0.041142983,-6.424828293,-0.056234988,-8.78157386,0.6841138421,1.3308906656,1.3384475068,1.8507265779,0.0275687666,0.0612717341,,,0.0,-0.040026379,-0.183145613,-0.062914339,-0.498870972,-0.053379218,-0.010636841,-0.005856496,0.0248474895,0.0125964664,0.1153428406,-0.192866119,0.070300206,-0.246913028,0.0449053212,-0.247003263,1.2873391986,-0.560903711,0.1031909663,0.1476494538,0.1139031553,0.1405770164,1.5262260033,0.0475467312,0.1135606504,-0.042681998,1.7456959317,0.1335867001,0.7740643646,0.394531933,0.5514384241,5.0,-1.808461417,2.3901730007,6.8341105602,0.9664734442,-0.14858874,0.0294346425,2.0859584751,1.1949151265,0.5172607893,0.3894504962,2.9322275671,0.0133579529,0.0991805069,0.0452592149,,,0.0808378974,1.140282167,0.1123069186,0.5487651914,13.776135405,0.9869946856,-0.289262422,-0.607531895,0.6332893251,0.3696257565,0.00494119,252354.98969382,0.66464929,0.00344407,0.64636207,0.0044339,0.00195517,0.00608775,0.01275455,-0.38367833,-0.04424055,1.26764421,0.01168413,-0.79223674,0.01065745,-0.26774357,0.01673487,0.02364261,0.01429828,-0.2783382,0.07185784,0.01775333,1.55828565,0.62950615,0.55100035,1.0515897793,0.7005030552,460,-0.903955911,-0.53097993,-0.901405965,-0.298752098
20220630,20220630,258196.0,01W,KOR,0.341237,2022,6,20220531,20220531,71.924357768,2.4686505276,71.924357768,,0.0,0.0,0.0194532512,0.0551327358,0.0192109788,-0.214586566,-0.254391143,-0.084110822,-0.070477743,0.073066339,-0.027924718,0.1171269406,,-0.091314061,-0.118280814,-0.549563197,-0.040445833,-0.49150192,0.2969327925,-0.567909957,-0.007683729,-0.002638281,0.0,-0.043417378,-0.055569792,0.0121524145,-0.071062738,-0.014861684,-0.056201054,0.0124537239,-0.015092005,0.0006288894,-0.042512479,0.0082478917,0.1624867817,0.1547036334,0.1223563484,0.0111789973,0.0152645924,,,0.0341925187,-0.041142983,-6.424828293,-0.056234988,-8.78157386,0.6841138421,1.3308906656,1.3384475068,1.8507265779,0.0275687666,0.0612717341,,,0.0,-0.040026379,-0.183145613,-0.062914339,-0.498870972,-0.053379218,-0.010636841,-0.005856496,0.0248474895,0.0125964664,0.1153428406,-0.192866119,0.070300206,-0.246913028,0.0449053212,-0.247003263,1.2873391986,-0.560903711,0.1031909663,0.1476494538,0.1139031553,0.1405770164,1.5262260033,0.0475467312,0.1135606504,-0.042681998,1.7456959317,0.1335867001,0.7740643646,0.394531933,0.5514384241,5.0,-1.808461417,2.3901730007,6.8341105602,0.9664734442,-0.14858874,0.0294346425,2.0461541249,1.1721137042,0.5073903965,0.3820189849,2.8762746733,0.0131030559,0.0972879402,0.0443955766,,,0.0792953451,1.1245378725,0.1107562558,0.5379425319,13.882178098,1.0064889261,0.4134778311,0.4161157923,0.6208957051,0.3818451047,0.00082012,452351.56376762,4.82135192,0.00628595,4.75871646,0.00313567,0.0019574,0.00784827,0.02822836,2.62847854,0.32324455,2.0268891,0.02972592,2.66700965,0.03020756,2.66631716,0.04100503,0.13638184,0.03454878,3.18046856,0.07735771,0.01877336,1.47601778,0.64175209,0.55504968,1.0728939844,1.6649045688,461,-0.928679526,-0.536054907,-0.908324906,-0.35407656
20220729,20220731,258196.0,01W,KOR,0.141315,2022,7,20220630,20220630,96.467607341,3.3110453419,96.467607341,,0.0,-1.17961e-16,0.3412369653,0.0096854103,-0.038546233,-0.160367756,-0.291643633,-0.318257461,0.1264742989,-0.073385588,0.0097682412,-0.076372989,,-0.091314061,-0.118280814,-0.549563197,-0.040445833,-0.49150192,0.2969327925,-0.567909957,-0.007683729,-0.002638281,0.0,-0.043417378,-0.055569792,0.0121524145,-0.071062738,-0.014861684,-0.056201054,0.0124537239,-0.015092005,0.0006288894,-0.042512479,0.0082478917,0.1624867817,0.1547036334,0.1223563484,0.0111789973,0.0152645924,,,0.0341925187,-0.041142983,-6.424828293,-0.056234988,-8.78157386,0.6841138421,1.3308906656,1.3384475068,1.8507265779,0.0275687666,0.0612717341,,,0.0,-0.040026379,-0.183145613,-0.062914339,-0.498870972,-0.053379218,-0.010636841,-0.005856496,0.0248474895,0.0125964664,0.1153428406,-0.192866119,0.070300206,-0.246913028,0.0449053212,-0.247003263,1.2873391986,-0.560903711,0.1031909663,0.1476494538,0.1139031553,0.1405770164,1.5262260033,0.0475467312,0.1135606504,-0.042681998,1.7456959317,0.1335867001,0.7740643646,0.394531933,0.5514384241,5.0,-1.808461417,2.3901730007,6.8341105602,0.9664734442,-0.14858874,0.0294346425,1.5255724215,0.8739050105,0.3783003374,0.2848258696,2.1444940363,0.0097693817,0.0725359819,0.033100472,,,0.0591210555,0.9018583043,0.088824442,0.5164360274,15.269058804,0.6710136184,-0.155317432,-0.008857672,0.6113483019,0.3734749513,5.856e-05,4183819.73745665,4.06996473,0.05368577,3.97521777,0.00029582,0.00063419,0.01718723,0.07861038,1.88935068,-0.21516013,1.00674821,0.07813446,1.69054945,0.08077255,2.1097338,0.13666301,0.29113195,0.0874902,2.03924558,0.07467233,0.02990521,1.29014143,0.86074163,0.53127498,1.3343086875,3.9259603784,462,-1.085953281,-0.534752434,-0.907719448,-0.667054948
20220831,20220831,258196.0,01W,KOR,-0.154901,2022,8,20220729,20220731,110.09989335,3.7789445502,110.09989335,,0.0,1.94289e-16,0.1413146484,0.3673283849,0.4001706741,0.1131173721,0.0253172533,-0.204895254,0.1987285028,-0.045255621,0.0267291747,-0.065331367,,-0.025811866,-0.093241362,-0.688444248,0.1113473474,-0.298016273,0.1062636574,-0.703575997,0.0223870147,-0.002968227,0.0,-0.035784531,-0.031818102,-0.003966428,-0.00653042,-0.01205904,0.0055286198,0.0401926739,-0.043160901,0.0042898782,-0.022811298,0.0107328899,0.1544220711,0.0889911741,0.1300008015,0.0110743917,0.0191733699,,,0.0401926739,-0.014684033,-2.493179419,-0.057844934,-9.821402677,0.7165765766,1.2488350497,1.3058425385,1.7864126242,0.0275687666,0.051641027,,,0.0,0.0015218684,-0.030521853,-0.001324789,-0.544458204,-0.108319889,0.002427447,0.0013905326,-0.000355438,-0.000165545,0.1153428406,-0.23121868,0.0974591712,-0.20907522,0.0947292963,-0.433211914,0.2731543789,-0.661855297,0.0723891353,0.1504361494,0.1246541155,0.0866941459,1.6581820335,0.0205737144,0.0743071413,-0.085144721,1.8803039933,0.1313114082,0.755899434,0.4169917888,0.602016217,5.0,-1.687562382,2.3901730007,6.8341105602,0.9664734442,-0.14085449,0.0148467722,1.4203374156,0.755376482,0.3699724767,0.2966247939,1.8793083601,0.0083653351,0.0292216163,0.0035476827,,,0.0518008383,0.8113382382,0.0813968802,0.5756527041,15.888796961,0.6990979807,0.1869452453,0.5312356144,0.5327753977,0.4987721609,5.857e-05,9432741.03174511,2.69515654,0.10121864,2.60083211,0.0001483,0.00029934,0.01687031,0.08531961,1.51915755,0.11247365,2.07381583,0.08629881,1.69409363,0.08026538,1.61363332,0.12672262,0.24946645,0.08531961,1.52029895,0.06058882,0.03821908,1.03248956,0.87538527,0.52093456,1.5516963351,3.0268492778,463,-1.191466354,-0.795149285,-0.799013497,-0.882000844
20220930,20220930,258196.0,01W,KOR,-0.300037,2022,9,20220831,20220831,93.04531008,3.1935822709,93.04531008,,0.0,0.0,-0.154900997,0.5307733954,0.6465894112,0.5905316445,0.2256784389,-0.233009159,0.0492591839,-0.046377405,0.0168633936,-0.062466331,,-0.025811866,-0.093241362,-0.688444248,0.1113473474,-0.298016273,0.1062636574,-0.703575997,0.0223870147,-0.002968227,0.0,-0.035784531,-0.031818102,-0.003966428,-0.00653042,-0.01205904,0.0055286198,0.0401926739,-0.043160901,0.0042898782,-0.022811298,0.0107328899,0.1544220711,0.0889911741,0.1300008015,0.0110743917,0.0191733699,,,0.0401926739,-0.014684033,-2.493179419,-0.057844934,-9.821402677,0.7165765766,1.2488350497,1.3058425385,1.7864126242,0.0275687666,0.051641027,,,0.0,0.0015218684,-0.030521853,-0.001324789,-0.544458204,-0.108319889,0.002427447,0.0013905326,-0.000355438,-0.000165545,0.1153428406,-0.23121868,0.0974591712,-0.20907522,0.0947292963,-0.433211914,0.2731543789,-0.661855297,0.0723891353,0.1504361494,0.1246541155,0.0866941459,1.6581820335,0.0205737144,0.0743071413,-0.085144721,1.8803039933,0.1313114082,0.755899434,0.4169917888,0.602016217,5.0,-1.687562382,2.3901730007,6.8341105602,0.9664734442,-0.14085449,0.0148467722,1.6806757681,0.893831941,0.4377859582,0.3509941355,2.2237730182,0.0098986451,0.0345777432,0.0041979492,,,0.0612955856,0.9214148632,0.0924402323,0.5906333486,15.257436472,0.7179056878,0.2641342851,0.7538695176,0.5226999252,0.5076960889,0.00010824,11733675.4424961,2.21470859,0.12155884,2.18220569,0.00012671,0.0002364,0.01405814,0.03595843,0.16220681,0.24690836,1.93270848,0.03420824,0.10775326,0.03569219,0.21959039,0.04589334,0.07982938,0.04119767,0.04101216,0.04950907,0.03899679,0.86863292,0.73978722,0.5223461,1.5834607823,1.0894970364,464,-1.187143222,-0.792883811,-0.797831961,-0.891375387
20221031,20221031,258196.0,01W,KOR,-0.035046,2022,10,20220930,20220930,65.128291495,2.2353900146,65.128291495,,0.0,0.0,-0.300036816,-0.035476129,0.3061846501,0.2437895403,0.0861945089,-0.219424896,0.3285788968,0.0117044533,-0.011476722,-0.073210277,,-0.025811866,-0.093241362,-0.688444248,0.1113473474,-0.298016273,0.1062636574,-0.703575997,0.0223870147,-0.002968227,0.0,-0.035784531,-0.031818102,-0.003966428,-0.00653042,-0.01205904,0.0055286198,0.0401926739,-0.043160901,0.0042898782,-0.022811298,0.0107328899,0.1544220711,0.0889911741,0.1300008015,0.0110743917,0.0191733699,,,0.0401926739,-0.014684033,-2.493179419,-0.057844934,-9.821402677,0.7165765766,1.2488350497,1.3058425385,1.7864126242,0.0275687666,0.051641027,,,0.0,0.0015218684,-0.030521853,-0.001324789,-0.544458204,-0.108319889,0.002427447,0.0013905326,-0.000355438,-0.000165545,0.1153428406,-0.23121868,0.0974591712,-0.20907522,0.0947292963,-0.433211914,0.2731543789,-0.661855297,0.0723891353,0.1504361494,0.1246541155,0.0866941459,1.6581820335,0.0205737144,0.0743071413,-0.085144721,1.8803039933,0.1313114082,0.755899434,0.4169917888,0.602016217,5.0,-1.687562382,2.3901730007,6.8341105602,0.9664734442,-0.14085449,0.0148467722,2.4010916669,1.2769699343,0.6254414065,0.5014465669,3.1769856889,0.0141416653,0.0493993741,0.0059973858,,,0.087569728,1.1844687253,0.1188309073,0.6060649191,13.510317274,0.8274397721,0.2283841819,0.4336020217,0.521665979,0.4960343569,0.00026006,12485902.6164231,2.07023777,0.13022762,2.02352649,0.00011602,0.00021547,0.01532882,0.03518178,0.03404578,-0.61397411,0.37331679,0.02996093,-0.15225855,0.03402683,-0.16700329,0.03121064,0.0488115,0.03706434,0.26490622,0.03280073,0.03998069,1.0503664,0.51782382,0.5308207,1.5820108649,0.7223706538,465,-1.184046599,-0.789758176,-0.788513791,-0.894743165
20221130,20221130,258196.0,01W,KOR,0.339625,2022,11,20221031,20221031,62.845801683,2.1570484088,62.845801683,,0.0,-1.66533e-16,-0.035046057,-0.408461811,-0.076873947,-0.054701093,-0.248499733,-0.178042494,0.2894887882,-0.201262567,0.00363387,0.0636954641,,-0.074007349,-0.176871573,-0.545369443,0.1285310727,-0.140429244,-0.091649261,-0.645982251,0.0326763994,-0.002836918,0.0,-0.040536487,-0.079183663,0.0386471751,-0.039741453,-0.014701127,-0.025040326,0.0640474199,-0.066884338,0.0049695162,-0.050084808,0.0160971544,0.1684524348,0.0843268402,0.1429720499,0.0244349886,0.0263616376,,,0.0640474199,-0.0005988,-0.045330612,-0.067483138,-5.108640296,0.7262663056,1.2075934244,1.2417017125,1.6376582425,0.0275687666,0.0494357486,,,0.0,0.0125998419,-0.073988654,-0.016986954,-0.246064345,-0.343390469,0.0122298228,0.0065041732,0.0122304041,0.0065044873,0.1153428406,-0.332771415,0.321357508,-0.008465766,0.0218587536,-1.685945492,0.4995176911,-0.471337234,0.0775315502,0.1559857166,0.1308493391,0.0780860343,1.3200386703,0.013808408,0.0837280406,-0.030535047,1.8497890244,0.1380400686,0.7608230874,0.5424907991,0.5735007933,6.0,-1.743088884,2.3901730007,6.8341105602,0.9664734442,-0.602997877,0.0231624656,2.3346936997,1.26214053,0.6942226162,0.5788052854,3.0148400885,0.0308403895,0.0322384032,-0.024242704,,,0.0907501634,1.1660372767,0.1238147165,0.5735174409,12.908099632,0.8141376985,0.1071645712,0.253988744,0.4980791372,0.5295394913,0.0004901,12958470.0300265,1.99827948,0.13644449,1.93083884,0.00011142,0.00020703,0.01250718,0.02822275,0.20888943,-0.14837165,1.51520916,0.02378088,-0.00805369,0.0202903,0.92944801,0.05404143,0.07189079,0.04665405,-0.15382129,0.02559393,0.04053333,1.08004542,0.49967613,0.53381731,1.6014197969,1.2227735088,466,-0.919853452,-0.695096244,-0.196201429,-0.887651707
20221229,20221231,258196.0,01W,KOR,-0.078509,2022,12,20221130,20221130,84.189803755,2.8896358606,84.189803755,,0.0,0.0,0.3396249471,-0.324567766,-0.126223666,-0.060115061,-0.092113232,0.0192109788,0.0457621016,0.0806946538,0.0271729876,0.0402378831,,-0.074007349,-0.176871573,-0.545369443,0.1285310727,-0.140429244,-0.091649261,-0.645982251,0.0326763994,-0.002836918,0.0,-0.040536487,-0.079183663,0.0386471751,-0.039741453,-0.014701127,-0.025040326,0.0640474199,-0.066884338,0.0049695162,-0.050084808,0.0160971544,0.1684524348,0.0843268402,0.1429720499,0.0244349886,0.0263616376,,,0.0640474199,-0.0005988,-0.045330612,-0.067483138,-5.108640296,0.7262663056,1.2075934244,1.2417017125,1.6376582425,0.0275687666,0.0494357486,,,0.0,0.0125998419,-0.073988654,-0.016986954,-0.246064345,-0.343390469,0.0122298228,0.0065041732,0.0122304041,0.0065044873,0.1153428406,-0.332771415,0.321357508,-0.008465766,0.0218587536,-1.685945492,0.4995176911,-0.471337234,0.0775315502,0.1559857166,0.1308493391,0.0780860343,1.3200386703,0.013808408,0.0837280406,-0.030535047,1.8497890244,0.1380400686,0.7608230874,0.5424907991,0.5735007933,6.0,-1.743088884,2.3901730007,6.8341105602,0.9664734442,-0.602997877,0.0231624656,1.7427965228,0.9421596192,0.5182216244,0.4320651736,2.250510559,0.0230216595,0.0240652455,-0.018096635,,,0.0677429631,0.9596105108,0.1018954588,0.644461218,14.537040374,0.9147078135,0.1226134617,0.1917647073,0.5071082216,0.5407218074,0.00020835,13504999.2443131,1.89782343,0.14377616,1.81386792,0.00010654,0.00019072,0.01508863,0.03344625,0.86551517,0.044018,0.70058304,0.03334631,0.26305729,0.03357229,0.27276522,0.06792471,0.10026513,0.03725503,0.62316699,0.01331958,0.04143072,0.98481486,0.66937861,0.53635465,1.5253250265,1.5039513397,467,-0.935727622,-0.695096244,-0.19223792,-0.908947969
20230131,20230131,258196.0,01W,KOR,-0.056148,2023,1,20221229,20221231,77.580152832,2.6627736578,77.580152832,,0.0,-4.23273e-16,-0.078508924,0.2926763749,-0.127273848,0.1818696639,0.1254129544,-0.038546233,0.1706489565,-0.079014183,0.0272189202,0.0073758323,,-0.074007349,-0.176871573,-0.545369443,0.1285310727,-0.140429244,-0.091649261,-0.645982251,0.0326763994,-0.002836918,0.0,-0.040536487,-0.079183663,0.0386471751,-0.039741453,-0.014701127,-0.025040326,0.0640474199,-0.066884338,0.0049695162,-0.050084808,0.0160971544,0.1684524348,0.0843268402,0.1429720499,0.0244349886,0.0263616376,,,0.0640474199,-0.0005988,-0.045330612,-0.067483138,-5.108640296,0.7262663056,1.2075934244,1.2417017125,1.6376582425,0.0275687666,0.0494357486,,,0.0,0.0125998419,-0.073988654,-0.016986954,-0.246064345,-0.343390469,0.0122298228,0.0065041732,0.0122304041,0.0065044873,0.1153428406,-0.332771415,0.321357508,-0.008465766,0.0218587536,-1.685945492,0.4995176911,-0.471337234,0.0775315502,0.1559857166,0.1308493391,0.0780860343,1.3200386703,0.013808408,0.0837280406,-0.030535047,1.8497890244,0.1380400686,0.7608230874,0.5424907991,0.5735007933,6.0,-1.743088884,2.3901730007,6.8341105602,0.9664734442,-0.602997877,0.0231624656,1.8912787857,1.0224294559,0.5623729171,0.4688761345,2.4422488922,0.0249830521,0.0261155491,-0.019638427,,,0.0735145081,1.0152698075,0.1078055958,0.6199040684,14.128407225,0.9303367884,0.2228125914,-0.09068742,0.4872809902,0.5599057867,0.00032454,10374586.5538746,2.01942258,0.10370977,1.72832636,0.0001333,0.00017875,0.01347081,0.04032769,0.14543319,0.17122676,3.09024995,0.03642188,-0.43905032,0.03302807,-0.37137831,0.0545781,0.08724502,0.04309832,0.32261534,0.01216587,0.04297971,0.84284105,0.61682642,0.53666604,1.5605425953,1.1678272546,468,-0.936519616,-0.696053384,-0.193938667,-0.922467396
20230228,20230228,258196.0,01W,KOR,-0.091316,2023,2,20230131,20230131,73.224200704,2.5132648703,73.224200704,,0.0,0.0,-0.056147764,0.2344524336,-0.295365777,0.0996182863,0.1260303627,0.4001706741,-0.026399492,-0.029487685,0.0247952767,-0.102315276,,-0.161441185,-0.235196893,-0.309959323,-0.238574294,-0.019837435,-0.231343229,-0.601212534,-0.068325709,-0.005895936,0.0,-0.131116218,-0.10924123,-0.021874988,-0.06702891,-0.016772939,-0.050255971,0.0616040207,-0.067499956,-0.008454119,-0.128112048,-0.005301981,0.1514706757,0.1109787595,0.1016778279,-0.05026692,-0.008435379,,,0.0616040207,-0.048203921,-1.814581212,-0.115703878,-4.355539475,0.6682259631,1.2103985495,1.1613778777,1.59098634,0.0275687666,0.0596235542,,,0.0,-0.060486052,-0.201221426,-0.030117627,-0.338315326,-0.425037732,-0.047375734,-0.025611426,-0.066079049,-0.035841612,0.1153428406,-0.110271833,0.070300206,-0.051386931,-0.03868908,-2.029244691,-2.917335737,-0.290524326,0.0526403938,0.1270170703,0.0818386104,0.0930622171,1.5262260033,0.0216391576,0.0627748381,0.0363932733,1.892240425,0.1349471643,0.7871381497,0.7402097991,0.5196320008,4.0,-0.799379807,2.3901730007,6.8341105602,0.9664734442,-0.206462714,0.038085403,1.7688110116,0.9347707555,0.5861681237,0.4807053244,2.2520031077,-0.046988047,0.0382755802,-0.016411807,,,0.07788773,0.9559471804,0.074989144,0.5802840076,15.442508515,0.8660549392,0.1985867875,-0.37744738,0.5938843913,0.3891632414,0.0005221,5554141.02814027,1.79241511,0.06128594,1.53687796,0.00023358,0.00017601,0.00952672,0.02392062,-1.67157706,-0.22979884,1.18634015,0.01606258,-0.45443495,0.01558654,-0.44109046,0.02620409,0.03442574,0.02821019,-1.83756744,0.01432682,0.04334839,0.72855517,0.58219299,0.53468732,1.5644105305,0.5593377439,469,-1.359023334,-0.87959055,-0.900896824,-1.161935209
20230331,20230331,258196.0,01W,KOR,0.007451,2023,3,20230228,20230228,66.537655085,2.2837634207,66.537655085,,0.0,-1.1189e-16,-0.091316062,-0.130248588,-0.213026421,0.0180723607,0.0950981863,0.6465894112,0.1433594982,0.0653402407,0.0105537947,-0.023952349,,-0.161441185,-0.235196893,-0.309959323,-0.238574294,-0.019837435,-0.231343229,-0.601212534,-0.068325709,-0.005895936,0.0,-0.131116218,-0.10924123,-0.021874988,-0.06702891,-0.016772939,-0.050255971,0.0616040207,-0.067499956,-0.008454119,-0.128112048,-0.005301981,0.1514706757,0.1109787595,0.1016778279,-0.05026692,-0.008435379,,,0.0616040207,-0.048203921,-1.814581212,-0.115703878,-4.355539475,0.6682259631,1.2103985495,1.1613778777,1.59098634,0.0275687666,0.0596235542,,,0.0,-0.060486052,-0.201221426,-0.030117627,-0.338315326,-0.425037732,-0.047375734,-0.025611426,-0.066079049,-0.035841612,0.1153428406,-0.110271833,0.070300206,-0.051386931,-0.03868908,-2.029244691,-2.917335737,-0.290524326,0.0526403938,0.1270170703,0.0818386104,0.0930622171,1.5262260033,0.0216391576,0.0627748381,0.0363932733,1.892240425,0.1349471643,0.7871381497,0.7402097991,0.5196320008,4.0,-0.799379807,2.3901730007,6.8341105602,0.9664734442,-0.206462714,0.038085403,1.9465635264,1.0287083506,0.6450737147,0.5290126787,2.4783128792,-0.05171,0.0421219949,-0.018061073,,,0.0857148747,1.018775744,0.079917722,0.5889346931,15.051509199,0.8499850699,0.1155742334,-0.394266065,0.5859222337,0.3821623909,0.00095441,3143368.193827,1.35563313,0.04042421,1.33131901,0.0003711,0.00018027,0.00691631,0.01527632,-0.2483369,0.00278165,1.35095303,0.01561413,-0.5229304,0.01619458,-0.42672492,0.02301704,0.03707483,0.023302,-0.14732509,0.01753688,0.04320545,0.75698266,0.52902942,0.53390478,1.5686501519,0.4928183053,470,-1.368992562,-0.881494426,-0.902843552,-1.169938173
20230428,20230430,258196.0,01W,KOR,-0.040126,2023,4,20230331,20230331,67.033432899,2.3007799392,67.033432899,,0.0,2.359224e-16,0.0074510864,-0.142336633,0.0216398059,-0.310259092,-0.065933966,0.3061846501,0.2202542624,-0.009581451,0.0121022071,0.1732050973,,-0.161441185,-0.235196893,-0.309959323,-0.238574294,-0.019837435,-0.231343229,-0.601212534,-0.068325709,-0.005895936,0.0,-0.131116218,-0.10924123,-0.021874988,-0.06702891,-0.016772939,-0.050255971,0.0616040207,-0.067499956,-0.008454119,-0.128112048,-0.005301981,0.1514706757,0.1109787595,0.1016778279,-0.05026692,-0.008435379,,,0.0616040207,-0.048203921,-1.814581212,-0.115703878,-4.355539475,0.6682259631,1.2103985495,1.1613778777,1.59098634,0.0275687666,0.0596235542,,,0.0,-0.060486052,-0.201221426,-0.030117627,-0.338315326,-0.425037732,-0.047375734,-0.025611426,-0.066079049,-0.035841612,0.1153428406,-0.110271833,0.070300206,-0.051386931,-0.03868908,-2.029244691,-2.917335737,-0.290524326,0.0526403938,0.1270170703,0.0818386104,0.0930622171,1.5262260033,0.0216391576,0.0627748381,0.0363932733,1.892240425,0.1349471643,0.7871381497,0.7402097991,0.5196320008,4.0,-0.799379807,2.3901730007,6.8341105602,0.9664734442,-0.206462714,0.038085403,1.9321667849,1.0211000459,0.6403027635,0.5251001124,2.4599833309,-0.051327554,0.0418104615,-0.017927494,,,0.0850809294,1.0138351874,0.0795301607,0.5706404858,15.083177477,0.8472212457,0.0826378456,-0.216505313,0.6073065823,0.3701948707,0.0015493,2540013.18351954,1.6127396,0.03370371,1.57021734,0.00054941,0.00024898,0.00799854,0.02212693,0.33856969,0.0079616,2.11870388,0.021793,0.96550477,0.01998662,1.2233816,0.04198744,0.0720533,0.02891584,0.51644242,0.02128261,0.04343627,0.71928025,0.53297127,0.53555265,1.6131561736,0.8922290925,471,-1.361308787,-0.880058807,-0.900282294,-1.177377124
20230531,20230531,258196.0,01W,KOR,0.161845,2023,5,20230428,20230430,64.34366537,2.2084593925,64.34366537,,0.0,0.0,-0.040125761,-0.084545379,0.0666334282,-0.391158058,-0.049870541,-0.076873947,-0.016308131,0.0194532512,0.0066859332,,,-0.066231506,-0.22646864,0.043324264,0.0037013734,-0.102738502,-0.273872689,-0.477159926,0.0007225892,-0.002318597,0.0,-0.020047651,-0.006909277,-0.013138374,-0.050926142,-0.010051084,-0.040875058,0.0250106169,-0.027329214,-0.015814643,-0.078979519,-0.013786751,0.1416456411,0.1422642058,0.0774032988,-0.090996386,-0.021205618,,,-0.009503821,-0.055155136,-1.134026378,-0.082484351,-1.695933249,0.7024245597,1.1117326744,1.1245932033,1.5381157244,0.0295113389,0.0679808257,,,0.0,-0.050436041,-0.023225398,-0.01407471,-0.530048355,-0.179632845,-0.053155159,-0.028091123,-0.042518319,-0.022234627,0.1193131589,-0.258075807,-0.012387293,-0.037332425,-0.161239085,-0.273256475,-0.816152146,-0.162366004,0.0813397047,0.1322642369,0.0674381962,0.1328418332,,0.0065185813,0.0871090696,-0.04102815,1.8709463772,0.1312565271,0.8009284291,0.4872758741,0.5705517324,5.0,-0.972588613,1.987722901,,1.1830494456,-0.067559012,0.0388836025,2.1357369208,1.1415275963,0.6205850367,0.4753958773,2.48701542,-0.103874886,0.0139219748,-0.047763438,,,0.0733951549,1.0959251673,0.0763502887,0.6293600951,15.42886322,0.8392704039,0.0893260469,-0.053428995,0.5623312032,0.4021389259,0.00243578,2303914.73353032,1.77984831,0.03017465,1.75017034,0.0006283,0.00024789,0.01160745,0.02237406,0.00692364,0.1210997,-0.05539369,0.02215455,0.82408776,0.02067145,0.68004934,0.02619894,0.03754945,0.02338672,-0.17949435,0.0245902,0.04379861,0.70439468,0.51158539,0.53451064,1.6271191954,0.5523847823,472,-1.356033019,-1.061506831,-0.849149061,-1.139796315
20230630,20230630,258196.0,01W,KOR,-0.174425,2023,6,20230531,20230531,74.757374863,2.5658878108,74.757374863,,0.0,2.151057e-16,0.1618451394,-0.032973655,-0.235730902,-0.308469548,-0.105398124,-0.126223666,0.1447971961,0.3412369653,-0.009622415,0.1640304977,,-0.066231506,-0.22646864,0.043324264,0.0037013734,-0.102738502,-0.273872689,-0.477159926,0.0007225892,-0.002318597,0.0,-0.020047651,-0.006909277,-0.013138374,-0.050926142,-0.010051084,-0.040875058,0.0250106169,-0.027329214,-0.015814643,-0.078979519,-0.013786751,0.1416456411,0.1422642058,0.0774032988,-0.090996386,-0.021205618,,,-0.009503821,-0.055155136,-1.134026378,-0.082484351,-1.695933249,0.7024245597,1.1117326744,1.1245932033,1.5381157244,0.0295113389,0.0679808257,,,0.0,-0.050436041,-0.023225398,-0.01407471,-0.530048355,-0.179632845,-0.053155159,-0.028091123,-0.042518319,-0.022234627,0.1193131589,-0.258075807,-0.012387293,-0.037332425,-0.161239085,-0.273256475,-0.816152146,-0.162366004,0.0813397047,0.1322642369,0.0674381962,0.1328418332,,0.0065185813,0.0871090696,-0.04102815,1.8709463772,0.1312565271,0.8009284291,0.4872758741,0.5705517324,5.0,-0.972588613,1.987722901,,1.1830494456,-0.067559012,0.0388836025,1.8382285627,0.9825126926,0.5341374815,0.409173186,2.1405739333,-0.089405104,0.0119826423,-0.041109987,,,0.0631712028,0.9875903774,0.0688028824,0.6229517613,15.972756282,0.8387102271,0.044583456,-0.919868463,0.5748207503,0.3900093122,0.00112914,1607649.86052534,1.71660379,0.0210506,1.55500132,0.00092784,0.00025382,0.01290706,0.03252564,0.41217987,0.03229537,0.34103206,0.03149439,0.5211395,0.03100764,0.47159033,0.05053403,0.07087089,0.03255598,0.36537227,0.0280846,0.04416982,0.7706875,0.594383,0.53305116,1.6619265046,1.065953772,473,-1.365873079,-1.066017152,-0.863346105,-1.1419864
20230731,20230731,258196.0,01W,KOR,-0.112174,2023,7,20230630,20230630,61.717837583,2.1183334414,61.717837583,,0.0,0.0,-0.174424761,0.1152252187,-0.036385311,0.1478479344,-0.225052047,-0.127273848,0.5441205501,0.1413146484,-0.038325997,-0.062409905,,-0.066231506,-0.22646864,0.043324264,0.0037013734,-0.102738502,-0.273872689,-0.477159926,0.0007225892,-0.002318597,0.0,-0.020047651,-0.006909277,-0.013138374,-0.050926142,-0.010051084,-0.040875058,0.0250106169,-0.027329214,-0.015814643,-0.078979519,-0.013786751,0.1416456411,0.1422642058,0.0774032988,-0.090996386,-0.021205618,,,-0.009503821,-0.055155136,-1.134026378,-0.082484351,-1.695933249,0.7024245597,1.1117326744,1.1245932033,1.5381157244,0.0295113389,0.0679808257,,,0.0,-0.050436041,-0.023225398,-0.01407471,-0.530048355,-0.179632845,-0.053155159,-0.028091123,-0.042518319,-0.022234627,0.1193131589,-0.258075807,-0.012387293,-0.037332425,-0.161239085,-0.273256475,-0.816152146,-0.162366004,0.0813397047,0.1322642369,0.0674381962,0.1328418332,,0.0065185813,0.0871090696,-0.04102815,1.8709463772,0.1312565271,0.8009284291,0.4872758741,0.5705517324,5.0,-0.972588613,1.987722901,,1.1830494456,-0.067559012,0.0388836025,2.2266033149,1.1900946719,0.6469882533,0.4956219214,2.5928271991,-0.108294314,0.0145142947,-0.049795567,,,0.0765178022,1.1271007527,0.0785222116,0.5269934989,15.262744858,0.8466798352,-0.084910228,-0.033071361,0.5614812637,0.2515608876,0.00228052,1065893.85789503,1.57961178,0.0148403,1.5054699,0.00136757,0.000322,0.00988356,0.02672563,-0.64485742,-0.01567496,-0.01037844,0.02711675,-0.42931516,0.02684058,-0.79942188,0.02029449,0.04914031,0.02680978,-0.54810544,0.03136504,0.03812153,0.80731064,0.49070788,0.53048103,1.5153812442,0.4937858532,474,-1.355569986,-1.069301794,-0.863937209,-1.087061203
20230831,20230831,258196.0,01W,KOR,-0.05839,2023,8,20230731,20230731,54.79468971,1.8807111229,54.79468971,,0.0,-3.33067e-16,-0.112174181,-0.040809422,-0.157138801,-0.017948122,-0.439437808,-0.295365777,1.0736851274,-0.154900997,-0.034441741,-0.099332735,,-0.161167659,-0.330365,0.4611745986,-0.262082148,-0.040432131,-0.319901855,-0.334373899,-0.06981173,-0.001101784,0.0,-0.134146358,-0.077021899,-0.057124459,-0.065016057,-0.012602251,-0.052413805,0.0198789189,-0.020980703,-0.024921254,-0.122388114,-0.049654162,0.1135011703,0.1138424295,0.0090552005,-0.157198423,-0.067907562,,,0.0198789189,-0.095779307,-1.190895282,-0.11676001,-1.451763953,0.6436785868,1.0381936263,0.9636792889,1.3676106664,0.0295113389,0.0696938493,,,0.0,-0.091884239,-0.093010216,-0.025435537,-0.544762649,-0.358701926,-0.056785346,-0.030351135,-0.059212793,-0.031741668,0.1193131589,-0.139944308,-0.037803255,-0.106088725,-0.291523904,-0.873377749,-1.274762615,0.0661620207,0.0151519315,0.0952084523,0.007307204,0.0954947116,,0.0153530021,0.0180631228,-0.005220712,1.9545647909,0.1222794595,0.8155450777,0.8938917914,0.5131227601,4.0,-0.519692627,1.987722901,,1.1830494456,0.0352893654,0.0420413406,2.3939502466,1.2247996371,0.7909810746,0.6241374668,2.5286261048,-0.192536572,0.0367543232,-0.038623389,,,0.0861856014,1.1384117057,0.0266247273,0.4377324658,15.692325648,0.8033406735,-0.284745532,-0.034957892,0.6282180344,0.1464432151,0.00365898,759191.47981255,1.36883975,0.01089001,1.27181182,0.00182893,0.00052937,0.00748014,0.01545848,0.44951839,-0.2889141,1.38340315,0.00992707,0.30908709,0.00971045,0.19196176,0.02422391,0.04367213,0.02453719,-0.26342825,0.04235014,0.02945528,1.07905335,0.44580523,0.52993368,1.2341208199,0.7177662736,475,-1.38805054,-1.101505477,-0.983202466,-1.073909636
20230927,20230930,258196.0,01W,KOR,-0.137891,2023,9,20230831,20230831,51.595210014,1.7708957907,51.595210014,,0.0,1.110223e-16,-0.058390324,-0.267032988,-0.176486012,-0.349152899,-0.411096705,-0.213026421,0.8489434098,-0.300036816,-0.012473878,-0.012344056,,-0.161167659,-0.330365,0.4611745986,-0.262082148,-0.040432131,-0.319901855,-0.334373899,-0.06981173,-0.001101784,0.0,-0.134146358,-0.077021899,-0.057124459,-0.065016057,-0.012602251,-0.052413805,0.0198789189,-0.020980703,-0.024921254,-0.122388114,-0.049654162,0.1135011703,0.1138424295,0.0090552005,-0.157198423,-0.067907562,,,0.0198789189,-0.095779307,-1.190895282,-0.11676001,-1.451763953,0.6436785868,1.0381936263,0.9636792889,1.3676106664,0.0295113389,0.0696938493,,,0.0,-0.091884239,-0.093010216,-0.025435537,-0.544762649,-0.358701926,-0.056785346,-0.030351135,-0.059212793,-0.031741668,0.1193131589,-0.139944308,-0.037803255,-0.106088725,-0.291523904,-0.873377749,-1.274762615,0.0661620207,0.0151519315,0.0952084523,0.007307204,0.0954947116,,0.0153530021,0.0180631228,-0.005220712,1.9545647909,0.1222794595,0.8155450777,0.8938917914,0.5131227601,4.0,-0.519692627,1.987722901,,1.1830494456,0.0352893654,0.0420413406,2.5424019189,1.3007509041,0.8400307419,0.6628409656,2.6854291855,-0.204475991,0.0390335021,-0.041018471,,,0.091530072,1.1808657053,0.0276176248,0.4826347865,15.466542476,0.8103199121,-0.294602711,-0.219198949,0.6517791844,0.1499936595,0.00421327,561190.42564174,1.37601607,0.00837739,1.28088343,0.00231652,0.00082313,0.01026808,0.01692768,1.25328062,-0.35121103,1.47623964,0.01650986,0.83855192,0.01548165,0.50696254,0.02515123,0.05001847,0.02258064,0.17724609,0.05940442,0.02790814,1.22797676,0.53780437,0.53265143,1.1837825257,0.7813682626,476,-1.382744929,-1.104176687,-0.984572306,-1.030012205
20231031,20231031,258196.0,01W,KOR,0.004397,2023,10,20230927,20230930,44.480684444,1.52670484,44.480684444,,0.0,1.665335e-16,-0.137891203,-0.164014618,-0.230306315,-0.334943176,-0.207791133,0.0216398059,0.3231939005,-0.035046057,-0.021823437,-0.080877586,,-0.161167659,-0.330365,0.4611745986,-0.262082148,-0.040432131,-0.319901855,-0.334373899,-0.06981173,-0.001101784,0.0,-0.134146358,-0.077021899,-0.057124459,-0.065016057,-0.012602251,-0.052413805,0.0198789189,-0.020980703,-0.024921254,-0.122388114,-0.049654162,0.1135011703,0.1138424295,0.0090552005,-0.157198423,-0.067907562,,,0.0198789189,-0.095779307,-1.190895282,-0.11676001,-1.451763953,0.6436785868,1.0381936263,0.9636792889,1.3676106664,0.0295113389,0.0696938493,,,0.0,-0.091884239,-0.093010216,-0.025435537,-0.544762649,-0.358701926,-0.056785346,-0.030351135,-0.059212793,-0.031741668,0.1193131589,-0.139944308,-0.037803255,-0.106088725,-0.291523904,-0.873377749,-1.274762615,0.0661620207,0.0151519315,0.0952084523,0.007307204,0.0954947116,,0.0153530021,0.0180631228,-0.005220712,1.9545647909,0.1222794595,0.8155450777,0.8938917914,0.5131227601,4.0,-0.519692627,1.987722901,,1.1830494456,0.0352893654,0.0420413406,2.9490499659,1.5088013351,0.9743906392,0.7688599952,3.1149539297,-0.237181191,0.0452767704,-0.047579228,,,0.106169978,1.2876436442,0.0301149055,0.5800302141,14.848063179,0.832235906,-0.192933875,-0.274943349,0.654810538,0.1578267037,0.00465403,452959.68411584,1.39895114,0.00684218,1.24374531,0.00270933,0.00100934,0.00854713,0.0205339,-1.34135092,-0.40784032,1.75612361,0.01942042,-0.79328201,0.01974004,-1.06005391,0.01352752,0.01844391,0.02400544,-2.31466151,0.07247606,0.0267309,1.16540458,0.46364588,0.5356444,1.1919233183,0.4366557168,477,-1.37500798,-1.104682988,-0.983529434,-1.002906559
20231130,20231130,258196.0,01W,KOR,0.107764,2023,11,20231031,20231031,44.676266517,1.5334177785,44.676266517,,0.0,0.0,0.0043970113,-0.188230015,-0.308701421,-0.392541209,-0.292225045,0.0666334282,0.6947148317,0.3396249471,-0.052298704,0.0171567658,,-0.115962804,-0.294816358,0.2454382981,-0.366344318,0.1966205665,-0.309732436,-0.061019661,-0.118893608,-0.001479947,0.0,-0.115772925,-0.016167997,-0.099604927,-0.030661112,-0.0125444,-0.018116712,0.0215690715,-0.023049019,-0.029198713,-0.124030798,-0.079555315,0.087426007,0.1366933751,-0.051267112,-0.227549023,-0.106046682,,,0.0215690715,-0.145969949,-1.315914734,-0.169018968,-1.523700951,0.6802407822,1.0393449673,0.9666675113,1.3329930517,0.0295113389,0.0726603,,,0.0,-0.104070308,-0.098859134,-0.008709477,-0.433785693,-0.148245841,-0.042038354,-0.021507783,-0.054268177,-0.028011956,0.1193131589,-0.035148944,-0.135720931,-0.221240447,-0.304973283,0.7093193322,-0.78369558,0.2894953246,-0.008200837,0.0772878421,-0.040868841,0.120842028,,0.0350433478,-0.009276574,0.0212349398,2.0513476446,0.1194208123,0.8219096092,1.0272862532,0.543360808,3.0,-0.106213573,1.987722901,,1.1830494456,-0.83877314,0.0558463964,2.9033530338,1.4153393461,1.0391808839,0.8282223815,2.9906521939,-0.322059085,0.1017432102,0.0027911562,,,0.105705191,1.2271820706,-0.01473189,0.612086133,16.72432353,0.7525130802,-0.242229528,-0.433259593,0.6564983804,0.1381197534,0.00512094,389317.76414839,1.65545328,0.00599107,1.4432414,0.00300216,0.00113502,0.01336366,0.01267494,-0.63748388,0.36735633,0.34159991,0.01126097,-0.7439855,0.01200793,-0.44890936,0.01781385,0.02558188,0.01464044,-0.1071342,0.08827528,0.02548442,0.80827086,0.46568454,0.52544482,1.0917800766,0.6234961283,478,-1.413450274,-1.094460677,-1.043462435,-1.026062204
20231228,20231231,258196.0,01W,KOR,-0.00106,2023,12,20231130,20231130,49.490742074,1.6986644069,49.490742074,,0.0,2.220446e-16,0.1077636054,-0.134100501,-0.402383155,-0.328556643,-0.46933875,-0.235730902,1.0891295805,-0.078508924,-0.035364838,0.0690604767,,-0.115962804,-0.294816358,0.2454382981,-0.366344318,0.1966205665,-0.309732436,-0.061019661,-0.118893608,-0.001479947,0.0,-0.115772925,-0.016167997,-0.099604927,-0.030661112,-0.0125444,-0.018116712,0.0215690715,-0.023049019,-0.029198713,-0.124030798,-0.079555315,0.087426007,0.1366933751,-0.051267112,-0.227549023,-0.106046682,,,0.0215690715,-0.145969949,-1.315914734,-0.169018968,-1.523700951,0.6802407822,1.0393449673,0.9666675113,1.3329930517,0.0295113389,0.0726603,,,0.0,-0.104070308,-0.098859134,-0.008709477,-0.433785693,-0.148245841,-0.042038354,-0.021507783,-0.054268177,-0.028011956,0.1193131589,-0.035148944,-0.135720931,-0.221240447,-0.304973283,0.7093193322,-0.78369558,0.2894953246,-0.008200837,0.0772878421,-0.040868841,0.120842028,,0.0350433478,-0.009276574,0.0212349398,2.0513476446,0.1194208123,0.8219096092,1.0272862532,0.543360808,3.0,-0.106213573,1.987722901,,1.1830494456,-0.83877314,0.0558463964,2.6209139021,1.2776546721,0.938089028,0.7476526376,2.6997205715,-0.290729072,0.0918455975,0.0025196317,,,0.0954221555,1.1588729168,-0.013911862,0.5259068749,16.978128856,0.7353373416,-0.453461009,-0.969614795,0.6714288846,0.1344341765,0.00558233,214189.4785998,1.46053242,0.00367927,1.24438491,0.00410599,0.00167043,0.0085422,0.02420952,0.18697594,-0.12469235,1.15432623,0.01818479,-0.13097267,0.0156257,0.66593966,0.04389344,0.07243007,0.0282891,0.50038918,0.13437077,0.02444903,0.83263185,0.51586838,0.52417703,1.0393334119,1.6044333083,479,-1.413450274,-1.094799911,-1.045880656,-0.9935442
20240131,20240131,258196.0,01W,KOR,0.038769,2024,1,20231228,20231231,49.43827187,1.6968634788,49.43827187,,0.0,3.330669e-16,-0.001060202,0.1126344546,-0.198112831,-0.261700618,-0.362069547,-0.036385311,1.0309177313,-0.056147764,-0.030356877,-0.039224089,,-0.115962804,-0.294816358,0.2454382981,-0.366344318,0.1966205665,-0.309732436,-0.061019661,-0.118893608,-0.001479947,0.0,-0.115772925,-0.016167997,-0.099604927,-0.030661112,-0.0125444,-0.018116712,0.0215690715,-0.023049019,-0.029198713,-0.124030798,-0.079555315,0.087426007,0.1366933751,-0.051267112,-0.227549023,-0.106046682,,,0.0215690715,-0.145969949,-1.315914734,-0.169018968,-1.523700951,0.6802407822,1.0393449673,0.9666675113,1.3329930517,0.0295113389,0.0726603,,,0.0,-0.104070308,-0.098859134,-0.008709477,-0.433785693,-0.148245841,-0.042038354,-0.021507783,-0.054268177,-0.028011956,0.1193131589,-0.035148944,-0.135720931,-0.221240447,-0.304973283,0.7093193322,-0.78369558,0.2894953246,-0.008200837,0.0772878421,-0.040868841,0.120842028,,0.0350433478,-0.009276574,0.0212349398,2.0513476446,0.1194208123,0.8219096092,1.0272862532,0.543360808,3.0,-0.106213573,1.987722901,,1.1830494456,-0.83877314,0.0558463964,2.6236955505,1.2790106823,0.9390846478,0.748446142,2.7025858595,-0.291037631,0.0919430757,0.0025223058,,,0.0955234297,1.1595763665,-0.013920307,0.5498820867,16.975629213,0.7233585727,-0.333105783,-0.535708997,0.6799713633,0.1382894383,0.00660264,128100.11188465,0.94197179,0.002489,0.92864563,0.00500392,0.00235289,0.00862647,0.0136101,0.19418413,-0.22673052,0.56705348,0.01226098,0.41646774,0.01331184,0.72383412,0.0181548,0.03064652,0.01563116,-0.10978729,0.16641488,0.02196965,1.03451982,0.63168629,0.5294925,0.9618308004,0.7288673672,480,-1.391923719,-1.093296666,-1.039109721,-0.903777683
20240229,20240229,258196.0,01W,KOR,-0.019049,2024,2,20240131,20240131,51.354946192,1.7626492463,51.354946192,,0.0,1.665335e-16,0.0387690396,0.1065891518,-0.097754324,-0.231652851,-0.324836988,-0.157138801,0.6684488025,-0.091316062,-0.018530959,-0.06629135,,0.0636798637,-0.149527027,0.0947645734,0.0121746012,0.4676345158,-0.328845044,-0.27561106,0.0024959268,-0.001082266,0.0,0.0645878215,0.095273138,-0.030685316,0.0005232873,-0.011875026,0.0123983136,0.0463931837,-0.04747545,-0.011142396,-0.069923787,-0.079438461,0.0861431251,0.0936605801,-0.061143034,-0.23590165,-0.110327916,,,0.0463931837,-0.103416948,-1.026886682,-0.150892399,-1.498297879,0.7774227765,1.0277314122,1.0493871409,1.3888476018,0.0295113389,0.0518927071,,,0.0,-0.019451517,0.0787410375,0.0089782661,-0.244567913,0.1995710805,-0.051301818,-0.025008837,-0.003926084,0.000602589,0.1193131589,-0.137952091,-0.444467056,-0.22127579,-0.290900134,2.4615284895,0.9341236198,0.1698690823,-0.010377652,0.0916287076,-0.052537869,0.0996248731,,0.0027077365,-0.009756368,-0.018931421,2.3424038972,0.1242414889,0.8163719033,1.1942700834,0.6662853939,4.0,-0.154140344,1.987722901,,1.1830494456,0.3096786576,0.05964052,2.6826544314,1.1452569877,0.9602418532,0.8210316526,2.7308752627,-0.270168014,0.0072639214,-0.078101162,,,0.0919582949,1.0797663168,-0.014372603,0.6425883716,18.370985795,0.6803355842,-0.273659982,-0.43734322,0.4885492446,0.14996356,0.0006023,383280.2855414,4.21283845,0.00740768,4.16938036,0.00259707,0.00223989,0.0187665,0.02947129,1.00902938,0.47127105,0.5313653,0.02952842,0.99924889,0.02974825,0.99980356,0.04385636,0.07985046,0.0296604,1.06256235,0.16381304,0.0226529,0.82126898,0.65617616,0.52393509,0.9778245622,1.747334046,481,-1.501960729,-1.323666112,-1.268835054,-0.913325344
20240329,20240331,258196.0,01W,KOR,-0.081217,2024,3,20240229,20240229,50.376677074,1.7290722405,50.376677074,,0.0,3.330669e-16,-0.01904917,0.0376677342,-0.004656708,-0.313045084,-0.228182206,-0.176486012,0.51534183,0.0074510864,-0.020940073,-0.007169149,,0.0636798637,-0.149527027,0.0947645734,0.0121746012,0.4676345158,-0.328845044,-0.27561106,0.0024959268,-0.001082266,0.0,0.0645878215,0.095273138,-0.030685316,0.0005232873,-0.011875026,0.0123983136,0.0463931837,-0.04747545,-0.011142396,-0.069923787,-0.079438461,0.0861431251,0.0936605801,-0.061143034,-0.23590165,-0.110327916,,,0.0463931837,-0.103416948,-1.026886682,-0.150892399,-1.498297879,0.7774227765,1.0277314122,1.0493871409,1.3888476018,0.0295113389,0.0518927071,,,0.0,-0.019451517,0.0787410375,0.0089782661,-0.244567913,0.1995710805,-0.051301818,-0.025008837,-0.003926084,0.000602589,0.1193131589,-0.137952091,-0.444467056,-0.22127579,-0.290900134,2.4615284895,0.9341236198,0.1698690823,-0.010377652,0.0916287076,-0.052537869,0.0996248731,,0.0027077365,-0.009756368,-0.018931421,2.3424038972,0.1242414889,0.8163719033,1.1942700834,0.6662853939,4.0,-0.154140344,1.987722901,,1.1830494456,0.3096786576,0.05964052,2.7347491335,1.1674968338,0.9788888741,0.8369753384,2.7839063693,-0.27541443,0.0074049801,-0.079617816,,,0.0937440411,1.0911807743,-0.014524539,0.6762590118,18.352297884,0.6690324333,-0.178604309,-0.155466394,0.4964365929,0.1819454183,0.00042789,847135.82011245,3.79807144,0.01556535,3.63705857,0.00133005,0.00176865,0.01382487,0.07808711,3.10905071,-0.31723225,-1.1301483,0.0779034,2.99864249,0.08062579,2.89066857,0.07759222,0.30465011,0.0795096,3.29607662,0.15317316,0.03077652,0.62668378,0.66105617,0.51003725,1.2702687526,2.3896647593,482,-1.545932737,-1.319966136,-1.264633604,-1.133415763
20240430,20240430,258196.0,01W,KOR,-0.063043,2024,4,20240329,20240331,46.285212693,1.5886414322,46.285212693,,0.0,-1.66533e-16,-0.081217433,0.0189813513,0.1325517515,-0.183758229,-0.248484303,-0.230306315,0.4960883721,-0.040125761,-0.02467568,0.1136600837,,0.0636798637,-0.149527027,0.0947645734,0.0121746012,0.4676345158,-0.328845044,-0.27561106,0.0024959268,-0.001082266,0.0,0.0645878215,0.095273138,-0.030685316,0.0005232873,-0.011875026,0.0123983136,0.0463931837,-0.04747545,-0.011142396,-0.069923787,-0.079438461,0.0861431251,0.0936605801,-0.061143034,-0.23590165,-0.110327916,,,0.0463931837,-0.103416948,-1.026886682,-0.150892399,-1.498297879,0.7774227765,1.0277314122,1.0493871409,1.3888476018,0.0295113389,0.0518927071,,,0.0,-0.019451517,0.0787410375,0.0089782661,-0.244567913,0.1995710805,-0.051301818,-0.025008837,-0.003926084,0.000602589,0.1193131589,-0.137952091,-0.444467056,-0.22127579,-0.290900134,2.4615284895,0.9341236198,0.1698690823,-0.010377652,0.0916287076,-0.052537869,0.0996248731,,0.0027077365,-0.009756368,-0.018931421,2.3424038972,0.1242414889,0.8163719033,1.1942700834,0.6662853939,4.0,-0.154140344,1.987722901,,1.1830494456,0.3096786576,0.05964052,2.9764921875,1.2706998101,1.0654195116,0.9109612744,3.0299947653,-0.299760182,0.0080595566,-0.086655775,,,0.1020307137,1.1416563558,-0.015196412,0.6736418363,18.265577496,0.6609848844,-0.261477537,0.0413282875,0.4624034687,0.1745591788,0.0031178,869519.86139928,3.67924462,0.01604855,3.50628884,0.00136155,0.00188975,0.01103868,0.01718178,-0.98607092,0.40551774,-0.12595933,0.01626924,-1.14228102,0.01653882,-0.98074163,0.01223483,0.01757501,0.01718248,-0.98235937,0.14020268,0.03058863,0.52383211,0.60736689,0.50698348,1.251409312,0.3841371312,483,-1.552831335,-1.324427653,-1.270940201,-1.117132819
20240531,20240531,258196.0,01W,KOR,0.000757,2024,5,20240430,20240430,43.367270672,1.4884892816,43.367270672,,0.0,-1.66533e-16,-0.06304264,-0.098719478,0.036013443,-0.155297476,-0.280656263,-0.308701421,0.1187236124,0.1618451394,-0.045120024,,,0.0200267876,-0.144826381,-0.075071463,-0.053904643,0.2057431121,-0.416739573,-0.565328312,-0.010354942,-0.002449428,0.0014923689,-0.00750264,0.0186809365,-0.026183577,0.0443925281,0.0082838276,0.0361087005,0.0132797626,-0.014236822,-0.010897451,-0.020610937,-0.087590703,0.0799917487,0.1108837629,-0.061664257,-0.177171275,-0.114064088,,,0.0230262684,-0.08667819,-0.971890019,-0.100915012,-1.131522163,0.7623709041,0.9899832976,0.9859567951,1.302239659,0.0388321942,0.0518392487,,,0.0,0.0101238918,0.0941213537,0.0233578135,-0.034999614,-0.135456285,-0.035264732,-0.015054932,0.017890427,0.013036191,0.1163177926,-0.201869645,-0.162137659,-0.228997066,-0.299687984,0.3909205415,1.105582258,0.0162875471,0.0246903331,0.0815937264,-0.059238741,0.1131044084,,-0.002506994,0.0242055732,-0.009025575,1.9865550344,0.141165833,0.8195069439,0.8001492242,0.6119323796,3.0,-0.726547739,1.287608307,,1.2949566636,0.6326589514,0.0504793634,3.232235822,1.6270557654,0.9636802757,0.7961235992,3.1555602695,-0.288267545,-0.008103195,-0.092754638,,,0.1225373292,1.3491161553,-0.024663786,0.6553607789,17.023622921,0.66778234,-0.304613578,-0.224699905,0.395155572,0.2146988141,0.00401547,870007.28978283,3.64553682,0.01613147,3.45736098,0.00139962,0.00196258,0.00764249,0.00897161,-0.9059181,0.12684008,1.02494907,0.00850482,-0.8850102,0.00781888,-0.02823283,0.01122433,0.01674698,0.01133988,-0.01914665,0.12613092,0.02999732,0.51983188,0.56907687,0.50880089,1.2123513966,0.3588185651,484,-1.433139048,-1.307992457,-0.848184334,-1.151985945
20240628,20240630,258196.0,01W,KOR,-0.0622,2024,6,20240531,20240531,43.400120665,1.4896167877,43.400120665,,0.0,-5.55112e-16,,-0.139139912,-0.123729634,-0.159470992,-0.419893077,-0.402383155,-0.214370265,-0.174424761,,0.2507444598,,0.0200267876,-0.144826381,-0.075071463,-0.053904643,0.2057431121,-0.416739573,-0.565328312,-0.010354942,-0.002449428,0.0014923689,-0.00750264,0.0186809365,-0.026183577,0.0443925281,0.0082838276,0.0361087005,0.0132797626,-0.014236822,-0.010897451,-0.020610937,-0.087590703,0.0799917487,0.1108837629,-0.061664257,-0.177171275,-0.114064088,,,0.0230262684,-0.08667819,-0.971890019,-0.100915012,-1.131522163,0.7623709041,0.9899832976,0.9859567951,1.302239659,0.0388321942,0.0518392487,,,0.0,0.0101238918,0.0941213537,0.0233578135,-0.034999614,-0.135456285,-0.035264732,-0.015054932,0.017890427,0.013036191,0.1163177926,-0.201869645,-0.162137659,-0.228997066,-0.299687984,0.3909205415,1.105582258,0.0162875471,0.0246903331,0.0815937264,-0.059238741,0.1131044084,,-0.002506994,0.0242055732,-0.009025575,1.9865550344,0.141165833,0.8195069439,0.8001492242,0.6119323796,3.0,-0.726547739,1.287608307,,1.2949566636,0.6326589514,0.0504793634,3.2297893098,1.6258242303,0.9629508563,0.7955210051,3.1531717938,-0.288049352,-0.008097062,-0.092684431,,,0.1224445795,1.3485474291,-0.024653389,0.6061658451,17.025371164,0.8718328864,-0.653785982,-0.571809911,0.383237442,0.1942644108,0.0045055,890515.09241097,3.58733802,0.01658297,3.38617721,0.00138265,0.00216098,0.00905101,0.01319449,0.17030633,-0.38407468,0.79075244,0.01319106,0.16845144,0.01363627,0.23997669,0.01896424,0.02215242,0.01571233,-0.31263337,0.09445116,0.02870472,0.56938539,0.58137476,0.54647014,1.2394516015,0.629356373,485,-1.447402868,-1.314276459,-0.860426786,-1.18025033
20240731,20240731,258196.0,01W,KOR,-0.014803,2024,7,20240628,20240630,40.700611811,1.3969618908,40.700611811,,0.0,0.0,,,,,,-0.198112831,-0.558182115,-0.112174181,,0.0104555219,,0.0200267876,-0.144826381,-0.075071463,-0.053904643,0.2057431121,-0.416739573,-0.565328312,-0.010354942,-0.002449428,0.0014923689,-0.00750264,0.0186809365,-0.026183577,0.0443925281,0.0082838276,0.0361087005,0.0132797626,-0.014236822,-0.010897451,-0.020610937,-0.087590703,0.0799917487,0.1108837629,-0.061664257,-0.177171275,-0.114064088,,,0.0230262684,-0.08667819,-0.971890019,-0.100915012,-1.131522163,0.7623709041,0.9899832976,0.9859567951,1.302239659,0.0388321942,0.0518392487,,,0.0,0.0101238918,0.0941213537,0.0233578135,-0.034999614,-0.135456285,-0.035264732,-0.015054932,0.017890427,0.013036191,0.1163177926,-0.201869645,-0.162137659,-0.228997066,-0.299687984,0.3909205415,1.105582258,0.0162875471,0.0246903331,0.0815937264,-0.059238741,0.1131044084,,-0.002506994,0.0242055732,-0.009025575,1.9865550344,0.141165833,0.8195069439,0.8001492242,0.6119323796,3.0,-0.726547739,1.287608307,,1.2949566636,0.6326589514,0.0504793634,3.4440083215,1.7336586512,1.0268195365,0.8482847328,3.362309072,-0.307154514,-0.008634107,-0.098831818,,,0.1305658389,1.3969402756,-0.02553808,0.6690522378,16.872293261,0.7820925599,-0.465221021,-0.361590676,0.4073256437,0.2211134367,0.0019833,947068.82907189,3.41574392,0.01798442,3.20322554,0.00128438,0.00213725,0.00473604,0.007214,-0.34222844,0.36992971,-0.30963774,0.00716043,-0.68522573,0.00702937,-0.30439341,0.00573515,0.01055893,0.00773848,-0.13801351,0.07567317,0.02775526,0.57307732,0.64216602,0.55249667,1.2239642958,0.1959853116,486,-1.450717443,-1.315346852,-0.861033106,-1.17792801
20240830,20240831,258196.0,01W,KOR,-0.028415,2024,8,20240731,20240731,40.098127617,1.3762829029,40.098127617,,0.0,1.665335e-16,-0.014802829,-0.061490124,-0.20746462,-0.088988069,-0.257216128,-0.097754324,-0.580874183,-0.058390324,,-0.125013483,,0.1449470977,0.0558411753,-0.200708757,0.401066468,0.341094545,-0.358896067,-0.636132772,0.0688541166,-0.001418821,0.0014923689,0.114882776,0.0896899958,0.0251927803,0.0340630712,0.0087761229,0.0252869482,0.0190247955,-0.020443617,0.0034917479,0.0091062816,-0.04813435,0.0981302556,0.0543307551,0.0061883042,-0.117742095,-0.064792649,,,0.0190247955,-0.03448092,-0.642275252,-0.054924537,-1.023078006,0.825147322,0.9542033497,1.0398758724,1.3460792329,0.0388321942,0.0399409781,,,1.0,0.0577966186,0.177627594,0.0148442087,0.1679040615,0.3724210581,0.001081358,0.0005443383,0.057866704,0.0308954733,0.1163177926,-0.342856838,-0.288139909,-0.091840504,-0.091843272,2.1949344561,2.1674439965,-0.186610764,0.0227270114,0.1123539513,0.0063144138,0.0622058404,,-0.019204661,0.0198498354,-0.034557663,2.1931791352,0.1454163514,0.8020444149,0.9151579488,0.7057788861,5.0,-1.125498494,1.287608307,,1.2949566636,0.5425713743,0.0390261491,3.7455441365,1.7078149597,1.1521456523,1.0025449559,3.6483591961,-0.201081711,-0.071931904,-0.154262714,,,0.1325276226,1.3534577127,0.037126974,0.7789221878,16.745569062,0.7847017322,-0.460248636,-2.422835311,0.3012408449,0.299188551,0.00553678,653501.76396546,4.35129389,0.01247362,3.96684406,0.00180834,0.00220276,0.00623102,0.00770687,1.11452194,0.13451868,0.14306053,0.0070142,0.83046777,0.00803808,1.33518483,0.01171686,0.03040543,0.00952229,1.20956457,0.08024118,0.02716594,0.47531045,0.66847084,0.55595675,1.2159436293,0.4125534028,487,-1.570026128,-1.420635283,-1.37870535,-1.050740385
20240930,20240930,258196.0,01W,KOR,0.026611,2024,9,20240830,20240831,38.958755164,1.337176368,38.958755164,,0.0,-1.11022e-16,-0.028414605,,-0.204033891,-0.189785282,-0.22283236,-0.004656708,-0.486045775,-0.137891203,,-0.081873794,,0.1449470977,0.0558411753,-0.200708757,0.401066468,0.341094545,-0.358896067,-0.636132772,0.0688541166,-0.001418821,0.0014923689,0.114882776,0.0896899958,0.0251927803,0.0340630712,0.0087761229,0.0252869482,0.0190247955,-0.020443617,0.0034917479,0.0091062816,-0.04813435,0.0981302556,0.0543307551,0.0061883042,-0.117742095,-0.064792649,,,0.0190247955,-0.03448092,-0.642275252,-0.054924537,-1.023078006,0.825147322,0.9542033497,1.0398758724,1.3460792329,0.0388321942,0.0399409781,,,1.0,0.0577966186,0.177627594,0.0148442087,0.1679040615,0.3724210581,0.001081358,0.0005443383,0.057866704,0.0308954733,0.1163177926,-0.342856838,-0.288139909,-0.091840504,-0.091843272,2.1949344561,2.1674439965,-0.186610764,0.0227270114,0.1123539513,0.0063144138,0.0622058404,,-0.019204661,0.0198498354,-0.034557663,2.1931791352,0.1454163514,0.8020444149,0.9151579488,0.7057788861,5.0,-1.125498494,1.287608307,,1.2949566636,0.5425713743,0.0390261491,3.8550848492,1.7577610453,1.1858408515,1.0318649919,3.7550576762,-0.206962468,-0.074035597,-0.158774221,,,0.1364034734,1.3729386787,0.0376613604,0.800469646,16.669888324,0.7548265798,-0.46128368,-1.649549826,0.2832450844,0.3170996744,0.0049172,190929.10921818,3.1146504,0.00442635,3.24864372,0.00386935,0.0022148,0.01138043,0.01097124,0.55554279,-0.38899119,0.53043612,0.0115113,0.44291283,0.0108759,0.32447432,0.0218418,0.03404171,0.02261236,-2.31165763,0.10441945,0.02687118,0.57236608,0.64947651,0.5645545,1.0976700655,0.7685316778,488,-1.569689861,-1.418000185,-1.377972015,-1.045401799
20241031,20241031,258196.0,01W,KOR,-0.108965,2024,10,20240930,20240930,39.995474654,1.3727595583,39.995474654,,0.0,-1.249e-16,0.0266106934,-0.042796817,-0.158289378,-0.211971744,-0.124142183,0.1325517515,-0.544507076,0.0043970113,,-0.027992496,,0.1449470977,0.0558411753,-0.200708757,0.401066468,0.341094545,-0.358896067,-0.636132772,0.0688541166,-0.001418821,0.0014923689,0.114882776,0.0896899958,0.0251927803,0.0340630712,0.0087761229,0.0252869482,0.0190247955,-0.020443617,0.0034917479,0.0091062816,-0.04813435,0.0981302556,0.0543307551,0.0061883042,-0.117742095,-0.064792649,,,0.0190247955,-0.03448092,-0.642275252,-0.054924537,-1.023078006,0.825147322,0.9542033497,1.0398758724,1.3460792329,0.0388321942,0.0399409781,,,1.0,0.0577966186,0.177627594,0.0148442087,0.1679040615,0.3724210581,0.001081358,0.0005443383,0.057866704,0.0308954733,0.1163177926,-0.342856838,-0.288139909,-0.091840504,-0.091843272,2.1949344561,2.1674439965,-0.186610764,0.0227270114,0.1123539513,0.0063144138,0.0622058404,,-0.019204661,0.0198498354,-0.034557663,2.1931791352,0.1454163514,0.8020444149,0.9151579488,0.7057788861,5.0,-1.125498494,1.287608307,,1.2949566636,0.5425713743,0.0390261491,3.7551575042,1.7121982623,1.155102766,1.0051181023,3.6577231275,-0.20159781,-0.072116526,-0.154658647,,,0.1328677699,1.3551901813,0.0371744977,0.8529365302,16.738927269,0.7601026717,-0.285305003,-0.764382628,0.2813197771,0.3332413165,0.00546099,156320.0154527,3.82204041,0.00377934,3.83372401,0.00420501,0.00224092,0.00949335,0.01553198,2.62699461,-0.1527665,1.1332065,0.01425475,1.5804371,0.0158009,2.28814785,0.02310901,0.05661275,0.01860254,1.4757102,0.12864544,0.02659243,0.47738285,0.66675953,0.56513478,1.061965063,0.8227600025,489,-1.564896915,-1.418329465,-1.377972015,-1.018984313
20241129,20241130,258196.0,01W,KOR,-0.107011,2024,11,20241031,20241031,35.637386404,1.2231774531,35.637386404,,0.0,1.387779e-16,-0.108964534,-0.002560044,-0.077749786,-0.221195277,-0.10477133,0.036013443,-0.485978325,0.1077636054,,0.0803849927,,0.178133162,0.2021570513,-0.463848359,0.5146756601,0.4911972441,-0.302199882,-0.69642327,0.0898383215,0.0059966381,0.0014923689,0.1578185328,0.0868054941,0.0710130387,0.0142023136,0.0090879652,0.0051143484,0.0302277463,-0.024231108,0.0112885228,0.0250783135,-0.016407737,0.1233451376,0.0391312515,0.0696588818,-0.078423626,-0.023367141,,,0.0302277463,0.0092866244,0.2698296061,-0.014944484,-0.434222811,0.8591589698,1.0026551454,1.1370323942,1.4241538491,0.0388321942,0.0348561278,,,2.0,0.0896881993,0.1835723253,0.0074663365,-0.332256213,0.504433037,-0.000259026,-0.000118105,0.0417793284,0.0213896772,0.1163177926,-0.180701323,-0.700435053,0.0512288134,0.0773690784,1.7764307995,1.147384242,-0.483680211,0.0570427053,0.145316997,0.073880787,0.0461018251,,-0.04370325,0.0484178759,-0.078746597,2.278655303,0.1462088169,0.8005442453,1.2335529292,0.7351460937,5.0,-1.313105316,1.287608307,,1.2949566636,0.0697183139,0.0516912715,4.2881034576,1.881857011,1.4323729862,1.2829063042,4.5071098568,-0.14758205,-0.187404056,-0.253913525,,,0.1491161407,1.3862869927,0.090945853,0.8578685286,16.2944339,0.783861988,-0.16909805,-0.126234907,0.2395797681,0.3310920508,0.00434837,147318.59959166,4.12019471,0.0036497,4.05133664,0.00428642,0.00228082,0.00642402,0.01291181,-0.73511738,-0.10798233,1.11251058,0.01234782,-0.36303463,0.01175778,-0.48243996,0.00993202,0.01376478,0.01338309,-0.67205074,0.16744598,0.02655845,0.55290939,0.59410639,0.57450628,1.1057487841,0.3542484019,490,-1.615141971,-1.517649827,-1.550392405,-1.011817823
20241230,20241231,258196.0,01W,KOR,0.05029,2024,12,20241129,20241130,31.823807027,1.0922844561,31.823807027,,0.0,0.0,-0.107010636,-0.085253462,,-0.292581637,-0.279918124,-0.123729634,-0.448552791,-0.001060202,,0.0624573412,,0.178133162,0.2021570513,-0.463848359,0.5146756601,0.4911972441,-0.302199882,-0.69642327,0.0898383215,0.0059966381,0.0014923689,0.1578185328,0.0868054941,0.0710130387,0.0142023136,0.0090879652,0.0051143484,0.0302277463,-0.024231108,0.0112885228,0.0250783135,-0.016407737,0.1233451376,0.0391312515,0.0696588818,-0.078423626,-0.023367141,,,0.0302277463,0.0092866244,0.2698296061,-0.014944484,-0.434222811,0.8591589698,1.0026551454,1.1370323942,1.4241538491,0.0388321942,0.0348561278,,,2.0,0.0896881993,0.1835723253,0.0074663365,-0.332256213,0.504433037,-0.000259026,-0.000118105,0.0417793284,0.0213896772,0.1163177926,-0.180701323,-0.700435053,0.0512288134,0.0773690784,1.7764307995,1.147384242,-0.483680211,0.0570427053,0.145316997,0.073880787,0.0461018251,,-0.04370325,0.0484178759,-0.078746597,2.278655303,0.1462088169,0.8005442453,1.2335529292,0.7351460937,5.0,-1.313105316,1.287608307,,1.2949566636,0.0697183139,0.0516912715,4.8019647595,2.1073677766,1.6040202086,1.4366423114,5.047215608,-0.165267421,-0.209861465,-0.28434104,,,0.166985349,1.4544646424,0.0954185737,0.822254146,15.93026992,0.7961280661,-0.35275915,-0.268422867,0.2287369907,0.3237406451,0.00630091,131443.51488962,4.60376588,0.00334388,4.40920152,0.00449374,0.00233384,0.00749231,0.0079649,-0.50912644,-0.1395024,0.6691848,0.00728965,-0.6600901,0.00762872,-0.13963636,0.0041922,0.00858256,0.00918269,-0.80212739,0.19874558,0.02576215,0.57234994,0.53053068,0.57344065,1.1335612816,0.1556844889,491,-1.614979879,-1.515829011,-1.550140539,-0.983185948
20250131,20250131,258196.0,01W,KOR,-0.012725,2025,1,20241230,20241231,33.424225241,1.1472154057,33.424225241,,0.0,-3.33067e-16,0.0502899673,-0.204314806,-0.218100033,-0.312441163,-0.356292083,,-0.486255219,0.0387690396,,-0.090486841,,0.178133162,0.2021570513,-0.463848359,0.5146756601,0.4911972441,-0.302199882,-0.69642327,0.0898383215,0.0059966381,0.0014923689,0.1578185328,0.0868054941,0.0710130387,0.0142023136,0.0090879652,0.0051143484,0.0302277463,-0.024231108,0.0112885228,0.0250783135,-0.016407737,0.1233451376,0.0391312515,0.0696588818,-0.078423626,-0.023367141,,,0.0302277463,0.0092866244,0.2698296061,-0.014944484,-0.434222811,0.8591589698,1.0026551454,1.1370323942,1.4241538491,0.0388321942,0.0348561278,,,2.0,0.0896881993,0.1835723253,0.0074663365,-0.332256213,0.504433037,-0.000259026,-0.000118105,0.0417793284,0.0213896772,0.1163177926,-0.180701323,-0.700435053,0.0512288134,0.0773690784,1.7764307995,1.147384242,-0.483680211,0.0570427053,0.145316997,0.073880787,0.0461018251,,-0.04370325,0.0484178759,-0.078746597,2.278655303,0.1462088169,0.8005442453,1.2335529292,0.7351460937,5.0,-1.313105316,1.287608307,,1.2949566636,0.0697183139,0.0516912715,4.5720371604,2.0064628268,1.5272165389,1.3678530274,4.8055449118,-0.157354089,-0.199812881,-0.270726227,,,0.1589897592,1.425052913,0.0934890491,0.8226263415,16.093215348,0.7692819966,-0.477678008,-0.338771248,0.2121382134,0.3286657996,0.00463093,83163.68178378,1.62242387,0.00227768,1.61939016,0.00535154,0.00234397,0.00561841,0.02624109,1.09624156,-0.35642039,1.88102783,0.02480012,0.81337773,0.02481538,0.86445716,0.04207366,0.07431867,0.02942823,0.64070409,0.23005602,0.0265624,0.65418189,0.55721106,0.56977676,1.1505281888,1.5132263754,492,-1.612578422,-1.516621655,-1.550140539,-0.976374121
20250228,20250228,258196.0,01W,KOR,0.004369,2025,2,20250131,20250131,32.99890242,1.1326171049,32.99890242,,0.0,0.0,-0.012724987,-0.06210223,-0.166439252,-0.229275333,-0.349152755,-0.20746462,-0.275827596,-0.01904917,,-0.089244232,,0.0999450259,0.2469803441,-0.557962155,0.2541449917,0.6790933821,-0.188908653,-0.666070428,0.0479449764,0.0064379395,0.0014923689,0.0348540949,-0.052807153,0.0876612482,0.0535850854,0.0110269926,0.0425580927,0.061760445,-0.055322505,0.0057907613,0.0708833712,0.0060196198,0.1423482308,0.0473397855,0.1096013459,-0.038455435,0.0086510285,,,0.061760445,0.0221821189,1.256690698,-0.033140387,-1.87751295,0.8741145279,1.084531108,1.2089791446,1.4371386802,0.0388321942,0.0431640817,,,3.0,0.1432341163,0.1872559282,0.0242210987,-0.516072627,0.3576767551,-0.009830691,-0.004314251,0.0414711267,0.0206945854,0.1163177926,-0.115514763,0.0596752376,0.2239695123,0.2526153933,1.3005627874,0.9589365512,-0.596850195,0.0764702729,0.1565752284,0.1296180704,0.0520711616,,-0.039833335,0.0695219044,-0.042541071,2.1786280815,0.1444835489,0.820704869,0.9920330308,0.6841206432,5.0,-1.180832459,1.287608307,,1.2949566636,0.2419304235,0.0398954983,4.5921756971,2.1078291133,1.7780029634,1.5797859162,5.2996141967,-0.081057485,-0.182921672,-0.241646602,,,0.1610389781,1.4294267622,0.1237532145,0.7232841192,14.778240306,,,,0.2675195187,0.3492814598,0.00659742,77120.24206456,1.79826988,0.00215289,1.76093748,0.00545473,0.00294506,0.00663928,0.01470056,1.3573475,-0.13485806,0.62178739,0.01536249,1.0291813,0.01380546,1.65003373,0.01601765,0.04258198,0.01523861,1.0834735,0.28688948,0.02556376,0.74768853,0.55012055,0.56818651,1.0999121657,0.5952352974,493,-1.605198172,-1.389631803,-1.552292765,-1.019156219
20250331,20250331,258196.0,01W,KOR,-0.04851,2025,3,20250228,20250228,33.143076987,1.1375655901,33.143076987,,0.0,-1.66533e-16,0.0043690716,0.0369250414,-0.152978521,,-0.344956747,-0.204033891,-0.123295794,-0.081217433,,-0.010410421,,0.0999450259,0.2469803441,-0.557962155,0.2541449917,0.6790933821,-0.188908653,-0.666070428,0.0479449764,0.0064379395,0.0014923689,0.0348540949,-0.052807153,0.0876612482,0.0535850854,0.0110269926,0.0425580927,0.061760445,-0.055322505,0.0057907613,0.0708833712,0.0060196198,0.1423482308,0.0473397855,0.1096013459,-0.038455435,0.0086510285,,,0.061760445,0.0221821189,1.256690698,-0.033140387,-1.87751295,0.8741145279,1.084531108,1.2089791446,1.4371386802,0.0388321942,0.0431640817,,,3.0,0.1432341163,0.1872559282,0.0242210987,-0.516072627,0.3576767551,-0.009830691,-0.004314251,0.0414711267,0.0206945854,0.1163177926,-0.115514763,0.0596752376,0.2239695123,0.2526153933,1.3005627874,0.9589365512,-0.596850195,0.0764702729,0.1565752284,0.1296180704,0.0520711616,,-0.039833335,0.0695219044,-0.042541071,2.1786280815,0.1444835489,0.820704869,0.9920330308,0.6841206432,5.0,-1.180832459,1.287608307,,1.2949566636,0.2419304235,0.0398954983,4.5721994306,2.0986599179,1.7702685335,1.5729137435,5.2765605261,-0.08070488,-0.182125951,-0.240595424,,,0.1603384479,1.4270100079,0.123543983,0.7287551505,14.798055261,,,,0.2559990064,0.3423955437,0.00659671,65494.2364968,1.95829288,0.00187343,1.88548283,0.00571719,0.00474025,0.00691411,0.00630943,0.68709928,0.04689128,0.65019769,,,,,0.01037446,0.01578706,0.00950227,-0.48095687,0.3164841,0.01377101,0.75835202,0.65397969,0.5620114,0.6235418985,0.6514203616,494,-1.507226027,-1.389074971,-1.557586801,-0.558891698
20250430,20250430,258196.0,01W,KOR,0.111925,2025,4,20250331,20250331,31.535311097,1.0823824472,31.535311097,,0.0,0.0,-0.048509856,-0.008411511,-0.171329325,-0.185686025,-0.283938108,-0.158289378,-0.068044876,-0.06304264,,0.0327145518,,0.0999450259,0.2469803441,-0.557962155,0.2541449917,0.6790933821,-0.188908653,-0.666070428,0.0479449764,0.0064379395,0.0014923689,0.0348540949,-0.052807153,0.0876612482,0.0535850854,0.0110269926,0.0425580927,0.061760445,-0.055322505,0.0057907613,0.0708833712,0.0060196198,0.1423482308,0.0473397855,0.1096013459,-0.038455435,0.0086510285,,,0.061760445,0.0221821189,1.256690698,-0.033140387,-1.87751295,0.8741145279,1.084531108,1.2089791446,1.4371386802,0.0388321942,0.0431640817,,,3.0,0.1432341163,0.1872559282,0.0242210987,-0.516072627,0.3576767551,-0.009830691,-0.004314251,0.0414711267,0.0206945854,0.1163177926,-0.115514763,0.0596752376,0.2239695123,0.2526153933,1.3005627874,0.9589365512,-0.596850195,0.0764702729,0.1565752284,0.1296180704,0.0520711616,,-0.039833335,0.0695219044,-0.042541071,2.1786280815,0.1444835489,0.820704869,0.9920330308,0.6841206432,5.0,-1.180832459,1.287608307,,1.2949566636,0.2419304235,0.0398954983,4.8053040371,2.2056559713,1.8605221972,1.653105661,5.5455755994,-0.084819459,-0.191411285,-0.252861709,,,0.1685129887,1.4544319471,0.1259180487,0.7525631925,14.566833017,,,,0.2660284682,0.3604410336,0.00652675,57877.76073275,2.10081115,0.00170143,1.99516496,0.00590961,0.00503738,0.00609749,0.01106834,-0.0220987,0.32035165,0.24304736,,,,,0.01289846,0.02512713,0.0114003,0.61049496,0.3490577,0.01316088,0.73542017,0.68998077,0.49059053,0.5263199404,0.8324695481,495,-1.50003163,-1.398112544,-1.552790537,-0.516428778
20250530,20250531,258196.0,01W,KOR,0.139631,2025,5,20250430,20250430,35.064913407,1.2035285356,35.064913407,,0.0,4.163336e-16,0.1119254,-0.044352727,-0.115105953,-0.213546543,-0.272831548,-0.077749786,-0.241544702,,,,,-0.086167809,0.2239845767,-0.577998084,0.0313698554,0.1588276924,-0.190329781,-0.592767989,0.0062388202,0.0081720582,0.0004941433,0.0434011568,-0.037579866,0.080981023,-0.146897829,-0.008028769,-0.138869061,0.0038858691,0.0047803324,0.0279105126,-0.052570042,0.0234740878,0.1668638824,0.0904504827,0.1429173535,0.0089576626,0.0398295592,,,-0.023889112,0.0298364012,6.6846514591,0.0346167336,7.7556538161,0.6945028742,1.2158758148,1.248750071,1.6967457686,0.0218247336,0.057759118,,,4.0,-0.052899952,-0.12817102,-0.067602172,-0.609678385,0.1513902279,0.0158869298,0.0072921716,0.051151662,0.0223471039,0.1122890418,0.1256306588,-0.185521194,0.2650435646,0.3693323159,0.3410373053,0.9322876927,-0.603716441,0.1099220267,0.1524855873,0.1292781082,0.0826565628,1.6477153658,-0.025372982,0.1202868839,-0.022865988,2.0069059995,0.1645017602,0.8518584416,1.0161188824,0.5711295474,7.0,-2.071272813,1.8625791324,4.0752455671,1.214110267,0.2697029677,0.043261489,3.653076877,1.820253105,1.2060472697,0.9950487713,4.776851546,0.0163052132,-0.092689454,-0.136870715,,,0.1042535124,1.4111443874,0.1679977585,0.7085980017,13.342125327,,,,0.4561242084,0.5141206192,0.00641448,45010.35152249,1.30935252,0.0013649,1.28226663,0.00597778,0.00526474,0.00517949,0.01137451,0.7893299,-1.02015413,0.3902711,,,,,0.02246652,0.03245858,0.01433063,-0.38787112,0.37870871,0.01342176,0.71651611,0.76830709,0.47465672,0.4798388161,1.4228269552,496,-1.218829676,-1.241454938,-1.445167592,0.1383622893
20250630,20250630,258196.0,01W,KOR,0.016578,2025,6,20250530,20250531,39.961057469,1.3715782617,39.961057469,,0.0,3.608225e-16,0.1396308614,0.0579860591,0.1018453379,-0.099947797,,,,-0.062200492,0.0011271407,0.0901338555,,-0.086167809,0.2239845767,-0.577998084,0.0313698554,0.1588276924,-0.190329781,-0.592767989,0.0062388202,0.0081720582,0.0004941433,0.0434011568,-0.037579866,0.080981023,-0.146897829,-0.008028769,-0.138869061,0.0038858691,0.0047803324,0.0279105126,-0.052570042,0.0234740878,0.1668638824,0.0904504827,0.1429173535,0.0089576626,0.0398295592,,,-0.023889112,0.0298364012,6.6846514591,0.0346167336,7.7556538161,0.6945028742,1.2158758148,1.248750071,1.6967457686,0.0218247336,0.057759118,,,4.0,-0.052899952,-0.12817102,-0.067602172,-0.609678385,0.1513902279,0.0158869298,0.0072921716,0.051151662,0.0223471039,0.1122890418,0.1256306588,-0.185521194,0.2650435646,0.3693323159,0.3410373053,0.9322876927,-0.603716441,0.1099220267,0.1524855873,0.1292781082,0.0826565628,1.6477153658,-0.025372982,0.1202868839,-0.022865988,2.0069059995,0.1645017602,0.8518584416,1.0161188824,0.5711295474,7.0,-2.071272813,1.8625791324,4.0752455671,1.214110267,0.2697029677,0.043261489,3.2054913576,1.5972304425,1.0582788783,0.8731325248,4.1915779117,0.0143074514,-0.081332875,-0.12010092,,,0.0914800713,1.3188404635,0.1570089097,0.7083920292,14.076185419,,,,0.455002702,0.5344162154,0.00490982,51871.78537545,1.26929151,0.00150869,1.23745071,0.00579205,0.00532532,0.00894865,0.01831582,1.01287963,0.21630162,-0.93959188,,,,,0.03229905,0.0694338,0.02087946,1.50411941,0.37024433,0.01394497,0.73375912,0.91323731,0.47507726,0.492599321,1.9727948662,497,-1.223626645,-1.251433982,-1.446310788,0.1275752035
