date,ret_eom,gvkey,iid,excntry,stock_ret,year,month,char_date,char_eom,me,prc,market_equity,div12m_me,chcsho_12m,eqnpo_12m,ret_1_0,ret_3_1,ret_6_1,ret_9_1,ret_12_1,ret_12_7,ret_60_12,seas_1_1an,seas_1_1na,seas_2_5an,seas_2_5na,at_gr1,sale_gr1,capx_gr1,inv_gr1,debt_gr3,sale_gr3,capx_gr3,inv_gr1a,lti_gr1a,sti_gr1a,coa_gr1a,col_gr1a,cowc_gr1a,ncoa_gr1a,ncol_gr1a,nncoa_gr1a,fnl_gr1a,nfna_gr1a,tax_gr1a,be_gr1a,ebit_sale,gp_at,cop_at,ope_be,ni_be,ebit_bev,netis_at,eqnetis_at,dbnetis_at,oaccruals_at,oaccruals_ni,taccruals_at,taccruals_ni,noa_at,opex_at,at_turnover,sale_bev,rd_sale,cash_at,sale_emp_gr1,emp_gr1,ni_inc8q,noa_gr1a,ppeinv_gr1a,lnoa_gr1a,capx_gr2,saleq_gr1,niq_be,niq_at,niq_be_chg1,niq_at_chg1,rd5_at,dsale_dinv,dsale_drec,dgp_dsale,dsale_dsga,saleq_su,niq_su,capex_abn,op_atl1,gp_atl1,ope_bel1,cop_atl1,pi_nix,ocf_at,op_at,ocf_at_chg1,at_be,ocfq_saleq_std,tangibility,earnings_variability,aliq_at,f_score,o_score,z_score,intrinsic_value,kz_index,ni_ar1,ni_ivol,at_me,be_me,debt_me,netdebt_me,sale_me,ni_me,ocf_me,fcf_me,eqpo_me,eqnpo_me,rd_me,bev_mev,ebitda_mev,aliq_mat,eq_dur,beta_60m,resff3_12_1,resff3_6_1,mispricing_mgmt,mispricing_perf,zero_trades_21d,dolvol_126d,dolvol_var_126d,turnover_126d,turnover_var_126d,zero_trades_126d,zero_trades_252d,bidaskhl_21d,ivol_capm_21d,iskew_capm_21d,coskew_21d,beta_dimson_21d,ivol_ff3_21d,iskew_ff3_21d,ivol_hxz4_21d,iskew_hxz4_21d,rmax5_21d,rmax1_21d,rvol_21d,rskew_21d,ami_126d,ivol_capm_252d,betadown_252d,prc_highprc_252d,corr_1260d,betabab_1260d,rmax5_rvol_21d,age,qmj,qmj_prof,qmj_growth,qmj_safety
20111031,20111031,300891.0,01W,CHN,0.242886,2011,10,20110930,20110930,362.4445325,2.2652783281,362.4445325,,,,,,,,,,,,,,,0.1487395802,0.1588445205,1.8991633892,-0.27204608,,,,-0.010611287,0.0,0.0,0.0553294559,0.0033035785,0.0520258775,0.1230605704,0.0025757747,0.1204847957,0.0167548658,-0.016754866,0.0019648373,0.1068464595,0.3270515476,0.2435535769,0.2653300112,0.2798887106,0.1862365926,0.1287727668,0.0017708737,0.0,0.0017708737,-0.097516704,-1.045311314,-0.11427157,-1.224911834,1.0626267806,0.1964093764,0.3894348266,0.3937384419,,0.036309995,,,,0.1981698383,0.1121750778,0.068774113,0.713786799,,,,,,,0.1856638689,0.3670911288,0.0294951731,-0.134861306,,,,0.1927737883,0.2797796337,0.3557758663,0.3047950857,1.0893887623,0.1908063319,0.1678133074,0.008755948,1.9963268827,,0.4747584192,,0.5984728707,8.0,-0.871074704,,80.273856539,,,,0.2358762159,0.1181551068,0.1086038186,0.1000391544,0.0859114684,0.0220048045,0.0450066756,-0.00675098,0.0,0.0,,0.1983513589,0.0359834173,,18.395896334,,,,,,,,,,,,,,,,,,,,,,,,,,,,,,,,,333,,,,
20111130,20111130,300891.0,01W,CHN,-0.158121,2011,11,20111031,20111031,450.47734492,2.8154834058,450.47734492,,,,,,,,,,,,,,,0.1487395802,0.1588445205,1.8991633892,-0.27204608,,,,-0.010611287,0.0,0.0,0.0553294559,0.0033035785,0.0520258775,0.1230605704,0.0025757747,0.1204847957,0.0167548658,-0.016754866,0.0019648373,0.1068464595,0.3270515476,0.2435535769,0.2653300112,0.2798887106,0.1862365926,0.1287727668,0.0017708737,0.0,0.0017708737,-0.097516704,-1.045311314,-0.11427157,-1.224911834,1.0626267806,0.1964093764,0.3894348266,0.3937384419,,0.0374927166,,,,0.1981698383,,0.068774113,0.713786799,,,,,,,0.1856638689,0.3670911288,0.0294951731,-0.134861306,,,,0.1927737883,0.2797796337,0.3557758663,0.3047950857,1.0893887623,0.1908063319,0.1678133074,0.008755948,2.3227468816,,0.4793412905,,0.5984728707,8.0,-0.871074704,,80.273856539,,,,0.245022524,0.1054882587,0.1302756349,0.1210890749,0.0691225482,0.0177045997,0.0362114181,-0.005431696,0.0,0.0,,0.2021046665,0.0294753277,,18.579091375,,,,0.5623795359,0.4238151263,0.00020918,,,,,,,0.01115885,0.03156242,0.97430685,-0.1037503,0.6148155,0.03070037,0.52699366,0.03012514,0.6658161,0.05195159,0.10140632,0.03463508,0.91426025,,,,,,,,334,,1.6423461884,,-1.726128637
20111230,20111231,300891.0,01W,CHN,-0.202371,2011,12,20111130,20111130,379.24754215,2.3702971384,379.24754215,,,,-0.158120721,,,,,,,,,,,0.1487395802,0.1588445205,1.8991633892,-0.27204608,,,,-0.010611287,0.0,0.0,0.0553294559,0.0033035785,0.0520258775,0.1230605704,0.0025757747,0.1204847957,0.0167548658,-0.016754866,0.0019648373,0.1068464595,0.3270515476,0.2435535769,0.2653300112,0.2798887106,0.1862365926,0.1287727668,0.0017708737,0.0,0.0017708737,-0.097516704,-1.045311314,-0.11427157,-1.224911834,1.0626267806,0.1964093764,0.3894348266,0.3937384419,,0.0374927166,,,,0.1981698383,,0.068774113,0.713786799,,,,,,,0.1856638689,0.3670911288,0.0294951731,-0.134861306,,,,0.1927737883,0.2797796337,0.3557758663,0.3047950857,1.0893887623,0.1908063319,0.1678133074,0.008755948,2.3227468816,,0.4793412905,,0.5984728707,8.0,-0.871074704,,80.273856539,,,,0.2910423504,0.1253009326,0.154743843,0.1438318747,0.0821050595,0.0210298557,0.0430126017,-0.00645187,0.0,0.0,,0.2352905293,0.0345282531,,18.437430586,,,,0.5632536624,0.4215780533,0.00033253,,,,,,,0.00911635,0.02148679,1.62134125,0.4785827,2.95788421,0.02259887,1.61770494,0.02159363,1.0186719,0.03891062,0.10036034,0.0372986,0.92061363,,,,,,,,335,,1.6393961859,,-1.726142105
20120131,20120131,300891.0,01W,CHN,-0.107722,2012,1,20111230,20111231,302.49874465,1.8906171541,302.49874465,,,,-0.202371246,,,,,,,,,,,0.1487395802,0.1588445205,1.8991633892,-0.27204608,,,,-0.010611287,0.0,0.0,0.0553294559,0.0033035785,0.0520258775,0.1230605704,0.0025757747,0.1204847957,0.0167548658,-0.016754866,0.0019648373,0.1068464595,0.3270515476,0.2435535769,0.2653300112,0.2798887106,0.1862365926,0.1287727668,0.0017708737,0.0,0.0017708737,-0.097516704,-1.045311314,-0.11427157,-1.224911834,1.0626267806,0.1964093764,0.3894348266,0.3937384419,,0.0374927166,,,,0.1981698383,,0.068774113,0.713786799,,,,,,,0.1856638689,0.3670911288,0.0294951731,-0.134861306,,,,0.1927737883,0.2797796337,0.3557758663,0.3047950857,1.0893887623,0.1908063319,0.1678133074,0.008755948,2.3227468816,,0.4793412905,,0.5984728707,8.0,-0.871074704,,80.273856539,,,,0.3648844764,0.1570917948,0.1940048452,0.180324335,0.1029364338,0.0263654683,0.0539255907,-0.008088814,0.0,0.0,,0.2858672991,0.0423509664,,18.210125648,,,,0.5640441275,0.4197984062,0.00081206,14209340.2467845,0.8504172,0.03377199,0.78350475,0.00030498,,0.01392994,0.02723065,0.81391527,0.23970221,0.71955283,0.02823227,0.49627673,0.02148042,-0.40016396,0.02959722,0.04752138,0.03159426,-0.14194185,0.00351928,,,,,,,336,,1.6310373026,,-1.726205911
20120229,20120229,300891.0,01W,CHN,0.249557,2012,2,20120131,20120131,269.91292044,1.6869557527,269.91292044,,,,-0.10772218,-0.32849288,,,,,,,,,,0.1487395802,0.1588445205,1.8991633892,-0.27204608,,,,-0.010611287,0.0,0.0,0.0553294559,0.0033035785,0.0520258775,0.1230605704,0.0025757747,0.1204847957,0.0167548658,-0.016754866,0.0019648373,0.1068464595,0.3270515476,0.2435535769,0.2653300112,0.2798887106,0.1862365926,0.1287727668,0.0017708737,0.0,0.0017708737,-0.097516704,-1.045311314,-0.11427157,-1.224911834,1.0626267806,0.1964093764,0.3894348266,0.3937384419,,0.4382835858,,,,0.1981698383,,0.068774113,0.713786799,,0.04236228,0.0182380096,,,,0.1856638689,0.3670911288,0.0294951731,-0.134861306,,,,0.1927737883,0.2797796337,0.3557758663,0.3047950857,1.0893887623,0.1908063319,0.1678133074,0.008755948,1.5605863815,,0.6830458241,,0.5984728707,8.0,-0.871074704,,80.273856539,,,,0.739219756,0.4736807682,0.2434790329,-0.080508852,0.1153636586,0.0295484968,0.0604358749,-0.009065353,0.0,0.0,,0.4275972822,0.0468583776,,18.074523958,,,,0.5612480068,0.5194976515,,12415880.7244871,0.94197087,0.03026406,0.83689814,0.00034669,,0.01240353,,,,,,,,,,,,,0.00457441,,,,,,,337,,1.6487232759,,-1.687520145
20120330,20120331,300891.0,01W,CHN,0.130052,2012,3,20120229,20120229,337.27163247,2.1079477029,337.27163247,,,,0.2495571976,-0.288293554,,,,,,,,,,0.1487395802,0.1588445205,1.8991633892,-0.27204608,,,,-0.010611287,0.0,0.0,0.0553294559,0.0033035785,0.0520258775,0.1230605704,0.0025757747,0.1204847957,0.0167548658,-0.016754866,0.0019648373,0.1068464595,0.3270515476,0.2435535769,0.2653300112,0.2798887106,0.1862365926,0.1287727668,0.0017708737,0.0,0.0017708737,-0.097516704,-1.045311314,-0.11427157,-1.224911834,1.0626267806,0.1964093764,0.3894348266,0.3937384419,,0.4382835858,,,,0.1981698383,,0.068774113,0.713786799,,0.04236228,0.0182380096,,,,0.1856638689,0.3670911288,0.0294951731,-0.134861306,,,,0.1927737883,0.2797796337,0.3557758663,0.3047950857,1.0893887623,0.1908063319,0.1678133074,0.008755948,1.5605863815,,0.6830458241,,0.5984728707,8.0,-0.871074704,,80.273856539,,,,0.5915853691,0.3790789002,0.1948522512,-0.064429906,0.0923236318,0.0236471743,0.0483658331,-0.007254853,0.0,0.0,,0.3363179267,0.0384084067,,18.325928968,,,,0.5618181491,0.5168245747,0.00066558,11288610.559008,0.95130749,0.02850763,0.81259178,0.00037413,,0.01246959,0.01699858,0.65068241,0.04516505,0.58608264,0.01744805,0.97105425,0.01717918,0.54096504,0.04520772,0.05423302,0.02419328,0.27494081,0.00422238,,,,,,,338,,1.6476263821,,-1.681595289
20120427,20120430,300891.0,01W,CHN,-0.022643,2012,4,20120330,20120331,381.13441848,2.3820901155,381.13441848,,,,0.1300518093,0.1149521723,,,,,,,,,,0.1487395802,0.1588445205,1.8991633892,-0.27204608,,,,-0.010611287,0.0,0.0,0.0553294559,0.0033035785,0.0520258775,0.1230605704,0.0025757747,0.1204847957,0.0167548658,-0.016754866,0.0019648373,0.1068464595,0.3270515476,0.2435535769,0.2653300112,0.2798887106,0.1862365926,0.1287727668,0.0017708737,0.0,0.0017708737,-0.097516704,-1.045311314,-0.11427157,-1.224911834,1.0626267806,0.1964093764,0.3894348266,0.3937384419,,0.4382835858,,,,0.1981698383,,0.068774113,0.713786799,,0.04236228,0.0182380096,,,,0.1856638689,0.3670911288,0.0294951731,-0.134861306,,,,0.1927737883,0.2797796337,0.3557758663,0.3047950857,1.0893887623,0.1908063319,0.1678133074,0.008755948,1.5605863815,,0.6830458241,,0.5984728707,8.0,-0.871074704,,80.273856539,,,,0.5235028733,0.3354526731,0.1724277149,-0.057015002,0.0816985832,0.0209257435,0.0427996599,-0.006419929,0.0,0.0,,0.2952726416,0.034372164,,18.441865918,,,,0.5616803491,0.5153768756,0.00028676,10816821.7653592,0.83455757,0.02772015,0.70740421,0.00039542,0.00037124,0.01412496,0.02782757,-0.03274809,0.15859527,1.2247847,0.02776648,-0.24280499,0.02754395,-0.71471282,0.04828305,0.06660516,0.03066249,0.0237643,0.00391226,0.02706626,1.05406287,0.79327878,,,1.3810273966,339,,1.6390368484,,-1.685011271
20120531,20120531,300891.0,01W,CHN,-0.04224,2012,5,20120427,20120430,372.50456953,2.3281535596,372.50456953,,,,-0.022642534,0.4120643719,-0.153932106,,,,,,,,,1.0944566565,0.3718849033,0.7998022614,0.3037564249,-0.065469317,0.7000077177,2.0844773564,0.0041179737,0.0,0.0,0.0691033888,0.0205556612,0.0485477276,0.1616268272,0.0084544593,0.1531723679,-0.005733677,0.0057336767,0.0039999293,0.4992727591,0.286826977,0.1536272485,0.1142315091,0.1051251576,0.0655345459,0.1063569446,0.0611707551,0.0,0.0611707551,-0.019837055,-0.409914448,-0.014103379,-0.291433309,1.3475311408,0.1441741505,0.3229462596,0.370805235,,0.309155223,,,,0.4224939967,0.3322304133,0.1055128586,4.2179208239,,0.0213468633,0.0136787451,,,,0.3743308573,-0.473506266,-0.053926559,-0.240697284,,,0.8540579881,0.1977050922,0.3217656132,0.3245812102,0.2392529447,1.1649110594,0.0682302148,0.0943944539,-0.122576117,1.354210937,,0.6938066995,,1.4140822555,6.0,-2.322735828,5.0258671656,107.04405864,-0.242984027,,,0.4806904317,0.3549597914,0.1029146883,-0.045693269,0.1146776454,0.0232621287,0.0327976114,-0.057840186,0.0,0.0,,0.3240745477,0.0475470929,,17.011830109,,,,0.2463369636,0.4578447711,0.00025888,10381986.1108211,0.81819381,0.02656027,0.68631526,0.00041848,0.00034024,0.01893357,0.03124188,-0.32693424,-0.14460406,1.42735235,0.03180435,-0.23024886,0.02904441,-0.17625625,0.0334001,0.0483059,0.03257598,-0.28881629,0.00395411,0.02763702,0.97178552,0.77531694,,,0.9661190264,340,,0.8783511641,,-0.413782439
20120629,20120630,300891.0,01W,CHN,-0.133993,2012,6,20120531,20120531,356.76998354,2.2298123971,356.76998354,,,,-0.042239981,0.104464573,-0.017779872,,,,,,,,,1.0944566565,0.3718849033,0.7998022614,0.3037564249,-0.065469317,0.7000077177,2.0844773564,0.0041179737,0.0,0.0,0.0691033888,0.0205556612,0.0485477276,0.1616268272,0.0084544593,0.1531723679,-0.005733677,0.0057336767,0.0039999293,0.4992727591,0.286826977,0.1536272485,0.1142315091,0.1051251576,0.0655345459,0.1063569446,0.0611707551,0.0,0.0611707551,-0.019837055,-0.409914448,-0.014103379,-0.291433309,1.3475311408,0.1441741505,0.3229462596,0.370805235,,0.309155223,,,,0.4224939967,0.3322304133,0.1055128586,4.2179208239,,0.0213468633,0.0136787451,,,,0.3743308573,-0.473506266,-0.053926559,-0.240697284,,,0.8540579881,0.1977050922,0.3217656132,0.3245812102,0.2392529447,1.1649110594,0.0682302148,0.0943944539,-0.122576117,1.354210937,,0.6938066995,,1.4140822555,6.0,-2.322735828,5.0258671656,107.04405864,-0.242984027,,,0.5018902671,0.3706145427,0.1074535231,-0.047708474,0.1197352606,0.0242880558,0.0342440807,-0.060391105,0.0,0.0,,0.339083211,0.0497491119,,16.909445117,,,,0.2467923874,0.4562482481,0.00098721,8613830.38355927,0.81775749,0.02315868,0.69383806,0.00050026,0.00037673,0.00552383,0.02410098,1.45324658,-0.21422428,2.36768164,0.02230878,0.24015506,0.02220668,0.95860804,0.03906189,0.06709206,0.0295843,0.76199576,0.00428767,0.02715316,0.94020871,0.74256757,,,1.152806713,341,,0.8688512632,,-0.418431576
20120731,20120731,300891.0,01W,CHN,-0.136905,2012,7,20120629,20120630,308.15607094,1.9259754434,308.15607094,,,,-0.133993334,-0.063926095,0.1794097987,,,,,,,,,1.0944566565,0.3718849033,0.7998022614,0.3037564249,-0.065469317,0.7000077177,2.0844773564,0.0041179737,0.0,0.0,0.0691033888,0.0205556612,0.0485477276,0.1616268272,0.0084544593,0.1531723679,-0.005733677,0.0057336767,0.0039999293,0.4992727591,0.286826977,0.1536272485,0.1142315091,0.1051251576,0.0655345459,0.1063569446,0.0611707551,0.0,0.0611707551,-0.019837055,-0.409914448,-0.014103379,-0.291433309,1.3475311408,0.1441741505,0.3229462596,0.370805235,,0.309155223,,,,0.4224939967,0.3322304133,0.1055128586,4.2179208239,,0.0213468633,0.0136787451,,,,0.3743308573,-0.473506266,-0.053926559,-0.240697284,,,0.8540579881,0.1977050922,0.3217656132,0.3245812102,0.2392529447,1.1649110594,0.0682302148,0.0943944539,-0.122576117,1.354210937,,0.6938066995,,1.4140822555,6.0,-2.322735828,5.0258671656,107.04405864,-0.242984027,,,0.5810671904,0.4290817438,0.1244051157,-0.055234841,0.1386243886,0.0281196772,0.0396463392,-0.069918251,0.0,0.0,,0.395703524,0.0580562477,,16.527058719,,,,0.2466218454,0.4547629438,0.00203639,8255943.42195423,0.89519539,0.02217289,0.76864746,0.00053493,0.00042108,0.00878179,0.01173417,0.35122599,-0.1970789,1.9317502,0.00991901,0.65680214,0.01213954,1.14598817,0.02226336,0.03484872,0.0247686,-0.54825588,0.00487826,0.02599759,1.01391607,0.64138441,,,0.6736276241,342,,0.8553982012,,-0.418017004
20120831,20120831,300891.0,01W,CHN,0.141611,2012,8,20120731,20120731,265.96801492,1.6623000933,265.96801492,,,,-0.136904835,-0.170573439,0.1446846765,-0.314138241,,,,,,,,1.0944566565,0.3718849033,0.7998022614,0.3037564249,-0.065469317,0.7000077177,2.0844773564,0.0041179737,0.0,0.0,0.0691033888,0.0205556612,0.0485477276,0.1616268272,0.0084544593,0.1531723679,-0.005733677,0.0057336767,0.0039999293,0.4992727591,0.286826977,0.1536272485,0.1142315091,0.1051251576,0.0655345459,0.1063569446,0.0611707551,0.0,0.0611707551,-0.019837055,-0.409914448,-0.014103379,-0.291433309,1.3475311408,0.1441741505,0.3229462596,0.370805235,,0.1603042198,,,,0.4224939967,,0.1055128586,4.2179208239,,0.0087077138,0.0064301015,,,,0.3743308573,-0.473506266,-0.053926559,-0.240697284,,,0.8540579881,0.1977050922,0.3217656132,0.3245812102,0.2392529447,1.1649110594,0.0682302148,0.0943944539,-0.122576117,1.3098294337,,0.5127037473,,1.4140822555,6.0,-2.322735828,5.0258671656,107.04405864,-0.242984027,,,0.6566682557,0.5013387536,0.1381335198,0.0328668274,0.1606130983,0.0325800426,0.0459350728,-0.081008739,0.0,0.0,,0.5172066396,0.0678948061,,16.081925229,,,,0.2676787878,0.4532620079,0.00215567,7544410.32259166,0.99682984,0.02010383,0.8769634,0.00058442,0.0004701,0.00506864,0.01608783,0.87312856,-0.58767308,3.11745015,0.01520737,1.03570081,0.01620687,1.03587864,0.02814907,0.04269757,0.0306805,-0.82432281,0.0064366,0.0253102,1.17875009,0.55357578,,,0.8591689184,343,,0.961308493,,-0.403641873
20120928,20120930,300891.0,01W,CHN,0.031122,2012,9,20120831,20120831,303.63213376,1.897700836,303.63213376,0.0029010322,,,0.1416114597,-0.252553834,-0.209342468,-0.296854094,,,,,,,,1.0944566565,0.3718849033,0.7998022614,0.3037564249,-0.065469317,0.7000077177,2.0844773564,0.0041179737,0.0,0.0,0.0691033888,0.0205556612,0.0485477276,0.1616268272,0.0084544593,0.1531723679,-0.005733677,0.0057336767,0.0039999293,0.4992727591,0.286826977,0.1536272485,0.1142315091,0.1051251576,0.0655345459,0.1063569446,0.0611707551,0.0,0.0611707551,-0.019837055,-0.409914448,-0.014103379,-0.291433309,1.3475311408,0.1441741505,0.3229462596,0.370805235,,0.1603042198,,,,0.4224939967,,0.1055128586,4.2179208239,,0.0087077138,0.0064301015,,,,0.3743308573,-0.473506266,-0.053926559,-0.240697284,,,0.8540579881,0.1977050922,0.3217656132,0.3245812102,0.2392529447,1.1649110594,0.0682302148,0.0943944539,-0.122576117,1.3098294337,,0.5127037473,,1.4140822555,6.0,-2.322735828,5.0258671656,107.04405864,-0.242984027,,,0.5752116888,0.439150071,0.1209987151,0.0287898541,0.1406898091,0.0285386436,0.040237046,-0.070959991,0.0,0.0,,0.4548450038,0.0589726209,,16.485246906,,,,0.2678048598,0.4520271534,0.001494,6666305.01254407,1.15259564,0.01747565,1.02324496,0.00064086,0.00049,0.01085092,0.01519406,0.05528871,0.30639379,1.93389756,0.01494682,0.18419965,0.01449793,-0.19627227,0.04336115,0.06892155,0.02600666,0.49339054,0.00797779,0.02464814,1.22029631,0.63196846,,,1.3473283651,344,,0.9486174015,,-0.388641031
20121031,20121031,300891.0,01W,CHN,-0.039098,2012,10,20120928,20120930,313.08165618,1.9567603511,313.08165618,0.0028134724,0.0,0.002622219,0.0311216152,-0.014680669,-0.201254587,0.0063822541,,,,0.2428863027,-0.022877523,,,1.0944566565,0.3718849033,0.7998022614,0.3037564249,-0.065469317,0.7000077177,2.0844773564,0.0041179737,0.0,0.0,0.0691033888,0.0205556612,0.0485477276,0.1616268272,0.0084544593,0.1531723679,-0.005733677,0.0057336767,0.0039999293,0.4992727591,0.286826977,0.1536272485,0.1142315091,0.1051251576,0.0655345459,0.1063569446,0.0611707551,0.0,0.0611707551,-0.019837055,-0.409914448,-0.014103379,-0.291433309,1.3475311408,0.1441741505,0.3229462596,0.370805235,,0.1603042198,,,,0.4224939967,,0.1055128586,4.2179208239,,0.0087077138,0.0064301015,,,,0.3743308573,-0.473506266,-0.053926559,-0.240697284,,,0.8540579881,0.1977050922,0.3217656132,0.3245812102,0.2392529447,1.1649110594,0.0682302148,0.0943944539,-0.122576117,1.3098294337,,0.5127037473,,1.4140822555,6.0,-2.322735828,5.0258671656,107.04405864,-0.242984027,,,0.5578504808,0.4258955147,0.1173466964,0.0279209103,0.136443468,0.0276772819,0.0390225996,-0.068818256,0.0,0.0,,0.4414896325,0.0570903613,0.2546631582,16.571208686,,,,0.3544359107,0.4517794788,0.00117169,4727269.51430798,1.24392088,0.01276003,1.04523486,0.00093133,0.00056764,0.00827965,0.01888267,0.56337195,-0.02083681,1.99464636,0.01810864,0.36783652,0.01925934,-0.04874452,0.0458004,0.07643114,0.03400081,0.2787742,0.00947837,0.0236592,1.26759779,0.65163633,,,1.4456044702,345,,0.9379968183,,-0.383767415
20121130,20121130,300891.0,01W,CHN,-0.092536,2012,11,20121031,20121031,300.84082396,1.8802551498,300.84082396,0.002927949,0.0,0.002622219,-0.03909789,0.1771402522,-0.157315835,0.1629813854,-0.303175386,-0.153932106,,-0.158120721,-0.012057265,,,0.7099698131,0.3718849033,0.7998022614,0.1259080347,-0.065469317,0.7000077177,2.0844773564,0.0017660427,0.0,0.0,0.1144545326,-0.006480295,0.1209348275,0.1503064296,0.0078863923,0.1424200373,-0.042571221,0.0425712209,0.0039999293,0.4563602973,0.286826977,0.1196639292,0.0808707444,0.1051251576,0.0614533966,0.1063569446,0.0611707551,0.0,0.0178885532,-0.023381059,-0.53728299,0.0191901616,0.4409786268,1.3750506988,0.1704953755,0.2877135897,0.2835150528,,0.1723593449,,,,0.4503288688,0.2456832853,0.1055128586,4.2179208239,,0.0173978068,0.013282498,,,,0.3743308573,-0.473506266,-0.053926559,-0.240697284,,,0.8540579881,0.0983056261,0.2046217066,0.3245812102,0.1382865316,1.1584273802,0.066898274,0.0574896851,-0.122576117,1.4121629099,,0.5348262067,,1.0663418679,6.0,-2.322735828,4.1885766983,98.341888757,-0.242984027,,,0.6273799541,0.4442688232,0.1683656669,0.060230869,0.1430332569,0.0273018282,0.0419706361,-0.132005805,0.0,0.0,,0.4758394675,0.0340188888,0.2292847033,16.458821332,,,,0.3110794847,0.4070989874,0.0021264,2638646.99407146,0.81791847,0.00799484,0.7132399,0.00156403,0.000693,0.00861334,0.02395161,1.43627648,-0.10924172,2.51828387,0.02544476,2.03250889,0.02639919,2.0128919,0.03209464,0.07542479,0.02860259,1.06340656,0.01097587,0.02272547,1.38303461,0.62615873,,,1.033926375,346,,0.7258877523,,-0.689052649
20121231,20121231,300891.0,01W,CHN,0.16303,2012,12,20121130,20121130,273.00217931,1.7062636207,273.00217931,0.0032265185,0.0,0.002622219,-0.092536127,-0.009193065,-0.154551269,-0.105674179,-0.204660028,-0.017779872,,-0.202371246,-0.002072254,,,0.7099698131,0.3718849033,0.7998022614,0.1259080347,-0.065469317,0.7000077177,2.0844773564,0.0017660427,0.0,0.0,0.1144545326,-0.006480295,0.1209348275,0.1503064296,0.0078863923,0.1424200373,-0.042571221,0.0425712209,0.0039999293,0.4563602973,0.286826977,0.1196639292,0.0808707444,0.1051251576,0.0614533966,0.1063569446,0.0611707551,0.0,0.0178885532,-0.023381059,-0.53728299,0.0191901616,0.4409786268,1.3750506988,0.1704953755,0.2877135897,0.2835150528,,0.1723593449,,,,0.4503288688,0.2456832853,0.1055128586,4.2179208239,,0.0173978068,0.013282498,,,,0.3743308573,-0.473506266,-0.053926559,-0.240697284,,,0.8540579881,0.0983056261,0.2046217066,0.3245812102,0.1382865316,1.1584273802,0.066898274,0.0574896851,-0.122576117,1.4121629099,,0.5348262067,,1.0663418679,6.0,-2.322735828,4.1885766983,98.341888757,-0.242984027,,,0.6913552954,0.4895719117,0.1855342916,0.0663727458,0.1576186789,0.0300858569,0.046250476,-0.145466733,0.0,0.0,,0.5213417726,0.0372719561,0.2662259733,16.165700894,,,,0.3099462541,0.4439720992,0.00168223,2168941.96068018,0.76099083,0.006976,0.69134996,0.00173543,0.00081337,0.01258624,0.01971135,0.64082869,-0.18317438,-0.00542632,0.01980075,0.85343145,0.01796339,0.92923809,0.02605988,0.0382112,0.02096286,0.46949769,0.0119193,0.02251551,1.25734196,0.59772586,,,0.8788069415,347,,0.7271941635,,-0.677523744
20130131,20130131,300891.0,01W,CHN,0.096382,2013,1,20121231,20121231,317.50973181,1.9844358238,317.50973181,0.0027742349,0.0,0.002622219,0.1630300264,-0.12801605,-0.114078206,-0.281830827,-0.095140079,0.1794097987,,-0.10772218,0.0225415825,,,0.7099698131,0.3718849033,0.7998022614,0.1259080347,-0.065469317,0.7000077177,2.0844773564,0.0017660427,0.0,0.0,0.1144545326,-0.006480295,0.1209348275,0.1503064296,0.0078863923,0.1424200373,-0.042571221,0.0425712209,0.0039999293,0.4563602973,0.286826977,0.1196639292,0.0808707444,0.1051251576,0.0614533966,0.1063569446,0.0611707551,0.0,0.0178885532,-0.023381059,-0.53728299,0.0191901616,0.4409786268,1.3750506988,0.1704953755,0.2877135897,0.2835150528,,0.1723593449,,,,0.4503288688,0.2456832853,0.1055128586,4.2179208239,,0.0173978068,0.013282498,,,,0.3743308573,-0.473506266,-0.053926559,-0.240697284,,,0.8540579881,0.0983056261,0.2046217066,0.3245812102,0.1382865316,1.1584273802,0.066898274,0.0574896851,-0.122576117,1.4121629099,,0.5348262067,,1.0663418679,6.0,-2.322735828,4.1885766983,98.341888757,-0.242984027,,,0.5944432042,0.420945204,0.1595266566,0.0570688154,0.1355241699,0.0258685126,0.0397672244,-0.125075647,0.0,0.0,,0.4522070961,0.0323293546,0.3221509784,16.609730015,,,,0.308959237,0.4761299739,0.00073705,2585292.79960086,0.89701249,0.00850795,0.83647464,0.00141652,0.00081052,0.010793,0.02489752,0.35808507,-0.40795611,0.60282416,0.02538678,0.1044159,0.01936381,0.00859946,0.0496826,0.06978723,0.03298083,0.02139618,0.01164333,0.0221995,1.36934286,0.69517312,,,1.6716995807,348,,0.7236477315,,-0.673876598
20130228,20130228,300891.0,01W,CHN,0.177833,2013,2,20130131,20130131,348.11183005,2.1756989378,348.11183005,0.0025303552,0.0,0.002622219,0.0963816072,0.0554077323,0.193789155,-0.145397317,0.1794300321,0.1446846765,,0.2495571976,0.0086165288,,,0.0455798894,0.3718849033,0.7998022614,-0.272120447,-0.065469317,0.7000077177,2.0844773564,-0.00503951,0.0,0.0,0.0773895382,-0.023462868,0.1008524065,0.2409171484,0.0091350395,0.2317821089,0.0067886469,-0.006788647,0.0039999293,0.0511320989,0.286826977,0.103078824,0.0692373748,0.1051251576,0.0692809563,0.1063569446,0.0611707551,0.0,0.0767456224,-0.012560315,-0.273042072,-0.019348962,-0.420616892,0.8796709441,0.1419693347,0.2030726605,0.2361119972,,0.1444637628,,,,0.3477959598,0.2378963744,0.1055128586,4.2179208239,-0.123416783,0.0254113337,0.0179946191,-0.016950946,-0.000243391,,0.3743308573,-0.473506266,-0.053926559,-0.240697284,,,0.8540579881,0.0592603939,0.1077771454,0.3245812102,0.0723932067,1.1820800441,0.0585617056,0.0566770598,-0.122576117,1.5060622174,,0.5183876273,,0.6119308607,6.0,-2.322735828,3.3985411656,79.615186922,-0.242984027,,,0.5992881337,0.3979172485,0.1928529103,0.1062774915,0.119046427,0.0275680875,0.0350953352,-0.167270699,0.0,0.0,,0.4557579304,0.0307028658,0.3574377288,16.849158754,,,,0.4244924563,0.5462857052,0.00050645,3750727.38827542,0.92994199,0.01162808,0.83711542,0.00105987,0.00077215,0.02036199,0.03330051,1.2941949,-0.39613033,1.69674763,0.02458461,0.66105432,0.02675693,0.81024782,0.05357733,0.09890021,0.03646198,0.97435874,0.00948705,0.02330833,1.11069805,0.76217502,,,1.8249174282,349,,0.7598815149,,-0.968092057
20130329,20130331,300891.0,01W,CHN,-0.082713,2013,3,20130228,20130228,410.01744358,2.5626090224,410.01744358,0.0021483149,0.0,0.002622219,0.1778325474,0.2751247295,0.1464920585,-0.021706227,0.0348509028,-0.209342468,,0.1300518093,0.0129602323,,,0.0455798894,0.3718849033,0.7998022614,-0.272120447,-0.065469317,0.7000077177,2.0844773564,-0.00503951,0.0,0.0,0.0773895382,-0.023462868,0.1008524065,0.2409171484,0.0091350395,0.2317821089,0.0067886469,-0.006788647,0.0039999293,0.0511320989,0.286826977,0.103078824,0.0692373748,0.1051251576,0.0692809563,0.1063569446,0.0611707551,0.0,0.0767456224,-0.012560315,-0.273042072,-0.019348962,-0.420616892,0.8796709441,0.1419693347,0.2030726605,0.2361119972,,0.1444637628,,,,0.3477959598,0.2378963744,0.1055128586,4.2179208239,-0.123416783,0.0254113337,0.0179946191,-0.016950946,-0.000243391,,0.3743308573,-0.473506266,-0.053926559,-0.240697284,,,0.8540579881,0.0592603939,0.1077771454,0.3245812102,0.0723932067,1.1820800441,0.0585617056,0.0566770598,-0.122576117,1.5060622174,,0.5183876273,,0.6119308607,6.0,-2.322735828,3.3985411656,79.615186922,-0.242984027,,,0.5088058867,0.3378385573,0.1637354229,0.09023141,0.1010724549,0.0234057783,0.0297965405,-0.142015688,0.0,0.0,,0.3926413818,0.026450918,0.2985628146,17.22422658,,,,0.4240355824,0.5218585977,0.00060514,4628955.27596304,0.89082447,0.01367182,0.79481959,0.00091358,0.00077048,0.01914432,0.03232768,0.33076384,-0.3899912,0.13231484,,,,,0.0476605,0.0636995,0.03391252,-0.12920519,0.00844264,0.02451459,1.0396234,0.89771454,,,1.5882216685,350,,0.7579301469,,-0.959245315
20130426,20130430,300891.0,01W,CHN,-0.034608,2013,4,20130329,20130331,376.10348326,2.3506467704,376.10348326,0.0023420325,0.0,0.002622219,-0.082713457,0.2913539413,0.3096182274,0.3305512442,0.0786063658,-0.201254587,,-0.022642534,0.0074992392,,,0.0455798894,0.3718849033,0.7998022614,-0.272120447,-0.065469317,0.7000077177,2.0844773564,-0.00503951,0.0,0.0,0.0773895382,-0.023462868,0.1008524065,0.2409171484,0.0091350395,0.2317821089,0.0067886469,-0.006788647,0.0039999293,0.0511320989,0.286826977,0.103078824,0.0692373748,0.1051251576,0.0692809563,0.1063569446,0.0611707551,0.0,0.0767456224,-0.012560315,-0.273042072,-0.019348962,-0.420616892,0.8796709441,0.1419693347,0.2030726605,0.2361119972,,0.1444637628,,,,0.3477959598,0.2378963744,0.1055128586,4.2179208239,-0.123416783,0.0254113337,0.0179946191,-0.016950946,-0.000243391,,0.3743308573,-0.473506266,-0.053926559,-0.240697284,,,0.8540579881,0.0592603939,0.1077771454,0.3245812102,0.0723932067,1.1820800441,0.0585617056,0.0566770598,-0.122576117,1.5060622174,,0.5183876273,,0.6119308607,6.0,-2.322735828,3.3985411656,79.615186922,-0.242984027,,,0.554685873,0.3683020971,0.1784997548,0.0983677464,0.1101863487,0.0255163215,0.0324833508,-0.15482151,0.0,0.0,,0.4248757713,0.0286224395,0.2696414375,17.034044447,,,,0.4249257801,0.4925095823,0.0009809,4939960.17182388,0.87013147,0.01416362,0.78525266,0.0008883,0.00092717,0.00970982,0.02502851,-1.05773224,0.30350139,1.131315,0.02505328,-1.19972012,0.0266522,-0.81001315,0.03254564,0.0462815,0.02794555,-0.13636045,0.00733192,0.02411373,1.06976636,0.82346147,,,1.0932269221,351,,0.7567107177,,-0.944952036
20130531,20130531,300891.0,01W,CHN,0.702457,2013,5,20130426,20130430,363.08741826,2.2692963641,363.08741826,0.0024259904,0.0,0.002622219,-0.034607669,0.0804099453,0.2501743557,0.4140929065,0.0123124224,-0.157315835,,-0.042239981,0.0081930858,,,0.1584604969,-0.08494256,1.159763336,-0.001472805,0.5902565013,0.4547595096,10.269474086,-2.2471e-05,0.0,0.0,0.0593453244,-0.016428249,0.0757735729,0.2709080947,0.001789156,0.2691189386,0.1059760676,-0.105976068,0.0003204418,0.0454484374,0.3088351172,0.1270466352,0.1131854696,0.1029777335,0.0630043251,0.0646450971,0.2659761635,0.0,0.2659761635,-0.026566912,-0.617486339,-0.132542979,-3.080654598,1.0429241675,0.1018246191,0.2022774811,0.209319127,,0.0733992917,,,,0.3995443503,0.3363551346,0.1476614286,2.8871469362,-0.221342622,0.014228736,0.0094476416,-0.007118127,-0.004231104,,-0.071657503,-0.61408391,0.0320380548,0.0628299637,,,2.4257428729,0.1003441774,0.1471785081,0.1103199947,0.1311208953,1.16756543,0.0695912027,0.0866185577,0.0013609879,1.464389623,,0.5738267567,,0.6567593202,6.0,-2.191770272,3.6023165487,73.166275956,1.0494389178,,,0.571303798,0.3901310068,0.1661284465,0.1241951523,0.1076583026,0.0245799408,0.0397577184,-0.161075667,0.0,0.0,,0.4575061172,0.0440186127,0.2804382415,17.154048648,,,,0.3532576691,0.4443751934,0.00095518,5456641.20673058,0.75750412,0.01541202,0.68965997,0.00080719,0.00112434,0.01132963,0.03145981,0.75273133,-0.43726439,-0.81436318,0.0317008,0.59436565,0.03217262,0.37628136,0.04532898,0.06376648,0.03679051,0.09607705,0.00622889,0.02405069,1.27680583,0.83400359,,,1.504299322,352,,0.7385357749,,-0.798240089
20130628,20130630,300891.0,01W,CHN,-0.106424,2013,6,20130531,20130531,618.14089639,3.8633806025,618.14089639,0.0014249932,0.0,0.002622219,0.7024574946,-0.114458607,0.3299799261,0.1958135451,0.0203794578,-0.154551269,,-0.133993334,0.0842340702,,,0.1584604969,-0.08494256,1.159763336,-0.001472805,0.5902565013,0.4547595096,10.269474086,-2.2471e-05,0.0,0.0,0.0593453244,-0.016428249,0.0757735729,0.2709080947,0.001789156,0.2691189386,0.1059760676,-0.105976068,0.0003204418,0.0454484374,0.3088351172,0.1270466352,0.1131854696,0.1029777335,0.0630043251,0.0646450971,0.2659761635,0.0,0.2659761635,-0.026566912,-0.617486339,-0.132542979,-3.080654598,1.0429241675,0.1018246191,0.2022774811,0.209319127,,0.0733992917,,,,0.3995443503,0.3363551346,0.1476614286,2.8871469362,-0.221342622,0.014228736,0.0094476416,-0.007118127,-0.004231104,,-0.071657503,-0.61408391,0.0320380548,0.0628299637,,,2.4257428729,0.1003441774,0.1471785081,0.1103199947,0.1311208953,1.16756543,0.0695912027,0.0866185577,0.0013609879,1.464389623,,0.5738267567,,0.6567593202,6.0,-2.191770272,3.6023165487,73.166275956,1.0494389178,,,0.335575954,0.2291575608,0.0975815531,0.0729505158,0.0632369988,0.0144379175,0.0233531342,-0.094613621,0.0,0.0,,0.2815675766,0.0270908161,0.2913711516,18.053251633,,,,0.3604482365,0.4558586475,0.00025967,9105063.03206818,0.89811367,0.02181458,0.68589745,0.00054272,0.00089227,0.01176879,0.03722911,0.43526616,0.26306185,3.03171215,0.03807217,0.38691218,0.03922648,0.40732424,0.08080681,0.0978417,0.0387297,0.51189703,0.00462172,0.02597381,1.37308594,1.0,,,2.5387876705,353,,0.7375044301,,-0.798629745
20130731,20130731,300891.0,01W,CHN,0.515205,2013,7,20130628,20130630,551.44439149,3.4465274468,551.44439149,0.0016532829,0.0,0.0016519139,-0.106423655,0.6435394084,0.9468407878,0.974375963,1.0059345075,-0.114078206,,-0.136904835,0.0870050865,,,0.1584604969,-0.08494256,1.159763336,-0.001472805,0.5902565013,0.4547595096,10.269474086,-2.2471e-05,0.0,0.0,0.0593453244,-0.016428249,0.0757735729,0.2709080947,0.001789156,0.2691189386,0.1059760676,-0.105976068,0.0003204418,0.0454484374,0.3088351172,0.1270466352,0.1131854696,0.1029777335,0.0630043251,0.0646450971,0.2659761635,0.0,0.2659761635,-0.026566912,-0.617486339,-0.132542979,-3.080654598,1.0429241675,0.1018246191,0.2022774811,0.209319127,,0.0733992917,,,,0.3995443503,0.3363551346,0.1476614286,2.8871469362,-0.221342622,0.014228736,0.0094476416,-0.007118127,-0.004231104,,-0.071657503,-0.61408391,0.0320380548,0.0628299637,,,2.4257428729,0.1003441774,0.1471785081,0.1103199947,0.1311208953,1.16756543,0.0695912027,0.0866185577,0.0013609879,1.464389623,,0.5738267567,,0.6567593202,6.0,-2.191770272,3.6023165487,73.166275956,1.0494389178,,,0.3761634432,0.2568738793,0.1093839191,0.0817737888,0.0708854342,0.0161841654,0.0261776664,-0.106057019,0.0,0.0,,0.3130485057,0.0301197304,0.3312726685,17.898427363,,,,0.3538496304,0.5283864898,0.0003431,11544791.0974884,0.76559008,0.02446533,0.60627119,0.00047165,0.00077406,0.0115201,0.04437763,0.16879756,-0.00345777,1.99514688,0.03216918,-0.20327738,0.03231127,-0.0258939,0.05662366,0.10029105,0.05110177,0.28267271,0.00354119,0.02829465,1.19358035,0.79142298,,,1.6712132849,354,,0.7341239314,,-0.798734755
20130830,20130831,300891.0,01W,CHN,0.270758,2013,8,20130731,20130731,835.55143942,5.2221964964,835.55143942,0.001091128,0.0,0.0016519139,0.5152052543,0.5212757457,0.5867202297,0.8360409856,1.0767763489,0.193789155,,0.1416114597,0.1209681588,,,0.5201012407,-0.08494256,1.159763336,0.020172995,0.5902565013,0.4547595096,10.269474086,0.0002596717,0.0,0.0,-0.006421377,0.0054648925,-0.011886269,0.1799606471,0.0014199978,0.1785406492,0.2979543635,-0.297954364,0.0003204418,0.0373104319,0.3088351172,0.0773677214,0.0677210034,0.1029777335,0.0618935497,0.0646450971,0.2659761635,0.0,0.637249862,-0.020977778,-0.62817507,-0.318932141,-9.550354877,1.0668405981,0.1011147882,0.1783731123,0.2106771687,,0.274066088,,,,0.2533315296,0.2637577351,0.1476614286,2.8871469362,0.0731682132,0.0083222677,0.0056830966,-0.000385446,-0.000747005,,-0.071657503,-0.61408391,0.0320380548,0.0628299637,,,2.4257428729,0.0710544357,0.1176067693,0.1103199947,0.1029427813,1.1741293014,0.0543725723,0.0467432259,0.0013609879,1.8533891337,,0.595340302,,0.9713415349,6.0,-2.191770272,2.3224611104,72.710257851,1.0494389178,,,0.317742096,0.1714384153,0.1386425258,0.0515601925,0.0469807153,0.0106109321,0.0172764551,-0.03788842,0.0,0.0,,0.2120645203,0.0141240517,0.5520928447,18.386328981,,,,0.2910739317,0.4905141491,0.00029012,14229295.3026056,0.7408109,0.02573649,0.58188286,0.00042046,0.00064257,0.01974745,0.04804472,-0.0358185,-0.17739714,1.45927699,0.03964506,0.37267757,0.04029827,0.32334681,0.08813204,0.10091792,0.05328401,-0.1516711,0.00329897,0.0314693,1.09351225,0.86960493,,,2.41195283,355,,0.352589574,,-1.28496454
20130930,20130930,300891.0,01W,CHN,0.000972,2013,9,20130830,20130831,1061.7836768,6.6361479799,1061.7836768,0.0008586435,0.0,0.0016519139,0.2707580009,0.3539515732,1.0412127635,2.0656635827,1.7564040365,0.1464920585,,0.0311216152,0.1427532847,,,0.5201012407,-0.08494256,1.159763336,0.020172995,0.5902565013,0.4547595096,10.269474086,0.0002596717,0.0,0.0,-0.006421377,0.0054648925,-0.011886269,0.1799606471,0.0014199978,0.1785406492,0.2979543635,-0.297954364,0.0003204418,0.0373104319,0.3088351172,0.0773677214,0.0677210034,0.1029777335,0.0618935497,0.0646450971,0.2659761635,0.0,0.637249862,-0.020977778,-0.62817507,-0.318932141,-9.550354877,1.0668405981,0.1011147882,0.1783731123,0.2106771687,,0.274066088,,,,0.2533315296,0.2637577351,0.1476614286,2.8871469362,0.0731682132,0.0083222677,0.0056830966,-0.000385446,-0.000747005,,-0.071657503,-0.61408391,0.0320380548,0.0628299637,,,2.4257428729,0.0710544357,0.1176067693,0.1103199947,0.1029427813,1.1741293014,0.0543725723,0.0467432259,0.0013609879,1.8533891337,,0.595340302,,0.9713415349,6.0,-2.191770272,2.3224611104,72.710257851,1.0494389178,,,0.2500413893,0.1349103568,0.1091022254,0.04057436,0.0369706233,0.0083500809,0.0135953935,-0.029815606,0.0,0.0,,0.1686421687,0.0112320095,0.4918104757,18.588105405,,,,0.2895434126,0.4971783066,0.00044664,16654143.7143354,0.65296444,0.02603589,0.5482476,0.00040586,0.00058229,0.01213865,0.03888861,0.41055573,-0.03150694,-0.31404119,0.0323853,-0.15756115,0.03457147,0.00106622,0.06925792,0.09936682,0.04271693,0.38790827,0.00278587,0.03322342,1.08576943,0.92946815,,,1.8231425652,356,,0.3520103335,,-1.302217376
20131031,20131031,300891.0,01W,CHN,-0.289628,2013,10,20130930,20130930,1062.81521,6.6425950625,1062.81521,0.0008578101,0.0,0.0016519139,0.0009715098,0.9254591998,1.8277831736,2.3496267829,2.3970022853,0.3096182274,,-0.03909789,0.1463959575,,,0.5201012407,-0.08494256,1.159763336,0.020172995,0.5902565013,0.4547595096,10.269474086,0.0002596717,0.0,0.0,-0.006421377,0.0054648925,-0.011886269,0.1799606471,0.0014199978,0.1785406492,0.2979543635,-0.297954364,0.0003204418,0.0373104319,0.3088351172,0.0773677214,0.0677210034,0.1029777335,0.0618935497,0.0646450971,0.2659761635,0.0,0.637249862,-0.020977778,-0.62817507,-0.318932141,-9.550354877,1.0668405981,0.1011147882,0.1783731123,0.2106771687,,0.274066088,,,,0.2533315296,0.2637577351,0.1476614286,2.8871469362,0.0731682132,0.0083222677,0.0056830966,-0.000385446,-0.000747005,,-0.071657503,-0.61408391,0.0320380548,0.0628299637,,,2.4257428729,0.0710544357,0.1176067693,0.1103199947,0.1029427813,1.1741293014,0.0543725723,0.0467432259,0.0013609879,1.8533891337,,0.595340302,,0.9713415349,6.0,-2.191770272,2.3224611104,72.710257851,1.0494389178,,,0.2497987074,0.1347794173,0.1089963344,0.0405349798,0.0369347408,0.0083419766,0.0135821983,-0.029786668,0.0,0.0,,0.1684848664,0.0112215328,0.478696908,18.588828698,,0.2328081906,0.9460777716,0.2879084889,0.4991753278,0.00075757,18850922.2585356,0.52830404,0.02679533,0.50498325,0.00039791,0.00056186,0.01789413,0.03530279,0.7637563,-0.25065466,-1.30203251,0.03684916,1.07158555,0.03830309,0.98147673,0.04436345,0.09287264,0.0353375,0.70029159,0.00233943,0.03440293,0.99227282,0.92541268,,,1.1640822064,357,,0.3537930405,,-1.294014785
20131129,20131130,300891.0,01W,CHN,0.241572,2013,11,20131031,20131031,861.82572768,4.7187129198,861.82572768,0.0010578631,0.1415,-0.130691273,-0.289628093,0.2719925547,1.932000082,2.0581331866,2.5386565098,0.2501743557,,-0.092536127,0.128478506,,,0.1851610328,-0.069940722,-0.171631348,0.0968563635,0.5902565013,0.4547595096,10.269474086,0.0012906292,0.0,0.0,-0.035369479,0.0191363039,-0.054505783,0.2467089814,0.0018703976,0.2448385838,0.0792428276,-0.079242828,0.0013558019,0.0559832761,0.3088351172,0.0935196035,0.0960995385,0.1029777335,0.0594413457,0.0646450971,0.1492198784,0.0,0.1492198784,-0.039912103,-1.027499376,-0.11915493,-3.067531101,1.0297124304,0.1227246405,0.1940723066,0.2059212016,,0.0903244636,,,,0.2255750191,0.2776686018,0.1476614286,2.8871469362,0.0737043506,0.0149589612,0.0080711389,-0.002438846,-0.005211359,,-0.071657503,-0.61408391,0.0320380548,0.0628299637,,,2.4257428729,0.0665911592,0.1108357898,0.1103199947,0.1138934282,1.1846621482,0.0787560221,0.0561874356,0.0118577481,1.5302612821,0.7823900759,0.5066037798,,0.6739301921,5.0,-2.191770272,4.8069243316,71.73771048,1.0494389178,,,0.2595525599,0.1696132307,0.0793397302,0.0558957844,0.0464370874,0.0100820387,0.0204413271,-0.029866019,0.0,0.0,,0.2135712809,0.0138115835,0.357371579,18.403008469,,0.285956264,0.7044944939,0.231507453,0.5198929101,0.00103697,20007593.7687571,0.44048353,0.02682319,0.50233826,0.00039887,0.00054406,0.0126309,0.03368191,-0.07924169,0.21105997,0.35596727,0.03623121,-0.44947347,0.03752662,-0.1766998,0.02249141,0.03913019,0.03992132,-0.65375743,0.00191605,0.03542403,1.03877834,0.65738717,,,0.5720466503,358,,0.7562013788,,-0.695877541
20131231,20131231,300891.0,01W,CHN,0.042944,2013,12,20131129,20131130,1070.0185585,5.8586211042,1070.0185585,0.0008520353,0.1415,-0.130691273,0.2415718446,-0.28893796,0.2234140913,0.8444149021,1.7700961397,0.3299799261,,0.1630300264,0.1356186713,,,0.1851610328,-0.069940722,-0.171631348,0.0968563635,0.5902565013,0.4547595096,10.269474086,0.0012906292,0.0,0.0,-0.035369479,0.0191363039,-0.054505783,0.2467089814,0.0018703976,0.2448385838,0.0792428276,-0.079242828,0.0013558019,0.0559832761,0.3088351172,0.0935196035,0.0960995385,0.1029777335,0.0594413457,0.0646450971,0.1492198784,0.0,0.1492198784,-0.039912103,-1.027499376,-0.11915493,-3.067531101,1.0297124304,0.1227246405,0.1940723066,0.2059212016,,0.0903244636,,,,0.2255750191,0.2776686018,0.1476614286,2.8871469362,0.0737043506,0.0149589612,0.0080711389,-0.002438846,-0.005211359,,-0.071657503,-0.61408391,0.0320380548,0.0628299637,,,2.4257428729,0.0665911592,0.1108357898,0.1103199947,0.1138934282,1.1846621482,0.0787560221,0.0561874356,0.0118577481,1.5302612821,0.7823900759,0.5066037798,,0.6739301921,5.0,-2.191770272,4.8069243316,71.73771048,1.0494389178,,,0.2090515833,0.1366116922,0.0639026493,0.0450201772,0.0374018528,0.0081203828,0.0164640711,-0.024055007,0.0,0.0,,0.1738070454,0.0112400436,0.387694832,18.584021186,,0.0311944083,0.0537529664,0.2317812823,0.5147547305,0.00086626,18833778.7314005,0.51346888,0.02215444,0.51439915,0.00051218,0.00053008,0.01119541,0.03074005,1.14991133,0.12124746,0.88680245,0.03012902,1.35606967,0.03113552,1.27595227,0.05066556,0.10011762,0.0310737,0.98423299,0.00199747,0.03617295,1.00248202,0.8161934,,,1.2708213677,359,,0.7568809904,,-0.702172902
20140130,20140131,300891.0,01W,CHN,0.052666,2014,1,20131231,20131231,1115.9694735,6.1102139373,1115.9694735,0.0008169521,0.1415,-0.130691273,0.0429440356,-0.118022241,0.699862019,1.4964648512,1.9571664497,0.9468407878,,0.0963816072,0.1307607102,,,0.1851610328,-0.069940722,-0.171631348,0.0968563635,0.5902565013,0.4547595096,10.269474086,0.0012906292,0.0,0.0,-0.035369479,0.0191363039,-0.054505783,0.2467089814,0.0018703976,0.2448385838,0.0792428276,-0.079242828,0.0013558019,0.0559832761,0.3088351172,0.0935196035,0.0960995385,0.1029777335,0.0594413457,0.0646450971,0.1492198784,0.0,0.1492198784,-0.039912103,-1.027499376,-0.11915493,-3.067531101,1.0297124304,0.1227246405,0.1940723066,0.2059212016,,0.0903244636,,,,0.2255750191,0.2776686018,0.1476614286,2.8871469362,0.0737043506,0.0149589612,0.0080711389,-0.002438846,-0.005211359,,-0.071657503,-0.61408391,0.0320380548,0.0628299637,,,2.4257428729,0.0665911592,0.1108357898,0.1103199947,0.1138934282,1.1846621482,0.0787560221,0.0561874356,0.0118577481,1.5302612821,0.7823900759,0.5066037798,,0.6739301921,5.0,-2.191770272,4.8069243316,71.73771048,1.0494389178,,,0.200443721,0.1309865991,0.0612714078,0.0431664362,0.0358618023,0.0077860197,0.0157861501,-0.023064523,0.0,0.0,,0.1669465478,0.0107963775,0.3413838138,18.6148747,,0.0833055728,-0.009836457,0.2320876336,0.5170038233,0.00103708,17669774.3177319,0.55339674,0.01921177,0.55949681,0.00061897,0.00053789,0.01060924,0.02738622,-0.63113969,-0.52468609,-0.26530211,0.01368508,0.35816889,0.0147582,0.29083905,0.04015747,0.05616087,0.03341027,-0.98117782,0.0019024,0.03625056,1.09142801,0.85124404,,,1.0068994057,360,,0.752684688,,-0.705366674
20140228,20140228,300891.0,01W,CHN,-0.032749,2014,2,20140130,20140131,1174.7430082,6.4320138424,1174.7430082,0.0007760792,0.1415,-0.130691273,0.0526658982,0.2948899501,0.1700467306,1.6970103698,1.8130343402,0.5867202297,,0.1778325474,0.1193819239,,,0.6190787513,-0.018852074,-0.618531833,0.0197774579,0.5902565013,0.4547595096,10.269474086,0.0001646604,0.0,0.0,-0.019400919,0.0187171428,-0.038118061,0.1012755958,0.0020596364,0.0992159594,0.0479139779,-0.047913978,-0.000565706,0.3136745314,0.3088351172,0.0633817283,0.0554488062,0.1029777335,0.0320669059,0.0646450971,0.0136258744,0.0,0.0136258744,-0.019527944,-0.84138843,-0.067441922,-2.905828334,0.9402458197,0.08445716,0.148832102,0.2072878112,,0.389716043,,,,0.0989223082,0.1427977576,0.1476614286,2.8871469362,0.0566739742,0.0174224601,0.0113852846,-0.007988874,-0.006609335,,-0.071657503,-0.61408391,0.0320380548,0.0628299637,,,2.4257428729,0.0581587049,0.1026200095,0.1103199947,0.0897759839,1.1985233374,0.0427371339,0.0359208623,-0.015824572,1.3816469252,0.8434338389,0.653617391,,1.1194134811,6.0,-2.191770272,7.6582900842,77.513323852,1.0494389178,,,0.2875276171,0.2081049882,0.0709247333,-0.041129392,0.0346120059,0.0066732831,0.0122881063,-0.010587459,0.0,0.0,,0.1741377772,0.0107712551,0.558404756,18.263731974,,0.1758650554,-0.300898558,0.1859073984,0.5151189445,0.00186091,15267977.816512,0.59812051,0.0151462,0.58493042,0.00088433,0.00060146,0.0081756,0.02012301,1.06564877,0.04443949,2.27755025,0.0183094,0.42498266,0.01837609,0.40935238,0.03538383,0.05312201,0.02547561,0.1507646,0.00196511,0.03539864,1.08941763,0.89607557,,,0.9040580612,361,,-0.073097736,,-0.460127359
20140331,20140331,300891.0,01W,CHN,-0.26832,2014,3,20140228,20140228,1136.270883,6.2213692672,1136.270883,0.0008023559,0.1415,-0.130691273,-0.032749397,0.09787162,-0.030760938,0.6676192224,1.5140970393,1.0412127635,,-0.082713457,0.1239241112,,,0.6190787513,-0.018852074,-0.618531833,0.0197774579,0.5902565013,0.4547595096,10.269474086,0.0001646604,0.0,0.0,-0.019400919,0.0187171428,-0.038118061,0.1012755958,0.0020596364,0.0992159594,0.0479139779,-0.047913978,-0.000565706,0.3136745314,0.3088351172,0.0633817283,0.0554488062,0.1029777335,0.0320669059,0.0646450971,0.0136258744,0.0,0.0136258744,-0.019527944,-0.84138843,-0.067441922,-2.905828334,0.9402458197,0.08445716,0.148832102,0.2072878112,,0.389716043,,,,0.0989223082,0.1427977576,0.1476614286,2.8871469362,0.0566739742,0.0174224601,0.0113852846,-0.007988874,-0.006609335,,-0.071657503,-0.61408391,0.0320380548,0.0628299637,,,2.4257428729,0.0581587049,0.1026200095,0.1103199947,0.0897759839,1.1985233374,0.0427371339,0.0359208623,-0.015824572,1.3816469252,0.8434338389,0.653617391,,1.1194134811,6.0,-2.191770272,7.6582900842,77.513323852,1.0494389178,,,0.2972627944,0.2151510556,0.0733261195,-0.04252196,0.0357839073,0.0068992287,0.0127041598,-0.010945932,0.0,0.0,,0.1802956183,0.0111521471,0.4864048335,18.227517161,,0.1222932568,-0.716691908,0.1855735278,0.509410378,0.00166856,13225260.2608853,0.60775645,0.01277266,0.5899161,0.00115511,0.00064428,0.01297724,0.02648336,0.25606811,0.31473229,0.18086025,0.02136887,0.01733029,0.02170063,-0.30605719,0.02873068,0.05119345,0.02823087,0.04735924,0.00208954,0.03513545,1.07064886,0.86672963,,,0.7397912171,362,,-0.091179614,,-0.474316575
20140430,20140430,300891.0,01W,CHN,0.000204,2014,4,20140331,20140331,831.38675415,4.5520518734,831.38675415,0.0010965939,0.1415,-0.130691273,-0.268319934,0.0181917247,-0.063412837,0.8051123524,1.6510384313,1.8277831736,,-0.034607669,0.1026775416,,,0.6190787513,-0.018852074,-0.618531833,0.0197774579,0.5902565013,0.4547595096,10.269474086,0.0001646604,0.0,0.0,-0.019400919,0.0187171428,-0.038118061,0.1012755958,0.0020596364,0.0992159594,0.0479139779,-0.047913978,-0.000565706,0.3136745314,0.3088351172,0.0633817283,0.0554488062,0.1029777335,0.0320669059,0.0646450971,0.0136258744,0.0,0.0136258744,-0.019527944,-0.84138843,-0.067441922,-2.905828334,0.9402458197,0.08445716,0.148832102,0.2072878112,,0.389716043,,,,0.0989223082,0.1427977576,0.1476614286,2.8871469362,0.0566739742,0.0174224601,0.0113852846,-0.007988874,-0.006609335,,-0.071657503,-0.61408391,0.0320380548,0.0628299637,,,2.4257428729,0.0581587049,0.1026200095,0.1103199947,0.0897759839,1.1985233374,0.0427371339,0.0359208623,-0.015824572,1.3816469252,0.8434338389,0.653617391,,1.1194134811,6.0,-2.191770272,7.6582900842,77.513323852,1.0494389178,,,0.4062742835,0.2940507275,0.1002160957,-0.05811551,0.0489064947,0.009429297,0.0173629984,-0.014959997,0.0,0.0,,0.2504927299,0.0154941744,0.5233743554,17.821994943,,0.1400547147,-0.67248695,0.1867447386,0.5105352951,0.00339144,10816613.2161889,0.72235921,0.01050184,0.70376892,0.0014725,0.00068853,0.00705925,0.02665963,-1.30199151,-0.04863946,1.67989226,0.02533954,-0.88557381,0.02491237,-0.82274014,0.0141686,0.03011708,0.03178121,-1.42125587,0.00270427,0.03543834,1.20159895,0.63416879,,,0.3597118815,363,,-0.083115313,,-0.480222561
20140530,20140531,300891.0,01W,CHN,0.039877,2014,5,20140430,20140430,831.55597669,4.5529784094,831.55597669,0.0010963707,0.1415,-0.130691273,0.0002035425,-0.292282015,-0.035319175,-0.128326198,1.0092473409,1.932000082,,0.7024574946,0.0388362733,,,0.6226189456,0.2117816068,-0.278922276,-0.073026646,1.0143116942,0.5212142655,1.8029350673,-0.000685643,0.0,0.0,0.0896231621,0.0056911469,0.0839320152,0.0648621329,0.0017001602,0.0631619728,0.0563599591,-0.056359959,0.0009828893,0.3199610942,0.2726264581,0.0988065476,0.0970000265,0.0734712211,0.0347236714,0.0546600571,0.0081142147,0.0,0.0081142147,-0.031869075,-1.238901078,-0.088229034,-3.429878224,1.1389448468,0.0755995481,0.1741404148,0.2004943226,,0.2744621416,,,,0.2386774917,0.118773285,0.0448006574,0.5573572317,0.6453853966,0.0110380524,0.0079890544,-0.003190684,-0.001458587,,0.2317426896,0.2467115135,0.076854456,-0.052097095,,,0.0220616113,0.1056827165,0.1603253762,0.1293295085,0.1573940807,1.2109510636,0.0575927382,0.0651309519,-0.011998465,1.3498727053,0.8554093898,0.6146690783,0.5156714233,1.0897399353,7.0,-2.177209388,8.6321795234,85.803836248,0.7718895345,0.82041818,0.0235729917,0.4047653842,0.2998544845,0.0953502494,-0.015742525,0.0569628349,0.0104120486,0.0233115468,-0.039920567,0.0,0.0,,0.2886561361,0.026784409,0.5270800077,18.024812718,,0.0864682391,-0.638877262,0.2155798073,0.4703521265,0.00292996,9359695.85524666,0.83691451,0.00904911,0.79646383,0.00172776,0.00074331,0.01041434,0.01716405,0.22420766,-0.04425772,0.43674817,0.01725194,-0.60812298,0.01841307,0.43874715,0.02129223,0.03709233,0.01756724,0.10370224,0.00284862,0.03466145,1.07116054,0.63429788,,,0.5568812805,364,-0.366711717,0.2808336811,-0.463003633,-0.486125779
20140630,20140630,300891.0,01W,CHN,0.074648,2014,6,20140530,20140531,864.71614604,4.7345386883,864.71614604,0.001054327,0.1415,-0.130691273,0.0398772545,-0.268171006,-0.222858361,-0.313912465,0.1804443368,0.2234140913,,-0.106423655,0.052136356,,,0.6226189456,0.2117816068,-0.278922276,-0.073026646,1.0143116942,0.5212142655,1.8029350673,-0.000685643,0.0,0.0,0.0896231621,0.0056911469,0.0839320152,0.0648621329,0.0017001602,0.0631619728,0.0563599591,-0.056359959,0.0009828893,0.3199610942,0.2726264581,0.0988065476,0.0970000265,0.0734712211,0.0347236714,0.0546600571,0.0081142147,0.0,0.0081142147,-0.031869075,-1.238901078,-0.088229034,-3.429878224,1.1389448468,0.0755995481,0.1741404148,0.2004943226,,0.2744621416,,,,0.2386774917,0.118773285,0.0448006574,0.5573572317,0.6453853966,0.0110380524,0.0079890544,-0.003190684,-0.001458587,,0.2317426896,0.2467115135,0.076854456,-0.052097095,,,0.0220616113,0.1056827165,0.1603253762,0.1293295085,0.1573940807,1.2109510636,0.0575927382,0.0651309519,-0.011998465,1.3498727053,0.8554093898,0.6146690783,0.5156714233,1.0897399353,7.0,-2.177209388,8.6321795234,85.803836248,0.7718895345,0.82041818,0.0235729917,0.3892434251,0.2883556528,0.0916937542,-0.01513883,0.0547784218,0.0100127669,0.0224175947,-0.038389692,0.0,0.0,,0.2774165854,0.0257414909,0.330517389,18.074991919,,-0.04105222,-0.577630581,0.2134934996,0.4197796241,0.0028753,7533153.04402145,0.7329689,0.00733643,0.66649476,0.00213285,0.00094768,0.00793225,0.01193819,0.74717044,-0.55038574,1.30394803,0.0114373,1.06088108,0.01044237,1.063275,0.02286331,0.03450185,0.01563069,0.34224346,0.00312912,0.03279332,1.02712336,0.65959193,,,0.6304141305,365,-0.390779981,0.266071391,-0.465679478,-0.512489144
20140731,20140731,300891.0,01W,CHN,-0.076054,2014,7,20140630,20140630,928.43787218,5.083431188,928.43787218,0.0009162304,0.1415,-0.131451824,0.0746483924,0.0400889138,-0.225143549,-0.287245626,0.3737127475,0.699862019,,0.5152052543,0.0120857322,,,0.6226189456,0.2117816068,-0.278922276,-0.073026646,1.0143116942,0.5212142655,1.8029350673,-0.000685643,0.0,0.0,0.0896231621,0.0056911469,0.0839320152,0.0648621329,0.0017001602,0.0631619728,0.0563599591,-0.056359959,0.0009828893,0.3199610942,0.2726264581,0.0988065476,0.0970000265,0.0734712211,0.0347236714,0.0546600571,0.0081142147,0.0,0.0081142147,-0.031869075,-1.238901078,-0.088229034,-3.429878224,1.1389448468,0.0755995481,0.1741404148,0.2004943226,,0.2744621416,,,,0.2386774917,0.118773285,0.0448006574,0.5573572317,0.6453853966,0.0110380524,0.0079890544,-0.003190684,-0.001458587,,0.2317426896,0.2467115135,0.076854456,-0.052097095,,,0.0220616113,0.1056827165,0.1603253762,0.1293295085,0.1573940807,1.2109510636,0.0575927382,0.0651309519,-0.011998465,1.3498727053,0.8554093898,0.6146690783,0.5156714233,1.0897399353,7.0,-2.177209388,8.6321795234,85.803836248,0.7718895345,0.82041818,0.0235729917,0.3625283764,0.2685648617,0.0854005121,-0.014099802,0.0510187997,0.009325558,0.0208790019,-0.035754881,0.0,0.0,,0.2581042786,0.0239495015,0.3662325992,18.161356004,,-0.127077085,-1.050376484,0.2156939901,0.4068801041,0.0021866,6252035.21441282,0.76096534,0.00617907,0.66055277,0.00247898,0.00113591,0.00756718,0.02212196,0.72995843,-0.27100081,2.00809577,0.02265109,0.87066097,0.02201083,0.85440416,0.03476707,0.07635017,0.02576966,0.77104836,0.00332224,0.03113804,1.121505,0.70819787,,,1.0139316504,366,-0.385979097,0.2640926965,-0.453950259,-0.521122024
20140829,20140831,300891.0,01W,CHN,0.21293,2014,8,20140731,20140731,857.8262435,4.6968147366,857.8262435,0.0009916495,0.1415,-0.131451824,-0.076054231,0.1175024199,-0.208962463,0.0782525822,-0.025704147,0.1700467306,,0.2707580009,-0.019442653,,,0.2421382574,0.2676901912,0.1872285661,0.0759587798,1.0143116942,0.5212142655,1.8029350673,0.000803038,0.0,0.0,0.104886538,0.0056150563,0.0992714817,0.0515141422,0.0013312448,0.0501828974,-0.11715564,0.1171556397,0.0016765768,0.3051453923,0.2726264581,0.0720846578,0.0745883154,0.0734712211,0.0345468179,0.0546600571,0.0081142147,0.0,-0.11715564,-0.038597105,-1.510766469,0.0785585343,3.0749352408,0.8874650712,0.1149084779,0.1671958931,0.2112062614,,0.259176525,,,,0.185643002,0.118773285,0.0448006574,0.5573572317,0.3641474971,0.0041591381,0.0030811336,-0.00416313,-0.002601963,,0.2317426896,0.2467115135,0.076854456,-0.052097095,,,0.0220616113,0.0447060589,0.0895391113,0.1293295085,0.0926490001,1.2488638712,0.0641451342,0.03599121,0.0097725619,1.3522302652,0.8130691915,0.6146690783,0.5156714233,0.8157088322,5.0,-2.177209388,6.6864816218,86.757900394,0.7718895345,0.82041818,0.0235729917,0.3844311381,0.2842941383,0.0900041792,-0.009631347,0.0580105013,0.0098214578,0.024659387,-0.039133292,0.0,0.0,,0.2773338901,0.0139706985,0.2261050352,18.16569207,,-0.421992116,-0.937287823,0.26172804,0.2573691926,0.00328827,5180116.36828796,0.78709639,0.00533966,0.675054,0.00274825,0.00150232,0.00608971,0.01424876,-0.27262068,-0.18150104,0.5524379,0.01086816,0.45338666,0.00993684,-0.42988614,0.01777246,0.0260357,0.01527714,-0.02101065,0.00354993,0.02750711,1.05916721,0.65433642,,,0.5893440322,367,-0.45854341,0.2944890352,-0.494064378,-0.599485508
20140930,20140930,300891.0,01W,CHN,0.032271,2014,9,20140829,20140831,1040.4833703,5.6969085099,1040.4833703,0.0008175652,0.1415,-0.131451824,0.2129302153,-0.007083165,-0.244378051,-0.197592217,-0.291606639,-0.030760938,,0.0009715098,-0.000173679,,,0.2421382574,0.2676901912,0.1872285661,0.0759587798,1.0143116942,0.5212142655,1.8029350673,0.000803038,0.0,0.0,0.104886538,0.0056150563,0.0992714817,0.0515141422,0.0013312448,0.0501828974,-0.11715564,0.1171556397,0.0016765768,0.3051453923,0.2726264581,0.0720846578,0.0745883154,0.0734712211,0.0345468179,0.0546600571,0.0081142147,0.0,-0.11715564,-0.038597105,-1.510766469,0.0785585343,3.0749352408,0.8874650712,0.1149084779,0.1671958931,0.2112062614,,0.259176525,,,,0.185643002,0.118773285,0.0448006574,0.5573572317,0.3641474971,0.0041591381,0.0030811336,-0.00416313,-0.002601963,,0.2317426896,0.2467115135,0.076854456,-0.052097095,,,0.0220616113,0.0447060589,0.0895391113,0.1293295085,0.0926490001,1.2488638712,0.0641451342,0.03599121,0.0097725619,1.3522302652,0.8130691915,0.6146690783,0.5156714233,0.8157088322,5.0,-2.177209388,6.6864816218,86.757900394,0.7718895345,0.82041818,0.0235729917,0.3169441516,0.2343862283,0.0742039221,-0.007940562,0.0478267427,0.0080972983,0.0203304252,-0.032263432,0.0,0.0,,0.2282581646,0.0114985081,0.1829031421,18.370671798,,-0.850638501,-0.943317079,0.262836793,0.2037709156,0.0017444,4716828.12523143,0.68020708,0.00517614,0.66747071,0.00275627,0.00178697,0.01020844,0.01998843,1.27197797,-0.19978506,1.44862662,0.02080911,1.03698289,0.02036275,1.0214882,0.04235796,0.06754027,0.02333239,1.22782368,0.00349638,0.02563025,1.07297028,0.79366442,,,1.5023749338,368,-0.45556862,0.2893466205,-0.510592894,-0.592110346
20141031,20141031,300891.0,01W,CHN,-0.095926,2014,10,20140930,20140930,1074.0604452,5.8807514521,1074.0604452,0.0007920066,0.1415,-0.131451824,0.0322706503,0.1206817402,0.252619466,-0.066810288,-0.14160223,-0.063412837,,-0.289628093,0.0290898428,,,0.2421382574,0.2676901912,0.1872285661,0.0759587798,1.0143116942,0.5212142655,1.8029350673,0.000803038,0.0,0.0,0.104886538,0.0056150563,0.0992714817,0.0515141422,0.0013312448,0.0501828974,-0.11715564,0.1171556397,0.0016765768,0.3051453923,0.2726264581,0.0720846578,0.0745883154,0.0734712211,0.0345468179,0.0546600571,0.0081142147,0.0,-0.11715564,-0.038597105,-1.510766469,0.0785585343,3.0749352408,0.8874650712,0.1149084779,0.1671958931,0.2112062614,,0.259176525,,,,0.185643002,0.118773285,0.0448006574,0.5573572317,0.3641474971,0.0041591381,0.0030811336,-0.00416313,-0.002601963,,0.2317426896,0.2467115135,0.076854456,-0.052097095,,,0.0220616113,0.0447060589,0.0895391113,0.1293295085,0.0926490001,1.2488638712,0.0641451342,0.03599121,0.0097725619,1.3522302652,0.8130691915,0.6146690783,0.5156714233,0.8157088322,5.0,-2.177209388,6.6864816218,86.757900394,0.7718895345,0.82041818,0.0235729917,0.3070359034,0.2270588902,0.0718841731,-0.007692325,0.046331592,0.0078441621,0.0196948592,-0.031254819,0.0,0.0,,0.2210670848,0.0111362574,0.1827439343,18.400766341,1.8000572288,-0.528915649,-0.382696869,0.2668361277,0.221205852,0.00195712,5383508.57581368,0.6552495,0.00573625,0.61095456,0.00252917,0.00197319,0.00616417,0.02238139,0.45662343,-0.28227026,0.5085811,0.02305299,0.55449139,0.02359985,0.55693364,0.0352955,0.05153884,0.0252636,0.01322767,0.00297802,0.02436438,1.12081485,0.86401199,,,1.2897802873,369,-0.456416091,0.2855944897,-0.501414861,-0.598232908
20141128,20141130,300891.0,01W,CHN,0.031434,2014,11,20141031,20141031,971.03021044,5.3166349674,971.03021044,0.0008760417,0.0,0.000891363,-0.095925919,0.2520722621,0.2927791752,-0.084890702,0.2473731233,-0.035319175,,0.2415718446,-0.001591772,,,0.4834736438,0.3416425103,0.2376555665,0.6955665331,0.3161712725,0.5212142655,1.8029350673,0.0068530187,0.0,0.0,0.1506846447,-0.006768109,0.1574527539,0.0195307922,0.0031268675,0.0164039247,0.0267122205,-0.026712221,0.0026101848,0.3028353358,0.2726264581,0.0921448664,0.0399998043,0.0734712211,0.0394514667,0.0546600571,0.0081142147,0.0,0.0267122205,0.0181168294,0.6177732934,-0.008595391,-0.293097813,1.1267493694,0.1041403277,0.1933066997,0.2130341489,,0.2165781605,,,,0.2579118006,0.1654183672,0.0448006574,0.0252350728,0.3522905757,0.0141431238,0.010459109,-0.000815837,0.0023879701,,-0.480862226,-0.093003692,0.1126601656,0.1737114806,1.0117949619,1.6066362221,0.0220616113,0.0862144944,0.1366944807,0.1293295085,0.0593386555,1.2538857946,0.0112091865,0.0581166337,-0.067546836,1.3452719547,0.8062821566,0.5745124455,0.5156714233,0.9597725556,6.0,-2.177209388,7.5215546759,98.655509364,0.7718895345,0.82041818,0.0235729917,0.3417368913,0.2540281094,0.0795455371,0.0055327898,0.0552953353,0.0100217815,0.0038305925,-0.051430304,0.0,0.0,,0.2581327052,0.0197513178,0.2285553123,18.323016655,1.7843292425,-0.443248829,-0.724587937,0.3105380839,0.3542942746,0.00158999,6316508.47306397,0.65673537,0.00657432,0.62697378,0.00227971,0.00205344,0.00423123,0.01659802,-0.76019133,0.07176042,1.85706415,0.01822468,-0.69389336,0.01480457,-0.32904234,0.01752411,0.0320755,0.02209889,-0.64609688,0.0027176,0.022715,0.97508943,0.78113084,,,0.6877153791,370,-0.041736165,-0.272920308,-0.501652339,0.5828628565
20141231,20141231,300891.0,01W,CHN,-0.232904,2014,12,20141128,20141130,1001.5537537,5.4837590547,1001.5537537,0.0008493433,0.0,0.000891363,0.031434185,-0.06675086,0.1239481778,-0.144661584,-0.091701607,-0.222858361,,0.0429440356,-0.002638122,,,0.4834736438,0.3416425103,0.2376555665,0.6955665331,0.3161712725,0.5212142655,1.8029350673,0.0068530187,0.0,0.0,0.1506846447,-0.006768109,0.1574527539,0.0195307922,0.0031268675,0.0164039247,0.0267122205,-0.026712221,0.0026101848,0.3028353358,0.2726264581,0.0921448664,0.0399998043,0.0734712211,0.0394514667,0.0546600571,0.0081142147,0.0,0.0267122205,0.0181168294,0.6177732934,-0.008595391,-0.293097813,1.1267493694,0.1041403277,0.1933066997,0.2130341489,,0.2165781605,,,,0.2579118006,0.1654183672,0.0448006574,0.0252350728,0.3522905757,0.0141431238,0.010459109,-0.000815837,0.0023879701,,-0.480862226,-0.093003692,0.1126601656,0.1737114806,1.0117949619,1.6066362221,0.0220616113,0.0862144944,0.1366944807,0.1293295085,0.0593386555,1.2538857946,0.0112091865,0.0581166337,-0.067546836,1.3452719547,0.8062821566,0.5745124455,0.5156714233,0.9597725556,6.0,-2.177209388,7.5215546759,98.655509364,0.7718895345,0.82041818,0.0235729917,0.3313220526,0.2462863003,0.0771212922,0.0053641715,0.0536101441,0.0097163558,0.0037138507,-0.049862904,0.0,0.0,,0.2503077779,0.0191525846,0.1870892477,18.353807258,1.7321749491,-0.747416566,-0.853768983,0.312010673,0.2865470247,0.00141444,7419708.41470844,0.61185009,0.00757251,0.59706527,0.00201643,0.00216234,0.01022867,0.02018706,0.78517886,-0.1211584,0.85543077,0.02003811,1.3133232,0.02154529,1.11205636,0.02928922,0.05973098,0.02217547,0.61279688,0.00233849,0.02149234,1.10835327,0.80568505,0.48449971,1.070045744,1.1939307122,371,0.0878130498,-0.278619959,-0.499795769,0.7869305046
20150130,20150131,300891.0,01W,CHN,0.148716,2015,1,20141231,20141231,768.28806871,4.2065706785,768.28806871,0.0011072188,0.0,0.000891363,-0.23290381,-0.067507087,0.078751507,0.2057527915,-0.101725519,-0.225143549,,0.0526658982,-0.028599005,,,0.4834736438,0.3416425103,0.2376555665,0.6955665331,0.3161712725,0.5212142655,1.8029350673,0.0068530187,0.0,0.0,0.1506846447,-0.006768109,0.1574527539,0.0195307922,0.0031268675,0.0164039247,0.0267122205,-0.026712221,0.0026101848,0.3028353358,0.2726264581,0.0921448664,0.0399998043,0.0734712211,0.0394514667,0.0546600571,0.0081142147,0.0,0.0267122205,0.0181168294,0.6177732934,-0.008595391,-0.293097813,1.1267493694,0.1041403277,0.1933066997,0.2130341489,,0.2165781605,,,,0.2579118006,0.1654183672,0.0448006574,0.0252350728,0.3522905757,0.0141431238,0.010459109,-0.000815837,0.0023879701,,-0.480862226,-0.093003692,0.1126601656,0.1737114806,1.0117949619,1.6066362221,0.0220616113,0.0862144944,0.1366944807,0.1293295085,0.0593386555,1.2538857946,0.0112091865,0.0581166337,-0.067546836,1.3452719547,0.8062821566,0.5745124455,0.5156714233,0.9597725556,6.0,-2.177209388,7.5215546759,98.655509364,0.7718895345,0.82041818,0.0235729917,0.4319172183,0.3210631254,0.1005366643,0.0069928277,0.0698871208,0.0126664112,0.0048414406,-0.065002153,0.0,0.0,,0.3257778447,0.0249272627,0.1798860174,18.056406023,1.5674715618,-0.772373088,-0.552001066,0.3125897137,0.2780608336,0.00105844,8806198.16765417,0.57522269,0.0092791,0.59848558,0.00170268,0.00210256,0.0092624,0.0247452,-0.33757895,-0.29485572,1.86805398,0.01524198,-0.44385065,0.01603736,-0.42875191,0.02686981,0.03629944,0.03408686,-0.98334799,0.00219012,0.02145262,1.26386092,0.61803794,0.48238546,0.9972156384,1.0815653185,372,0.0949402436,-0.288735294,-0.49579905,0.8092280026
20150227,20150228,300891.0,01W,CHN,0.101723,2015,2,20150130,20150131,882.54470638,4.8321545465,882.54470638,0.0009638752,0.0,0.000891363,0.1487158819,-0.208790766,-0.104377985,-0.075259851,-0.345411556,-0.208962463,,-0.032749397,-0.012102161,,,0.0089902198,0.6022792692,1.7372380867,2.3446495067,0.1774269982,0.5212142655,1.8029350673,0.0197294527,0.0,0.0,0.1999902542,-0.00277525,0.2027655046,0.0149803019,0.0008960945,0.0140842074,-0.01742926,0.0174292601,0.0057605888,0.0282183408,0.2726264581,0.085313447,0.1074231368,0.0734712211,0.0467755489,0.0546600571,0.0081142147,0.0,-0.01742926,-0.054598576,-1.565631412,-0.037169316,-1.065841872,0.799528137,0.1387742913,0.1920160762,0.2412413612,,0.1801831876,,,,0.2187992386,0.118773285,0.0448006574,0.0441691962,0.9607158873,0.0190553589,0.014164689,0.0016328987,0.0027794044,,-1.790367571,-0.023058863,-0.231934777,0.4413199258,3.4759984455,2.276310845,0.0220616113,0.0532994653,0.0860804336,0.1293295085,0.1083888944,1.2961342451,0.089471775,0.0528245608,0.0467346411,1.3413036398,0.7816237976,0.6146690783,0.5156714233,0.6468438138,6.0,-2.177209388,8.4493400793,97.822712719,0.7718895345,0.82041818,0.0235729917,0.3861647931,0.2879025909,0.0876763613,0.018095958,0.0738195064,0.0134668017,0.0345508495,-0.048796265,0.0,0.0,,0.3005596343,0.0200364076,0.1723008722,18.583318043,1.5704107582,-0.434175374,-0.1428218,0.5085789783,0.3178372247,0.00100682,10576475.9697678,0.49353507,0.01142524,0.52972418,0.00139256,0.00195773,0.00692667,0.024577,0.98829372,0.70610289,-0.44663429,0.0207922,1.08794356,0.02075777,1.4683586,0.04260085,0.06339607,0.02459901,0.96325504,0.00175737,0.02240225,0.75467964,0.70994999,0.47134494,0.913343532,1.7136241338,373,0.5807584924,0.4995120587,-0.489145885,0.8395199599
20150331,20150331,300891.0,01W,CHN,0.196854,2015,3,20150227,20150228,972.32009615,5.3236974165,972.32009615,0.0008748796,0.0,0.000891363,0.1017233338,-0.118824423,-0.151793549,0.0215279647,-0.222604629,-0.244378051,,-0.268319934,0.021538136,,,0.0089902198,0.6022792692,1.7372380867,2.3446495067,0.1774269982,0.5212142655,1.8029350673,0.0197294527,0.0,0.0,0.1999902542,-0.00277525,0.2027655046,0.0149803019,0.0008960945,0.0140842074,-0.01742926,0.0174292601,0.0057605888,0.0282183408,0.2726264581,0.085313447,0.1074231368,0.0734712211,0.0467755489,0.0546600571,0.0081142147,0.0,-0.01742926,-0.054598576,-1.565631412,-0.037169316,-1.065841872,0.799528137,0.1387742913,0.1920160762,0.2412413612,,0.1801831876,,,,0.2187992386,0.118773285,0.0448006574,0.0441691962,0.9607158873,0.0190553589,0.014164689,0.0016328987,0.0027794044,,-1.790367571,-0.023058863,-0.231934777,0.4413199258,3.4759984455,2.276310845,0.0220616113,0.0532994653,0.0860804336,0.1293295085,0.1083888944,1.2961342451,0.089471775,0.0528245608,0.0467346411,1.3413036398,0.7816237976,0.6146690783,0.5156714233,0.6468438138,6.0,-2.177209388,8.4493400793,97.822712719,0.7718895345,0.82041818,0.0235729917,0.3505097706,0.2613202263,0.0795811059,0.0164251382,0.0670036698,0.012223397,0.0313607313,-0.044290852,0.0,0.0,,0.2732570792,0.0182163191,0.1776920005,18.652567784,1.5681823932,-0.444223938,-0.407646638,0.5083683285,0.3179664124,0.00127239,11233426.3117218,0.46849094,0.01219652,0.49492177,0.00137875,0.00192558,0.00583469,0.01801572,1.96249496,-0.26780348,1.80832434,,,,,0.03153177,0.06301567,0.02312424,0.75789396,0.00172224,0.02192918,0.78983758,0.85483164,0.47711089,0.9305860834,1.2815736177,374,0.5658724238,0.4831605709,-0.486218827,0.797345022
20150430,20150430,300891.0,01W,CHN,0.108799,2015,4,20150331,20150331,1163.7250265,6.3716876175,1163.7250265,0.0007309828,0.0,0.000891363,0.1968538253,0.265567091,-0.094724975,0.0472645777,0.1705589099,0.252619466,,0.0002035425,0.0394154344,,,0.0089902198,0.6022792692,1.7372380867,2.3446495067,0.1774269982,0.5212142655,1.8029350673,0.0197294527,0.0,0.0,0.1999902542,-0.00277525,0.2027655046,0.0149803019,0.0008960945,0.0140842074,-0.01742926,0.0174292601,0.0057605888,0.0282183408,0.2726264581,0.085313447,0.1074231368,0.0734712211,0.0467755489,0.0546600571,0.0081142147,0.0,-0.01742926,-0.054598576,-1.565631412,-0.037169316,-1.065841872,0.799528137,0.1387742913,0.1920160762,0.2412413612,,0.1801831876,,,,0.2187992386,0.118773285,0.0448006574,0.0441691962,0.9607158873,0.0190553589,0.014164689,0.0016328987,0.0027794044,,-1.790367571,-0.023058863,-0.231934777,0.4413199258,3.4759984455,2.276310845,0.0220616113,0.0532994653,0.0860804336,0.1293295085,0.1083888944,1.2961342451,0.089471775,0.0528245608,0.0467346411,1.3413036398,0.7816237976,0.6146690783,0.5156714233,0.6468438138,6.0,-2.177209388,8.4493400793,97.822712719,0.7718895345,0.82041818,0.0235729917,0.2928592976,0.2183392999,0.0664919176,0.0137235958,0.0559831688,0.0102129406,0.0262026412,-0.037006066,0.0,0.0,,0.2289212727,0.0152607317,0.2362798428,18.764537433,1.4535229908,-0.311376834,-0.227467672,0.5128953703,0.3443289073,0.00057396,15430139.6626132,0.66304658,0.01618383,0.58768033,0.00106046,0.00152196,0.0113791,0.03254362,1.60461236,-0.1741091,0.38154698,0.03352452,1.50505214,0.03355991,1.27711972,0.05839777,0.10086603,0.03453739,0.94228111,0.00154702,0.02236313,0.80708439,0.99391634,0.47574409,0.9441311412,2.3655602058,375,0.5687085492,0.4671580412,-0.489698389,0.8145377967
20150529,20150531,300891.0,01W,CHN,0.161823,2015,5,20150430,20150430,1290.3375095,7.0649228508,1290.3375095,0.0006592562,0.0,0.000891363,0.1087993127,0.3186017865,0.1984436879,0.3565976039,0.4007028065,0.2927791752,,0.0398772545,0.0456810761,,,0.0735709766,0.699754384,0.1216232789,0.5529527097,1.3543267781,0.8847722653,0.7467681245,0.0044827154,0.0,0.0,0.0850031075,0.0178486393,0.0671544682,0.1235517363,-0.000130064,0.1236818007,0.0303498396,-0.03034984,0.0033909853,0.0204608008,0.231394867,0.1242723054,0.0798974314,0.1105113189,0.0570849595,0.061040703,,,0.0334604038,0.0230128117,0.5673895353,-0.007337028,-0.180897186,0.9067939109,0.1359426265,0.2307201317,0.263794542,0.0719803504,0.1156278379,,,,0.2048762796,0.1526814222,0.0694111691,-0.191222438,0.9755725718,0.0216924519,0.0161726631,0.0106543995,0.0081836088,,0.3684082196,-0.309900125,-0.355876569,0.5734219903,2.8677516205,2.430531247,-0.416475035,0.1104814502,0.1334151403,0.1137881417,0.0857755635,1.2082169486,0.0175462932,0.1029102431,-0.040046445,1.4074511648,0.7599838795,0.5534766125,0.4357090393,0.643403636,5.0,-2.55362092,5.459488527,117.73828639,0.5975308509,0.5756082728,0.0185273107,0.2800414344,0.1989706225,0.0699475307,0.0375669452,0.0623973193,0.0113582299,0.0049136891,-0.040792276,,,0.0044913809,0.227973307,0.023446922,0.2357000189,18.850629547,1.3435156253,-0.479682447,-0.320064105,0.3528633609,0.3871919727,0.00056245,20767015.6321512,0.74887788,0.02012066,0.60692613,0.00087207,0.00124707,0.01164794,0.03778049,1.780735,0.28863285,2.39937016,0.03919591,1.71512873,0.03866857,0.70381223,0.06123694,0.09954598,0.04166205,0.41742682,0.00137444,0.02431184,0.82470095,0.93961732,0.47732521,0.9902580198,2.2697816657,376,-0.214433372,0.0450706461,-1.201752494,0.6691293509
20150630,20150630,300891.0,01W,CHN,-0.165365,2015,6,20150529,20150531,1499.1433299,8.2081873077,1499.1433299,0.0005674327,0.0,0.000891363,0.1618226385,0.3270706988,0.288335753,0.240132756,0.493540033,0.1239481778,,0.0746483924,0.0536060076,,,0.0735709766,0.699754384,0.1216232789,0.5529527097,1.3543267781,0.8847722653,0.7467681245,0.0044827154,0.0,0.0,0.0850031075,0.0178486393,0.0671544682,0.1235517363,-0.000130064,0.1236818007,0.0303498396,-0.03034984,0.0033909853,0.0204608008,0.231394867,0.1242723054,0.0798974314,0.1105113189,0.0570849595,0.061040703,,,0.0334604038,0.0230128117,0.5673895353,-0.007337028,-0.180897186,0.9067939109,0.1359426265,0.2307201317,0.263794542,0.0719803504,0.1156278379,,,,0.2048762796,0.1526814222,0.0694111691,-0.191222438,0.9755725718,0.0216924519,0.0161726631,0.0106543995,0.0081836088,,0.3684082196,-0.309900125,-0.355876569,0.5734219903,2.8677516205,2.430531247,-0.416475035,0.1104814502,0.1334151403,0.1137881417,0.0857755635,1.2082169486,0.0175462932,0.1029102431,-0.040046445,1.4074511648,0.7599838795,0.5534766125,0.4357090393,0.643403636,5.0,-2.55362092,5.459488527,117.73828639,0.5975308509,0.5756082728,0.0185273107,0.2410363038,0.1712573124,0.060204999,0.0323344923,0.0537064069,0.0097762167,0.0042292937,-0.035110588,,,0.003865806,0.1972149591,0.0202834438,0.2274897054,18.917862184,1.3211209712,-0.569234162,-1.283156501,0.3651441482,0.3825243329,0.0005576,26873161.0205935,0.68999967,0.02386778,0.52883105,0.00074616,0.00112539,0.0147422,0.01997351,-0.10964085,-0.22482946,1.32907097,0.01843861,0.50496777,0.01881346,-0.12830047,0.04400381,0.05439441,0.03632027,-1.30028663,0.00121863,0.02476043,0.96548337,0.91168584,0.49719984,0.9615949545,1.5417325403,377,-0.2028985,0.0409118098,-1.201783425,0.679678936
20150731,20150731,300891.0,01W,CHN,-0.29873,2015,7,20150630,20150630,1249.7647159,6.8427765873,1249.7647159,0.0011784115,0.0,0.0011777134,-0.16536503,0.2882281431,0.9512776404,0.3957718456,0.614694289,0.078751507,,-0.076054231,0.045486844,,,0.0735709766,0.699754384,0.1216232789,0.5529527097,1.3543267781,0.8847722653,0.7467681245,0.0044827154,0.0,0.0,0.0850031075,0.0178486393,0.0671544682,0.1235517363,-0.000130064,0.1236818007,0.0303498396,-0.03034984,0.0033909853,0.0204608008,0.231394867,0.1242723054,0.0798974314,0.1105113189,0.0570849595,0.061040703,,,0.0334604038,0.0230128117,0.5673895353,-0.007337028,-0.180897186,0.9067939109,0.1359426265,0.2307201317,0.263794542,0.0719803504,0.1156278379,,,,0.2048762796,0.1526814222,0.0694111691,-0.191222438,0.9755725718,0.0216924519,0.0161726631,0.0106543995,0.0081836088,,0.3684082196,-0.309900125,-0.355876569,0.5734219903,2.8677516205,2.430531247,-0.416475035,0.1104814502,0.1334151403,0.1137881417,0.0857755635,1.2082169486,0.0175462932,0.1029102431,-0.040046445,1.4074511648,0.7599838795,0.5534766125,0.4357090393,0.643403636,5.0,-2.55362092,5.459488527,117.73828639,0.5975308509,0.5756082728,0.0185273107,0.2891327963,0.2054300736,0.0722183315,0.0387865315,0.0644230075,0.0117269674,0.0050732088,-0.04211657,,,0.0046371907,0.2350979702,0.0241796894,0.2132174176,18.834958884,1.3351736617,-0.641481208,-0.84416757,0.3714646503,0.3743497062,0.00056041,33816646.8476078,0.6311859,0.02695641,0.48659807,0.0006555,0.00101702,0.01262071,0.03792325,1.70805122,-0.08362253,1.5202489,0.03526007,1.83331766,0.03551363,1.74874388,0.06556467,0.10009192,0.05682581,-0.02921653,0.00105434,0.0262501,0.98168822,0.70461185,0.52864146,0.9142885434,2.0415932494,378,-0.18722739,0.0070137714,-1.190513402,0.6898697741
20150831,20150831,300891.0,01W,CHN,-0.328097,2015,8,20150731,20150731,876.4228795,4.7986360025,876.4228795,0.0016803956,0.0,0.0011777134,-0.298729698,-0.030302197,0.4177609798,0.2885669613,0.4586140925,-0.104377985,,0.2129302153,-0.001027694,,,0.1221726905,0.7383839881,0.1474773108,1.214575132,1.6563436851,0.8847722653,0.7467681245,0.0123117125,0.0,0.0,0.0169386418,0.0137105675,0.0032280743,0.2058040715,3.03688e-05,0.2057737027,0.0550815245,-0.055081525,0.0027676096,0.0400493161,0.231394867,0.1231471617,0.0665837956,0.1099602318,0.0585656875,0.061040703,,,0.0550815245,0.0202112756,0.4936721957,-0.034870249,-0.851726169,0.9490016992,0.1484759456,0.2472196847,0.2764182523,0.0719803504,0.1170884185,,,4.0,0.2345360864,0.1526814222,0.0694111691,0.3623178423,0.5460725605,0.0058012569,0.0041218169,0.0016421188,0.0010406833,,-0.352013783,-0.280731738,0.1132925035,0.6745249627,0.128215142,-0.220776788,-0.416475035,0.0973990586,0.1381923817,0.1166427646,0.0747185171,1.2059936109,0.0207294048,0.0867950713,-0.043415729,1.4305010785,0.7325536717,0.5534766125,0.4357090393,0.6543114382,6.0,-2.55362092,7.2282555071,125.9336626,0.5975308509,0.5756082728,0.0185273107,0.4222443769,0.2951723583,0.1113522631,0.0619123368,0.0987047274,0.0172869721,0.0087528746,-0.062894547,,,0.0066125582,0.3362656998,0.0345120115,0.2286421518,18.642232871,1.3958548056,-0.454999645,-0.619952517,0.3552120824,0.3362272743,0.00056976,36908454.0214311,0.551639,0.02976687,0.46794747,0.00060957,0.00090271,0.02429675,0.05347221,1.41958484,0.1482294,1.86458206,0.04254627,1.93499947,0.04210579,1.705813,0.08226742,0.10027944,0.07587941,0.19753769,0.00203581,0.03000492,1.02246899,0.49412337,0.57561317,0.9849980725,2.1385135172,379,-0.241187162,0.04693712,-1.194489639,0.5271923087
20150930,20150930,300891.0,01W,CHN,0.081372,2015,9,20150831,20150831,588.87126682,3.2242184999,588.87126682,0.0025009492,0.0,0.0011777134,-0.32809688,-0.414695283,-0.097565024,-0.123905572,-0.156684588,-0.151793549,,0.0322706503,-0.033788378,,,0.1221726905,0.7383839881,0.1474773108,1.214575132,1.6563436851,0.8847722653,0.7467681245,0.0123117125,0.0,0.0,0.0169386418,0.0137105675,0.0032280743,0.2058040715,3.03688e-05,0.2057737027,0.0550815245,-0.055081525,0.0027676096,0.0400493161,0.231394867,0.1231471617,0.0665837956,0.1099602318,0.0585656875,0.061040703,,,0.0550815245,0.0202112756,0.4936721957,-0.034870249,-0.851726169,0.9490016992,0.1484759456,0.2472196847,0.2764182523,0.0719803504,0.1170884185,,,4.0,0.2345360864,0.1526814222,0.0694111691,0.3623178423,0.5460725605,0.0058012569,0.0041218169,0.0016421188,0.0010406833,,-0.352013783,-0.280731738,0.1132925035,0.6745249627,0.128215142,-0.220776788,-0.416475035,0.0973990586,0.1381923817,0.1166427646,0.0747185171,1.2059936109,0.0207294048,0.0867950713,-0.043415729,1.4305010785,0.7325536717,0.5534766125,0.4357090393,0.6543114382,6.0,-2.55362092,7.2282555071,125.9336626,0.5975308509,0.5756082728,0.0185273107,0.6284304456,0.4393079146,0.1657266649,0.0921447379,0.1469032134,0.0257283701,0.0130269891,-0.093606571,,,0.0098415351,0.4866137555,0.0499427076,0.191564977,18.304761741,1.454124638,-0.658468143,-0.633628383,0.3555627934,0.312242918,0.00074177,37055371.7050153,0.52074192,0.03091801,0.4305118,0.00060435,0.00084753,0.01238205,0.03625055,-0.9873337,0.01704121,0.89823025,0.02594978,-0.08645902,0.02463715,-0.14640993,0.06294599,0.09292555,0.06104891,0.04728182,0.00250977,0.0311624,1.01829491,0.33200303,0.59627182,0.9435057668,1.5000214082,380,-0.208096822,0.044197909,-1.209301612,0.5726386976
20151030,20151031,300891.0,01W,CHN,0.268683,2015,10,20150930,20150930,636.78891672,3.4865797017,636.78891672,0.0023127556,0.0,0.0011777134,0.0813720292,-0.528814297,-0.49338101,-0.232624817,-0.451087507,-0.094724975,,-0.095925919,-0.017670383,,,0.1221726905,0.7383839881,0.1474773108,1.214575132,1.6563436851,0.8847722653,0.7467681245,0.0123117125,0.0,0.0,0.0169386418,0.0137105675,0.0032280743,0.2058040715,3.03688e-05,0.2057737027,0.0550815245,-0.055081525,0.0027676096,0.0400493161,0.231394867,0.1231471617,0.0665837956,0.1099602318,0.0585656875,0.061040703,,,0.0550815245,0.0202112756,0.4936721957,-0.034870249,-0.851726169,0.9490016992,0.1484759456,0.2472196847,0.2764182523,0.0719803504,0.1170884185,,,4.0,0.2345360864,0.1526814222,0.0694111691,0.3623178423,0.5460725605,0.0058012569,0.0041218169,0.0016421188,0.0010406833,,-0.352013783,-0.280731738,0.1132925035,0.6745249627,0.128215142,-0.220776788,-0.416475035,0.0973990586,0.1381923817,0.1166427646,0.0747185171,1.2059936109,0.0207294048,0.0867950713,-0.043415729,1.4305010785,0.7325536717,0.5534766125,0.4357090393,0.6543114382,6.0,-2.55362092,7.2282555071,125.9336626,0.5975308509,0.5756082728,0.0185273107,0.5811417613,0.406250488,0.1532559197,0.08521095,0.1358489118,0.0237923391,0.0120467228,-0.086562782,,,0.0091009707,0.4528718016,0.0464796642,0.1860197959,18.382160596,1.431658121,-0.638112599,-0.578275797,0.3565802638,0.3060244349,0.00040167,35336812.2947383,0.56504965,0.03143721,0.41926114,0.00057668,0.00075428,0.01407219,0.03842697,1.36797208,-0.32255696,2.78118031,0.02411889,0.21272119,0.02249754,-0.12453186,0.09169819,0.10003038,0.06779378,-0.11143948,0.00286163,0.03301785,1.10209899,0.35901879,0.61039927,0.99374495,2.0086910847,381,-0.253694753,0.0433464237,-1.200042946,0.4820688144
20151130,20151130,300891.0,01W,CHN,0.437267,2015,11,20151030,20151031,807.88354691,4.4233658942,807.88354691,0.0018229572,0.0,0.0011777134,0.2686834298,-0.27342276,-0.505912749,-0.277612444,-0.34344029,0.1984436879,,0.031434185,0.0038977302,,,0.1093808625,0.6384165544,0.0525830668,0.6179601008,0.878542549,1.0444277522,0.0791450772,0.0093054599,0.0,0.0,-0.027604474,0.0146110847,-0.042215559,0.2029221815,-0.001860371,0.2047825522,0.0486493112,-0.048649311,0.0016100998,0.0371963748,0.231394867,0.1275110796,0.1049584939,0.1131739424,0.057223656,0.061040703,,,0.0486493112,-0.01461845,-0.361204444,-0.063267762,-1.563270797,0.9398831826,0.1506262121,0.2513598756,0.2820636374,0.0719803504,0.1185029576,,,5.0,0.1803487116,0.2728747464,0.0694111691,0.3027352919,0.0971094581,0.0123594307,0.0086399311,-0.001783693,-0.001819178,,-0.158000714,-0.275690929,-0.054375952,0.5774454903,-0.856029966,-0.834073146,-0.416161235,0.1002215153,0.1414583514,0.1194565194,0.1164389445,1.2056145223,0.055089853,0.0903400434,0.0438806665,1.4139281679,0.7081556466,0.6026499026,0.4357090393,0.6471685026,7.0,-2.55362092,7.900289182,124.49359787,0.5975308509,0.5756082728,0.0185273107,0.4556763747,0.3222768914,0.1177775666,0.0637785685,0.1088922073,0.018441862,0.0251031445,-0.044809911,,,0.0071735552,0.3629096049,0.0386977372,0.2033277251,18.462493347,1.4310756216,-0.45761848,-0.352159125,0.402155992,0.3349471376,0.00051796,32504454.4243097,0.5909322,0.03090713,0.40641491,0.00056198,0.00070893,0.01417666,0.0198992,1.17846566,-0.07251525,1.59408541,0.02064365,1.32635972,0.01854644,1.88652376,0.06570974,0.09993634,0.04677568,-0.57279172,0.00304367,0.03333391,1.15091254,0.45548119,0.61810462,1.0082601144,1.394522319,382,0.0392996649,0.5982610649,-1.21501464,0.4706698426
20151231,20151231,300891.0,01W,CHN,0.178628,2015,12,20151130,20151130,1161.1441586,6.3575567161,1161.1441586,0.0012683499,0.0,0.0011777134,0.4372667485,0.3719187748,-0.460468158,-0.168138594,-0.192419219,0.288335753,,-0.23290381,0.0648223264,,,0.1093808625,0.6384165544,0.0525830668,0.6179601008,0.878542549,1.0444277522,0.0791450772,0.0093054599,0.0,0.0,-0.027604474,0.0146110847,-0.042215559,0.2029221815,-0.001860371,0.2047825522,0.0486493112,-0.048649311,0.0016100998,0.0371963748,0.231394867,0.1275110796,0.1049584939,0.1131739424,0.057223656,0.061040703,,,0.0486493112,-0.01461845,-0.361204444,-0.063267762,-1.563270797,0.9398831826,0.1506262121,0.2513598756,0.2820636374,0.0719803504,0.1185029576,,,5.0,0.1803487116,0.2728747464,0.0694111691,0.3027352919,0.0971094581,0.0123594307,0.0086399311,-0.001783693,-0.001819178,,-0.158000714,-0.275690929,-0.054375952,0.5774454903,-0.856029966,-0.834073146,-0.416161235,0.1002215153,0.1414583514,0.1194565194,0.1164389445,1.2056145223,0.055089853,0.0903400434,0.0438806665,1.4139281679,0.7081556466,0.6026499026,0.4357090393,0.6471685026,7.0,-2.55362092,7.900289182,124.49359787,0.5975308509,0.5756082728,0.0185273107,0.3170437048,0.224229004,0.0819455169,0.0443749002,0.0757633942,0.0128312034,0.0174658911,-0.031177171,,,0.0049911092,0.2571910758,0.0274247706,0.197616711,18.727433289,1.4637430116,-0.55522955,-0.174096145,0.4027193848,0.3388444397,0.00058473,29763647.7025346,0.57498567,0.03020481,0.40490043,0.00057104,0.00066895,0.01459445,0.02979418,0.04299058,-0.40705893,0.89132486,0.02686312,0.120411,0.02864233,0.04347043,0.07880919,0.10059979,0.04984541,-0.30141879,0.00313558,0.03438848,1.18391054,0.65464797,0.621949,1.0346667458,1.6064446412,383,-0.030894115,0.6045156601,-1.206454813,0.3583079168
20160129,20160131,300891.0,01W,CHN,-0.414921,2016,1,20151231,20151231,1368.5567047,7.4931926452,1368.5567047,0.0010761243,0.0,0.0011777134,0.1786277307,0.823436508,-0.070909793,-0.001041971,0.5131205424,0.9512776404,,0.1487158819,0.0675415854,,,0.1093808625,0.6384165544,0.0525830668,0.6179601008,0.878542549,1.0444277522,0.0791450772,0.0093054599,0.0,0.0,-0.027604474,0.0146110847,-0.042215559,0.2029221815,-0.001860371,0.2047825522,0.0486493112,-0.048649311,0.0016100998,0.0371963748,0.231394867,0.1275110796,0.1049584939,0.1131739424,0.057223656,0.061040703,,,0.0486493112,-0.01461845,-0.361204444,-0.063267762,-1.563270797,0.9398831826,0.1506262121,0.2513598756,0.2820636374,0.0719803504,0.1185029576,,,5.0,0.1803487116,0.2728747464,0.0694111691,0.3027352919,0.0971094581,0.0123594307,0.0086399311,-0.001783693,-0.001819178,,-0.158000714,-0.275690929,-0.054375952,0.5774454903,-0.856029966,-0.834073146,-0.416161235,0.1002215153,0.1414583514,0.1194565194,0.1164389445,1.2056145223,0.055089853,0.0903400434,0.0438806665,1.4139281679,0.7081556466,0.6026499026,0.4357090393,0.6471685026,7.0,-2.55362092,7.900289182,124.49359787,0.5975308509,0.5756082728,0.0185273107,0.2689939295,0.1902458241,0.0695262081,0.0376496319,0.0642810213,0.0108865616,0.014818836,-0.026452093,,,0.0042346782,0.2196265955,0.0234191991,0.2516291034,18.819260884,1.4673130834,-0.275204318,0.076078779,0.4062850896,0.4736401656,0.00068292,25906833.2619122,0.44180331,0.02830914,0.42227511,0.00058717,0.00065537,0.0209096,0.04046094,0.64408502,-0.40351407,-1.34631578,0.0415082,0.87925913,0.04171892,0.55399675,0.06576244,0.09833181,0.04056786,0.68880942,0.00310308,0.03586465,1.27885672,0.77158625,0.61138173,1.0350102285,1.3324158809,384,-0.003854999,0.6218307887,-1.205072548,0.3757874712
20160229,20160229,300891.0,01W,CHN,-0.044684,2016,2,20160129,20160131,800.71395153,4.3841105537,800.71395153,0.0018392799,0.0,0.0011777134,-0.414920881,0.6940024462,0.5615255338,0.0618690162,0.5525212625,0.4177609798,,0.1017233338,0.0205739295,,,0.1010054712,0.2430854348,-0.548537619,-0.1788332,0.5584989258,0.9542210262,-0.528596888,-0.00457137,0.0,0.0,-0.086661168,0.0117995377,-0.098460706,0.1800011448,-0.002091976,0.1820931209,0.0726233705,-0.072623371,-0.002689158,0.0094086673,0.231394867,0.1121686067,0.0712991292,0.1074375306,0.0536443256,0.061040703,,,0.1656478618,0.0038475061,0.1044670468,-0.068775864,-1.867394417,0.8844839951,0.1426425743,0.2262050265,0.2686639478,0.0719803504,0.1620526315,,,6.0,0.0920797464,0.1526814222,0.0694111691,0.2357600251,-0.298826335,0.0139083052,0.009836642,-0.005147054,-0.004328047,,0.266468141,-0.574519776,0.1366368825,0.2723052724,-2.547956898,-1.481587615,-0.647505977,0.0827368566,0.1234982497,0.1089303275,0.0785007313,1.1816608329,0.0329823482,0.0751466353,-0.056489427,1.4565446046,0.6771729187,0.5534766125,0.4357090393,0.6637533859,7.0,-2.55362092,4.1219963948,112.62037533,0.5975308509,0.5756082728,0.0185273107,0.4686207039,0.321734537,0.1306694584,0.0547282401,0.1011419759,0.0172592323,0.0154562112,-0.026017362,,,0.0072377873,0.3569286976,0.0333880025,0.2333852412,18.009471729,1.4825133161,-0.164631041,0.4241794414,0.3861921246,0.5015829126,0.00086679,23673298.9522191,0.41533649,0.02604418,0.38943008,0.00061432,0.00064306,0.01223569,0.03229029,-0.82434315,0.3100713,1.94858979,0.02735855,0.8520689,0.02346992,0.36211755,0.05356417,0.08429475,0.06123242,0.16445257,0.00249127,0.03583273,1.29802113,0.45143901,0.63378185,1.0611112491,1.0224276981,385,-0.421569561,0.2666224152,-1.224705731,0.0066323984
20160331,20160331,300891.0,01W,CHN,0.479681,2016,3,20160229,20160229,764.93448149,4.1882089438,764.93448149,0.0019253114,0.0,0.0011777134,-0.044684459,-0.310409525,0.3597436259,-0.465256255,-0.175520981,-0.097565024,,0.1968538253,-0.001384096,,,0.1010054712,0.2430854348,-0.548537619,-0.1788332,0.5584989258,0.9542210262,-0.528596888,-0.00457137,0.0,0.0,-0.086661168,0.0117995377,-0.098460706,0.1800011448,-0.002091976,0.1820931209,0.0726233705,-0.072623371,-0.002689158,0.0094086673,0.231394867,0.1121686067,0.0712991292,0.1074375306,0.0536443256,0.061040703,,,0.1656478618,0.0038475061,0.1044670468,-0.068775864,-1.867394417,0.8844839951,0.1426425743,0.2262050265,0.2686639478,0.0719803504,0.1620526315,,,6.0,0.0920797464,0.1526814222,0.0694111691,0.2357600251,-0.298826335,0.0139083052,0.009836642,-0.005147054,-0.004328047,,0.266468141,-0.574519776,0.1366368825,0.2723052724,-2.547956898,-1.481587615,-0.647505977,0.0827368566,0.1234982497,0.1089303275,0.0785007313,1.1816608329,0.0329823482,0.0751466353,-0.056489427,1.4565446046,0.6771729187,0.5534766125,0.4357090393,0.6637533859,7.0,-2.55362092,4.1219963948,112.62037533,0.5975308509,0.5756082728,0.0185273107,0.4905402289,0.3367835268,0.1367814642,0.0572881292,0.1058728468,0.0180665252,0.0161791687,-0.027234312,,,0.0075763316,0.3727192665,0.0348650918,0.2136010654,17.947548692,1.4848523427,-0.129331752,0.5611857128,0.3829849784,0.4435672657,0.00069843,23688504.0900489,0.43769631,0.02566687,0.38804183,0.00059526,0.00062761,0.01116019,0.03083201,1.94718113,-0.08342331,1.11626867,0.03395661,1.91697351,0.03107692,0.64757268,0.04913161,0.09911856,0.05084209,-0.35071591,0.00203978,0.03633577,1.30249961,0.4312667,0.63888813,1.0703589716,0.9184418863,386,-0.444512046,0.2577874009,-1.220668732,-0.03339215
20160429,20160430,300891.0,01W,CHN,0.069229,2016,4,20160331,20160331,1131.8590649,6.1972134522,1131.8590649,0.0013011665,0.0,0.0011777134,0.4796810607,-0.441064825,0.2012371155,-0.387937208,-0.341909929,-0.49338101,,0.1087993127,0.0323324262,,,0.1010054712,0.2430854348,-0.548537619,-0.1788332,0.5584989258,0.9542210262,-0.528596888,-0.00457137,0.0,0.0,-0.086661168,0.0117995377,-0.098460706,0.1800011448,-0.002091976,0.1820931209,0.0726233705,-0.072623371,-0.002689158,0.0094086673,0.231394867,0.1121686067,0.0712991292,0.1074375306,0.0536443256,0.061040703,,,0.1656478618,0.0038475061,0.1044670468,-0.068775864,-1.867394417,0.8844839951,0.1426425743,0.2262050265,0.2686639478,0.0719803504,0.1620526315,,,6.0,0.0920797464,0.1526814222,0.0694111691,0.2357600251,-0.298826335,0.0139083052,0.009836642,-0.005147054,-0.004328047,,0.266468141,-0.574519776,0.1366368825,0.2723052724,-2.547956898,-1.481587615,-0.647505977,0.0827368566,0.1234982497,0.1089303275,0.0785007313,1.1816608329,0.0329823482,0.0751466353,-0.056489427,1.4565446046,0.6771729187,0.5534766125,0.4357090393,0.6637533859,7.0,-2.55362092,4.1219963948,112.62037533,0.5975308509,0.5756082728,0.0185273107,0.3315175425,0.2276054859,0.092439829,0.0387165388,0.0715511266,0.0122097428,0.010934227,-0.018405529,,,0.0051202464,0.2563952866,0.023983856,0.1809052887,18.396790535,1.5548972343,-0.089118343,0.3852415151,0.3801106323,0.4364232982,0.00044431,25874674.3032928,0.4392876,0.02553082,0.39554852,0.00061128,0.00061335,0.01741974,0.044732,0.8161266,-0.11890325,0.70106021,0.04549472,0.54003125,0.04637271,0.80975938,0.09136183,0.10245838,0.04977486,0.5539192,0.00175741,0.03755558,1.27379531,0.63813716,0.631983,1.0702539566,1.6693388823,387,-0.464237281,0.2512716816,-1.226693214,-0.04442006
20160531,20160531,300891.0,01W,CHN,0.088427,2016,5,20160429,20160430,1210.2161072,6.6262379939,1210.2161072,0.0012169208,0.0,0.0011777134,0.0692286211,0.4135623124,0.4010175962,0.2914531231,-0.121785698,-0.505912749,,0.1618226385,0.0239147883,,,0.0171065827,-0.20619961,-0.816663688,-0.162485035,0.6849364497,0.6350153497,-0.851721705,-0.002011214,0.0,0.0,-0.091218611,-0.007537591,-0.08368102,0.0989748025,1.73745e-05,0.0989574281,0.0309580943,-0.030958094,-0.004568606,-0.006619008,0.171756185,0.0968426239,0.0631374657,0.0693419077,0.0404919343,0.035316126,,,0.1259791836,0.0110248599,0.3934948407,-0.019933234,-0.711448943,0.8601897712,0.1102561406,0.1753703205,0.2056177833,0.060512823,0.1227457863,,,0.0,0.0155377355,0.1229832432,0.0494202603,-0.794365725,-0.497304985,0.0088436541,0.0060716672,-0.012848798,-0.010100996,,-0.019368183,-0.601751292,-0.088814164,0.0764082661,-3.069808351,-3.070036716,-0.863125568,0.0754309895,0.0984992703,0.0686848727,0.064217532,1.1332735158,0.0169929405,0.0741623256,-0.000553353,1.4452217459,0.696718536,0.627958559,0.5275440682,0.5922950796,4.0,-2.2098309,8.0047249466,79.939696386,1.4062566363,0.2152639951,0.0081524997,0.3036890633,0.2101331952,0.0839799865,0.0467034336,0.0528101783,0.0085086995,0.0051605702,-0.003773755,,,0.003195693,0.2453766947,0.0184642503,0.1534285838,18.172481359,1.5473215722,0.0310714771,0.8718157937,0.4055666646,0.4214625685,0.00069196,26104972.3274486,0.45450636,0.02416987,0.41653591,0.00063414,0.00062303,0.01022212,0.0371954,1.22531874,-0.58343159,2.72210667,0.03895659,1.33994835,0.03907969,1.11070716,0.05629231,0.08731953,0.04249215,-0.23003728,0.00169284,0.03745222,1.31735377,0.68231452,0.63238061,1.0784932984,1.0268859682,388,-0.794278131,-0.289397522,-1.362261926,0.0106690331
20160630,20160630,300891.0,01W,CHN,0.408892,2016,6,20160531,20160531,1316.1259659,3.6030605725,1316.1259659,0.0018990331,0.0,0.0020175045,0.0884268464,0.5821173401,0.0422617194,1.0551454544,-0.191776923,-0.460468158,,-0.16536503,0.0469867771,,,0.0171065827,-0.20619961,-0.816663688,-0.162485035,0.6849364497,0.6350153497,-0.851721705,-0.002011214,0.0,0.0,-0.091218611,-0.007537591,-0.08368102,0.0989748025,1.73745e-05,0.0989574281,0.0309580943,-0.030958094,-0.004568606,-0.006619008,0.171756185,0.0968426239,0.0631374657,0.0693419077,0.0404919343,0.035316126,,,0.1259791836,0.0110248599,0.3934948407,-0.019933234,-0.711448943,0.8601897712,0.1102561406,0.1753703205,0.2056177833,0.060512823,0.1227457863,,,0.0,0.0155377355,0.1229832432,0.0494202603,-0.794365725,-0.497304985,0.0088436541,0.0060716672,-0.012848798,-0.010100996,,-0.019368183,-0.601751292,-0.088814164,0.0764082661,-3.069808351,-3.070036716,-0.863125568,0.0754309895,0.0984992703,0.0686848727,0.064217532,1.1332735158,0.0169929405,0.0741623256,-0.000553353,1.4452217459,0.696718536,0.627958559,0.5275440682,0.5922950796,4.0,-2.2098309,8.0047249466,79.939696386,1.4062566363,0.2152639951,0.0081524997,0.2792509269,0.1932235851,0.0772220402,0.0429451656,0.048560495,0.0078239967,0.0047452944,-0.003470078,,,0.0029385326,0.2264440725,0.0170395972,0.1334524401,18.265896178,1.5412091858,0.3999437985,0.7416815552,0.4188816097,0.4590043677,0.00052196,25559883.9945935,0.47560983,0.02310497,0.43844106,0.00062154,0.00061364,0.01386155,0.02809587,0.02636048,0.28780083,1.33519262,0.02783182,0.33937913,0.02814426,0.16608749,0.05117602,0.0770554,0.03531416,0.17433945,0.00163766,0.03778941,1.27889861,0.74202603,0.63291282,1.0987397138,0.9360553022,389,-0.834187639,-0.303985779,-1.369213135,-0.074159168
20160729,20160731,300891.0,01W,CHN,0.011979,2016,7,20160630,20160630,1854.2792554,5.0763229725,1854.2792554,0.0005536543,0.0,0.0008397911,0.4088919324,0.1637771361,-0.037503016,1.068553121,0.0539837493,-0.070909793,,-0.298729698,0.1113160162,,,0.0171065827,-0.20619961,-0.816663688,-0.162485035,0.6849364497,0.6350153497,-0.851721705,-0.002011214,0.0,0.0,-0.091218611,-0.007537591,-0.08368102,0.0989748025,1.73745e-05,0.0989574281,0.0309580943,-0.030958094,-0.004568606,-0.006619008,0.171756185,0.0968426239,0.0631374657,0.0693419077,0.0404919343,0.035316126,,,0.1259791836,0.0110248599,0.3934948407,-0.019933234,-0.711448943,0.8601897712,0.1102561406,0.1753703205,0.2056177833,0.060512823,0.1227457863,,,0.0,0.0155377355,0.1229832432,0.0494202603,-0.794365725,-0.497304985,0.0088436541,0.0060716672,-0.012848798,-0.010100996,,-0.019368183,-0.601751292,-0.088814164,0.0764082661,-3.069808351,-3.070036716,-0.863125568,0.0754309895,0.0984992703,0.0686848727,0.064217532,1.1332735158,0.0169929405,0.0741623256,-0.000553353,1.4452217459,0.696718536,0.627958559,0.5275440682,0.5922950796,4.0,-2.2098309,8.0047249466,79.939696386,1.4062566363,0.2152639951,0.0081524997,0.1982060657,0.1371457815,0.054810478,0.0304815186,0.0344671538,0.005553298,0.0033681039,-0.002462984,,,0.0020857048,0.1626689048,0.0122406057,0.1580248245,18.575690301,1.5486092515,0.3137714854,0.576379295,0.405721341,0.4755147799,0.00043232,28246250.5612573,0.53681741,0.02435821,0.4338861,0.00056643,0.00060907,0.01353033,0.03419309,0.54411068,0.5883561,2.25835115,0.03485705,1.11203587,0.03381057,1.26383959,0.08480842,0.10040461,0.04613329,0.80904456,0.00161111,0.03769211,1.31910084,0.96887823,0.63220769,1.1476624898,1.5706235699,390,-0.930530684,-0.328212881,-1.369843472,-0.2474831
20160831,20160831,300891.0,01W,CHN,0.069751,2016,8,20160729,20160731,1876.4924488,5.1371343869,1876.4924488,0.0005471004,0.0,0.0008397911,0.0119794219,0.5334758029,1.3177279641,1.2971591931,1.1175133148,0.5615255338,,-0.32809688,0.1422320437,,,-0.010712982,-0.313037141,-0.934781885,-0.590360679,-0.144053177,0.5138822623,-0.911152198,-0.013396138,0.0,0.0,-0.0142889,-0.010406702,-0.003882198,0.0103139569,-0.001697047,0.0120110039,0.0042713563,-0.004271356,-0.005688357,-0.002996733,0.171756185,0.0639121581,0.0120094525,0.0277010351,0.0392576417,0.035316126,,,0.0768813661,0.0178870789,0.6475472044,0.0136157226,0.4929157602,0.8537241263,0.1350027632,0.1614506818,0.1881004269,0.060512823,0.1115023184,,,0.0,0.0080417218,0.1229832432,0.0494202603,-0.925163693,-0.358651737,0.003994821,0.0027641578,-0.001806436,-0.001357659,,0.3077821606,-0.939664327,-0.197352691,-0.053477818,-0.84982064,-0.37916333,-0.931081901,0.0295762503,0.0632274683,0.0275835576,0.0118807954,1.1026816926,0.0097357396,0.0298965313,-0.010993665,1.4212033336,0.6959882012,0.627958559,0.5275440682,0.5736369167,4.0,-2.2098309,6.9009753627,82.116678572,1.4062566363,0.2152639951,0.0081524997,0.1950981135,0.1372767069,0.0528408283,0.0310869363,0.0316692732,0.0053891598,0.0018994244,-0.000282982,,,0.002061015,0.1632875341,0.0056569011,0.2149063755,18.524003169,1.5487965418,0.6582187262,1.0855349151,0.4167520812,0.4465283246,0.0004863,33203537.0395522,0.54070589,0.02566965,0.43818117,0.0005278,0.00059876,0.01067375,0.04150106,0.05862603,0.79613897,-0.41253004,0.04238087,-0.05317126,0.0391724,0.25194987,0.05156857,0.10149784,0.04215256,0.104538,0.00112127,0.03666329,1.33307927,0.95504997,0.62284145,1.1642727064,1.0151115909,391,-1.12971133,-0.689042973,-1.401376473,-0.252502621
20160930,20160930,300891.0,01W,CHN,-0.11186,2016,9,20160831,20160831,2007.3795035,5.4954541817,2007.3795035,0.0005114278,0.0,0.0008397911,0.0697509093,0.4257696432,1.4552023969,0.6174296348,2.1892691633,0.3597436259,,0.0813720292,0.1411755782,,,-0.010712982,-0.313037141,-0.934781885,-0.590360679,-0.144053177,0.5138822623,-0.911152198,-0.013396138,0.0,0.0,-0.0142889,-0.010406702,-0.003882198,0.0103139569,-0.001697047,0.0120110039,0.0042713563,-0.004271356,-0.005688357,-0.002996733,0.171756185,0.0639121581,0.0120094525,0.0277010351,0.0392576417,0.035316126,,,0.0768813661,0.0178870789,0.6475472044,0.0136157226,0.4929157602,0.8537241263,0.1350027632,0.1614506818,0.1881004269,0.060512823,0.1115023184,,,0.0,0.0080417218,0.1229832432,0.0494202603,-0.925163693,-0.358651737,0.003994821,0.0027641578,-0.001806436,-0.001357659,,0.3077821606,-0.939664327,-0.197352691,-0.053477818,-0.84982064,-0.37916333,-0.931081901,0.0295762503,0.0632274683,0.0275835576,0.0118807954,1.1026816926,0.0097357396,0.0298965313,-0.010993665,1.4212033336,0.6959882012,0.627958559,0.5275440682,0.5736369167,4.0,-2.2098309,6.9009753627,82.116678572,1.4062566363,0.2152639951,0.0081524997,0.182377142,0.1283258614,0.0493954507,0.0290599765,0.0296043433,0.0050377707,0.0017755764,-0.000264531,,,0.0019266308,0.1529413654,0.0052984705,0.3031570707,18.576773878,1.5480181973,0.843419613,1.4600690199,0.4134857087,0.4499817712,0.0005477,36567505.017414,0.50054323,0.02545706,0.4302945,0.00051993,0.00057971,0.00821968,0.02416843,-0.03520064,-0.0218378,0.39335878,0.02205847,0.01281088,0.02468953,-0.01661687,0.03529914,0.04902103,0.02421798,-0.10500212,0.00089111,0.03548503,1.39491685,0.95389944,0.62061346,1.269878072,0.7417324789,392,-1.170194949,-0.687920433,-1.398921579,-0.362709549
20161031,20161031,300891.0,01W,CHN,-0.089712,2016,10,20160930,20160930,1782.8345902,4.8807342044,1782.8345902,0.0005758413,0.0,0.0008397911,-0.111859722,0.0825659068,0.7750142693,0.4680180837,2.1549952241,0.2012371155,,0.2686834298,0.1065807463,-0.0454414,0.0337344737,-0.010712982,-0.313037141,-0.934781885,-0.590360679,-0.144053177,0.5138822623,-0.911152198,-0.013396138,0.0,0.0,-0.0142889,-0.010406702,-0.003882198,0.0103139569,-0.001697047,0.0120110039,0.0042713563,-0.004271356,-0.005688357,-0.002996733,0.171756185,0.0639121581,0.0120094525,0.0277010351,0.0392576417,0.035316126,,,0.0768813661,0.0178870789,0.6475472044,0.0136157226,0.4929157602,0.8537241263,0.1350027632,0.1614506818,0.1881004269,0.060512823,0.1115023184,,,0.0,0.0080417218,0.1229832432,0.0494202603,-0.925163693,-0.358651737,0.003994821,0.0027641578,-0.001806436,-0.001357659,,0.3077821606,-0.939664327,-0.197352691,-0.053477818,-0.84982064,-0.37916333,-0.931081901,0.0295762503,0.0632274683,0.0275835576,0.0118807954,1.1026816926,0.0097357396,0.0298965313,-0.010993665,1.4212033336,0.6959882012,0.627958559,0.5275440682,0.5736369167,4.0,-2.2098309,6.9009753627,82.116678572,1.4062566363,0.2152639951,0.0081524997,0.2053472256,0.1444882803,0.0556167217,0.03272003,0.0333329588,0.0056722691,0.0019992071,-0.000297848,,,0.0021692866,0.1715937574,0.0059446603,0.2837406113,18.481486532,1.5557913862,0.788746795,1.0199138134,0.4151147436,0.4487165234,0.0014812,34450724.0116612,0.56239762,0.0219361,0.51465171,0.00060656,0.0006347,0.00537439,0.01809907,-0.33182013,0.11271494,1.43736707,0.0161789,-1.02728514,0.01316428,-0.65222474,0.0228933,0.03840167,0.02398842,-0.27147285,0.00083162,0.03415812,1.277539,0.84719651,0.62024283,1.2799712023,0.51681502,393,-1.170551786,-0.692820335,-1.397346195,-0.383211101
20161130,20161130,300891.0,01W,CHN,-0.118257,2016,11,20161031,20161031,1622.8931013,4.442874237,1622.8931013,0.0006325923,0.0,0.0008397911,-0.089711906,-0.04991113,0.4743915711,1.2284267987,1.2086505345,0.4010175962,0.5810831628,0.4372667485,0.0586735959,0.0055872953,0.0296817997,-0.03938841,-0.452490236,-0.909428339,-0.269844624,0.4019982674,0.2035191551,-0.882009101,-0.006844018,0.0,0.0,-0.023473071,-0.007480687,-0.015992384,0.0040393914,-0.000234536,0.0042739273,0.0020187758,-0.002018776,-0.007785247,-0.035306767,0.171756185,0.032117264,-0.027089162,-0.016804349,0.0297592192,0.035316126,,,0.0530331501,0.0256702342,1.2306256204,0.0236514584,1.1338459328,0.8359572809,0.1399801061,0.1334659825,0.1565121176,0.060512823,0.1017921984,,,0.0,-0.011256886,0.0185536802,0.0494202603,-0.904665804,-0.680343671,0.00179049,0.0012598408,-0.010568941,-0.00738009,,-0.222515462,-0.777121196,-0.386956342,-0.207523152,-1.215724887,-1.528697776,-0.883062212,-0.001363038,0.0308522161,-0.015998498,-0.026022163,1.0420594897,-0.004810735,-0.001418928,-0.059900588,1.4266506982,0.6836784903,0.6269598421,0.3847566919,0.5512743979,3.0,-2.2098309,10.998407773,59.161233527,1.4062566363,0.2152639951,0.0081524997,0.2179029873,0.1527374483,0.0590701041,0.03688928,0.0296788808,0.0045453472,-0.001048274,-0.004200442,,,0.0023830769,0.182880402,-0.000298189,0.2216365216,18.385218213,1.54450228,0.7211865108,0.5132528748,0.447406313,0.3817373468,0.00189601,33175077.7005508,0.61098687,0.02009086,0.59355641,0.0006581,0.00067278,0.00789459,0.02040657,-1.25685072,0.32554553,1.30896773,0.01742513,-1.78170501,0.01881565,-3.23582735,0.01444091,0.04145981,0.02205713,-0.66580433,0.00079513,0.03427697,1.21221098,0.7711929,0.62073986,1.3162359948,0.3352861532,394,-1.336520082,-1.305103614,-1.40690183,-0.251259147
20161230,20161231,300891.0,01W,CHN,-0.071794,2016,12,20161130,20161130,1430.9745113,3.9174729284,1430.9745113,0.000717434,0.0,0.0008397911,-0.118257074,-0.191536479,0.2330834155,1.1233930543,0.3988414383,0.0422617194,1.6992447901,0.1786277307,0.0316840681,-0.057325248,0.0489326553,-0.03938841,-0.452490236,-0.909428339,-0.269844624,0.4019982674,0.2035191551,-0.882009101,-0.006844018,0.0,0.0,-0.023473071,-0.007480687,-0.015992384,0.0040393914,-0.000234536,0.0042739273,0.0020187758,-0.002018776,-0.007785247,-0.035306767,0.171756185,0.032117264,-0.027089162,-0.016804349,0.0297592192,0.035316126,,,0.0530331501,0.0256702342,1.2306256204,0.0236514584,1.1338459328,0.8359572809,0.1399801061,0.1334659825,0.1565121176,0.060512823,0.1017921984,,,0.0,-0.011256886,0.0185536802,0.0494202603,-0.904665804,-0.680343671,0.00179049,0.0012598408,-0.010568941,-0.00738009,,-0.222515462,-0.777121196,-0.386956342,-0.207523152,-1.215724887,-1.528697776,-0.883062212,-0.001363038,0.0308522161,-0.015998498,-0.026022163,1.0420594897,-0.004810735,-0.001418928,-0.059900588,1.4266506982,0.6836784903,0.6269598421,0.3847566919,0.5512743979,3.0,-2.2098309,10.998407773,59.161233527,1.4062566363,0.2152639951,0.0081524997,0.2471275708,0.1732221987,0.0669924333,0.0418367746,0.0336593353,0.0051549574,-0.001188865,-0.004763795,,,0.002702689,0.2064229048,-0.000336575,0.1599338637,18.258059472,1.5274542379,0.484186245,0.2254746903,0.4491307633,0.3732078805,0.00142189,31350884.7036664,0.65522086,0.01805774,0.64939478,0.00078614,0.00072596,0.00739122,0.02237851,-0.20652839,0.46623513,3.70445249,0.02031664,0.40827232,0.020931,0.33658656,0.02175392,0.04730447,0.02265693,0.03606764,0.00078552,0.03359042,1.15844631,0.67999388,0.617676,1.31951474,0.5319511773,395,-1.323250573,-1.311830803,-1.400150003,-0.231188034
20170126,20170131,300891.0,01W,CHN,0.044508,2017,1,20161230,20161231,1328.2397451,3.6362235685,1328.2397451,0.000772925,0.0,0.0008397911,-0.071793568,-0.197359913,-0.228285326,0.2653313298,0.0464869528,-0.037503016,2.9885783255,-0.414920881,0.0628774602,0.0475103018,0.0480612184,-0.03938841,-0.452490236,-0.909428339,-0.269844624,0.4019982674,0.2035191551,-0.882009101,-0.006844018,0.0,0.0,-0.023473071,-0.007480687,-0.015992384,0.0040393914,-0.000234536,0.0042739273,0.0020187758,-0.002018776,-0.007785247,-0.035306767,0.171756185,0.032117264,-0.027089162,-0.016804349,0.0297592192,0.035316126,,,0.0530331501,0.0256702342,1.2306256204,0.0236514584,1.1338459328,0.8359572809,0.1399801061,0.1334659825,0.1565121176,0.060512823,0.1017921984,,,0.0,-0.011256886,0.0185536802,0.0494202603,-0.904665804,-0.680343671,0.00179049,0.0012598408,-0.010568941,-0.00738009,,-0.222515462,-0.777121196,-0.386956342,-0.207523152,-1.215724887,-1.528697776,-0.883062212,-0.001363038,0.0308522161,-0.015998498,-0.026022163,1.0420594897,-0.004810735,-0.001418928,-0.059900588,1.4266506982,0.6836784903,0.6269598421,0.3847566919,0.5512743979,3.0,-2.2098309,10.998407773,59.161233527,1.4062566363,0.2152639951,0.0081524997,0.2662420366,0.1866203387,0.0721740671,0.0450727049,0.0362627689,0.0055536756,-0.00128082,-0.005132258,,,0.0029117327,0.2217004067,-0.000361485,0.1374644051,18.174890745,1.5071004984,0.2803821074,-0.544545133,0.4423127351,0.3460371406,0.00194175,25317461.6200491,0.77087558,0.01437475,0.71855324,0.00103285,0.00077765,0.00582578,0.01895649,0.93159034,-0.19541838,2.67910107,0.01873772,0.68821878,0.01738467,0.61514875,0.02670825,0.04501217,0.02178043,0.49620021,0.00093483,0.0312819,1.13003511,0.6311747,0.61735083,1.2861060377,0.6743538509,396,-1.307823374,-1.313505052,-1.390422745,-0.216009166
20170228,20170228,300891.0,01W,CHN,-0.029238,2017,2,20170126,20170131,1387.357491,3.7980658427,1387.357491,0.0007399893,0.0,0.0008397911,0.0445083398,-0.181560545,-0.292168884,0.0984448559,0.6602129325,1.3177279641,1.61536692,-0.044684459,0.0709858965,0.1240909205,0.0341175553,-0.043263845,-0.483323712,-0.798208699,-0.160262182,0.1877841343,0.0291003413,-0.750634377,-0.003516159,0.0,0.0,0.0260891717,-0.00573849,0.031827662,0.0073896805,-7.5579e-05,0.0074652598,-0.015779128,0.0157791276,-0.008642982,-0.023627014,0.171756185,0.0421633101,-0.039064703,-0.005997617,0.0190984695,0.035316126,,,0.0197617311,0.049961159,3.769551887,0.0657402866,4.9600815189,0.8409350114,0.1079839175,0.1139793612,0.1326068551,0.060512823,0.0906815923,,,0.0,0.0375929589,0.1229832432,0.0494202603,-0.908898819,-0.385662123,0.0040451073,0.0028353873,-0.009863198,-0.007001255,,-0.184609026,-1.172661948,-0.147274847,-0.272832011,-0.509336382,-1.096347382,-0.781618474,0.0104250333,0.0403391632,-0.005800146,-0.037374614,0.8755066819,-0.036707287,0.0108964559,-0.069689635,1.4409728084,0.6609391727,0.627958559,0.2743827676,0.5526465452,3.0,-2.2098309,10.244575684,41.50190213,1.4062566363,0.2152639951,0.0081524997,0.2587632936,0.1795754175,0.0713328731,0.0478678056,0.0301605305,0.0034296156,-0.009498498,-0.014328674,,,0.0027876586,0.2170533552,0.0026908001,0.2258128317,18.229927931,1.5077378046,0.3040983354,-0.779604436,0.3975425041,0.3920969034,0.00315429,18742262.4814801,0.82422703,0.01075476,0.70808148,0.0014364,0.000826,0.00636246,0.0186818,1.53731347,0.12885454,2.15893782,0.01984546,1.46569233,0.02017729,0.96486079,0.030562,0.07762818,0.02420719,1.71491371,0.00119636,0.0304291,1.03344153,0.65926723,0.61660411,1.5015927803,0.8577263137,397,-1.382592441,-1.374019009,-1.42613866,-0.305068538
20170331,20170331,300891.0,01W,CHN,-0.204863,2017,3,20170228,20170228,1346.7943353,3.6870190958,1346.7943353,0.0007622765,0.0,0.0008397911,-0.02923771,-0.030480641,-0.308871348,0.0541221182,0.8152183023,1.4552023969,0.9995088403,0.4796810607,0.0247205537,-0.006031939,0.0392595958,-0.043263845,-0.483323712,-0.798208699,-0.160262182,0.1877841343,0.0291003413,-0.750634377,-0.003516159,0.0,0.0,0.0260891717,-0.00573849,0.031827662,0.0073896805,-7.5579e-05,0.0074652598,-0.015779128,0.0157791276,-0.008642982,-0.023627014,0.171756185,0.0421633101,-0.039064703,-0.005997617,0.0190984695,0.035316126,,,0.0197617311,0.049961159,3.769551887,0.0657402866,4.9600815189,0.8409350114,0.1079839175,0.1139793612,0.1326068551,0.060512823,0.0906815923,,,0.0,0.0375929589,0.1229832432,0.0494202603,-0.908898819,-0.385662123,0.0040451073,0.0028353873,-0.009863198,-0.007001255,,-0.184609026,-1.172661948,-0.147274847,-0.272832011,-0.509336382,-1.096347382,-0.781618474,0.0104250333,0.0403391632,-0.005800146,-0.037374614,0.8755066819,-0.036707287,0.0108964559,-0.069689635,1.4409728084,0.6609391727,0.627958559,0.2743827676,0.5526465452,3.0,-2.2098309,10.244575684,41.50190213,1.4062566363,0.2152639951,0.0081524997,0.2665568041,0.1849839237,0.073481298,0.0493095025,0.0310689144,0.0035329098,-0.009784577,-0.014760229,,,0.0028716182,0.2232834313,0.0027680341,0.2349675302,18.196695236,1.4858091311,0.3908804022,-0.464842572,0.3954692403,0.398032653,0.00372937,12094012.8644046,0.5856683,0.00760306,0.54071141,0.00210723,0.00089767,0.00462654,0.01224984,1.13205693,-0.1922731,2.04533203,0.01138726,0.27311799,0.01187198,1.07155978,0.01611273,0.02916016,0.01338422,1.13187726,0.00146702,0.02954064,0.7760654,0.63999177,0.61471043,1.6166033255,0.4831341792,398,-1.38359739,-1.376904117,-1.425922626,-0.328518192
20170428,20170430,300891.0,01W,CHN,0.154458,2017,4,20170331,20170331,1070.8855084,2.9316839366,1070.8855084,0.0009586736,0.0,0.0008397911,-0.204863371,0.0139693081,-0.244576955,-0.273683114,0.1908954728,0.7750142693,1.6181413431,0.0692286211,-0.0001969,0.012938163,0.0454811604,-0.043263845,-0.483323712,-0.798208699,-0.160262182,0.1877841343,0.0291003413,-0.750634377,-0.003516159,0.0,0.0,0.0260891717,-0.00573849,0.031827662,0.0073896805,-7.5579e-05,0.0074652598,-0.015779128,0.0157791276,-0.008642982,-0.023627014,0.171756185,0.0421633101,-0.039064703,-0.005997617,0.0190984695,0.035316126,,,0.0197617311,0.049961159,3.769551887,0.0657402866,4.9600815189,0.8409350114,0.1079839175,0.1139793612,0.1326068551,0.060512823,0.0906815923,,,0.0,0.0375929589,0.1229832432,0.0494202603,-0.908898819,-0.385662123,0.0040451073,0.0028353873,-0.009863198,-0.007001255,,-0.184609026,-1.172661948,-0.147274847,-0.272832011,-0.509336382,-1.096347382,-0.781618474,0.0104250333,0.0403391632,-0.005800146,-0.037374614,0.8755066819,-0.036707287,0.0108964559,-0.069689635,1.4409728084,0.6609391727,0.627958559,0.2743827676,0.5526465452,3.0,-2.2098309,10.244575684,41.50190213,1.4062566363,0.2152639951,0.0081524997,0.3352339638,0.2326441983,0.0924134234,0.0620138737,0.0390736803,0.0044431481,-0.012305529,-0.018563136,,,0.0036114777,0.2774521872,0.0034395616,0.1659661414,17.903845551,1.5367701735,0.2013679787,-0.467427338,0.3969480859,0.3551902363,0.00221697,10479990.360204,0.58834821,0.00720549,0.55657867,0.00228695,0.00104922,0.00558334,0.01693164,-1.15820536,-0.33292453,1.84944081,0.01742823,-1.33631875,0.01780588,-1.37826083,0.01219793,0.01734941,0.0192431,-1.11558568,0.00157346,0.02682126,0.83522084,0.5088809,0.61811895,1.7086445366,0.4050531959,399,-1.380108596,-1.383512186,-1.428150351,-0.300840769
20170531,20170531,300891.0,01W,CHN,-0.210538,2017,5,20170428,20170430,1236.2928368,3.3845073281,1236.2928368,0.0008304098,0.0,0.0008397911,0.1544584619,-0.228111345,-0.340137987,-0.429315312,-0.114385274,0.4743915711,1.864245432,0.0884268464,0.005805974,0.2154793516,0.0291563058,-0.070647463,-0.397353552,1.6731061276,0.2063731494,0.162400656,-0.186869822,-0.45031776,0.002302026,0.0,0.0,0.0118279819,-0.0061826,0.0180105815,-0.029033386,-0.001493092,-0.027540294,-0.027720296,0.027720296,-0.003318453,-0.04062195,0.0892255578,0.080517609,0.1026511608,0.0517555214,0.0147284226,0.0111733727,,,0.0048826922,-0.048226074,-4.651647011,-0.020505778,-1.977885242,0.8368658891,0.0630163473,0.1086349298,0.1252261456,0.0414795649,0.073264135,-0.358886757,-0.06185567,0.0,-0.008856463,-0.007185686,-0.0116536,-0.509922582,-0.138503977,0.0047784396,0.0033161206,-0.004065214,-0.002755547,,-0.566326301,-0.414927395,0.1499232038,-0.230675974,0.0739198544,-0.098429588,0.1190461196,0.0505800928,0.0748292442,0.0489317312,0.0953991167,1.0675071167,0.0585936001,0.0544250871,0.0416006597,1.4206303334,0.6808170087,0.6028845182,0.4597251405,0.5235019232,6.0,-1.995192605,8.4830189894,26.257152326,1.774757772,0.4480699736,0.0123502682,0.2762811257,0.1944778449,0.0745500289,0.0543085312,0.0311545736,0.0028643519,0.0161883058,-0.00719035,,,0.0012922782,0.2359712411,0.0130363606,0.1453806004,18.21479945,1.5324986216,-0.04928249,-0.600449338,0.57685339,0.2354480414,0.00113595,10812778.3621071,0.60223328,0.00795981,0.58483119,0.00211766,0.00110339,0.01476495,0.0308304,0.71950848,0.73179665,1.09169765,0.03272724,0.78940349,0.0332271,0.42753121,0.0462512,0.09867123,0.03185615,1.27685578,0.00165774,0.02625217,0.53529096,0.58748186,0.61811625,1.7171159811,1.5889289123,400,-0.311001015,-0.048363404,-0.167366008,-0.41429374
20170630,20170630,300891.0,01W,CHN,-0.008453,2017,6,20170531,20170531,976.00610006,2.6719396081,976.00610006,,0.0,-3.33067e-16,-0.210538093,-0.08204779,-0.136048317,-0.384126004,-0.060657666,0.2330834155,2.2550133244,0.4088919324,-0.050505846,-0.082783407,0.0592408027,-0.070647463,-0.397353552,1.6731061276,0.2063731494,0.162400656,-0.186869822,-0.45031776,0.002302026,0.0,0.0,0.0118279819,-0.0061826,0.0180105815,-0.029033386,-0.001493092,-0.027540294,-0.027720296,0.027720296,-0.003318453,-0.04062195,0.0892255578,0.080517609,0.1026511608,0.0517555214,0.0147284226,0.0111733727,,,0.0048826922,-0.048226074,-4.651647011,-0.020505778,-1.977885242,0.8368658891,0.0630163473,0.1086349298,0.1252261456,0.0414795649,0.073264135,-0.358886757,-0.06185567,0.0,-0.008856463,-0.007185686,-0.0116536,-0.509922582,-0.138503977,0.0047784396,0.0033161206,-0.004065214,-0.002755547,,-0.566326301,-0.414927395,0.1499232038,-0.230675974,0.0739198544,-0.098429588,0.1190461196,0.0505800928,0.0748292442,0.0489317312,0.0953991167,1.0675071167,0.0585936001,0.0544250871,0.0416006597,1.4206303334,0.6808170087,0.6028845182,0.4597251405,0.5235019232,6.0,-1.995192605,8.4830189894,26.257152326,1.774757772,0.4480699736,0.0123502682,0.3499613134,0.2463422786,0.0944314453,0.0687918324,0.0394630486,0.0036282332,0.0205054933,-0.009107913,,,0.0016369101,0.2948509233,0.0162892009,0.1346083949,17.916502611,1.5488417487,0.0649442169,0.0635648943,0.5416858168,0.2792776216,0.00194745,8927714.56677652,0.5754692,0.00721195,0.58242495,0.00227098,0.0012461,0.00493806,0.02498235,-0.65138647,0.23977822,0.54133367,0.02513776,-0.55124519,0.02304129,-0.34061432,0.01734014,0.04105697,0.02700453,-0.44532851,0.00195296,0.02608414,0.47888392,0.46379455,0.61475519,1.8490066605,0.6080849589,401,-0.310453031,-0.073246654,-0.166876376,-0.41041379
20170731,20170731,300891.0,01W,CHN,-0.057735,2017,7,20170630,20170630,967.38305482,1.7655552906,967.38305482,0.0003908846,0.0,0.000384861,-0.008453498,-0.088599022,-0.265188304,-0.452553756,-0.473646649,-0.228285326,4.295527381,0.0119794219,-0.052363385,0.0008791225,0.0639734197,-0.070647463,-0.397353552,1.6731061276,0.2063731494,0.162400656,-0.186869822,-0.45031776,0.002302026,0.0,0.0,0.0118279819,-0.0061826,0.0180105815,-0.029033386,-0.001493092,-0.027540294,-0.027720296,0.027720296,-0.003318453,-0.04062195,0.0892255578,0.080517609,0.1026511608,0.0517555214,0.0147284226,0.0111733727,,,0.0048826922,-0.048226074,-4.651647011,-0.020505778,-1.977885242,0.8368658891,0.0630163473,0.1086349298,0.1252261456,0.0414795649,0.073264135,-0.358886757,-0.06185567,0.0,-0.008856463,-0.007185686,-0.0116536,-0.509922582,-0.138503977,0.0047784396,0.0033161206,-0.004065214,-0.002755547,,-0.566326301,-0.414927395,0.1499232038,-0.230675974,0.0739198544,-0.098429588,0.1190461196,0.0505800928,0.0748292442,0.0489317312,0.0953991167,1.0675071167,0.0585936001,0.0544250871,0.0416006597,1.4206303334,0.6808170087,0.6028845182,0.4597251405,0.5235019232,6.0,-1.995192605,8.4830189894,26.257152326,1.774757772,0.4480699736,0.0123502682,0.3530807935,0.2485381209,0.095273187,0.0694050281,0.0398148137,0.0036605745,0.0206882748,-0.009189099,,,0.0016515012,0.297308587,0.0164249759,0.0977901615,17.903873286,1.528803057,-0.221005138,-0.07174168,0.5738599045,0.1672775741,0.00264202,7920693.37979565,0.63233452,0.00677918,0.61367425,0.00239016,0.00153653,0.00770429,0.02213522,0.48868205,-0.41089989,2.42905271,0.02222137,-0.56846304,0.0213171,-0.04881719,0.034919,0.0626782,0.02790828,0.08169646,0.002355,0.02427908,0.35533823,0.45969691,0.6115476,1.826401986,1.3444628206,402,-0.271213046,-0.075868827,-0.171789238,-0.360951691
20170831,20170831,300891.0,01W,CHN,0.057363,2017,8,20170731,20170731,911.53097369,1.6636205535,911.53097369,0.0004148352,0.0,0.000384861,-0.057735228,-0.217211808,-0.302446961,-0.40368504,-0.484274272,-0.292168884,5.2090079452,0.0697509093,-0.063953033,0.0743006989,0.0606824641,0.0123878704,-0.329807018,9.1375134948,0.3019011059,0.5429357208,-0.199652032,-0.241345924,0.0027719258,0.0,0.0,0.0508259044,-0.004480564,0.0553064682,-0.022547274,0.0003215908,-0.022868864,0.0538844574,-0.053884457,-0.002290671,-0.037489156,0.0892255578,0.0371032453,0.0492376617,-0.006771254,0.0156183327,0.0111733727,,,0.0842241942,-0.03848842,-3.747828915,-0.092372877,-8.994854628,0.8958085356,0.0985797081,0.1081192954,0.1214422169,0.0414795649,0.0940956019,-0.358886757,-0.06185567,0.0,0.0328394366,-0.007185686,-0.0116536,-0.338850478,0.0146532163,0.0047907831,0.0033722943,0.0007959621,0.0006081366,,-0.210831217,-0.530556855,-0.147058548,-0.12390543,0.7720915308,1.1362141013,0.6506850006,0.0108824022,0.0375628755,-0.006406014,0.0498476114,1.0497493643,0.0487579438,0.010749242,0.0390222042,1.5208428799,0.6845461629,0.6028845182,0.4896222804,0.5918058612,5.0,-1.995192605,5.6065000641,32.320820774,1.774757772,0.4480699736,0.0123502682,0.4066075082,0.2673566833,0.1306888112,0.092428833,0.0436931507,0.0041756656,0.019825346,-0.025719845,,,0.0017526933,0.329344581,0.004000922,0.1091490552,17.857820925,1.5180161431,-0.314664269,-0.242277837,0.5232025023,0.1389464693,0.00231844,7773418.52923662,0.64918647,0.00698627,0.59349168,0.00228869,0.00187589,0.0078898,0.02220619,1.2121719,-0.19983774,2.82558994,0.02129179,1.52195865,0.02045028,1.81240021,0.03794071,0.07370591,0.03344566,-0.25068955,0.00261306,0.02233152,1.01397986,0.4331562,0.61050597,1.7677503136,1.5251621025,403,-0.800178082,-0.66959414,-0.307183298,-0.515508179
20170929,20170930,300891.0,01W,CHN,-0.083552,2017,9,20170831,20170831,963.81943654,1.7590513881,963.81943654,0.0003923298,0.0,0.000384861,0.0573633418,-0.065700661,-0.322924199,-0.36275465,-0.545735197,-0.308871348,4.8181720574,-0.111859722,-0.048569119,0.0364339511,0.0624917014,0.0123878704,-0.329807018,9.1375134948,0.3019011059,0.5429357208,-0.199652032,-0.241345924,0.0027719258,0.0,0.0,0.0508259044,-0.004480564,0.0553064682,-0.022547274,0.0003215908,-0.022868864,0.0538844574,-0.053884457,-0.002290671,-0.037489156,0.0892255578,0.0371032453,0.0492376617,-0.006771254,0.0156183327,0.0111733727,,,0.0842241942,-0.03848842,-3.747828915,-0.092372877,-8.994854628,0.8958085356,0.0985797081,0.1081192954,0.1214422169,0.0414795649,0.0940956019,-0.358886757,-0.06185567,0.0,0.0328394366,-0.007185686,-0.0116536,-0.338850478,0.0146532163,0.0047907831,0.0033722943,0.0007959621,0.0006081366,,-0.210831217,-0.530556855,-0.147058548,-0.12390543,0.7720915308,1.1362141013,0.6506850006,0.0108824022,0.0375628755,-0.006406014,0.0498476114,1.0497493643,0.0487579438,0.010749242,0.0390222042,1.5208428799,0.6845461629,0.6028845182,0.4896222804,0.5918058612,5.0,-1.995192605,5.6065000641,32.320820774,1.774757772,0.4480699736,0.0123502682,0.38454852,0.2528522341,0.1235987725,0.0874144481,0.0413227402,0.0039491303,0.0187497951,-0.02432451,,,0.0016576074,0.3129135196,0.0038013152,0.1023971638,17.9378694,1.5281674125,-0.328427299,-0.148892217,0.5193019946,0.1368899598,0.00232185,7733375.82002736,0.64515929,0.00726396,0.55270094,0.00214938,0.00225497,0.00649669,0.01591643,0.21363322,-0.07072638,1.86411491,0.01324638,0.46597186,0.01221419,0.53632817,0.02639533,0.03103284,0.01860504,-0.29215006,0.00275858,0.02142369,1.03725165,0.48456721,0.61050477,1.7391899874,1.0809273129,404,-0.785504911,-0.674307724,-0.307697783,-0.503767335
20171031,20171031,300891.0,01W,CHN,0.304343,2017,10,20170929,20170930,883.29074732,1.6120797695,883.29074732,0.0004280981,0.0,0.000384861,-0.083551634,-0.003683772,-0.099632559,-0.274084029,-0.459181211,-0.244576955,4.0113903852,-0.089711906,-0.048009094,-0.038992118,0.0660990409,0.0123878704,-0.329807018,9.1375134948,0.3019011059,0.5429357208,-0.199652032,-0.241345924,0.0027719258,0.0,0.0,0.0508259044,-0.004480564,0.0553064682,-0.022547274,0.0003215908,-0.022868864,0.0538844574,-0.053884457,-0.002290671,-0.037489156,0.0892255578,0.0371032453,0.0492376617,-0.006771254,0.0156183327,0.0111733727,,,0.0842241942,-0.03848842,-3.747828915,-0.092372877,-8.994854628,0.8958085356,0.0985797081,0.1081192954,0.1214422169,0.0414795649,0.0940956019,-0.358886757,-0.06185567,0.0,0.0328394366,-0.007185686,-0.0116536,-0.338850478,0.0146532163,0.0047907831,0.0033722943,0.0007959621,0.0006081366,,-0.210831217,-0.530556855,-0.147058548,-0.12390543,0.7720915308,1.1362141013,0.6506850006,0.0108824022,0.0375628755,-0.006406014,0.0498476114,1.0497493643,0.0487579438,0.010749242,0.0390222042,1.5208428799,0.6845461629,0.6028845182,0.4896222804,0.5918058612,5.0,-1.995192605,5.6065000641,32.320820774,1.774757772,0.4480699736,0.0123502682,0.4196074044,0.2759045066,0.1348671427,0.0953839315,0.045090091,0.0043091684,0.0204591942,-0.02654215,,,0.0018087297,0.3389573531,0.0041176992,0.1145540528,17.81064642,1.5326674104,-0.240542913,0.1002245081,0.517872682,0.1378966176,0.00219408,7333045.46936376,0.65224361,0.00725117,0.53041079,0.00214007,0.00232845,0.00538369,0.01219643,-0.24029211,-0.35309654,0.08349939,0.01273917,-0.37370507,0.01141211,0.06214494,0.01226775,0.02574742,0.01300648,0.29314379,0.00281623,0.02107797,1.02930047,0.47388331,0.60683042,1.7369983207,0.5173815796,405,-0.754404364,-0.6810053,-0.294987502,-0.458926463
20171130,20171130,300891.0,01W,CHN,0.011148,2017,11,20171031,20171031,1152.1144197,2.1027055405,1152.1144197,0.0003282097,0.0,0.000384861,0.3043433583,-0.030981094,-0.285257723,-0.363083587,-0.455521281,-0.340137987,3.7474232352,-0.118257074,-0.009590873,0.1544341628,0.047364515,0.048691253,-0.061796525,7.9136432481,-0.336500087,0.4894749866,-0.158385453,-0.150224985,-0.00594224,0.0,0.0,0.0701434935,-0.003474029,0.0736175221,0.0058664091,-0.001103539,0.0069699479,0.0517301941,-0.051730194,-0.000294597,-0.000722374,0.0892255578,0.0428225056,0.0626135627,0.0032228981,0.0157100861,0.0111733727,,,0.0612931106,-0.047460684,-4.524705808,-0.099190878,-9.456449088,0.9547458062,0.1086873129,0.1247483629,0.1338423743,0.0414795649,0.0674865278,-0.358886757,-0.06185567,0.0,0.0845113749,0.0213123446,-0.0116536,-0.192676529,1.0132970039,0.0022360441,0.0014702664,0.0004455541,0.0002104255,,0.1038569728,-0.469115353,-0.119066349,-0.059459354,1.9635872745,1.1785826272,0.7321801221,0.0158906913,0.0449075871,0.003219415,0.0656622955,1.0516730646,0.057949915,0.0151528787,0.0627606499,1.497734794,0.6570125868,0.5838571558,0.4191803195,0.6010396014,6.0,-1.995192605,5.2686324287,33.49690041,1.774757772,0.6747605663,0.0108831582,0.3218882558,0.2149167243,0.0998587586,0.0781356379,0.039222824,0.0033763602,0.018653397,-0.020925074,,,0.0013866975,0.2718140018,0.0045240446,0.122955841,18.358580137,1.5280465509,-0.418026676,-1.76843759,0.5202468393,0.1012554073,0.00053302,8381468.54995297,0.97378061,0.00850028,0.86320014,0.00180613,0.00204801,0.01627674,0.03706108,0.10403255,-0.11223829,0.19361739,0.02803284,0.08252829,0.02869425,1.21186299,0.06037105,0.09303969,0.03716628,0.09444674,0.00277944,0.02303996,1.18952341,0.67366713,0.59949688,1.8180930347,2.3812495276,406,-1.001712487,-0.488298124,-0.876036382,-0.501290535
20171229,20171231,300891.0,01W,CHN,-0.009698,2017,12,20171130,20171130,1164.9576834,2.1261455749,1164.9576834,0.0003245913,0.0,0.000384861,0.0111475591,0.1953633389,0.1808921162,-0.144221297,-0.194564334,-0.136048317,3.6128633623,-0.071793568,-0.00205077,0.0379244957,0.0573717359,0.048691253,-0.061796525,7.9136432481,-0.336500087,0.4894749866,-0.158385453,-0.150224985,-0.00594224,0.0,0.0,0.0701434935,-0.003474029,0.0736175221,0.0058664091,-0.001103539,0.0069699479,0.0517301941,-0.051730194,-0.000294597,-0.000722374,0.0892255578,0.0428225056,0.0626135627,0.0032228981,0.0157100861,0.0111733727,,,0.0612931106,-0.047460684,-4.524705808,-0.099190878,-9.456449088,0.9547458062,0.1086873129,0.1247483629,0.1338423743,0.0414795649,0.0674865278,-0.358886757,-0.06185567,0.0,0.0845113749,0.0213123446,-0.0116536,-0.192676529,1.0132970039,0.0022360441,0.0014702664,0.0004455541,0.0002104255,,0.1038569728,-0.469115353,-0.119066349,-0.059459354,1.9635872745,1.1785826272,0.7321801221,0.0158906913,0.0449075871,0.003219415,0.0656622955,1.0516730646,0.057949915,0.0151528787,0.0627606499,1.497734794,0.6570125868,0.5838571558,0.4191803195,0.6010396014,6.0,-1.995192605,5.2686324287,33.49690041,1.774757772,0.6747605663,0.0108831582,0.3183395469,0.2125473403,0.0987578496,0.0772742189,0.0387904056,0.003339137,0.0184477497,-0.020694382,,,0.0013714097,0.2690322985,0.0044777462,0.1383114942,18.369326461,1.5241419729,-0.103793875,-0.01425172,0.5202806497,0.1973000154,0.00081011,10413999.6938058,0.94488675,0.01014979,0.83383573,0.0015021,0.00189998,0.0106006,0.03667643,1.34785865,-0.17029686,2.05429001,0.03764252,1.03348851,0.03824874,0.97626637,0.05872005,0.09952061,0.04113915,0.77215822,0.00262743,0.02459813,1.41858858,0.81461905,0.599401,1.8890037672,2.1547237841,407,-1.044797042,-0.492050798,-0.869848591,-0.608392526
20180131,20180131,300891.0,01W,CHN,-0.231416,2018,1,20171229,20171231,1153.6595056,2.1055254518,1153.6595056,0.0003277701,0.0,0.000384861,-0.009698359,0.3188836031,0.2042361891,0.0882639716,-0.122593552,-0.265188304,2.6814951848,0.0445083398,-0.006978652,-0.029289373,0.0581451878,0.048691253,-0.061796525,7.9136432481,-0.336500087,0.4894749866,-0.158385453,-0.150224985,-0.00594224,0.0,0.0,0.0701434935,-0.003474029,0.0736175221,0.0058664091,-0.001103539,0.0069699479,0.0517301941,-0.051730194,-0.000294597,-0.000722374,0.0892255578,0.0428225056,0.0626135627,0.0032228981,0.0157100861,0.0111733727,,,0.0612931106,-0.047460684,-4.524705808,-0.099190878,-9.456449088,0.9547458062,0.1086873129,0.1247483629,0.1338423743,0.0414795649,0.0674865278,-0.358886757,-0.06185567,0.0,0.0845113749,0.0213123446,-0.0116536,-0.192676529,1.0132970039,0.0022360441,0.0014702664,0.0004455541,0.0002104255,,0.1038569728,-0.469115353,-0.119066349,-0.059459354,1.9635872745,1.1785826272,0.7321801221,0.0158906913,0.0449075871,0.003219415,0.0656622955,1.0516730646,0.057949915,0.0151528787,0.0627606499,1.497734794,0.6570125868,0.5838571558,0.4191803195,0.6010396014,6.0,-1.995192605,5.2686324287,33.49690041,1.774757772,0.6747605663,0.0108831582,0.3214571538,0.2146288883,0.0997250186,0.0780309915,0.0391702932,0.0033718383,0.0186284147,-0.020897049,,,0.0013848403,0.2714763138,0.0045184241,0.1482204441,18.359885616,1.5673812314,-0.122209726,0.1414413666,0.5208358559,0.2347686455,0.00083428,12664878.5315236,0.83367945,0.01183878,0.74555234,0.00123801,0.00174875,0.01153667,0.02546576,0.45358131,-0.09521826,1.55866549,0.02228151,0.28590809,0.02138569,0.73782573,0.035691,0.06584519,0.02759301,0.53103315,0.00220629,0.02506306,1.47468123,0.8276129,0.60001737,1.9910268847,1.2889990104,408,-1.061767734,-0.488058379,-0.8652578,-0.667172095
20180228,20180228,300891.0,01W,CHN,-0.048924,2018,2,20180131,20180131,886.68397656,1.6182726978,886.68397656,0.0004264599,0.0,0.000384861,-0.231416226,0.0013410871,0.2656284195,-0.066480404,-0.168128188,-0.302446961,2.5073120511,-0.02923771,-0.025358517,0.0505305062,0.0497098972,0.0431153502,0.1256703451,5.5626697557,0.1325171734,0.4575846087,-0.277012592,-0.402133033,0.0023405665,0.0,0.0,0.0547873464,-0.005465035,0.0602523811,0.0244419364,-0.001040446,0.0254823826,0.0369082527,-0.036908253,0.001714466,0.0109304811,0.0892255578,0.0448548486,0.071894733,0.0026539184,0.014461591,0.0111733727,,,0.0189744066,-0.054571806,-5.580370883,-0.091480059,-9.354512768,0.9683935485,0.1104266147,0.1284353697,0.135486358,0.0414795649,0.0490373969,-0.358886757,-0.06185567,0.0,0.089431248,-0.007185686,-0.0116536,0.3242896677,0.1899265379,0.0031292156,0.0020892989,-0.000915892,-0.000746088,,-0.266912338,-0.277467486,-0.179903909,0.0253252155,1.1132332083,0.8681231979,0.6483619694,0.018069811,0.0467887811,0.0026975212,0.0749944996,1.0135686275,0.0643510496,0.0173229269,0.1010583364,1.4788046636,0.5982901544,0.6028845182,0.2971923544,0.5932798426,6.0,-1.995192605,4.9485075981,30.581158391,1.774757772,0.2193813542,0.0119275097,0.4223325259,0.2855904747,0.1271991314,0.1064890437,0.053121426,0.0041300926,0.0271775413,-0.022420323,,,0.0018018079,0.3543455949,0.0066119367,0.1422542353,18.247972267,1.5411195778,-0.073058403,0.2505869048,0.5462424194,0.2186145086,0.00216614,13087324.8309101,0.79059623,0.01210629,0.71656551,0.0012327,0.0017202,0.00891493,0.02085938,-0.17400405,0.18734162,2.06157987,0.01696094,-0.46516612,0.01646258,-0.57693723,0.01666884,0.0297878,0.02421746,-0.73014087,0.00200267,0.02541201,1.54636868,0.63608985,0.59807796,2.0597636457,0.5994163256,409,-1.00016814,-0.361205918,-0.850541515,-0.687342658
20180330,20180331,300891.0,01W,CHN,0.199354,2018,3,20180228,20180228,843.30357461,1.5390998223,843.30357461,0.0004483974,0.0,0.000384861,-0.04892431,-0.238870227,-0.080031028,-0.091168291,-0.341380292,-0.322924199,1.8907048685,-0.204863371,-0.011182239,0.0813753735,0.0421996761,0.0431153502,0.1256703451,5.5626697557,0.1325171734,0.4575846087,-0.277012592,-0.402133033,0.0023405665,0.0,0.0,0.0547873464,-0.005465035,0.0602523811,0.0244419364,-0.001040446,0.0254823826,0.0369082527,-0.036908253,0.001714466,0.0109304811,0.0892255578,0.0448548486,0.071894733,0.0026539184,0.014461591,0.0111733727,,,0.0189744066,-0.054571806,-5.580370883,-0.091480059,-9.354512768,0.9683935485,0.1104266147,0.1284353697,0.135486358,0.0414795649,0.0490373969,-0.358886757,-0.06185567,0.0,0.089431248,-0.007185686,-0.0116536,0.3242896677,0.1899265379,0.0031292156,0.0020892989,-0.000915892,-0.000746088,,-0.266912338,-0.277467486,-0.179903909,0.0253252155,1.1132332083,0.8681231979,0.6483619694,0.018069811,0.0467887811,0.0026975212,0.0749944996,1.0135686275,0.0643510496,0.0173229269,0.1010583364,1.4788046636,0.5982901544,0.6028845182,0.2971923544,0.5932798426,6.0,-1.995192605,4.9485075981,30.581158391,1.774757772,0.2193813542,0.0119275097,0.4440577448,0.3002815421,0.1337423853,0.1119669495,0.0558540467,0.0043425488,0.028575582,-0.023573648,,,0.0018944948,0.3707380797,0.0069178134,0.1462155548,18.192140179,1.5370687946,-0.140171132,0.0011775396,0.545466808,0.157117038,0.00264195,13559707.0092615,0.77265683,0.01254975,0.69572965,0.00121413,0.00167677,0.01258716,0.0211819,-0.2417039,-0.364598,1.01364209,,,,,0.03008219,0.03621555,0.03771187,-1.1885803,0.00222979,0.02587437,1.69516004,0.62373887,0.60217542,1.9156325637,1.0305815248,410,-1.005028605,-0.366339455,-0.850408819,-0.707520686
20180427,20180430,300891.0,01W,CHN,0.14238,2018,4,20180330,20180331,1011.4192033,1.8459249586,1011.4192033,0.0003738659,0.0,0.000384861,0.1993536299,-0.269018657,-0.04527068,-0.128263028,-0.212214392,-0.099632559,1.5057658856,0.1544584619,-0.00710086,0.0359059517,0.0435571256,0.0431153502,0.1256703451,5.5626697557,0.1325171734,0.4575846087,-0.277012592,-0.402133033,0.0023405665,0.0,0.0,0.0547873464,-0.005465035,0.0602523811,0.0244419364,-0.001040446,0.0254823826,0.0369082527,-0.036908253,0.001714466,0.0109304811,0.0892255578,0.0448548486,0.071894733,0.0026539184,0.014461591,0.0111733727,,,0.0189744066,-0.054571806,-5.580370883,-0.091480059,-9.354512768,0.9683935485,0.1104266147,0.1284353697,0.135486358,0.0414795649,0.0490373969,-0.358886757,-0.06185567,0.0,0.089431248,-0.007185686,-0.0116536,0.3242896677,0.1899265379,0.0031292156,0.0020892989,-0.000915892,-0.000746088,,-0.266912338,-0.277467486,-0.179903909,0.0253252155,1.1132332083,0.8681231979,0.6483619694,0.018069811,0.0467887811,0.0026975212,0.0749944996,1.0135686275,0.0643510496,0.0173229269,0.1010583364,1.4788046636,0.5982901544,0.6028845182,0.2971923544,0.5932798426,6.0,-1.995192605,4.9485075981,30.581158391,1.774757772,0.2193813542,0.0119275097,0.3702475515,0.2503694778,0.1115120528,0.0933560767,0.0465701235,0.003620741,0.0238258185,-0.019655294,,,0.0015795965,0.3143765895,0.0058661322,0.180382187,18.381826517,1.5339024664,-0.043798161,0.1157115745,0.5443864297,0.2281928497,0.00175694,13842653.3009578,0.76346084,0.01282217,0.69410361,0.00118442,0.00162941,0.01064907,0.02626394,1.24090994,-0.30316969,1.54304129,0.02638221,1.44014541,0.02418237,1.71194464,0.05180481,0.10233071,0.03570222,-0.01683994,0.00244944,0.02660744,1.82003565,0.79284631,0.60190408,1.8750447015,1.6963674283,411,-1.017498136,-0.365787899,-0.848122681,-0.721931322
20180531,20180531,300891.0,01W,CHN,-0.137148,2018,5,20180427,20180430,1155.424959,2.1087475525,1155.424959,0.0003272693,0.0,0.000384861,0.1423798907,0.1406760808,-0.122119135,0.1095829242,-0.181578584,-0.285257723,1.9965046731,-0.210538093,0.0249825931,0.2481460585,0.0285595279,0.1657324885,0.2512370063,1.3888934848,0.8279396599,0.4422735161,-0.401432007,0.1707427507,0.0095573717,0.0,0.0,-0.048166407,-0.003614214,-0.044552193,0.215860625,0.0007871123,0.2150735127,0.0954562205,-0.09545622,0.0014268046,0.0495407532,0.1788561625,0.091022184,0.1468550471,0.0833318072,0.0149896944,0.022956828,,,0.1337818671,-0.072278451,-7.37991645,-0.167734672,-17.12637501,1.0992649497,0.051502903,0.1302972827,0.1283535757,0.0416772967,0.0373241943,0.0844753265,0.1427929951,1.0,0.198782242,0.1385767788,0.1232154839,5.3857658123,-0.038913754,0.0052183096,0.0035287349,0.00043987,0.0002126143,,-1.057905564,0.229143993,0.2078241283,-0.029285256,0.533889722,1.0128652639,1.6016189749,0.0869363605,0.1061075171,0.0901686153,0.1711936995,1.2069835264,0.0820723904,0.0745765957,0.0234787903,1.530507224,0.7715546731,0.5380939032,0.4208116425,0.6138438357,7.0,-2.136863341,5.5230284011,30.968775258,1.6944506048,0.4324892754,0.0116855245,0.3446114676,0.225161608,0.1126630733,0.0998007279,0.0417100778,0.0033751037,0.0282830869,-0.031474897,,,0.0017383633,0.2954738323,0.0217872076,0.1567692287,18.580784623,1.5037064544,-0.204977159,-0.202188975,0.4718247304,0.2538263375,0.00072227,13470380.3674557,0.73028341,0.01230798,0.66075144,0.00125389,0.00154606,0.01677554,0.03150612,1.34980347,0.00715623,3.27101603,0.02942139,0.60845639,0.03060354,0.92533598,0.04968919,0.09919844,0.03413154,1.10990118,0.0024505,0.02667994,1.72743057,0.92120147,0.60185526,1.8328332014,1.6185753504,412,-0.010032796,0.2285363254,0.3009838932,-0.62376107
20180629,20180630,300891.0,01W,CHN,-0.050169,2018,6,20180531,20180531,996.96127762,1.8195380304,996.96127762,0.0003792877,0.0,0.000384861,-0.137147532,0.3701174686,-0.008182893,0.1987981515,0.1842853466,0.1808921162,0.3895361851,-0.008453498,0.0132831355,0.0529379099,0.0255558235,0.1657324885,0.2512370063,1.3888934848,0.8279396599,0.4422735161,-0.401432007,0.1707427507,0.0095573717,0.0,0.0,-0.048166407,-0.003614214,-0.044552193,0.215860625,0.0007871123,0.2150735127,0.0954562205,-0.09545622,0.0014268046,0.0495407532,0.1788561625,0.091022184,0.1468550471,0.0833318072,0.0149896944,0.022956828,,,0.1337818671,-0.072278451,-7.37991645,-0.167734672,-17.12637501,1.0992649497,0.051502903,0.1302972827,0.1283535757,0.0416772967,0.0373241943,0.0844753265,0.1427929951,1.0,0.198782242,0.1385767788,0.1232154839,5.3857658123,-0.038913754,0.0052183096,0.0035287349,0.00043987,0.0002126143,,-1.057905564,0.229143993,0.2078241283,-0.029285256,0.533889722,1.0128652639,1.6016189749,0.0869363605,0.1061075171,0.0901686153,0.1711936995,1.2069835264,0.0820723904,0.0745765957,0.0234787903,1.530507224,0.7715546731,0.5380939032,0.4208116425,0.6138438357,7.0,-2.136863341,5.5230284011,30.968775258,1.6944506048,0.4324892754,0.0116855245,0.3993863149,0.2609502971,0.1305704943,0.1156637219,0.048339756,0.0039115652,0.0327785895,-0.036477727,,,0.0020146704,0.3375694769,0.0248911933,0.194651948,18.461169507,1.3808441695,0.0583672702,-0.094246522,0.476822866,0.3678989148,0.00143643,12020791.2220368,0.72148319,0.01102794,0.65638807,0.00141737,0.00151011,0.0112599,0.03133521,1.00850011,-0.24744984,1.39978577,0.03016675,0.97789824,0.02611143,1.01178441,0.04054437,0.1020425,0.03826181,0.42413063,0.00257132,0.02717579,1.89604031,0.79486096,0.60255533,1.8668078879,1.284667969,413,-0.024151556,0.2328851616,0.3139702343,-0.655610032
20180731,20180731,300891.0,01W,CHN,0.779077,2018,7,20180629,20180630,946.9443726,1.7282529796,946.9443726,,0.0,-3.40006e-16,-0.050169356,-0.014294692,-0.135827103,0.1286898234,0.0305755023,0.2042361891,0.5418825167,-0.057735228,0.0139709421,0.0381001867,0.0291313019,0.1657324885,0.2512370063,1.3888934848,0.8279396599,0.4422735161,-0.401432007,0.1707427507,0.0095573717,0.0,0.0,-0.048166407,-0.003614214,-0.044552193,0.215860625,0.0007871123,0.2150735127,0.0954562205,-0.09545622,0.0014268046,0.0495407532,0.1788561625,0.091022184,0.1468550471,0.0833318072,0.0149896944,0.022956828,,,0.1337818671,-0.072278451,-7.37991645,-0.167734672,-17.12637501,1.0992649497,0.051502903,0.1302972827,0.1283535757,0.0416772967,0.0373241943,0.0844753265,0.1427929951,1.0,0.198782242,0.1385767788,0.1232154839,5.3857658123,-0.038913754,0.0052183096,0.0035287349,0.00043987,0.0002126143,,-1.057905564,0.229143993,0.2078241283,-0.029285256,0.533889722,1.0128652639,1.6016189749,0.0869363605,0.1061075171,0.0901686153,0.1711936995,1.2069835264,0.0820723904,0.0745765957,0.0234787903,1.530507224,0.7715546731,0.5380939032,0.4208116425,0.6138438357,7.0,-2.136863341,5.5230284011,30.968775258,1.6944506048,0.4324892754,0.0116855245,0.4204816062,0.2747334998,0.1374671318,0.1217729946,0.0508930263,0.0041181712,0.0345099305,-0.038404454,,,0.0021210838,0.3534641111,0.0260632081,0.1962228115,18.415102455,1.3828752851,-0.038508407,-0.314287469,0.4405691841,0.3540233005,0.00189627,10224118.6854024,0.72022055,0.00971514,0.65865818,0.00166294,0.00148051,0.01798687,0.03216882,-0.13878756,-0.41818333,1.14517365,0.03108908,-0.00235456,0.03170923,-0.1046719,0.0516266,0.06527204,0.04559402,-0.62753173,0.00308538,0.02800954,1.87416627,0.7549833,0.60796101,1.7738084944,1.556731126,414,-0.041024416,0.2259985517,0.3167084889,-0.685976125
20180831,20180831,300891.0,01W,CHN,-0.046561,2018,8,20180731,20180731,1684.6873383,3.0746958283,1684.6873383,,0.0,-2.22045e-16,0.7790774062,-0.180436284,0.0679615259,-0.178081312,0.0388504614,0.2656284195,-0.041145367,0.0573633418,0.0795813115,0.0563355613,0.014452166,0.0802133681,0.183314078,0.423781642,1.3969300494,0.281402821,-0.455204935,-0.058667448,0.0154582384,0.0,0.0,-0.082838625,-0.002156857,-0.080681768,0.233483971,0.0008815188,0.2326024522,0.0148048398,-0.01480484,0.0013386495,0.0607274687,0.1788561625,0.0412793529,0.1085388856,0.0084694318,0.012421388,0.022956828,,,0.0297378458,-0.08725795,-10.49370382,-0.10206279,-12.2741445,1.0489539172,0.103307918,0.1222531654,0.1212220358,0.0416772967,0.0107199691,0.0844753265,0.1427929951,0.0,0.1641067537,0.1385767788,0.1232154839,13.43360561,0.0505172015,0.0026444215,0.0017278077,-0.002146362,-0.001644487,,-1.76164519,0.2851097664,-0.059915361,-0.027712535,0.5505097904,0.3211041931,1.048061426,0.0229879512,0.0445905088,0.0093143863,0.1172451552,1.2178747868,0.095573217,0.0212809357,0.0468152731,1.4938050508,0.7709567757,0.5380939032,0.3993438798,0.5571908963,7.0,-2.136863341,4.9393195673,31.759575849,1.6944506048,0.5691199733,0.0118238366,0.2376495849,0.1590900933,0.0742299416,0.0716823454,0.0279747048,0.0019761198,0.0227129353,-0.012373402,,,0.001192238,0.2153366057,0.0047191274,0.1988657783,18.767401333,1.2631921028,0.0294540743,0.1176219674,0.4940556318,0.3300711616,0.00033008,16447934.9385969,1.46738404,0.01370329,1.17982741,0.00102271,0.00118191,0.00961654,0.04495118,0.1773425,-0.36498798,-1.18739855,0.04065985,-0.20737216,0.04200875,0.01999364,0.08929577,0.09775969,0.04531598,0.10992361,0.00327968,0.03148235,1.83566803,1.0,0.59164178,1.7549817342,2.5375429183,415,-0.724586007,-0.177461053,-0.40364315,-0.7208923
20180928,20180930,300891.0,01W,CHN,-0.190287,2018,9,20180831,20180831,1605.8302335,2.9307749918,1605.8302335,0.0002493778,0.0,0.0002590384,-0.046561209,0.6898222389,0.997723464,0.4461360806,0.7479283716,-0.080031028,-0.202163009,-0.083551634,0.0829440775,0.0006886168,0.0146611005,0.0802133681,0.183314078,0.423781642,1.3969300494,0.281402821,-0.455204935,-0.058667448,0.0154582384,0.0,0.0,-0.082838625,-0.002156857,-0.080681768,0.233483971,0.0008815188,0.2326024522,0.0148048398,-0.01480484,0.0013386495,0.0607274687,0.1788561625,0.0412793529,0.1085388856,0.0084694318,0.012421388,0.022956828,,,0.0297378458,-0.08725795,-10.49370382,-0.10206279,-12.2741445,1.0489539172,0.103307918,0.1222531654,0.1212220358,0.0416772967,0.0107199691,0.0844753265,0.1427929951,0.0,0.1641067537,0.1385767788,0.1232154839,13.43360561,0.0505172015,0.0026444215,0.0017278077,-0.002146362,-0.001644487,,-1.76164519,0.2851097664,-0.059915361,-0.027712535,0.5505097904,0.3211041931,1.048061426,0.0229879512,0.0445905088,0.0093143863,0.1172451552,1.2178747868,0.095573217,0.0212809357,0.0468152731,1.4938050508,0.7709567757,0.5380939032,0.3993438798,0.5571908963,7.0,-2.136863341,4.9393195673,31.759575849,1.6944506048,0.5691199733,0.0118238366,0.2493197838,0.1669024908,0.0778751328,0.0752024324,0.0293484517,0.0020731606,0.0238282938,-0.01298102,,,0.001250785,0.2251714802,0.0049346599,0.189332542,18.739610252,1.2314390822,0.2989438937,0.4873928468,0.5130461955,0.3682200915,0.00032017,22129902.2250661,1.15465142,0.01713118,0.98863711,0.00071867,0.00096432,0.02012695,0.04954292,0.07360869,-0.24076479,2.65039205,0.05128843,0.2012869,0.04996835,0.29804281,0.06907168,0.09593759,0.05318432,-0.21171168,0.00262155,0.03447027,1.88336847,0.9453236,0.59726569,1.8105128855,1.8055713733,416,-0.760531466,-0.173688967,-0.401933296,-0.783613523
20181031,20181031,300891.0,01W,CHN,-0.137921,2018,10,20180928,20180930,1300.2608936,2.3730852928,1300.2608936,0.0003079831,0.0,0.0002590384,-0.19028745,0.6962414114,0.5881112934,0.3923053131,0.8184796614,-0.04527068,-0.26953325,0.3043433583,0.0379776404,-0.051645622,0.017497778,0.0802133681,0.183314078,0.423781642,1.3969300494,0.281402821,-0.455204935,-0.058667448,0.0154582384,0.0,0.0,-0.082838625,-0.002156857,-0.080681768,0.233483971,0.0008815188,0.2326024522,0.0148048398,-0.01480484,0.0013386495,0.0607274687,0.1788561625,0.0412793529,0.1085388856,0.0084694318,0.012421388,0.022956828,,,0.0297378458,-0.08725795,-10.49370382,-0.10206279,-12.2741445,1.0489539172,0.103307918,0.1222531654,0.1212220358,0.0416772967,0.0107199691,0.0844753265,0.1427929951,0.0,0.1641067537,0.1385767788,0.1232154839,13.43360561,0.0505172015,0.0026444215,0.0017278077,-0.002146362,-0.001644487,,-1.76164519,0.2851097664,-0.059915361,-0.027712535,0.5505097904,0.3211041931,1.048061426,0.0229879512,0.0445905088,0.0093143863,0.1172451552,1.2178747868,0.095573217,0.0212809357,0.0468152731,1.4938050508,0.7709567757,0.5380939032,0.3993438798,0.5571908963,7.0,-2.136863341,4.9393195673,31.759575849,1.6944506048,0.5691199733,0.0118238366,0.3079114727,0.2061256069,0.0961762699,0.0928754685,0.0362455191,0.0025603661,0.02942809,-0.01603164,,,0.0015447272,0.2735911675,0.0059957831,0.2044249658,18.600081661,1.2412712028,0.3795532526,0.5042756461,0.509618333,0.369089424,0.00078319,24302158.8137457,1.03699026,0.0182035,0.91894456,0.00064212,0.00088154,0.01640572,0.02696144,-1.47240361,0.03752756,0.94441449,0.02663291,-1.41218609,0.02605835,-1.29345519,0.0248189,0.03832599,0.03078642,-1.05888963,0.0023363,0.03536389,1.81792855,0.76544039,0.60290423,1.829177898,0.6320620366,417,-0.763294845,-0.171515154,-0.405550744,-0.794750197
20181130,20181130,300891.0,01W,CHN,0.120812,2018,11,20181031,20181031,1120.9281031,2.0457878945,1120.9281031,0.0003572561,0.0,0.0002590384,-0.137920621,-0.227988645,0.1256445039,0.4668109373,0.1288789832,-0.122119135,0.3412403355,0.0111475591,0.0244259876,0.148003926,0.0128471703,0.0114046395,0.1200707441,0.1722031353,2.0051161649,0.1193323774,-0.424647029,-0.053652896,0.0232284644,0.0,0.0,-0.104564931,0.0047601725,-0.109325104,0.1693124913,0.0004483919,0.1688640994,-0.022778021,0.022778021,0.0017680041,0.0288455363,0.1788561625,0.0525549277,0.1475331404,0.013892694,0.0180942374,0.022956828,,,-0.031198945,-0.117263274,-9.406059168,-0.094485253,-7.578961847,0.9706345033,0.1120639878,0.135709337,0.1406123465,0.0416772967,0.0132540271,0.0844753265,0.1427929951,1.0,0.0602180166,0.098822541,0.1232154839,9.4486005626,0.3272835551,0.0070586842,0.0047253048,0.0048226401,0.0032550385,,-1.312868959,0.4802745282,0.3630295604,0.0234940182,0.9755798391,1.8287054127,0.802806301,0.0306150835,0.0531542977,0.0144997447,0.1492157027,1.1848064418,0.1297300541,0.0302698666,0.0717801392,1.4513961799,0.762491348,0.541606698,0.3182494997,0.5233890422,8.0,-2.136863341,5.3186602349,39.789885455,1.6944506048,0.535726594,0.0104331733,0.3346169434,0.2305483148,0.0950151043,0.0905800822,0.0451546174,0.0041715959,0.0434098742,-0.004274902,,,0.0017918619,0.2944565028,0.0092875438,0.152192519,18.433744954,1.2262205872,0.1931689424,0.3030139391,0.5187951254,0.3825399529,0.00097486,23521645.9911698,1.06824377,0.01753142,0.94008452,0.00067147,0.00092547,0.01258763,0.02289348,0.21126911,-0.22073639,1.29733538,0.02508534,0.37260598,0.02387058,0.44239512,0.03846765,0.06735406,0.04305381,-0.33271685,0.0024865,0.03433026,1.73390808,0.65987037,0.60812454,1.6728188723,0.9725270839,418,-0.477494376,0.1164866048,-0.409204677,-0.603104748
20181228,20181231,300891.0,01W,CHN,-0.126733,2018,12,20181130,20181130,1256.349807,2.2929438731,1256.349807,0.0003187475,0.0,0.0002590384,0.120812123,-0.301963508,0.1246359606,0.3295550237,-0.037545724,-0.008182893,0.0923184972,-0.009698359,0.0362905769,-0.020781403,0.0229543755,0.0114046395,0.1200707441,0.1722031353,2.0051161649,0.1193323774,-0.424647029,-0.053652896,0.0232284644,0.0,0.0,-0.104564931,0.0047601725,-0.109325104,0.1693124913,0.0004483919,0.1688640994,-0.022778021,0.022778021,0.0017680041,0.0288455363,0.1788561625,0.0525549277,0.1475331404,0.013892694,0.0180942374,0.022956828,,,-0.031198945,-0.117263274,-9.406059168,-0.094485253,-7.578961847,0.9706345033,0.1120639878,0.135709337,0.1406123465,0.0416772967,0.0132540271,0.0844753265,0.1427929951,1.0,0.0602180166,0.098822541,0.1232154839,9.4486005626,0.3272835551,0.0070586842,0.0047253048,0.0048226401,0.0032550385,,-1.312868959,0.4802745282,0.3630295604,0.0234940182,0.9755798391,1.8287054127,0.802806301,0.0306150835,0.0531542977,0.0144997447,0.1492157027,1.1848064418,0.1297300541,0.0302698666,0.0717801392,1.4513961799,0.762491348,0.541606698,0.3182494997,0.5233890422,8.0,-2.136863341,5.3186602349,39.789885455,1.6944506048,0.535726594,0.0104331733,0.2985486475,0.2056975563,0.0847734445,0.0808164726,0.0402874099,0.0037219404,0.0387307322,-0.003814111,,,0.0015987174,0.265090361,0.0083612972,0.1506751716,18.530711412,1.2099937482,0.1473985233,0.3370844809,0.5162237566,0.3778368772,0.00121018,24171594.518207,1.03403531,0.01789186,0.91939518,0.00065337,0.00095299,0.01149838,0.03257387,1.24536627,-0.24730831,0.54407483,0.03164931,1.56192574,0.03236744,1.46066815,0.05545186,0.09954302,0.03591466,0.6388856,0.00232925,0.03396425,1.75574257,0.73959071,0.60927849,1.6010403906,1.4167676687,419,-0.453474693,0.1165445795,-0.40791532,-0.575448649
20190131,20190131,300891.0,01W,CHN,0.000875,2019,1,20181228,20181231,1097.1289945,2.0023525233,1097.1289945,0.0003650057,0.0,0.0002590384,-0.126732867,-0.033770982,0.3270845979,0.2424870794,0.0892947927,-0.135827103,0.0371839364,-0.231416226,0.0458072459,-0.04225769,0.0237103472,0.0114046395,0.1200707441,0.1722031353,2.0051161649,0.1193323774,-0.424647029,-0.053652896,0.0232284644,0.0,0.0,-0.104564931,0.0047601725,-0.109325104,0.1693124913,0.0004483919,0.1688640994,-0.022778021,0.022778021,0.0017680041,0.0288455363,0.1788561625,0.0525549277,0.1475331404,0.013892694,0.0180942374,0.022956828,,,-0.031198945,-0.117263274,-9.406059168,-0.094485253,-7.578961847,0.9706345033,0.1120639878,0.135709337,0.1406123465,0.0416772967,0.0132540271,0.0844753265,0.1427929951,1.0,0.0602180166,0.098822541,0.1232154839,9.4486005626,0.3272835551,0.0070586842,0.0047253048,0.0048226401,0.0032550385,,-1.312868959,0.4802745282,0.3630295604,0.0234940182,0.9755798391,1.8287054127,0.802806301,0.0306150835,0.0531542977,0.0144997447,0.1492157027,1.1848064418,0.1297300541,0.0302698666,0.0717801392,1.4513961799,0.762491348,0.541606698,0.3182494997,0.5233890422,8.0,-2.136863341,5.3186602349,39.789885455,1.6944506048,0.535726594,0.0104331733,0.341875511,0.235549408,0.097076188,0.0925449607,0.0461341191,0.0042620869,0.0443515285,-0.004367634,,,0.0018307312,0.300302853,0.0094719453,0.1520083621,18.41423093,1.2256837085,0.1585896043,0.2825214218,0.5120170991,0.3846932809,0.00215725,24362928.2881401,1.02280189,0.01787888,0.92255557,0.00065634,0.00102305,0.01411895,0.02923111,0.45495424,0.098707,1.12306341,0.0299152,0.38845858,0.02855172,0.06138604,0.03840723,0.08529113,0.03681628,0.49300105,0.00206632,0.03428292,1.7712189,0.64586026,0.61630173,1.6049652459,0.9645061961,420,-0.457373385,0.117987786,-0.408784065,-0.580724667
20190228,20190228,300891.0,01W,CHN,0.155238,2019,2,20190131,20190131,1098.0887865,2.0041042242,1098.0887865,0.0003646867,0.0,0.0002590384,0.0008748214,-0.02123161,-0.348595312,-0.050208132,0.2376599317,0.0679615259,-0.242720083,-0.04892431,0.0503344397,-0.001237058,0.013524787,-0.057578315,0.0742456928,0.2777746255,1.0264001601,-0.078150256,-0.375210997,0.6921437342,0.0217853757,0.0,0.0,-0.171456039,-0.006029669,-0.16542637,0.1392399336,9.07627e-05,0.1391491708,-0.0462814,0.0462813996,0.0018234372,-0.008876033,0.1788561625,0.0561749481,0.1947181954,0.0081354305,0.02042702,0.022956828,,,-0.070785636,-0.167469558,-11.56891781,-0.121188158,-8.371765361,0.9036024913,0.1248058208,0.1391250373,0.1495345042,0.0416772967,0.0231533699,0.0844753265,0.1427929951,2.0,-0.024764202,0.1385767788,0.1232154839,7.3856128892,-0.00133915,0.0046723954,0.0032192419,0.0015431798,0.0011299431,,-1.014567636,0.6481216501,0.1038800383,0.0344610652,-0.090310691,0.6699535754,1.2154114323,0.0256797067,0.0529404893,0.008034794,0.1835066498,1.1356965358,0.1819453769,0.0272486374,0.1175943273,1.4111132663,0.7894162314,0.5380939032,0.1887343532,0.4854641463,8.0,-2.136863341,8.0618544075,43.309010363,1.6944506048,0.4611821008,0.0116220993,0.3213891449,0.2277557391,0.0878363275,0.0803950858,0.0460791808,0.004652371,0.0584752691,0.0073013541,,,0.0018291311,0.2852204984,0.0081057535,0.1803639611,18.399014739,1.221314769,0.1379113138,-1.122215508,0.5103369421,0.391303364,0.00135834,19016369.9101967,0.75583486,0.01453792,0.66477418,0.00088058,0.00098057,0.01510379,0.03005614,1.80763088,0.45350147,-1.03337904,0.02979,1.53568515,0.03026599,1.44054691,0.04131583,0.09786286,0.03016736,1.5373634,0.00173579,0.03462538,1.77482862,0.64642527,0.61120445,1.5841570179,1.0331892768,421,0.1529754043,0.2729501229,0.2321006134,-0.342516808
20190329,20190331,300891.0,01W,CHN,0.166784,2019,3,20190228,20190228,1268.5544113,2.3152183006,1268.5544113,0.0003156809,0.0,0.0002590384,0.1552384715,-0.125968914,-0.316186255,0.101721095,0.3024648579,0.997723464,-0.255383747,0.1993536299,0.0463239708,0.0508378952,0.0084230886,-0.057578315,0.0742456928,0.2777746255,1.0264001601,-0.078150256,-0.375210997,0.6921437342,0.0217853757,0.0,0.0,-0.171456039,-0.006029669,-0.16542637,0.1392399336,9.07627e-05,0.1391491708,-0.0462814,0.0462813996,0.0018234372,-0.008876033,0.1788561625,0.0561749481,0.1947181954,0.0081354305,0.02042702,0.022956828,,,-0.070785636,-0.167469558,-11.56891781,-0.121188158,-8.371765361,0.9036024913,0.1248058208,0.1391250373,0.1495345042,0.0416772967,0.0231533699,0.0844753265,0.1427929951,2.0,-0.024764202,0.1385767788,0.1232154839,7.3856128892,-0.00133915,0.0046723954,0.0032192419,0.0015431798,0.0011299431,,-1.014567636,0.6481216501,0.1038800383,0.0344610652,-0.090310691,0.6699535754,1.2154114323,0.0256797067,0.0529404893,0.008034794,0.1835066498,1.1356965358,0.1819453769,0.0272486374,0.1175943273,1.4111132663,0.7894162314,0.5380939032,0.1887343532,0.4854641463,8.0,-2.136863341,8.0618544075,43.309010363,1.6944506048,0.4611821008,0.0116220993,0.2782015599,0.1971504107,0.0760330699,0.0695917663,0.0398871592,0.0040271954,0.0506174877,0.0063202138,,,0.0015833364,0.249386902,0.0070873895,0.1884757818,18.52456647,1.1895244004,0.1496304572,-0.837656567,0.5087911107,0.3908574126,0.00050769,17040711.562835,0.67123129,0.01369416,0.62006572,0.00104059,0.00087474,0.01366052,0.02700313,0.45229206,-0.40834551,1.02630969,,,,,0.04584165,0.05824505,0.03203137,0.02815631,0.00179319,0.0348795,1.70344685,0.74677535,0.61313418,1.5579524003,1.153702749,422,0.1576748965,0.2690755073,0.2304479256,-0.346262819
20190430,20190430,300891.0,01W,CHN,-0.192603,2019,4,20190329,20190331,1480.1293086,2.7013602508,1480.1293086,0.0002705564,0.0,0.0002590384,0.166784251,0.1562490988,-0.024384708,0.3399763437,0.2545570165,0.5881112934,0.2205583391,0.1423798907,0.048542549,0.0831724845,0.0161125251,-0.057578315,0.0742456928,0.2777746255,1.0264001601,-0.078150256,-0.375210997,0.6921437342,0.0217853757,0.0,0.0,-0.171456039,-0.006029669,-0.16542637,0.1392399336,9.07627e-05,0.1391491708,-0.0462814,0.0462813996,0.0018234372,-0.008876033,0.1788561625,0.0561749481,0.1947181954,0.0081354305,0.02042702,0.022956828,,,-0.070785636,-0.167469558,-11.56891781,-0.121188158,-8.371765361,0.9036024913,0.1248058208,0.1391250373,0.1495345042,0.0416772967,0.0231533699,0.0844753265,0.1427929951,2.0,-0.024764202,0.1385767788,0.1232154839,7.3856128892,-0.00133915,0.0046723954,0.0032192419,0.0015431798,0.0011299431,,-1.014567636,0.6481216501,0.1038800383,0.0344610652,-0.090310691,0.6699535754,1.2154114323,0.0256797067,0.0529404893,0.008034794,0.1835066498,1.1356965358,0.1819453769,0.0272486374,0.1175943273,1.4111132663,0.7894162314,0.5380939032,0.1887343532,0.4854641463,8.0,-2.136863341,8.0618544075,43.309010363,1.6944506048,0.4611821008,0.0116220993,0.238434449,0.1689690365,0.0651646351,0.0596440741,0.0341855481,0.0034515339,0.0433820457,0.0054167802,,,0.0013570087,0.2157451886,0.0061313171,0.1605013222,18.640174455,1.1719327259,0.1029380389,-0.520706522,0.5084343241,0.3864697618,0.00051614,21951404.4776091,0.80646213,0.017281,0.7202109,0.00086706,0.00076663,0.01536312,0.03219368,0.1179843,0.03957452,0.4795164,0.03125066,0.68231747,0.03317571,0.50721458,0.0457906,0.07563031,0.03285257,-0.43921621,0.0016618,0.03547805,1.45926374,0.87132571,0.6086636,1.4854976466,1.1584037322,423,0.1734951202,0.2683562672,0.2304479256,-0.325848349
20190531,20190531,300891.0,01W,CHN,0.077721,2019,5,20190430,20190430,1195.0526594,2.1810714326,1195.0526594,0.0003350969,0.0,0.0002590384,-0.19260253,0.3479140547,0.320449817,-0.12119434,0.2813577871,0.1256445039,0.3940575522,-0.137147532,0.0435011855,0.0198971615,0.0250961079,-0.116620474,0.0236299814,-0.91077017,0.9243490987,-0.070128558,-0.228128191,-0.430199205,0.0220795561,0.0,0.0,-0.004496979,0.0015019458,-0.005998925,-0.096965402,-0.00176539,-0.095200012,-0.101402965,0.1014029647,-0.002083991,-0.030349429,0.1546117685,0.117804987,0.1699909846,0.0943581728,0.0148114865,0.0224414025,,,-0.169512526,-0.077740387,-7.399921306,0.0236625777,2.2523841148,0.853585099,0.0567813316,0.1315668336,0.1451467938,0.0626062866,0.0116977025,0.1597251357,-0.124666073,3.0,-0.089397069,0.0055564941,-0.041097401,-0.786839442,0.0015220362,0.0001643491,0.0001164677,-0.005053961,-0.003412267,0.0237676107,-1.349876734,0.1368253366,0.1622125183,0.2629304581,-0.447831816,-1.878253373,-0.840722942,0.0814922892,0.1040665136,0.0904863742,0.1501665554,1.0200668896,0.0882459564,0.0922505976,0.006173566,1.409869934,0.7906027186,0.5920535782,0.4341326869,0.4546459057,6.0,-2.498161478,7.0918224012,27.614688897,1.6335601348,0.5967012984,0.011550557,0.2943281202,0.2087626051,0.079081445,0.0756384822,0.041279906,0.0030920845,0.0259732665,0.0208178862,,,0.0025843816,0.2644021128,0.0228399818,0.1399582049,18.46012065,1.1872913482,0.0962909577,-0.091925052,0.5334454592,0.4753270473,0.00100007,23445431.5262432,0.78731745,0.01789848,0.7171949,0.0008867,0.00078954,0.00805481,0.01642377,0.16318848,-0.3552951,1.21107633,0.01706631,-0.08407609,0.01583099,0.34570666,0.02249367,0.03567793,0.02674551,-0.01125781,0.00149159,0.0346697,1.49437697,0.70350618,0.6112691,1.4661630235,0.575233844,424,0.8013318985,0.5168038735,1.0381586506,-0.09240864
20190628,20190630,300891.0,01W,CHN,-0.169242,2019,6,20190531,20190531,1287.933307,2.3505864123,1287.933307,0.000310931,0.0,0.0002590384,0.0777209665,-0.057941347,-0.048789873,-0.255803861,0.1990057095,0.1246359606,0.1567384462,-0.050169356,0.0551275785,0.0774304491,0.0158425184,-0.116620474,0.0236299814,-0.91077017,0.9243490987,-0.070128558,-0.228128191,-0.430199205,0.0220795561,0.0,0.0,-0.004496979,0.0015019458,-0.005998925,-0.096965402,-0.00176539,-0.095200012,-0.101402965,0.1014029647,-0.002083991,-0.030349429,0.1546117685,0.117804987,0.1699909846,0.0943581728,0.0148114865,0.0224414025,,,-0.169512526,-0.077740387,-7.399921306,0.0236625777,2.2523841148,0.853585099,0.0567813316,0.1315668336,0.1451467938,0.0626062866,0.0116977025,0.1597251357,-0.124666073,3.0,-0.089397069,0.0055564941,-0.041097401,-0.786839442,0.0015220362,0.0001643491,0.0001164677,-0.005053961,-0.003412267,0.0237676107,-1.349876734,0.1368253366,0.1622125183,0.2629304581,-0.447831816,-1.878253373,-0.840722942,0.0814922892,0.1040665136,0.0904863742,0.1501665554,1.0200668896,0.0882459564,0.0922505976,0.006173566,1.409869934,0.7906027186,0.5920535782,0.4341326869,0.4546459057,6.0,-2.498161478,7.0918224012,27.614688897,1.6335601348,0.5967012984,0.011550557,0.2731023422,0.193707473,0.0733784045,0.0701837345,0.0383029627,0.0028690956,0.0241001774,0.0193165828,,,0.0023980063,0.2465849546,0.0213008732,0.159498953,18.523093289,1.1519971131,0.0800701073,-0.376659923,0.541406493,0.4653567578,0.00086492,24154277.499787,0.79367731,0.01864532,0.71599181,0.0008472,0.00076593,0.01320963,0.03815777,1.22451826,-0.36997109,1.37609229,0.03883032,0.89852995,0.03897461,1.36504608,0.07079166,0.099194,0.04890134,0.16560056,0.00164517,0.03513062,1.54688688,0.75818336,0.60961742,1.4070013211,1.7705978916,425,0.8071841876,0.5152442183,1.0369330076,-0.089374116
20190731,20190731,300891.0,01W,CHN,-0.028099,2019,7,20190628,20190630,1069.9614097,1.9527694,1069.9614097,0.0003742737,0.0,0.0002590384,-0.169241603,-0.129850818,0.1739123781,-0.009480856,0.3604463068,0.3270845979,0.0223861416,0.7790774062,-0.031083241,-0.105134934,0.0296026044,-0.116620474,0.0236299814,-0.91077017,0.9243490987,-0.070128558,-0.228128191,-0.430199205,0.0220795561,0.0,0.0,-0.004496979,0.0015019458,-0.005998925,-0.096965402,-0.00176539,-0.095200012,-0.101402965,0.1014029647,-0.002083991,-0.030349429,0.1546117685,0.117804987,0.1699909846,0.0943581728,0.0148114865,0.0224414025,,,-0.169512526,-0.077740387,-7.399921306,0.0236625777,2.2523841148,0.853585099,0.0567813316,0.1315668336,0.1451467938,0.0626062866,0.0116977025,0.1597251357,-0.124666073,3.0,-0.089397069,0.0055564941,-0.041097401,-0.786839442,0.0015220362,0.0001643491,0.0001164677,-0.005053961,-0.003412267,0.0237676107,-1.349876734,0.1368253366,0.1622125183,0.2629304581,-0.447831816,-1.878253373,-0.840722942,0.0814922892,0.1040665136,0.0904863742,0.1501665554,1.0200668896,0.0882459564,0.0922505976,0.006173566,1.409869934,0.7906027186,0.5920535782,0.4341326869,0.4546459057,6.0,-2.498161478,7.0918224012,27.614688897,1.6335601348,0.5967012984,0.011550557,0.3287385878,0.2331694434,0.0883270091,0.0844815229,0.0461060193,0.0034535861,0.0290098511,0.0232517454,,,0.0028865267,0.2929058353,0.0253022333,0.1668518932,18.358031673,1.139307845,0.1480395117,0.1672463251,0.5450477868,0.4717879083,0.00131255,24857147.1515612,0.75892161,0.01927683,0.6774221,0.000815,0.00075292,0.00874541,0.02117873,-0.44655567,0.04709813,1.71197073,0.02142933,-0.32000941,0.02015829,-0.35427187,0.0197897,0.03748415,0.02581114,-0.39848524,0.00145727,0.0345284,1.33894868,0.62986719,0.60876257,1.3947969837,0.5110202684,426,0.8190100568,0.5128758447,1.0320444088,-0.06423113
20190830,20190831,300891.0,01W,CHN,-0.046668,2019,8,20190731,20190731,1039.5157465,1.8972035087,1039.5157465,0.000768255,0.0,0.0006252731,-0.028099038,-0.104674257,-0.025614848,-0.045468298,-0.364725678,-0.348595312,0.968626457,-0.046561209,-0.029404861,0.0029868965,0.039208157,-0.086584827,0.0579943304,-0.944961672,0.7255382433,0.0330966802,-0.160958876,-0.205598485,0.0210684598,0.0,0.0,0.014541775,0.0019156689,0.0126261061,-0.112383067,-0.001791355,-0.110591711,-0.061846135,0.0618461347,-0.001809617,-0.033070756,0.1546117685,0.054344834,0.0810546981,0.0071715033,0.0136828902,0.0224414025,,,-0.088571137,-0.059565889,-6.220637407,0.002280246,0.2381326569,0.8815785108,0.1201462625,0.1301764954,0.1412702952,0.0626062866,0.0147850209,0.1597251357,-0.124666073,4.0,-0.08948327,0.0055564941,-0.041097401,-0.921637439,-0.065840955,0.0014483539,0.0010272959,-0.001196068,-0.000700512,0.0237676107,-1.28831167,0.0159105264,0.1659103397,0.1305545207,-1.023674489,-0.461282337,-0.917253487,0.0196282045,0.049639396,0.0068478974,0.0740365911,1.0181552049,0.0691414169,0.0214888093,-0.0264318,1.4289436566,0.8020851532,0.5920535782,0.4464084348,0.4784266177,6.0,-2.498161478,8.555482732,27.614688897,1.6335601348,0.61325976,0.0118445833,0.3517981255,0.2461945395,0.0985431252,0.0933417825,0.0479663964,0.0033686529,0.0243238209,0.0211942016,,,0.0029710682,0.3105491141,0.0069143272,0.1054164262,18.341236188,1.1726534341,-0.404949596,-0.201301442,0.5136270499,0.1795959126,0.00149321,24288802.0896367,0.78241969,0.01886075,0.69502561,0.00082497,0.00087576,0.00725931,0.01878368,1.35488069,0.12859659,2.15313194,0.01841315,0.87679478,0.01743945,1.86369161,0.03767118,0.06801654,0.02622501,1.17567837,0.00146341,0.03099244,1.25242218,0.61194437,0.61265434,1.3370178025,1.0412340121,427,-0.187138185,-0.213503954,-0.053175878,-0.039789373
20190930,20190930,300891.0,01W,CHN,-0.029226,2019,9,20190830,20190831,991.00316928,1.8086639825,991.00316928,0.0004017694,0.0,0.0003662347,-0.046668439,-0.192585115,-0.180250753,-0.172287434,-0.352424371,-0.316186255,0.5474631643,-0.19028745,-0.016348588,-0.020442169,0.0354405397,-0.086584827,0.0579943304,-0.944961672,0.7255382433,0.0330966802,-0.160958876,-0.205598485,0.0210684598,0.0,0.0,0.014541775,0.0019156689,0.0126261061,-0.112383067,-0.001791355,-0.110591711,-0.061846135,0.0618461347,-0.001809617,-0.033070756,0.1546117685,0.054344834,0.0810546981,0.0071715033,0.0136828902,0.0224414025,,,-0.088571137,-0.059565889,-6.220637407,0.002280246,0.2381326569,0.8815785108,0.1201462625,0.1301764954,0.1412702952,0.0626062866,0.0147850209,0.1597251357,-0.124666073,4.0,-0.08948327,0.0055564941,-0.041097401,-0.921637439,-0.065840955,0.0014483539,0.0010272959,-0.001196068,-0.000700512,0.0237676107,-1.28831167,0.0159105264,0.1659103397,0.1305545207,-1.023674489,-0.461282337,-0.917253487,0.0196282045,0.049639396,0.0068478974,0.0740365911,1.0181552049,0.0691414169,0.0214888093,-0.0264318,1.4289436566,0.8020851532,0.5920535782,0.4464084348,0.4784266177,6.0,-2.498161478,8.555482732,27.614688897,1.6335601348,0.61325976,0.0118445833,0.3690196988,0.2582465005,0.1033671067,0.0979111427,0.0503144954,0.0035335585,0.0255145448,0.0222317213,,,0.0031165109,0.3243956905,0.0072226191,0.1101989239,18.292670057,1.1641914601,-0.353017562,-0.189811512,0.5116568416,0.1728841057,0.00173688,20030713.1437604,0.90968651,0.01587082,0.78243964,0.00098582,0.00103782,0.00956183,0.01433127,0.28556017,0.29392548,1.16311407,0.01435519,0.31209503,0.01360644,0.30506782,0.02398278,0.03647226,0.01851012,0.37763574,0.00160091,0.02751693,1.22859946,0.6257961,0.61409495,1.2456805447,0.7277504326,428,-0.099018082,-0.221348348,-0.059206688,0.1106741741
20191031,20191031,300891.0,01W,CHN,-0.034108,2019,10,20190930,20190930,962.04000136,1.7558037695,962.04000136,0.0004138651,0.0,0.0003662347,-0.02922611,-0.073456139,-0.330216509,-0.096399621,-0.237563646,-0.024384708,0.2138292848,-0.137920621,-0.006467269,0.0968472409,0.0197197274,-0.086584827,0.0579943304,-0.944961672,0.7255382433,0.0330966802,-0.160958876,-0.205598485,0.0210684598,0.0,0.0,0.014541775,0.0019156689,0.0126261061,-0.112383067,-0.001791355,-0.110591711,-0.061846135,0.0618461347,-0.001809617,-0.033070756,0.1546117685,0.054344834,0.0810546981,0.0071715033,0.0136828902,0.0224414025,,,-0.088571137,-0.059565889,-6.220637407,0.002280246,0.2381326569,0.8815785108,0.1201462625,0.1301764954,0.1412702952,0.0626062866,0.0147850209,0.1597251357,-0.124666073,4.0,-0.08948327,0.0055564941,-0.041097401,-0.921637439,-0.065840955,0.0014483539,0.0010272959,-0.001196068,-0.000700512,0.0237676107,-1.28831167,0.0159105264,0.1659103397,0.1305545207,-1.023674489,-0.461282337,-0.917253487,0.0196282045,0.049639396,0.0068478974,0.0740365911,1.0181552049,0.0691414169,0.0214888093,-0.0264318,1.4289436566,0.8020851532,0.5920535782,0.4464084348,0.4784266177,6.0,-2.498161478,8.555482732,27.614688897,1.6335601348,0.61325976,0.0118445833,0.3801294026,0.2660212674,0.1064790759,0.1008588547,0.0518292632,0.0036399398,0.0262826855,0.0229010293,,,0.0032103365,0.3332671764,0.0074201413,0.1337038793,18.261339858,1.1827252854,-0.276447229,-0.479228918,0.5119733541,0.1976369589,0.00099048,14751141.3218608,0.78225499,0.01259037,0.64770229,0.00121179,0.00105639,0.00673369,0.01631365,1.20530686,-0.06280367,2.30188153,0.01528345,0.55616926,0.01647832,0.47368422,0.02975049,0.0611489,0.02619486,0.1954726,0.0017234,0.02679355,1.31415795,0.63423177,0.6168327,1.2362881228,0.9147126282,429,-0.083607457,-0.222408076,-0.060156585,0.136129081
20191129,20191130,300891.0,01W,CHN,0.012916,2019,11,20191031,20191031,929.22639069,1.6959161752,929.22639069,0.0004284798,0.0,0.0003662347,-0.034108364,-0.074530612,-0.1946862,-0.12357506,-0.141432536,0.320449817,0.1574462945,0.120812123,-0.020550949,0.0903978546,0.0193516102,-0.028319368,-0.021734909,-0.7346298,0.5049999769,-0.005039516,0.028014043,1.7727472201,0.0180929773,0.0,0.0,0.0219198563,0.0204042328,0.0015156235,-0.048179244,-0.001529191,-0.046650053,-0.030521218,0.0305212176,-0.002073653,-0.017498672,0.1546117685,0.049509843,0.0555438754,0.0018336382,0.0127161741,0.0224414025,,,-0.034151519,-0.038491676,-4.376953904,-0.007970458,-0.906334346,0.9158333381,0.1246875465,0.13390729,0.1441432806,0.0626062866,0.0107549721,0.1597251357,-0.124666073,0.0,-0.043856251,0.0330235359,-0.041097401,-0.68893222,-0.024531834,0.0062331166,0.0043620451,-0.000825568,-0.00036326,0.0237676107,-1.224791831,-0.172248541,-0.019749239,0.1719968213,-0.735973062,-0.340934183,-0.604202859,0.0165692922,0.0481077555,0.0017883872,0.053970908,1.0338311736,0.0472858454,0.0170521998,-0.082444209,1.4459777804,0.802034756,0.6049388322,0.3062013213,0.5076948447,6.0,-2.498161478,6.1421186349,27.614688897,1.6335601348,0.6082298741,0.0106628677,0.3922181584,0.2712477078,0.1026459805,0.0984276852,0.0532862239,0.0034492331,0.0185463672,0.0032816727,,,0.0033237026,0.3365495954,0.0060888691,0.153870233,18.161019159,1.1859352103,-0.253323745,-0.39062189,0.4397710952,0.2203403808,0.00176756,11936614.2159196,0.73031396,0.01100156,0.63094543,0.00133206,0.00109137,0.0055789,0.01837478,1.66286508,0.08975887,0.68023399,0.01795091,2.26882459,0.01890945,2.37052534,0.02126227,0.05201614,0.01967887,0.92380808,0.00181912,0.02645097,1.14983821,0.61259917,0.61619127,1.2735713742,0.6893006278,430,-0.373574593,-0.62458006,-0.211505397,0.1390610539
20191231,20191231,300891.0,01W,CHN,0.030834,2019,12,20191129,20191130,941.22798983,1.7178201012,941.22798983,0.0004230163,0.0,0.0003662347,0.0129156891,-0.06233762,-0.278249298,-0.267223574,-0.260105137,-0.048789873,0.2577436907,-0.126732867,-0.007855626,-0.033942002,0.0326865503,-0.028319368,-0.021734909,-0.7346298,0.5049999769,-0.005039516,0.028014043,1.7727472201,0.0180929773,0.0,0.0,0.0219198563,0.0204042328,0.0015156235,-0.048179244,-0.001529191,-0.046650053,-0.030521218,0.0305212176,-0.002073653,-0.017498672,0.1546117685,0.049509843,0.0555438754,0.0018336382,0.0127161741,0.0224414025,,,-0.034151519,-0.038491676,-4.376953904,-0.007970458,-0.906334346,0.9158333381,0.1246875465,0.13390729,0.1441432806,0.0626062866,0.0107549721,0.1597251357,-0.124666073,0.0,-0.043856251,0.0330235359,-0.041097401,-0.68893222,-0.024531834,0.0062331166,0.0043620451,-0.000825568,-0.00036326,0.0237676107,-1.224791831,-0.172248541,-0.019749239,0.1719968213,-0.735973062,-0.340934183,-0.604202859,0.0165692922,0.0481077555,0.0017883872,0.053970908,1.0338311736,0.0472858454,0.0170521998,-0.082444209,1.4459777804,0.802034756,0.6049388322,0.3062013213,0.5076948447,6.0,-2.498161478,6.1421186349,27.614688897,1.6335601348,0.6082298741,0.0106628677,0.3872169843,0.267789028,0.1013371415,0.0971726337,0.0526067712,0.0034052519,0.0183098825,0.0032398281,,,0.003281322,0.33263832,0.0060181061,0.1386937438,18.175967339,1.1970215314,-0.350676397,-0.840632651,0.4401716977,0.2048121475,0.00189263,9979218.75478916,0.5586242,0.00957655,0.51175142,0.00153427,0.00112699,0.00616593,0.01919138,1.13202978,-0.70084134,1.97776041,0.01942933,1.23115395,0.01982104,1.1457571,0.0273383,0.0555627,0.02133571,0.38133602,0.0017375,0.02525584,1.10421757,0.62051131,0.61717776,1.2668073496,0.922979539,431,-0.356036914,-0.629187169,-0.213418408,0.1633695676
20200123,20200131,300891.0,01W,CHN,0.022474,2020,1,20191231,20191231,970.25011471,1.7707879156,970.25011471,0.000410363,0.0,0.0003662347,0.0308343198,-0.021633208,-0.119993717,-0.363857767,-0.141784815,0.1739123781,0.4318233378,0.0008748214,-0.005132035,-0.113278221,0.0423119099,-0.028319368,-0.021734909,-0.7346298,0.5049999769,-0.005039516,0.028014043,1.7727472201,0.0180929773,0.0,0.0,0.0219198563,0.0204042328,0.0015156235,-0.048179244,-0.001529191,-0.046650053,-0.030521218,0.0305212176,-0.002073653,-0.017498672,0.1546117685,0.049509843,0.0555438754,0.0018336382,0.0127161741,0.0224414025,,,-0.034151519,-0.038491676,-4.376953904,-0.007970458,-0.906334346,0.9158333381,0.1246875465,0.13390729,0.1441432806,0.0626062866,0.0107549721,0.1597251357,-0.124666073,0.0,-0.043856251,0.0330235359,-0.041097401,-0.68893222,-0.024531834,0.0062331166,0.0043620451,-0.000825568,-0.00036326,0.0237676107,-1.224791831,-0.172248541,-0.019749239,0.1719968213,-0.735973062,-0.340934183,-0.604202859,0.0165692922,0.0481077555,0.0017883872,0.053970908,1.0338311736,0.0472858454,0.0170521998,-0.082444209,1.4459777804,0.802034756,0.6049388322,0.3062013213,0.5076948447,6.0,-2.498161478,6.1421186349,27.614688897,1.6335601348,0.6082298741,0.0106628677,0.3756345485,0.2597789216,0.0983059446,0.0942660055,0.0510331973,0.003303394,0.0177621972,0.0031429183,,,0.0031831711,0.3235455779,0.0058535999,0.156887227,18.210586474,1.2420708243,-0.22083464,-0.499929271,0.4410678523,0.2278343102,0.00152955,9481152.68351605,0.53239093,0.00937479,0.49165543,0.00158261,0.00111751,0.00434541,0.01498219,1.15006512,-0.4278929,2.2820429,0.01174463,0.78077002,0.01471106,0.98733383,0.02537881,0.04897593,0.01912176,0.19001978,0.00169016,0.02412283,1.06833851,0.63964435,0.6208197,1.2516454089,0.9009874942,432,-0.324331276,-0.634431817,-0.216728411,0.2300582984
20200228,20200229,300891.0,01W,CHN,-0.044696,2020,2,20200123,20200131,992.05564854,1.8105848455,992.05564854,0.0004013431,0.0,0.0003662347,0.0224741368,0.0441482554,-0.066632595,-0.187813598,-0.116095592,-0.025614848,0.2475460209,0.1552384715,-0.01720152,-0.005280786,0.0291339372,0.0042157653,0.0343981117,-0.801852644,0.3010583192,-0.134114944,0.2508423165,0.661587019,0.0128942816,0.0,0.0,0.0859526159,0.0540372882,0.0319153277,-0.071986223,-0.00150506,-0.070481163,-0.030362356,0.0303623559,-0.002161421,-0.017971764,0.1546117685,0.0547281909,0.0113417554,0.0024579275,0.013980308,0.0224414025,,,-0.02564432,0.006317801,0.6571153532,0.0366801569,3.8151081594,0.9200806842,0.1352728201,0.1479949125,0.1611889815,0.0626062866,0.0132878445,0.1597251357,-0.124666073,0.0,-0.03872842,0.0055564941,-0.041097401,-0.746812337,0.2360184059,0.0055930672,0.0038680174,0.0009206718,0.0006487755,0.0237676107,-0.670887334,-0.305216071,-0.012181307,0.2399065147,1.5732642576,0.3779380528,-0.710479987,0.0177340049,0.0549589121,0.0023953312,0.0113895695,0.9786459083,0.0032966464,0.0176595564,-0.17864873,1.454093751,0.8105310524,0.5920535782,0.1665884591,0.5344533699,6.0,-2.498161478,5.696139959,27.614688897,1.6335601348,0.5226627881,0.0091872162,0.3572396553,0.2456785575,0.0863778341,0.0816308891,0.0527586763,0.0034346619,0.0011776928,-0.010046067,,,0.0031132045,0.3026073404,0.0058325755,0.1570613248,18.31850899,1.2383568256,-0.365963615,-0.614068342,0.3937699269,0.2191560842,0.00109153,10530612.3856303,0.58672389,0.01040764,0.54070409,0.00148698,0.00111031,0.01069941,0.02371586,1.527147,-0.55743468,0.48092241,0.02034601,-0.07643358,0.01806782,-0.54894105,0.02873237,0.06972825,0.0302234,-0.29764169,0.0015785,0.02340424,1.16254683,0.65401981,0.62598989,1.2328892,1.021665486,433,-0.885399867,-1.203680258,-0.706091198,0.2243990497
20200331,20200331,300891.0,01W,CHN,-0.196699,2020,3,20200228,20200229,947.71459282,1.7296586962,947.71459282,0.0004201209,0.0,0.0003662347,-0.044696138,0.0540014314,0.0010620342,-0.229448423,-0.217677199,-0.180250753,0.3081443535,0.166784251,-0.03642701,0.1677562863,0.0146195473,0.0042157653,0.0343981117,-0.801852644,0.3010583192,-0.134114944,0.2508423165,0.661587019,0.0128942816,0.0,0.0,0.0859526159,0.0540372882,0.0319153277,-0.071986223,-0.00150506,-0.070481163,-0.030362356,0.0303623559,-0.002161421,-0.017971764,0.1546117685,0.0547281909,0.0113417554,0.0024579275,0.013980308,0.0224414025,,,-0.02564432,0.006317801,0.6571153532,0.0366801569,3.8151081594,0.9200806842,0.1352728201,0.1479949125,0.1611889815,0.0626062866,0.0132878445,0.1597251357,-0.124666073,0.0,-0.03872842,0.0055564941,-0.041097401,-0.746812337,0.2360184059,0.0055930672,0.0038680174,0.0009206718,0.0006487755,0.0237676107,-0.670887334,-0.305216071,-0.012181307,0.2399065147,1.5732642576,0.3779380528,-0.710479987,0.0177340049,0.0549589121,0.0023953312,0.0113895695,0.9786459083,0.0032966464,0.0176595564,-0.17864873,1.454093751,0.8105310524,0.5920535782,0.1665884591,0.5344533699,6.0,-2.498161478,5.696139959,27.614688897,1.6335601348,0.5226627881,0.0091872162,0.3739539526,0.2571732066,0.0904192242,0.0854501822,0.0552271151,0.0035953606,0.001232794,-0.010516095,,,0.0032588631,0.315650957,0.0060839834,0.1375381371,18.271028047,1.2378994129,-0.349561632,-0.643958726,0.3939427652,0.2448749986,0.00071269,14159038.980798,0.92864328,0.01396399,0.84438655,0.00117595,0.00111816,0.00919549,0.0363921,-0.26027904,-0.08757811,1.39980717,0.03010917,0.52502297,0.03287853,0.34238948,0.04914659,0.07475721,0.05117417,-1.05990168,0.00195397,0.02448958,1.28334333,0.62478765,0.63218199,1.2497161328,1.6256405645,434,-0.905131339,-1.205677608,-0.70567846,0.1814596246
20200430,20200430,300891.0,01W,CHN,-0.09109,2020,4,20200331,20200331,761.30001202,1.389436436,761.30001202,0.0005229932,0.0,0.0003662347,-0.196699072,-0.023226508,-0.014890658,-0.113929032,-0.359473705,-0.330216509,0.2752787329,-0.19260253,-0.036799423,0.1187165716,0.0183943038,0.0042157653,0.0343981117,-0.801852644,0.3010583192,-0.134114944,0.2508423165,0.661587019,0.0128942816,0.0,0.0,0.0859526159,0.0540372882,0.0319153277,-0.071986223,-0.00150506,-0.070481163,-0.030362356,0.0303623559,-0.002161421,-0.017971764,0.1546117685,0.0547281909,0.0113417554,0.0024579275,0.013980308,0.0224414025,,,-0.02564432,0.006317801,0.6571153532,0.0366801569,3.8151081594,0.9200806842,0.1352728201,0.1479949125,0.1611889815,0.0626062866,0.0132878445,0.1597251357,-0.124666073,0.0,-0.03872842,0.0055564941,-0.041097401,-0.746812337,0.2360184059,0.0055930672,0.0038680174,0.0009206718,0.0006487755,0.0237676107,-0.670887334,-0.305216071,-0.012181307,0.2399065147,1.5732642576,0.3779380528,-0.710479987,0.0177340049,0.0549589121,0.0023953312,0.0113895695,0.9786459083,0.0032966464,0.0176595564,-0.17864873,1.454093751,0.8105310524,0.5920535782,0.1665884591,0.5344533699,6.0,-2.498161478,5.696139959,27.614688897,1.6335601348,0.5226627881,0.0091872162,0.4655216239,0.3201455364,0.1125595913,0.1063738124,0.0687502194,0.0044757332,0.0015346602,-0.013091103,,,0.0040568397,0.3855110669,0.0074304953,0.1191549472,18.010908263,1.2904885384,-0.584325638,-0.777075284,0.3940901541,0.2273742218,0.00162643,14098262.5575985,0.9341276,0.01438277,0.82951812,0.00130368,0.00131594,0.01329447,0.01722601,-0.0355515,-0.22172808,0.4983878,0.01471433,-0.08926489,0.01095337,-0.58627913,0.02552367,0.04292971,0.0294607,-0.34344787,0.00201387,0.02268485,1.40788557,0.5018925,0.63265205,1.2090452924,0.8533848772,435,-0.89849347,-1.207941883,-0.706464494,0.1881297307
20200529,20200531,300891.0,01W,CHN,0.224906,2020,5,20200430,20200430,691.95344638,1.2628731318,691.95344638,0.0005754068,0.0,0.0003662347,-0.091089668,-0.232603521,-0.180716325,-0.26763975,-0.362723582,-0.1946862,-0.071376749,0.0777209665,-0.052145844,-0.024359035,0.0245511352,0.0177548676,-0.004010122,3.373394521,0.1803727926,0.1098594429,0.2756675347,-0.067764782,0.0081464054,0.0,0.0,0.0245311241,-0.002229378,0.0267605018,-0.002511545,-0.001354361,-0.001157184,0.0217453114,-0.021745311,-0.000695375,-0.000716442,0.1112156881,0.1104586554,0.1447436728,0.0861671353,0.0099892818,0.0156556667,,,0.0349232307,-0.055500326,-7.980501875,-0.077245638,-11.10730328,0.992330125,0.0618771147,0.1384597233,0.1407685098,0.1010437889,0.0069191867,0.1180995116,-0.115519839,0.0,0.0260579012,0.0565470599,-0.000884764,-0.609762752,-0.259123661,-0.003606804,-0.002480448,-0.003771153,-0.002596916,0.0280827155,-0.545853356,-0.257682495,0.010474573,0.2062047949,-2.512705468,-1.160682666,-0.287192963,0.0908278504,0.1124198342,0.0860785535,0.1473135775,0.929795212,0.0624548169,0.0892433466,-0.02579114,1.4363786188,0.8479450461,0.6191003364,0.2963410855,0.5237375914,6.0,-2.288901261,5.9338567653,18.892204506,1.5992050511,0.5187505748,0.0043921167,0.5173507831,0.360177168,0.147829216,0.1442495693,0.0710074293,0.0035979112,0.0323110484,-0.006628376,,,0.0071748597,0.4408364734,0.0340793273,0.1420003663,17.817398468,1.3228278699,-0.484938749,-0.605389121,0.4284005089,0.2249548472,0.00214898,14051707.2735525,0.92342123,0.01470522,0.79231341,0.00138371,0.00142284,0.00635614,0.01528679,-0.38135402,-0.17497836,3.10752342,0.01296353,-0.94680341,0.0128795,-1.05341221,0.02835685,0.04347193,0.02562243,-0.42536835,0.00209897,0.02261932,1.42430049,0.52413043,0.63431793,1.2135367369,0.9532933942,436,0.3990215383,-0.001852708,0.6455324406,0.0148216677
20200630,20200630,300891.0,01W,CHN,-0.116907,2020,6,20200529,20200531,847.57799105,1.5469009911,847.57799105,0.0004697559,0.0,0.0003662347,0.2249060908,-0.269871487,-0.264839705,-0.301764648,-0.462544445,-0.278249298,-0.138597653,-0.169241603,-0.016314236,0.0462260121,0.0162229111,0.0177548676,-0.004010122,3.373394521,0.1803727926,0.1098594429,0.2756675347,-0.067764782,0.0081464054,0.0,0.0,0.0245311241,-0.002229378,0.0267605018,-0.002511545,-0.001354361,-0.001157184,0.0217453114,-0.021745311,-0.000695375,-0.000716442,0.1112156881,0.1104586554,0.1447436728,0.0861671353,0.0099892818,0.0156556667,,,0.0349232307,-0.055500326,-7.980501875,-0.077245638,-11.10730328,0.992330125,0.0618771147,0.1384597233,0.1407685098,0.1010437889,0.0069191867,0.1180995116,-0.115519839,0.0,0.0260579012,0.0565470599,-0.000884764,-0.609762752,-0.259123661,-0.003606804,-0.002480448,-0.003771153,-0.002596916,0.0280827155,-0.545853356,-0.257682495,0.010474573,0.2062047949,-2.512705468,-1.160682666,-0.287192963,0.0908278504,0.1124198342,0.0860785535,0.1473135775,0.929795212,0.0624548169,0.0892433466,-0.02579114,1.4363786188,0.8479450461,0.6191003364,0.2963410855,0.5237375914,6.0,-2.288901261,5.9338567653,18.892204506,1.5992050511,0.5187505748,0.0043921167,0.4223595482,0.2940447196,0.1206861629,0.1177637783,0.0579696924,0.0029372956,0.0263783882,-0.005411334,,,0.0058574774,0.3684219111,0.0284812434,0.1325131025,18.09574061,1.347025022,-0.799678971,-0.89258825,0.4413226091,0.2021217912,0.00072208,16401551.329073,1.07847232,0.01814506,1.03928104,0.00118091,0.00136685,0.01243167,0.04740675,0.95094655,-0.16623143,-0.48645261,0.04737727,0.48253836,0.04933044,0.38758296,0.07612895,0.10311426,0.0474457,0.87906509,0.00220648,0.02386816,1.36759395,0.69555324,0.62055997,1.2715114093,2.5756659442,437,0.3807494553,-0.013371349,0.6393717269,-0.020748646
20200731,20200731,300891.0,01W,CHN,0.004387,2020,7,20200630,20200630,748.49011634,1.366057301,748.49011634,0.0005319439,0.0,0.0003662347,-0.116907088,0.1133298012,-0.126433506,-0.118978431,-0.207552298,-0.119993717,-0.14259855,-0.028099038,-0.024387695,0.1086479755,0.0104600833,0.0177548676,-0.004010122,3.373394521,0.1803727926,0.1098594429,0.2756675347,-0.067764782,0.0081464054,0.0,0.0,0.0245311241,-0.002229378,0.0267605018,-0.002511545,-0.001354361,-0.001157184,0.0217453114,-0.021745311,-0.000695375,-0.000716442,0.1112156881,0.1104586554,0.1447436728,0.0861671353,0.0099892818,0.0156556667,,,0.0349232307,-0.055500326,-7.980501875,-0.077245638,-11.10730328,0.992330125,0.0618771147,0.1384597233,0.1407685098,0.1010437889,0.0069191867,0.1180995116,-0.115519839,0.0,0.0260579012,0.0565470599,-0.000884764,-0.609762752,-0.259123661,-0.003606804,-0.002480448,-0.003771153,-0.002596916,0.0280827155,-0.545853356,-0.257682495,0.010474573,0.2062047949,-2.512705468,-1.160682666,-0.287192963,0.0908278504,0.1124198342,0.0860785535,0.1473135775,0.929795212,0.0624548169,0.0892433466,-0.02579114,1.4363786188,0.8479450461,0.6191003364,0.2963410855,0.5237375914,6.0,-2.288901261,5.9338567653,18.892204506,1.5992050511,0.5187505748,0.0043921167,0.4782730587,0.3329714411,0.136663041,0.1333537804,0.0656439335,0.0033261455,0.0298704563,-0.006127706,,,0.0066329118,0.4114561768,0.0318080525,0.1571537105,17.931903533,1.2568031244,-0.247756518,-0.229253494,0.4426638366,0.2666956793,0.00052944,20482075.6112743,1.04007283,0.02357626,0.9975557,0.00094589,0.00119514,0.00912064,0.02150311,-0.08177901,-0.02481705,2.60232584,0.02098078,-0.45413822,0.02112992,-0.16964627,0.02025172,0.03994896,0.02272439,-0.10997852,0.00212582,0.02391098,1.41189375,0.63587699,0.60863197,1.2569410113,0.6915857363,438,0.381399644,-0.014664804,0.6391666125,-0.010082053
20200831,20200831,300891.0,01W,CHN,0.037646,2020,8,20200731,20200731,751.77411311,1.3720508708,751.77411311,,0.0,1.665335e-16,0.0043874952,0.0817058868,-0.245515998,-0.194501874,-0.279962695,-0.066632595,0.1882854465,-0.046668439,-0.019746246,-0.06188596,0.0321138651,-0.029803931,-0.10378178,7.2253001967,0.243201809,-0.312713996,0.1220110671,-0.355444415,0.0125604257,0.0,0.0,0.0068674447,0.0565782377,-0.049710793,-0.031623212,-0.001503959,-0.030119252,-0.057956191,0.0579561906,-0.000640211,-0.027837614,0.1112156881,0.0420534972,0.0772041772,-0.006166593,0.0060008269,0.0156556667,,,-0.061754509,-0.06650117,-15.98031922,-0.00854498,-2.053369934,0.8876946678,0.1233771313,0.1240446071,0.137655575,0.1010437889,0.0092754831,0.1180995116,-0.115519839,0.0,-0.077450796,0.0565470599,-0.000884764,-0.547293232,-0.398503173,-0.00260558,-0.001813993,-0.004053934,-0.002841289,0.0280827155,-0.652668442,-0.214170038,-0.10167654,0.1549087026,-2.148592954,-1.031532735,-0.23939122,0.0103840151,0.0408001376,-0.005928607,0.0749031892,0.8892248658,0.0706626123,0.0107030068,0.0015211954,1.4420066343,0.8437615516,0.6191003364,0.2640944514,0.5086191079,5.0,-2.288901261,4.5956171069,18.892204506,1.5992050511,0.5511083056,0.0043172134,0.4719508111,0.3272875449,0.1089080471,0.1045304753,0.0594421579,0.0019639959,0.0333492772,-0.002245557,,,0.006603937,0.3909516577,0.0045732489,0.1618403296,17.85728463,1.1195627706,-0.315051095,-0.2945333,0.4329783331,0.1830305332,0.0007725,21815866.3944273,0.97992634,0.02615338,0.90820017,0.00089617,0.0011127,0.00936824,0.02141977,1.73156562,0.00841972,1.49632422,0.02039096,2.13929396,0.02061643,1.81651614,0.04416775,0.07968965,0.03320463,0.19562692,0.0020906,0.02410216,1.34437388,0.6386669,0.58908763,1.1322624673,1.4759635806,439,-0.550268257,-0.4832146,-0.617374142,0.0419393804
20200930,20200930,300891.0,01W,CHN,-0.159064,2020,9,20200831,20200831,780.07571781,1.4237036754,780.07571781,,0.0,1.387779e-16,0.0376464209,-0.113032522,-0.206750515,-0.201283726,-0.241400899,0.0010620342,0.686002024,-0.02922611,-0.013666925,-0.076081694,0.0398004874,-0.029803931,-0.10378178,7.2253001967,0.243201809,-0.312713996,0.1220110671,-0.355444415,0.0125604257,0.0,0.0,0.0068674447,0.0565782377,-0.049710793,-0.031623212,-0.001503959,-0.030119252,-0.057956191,0.0579561906,-0.000640211,-0.027837614,0.1112156881,0.0420534972,0.0772041772,-0.006166593,0.0060008269,0.0156556667,,,-0.061754509,-0.06650117,-15.98031922,-0.00854498,-2.053369934,0.8876946678,0.1233771313,0.1240446071,0.137655575,0.1010437889,0.0092754831,0.1180995116,-0.115519839,0.0,-0.077450796,0.0565470599,-0.000884764,-0.547293232,-0.398503173,-0.00260558,-0.001813993,-0.004053934,-0.002841289,0.0280827155,-0.652668442,-0.214170038,-0.10167654,0.1549087026,-2.148592954,-1.031532735,-0.23939122,0.0103840151,0.0408001376,-0.005928607,0.0749031892,0.8892248658,0.0706626123,0.0107030068,0.0015211954,1.4420066343,0.8437615516,0.6191003364,0.2640944514,0.5086191079,5.0,-2.288901261,4.5956171069,18.892204506,1.5992050511,0.5511083056,0.0043172134,0.4548281588,0.3154133608,0.1049567993,0.1007380484,0.0572855615,0.001892741,0.0321393458,-0.002164087,,,0.0063643423,0.3780657985,0.0044225135,0.1689728113,17.910836543,1.0325309987,-0.336211016,-0.273367223,0.4348475821,0.1683537493,0.00095435,20162200.8039876,0.95406105,0.02544598,0.89136027,0.00094245,0.00107362,0.00846582,0.01946665,0.29343786,0.10213921,1.23952913,0.0173685,0.68992018,0.01691159,0.70012042,0.03776499,0.05897735,0.02762856,0.26872616,0.00159874,0.02446571,1.38246886,0.66271042,0.57677204,1.1366685278,1.236208724,440,-0.584116409,-0.495966655,-0.625190825,-0.00360703
20201030,20201031,300891.0,01W,CHN,-0.234358,2020,10,20200930,20200930,655.99381328,1.1972437825,655.99381328,,0.0,0.0,-0.159063924,0.0421990896,0.0246626895,-0.196005539,-0.189144197,-0.014890658,0.5135648961,-0.034108364,-0.025026522,0.0863485652,0.0225205061,-0.029803931,-0.10378178,7.2253001967,0.243201809,-0.312713996,0.1220110671,-0.355444415,0.0125604257,0.0,0.0,0.0068674447,0.0565782377,-0.049710793,-0.031623212,-0.001503959,-0.030119252,-0.057956191,0.0579561906,-0.000640211,-0.027837614,0.1112156881,0.0420534972,0.0772041772,-0.006166593,0.0060008269,0.0156556667,,,-0.061754509,-0.06650117,-15.98031922,-0.00854498,-2.053369934,0.8876946678,0.1233771313,0.1240446071,0.137655575,0.1010437889,0.0092754831,0.1180995116,-0.115519839,0.0,-0.077450796,0.0565470599,-0.000884764,-0.547293232,-0.398503173,-0.00260558,-0.001813993,-0.004053934,-0.002841289,0.0280827155,-0.652668442,-0.214170038,-0.10167654,0.1549087026,-2.148592954,-1.031532735,-0.23939122,0.0103840151,0.0408001376,-0.005928607,0.0749031892,0.8892248658,0.0706626123,0.0107030068,0.0015211954,1.4420066343,0.8437615516,0.6191003364,0.2640944514,0.5086191079,5.0,-2.288901261,4.5956171069,18.892204506,1.5992050511,0.5511083056,0.0043172134,0.5408593729,0.3750741224,0.1248094858,0.1197927538,0.0681211844,0.0022507549,0.0382185362,-0.002573426,,,0.0075681642,0.4419272,0.0051695473,0.1735388797,17.641769812,1.0712932849,-0.313851834,-0.002259191,0.4301362124,0.1673247594,0.00051496,22873484.7566811,0.88174391,0.02915127,0.80880213,0.0007757,0.00098847,0.01408104,0.03792289,-0.4575113,-0.07682811,1.00903619,0.03610384,-0.5401503,0.03679739,-0.33903379,0.04147248,0.06580339,0.03850276,-0.42935318,0.00149338,0.0264087,1.34038633,0.5572971,0.55259549,1.12745218,1.309120473,441,-0.574575696,-0.505987379,-0.627847614,0.0093348049
20201130,20201130,300891.0,01W,CHN,0.041982,2020,11,20201030,20201031,502.07633166,0.9163314565,502.07633166,0.0004890399,0.0,0.0003583571,-0.234358196,-0.12740569,-0.051968284,-0.338753008,-0.294043067,-0.180716325,0.1523281846,0.0129156891,-0.047505966,0.1127423391,0.0132394404,-0.021560944,-0.12900477,0.3730197084,0.0559499187,-0.08387719,-0.045627785,-0.572897807,0.003083336,0.0,0.0,0.030065065,-0.029894266,0.0599593309,-0.044959934,-0.00131227,-0.043647665,0.0280913071,-0.028091307,-0.001330729,-0.018920672,0.1112156881,0.0423918808,0.0590872343,-0.010729981,0.0028255506,0.0156556667,,,0.0562784956,-0.052128761,-26.81969133,-0.080220068,-41.27236918,0.9584850228,0.1216810702,0.1196218032,0.1234575566,0.1010437889,0.0038507758,0.1180995116,-0.115519839,0.0,0.0159599713,0.0948443419,-0.000884764,-0.635641485,-0.113090606,0.0032995188,0.002288144,-0.002933598,-0.002073901,0.0280827155,-0.407400309,-0.608272434,-0.06066733,0.0301086757,-0.470484558,-0.633209124,-0.423899655,0.0068084423,0.0414778718,-0.01044275,0.0578132578,0.4717756853,0.0540724356,0.0069584736,0.0067865902,1.4537156306,0.8458746856,0.6787540597,0.1352176807,0.5125935455,5.0,-2.288901261,4.4076364693,9.8818651381,1.5992050511,0.4464470275,0.003547156,0.7102533042,0.4885778822,0.2099257544,0.2071907282,0.0858978926,0.0013805015,0.0384051261,-0.000384597,,,0.0098882751,0.5763535075,0.0040940332,0.1793521822,17.110482305,1.0069675761,-0.203685885,-0.069998042,0.4191056533,0.1510125537,0.00051998,25072160.7170249,0.78179131,0.03302918,0.6899783,0.0006625,0.00092078,0.00869111,0.01612188,-1.06594011,0.02594484,1.84159397,0.01692272,-0.28462883,0.01796352,-0.16100886,0.01371036,0.04465797,0.027327,0.27267435,0.00131241,0.02668656,1.30349651,0.42653708,0.54227351,1.1094162778,0.424061204,442,-0.883163898,-0.670428963,-0.910585475,-0.167018406
20201231,20201231,300891.0,01W,CHN,-0.170613,2020,12,20201130,20201130,523.15459801,0.9548010622,523.15459801,0.0004693361,0.0,0.0003583571,0.0419821948,-0.356144186,-0.407421745,-0.470034238,-0.466381905,-0.264839705,-0.18789515,0.0308343198,-0.046492522,-0.007399266,0.0145170622,-0.021560944,-0.12900477,0.3730197084,0.0559499187,-0.08387719,-0.045627785,-0.572897807,0.003083336,0.0,0.0,0.030065065,-0.029894266,0.0599593309,-0.044959934,-0.00131227,-0.043647665,0.0280913071,-0.028091307,-0.001330729,-0.018920672,0.1112156881,0.0423918808,0.0590872343,-0.010729981,0.0028255506,0.0156556667,,,0.0562784956,-0.052128761,-26.81969133,-0.080220068,-41.27236918,0.9584850228,0.1216810702,0.1196218032,0.1234575566,0.1010437889,0.0038507758,0.1180995116,-0.115519839,0.0,0.0159599713,0.0948443419,-0.000884764,-0.635641485,-0.113090606,0.0032995188,0.002288144,-0.002933598,-0.002073901,0.0280827155,-0.407400309,-0.608272434,-0.06066733,0.0301086757,-0.470484558,-0.633209124,-0.423899655,0.0068084423,0.0414778718,-0.01044275,0.0578132578,0.4717756853,0.0540724356,0.0069584736,0.0067865902,1.4537156306,0.8458746856,0.6787540597,0.1352176807,0.5125935455,5.0,-2.288901261,4.4076364693,9.8818651381,1.5992050511,0.4464470275,0.003547156,0.6816366995,0.468892736,0.2014676982,0.1988428681,0.0824370061,0.0013248801,0.0368577566,-0.000369101,,,0.0094898696,0.5569834229,0.0039564409,0.177309246,17.200042535,0.9404873072,-0.351488972,-1.186910696,0.4213205337,0.145641655,0.00055843,24489532.2888864,0.6474055,0.0337014,0.55210123,0.00063777,0.00085515,0.00946922,0.02860744,1.74748857,-0.00229971,0.35570022,0.0270997,2.2653436,0.02793445,2.77244707,0.0446852,0.10238073,0.03122578,1.61337565,0.00112324,0.02735047,1.24221638,0.44444404,0.53272336,1.1079117973,1.3538144069,443,-0.881454397,-0.675011154,-0.912547925,-0.160242385
20210129,20210131,300891.0,01W,CHN,-0.080804,2021,1,20201231,20201231,433.89786951,0.7919000393,433.89786951,0.0005658828,0.0,0.0003583571,-0.170612528,-0.202214873,-0.300802915,-0.312567845,-0.460611135,-0.126433506,-0.289728615,0.0224741368,-0.064045856,-0.150238486,0.0241435047,-0.021560944,-0.12900477,0.3730197084,0.0559499187,-0.08387719,-0.045627785,-0.572897807,0.003083336,0.0,0.0,0.030065065,-0.029894266,0.0599593309,-0.044959934,-0.00131227,-0.043647665,0.0280913071,-0.028091307,-0.001330729,-0.018920672,0.1112156881,0.0423918808,0.0590872343,-0.010729981,0.0028255506,0.0156556667,,,0.0562784956,-0.052128761,-26.81969133,-0.080220068,-41.27236918,0.9584850228,0.1216810702,0.1196218032,0.1234575566,0.1010437889,0.0038507758,0.1180995116,-0.115519839,0.0,0.0159599713,0.0948443419,-0.000884764,-0.635641485,-0.113090606,0.0032995188,0.002288144,-0.002933598,-0.002073901,0.0280827155,-0.407400309,-0.608272434,-0.06066733,0.0301086757,-0.470484558,-0.633209124,-0.423899655,0.0068084423,0.0414778718,-0.01044275,0.0578132578,0.4717756853,0.0540724356,0.0069584736,0.0067865902,1.4537156306,0.8458746856,0.6787540597,0.1352176807,0.5125935455,5.0,-2.288901261,4.4076364693,9.8818651381,1.5992050511,0.4464470275,0.003547156,0.821855553,0.5653482261,0.2429114317,0.2397466502,0.0993950462,0.00159742,0.0444397315,-0.000445029,,,0.0114420218,0.6494027438,0.0046129265,0.1725562343,16.761205262,0.8963827354,-0.343259011,-0.736297967,0.423363902,0.1449438506,0.000245,26192994.690878,0.73057138,0.03986454,0.72090468,0.00051185,0.00067598,0.01055025,0.0507106,0.07775421,-0.00673567,4.09183231,0.05209265,-0.20125268,0.05351472,0.01255259,0.06749575,0.10138558,0.0525305,0.38369313,0.00120309,0.03100453,1.25536223,0.36861632,0.53156998,1.2056421063,1.8686100962,444,-0.947108644,-0.678557652,-0.913216089,-0.333660196
20210226,20210228,300891.0,01W,CHN,0.03996,2021,2,20210129,20210131,398.83729625,0.7279115496,398.83729625,0.0006156279,0.0,0.0003583571,-0.080803746,-0.135793022,-0.422627914,-0.37271302,-0.562470726,-0.245515998,0.2412579722,-0.044696138,-0.067328365,0.008097998,0.0196900747,0.0553911444,-0.15731153,2.1065041957,-0.041092288,-0.306441198,-0.063606497,-0.213471462,-0.002169652,0.0,0.0,-0.009602185,0.0445198585,-0.054122044,0.0707745479,-0.000870918,0.0716454664,-0.019966962,0.0199669621,0.0003089506,0.0288019391,0.1112156881,0.0419769089,0.1113157076,-0.001952675,-0.006431916,0.0156556667,,,-0.021674043,-0.099436333,-22.72095994,-0.079469371,-18.15855771,0.9347121887,0.113876816,0.1210979513,0.133144556,0.1010437889,0.0039020785,0.1180995116,-0.115519839,0.0,0.018494065,0.0565470599,-0.000884764,-0.384454408,0.066158586,-0.003751689,-0.002580758,-0.009344756,-0.006448776,0.0280827155,-0.227429276,-0.425784595,-0.056301931,-0.149340172,0.8714488664,-3.029094383,0.0424240023,0.012537387,0.0443020579,-0.002038984,0.117481612,0.929795212,0.0950599185,0.0118793748,0.0917632721,1.4696771436,0.8190295439,0.6191003364,0.091382791,0.5475503897,4.0,-2.288901261,3.6282207715,18.892204506,1.5992050511,0.26661401,0.0068921715,0.9378068014,0.6381039574,0.1961284203,0.1924690246,0.110586271,-0.004104231,0.0891478381,0.0024215895,,,0.0124478552,0.6965153516,0.0093424301,0.1759747735,16.473087163,0.6645696987,-0.350303269,-0.553811403,0.4915624776,0.1153939852,0.00035833,26518469.6905516,0.72011079,0.04524434,0.6937997,0.00044904,0.0006045,0.02021303,0.04839588,0.46629117,0.06729615,0.21941646,0.04300582,0.52008942,0.04257399,-0.00082166,0.07577929,0.10330696,0.05590467,0.72094174,0.00135212,0.03320825,1.19868516,0.33883074,0.49065123,1.1893332591,1.9779422788,445,-0.591809433,-0.251368223,-0.600250455,-0.313327246
20210331,20210331,300891.0,01W,CHN,-0.155317,2021,3,20210226,20210228,414.77486863,0.7569989572,414.77486863,0.0005919726,0.0,0.0003583571,0.0399600853,-0.237630143,-0.488536511,-0.529270165,-0.579008015,-0.206750515,0.2412427986,-0.196699072,-0.045813897,0.1602388928,0.0058588189,0.0553911444,-0.15731153,2.1065041957,-0.041092288,-0.306441198,-0.063606497,-0.213471462,-0.002169652,0.0,0.0,-0.009602185,0.0445198585,-0.054122044,0.0707745479,-0.000870918,0.0716454664,-0.019966962,0.0199669621,0.0003089506,0.0288019391,0.1112156881,0.0419769089,0.1113157076,-0.001952675,-0.006431916,0.0156556667,,,-0.021674043,-0.099436333,-22.72095994,-0.079469371,-18.15855771,0.9347121887,0.113876816,0.1210979513,0.133144556,0.1010437889,0.0039020785,0.1180995116,-0.115519839,0.0,0.018494065,0.0565470599,-0.000884764,-0.384454408,0.066158586,-0.003751689,-0.002580758,-0.009344756,-0.006448776,0.0280827155,-0.227429276,-0.425784595,-0.056301931,-0.149340172,0.8714488664,-3.029094383,0.0424240023,0.012537387,0.0443020579,-0.002038984,0.117481612,0.929795212,0.0950599185,0.0118793748,0.0917632721,1.4696771436,0.8190295439,0.6191003364,0.091382791,0.5475503897,4.0,-2.288901261,3.6282207715,18.892204506,1.5992050511,0.26661401,0.0068921715,0.9017719186,0.6135850466,0.1885922576,0.1850734729,0.106337034,-0.003946527,0.0857223651,0.0023285408,,,0.0119695509,0.6739316487,0.0090395126,0.1833472086,16.582991074,0.6549097299,-0.216417808,-0.216709818,0.4919806451,0.1151151025,0.00067946,26186524.8841097,0.74959653,0.04766425,0.64895448,0.00042731,0.00060441,0.01245178,0.03573038,-0.19057225,0.32278025,0.57155191,,,,,0.04316707,0.0619447,0.03660652,-0.22353386,0.00148598,0.03320729,0.9326197,0.41289151,0.47116588,1.2106099093,1.1655286192,446,-0.591146818,-0.253522553,-0.603306484,-0.299806569
20210430,20210430,300891.0,01W,CHN,-0.033883,2021,4,20210331,20210331,350.35317438,0.6394239568,350.35317438,0.0007008224,0.0,0.0003583571,-0.155317255,-0.044072585,-0.367488649,-0.445652623,-0.454980262,0.0246626895,-0.326144317,-0.091089668,-0.051652768,0.043366111,0.0011113415,0.0553911444,-0.15731153,2.1065041957,-0.041092288,-0.306441198,-0.063606497,-0.213471462,-0.002169652,0.0,0.0,-0.009602185,0.0445198585,-0.054122044,0.0707745479,-0.000870918,0.0716454664,-0.019966962,0.0199669621,0.0003089506,0.0288019391,0.1112156881,0.0419769089,0.1113157076,-0.001952675,-0.006431916,0.0156556667,,,-0.021674043,-0.099436333,-22.72095994,-0.079469371,-18.15855771,0.9347121887,0.113876816,0.1210979513,0.133144556,0.1010437889,0.0039020785,0.1180995116,-0.115519839,0.0,0.018494065,0.0565470599,-0.000884764,-0.384454408,0.066158586,-0.003751689,-0.002580758,-0.009344756,-0.006448776,0.0280827155,-0.227429276,-0.425784595,-0.056301931,-0.149340172,0.8714488664,-3.029094383,0.0424240023,0.012537387,0.0443020579,-0.002038984,0.117481612,0.929795212,0.0950599185,0.0118793748,0.0917632721,1.4696771436,0.8190295439,0.6191003364,0.091382791,0.5475503897,4.0,-2.288901261,3.6282207715,18.892204506,1.5992050511,0.26661401,0.0068921715,1.0675865282,0.7264088802,0.2232699305,0.2191041241,0.1258899092,-0.004672201,0.1014846884,0.0027567046,,,0.0141704693,0.7755801868,0.0104029346,0.2225439743,16.077267933,0.3135649906,-0.131716788,-0.231120743,0.4936801317,0.1154255598,0.00063236,22661988.6851307,0.84299804,0.04643249,0.65983821,0.00044945,0.00057114,0.0101788,0.02405336,-0.61693168,0.41317984,0.66946465,0.01560467,0.37527696,0.01570555,0.34642939,0.02986614,0.05888576,0.02786961,0.15929381,0.0015998,0.03355535,0.69893398,0.40361331,0.47281552,1.2807183591,0.8102339761,447,-0.616670826,-0.255897493,-0.604524279,-0.373608528
20210531,20210531,300891.0,01W,CHN,-0.423152,2021,5,20210430,20210430,338.48207321,0.6177582005,338.48207321,0.0007254013,0.0,0.0003583571,-0.033883241,-0.121563661,-0.302191415,-0.533797796,-0.493493745,-0.051968284,-0.427181072,0.2249060908,-0.075179071,-0.045384453,0.0055359771,-0.251265511,-0.864048113,-0.776775868,-0.343618892,-0.106406032,-0.861393638,-0.912889629,-0.024466023,0.0,0.0,-0.166355279,0.0198871659,-0.186242445,-0.164347332,-0.001107219,-0.163240112,0.0523497902,-0.05234979,0.0046774878,-0.40671667,-11.54916304,-0.05134903,0.1965429768,-0.592283272,-0.886017732,-0.302101084,,,0.0349001439,-0.471875613,-1.018098761,-0.524225403,-1.131046443,0.7133491516,0.3127453373,0.0213407678,0.0261578335,0.5012153176,0.0043568528,-0.782012187,-0.463558766,0.0,-0.261669644,0.0514554051,,-0.023752804,-4.147348422,-0.485057867,-0.330043826,-0.481451063,-0.327563377,0.0384123021,-0.575001925,0.108618845,-0.475602195,-3.119744526,-17.16112762,-159.0921159,0.2826559847,-0.20615104,-0.03844679,-0.333212625,0.1471585053,,0.0083885417,-0.275332636,-0.054066275,1.9116341923,0.7991891997,0.7530975383,4.739673665,0.3648951417,4.0,,0.3987228353,,,10.283913954,0.1928232179,0.7918704809,0.4142374541,0.343659137,0.3402090739,0.0197346867,-0.36702173,0.0066426385,-0.011126725,,,0.0098913273,0.5629319654,-0.170062357,0.1631378255,19.809740041,0.322766174,-0.264945394,-0.257962151,0.6401863329,0.0091273087,0.00015195,26144171.5850193,0.89043519,0.05548765,0.75875253,0.00036018,0.00045072,0.01474208,0.06691676,0.28221481,-0.38908157,3.90598738,0.06016694,0.3708957,0.0627654,0.7939473,0.10112157,0.1049773,0.07107775,0.26095025,0.0031619,0.03844195,0.75984551,0.38993758,0.45660769,1.418955705,2.4463729404,448,-1.718722141,-1.537286236,-1.593116264,-1.708929035
20210630,20210630,300891.0,01W,CHN,0.142967,2021,6,20210531,20210531,195.25259369,0.3563523757,195.25259369,0.0012575267,0.0,0.0003583571,-0.423152335,-0.183937845,-0.352997996,-0.565935223,-0.600504737,-0.407421745,-0.355354569,-0.116907088,-0.103019548,0.0452568689,0.0003976579,-0.251265511,-0.864048113,-0.776775868,-0.343618892,-0.106406032,-0.861393638,-0.912889629,-0.024466023,0.0,0.0,-0.166355279,0.0198871659,-0.186242445,-0.164347332,-0.001107219,-0.163240112,0.0523497902,-0.05234979,0.0046774878,-0.40671667,-11.54916304,-0.05134903,0.1965429768,-0.592283272,-0.886017732,-0.302101084,,,0.0349001439,-0.471875613,-1.018098761,-0.524225403,-1.131046443,0.7133491516,0.3127453373,0.0213407678,0.0261578335,0.5012153176,0.0043568528,-0.782012187,-0.463558766,0.0,-0.261669644,0.0514554051,,-0.023752804,-4.147348422,-0.485057867,-0.330043826,-0.481451063,-0.327563377,0.0384123021,-0.575001925,0.108618845,-0.475602195,-3.119744526,-17.16112762,-159.0921159,0.2826559847,-0.20615104,-0.03844679,-0.333212625,0.1471585053,,0.0083885417,-0.275332636,-0.054066275,1.9116341923,0.7991891997,0.7530975383,4.739673665,0.3648951417,4.0,,0.3987228353,,,10.283913954,0.1928232179,1.3727549377,0.7181054531,0.5957537104,0.5897728193,0.0342112621,-0.636254165,0.011515412,-0.019288845,,,0.0171472086,0.8226824968,-0.248533274,0.1365903764,20.159212914,0.176020818,-0.425708159,-0.262906837,0.6484866479,0.0078969908,0.00030865,25300353.1852587,0.96044361,0.05859501,0.7912752,0.0003338,0.00042857,0.00228092,0.03550728,1.7213575,0.24464121,2.63299142,0.03873599,1.53935896,0.0388697,1.32859942,0.02014632,0.05320705,0.03554409,1.68598685,0.01603854,0.03800569,0.72612977,0.22493459,0.43842443,1.3530107328,0.4930413336,449,-1.718780987,-1.537954097,-1.592830012,-1.706733857
20210730,20210731,300891.0,01W,CHN,0.280462,2021,7,20210630,20210630,223.16729991,0.4072990581,223.16729991,0.00110023,0.0,0.0003583571,0.1429671468,-0.442697803,-0.550003336,-0.702249362,-0.739044548,-0.300802915,-0.595936496,0.0043874952,-0.090421398,0.1763056405,-0.023465844,-0.251265511,-0.864048113,-0.776775868,-0.343618892,-0.106406032,-0.861393638,-0.912889629,-0.024466023,0.0,0.0,-0.166355279,0.0198871659,-0.186242445,-0.164347332,-0.001107219,-0.163240112,0.0523497902,-0.05234979,0.0046774878,-0.40671667,-11.54916304,-0.05134903,0.1965429768,-0.592283272,-0.886017732,-0.302101084,,,0.0349001439,-0.471875613,-1.018098761,-0.524225403,-1.131046443,0.7133491516,0.3127453373,0.0213407678,0.0261578335,0.5012153176,0.0043568528,-0.782012187,-0.463558766,0.0,-0.261669644,0.0514554051,,-0.023752804,-4.147348422,-0.485057867,-0.330043826,-0.481451063,-0.327563377,0.0384123021,-0.575001925,0.108618845,-0.475602195,-3.119744526,-17.16112762,-159.0921159,0.2826559847,-0.20615104,-0.03844679,-0.333212625,0.1471585053,,0.0083885417,-0.275332636,-0.054066275,1.9116341923,0.7991891997,0.7530975383,4.739673665,0.3648951417,4.0,,0.3987228353,,,10.283913954,0.1928232179,1.2010449658,0.6282817972,0.521234326,0.51600155,0.0299319733,-0.556668813,0.0100750157,-0.016876115,,,0.0150023635,0.754803547,-0.22802697,0.152378651,20.055908416,0.12725612,-0.487121573,-0.550931023,0.6510917372,0.0067572273,0.0001772,20837045.8238184,0.88946453,0.05963378,0.74975027,0.00031351,0.00039164,0.01335969,0.04342778,-0.27387318,0.07041122,3.12826977,0.04246666,-0.07274285,0.03926286,0.30224321,0.05143134,0.05227365,0.04345959,-0.23451675,0.01658403,0.03969753,0.77143079,0.25759088,0.4302115,1.3862469829,1.2154548891,450,-1.717950912,-1.535842734,-1.593513613,-1.707804962
20210831,20210831,300891.0,01W,CHN,-0.06516,2021,8,20210730,20210731,285.75731999,0.5215310994,285.75731999,0.0008592443,0.0,0.0003583571,0.2804623263,-0.34068207,-0.440455288,-0.555511212,-0.703039405,-0.422627914,-0.598967803,0.0376464209,-0.068347225,0.0084711508,-0.008380707,-0.259961501,-0.975999286,-0.780257158,-0.495971403,-0.430266974,-0.977242672,-0.900520928,-0.043031007,0.0,0.0,-0.190913211,0.1263258555,-0.317239067,-0.150607609,-0.001021856,-0.149585753,-0.040472568,0.0404725677,0.0046774878,-0.436112266,-11.54916304,-0.065528736,0.182905794,-0.68382274,-1.004112382,-0.302101084,,,-0.054916127,-0.502345115,-0.998635076,-0.461872547,-0.918177787,0.5694958588,0.3235251659,0.0034745065,0.0053080062,0.5012153176,0.0027735557,-0.782012187,-0.463558766,0.0,-0.345468339,0.0514554051,,0.8074508422,-0.702179672,-0.060789949,-0.031799978,-0.058184369,-0.029985985,0.0384123021,-0.535986867,-0.003673446,-1.011672287,-3.504860589,0.0912364719,0.1887871247,7.5741851786,-0.236397396,-0.048493788,-0.365576404,0.1353573293,,-0.0006866,-0.319439321,-0.071349213,1.9961214197,0.8490958294,0.7530975383,4.5159034458,0.3603200182,3.0,,-0.235785401,,,12.313834075,0.1995504289,0.9188424548,0.4603139096,0.2493288083,0.2467803475,0.0037532607,-0.462206896,-0.000630878,-0.021208335,,,0.0117163646,0.5671361909,-0.235417899,0.1485618783,19.913184729,0.0493553939,-0.22441262,-0.429365992,0.6969576558,0.0068071541,0.00016028,20357339.2078919,0.89503128,0.06468377,0.74280064,0.00026529,0.00033859,0.01158908,0.0419951,-0.42111227,0.30939721,-0.13584461,0.04403374,-0.40371294,0.03465954,-0.42820464,0.05238611,0.05520531,0.04205704,-0.40666653,0.01681449,0.04170512,0.21008405,0.32983542,0.42624057,1.5647250718,1.2107042914,451,-1.71615634,-1.569538901,-1.581836772,-1.677477424
20210930,20210930,300891.0,01W,CHN,-0.194748,2021,9,20210831,20210831,267.13734764,0.4875480867,267.13734764,0.0009191352,0.0,0.0003583571,-0.065160089,0.4635263716,-0.311054402,-0.453780353,-0.633548725,-0.488536511,-0.611003253,-0.159063924,-0.059810512,-0.103731229,0.0010898615,-0.259961501,-0.975999286,-0.780257158,-0.495971403,-0.430266974,-0.977242672,-0.900520928,-0.043031007,0.0,0.0,-0.190913211,0.1263258555,-0.317239067,-0.150607609,-0.001021856,-0.149585753,-0.040472568,0.0404725677,0.0046774878,-0.436112266,-11.54916304,-0.065528736,0.182905794,-0.68382274,-1.004112382,-0.302101084,,,-0.054916127,-0.502345115,-0.998635076,-0.461872547,-0.918177787,0.5694958588,0.3235251659,0.0034745065,0.0053080062,0.5012153176,0.0027735557,-0.782012187,-0.463558766,0.0,-0.345468339,0.0514554051,,0.8074508422,-0.702179672,-0.060789949,-0.031799978,-0.058184369,-0.029985985,0.0384123021,-0.535986867,-0.003673446,-1.011672287,-3.504860589,0.0912364719,0.1887871247,7.5741851786,-0.236397396,-0.048493788,-0.365576404,0.1353573293,,-0.0006866,-0.319439321,-0.071349213,1.9961214197,0.8490958294,0.7530975383,4.5159034458,0.3603200182,3.0,,-0.235785401,,,12.313834075,0.1995504289,0.982887491,0.4923986493,0.2667074922,0.2639813989,0.00401487,-0.494423581,-0.000674851,-0.022686595,,,0.0125330171,0.5984107432,-0.248399947,0.1438314569,19.953601455,0.0276484716,-0.115849771,-0.233548126,0.697058429,0.0078977669,0.00029816,19949088.0001651,0.89381895,0.06597083,0.69970327,0.00022934,0.00031543,0.01133873,0.03261965,0.39386242,-0.4981069,-0.50361555,0.03373605,0.27939135,0.03265534,-0.14470287,0.04542965,0.0509614,0.03387193,0.27615584,0.01600283,0.04226412,0.33108066,0.30834331,0.42298382,1.5710062032,1.0426412085,452,-1.717990881,-1.566362523,-1.582301292,-1.676422619
20211029,20211031,300891.0,01W,CHN,-0.025758,2021,10,20210930,20210930,215.11297638,0.3925992415,215.11297638,0.0011414251,0.0,0.0003583571,-0.194747652,0.1970272874,-0.237519831,-0.384331276,-0.592628635,-0.367488649,-0.631678231,-0.234358196,-0.056209554,0.0106506167,-0.010381311,-0.259961501,-0.975999286,-0.780257158,-0.495971403,-0.430266974,-0.977242672,-0.900520928,-0.043031007,0.0,0.0,-0.190913211,0.1263258555,-0.317239067,-0.150607609,-0.001021856,-0.149585753,-0.040472568,0.0404725677,0.0046774878,-0.436112266,-11.54916304,-0.065528736,0.182905794,-0.68382274,-1.004112382,-0.302101084,,,-0.054916127,-0.502345115,-0.998635076,-0.461872547,-0.918177787,0.5694958588,0.3235251659,0.0034745065,0.0053080062,0.5012153176,0.0027735557,-0.782012187,-0.463558766,0.0,-0.345468339,0.0514554051,,0.8074508422,-0.702179672,-0.060789949,-0.031799978,-0.058184369,-0.029985985,0.0384123021,-0.535986867,-0.003673446,-1.011672287,-3.504860589,0.0912364719,0.1887871247,7.5741851786,-0.236397396,-0.048493788,-0.365576404,0.1353573293,,-0.0006866,-0.319439321,-0.071349213,1.9961214197,0.8490958294,0.7530975383,4.5159034458,0.3603200182,3.0,,-0.235785401,,,12.313834075,0.1995504289,1.2205956227,0.6114836556,0.3312098287,0.3278244387,0.0049858532,-0.61399831,-0.000838061,-0.028173275,,,0.0155640864,0.7074038306,-0.293642914,0.1671684034,20.103611276,0.0245733708,-0.107556093,-0.155289007,0.697635445,0.0083317207,0.00036705,19925191.3112551,0.91372107,0.06889083,0.66621885,0.00020439,0.00030492,0.0119843,0.024397,0.53714674,-0.05346778,1.68175898,0.02365375,0.65776736,0.02436174,0.26498559,0.02869344,0.05052323,0.02930947,0.61242298,0.01662746,0.04155842,0.27173181,0.31014179,0.42140608,1.5665500554,0.6661570134,453,-1.71891742,-1.566971212,-1.581795803,-1.679264885
20211130,20211130,300891.0,01W,CHN,0.137919,2021,11,20211029,20211031,209.57213419,0.3824867393,209.57213419,,0.0,2.220446e-16,-0.025757824,-0.247217967,-0.364477491,-0.460649798,-0.571553242,-0.302191415,-0.690205172,0.0419821948,-0.062367737,0.0066545742,-0.01330545,-0.263702882,-0.864048113,-0.920628068,-0.459465996,-0.190161264,-0.861393638,-0.971080161,-0.036313239,0.0,0.0,-0.219066447,0.0278258459,-0.246892293,-0.137470635,-0.0009477,-0.136522935,-0.072922242,0.072922242,0.0046774878,-0.312103513,-11.54916304,-0.05134903,0.1780155804,-0.596403305,-0.857347623,-0.302101084,,,-0.144223012,-0.524491722,-0.983292055,-0.45156948,-0.846580915,0.697298732,0.311607866,0.0213407678,0.0261578335,0.5012153176,0.0036196245,-0.782012187,-0.463558766,0.0,-0.282307527,-0.017539232,,-0.891020774,-0.841053014,-0.054448864,-0.027277331,-0.057748383,-0.029565475,0.0384123021,-0.575001925,0.108618845,-0.475602195,-3.119744526,-0.288779589,0.20989183,0.2826559847,-0.255109384,-0.03844679,-0.397165725,0.1310723587,,-0.008912081,-0.346476142,-0.062984517,1.6073144168,0.9211516641,0.7745836451,3.6449336666,0.3593743118,4.0,,0.3987228353,,,26.23390856,0.1632449847,1.2528600927,0.7794741835,0.4115621401,0.407027257,0.031873692,-0.668280339,-0.011165591,-0.018541573,,,0.0159755827,0.8432682697,-0.308512951,0.208931757,20.102782625,0.0283195669,-0.075099076,-0.212033211,0.716440366,0.0134951211,0.00047094,14580371.24577,0.70431673,0.06023097,0.65208326,0.00024264,0.00029801,0.01415345,0.02852335,0.21729509,0.24727575,1.25711843,0.02547953,-0.60688047,0.02503433,-1.01861868,0.03310268,0.05146015,0.02920068,0.52429462,0.01578162,0.04191783,0.22269042,0.30816464,0.41839156,1.5980761454,0.7694338339,454,-1.718961159,-1.558904563,-1.576971595,-1.694597891
20211231,20211231,300891.0,01W,CHN,-0.077696,2021,12,20211130,20211130,238.47601939,0.4352387564,238.47601939,,0.0,0.0,0.1379185516,-0.2154892,0.0733385418,-0.494732806,-0.599406877,-0.352997996,-0.633906113,-0.170612528,-0.034319458,-0.044347618,-0.005027085,-0.263702882,-0.864048113,-0.920628068,-0.459465996,-0.190161264,-0.861393638,-0.971080161,-0.036313239,0.0,0.0,-0.219066447,0.0278258459,-0.246892293,-0.137470635,-0.0009477,-0.136522935,-0.072922242,0.072922242,0.0046774878,-0.312103513,-11.54916304,-0.05134903,0.1780155804,-0.596403305,-0.857347623,-0.302101084,,,-0.144223012,-0.524491722,-0.983292055,-0.45156948,-0.846580915,0.697298732,0.311607866,0.0213407678,0.0261578335,0.5012153176,0.0036196245,-0.782012187,-0.463558766,0.0,-0.282307527,-0.017539232,,-0.891020774,-0.841053014,-0.054448864,-0.027277331,-0.057748383,-0.029565475,0.0384123021,-0.575001925,0.108618845,-0.475602195,-3.119744526,-0.288779589,0.20989183,0.2826559847,-0.255109384,-0.03844679,-0.397165725,0.1310723587,,-0.008912081,-0.346476142,-0.062984517,1.6073144168,0.9211516641,0.7745836451,3.6449336666,0.3593743118,4.0,,0.3987228353,,,26.23390856,0.1632449847,1.1010103411,0.6849999786,0.3616797876,0.3576945437,0.0280105215,-0.587283103,-0.009812294,-0.016294288,,,0.0140393024,0.7679890349,-0.280971752,0.2019904672,20.009523462,0.0698293295,-0.13924479,0.3594757702,0.7056103069,0.0125746343,0.00036252,14331085.1709978,0.61245112,0.05895583,0.56300215,0.00024353,0.00028605,0.01336169,0.02861877,0.17906369,-0.32992676,0.17395572,0.02879447,-0.09825827,0.02918771,0.18024426,0.04737077,0.05224295,0.02927954,0.09804743,0.00306086,0.04205354,0.33172883,0.35066626,0.41740436,1.6237531946,1.1037421951,455,-1.71988599,-1.557813943,-1.577446873,-1.69253117
20220128,20220131,300891.0,01W,CHN,-0.052242,2022,1,20211231,20211231,219.94734865,0.4014223767,219.94734865,,0.0,2.220446e-16,-0.077696159,0.1086082458,0.0685975028,-0.319326791,-0.450386747,-0.550003336,-0.672881298,-0.080803746,-0.03403695,-0.040889732,-0.007587324,-0.263702882,-0.864048113,-0.920628068,-0.459465996,-0.190161264,-0.861393638,-0.971080161,-0.036313239,0.0,0.0,-0.219066447,0.0278258459,-0.246892293,-0.137470635,-0.0009477,-0.136522935,-0.072922242,0.072922242,0.0046774878,-0.312103513,-11.54916304,-0.05134903,0.1780155804,-0.596403305,-0.857347623,-0.302101084,,,-0.144223012,-0.524491722,-0.983292055,-0.45156948,-0.846580915,0.697298732,0.311607866,0.0213407678,0.0261578335,0.5012153176,0.0036196245,-0.782012187,-0.463558766,0.0,-0.282307527,-0.017539232,,-0.891020774,-0.841053014,-0.054448864,-0.027277331,-0.057748383,-0.029565475,0.0384123021,-0.575001925,0.108618845,-0.475602195,-3.119744526,-0.288779589,0.20989183,0.2826559847,-0.255109384,-0.03844679,-0.397165725,0.1310723587,,-0.008912081,-0.346476142,-0.062984517,1.6073144168,0.9211516641,0.7745836451,3.6449336666,0.3593743118,4.0,,0.3987228353,,,26.23390856,0.1632449847,1.1937609845,0.7427053301,0.3921481963,0.3878272298,0.0303701668,-0.636756649,-0.010638895,-0.017666942,,,0.0152219928,0.8146061236,-0.298026794,0.2350593327,20.066486659,0.0458634063,-0.143522613,0.1318098422,0.7171613546,0.0147169323,0.00038788,12988843.2545825,0.65810641,0.05204623,0.58860895,0.00029215,0.00030285,0.00944799,0.0264372,0.12551758,-0.5502904,-0.26481517,0.02577985,0.17049273,0.02549173,0.37334092,0.03283308,0.05178852,0.0265848,0.15058989,0.00296073,0.0399772,0.35547036,0.42144281,0.41101881,1.5264835284,0.8076453551,456,-1.719037833,-1.558323976,-1.577879992,-1.676589635
20220228,20220228,300891.0,01W,CHN,-0.008398,2022,2,20220128,20220131,208.45686686,0.3804512828,208.45686686,,0.0,4.440892e-16,-0.052241965,0.0495066508,-0.230300212,-0.350194985,-0.448528634,-0.440455288,-0.712126487,0.0399600853,-0.042418954,0.0080950785,-0.014888491,-0.308298078,-0.864048113,-1.401807973,-0.513742243,-0.34138869,-0.861393638,-1.247331127,-0.037603905,0.0,0.0,-0.203214072,0.0047158908,-0.207929963,-0.240670336,-0.001131436,-0.2395389,-0.056814153,0.0568141525,0.0046774878,-0.392479691,-11.54916304,-0.05134903,0.1163724166,-0.733684397,-0.979896689,-0.302101084,,,-0.079685159,-0.510050139,-0.880418614,-0.453235986,-0.782349358,0.5761396853,0.3110784229,0.0213407678,0.0261578335,0.5012153176,0.0038162378,-0.782012187,-0.463558766,0.0,-0.309515073,0.0514554051,,-2.248218155,-0.762271907,-0.065808138,-0.040942915,-0.062056449,-0.038362157,0.0384123021,-0.575001925,0.108618845,-0.475602195,-3.119744526,-0.328064684,0.190453506,0.2826559847,-0.272307637,-0.03844679,-0.440954288,0.0804950243,,-0.069276707,-0.393677722,-0.164336626,1.6914401514,0.9235988951,0.7530975383,2.14581944,0.3378651206,4.0,,0.3987228353,,,33.502782315,0.0721189085,1.2411146964,0.7337621112,0.3047365907,0.3000002019,0.0320442198,-0.719011063,-0.08598034,-0.019307544,,,0.0160610538,0.7952016558,-0.375845485,0.2437881932,20.106899264,0.065027116,-0.219813718,-0.863824271,0.6910287214,0.0084779264,0.00075408,9873897.73003422,0.51548959,0.04084838,0.46510961,0.00040496,0.00030742,0.01107983,0.02597207,-0.3910383,0.18446484,0.85893295,0.02390422,-0.35407803,0.02324853,-0.08967395,0.02531846,0.03593403,0.02660892,-0.62302081,0.00275201,0.03790656,0.28918168,0.39942581,0.40699969,1.4196327132,0.6614395899,457,-1.723479576,-1.615840489,-1.6478768,-1.624264302
20220331,20220331,300891.0,01W,CHN,-0.109456,2022,3,20220228,20220228,206.70630824,0.3772563663,206.70630824,,0.0,0.0,-0.008397702,-0.125879125,-0.219664084,0.0676266211,-0.497421655,-0.311054402,-0.691606311,-0.155317255,-0.029062631,-0.00885614,-0.011774794,-0.308298078,-0.864048113,-1.401807973,-0.513742243,-0.34138869,-0.861393638,-1.247331127,-0.037603905,0.0,0.0,-0.203214072,0.0047158908,-0.207929963,-0.240670336,-0.001131436,-0.2395389,-0.056814153,0.0568141525,0.0046774878,-0.392479691,-11.54916304,-0.05134903,0.1163724166,-0.733684397,-0.979896689,-0.302101084,,,-0.079685159,-0.510050139,-0.880418614,-0.453235986,-0.782349358,0.5761396853,0.3110784229,0.0213407678,0.0261578335,0.5012153176,0.0038162378,-0.782012187,-0.463558766,0.0,-0.309515073,0.0514554051,,-2.248218155,-0.762271907,-0.065808138,-0.040942915,-0.062056449,-0.038362157,0.0384123021,-0.575001925,0.108618845,-0.475602195,-3.119744526,-0.328064684,0.190453506,0.2826559847,-0.272307637,-0.03844679,-0.440954288,0.0804950243,,-0.069276707,-0.393677722,-0.164336626,1.6914401514,0.9235988951,0.7530975383,2.14581944,0.3378651206,4.0,,0.3987228353,,,33.502782315,0.0721189085,1.251625474,0.7399762108,0.3073173502,0.3025408497,0.0323155966,-0.725100239,-0.086708492,-0.019471056,,,0.016197072,0.8003718738,-0.378289146,0.2365163663,20.113450455,0.0690226569,-0.21075248,-0.245013037,0.675097686,0.0094787188,0.00073272,8536860.50189504,0.57203369,0.0363169,0.51756294,0.00048043,0.00029555,0.00670998,0.01881183,0.23173483,-0.16016311,3.26858966,0.01712353,-0.89244496,0.01797998,-0.67249447,0.02527019,0.04995234,0.0248126,-0.05752821,0.00296924,0.03719299,0.51515373,0.39607155,0.40826641,1.4249346953,0.6710609898,458,-1.724372319,-1.616580763,-1.64714852,-1.625711839
20220429,20220430,300891.0,01W,CHN,-0.509047,2022,4,20220331,20220331,184.08104119,0.3359633545,184.08104119,,0.0,2.220446e-16,-0.109456103,-0.060200955,-0.039080247,-0.073760769,-0.410005893,-0.237519831,-0.672389854,-0.033883241,-0.035932891,0.0032865386,-0.011752626,-0.308298078,-0.864048113,-1.401807973,-0.513742243,-0.34138869,-0.861393638,-1.247331127,-0.037603905,0.0,0.0,-0.203214072,0.0047158908,-0.207929963,-0.240670336,-0.001131436,-0.2395389,-0.056814153,0.0568141525,0.0046774878,-0.392479691,-11.54916304,-0.05134903,0.1163724166,-0.733684397,-0.979896689,-0.302101084,,,-0.079685159,-0.510050139,-0.880418614,-0.453235986,-0.782349358,0.5761396853,0.3110784229,0.0213407678,0.0261578335,0.5012153176,0.0038162378,-0.782012187,-0.463558766,0.0,-0.309515073,0.0514554051,,-2.248218155,-0.762271907,-0.065808138,-0.040942915,-0.062056449,-0.038362157,0.0384123021,-0.575001925,0.108618845,-0.475602195,-3.119744526,-0.328064684,0.190453506,0.2826559847,-0.272307637,-0.03844679,-0.440954288,0.0804950243,,-0.069276707,-0.393677722,-0.164336626,1.6914401514,0.9235988951,0.7530975383,2.14581944,0.3378651206,4.0,,0.3987228353,,,33.502782315,0.0721189085,1.4054618518,0.8309261493,0.3450895025,0.3397259258,0.036287483,-0.814221782,-0.097365769,-0.021864229,,,0.0181878423,0.8737996724,-0.412994188,0.2689429336,20.209334083,0.0940101041,-0.058756514,0.829945176,0.6838143069,0.0125213731,0.00091951,7227837.26346539,0.59851453,0.0317957,0.52918865,0.00057441,0.0003022,0.0111943,0.02004566,0.04029936,0.19602291,1.13205462,0.02081508,0.03549434,0.02084765,0.15595165,0.03359167,0.05023201,0.02967171,0.19069594,0.00399793,0.03706628,0.64972733,0.3527191,0.41237621,1.3760852564,0.8895940872,459,-1.726131903,-1.616176182,-1.647212995,-1.626014633
20220531,20220531,300891.0,01W,CHN,-0.100334,2022,5,20220429,20220430,90.375062846,0.164942077,90.375062846,,0.0,2.220446e-16,-0.509047416,-0.116934626,-0.121633981,-0.355813383,-0.456157192,-0.364477491,-0.725837124,-0.423152335,-0.043741535,-0.011264642,-0.014710284,-0.041968955,1.5989631572,-0.989059677,-0.578316699,-0.157081736,-0.648082966,-0.989319541,-0.028211655,0.0,0.0,0.0033861353,0.0739115274,-0.070525392,-0.046412475,-0.001208061,-0.045204414,-0.142770139,0.1427701391,-0.004016606,0.0262591626,-1.387470303,0.0547375158,0.1126696064,-0.123645179,-0.236896343,-0.106747174,,,-0.142770139,-0.124595161,-0.919026711,0.0181749783,0.134060508,0.8418670583,0.0933016921,0.0661586489,0.0769365466,0.2036506411,0.0037665453,3.1091714783,-0.45026178,1.0,-0.110872747,,,-0.997557856,,-0.051223561,-0.030283993,0.433834306,0.2997598331,0.0421747507,0.2878887244,0.2426588932,0.4683886869,-0.418310527,3.7693389398,3.2130801696,-0.992774386,-0.011425051,0.0524402395,-0.129591419,0.1079409808,,-0.010977788,-0.011925554,-0.019366329,1.74737177,0.7525810453,,3.368680704,0.4689907788,7.0,-1.156524476,0.277997611,,,0.0625341201,0.2045500468,2.8413242419,1.6260559376,0.8814516407,0.8707496642,0.1920956006,-0.385206705,-0.031191454,-0.031919551,,,0.0391203922,1.3346551116,-0.039024334,0.2695782885,32.91148977,0.4382377541,-0.113478977,-0.095893333,0.5825999496,0.0805759061,0.0008597,6584521.27830888,0.68892343,0.02996379,0.59563781,0.0006307,0.00035808,0.00409842,0.02938352,1.9261308,-0.30872939,-0.1180072,0.02640776,0.94242229,0.0294812,1.12810127,0.00431101,0.04981672,0.02939952,1.93510613,0.01343448,0.0337947,0.68215098,0.2805412,0.41764311,1.1055507337,0.1254376884,460,-1.319169901,-0.715490065,-0.6511839,-1.596672566
20220621,20220630,300891.0,01W,CHN,0.269316,2022,6,20220531,20220531,81.307393333,0.1483928189,81.307393333,,0.0,-2.22045e-16,-0.100333756,-0.562785173,-0.621030814,-0.661690648,-0.537137709,0.0733385418,-0.799673406,0.1429671468,-0.065859799,-0.086192886,-0.012730767,-0.041968955,1.5989631572,-0.989059677,-0.578316699,-0.157081736,-0.648082966,-0.989319541,-0.028211655,0.0,0.0,0.0033861353,0.0739115274,-0.070525392,-0.046412475,-0.001208061,-0.045204414,-0.142770139,0.1427701391,-0.004016606,0.0262591626,-1.387470303,0.0547375158,0.1126696064,-0.123645179,-0.236896343,-0.106747174,,,-0.142770139,-0.124595161,-0.919026711,0.0181749783,0.134060508,0.8418670583,0.0933016921,0.0661586489,0.0769365466,0.2036506411,0.0037665453,3.1091714783,-0.45026178,1.0,-0.110872747,,,-0.997557856,,-0.051223561,-0.030283993,0.433834306,0.2997598331,0.0421747507,0.2878887244,0.2426588932,0.4683886869,-0.418310527,3.7693389398,3.2130801696,-0.992774386,-0.011425051,0.0524402395,-0.129591419,0.1079409808,,-0.010977788,-0.011925554,-0.019366329,1.74737177,0.7525810453,,3.368680704,0.4689907788,7.0,-1.156524476,0.277997611,,,0.0625341201,0.2045500468,3.158198122,1.8073990757,0.979754044,0.9678585477,0.2135187376,-0.428166231,-0.034670028,-0.035479325,,,0.0434832278,1.4102932483,-0.041235937,0.3890911116,34.425770699,0.3905118671,0.0960346552,-0.289783578,0.5583324169,0.0851836947,,5847116.75031251,0.74804204,0.02870814,0.91758571,0.0006422,0.0003488,0.012618,,,,,,,,,,,,,0.0159033,0.03276465,0.75487194,0.31413418,0.41900481,1.0647644471,,461,-1.322971421,-0.715841613,-0.658397542,-1.591553265
