date,ret_eom,gvkey,iid,excntry,stock_ret,year,month,char_date,char_eom,me,prc,market_equity,div12m_me,chcsho_12m,eqnpo_12m,ret_1_0,ret_3_1,ret_6_1,ret_9_1,ret_12_1,ret_12_7,ret_60_12,seas_1_1an,seas_1_1na,seas_2_5an,seas_2_5na,at_gr1,sale_gr1,capx_gr1,inv_gr1,debt_gr3,sale_gr3,capx_gr3,inv_gr1a,lti_gr1a,sti_gr1a,coa_gr1a,col_gr1a,cowc_gr1a,ncoa_gr1a,ncol_gr1a,nncoa_gr1a,fnl_gr1a,nfna_gr1a,tax_gr1a,be_gr1a,ebit_sale,gp_at,cop_at,ope_be,ni_be,ebit_bev,netis_at,eqnetis_at,dbnetis_at,oaccruals_at,oaccruals_ni,taccruals_at,taccruals_ni,noa_at,opex_at,at_turnover,sale_bev,rd_sale,cash_at,sale_emp_gr1,emp_gr1,ni_inc8q,noa_gr1a,ppeinv_gr1a,lnoa_gr1a,capx_gr2,saleq_gr1,niq_be,niq_at,niq_be_chg1,niq_at_chg1,rd5_at,dsale_dinv,dsale_drec,dgp_dsale,dsale_dsga,saleq_su,niq_su,capex_abn,op_atl1,gp_atl1,ope_bel1,cop_atl1,pi_nix,ocf_at,op_at,ocf_at_chg1,at_be,ocfq_saleq_std,tangibility,earnings_variability,aliq_at,f_score,o_score,z_score,intrinsic_value,kz_index,ni_ar1,ni_ivol,at_me,be_me,debt_me,netdebt_me,sale_me,ni_me,ocf_me,fcf_me,eqpo_me,eqnpo_me,rd_me,bev_mev,ebitda_mev,aliq_mat,eq_dur,beta_60m,resff3_12_1,resff3_6_1,mispricing_mgmt,mispricing_perf,zero_trades_21d,dolvol_126d,dolvol_var_126d,turnover_126d,turnover_var_126d,zero_trades_126d,zero_trades_252d,bidaskhl_21d,ivol_capm_21d,iskew_capm_21d,coskew_21d,beta_dimson_21d,ivol_ff3_21d,iskew_ff3_21d,ivol_hxz4_21d,iskew_hxz4_21d,rmax5_21d,rmax1_21d,rvol_21d,rskew_21d,ami_126d,ivol_capm_252d,betadown_252d,prc_highprc_252d,corr_1260d,betabab_1260d,rmax5_rvol_21d,age,qmj,qmj_prof,qmj_growth,qmj_safety
20050228,20050228,226660.0,01W,JPN,0.017396,2005,2,20050131,20050131,127.12448883,14.062415454,127.12448883,0.015670714,0.0,0.0189321234,0.0439611674,0.0918969552,0.0913445661,-0.020410808,0.2756469693,0.3322237368,-0.285390941,0.0067731509,0.0296061795,0.0218051155,-0.004911325,-0.143777381,0.1503176379,0.1882439771,-0.002878169,-0.381636485,0.287980686,-0.395754411,-0.000123297,0.0006140575,0.0,-0.019082951,-0.209230773,0.1901478214,-0.007464248,6.56049e-05,-0.007529853,-0.0017089,0.0023229579,0.0020375632,0.0430554244,0.0405342902,0.5923025557,0.3957081285,0.512856475,0.1259934549,1.7720588235,-0.008559461,-9.1058e-05,-0.0017089,0.1826179689,-7.984230056,0.1849409268,-8.093383345,0.1261687852,2.0311115158,2.5463542092,43.71752451,,0.1673948366,0.0175135642,0.1225225225,,0.1563616355,0.0210729597,0.0178476596,-0.439620023,,,,,,,-0.121378368,-2.686074642,-0.027547293,-0.036201982,,,-0.447544644,0.1918367536,0.845034404,0.6182873898,0.5645543469,2.0074211503,0.2939658836,0.1344624537,0.1492532307,3.1124971904,,0.5325230547,0.0867186113,0.5162145919,7.0,-3.878570043,2.8565546741,91.161792152,-1.331456134,0.5570498402,0.0121195576,1.9857278087,0.637985414,0.0874738374,-0.244926745,5.1439588815,0.0777213853,0.6982668054,0.5837034648,0.0151405296,0.0151405296,,0.520557001,0.637863787,0.4728352583,15.425072532,0.9629234515,0.2109896439,0.2502570513,0.6375793529,0.7707950125,0.00735318,78949.31812499,0.72529979,0.00067786,0.71222441,0.00756383,0.00668379,0.00190275,0.00911286,0.06094212,0.1130082,1.66755806,0.0088368,0.28905749,,,0.01734759,0.02796401,0.01167077,0.61923966,0.2330806,0.0191375,1.28508406,0.9080627,0.45356218,0.7922008494,0.780356233,253,1.3446649035,1.0924586835,0.8520984033,0.4486320268
20050331,20050331,226660.0,01W,JPN,-0.064395,2005,3,20050228,20050228,128.26338509,14.188399303,128.26338509,0.015757644,0.0,0.0169856592,0.0173961886,0.1160252744,0.0610795631,0.0690271318,0.3227666014,0.161012742,-0.196730477,0.2483832773,0.0086073533,-0.046105753,0.0037878915,-0.143777381,0.1503176379,0.1882439771,-0.002878169,-0.381636485,0.287980686,-0.395754411,-0.000123297,0.0006140575,0.0,-0.019082951,-0.209230773,0.1901478214,-0.007464248,6.56049e-05,-0.007529853,-0.0017089,0.0023229579,0.0020375632,0.0430554244,0.0405342902,0.5923025557,0.3957081285,0.512856475,0.1259934549,1.7720588235,-0.008559461,-9.1058e-05,-0.0017089,0.1826179689,-7.984230056,0.1849409268,-8.093383345,0.1261687852,2.0311115158,2.5463542092,43.71752451,,0.1673948366,0.0175135642,0.1225225225,,0.1563616355,0.0210729597,0.0178476596,-0.439620023,,,,,,,-0.121378368,-2.686074642,-0.027547293,-0.036201982,,,-0.447544644,0.1918367536,0.845034404,0.6182873898,0.5645543469,2.0074211503,0.2939658836,0.1344624537,0.1492532307,3.1124971904,,0.5325230547,0.0867186113,0.5162145919,7.0,-3.878570043,2.8565546741,91.161792152,-1.331456134,0.5570498402,0.0121195576,1.9680958245,0.6323205144,0.086697126,-0.242751953,5.0982838392,0.0770312694,0.6920666459,0.5785205539,0.0150060914,0.0150060914,,0.5144530421,0.626651772,0.4733384864,15.459775372,0.9591850556,0.1222490317,-0.27028986,0.6275493228,0.7636536207,0.00680332,90941.88734892,0.71877809,0.00076309,0.69939811,0.00750006,0.00669566,0.001829,0.00822429,-0.06005898,-0.07606391,0.96223092,0.0080817,-0.31885929,,,0.01253773,0.01463204,0.00964338,-0.07806689,0.20601097,0.01913045,1.30377958,0.91619794,0.45274445,0.797143837,0.5645357408,254,1.3432711477,1.0896763724,0.858770968,0.4424709623
20050428,20050430,226660.0,01W,JPN,0.033003,2005,4,20050331,20050331,120.00386847,13.27473778,120.00386847,0.0168421967,0.0,0.0169856592,-0.064394968,0.0621221128,0.1204207833,0.0170159987,0.0780164419,-0.001409734,0.0165249247,0.0361125854,-0.000529697,0.0708023674,-0.000887923,-0.143777381,0.1503176379,0.1882439771,-0.002878169,-0.381636485,0.287980686,-0.395754411,-0.000123297,0.0006140575,0.0,-0.019082951,-0.209230773,0.1901478214,-0.007464248,6.56049e-05,-0.007529853,-0.0017089,0.0023229579,0.0020375632,0.0430554244,0.0405342902,0.5923025557,0.3957081285,0.512856475,0.1259934549,1.7720588235,-0.008559461,-9.1058e-05,-0.0017089,0.1826179689,-7.984230056,0.1849409268,-8.093383345,0.1261687852,2.0311115158,2.5463542092,43.71752451,,0.1673948366,0.0175135642,0.1225225225,,0.1563616355,0.0210729597,0.0178476596,-0.439620023,,,,,,,-0.121378368,-2.686074642,-0.027547293,-0.036201982,,,-0.447544644,0.1918367536,0.845034404,0.6182873898,0.5645543469,2.0074211503,0.2939658836,0.1344624537,0.1492532307,3.1124971904,,0.5325230547,0.0867186113,0.5162145919,7.0,-3.878570043,2.8565546741,91.161792152,-1.331456134,0.5570498402,0.0121195576,2.1035541257,0.675841293,0.0926642366,-0.259459863,5.4491838612,0.0823331072,0.7396995767,0.6183384381,0.016038917,0.016038917,,0.5622672012,0.7182052292,0.4403610635,15.193169663,0.9844127931,0.0772739356,-0.420814819,0.6301155072,0.7283455628,0.00650162,101548.68257166,0.68275489,0.00084354,0.66576893,0.00741937,0.00678589,0.0047062,0.01336637,0.10614671,0.53968747,0.40818944,0.01303632,0.39728562,,,0.01558365,0.0492671,0.01665838,1.01966899,0.18456925,0.01892208,1.28714352,0.85719941,0.45400097,0.8103548743,0.7140421965,255,1.3526865997,1.0861100938,0.8572024366,0.4607499545
20050531,20050531,226660.0,01W,JPN,-0.013778,2005,5,20050428,20050430,123.9643618,13.712844576,123.9643618,0.0163041114,0.0,0.0169856592,0.0330030471,-0.048119007,0.0850472596,0.0844983357,-0.026555973,-0.071381611,0.0789533606,-0.04337968,0.0064141872,0.1313974578,-0.005034075,-0.143777381,0.1503176379,0.1882439771,-0.002878169,-0.381636485,0.287980686,-0.395754411,-0.000123297,0.0006140575,0.0,-0.019082951,-0.209230773,0.1901478214,-0.007464248,6.56049e-05,-0.007529853,-0.0017089,0.0023229579,0.0020375632,0.0430554244,0.0405342902,0.5923025557,0.3957081285,0.512856475,0.1259934549,1.7720588235,-0.008559461,-9.1058e-05,-0.0017089,0.1826179689,-7.984230056,0.1849409268,-8.093383345,0.1261687852,2.0311115158,2.5463542092,43.71752451,,0.1673948366,0.0175135642,0.1225225225,,0.1563616355,0.0210729597,0.0178476596,-0.439620023,,,,,,,-0.121378368,-2.686074642,-0.027547293,-0.036201982,,,-0.447544644,0.1918367536,0.845034404,0.6182873898,0.5645543469,2.0074211503,0.2939658836,0.1344624537,0.1492532307,3.1124971904,,0.5325230547,0.0867186113,0.5162145919,7.0,-3.878570043,2.8565546741,91.161792152,-1.331456134,0.5570498402,0.0121195576,2.0363484227,0.6542490798,0.0897037399,-0.251170472,5.2750898231,0.0797026761,0.7160671778,0.5985833631,0.0155264953,0.0155264953,,0.5382781967,0.6711849361,0.4348621027,15.325442281,1.0031552727,-0.162568542,-0.353289454,0.62944704,0.6662084506,0.0059473,111290.37642351,0.76448304,0.00091595,0.75312255,0.0072721,0.00715334,0.00552707,0.00973109,-0.02968203,-0.37740399,0.805019,0.01009433,0.3062984,,,0.02219429,0.02768975,0.01774573,-0.96164066,0.17680532,0.01520293,1.4474337,0.94759598,0.44157483,0.7118230034,1.1251545918,256,1.3733560748,1.0598481228,0.8508734248,0.578763925
20050630,20050630,226660.0,01W,JPN,0.013929,2005,6,20050531,20050531,122.256342,13.523904709,122.256342,0.016531893,0.0,0.0169856592,-0.013778313,-0.033517151,0.0973831509,0.0433552547,0.0511700669,-0.062173008,0.1576304061,0.069426765,-0.001149911,0.0054949822,0.0078892323,-0.143777381,0.1503176379,0.1882439771,-0.002878169,-0.381636485,0.287980686,-0.395754411,-0.000123297,0.0006140575,0.0,-0.019082951,-0.209230773,0.1901478214,-0.007464248,6.56049e-05,-0.007529853,-0.0017089,0.0023229579,0.0020375632,0.0430554244,0.0405342902,0.5923025557,0.3957081285,0.512856475,0.1259934549,1.7720588235,-0.008559461,-9.1058e-05,-0.0017089,0.1826179689,-7.984230056,0.1849409268,-8.093383345,0.1261687852,2.0311115158,2.5463542092,43.71752451,,0.1673948366,0.0175135642,0.1225225225,,0.1563616355,0.0210729597,0.0178476596,-0.439620023,,,,,,,-0.121378368,-2.686074642,-0.027547293,-0.036201982,,,-0.447544644,0.1918367536,0.845034404,0.6182873898,0.5645543469,2.0074211503,0.2939658836,0.1344624537,0.1492532307,3.1124971904,,0.5325230547,0.0867186113,0.5162145919,7.0,-3.878570043,2.8565546741,91.161792152,-1.331456134,0.5570498402,0.0121195576,2.0647978543,0.6633894677,0.0909569735,-0.254679526,5.3487870869,0.0808161868,0.7260712144,0.606946056,0.015743413,0.015743413,,0.5483680591,0.6906861263,0.4417274227,15.269448807,0.9866401039,-0.05728052,0.0353429965,0.6288638138,0.6848422127,0.00690432,117147.55268934,0.69560353,0.00095861,0.6891611,0.0071401,0.00733719,0.00503318,0.01091619,-0.44751072,-0.06931322,0.59170625,0.00967845,-0.71032418,,,0.0153178,0.02622169,0.0134013,-0.02419212,0.14734177,0.01324218,0.92701117,0.93453971,0.43815123,0.6987957037,0.9638421714,257,1.4085932049,1.0566332019,0.8540436726,0.7007780683
20050729,20050731,226660.0,01W,JPN,0.003467,2005,7,20050630,20050630,123.95924521,13.712278583,123.95924521,0.0163047843,0.0,0.0169856592,0.013928956,0.0187700076,0.0123790525,0.0679473832,-0.030614577,-0.104297784,0.2924379403,-0.122612498,0.0112629487,-0.073624126,0.0176170237,-0.179914334,0.0539487754,-0.016561071,-0.052766368,-0.572228234,0.3765208042,-0.448900516,-0.002441211,-0.000326033,0.0,-0.028797234,-0.284673889,0.2558766547,-0.020221205,0.0125067981,-0.032728003,-0.003201017,0.0028749842,-0.020218621,0.0565235845,0.0386974726,0.776973404,0.0110719678,0.4350622407,0.1320539419,0.3802624385,0.0130135651,-7.7426e-05,0.0130909915,0.1530331772,3.1052631579,0.1559081614,3.1636007205,0.1927745794,2.6190236537,2.5080182503,9.8265445599,,0.13452828,0.0909944265,-0.034542314,,0.1830010106,0.023506882,-0.014786769,0.1685653846,,,,,,,0.0927367155,0.2131739474,0.0117475374,-0.054565848,,,-0.348811357,0.134580277,0.6371847512,0.5127177417,0.0090799621,1.4053417125,-0.103751307,0.164105145,-0.39771719,2.6795643154,,0.5843009949,0.0710651118,0.4826269702,4.0,-3.927748787,3.9535169361,111.89804487,-0.808684416,0.3814607474,0.0118509684,1.9977170819,0.7455380229,0.0900213961,-0.178728047,5.5599039424,0.0984512348,-0.207265757,-0.322808683,0.0168596773,0.0168596773,,0.6889369353,0.3991803812,0.4142310045,14.305101825,1.0287584248,0.0057122873,-0.032433979,0.6238302176,0.7099049194,0.00629141,126379.52357991,0.65866572,0.00102638,0.6595251,0.00692246,0.00734184,0.00319744,0.00934666,-0.04547723,0.3148836,0.85776414,0.0088241,-0.16452152,,,0.01461212,0.02436153,0.01073444,0.14057524,0.12447615,0.01293107,0.86944028,0.94755687,0.44651257,0.7322874752,0.9435613908,258,1.2044294986,0.3658904444,0.6040132278,1.0247120929
20050831,20050831,226660.0,01W,JPN,0.01922,2005,8,20050729,20050731,124.38899804,13.759817518,124.38899804,0.0162484528,0.0,0.0169856592,0.0034668881,-4.1275e-05,-0.016744619,0.1208108624,0.1202438458,0.0913445661,0.309268911,0.0737379051,0.0048746744,-0.008735394,0.0119743897,-0.179914334,0.0539487754,-0.016561071,-0.052766368,-0.572228234,0.3765208042,-0.448900516,-0.002441211,-0.000326033,0.0,-0.028797234,-0.284673889,0.2558766547,-0.020221205,0.0125067981,-0.032728003,-0.003201017,0.0028749842,-0.020218621,0.0565235845,0.0386974726,0.776973404,0.0110719678,0.4350622407,0.1320539419,0.3802624385,0.0130135651,-7.7426e-05,0.0130909915,0.1530331772,3.1052631579,0.1559081614,3.1636007205,0.1927745794,2.6190236537,2.5080182503,9.8265445599,,0.13452828,0.0909944265,-0.034542314,,0.1830010106,0.023506882,-0.014786769,0.1685653846,,,,,,,0.0927367155,0.2131739474,0.0117475374,-0.054565848,,,-0.348811357,0.134580277,0.6371847512,0.5127177417,0.0090799621,1.4053417125,-0.103751307,0.164105145,-0.39771719,2.6795643154,,0.5843009949,0.0710651118,0.4826269702,4.0,-3.927748787,3.9535169361,111.89804487,-0.808684416,0.3814607474,0.0118509684,1.9908151486,0.7429622559,0.0897103803,-0.178110557,5.540694973,0.0981110946,-0.206549673,-0.321693408,0.0168014286,0.0168014286,,0.6860409068,0.3975023789,0.4336161567,14.322473914,1.011598913,0.0895058664,-0.021860659,0.5900925764,0.7611262486,0.00641187,132079.45185069,0.63815813,0.00107428,0.63691826,0.00676036,0.00731357,0.00115048,0.00953739,0.39485752,0.82062335,1.08878243,0.00883813,0.02687281,,,0.02011726,0.04865933,0.014635,2.0791074,0.11278288,0.01237492,0.72211374,0.95084195,0.44612546,0.7148416518,1.3704692781,259,1.3613757393,0.2265352584,1.1868865189,1.0505922372
20050930,20050930,226660.0,01W,JPN,-0.004147,2005,9,20050831,20050831,125.81009204,13.917017869,125.81009204,0.0160775503,0.0,0.0160051717,0.0192197715,0.0174441343,-0.030206493,0.1011422043,0.0469292371,0.0610795631,0.2589258973,-0.036488506,0.0099390632,-0.036309404,0.0135052643,-0.179914334,0.0539487754,-0.016561071,-0.052766368,-0.572228234,0.3765208042,-0.448900516,-0.002441211,-0.000326033,0.0,-0.028797234,-0.284673889,0.2558766547,-0.020221205,0.0125067981,-0.032728003,-0.003201017,0.0028749842,-0.020218621,0.0565235845,0.0386974726,0.776973404,0.0110719678,0.4350622407,0.1320539419,0.3802624385,0.0130135651,-7.7426e-05,0.0130909915,0.1530331772,3.1052631579,0.1559081614,3.1636007205,0.1927745794,2.6190236537,2.5080182503,9.8265445599,,0.13452828,0.0909944265,-0.034542314,,0.1830010106,0.023506882,-0.014786769,0.1685653846,,,,,,,0.0927367155,0.2131739474,0.0117475374,-0.054565848,,,-0.348811357,0.134580277,0.6371847512,0.5127177417,0.0090799621,1.4053417125,-0.103751307,0.164105145,-0.39771719,2.6795643154,,0.5843009949,0.0710651118,0.4826269702,4.0,-3.927748787,3.9535169361,111.89804487,-0.808684416,0.3814607474,0.0118509684,1.9683277995,0.7345700897,0.0886970523,-0.176098701,5.4781097841,0.097002876,-0.204216581,-0.318059705,0.0166116473,0.0166116473,,0.6766354011,0.392052688,0.4244508678,14.37907432,0.9789573215,-0.208228212,-0.098233728,0.5850299211,0.7143324512,0.00646932,131170.43877963,0.6247751,0.00106783,0.62386879,0.00668239,0.00724808,0.00331958,0.00712308,-0.13188974,-0.362821,0.81620649,0.00628106,0.10473023,,,0.01344567,0.01931054,0.01010901,-0.13624278,0.1087194,0.01177217,0.74295198,0.96170493,0.44823622,0.6773766724,0.9371389095,260,1.360619414,0.224458231,1.1897914014,1.0604292436
20051031,20051031,226660.0,01W,JPN,-0.043887,2005,10,20050930,20050930,125.28841498,13.859310345,125.28841498,0.0161444942,0.0,0.0160051717,-0.004146544,0.0227532924,0.0564636605,0.0498362453,0.1074605585,0.1204207833,0.359551385,-0.033893397,0.0126433226,-0.020751391,0.0137116516,-0.179914334,0.0539487754,-0.016561071,-0.052766368,-0.572228234,0.3765208042,-0.448900516,-0.002441211,-0.000326033,0.0,-0.028797234,-0.284673889,0.2558766547,-0.020221205,0.0125067981,-0.032728003,-0.003201017,0.0028749842,-0.020218621,0.0565235845,0.0386974726,0.776973404,0.0110719678,0.4350622407,0.1320539419,0.3802624385,0.0130135651,-7.7426e-05,0.0130909915,0.1530331772,3.1052631579,0.1559081614,3.1636007205,0.1927745794,2.6190236537,2.5080182503,9.8265445599,,0.13452828,0.0909944265,-0.034542314,,0.1830010106,0.023506882,-0.014786769,0.1685653846,,,,,,,0.0927367155,0.2131739474,0.0117475374,-0.054565848,,,-0.348811357,0.134580277,0.6371847512,0.5127177417,0.0090799621,1.4053417125,-0.103751307,0.164105145,-0.39771719,2.6795643154,,0.5843009949,0.0710651118,0.4826269702,4.0,-3.927748787,3.9535169361,111.89804487,-0.808684416,0.3814607474,0.0118509684,1.9765235409,0.7376286994,0.0890663699,-0.176831942,5.500919588,0.0974067774,-0.2050669,-0.319384045,0.016680815,0.016680815,,0.680058008,0.3940357977,0.4299247053,14.35844573,0.9109860605,-0.165435734,0.586413658,0.585717536,0.7122281565,0.00647635,129891.70092168,0.62996542,0.00105285,0.62721601,0.00668105,0.00721637,0.00447756,0.01123187,-0.09855932,0.06895307,0.61204844,0.00962957,-0.10063121,,,0.01477135,0.02086512,0.01210247,0.03191274,0.11017824,0.01151754,0.75195476,0.95771718,0.4497063,0.6599824232,1.0510942406,261,1.3719284585,0.2236873848,1.1869652936,1.0934354055
20051130,20051130,226660.0,01W,JPN,0.054911,2005,11,20051031,20051031,119.78987206,13.251065657,119.78987206,0.0168855518,0.0,0.0160051717,-0.043887082,0.0149935321,0.0184703623,0.0014577994,0.1415597626,0.0850472596,0.4973105618,0.0213908647,0.0067089638,-0.045249663,0.0179589051,-0.179914334,0.0539487754,-0.016561071,-0.052766368,-0.572228234,0.3765208042,-0.448900516,-0.002441211,-0.000326033,0.0,-0.028797234,-0.284673889,0.2558766547,-0.020221205,0.0125067981,-0.032728003,-0.003201017,0.0028749842,-0.020218621,0.0565235845,0.0386974726,0.776973404,0.0110719678,0.4350622407,0.1320539419,0.3802624385,0.0130135651,-7.7426e-05,0.0130909915,0.1530331772,3.1052631579,0.1559081614,3.1636007205,0.1927745794,2.6190236537,2.5080182503,9.8265445599,,0.13452828,0.0909944265,-0.034542314,,0.1830010106,0.023506882,-0.014786769,0.1685653846,,,,,,,0.0927367155,0.2131739474,0.0117475374,-0.054565848,,,-0.348811357,0.134580277,0.6371847512,0.5127177417,0.0090799621,1.4053417125,-0.103751307,0.164105145,-0.39771719,2.6795643154,,0.5843009949,0.0710651118,0.4826269702,4.0,-3.927748787,3.9535169361,111.89804487,-0.808684416,0.3814607474,0.0118509684,2.06724907,0.7714870131,0.0931546559,-0.184948806,5.753420421,0.1018779012,-0.214479792,-0.334044273,0.0174464905,0.0174464905,,0.7183571099,0.4162268711,0.4349448307,14.13009059,0.8816799579,-0.043514118,-0.0148941,0.5831468,0.7229080422,0.00568305,133272.09922726,0.56816467,0.0010822,0.56544013,0.00662987,0.00710764,0.00632294,0.01428188,-0.33276996,0.13710716,1.34402606,0.01164588,-0.53121901,,,0.02009478,0.0275891,0.0163406,0.345091,0.09749974,0.01127061,0.84846018,0.91568577,0.45501246,0.651741285,1.4439986222,262,1.3786511353,0.2272279706,1.1960672291,1.0939268373
20051230,20051231,226660.0,01W,JPN,-0.020321,2005,12,20051130,20051130,126.36768708,13.978698614,126.36768708,0.0160066084,0.0,0.0160051717,0.0549112785,-0.047851646,-0.012622939,-0.058865416,0.068601721,0.0973831509,0.728856934,0.06902949,0.00542549,-0.016204755,0.0184274411,-0.179914334,0.0539487754,-0.016561071,-0.052766368,-0.572228234,0.3765208042,-0.448900516,-0.002441211,-0.000326033,0.0,-0.028797234,-0.284673889,0.2558766547,-0.020221205,0.0125067981,-0.032728003,-0.003201017,0.0028749842,-0.020218621,0.0565235845,0.0386974726,0.776973404,0.0110719678,0.4350622407,0.1320539419,0.3802624385,0.0130135651,-7.7426e-05,0.0130909915,0.1530331772,3.1052631579,0.1559081614,3.1636007205,0.1927745794,2.6190236537,2.5080182503,9.8265445599,,0.13452828,0.0909944265,-0.034542314,,0.1830010106,0.023506882,-0.014786769,0.1685653846,,,,,,,0.0927367155,0.2131739474,0.0117475374,-0.054565848,,,-0.348811357,0.134580277,0.6371847512,0.5127177417,0.0090799621,1.4053417125,-0.103751307,0.164105145,-0.39771719,2.6795643154,,0.5843009949,0.0710651118,0.4826269702,4.0,-3.927748787,3.9535169361,111.89804487,-0.808684416,0.3814607474,0.0118509684,1.9596425901,0.731328813,0.0883056782,-0.175321669,5.4539377277,0.0965748526,-0.203315479,-0.316656272,0.0165383487,0.0165383487,,0.6730150307,0.3899549911,0.4318700542,14.400934894,0.8625110785,-0.219194515,-0.642509445,0.5845936457,0.7084256311,0.00619307,142000.96553972,0.68873113,0.00115017,0.67733548,0.00651398,0.00696602,0.00538513,0.01444365,0.55098423,0.00835576,0.80096608,0.01487566,0.2873702,,,0.02412026,0.03599379,0.01646453,0.30327746,0.10374382,0.01144775,1.00212614,0.96596724,0.44676991,0.6535270823,1.7219919087,263,1.3773707475,0.2312769218,1.1977136935,1.1012954445
20060131,20060131,226660.0,01W,JPN,0.042585,2006,1,20051230,20051231,123.79980869,13.694641835,123.79980869,0.0163386205,0.0,0.0160051717,-0.020320688,0.0086143008,0.0272861733,0.061145947,0.0544891589,0.0123790525,1.0006795502,0.0439611674,-0.000418315,-0.014738902,0.0215951782,-0.043691646,0.0539487754,-0.016561071,-0.014886229,-0.672867507,0.3765208042,-0.448900516,-0.000664921,-0.007329837,0.0,-0.02366865,-0.049555725,0.0258870746,-0.041048688,9.59923e-05,-0.041144681,-0.023205245,0.015875408,-0.020218621,0.0269771557,0.0386974726,0.776973404,0.0110719678,0.4350622407,0.1320539419,0.3802624385,0.0130135651,-7.7426e-05,-0.023205245,-0.015257606,3.1052631579,0.0006178021,3.1636007205,0.1327641423,2.6190236537,2.5080182503,9.8265445599,,0.2014020957,0.0909944265,-0.034542314,,-0.014590976,-0.000978966,-0.014786769,0.1685653846,,,,,,,0.0927367155,0.2131739474,0.0117475374,-0.054565848,,,-0.348811357,0.134580277,0.6371847512,0.5127177417,0.0090799621,1.4053417125,-0.103751307,0.164105145,-0.39771719,2.7552655913,,0.5704090689,0.0710651118,0.5894150216,4.0,-3.927748787,3.9535169361,111.89804487,-0.808684416,0.3814607474,0.0118509684,1.9499654374,0.7077232204,0.0445735471,-0.348153578,5.5670643066,0.0985780259,-0.207532686,-0.323224415,0.0168813901,0.0168813901,,0.5516171142,0.3998065216,0.5076341675,14.298626179,0.7933090625,-0.055102256,-0.112420702,0.6535511951,0.7096175404,0.00512437,163395.9694564,0.76329294,0.00131797,0.75392144,0.00626497,0.00673624,0.0057127,0.01401981,-0.11736368,0.23795946,-0.24067349,0.01434219,0.15355281,,,0.01716816,0.02275198,0.01519228,-0.45333803,0.09713296,0.01146139,0.9356978,0.94633812,0.44224965,0.6376019931,1.2478373972,264,1.4860391004,0.5826676084,1.2012208732,1.1661672887
20060228,20060228,226660.0,01W,JPN,-0.042191,2006,2,20060131,20060131,129.07187678,14.277834046,129.07187678,0.0156712534,0.0,0.0160051717,0.04258543,0.0334747551,0.0029339513,0.0063694718,-0.010440957,-0.016744619,1.2153806441,0.0173961886,0.001871616,0.0495856335,0.0180469093,-0.043691646,0.0539487754,-0.016561071,-0.014886229,-0.672867507,0.3765208042,-0.448900516,-0.000664921,-0.007329837,0.0,-0.02366865,-0.049555725,0.0258870746,-0.041048688,9.59923e-05,-0.041144681,-0.023205245,0.015875408,-0.020218621,0.0269771557,0.0386974726,0.776973404,0.0110719678,0.4350622407,0.1320539419,0.3802624385,0.0130135651,-7.7426e-05,-0.023205245,-0.015257606,3.1052631579,0.0006178021,3.1636007205,0.1327641423,2.6190236537,2.5080182503,9.8265445599,,0.2014020957,0.0909944265,-0.034542314,,-0.014590976,-0.000978966,-0.014786769,0.1685653846,,,,,,,0.0927367155,0.2131739474,0.0117475374,-0.054565848,,,-0.348811357,0.134580277,0.6371847512,0.5127177417,0.0090799621,1.4053417125,-0.103751307,0.164105145,-0.39771719,2.7552655913,,0.5704090689,0.0710651118,0.5894150216,4.0,-3.927748787,3.9535169361,111.89804487,-0.808684416,0.3814607474,0.0118509684,1.8703171763,0.6788155676,0.0427528966,-0.333932902,5.3396720754,0.0945515093,-0.199055809,-0.310021995,0.0161918531,0.0161918531,,0.5177896739,0.3800920748,0.4985290558,14.504273758,0.7877716242,-0.19525634,-0.335841716,0.6767747594,0.6727363834,0.00636349,171804.06495899,0.72767631,0.00137851,0.72132838,0.00629439,0.00666007,0.0054999,0.00823492,-0.95964301,-0.22175489,0.45754885,0.00557296,0.64325886,,,0.01632335,0.01841553,0.01273157,-1.18402688,0.08950937,0.01145121,0.79612693,0.98663834,0.43955494,0.5824287611,1.1806378147,265,1.5425136784,0.7211554057,1.1953241045,1.1769469279
20060331,20060331,226660.0,01W,JPN,-0.018965,2006,3,20060228,20060228,122.70877021,13.573951978,122.70877021,0.0156209269,0.0,0.0151264049,-0.04219089,0.0213993763,0.0259262567,0.0638846849,0.0140590769,-0.030206493,0.9146902504,-0.064394968,0.0038901686,0.0193684105,0.0171626602,-0.043691646,0.0539487754,-0.016561071,-0.014886229,-0.672867507,0.3765208042,-0.448900516,-0.000664921,-0.007329837,0.0,-0.02366865,-0.049555725,0.0258870746,-0.041048688,9.59923e-05,-0.041144681,-0.023205245,0.015875408,-0.020218621,0.0269771557,0.0386974726,0.776973404,0.0110719678,0.4350622407,0.1320539419,0.3802624385,0.0130135651,-7.7426e-05,-0.023205245,-0.015257606,3.1052631579,0.0006178021,3.1636007205,0.1327641423,2.6190236537,2.5080182503,9.8265445599,,0.2014020957,0.0909944265,-0.034542314,,-0.014590976,-0.000978966,-0.014786769,0.1685653846,,,,,,,0.0927367155,0.2131739474,0.0117475374,-0.054565848,,,-0.348811357,0.134580277,0.6371847512,0.5127177417,0.0090799621,1.4053417125,-0.103751307,0.164105145,-0.39771719,2.7552655913,,0.5704090689,0.0710651118,0.5894150216,4.0,-3.927748787,3.9535169361,111.89804487,-0.808684416,0.3814607474,0.0118509684,1.9673031333,0.7140157883,0.0449698632,-0.351249111,5.6165626544,0.0994545111,-0.209377918,-0.326098295,0.0170314874,0.0170314874,,0.5591771566,0.4041445417,0.4966339176,14.25386117,0.8710486221,-0.159403721,-0.367208831,0.6694801751,0.6776213094,0.00633306,179745.15396392,0.71111962,0.00144644,0.70391977,0.0062901,0.00662681,0.00262806,0.00724509,0.75529791,0.11522519,0.52383902,0.00703533,0.18760076,,,0.00825683,0.02121347,0.00959453,0.14148473,0.08351719,0.01147928,0.70743357,0.94069282,0.44928782,0.558117371,0.5973995709,266,1.5412526821,0.7163848932,1.1929309919,1.1938126864
20060428,20060430,226660.0,01W,JPN,0.007499,2006,4,20060331,20060331,120.38157472,13.316519361,120.38157472,0.0159229079,0.0,0.0151264049,-0.018965193,-0.001402177,-0.013266953,0.0049998447,0.0381250519,0.0564636605,1.0025645322,0.0330030471,-0.000834217,0.0857897826,0.0120574256,-0.043691646,0.0539487754,-0.016561071,-0.014886229,-0.672867507,0.3765208042,-0.448900516,-0.000664921,-0.007329837,0.0,-0.02366865,-0.049555725,0.0258870746,-0.041048688,9.59923e-05,-0.041144681,-0.023205245,0.015875408,-0.020218621,0.0269771557,0.0386974726,0.776973404,0.0110719678,0.4350622407,0.1320539419,0.3802624385,0.0130135651,-7.7426e-05,-0.023205245,-0.015257606,3.1052631579,0.0006178021,3.1636007205,0.1327641423,2.6190236537,2.5080182503,9.8265445599,,0.2014020957,0.0909944265,-0.034542314,,-0.014590976,-0.000978966,-0.014786769,0.1685653846,,,,,,,0.0927367155,0.2131739474,0.0117475374,-0.054565848,,,-0.348811357,0.134580277,0.6371847512,0.5127177417,0.0090799621,1.4053417125,-0.103751307,0.164105145,-0.39771719,2.7552655913,,0.5704090689,0.0710651118,0.5894150216,4.0,-3.927748787,3.9535169361,111.89804487,-0.808684416,0.3814607474,0.0118509684,2.0053346924,0.7278190163,0.0458392127,-0.358039397,5.7251410585,0.1013771483,-0.213425575,-0.33240237,0.0173607371,0.0173607371,,0.5760160633,0.4137195808,0.5107137812,14.155665705,0.8419308306,-0.001708605,-0.262110876,0.6750199527,0.7100161453,0.00788489,166307.35840516,0.79443419,0.00134294,0.78356497,0.00651375,0.00674685,0.00335335,0.00861227,0.05618938,0.25867029,0.86445897,0.00852904,0.0724224,,,0.02033752,0.02658179,0.01400489,0.51553874,0.10659597,0.01104246,0.69191495,0.9228524,0.45420062,0.5415980217,1.5019381942,267,1.5443913868,0.703342783,1.196638269,1.1938319829
20060531,20060531,226660.0,01W,JPN,-0.18862,2006,5,20060428,20060430,121.28429881,13.416378021,121.28429881,0.0158043931,0.0,0.0151264049,0.0074988559,-0.060355924,0.0124530753,-0.017466505,-0.014100866,0.0184703623,0.8623288013,-0.013778313,0.0011000712,0.1476513632,0.0046657718,-0.043691646,0.0539487754,-0.016561071,-0.014886229,-0.672867507,0.3765208042,-0.448900516,-0.000664921,-0.007329837,0.0,-0.02366865,-0.049555725,0.0258870746,-0.041048688,9.59923e-05,-0.041144681,-0.023205245,0.015875408,-0.020218621,0.0269771557,0.0386974726,0.776973404,0.0110719678,0.4350622407,0.1320539419,0.3802624385,0.0130135651,-7.7426e-05,-0.023205245,-0.015257606,3.1052631579,0.0006178021,3.1636007205,0.1327641423,2.6190236537,2.5080182503,9.8265445599,,0.2014020957,0.0909944265,-0.034542314,,-0.014590976,-0.000978966,-0.014786769,0.1685653846,,,,,,,0.0927367155,0.2131739474,0.0117475374,-0.054565848,,,-0.348811357,0.134580277,0.6371847512,0.5127177417,0.0090799621,1.4053417125,-0.103751307,0.164105145,-0.39771719,2.7552655913,,0.5704090689,0.0710651118,0.5894150216,4.0,-3.927748787,3.9535169361,111.89804487,-0.808684416,0.3814607474,0.0118509684,1.9904089028,0.7224018291,0.0454980295,-0.355374495,5.6825285954,0.100622594,-0.21183704,-0.329928285,0.0172315204,0.0172315204,,0.5693652072,0.4099520307,0.5038641034,14.194203301,0.8241830333,-0.197172559,-0.161902901,0.6618470498,0.6808301882,0.00773539,151549.59307399,0.87246162,0.00122144,0.85895002,0.00683089,0.00689867,0.00319615,0.00903452,0.8326194,-0.29520658,0.97568376,0.00834263,0.75285781,,,0.01365563,0.01740824,0.0095271,0.36721312,0.11285726,0.01079619,0.55396448,0.92977274,0.45901002,0.5345313302,1.0607114187,268,1.5564885092,0.6942529172,1.2060674976,1.192884455
20060630,20060630,226660.0,01W,JPN,-0.015151,2006,6,20060531,20060531,109.29348499,10.885785762,109.29348499,0.0175383256,0.1106192488,-0.089791337,-0.18861963,-0.011608554,-0.033051086,-0.028765532,0.0071693447,-0.012622939,0.547522816,0.013928956,-0.017313437,0.0333815794,0.010494323,-0.043691646,0.0539487754,-0.016561071,-0.014886229,-0.672867507,0.3765208042,-0.448900516,-0.000664921,-0.007329837,0.0,-0.02366865,-0.049555725,0.0258870746,-0.041048688,9.59923e-05,-0.041144681,-0.023205245,0.015875408,-0.020218621,0.0269771557,0.0386974726,0.776973404,0.0110719678,0.4350622407,0.1320539419,0.3802624385,0.0130135651,-7.7426e-05,-0.023205245,-0.015257606,3.1052631579,0.0006178021,3.1636007205,0.1327641423,2.6190236537,2.5080182503,9.8265445599,,0.2014020957,0.0909944265,-0.034542314,,-0.014590976,-0.000978966,-0.014786769,0.1685653846,,,,,,,0.0927367155,0.2131739474,0.0117475374,-0.054565848,,,-0.348811357,0.134580277,0.6371847512,0.5127177417,0.0090799621,1.4053417125,-0.103751307,0.164105145,-0.39771719,2.7552655913,,0.5704090689,0.0710651118,0.5894150216,4.0,-3.927748787,3.9535169361,111.89804487,-0.808684416,0.3814607474,0.0118509684,2.2087807716,0.8016580248,0.0504897122,-0.394363364,6.3059705359,0.1116621064,-0.235078119,-0.366125398,0.0191220261,0.0191220261,,0.6725066426,0.4663640525,0.5067954617,13.630378738,0.8973830648,-0.083764113,-0.308440352,0.4682631794,0.6715080483,0.00325414,211137.02177039,1.50905568,0.00179109,1.65352397,0.00595501,0.00637025,0.00455869,0.01424506,-1.02294132,0.44644647,0.42226249,0.01357472,-1.19697154,,,0.00680983,0.01107825,0.01470618,-0.86909835,0.09682425,0.01132463,0.44194021,0.75439935,0.45464607,0.534625678,0.5121935549,269,1.5594433815,0.6911694493,1.2079006895,1.1983136323
20060731,20060731,226660.0,01W,JPN,-0.052175,2006,7,20060630,20060630,107.63753978,10.720851275,107.63753978,0.0178081433,0.1106192488,-0.089791337,-0.015151363,-0.182535206,-0.199163075,-0.208678168,-0.194028901,0.0272861733,0.5768500827,0.0034668881,-0.019006005,-0.070804369,0.0203943569,-0.116568454,-0.194973321,0.3551015814,-0.153426166,-0.573274559,-0.024005083,0.5835248005,-0.007610825,0.0034755095,0.0,-0.022455379,-0.051357133,0.0289017541,-0.080096438,-0.040981209,-0.039115229,-0.029262084,0.0327375939,0.000119031,-0.009579442,0.0297932491,0.7184446896,0.2068625906,0.3046755725,0.0882633588,0.2407430651,-0.02414907,-3.9395e-05,-0.024109675,-0.079892846,-2.192432432,-0.047155252,-1.294042073,0.2260434876,2.4091553735,2.3791604621,8.0804568846,,0.119405925,-0.087529522,-0.125116713,,-0.009022905,-0.041228475,-0.023653614,0.3326596483,,,,,,,0.0025381383,0.4462654483,0.0205321913,-0.066697872,,,0.6241863007,0.1121690778,0.6346967026,0.2977665767,0.1827489382,1.6237837838,0.1163331232,0.1269697447,0.2200844298,2.4221374046,,0.5893997006,0.044503063,0.5196651033,6.0,-3.799756083,3.7045078371,64.199647328,-0.740077725,-0.202172326,0.0080363684,2.0324601846,0.83911845,0.044197842,-0.198489946,5.154573326,0.0740634128,0.2364424411,0.0561280566,0.0173748763,0.0173748763,,0.7958804383,0.3219684514,0.460950851,14.022742419,0.9160654263,-0.318334963,-0.310630086,0.5958250321,0.6288100138,0.00514201,196982.8942136,1.57085015,0.00172612,1.68053461,0.0059706,0.00628834,0.0052295,0.01704563,-0.37257197,-0.24619011,0.59652516,0.01545474,-0.81863149,,,0.02314404,0.02679137,0.01951198,-0.21067246,0.10551306,0.01208043,0.54580572,0.74296917,0.46340395,0.5142672765,1.6396780725,270,1.467602231,1.4939521978,0.0931699746,1.1744513751
20060831,20060831,226660.0,01W,JPN,-0.00333,2006,8,20060731,20060731,102.02150171,10.161485936,102.02150171,0.0187884387,0.1106192488,-0.089791337,-0.052175459,-0.200913148,-0.243512204,-0.184895201,-0.208982829,0.0029339513,0.7184766102,0.0192197715,-0.02549648,-0.019469783,0.0176071154,-0.116568454,-0.194973321,0.3551015814,-0.153426166,-0.573274559,-0.024005083,0.5835248005,-0.007610825,0.0034755095,0.0,-0.022455379,-0.051357133,0.0289017541,-0.080096438,-0.040981209,-0.039115229,-0.029262084,0.0327375939,0.000119031,-0.009579442,0.0297932491,0.7184446896,0.2068625906,0.3046755725,0.0882633588,0.2407430651,-0.02414907,-3.9395e-05,-0.024109675,-0.079892846,-2.192432432,-0.047155252,-1.294042073,0.2260434876,2.4091553735,2.3791604621,8.0804568846,,0.119405925,-0.087529522,-0.125116713,,-0.009022905,-0.041228475,-0.023653614,0.3326596483,,,,,,,0.0025381383,0.4462654483,0.0205321913,-0.066697872,,,0.6241863007,0.1121690778,0.6346967026,0.2977665767,0.1827489382,1.6237837838,0.1163331232,0.1269697447,0.2200844298,2.4221374046,,0.5893997006,0.044503063,0.5196651033,6.0,-3.799756083,3.7045078371,64.199647328,-0.740077725,-0.202172326,0.0080363684,2.1443422251,0.8853099007,0.0466308268,-0.20941634,5.438320179,0.0781404254,0.2494580283,0.059217771,0.0183313214,0.0183313214,,0.8512968407,0.3443868103,0.4602423776,13.730407173,0.9218520418,-0.24125867,-0.281221484,0.5440752951,0.6315557703,0.0061109,184097.24931877,1.67889723,0.00165404,1.75062398,0.00589256,0.00626693,0.00420119,0.00976096,-0.13317821,-0.33819655,0.73375812,0.01025056,-0.18075098,,,0.01584332,0.02820187,0.01433159,0.54001369,0.11651495,0.01195401,0.57964912,0.70420441,0.46832902,0.4878362078,1.1241018093,271,1.4681744106,1.4472748889,0.1688809155,1.1294220993
20060929,20060930,226660.0,01W,JPN,-0.043624,2006,9,20060831,20060831,100.65122547,10.025004484,100.65122547,0.0194274994,0.1106192488,-0.087282071,-0.003329865,-0.066536293,-0.251398122,-0.26763857,-0.264392717,0.0259262567,0.7293246079,-0.004146544,-0.025422237,-0.01848113,0.0176625455,-0.116568454,-0.194973321,0.3551015814,-0.153426166,-0.573274559,-0.024005083,0.5835248005,-0.007610825,0.0034755095,0.0,-0.022455379,-0.051357133,0.0289017541,-0.080096438,-0.040981209,-0.039115229,-0.029262084,0.0327375939,0.000119031,-0.009579442,0.0297932491,0.7184446896,0.2068625906,0.3046755725,0.0882633588,0.2407430651,-0.02414907,-3.9395e-05,-0.024109675,-0.079892846,-2.192432432,-0.047155252,-1.294042073,0.2260434876,2.4091553735,2.3791604621,8.0804568846,,0.119405925,-0.087529522,-0.125116713,,-0.009022905,-0.041228475,-0.023653614,0.3326596483,,,,,,,0.0025381383,0.4462654483,0.0205321913,-0.066697872,,,0.6241863007,0.1121690778,0.6346967026,0.2977665767,0.1827489382,1.6237837838,0.1163331232,0.1269697447,0.2200844298,2.4221374046,,0.5893997006,0.044503063,0.5196651033,6.0,-3.799756083,3.7045078371,64.199647328,-0.740077725,-0.202172326,0.0080363684,2.1735355228,0.8973626016,0.0472656637,-0.212267356,5.5123580345,0.0792042373,0.2528541758,0.0600239679,0.0185808859,0.0185808859,,0.866009502,0.3503387253,0.4579150482,13.654128355,0.9308662343,-0.340524619,-0.335333233,0.5435648833,0.6416599691,0.00608647,172466.18297123,1.78029947,0.00158902,1.81200373,0.00582298,0.00624119,0.00318006,0.00489331,-0.4610207,-0.04564405,0.51720868,0.00487298,-0.59485493,,,0.00961248,0.01196162,0.00737236,-0.28391564,0.12165234,0.01185009,0.59334563,0.69474607,0.47172709,0.4888885458,0.6900047681,272,1.4662900365,1.4464652801,0.1630727402,1.1275142913
20061031,20061031,226660.0,01W,JPN,-0.065209,2006,10,20060929,20060930,96.260445483,9.5876765841,96.260445483,0.0203136565,0.1106192488,-0.087282071,-0.043623711,-0.055331587,-0.239467215,-0.254937043,-0.263789461,-0.013266953,0.7976617895,-0.043887082,-0.025398294,0.0014701267,0.0167091779,-0.116568454,-0.194973321,0.3551015814,-0.153426166,-0.573274559,-0.024005083,0.5835248005,-0.007610825,0.0034755095,0.0,-0.022455379,-0.051357133,0.0289017541,-0.080096438,-0.040981209,-0.039115229,-0.029262084,0.0327375939,0.000119031,-0.009579442,0.0297932491,0.7184446896,0.2068625906,0.3046755725,0.0882633588,0.2407430651,-0.02414907,-3.9395e-05,-0.024109675,-0.079892846,-2.192432432,-0.047155252,-1.294042073,0.2260434876,2.4091553735,2.3791604621,8.0804568846,,0.119405925,-0.087529522,-0.125116713,,-0.009022905,-0.041228475,-0.023653614,0.3326596483,,,,,,,0.0025381383,0.4462654483,0.0205321913,-0.066697872,,,0.6241863007,0.1121690778,0.6346967026,0.2977665767,0.1827489382,1.6237837838,0.1163331232,0.1269697447,0.2200844298,2.4221374046,,0.5893997006,0.044503063,0.5196651033,6.0,-3.799756083,3.7045078371,64.199647328,-0.740077725,-0.202172326,0.0080363684,2.2726781792,0.9382944894,0.0494216181,-0.221949622,5.7637962159,0.0828170232,0.2643877507,0.0627618738,0.019428426,0.019428426,,0.9167796872,0.3708774861,0.4587666607,13.395079693,0.9499052998,-0.297709423,-0.231992026,0.5460435835,0.6373853797,0.00704231,174725.61263516,1.76780134,0.00163172,1.77185258,0.00565762,0.00625307,0.00574999,0.01242835,-0.3842928,0.19795698,0.05194966,0.0118435,0.20299452,,,0.01495996,0.02842409,0.0144019,0.06570563,0.12045819,0.01193841,0.57371026,0.66471284,0.46919249,0.4925650912,1.0611679422,273,1.4634549768,1.4509382541,0.163819587,1.1175290094
20061130,20061130,226660.0,01W,JPN,0.016621,2006,11,20061031,20061031,89.983408583,8.9624748266,89.983408583,0.0217306907,0.1106192488,-0.087282071,-0.065208891,-0.046808315,-0.278058215,-0.316544692,-0.263586665,0.0124530753,0.5246749341,0.0549112785,-0.03631831,-0.01105086,0.0139568099,-0.116568454,-0.194973321,0.3551015814,-0.153426166,-0.573274559,-0.024005083,0.5835248005,-0.007610825,0.0034755095,0.0,-0.022455379,-0.051357133,0.0289017541,-0.080096438,-0.040981209,-0.039115229,-0.029262084,0.0327375939,0.000119031,-0.009579442,0.0297932491,0.7184446896,0.2068625906,0.3046755725,0.0882633588,0.2407430651,-0.02414907,-3.9395e-05,-0.024109675,-0.079892846,-2.192432432,-0.047155252,-1.294042073,0.2260434876,2.4091553735,2.3791604621,8.0804568846,,0.119405925,-0.087529522,-0.125116713,,-0.009022905,-0.041228475,-0.023653614,0.3326596483,,,,,,,0.0025381383,0.4462654483,0.0205321913,-0.066697872,,,0.6241863007,0.1121690778,0.6346967026,0.2977665767,0.1827489382,1.6237837838,0.1163331232,0.1269697447,0.2200844298,2.4221374046,,0.5893997006,0.044503063,0.5196651033,6.0,-3.799756083,3.7045078371,64.199647328,-0.740077725,-0.202172326,0.0080363684,2.4312150142,1.0037477682,0.0528691573,-0.23743232,6.1658654651,0.0885941494,0.2828308358,0.0671399986,0.0207837086,0.0207837086,,1.0006443161,0.404804397,0.4679392615,12.980840692,0.9528099322,-0.216065352,-0.234267429,0.5537133245,0.6506551766,0.00660558,174844.86096816,1.76061818,0.00166979,1.7223104,0.00544675,0.00630692,0.00478449,0.0126551,-0.75025554,0.36246444,1.03530526,0.01200186,-0.35167571,,,0.01439485,0.0200039,0.01479613,-0.54254999,0.12143929,0.01181482,0.50543954,0.62136765,0.47100811,0.4925248148,1.0299191988,274,1.472946743,1.461746335,0.1606102227,1.1416602733
20061229,20061231,226660.0,01W,JPN,-0.058835,2006,12,20061130,20061130,91.479063189,9.1114441417,91.479063189,0.0213754006,0.1106192488,-0.087282071,0.0166214486,-0.105987948,-0.168251061,-0.332969442,-0.347440252,-0.033051086,0.6450940367,-0.020320688,-0.032959933,0.020106206,0.0128793122,-0.116568454,-0.194973321,0.3551015814,-0.153426166,-0.573274559,-0.024005083,0.5835248005,-0.007610825,0.0034755095,0.0,-0.022455379,-0.051357133,0.0289017541,-0.080096438,-0.040981209,-0.039115229,-0.029262084,0.0327375939,0.000119031,-0.009579442,0.0297932491,0.7184446896,0.2068625906,0.3046755725,0.0882633588,0.2407430651,-0.02414907,-3.9395e-05,-0.024109675,-0.079892846,-2.192432432,-0.047155252,-1.294042073,0.2260434876,2.4091553735,2.3791604621,8.0804568846,,0.119405925,-0.087529522,-0.125116713,,-0.009022905,-0.041228475,-0.023653614,0.3326596483,,,,,,,0.0025381383,0.4462654483,0.0205321913,-0.066697872,,,0.6241863007,0.1121690778,0.6346967026,0.2977665767,0.1827489382,1.6237837838,0.1163331232,0.1269697447,0.2200844298,2.4221374046,,0.5893997006,0.044503063,0.5196651033,6.0,-3.799756083,3.7045078371,64.199647328,-0.740077725,-0.202172326,0.0080363684,2.3914653949,0.9873368003,0.0520047628,-0.233550375,6.0650554573,0.0871456622,0.2782066385,0.0660422802,0.0204439013,0.0204439013,,0.9792988461,0.3961692207,0.4570082901,13.084701997,0.9507940537,-0.388626405,0.0407699428,0.553943952,0.631666494,0.00678982,106904.55690815,0.67548016,0.00108471,0.65565774,0.00651956,0.00635799,0.00266408,0.01158005,0.22103462,0.43286326,1.04079778,0.01203476,0.16650157,0.01214425,0.28083316,0.02369397,0.03366824,0.01698404,0.31730731,0.14150522,0.01159926,0.44305781,0.63169568,0.47999743,0.4921113697,1.6939528025,275,1.4620718334,1.460098136,0.1529995396,1.1374093887
20070131,20070131,226660.0,01W,JPN,-0.019634,2007,1,20061229,20061231,86.096890091,8.575372085,86.096890091,0.0227116406,0.1106192488,-0.087282071,-0.058835026,-0.049671309,-0.141417494,-0.308773178,-0.322833269,-0.199163075,0.6926023069,0.04258543,-0.042179975,0.0105546752,0.0143725836,-0.057611187,-0.194973321,0.3551015814,-0.032154892,-0.633965237,-0.024005083,0.5835248005,-0.001501374,0.0056424964,0.0,-0.000720003,-0.07866832,0.0779483176,-0.054574492,-0.035439549,-0.019134943,-0.005670226,0.0113127226,0.000119031,0.0583077134,0.0297932491,0.7184446896,0.2068625906,0.3046755725,0.0882633588,0.2407430651,-0.02414907,-3.9395e-05,-0.005670226,0.0588133745,-2.192432432,0.0701260972,-1.294042073,0.194254913,2.4091553735,2.3791604621,8.0804568846,,0.2022332971,-0.087529522,-0.125116713,,0.0554250662,-0.015991463,-0.023653614,0.3326596483,,,,,,,0.0025381383,0.4462654483,0.0205321913,-0.066697872,,,0.6241863007,0.1121690778,0.6346967026,0.2977665767,0.1827489382,1.6237837838,0.1163331232,0.1269697447,0.2200844298,2.255112388,,0.5827293064,0.044503063,0.5880086681,6.0,-3.799756083,3.7045078371,64.199647328,-0.740077725,-0.202172326,0.0080363684,2.6423451452,1.1717132855,0.0491101732,-0.485259998,6.4442001428,0.0925933972,0.2955981643,0.0701707799,0.0217219105,0.0217219105,,1.3353234578,0.4291089404,0.5113616054,12.694081437,0.9723848552,-0.085786844,0.1419038537,0.3596007212,0.6744758701,0.00659031,93490.08325144,0.67718492,0.00099179,0.66673311,0.00685571,0.00649511,0.00349393,0.01234906,2.04608684,-0.10742544,1.40474406,0.01121742,1.23817252,0.01211767,1.28446765,0.0169242,0.0407347,0.01440685,1.61689268,0.14187336,0.01150143,0.4596875,0.59452985,0.49480776,0.5124281209,1.215640556,276,1.2652157026,0.855439617,0.1486474323,1.1290932272
20070228,20070228,226660.0,01W,JPN,0.002469,2007,2,20070131,20070131,84.406427086,8.4069995777,84.406427086,0.0231665015,0.1106192488,-0.087282071,-0.019634426,-0.043191501,-0.147450032,-0.35428366,-0.388706584,-0.243512204,0.7535093418,-0.04219089,-0.040129387,0.0096416712,0.015278619,-0.057611187,-0.194973321,0.3551015814,-0.032154892,-0.633965237,-0.024005083,0.5835248005,-0.001501374,0.0056424964,0.0,-0.000720003,-0.07866832,0.0779483176,-0.054574492,-0.035439549,-0.019134943,-0.005670226,0.0113127226,0.000119031,0.0583077134,0.0297932491,0.7184446896,0.2068625906,0.3046755725,0.0882633588,0.2407430651,-0.02414907,-3.9395e-05,-0.005670226,0.0588133745,-2.192432432,0.0701260972,-1.294042073,0.194254913,2.4091553735,2.3791604621,8.0804568846,,0.2022332971,-0.087529522,-0.125116713,,0.0554250662,-0.015991463,-0.023653614,0.3326596483,,,,,,,0.0025381383,0.4462654483,0.0205321913,-0.066697872,,,0.6241863007,0.1121690778,0.6346967026,0.2977665767,0.1827489382,1.6237837838,0.1163331232,0.1269697447,0.2200844298,2.255112388,,0.5827293064,0.044503063,0.5880086681,6.0,-3.799756083,3.7045078371,64.199647328,-0.740077725,-0.202172326,0.0080363684,2.6952651286,1.1951799577,0.0500937349,-0.494978619,6.5732623755,0.094447826,0.301518303,0.0715761363,0.0221569495,0.0221569495,,1.3882784449,0.4406155396,0.501830666,12.561112774,1.0303488882,-0.196009969,-0.246919008,0.4411784609,0.6622189691,0.00615781,96281.57740142,0.72238931,0.00105642,0.72215972,0.0068415,0.00648843,0.00365999,0.0055766,0.26272022,-0.30441179,0.11667762,0.00550717,0.30707886,0.0054421,0.1501222,0.00727107,0.01328115,0.00688608,-0.15896907,0.13295127,0.01135616,0.46639759,0.59262382,0.49946562,0.5353382268,0.5357428197,277,1.2632173362,0.9373639087,0.1456769316,1.1094736
20070330,20070331,226660.0,01W,JPN,-0.026916,2007,3,20070228,20070228,83.621321113,8.3288019118,83.621321113,0.0242068839,0.1106192488,-0.082919742,0.0024691763,-0.07731426,-0.161396926,-0.219801102,-0.374310587,-0.251398122,0.720269814,-0.018965193,-0.038180808,0.0296322021,0.0130406832,-0.057611187,-0.194973321,0.3551015814,-0.032154892,-0.633965237,-0.024005083,0.5835248005,-0.001501374,0.0056424964,0.0,-0.000720003,-0.07866832,0.0779483176,-0.054574492,-0.035439549,-0.019134943,-0.005670226,0.0113127226,0.000119031,0.0583077134,0.0297932491,0.7184446896,0.2068625906,0.3046755725,0.0882633588,0.2407430651,-0.02414907,-3.9395e-05,-0.005670226,0.0588133745,-2.192432432,0.0701260972,-1.294042073,0.194254913,2.4091553735,2.3791604621,8.0804568846,,0.2022332971,-0.087529522,-0.125116713,,0.0554250662,-0.015991463,-0.023653614,0.3326596483,,,,,,,0.0025381383,0.4462654483,0.0205321913,-0.066697872,,,0.6241863007,0.1121690778,0.6346967026,0.2977665767,0.1827489382,1.6237837838,0.1163331232,0.1269697447,0.2200844298,2.255112388,,0.5827293064,0.044503063,0.5880086681,6.0,-3.799756083,3.7045078371,64.199647328,-0.740077725,-0.202172326,0.0080363684,2.7205705019,1.2064012935,0.0505640562,-0.499625886,6.6349775875,0.0953345802,0.3043492057,0.0722481521,0.0223649772,0.0223649772,,1.4143275618,0.4461720794,0.5133793956,12.497529579,1.0379097774,-0.291119977,-0.335060224,0.442737494,0.6392815402,0.00530768,108307.14543994,0.75361122,0.00123722,0.7771027,0.00664836,0.00637354,0.00224055,0.00641637,0.4693642,0.61889459,0.87115128,0.00476526,-0.68948274,,,0.01413003,0.02303274,0.01069435,0.47974634,0.13238359,0.01130585,0.49877543,0.6095955,0.50129874,0.5610820686,1.0345807211,278,1.2528855009,0.9403093186,0.1500174547,1.0876270716
20070427,20070430,226660.0,01W,JPN,0.006915,2007,4,20070330,20070331,81.370552378,8.1046221608,81.370552378,0.0248764639,0.1106192488,-0.082919742,-0.026916206,-0.01721373,-0.12098016,-0.205842079,-0.360640065,-0.239467215,0.7196029924,0.0074988559,-0.04130945,0.0663431713,0.0096946764,-0.057611187,-0.194973321,0.3551015814,-0.032154892,-0.633965237,-0.024005083,0.5835248005,-0.001501374,0.0056424964,0.0,-0.000720003,-0.07866832,0.0779483176,-0.054574492,-0.035439549,-0.019134943,-0.005670226,0.0113127226,0.000119031,0.0583077134,0.0297932491,0.7184446896,0.2068625906,0.3046755725,0.0882633588,0.2407430651,-0.02414907,-3.9395e-05,-0.005670226,0.0588133745,-2.192432432,0.0701260972,-1.294042073,0.194254913,2.4091553735,2.3791604621,8.0804568846,,0.2022332971,-0.087529522,-0.125116713,,0.0554250662,-0.015991463,-0.023653614,0.3326596483,,,,,,,0.0025381383,0.4462654483,0.0205321913,-0.066697872,,,0.6241863007,0.1121690778,0.6346967026,0.2977665767,0.1827489382,1.6237837838,0.1163331232,0.1269697447,0.2200844298,2.255112388,,0.5827293064,0.044503063,0.5880086681,6.0,-3.799756083,3.7045078371,64.199647328,-0.740077725,-0.202172326,0.0080363684,2.7958234632,1.2397712318,0.0519626949,-0.513445902,6.8185058993,0.0979716041,0.3127677264,0.0742465886,0.0229836087,0.0229836087,,1.4947324551,0.4629076916,0.5177370211,12.308446269,1.0701363721,-0.314227456,-0.409462403,0.4436079734,0.6461689189,0.00635126,113210.36556708,0.71739311,0.00132042,0.7240873,0.00655444,0.00627361,0.00345837,0.01126459,-0.97771998,-0.03181311,-0.09593414,0.01028505,-1.39925583,,,0.01155375,0.01885733,0.01126573,-0.98662493,0.11022892,0.01158947,0.50998039,0.5970864,0.49581888,0.5491612642,0.8593272019,279,1.2554370491,0.9411878829,0.1452798332,1.0874957554
20070531,20070531,226660.0,01W,JPN,-0.030431,2007,5,20070427,20070430,81.933246102,8.160667252,81.933246102,0.0247056196,0.1106192488,-0.082919742,0.006915201,-0.024513491,-0.084972083,-0.184677998,-0.382479903,-0.278058215,0.4490778544,-0.18861963,-0.023533557,0.0974956423,0.0025879124,-0.057611187,-0.194973321,0.3551015814,-0.032154892,-0.633965237,-0.024005083,0.5835248005,-0.001501374,0.0056424964,0.0,-0.000720003,-0.07866832,0.0779483176,-0.054574492,-0.035439549,-0.019134943,-0.005670226,0.0113127226,0.000119031,0.0583077134,0.0297932491,0.7184446896,0.2068625906,0.3046755725,0.0882633588,0.2407430651,-0.02414907,-3.9395e-05,-0.005670226,0.0588133745,-2.192432432,0.0701260972,-1.294042073,0.194254913,2.4091553735,2.3791604621,8.0804568846,,0.2022332971,-0.087529522,-0.125116713,,0.0554250662,-0.015991463,-0.023653614,0.3326596483,,,,,,,0.0025381383,0.4462654483,0.0205321913,-0.066697872,,,0.6241863007,0.1121690778,0.6346967026,0.2977665767,0.1827489382,1.6237837838,0.1163331232,0.1269697447,0.2200844298,2.255112388,,0.5827293064,0.044503063,0.5880086681,6.0,-3.799756083,3.7045078371,64.199647328,-0.740077725,-0.202172326,0.0080363684,2.7766225601,1.2312568433,0.0516058302,-0.509919705,6.7716783823,0.0972987636,0.3106197285,0.0737366846,0.022825764,0.022825764,,1.4737861158,0.4586071688,0.5160379355,12.356691152,1.0087856154,-0.351985317,-0.190127294,0.4451092974,0.6433986194,0.00749227,108384.59185454,0.74716283,0.00128245,0.74397938,0.00669482,0.00626129,0.00355931,0.01099095,0.42347992,0.31431712,1.34110665,0.01044432,0.32732902,,,0.01831943,0.03995118,0.0143163,0.9139388,0.12344746,0.01178352,0.52974725,0.60121538,0.51767592,0.5842194753,1.3303557371,280,1.2223828318,0.9400367587,0.131262586,1.0382457082
20070629,20070630,226660.0,01W,JPN,0.001853,2007,6,20070531,20070531,79.439918678,7.9123283124,79.439918678,0.0254810383,0.0,0.0219979999,-0.030431205,-0.020187136,-0.093708361,-0.176297062,-0.233663525,-0.168251061,0.0531797349,-0.015151363,-0.024922633,0.0380960043,0.0010559719,-0.057611187,-0.194973321,0.3551015814,-0.032154892,-0.633965237,-0.024005083,0.5835248005,-0.001501374,0.0056424964,0.0,-0.000720003,-0.07866832,0.0779483176,-0.054574492,-0.035439549,-0.019134943,-0.005670226,0.0113127226,0.000119031,0.0583077134,0.0297932491,0.7184446896,0.2068625906,0.3046755725,0.0882633588,0.2407430651,-0.02414907,-3.9395e-05,-0.005670226,0.0588133745,-2.192432432,0.0701260972,-1.294042073,0.194254913,2.4091553735,2.3791604621,8.0804568846,,0.2022332971,-0.087529522,-0.125116713,,0.0554250662,-0.015991463,-0.023653614,0.3326596483,,,,,,,0.0025381383,0.4462654483,0.0205321913,-0.066697872,,,0.6241863007,0.1121690778,0.6346967026,0.2977665767,0.1827489382,1.6237837838,0.1163331232,0.1269697447,0.2200844298,2.255112388,,0.5827293064,0.044503063,0.5880086681,6.0,-3.799756083,3.7045078371,64.199647328,-0.740077725,-0.202172326,0.0080363684,2.8637705493,1.2699014757,0.0532255477,-0.525924213,6.9842165079,0.1003526146,0.3203689415,0.0760510085,0.0235421809,0.0235421809,,1.5713585655,0.4782965159,0.5395579604,12.137719965,0.9818752177,0.0100861161,-0.11038924,0.6653889889,0.6969352382,0.00772874,102415.83964442,0.80114372,0.00121958,0.7919055,0.0068477,0.00689777,0.00332099,0.00844393,0.23385583,-0.2713622,0.37802147,0.00844342,0.76847223,,,0.01051295,0.01396266,0.00869745,0.31965844,0.12248804,0.01114074,0.60705866,0.71216679,0.52227609,0.5776103457,0.8016676666,281,1.2346886992,0.938380908,0.1326299046,1.044039801
20070731,20070731,226660.0,01W,JPN,-0.00177,2007,7,20070629,20070630,79.587101527,7.9269879324,79.587101527,0.0254339154,0.0,0.0219979999,0.0018527568,-0.023726442,-0.066356997,-0.164934688,-0.24555317,-0.141417494,0.0847478522,-0.052175459,-0.020010977,-0.050129439,0.0097278502,-0.040119396,-0.054301655,-0.273045018,0.1848739074,-0.689337041,-0.197615731,-0.03121643,0.0080882683,-0.00367201,0.0,0.0036731315,-0.070951579,0.074624711,-0.037593601,-0.018446046,-0.019147556,-0.004973548,0.001301538,-0.010821766,0.0527065521,0.0229981183,0.7122764718,0.1261402451,0.2158135664,0.0469413233,0.1517080416,0.0431183444,0.0481414507,-0.005023106,-0.020092425,-0.886524823,-0.018790887,-0.829097919,0.3091212844,2.3926059875,2.4475055483,6.596541481,,0.1201928873,-0.056181771,0.0019900498,,0.0532514451,0.0030173538,-0.011734314,-0.014902155,,,,,,,-0.242879387,-0.078173843,0.0121805377,-0.062237234,,,0.0337798816,0.1017932455,0.6837003701,0.2422595267,0.1210795747,1.5691489362,0.0427566807,0.10604782,-0.073576442,2.0711610487,,0.6170679124,0.0656091622,0.568049897,7.0,-3.633388358,3.5897552327,40.380936569,-0.85986828,-0.516209769,0.0112105861,2.6385196757,1.2739326463,0.046652548,-0.27047875,6.5927472338,0.0598000843,0.1128143434,-0.064465339,0.0241745022,-0.102847663,,1.3699735444,0.3835518973,0.5263834542,12.711691643,0.9880513541,-0.10248152,0.2189646721,0.6747682789,0.6753717809,0.0072485,96602.27600589,0.87646609,0.0011641,0.8598823,0.00695749,0.00710641,0.00311232,0.00731052,0.81964456,-0.17272003,0.34735431,0.00745624,0.56104489,,,0.00902074,0.0206498,0.00731944,0.73497934,0.12660018,0.010213,0.54034726,0.72866049,0.51911398,0.6040401479,0.7503978556,282,0.3525019495,0.520324782,-0.94662174,0.8850166862
20070831,20070831,226660.0,01W,JPN,-0.105309,2007,8,20070731,20070731,79.446218332,7.9129557668,79.446218332,0.0254790178,0.0,0.0219979999,-0.001770176,-0.02863483,-0.045893858,-0.10502734,-0.202547936,-0.147450032,0.1414375282,-0.003329865,-0.019869187,-0.0178714,0.0078651615,-0.040119396,-0.054301655,-0.273045018,0.1848739074,-0.689337041,-0.197615731,-0.03121643,0.0080882683,-0.00367201,0.0,0.0036731315,-0.070951579,0.074624711,-0.037593601,-0.018446046,-0.019147556,-0.004973548,0.001301538,-0.010821766,0.0527065521,0.0229981183,0.7122764718,0.1261402451,0.2158135664,0.0469413233,0.1517080416,0.0431183444,0.0481414507,-0.005023106,-0.020092425,-0.886524823,-0.018790887,-0.829097919,0.3091212844,2.3926059875,2.4475055483,6.596541481,,0.1201928873,-0.056181771,0.0019900498,,0.0532514451,0.0030173538,-0.011734314,-0.014902155,,,,,,,-0.242879387,-0.078173843,0.0121805377,-0.062237234,,,0.0337798816,0.1017932455,0.6837003701,0.2422595267,0.1210795747,1.5691489362,0.0427566807,0.10604782,-0.073576442,2.0711610487,,0.6170679124,0.0656091622,0.568049897,7.0,-3.633388358,3.5897552327,40.380936569,-0.85986828,-0.516209769,0.0112105861,2.643198603,1.2761917305,0.0467352777,-0.270958394,6.6044382533,0.0599061287,0.1130143988,-0.064579656,0.0242173712,-0.103030044,,1.3733058577,0.384484846,0.5392102481,12.699949384,0.9666390137,-0.162494853,0.4274010325,0.7083502309,0.6547377092,0.00683474,90297.02829984,0.89105633,0.0011025,0.870889,0.00706013,0.00716484,0.00255467,0.00414643,-0.51718694,0.23560585,0.28126437,0.00343764,-0.57026692,,,0.00587556,0.0093559,0.00463927,0.15728437,0.12840993,0.0099326,0.45690003,0.75757744,0.51965547,0.6389835541,0.5159813705,283,0.1635584721,0.4072987507,-1.047441807,0.8404690468
20070928,20070930,226660.0,01W,JPN,-0.061926,2007,9,20070831,20070831,70.083336847,6.9803995219,70.083336847,0.029155389,0.0,0.0259290411,-0.105309427,7.93009e-05,-0.049928687,-0.121218225,-0.201300003,-0.161396926,0.2666181567,-0.043623711,-0.02547698,-0.009016917,0.0092988791,-0.040119396,-0.054301655,-0.273045018,0.1848739074,-0.689337041,-0.197615731,-0.03121643,0.0080882683,-0.00367201,0.0,0.0036731315,-0.070951579,0.074624711,-0.037593601,-0.018446046,-0.019147556,-0.004973548,0.001301538,-0.010821766,0.0527065521,0.0229981183,0.7122764718,0.1261402451,0.2158135664,0.0469413233,0.1517080416,0.0431183444,0.0481414507,-0.005023106,-0.020092425,-0.886524823,-0.018790887,-0.829097919,0.3091212844,2.3926059875,2.4475055483,6.596541481,,0.1201928873,-0.056181771,0.0019900498,,0.0532514451,0.0030173538,-0.011734314,-0.014902155,,,,,,,-0.242879387,-0.078173843,0.0121805377,-0.062237234,,,0.0337798816,0.1017932455,0.6837003701,0.2422595267,0.1210795747,1.5691489362,0.0427566807,0.10604782,-0.073576442,2.0711610487,,0.6170679124,0.0656091622,0.568049897,7.0,-3.633388358,3.5897552327,40.380936569,-0.85986828,-0.516209769,0.0112105861,2.9963204201,1.4466863511,0.0529789425,-0.30715746,7.4867674263,0.0679093718,0.1281127156,-0.073207266,0.0274527248,-0.116794487,,1.6381116509,0.458622602,0.5424353389,11.81375317,0.9752708137,0.0906311085,1.0370241314,0.7190035805,0.6549736821,0.00581685,80619.32101241,0.92891389,0.00101868,0.95925086,0.00715691,0.0071052,0.00272222,0.00933561,0.00360106,0.03414777,-0.43680535,0.00919199,0.45155731,,,0.00744108,0.0161527,0.00940561,-0.10076428,0.13477837,0.01066997,0.23147731,0.68948216,0.51230895,0.587485794,0.6429968757,284,0.1721001608,0.405170177,-1.048002925,0.8494668297
20071031,20071031,226660.0,01W,JPN,0.025385,2007,10,20070928,20070930,65.743378304,6.5481335098,65.743378304,0.0310800419,0.0,0.0259290411,-0.061925684,-0.106893187,-0.126467985,-0.164612166,-0.25281569,-0.12098016,0.2539699521,-0.065208891,-0.025178506,-0.041326907,0.0120169119,-0.040119396,-0.054301655,-0.273045018,0.1848739074,-0.689337041,-0.197615731,-0.03121643,0.0080882683,-0.00367201,0.0,0.0036731315,-0.070951579,0.074624711,-0.037593601,-0.018446046,-0.019147556,-0.004973548,0.001301538,-0.010821766,0.0527065521,0.0229981183,0.7122764718,0.1261402451,0.2158135664,0.0469413233,0.1517080416,0.0431183444,0.0481414507,-0.005023106,-0.020092425,-0.886524823,-0.018790887,-0.829097919,0.3091212844,2.3926059875,2.4475055483,6.596541481,,0.1201928873,-0.056181771,0.0019900498,,0.0532514451,0.0030173538,-0.011734314,-0.014902155,,,,,,,-0.242879387,-0.078173843,0.0121805377,-0.062237234,,,0.0337798816,0.1017932455,0.6837003701,0.2422595267,0.1210795747,1.5691489362,0.0427566807,0.10604782,-0.073576442,2.0711610487,,0.6170679124,0.0656091622,0.568049897,7.0,-3.633388358,3.5897552327,40.380936569,-0.85986828,-0.516209769,0.0112105861,3.1941183846,1.5421873575,0.0564762744,-0.327434037,7.9809960633,0.0723923154,0.1365699,-0.078039943,0.0292649786,-0.124504514,,1.7988954099,0.5036372784,0.5530344524,11.317358446,0.9823588936,0.0383723844,0.3818972489,0.7086683584,0.6488094554,0.00541205,81192.36757874,0.9452327,0.00107923,0.96981678,0.00700694,0.00696593,0.00218398,0.01288465,-0.68884757,0.44250313,0.7634165,0.01339137,-0.33737682,,,0.0145726,0.03039049,0.01545526,0.25323507,0.14225647,0.01069944,0.22092377,0.67803721,0.50607204,0.5581055573,1.2506333002,285,0.180875547,0.3984929931,-1.043718897,0.8756337673
20071130,20071130,226660.0,01W,JPN,0.021652,2007,11,20071031,20071031,67.412265824,6.7143570683,67.412265824,0.0303106108,0.0,0.0259290411,0.0253848762,-0.160713753,-0.186189714,-0.200649337,-0.250191402,-0.084972083,0.2487627687,0.0166214486,-0.024381831,0.008253731,0.0074209911,-0.040119396,-0.054301655,-0.273045018,0.1848739074,-0.689337041,-0.197615731,-0.03121643,0.0080882683,-0.00367201,0.0,0.0036731315,-0.070951579,0.074624711,-0.037593601,-0.018446046,-0.019147556,-0.004973548,0.001301538,-0.010821766,0.0527065521,0.0229981183,0.7122764718,0.1261402451,0.2158135664,0.0469413233,0.1517080416,0.0431183444,0.0481414507,-0.005023106,-0.020092425,-0.886524823,-0.018790887,-0.829097919,0.3091212844,2.3926059875,2.4475055483,6.596541481,,0.1201928873,-0.056181771,0.0019900498,,0.0532514451,0.0030173538,-0.011734314,-0.014902155,,,,,,,-0.242879387,-0.078173843,0.0121805377,-0.062237234,,,0.0337798816,0.1017932455,0.6837003701,0.2422595267,0.1210795747,1.5691489362,0.0427566807,0.10604782,-0.073576442,2.0711610487,,0.6170679124,0.0656091622,0.568049897,7.0,-3.633388358,3.5897552327,40.380936569,-0.85986828,-0.516209769,0.0112105861,3.1150433937,1.5040082931,0.0550781231,-0.319327936,7.7834150362,0.0706001396,0.1331889158,-0.076107952,0.028540482,-0.121422226,,1.7334685421,0.485319699,0.5689269096,11.515805424,0.992172758,-0.01751973,-0.198049883,0.7012825975,0.6556776065,0.00586225,87154.20132892,0.87648671,0.00119941,0.87926853,0.00673045,0.00688778,0.00535137,0.01664013,0.01696574,-0.09033103,-1.37691847,0.01672918,-0.15036474,,,0.02360977,0.03024617,0.01781676,-0.5795626,0.12975038,0.01114185,0.29095337,0.73227744,0.50898714,0.5778592509,1.9619550968,286,0.1622640437,0.4009641759,-1.052359753,0.851508424
20071228,20071231,226660.0,01W,JPN,-0.047697,2007,12,20071130,20071130,68.871852234,6.8597339401,68.871852234,0.0296682445,0.0,0.0259290411,0.0216516444,-0.038112783,-0.13934033,-0.182376775,-0.243727941,-0.093708361,0.288191283,-0.058835026,-0.017064861,0.0269806604,0.0064257339,-0.040119396,-0.054301655,-0.273045018,0.1848739074,-0.689337041,-0.197615731,-0.03121643,0.0080882683,-0.00367201,0.0,0.0036731315,-0.070951579,0.074624711,-0.037593601,-0.018446046,-0.019147556,-0.004973548,0.001301538,-0.010821766,0.0527065521,0.0229981183,0.7122764718,0.1261402451,0.2158135664,0.0469413233,0.1517080416,0.0431183444,0.0481414507,-0.005023106,-0.020092425,-0.886524823,-0.018790887,-0.829097919,0.3091212844,2.3926059875,2.4475055483,6.596541481,,0.1201928873,-0.056181771,0.0019900498,,0.0532514451,0.0030173538,-0.011734314,-0.014902155,,,,,,,-0.242879387,-0.078173843,0.0121805377,-0.062237234,,,0.0337798816,0.1017932455,0.6837003701,0.2422595267,0.1210795747,1.5691489362,0.0427566807,0.10604782,-0.073576442,2.0711610487,,0.6170679124,0.0656091622,0.568049897,7.0,-3.633388358,3.5897552327,40.380936569,-0.85986828,-0.516209769,0.0112105861,3.0490269464,1.4721341676,0.0539108642,-0.312560488,7.6184627887,0.069103926,0.1303662717,-0.074495012,0.0279356296,-0.118848951,,1.680028164,0.4703579806,0.5650578236,11.681480618,0.9820642268,-0.112309962,-0.101370524,0.7011312951,0.6392539692,0.00654632,91150.25839426,0.87347698,0.00127474,0.86298453,0.00654689,0.00687447,0.00336616,0.01420752,-0.76627427,-0.24001573,-0.12255891,0.01361418,-1.63438883,,,0.01749911,0.02735544,0.01499014,-0.99445953,0.13291398,0.01122502,0.27922932,0.74813246,0.5006526,0.5607195413,1.4773603315,287,0.1866477661,0.4009641759,-1.051830913,0.8814673448
20080131,20080131,226660.0,01W,JPN,0.037184,2008,1,20071228,20071231,65.586842859,6.5325423578,65.586842859,0.0311542203,0.0,0.0259290411,-0.047697416,0.047586145,-0.122331738,-0.141568159,-0.179052966,-0.066356997,0.2127996358,-0.019634426,-0.019616042,0.0196080611,0.0057662898,-0.04050183,-0.054301655,-0.273045018,0.4716765068,-0.66448914,-0.197615731,-0.03121643,0.022215068,-0.009843645,0.0,0.0105089468,-0.029090266,0.0395992124,0.0164280606,-0.015727663,0.0321557239,-0.002278366,-0.007565279,-0.010821766,0.0052363017,0.0229981183,0.7122764718,0.1261402451,0.2158135664,0.0469413233,0.1517080416,0.0431183444,0.0481414507,-0.002278366,0.0717549364,-0.886524823,0.0641896572,-0.829097919,0.2749790558,2.3926059875,2.4475055483,6.596541481,,0.1514650284,-0.056181771,0.0019900498,,0.0688487301,0.0637439481,-0.011734314,-0.014902155,,,,,,,-0.242879387,-0.078173843,0.0121805377,-0.062237234,,,0.0337798816,0.1017932455,0.6837003701,0.2422595267,0.1210795747,1.5691489362,0.0427566807,0.10604782,-0.073576442,2.1395348837,,0.582576402,0.0656091622,0.5769572232,7.0,-3.633388358,3.5897552327,40.380936569,-0.85986828,-0.516209769,0.0112105861,3.328161822,1.5555538951,0.0568849335,-0.447215191,8.0000442249,0.0725650934,0.13689585,-0.0782262,0.029334825,-0.124801668,,2.0050093387,0.5054265814,0.617056771,11.298226801,0.9833157159,0.1723420941,0.0877081259,0.5683152119,0.6819629554,0.00715835,89599.25442276,0.86362032,0.00127956,0.84087801,0.00653527,0.00693127,0.00353493,0.01770246,0.10181476,-0.27247949,0.4326052,0.01313549,1.21943911,,,0.02069699,0.02986351,0.0180316,0.21751556,0.15467524,0.01161224,0.34488001,0.75179477,0.49757706,0.5564401363,1.6996302132,288,-0.115671809,-0.066086963,-1.057186535,0.892613402
20080229,20080229,226660.0,01W,JPN,-0.00713,2008,2,20080131,20080131,68.025619697,6.775447982,68.025619697,0.0300373147,0.0,0.0259290411,0.037183934,-0.027078499,-0.162712099,-0.188127402,-0.202552597,-0.045893858,0.2045964242,0.0024691763,-0.016460155,0.0050149083,0.0069412079,-0.04050183,-0.054301655,-0.273045018,0.4716765068,-0.66448914,-0.197615731,-0.03121643,0.022215068,-0.009843645,0.0,0.0105089468,-0.029090266,0.0395992124,0.0164280606,-0.015727663,0.0321557239,-0.002278366,-0.007565279,-0.010821766,0.0052363017,0.0229981183,0.7122764718,0.1261402451,0.2158135664,0.0469413233,0.1517080416,0.0431183444,0.0481414507,-0.002278366,0.0717549364,-0.886524823,0.0641896572,-0.829097919,0.2749790558,2.3926059875,2.4475055483,6.596541481,,0.1514650284,-0.056181771,0.0019900498,,0.0688487301,0.0637439481,-0.011734314,-0.014902155,,,,,,,-0.242879387,-0.078173843,0.0121805377,-0.062237234,,,0.0337798816,0.1017932455,0.6837003701,0.2422595267,0.1210795747,1.5691489362,0.0427566807,0.10604782,-0.073576442,2.1395348837,,0.582576402,0.0656091622,0.5769572232,7.0,-3.633388358,3.5897552327,40.380936569,-0.85986828,-0.516209769,0.0112105861,3.2088443648,1.4997859531,0.0548455598,-0.431182143,7.7132357746,0.0699635725,0.1319880163,-0.075421724,0.0282831463,-0.120327421,,1.8786397032,0.4789179975,0.6219998832,11.586292265,0.9624431576,0.2140962036,0.0012063001,0.5986614667,0.7031899238,0.00658255,87118.30155354,0.86258929,0.00128257,0.81939576,0.00643445,0.00697234,0.01035773,0.01894824,0.7435208,0.42206876,0.75232368,0.01616231,-0.2523079,,,0.03614931,0.05409883,0.02566394,0.59463492,0.20421308,0.01278733,0.35224842,0.78357607,0.50502963,0.5452925866,2.5945607719,289,-0.032255457,0.053533754,-1.049646329,0.861504599
20080331,20080331,226660.0,01W,JPN,0.049215,2008,3,20080229,20080229,66.376104549,6.611153939,66.376104549,0.0326553074,0.0,0.0315096261,-0.007129992,-0.012287059,-0.029361004,-0.131509575,-0.174937589,-0.049928687,0.1632720104,-0.026916206,-0.014661408,0.0295370965,0.0039025543,-0.04050183,-0.054301655,-0.273045018,0.4716765068,-0.66448914,-0.197615731,-0.03121643,0.022215068,-0.009843645,0.0,0.0105089468,-0.029090266,0.0395992124,0.0164280606,-0.015727663,0.0321557239,-0.002278366,-0.007565279,-0.010821766,0.0052363017,0.0229981183,0.7122764718,0.1261402451,0.2158135664,0.0469413233,0.1517080416,0.0431183444,0.0481414507,-0.002278366,0.0717549364,-0.886524823,0.0641896572,-0.829097919,0.2749790558,2.3926059875,2.4475055483,6.596541481,,0.1514650284,-0.056181771,0.0019900498,,0.0688487301,0.0637439481,-0.011734314,-0.014902155,,,,,,,-0.242879387,-0.078173843,0.0121805377,-0.062237234,,,0.0337798816,0.1017932455,0.6837003701,0.2422595267,0.1210795747,1.5691489362,0.0427566807,0.10604782,-0.073576442,2.1395348837,,0.582576402,0.0656091622,0.5769572232,7.0,-3.633388358,3.5897552327,40.380936569,-0.85986828,-0.516209769,0.0112105861,3.2885874806,1.537057192,0.0562085289,-0.441897467,7.904917696,0.07170224,0.1352680556,-0.077296032,0.0289860119,-0.123317682,,1.9622912643,0.4965320792,0.6243226577,11.393770247,0.9618201468,0.375207546,0.5543665272,0.6095406091,0.747669647,0.00618791,78673.86474907,0.7378213,0.00119371,0.72596024,0.00654531,0.00708841,0.00504966,0.01336245,0.55248325,0.14979734,0.44177843,0.0122518,0.73047007,,,0.02040119,0.04913489,0.01771222,0.695217,0.23078976,0.01317217,0.35986215,0.77691549,0.51122871,0.5452400316,1.4104175027,290,-0.0458375,0.0473821209,-1.056958832,0.8514928332
20080430,20080430,226660.0,01W,JPN,-0.155778,2008,4,20080331,20080331,69.64283156,6.9365245719,69.64283156,0.0311235493,0.0,0.0315096261,0.0492154072,0.0297888208,0.0273368864,-0.139296578,-0.15816117,-0.126467985,0.1876310246,0.006915201,-0.010815935,0.0193212383,0.0052848715,-0.04050183,-0.054301655,-0.273045018,0.4716765068,-0.66448914,-0.197615731,-0.03121643,0.022215068,-0.009843645,0.0,0.0105089468,-0.029090266,0.0395992124,0.0164280606,-0.015727663,0.0321557239,-0.002278366,-0.007565279,-0.010821766,0.0052363017,0.0229981183,0.7122764718,0.1261402451,0.2158135664,0.0469413233,0.1517080416,0.0431183444,0.0481414507,-0.002278366,0.0717549364,-0.886524823,0.0641896572,-0.829097919,0.2749790558,2.3926059875,2.4475055483,6.596541481,,0.1514650284,-0.056181771,0.0019900498,,0.0688487301,0.0637439481,-0.011734314,-0.014902155,,,,,,,-0.242879387,-0.078173843,0.0121805377,-0.062237234,,,0.0337798816,0.1017932455,0.6837003701,0.2422595267,0.1210795747,1.5691489362,0.0427566807,0.10604782,-0.073576442,2.1395348837,,0.582576402,0.0656091622,0.5769572232,7.0,-3.633388358,3.5897552327,40.380936569,-0.85986828,-0.516209769,0.0112105861,3.1343301463,1.4649586553,0.053571963,-0.421169442,7.534122776,0.0683389126,0.1289230549,-0.073670317,0.0276263689,-0.117533236,,1.803272475,0.462821305,0.6310788653,11.766190273,0.9276423114,0.308735633,0.8898507734,0.5989038998,0.741474225,0.00708872,68689.85995808,0.78828517,0.00103783,0.77019952,0.00680223,0.00713391,0.0039977,0.01507813,-0.48126902,0.10367033,0.51785496,0.0152279,-0.07298596,,,0.02410736,0.03990337,0.02018167,-0.4832015,0.29305306,0.01350578,0.37627202,0.83923835,0.51383431,0.554447732,1.5820431251,291,-0.047915687,0.0468755298,-1.057519449,0.8491766682
20080530,20080531,226660.0,01W,JPN,0.002734,2008,5,20080430,20080430,58.794042738,5.8559698536,58.794042738,0.0368665259,0.0,0.0315096261,-0.155777538,0.0417345097,0.0512127832,-0.095335293,-0.122795773,-0.186189714,0.1950424979,-0.030431205,-0.022211056,0.0212446587,0.0052519409,-0.04050183,-0.054301655,-0.273045018,0.4716765068,-0.66448914,-0.197615731,-0.03121643,0.022215068,-0.009843645,0.0,0.0105089468,-0.029090266,0.0395992124,0.0164280606,-0.015727663,0.0321557239,-0.002278366,-0.007565279,-0.010821766,0.0052363017,0.0229981183,0.7122764718,0.1261402451,0.2158135664,0.0469413233,0.1517080416,0.0431183444,0.0481414507,-0.002278366,0.0717549364,-0.886524823,0.0641896572,-0.829097919,0.2749790558,2.3926059875,2.4475055483,6.596541481,,0.1514650284,-0.056181771,0.0019900498,,0.0688487301,0.0637439481,-0.011734314,-0.014902155,,,,,,,-0.242879387,-0.078173843,0.0121805377,-0.062237234,,,0.0337798816,0.1017932455,0.6837003701,0.2422595267,0.1210795747,1.5691489362,0.0427566807,0.10604782,-0.073576442,2.1395348837,,0.582576402,0.0656091622,0.5769572232,7.0,-3.633388358,3.5897552327,40.380936569,-0.85986828,-0.516209769,0.0112105861,3.7126827186,1.7352756185,0.0634571637,-0.49888443,8.9243334699,0.080948939,0.1527121828,-0.087264104,0.0327240392,-0.139220693,,2.4672775341,0.5975515921,0.629376137,10.369886614,0.853719895,0.333346631,1.0565482703,0.6088230827,0.7462277785,0.00586657,63850.58509431,0.91364638,0.00098024,0.9107151,0.00681216,0.00700018,0.00211658,0.02224776,-2.47008581,0.15408568,1.08651854,0.02227773,-1.78183549,,,0.01221148,0.01875965,0.02225135,-2.4059829,0.33226381,0.01484451,0.35369139,0.71177018,0.50481584,0.558450819,0.7576061727,292,-0.047222418,0.0412082564,-1.056432957,0.8442437369
20080630,20080630,226660.0,01W,JPN,0.032953,2008,6,20080530,20080531,58.954781691,5.8719796808,58.954781691,0.0367660101,0.0,0.0315096261,0.0027339327,-0.114228786,-0.131350251,-0.146366029,-0.236201169,-0.13934033,-0.129310189,0.0018527568,-0.022130949,0.0452612218,-0.005140189,-0.04050183,-0.054301655,-0.273045018,0.4716765068,-0.66448914,-0.197615731,-0.03121643,0.022215068,-0.009843645,0.0,0.0105089468,-0.029090266,0.0395992124,0.0164280606,-0.015727663,0.0321557239,-0.002278366,-0.007565279,-0.010821766,0.0052363017,0.0229981183,0.7122764718,0.1261402451,0.2158135664,0.0469413233,0.1517080416,0.0431183444,0.0481414507,-0.002278366,0.0717549364,-0.886524823,0.0641896572,-0.829097919,0.2749790558,2.3926059875,2.4475055483,6.596541481,,0.1514650284,-0.056181771,0.0019900498,,0.0688487301,0.0637439481,-0.011734314,-0.014902155,,,,,,,-0.242879387,-0.078173843,0.0121805377,-0.062237234,,,0.0337798816,0.1017932455,0.6837003701,0.2422595267,0.1210795747,1.5691489362,0.0427566807,0.10604782,-0.073576442,2.1395348837,,0.582576402,0.0656091622,0.5769572232,7.0,-3.633388358,3.5897552327,40.380936569,-0.85986828,-0.516209769,0.0112105861,3.7025601685,1.7305444266,0.0632841491,-0.497524232,8.9000014653,0.0807282334,0.1522958163,-0.087026181,0.0326348178,-0.138841111,,2.4538898646,0.5949853475,0.6369917128,10.39432526,0.7467790855,0.041796915,0.0494787155,0.6089985628,0.673535488,0.00619455,61216.25573731,0.83848615,0.00096731,0.83977429,0.00674956,0.00686858,0.00394878,0.02329429,0.5414104,-0.1405943,-1.48518571,0.02455535,0.78018483,,,0.02545831,0.06898708,0.02361782,0.46948359,0.33917599,0.01605116,0.34728897,0.73384222,0.49012467,0.5718472088,1.4740871423,293,-0.05274252,0.0444182593,-1.057555149,0.8349253733
20080731,20080731,226660.0,01W,JPN,0.006855,2008,7,20080630,20080630,60.897527636,6.0654799261,60.897527636,0.0355931051,0.0,0.0315096261,0.0329531531,-0.15346949,-0.085348929,-0.08752672,-0.235529372,-0.122331738,-0.216147359,-0.001770176,-0.018974283,-0.038360975,-6.062e-05,0.0938465114,0.141557383,0.0617769501,0.5280262272,-0.717552323,-0.130918212,0.0459541859,0.0250236798,-0.004600493,0.0,0.0235489575,0.0371254051,-0.013576448,0.0733974475,0.0025344034,0.0708630441,-0.002442812,-0.002157681,0.000417793,0.0479349564,0.0114866924,0.7384538153,0.1728999331,0.1639736685,0.0046165684,0.0750760197,-0.009720322,-0.00251004,-0.007210282,-0.091490964,-40.5,-0.093648645,-41.45513362,0.3847041341,2.5262299197,2.7245136509,6.5359127608,,0.1033299866,0.1021177805,0.03515625,,0.0626627437,0.1808223512,0.0401697969,-0.228135957,,,,,,,-0.547622576,0.3511185471,-0.003751977,-0.066175541,,,-0.092198935,0.089048917,0.8077551297,0.1817809123,0.1891259886,6.4074074074,0.09375,0.0814089692,0.0509933193,2.0436009233,,0.6395658467,0.0934428535,0.6391067312,6.0,-3.312508143,3.4848533276,6.1569891199,-1.084330534,0.774722663,0.014896001,3.7718963537,1.8457108287,0.0517562753,-0.337993724,9.8357436168,0.0085208502,0.3536152832,0.1076151821,0.0473380566,0.0473380566,,2.2732062768,0.4638418176,0.7131459591,12.770803267,0.6418569027,-0.003193114,0.057866974,0.5784419096,0.6340329993,0.00570054,64138.18402585,0.83068377,0.00102507,0.82500526,0.00648638,0.0067253,0.00388677,0.01792487,-0.46438473,0.25142231,-0.29766215,0.01866707,-0.43866021,,,0.02439077,0.03454274,0.01812868,-0.25066857,0.324097,0.01677459,0.28726303,0.75807583,0.47783482,0.558758942,1.3606514011,294,0.0601101676,0.6885365677,-1.351465678,0.6953403548
20080829,20080831,226660.0,01W,JPN,-0.066371,2008,8,20080731,20080731,61.314970033,6.1070577794,61.314970033,0.0353507814,0.0,0.0315096261,0.0068548332,0.0357771774,-0.089079886,-0.080791833,-0.208937334,-0.162712099,-0.231277499,-0.105309427,-0.008777532,0.0067539764,-0.00460851,0.0938465114,0.141557383,0.0617769501,0.5280262272,-0.717552323,-0.130918212,0.0459541859,0.0250236798,-0.004600493,0.0,0.0235489575,0.0371254051,-0.013576448,0.0733974475,0.0025344034,0.0708630441,-0.002442812,-0.002157681,0.000417793,0.0479349564,0.0114866924,0.7384538153,0.1728999331,0.1639736685,0.0046165684,0.0750760197,-0.009720322,-0.00251004,-0.007210282,-0.091490964,-40.5,-0.093648645,-41.45513362,0.3847041341,2.5262299197,2.7245136509,6.5359127608,,0.1033299866,0.1021177805,0.03515625,,0.0626627437,0.1808223512,0.0401697969,-0.228135957,,,,,,,-0.547622576,0.3511185471,-0.003751977,-0.066175541,,,-0.092198935,0.089048917,0.8077551297,0.1817809123,0.1891259886,6.4074074074,0.09375,0.0814089692,0.0509933193,2.0436009233,,0.6395658467,0.0934428535,0.6391067312,6.0,-3.312508143,3.4848533276,6.1569891199,-1.084330534,0.774722663,0.014896001,3.7462166632,1.8331449259,0.05140391,-0.335692608,9.7687802572,0.0084628388,0.3512078122,0.1068825203,0.0470157714,0.0470157714,,2.2499092877,0.4590881277,0.7136802341,12.815482051,0.6250232878,0.0496013229,0.0061014115,0.6852709495,0.6666648768,0.00643239,60493.56301251,0.87704417,0.00097457,0.86679058,0.00644383,0.0066406,0.00312704,0.02034883,0.04299929,0.2676158,0.30410552,0.01653266,-0.40367665,,,0.02710509,0.03528453,0.0204126,0.03262266,0.34426071,0.0177642,0.26477605,0.77435521,0.4842559,0.5848206867,1.4404030971,295,0.0348712989,0.6388733285,-1.303397041,0.6451231384
20080930,20080930,226660.0,01W,JPN,0.018352,2008,9,20080829,20080831,57.245442698,5.7017270983,57.245442698,0.0195490748,0.0,0.0173917421,-0.066370861,0.0400338747,-0.076249345,-0.094104933,-0.109764546,-0.029361004,-0.266292394,-0.061925684,-0.009181639,-0.011428547,-0.003925952,0.0938465114,0.141557383,0.0617769501,0.5280262272,-0.717552323,-0.130918212,0.0459541859,0.0250236798,-0.004600493,0.0,0.0235489575,0.0371254051,-0.013576448,0.0733974475,0.0025344034,0.0708630441,-0.002442812,-0.002157681,0.000417793,0.0479349564,0.0114866924,0.7384538153,0.1728999331,0.1639736685,0.0046165684,0.0750760197,-0.009720322,-0.00251004,-0.007210282,-0.091490964,-40.5,-0.093648645,-41.45513362,0.3847041341,2.5262299197,2.7245136509,6.5359127608,,0.1033299866,0.1021177805,0.03515625,,0.0626627437,0.1808223512,0.0401697969,-0.228135957,,,,,,,-0.547622576,0.3511185471,-0.003751977,-0.066175541,,,-0.092198935,0.089048917,0.8077551297,0.1817809123,0.1891259886,6.4074074074,0.09375,0.0814089692,0.0509933193,2.0436009233,,0.6395658467,0.0934428535,0.6391067312,6.0,-3.312508143,3.4848533276,6.1569891199,-1.084330534,0.774722663,0.014896001,4.0125318561,1.9634615596,0.055058168,-0.359556695,10.463234111,0.0090644545,0.3761748615,0.1144807031,0.0503580805,0.0503580805,,2.4996488638,0.5100468375,0.7510758397,12.352133831,0.7422347146,0.2621469725,0.134138219,0.626489098,0.7146061501,0.00554474,58911.19660304,0.88339256,0.00098111,0.89806975,0.00632771,0.0066332,0.00208942,0.01580947,-0.08101279,0.01326153,0.21567109,0.01607014,-0.10520181,,,0.01925842,0.02585573,0.01666143,-0.05570845,0.35249821,0.01799279,0.36653109,0.80923751,0.48614177,0.6059371472,1.0002729336,296,0.0138379561,0.6414426433,-1.301426824,0.6241077889
20081031,20081031,226660.0,01W,JPN,-0.245239,2008,10,20080930,20080930,58.295984326,5.8063625311,58.295984326,0.0191967843,0.0,0.0173917421,0.018351533,-0.059970989,-0.178013854,-0.111868385,-0.113983033,0.0273368864,-0.337272296,0.0253848762,-0.009821034,-0.042301397,-0.003402744,0.0938465114,0.141557383,0.0617769501,0.5280262272,-0.717552323,-0.130918212,0.0459541859,0.0250236798,-0.004600493,0.0,0.0235489575,0.0371254051,-0.013576448,0.0733974475,0.0025344034,0.0708630441,-0.002442812,-0.002157681,0.000417793,0.0479349564,0.0114866924,0.7384538153,0.1728999331,0.1639736685,0.0046165684,0.0750760197,-0.009720322,-0.00251004,-0.007210282,-0.091490964,-40.5,-0.093648645,-41.45513362,0.3847041341,2.5262299197,2.7245136509,6.5359127608,,0.1033299866,0.1021177805,0.03515625,,0.0626627437,0.1808223512,0.0401697969,-0.228135957,,,,,,,-0.547622576,0.3511185471,-0.003751977,-0.066175541,,,-0.092198935,0.089048917,0.8077551297,0.1817809123,0.1891259886,6.4074074074,0.09375,0.0814089692,0.0509933193,2.0436009233,,0.6395658467,0.0934428535,0.6391067312,6.0,-3.312508143,3.4848533276,6.1569891199,-1.084330534,0.774722663,0.014896001,3.9402227288,1.9280783659,0.0540659745,-0.353077187,10.274678018,0.0089011056,0.3693958808,0.1124176665,0.0494505865,0.0494505865,,2.4300180988,0.4958388613,0.7697721166,12.477940793,0.6425530567,0.2639514113,-0.137807961,0.6221927476,0.7354915666,0.00670756,58063.36401089,0.88942394,0.00098613,0.89565366,0.00626955,0.00673783,0.00379683,0.0138186,0.0143618,-0.16254634,-0.04484307,0.01269559,0.40842138,,,0.01918497,0.03349754,0.01612117,-0.36645228,0.32535432,0.01800459,0.45170621,0.82408826,0.47863949,0.5945578945,0.9964252282,297,0.0243626235,0.6428658144,-1.30438803,0.6403240336
20081128,20081130,226660.0,01W,JPN,0.368562,2008,11,20081031,20081031,43.999540163,4.3824164621,43.999540163,0.0254342531,0.0,0.0173917421,-0.245238919,-0.049237335,-0.008471239,-0.127994407,-0.12006042,0.0512127832,-0.302154155,0.0216516444,-0.034083812,0.0160328307,-0.007533103,0.0938465114,0.141557383,0.0617769501,0.5280262272,-0.717552323,-0.130918212,0.0459541859,0.0250236798,-0.004600493,0.0,0.0235489575,0.0371254051,-0.013576448,0.0733974475,0.0025344034,0.0708630441,-0.002442812,-0.002157681,0.000417793,0.0479349564,0.0114866924,0.7384538153,0.1728999331,0.1639736685,0.0046165684,0.0750760197,-0.009720322,-0.00251004,-0.007210282,-0.091490964,-40.5,-0.093648645,-41.45513362,0.3847041341,2.5262299197,2.7245136509,6.5359127608,,0.1033299866,0.1021177805,0.03515625,,0.0626627437,0.1808223512,0.0401697969,-0.228135957,,,,,,,-0.547622576,0.3511185471,-0.003751977,-0.066175541,,,-0.092198935,0.089048917,0.8077551297,0.1817809123,0.1891259886,6.4074074074,0.09375,0.0814089692,0.0509933193,2.0436009233,,0.6395658467,0.0934428535,0.6391067312,6.0,-3.312508143,3.4848533276,6.1569891199,-1.084330534,0.774722663,0.014896001,5.2204900685,2.5545545654,0.0716332305,-0.467799938,13.613152922,0.0117932758,0.4894209439,0.1489447049,0.0655181987,0.0655181987,,3.9136100975,0.7985619429,0.7624735494,10.250468954,0.8133935638,0.3044764648,0.75092341,0.6267308816,0.7642392482,0.00484868,59835.87434673,0.85137407,0.0011515,1.09007589,0.00597818,0.00654969,0.00236344,0.08082195,-0.65379005,0.12703921,1.21504246,0.07275355,-0.02003116,,,0.09370453,0.162046,0.09037115,-0.53927176,0.46697573,0.02967094,0.55213865,0.62198974,0.45157431,0.7046244612,2.8934550367,298,-0.084570859,0.652035436,-1.30159838,0.4270938693
20081230,20081231,226660.0,01W,JPN,0.145791,2008,12,20081128,20081130,60.216114198,5.9976101834,60.216114198,0.0185846505,0.0,0.0173917421,0.3685623526,-0.231387896,-0.253673088,-0.337117771,-0.349930916,-0.131350251,-0.265908484,-0.047697416,0.0037579851,0.0123541765,-0.006052228,0.0938465114,0.141557383,0.0617769501,0.5280262272,-0.717552323,-0.130918212,0.0459541859,0.0250236798,-0.004600493,0.0,0.0235489575,0.0371254051,-0.013576448,0.0733974475,0.0025344034,0.0708630441,-0.002442812,-0.002157681,0.000417793,0.0479349564,0.0114866924,0.7384538153,0.1728999331,0.1639736685,0.0046165684,0.0750760197,-0.009720322,-0.00251004,-0.007210282,-0.091490964,-40.5,-0.093648645,-41.45513362,0.3847041341,2.5262299197,2.7245136509,6.5359127608,,0.1033299866,0.1021177805,0.03515625,,0.0626627437,0.1808223512,0.0401697969,-0.228135957,,,,,,,-0.547622576,0.3511185471,-0.003751977,-0.066175541,,,-0.092198935,0.089048917,0.8077551297,0.1817809123,0.1891259886,6.4074074074,0.09375,0.0814089692,0.0509933193,2.0436009233,,0.6395658467,0.0934428535,0.6391067312,6.0,-3.312508143,3.4848533276,6.1569891199,-1.084330534,0.774722663,0.014896001,3.814579627,1.8665971343,0.0523419561,-0.341818506,9.9470461802,0.0086172733,0.35761684,0.1088329696,0.0478737403,0.0478737403,,2.3122895696,0.4718166617,0.7562028428,12.696540817,0.8328943885,-0.185165814,-0.076000715,0.6244888761,0.6776216117,0.00532373,62195.37585667,0.90693529,0.00121594,1.08610541,0.00580297,0.00642926,0.00774585,0.03286032,2.22728315,-0.10738306,0.49122506,0.03451352,2.5645573,,,0.05583116,0.12493175,0.03368568,2.42167204,0.49401471,0.03184497,0.44371651,0.85662138,0.42683825,0.6575946913,1.6473631793,299,-0.070831049,0.6553847538,-1.298127917,0.4406032262
20090130,20090131,226660.0,01W,JPN,-0.007673,2009,1,20081230,20081231,68.995083905,6.8720079889,68.995083905,0.0162199301,0.0,0.0173917421,0.1457910366,0.032937601,-0.011189509,-0.135358043,-0.065780048,-0.085348929,-0.340208662,0.037183934,0.0136313581,0.017939007,-0.00899722,0.1392688173,0.141557383,0.0617769501,0.0380140752,-0.545966903,-0.130918212,0.0459541859,0.0023127782,0.0011360735,0.0,0.02071301,0.1976711454,-0.176958135,-0.08193833,0.0024719342,-0.084410264,-0.004927782,0.0060638559,0.000417793,-0.072971262,0.0114866924,0.7384538153,0.1728999331,0.1639736685,0.0046165684,0.0750760197,-0.009720322,-0.00251004,-0.004927782,-0.261368399,-40.5,-0.255304543,-41.45513362,-0.011182541,2.5262299197,2.7245136509,6.5359127608,,0.3152826135,0.1021177805,0.03515625,,-0.297768867,-0.036104301,0.0401697969,-0.228135957,,,,,,,-0.547622576,0.3511185471,-0.003751977,-0.066175541,,,-0.092198935,0.089048917,0.8077551297,0.1817809123,0.1891259886,6.4074074074,0.09375,0.0814089692,0.0509933193,2.9648583352,,0.6850598192,0.0934428535,0.7856578879,6.0,-3.312508143,3.4848533276,6.1569891199,-1.084330534,0.774722663,0.014896001,3.6043688165,1.2156968088,0.0363133683,-1.100081452,8.681378945,0.007520807,0.3121134907,0.094985007,0.0417822611,0.0417822611,,1.8929828393,0.3862582159,0.9430819851,13.541009686,0.8814962558,0.0791136754,0.2105958815,0.7519407241,0.7659268559,0.00624446,61464.65317039,0.88725706,0.00119361,1.08834486,0.00588497,0.0063527,0.00492747,0.02914978,-0.36721679,0.13942782,1.88364456,0.02395147,-1.14465735,,,0.04433478,0.0538216,0.03428301,-1.07409023,0.53365917,0.03248809,0.40697783,0.96353194,0.43772042,0.6713820932,1.272102859,300,-0.013254646,0.7517189832,-1.302931682,0.4376649572
20090227,20090228,226660.0,01W,JPN,-0.085466,2009,2,20090130,20090131,68.465685587,6.8192791673,68.465685587,0.0163453477,0.0,0.0173917421,-0.007672986,0.5680864766,0.12525675,0.1735046731,0.0320453418,-0.089079886,-0.318973818,-0.007129992,0.013581995,-0.003888094,-0.006277937,0.1392688173,0.141557383,0.0617769501,0.0380140752,-0.545966903,-0.130918212,0.0459541859,0.0023127782,0.0011360735,0.0,0.02071301,0.1976711454,-0.176958135,-0.08193833,0.0024719342,-0.084410264,-0.004927782,0.0060638559,0.000417793,-0.072971262,0.0114866924,0.7384538153,0.1728999331,0.1639736685,0.0046165684,0.0750760197,-0.009720322,-0.00251004,-0.004927782,-0.261368399,-40.5,-0.255304543,-41.45513362,-0.011182541,2.5262299197,2.7245136509,6.5359127608,,0.3152826135,0.1021177805,0.03515625,,-0.297768867,-0.036104301,0.0401697969,-0.228135957,,,,,,,-0.547622576,0.3511185471,-0.003751977,-0.066175541,,,-0.092198935,0.089048917,0.8077551297,0.1817809123,0.1891259886,6.4074074074,0.09375,0.0814089692,0.0509933193,2.9648583352,,0.6850598192,0.0934428535,0.7856578879,6.0,-3.312508143,3.4848533276,6.1569891199,-1.084330534,0.774722663,0.014896001,3.6322389352,1.2250969607,0.0365941548,-1.10858763,8.7485061106,0.0075789603,0.3145268508,0.0957194611,0.0421053348,0.0421053348,,1.9139119402,0.3905287444,0.9306015239,13.496221609,0.8556270113,0.0644485516,0.1995476267,0.6917215943,0.7692860103,0.00604044,64696.6471545,0.86683302,0.00123316,1.06577832,0.00582079,0.00629944,0.00916522,0.02669752,-1.0061193,0.12308891,0.27033769,0.02611103,-0.29569701,,,0.03271343,0.06128602,0.02982964,-0.65824517,0.51984076,0.03287722,0.38907452,0.95613878,0.42955257,0.671911915,0.9321671019,301,0.0523358257,0.8028051642,-1.296471024,0.438732743
20090331,20090331,226660.0,01W,JPN,0.018093,2009,3,20090227,20090228,62.614165171,6.2364594536,62.614165171,,0.0,-3.53884e-16,-0.085466469,0.1369993979,0.1960023778,0.1613254027,0.031480923,-0.076249345,-0.328378523,0.0492154072,0.001338188,0.0345267275,-0.010086174,0.1392688173,0.141557383,0.0617769501,0.0380140752,-0.545966903,-0.130918212,0.0459541859,0.0023127782,0.0011360735,0.0,0.02071301,0.1976711454,-0.176958135,-0.08193833,0.0024719342,-0.084410264,-0.004927782,0.0060638559,0.000417793,-0.072971262,0.0114866924,0.7384538153,0.1728999331,0.1639736685,0.0046165684,0.0750760197,-0.009720322,-0.00251004,-0.004927782,-0.261368399,-40.5,-0.255304543,-41.45513362,-0.011182541,2.5262299197,2.7245136509,6.5359127608,,0.3152826135,0.1021177805,0.03515625,,-0.297768867,-0.036104301,0.0401697969,-0.228135957,,,,,,,-0.547622576,0.3511185471,-0.003751977,-0.066175541,,,-0.092198935,0.089048917,0.8077551297,0.1817809123,0.1891259886,6.4074074074,0.09375,0.0814089692,0.0509933193,2.9648583352,,0.6850598192,0.0934428535,0.7856578879,6.0,-3.312508143,3.4848533276,6.1569891199,-1.084330534,0.774722663,0.014896001,3.9716848135,1.3395867068,0.040014011,-1.212189157,9.5660856787,0.0082872415,0.3439205237,0.1046647912,0.0460402308,0.0460402308,,2.1803639883,0.4448975906,0.9390064521,12.950722386,0.8367663861,0.073153189,0.1289523109,0.6402430497,0.7854396621,0.00679974,61422.61766286,0.86075687,0.00116073,1.09568352,0.00599363,0.00633109,0.00457533,0.01118282,-0.91033857,0.02705793,0.924608,0.01025771,-0.57258131,,,0.0146187,0.02985051,0.01700172,0.04431509,0.54068609,0.03289641,0.4023961,0.87442097,0.43441923,0.6851026729,0.4158985138,302,0.0535788115,0.8056784174,-1.29978228,0.4389848872
20090430,20090430,226660.0,01W,JPN,0.005439,2009,4,20090331,20090331,63.74702798,6.3492941925,63.74702798,,0.0,-1.11022e-16,0.0180927559,-0.092483672,0.0740733842,0.0281889528,-0.100924478,-0.178013854,-0.435529445,-0.155777538,0.0171445784,0.0208824224,-0.013372325,0.1392688173,0.141557383,0.0617769501,0.0380140752,-0.545966903,-0.130918212,0.0459541859,0.0023127782,0.0011360735,0.0,0.02071301,0.1976711454,-0.176958135,-0.08193833,0.0024719342,-0.084410264,-0.004927782,0.0060638559,0.000417793,-0.072971262,0.0114866924,0.7384538153,0.1728999331,0.1639736685,0.0046165684,0.0750760197,-0.009720322,-0.00251004,-0.004927782,-0.261368399,-40.5,-0.255304543,-41.45513362,-0.011182541,2.5262299197,2.7245136509,6.5359127608,,0.3152826135,0.1021177805,0.03515625,,-0.297768867,-0.036104301,0.0401697969,-0.228135957,,,,,,,-0.547622576,0.3511185471,-0.003751977,-0.066175541,,,-0.092198935,0.089048917,0.8077551297,0.1817809123,0.1891259886,6.4074074074,0.09375,0.0814089692,0.0509933193,2.9648583352,,0.6850598192,0.0934428535,0.7856578879,6.0,-3.312508143,3.4848533276,6.1569891199,-1.084330534,0.774722663,0.014896001,3.9011031071,1.3157806094,0.039302913,-1.19064707,9.396084613,0.0081399671,0.3378086346,0.1028047696,0.0452220394,0.0452220394,,2.1231392026,0.4332210221,0.9225059948,13.064149205,0.677815043,0.1197796286,0.0998835349,0.6458866283,0.7841233833,0.00623084,64051.75336975,0.89244338,0.00118542,1.10138959,0.0059334,0.00628262,0.00618472,0.02161949,-0.46095042,0.18534797,0.28615523,0.021332,0.0433757,,,0.03870663,0.0509939,0.0258354,0.30605972,0.5686711,0.03312114,0.37882423,0.89024166,0.4248893,0.661041766,1.0934360205,303,0.0544690964,0.8010768148,-1.304601284,0.4657815565
20090529,20090531,226660.0,01W,JPN,0.025406,2009,5,20090430,20090430,64.093733733,6.3838265761,64.093733733,,0.0,-4.02456e-16,0.0054387752,-0.068920037,0.4488112317,0.0396649945,0.0842429779,-0.008471239,-0.540070521,0.0027339327,0.0173904732,-0.069052207,-0.009557588,0.1392688173,0.141557383,0.0617769501,0.0380140752,-0.545966903,-0.130918212,0.0459541859,0.0023127782,0.0011360735,0.0,0.02071301,0.1976711454,-0.176958135,-0.08193833,0.0024719342,-0.084410264,-0.004927782,0.0060638559,0.000417793,-0.072971262,0.0114866924,0.7384538153,0.1728999331,0.1639736685,0.0046165684,0.0750760197,-0.009720322,-0.00251004,-0.004927782,-0.261368399,-40.5,-0.255304543,-41.45513362,-0.011182541,2.5262299197,2.7245136509,6.5359127608,,0.3152826135,0.1021177805,0.03515625,,-0.297768867,-0.036104301,0.0401697969,-0.228135957,,,,,,,-0.547622576,0.3511185471,-0.003751977,-0.066175541,,,-0.092198935,0.089048917,0.8077551297,0.1817809123,0.1891259886,6.4074074074,0.09375,0.0814089692,0.0509933193,2.9648583352,,0.6850598192,0.0934428535,0.7856578879,6.0,-3.312508143,3.4848533276,6.1569891199,-1.084330534,0.774722663,0.014896001,3.8800006558,1.3086630851,0.0390903096,-1.184206438,9.3452578565,0.0080959351,0.3359813078,0.1022486622,0.0449774174,0.0449774174,,2.1062214397,0.4297689967,0.9796774056,13.098061447,0.6710034636,0.1437930482,0.5103147931,0.640617532,0.8273554121,0.0075093,55396.89297379,0.92558891,0.0008944,0.91434847,0.00653882,0.00642327,0.00381283,0.01110148,-0.20197443,-0.37188941,0.04010295,0.01019425,0.31723578,,,0.01401948,0.01696302,0.01158417,-0.58451996,0.4392198,0.03246725,0.40601943,0.89508348,0.43081502,0.6613423447,0.4018045536,304,0.0948796284,0.840441011,-1.264135133,0.486833831
20090630,20090630,226660.0,01W,JPN,0.059107,2009,6,20090529,20090531,65.722100027,6.5460141632,65.722100027,,0.0,-3.88578e-16,0.025406014,0.0236299335,0.0643950475,0.1196303271,0.0871676884,-0.253673088,-0.51789975,0.0329531531,0.0167043696,0.0175142788,-0.016379232,0.1392688173,0.141557383,0.0617769501,0.0380140752,-0.545966903,-0.130918212,0.0459541859,0.0023127782,0.0011360735,0.0,0.02071301,0.1976711454,-0.176958135,-0.08193833,0.0024719342,-0.084410264,-0.004927782,0.0060638559,0.000417793,-0.072971262,0.0114866924,0.7384538153,0.1728999331,0.1639736685,0.0046165684,0.0750760197,-0.009720322,-0.00251004,-0.004927782,-0.261368399,-40.5,-0.255304543,-41.45513362,-0.011182541,2.5262299197,2.7245136509,6.5359127608,,0.3152826135,0.1021177805,0.03515625,,-0.297768867,-0.036104301,0.0401697969,-0.228135957,,,,,,,-0.547622576,0.3511185471,-0.003751977,-0.066175541,,,-0.092198935,0.089048917,0.8077551297,0.1817809123,0.1891259886,6.4074074074,0.09375,0.0814089692,0.0509933193,2.9648583352,,0.6850598192,0.0934428535,0.7856578879,6.0,-3.312508143,3.4848533276,6.1569891199,-1.084330534,0.774722663,0.014896001,3.7838676612,1.2762389408,0.0381217869,-1.154865899,9.1137146938,0.0078953459,0.3276568532,0.099715294,0.0438630326,0.0438630326,,2.030240779,0.4142653409,0.9787786655,13.252549915,0.6399916972,0.1611852043,0.2296217392,0.6410791089,0.8316406435,0.00743282,49502.57239268,0.89901372,0.00076141,0.88597388,0.0069609,0.00653096,0.00689936,0.0150039,-0.35598722,-0.46391002,0.19809473,0.01340844,0.03552221,,,0.02049064,0.03158078,0.01735036,-0.51219072,0.4531298,0.03218639,0.40177107,0.91782398,0.39726116,0.5967581675,0.5903329211,305,0.1169990204,0.8326605056,-1.261908515,0.5206440936
20090731,20090731,226660.0,01W,JPN,0.005991,2009,7,20090630,20090630,69.606724491,6.9329282568,69.606724491,,0.0,-3.88578e-16,0.0591068219,0.0309829667,-0.047437929,0.1273864021,0.0792244378,-0.011189509,-0.534342145,0.0068548332,0.0214545504,-0.043272811,-0.011682079,0.0659485434,0.0586031188,-0.355763516,-0.012269998,-0.475635519,0.1428350337,-0.502737023,-0.000833556,-0.002383579,0.0,0.0129610541,0.1593440587,-0.146383005,-0.117753817,0.0027519648,-0.120505781,-0.002684305,0.0003007259,-0.011420528,-0.097706911,0.0117703966,0.726669172,0.4165935947,0.1999075572,-0.336145135,0.2902584493,-0.004019731,-0.000793353,-0.003226378,-0.343312873,-2.826400825,-0.343012147,-2.823925031,0.0672087478,2.5163889933,2.6723363167,24.660039761,,0.2659818782,-0.135529428,0.2018981881,,-0.284489713,-0.06236762,-0.065084558,-0.315964551,,,,,,,-0.065459145,-0.391786443,-0.013751894,-0.021393743,,,-0.474430919,0.0781134784,0.7745919454,0.1573588054,0.4440673355,,0.2218464237,0.0732807215,0.1280964237,2.7673908019,,0.7490702743,0.6024338981,0.7166744732,5.0,-2.47825804,3.1975864015,,-0.711986104,3.4983723703,0.0311787027,3.5175838171,1.2710831498,0.0358382584,-0.899775292,9.1093802805,-0.427268417,0.7803633897,0.6417104554,0.020269179,0.020269179,,3.6857023505,2.5719314613,0.9238039794,20.900653812,0.6340983232,0.0649328566,-0.4559504,0.6865830364,0.7364272844,0.00749729,43396.22499668,0.99140572,0.00066368,0.9829454,0.00722102,0.00669649,0.00198734,0.01047776,-0.33373043,0.24374362,0.70667438,0.00908568,0.26288134,,,0.01830777,0.02418465,0.01208004,-0.07345882,0.46358605,0.03180679,0.40321365,0.97207364,0.39459754,0.5935522947,0.5316963661,306,0.0019859173,0.7185630796,-0.856265057,0.0196252822
20090831,20090831,226660.0,01W,JPN,0.018464,2009,8,20090731,20090731,70.023715276,6.9744611291,70.023715276,,0.0,-3.88578e-16,0.0059906681,0.0860145046,0.0166658508,0.5819875442,0.1352321375,0.12525675,-0.465629655,-0.066370861,0.0280328712,-0.003920404,-0.012317131,0.0659485434,0.0586031188,-0.355763516,-0.012269998,-0.475635519,0.1428350337,-0.502737023,-0.000833556,-0.002383579,0.0,0.0129610541,0.1593440587,-0.146383005,-0.117753817,0.0027519648,-0.120505781,-0.002684305,0.0003007259,-0.011420528,-0.097706911,0.0117703966,0.726669172,0.4165935947,0.1999075572,-0.336145135,0.2902584493,-0.004019731,-0.000793353,-0.003226378,-0.343312873,-2.826400825,-0.343012147,-2.823925031,0.0672087478,2.5163889933,2.6723363167,24.660039761,,0.2659818782,-0.135529428,0.2018981881,,-0.284489713,-0.06236762,-0.065084558,-0.315964551,,,,,,,-0.065459145,-0.391786443,-0.013751894,-0.021393743,,,-0.474430919,0.0781134784,0.7745919454,0.1573588054,0.4440673355,,0.2218464237,0.0732807215,0.1280964237,2.7673908019,,0.7490702743,0.6024338981,0.7166744732,5.0,-2.47825804,3.1975864015,,-0.711986104,3.4983723703,0.0311787027,3.4966366276,1.2635138576,0.0356248418,-0.894417136,9.0551339781,-0.424724036,0.7757163306,0.6378890737,0.0201484761,0.0201484761,,3.4778245428,2.4268715994,0.9216449493,20.891320429,0.5949120484,-0.014444605,-0.545260829,0.6256223988,0.7572651228,0.00697213,40672.4456507,1.00902084,0.00061745,1.00704784,0.00735827,0.00674612,0.00647933,0.01333994,1.78688478,-0.02743165,0.42629701,0.01358058,1.674329,,,0.02447345,0.04854734,0.01606844,1.51369641,0.44522924,0.03144624,0.40529382,0.9644029,0.38639317,0.5787812788,0.7148997104,307,0.1597131838,0.7773209333,-0.69719794,0.2375028996
20090930,20090930,226660.0,01W,JPN,0.017436,2009,9,20090831,20090831,70.786788954,7.0504643471,70.786788954,0.0075163916,0.0,0.0074571591,0.0184639606,0.0654515794,0.1183366429,0.1628733639,0.2232190368,0.1960023778,-0.535358003,0.018351533,0.0280430919,-0.036546111,-0.012535448,0.0659485434,0.0586031188,-0.355763516,-0.012269998,-0.475635519,0.1428350337,-0.502737023,-0.000833556,-0.002383579,0.0,0.0129610541,0.1593440587,-0.146383005,-0.117753817,0.0027519648,-0.120505781,-0.002684305,0.0003007259,-0.011420528,-0.097706911,0.0117703966,0.726669172,0.4165935947,0.1999075572,-0.336145135,0.2902584493,-0.004019731,-0.000793353,-0.003226378,-0.343312873,-2.826400825,-0.343012147,-2.823925031,0.0672087478,2.5163889933,2.6723363167,24.660039761,,0.2659818782,-0.135529428,0.2018981881,,-0.284489713,-0.06236762,-0.065084558,-0.315964551,,,,,,,-0.065459145,-0.391786443,-0.013751894,-0.021393743,,,-0.474430919,0.0781134784,0.7745919454,0.1573588054,0.4440673355,,0.2218464237,0.0732807215,0.1280964237,2.7673908019,,0.7490702743,0.6024338981,0.7166744732,5.0,-2.47825804,3.1975864015,,-0.711986104,3.4983723703,0.0311787027,3.4589432753,1.2498933193,0.03524081,-0.884775419,8.9575206453,-0.420145559,0.7673541952,0.6310127007,0.0199312778,0.0199312778,,3.1524550801,2.1998245191,0.943133111,20.874525502,0.5910888936,0.0105678981,-0.663071353,0.6506085225,0.7480106097,0.00692097,43362.77069859,1.00588998,0.00064574,0.99748158,0.00734437,0.00686682,0.0046817,0.00774012,0.01879548,0.29934604,0.52901958,0.00635623,-0.92478231,,,0.01266932,0.02331034,0.009682,0.175056,0.42303222,0.03116711,0.38727525,0.97491235,0.38643674,0.5783545777,0.3727792254,308,0.1617227673,0.7747599654,-0.697734872,0.2388374112
20091030,20091031,226660.0,01W,JPN,-0.031631,2009,10,20090930,20090930,72.021012943,7.173394803,72.021012943,0.0073875832,0.0,0.0074571591,0.0174357957,0.0245652402,0.1187443973,0.0336479987,0.2233540821,0.0740733842,-0.508912044,-0.245238919,0.0519226114,-0.029401123,-0.011938628,0.0659485434,0.0586031188,-0.355763516,-0.012269998,-0.475635519,0.1428350337,-0.502737023,-0.000833556,-0.002383579,0.0,0.0129610541,0.1593440587,-0.146383005,-0.117753817,0.0027519648,-0.120505781,-0.002684305,0.0003007259,-0.011420528,-0.097706911,0.0117703966,0.726669172,0.4165935947,0.1999075572,-0.336145135,0.2902584493,-0.004019731,-0.000793353,-0.003226378,-0.343312873,-2.826400825,-0.343012147,-2.823925031,0.0672087478,2.5163889933,2.6723363167,24.660039761,,0.2659818782,-0.135529428,0.2018981881,,-0.284489713,-0.06236762,-0.065084558,-0.315964551,,,,,,,-0.065459145,-0.391786443,-0.013751894,-0.021393743,,,-0.474430919,0.0781134784,0.7745919454,0.1573588054,0.4440673355,,0.2218464237,0.0732807215,0.1280964237,2.7673908019,,0.7490702743,0.6024338981,0.7166744732,5.0,-2.47825804,3.1975864015,,-0.711986104,3.4983723703,0.0311787027,3.3996673696,1.2284738994,0.0346368883,-0.869613024,8.8040156276,-0.412945525,0.7542040476,0.620199037,0.0195897155,0.0195897155,,2.7381221498,1.9106975638,0.9374906075,20.848114094,0.5861048366,-0.082453298,-0.791239937,0.6540430512,0.6898404815,0.00759675,40138.56254404,0.91049183,0.00058765,0.88170318,0.00755312,0.00697234,0.00353625,0.0143441,0.81901219,0.17638084,-0.13621606,0.00903967,-0.47057586,,,0.0201954,0.03048411,0.01435863,0.78164228,0.40299255,0.03126304,0.36502246,0.99191072,0.383213,0.5805394507,0.5943023084,309,0.1576065732,0.7774379815,-0.701508144,0.2322222202
20091130,20091130,226660.0,01W,JPN,0.004283,2009,11,20091030,20091031,69.742892834,6.9464908165,69.742892834,0.0076288953,0.0,0.0074571591,-0.031631326,0.0362216902,0.1320933946,0.0598023225,0.6491102481,0.4488112317,-0.616342466,0.3685623526,0.0155413679,0.0286438091,-0.022018747,0.0659485434,0.0586031188,-0.355763516,-0.012269998,-0.475635519,0.1428350337,-0.502737023,-0.000833556,-0.002383579,0.0,0.0129610541,0.1593440587,-0.146383005,-0.117753817,0.0027519648,-0.120505781,-0.002684305,0.0003007259,-0.011420528,-0.097706911,0.0117703966,0.726669172,0.4165935947,0.1999075572,-0.336145135,0.2902584493,-0.004019731,-0.000793353,-0.003226378,-0.343312873,-2.826400825,-0.343012147,-2.823925031,0.0672087478,2.5163889933,2.6723363167,24.660039761,,0.2659818782,-0.135529428,0.2018981881,,-0.284489713,-0.06236762,-0.065084558,-0.315964551,,,,,,,-0.065459145,-0.391786443,-0.013751894,-0.021393743,,,-0.474430919,0.0781134784,0.7745919454,0.1573588054,0.4440673355,,0.2218464237,0.0732807215,0.1280964237,2.7673908019,,0.7490702743,0.6024338981,0.7166744732,5.0,-2.47825804,3.1975864015,,-0.711986104,3.4983723703,0.0311787027,3.5107159695,1.2686014447,0.0357682866,-0.898018541,9.0915948235,-0.426434204,0.7788397823,0.6404575586,0.0202296047,0.0202296047,,3.6151396434,2.5226918784,1.0205831408,20.897593724,0.5937612001,0.1309118046,-0.921317264,0.6474407281,0.7591089865,0.00746244,41789.53701654,0.89839098,0.00060125,0.88112351,0.00754852,0.00728792,0.00445466,0.02176408,0.99283928,-0.13396922,-0.29588815,0.02242038,0.43660959,,,0.02886152,0.05367184,0.02186563,0.96620759,0.41788296,0.02064627,0.10749486,0.9426543,0.37991848,0.4702079452,1.3195242149,310,0.2530731407,0.777336876,-0.699601186,0.4486477669
20091230,20091231,226660.0,01W,JPN,-0.133871,2009,12,20091130,20091130,70.041595681,6.9762420427,70.041595681,0.0075963607,0.0,0.0074571591,0.0042829145,-0.014747047,0.06912166,0.1221888927,0.1668790259,0.0643950475,-0.485936995,0.1457910366,0.0026769932,-0.01445591,-0.01021033,0.0659485434,0.0586031188,-0.355763516,-0.012269998,-0.475635519,0.1428350337,-0.502737023,-0.000833556,-0.002383579,0.0,0.0129610541,0.1593440587,-0.146383005,-0.117753817,0.0027519648,-0.120505781,-0.002684305,0.0003007259,-0.011420528,-0.097706911,0.0117703966,0.726669172,0.4165935947,0.1999075572,-0.336145135,0.2902584493,-0.004019731,-0.000793353,-0.003226378,-0.343312873,-2.826400825,-0.343012147,-2.823925031,0.0672087478,2.5163889933,2.6723363167,24.660039761,,0.2659818782,-0.135529428,0.2018981881,,-0.284489713,-0.06236762,-0.065084558,-0.315964551,,,,,,,-0.065459145,-0.391786443,-0.013751894,-0.021393743,,,-0.474430919,0.0781134784,0.7745919454,0.1573588054,0.4440673355,,0.2218464237,0.0732807215,0.1280964237,2.7673908019,,0.7490702743,0.6024338981,0.7166744732,5.0,-2.47825804,3.1975864015,,-0.711986104,3.4983723703,0.0311787027,3.4957439968,1.2631913044,0.0356157474,-0.894188806,9.0528223593,-0.424615612,0.7755183037,0.6377262317,0.0201433326,0.0201433326,,3.4694338585,2.4210164698,0.927350095,20.890922702,0.5917404237,-0.249681729,-0.8146738,0.6478801584,0.6567170883,0.00728817,42183.99235944,0.93913649,0.00060428,0.92339423,0.00751935,0.00745629,0.00418186,0.01559136,-0.00415177,-0.30653872,2.04979068,0.01597155,0.16563026,,,0.01835583,0.03753059,0.01664098,-0.12333721,0.41237131,0.01769268,0.3416902,0.94669161,0.37951998,0.4668647781,0.9212463531,311,0.2553183328,0.7776003727,-0.698433916,0.4764047551
20100129,20100131,226660.0,01W,JPN,0.024403,2010,1,20091230,20091231,60.665039345,6.0423237633,60.665039345,0.0087704753,0.0,0.0074571591,-0.133871255,-0.027483885,0.0137793417,0.1069670472,0.0227664833,-0.047437929,-0.449024757,-0.007672986,-0.008795577,0.0260240264,-0.012145743,-0.10039355,0.0586031188,-0.355763516,0.120949367,-0.592055554,0.1428350337,-0.502737023,0.0084907065,-0.002383579,0.0,-0.004716938,-0.176333796,0.1716168583,0.1150865732,0.0133117779,0.1017747953,-0.003489042,-0.043077979,-0.011420528,0.0549138714,0.0117703966,0.726669172,0.4165935947,0.1999075572,-0.336145135,0.2902584493,-0.004019731,-0.000793353,-0.003489042,0.2733916535,-2.826400825,0.2303136747,-2.823925031,0.2361293529,2.5163889933,2.6723363167,24.660039761,,0.1750674634,-0.135529428,0.2018981881,,0.2459448948,-0.06236762,-0.065084558,-0.315964551,,,,,,,-0.065459145,-0.391786443,-0.013751894,-0.021393743,,,-0.474430919,0.0781134784,0.7745919454,0.1573588054,0.4440673355,,0.2218464237,0.0732807215,0.1280964237,2.3264573991,,0.7490702743,0.6024338981,0.5601840518,5.0,-2.47825804,3.1975864015,,-0.711986104,3.4983723703,0.0311787027,3.6877497955,1.5851353207,0.0284329206,-0.617172082,10.452051632,-0.490245376,0.8953845585,0.7362949626,0.0232567418,0.0232567418,,2.5284551956,,0.595841062,21.131668024,0.569240984,-0.211628516,0.1096671109,0.5606403328,0.6376920311,0.00699205,44895.9925879,0.8735467,0.0006513,0.86075879,0.00741739,0.00750351,0.00417358,0.01311843,1.50066257,-0.49613561,0.46960412,0.01236641,1.46108574,,,0.01139633,0.03460975,0.01419183,1.02751759,0.38561765,0.01601257,0.38446516,0.81995681,0.37123401,0.4350977832,0.6403756862,312,-0.222501163,-0.307608342,-0.699212389,0.5265047726
20100226,20100228,226660.0,01W,JPN,-0.054767,2010,2,20100129,20100131,62.145423313,6.1897721013,62.145423313,0.0085615513,0.0,0.0074571591,0.0244025881,-0.1301617,-0.127165434,-0.046410381,-0.107302897,0.0166658508,-0.476275905,-0.085466469,0.0011925194,-0.007363879,-0.010283983,-0.10039355,0.0586031188,-0.355763516,0.120949367,-0.592055554,0.1428350337,-0.502737023,0.0084907065,-0.002383579,0.0,-0.004716938,-0.176333796,0.1716168583,0.1150865732,0.0133117779,0.1017747953,-0.003489042,-0.043077979,-0.011420528,0.0549138714,0.0117703966,0.726669172,0.4165935947,0.1999075572,-0.336145135,0.2902584493,-0.004019731,-0.000793353,-0.003489042,0.2733916535,-2.826400825,0.2303136747,-2.823925031,0.2361293529,2.5163889933,2.6723363167,24.660039761,,0.1750674634,-0.135529428,0.2018981881,,0.2459448948,-0.06236762,-0.065084558,-0.315964551,,,,,,,-0.065459145,-0.391786443,-0.013751894,-0.021393743,,,-0.474430919,0.0781134784,0.7745919454,0.1573588054,0.4440673355,,0.2218464237,0.0732807215,0.1280964237,2.3264573991,,0.7490702743,0.6024338981,0.5601840518,5.0,-2.47825804,3.1975864015,,-0.711986104,3.4983723703,0.0311787027,3.599902849,1.5473753572,0.0277556118,-0.602470248,10.203070309,-0.4785671,0.8740553459,0.7187554689,0.0227027363,0.0227027363,,2.3769418642,,0.5971932896,21.088829377,0.5726987064,-0.367206515,-0.251025693,0.594815606,0.5699446486,0.00678702,47560.03043368,0.88572156,0.00070236,0.87775697,0.00737088,0.00754651,0.00393638,0.01581018,2.51038969,-0.19259579,0.35496884,0.01495285,1.94115105,,,0.01960993,0.05667488,0.01581855,2.53851012,0.37700906,0.01500951,0.53454231,0.83996588,0.3697616,0.4252941583,1.194862465,313,-0.205115581,-0.266593896,-0.703268144,0.5365079992
20100331,20100331,226660.0,01W,JPN,-0.002846,2010,3,20100226,20100228,58.166013607,5.7934172635,58.166013607,0.0187472936,0.0,0.0173094552,-0.054766842,-0.112735472,-0.122075966,-0.047343529,-5.7197e-05,0.1183366429,-0.52922642,0.0180927559,-0.00543108,-0.01526524,-0.011903465,-0.10039355,0.0586031188,-0.355763516,0.120949367,-0.592055554,0.1428350337,-0.502737023,0.0084907065,-0.002383579,0.0,-0.004716938,-0.176333796,0.1716168583,0.1150865732,0.0133117779,0.1017747953,-0.003489042,-0.043077979,-0.011420528,0.0549138714,0.0117703966,0.726669172,0.4165935947,0.1999075572,-0.336145135,0.2902584493,-0.004019731,-0.000793353,-0.003489042,0.2733916535,-2.826400825,0.2303136747,-2.823925031,0.2361293529,2.5163889933,2.6723363167,24.660039761,,0.1750674634,-0.135529428,0.2018981881,,0.2459448948,-0.06236762,-0.065084558,-0.315964551,,,,,,,-0.065459145,-0.391786443,-0.013751894,-0.021393743,,,-0.474430919,0.0781134784,0.7745919454,0.1573588054,0.4440673355,,0.2218464237,0.0732807215,0.1280964237,2.3264573991,,0.7490702743,0.6024338981,0.5601840518,5.0,-2.47825804,3.1975864015,,-0.711986104,3.4983723703,0.0311787027,3.8461890813,1.6532385604,0.0296545033,-0.643688063,10.901110187,-0.511308119,0.9338535702,0.7679289005,0.0242559369,0.0242559369,,2.8333333582,,0.6125590295,21.208931092,0.5649316036,-0.346695617,-0.029504815,0.6234599766,0.5484449338,0.00618802,48493.20143885,0.91943945,0.00074321,0.94757876,0.00727321,0.00747666,0.001689,0.0089635,1.4396516,-0.20820775,0.1646974,0.00594885,0.11114816,,,0.00989593,0.02538661,0.01008756,1.0281298,0.3610923,0.01481938,0.42611237,0.78617965,0.36861263,0.4217458758,0.6203199572,314,-0.200467335,-0.267884756,-0.702350368,0.5393125102
20100430,20100430,226660.0,01W,JPN,0.040697,2010,4,20100331,20100331,58.000482466,5.7769301276,58.000482466,0.0188007977,0.0,0.0173094552,-0.00284584,-0.031700707,-0.18437811,-0.149771803,-0.071617897,0.1187443973,-0.487720614,0.0054387752,-0.006184227,-0.027090108,-0.008953756,-0.10039355,0.0586031188,-0.355763516,0.120949367,-0.592055554,0.1428350337,-0.502737023,0.0084907065,-0.002383579,0.0,-0.004716938,-0.176333796,0.1716168583,0.1150865732,0.0133117779,0.1017747953,-0.003489042,-0.043077979,-0.011420528,0.0549138714,0.0117703966,0.726669172,0.4165935947,0.1999075572,-0.336145135,0.2902584493,-0.004019731,-0.000793353,-0.003489042,0.2733916535,-2.826400825,0.2303136747,-2.823925031,0.2361293529,2.5163889933,2.6723363167,24.660039761,,0.1750674634,-0.135529428,0.2018981881,,0.2459448948,-0.06236762,-0.065084558,-0.315964551,,,,,,,-0.065459145,-0.391786443,-0.013751894,-0.021393743,,,-0.474430919,0.0781134784,0.7745919454,0.1573588054,0.4440673355,,0.2218464237,0.0732807215,0.1280964237,2.3264573991,,0.7490702743,0.6024338981,0.5601840518,5.0,-2.47825804,3.1975864015,,-0.711986104,3.4983723703,0.0311787027,3.8571659567,1.6579568395,0.0297391361,-0.645525124,10.932221535,-0.512767373,0.9365187523,0.7701205399,0.0243251624,0.0243251624,,2.8561451983,,0.6095227825,21.214283976,0.5533345106,-0.417580989,-0.267735478,0.631065537,0.5324208275,0.00717326,48917.03307516,0.90643144,0.00077064,0.92785156,0.00720744,0.00755328,0.00342297,0.00757829,0.48913335,-0.17439551,1.11862768,0.00736291,0.94406688,,,0.01351402,0.03412238,0.01196485,0.4122303,0.33804905,0.01363475,0.52517055,0.7839423,0.3699001,0.4310354423,0.9309300799,315,-0.192776834,-0.275350281,-0.689815457,0.544822362
20100531,20100531,226660.0,01W,JPN,-0.105619,2010,5,20100430,20100430,60.360900442,6.0120310982,60.360900442,0.0180655909,0.0,0.0173094552,0.0406965231,-0.057456824,-0.160133137,-0.157240111,-0.07926758,0.1320933946,-0.501390088,0.025406014,-0.004794181,-0.057523804,-0.006813517,-0.10039355,0.0586031188,-0.355763516,0.120949367,-0.592055554,0.1428350337,-0.502737023,0.0084907065,-0.002383579,0.0,-0.004716938,-0.176333796,0.1716168583,0.1150865732,0.0133117779,0.1017747953,-0.003489042,-0.043077979,-0.011420528,0.0549138714,0.0117703966,0.726669172,0.4165935947,0.1999075572,-0.336145135,0.2902584493,-0.004019731,-0.000793353,-0.003489042,0.2733916535,-2.826400825,0.2303136747,-2.823925031,0.2361293529,2.5163889933,2.6723363167,24.660039761,,0.1750674634,-0.135529428,0.2018981881,,0.2459448948,-0.06236762,-0.065084558,-0.315964551,,,,,,,-0.065459145,-0.391786443,-0.013751894,-0.021393743,,,-0.474430919,0.0781134784,0.7745919454,0.1573588054,0.4440673355,,0.2218464237,0.0732807215,0.1280964237,2.3264573991,,0.7490702743,0.6024338981,0.5601840518,5.0,-2.47825804,3.1975864015,,-0.711986104,3.4983723703,0.0311787027,3.7063311647,1.593122301,0.0285761848,-0.620281811,10.504716113,-0.492715562,0.8998961095,0.7400049129,0.0233739249,0.0233739249,,2.5620065555,,0.608599564,21.140729247,0.5698153816,-0.475139366,-0.29389104,0.6248515358,0.5310782935,0.00588997,58603.64098916,1.18324065,0.00093658,1.1496091,0.00691432,0.0073865,0.0075599,0.03094687,3.02657739,-0.20535831,0.7608031,0.03179183,3.04540913,,,0.0405849,0.12591316,0.03297763,2.71039201,0.29074183,0.01606379,0.57070037,0.81584603,0.36602916,0.512514107,2.38435217,316,-0.226416139,-0.2759308,-0.70182139,0.48951907
20100630,20100630,226660.0,01W,JPN,0.063043,2010,6,20100531,20100531,53.985646938,5.3770468278,53.985646938,0.0201989862,0.0,0.0173094552,-0.105618926,0.0377348678,-0.129680977,-0.138843081,-0.065537929,0.06912166,-0.481579437,0.0591068219,-0.019769249,0.0083958758,-0.011915662,-0.10039355,0.0586031188,-0.355763516,0.120949367,-0.592055554,0.1428350337,-0.502737023,0.0084907065,-0.002383579,0.0,-0.004716938,-0.176333796,0.1716168583,0.1150865732,0.0133117779,0.1017747953,-0.003489042,-0.043077979,-0.011420528,0.0549138714,0.0117703966,0.726669172,0.4165935947,0.1999075572,-0.336145135,0.2902584493,-0.004019731,-0.000793353,-0.003489042,0.2733916535,-2.826400825,0.2303136747,-2.823925031,0.2361293529,2.5163889933,2.6723363167,24.660039761,,0.1750674634,-0.135529428,0.2018981881,,0.2459448948,-0.06236762,-0.065084558,-0.315964551,,,,,,,-0.065459145,-0.391786443,-0.013751894,-0.021393743,,,-0.474430919,0.0781134784,0.7745919454,0.1573588054,0.4440673355,,0.2218464237,0.0732807215,0.1280964237,2.3264573991,,0.7490702743,0.6024338981,0.5601840518,5.0,-2.47825804,3.1975864015,,-0.711986104,3.4983723703,0.0311787027,4.1440178849,1.7812567239,0.0319507933,-0.693531906,11.745235251,-0.55090115,1.0061663155,0.8273933056,0.02613419,0.02613419,,3.5492269482,,0.6043006506,21.354167591,0.5976156854,-0.370708871,-0.941082523,0.6246611923,0.5438539829,0.00662119,60919.67001885,1.11900651,0.00099601,1.0723915,0.00679308,0.00731192,0.00194015,0.00958614,-0.43102035,-0.21351855,0.081604,0.00764647,-0.37046477,,,0.00503367,0.00877428,0.00974502,-0.44566976,0.25238708,0.01582204,0.56059927,0.72967725,0.36515805,0.5236124445,0.3021354306,317,-0.221529988,-0.276561943,-0.701573675,0.5015431541
20100730,20100731,226660.0,01W,JPN,0.030362,2010,7,20100630,20100630,57.389064144,5.7160319976,57.389064144,0.0190010998,0.0,0.0173094552,0.0630430012,-0.069220726,-0.101291965,-0.242996508,-0.210877342,0.0137793417,-0.458480052,0.0059906681,-0.014582673,-0.010905979,-0.009134179,0.0441768008,0.0151621189,0.2471856216,0.0989513629,-0.166813515,0.2267789626,-0.146880823,0.0063588156,0.0019637429,0.0,0.0101110338,0.0049199568,0.005191077,0.0607350868,-0.002304263,0.06303935,0.0023428734,-0.00037913,0.0109121309,0.037181361,0.0071653268,0.703084437,0.0245082941,0.1272101033,0.0133180253,0.1056428755,-0.002366722,0.0,-0.002366722,0.025168302,4.9310344828,0.0247891715,4.8567543236,0.1342952782,2.4680336164,2.5721205661,14.743622778,,0.2242266907,-0.034763887,0.0504201681,,0.0712446289,0.109985804,0.0273379744,-0.19651752,,,,,,,-0.048106515,-0.709043941,-0.009644049,-0.030637186,,,-0.164217312,0.0518711492,0.7341444581,0.1408776769,0.0255909921,3.1465517241,-0.020064241,0.0496765961,-0.241910664,2.6092996556,,0.7510117921,0.6906927544,0.680619313,4.0,-4.220356686,3.0145452557,10.804005091,-0.931686217,0.0873163284,0.0630018582,4.4549265634,1.7073265441,0.0539052583,-0.945008182,11.216214105,0.022738218,-0.089384719,-0.299125179,0.0096049369,0.0096049369,,13.833880065,4.0243366641,0.7374510977,12.119182972,0.5917383451,-0.418638998,-1.01066908,0.5356282297,0.6610577352,0.00651663,59757.82249015,1.16675074,0.0009961,1.10180087,0.00673293,0.0072261,0.00249603,0.01468612,-0.12095581,-0.358524,-0.08776994,0.01310437,0.2146927,,,0.01988163,0.03641166,0.01510151,-0.67363792,0.26228855,0.01613825,0.56447049,0.77567829,0.36215207,0.5164561334,1.1781214919,318,0.2379567863,0.1073506413,-0.328700838,0.7666095402
20100831,20100831,226660.0,01W,JPN,-0.015714,2010,8,20100730,20100731,59.131494975,5.889580574,59.131494975,0.0184411934,0.0,0.0173094552,0.0303617223,-0.049234459,-0.067392744,-0.168986683,-0.166124155,-0.127165434,-0.457118097,0.0184639606,-0.013501059,-0.038947595,-0.006527582,0.0441768008,0.0151621189,0.2471856216,0.0989513629,-0.166813515,0.2267789626,-0.146880823,0.0063588156,0.0019637429,0.0,0.0101110338,0.0049199568,0.005191077,0.0607350868,-0.002304263,0.06303935,0.0023428734,-0.00037913,0.0109121309,0.037181361,0.0071653268,0.703084437,0.0245082941,0.1272101033,0.0133180253,0.1056428755,-0.002366722,0.0,-0.002366722,0.025168302,4.9310344828,0.0247891715,4.8567543236,0.1342952782,2.4680336164,2.5721205661,14.743622778,,0.2242266907,-0.034763887,0.0504201681,,0.0712446289,0.109985804,0.0273379744,-0.19651752,,,,,,,-0.048106515,-0.709043941,-0.009644049,-0.030637186,,,-0.164217312,0.0518711492,0.7341444581,0.1408776769,0.0255909921,3.1465517241,-0.020064241,0.0496765961,-0.241910664,2.6092996556,,0.7510117921,0.6906927544,0.680619313,4.0,-4.220356686,3.0145452557,10.804005091,-0.931686217,0.0873163284,0.0630018582,4.3236530112,1.6570166642,0.0523168292,-0.917161577,10.885705342,0.0220681898,-0.086750815,-0.290310842,0.0093219078,0.0093219078,,8.9129309648,2.5928108888,0.7360928083,12.331762715,0.5965493244,-0.377815597,-0.769329136,0.4644115679,0.6672168749,0.00681842,55744.74156272,1.21492823,0.00094354,1.13490431,0.00672996,0.00721894,0.00238029,0.00839757,-0.2114802,0.13762893,0.17084248,0.00751304,-0.31036289,,,0.01294292,0.0196726,0.00875636,0.2748282,0.26412588,0.01583559,0.56095045,0.79922922,0.36072441,0.5080047168,0.787440463,319,-0.262402995,-0.568384366,-0.543513288,0.7707223481
20100930,20100930,226660.0,01W,JPN,0.034371,2010,9,20100831,20100831,57.630574471,5.7400867679,57.630574471,0.0199455454,0.0,0.0197240469,-0.015713935,0.0953188177,0.0165987199,-0.14740727,-0.156382763,-0.122075966,-0.457520676,0.0174357957,-0.01651467,-0.022836101,-0.008009441,0.0441768008,0.0151621189,0.2471856216,0.0989513629,-0.166813515,0.2267789626,-0.146880823,0.0063588156,0.0019637429,0.0,0.0101110338,0.0049199568,0.005191077,0.0607350868,-0.002304263,0.06303935,0.0023428734,-0.00037913,0.0109121309,0.037181361,0.0071653268,0.703084437,0.0245082941,0.1272101033,0.0133180253,0.1056428755,-0.002366722,0.0,-0.002366722,0.025168302,4.9310344828,0.0247891715,4.8567543236,0.1342952782,2.4680336164,2.5721205661,14.743622778,,0.2242266907,-0.034763887,0.0504201681,,0.0712446289,0.109985804,0.0273379744,-0.19651752,,,,,,,-0.048106515,-0.709043941,-0.009644049,-0.030637186,,,-0.164217312,0.0518711492,0.7341444581,0.1408776769,0.0255909921,3.1465517241,-0.020064241,0.0496765961,-0.241910664,2.6092996556,,0.7510117921,0.6906927544,0.680619313,4.0,-4.220356686,3.0145452557,10.804005091,-0.931686217,0.0873163284,0.0630018582,4.4362574667,1.7001717136,0.0536793595,-0.941047971,11.169210729,0.0226429298,-0.089010138,-0.297871646,0.0095646859,0.0095646859,,12.850485035,3.7382627168,0.7336201144,12.149415046,0.5983659219,-0.220537998,-0.206693284,0.4741782432,0.6841411852,0.00618302,55259.98501712,1.42580257,0.00093135,1.34501608,0.00671724,0.00715566,0.00331955,0.00896901,-0.20255765,-0.074912,-0.14194316,0.00840354,-0.05549291,,,0.01521892,0.01787089,0.01254289,-0.24472439,0.31276907,0.01590014,0.61816088,0.77894258,0.35649671,0.5039002369,0.9181591125,320,-0.268969808,-0.568367457,-0.546024487,0.7629533494
20101029,20101031,226660.0,01W,JPN,-0.050619,2010,10,20100930,20100930,59.611409456,5.9373807353,59.611409456,0.0192827724,0.0,0.0197240469,0.0343712518,0.014170685,0.0034796957,-0.031096533,-0.1838692,-0.18437811,-0.445763953,-0.031631326,-0.010514436,-0.082237504,-0.002118806,0.0441768008,0.0151621189,0.2471856216,0.0989513629,-0.166813515,0.2267789626,-0.146880823,0.0063588156,0.0019637429,0.0,0.0101110338,0.0049199568,0.005191077,0.0607350868,-0.002304263,0.06303935,0.0023428734,-0.00037913,0.0109121309,0.037181361,0.0071653268,0.703084437,0.0245082941,0.1272101033,0.0133180253,0.1056428755,-0.002366722,0.0,-0.002366722,0.025168302,4.9310344828,0.0247891715,4.8567543236,0.1342952782,2.4680336164,2.5721205661,14.743622778,,0.2242266907,-0.034763887,0.0504201681,,0.0712446289,0.109985804,0.0273379744,-0.19651752,,,,,,,-0.048106515,-0.709043941,-0.009644049,-0.030637186,,,-0.164217312,0.0518711492,0.7341444581,0.1408776769,0.0255909921,3.1465517241,-0.020064241,0.0496765961,-0.241910664,2.6092996556,,0.7510117921,0.6906927544,0.680619313,4.0,-4.220356686,3.0145452557,10.804005091,-0.931686217,0.0873163284,0.0630018582,4.2888445122,1.643676495,0.0518956413,-0.909777771,10.798067628,0.0218905251,-0.086052409,-0.287973632,0.0092468597,0.0092468597,,8.1176117915,2.361449037,0.7296556616,12.388130366,0.6352693753,-0.284287465,-0.145323699,0.467779317,0.6778952759,0.00739746,53879.70967084,1.47136965,0.00090477,1.39121834,0.00673114,0.00712436,0.00422589,0.01022879,0.05216594,-0.21802551,0.7048796,0.00998883,0.32425771,,,0.01525281,0.02624304,0.01170267,-0.56961093,0.35638204,0.01561278,0.6951881,0.80571581,0.3576389,0.5021532519,0.9294139603,321,-0.277562024,-0.583634733,-0.544714202,0.7697458559
20101130,20101130,226660.0,01W,JPN,0.08205,2010,11,20101029,20101031,56.593921514,5.6368346665,56.593921514,0.0203108957,0.0,0.0197240469,-0.050619302,0.018117209,-0.002619375,-0.021667942,-0.128242931,-0.160133137,-0.438659581,0.0042829145,-0.015505547,0.115436681,-0.019810646,0.0441768008,0.0151621189,0.2471856216,0.0989513629,-0.166813515,0.2267789626,-0.146880823,0.0063588156,0.0019637429,0.0,0.0101110338,0.0049199568,0.005191077,0.0607350868,-0.002304263,0.06303935,0.0023428734,-0.00037913,0.0109121309,0.037181361,0.0071653268,0.703084437,0.0245082941,0.1272101033,0.0133180253,0.1056428755,-0.002366722,0.0,-0.002366722,0.025168302,4.9310344828,0.0247891715,4.8567543236,0.1342952782,2.4680336164,2.5721205661,14.743622778,,0.2242266907,-0.034763887,0.0504201681,,0.0712446289,0.109985804,0.0273379744,-0.19651752,,,,,,,-0.048106515,-0.709043941,-0.009644049,-0.030637186,,,-0.164217312,0.0518711492,0.7341444581,0.1408776769,0.0255909921,3.1465517241,-0.020064241,0.0496765961,-0.241910664,2.6092996556,,0.7510117921,0.6906927544,0.680619313,4.0,-4.220356686,3.0145452557,10.804005091,-0.931686217,0.0873163284,0.0630018582,4.5175181268,1.7313144227,0.0546626253,-0.958285515,11.373801523,0.0230576892,-0.090640571,-0.303327877,0.009739886,0.009739886,,18.493305489,5.3797840499,0.7370069974,12.01782441,0.6288550363,-0.271295595,0.0252713093,0.4791994549,0.6755629176,0.0074211,43334.17069707,1.35160841,0.00074491,1.31260942,0.00702903,0.00711781,0.00192871,0.01296313,-1.3323678,-0.04043711,0.78384283,0.01222027,-1.0943447,,,0.01422394,0.01670869,0.0135948,-0.80404904,0.37342094,0.0147845,0.67996981,0.80800446,0.35476395,0.4803450503,0.9072691901,322,-0.278130173,-0.594415271,-0.545780616,0.7926125161
20101230,20101231,226660.0,01W,JPN,0.030922,2010,12,20101130,20101130,61.237438001,6.0993354794,61.237438001,0.0187707598,0.0,0.0197240469,0.082049739,-0.017987899,0.058714168,-0.017375169,-0.175900214,-0.129680977,-0.465599995,-0.133871255,0.0041236345,0.0047344765,-0.010897454,0.0441768008,0.0151621189,0.2471856216,0.0989513629,-0.166813515,0.2267789626,-0.146880823,0.0063588156,0.0019637429,0.0,0.0101110338,0.0049199568,0.005191077,0.0607350868,-0.002304263,0.06303935,0.0023428734,-0.00037913,0.0109121309,0.037181361,0.0071653268,0.703084437,0.0245082941,0.1272101033,0.0133180253,0.1056428755,-0.002366722,0.0,-0.002366722,0.025168302,4.9310344828,0.0247891715,4.8567543236,0.1342952782,2.4680336164,2.5721205661,14.743622778,,0.2242266907,-0.034763887,0.0504201681,,0.0712446289,0.109985804,0.0273379744,-0.19651752,,,,,,,-0.048106515,-0.709043941,-0.009644049,-0.030637186,,,-0.164217312,0.0518711492,0.7341444581,0.1408776769,0.0255909921,3.1465517241,-0.020064241,0.0496765961,-0.241910664,2.6092996556,,0.7510117921,0.6906927544,0.680619313,4.0,-4.220356686,3.0145452557,10.804005091,-0.931686217,0.0873163284,0.0630018582,4.1749634644,1.6000321985,0.0505176641,-0.885620577,10.511348151,0.0213092692,-0.083767472,-0.280327111,0.0090013292,0.0090013292,,6.2331317985,1.8132455039,0.7360346772,12.572545303,0.6318405613,-0.465893442,0.6124949681,0.480791397,0.653209001,0.00742708,39938.17836933,1.47962473,0.00068255,1.43344824,0.00717013,0.00712088,0.00378635,0.00961034,-0.5575605,-0.0283867,0.30737284,0.00800052,0.78040787,,,0.01600641,0.01998024,0.01087019,-0.63535458,0.42057941,0.01443357,0.71959898,0.88113333,0.35445055,0.482459395,1.0437750068,323,-0.282731355,-0.593323665,-0.547064806,0.7908208673
20110131,20110131,226660.0,01W,JPN,-0.081667,2011,1,20101230,20101231,63.13104588,6.2879415037,63.13104588,0.0182077332,0.0,0.0197240469,0.030922389,0.0272771364,0.0776435081,0.0662834132,0.0295431986,-0.101291965,-0.527540084,0.0244025881,0.0047163437,0.013115488,-0.014240059,0.0629334049,0.0151621189,0.2471856216,0.1154906066,-0.846785921,0.2267789626,-0.146880823,0.0085500141,0.0019637429,0.0,0.0184626462,0.0332035452,-0.014740899,0.0361760026,-0.002304263,0.06303935,-0.00484976,0.0048497599,0.0109121309,0.0308077739,0.0071653268,0.703084437,0.0245082941,0.1272101033,0.0133180253,0.1056428755,-0.002366722,0.0,-0.002673678,0.025168302,4.9310344828,0.0247891715,4.8567543236,0.1342952782,2.4680336164,2.5721205661,14.743622778,,0.1692708333,-0.034763887,0.0504201681,,0.0712446289,0.109985804,0.0273379744,-0.19651752,,,,,,,-0.048106515,-0.709043941,-0.009644049,-0.030637186,,,-0.164217312,0.0518711492,0.7341444581,0.1408776769,0.0255909921,3.1465517241,-0.020064241,0.0496765961,-0.241910664,2.2978135788,,0.7510117921,0.6906927544,0.6607003049,4.0,-4.220356686,3.0145452557,10.804005091,-0.931686217,0.0873163284,0.0630018582,3.7667170925,1.6392613949,0.0090546084,-0.628540733,10.196061569,0.0206701003,-0.081254877,-0.271918734,0.0087313355,0.0087313355,,2.7209461477,1.4273598622,0.7853045984,12.7753343,0.6841122365,-0.100439922,0.6735888506,0.4678101635,0.7298192673,0.00730051,39331.49560669,1.46955896,0.00065817,1.44244191,0.00732385,0.00715736,0.00205391,0.00891955,-0.68944509,0.31899283,0.58899273,0.00919683,-0.80266795,,,0.01163939,0.01727794,0.00918964,-0.63007388,0.43057414,0.01403806,0.64663127,0.94417364,0.35705665,0.4853118923,0.7813942323,324,-0.228028202,-0.567821823,-0.547503933,0.8565004938
20110228,20110228,226660.0,01W,JPN,0.004324,2011,2,20110131,20110131,57.975295738,5.7744214939,57.975295738,0.0198269491,0.0,0.0197240469,-0.081667428,0.1155093019,0.0782299029,0.0562689692,0.0360957169,-0.067392744,-0.535779854,-0.054766842,0.0022708359,-0.033079544,-0.010453757,0.0629334049,0.0151621189,0.2471856216,0.1154906066,-0.846785921,0.2267789626,-0.146880823,0.0085500141,0.0019637429,0.0,0.0184626462,0.0332035452,-0.014740899,0.0361760026,-0.002304263,0.06303935,-0.00484976,0.0048497599,0.0109121309,0.0308077739,0.0071653268,0.703084437,0.0245082941,0.1272101033,0.0133180253,0.1056428755,-0.002366722,0.0,-0.002673678,0.025168302,4.9310344828,0.0247891715,4.8567543236,0.1342952782,2.4680336164,2.5721205661,14.743622778,,0.1692708333,-0.034763887,0.0504201681,,0.0712446289,0.109985804,0.0273379744,-0.19651752,,,,,,,-0.048106515,-0.709043941,-0.009644049,-0.030637186,,,-0.164217312,0.0518711492,0.7341444581,0.1408776769,0.0255909921,3.1465517241,-0.020064241,0.0496765961,-0.241910664,2.2978135788,,0.7510117921,0.6906927544,0.6607003049,4.0,-4.220356686,3.0145452557,10.804005091,-0.931686217,0.0873163284,0.0630018582,4.1016917044,1.7850411113,0.0098598358,-0.684436937,11.102798572,0.0225082949,-0.088480883,-0.2961005,0.0095078142,0.0095078142,,3.4877471526,3.3939005103,0.7791762453,12.192130644,0.6661489109,-0.164086385,0.0539647653,0.5119530496,0.6966102935,0.00509038,52371.70406225,1.75308467,0.00087837,1.7648602,0.00690737,0.00698899,0.00226583,0.0180509,-2.73550722,0.26430256,0.24832645,0.01911574,-2.65001956,,,0.00940852,0.02474864,0.01850075,-2.42304686,0.41511895,0.01416043,0.62392241,0.86706541,0.35157034,0.4983542543,0.6202712664,325,-0.142272156,-0.39403948,-0.562024293,0.8411474495
20110331,20110331,226660.0,01W,JPN,-0.055921,2011,3,20110228,20110228,57.603887423,5.7374287001,57.603887423,0.0209157114,0.0,0.0206129952,0.0043236356,-0.053270391,0.0059815692,0.0845558207,0.0066092549,0.0165987199,-0.541875025,-0.00284584,0.0029226064,0.005356691,-0.014233777,0.0629334049,0.0151621189,0.2471856216,0.1154906066,-0.846785921,0.2267789626,-0.146880823,0.0085500141,0.0019637429,0.0,0.0184626462,0.0332035452,-0.014740899,0.0361760026,-0.002304263,0.06303935,-0.00484976,0.0048497599,0.0109121309,0.0308077739,0.0071653268,0.703084437,0.0245082941,0.1272101033,0.0133180253,0.1056428755,-0.002366722,0.0,-0.002673678,0.025168302,4.9310344828,0.0247891715,4.8567543236,0.1342952782,2.4680336164,2.5721205661,14.743622778,,0.1692708333,-0.034763887,0.0504201681,,0.0712446289,0.109985804,0.0273379744,-0.19651752,,,,,,,-0.048106515,-0.709043941,-0.009644049,-0.030637186,,,-0.164217312,0.0518711492,0.7341444581,0.1408776769,0.0255909921,3.1465517241,-0.020064241,0.0496765961,-0.241910664,2.2978135788,,0.7510117921,0.6906927544,0.6607003049,4.0,-4.220356686,3.0145452557,10.804005091,-0.931686217,0.0873163284,0.0630018582,4.128137878,1.7965503886,0.0099234084,-0.68884993,11.174385263,0.02265342,-0.089051375,-0.298009645,0.0095691171,0.0095691171,,3.5600199592,3.7678594336,0.7958714931,12.146086841,0.6567369504,-0.221014235,-0.304212895,0.5173963308,0.6728047473,0.00501984,61235.19191821,1.46781588,0.00103535,1.48301548,0.00666252,0.00687539,0.00285871,0.00792438,0.05240571,0.00053917,0.50748856,0.00723496,-0.49843535,,,0.01101284,0.02011642,0.00884282,0.09622238,0.35049544,0.01408263,0.64545928,0.86151071,0.34981015,0.5086817483,0.729867143,326,-0.151872189,-0.398057581,-0.565029759,0.8134227543
20110428,20110430,226660.0,01W,JPN,-0.041282,2011,4,20110331,20110331,54.382644981,5.4165883947,54.382644981,0.0221546099,0.0,0.0206129952,-0.055920574,-0.077696893,-0.023241351,0.0246481502,0.0138467116,0.0034796957,-0.534347587,0.0406965231,-0.005860766,-0.033981176,-0.010291258,0.0629334049,0.0151621189,0.2471856216,0.1154906066,-0.846785921,0.2267789626,-0.146880823,0.0085500141,0.0019637429,0.0,0.0184626462,0.0332035452,-0.014740899,0.0361760026,-0.002304263,0.06303935,-0.00484976,0.0048497599,0.0109121309,0.0308077739,0.0071653268,0.703084437,0.0245082941,0.1272101033,0.0133180253,0.1056428755,-0.002366722,0.0,-0.002673678,0.025168302,4.9310344828,0.0247891715,4.8567543236,0.1342952782,2.4680336164,2.5721205661,14.743622778,,0.1692708333,-0.034763887,0.0504201681,,0.0712446289,0.109985804,0.0273379744,-0.19651752,,,,,,,-0.048106515,-0.709043941,-0.009644049,-0.030637186,,,-0.164217312,0.0518711492,0.7341444581,0.1408776769,0.0255909921,3.1465517241,-0.020064241,0.0496765961,-0.241910664,2.2978135788,,0.7510117921,0.6906927544,0.6607003049,4.0,-4.220356686,3.0145452557,10.804005091,-0.931686217,0.0873163284,0.0630018582,4.3726595069,1.9029653002,0.0105112007,-0.729652518,11.836276646,0.023995248,-0.094326147,-0.315661625,0.0101359237,0.0101359237,,4.3400174219,84.947756501,0.7965814769,11.7203653,0.6590438199,-0.178905033,-0.360140592,0.5130142732,0.6758404373,0.0063893,64822.07825239,1.36160492,0.00112006,1.35184589,0.00651383,0.0068035,0.00737857,0.01686936,0.80366196,-0.88497177,1.53356393,0.01507856,-0.36405919,,,0.0456464,0.09110257,0.04480495,-1.25765705,0.33637375,0.01568082,1.28372327,0.81333453,0.39035251,0.555493561,2.3161944526,327,-0.157137165,-0.411504762,-0.57831521,0.8103886391
20110531,20110531,226660.0,01W,JPN,0.019294,2011,5,20110428,20110430,52.137613562,5.1929800885,52.137613562,0.0231085813,0.0,0.0206129952,-0.04128213,-0.051838718,-0.028695499,-0.061155693,-0.080277679,-0.002619375,-0.519004072,-0.105618926,-1.1966e-05,-0.047727722,-0.00828708,0.0629334049,0.0151621189,0.2471856216,0.1154906066,-0.846785921,0.2267789626,-0.146880823,0.0085500141,0.0019637429,0.0,0.0184626462,0.0332035452,-0.014740899,0.0361760026,-0.002304263,0.06303935,-0.00484976,0.0048497599,0.0109121309,0.0308077739,0.0071653268,0.703084437,0.0245082941,0.1272101033,0.0133180253,0.1056428755,-0.002366722,0.0,-0.002673678,0.025168302,4.9310344828,0.0247891715,4.8567543236,0.1342952782,2.4680336164,2.5721205661,14.743622778,,0.1692708333,-0.034763887,0.0504201681,,0.0712446289,0.109985804,0.0273379744,-0.19651752,,,,,,,-0.048106515,-0.709043941,-0.009644049,-0.030637186,,,-0.164217312,0.0518711492,0.7341444581,0.1408776769,0.0255909921,3.1465517241,-0.020064241,0.0496765961,-0.241910664,2.2978135788,,0.7510117921,0.6906927544,0.6607003049,4.0,-4.220356686,3.0145452557,10.804005091,-0.931686217,0.0873163284,0.0630018582,4.5609450326,1.984906467,0.0109638102,-0.761071156,12.34594349,0.0250284768,-0.098387806,-0.329253928,0.0105723738,0.0105723738,,5.1221748353,,0.7865756002,11.392552973,0.6573506257,-0.209070031,-0.464728548,0.5200628294,0.6915826586,0.00742336,63942.91353177,1.38239817,0.00111735,1.35544606,0.00649105,0.00692519,0.0031851,0.01313574,-1.39308737,-0.77783742,0.8795813,0.0128076,-1.25692092,,,0.01664615,0.02067528,0.0190254,-1.98291093,0.36534108,0.0134691,1.30089507,0.81772116,0.39358381,0.5093434656,0.9184758252,328,-0.189902273,-0.464416795,-0.632474175,0.8429961327
20110630,20110630,226660.0,01W,JPN,0.003627,2011,6,20110531,20110531,53.143555424,5.2931733214,53.143555424,0.0226711644,0.0,0.0206129952,0.0192939759,-0.094894183,-0.139404642,-0.085543475,-0.014117974,0.058714168,-0.469800269,0.0630430012,-0.00398915,0.0196903423,-0.012529615,0.0629334049,0.0151621189,0.2471856216,0.1154906066,-0.846785921,0.2267789626,-0.146880823,0.0085500141,0.0019637429,0.0,0.0184626462,0.0332035452,-0.014740899,0.0361760026,-0.002304263,0.06303935,-0.00484976,0.0048497599,0.0109121309,0.0308077739,0.0071653268,0.703084437,0.0245082941,0.1272101033,0.0133180253,0.1056428755,-0.002366722,0.0,-0.002673678,0.025168302,4.9310344828,0.0247891715,4.8567543236,0.1342952782,2.4680336164,2.5721205661,14.743622778,,0.1692708333,-0.034763887,0.0504201681,,0.0712446289,0.109985804,0.0273379744,-0.19651752,,,,,,,-0.048106515,-0.709043941,-0.009644049,-0.030637186,,,-0.164217312,0.0518711492,0.7341444581,0.1408776769,0.0255909921,3.1465517241,-0.020064241,0.0496765961,-0.241910664,2.2978135788,,0.7510117921,0.6906927544,0.6607003049,4.0,-4.220356686,3.0145452557,10.804005091,-0.931686217,0.0873163284,0.0630018582,4.4746119768,1.9473346393,0.0107562788,-0.746665019,12.112250029,0.0245547187,-0.096525446,-0.323021558,0.0103722519,0.0103722519,,4.7394545236,,0.8141981392,11.542862136,0.5835337617,-0.201871921,-1.324398863,0.5210266876,0.6839446891,0.00758281,62462.9428814,1.4122847,0.0010991,1.37702438,0.00645978,0.00697612,0.00110385,0.00978735,0.00932378,0.02925536,0.46565358,0.00929548,-0.23846285,,,0.01211627,0.02348307,0.01007337,0.05298828,0.38515436,0.01342193,1.31361512,0.83349825,0.39115452,0.5079531378,0.6716923812,329,-0.198077708,-0.472555649,-0.642311581,0.8377597379
20110729,20110731,226660.0,01W,JPN,0.078014,2011,7,20110630,20110630,53.336329588,5.312373901,53.336329588,0.0225892238,0.0,0.0206129952,0.0036274232,-0.02278465,-0.149111831,-0.098872841,-0.054691477,0.0776435081,-0.427703819,0.0303617223,-0.006419541,-0.010275034,-0.008028346,-0.134960307,0.0937082601,-0.33572274,0.0297142671,0.1812902182,0.1753577215,-0.46626486,0.0024258387,-0.021682564,0.0,-0.023075262,-0.160712126,0.1376368646,0.0091313291,0.0004759748,0.0086553543,0.0028470515,-0.024529616,0.0278998325,0.0018490089,0.0057394531,0.9008665894,-0.035822708,0.1277915633,-0.068362283,0.056736373,-0.012057424,0.0,-0.012057424,0.0938345201,3.0852994555,0.0693049045,2.2787603526,0.2551621195,3.1252414859,2.9529027892,9.8853273912,,0.1388198929,0.1002672301,-0.005979073,,0.1265485762,0.067433853,0.0057054708,-0.171522952,,,,,,,0.0236790107,0.4658125745,0.0121153681,-0.038075935,,,-0.421827117,0.0501825201,0.779285358,0.1283248996,-0.030988064,,-0.124247944,0.0580118121,-0.104183703,2.2477667494,,0.7738304355,0.4680728414,0.5268806509,3.0,-3.017937012,3.783405952,,-0.592062852,-0.094424796,0.0572525963,4.1465089021,1.8447238368,0.0698065472,-0.505811375,13.199388138,-0.126109533,-0.515195206,-0.665107627,0.0226585186,0.0226585186,,2.7019045174,0.4867503681,0.62632474,15.021725706,0.583306729,-0.215626147,-0.646381376,0.5483061686,0.5918677269,0.00662474,61838.15429602,1.44823202,0.00110755,1.3916578,0.00635757,0.00698843,0.0057014,0.01714552,0.12517159,0.15052903,0.20180327,0.01770083,0.0356369,,,0.02564182,0.04125335,0.01793844,0.61816161,0.43152847,0.01342247,1.38158402,0.8365217,0.38252765,0.5136682943,1.4057102978,330,-0.721069758,-1.13246243,-0.840113861,0.6203170367
20110831,20110831,226660.0,01W,JPN,0.00496,2011,8,20110729,20110731,57.49730504,5.726812944,57.49730504,0.0209544827,0.0,0.0206129952,0.0780139069,0.0229913865,-0.070081225,-0.047383278,-0.079218941,0.0782299029,-0.377867893,-0.015713935,0.0021011716,-0.039136548,-0.003528727,-0.134960307,0.0937082601,-0.33572274,0.0297142671,0.1812902182,0.1753577215,-0.46626486,0.0024258387,-0.021682564,0.0,-0.023075262,-0.160712126,0.1376368646,0.0091313291,0.0004759748,0.0086553543,0.0028470515,-0.024529616,0.0278998325,0.0018490089,0.0057394531,0.9008665894,-0.035822708,0.1277915633,-0.068362283,0.056736373,-0.012057424,0.0,-0.012057424,0.0938345201,3.0852994555,0.0693049045,2.2787603526,0.2551621195,3.1252414859,2.9529027892,9.8853273912,,0.1388198929,0.1002672301,-0.005979073,,0.1265485762,0.067433853,0.0057054708,-0.171522952,,,,,,,0.0236790107,0.4658125745,0.0121153681,-0.038075935,,,-0.421827117,0.0501825201,0.779285358,0.1283248996,-0.030988064,,-0.124247944,0.0580118121,-0.104183703,2.2477667494,,0.7738304355,0.4680728414,0.5268806509,3.0,-3.017937012,3.783405952,,-0.592062852,-0.094424796,0.0572525963,3.8464335901,1.7112245259,0.0647547742,-0.469206725,12.244172411,-0.116983215,-0.477911465,-0.616974997,0.0210187628,0.0210187628,,2.3335277354,0.4203869815,0.6212912592,15.333748912,0.5969639864,-0.361157079,-0.689391356,0.5863171393,0.5547061069,0.00683673,48324.16607324,1.16468712,0.00088123,1.11814769,0.00670076,0.0069834,0.00161996,0.00714178,1.0035537,-0.21655799,0.92711192,0.00684092,1.09283287,,,0.01455102,0.02631023,0.00887293,0.29157229,0.44395869,0.0132668,1.40027527,0.90178203,0.37732549,0.5129558821,0.7950723268,331,-0.884896875,-1.172215779,-0.954828244,0.5490953678
20110930,20110930,226660.0,01W,JPN,0.021377,2011,9,20110831,20110831,57.124403073,5.6896713804,57.124403073,0.022164914,0.0,0.0221961245,0.0049604645,0.0819243195,-0.001850264,-0.05093635,0.008461688,0.0059815692,-0.385598161,0.0343712518,-0.000572536,-0.017440517,-0.005782549,-0.134960307,0.0937082601,-0.33572274,0.0297142671,0.1812902182,0.1753577215,-0.46626486,0.0024258387,-0.021682564,0.0,-0.023075262,-0.160712126,0.1376368646,0.0091313291,0.0004759748,0.0086553543,0.0028470515,-0.024529616,0.0278998325,0.0018490089,0.0057394531,0.9008665894,-0.035822708,0.1277915633,-0.068362283,0.056736373,-0.012057424,0.0,-0.012057424,0.0938345201,3.0852994555,0.0693049045,2.2787603526,0.2551621195,3.1252414859,2.9529027892,9.8853273912,,0.1388198929,0.1002672301,-0.005979073,,0.1265485762,0.067433853,0.0057054708,-0.171522952,,,,,,,0.0236790107,0.4658125745,0.0121153681,-0.038075935,,,-0.421827117,0.0501825201,0.779285358,0.1283248996,-0.030988064,,-0.124247944,0.0580118121,-0.104183703,2.2477667494,,0.7738304355,0.4680728414,0.5268806509,3.0,-3.017937012,3.783405952,,-0.592062852,-0.094424796,0.0572525963,3.8715426954,1.7223952158,0.0651774865,-0.472269656,12.324101053,-0.117746869,-0.48103122,-0.621002543,0.021155971,0.021155971,,2.3623928908,0.4255870635,0.625622209,15.307640055,0.5738252583,-0.295653253,-0.16384049,0.5933255283,0.5622536813,0.00586572,41393.87879013,1.48721765,0.00076488,1.43084027,0.00689554,0.00692729,0.00319629,0.00967794,0.93019847,0.16871285,0.33563031,0.00882643,0.34311903,0.00882497,-0.49834628,0.01582782,0.04175347,0.01247066,1.32572341,0.48421772,0.01339063,1.36144817,0.89593347,0.37624938,0.5060013811,0.8660685624,332,-0.888736153,-1.172068684,-0.957778157,0.552670036
20111031,20111031,226660.0,01W,JPN,-0.037799,2011,10,20110930,20110930,58.345526463,5.811296998,58.345526463,0.0217010207,0.0,0.0221961245,0.0213765628,0.0833613566,0.0625176175,-0.07483681,-0.0202124,-0.023241351,-0.335492101,-0.050619302,0.0059725423,-0.079173565,0.0016021589,-0.134960307,0.0937082601,-0.33572274,0.0297142671,0.1812902182,0.1753577215,-0.46626486,0.0024258387,-0.021682564,0.0,-0.023075262,-0.160712126,0.1376368646,0.0091313291,0.0004759748,0.0086553543,0.0028470515,-0.024529616,0.0278998325,0.0018490089,0.0057394531,0.9008665894,-0.035822708,0.1277915633,-0.068362283,0.056736373,-0.012057424,0.0,-0.012057424,0.0938345201,3.0852994555,0.0693049045,2.2787603526,0.2551621195,3.1252414859,2.9529027892,9.8853273912,,0.1388198929,0.1002672301,-0.005979073,,0.1265485762,0.067433853,0.0057054708,-0.171522952,,,,,,,0.0236790107,0.4658125745,0.0121153681,-0.038075935,,,-0.421827117,0.0501825201,0.779285358,0.1283248996,-0.030988064,,-0.124247944,0.0580118121,-0.104183703,2.2477667494,,0.7738304355,0.4680728414,0.5268806509,3.0,-3.017937012,3.783405952,,-0.592062852,-0.094424796,0.0572525963,3.7905145236,1.6863469151,0.0638133758,-0.462385444,12.066167858,-0.115282525,-0.470963636,-0.608005476,0.0207131941,0.0207131941,,2.270425663,0.4090190901,0.6199190758,15.39189447,0.5688159568,-0.263673452,0.0739559672,0.5943153574,0.5740841958,0.00681546,37799.36311828,1.63030945,0.00068524,1.58193568,0.00695581,0.0068672,0.00243417,0.00695916,0.59492782,0.5443185,0.28795075,0.00653402,0.47793206,0.0059216,1.40510605,0.01186211,0.01670157,0.0073643,0.81298556,0.44524389,0.01348538,1.30519209,0.91508545,0.37508336,0.4907348431,0.6555565771,333,-0.873174775,-1.167428652,-0.958479698,0.5760924315
20111130,20111130,226660.0,01W,JPN,0.022636,2011,11,20111031,20111031,56.140120893,5.5916354825,56.140120893,0.0225535225,0.0,0.0221961245,-0.037799052,0.0264430649,0.1319603254,0.028973629,0.0540893589,-0.028695499,-0.32512091,0.082049739,-0.004922802,0.10277959,-0.014607455,-0.134960307,0.0937082601,-0.33572274,0.0297142671,0.1812902182,0.1753577215,-0.46626486,0.0024258387,-0.021682564,0.0,-0.023075262,-0.160712126,0.1376368646,0.0091313291,0.0004759748,0.0086553543,0.0028470515,-0.024529616,0.0278998325,0.0018490089,0.0057394531,0.9008665894,-0.035822708,0.1277915633,-0.068362283,0.056736373,-0.012057424,0.0,-0.012057424,0.0938345201,3.0852994555,0.0693049045,2.2787603526,0.2551621195,3.1252414859,2.9529027892,9.8853273912,,0.1388198929,0.1002672301,-0.005979073,,0.1265485762,0.067433853,0.0057054708,-0.171522952,,,,,,,0.0236790107,0.4658125745,0.0121153681,-0.038075935,,,-0.421827117,0.0501825201,0.779285358,0.1283248996,-0.030988064,,-0.124247944,0.0580118121,-0.104183703,2.2477667494,,0.7738304355,0.4680728414,0.5268806509,3.0,-3.017937012,3.783405952,,-0.592062852,-0.094424796,0.0572525963,3.9394208977,1.752593279,0.0663202171,-0.48054977,12.540174565,-0.119811278,-0.489464947,-0.631890331,0.0215268902,0.0215268902,,2.442128894,0.4399515714,0.6286489258,15.237059192,0.5757241845,-0.35468205,0.1198501917,0.5952837584,0.6141650824,0.00705457,37725.65088797,1.63400721,0.0006752,1.60233838,0.00687232,0.00682053,0.00181147,0.01080036,1.47816359,-0.41700439,0.7839691,0.0107698,1.033559,,,0.01483213,0.0250073,0.01327594,0.05191969,0.44695931,0.01336399,1.33548298,0.88049609,0.37721102,0.4777235496,0.8208574733,334,-0.877648852,-1.182242831,-0.961296167,0.5841604358
20111230,20111231,226660.0,01W,JPN,0.066164,2011,12,20111130,20111130,57.410897277,5.7182066085,57.410897277,0.0220543057,0.0,0.0221961245,0.0226357971,-0.017230503,0.0685565933,-0.014182912,-0.062662515,-0.139404642,-0.281686665,0.030922389,-0.005676129,-0.023653165,-0.001626562,-0.134960307,0.0937082601,-0.33572274,0.0297142671,0.1812902182,0.1753577215,-0.46626486,0.0024258387,-0.021682564,0.0,-0.023075262,-0.160712126,0.1376368646,0.0091313291,0.0004759748,0.0086553543,0.0028470515,-0.024529616,0.0278998325,0.0018490089,0.0057394531,0.9008665894,-0.035822708,0.1277915633,-0.068362283,0.056736373,-0.012057424,0.0,-0.012057424,0.0938345201,3.0852994555,0.0693049045,2.2787603526,0.2551621195,3.1252414859,2.9529027892,9.8853273912,,0.1388198929,0.1002672301,-0.005979073,,0.1265485762,0.067433853,0.0057054708,-0.171522952,,,,,,,0.0236790107,0.4658125745,0.0121153681,-0.038075935,,,-0.421827117,0.0501825201,0.779285358,0.1283248996,-0.030988064,,-0.124247944,0.0580118121,-0.104183703,2.2477667494,,0.7738304355,0.4680728414,0.5268806509,3.0,-3.017937012,3.783405952,,-0.592062852,-0.094424796,0.0572525963,3.8522227649,1.7138000489,0.0648522351,-0.469912917,12.262600821,-0.117159284,-0.478630758,-0.617903591,0.0210503976,0.0210503976,,2.3401533195,0.421580586,0.6153146184,15.327729234,0.5619220929,-0.212135537,0.6180496661,0.5958254919,0.5736047074,0.00693315,38383.09976076,1.63378788,0.00068398,1.61050085,0.00677934,0.00677179,0.0050596,0.01179363,-1.0703445,-0.20741047,0.42567548,0.01143658,-0.57878258,,,0.01754742,0.0273166,0.01313763,-0.00812371,0.46266765,0.01353338,1.35714413,0.90042682,0.37450179,0.4703483836,0.9665608639,335,-0.88339373,-1.183553924,-0.968369536,0.5760880316
20120131,20120131,226660.0,01W,JPN,0.0733,2012,1,20111230,20111231,61.20946038,6.0965488687,61.20946038,0.0206856501,0.0,0.0221961245,0.0661644963,-0.016018866,0.0887947044,0.0678464284,-0.070196868,-0.149111831,-0.213182258,-0.081667428,0.007763137,0.0085697776,-0.002515979,0.0616264987,0.0937082601,-0.33572274,-0.010917984,0.1812902182,0.1753577215,-0.46626486,-0.000849292,-0.021682564,0.0,0.0087929052,0.0147397373,-0.005946832,0.0061208595,0.0004759748,0.0086553543,0.0028470515,-0.024529616,0.0278998325,-0.019953751,0.0057394531,0.9008665894,-0.035822708,0.1277915633,-0.068362283,0.056736373,-0.012057424,0.0,-0.012057424,0.0938345201,3.0852994555,0.0693049045,2.2787603526,0.2551621195,3.1252414859,2.9529027892,9.8853273912,,0.2025801772,0.1002672301,-0.005979073,,0.1265485762,0.067433853,0.0057054708,-0.171522952,,,,,,,0.0236790107,0.4658125745,0.0121153681,-0.038075935,,,-0.421827117,0.0501825201,0.779285358,0.1283248996,-0.030988064,,-0.124247944,0.0580118121,-0.104183703,2.5642354192,,0.7738304355,0.4680728414,0.6757205086,3.0,-3.017937012,3.783405952,,-0.592062852,-0.094424796,0.0572525963,4.1243848837,1.6084267665,0.0608276071,-0.440750858,11.501603048,-0.109888562,-0.448927684,-0.579557463,0.019744043,0.019744043,,2.0804725555,0.3747988783,0.8138398224,15.576310741,0.5783772643,-0.050397744,1.2044952509,0.5709783245,0.6298009261,0.00730077,36369.3743969,1.66980083,0.00063729,1.65879266,0.00689956,0.00675139,0.00289369,0.01012747,1.34786198,-0.15218592,-0.09799958,0.01041096,1.88151778,,,0.01746069,0.03216489,0.01030237,1.06060121,0.42928708,0.01368219,1.37128863,0.9600031,0.3727867,0.4672149243,0.9582998428,336,-0.877631781,-1.180339619,-0.973583519,0.5754137059
20120229,20120229,226660.0,01W,JPN,-0.055954,2012,2,20120131,20120131,65.696114889,6.5434260067,65.696114889,0.019272943,0.0,0.0221961245,0.0733000174,0.0902979795,0.0768267925,0.1875234467,0.0794815711,-0.070081225,-0.262968447,0.0043236356,0.0140337171,-0.036223532,0.0001462989,0.0616264987,0.0937082601,-0.33572274,-0.010917984,0.1812902182,0.1753577215,-0.46626486,-0.000849292,-0.021682564,0.0,0.0087929052,0.0147397373,-0.005946832,0.0061208595,0.0004759748,0.0086553543,0.0028470515,-0.024529616,0.0278998325,-0.019953751,0.0057394531,0.9008665894,-0.035822708,0.1277915633,-0.068362283,0.056736373,-0.012057424,0.0,-0.012057424,0.0938345201,3.0852994555,0.0693049045,2.2787603526,0.2551621195,3.1252414859,2.9529027892,9.8853273912,,0.2025801772,0.1002672301,-0.005979073,,0.1265485762,0.067433853,0.0057054708,-0.171522952,,,,,,,0.0236790107,0.4658125745,0.0121153681,-0.038075935,,,-0.421827117,0.0501825201,0.779285358,0.1283248996,-0.030988064,,-0.124247944,0.0580118121,-0.104183703,2.5642354192,,0.7738304355,0.4680728414,0.6757205086,3.0,-3.017937012,3.783405952,,-0.592062852,-0.094424796,0.0572525963,3.8427138889,1.49858077,0.0566734428,-0.410650192,10.716111863,-0.102383826,-0.418268589,-0.53997713,0.0183956421,0.0183956421,,1.8393866696,0.3313670534,0.8356614985,15.832893073,0.5965667694,0.3763991019,1.2517719956,0.5639162273,0.7248155662,0.00716926,35402.63708707,1.71917469,0.00061227,1.72889689,0.00690645,0.00698516,0.00246159,0.00880906,0.88333286,-0.4075089,0.17136554,0.0061416,1.48562128,,,0.01465777,0.03068923,0.00940695,1.13570717,0.45225446,0.01288655,1.39646018,1.0,0.37270351,0.4556906398,0.8293485289,337,-0.84394185,-1.13735648,-0.976679812,0.5969800162
20120330,20120331,226660.0,01W,JPN,-0.028177,2012,3,20120229,20120229,61.39367916,6.1148973199,61.39367916,0.0207899511,0.0,0.0216072527,-0.055954139,0.1443143724,0.150053416,0.2504429204,0.1536197576,-0.001850264,-0.261605019,-0.055920574,0.0140306658,0.0093865293,-0.003957924,0.0616264987,0.0937082601,-0.33572274,-0.010917984,0.1812902182,0.1753577215,-0.46626486,-0.000849292,-0.021682564,0.0,0.0087929052,0.0147397373,-0.005946832,0.0061208595,0.0004759748,0.0086553543,0.0028470515,-0.024529616,0.0278998325,-0.019953751,0.0057394531,0.9008665894,-0.035822708,0.1277915633,-0.068362283,0.056736373,-0.012057424,0.0,-0.012057424,0.0938345201,3.0852994555,0.0693049045,2.2787603526,0.2551621195,3.1252414859,2.9529027892,9.8853273912,,0.2025801772,0.1002672301,-0.005979073,,0.1265485762,0.067433853,0.0057054708,-0.171522952,,,,,,,0.0236790107,0.4658125745,0.0121153681,-0.038075935,,,-0.421827117,0.0501825201,0.779285358,0.1283248996,-0.030988064,,-0.124247944,0.0580118121,-0.104183703,2.5642354192,,0.7738304355,0.4680728414,0.6757205086,3.0,-3.017937012,3.783405952,,-0.592062852,-0.094424796,0.0572525963,4.1120091936,1.6036004974,0.0606450869,-0.439428335,11.467091168,-0.109558829,-0.447580625,-0.577818434,0.0196847987,0.0196847987,,2.0693362512,0.3727926637,0.8372787554,15.587584119,0.5786841419,0.5377349812,1.7491426086,0.5598527707,0.7593260786,0.00494441,44768.06906267,2.01046248,0.00074783,1.97077995,0.00657929,0.00694428,0.00271276,0.0100581,-0.52552736,0.08428113,-1.43521236,0.00897683,-0.36902186,,,0.01102521,0.01551218,0.01177415,-0.72140869,0.4240056,0.0130161,1.3742567,0.93305956,0.36999796,0.4568719226,0.6199261782,338,-0.851546581,-1.139395245,-0.97938619,0.5906042589
20120427,20120430,226660.0,01W,JPN,0.096212,2012,4,20120330,20120331,59.663796689,5.9425985779,59.663796689,0.0213927316,0.0,0.0216072527,-0.028176882,0.013244439,0.0629803021,0.1762088562,0.1535787426,0.0625176175,-0.283614099,-0.04128213,0.0152220519,-0.02568176,-0.001429087,0.0616264987,0.0937082601,-0.33572274,-0.010917984,0.1812902182,0.1753577215,-0.46626486,-0.000849292,-0.021682564,0.0,0.0087929052,0.0147397373,-0.005946832,0.0061208595,0.0004759748,0.0086553543,0.0028470515,-0.024529616,0.0278998325,-0.019953751,0.0057394531,0.9008665894,-0.035822708,0.1277915633,-0.068362283,0.056736373,-0.012057424,0.0,-0.012057424,0.0938345201,3.0852994555,0.0693049045,2.2787603526,0.2551621195,3.1252414859,2.9529027892,9.8853273912,,0.2025801772,0.1002672301,-0.005979073,,0.1265485762,0.067433853,0.0057054708,-0.171522952,,,,,,,0.0236790107,0.4658125745,0.0121153681,-0.038075935,,,-0.421827117,0.0501825201,0.779285358,0.1283248996,-0.030988064,,-0.124247944,0.0580118121,-0.104183703,2.5642354192,,0.7738304355,0.4680728414,0.6757205086,3.0,-3.017937012,3.783405952,,-0.592062852,-0.094424796,0.0572525963,4.231232123,1.6500950308,0.0624034207,-0.452169049,11.799566155,-0.11273536,-0.460557705,-0.594571609,0.0202555366,0.0202555366,,2.1788554385,0.3925226373,0.8515723663,15.478980472,0.5701103809,0.5780375654,0.6483864467,0.5612883681,0.7306202021,0.00697631,45131.25388047,1.99365028,0.00075003,1.9643978,0.00662248,0.00700519,0.00227913,0.00962133,0.29951908,0.493935,-0.06459947,0.00817613,-0.09243162,,,0.01369892,0.02417026,0.0105759,0.76049921,0.45016977,0.01110643,0.83876231,0.90676885,0.37141804,0.4176708997,1.1020179855,339,-0.840999468,-1.138229174,-0.978001852,0.6386985019
20120531,20120531,226660.0,01W,JPN,-0.048661,2012,5,20120427,20120430,65.404143197,6.514345213,65.404143197,0.0195151488,0.0,0.0216072527,0.0962115525,-0.082554408,0.0736102818,0.0603452797,0.1693476519,0.1319603254,-0.31790486,0.0192939759,0.0222145589,-0.026977546,-0.002406683,0.0616264987,0.0937082601,-0.33572274,-0.010917984,0.1812902182,0.1753577215,-0.46626486,-0.000849292,-0.021682564,0.0,0.0087929052,0.0147397373,-0.005946832,0.0061208595,0.0004759748,0.0086553543,0.0028470515,-0.024529616,0.0278998325,-0.019953751,0.0057394531,0.9008665894,-0.035822708,0.1277915633,-0.068362283,0.056736373,-0.012057424,0.0,-0.012057424,0.0938345201,3.0852994555,0.0693049045,2.2787603526,0.2551621195,3.1252414859,2.9529027892,9.8853273912,,0.2025801772,0.1002672301,-0.005979073,,0.1265485762,0.067433853,0.0057054708,-0.171522952,,,,,,,0.0236790107,0.4658125745,0.0121153681,-0.038075935,,,-0.421827117,0.0501825201,0.779285358,0.1283248996,-0.030988064,,-0.124247944,0.0580118121,-0.104183703,2.5642354192,,0.7738304355,0.4680728414,0.6757205086,3.0,-3.017937012,3.783405952,,-0.592062852,-0.094424796,0.0572525963,3.8598682101,1.5052706086,0.0569264396,-0.412483382,10.763949831,-0.102840879,-0.420135789,-0.542387651,0.0184777624,0.0184777624,,1.8533628457,0.3338848733,0.8618263032,15.817266701,0.5501267761,0.4403992669,0.2854641331,0.551723719,0.7245602077,0.00688887,46488.19279347,1.93976532,0.00076367,1.93191951,0.00661305,0.00691407,0.00212667,0.00891401,-0.10660931,-0.22526982,0.44166346,0.00901516,-0.21612857,,,0.0156404,0.02357064,0.00902438,0.08895234,0.406367,0.01064148,0.69076741,0.99401049,0.36894652,0.4000343396,1.354387833,340,-0.820931547,-1.131761994,-0.963984887,0.6440100734
20120629,20120630,226660.0,01W,JPN,0.079939,2012,6,20120531,20120531,62.221511229,6.1973505654,62.221511229,0.0205133492,0.0,0.0216072527,-0.048661015,0.0653237286,0.1508535073,0.1566253464,0.2575885223,0.0685565933,-0.282923016,0.0036274232,0.0174610645,0.0392389333,-0.007296245,0.0616264987,0.0937082601,-0.33572274,-0.010917984,0.1812902182,0.1753577215,-0.46626486,-0.000849292,-0.021682564,0.0,0.0087929052,0.0147397373,-0.005946832,0.0061208595,0.0004759748,0.0086553543,0.0028470515,-0.024529616,0.0278998325,-0.019953751,0.0057394531,0.9008665894,-0.035822708,0.1277915633,-0.068362283,0.056736373,-0.012057424,0.0,-0.012057424,0.0938345201,3.0852994555,0.0693049045,2.2787603526,0.2551621195,3.1252414859,2.9529027892,9.8853273912,,0.2025801772,0.1002672301,-0.005979073,,0.1265485762,0.067433853,0.0057054708,-0.171522952,,,,,,,0.0236790107,0.4658125745,0.0121153681,-0.038075935,,,-0.421827117,0.0501825201,0.779285358,0.1283248996,-0.030988064,,-0.124247944,0.0580118121,-0.104183703,2.5642354192,,0.7738304355,0.4680728414,0.6757205086,3.0,-3.017937012,3.783405952,,-0.592062852,-0.094424796,0.0572525963,4.0573005725,1.5822652406,0.0598382285,-0.433581918,11.314526153,-0.108101193,-0.441625746,-0.570130794,0.0194229004,0.0194229004,,2.0207296059,0.3640361357,0.8572014025,15.637419799,0.5560643413,0.5012992117,0.3648274071,0.5499522408,0.7556424831,0.00729158,45849.71005949,1.93322681,0.00074563,1.93936531,0.00668608,0.00688272,0.00199412,0.01198628,1.78085051,-0.03326279,1.82235544,0.0122195,1.21918873,,,0.01372013,0.03185966,0.01228265,1.88431412,0.36180977,0.01082615,0.67600983,0.94564093,0.3713331,0.40632285,1.167993801,341,-0.816842942,-1.137644416,-0.957194363,0.6480860865
20120731,20120731,226660.0,01W,JPN,0.00428,2012,7,20120629,20120630,67.195432651,6.6927601774,67.195432651,0.0189949158,0.0,0.0216072527,0.0799389363,0.0428687861,0.0269070221,0.0773135233,0.1920688506,0.0887947044,-0.281652797,0.0780139069,0.0176360672,0.0103592619,-0.004630487,0.011683464,0.0281587859,-0.432991864,-0.078402933,0.366768489,0.1415556467,-0.530246773,-0.006514803,-0.000839639,0.0,-0.000585751,-0.004385234,0.0037994834,-0.020580106,0.0640954148,-0.084675521,-0.001402081,0.0005624418,-0.036347347,-0.046638695,0.0078335666,0.8968087456,0.1552561837,0.1561797753,-0.118960674,0.107117853,-0.001402081,0.0,-0.001402081,-0.092756184,-1.983471074,-0.092193742,-1.971443983,0.2131506238,3.1725927562,3.253881542,13.674212369,,0.1707707597,0.0297025678,-0.001500375,,-0.08182095,0.0279805453,-0.043591554,-0.623349389,,,,,,,0.1390872591,0.4424819838,-0.015278575,0.017920664,,,-0.585002757,0.0632302165,0.9072865783,0.1396157044,0.1570701138,,0.0459916078,0.0625,0.1702395517,2.5438202247,,0.8109117712,0.423817002,0.6229321395,6.0,-2.889760179,3.8123757925,,-0.600006511,-0.319726959,0.0480221814,3.329742312,1.3089534707,0.0507403312,-0.517882293,10.772025233,-0.155713987,0.1531402024,0.0856702693,0.0182003362,0.0182003362,,1.6339620269,0.4316557793,0.7823021823,16.858408384,0.574378069,0.4925489334,0.1223750737,0.7479086395,0.7611038632,0.00605983,49749.97179134,1.82354002,0.00079884,1.84635479,0.00651266,0.00683446,0.00265836,0.00949306,1.19075737,-0.24537164,0.09334653,0.00772624,0.02752579,,,0.01649092,0.03086818,0.00949644,1.19930759,0.33152454,0.01008961,0.6291481,0.99583594,0.37139229,0.3709025284,1.5115174608,342,0.119561431,0.0545975635,-0.579151519,0.6556048161
20120831,20120831,226660.0,01W,JPN,-0.022014,2012,8,20120731,20120731,67.483049927,6.7214072651,67.483049927,0.0189139582,0.0,0.0216072527,0.0042803099,0.0273880119,0.0332589762,0.2091370544,0.19419755,0.0768267925,-0.224238491,0.0049604645,0.017574235,-0.042232566,0.0019638631,0.011683464,0.0281587859,-0.432991864,-0.078402933,0.366768489,0.1415556467,-0.530246773,-0.006514803,-0.000839639,0.0,-0.000585751,-0.004385234,0.0037994834,-0.020580106,0.0640954148,-0.084675521,-0.001402081,0.0005624418,-0.036347347,-0.046638695,0.0078335666,0.8968087456,0.1552561837,0.1561797753,-0.118960674,0.107117853,-0.001402081,0.0,-0.001402081,-0.092756184,-1.983471074,-0.092193742,-1.971443983,0.2131506238,3.1725927562,3.253881542,13.674212369,,0.1707707597,0.0297025678,-0.001500375,,-0.08182095,0.0279805453,-0.043591554,-0.623349389,,,,,,,0.1390872591,0.4424819838,-0.015278575,0.017920664,,,-0.585002757,0.0632302165,0.9072865783,0.1396157044,0.1570701138,,0.0459916078,0.0625,0.1702395517,2.5438202247,,0.8109117712,0.423817002,0.6229321395,6.0,-2.889760179,3.8123757925,,-0.600006511,-0.319726959,0.0480221814,3.3155507273,1.3033746234,0.0505240725,-0.515675044,10.726114141,-0.155050324,0.1524875086,0.0853051369,0.0181227651,0.0181227651,,1.6195831363,0.4278572019,0.7642447623,16.86895668,0.5730696202,0.5243244578,0.1747341368,0.6616111337,0.7700364493,0.00668864,50142.76310887,1.79257969,0.00080016,1.82681781,0.00644807,0.00682765,0.00308412,0.01176687,-0.45505488,0.33607336,0.00895832,0.01050024,-0.02741407,,,0.01415174,0.02163847,0.01180574,-0.40751168,0.32808748,0.01040203,0.49914533,0.98980507,0.37055628,0.3747987212,1.2752271598,343,0.2001536739,0.0834044324,-0.500516591,0.6905778637
20120928,20120930,226660.0,01W,JPN,0.020576,2012,9,20120831,20120831,65.38067794,6.5120080402,65.38067794,0.0192951132,0.0,0.0195421139,-0.022014018,0.0845614096,0.0991856304,0.1874340202,0.1933893203,0.150053416,-0.12862651,0.0213765628,0.0136296367,0.0020582242,0.0004435616,0.011683464,0.0281587859,-0.432991864,-0.078402933,0.366768489,0.1415556467,-0.530246773,-0.006514803,-0.000839639,0.0,-0.000585751,-0.004385234,0.0037994834,-0.020580106,0.0640954148,-0.084675521,-0.001402081,0.0005624418,-0.036347347,-0.046638695,0.0078335666,0.8968087456,0.1552561837,0.1561797753,-0.118960674,0.107117853,-0.001402081,0.0,-0.001402081,-0.092756184,-1.983471074,-0.092193742,-1.971443983,0.2131506238,3.1725927562,3.253881542,13.674212369,,0.1707707597,0.0297025678,-0.001500375,,-0.08182095,0.0279805453,-0.043591554,-0.623349389,,,,,,,0.1390872591,0.4424819838,-0.015278575,0.017920664,,,-0.585002757,0.0632302165,0.9072865783,0.1396157044,0.1570701138,,0.0459916078,0.0625,0.1702395517,2.5438202247,,0.8109117712,0.423817002,0.6229321395,6.0,-2.889760179,3.8123757925,,-0.600006511,-0.319726959,0.0480221814,3.4221651154,1.3452857565,0.0521487175,-0.532257019,11.071021575,-0.160036101,0.1573908757,0.088048197,0.0187055182,0.0187055182,,1.7309243904,0.4572710408,0.7658289712,16.789712527,0.5514322801,0.4928323171,0.2696329158,0.6519593405,0.7654356793,0.00495045,45188.58652037,1.57928993,0.00069556,1.51215535,0.00656232,0.00675796,0.0025851,0.0159152,0.19325443,0.14412805,0.23911728,0.01596174,-0.04415407,,,0.01718795,0.04679607,0.01604847,0.02653786,0.34039244,0.01103619,0.48859089,0.91295566,0.37465489,0.4144816036,1.4934397973,344,0.1861946786,0.0829758749,-0.50241736,0.6672926839
20121031,20121031,226660.0,01W,JPN,-0.036349,2012,10,20120928,20120930,66.725923664,6.6459964179,66.725923664,0.0189061089,0.0,0.0195421139,0.0205755854,-0.017827935,0.1061561702,0.0892257529,0.1426912157,0.0629803021,-0.051247386,-0.037799052,0.0189364219,-0.075526168,0.009389921,0.011683464,0.0281587859,-0.432991864,-0.078402933,0.366768489,0.1415556467,-0.530246773,-0.006514803,-0.000839639,0.0,-0.000585751,-0.004385234,0.0037994834,-0.020580106,0.0640954148,-0.084675521,-0.001402081,0.0005624418,-0.036347347,-0.046638695,0.0078335666,0.8968087456,0.1552561837,0.1561797753,-0.118960674,0.107117853,-0.001402081,0.0,-0.001402081,-0.092756184,-1.983471074,-0.092193742,-1.971443983,0.2131506238,3.1725927562,3.253881542,13.674212369,,0.1707707597,0.0297025678,-0.001500375,,-0.08182095,0.0279805453,-0.043591554,-0.623349389,,,,,,,0.1390872591,0.4424819838,-0.015278575,0.017920664,,,-0.585002757,0.0632302165,0.9072865783,0.1396157044,0.1570701138,,0.0459916078,0.0625,0.1702395517,2.5438202247,,0.8109117712,0.423817002,0.6229321395,6.0,-2.889760179,3.8123757925,,-0.600006511,-0.319726959,0.0480221814,3.3531716458,1.3181637653,0.0510973594,-0.52152631,10.847821302,-0.15680965,0.1542177551,0.0862730779,0.0183284007,0.0183284007,,1.6579908894,0.4380036609,0.7606655374,16.84099387,0.5628214819,0.3574701986,0.5262231732,0.6485686403,0.7379330485,0.00700138,45054.90677838,1.57958708,0.00068542,1.52225619,0.00653227,0.00677657,0.00297555,0.01616909,0.2501079,-0.27963071,1.77817639,0.01379359,-0.05851131,,,0.02156045,0.03039192,0.01689026,0.02219211,0.37527359,0.01172484,0.58304989,0.93174025,0.3779764,0.4576498055,1.7622369327,345,0.1881501181,0.0898665629,-0.499454645,0.6455895511
20121130,20121130,226660.0,01W,JPN,0.035565,2012,11,20121031,20121031,64.300524396,6.4044232188,64.300524396,0.0196192425,0.0,0.0195421139,-0.03634868,-0.001891384,0.0298340484,0.0357189904,0.2120158045,0.0736102818,-0.109709255,0.0226357971,0.0135741967,0.1191366626,-0.009742698,0.011683464,0.0281587859,-0.432991864,-0.078402933,0.366768489,0.1415556467,-0.530246773,-0.006514803,-0.000839639,0.0,-0.000585751,-0.004385234,0.0037994834,-0.020580106,0.0640954148,-0.084675521,-0.001402081,0.0005624418,-0.036347347,-0.046638695,0.0078335666,0.8968087456,0.1552561837,0.1561797753,-0.118960674,0.107117853,-0.001402081,0.0,-0.001402081,-0.092756184,-1.983471074,-0.092193742,-1.971443983,0.2131506238,3.1725927562,3.253881542,13.674212369,,0.1707707597,0.0297025678,-0.001500375,,-0.08182095,0.0279805453,-0.043591554,-0.623349389,,,,,,,0.1390872591,0.4424819838,-0.015278575,0.017920664,,,-0.585002757,0.0632302165,0.9072865783,0.1396157044,0.1570701138,,0.0459916078,0.0625,0.1702395517,2.5438202247,,0.8109117712,0.423817002,0.6229321395,6.0,-2.889760179,3.8123757925,,-0.600006511,-0.319726959,0.0480221814,3.4796524191,1.3678845641,0.0530247387,-0.541198148,11.256998335,-0.16272447,0.1600348093,0.0895272762,0.0190197432,0.0190197432,,1.7943002577,0.4740135103,0.7700422433,16.746983466,0.5659578931,0.3742937621,0.3515678358,0.6449764399,0.7507807902,0.00736516,42899.02478222,1.63802008,0.00064953,1.58496909,0.00660958,0.00677343,0.00237211,0.01258801,-0.31018549,0.05081709,0.61116772,0.01185197,-0.39095175,,,0.01503199,0.01907973,0.01291048,-0.4234962,0.44612496,0.01184434,0.36359107,0.89787272,0.38421715,0.5029200792,1.2312965303,346,0.1442584806,0.0813543337,-0.502822865,0.6187542211
20121228,20121231,226660.0,01W,JPN,-0.05784,2012,12,20121130,20121130,66.587372668,6.6321965427,66.587372668,0.0189454476,0.0,0.0195421139,0.0355650019,-0.01652099,0.0431622745,0.0572282695,0.1421081022,0.1508535073,-0.108851642,0.0661644963,0.0107924245,-0.001213811,0.001220621,0.011683464,0.0281587859,-0.432991864,-0.078402933,0.366768489,0.1415556467,-0.530246773,-0.006514803,-0.000839639,0.0,-0.000585751,-0.004385234,0.0037994834,-0.020580106,0.0640954148,-0.084675521,-0.001402081,0.0005624418,-0.036347347,-0.046638695,0.0078335666,0.8968087456,0.1552561837,0.1561797753,-0.118960674,0.107117853,-0.001402081,0.0,-0.001402081,-0.092756184,-1.983471074,-0.092193742,-1.971443983,0.2131506238,3.1725927562,3.253881542,13.674212369,,0.1707707597,0.0297025678,-0.001500375,,-0.08182095,0.0279805453,-0.043591554,-0.623349389,,,,,,,0.1390872591,0.4424819838,-0.015278575,0.017920664,,,-0.585002757,0.0632302165,0.9072865783,0.1396157044,0.1570701138,,0.0459916078,0.0625,0.1702395517,2.5438202247,,0.8109117712,0.423817002,0.6229321395,6.0,-2.889760179,3.8123757925,,-0.600006511,-0.319726959,0.0480221814,3.3601487234,1.3209065211,0.0512036798,-0.522611471,10.870392795,-0.15713593,0.1545386421,0.0864525897,0.0183665373,0.0183665373,,1.6652173881,0.4399127382,0.7646112669,16.83580796,0.5723780235,0.3032987763,0.2900223176,0.6432507841,0.7172697462,0.00724681,43409.0996355,1.6428654,0.00065243,1.60237526,0.00659113,0.00681655,0.00229055,0.00806922,0.24467745,0.47586873,0.94958005,0.00818973,0.35930162,,,0.01347419,0.01867465,0.0090336,0.04375671,0.46078363,0.0115828,0.18494507,0.92980557,0.38858188,0.5158569484,1.1311661297,347,0.165198344,0.0830337946,-0.505722134,0.637464283
20130131,20130131,226660.0,01W,JPN,0.006642,2013,1,20121228,20121231,62.735960395,6.2485904303,62.735960395,0.0201085242,0.0,0.0195421139,-0.05783998,-0.002076419,0.0002994674,0.1265718781,0.1093289855,0.0269070221,-0.002301625,0.0733000174,-0.001129393,-0.006938473,0.0043288155,-0.044974411,0.0281587859,-0.432991864,-0.03298537,0.366768489,0.1415556467,-0.530246773,-0.002657376,-0.000839639,0.0,-0.00721211,-0.036628613,0.0294165028,-0.018047142,0.0640954148,-0.084675521,-0.001402081,0.0005624418,-0.036347347,-0.024540182,0.0078335666,0.8968087456,0.1552561837,0.1561797753,-0.118960674,0.107117853,-0.001402081,0.0,-0.001402081,-0.092756184,-1.983471074,-0.092193742,-1.971443983,0.2131506238,3.1725927562,3.253881542,13.674212369,,0.1902870459,0.0297025678,-0.001500375,,-0.08182095,0.0279805453,-0.043591554,-0.623349389,,,,,,,0.1390872591,0.4424819838,-0.015278575,0.017920664,,,-0.585002757,0.0632302165,0.9072865783,0.1396157044,0.1570701138,,0.0459916078,0.0625,0.1702395517,2.6054919277,,0.8109117712,0.423817002,0.5896329602,6.0,-2.889760179,3.8123757925,,-0.600006511,-0.319726959,0.0480221814,3.8430514124,1.4749811241,0.0543471158,-0.554695019,11.537735161,-0.166782634,0.1640258967,0.0917599854,0.0194940742,0.0194940742,,1.8947882917,0.5005601741,0.6916673029,16.682482821,0.5345196266,0.191413902,0.0291330488,0.6782171169,0.7235238795,0.00654188,43321.65368677,1.69800921,0.00065092,1.66787411,0.00668871,0.00675717,0.00214123,0.01110027,-2.04637738,0.49254614,-1.18211149,0.01134965,-2.36335697,,,0.00731157,0.01349404,0.0111145,-2.0552427,0.45986997,0.011708,0.15240568,0.87602563,0.38629675,0.5292126286,0.6096185806,348,0.1647460097,0.0887210408,-0.508178076,0.6306743367
20130228,20130228,226660.0,01W,JPN,-0.033267,2013,2,20130131,20130131,63.152674369,6.2900957318,63.152674369,0.0199758378,0.0,0.0195421139,0.0066423463,-0.024332057,-0.061574585,-0.031746216,-0.026213172,0.0332589762,0.0324395199,-0.055954139,0.0045611961,-0.035759917,0.0077697669,-0.044974411,0.0281587859,-0.432991864,-0.03298537,0.366768489,0.1415556467,-0.530246773,-0.002657376,-0.000839639,0.0,-0.00721211,-0.036628613,0.0294165028,-0.018047142,0.0640954148,-0.084675521,-0.001402081,0.0005624418,-0.036347347,-0.024540182,0.0078335666,0.8968087456,0.1552561837,0.1561797753,-0.118960674,0.107117853,-0.001402081,0.0,-0.001402081,-0.092756184,-1.983471074,-0.092193742,-1.971443983,0.2131506238,3.1725927562,3.253881542,13.674212369,,0.1902870459,0.0297025678,-0.001500375,,-0.08182095,0.0279805453,-0.043591554,-0.623349389,,,,,,,0.1390872591,0.4424819838,-0.015278575,0.017920664,,,-0.585002757,0.0632302165,0.9072865783,0.1396157044,0.1570701138,,0.0459916078,0.0625,0.1702395517,2.6054919277,,0.8109117712,0.423817002,0.5896329602,6.0,-2.889760179,3.8123757925,,-0.600006511,-0.319726959,0.0480221814,3.8176929736,1.4652484366,0.0539885055,-0.551034855,11.461603223,-0.165682116,0.162943569,0.0911545056,0.0193654422,0.0193654422,,1.8669402677,0.4932033566,0.6775420371,16.699974502,0.5437210947,0.0535615805,-0.09384199,0.6694214099,0.6626922921,0.00670445,45225.97520667,1.63356236,0.00068482,1.59337416,0.00671793,0.00673874,0.002822,0.00871172,-0.2843763,0.11916412,-0.22945042,0.00734915,-0.08136832,,,0.0101392,0.0139005,0.00885884,-0.24808986,0.44106058,0.01171848,0.07873744,0.8818445,0.37592814,0.5102542758,0.8505720076,349,0.1736169487,0.1083063378,-0.514514461,0.6388104185
20130329,20130331,226660.0,01W,JPN,-0.006103,2013,3,20130228,20130228,60.499784279,6.0258641248,60.499784279,0.019588038,0.0,0.0184724573,-0.033266757,-0.051581826,-0.034077401,0.0245404381,0.0383553363,0.0991856304,-0.018330448,-0.028176882,0.0040984803,0.0021354374,0.0032150949,-0.044974411,0.0281587859,-0.432991864,-0.03298537,0.366768489,0.1415556467,-0.530246773,-0.002657376,-0.000839639,0.0,-0.00721211,-0.036628613,0.0294165028,-0.018047142,0.0640954148,-0.084675521,-0.001402081,0.0005624418,-0.036347347,-0.024540182,0.0078335666,0.8968087456,0.1552561837,0.1561797753,-0.118960674,0.107117853,-0.001402081,0.0,-0.001402081,-0.092756184,-1.983471074,-0.092193742,-1.971443983,0.2131506238,3.1725927562,3.253881542,13.674212369,,0.1902870459,0.0297025678,-0.001500375,,-0.08182095,0.0279805453,-0.043591554,-0.623349389,,,,,,,0.1390872591,0.4424819838,-0.015278575,0.017920664,,,-0.585002757,0.0632302165,0.9072865783,0.1396157044,0.1570701138,,0.0459916078,0.0625,0.1702395517,2.6054919277,,0.8109117712,0.423817002,0.5896329602,6.0,-2.889760179,3.8123757925,,-0.600006511,-0.319726959,0.0480221814,3.9850972046,1.5294989642,0.0563558787,-0.575197501,11.964189703,-0.172947208,0.170088576,0.0951515923,0.0202146087,0.0202146087,,2.0596522824,0.5441135085,0.6910757449,16.584502825,0.5341887775,0.0459834356,-0.105838588,0.664520114,0.6899135446,0.00544465,43221.94371741,1.62276579,0.00067913,1.66078045,0.00682951,0.00686194,0.00220965,0.00969679,-0.31977678,-0.28078428,0.39505765,0.00925374,-1.52123115,,,0.0103942,0.02137856,0.01059824,-0.22063748,0.43386761,0.01162909,0.27594676,0.84480036,0.37248839,0.4750374099,0.8790819552,350,0.1793853199,0.1067099971,-0.514068885,0.6548589745
20130430,20130430,226660.0,01W,JPN,0.002775,2013,4,20130329,20130331,60.13054608,5.9890874777,60.13054608,0.0197083205,0.0,0.0184724573,-0.006103132,-0.02684538,-0.085036424,-0.082858051,0.0329170025,0.1061561702,-0.090740416,0.0962115525,-0.005202855,-0.037731092,0.0050804092,-0.044974411,0.0281587859,-0.432991864,-0.03298537,0.366768489,0.1415556467,-0.530246773,-0.002657376,-0.000839639,0.0,-0.00721211,-0.036628613,0.0294165028,-0.018047142,0.0640954148,-0.084675521,-0.001402081,0.0005624418,-0.036347347,-0.024540182,0.0078335666,0.8968087456,0.1552561837,0.1561797753,-0.118960674,0.107117853,-0.001402081,0.0,-0.001402081,-0.092756184,-1.983471074,-0.092193742,-1.971443983,0.2131506238,3.1725927562,3.253881542,13.674212369,,0.1902870459,0.0297025678,-0.001500375,,-0.08182095,0.0279805453,-0.043591554,-0.623349389,,,,,,,0.1390872591,0.4424819838,-0.015278575,0.017920664,,,-0.585002757,0.0632302165,0.9072865783,0.1396157044,0.1570701138,,0.0459916078,0.0625,0.1702395517,2.6054919277,,0.8109117712,0.423817002,0.5896329602,6.0,-2.889760179,3.8123757925,,-0.600006511,-0.319726959,0.0480221814,4.0095681301,1.5388910199,0.0567019382,-0.578729565,12.037657119,-0.174009209,0.1711330235,0.0957358811,0.0203387387,0.0203387387,,2.0896746129,0.5520447286,0.696670878,16.567623331,0.5341007457,0.0979230608,-0.48484876,0.6660333897,0.6892460511,0.00680782,44273.48811924,1.57363977,0.00070385,1.59461038,0.0067934,0.0068477,0.00166035,0.0088429,0.23904733,0.48547965,1.05949021,0.00778647,-0.21269917,,,0.01154099,0.01814273,0.00987888,-0.02061383,0.3822866,0.01157245,0.22593717,0.83964443,0.37027166,0.4585773171,0.9801493444,351,0.1906554404,0.1089090419,-0.513692898,0.6670580872
20130531,20130531,226660.0,01W,JPN,-0.03861,2013,5,20130430,20130430,60.297429386,6.0057092912,60.297429386,0.0196537744,0.0,0.0184724573,0.0027753499,-0.039166858,-0.05631901,-0.092340554,-0.063490098,0.0298340484,0.1806613828,-0.048661015,-0.000526822,-0.014546251,0.0086997212,-0.044974411,0.0281587859,-0.432991864,-0.03298537,0.366768489,0.1415556467,-0.530246773,-0.002657376,-0.000839639,0.0,-0.00721211,-0.036628613,0.0294165028,-0.018047142,0.0640954148,-0.084675521,-0.001402081,0.0005624418,-0.036347347,-0.024540182,0.0078335666,0.8968087456,0.1552561837,0.1561797753,-0.118960674,0.107117853,-0.001402081,0.0,-0.001402081,-0.092756184,-1.983471074,-0.092193742,-1.971443983,0.2131506238,3.1725927562,3.253881542,13.674212369,,0.1902870459,0.0297025678,-0.001500375,,-0.08182095,0.0279805453,-0.043591554,-0.623349389,,,,,,,0.1390872591,0.4424819838,-0.015278575,0.017920664,,,-0.585002757,0.0632302165,0.9072865783,0.1396157044,0.1570701138,,0.0459916078,0.0625,0.1702395517,2.6054919277,,0.8109117712,0.423817002,0.5896329602,6.0,-2.889760179,3.8123757925,,-0.600006511,-0.319726959,0.0480221814,3.998470974,1.5346318795,0.056545006,-0.577127833,12.004340872,-0.173527609,0.170659384,0.0954709159,0.0202824478,0.0202824478,,2.0759978392,0.5484316345,0.6784436732,16.5752779,0.5706613513,-0.193710443,-0.605250616,0.6486881855,0.5997013514,0.0065835,47638.54748474,1.4581175,0.0007671,1.45941402,0.00665073,0.00681548,0.00338928,0.01251506,-0.03592783,0.26062375,-0.23028735,0.01302714,0.06916745,,,0.01848146,0.0376229,0.014933,0.10166811,0.3063526,0.01180961,0.29280275,0.84197474,0.3743756,0.4535930734,1.5180938171,352,0.1640523557,0.081628316,-0.521293779,0.6650134647
20130628,20130630,226660.0,01W,JPN,0.065282,2013,6,20130531,20130531,57.969326596,5.7738269589,57.969326596,0.0204430885,0.0,0.0184724573,-0.038610316,-0.003344721,-0.086199289,-0.069333778,-0.012855503,0.0431622745,0.1201467961,0.0799389363,-0.011304026,0.0396825999,0.0026017587,-0.044974411,0.0281587859,-0.432991864,-0.03298537,0.366768489,0.1415556467,-0.530246773,-0.002657376,-0.000839639,0.0,-0.00721211,-0.036628613,0.0294165028,-0.018047142,0.0640954148,-0.084675521,-0.001402081,0.0005624418,-0.036347347,-0.024540182,0.0078335666,0.8968087456,0.1552561837,0.1561797753,-0.118960674,0.107117853,-0.001402081,0.0,-0.001402081,-0.092756184,-1.983471074,-0.092193742,-1.971443983,0.2131506238,3.1725927562,3.253881542,13.674212369,,0.1902870459,0.0297025678,-0.001500375,,-0.08182095,0.0279805453,-0.043591554,-0.623349389,,,,,,,0.1390872591,0.4424819838,-0.015278575,0.017920664,,,-0.585002757,0.0632302165,0.9072865783,0.1396157044,0.1570701138,,0.0459916078,0.0625,0.1702395517,2.6054919277,,0.8109117712,0.423817002,0.5896329602,6.0,-2.889760179,3.8123757925,,-0.600006511,-0.319726959,0.0480221814,4.1590533367,1.5962641421,0.0588159067,-0.600305831,12.486446516,-0.180496641,0.1775132257,0.0993051179,0.02109701,0.02109701,,2.2845924001,0.6035375955,0.6884298773,16.464511794,0.5761415836,-0.232225385,-1.745349584,0.6459416796,0.5735095696,0.00672919,50168.14248196,1.35352079,0.0008205,1.33757896,0.00659399,0.00678681,0.00396241,0.01139429,0.12549026,0.41050146,0.00099255,0.0110366,-0.10084037,,,0.01375878,0.02472631,0.0124255,0.41806177,0.26092571,0.01176053,0.18978472,0.80946583,0.37829468,0.4243256845,1.1296913594,353,0.182621505,0.0787682203,-0.525036827,0.6745263581
20130731,20130731,226660.0,01W,JPN,0.013301,2013,7,20130628,20130630,61.753704103,6.1507563137,61.753704103,0.0191902995,0.0,0.0184724573,0.0652824128,-0.035942123,-0.067548444,-0.123305596,-0.121218335,0.0002994674,0.1710987433,0.0042803099,-0.005758381,0.0303052827,0.0045221008,-0.073945341,-0.155211087,0.2765439332,-0.106228969,4.9031548326,-0.050030004,-0.519188947,-0.008784487,-0.000710297,0.0,-0.008869394,-0.080193809,0.0713244141,-0.009098041,-0.0167262,0.0076281591,0.071681525,-0.072391822,0.0047929441,-0.053958434,0.0037751901,0.829323151,0.0517836594,0.1317052513,0.0007058159,0.0333855799,0.071681525,0.0,0.071681525,-0.001569202,-6.0,-0.073961024,-282.7973715,0.2838034442,2.9009833665,2.8378950531,8.8434169279,,0.123234648,-0.134416283,-0.024316109,,0.0731143983,-0.074287995,0.0034759777,-0.276189204,,,,,,,-0.000786457,-0.044357787,0.0028909961,-0.008475849,,,-0.218251163,0.0465013324,0.7679985676,0.1149640946,0.047954499,34.6,0.0018307354,0.0502144576,-0.044160872,2.698757764,,0.7707263312,0.4275910551,0.5411713653,6.0,-3.609773475,3.4734723889,1.2641560642,-0.019226298,-0.664844876,0.0378961241,3.3552430687,1.2432546238,0.2957205027,-0.117761696,9.9019860435,0.0008775089,0.0061425624,-0.087575389,0.0173746764,0.0173746764,,1.2691597768,0.1909707501,0.5965200773,13.602573312,0.6091505226,-0.58529624,-1.388276094,0.6484549248,0.6272019613,0.00649505,49817.40375222,1.26039268,0.00082287,1.23890641,0.00658433,0.00681244,0.00182053,0.01358696,-0.25732177,-0.29994037,0.11821344,0.01080043,0.04539213,,,0.02189749,0.02632095,0.01478486,-0.31382924,0.26897244,0.01203013,0.21244065,0.86230971,0.38620266,0.4104491544,1.740716655,354,0.0481565259,-0.682640115,0.0849075588,0.6354178486
20130830,20130831,226660.0,01W,JPN,-0.049948,2013,8,20130731,20130731,62.5750897,6.2325674815,62.5750897,0.0189384,0.0,0.0184724573,0.0133009932,0.0241515224,-0.013230223,-0.030845378,-0.067839285,-0.061574585,0.1681042491,-0.022014018,-0.002547925,-0.014665093,0.0085518048,-0.073945341,-0.155211087,0.2765439332,-0.106228969,4.9031548326,-0.050030004,-0.519188947,-0.008784487,-0.000710297,0.0,-0.008869394,-0.080193809,0.0713244141,-0.009098041,-0.0167262,0.0076281591,0.071681525,-0.072391822,0.0047929441,-0.053958434,0.0037751901,0.829323151,0.0517836594,0.1317052513,0.0007058159,0.0333855799,0.071681525,0.0,0.071681525,-0.001569202,-6.0,-0.073961024,-282.7973715,0.2838034442,2.9009833665,2.8378950531,8.8434169279,,0.123234648,-0.134416283,-0.024316109,,0.0731143983,-0.074287995,0.0034759777,-0.276189204,,,,,,,-0.000786457,-0.044357787,0.0028909961,-0.008475849,,,-0.218251163,0.0465013324,0.7679985676,0.1149640946,0.047954499,34.6,0.0018307354,0.0502144576,-0.044160872,2.698757764,,0.7707263312,0.4275910551,0.5411713653,6.0,-3.609773475,3.4734723889,1.2641560642,-0.019226298,-0.664844876,0.0378961241,3.3112008093,1.2269351675,0.2918387574,-0.116215909,9.7720086234,0.0008659904,0.0060619326,-0.08642584,0.0171466095,0.0171466095,,1.2503095872,0.1881343579,0.5956760335,13.677797554,0.6152985864,-0.217743792,-0.110683939,0.4871527492,0.6620927617,0.00618842,50438.64874065,1.24514127,0.00083293,1.22366248,0.00649959,0.00676545,0.00391005,0.00938382,-0.08469576,-0.25109041,0.77426272,0.00793053,-0.06126834,,,0.0160987,0.02286802,0.01263935,-0.5836863,0.27236751,0.01190372,0.30743515,0.87377929,0.39258733,0.4102152847,1.2728578741,355,-0.155428358,-0.889819643,-0.045936316,0.6217487247
20130930,20130930,226660.0,01W,JPN,-0.015789,2013,9,20130830,20130831,58.944936748,5.8709991106,58.944936748,0.0180037439,0.0,0.0176079143,-0.049947792,0.0794517269,0.0343026913,-0.051681605,-0.034179021,-0.034077401,0.2236010349,0.0205755854,-0.008959141,0.0228837858,0.0061463804,-0.073945341,-0.155211087,0.2765439332,-0.106228969,4.9031548326,-0.050030004,-0.519188947,-0.008784487,-0.000710297,0.0,-0.008869394,-0.080193809,0.0713244141,-0.009098041,-0.0167262,0.0076281591,0.071681525,-0.072391822,0.0047929441,-0.053958434,0.0037751901,0.829323151,0.0517836594,0.1317052513,0.0007058159,0.0333855799,0.071681525,0.0,0.071681525,-0.001569202,-6.0,-0.073961024,-282.7973715,0.2838034442,2.9009833665,2.8378950531,8.8434169279,,0.123234648,-0.134416283,-0.024316109,,0.0731143983,-0.074287995,0.0034759777,-0.276189204,,,,,,,-0.000786457,-0.044357787,0.0028909961,-0.008475849,,,-0.218251163,0.0465013324,0.7679985676,0.1149640946,0.047954499,34.6,0.0018307354,0.0502144576,-0.044160872,2.698757764,,0.7707263312,0.4275910551,0.5411713653,6.0,-3.609773475,3.4734723889,1.2641560642,-0.019226298,-0.664844876,0.0378961241,3.5151227415,1.3024965739,0.3098117909,-0.123373123,10.373822586,0.0009193228,0.0064352598,-0.091748418,0.0182025919,0.0182025919,,1.3381473361,0.2013513233,0.6019013266,13.329498599,0.6082976825,-0.16635186,0.0622113434,0.4809704038,0.6613867317,0.00524249,51768.84836849,1.3573822,0.00085183,1.33655512,0.00642321,0.00676305,0.00166818,0.01022688,-0.3440319,0.08830759,0.38003262,0.00706771,0.33232523,,,0.01106558,0.01950503,0.01165253,-0.33821998,0.27512926,0.01133913,0.29156821,0.86163698,0.3950027,0.3855136361,0.9052430455,356,-0.158290464,-0.888752407,-0.04477539,0.6280640532
20131031,20131031,226660.0,01W,JPN,-0.040537,2013,10,20130930,20130930,58.014243687,5.7783007647,58.014243687,0.0182925688,0.0,0.0176079143,-0.015789194,-0.037311154,-0.011324426,-0.04373783,-0.100918769,-0.085036424,0.2262733468,-0.03634868,-0.007090097,-0.09132215,0.0165792849,-0.073945341,-0.155211087,0.2765439332,-0.106228969,4.9031548326,-0.050030004,-0.519188947,-0.008784487,-0.000710297,0.0,-0.008869394,-0.080193809,0.0713244141,-0.009098041,-0.0167262,0.0076281591,0.071681525,-0.072391822,0.0047929441,-0.053958434,0.0037751901,0.829323151,0.0517836594,0.1317052513,0.0007058159,0.0333855799,0.071681525,0.0,0.071681525,-0.001569202,-6.0,-0.073961024,-282.7973715,0.2838034442,2.9009833665,2.8378950531,8.8434169279,,0.123234648,-0.134416283,-0.024316109,,0.0731143983,-0.074287995,0.0034759777,-0.276189204,,,,,,,-0.000786457,-0.044357787,0.0028909961,-0.008475849,,,-0.218251163,0.0465013324,0.7679985676,0.1149640946,0.047954499,34.6,0.0018307354,0.0502144576,-0.044160872,2.698757764,,0.7707263312,0.4275910551,0.5411713653,6.0,-3.609773475,3.4734723889,1.2641560642,-0.019226298,-0.664844876,0.0378961241,3.5715140712,1.3233918653,0.3147819442,-0.125352335,10.540244556,0.0009340711,0.0065384974,-0.093220291,0.0184946068,0.0184946068,,1.3626911831,0.2050444413,0.597903053,13.233182126,0.6286410784,-0.243711955,0.0765681313,0.4798729245,0.6371771006,0.00612808,54062.18346946,1.36544017,0.00089354,1.34802168,0.00631325,0.00667654,0.00321405,0.01261775,-0.40795707,-0.92313778,-1.26942202,0.01327937,-0.36682356,,,0.01317338,0.01902099,0.01438507,-1.47651243,0.26882578,0.01104645,0.31306495,0.8596148,0.39866841,0.3830102361,1.0998236599,357,-0.164596857,-0.895839637,-0.051081783,0.6301165501
20131129,20131130,226660.0,01W,JPN,-0.044913,2013,11,20131031,20131031,55.662540147,5.5440677643,55.662540147,0.0190654171,0.0,0.0176079143,-0.040536658,-0.064948351,-0.029627939,-0.065046723,-0.081736884,-0.05631901,0.5656609201,0.0355650019,-0.01400843,0.1193827008,0.0021718039,-0.073945341,-0.155211087,0.2765439332,-0.106228969,4.9031548326,-0.050030004,-0.519188947,-0.008784487,-0.000710297,0.0,-0.008869394,-0.080193809,0.0713244141,-0.009098041,-0.0167262,0.0076281591,0.071681525,-0.072391822,0.0047929441,-0.053958434,0.0037751901,0.829323151,0.0517836594,0.1317052513,0.0007058159,0.0333855799,0.071681525,0.0,0.071681525,-0.001569202,-6.0,-0.073961024,-282.7973715,0.2838034442,2.9009833665,2.8378950531,8.8434169279,,0.123234648,-0.134416283,-0.024316109,,0.0731143983,-0.074287995,0.0034759777,-0.276189204,,,,,,,-0.000786457,-0.044357787,0.0028909961,-0.008475849,,,-0.218251163,0.0465013324,0.7679985676,0.1149640946,0.047954499,34.6,0.0018307354,0.0502144576,-0.044160872,2.698757764,,0.7707263312,0.4275910551,0.5411713653,6.0,-3.609773475,3.4734723889,1.2641560642,-0.019226298,-0.664844876,0.0378961241,3.7224080523,1.3793042495,0.3280812621,-0.130648384,10.985562544,0.0009735349,0.0068147443,-0.097158783,0.0192759911,0.0192759911,,1.4289161167,0.2150093216,0.6051506212,12.975454988,0.4412290208,-0.301425236,-0.097088473,0.4722001035,0.605916806,0.00585888,56981.11618438,1.29211959,0.00095657,1.26051386,0.00620382,0.00655034,0.00259807,0.01001594,-0.96031795,0.17211017,0.59261118,0.01050986,-1.01491906,,,0.00899954,0.01250433,0.01001849,-0.95976637,0.24104671,0.01085727,0.30707105,0.82476889,0.40304214,0.378108911,0.7666158087,358,-0.193191508,-0.908010214,-0.064820835,0.6144907702
20131230,20131231,226660.0,01W,JPN,-0.039714,2013,12,20131129,20131130,53.162558457,5.2950660504,53.162558457,0.0199619728,0.0,0.0176079143,-0.04491318,-0.055685811,-0.031572279,-0.072077636,-0.149218256,-0.086199289,0.1847057247,-0.05783998,-0.012833266,0.0272516667,0.0029792308,-0.073945341,-0.155211087,0.2765439332,-0.106228969,4.9031548326,-0.050030004,-0.519188947,-0.008784487,-0.000710297,0.0,-0.008869394,-0.080193809,0.0713244141,-0.009098041,-0.0167262,0.0076281591,0.071681525,-0.072391822,0.0047929441,-0.053958434,0.0037751901,0.829323151,0.0517836594,0.1317052513,0.0007058159,0.0333855799,0.071681525,0.0,0.071681525,-0.001569202,-6.0,-0.073961024,-282.7973715,0.2838034442,2.9009833665,2.8378950531,8.8434169279,,0.123234648,-0.134416283,-0.024316109,,0.0731143983,-0.074287995,0.0034759777,-0.276189204,,,,,,,-0.000786457,-0.044357787,0.0028909961,-0.008475849,,,-0.218251163,0.0465013324,0.7679985676,0.1149640946,0.047954499,34.6,0.0018307354,0.0502144576,-0.044160872,2.698757764,,0.7707263312,0.4275910551,0.5411713653,6.0,-3.609773475,3.4734723889,1.2641560642,-0.019226298,-0.664844876,0.0378961241,3.8974551578,1.444166353,0.3435093598,-0.136792155,11.502161181,0.0010193156,0.0071352093,-0.101727698,0.020182449,0.020182449,,1.5067596088,0.226722449,0.5983123921,12.676474278,0.4575426499,-0.413573823,-0.132943939,0.472296132,0.5785972353,0.00621834,58474.7471942,1.27134382,0.00099315,1.23076334,0.00610934,0.00648997,0.00443744,0.00584743,0.54307077,-0.16725637,-0.43271999,0.00485235,0.48640395,,,0.00615092,0.00857745,0.00637133,0.1398562,0.21501864,0.01073264,0.30786599,0.79465998,0.44215996,0.409854347,0.5301746957,359,-0.221478483,-0.91202545,-0.066188972,0.5904777228
20140131,20140131,226660.0,01W,JPN,0.021778,2014,1,20131230,20131231,51.051248427,5.0847765838,51.051248427,0.0207875337,0.0,0.0176079143,-0.039714229,-0.083629208,-0.13174897,-0.108311487,-0.137545202,-0.067548444,-0.025841245,0.0066423463,-0.0170475,0.0020905479,0.0006386276,-0.019021153,-0.155211087,0.2765439332,-0.17406331,4.9031548326,-0.050030004,-0.519188947,-0.013823317,-0.000710297,0.0,-0.017043982,0.0734348057,-0.090478788,-0.074573387,-0.0167262,0.0076281591,0.071681525,-0.072391822,0.0047929441,-0.09237576,0.0037751901,0.829323151,0.0517836594,0.1317052513,0.0007058159,0.0333855799,0.071681525,0.0,0.071681525,-0.001569202,-6.0,-0.073961024,-282.7973715,0.2838034442,2.9009833665,2.8378950531,8.8434169279,,0.2662041027,-0.134416283,-0.024316109,,0.0731143983,-0.074287995,0.0034759777,-0.276189204,,,,,,,-0.000786457,-0.044357787,0.0028909961,-0.008475849,,,-0.218251163,0.0465013324,0.7679985676,0.1149640946,0.047954499,34.6,0.0018307354,0.0502144576,-0.044160872,3.34592646,,0.7707263312,0.4275910551,0.638858035,6.0,-3.609773475,3.4734723889,1.2641560642,-0.019226298,-0.664844876,0.0378961241,4.6328263387,1.3846169048,0.3577157657,-0.142449424,11.977852354,0.0010614711,0.0074302978,-0.105934817,0.0210171281,0.0210171281,,1.5794253772,0.2376564831,0.7289528019,12.401168703,0.3811068398,-0.3338792,-1.383460252,0.4423630439,0.5897665545,0.00559079,62193.61787755,1.21978797,0.00108964,1.17217766,0.00596103,0.00640051,0.0010239,0.00957925,0.21073702,-0.23234705,0.08137835,0.009593,-0.80794933,,,0.01040082,0.02451452,0.00988076,0.74823178,0.18068978,0.01057297,0.28620494,0.77897296,0.42706463,0.3889767218,0.9044603594,360,-0.212724758,-0.914841639,-0.062416246,0.5997441561
20140228,20140228,226660.0,01W,JPN,-0.015525,2014,2,20140131,20140131,51.46584016,5.1955143309,51.46584016,0.0206200762,-0.013366111,0.0310641563,0.0217782916,-0.082843717,-0.177175276,-0.146094097,-0.177261841,-0.013230223,-0.011788008,-0.033266757,-0.012043405,-0.047965954,0.0055145671,-0.019021153,-0.155211087,0.2765439332,-0.17406331,4.9031548326,-0.050030004,-0.519188947,-0.013823317,-0.000710297,0.0,-0.017043982,0.0734348057,-0.090478788,-0.074573387,-0.0167262,0.0076281591,0.071681525,-0.072391822,0.0047929441,-0.09237576,0.0037751901,0.829323151,0.0517836594,0.1317052513,0.0007058159,0.0333855799,0.071681525,0.0,0.071681525,-0.001569202,-6.0,-0.073961024,-282.7973715,0.2838034442,2.9009833665,2.8378950531,8.8434169279,,0.2662041027,-0.134416283,-0.024316109,,0.0731143983,-0.074287995,0.0034759777,-0.276189204,,,,,,,-0.000786457,-0.044357787,0.0028909961,-0.008475849,,,-0.218251163,0.0465013324,0.7679985676,0.1149640946,0.047954499,34.6,0.0018307354,0.0502144576,-0.044160872,3.34592646,,0.7707263312,0.4275910551,0.638858035,6.0,-3.609773475,3.4734723889,1.2641560642,-0.019226298,-0.664844876,0.0378961241,4.5955058268,1.3734628904,0.3548341262,-0.141301898,11.88136275,0.0010529203,0.0073704418,-0.105081442,0.0208478211,0.0208478211,,1.5646083806,0.2354269664,0.7275180259,12.457011922,0.3848000659,-0.456548356,-3.653556736,0.5487940791,0.5839705765,0.00555116,66412.91129332,1.17800478,0.00119845,1.11260885,0.0058693,0.00631644,0.0017834,,,,,,,,,,,,,0.16795054,0.01063822,0.28770114,0.77897296,0.43236373,0.3923384002,,361,-0.280976428,-1.00484524,-0.074544767,0.607232412
20140331,20140331,226660.0,01W,JPN,0.013705,2014,3,20140228,20140228,50.666815594,5.1148522146,50.666815594,0.0101392555,-0.013366111,0.0219814402,-0.015525338,-0.018800846,-0.115054485,-0.092456962,-0.130415762,0.0343026913,0.0446171207,-0.006103132,-0.012899969,-0.017212635,0.003905168,-0.019021153,-0.155211087,0.2765439332,-0.17406331,4.9031548326,-0.050030004,-0.519188947,-0.013823317,-0.000710297,0.0,-0.017043982,0.0734348057,-0.090478788,-0.074573387,-0.0167262,0.0076281591,0.071681525,-0.072391822,0.0047929441,-0.09237576,0.0037751901,0.829323151,0.0517836594,0.1317052513,0.0007058159,0.0333855799,0.071681525,0.0,0.071681525,-0.001569202,-6.0,-0.073961024,-282.7973715,0.2838034442,2.9009833665,2.8378950531,8.8434169279,,0.2662041027,-0.134416283,-0.024316109,,0.0731143983,-0.074287995,0.0034759777,-0.276189204,,,,,,,-0.000786457,-0.044357787,0.0028909961,-0.008475849,,,-0.218251163,0.0465013324,0.7679985676,0.1149640946,0.047954499,34.6,0.0018307354,0.0502144576,-0.044160872,3.34592646,,0.7707263312,0.4275910551,0.638858035,6.0,-3.609773475,3.4734723889,1.2641560642,-0.019226298,-0.664844876,0.0378961241,4.6679777595,1.395122641,0.3604299226,-0.143530254,12.068733924,0.001069525,0.0074866749,-0.106738594,0.0211765949,0.0211765949,,1.5934175109,0.2397618825,0.7367498165,12.348571127,0.3391173666,-0.366985808,-1.426071693,0.515014751,0.5934567899,0.00538447,65524.55219692,0.85806183,0.00122996,0.87186804,0.005896,0.00629063,0.00184852,0.00933246,0.28002927,-0.20810304,0.10063678,0.00988845,0.29197965,,,0.01137122,0.01893792,0.01046284,-0.2204267,0.15475049,0.01061641,0.25032639,0.78358045,0.41890518,0.3690955848,0.9725388382,362,-0.275676535,-0.992826644,-0.082129961,0.6175070721
20140430,20140430,226660.0,01W,JPN,0.021475,2014,4,20140331,20140331,51.361183658,5.1849491802,51.361183658,0.0100021797,-0.013366111,0.0219814402,0.0137045926,0.0059148382,-0.114817241,-0.161299281,-0.138659476,-0.011324426,0.0197908569,0.0027753499,-0.011906402,0.0252661802,-0.000506449,-0.019021153,-0.155211087,0.2765439332,-0.17406331,4.9031548326,-0.050030004,-0.519188947,-0.013823317,-0.000710297,0.0,-0.017043982,0.0734348057,-0.090478788,-0.074573387,-0.0167262,0.0076281591,0.071681525,-0.072391822,0.0047929441,-0.09237576,0.0037751901,0.829323151,0.0517836594,0.1317052513,0.0007058159,0.0333855799,0.071681525,0.0,0.071681525,-0.001569202,-6.0,-0.073961024,-282.7973715,0.2838034442,2.9009833665,2.8378950531,8.8434169279,,0.2662041027,-0.134416283,-0.024316109,,0.0731143983,-0.074287995,0.0034759777,-0.276189204,,,,,,,-0.000786457,-0.044357787,0.0028909961,-0.008475849,,,-0.218251163,0.0465013324,0.7679985676,0.1149640946,0.047954499,34.6,0.0018307354,0.0502144576,-0.044160872,3.34592646,,0.7707263312,0.4275910551,0.638858035,6.0,-3.609773475,3.4734723889,1.2641560642,-0.019226298,-0.664844876,0.0378961241,4.6048698938,1.3762615374,0.3555571566,-0.141589823,11.905572898,0.0010550657,0.0073854602,-0.105295562,0.0208903018,0.0208903018,,1.5683223814,0.2359858129,0.7380533353,12.443000334,0.3336476654,-0.296883198,-0.997749182,0.5159029745,0.6231110642,0.00668618,63050.17466112,0.82839631,0.00120568,0.83955353,0.00597516,0.00629731,0.00330342,0.0100886,-0.31547353,0.11088518,0.21918302,0.00848751,-0.09422469,,,0.01424613,0.02431976,0.01084556,-0.05184831,0.15937224,0.01072242,0.26471649,0.79431911,0.41110695,0.3630358753,1.2102461705,363,-0.286605213,-0.994372855,-0.086618464,0.6110097709
20140530,20140531,226660.0,01W,JPN,0.011444,2014,5,20140430,20140430,52.464156671,5.2962951152,52.464156671,0.0097919003,-0.013366111,0.0219814402,0.0214748363,-0.002033514,-0.064775288,-0.160965225,-0.129271731,-0.029627939,0.0170894127,-0.038610316,-0.006444115,-0.027394988,0.0042203975,-0.019021153,-0.155211087,0.2765439332,-0.17406331,4.9031548326,-0.050030004,-0.519188947,-0.013823317,-0.000710297,0.0,-0.017043982,0.0734348057,-0.090478788,-0.074573387,-0.0167262,0.0076281591,0.071681525,-0.072391822,0.0047929441,-0.09237576,0.0037751901,0.829323151,0.0517836594,0.1317052513,0.0007058159,0.0333855799,0.071681525,0.0,0.071681525,-0.001569202,-6.0,-0.073961024,-282.7973715,0.2838034442,2.9009833665,2.8378950531,8.8434169279,,0.2662041027,-0.134416283,-0.024316109,,0.0731143983,-0.074287995,0.0034759777,-0.276189204,,,,,,,-0.000786457,-0.044357787,0.0028909961,-0.008475849,,,-0.218251163,0.0465013324,0.7679985676,0.1149640946,0.047954499,34.6,0.0018307354,0.0502144576,-0.044160872,3.34592646,,0.7707263312,0.4275910551,0.638858035,6.0,-3.609773475,3.4734723889,1.2641560642,-0.019226298,-0.664844876,0.0378961241,4.5080600422,1.3473278914,0.3480821494,-0.138613129,11.655277716,0.0010328847,0.007230193,-0.103081895,0.0204511174,0.0204511174,,1.5300452588,0.2302262458,0.7374636176,12.587858306,0.3351010875,-0.330925983,-0.702696423,0.5174440433,0.6533584569,0.00674547,59203.36233308,0.88847274,0.00114226,0.89455679,0.00610596,0.00630848,0.00501903,0.00673571,-0.43968094,0.18625527,-0.14341774,0.00695778,-0.43962196,,,0.0094523,0.01512717,0.00675229,-0.39314423,0.16711986,0.01025051,0.22436558,0.81137698,0.41042051,0.3520679823,0.8523688976,364,-0.285218907,-0.991283473,-0.105282147,0.6212094035
20140630,20140630,226660.0,01W,JPN,0.046571,2014,6,20140530,20140531,53.064569297,5.3569072105,53.064569297,0.0096811073,-0.013366111,0.0219814402,0.0114442443,0.0354737328,0.0002321151,-0.097888619,-0.074852757,-0.031572279,-0.04640771,0.0652824128,-0.011338494,0.0514290457,-0.00440034,-0.019021153,-0.155211087,0.2765439332,-0.17406331,4.9031548326,-0.050030004,-0.519188947,-0.013823317,-0.000710297,0.0,-0.017043982,0.0734348057,-0.090478788,-0.074573387,-0.0167262,0.0076281591,0.071681525,-0.072391822,0.0047929441,-0.09237576,0.0037751901,0.829323151,0.0517836594,0.1317052513,0.0007058159,0.0333855799,0.071681525,0.0,0.071681525,-0.001569202,-6.0,-0.073961024,-282.7973715,0.2838034442,2.9009833665,2.8378950531,8.8434169279,,0.2662041027,-0.134416283,-0.024316109,,0.0731143983,-0.074287995,0.0034759777,-0.276189204,,,,,,,-0.000786457,-0.044357787,0.0028909961,-0.008475849,,,-0.218251163,0.0465013324,0.7679985676,0.1149640946,0.047954499,34.6,0.0018307354,0.0502144576,-0.044160872,3.34592646,,0.7707263312,0.4275910551,0.638858035,6.0,-3.609773475,3.4734723889,1.2641560642,-0.019226298,-0.664844876,0.0378961241,4.4570524451,1.3320832058,0.344143685,-0.137044755,11.523401099,0.0010211979,0.0071483851,-0.101915548,0.020219718,0.020219718,,1.5099838616,0.227207603,0.7457765523,12.664181706,0.3431863642,-0.235535866,-0.156540055,0.5193818425,0.6455631515,0.00744565,54452.62828378,0.97206726,0.00105737,0.97319808,0.0062649,0.00633038,0.00263917,0.00838998,0.41017495,0.02895508,0.84589299,0.00865349,0.27544448,,,0.01426716,0.02396287,0.01020854,0.48139591,0.21342844,0.01001802,0.31396409,0.82066257,0.41719963,0.376244131,1.3105846728,365,-0.30031141,-0.983675754,-0.115406295,0.6064352872
20140731,20140731,226660.0,01W,JPN,-0.001034,2014,7,20140630,20140630,55.535830269,5.606382819,55.535830269,0.0092503126,-0.013366111,0.0219814402,0.0465708288,0.0331648439,0.0535186988,-0.072926899,-0.121608652,-0.13174897,-0.040847368,0.0133009932,-0.008313963,0.0296616518,-0.002281132,-0.204665293,-0.110863356,0.3459964533,-0.133647673,3.1292031277,-0.227716234,-0.025753236,-0.012419702,0.0031358308,0.0,-0.030123499,-0.023048292,-0.007075207,-0.212215405,-0.033688619,-0.178526786,-0.017524386,0.0206602172,-0.00807584,-0.181138544,-0.014057347,0.9355452491,0.1785586871,0.03591564,-0.480267279,-0.19558676,-0.017524386,0.0,-0.017524386,-0.165834225,-1.212608696,-0.145174008,-1.061537595,0.1588494043,3.2865382328,2.9231520101,13.913490471,,0.1368176953,-0.055655525,-0.06022187,,-0.147615707,-0.216891875,-0.073812309,0.7182236065,,,,,,,-0.003426019,0.0049555296,0.0134554174,-0.059593706,,,0.5869374743,0.0101202062,0.7440716067,0.0219516889,0.1420139211,,0.02907599,0.0127244619,0.0272452546,3.5117978701,,0.800994054,0.7797146697,0.4705068281,4.0,-1.839453443,3.4427123482,,0.5042358524,-0.716202791,0.0441451974,2.9673150965,0.8449561183,0.2768294319,-0.129151781,9.7899520016,-0.405804776,0.0862776241,-0.053989679,0.0174672491,0.0174672491,,0.8079825837,0.0433571396,0.5072849086,20.185601947,0.3467655511,-0.64556426,0.5786176269,0.859508607,0.4509507358,0.00670553,48895.96663412,0.99220279,0.00094141,0.99281108,0.00646947,0.00634976,0.00186831,0.00502495,0.0954234,0.1855271,0.22626301,0.00521081,0.42210714,,,0.00853966,0.01497644,0.00502843,0.14921588,0.20541261,0.00926903,0.37078909,0.85888151,0.41863145,0.3952585409,0.848897331,366,-0.616519658,-0.208196866,-0.751542558,-0.019452618
20140829,20140831,226660.0,01W,JPN,-0.080379,2014,8,20140731,20140731,55.478400116,5.6005852029,55.478400116,0.0092598883,-0.013366111,0.0219814402,-0.00103411,0.058548041,0.0790813887,0.0112399518,-0.092768322,-0.177175276,-0.033877405,-0.049947792,-0.003867265,-0.003575882,0.0009066057,-0.204665293,-0.110863356,0.3459964533,-0.133647673,3.1292031277,-0.227716234,-0.025753236,-0.012419702,0.0031358308,0.0,-0.030123499,-0.023048292,-0.007075207,-0.212215405,-0.033688619,-0.178526786,-0.017524386,0.0206602172,-0.00807584,-0.181138544,-0.014057347,0.9355452491,0.1785586871,0.03591564,-0.480267279,-0.19558676,-0.017524386,0.0,-0.017524386,-0.165834225,-1.212608696,-0.145174008,-1.061537595,0.1588494043,3.2865382328,2.9231520101,13.913490471,,0.1368176953,-0.055655525,-0.06022187,,-0.147615707,-0.216891875,-0.073812309,0.7182236065,,,,,,,-0.003426019,0.0049555296,0.0134554174,-0.059593706,,,0.5869374743,0.0101202062,0.7440716067,0.0219516889,0.1420139211,,0.02907599,0.0127244619,0.0272452546,3.5117978701,,0.800994054,0.7797146697,0.4705068281,4.0,-1.839453443,3.4427123482,,0.5042358524,-0.716202791,0.0441451974,2.970386803,0.8458308003,0.2771160004,-0.129285476,9.8000863682,-0.406224857,0.086366937,-0.054045568,0.0174853308,0.0174853308,,0.808943183,0.0434086864,0.5051259427,20.186484198,0.3479342467,-0.492323968,1.4859738532,0.9058878487,0.4443368847,0.00699754,41965.00743238,1.02086891,0.00080014,1.02733842,0.00672609,0.00641869,0.00198026,0.00497522,-0.52828272,-0.04121246,-0.10420522,0.00519851,-0.56468068,,,0.00658453,0.0102333,0.00539397,-0.19049909,0.1976223,0.00884831,0.31205887,0.85799333,0.42031699,0.3937411077,0.6983694055,367,-0.704466501,-0.115114417,-0.95764404,-0.063103953
20140930,20140930,226660.0,01W,JPN,-0.024836,2014,9,20140829,20140831,51.019103667,5.1504159541,51.019103667,,-0.013366111,0.013456242,-0.080378966,0.0454885595,0.0949652048,0.0576988369,-0.046059266,-0.115054485,-0.09877331,-0.015789194,-0.009739063,0.0234397989,-0.003104178,-0.204665293,-0.110863356,0.3459964533,-0.133647673,3.1292031277,-0.227716234,-0.025753236,-0.012419702,0.0031358308,0.0,-0.030123499,-0.023048292,-0.007075207,-0.212215405,-0.033688619,-0.178526786,-0.017524386,0.0206602172,-0.00807584,-0.181138544,-0.014057347,0.9355452491,0.1785586871,0.03591564,-0.480267279,-0.19558676,-0.017524386,0.0,-0.017524386,-0.165834225,-1.212608696,-0.145174008,-1.061537595,0.1588494043,3.2865382328,2.9231520101,13.913490471,,0.1368176953,-0.055655525,-0.06022187,,-0.147615707,-0.216891875,-0.073812309,0.7182236065,,,,,,,-0.003426019,0.0049555296,0.0134554174,-0.059593706,,,0.5869374743,0.0101202062,0.7440716067,0.0219516889,0.1420139211,,0.02907599,0.0127244619,0.0272452546,3.5117978701,,0.800994054,0.7797146697,0.4705068281,4.0,-1.839453443,3.4427123482,,0.5042358524,-0.716202791,0.0441451974,3.2300118135,0.9197601721,0.3013371706,-0.140585602,10.65665748,-0.441730715,0.0939157912,-0.058769391,0.0190136264,0.0190136264,,0.8912145881,0.0478234508,0.5148091204,20.261053376,0.3648873573,-0.25391006,1.5684464206,0.8606224264,0.4536366471,0.005591,39751.33658975,1.05621955,0.00075212,1.05645369,0.00679721,0.00645923,0.00227575,0.00935957,-1.3390684,0.36090674,-0.18257168,0.00979181,-1.60316898,,,0.00527483,0.01369456,0.00936398,-1.35771639,0.19248774,0.00881689,0.27642023,0.85347722,0.41671607,0.4064996629,0.5715376231,368,-0.707515372,-0.119006571,-0.95961127,-0.069699211
20141031,20141031,226660.0,01W,JPN,-0.044482,2014,10,20140930,20140930,49.751968019,5.0224976806,49.751968019,,-0.013366111,0.013456242,-0.024836494,-0.081329955,-0.006660282,0.0129089979,-0.108662535,-0.114817241,-0.12820342,-0.040536658,-0.008311775,-0.03909959,0.0018261078,-0.204665293,-0.110863356,0.3459964533,-0.133647673,3.1292031277,-0.227716234,-0.025753236,-0.012419702,0.0031358308,0.0,-0.030123499,-0.023048292,-0.007075207,-0.212215405,-0.033688619,-0.178526786,-0.017524386,0.0206602172,-0.00807584,-0.181138544,-0.014057347,0.9355452491,0.1785586871,0.03591564,-0.480267279,-0.19558676,-0.017524386,0.0,-0.017524386,-0.165834225,-1.212608696,-0.145174008,-1.061537595,0.1588494043,3.2865382328,2.9231520101,13.913490471,,0.1368176953,-0.055655525,-0.06022187,,-0.147615707,-0.216891875,-0.073812309,0.7182236065,,,,,,,-0.003426019,0.0049555296,0.0134554174,-0.059593706,,,0.5869374743,0.0101202062,0.7440716067,0.0219516889,0.1420139211,,0.02907599,0.0127244619,0.0272452546,3.5117978701,,0.800994054,0.7797146697,0.4705068281,4.0,-1.839453443,3.4427123482,,0.5042358524,-0.716202791,0.0441451974,3.3122771645,0.9431855952,0.3090119438,-0.144166184,10.928072483,-0.45298118,0.0963077377,-0.060266192,0.0194978856,0.0194978856,,0.9177365525,0.0492466455,0.5173517653,20.28468153,0.3733819252,-0.281477474,-0.087883405,0.8626005264,0.470322918,0.00623609,40743.9354584,1.01235024,0.0007728,1.00978814,0.00671541,0.0064795,0.00256333,0.00996101,0.42031396,0.30862784,0.63396048,0.01046177,0.41975724,,,0.01188735,0.01911111,0.01000452,0.37821396,0.17657218,0.00844351,0.19934559,0.87549038,0.42241302,0.4021961764,1.3571259822,369,-0.713327715,-0.121773864,-0.961441703,-0.074169063
20141128,20141130,226660.0,01W,JPN,-0.039439,2014,11,20141031,20141031,47.538909427,4.7990877917,47.538909427,,-0.013366111,0.013456242,-0.04448183,-0.103219128,-0.051696031,-0.033301159,-0.094077148,-0.064775288,-0.136220654,-0.04491318,-0.008272561,0.0361333631,-0.005215646,-0.204665293,-0.110863356,0.3459964533,-0.133647673,3.1292031277,-0.227716234,-0.025753236,-0.012419702,0.0031358308,0.0,-0.030123499,-0.023048292,-0.007075207,-0.212215405,-0.033688619,-0.178526786,-0.017524386,0.0206602172,-0.00807584,-0.181138544,-0.014057347,0.9355452491,0.1785586871,0.03591564,-0.480267279,-0.19558676,-0.017524386,0.0,-0.017524386,-0.165834225,-1.212608696,-0.145174008,-1.061537595,0.1588494043,3.2865382328,2.9231520101,13.913490471,,0.1368176953,-0.055655525,-0.06022187,,-0.147615707,-0.216891875,-0.073812309,0.7182236065,,,,,,,-0.003426019,0.0049555296,0.0134554174,-0.059593706,,,0.5869374743,0.0101202062,0.7440716067,0.0219516889,0.1420139211,,0.02907599,0.0127244619,0.0272452546,3.5117978701,,0.800994054,0.7797146697,0.4705068281,4.0,-1.839453443,3.4427123482,,0.5042358524,-0.716202791,0.0441451974,3.4664721918,0.9870933123,0.3233972452,-0.150877491,11.436802385,-0.474068619,0.1007911108,-0.063071738,0.0204055623,0.0204055623,,0.9680508455,0.0519465599,0.5238899265,20.328969237,0.3761812189,-0.168663423,-0.19154786,0.8646682162,0.4934861187,0.00314274,74110.3107523,3.96646786,0.00141259,3.88223216,0.00554754,0.005954,0.00490559,0.0246157,1.2572624,0.16245132,-0.19381654,0.02551725,1.51880115,,,0.0237133,0.07776642,0.02475949,0.96540115,0.1808088,0.01087174,0.06800915,0.84947536,0.41744025,0.4670839664,2.1247234039,370,-0.74735907,-0.119549007,-0.966814918,-0.139134876
20141230,20141231,226660.0,01W,JPN,0.008669,2014,12,20141128,20141130,45.664024503,4.6098167828,45.664024503,,-0.013366111,0.013456242,-0.039438955,-0.068213551,-0.104130872,-0.061734809,-0.093668002,0.0002321151,-0.178534,-0.039714229,-0.008247536,-0.023656087,-0.000898334,-0.204665293,-0.110863356,0.3459964533,-0.133647673,3.1292031277,-0.227716234,-0.025753236,-0.012419702,0.0031358308,0.0,-0.030123499,-0.023048292,-0.007075207,-0.212215405,-0.033688619,-0.178526786,-0.017524386,0.0206602172,-0.00807584,-0.181138544,-0.014057347,0.9355452491,0.1785586871,0.03591564,-0.480267279,-0.19558676,-0.017524386,0.0,-0.017524386,-0.165834225,-1.212608696,-0.145174008,-1.061537595,0.1588494043,3.2865382328,2.9231520101,13.913490471,,0.1368176953,-0.055655525,-0.06022187,,-0.147615707,-0.216891875,-0.073812309,0.7182236065,,,,,,,-0.003426019,0.0049555296,0.0134554174,-0.059593706,,,0.5869374743,0.0101202062,0.7440716067,0.0219516889,0.1420139211,,0.02907599,0.0127244619,0.0272452546,3.5117978701,,0.800994054,0.7797146697,0.4705068281,4.0,-1.839453443,3.4427123482,,0.5042358524,-0.716202791,0.0441451974,3.6087994729,1.0276216361,0.33667537,-0.157072257,11.906377474,-0.493533047,0.1049294174,-0.065661353,0.021243379,0.021243379,,1.0152037286,0.05447683,0.5310240086,20.369848305,0.3840415991,-0.098236437,-0.341688181,0.8642463154,0.5039886622,0.00612796,78483.24441713,3.76912495,0.00151125,3.65079159,0.0054079,0.00594548,0.00300208,0.01351437,0.12009291,-0.24650138,-0.71342643,0.00902265,-0.12898686,,,0.0141599,0.02705656,0.01360759,0.22226398,0.16612366,0.01141048,0.06813288,0.81597294,0.41169364,0.4737230802,1.2129622263,371,-0.754645148,-0.124502597,-0.965259157,-0.161085554
20150130,20150131,226660.0,01W,JPN,0.042988,2015,1,20141230,20141231,46.059872191,4.6497778974,46.059872191,,-0.013366111,0.013456242,0.0086686991,-0.082166469,-0.177755617,-0.11092344,-0.093408195,0.0535186988,-0.089232269,0.0217782916,-0.009439317,0.005669381,-0.001424353,-0.189503734,-0.110863356,0.3459964533,-0.122527027,3.1292031277,-0.227716234,-0.025753236,-0.009915912,0.0031358308,0.0,-0.012879684,-0.061611015,0.0487313316,-0.183717901,-0.033688619,-0.178526786,-0.017524386,0.0206602172,-0.00807584,-0.144112068,-0.014057347,0.9355452491,0.1785586871,0.03591564,-0.480267279,-0.19558676,-0.017524386,0.0,-0.017524386,-0.165834225,-1.212608696,-0.145174008,-1.061537595,0.1588494043,3.2865382328,2.9231520101,13.913490471,,0.2912314182,-0.055655525,-0.06022187,,-0.147615707,-0.216891875,-0.073812309,0.7182236065,,,,,,,-0.003426019,0.0049555296,0.0134554174,-0.059593706,,,0.5869374743,0.0101202062,0.7440716067,0.0219516889,0.1420139211,,0.02907599,0.0127244619,0.0272452546,4.4515984798,,0.800994054,0.7797146697,0.5399271967,4.0,-1.839453443,3.4427123482,,0.5042358524,-0.716202791,0.0441451974,4.1617949384,0.9348989935,0.333781915,-0.155722347,11.804051701,-0.489291526,0.1040276332,-0.065097047,0.0210608092,0.0210608092,,1.0048696135,0.0539222912,0.5888101745,20.360940289,0.3780506952,-0.015872391,-0.638880213,0.8632466356,0.5210900324,0.00295046,112282.82021303,3.70450226,0.00224493,3.67636264,0.00457568,0.00549194,0.00420799,0.01503414,1.35675032,0.04432753,0.51419443,0.01540492,1.29515805,,,0.01875053,0.0509892,0.01530065,1.52467662,0.17276374,0.01191474,0.07688174,0.82304636,0.41659463,0.5006235507,1.5401963916,372,-0.771923374,-0.121043695,-0.964549538,-0.193717879
20150227,20150228,226660.0,01W,JPN,-0.078859,2015,2,20150130,20150131,48.039881317,4.8496612716,48.039881317,,0.0,1.110223e-16,0.0429877251,-0.031112141,-0.169769278,-0.122069712,-0.105039925,0.0790813887,-0.091565458,-0.015525338,-0.004119948,-0.034916026,0.0022055861,-0.189503734,-0.110863356,0.3459964533,-0.122527027,3.1292031277,-0.227716234,-0.025753236,-0.009915912,0.0031358308,0.0,-0.012879684,-0.061611015,0.0487313316,-0.183717901,-0.033688619,-0.178526786,-0.017524386,0.0206602172,-0.00807584,-0.144112068,-0.014057347,0.9355452491,0.1785586871,0.03591564,-0.480267279,-0.19558676,-0.017524386,0.0,-0.017524386,-0.165834225,-1.212608696,-0.145174008,-1.061537595,0.1588494043,3.2865382328,2.9231520101,13.913490471,,0.2912314182,-0.055655525,-0.06022187,,-0.147615707,-0.216891875,-0.073812309,0.7182236065,,,,,,,-0.003426019,0.0049555296,0.0134554174,-0.059593706,,,0.5869374743,0.0101202062,0.7440716067,0.0219516889,0.1420139211,,0.02907599,0.0127244619,0.0272452546,4.4515984798,,0.800994054,0.7797146697,0.5399271967,4.0,-1.839453443,3.4427123482,,0.5042358524,-0.716202791,0.0441451974,3.9902626255,0.8963662477,0.3200247778,-0.149304103,11.317536551,-0.469124913,0.0997400359,-0.06241401,0.020192768,0.020192768,,0.9561840007,0.0513097734,0.5876867232,20.318586497,0.3834511298,-0.007224526,-0.674306451,0.7594053205,0.5311557191,0.00618885,116488.31049268,3.61017058,0.00234848,3.55156399,0.00447355,0.00552867,0.00248157,0.00586866,0.48958681,0.06493222,0.38829898,0.00597852,0.37205608,,,0.01123336,0.01354167,0.00687482,0.16084987,0.16946653,0.01156978,0.08398414,0.85842725,0.41703966,0.4856803337,0.9472572195,373,-0.78083998,-0.145762491,-0.967096203,-0.189447006
20150331,20150331,226660.0,01W,JPN,-0.027347,2015,3,20150227,20150228,44.251509806,4.4672223876,44.251509806,,0.0,1.110223e-16,-0.078858886,0.0520290719,-0.058394251,-0.094690074,-0.051847235,0.0949652048,-0.053851654,0.0137045926,-0.01253481,-0.023261607,0.0020379458,-0.189503734,-0.110863356,0.3459964533,-0.122527027,3.1292031277,-0.227716234,-0.025753236,-0.009915912,0.0031358308,0.0,-0.012879684,-0.061611015,0.0487313316,-0.183717901,-0.033688619,-0.178526786,-0.017524386,0.0206602172,-0.00807584,-0.144112068,-0.014057347,0.9355452491,0.1785586871,0.03591564,-0.480267279,-0.19558676,-0.017524386,0.0,-0.017524386,-0.165834225,-1.212608696,-0.145174008,-1.061537595,0.1588494043,3.2865382328,2.9231520101,13.913490471,,0.2912314182,-0.055655525,-0.06022187,,-0.147615707,-0.216891875,-0.073812309,0.7182236065,,,,,,,-0.003426019,0.0049555296,0.0134554174,-0.059593706,,,0.5869374743,0.0101202062,0.7440716067,0.0219516889,0.1420139211,,0.02907599,0.0127244619,0.0272452546,4.4515984798,,0.800994054,0.7797146697,0.5399271967,4.0,-1.839453443,3.4427123482,,0.5042358524,-0.716202791,0.0441451974,4.3318689868,0.9731041572,0.3474220973,-0.162086026,12.286430793,-0.509286695,0.1082787799,-0.067757273,0.0219214708,0.0219214708,,1.0538776895,0.0565521127,0.5898557466,20.402934015,0.3326418266,0.1075648809,0.0607419208,0.7584363644,0.532050176,0.00481578,122057.45761003,3.47646033,0.00250112,3.36850804,0.00442901,0.00546328,0.0023,0.01029518,-1.68243341,-0.06455501,0.9704089,0.01079133,-1.30766855,,,0.00633051,0.01168127,0.01126904,-1.37647617,0.16626371,0.01171946,0.02109845,0.79073264,0.41337981,0.5314957611,0.5291868342,374,-0.793232772,-0.148517544,-0.96936252,-0.207633918
20150430,20150430,226660.0,01W,JPN,0.061467,2015,4,20150331,20150331,43.041357192,4.3450565932,43.041357192,,0.0,1.387779e-16,-0.027347149,-0.039261125,-0.110557601,-0.203189912,-0.138425039,-0.006660282,-0.0381478,0.0214748363,-0.016973172,0.0246003239,-0.001936993,-0.189503734,-0.110863356,0.3459964533,-0.122527027,3.1292031277,-0.227716234,-0.025753236,-0.009915912,0.0031358308,0.0,-0.012879684,-0.061611015,0.0487313316,-0.183717901,-0.033688619,-0.178526786,-0.017524386,0.0206602172,-0.00807584,-0.144112068,-0.014057347,0.9355452491,0.1785586871,0.03591564,-0.480267279,-0.19558676,-0.017524386,0.0,-0.017524386,-0.165834225,-1.212608696,-0.145174008,-1.061537595,0.1588494043,3.2865382328,2.9231520101,13.913490471,,0.2912314182,-0.055655525,-0.06022187,,-0.147615707,-0.216891875,-0.073812309,0.7182236065,,,,,,,-0.003426019,0.0049555296,0.0134554174,-0.059593706,,,0.5869374743,0.0101202062,0.7440716067,0.0219516889,0.1420139211,,0.02907599,0.0127244619,0.0272452546,4.4515984798,,0.800994054,0.7797146697,0.5399271967,4.0,-1.839453443,3.4427123482,,0.5042358524,-0.716202791,0.0441451974,4.453663998,1.0004639947,0.3571902317,-0.166643244,12.631876599,-0.523605821,0.1113231506,-0.06966234,0.0225378158,0.0225378158,,1.0894337336,0.058460085,0.5879699143,20.433006953,0.3352234865,-0.096324949,-0.285385634,0.7589077734,0.463260088,0.00527015,125758.31792173,3.34350831,0.00261237,3.19466526,0.00437381,0.00536759,0.00177743,0.01139478,1.31102474,0.13282452,0.73635506,0.01132692,0.49270374,,,0.01387817,0.03616817,0.01160587,1.41233709,0.15818639,0.01180091,-0.04867814,0.76910836,0.40880672,0.5505514441,1.1554746524,375,-0.796953949,-0.148100865,-0.974617448,-0.200114406
20150529,20150531,226660.0,01W,JPN,-0.04232,2015,5,20150430,20150430,45.686997094,4.6121358827,45.686997094,,0.0,-2.498e-16,0.0614673903,-0.104049469,-0.094607813,-0.224178111,-0.179604516,-0.051696031,-0.05591323,0.0114442443,-0.012425613,-0.04339907,0.003807914,-0.189503734,-0.110863356,0.3459964533,-0.122527027,3.1292031277,-0.227716234,-0.025753236,-0.009915912,0.0031358308,0.0,-0.012879684,-0.061611015,0.0487313316,-0.183717901,-0.033688619,-0.178526786,-0.017524386,0.0206602172,-0.00807584,-0.144112068,-0.014057347,0.9355452491,0.1785586871,0.03591564,-0.480267279,-0.19558676,-0.017524386,0.0,-0.017524386,-0.165834225,-1.212608696,-0.145174008,-1.061537595,0.1588494043,3.2865382328,2.9231520101,13.913490471,,0.2912314182,-0.055655525,-0.06022187,,-0.147615707,-0.216891875,-0.073812309,0.7182236065,,,,,,,-0.003426019,0.0049555296,0.0134554174,-0.059593706,,,0.5869374743,0.0101202062,0.7440716067,0.0219516889,0.1420139211,,0.02907599,0.0127244619,0.0272452546,4.4515984798,,0.800994054,0.7797146697,0.5399271967,4.0,-1.839453443,3.4427123482,,0.5042358524,-0.716202791,0.0441451974,4.1957614889,0.9425291854,0.336506081,-0.156993277,11.900390643,-0.493284886,0.1048766562,-0.065628337,0.0212326973,0.0212326973,,1.0145981932,0.0544443363,0.5849990177,20.369327118,0.3526940442,-0.210415356,-0.259373367,0.7507960241,0.4381448954,0.00544231,97697.26318311,3.11767305,0.00211349,3.02232426,0.00486856,0.00528853,0.00275159,0.010112,2.12113905,-0.1606439,0.93922317,0.01037234,1.74074197,,,0.01650425,0.03837013,0.01076271,1.71859514,0.1427956,0.01200937,0.05583878,0.81638344,0.41888196,0.5745724352,1.3439744536,376,-0.807417392,-0.174965922,-0.963563028,-0.215023649
20150630,20150630,226660.0,01W,JPN,0.0178,2015,6,20150529,20150531,43.753518298,4.4169497794,43.753518298,,0.0,-2.498e-16,-0.042320111,0.0324392839,0.0005030785,-0.104511961,-0.139030097,-0.104130872,0.0676557876,0.0465708288,-0.020506608,0.0529729434,-0.002292652,-0.189503734,-0.110863356,0.3459964533,-0.122527027,3.1292031277,-0.227716234,-0.025753236,-0.009915912,0.0031358308,0.0,-0.012879684,-0.061611015,0.0487313316,-0.183717901,-0.033688619,-0.178526786,-0.017524386,0.0206602172,-0.00807584,-0.144112068,-0.014057347,0.9355452491,0.1785586871,0.03591564,-0.480267279,-0.19558676,-0.017524386,0.0,-0.017524386,-0.165834225,-1.212608696,-0.145174008,-1.061537595,0.1588494043,3.2865382328,2.9231520101,13.913490471,,0.2912314182,-0.055655525,-0.06022187,,-0.147615707,-0.216891875,-0.073812309,0.7182236065,,,,,,,-0.003426019,0.0049555296,0.0134554174,-0.059593706,,,0.5869374743,0.0101202062,0.7440716067,0.0219516889,0.1420139211,,0.02907599,0.0127244619,0.0272452546,4.4515984798,,0.800994054,0.7797146697,0.5399271967,4.0,-1.839453443,3.4427123482,,0.5042358524,-0.716202791,0.0441451974,4.3811732269,0.9841797832,0.351376368,-0.163930849,12.426271849,-0.515083267,0.1095111816,-0.068528469,0.0221709754,0.0221709754,,1.068224553,0.0573219795,0.5833943704,20.41510794,0.2686070086,-0.089183325,0.0976955243,0.7505337792,0.4466761675,0.00679021,95622.46872149,3.18870128,0.00207487,3.0815475,0.00494714,0.00530402,0.00251344,0.00612021,-0.13506616,-0.08889717,1.18240867,0.00499671,-0.41231482,,,0.00596433,0.01063476,0.00731964,-0.33346667,0.1299404,0.01192862,0.0084994,0.781834,0.42096916,0.5866270822,0.4906732956,377,-0.808098898,-0.181822113,-0.966681532,-0.21282716
20150731,20150731,226660.0,01W,JPN,-0.01608,2015,7,20150630,20150630,44.532317822,4.4955701629,44.532317822,,0.0,-2.77556e-16,0.0177997006,0.0165459723,-0.050072955,-0.120567084,-0.212156943,-0.177755617,0.0511121387,-0.00103411,-0.018794443,0.0314892331,-0.000713955,-0.170306411,-0.249688147,-0.667088886,-0.343604199,2.3589745414,-0.436416173,-0.427984265,-0.033341493,0.0012393218,0.0,-0.055114817,0.0388643548,-0.093979172,-0.20240747,-0.049545004,-0.152862466,-0.02868097,0.029920292,0.0164240854,-0.161057973,-0.01937905,0.8537077827,0.2211820852,-0.029224051,-0.645952301,-1.438356164,-0.02868097,0.0,-0.02868097,-0.224180127,-1.905356214,-0.194259835,-1.651057071,-0.005076441,2.9866005874,2.7058912154,74.222222222,,0.2159202154,-0.125350755,-0.153034301,,-0.204802925,-0.310558146,-0.074563236,-0.551902821,,,,,,,0.0968881141,-0.419643434,0.0098125835,-0.041163356,,,-0.365462858,-0.002487456,0.7083158745,-0.01550987,0.1835133582,,0.1065222712,-0.002998042,0.0774462812,5.4900906953,,0.8212210597,0.6335259396,0.5203860123,6.0,-2.360117497,2.8634774247,,,0.2654750625,0.0565150441,3.0702897997,0.5592420909,0.257172463,-0.405765172,9.1605244611,-0.361243715,0.3270542426,0.2688194263,,,,0.2076960721,-0.01549027,0.4945457204,20.049883888,0.2816517284,-0.180465899,0.0275380237,0.7653653537,0.4773348927,0.00633571,60841.67332925,0.9677473,0.0013489,0.96606071,0.00585589,0.0052962,0.00120141,,,,,,,,,,,,,0.12626882,0.01235729,-0.02960751,0.781834,0.4282811,0.6055784841,,378,0.1065582943,0.4513542024,-0.086746056,-0.26557945
20150831,20150831,226660.0,01W,JPN,-0.018396,2015,8,20150731,20150731,43.81623948,4.4232815288,43.81623948,,0.0,0.0,-0.01607997,-0.025273696,-0.073013575,-0.063244859,-0.197303496,-0.169769278,0.0190840269,-0.080378966,-0.01294908,-0.02067882,0.0033150541,-0.170306411,-0.249688147,-0.667088886,-0.343604199,2.3589745414,-0.436416173,-0.427984265,-0.033341493,0.0012393218,0.0,-0.055114817,0.0388643548,-0.093979172,-0.20240747,-0.049545004,-0.152862466,-0.02868097,0.029920292,0.0164240854,-0.161057973,-0.01937905,0.8537077827,0.2211820852,-0.029224051,-0.645952301,-1.438356164,-0.02868097,0.0,-0.02868097,-0.224180127,-1.905356214,-0.194259835,-1.651057071,-0.005076441,2.9866005874,2.7058912154,74.222222222,,0.2159202154,-0.125350755,-0.153034301,,-0.204802925,-0.310558146,-0.074563236,-0.551902821,,,,,,,0.0968881141,-0.419643434,0.0098125835,-0.041163356,,,-0.365462858,-0.002487456,0.7083158745,-0.01550987,0.1835133582,,0.1065222712,-0.002998042,0.0774462812,5.4900906953,,0.8212210597,0.6335259396,0.5203860123,6.0,-2.360117497,2.8634774247,,,0.2654750625,0.0565150441,3.120466813,0.5683816509,0.2613753712,-0.412396495,9.3102327256,-0.367147435,0.332399212,0.273212678,,,,0.2134726329,-0.015921094,0.4947095658,20.061594303,0.2741387631,-0.148612106,-0.086665056,0.7643445111,0.4891575905,0.00580108,61485.56465195,0.98463912,0.00137529,0.97736357,0.00578646,0.00523573,0.0048011,0.0116212,1.53346546,-0.54036519,-0.63592586,0.01050132,0.16882779,,,0.012579,0.0374344,0.01232528,0.27181883,0.12808342,0.012773,0.08990807,0.79016588,0.42477907,0.5942887834,0.9644337479,379,0.2020884851,0.4598903112,0.0451038362,-0.283121284
20150930,20150930,226660.0,01W,JPN,-0.017232,2015,9,20150831,20150831,43.010186593,4.3419098983,43.010186593,,0.0,-1.38778e-16,-0.018396213,0.0014335117,-0.009836282,-0.040464787,-0.141179748,-0.058394251,-0.04786714,-0.024836494,-0.0123636,0.0151335514,-0.001410276,-0.170306411,-0.249688147,-0.667088886,-0.343604199,2.3589745414,-0.436416173,-0.427984265,-0.033341493,0.0012393218,0.0,-0.055114817,0.0388643548,-0.093979172,-0.20240747,-0.049545004,-0.152862466,-0.02868097,0.029920292,0.0164240854,-0.161057973,-0.01937905,0.8537077827,0.2211820852,-0.029224051,-0.645952301,-1.438356164,-0.02868097,0.0,-0.02868097,-0.224180127,-1.905356214,-0.194259835,-1.651057071,-0.005076441,2.9866005874,2.7058912154,74.222222222,,0.2159202154,-0.125350755,-0.153034301,,-0.204802925,-0.310558146,-0.074563236,-0.551902821,,,,,,,0.0968881141,-0.419643434,0.0098125835,-0.041163356,,,-0.365462858,-0.002487456,0.7083158745,-0.01550987,0.1835133582,,0.1065222712,-0.002998042,0.0774462812,5.4900906953,,0.8212210597,0.6335259396,0.5203860123,6.0,-2.360117497,2.8634774247,,,0.2654750625,0.0565150441,3.1789474076,0.5790336779,0.2662738008,-0.420125208,9.4847155765,-0.374028137,0.3386286978,0.2783329503,,,,0.2203718559,-0.016435648,0.507771961,20.075242624,0.2715645005,0.0111852487,0.2419745804,0.7622608969,0.5223900738,0.00453312,62958.4479712,1.13540776,0.00143102,1.15263724,0.00568457,0.00513193,0.00323883,0.00623614,-0.07719918,0.41509568,-0.03335274,0.00613091,-0.13577129,,,0.00757231,0.02077953,0.00701511,0.98306722,0.11883448,0.01256225,0.08864776,0.80111177,0.41972725,0.5194828796,0.5881132173,380,0.2427483424,0.4567498592,0.0496782369,-0.224687642
20151030,20151031,226660.0,01W,JPN,0.034686,2015,10,20150930,20150930,42.269021311,4.2670887192,42.269021311,,0.0,-2.498e-16,-0.01723232,-0.034180373,-0.000724201,-0.066211334,-0.135507834,-0.110557601,-0.102367533,-0.04448183,-0.009886372,-0.041325923,0.0023767731,-0.170306411,-0.249688147,-0.667088886,-0.343604199,2.3589745414,-0.436416173,-0.427984265,-0.033341493,0.0012393218,0.0,-0.055114817,0.0388643548,-0.093979172,-0.20240747,-0.049545004,-0.152862466,-0.02868097,0.029920292,0.0164240854,-0.161057973,-0.01937905,0.8537077827,0.2211820852,-0.029224051,-0.645952301,-1.438356164,-0.02868097,0.0,-0.02868097,-0.224180127,-1.905356214,-0.194259835,-1.651057071,-0.005076441,2.9866005874,2.7058912154,74.222222222,,0.2159202154,-0.125350755,-0.153034301,,-0.204802925,-0.310558146,-0.074563236,-0.551902821,,,,,,,0.0968881141,-0.419643434,0.0098125835,-0.041163356,,,-0.365462858,-0.002487456,0.7083158745,-0.01550987,0.1835133582,,0.1065222712,-0.002998042,0.0774462812,5.4900906953,,0.8212210597,0.6335259396,0.5203860123,6.0,-2.360117497,2.8634774247,,,0.2654750625,0.0565150441,3.2346885953,0.589186732,0.2709427733,-0.427491885,9.651025126,-0.380586525,0.3445663757,0.2832133737,,,,0.22712129,-0.016939031,0.5116105246,20.088251617,0.2559245307,0.0182790219,0.3447783415,0.7588174814,0.5314433806,0.00552912,59142.91391823,1.26655275,0.00134979,1.28422361,0.00574108,0.00507884,0.00301267,0.00751215,-0.53240188,-0.47141829,0.31651245,0.00632473,0.40114086,,,0.00691231,0.00957818,0.00882747,-0.98368905,0.13933553,0.01243598,0.1161122,0.78730676,0.41767358,0.4509078673,0.5393412316,381,0.254403933,0.4619908777,0.0497147986,-0.213969536
20151130,20151130,226660.0,01W,JPN,-0.002451,2015,11,20151030,20151031,43.735164712,4.4150969715,43.735164712,,0.0,-4.85723e-16,0.034686003,-0.035311523,-0.074812879,-0.120126442,-0.110854207,-0.094607813,-0.096564598,-0.039438955,-0.003147739,0.0238343395,-0.003407399,-0.170306411,-0.249688147,-0.667088886,-0.343604199,2.3589745414,-0.436416173,-0.427984265,-0.033341493,0.0012393218,0.0,-0.055114817,0.0388643548,-0.093979172,-0.20240747,-0.049545004,-0.152862466,-0.02868097,0.029920292,0.0164240854,-0.161057973,-0.01937905,0.8537077827,0.2211820852,-0.029224051,-0.645952301,-1.438356164,-0.02868097,0.0,-0.02868097,-0.224180127,-1.905356214,-0.194259835,-1.651057071,-0.005076441,2.9866005874,2.7058912154,74.222222222,,0.2159202154,-0.125350755,-0.153034301,,-0.204802925,-0.310558146,-0.074563236,-0.551902821,,,,,,,0.0968881141,-0.419643434,0.0098125835,-0.041163356,,,-0.365462858,-0.002487456,0.7083158745,-0.01550987,0.1835133582,,0.1065222712,-0.002998042,0.0774462812,5.4900906953,,0.8212210597,0.6335259396,0.5203860123,6.0,-2.360117497,2.8634774247,,,0.2654750625,0.0565150441,3.1262514287,0.5694352976,0.2618599,-0.413160982,9.3274917199,-0.367828041,0.3330154024,0.2737191504,,,,0.2141469717,-0.015971388,0.5184556506,20.062944328,0.2743776851,0.0162823677,-0.082426344,0.7536447167,0.5395402841,0.00554406,56152.43897258,1.43039848,0.00128848,1.43826744,0.00574404,0.00540226,0.00523904,0.01295838,1.02885321,0.39421909,2.14629297,0.01361745,0.97089641,,,0.01987105,0.05810321,0.01613421,2.01776218,0.19012402,0.01078893,0.24418942,0.90991176,0.4219207,0.4229029875,1.7393874272,382,0.251876403,0.4501940952,0.0474095661,-0.20353419
20151230,20151231,226660.0,01W,JPN,-0.003663,2015,12,20151130,20151130,43.627978435,4.4042764381,43.627978435,,0.0,-3.46945e-16,-0.002450803,0.0168559631,-0.000419477,-0.011668418,-0.04224025,0.0005030785,-0.19799911,0.0086686991,-0.004158603,-0.000116831,-0.003991127,-0.170306411,-0.249688147,-0.667088886,-0.343604199,2.3589745414,-0.436416173,-0.427984265,-0.033341493,0.0012393218,0.0,-0.055114817,0.0388643548,-0.093979172,-0.20240747,-0.049545004,-0.152862466,-0.02868097,0.029920292,0.0164240854,-0.161057973,-0.01937905,0.8537077827,0.2211820852,-0.029224051,-0.645952301,-1.438356164,-0.02868097,0.0,-0.02868097,-0.224180127,-1.905356214,-0.194259835,-1.651057071,-0.005076441,2.9866005874,2.7058912154,74.222222222,,0.2159202154,-0.125350755,-0.153034301,,-0.204802925,-0.310558146,-0.074563236,-0.551902821,,,,,,,0.0968881141,-0.419643434,0.0098125835,-0.041163356,,,-0.365462858,-0.002487456,0.7083158745,-0.01550987,0.1835133582,,0.1065222712,-0.002998042,0.0774462812,5.4900906953,,0.8212210597,0.6335259396,0.5203860123,6.0,-2.360117497,2.8634774247,,,0.2654750625,0.0565150441,3.1339320792,0.5708343,0.2625032438,-0.414176046,9.3504077282,-0.36873173,0.3338335628,0.2743916303,,,,0.2150450597,-0.016038368,0.5243997513,20.064736854,0.2620085225,0.1877131831,0.6909929885,0.753720784,0.5423894783,0.00670549,55446.98958162,1.44947123,0.00127483,1.45384229,0.00572338,0.0054319,0.00205118,0.00521395,-0.70953338,-0.05699695,0.99831379,0.00442899,-0.1941024,,,0.0086147,0.013583,0.00768036,-0.38090756,0.20159252,0.0102029,0.27349003,0.90768175,0.42494077,0.4109165093,0.7857207148,383,0.2493127755,0.445582924,0.0486909057,-0.209079518
20160129,20160131,226660.0,01W,JPN,-0.026995,2016,1,20151230,20151231,43.468158453,4.3881424936,43.468158453,,0.0,-4.71845e-16,-0.003663245,0.0321501914,-0.020307485,0.0136292459,-0.052798535,-0.050072955,-0.215311257,0.0429877251,-0.0083996,0.0050133068,-0.004963269,-0.406953605,-0.249688147,-0.667088886,-0.40815641,2.3589745414,-0.436416173,-0.427984265,-0.048873391,0.0012393218,0.0,-0.102221348,-0.427629515,0.3254081668,-0.237624323,-0.049545004,-0.152862466,-0.02868097,0.029920292,0.0164240854,-0.158557792,-0.01937905,0.8537077827,0.2211820852,-0.029224051,-0.645952301,-1.438356164,-0.02868097,0.0,-0.02868097,-0.224180127,-1.905356214,-0.194259835,-1.651057071,-0.005076441,2.9866005874,2.7058912154,74.222222222,,0.1447139123,-0.125350755,-0.153034301,,-0.204802925,-0.310558146,-0.074563236,-0.551902821,,,,,,,0.0968881141,-0.419643434,0.0098125835,-0.041163356,,,-0.365462858,-0.002487456,0.7083158745,-0.01550987,0.1835133582,,0.1065222712,-0.002998042,0.0774462812,4.5407187603,,0.8212210597,0.6335259396,0.3504149755,6.0,-2.360117497,2.8634774247,,,0.2654750625,0.0565150441,2.6152959139,0.5759651835,0.2634683931,-0.415698853,9.3847865022,-0.370087451,0.3350609733,0.2754004898,,,,0.2163982304,-0.01613929,0.3450180204,20.067426016,0.2482777664,0.0965394202,0.7488234594,0.7694846258,0.5398086445,0.00625901,55793.05910085,1.42658423,0.00128577,1.42783245,0.00571136,0.0059294,0.00299048,0.00736136,-0.85153073,-0.18460215,-0.24807751,0.00752043,-1.07355538,,,0.0083261,0.01016988,0.00797711,-1.05107952,0.19784779,0.00940648,0.28539708,0.90435669,0.42422591,0.3781483164,0.8136034894,384,0.2613932834,0.4505607156,0.0518750667,-0.204712841
20160229,20160229,226660.0,01W,JPN,-0.010261,2016,2,20160129,20160131,42.294743197,4.2696853625,42.294743197,,0.0,-2.498e-16,-0.026994823,-0.00610507,-0.00794411,-0.048566086,-0.095165157,-0.073013575,-0.108797017,-0.078858886,-0.003684686,-0.02510565,0.0006078901,-0.406953605,-0.249688147,-0.667088886,-0.40815641,2.3589745414,-0.436416173,-0.427984265,-0.048873391,0.0012393218,0.0,-0.102221348,-0.427629515,0.3254081668,-0.237624323,-0.049545004,-0.152862466,-0.02868097,0.029920292,0.0164240854,-0.158557792,-0.01937905,0.8537077827,0.2211820852,-0.029224051,-0.645952301,-1.438356164,-0.02868097,0.0,-0.02868097,-0.224180127,-1.905356214,-0.194259835,-1.651057071,-0.005076441,2.9866005874,2.7058912154,74.222222222,,0.1447139123,-0.125350755,-0.153034301,,-0.204802925,-0.310558146,-0.074563236,-0.551902821,,,,,,,0.0968881141,-0.419643434,0.0098125835,-0.041163356,,,-0.365462858,-0.002487456,0.7083158745,-0.01550987,0.1835133582,,0.1065222712,-0.002998042,0.0774462812,4.5407187603,,0.8212210597,0.6335259396,0.3504149755,6.0,-2.360117497,2.8634774247,,,0.2654750625,0.0565150441,2.6878540592,0.591944624,0.2707779973,-0.427231902,9.6451557779,-0.380355069,0.3443568249,0.2830411352,,,,0.2268801354,-0.016921045,0.3415444973,20.087792508,0.2585201914,-0.011334504,0.6015855981,0.7703081195,0.527376259,0.00627782,54310.67580216,1.44754409,0.0012549,1.44527183,0.00574678,0.00592442,0.00248065,0.01195344,-0.51415696,-0.36341929,0.38225649,0.01024147,-0.48511869,,,0.01259315,0.01617321,0.01317504,-1.11631707,0.21702227,0.00985111,0.32996778,0.87994374,0.43411051,0.3689681115,1.1770396406,385,0.2854147834,0.4799091405,0.062214009,-0.217535405
20160331,20160331,226660.0,01W,JPN,-0.008067,2016,3,20160229,20160229,41.860772042,4.2258756559,41.860772042,,0.0,-4.71845e-16,-0.010260641,-0.03055918,-0.016634278,-0.03334075,-0.044219206,-0.009836282,-0.182610386,-0.027347149,-0.002131367,-0.019123999,-0.001826408,-0.406953605,-0.249688147,-0.667088886,-0.40815641,2.3589745414,-0.436416173,-0.427984265,-0.048873391,0.0012393218,0.0,-0.102221348,-0.427629515,0.3254081668,-0.237624323,-0.049545004,-0.152862466,-0.02868097,0.029920292,0.0164240854,-0.158557792,-0.01937905,0.8537077827,0.2211820852,-0.029224051,-0.645952301,-1.438356164,-0.02868097,0.0,-0.02868097,-0.224180127,-1.905356214,-0.194259835,-1.651057071,-0.005076441,2.9866005874,2.7058912154,74.222222222,,0.1447139123,-0.125350755,-0.153034301,,-0.204802925,-0.310558146,-0.074563236,-0.551902821,,,,,,,0.0968881141,-0.419643434,0.0098125835,-0.041163356,,,-0.365462858,-0.002487456,0.7083158745,-0.01550987,0.1835133582,,0.1065222712,-0.002998042,0.0774462812,4.5407187603,,0.8212210597,0.6335259396,0.3504149755,6.0,-2.360117497,2.8634774247,,,0.2654750625,0.0565150441,2.7157190764,0.5980813214,0.2735851562,-0.431661021,9.7451472304,-0.384298214,0.3479267765,0.2859754263,,,,0.2310186326,-0.0172297,0.3482527331,20.095613996,0.2600970951,0.2886457163,0.7241031372,0.7686439029,0.6083422574,0.00558967,46186.35532559,1.09206775,0.00106541,1.07925897,0.00604816,0.00599701,0.00364233,0.01709247,-0.91481568,-0.45455999,0.29215662,0.01642224,-1.64711702,,,0.02013028,0.02885526,0.01816956,-0.60530252,0.25235118,0.01053347,0.34725347,0.8900285,0.42781151,0.3465412733,1.7610665466,386,0.2953636275,0.4813254747,0.069346243,-0.205679475
20160428,20160430,226660.0,01W,JPN,0.026224,2016,4,20160331,20160331,41.523074498,4.1917848411,41.523074498,,0.0,-1.17961e-16,-0.00806716,-0.03697848,-0.009658356,-0.059991168,-0.027429087,-0.000724201,-0.157871344,0.0614673903,-0.008452689,0.0197949022,-0.004715094,-0.406953605,-0.249688147,-0.667088886,-0.40815641,2.3589745414,-0.436416173,-0.427984265,-0.048873391,0.0012393218,0.0,-0.102221348,-0.427629515,0.3254081668,-0.237624323,-0.049545004,-0.152862466,-0.02868097,0.029920292,0.0164240854,-0.158557792,-0.01937905,0.8537077827,0.2211820852,-0.029224051,-0.645952301,-1.438356164,-0.02868097,0.0,-0.02868097,-0.224180127,-1.905356214,-0.194259835,-1.651057071,-0.005076441,2.9866005874,2.7058912154,74.222222222,,0.1447139123,-0.125350755,-0.153034301,,-0.204802925,-0.310558146,-0.074563236,-0.551902821,,,,,,,0.0968881141,-0.419643434,0.0098125835,-0.041163356,,,-0.365462858,-0.002487456,0.7083158745,-0.01550987,0.1835133582,,0.1065222712,-0.002998042,0.0774462812,4.5407187603,,0.8212210597,0.6335259396,0.3504149755,6.0,-2.360117497,2.8634774247,,,0.2654750625,0.0565150441,2.7378053904,0.6029453782,0.2758101609,-0.43517162,9.8244022547,-0.387423623,0.3507563843,0.2883011981,,,,0.2343449899,-0.017477785,0.3504514865,20.101813448,0.2172189629,0.4201562181,1.3161117343,0.7731701504,0.623457392,0.00580706,46164.76615785,0.91948884,0.00107066,0.89384048,0.00611091,0.00604376,0.00284454,0.00807524,0.63970646,-0.24201255,-0.12814127,0.0076032,0.52387174,,,0.01234029,0.0279342,0.00961128,0.91469027,0.24189668,0.01024529,0.3814086,0.8828485,0.32109317,0.2505389399,1.0969002735,387,0.3174302035,0.4790129358,0.0745382664,-0.176724598
20160531,20160531,226660.0,01W,JPN,0.020591,2016,5,20160428,20160430,42.611954998,4.3017081266,42.611954998,,0.0,1.249001e-16,0.0262235037,-0.018245026,-0.050579213,-0.052335961,-0.091140212,-0.074812879,-0.067617143,-0.042320111,-0.002221452,-0.014133278,0.0007045023,-0.406953605,-0.249688147,-0.667088886,-0.40815641,2.3589745414,-0.436416173,-0.427984265,-0.048873391,0.0012393218,0.0,-0.102221348,-0.427629515,0.3254081668,-0.237624323,-0.049545004,-0.152862466,-0.02868097,0.029920292,0.0164240854,-0.158557792,-0.01937905,0.8537077827,0.2211820852,-0.029224051,-0.645952301,-1.438356164,-0.02868097,0.0,-0.02868097,-0.224180127,-1.905356214,-0.194259835,-1.651057071,-0.005076441,2.9866005874,2.7058912154,74.222222222,,0.1447139123,-0.125350755,-0.153034301,,-0.204802925,-0.310558146,-0.074563236,-0.551902821,,,,,,,0.0968881141,-0.419643434,0.0098125835,-0.041163356,,,-0.365462858,-0.002487456,0.7083158745,-0.01550987,0.1835133582,,0.1065222712,-0.002998042,0.0774462812,4.5407187603,,0.8212210597,0.6335259396,0.3504149755,6.0,-2.360117497,2.8634774247,,,0.2654750625,0.0565150441,2.6678451433,0.5875380714,0.2687622725,-0.424051504,9.5733553352,-0.37752363,0.3417933647,0.2809341212,,,,0.2239476849,-0.016702339,0.3456800745,20.082176165,0.2216862981,0.1086496677,0.1599773385,0.7773193125,0.5660833273,0.00580672,45186.91377313,0.53156293,0.00105731,0.53027408,0.00617022,0.00608454,0.00481035,0.01164787,0.37302206,-0.17752786,-0.46953218,0.00856662,0.2876823,,,0.01685932,0.03185144,0.01199937,0.66192795,0.22643926,0.0103778,0.37835074,0.93168057,0.29501221,0.2231162005,1.4882740534,388,0.3423559523,0.4941609835,0.0810843045,-0.166423928
20160630,20160630,226660.0,01W,JPN,0.089166,2016,6,20160531,20160531,43.489371462,4.3902839625,43.489371462,,0.0,1.110223e-16,0.0205908521,0.0179447946,-0.023288346,-0.009259006,-0.026090777,-0.000419477,-0.123977643,0.0177997006,-0.001967711,0.0488549003,-0.006422016,-0.406953605,-0.249688147,-0.667088886,-0.40815641,2.3589745414,-0.436416173,-0.427984265,-0.048873391,0.0012393218,0.0,-0.102221348,-0.427629515,0.3254081668,-0.237624323,-0.049545004,-0.152862466,-0.02868097,0.029920292,0.0164240854,-0.158557792,-0.01937905,0.8537077827,0.2211820852,-0.029224051,-0.645952301,-1.438356164,-0.02868097,0.0,-0.02868097,-0.224180127,-1.905356214,-0.194259835,-1.651057071,-0.005076441,2.9866005874,2.7058912154,74.222222222,,0.1447139123,-0.125350755,-0.153034301,,-0.204802925,-0.310558146,-0.074563236,-0.551902821,,,,,,,0.0968881141,-0.419643434,0.0098125835,-0.041163356,,,-0.365462858,-0.002487456,0.7083158745,-0.01550987,0.1835133582,,0.1065222712,-0.002998042,0.0774462812,4.5407187603,,0.8212210597,0.6335259396,0.3504149755,6.0,-2.360117497,2.8634774247,,,0.2654750625,0.0565150441,2.6140202391,0.5756842423,0.2633398799,-0.415496085,9.3802088421,-0.369906931,0.334897539,0.2752661564,,,,0.2162176438,-0.016125821,0.3491541956,20.067067944,0.226255869,0.4413844174,0.2977075839,0.7769565668,0.5867937588,0.00626836,46355.22305359,0.51750013,0.00108551,0.51537731,0.00611684,0.00604558,0.00385046,0.0113537,0.16750247,-0.08491093,-0.08714638,0.01146731,0.72641629,,,0.01637804,0.02109844,0.01167827,0.1965174,0.23744651,0.01068268,0.38385053,0.95086466,0.28818822,0.2225983409,1.4124022735,389,0.3521396797,0.4960553803,0.0843332688,-0.164342503
20160729,20160731,226660.0,01W,JPN,0.050375,2016,7,20160630,20160630,47.367149675,4.7817485187,47.367149675,,0.0,2.081668e-16,0.0891661131,0.0473543202,0.0004880126,0.0288710293,-0.023419988,-0.020307485,-0.111607284,-0.01607997,0.0076001152,0.023640275,-0.00380768,-0.18176465,-0.157874336,-0.59689115,-0.027456173,-0.458115087,-0.438192905,-0.819368062,-0.002137244,0.002707053,0.0,-0.005794619,-0.222083519,0.2162889005,-0.061203684,-0.00459386,-0.056609823,-0.013914393,0.016621446,-0.020096418,0.0179677408,0.0021404441,0.9195438708,-0.106984479,0.2781435155,0.0197498354,0.0310745039,-0.013914393,0.0,-0.013914393,0.1763541337,37.116666667,0.1929755797,40.614927008,0.1245366126,3.0013462148,2.763743731,14.517783602,,0.1060342097,0.0305733655,-0.201257862,,0.1306550658,-0.065770507,-0.027583344,-0.865800584,,,,,,,-0.048805008,-0.278201235,0.0375161791,0.0153802483,,,-0.697203728,0.0567607038,0.7524033014,0.3005937132,-0.087538483,1.9166666667,-0.171602787,0.0693696547,-0.278125059,4.1566820276,,0.7994466265,0.608265341,0.4709000166,6.0,-3.488722891,3.229201103,,,-0.198518771,0.0645613965,2.3618681866,0.5682099739,0.2089172287,-0.041521598,7.2526261222,0.0112220535,-0.405303164,-0.427373203,,,,0.5212098806,0.1709396688,0.4117857795,16.491600018,0.197637193,0.1040427263,0.0163208516,0.538383513,0.7058667167,0.00659708,45138.07268209,0.54913039,0.00104683,0.55135014,0.00614397,0.00606114,0.00301952,0.01103904,0.60734446,0.79177973,0.02795149,0.01027729,0.31686104,,,0.02088523,0.0332804,0.01188135,0.81090254,0.26497162,0.01076014,0.3016224,0.98626629,0.28696285,0.2226091534,1.792233453,390,0.0038611574,-1.118253764,0.7027306389,0.3047654984
20160831,20160831,226660.0,01W,JPN,-0.085931,2016,8,20160729,20160731,49.753247834,5.0226268788,49.753247834,,0.0,0.0,0.0503745354,0.1115929714,0.119929951,0.083044959,0.0810409619,-0.00794411,-0.189150175,-0.018396213,0.0138520014,-0.036845078,-0.000447509,-0.18176465,-0.157874336,-0.59689115,-0.027456173,-0.458115087,-0.438192905,-0.819368062,-0.002137244,0.002707053,0.0,-0.005794619,-0.222083519,0.2162889005,-0.061203684,-0.00459386,-0.056609823,-0.013914393,0.016621446,-0.020096418,0.0179677408,0.0021404441,0.9195438708,-0.106984479,0.2781435155,0.0197498354,0.0310745039,-0.013914393,0.0,-0.013914393,0.1763541337,37.116666667,0.1929755797,40.614927008,0.1245366126,3.0013462148,2.763743731,14.517783602,,0.1060342097,0.0305733655,-0.201257862,,0.1306550658,-0.065770507,-0.027583344,-0.865800584,,,,,,,-0.048805008,-0.278201235,0.0375161791,0.0153802483,,,-0.697203728,0.0567607038,0.7524033014,0.3005937132,-0.087538483,1.9166666667,-0.171602787,0.0693696547,-0.278125059,4.1566820276,,0.7994466265,0.608265341,0.4709000166,6.0,-3.488722891,3.229201103,,,-0.198518771,0.0645613965,2.2485961977,0.5409593957,0.1988978423,-0.039530278,6.9048000285,0.010683859,-0.385865375,-0.406876965,,,,0.4951845754,0.1624042262,0.4136803615,16.627885686,0.1962056183,0.3368779204,0.4278667462,0.592532149,0.7534415637,0.00638475,45146.19188121,0.60419214,0.00103331,0.60525772,0.00616949,0.00610595,0.00286774,0.01035739,0.91146772,0.31171786,0.40020383,0.00980025,0.49852169,,,0.01891886,0.03478563,0.01258992,1.10574624,0.26327928,0.01070516,0.25337798,1.0,0.2828706,0.2190044193,1.619752223,391,0.0146433263,-1.096206936,0.7506296404,0.2732081885
20160930,20160930,226660.0,01W,JPN,0.079518,2016,9,20160831,20160831,45.477924504,4.5910298513,45.477924504,,0.0,0.0,-0.085930538,0.14403235,0.1885410949,0.140397736,0.1567782373,-0.016634278,-0.207995452,-0.01723232,0.0076067089,0.000331615,-0.004358042,-0.18176465,-0.157874336,-0.59689115,-0.027456173,-0.458115087,-0.438192905,-0.819368062,-0.002137244,0.002707053,0.0,-0.005794619,-0.222083519,0.2162889005,-0.061203684,-0.00459386,-0.056609823,-0.013914393,0.016621446,-0.020096418,0.0179677408,0.0021404441,0.9195438708,-0.106984479,0.2781435155,0.0197498354,0.0310745039,-0.013914393,0.0,-0.013914393,0.1763541337,37.116666667,0.1929755797,40.614927008,0.1245366126,3.0013462148,2.763743731,14.517783602,,0.1060342097,0.0305733655,-0.201257862,,0.1306550658,-0.065770507,-0.027583344,-0.865800584,,,,,,,-0.048805008,-0.278201235,0.0375161791,0.0153802483,,,-0.697203728,0.0567607038,0.7524033014,0.3005937132,-0.087538483,1.9166666667,-0.171602787,0.0693696547,-0.278125059,4.1566820276,,0.7994466265,0.608265341,0.4709000166,6.0,-3.488722891,3.229201103,,,-0.198518771,0.0645613965,2.45998394,0.5918143182,0.217595982,-0.043246471,7.5539117234,0.0116882354,-0.422140101,-0.445126964,,,,0.543840459,0.1783617529,0.4158339614,16.373549905,0.2317513295,0.4192672932,0.6509018902,0.5921515172,0.7476345773,0.00546566,46649.52281308,0.74438359,0.00104488,0.72721527,0.00616268,0.00626471,0.00282292,0.01095844,-1.46158211,0.17327906,0.42189394,0.00875325,-0.86159208,,,0.00828978,0.01050218,0.01128605,-1.14080381,0.2544696,0.01107063,0.28172277,0.91406946,0.2811028,0.2330834105,0.6896729707,392,0.0102204733,-1.096791431,0.7499272295,0.2646016709
20161031,20161031,226660.0,01W,JPN,-0.053144,2016,10,20160930,20160930,49.094227965,4.9560983395,49.094227965,,0.0,0.0,0.0795177771,-0.039884713,0.0952446333,0.0462353622,0.0759161933,-0.009658356,-0.237933881,0.034686003,0.0116823247,-0.039791555,-0.001587955,-0.18176465,-0.157874336,-0.59689115,-0.027456173,-0.458115087,-0.438192905,-0.819368062,-0.002137244,0.002707053,0.0,-0.005794619,-0.222083519,0.2162889005,-0.061203684,-0.00459386,-0.056609823,-0.013914393,0.016621446,-0.020096418,0.0179677408,0.0021404441,0.9195438708,-0.106984479,0.2781435155,0.0197498354,0.0310745039,-0.013914393,0.0,-0.013914393,0.1763541337,37.116666667,0.1929755797,40.614927008,0.1245366126,3.0013462148,2.763743731,14.517783602,,0.1060342097,0.0305733655,-0.201257862,,0.1306550658,-0.065770507,-0.027583344,-0.865800584,,,,,,,-0.048805008,-0.278201235,0.0375161791,0.0153802483,,,-0.697203728,0.0567607038,0.7524033014,0.3005937132,-0.087538483,1.9166666667,-0.171602787,0.0693696547,-0.278125059,4.1566820276,,0.7994466265,0.608265341,0.4709000166,6.0,-3.488722891,3.229201103,,,-0.198518771,0.0645613965,2.2787803891,0.5482210027,0.2015677617,-0.040060916,6.9974871039,0.0108272746,-0.391045067,-0.412338707,,,,0.5021091246,0.1646752502,0.4178340789,16.591568917,0.2565949546,0.1774285652,0.6738187598,0.592806146,0.6880691572,0.00133674,124660.20196732,2.62791495,0.00251441,2.4930115,0.00435564,0.00522125,0.00312449,0.02916988,1.46380577,-0.24849815,1.94314716,0.02840256,0.84847467,,,0.03969035,0.12097235,0.03320128,2.07298459,0.24761231,0.01396887,0.28258081,0.90303174,0.28756566,0.3145844647,2.6459053952,393,-0.024237868,-1.083254949,0.7577523087,0.1924776515
20161130,20161130,226660.0,01W,JPN,-0.055551,2016,11,20161031,20161031,46.485178568,4.6927128883,46.485178568,,0.0,0.0,-0.05314371,-0.013245766,0.1521233412,0.1607642996,0.1225344248,-0.050579213,-0.180525495,-0.002450803,0.0070738787,-0.006537834,-0.002963633,-0.18176465,-0.157874336,-0.59689115,-0.027456173,-0.458115087,-0.438192905,-0.819368062,-0.002137244,0.002707053,0.0,-0.005794619,-0.222083519,0.2162889005,-0.061203684,-0.00459386,-0.056609823,-0.013914393,0.016621446,-0.020096418,0.0179677408,0.0021404441,0.9195438708,-0.106984479,0.2781435155,0.0197498354,0.0310745039,-0.013914393,0.0,-0.013914393,0.1763541337,37.116666667,0.1929755797,40.614927008,0.1245366126,3.0013462148,2.763743731,14.517783602,,0.1060342097,0.0305733655,-0.201257862,,0.1306550658,-0.065770507,-0.027583344,-0.865800584,,,,,,,-0.048805008,-0.278201235,0.0375161791,0.0153802483,,,-0.697203728,0.0567607038,0.7524033014,0.3005937132,-0.087538483,1.9166666667,-0.171602787,0.0693696547,-0.278125059,4.1566820276,,0.7994466265,0.608265341,0.4709000166,6.0,-3.488722891,3.229201103,,,-0.198518771,0.0645613965,2.4066803087,0.5789907173,0.2128810504,-0.042309394,7.3902314166,0.0114349714,-0.412993049,-0.435481827,,,,0.5315357652,0.1743262188,0.4138959663,16.437683334,0.2476830668,0.1666089331,0.7478082218,0.5960361726,0.7144076416,0.00528916,128073.67260439,2.55545658,0.00256702,2.44118123,0.00429917,0.00520303,0.00350256,0.01176343,-0.07838488,0.54199932,-0.78813567,0.01064239,-0.1997409,,,0.01197555,0.01650126,0.0117839,-0.09104895,0.23175469,0.01383271,0.26391573,0.85504128,0.27804662,0.3036219424,0.8146552728,394,-0.024345453,-1.080976655,0.7611157369,0.2038290306
20161230,20161231,226660.0,01W,JPN,-0.029032,2016,12,20161130,20161130,43.902871628,4.4320271077,43.902871628,,0.0,0.0,-0.055551189,0.0221481977,0.0688859601,0.1104711237,0.0654900877,-0.023288346,-0.200628281,-0.003663245,0.0023567929,-0.005680253,-0.003611745,-0.18176465,-0.157874336,-0.59689115,-0.027456173,-0.458115087,-0.438192905,-0.819368062,-0.002137244,0.002707053,0.0,-0.005794619,-0.222083519,0.2162889005,-0.061203684,-0.00459386,-0.056609823,-0.013914393,0.016621446,-0.020096418,0.0179677408,0.0021404441,0.9195438708,-0.106984479,0.2781435155,0.0197498354,0.0310745039,-0.013914393,0.0,-0.013914393,0.1763541337,37.116666667,0.1929755797,40.614927008,0.1245366126,3.0013462148,2.763743731,14.517783602,,0.1060342097,0.0305733655,-0.201257862,,0.1306550658,-0.065770507,-0.027583344,-0.865800584,,,,,,,-0.048805008,-0.278201235,0.0375161791,0.0153802483,,,-0.697203728,0.0567607038,0.7524033014,0.3005937132,-0.087538483,1.9166666667,-0.171602787,0.0693696547,-0.278125059,4.1566820276,,0.7994466265,0.608265341,0.4709000166,6.0,-3.488722891,3.229201103,,,-0.198518771,0.0645613965,2.548237957,0.6130461604,0.225402423,-0.044797975,7.8249147339,0.0121075608,-0.437284737,-0.461096273,,,,0.5642662315,0.1850607333,0.4141813555,16.267365156,0.2923783278,0.0929400691,0.3127136359,0.59687437,0.6776940444,0.00645414,127862.33003201,2.54875804,0.00255796,2.43973243,0.00435825,0.00520942,0.00203276,0.00922291,-0.70382342,-0.83913877,0.96928056,0.00920555,-0.71973862,,,0.00919654,0.01658001,0.0114413,-0.76426613,0.21506619,0.01398128,0.27899437,0.80754272,0.27609926,0.2989584602,0.6175144951,395,-0.033968065,-1.082911423,0.7594746502,0.1962214638
20170131,20170131,226660.0,01W,JPN,0.069438,2017,1,20161230,20161231,42.628263534,4.3033544852,42.628263534,,0.0,0.0,-0.029032454,-0.105742702,-0.073136722,0.0573126426,0.0100007268,0.0004880126,-0.252982606,-0.026994823,0.0021715537,0.0361770951,-0.009003953,0.0635233336,-0.157874336,-0.59689115,0.0845262222,-0.458115087,-0.438192905,-0.819368062,0.0056324486,0.002707053,0.0,0.0293838804,0.0394664742,-0.010082594,0.0216397725,-0.00459386,-0.056609823,-0.013914393,0.016621446,-0.020096418,0.0118870117,0.0021404441,0.9195438708,-0.106984479,0.2781435155,0.0197498354,0.0310745039,-0.013914393,0.0,-0.013914393,0.1763541337,37.116666667,0.1929755797,40.614927008,0.1245366126,3.0013462148,2.763743731,14.517783602,,0.1447757615,0.0305733655,-0.201257862,,0.1306550658,-0.065770507,-0.027583344,-0.865800584,,,,,,,-0.048805008,-0.278201235,0.0375161791,0.0153802483,,,-0.697203728,0.0567607038,0.7524033014,0.3005937132,-0.087538483,1.9166666667,-0.171602787,0.0693696547,-0.278125059,4.5669952537,,0.7994466265,0.608265341,0.6319797601,6.0,-3.488722891,3.229201103,,,-0.198518771,0.0645613965,2.8362300724,0.6210275936,0.2321420772,-0.046137458,8.0588839091,0.0124695834,-0.450359786,-0.4748833,,,,0.5819541731,0.1908617954,0.5438085654,16.175691053,0.2856488484,0.1154959767,0.0764100073,0.5396576293,0.6736020985,0.00636625,129699.05029772,2.51954427,0.0026097,2.39631745,0.004344,0.00522949,0.00273178,0.0064589,0.49802079,-0.61310158,0.18056242,0.00645804,0.45235725,,,0.00880384,0.01225576,0.00830838,-0.67194001,0.19446122,0.01396089,0.30453532,0.78409778,0.27871241,0.3045678027,0.5903216993,396,-0.024995368,-1.081257999,0.7530655814,0.2046721968
20170228,20170228,226660.0,01W,JPN,0.019631,2017,2,20170131,20170131,45.588272887,4.6021696016,45.588272887,,0.0,2.081668e-16,0.0694377183,-0.082970856,-0.143206416,0.0003827221,0.0078856215,0.119929951,-0.322787869,-0.010260641,0.0094168591,-0.04590128,-0.003821711,0.0635233336,-0.157874336,-0.59689115,0.0845262222,-0.458115087,-0.438192905,-0.819368062,0.0056324486,0.002707053,0.0,0.0293838804,0.0394664742,-0.010082594,0.0216397725,-0.00459386,-0.056609823,-0.013914393,0.016621446,-0.020096418,0.0118870117,0.0021404441,0.9195438708,-0.106984479,0.2781435155,0.0197498354,0.0310745039,-0.013914393,0.0,-0.013914393,0.1763541337,37.116666667,0.1929755797,40.614927008,0.1245366126,3.0013462148,2.763743731,14.517783602,,0.1447757615,0.0305733655,-0.201257862,,0.1306550658,-0.065770507,-0.027583344,-0.865800584,,,,,,,-0.048805008,-0.278201235,0.0375161791,0.0153802483,,,-0.697203728,0.0567607038,0.7524033014,0.3005937132,-0.087538483,1.9166666667,-0.171602787,0.0693696547,-0.278125059,4.5669952537,,0.7994466265,0.608265341,0.6319797601,6.0,-3.488722891,3.229201103,,,-0.198518771,0.0645613965,2.6520759685,0.5807047788,0.2170692816,-0.043141791,7.5356271538,0.0116599435,-0.421118293,-0.444049515,,,,0.5424647177,0.1779105551,0.5486818653,16.380714189,0.2814626771,0.0238614731,-0.418957984,0.5912838079,0.620424995,0.00638934,130559.85833532,2.51139581,0.0026373,2.3781427,0.00435331,0.00524563,0.00369153,0.01109844,-0.36429056,-0.46371846,-0.7476069,0.00805692,-0.01424927,,,0.01882843,0.02653127,0.01363566,-0.62413239,0.20889497,0.01396454,0.28007534,0.83854374,0.28012489,0.3334127154,1.257933895,397,0.0025683794,-1.057207981,0.7563877243,0.2062964083
20170331,20170331,226660.0,01W,JPN,0.013308,2017,3,20170228,20170228,46.4832307,4.6925162495,46.4832307,,0.0,1.94289e-16,0.0196313165,0.0383893171,0.0024264164,0.0482623996,0.0890452006,0.1885410949,-0.290009598,-0.00806716,0.0119349024,-0.011980643,-0.005866916,0.0635233336,-0.157874336,-0.59689115,0.0845262222,-0.458115087,-0.438192905,-0.819368062,0.0056324486,0.002707053,0.0,0.0293838804,0.0394664742,-0.010082594,0.0216397725,-0.00459386,-0.056609823,-0.013914393,0.016621446,-0.020096418,0.0118870117,0.0021404441,0.9195438708,-0.106984479,0.2781435155,0.0197498354,0.0310745039,-0.013914393,0.0,-0.013914393,0.1763541337,37.116666667,0.1929755797,40.614927008,0.1245366126,3.0013462148,2.763743731,14.517783602,,0.1447757615,0.0305733655,-0.201257862,,0.1306550658,-0.065770507,-0.027583344,-0.865800584,,,,,,,-0.048805008,-0.278201235,0.0375161791,0.0153802483,,,-0.697203728,0.0567607038,0.7524033014,0.3005937132,-0.087538483,1.9166666667,-0.171602787,0.0693696547,-0.278125059,4.5669952537,,0.7994466265,0.608265341,0.6319797601,6.0,-3.488722891,3.229201103,,,-0.198518771,0.0645613965,2.6010146272,0.5695242676,0.2128899712,-0.042311167,7.3905411025,0.0114354506,-0.413010356,-0.435500075,,,,0.5315590231,0.1743338466,0.5505063851,16.437561993,0.3063890921,0.1713987375,0.0524474899,0.5917044145,0.6422757216,0.00606107,130994.65598501,2.52358988,0.0026513,2.38415799,0.00441788,0.0052688,0.00365283,0.00783072,0.0353775,-0.05824656,1.52659048,0.00737908,-0.0895882,,,0.01262711,0.01806969,0.00865759,0.45202898,0.20355676,0.01324515,0.24059267,0.85500545,0.28465464,0.3723397818,0.8837950029,398,-0.012860968,-1.05919349,0.757511003,0.1905033818
20170428,20170430,226660.0,01W,JPN,-0.009475,2017,4,20170331,20170331,47.101812306,4.7549625166,47.101812306,,0.0,0.0,0.0133076294,0.0904321886,-0.053183386,-0.018661013,0.1194554175,0.0952446333,-0.275317922,0.0262235037,0.010760732,0.0454822823,-0.010633779,0.0635233336,-0.157874336,-0.59689115,0.0845262222,-0.458115087,-0.438192905,-0.819368062,0.0056324486,0.002707053,0.0,0.0293838804,0.0394664742,-0.010082594,0.0216397725,-0.00459386,-0.056609823,-0.013914393,0.016621446,-0.020096418,0.0118870117,0.0021404441,0.9195438708,-0.106984479,0.2781435155,0.0197498354,0.0310745039,-0.013914393,0.0,-0.013914393,0.1763541337,37.116666667,0.1929755797,40.614927008,0.1245366126,3.0013462148,2.763743731,14.517783602,,0.1447757615,0.0305733655,-0.201257862,,0.1306550658,-0.065770507,-0.027583344,-0.865800584,,,,,,,-0.048805008,-0.278201235,0.0375161791,0.0153802483,,,-0.697203728,0.0567607038,0.7524033014,0.3005937132,-0.087538483,1.9166666667,-0.171602787,0.0693696547,-0.278125059,4.5669952537,,0.7994466265,0.608265341,0.6319797601,6.0,-3.488722891,3.229201103,,,-0.198518771,0.0645613965,2.5668558607,0.562044784,0.2100941165,-0.0417555,7.2934821453,0.0112852704,-0.407586348,-0.429780713,,,,0.5242739395,0.1719445792,0.551934564,16.475591758,0.3092160291,0.399504377,-0.045209532,0.5890256344,0.6840608168,0.00739069,46598.28233182,0.811844,0.00102573,0.7900147,0.00650159,0.00536464,0.00256533,0.00621644,-0.12197052,0.39711782,1.08336771,0.00526165,-0.2602544,,,0.01262395,0.02195624,0.00954421,-0.04895244,0.23911849,0.01317947,0.23800972,0.86638355,0.29014334,0.3904318152,0.8839686343,399,-0.021228478,-1.058093601,0.7571490569,0.1760404682
20170531,20170531,226660.0,01W,JPN,0.0791,2017,5,20170428,20170430,46.655525181,4.7099095038,46.655525181,,0.0,-2.08167e-16,-0.009474946,0.0332001921,0.0132651687,-0.053291707,0.1053661422,0.1521233412,-0.321585528,0.0205908521,0.0080274776,-0.029536799,-0.0054045,0.0635233336,-0.157874336,-0.59689115,0.0845262222,-0.458115087,-0.438192905,-0.819368062,0.0056324486,0.002707053,0.0,0.0293838804,0.0394664742,-0.010082594,0.0216397725,-0.00459386,-0.056609823,-0.013914393,0.016621446,-0.020096418,0.0118870117,0.0021404441,0.9195438708,-0.106984479,0.2781435155,0.0197498354,0.0310745039,-0.013914393,0.0,-0.013914393,0.1763541337,37.116666667,0.1929755797,40.614927008,0.1245366126,3.0013462148,2.763743731,14.517783602,,0.1447757615,0.0305733655,-0.201257862,,0.1306550658,-0.065770507,-0.027583344,-0.865800584,,,,,,,-0.048805008,-0.278201235,0.0375161791,0.0153802483,,,-0.697203728,0.0567607038,0.7524033014,0.3005937132,-0.087538483,1.9166666667,-0.171602787,0.0693696547,-0.278125059,4.5669952537,,0.7994466265,0.608265341,0.6319797601,6.0,-3.488722891,3.229201103,,,-0.198518771,0.0645613965,2.591409324,0.5674210679,0.2121037884,-0.042154916,7.3632485269,0.0113932205,-0.411485147,-0.433891814,,,,0.5295096337,0.1736617144,0.5473558624,16.448255805,0.3635525511,0.4329145546,0.4763465681,0.5764699905,0.6863929987,0.00490907,51765.91105793,2.42428936,0.00112577,2.26233224,0.00635913,0.00529272,0.00535698,0.01475194,-0.53013119,0.40094024,1.37974453,0.01508598,-0.53775859,,,0.01749742,0.02622523,0.01583151,-0.93267602,0.25511256,0.01331322,0.22146022,0.85817461,0.29722309,0.4460510372,1.2009797361,400,-0.06919234,-1.071089959,0.7457396614,0.1294075047
20170630,20170630,226660.0,01W,JPN,0.022785,2017,6,20170531,20170531,50.345999459,5.0824655903,50.345999459,,0.0,-1.94289e-16,0.0791004766,0.0037065944,0.0626987131,0.0258938967,0.0728029312,0.0688859601,-0.272200957,0.0891661131,0.0071124197,0.0523979696,-0.01127921,0.0635233336,-0.157874336,-0.59689115,0.0845262222,-0.458115087,-0.438192905,-0.819368062,0.0056324486,0.002707053,0.0,0.0293838804,0.0394664742,-0.010082594,0.0216397725,-0.00459386,-0.056609823,-0.013914393,0.016621446,-0.020096418,0.0118870117,0.0021404441,0.9195438708,-0.106984479,0.2781435155,0.0197498354,0.0310745039,-0.013914393,0.0,-0.013914393,0.1763541337,37.116666667,0.1929755797,40.614927008,0.1245366126,3.0013462148,2.763743731,14.517783602,,0.1447757615,0.0305733655,-0.201257862,,0.1306550658,-0.065770507,-0.027583344,-0.865800584,,,,,,,-0.048805008,-0.278201235,0.0375161791,0.0153802483,,,-0.697203728,0.0567607038,0.7524033014,0.3005937132,-0.087538483,1.9166666667,-0.171602787,0.0693696547,-0.278125059,4.5669952537,,0.7994466265,0.608265341,0.6319797601,6.0,-3.488722891,3.229201103,,,-0.198518771,0.0645613965,2.401453229,0.5258278355,0.1965561067,-0.039064866,6.8235059539,0.010558072,-0.381322366,-0.402086575,,,,0.48911748,0.1604144188,0.5437212624,16.659738435,0.371227567,0.3747097003,0.2404870488,0.5767404351,0.6647000206,0.00468285,63110.20413517,2.71501012,0.00135241,2.59758881,0.00599159,0.00519619,0.00260506,0.00868674,0.33544948,-0.37491881,-0.05226026,0.00921486,-0.10321301,,,0.01625318,0.02094108,0.00876134,0.38946734,0.25122695,0.01318236,0.26821603,0.92605663,0.28987679,0.4338036612,1.126501462,401,-0.065445151,-1.073275857,0.7455614273,0.1341574349
20170731,20170731,226660.0,01W,JPN,0.083046,2017,7,20170630,20170630,51.493140739,5.1982703444,51.493140739,,0.0,-4.16334e-16,0.0227851526,0.0688760579,0.1810473917,0.0254973251,0.0628885167,-0.073136722,-0.265982521,0.0503745354,0.004604294,0.0001168058,-0.006316668,0.0185672184,-0.134381079,-0.82899999,-0.2264396,0.1139262952,-0.45305274,-0.977051899,-0.016830073,0.16633519,0.0,-0.027579046,-0.046965301,0.0193862549,-0.079411377,-0.028411271,-0.051000106,0.0634444793,0.1028907107,0.0160393117,0.0303396231,-0.014066727,0.8149658797,0.0022746882,0.079458505,0.0850500294,-0.107216495,0.0626919862,0.0,0.0626919862,0.0210212566,0.9273356401,0.1239119673,5.4662756794,0.1200006245,2.5863204957,2.6336202576,7.6219931271,,0.0629853322,-0.020183332,-0.123762376,,-0.032200833,-0.155886738,-0.02647575,-0.931068383,,,,,,,0.028640341,0.0347603588,0.0543550783,-0.058633029,,,-0.923995432,0.0237284857,0.8300975291,0.0896652454,0.0023169228,1.8961937716,0.001647188,0.0232959448,0.1732499755,3.7519128899,,0.6556064005,0.7445841008,0.5603557791,7.0,-3.170823181,2.7787991934,,,0.1255497976,0.0750493803,2.2129582534,0.5898213307,0.3325773012,0.1931933905,5.7749722401,0.0501643215,0.0036451583,0.000173579,,,,0.6349952975,0.0432058656,0.4737467461,15.622269634,0.332375798,0.2480740655,0.6898293778,0.6684571341,0.6079785022,0.0067161,62840.51450318,2.71732738,0.00131901,2.6556321,0.00605434,0.00526134,0.00350546,0.0067939,-1.14475288,-0.35394351,0.64374481,0.00695924,-1.11346653,,,0.01208267,0.01419852,0.0083827,-0.35495334,0.25121712,0.01276019,0.63298152,0.94715698,0.29318021,0.4740132968,0.8520845222,402,0.3814043364,0.257610837,0.5355070985,-0.256563854
20170831,20170831,226660.0,01W,JPN,-0.059266,2017,8,20170731,20170731,66.365061485,5.6299680709,66.365061485,,0.1899892811,-0.1739443,0.083046417,0.1036879456,0.1295260267,0.1077324499,0.0349704387,-0.143206416,-0.232292757,-0.085930538,0.0199658354,-0.042684247,-0.001378067,0.0185672184,-0.134381079,-0.82899999,-0.2264396,0.1139262952,-0.45305274,-0.977051899,-0.016830073,0.16633519,0.0,-0.027579046,-0.046965301,0.0193862549,-0.079411377,-0.028411271,-0.051000106,0.0634444793,0.1028907107,0.0160393117,0.0303396231,-0.014066727,0.8149658797,0.0022746882,0.079458505,0.0850500294,-0.107216495,0.0626919862,0.0,0.0626919862,0.0210212566,0.9273356401,0.1239119673,5.4662756794,0.1200006245,2.5863204957,2.6336202576,7.6219931271,,0.0629853322,-0.020183332,-0.123762376,,-0.032200833,-0.155886738,-0.02647575,-0.931068383,,,,,,,0.028640341,0.0347603588,0.0543550783,-0.058633029,,,-0.923995432,0.0237284857,0.8300975291,0.0896652454,0.0023169228,1.8961937716,0.001647188,0.0232959448,0.1732499755,3.7519128899,,0.6556064005,0.7445841008,0.5603557791,7.0,-3.170823181,2.7787991934,,,0.1255497976,0.0750493803,1.7170506324,0.4576467212,0.2580491812,0.1499001768,4.4808435594,0.0389228671,0.0028283052,0.0001346812,,,,0.5112473713,0.0347859036,0.4653555726,16.453891635,0.3523642168,0.0911531228,0.5581849811,0.4700879447,0.5959012489,0.00393005,85681.49533144,2.6372171,0.00163806,2.61081268,0.00557462,0.00507613,0.0041932,0.02326775,-1.79034113,0.08936734,0.75358649,0.02396099,-1.59153221,,,0.02771824,0.03530323,0.0239144,-1.63419262,0.22384941,0.01405842,0.70586672,0.91313365,0.28931904,0.5262570944,1.8122160245,403,-0.005061701,-0.215997565,0.4555530967,-0.328892029
20170929,20170930,226660.0,01W,JPN,0.011416,2017,9,20170831,20170831,62.431852171,5.2963008918,62.431852171,,0.1899892811,-0.1739443,-0.059266265,0.1077237948,0.199775935,0.2702918854,0.226297422,0.0024264164,-0.282466456,0.0795177771,0.0073491043,-0.009320606,-0.005863774,0.0185672184,-0.134381079,-0.82899999,-0.2264396,0.1139262952,-0.45305274,-0.977051899,-0.016830073,0.16633519,0.0,-0.027579046,-0.046965301,0.0193862549,-0.079411377,-0.028411271,-0.051000106,0.0634444793,0.1028907107,0.0160393117,0.0303396231,-0.014066727,0.8149658797,0.0022746882,0.079458505,0.0850500294,-0.107216495,0.0626919862,0.0,0.0626919862,0.0210212566,0.9273356401,0.1239119673,5.4662756794,0.1200006245,2.5863204957,2.6336202576,7.6219931271,,0.0629853322,-0.020183332,-0.123762376,,-0.032200833,-0.155886738,-0.02647575,-0.931068383,,,,,,,0.028640341,0.0347603588,0.0543550783,-0.058633029,,,-0.923995432,0.0237284857,0.8300975291,0.0896652454,0.0023169228,1.8961937716,0.001647188,0.0232959448,0.1732499755,3.7519128899,,0.6556064005,0.7445841008,0.5603557791,7.0,-3.170823181,2.7787991934,,,0.1255497976,0.0750493803,1.8252248945,0.4864784839,0.2743062905,0.1593438942,4.7631368922,0.0413750094,0.0030064886,0.0001431661,,,,0.5390291245,0.0366762085,0.4806083318,16.272486687,0.353699312,0.3319320828,0.7634946149,0.4682913467,0.6638089175,0.00532815,92328.19135215,2.47190208,0.00167272,2.55895594,0.00546645,0.00506274,0.00290148,0.01360778,1.40969252,-0.05871936,0.09815081,0.01200676,1.44571404,,,0.01426976,0.04428822,0.01387787,1.73317414,0.22062666,0.01418964,0.73872377,0.85901563,0.27792023,0.5292081466,0.9238036757,404,-0.003799051,-0.224489877,0.4584188652,-0.322242014
20171031,20171031,226660.0,01W,JPN,0.043048,2017,10,20170929,20170930,63.144546834,5.3567611416,63.144546834,,0.1899892811,-0.1739443,0.0114155617,0.0188583011,0.1138470331,0.2307377675,0.0686432207,-0.053183386,-0.241026116,-0.05314371,0.0132181289,-0.021670291,-0.00340148,0.0185672184,-0.134381079,-0.82899999,-0.2264396,0.1139262952,-0.45305274,-0.977051899,-0.016830073,0.16633519,0.0,-0.027579046,-0.046965301,0.0193862549,-0.079411377,-0.028411271,-0.051000106,0.0634444793,0.1028907107,0.0160393117,0.0303396231,-0.014066727,0.8149658797,0.0022746882,0.079458505,0.0850500294,-0.107216495,0.0626919862,0.0,0.0626919862,0.0210212566,0.9273356401,0.1239119673,5.4662756794,0.1200006245,2.5863204957,2.6336202576,7.6219931271,,0.0629853322,-0.020183332,-0.123762376,,-0.032200833,-0.155886738,-0.02647575,-0.931068383,,,,,,,0.028640341,0.0347603588,0.0543550783,-0.058633029,,,-0.923995432,0.0237284857,0.8300975291,0.0896652454,0.0023169228,1.8961937716,0.001647188,0.0232959448,0.1732499755,3.7519128899,,0.6556064005,0.7445841008,0.5603557791,7.0,-3.170823181,2.7787991934,,,0.1255497976,0.0750493803,1.8046240967,0.4809877387,0.2712102729,0.1575454247,4.7093767116,0.0409080213,0.0029725552,0.0001415502,,,,0.533773288,0.0363185949,0.4676432846,16.307033598,0.351006791,0.0139903214,0.0622594923,0.4671965648,0.6052962052,0.00664304,97521.86890731,2.34830632,0.00173274,2.48365603,0.00538542,0.00601431,0.00417265,0.0122611,-0.20422669,-0.64304487,-0.54404577,0.01291177,-0.25147959,,,0.01533169,0.02033217,0.01243673,-0.38389911,0.2033718,0.01198178,0.74597734,0.86882177,0.26514389,0.4498781891,1.1974484188,405,0.0613955531,-0.21932961,0.4512889627,-0.237842592
20171130,20171130,226660.0,01W,JPN,0.148268,2017,11,20171031,20171031,65.862810254,5.5873604347,65.862810254,,0.1899892811,-0.1739443,0.0430482687,-0.048527261,0.137338443,0.163964305,0.1415062607,0.0132651687,-0.254253918,-0.055551189,0.022181716,-0.012809484,-0.004588713,0.0185672184,-0.134381079,-0.82899999,-0.2264396,0.1139262952,-0.45305274,-0.977051899,-0.016830073,0.16633519,0.0,-0.027579046,-0.046965301,0.0193862549,-0.079411377,-0.028411271,-0.051000106,0.0634444793,0.1028907107,0.0160393117,0.0303396231,-0.014066727,0.8149658797,0.0022746882,0.079458505,0.0850500294,-0.107216495,0.0626919862,0.0,0.0626919862,0.0210212566,0.9273356401,0.1239119673,5.4662756794,0.1200006245,2.5863204957,2.6336202576,7.6219931271,,0.0629853322,-0.020183332,-0.123762376,,-0.032200833,-0.155886738,-0.02647575,-0.931068383,,,,,,,0.028640341,0.0347603588,0.0543550783,-0.058633029,,,-0.923995432,0.0237284857,0.8300975291,0.0896652454,0.0023169228,1.8961937716,0.001647188,0.0232959448,0.1732499755,3.7519128899,,0.6556064005,0.7445841008,0.5603557791,7.0,-3.170823181,2.7787991934,,,0.1255497976,0.0750493803,1.7301443766,0.4611366062,0.2600169916,0.1510432733,4.5150132097,0.0392196819,0.0028498731,0.0001357082,,,,0.5146344102,0.0350163619,0.4769254813,16.431933824,0.3550606829,0.1448691745,0.1417761936,0.4597662808,0.6444984624,0.00623044,91634.76253888,2.15129493,0.00155665,2.30289698,0.00558866,0.00608217,0.00417486,0.0114818,-0.45929505,0.12413679,0.27107464,0.01182992,-0.4565623,,,0.01895591,0.02353384,0.01287209,-0.4516387,0.18627312,0.01192085,0.79525185,0.90622305,0.26241769,0.4472596814,1.4741670277,406,0.0564557863,-0.232830381,0.4472059476,-0.232273896
20171229,20171231,226660.0,01W,JPN,-0.003663,2017,12,20171130,20171130,75.628152753,6.415786797,75.628152753,,0.1899892811,-0.1739443,0.1482679294,0.0549552506,0.0993405337,0.1906960227,0.2606783079,0.0626987131,-0.31986983,-0.029032454,0.0382999327,-0.023137189,-0.005720653,0.0185672184,-0.134381079,-0.82899999,-0.2264396,0.1139262952,-0.45305274,-0.977051899,-0.016830073,0.16633519,0.0,-0.027579046,-0.046965301,0.0193862549,-0.079411377,-0.028411271,-0.051000106,0.0634444793,0.1028907107,0.0160393117,0.0303396231,-0.014066727,0.8149658797,0.0022746882,0.079458505,0.0850500294,-0.107216495,0.0626919862,0.0,0.0626919862,0.0210212566,0.9273356401,0.1239119673,5.4662756794,0.1200006245,2.5863204957,2.6336202576,7.6219931271,,0.0629853322,-0.020183332,-0.123762376,,-0.032200833,-0.155886738,-0.02647575,-0.931068383,,,,,,,0.028640341,0.0347603588,0.0543550783,-0.058633029,,,-0.923995432,0.0237284857,0.8300975291,0.0896652454,0.0023169228,1.8961937716,0.001647188,0.0232959448,0.1732499755,3.7519128899,,0.6556064005,0.7445841008,0.5603557791,7.0,-3.170823181,2.7787991934,,,0.1255497976,0.0750493803,1.5067427491,0.4015932121,0.2264427882,0.1315400957,3.9320206497,0.0341555145,0.0024818886,0.0001181852,,,,0.4559080803,0.0310205498,0.486482644,16.80657156,0.3960689564,0.0611148618,0.1003715915,0.4575471868,0.6582659529,0.00681343,83017.52396321,1.94903116,0.00131717,2.04476907,0.00592039,0.00610961,0.00573065,0.01253045,0.69197464,-0.57246396,0.64428933,0.01317686,0.6529311,,,0.02418055,0.03653594,0.01332739,0.53516763,0.19316491,0.01221082,0.91980991,1.0,0.25972355,0.4996633403,1.8521821892,407,0.0488437702,-0.229558759,0.4472059476,-0.244685385
20180131,20180131,226660.0,01W,JPN,0.266624,2018,1,20171229,20171231,75.3510907,6.392282705,75.3510907,,0.1899892811,-0.1739443,-0.003663478,0.1976988757,0.2342156856,0.3492823076,0.4908803862,0.1810473917,-0.299074141,0.0694377183,0.0316543694,0.0111033849,-0.008178716,-0.031308938,-0.134381079,-0.82899999,-0.270111922,0.1139262952,-0.45305274,-0.977051899,-0.020151357,0.16633519,0.0,-0.034759374,-0.097196643,0.0624372687,-0.171252593,-0.028411271,-0.051000106,0.0634444793,0.1028907107,0.0160393117,0.1147145553,-0.014066727,0.8149658797,0.0022746882,0.079458505,0.0850500294,-0.107216495,0.0626919862,0.0,0.0626919862,0.0210212566,0.9273356401,0.1239119673,5.4662756794,0.1200006245,2.5863204957,2.6336202576,7.6219931271,,0.0956407074,-0.020183332,-0.123762376,,-0.032200833,-0.155886738,-0.02647575,-0.931068383,,,,,,,0.028640341,0.0347603588,0.0543550783,-0.058633029,,,-0.923995432,0.0237284857,0.8300975291,0.0896652454,0.0023169228,1.8961937716,0.001647188,0.0232959448,0.1732499755,2.9346687913,,0.6556064005,0.7445841008,0.5520457055,7.0,-3.170823181,2.7787991934,,,0.1255497976,0.0750493803,1.5543000077,0.5296338763,0.2272754066,0.1320237618,3.9464784858,0.0342811026,0.0024910144,0.0001186197,,,,0.4573889241,0.0311213082,0.4869766808,16.797280788,0.4337018547,0.3165719274,0.3333683199,0.4903937658,0.728655707,0.00690213,85838.51464626,1.88443166,0.00131363,2.05596812,0.00594134,0.00614613,0.00410242,0.01389524,0.48111156,-0.47189017,-1.40258351,0.01453975,0.56177047,,,0.0193973,0.03239632,0.01394228,0.5627078,0.19235735,0.01275983,0.98716082,0.99167861,0.26024741,0.5357921441,1.4452959977,408,0.0354837559,-0.239860077,0.4473487802,-0.257050045
20180228,20180228,226660.0,01W,JPN,-0.014003,2018,2,20180131,20180131,95.441502309,8.0966188927,95.441502309,,0.1899892811,-0.1739443,0.2666240319,0.1440612754,0.135403012,0.3571986255,0.3889715631,0.1295260267,-0.255349673,0.0196313165,0.0541082526,-0.034477905,-0.002607795,-0.031308938,-0.134381079,-0.82899999,-0.270111922,0.1139262952,-0.45305274,-0.977051899,-0.020151357,0.16633519,0.0,-0.034759374,-0.097196643,0.0624372687,-0.171252593,-0.028411271,-0.051000106,0.0634444793,0.1028907107,0.0160393117,0.1147145553,-0.014066727,0.8149658797,0.0022746882,0.079458505,0.0850500294,-0.107216495,0.0626919862,0.0,0.0626919862,0.0210212566,0.9273356401,0.1239119673,5.4662756794,0.1200006245,2.5863204957,2.6336202576,7.6219931271,,0.0956407074,-0.020183332,-0.123762376,,-0.032200833,-0.155886738,-0.02647575,-0.931068383,,,,,,,0.028640341,0.0347603588,0.0543550783,-0.058633029,,,-0.923995432,0.0237284857,0.8300975291,0.0896652454,0.0023169228,1.8961937716,0.001647188,0.0232959448,0.1732499755,2.9346687913,,0.6556064005,0.7445841008,0.5520457055,7.0,-3.170823181,2.7787991934,,,0.1255497976,0.0750493803,1.2271202571,0.418146082,0.1794339922,0.104232794,3.1157457828,0.0270649393,0.0019666565,9.36503e-05,,,,0.3701969379,0.0251886576,0.4766819308,17.331119195,0.5622361676,0.0597365903,0.018116981,0.4490847081,0.7147965197,0.00527382,84025.69513154,1.32939675,0.0011518,1.14117298,0.00624429,0.00605258,0.00794823,0.0317098,2.80473888,-0.31261058,-0.09957525,0.03151288,2.11377988,,,0.0489256,0.12438921,0.03300376,2.1163653,0.19647329,0.01533772,1.26231114,0.95573829,0.25805614,0.6215362117,3.0623026804,409,0.0088579769,-0.196326136,0.4530222462,-0.320938118
20180330,20180331,226660.0,01W,JPN,0.057992,2018,3,20180228,20180228,94.10507698,7.9832455037,94.10507698,,0.1899892811,-0.1739443,-0.01400256,0.261983783,0.528730912,0.5930494263,0.7254322547,0.199775935,-0.214603617,0.0133076294,0.0516255082,-0.006953212,-0.003907811,-0.031308938,-0.134381079,-0.82899999,-0.270111922,0.1139262952,-0.45305274,-0.977051899,-0.020151357,0.16633519,0.0,-0.034759374,-0.097196643,0.0624372687,-0.171252593,-0.028411271,-0.051000106,0.0634444793,0.1028907107,0.0160393117,0.1147145553,-0.014066727,0.8149658797,0.0022746882,0.079458505,0.0850500294,-0.107216495,0.0626919862,0.0,0.0626919862,0.0210212566,0.9273356401,0.1239119673,5.4662756794,0.1200006245,2.5863204957,2.6336202576,7.6219931271,,0.0956407074,-0.020183332,-0.123762376,,-0.032200833,-0.155886738,-0.02647575,-0.931068383,,,,,,,0.028640341,0.0347603588,0.0543550783,-0.058633029,,,-0.923995432,0.0237284857,0.8300975291,0.0896652454,0.0023169228,1.8961937716,0.001647188,0.0232959448,0.1732499755,2.9346687913,,0.6556064005,0.7445841008,0.5520457055,7.0,-3.170823181,2.7787991934,,,0.1255497976,0.0750493803,1.2445471022,0.4240843484,0.1819822089,0.1057130472,3.1599937843,0.0274492998,0.0019945858,9.49803e-05,,,,0.374951626,0.0255121725,0.4736544684,17.302684919,0.5784484789,0.2472575528,0.5996089929,0.4480648981,0.7730372795,0.00588234,89151.38323698,1.19360121,0.00112722,0.98760474,0.00635118,0.00602469,0.00489784,0.03065405,-0.49432,-0.95232881,0.33105031,0.0238134,-0.06575692,,,0.03219059,0.0393683,0.03224128,-1.47940869,0.19967781,0.01733177,1.73212549,0.94061697,0.25805401,0.632802096,1.7794867525,410,0.0126635046,-0.196928472,0.4508207624,-0.339494535
20180427,20180430,226660.0,01W,JPN,-0.019773,2018,4,20180330,20180331,99.562431461,8.4462109676,99.562431461,,0.1899892811,-0.1739443,0.0579921366,0.2488880533,0.4903120174,0.5357503506,0.6789292189,0.1138470331,-0.19926486,-0.009474946,0.0577588793,0.0279852701,-0.006642883,-0.031308938,-0.134381079,-0.82899999,-0.270111922,0.1139262952,-0.45305274,-0.977051899,-0.020151357,0.16633519,0.0,-0.034759374,-0.097196643,0.0624372687,-0.171252593,-0.028411271,-0.051000106,0.0634444793,0.1028907107,0.0160393117,0.1147145553,-0.014066727,0.8149658797,0.0022746882,0.079458505,0.0850500294,-0.107216495,0.0626919862,0.0,0.0626919862,0.0210212566,0.9273356401,0.1239119673,5.4662756794,0.1200006245,2.5863204957,2.6336202576,7.6219931271,,0.0956407074,-0.020183332,-0.123762376,,-0.032200833,-0.155886738,-0.02647575,-0.931068383,,,,,,,0.028640341,0.0347603588,0.0543550783,-0.058633029,,,-0.923995432,0.0237284857,0.8300975291,0.0896652454,0.0023169228,1.8961937716,0.001647188,0.0232959448,0.1732499755,2.9346687913,,0.6556064005,0.7445841008,0.5520457055,7.0,-3.170823181,2.7787991934,,,0.1255497976,0.0750493803,1.1763292553,0.4008388472,0.172007147,0.0999185567,2.9867838095,0.0259447106,0.0018852558,8.97741e-05,,,,0.3562662698,0.0242407977,0.4715843087,17.413991644,0.5844399628,0.1943258084,0.4848627441,0.4490578461,0.7730900373,0.00670241,93595.0680327,1.1557558,0.00112239,1.01104245,0.00636086,0.00596056,0.00610116,0.01832529,-0.22046288,-0.3358498,0.94115791,0.0184315,-0.36521604,,,0.02417786,0.03503828,0.01917025,-0.38726781,0.20551922,0.0180549,1.58087635,0.97203714,0.26030793,0.6255375575,1.2912449265,411,-0.009487224,-0.201130922,0.4484294479,-0.357656308
20180531,20180531,226660.0,01W,JPN,-0.007181,2018,5,20180427,20180430,97.59374123,8.2792004519,97.59374123,,0.1899892811,-0.1739443,-0.019773425,0.0431775386,0.5116638825,0.5002236001,0.7932851917,0.137338443,-0.209046954,0.0791004766,0.0487703428,-0.012223833,-0.003265926,-0.031308938,-0.134381079,-0.82899999,-0.270111922,0.1139262952,-0.45305274,-0.977051899,-0.020151357,0.16633519,0.0,-0.034759374,-0.097196643,0.0624372687,-0.171252593,-0.028411271,-0.051000106,0.0634444793,0.1028907107,0.0160393117,0.1147145553,-0.014066727,0.8149658797,0.0022746882,0.079458505,0.0850500294,-0.107216495,0.0626919862,0.0,0.0626919862,0.0210212566,0.9273356401,0.1239119673,5.4662756794,0.1200006245,2.5863204957,2.6336202576,7.6219931271,,0.0956407074,-0.020183332,-0.123762376,,-0.032200833,-0.155886738,-0.02647575,-0.931068383,,,,,,,0.028640341,0.0347603588,0.0543550783,-0.058633029,,,-0.923995432,0.0237284857,0.8300975291,0.0896652454,0.0023169228,1.8961937716,0.001647188,0.0232959448,0.1732499755,2.9346687913,,0.6556064005,0.7445841008,0.5520457055,7.0,-3.170823181,2.7787991934,,,0.1255497976,0.0750493803,1.200058522,0.4089246887,0.1754769267,0.1019341438,3.0470341087,0.0264680751,0.0019232857,9.1585e-05,,,,0.362788175,0.0246845562,0.4730760398,17.375274108,0.6503031456,0.302971392,0.6641299403,0.4563164229,0.7858382929,0.00635264,97247.30824244,1.09873647,0.00109583,0.99120142,0.00638624,0.00607616,0.00540637,0.02615469,-0.49284923,-0.08582423,3.24892777,0.02630716,-0.88397828,,,0.02903736,0.05644356,0.02623888,-0.51106437,0.21574275,0.01903161,1.55467367,0.93684746,0.25502109,0.6501090526,1.4801195683,412,-0.014557708,-0.214920103,0.4715431658,-0.386185862
20180629,20180630,226660.0,01W,JPN,-0.036309,2018,6,20180531,20180531,96.892953757,8.2197503285,96.892953757,,0.1899892811,-0.1739443,-0.00718066,0.0370720089,0.2904419542,0.5632043234,0.6289732424,0.0993405337,-0.112204111,0.0227851526,0.046046178,0.0547047638,-0.006675098,-0.031308938,-0.134381079,-0.82899999,-0.270111922,0.1139262952,-0.45305274,-0.977051899,-0.020151357,0.16633519,0.0,-0.034759374,-0.097196643,0.0624372687,-0.171252593,-0.028411271,-0.051000106,0.0634444793,0.1028907107,0.0160393117,0.1147145553,-0.014066727,0.8149658797,0.0022746882,0.079458505,0.0850500294,-0.107216495,0.0626919862,0.0,0.0626919862,0.0210212566,0.9273356401,0.1239119673,5.4662756794,0.1200006245,2.5863204957,2.6336202576,7.6219931271,,0.0956407074,-0.020183332,-0.123762376,,-0.032200833,-0.155886738,-0.02647575,-0.931068383,,,,,,,0.028640341,0.0347603588,0.0543550783,-0.058633029,,,-0.923995432,0.0237284857,0.8300975291,0.0896652454,0.0023169228,1.8961937716,0.001647188,0.0232959448,0.1732499755,2.9346687913,,0.6556064005,0.7445841008,0.5520457055,7.0,-3.170823181,2.7787991934,,,0.1255497976,0.0750493803,1.208738059,0.4118822753,0.1767460802,0.1026713921,3.0690720718,0.0266595079,0.0019371961,9.22474e-05,,,,0.3651677596,0.0248464661,0.461016913,17.361112259,0.6491267042,0.3512117963,0.4836422889,0.4582762519,0.79029833,0.00732188,95704.53830521,1.11988442,0.00104597,1.04573284,0.00643333,0.00629766,0.00344387,0.01618472,-0.34684792,0.14407133,0.66044649,0.01415264,-0.44689181,,,0.02098245,0.02824334,0.01691224,-0.13530421,0.23954475,0.01938455,1.51955588,0.93012028,0.25596719,0.6682413882,1.0477239131,413,-0.024060659,-0.227127674,0.4723487202,-0.392717046
20180731,20180731,226660.0,01W,JPN,-0.053535,2018,7,20180629,20180630,93.374872952,7.9212998764,93.374872952,,0.1899892811,-0.1739443,-0.036308944,-0.026812098,0.285886546,0.5344627306,0.5812471811,0.2342156856,-0.14762091,0.083046417,0.0351956907,0.0116403621,-0.003725999,-0.001511005,-0.09359961,0.1007348268,-0.001737271,-0.141746439,-0.339270454,-0.924124568,-0.000100035,0.0290670151,0.0,0.000654779,-0.039607495,0.040262274,-0.02958901,-0.00499254,-0.02459647,-0.064126505,0.0931935201,-0.016640223,0.1125438414,-0.011680456,0.7574734415,0.0447994729,0.0716145833,-0.015190972,-0.071383047,0.0116401585,0.0811990447,-0.069558886,-0.014988059,-2.6,0.0782054612,13.566413072,0.1334552943,2.3391254221,2.3671457446,6.1113235607,,0.0614345714,-0.058833568,-0.037634409,,0.0156421324,0.017173405,-0.010931584,-0.811774334,,,,,,,-0.029697275,0.0261953617,0.0394932805,-0.052378322,,,-0.781020613,0.0297663688,0.756328895,0.1018084848,0.0447317807,,0.0092234209,0.029811414,0.0075762329,2.6351996528,,0.6621910566,0.7328783315,0.5563515225,5.0,-2.430717609,3.1121870813,,,0.2156888176,0.0728347124,1.2185289773,0.4624048034,0.1052653296,0.0304055242,2.88661818,-0.007024379,0.0112390056,0.0091316921,,,,0.4584013483,0.0352541509,0.4693551003,17.500748909,0.6585830015,0.2535030269,0.3714636392,0.3916068454,0.7134543861,0.00734019,94458.90909109,1.15236002,0.00100279,1.11626623,0.00647325,0.00631843,0.00469556,0.00852369,-0.61060223,0.13544952,0.1190475,0.00897483,-0.60546049,,,0.00690026,0.00953217,0.00874356,-0.60949174,0.23826579,0.01949373,1.45053884,0.8963486,0.25503373,0.6772080239,0.3432669131,414,-1.018704831,-0.780081908,-0.647348079,-0.380353065
20180831,20180831,226660.0,01W,JPN,-0.163673,2018,8,20180731,20180731,88.376053089,7.4972334235,88.376053089,,0.0,1.665335e-16,-0.053534958,-0.043228882,-0.021653362,0.4177177165,0.4069884192,0.135403012,-0.088951727,-0.059266265,0.0357167186,-0.058663377,0.0042503729,-0.001511005,-0.09359961,0.1007348268,-0.001737271,-0.141746439,-0.339270454,-0.924124568,-0.000100035,0.0290670151,0.0,0.000654779,-0.039607495,0.040262274,-0.02958901,-0.00499254,-0.02459647,-0.064126505,0.0931935201,-0.016640223,0.1125438414,-0.011680456,0.7574734415,0.0447994729,0.0716145833,-0.015190972,-0.071383047,0.0116401585,0.0811990447,-0.069558886,-0.014988059,-2.6,0.0782054612,13.566413072,0.1334552943,2.3391254221,2.3671457446,6.1113235607,,0.0614345714,-0.058833568,-0.037634409,,0.0156421324,0.017173405,-0.010931584,-0.811774334,,,,,,,-0.029697275,0.0261953617,0.0394932805,-0.052378322,,,-0.781020613,0.0297663688,0.756328895,0.1018084848,0.0447317807,,0.0092234209,0.029811414,0.0075762329,2.6351996528,,0.6621910566,0.7328783315,0.5563515225,5.0,-2.430717609,3.1121870813,,,0.2156888176,0.0728347124,1.2874527031,0.4885598333,0.1112194586,0.0321253536,3.0498941331,-0.007421699,0.0118747182,0.0096482085,,,,0.4835228921,0.0371861668,0.4228034345,17.397092329,0.6659509551,0.156847006,-0.21386174,0.6157713032,0.7027412546,0.00623612,77520.95265935,0.81907635,0.00081978,0.82187396,0.00670415,0.00660581,0.00465574,0.02195046,-2.2294877,0.25867008,3.12806474,0.01974494,-1.34878102,,,0.02113346,0.0328254,0.0244347,-1.61828416,0.24458233,0.01945118,1.29415729,0.84836261,0.25840431,0.6696549819,1.0467561957,415,-0.976127912,-0.752507493,-0.533849152,-0.422744342
20180928,20180930,226660.0,01W,JPN,-0.073848,2018,9,20180831,20180831,73.911240908,6.2701354761,73.911240908,,0.0,-1.94289e-16,-0.163673435,-0.087900104,-0.06087901,0.16856025,0.4155603272,0.528730912,-0.097887635,0.0114155617,0.0197995371,0.0054149423,-0.001786712,-0.001511005,-0.09359961,0.1007348268,-0.001737271,-0.141746439,-0.339270454,-0.924124568,-0.000100035,0.0290670151,0.0,0.000654779,-0.039607495,0.040262274,-0.02958901,-0.00499254,-0.02459647,-0.064126505,0.0931935201,-0.016640223,0.1125438414,-0.011680456,0.7574734415,0.0447994729,0.0716145833,-0.015190972,-0.071383047,0.0116401585,0.0811990447,-0.069558886,-0.014988059,-2.6,0.0782054612,13.566413072,0.1334552943,2.3391254221,2.3671457446,6.1113235607,,0.0614345714,-0.058833568,-0.037634409,,0.0156421324,0.017173405,-0.010931584,-0.811774334,,,,,,,-0.029697275,0.0261953617,0.0394932805,-0.052378322,,,-0.781020613,0.0297663688,0.756328895,0.1018084848,0.0447317807,,0.0092234209,0.029811414,0.0075762329,2.6351996528,,0.6621910566,0.7328783315,0.5563515225,5.0,-2.430717609,3.1121870813,,,0.2156888176,0.0728347124,1.539413857,0.58417352,0.132985682,0.0384124515,3.6467741917,-0.008874164,0.0141986619,0.0115364128,,,,0.5746503926,0.0441944853,0.4341927129,17.018159949,0.6735634663,0.3785602792,0.0456802114,0.6136564113,0.711844595,0.00576691,70352.5988595,0.90567636,0.00078087,0.96364374,0.00670608,0.00667259,0.00186257,0.01961759,-2.0081909,0.22679805,1.12113732,0.01933696,-2.77147755,,,0.01457421,0.02493589,0.02092928,-1.85422742,0.25780805,0.0200221,1.19827927,0.70950819,0.24968266,0.6534668284,0.6992268699,416,-0.971418049,-0.747609422,-0.540506966,-0.415826335
20181031,20181031,226660.0,01W,JPN,-0.111019,2018,10,20180928,20180930,68.453024221,5.8070968683,68.453024221,,0.0,0.0,-0.073848262,-0.208446142,-0.257639254,-0.019108546,0.1705086918,0.4903120174,-0.072952177,0.0430482687,0.0091725798,-0.025869049,0.0016755768,-0.001511005,-0.09359961,0.1007348268,-0.001737271,-0.141746439,-0.339270454,-0.924124568,-0.000100035,0.0290670151,0.0,0.000654779,-0.039607495,0.040262274,-0.02958901,-0.00499254,-0.02459647,-0.064126505,0.0931935201,-0.016640223,0.1125438414,-0.011680456,0.7574734415,0.0447994729,0.0716145833,-0.015190972,-0.071383047,0.0116401585,0.0811990447,-0.069558886,-0.014988059,-2.6,0.0782054612,13.566413072,0.1334552943,2.3391254221,2.3671457446,6.1113235607,,0.0614345714,-0.058833568,-0.037634409,,0.0156421324,0.017173405,-0.010931584,-0.811774334,,,,,,,-0.029697275,0.0261953617,0.0394932805,-0.052378322,,,-0.781020613,0.0297663688,0.756328895,0.1018084848,0.0447317807,,0.0092234209,0.029811414,0.0075762329,2.6351996528,,0.6621910566,0.7328783315,0.5563515225,5.0,-2.430717609,3.1121870813,,,0.2156888176,0.0728347124,1.6621616026,0.6307535753,0.1435895183,0.0414753328,3.9375558478,-0.00958176,0.0153308161,0.0124562881,,,,0.6186463581,0.0475780713,0.4320836865,16.833555716,0.7574058485,0.1527342551,-0.501646987,0.6172984392,0.663391777,0.00602604,69200.72487611,0.84618112,0.0008157,0.88885526,0.00657531,0.00660796,0.00323771,0.02695746,0.1936892,-0.01694541,1.40719854,0.02860095,0.10000402,,,0.03246315,0.04565833,0.02918736,0.04489383,0.27253082,0.02107847,1.13079414,0.65711224,0.25436564,0.6854700269,1.4712310273,417,-1.0067526,-0.746089518,-0.539220433,-0.472355722
20181130,20181130,226660.0,01W,JPN,0.040853,2018,11,20181031,20181031,60.85345806,5.1624004892,60.85345806,,0.0,3.608225e-16,-0.111018706,-0.225434698,-0.298592068,-0.282775076,0.0393274134,0.5116638825,0.0078088278,0.1482679294,-0.014398933,-0.035588532,0.0044588236,-0.001511005,-0.09359961,0.1007348268,-0.001737271,-0.141746439,-0.339270454,-0.924124568,-0.000100035,0.0290670151,0.0,0.000654779,-0.039607495,0.040262274,-0.02958901,-0.00499254,-0.02459647,-0.064126505,0.0931935201,-0.016640223,0.1125438414,-0.011680456,0.7574734415,0.0447994729,0.0716145833,-0.015190972,-0.071383047,0.0116401585,0.0811990447,-0.069558886,-0.014988059,-2.6,0.0782054612,13.566413072,0.1334552943,2.3391254221,2.3671457446,6.1113235607,,0.0614345714,-0.058833568,-0.037634409,,0.0156421324,0.017173405,-0.010931584,-0.811774334,,,,,,,-0.029697275,0.0261953617,0.0394932805,-0.052378322,,,-0.781020613,0.0297663688,0.756328895,0.1018084848,0.0447317807,,0.0092234209,0.029811414,0.0075762329,2.6351996528,,0.6621910566,0.7328783315,0.5563515225,5.0,-2.430717609,3.1121870813,,,0.2156888176,0.0728347124,1.8697374327,0.709524013,0.161521417,0.0466548993,4.4292898779,-0.01077836,0.0172453753,0.0140118674,,,,0.692460995,0.053254914,0.4242243991,16.521375834,0.8199533811,0.0318605102,-0.916954526,0.6229644173,0.6125322773,0.0065266,63032.35341507,0.87881692,0.00079939,0.89088149,0.0065989,0.00663046,0.00565182,0.0157841,-0.64172166,0.18259699,-0.37939649,0.01350653,-0.16270589,,,0.01628197,0.02872685,0.01706473,-0.38805959,0.28973236,0.02131816,0.95587053,0.58416049,0.25548609,0.6346358196,0.7290835184,418,-1.005968635,-0.733833405,-0.536683019,-0.456371733
20181228,20181231,226660.0,01W,JPN,-0.10461,2018,12,20181130,20181130,63.339519386,5.3733013093,63.339519386,,0.0,0.0,0.0408532466,-0.176668429,-0.371951667,-0.353345643,-0.195359719,0.2904419542,0.2116537803,-0.003663478,-0.010351958,-0.015935307,0.0070626466,-0.001511005,-0.09359961,0.1007348268,-0.001737271,-0.141746439,-0.339270454,-0.924124568,-0.000100035,0.0290670151,0.0,0.000654779,-0.039607495,0.040262274,-0.02958901,-0.00499254,-0.02459647,-0.064126505,0.0931935201,-0.016640223,0.1125438414,-0.011680456,0.7574734415,0.0447994729,0.0716145833,-0.015190972,-0.071383047,0.0116401585,0.0811990447,-0.069558886,-0.014988059,-2.6,0.0782054612,13.566413072,0.1334552943,2.3391254221,2.3671457446,6.1113235607,,0.0614345714,-0.058833568,-0.037634409,,0.0156421324,0.017173405,-0.010931584,-0.811774334,,,,,,,-0.029697275,0.0261953617,0.0394932805,-0.052378322,,,-0.781020613,0.0297663688,0.756328895,0.1018084848,0.0447317807,,0.0092234209,0.029811414,0.0075762329,2.6351996528,,0.6621910566,0.7328783315,0.5563515225,5.0,-2.430717609,3.1121870813,,,0.2156888176,0.0728347124,1.7963506756,0.6816753614,0.1551817392,0.0448237054,4.2554412858,-0.010355311,0.0165684984,0.0134619049,,,,0.666448059,0.051254344,0.3982038367,16.631744508,0.8240689608,-0.036240263,-0.620597786,0.6187669691,0.5203156453,0.0072614,59717.65129589,0.9195269,0.00079104,0.88963048,0.00657276,0.00664438,0.00338184,0.01514426,-0.20047784,-0.28225982,-0.31782681,0.01514701,-0.55377,,,0.02082331,0.02624899,0.01522635,-0.23968644,0.31250755,0.02140422,0.95472148,0.60802534,0.2543192,0.6262865033,0.9331932168,419,-0.997951049,-0.725556226,-0.528327026,-0.450962352
20190131,20190131,226660.0,01W,JPN,0.155265,2019,1,20181228,20181231,56.713580101,4.8112009242,56.713580101,,0.0,0.0,-0.104609876,-0.074700934,-0.321664197,-0.363821087,-0.159408062,0.285886546,0.2571413118,0.2666240319,-0.044100495,0.0268022279,0.0039967513,-0.085406321,-0.09359961,0.1007348268,-0.03520446,-0.141746439,-0.339270454,-0.924124568,-0.002095976,0.0040080837,0.0,-0.004911207,-0.054716266,0.0498050593,-0.053180938,-0.00499254,-0.02459647,-0.064126505,0.0931935201,-0.016640223,-0.003754131,-0.011680456,0.7574734415,0.0447994729,0.0716145833,-0.015190972,-0.071383047,0.0116401585,0.0811990447,-0.069558886,-0.014988059,-2.6,0.0782054612,13.566413072,0.1334552943,2.3391254221,2.3671457446,6.1113235607,,0.0652741514,-0.058833568,-0.037634409,,0.0156421324,0.017173405,-0.010931584,-0.811774334,,,,,,,-0.029697275,0.0261953617,0.0394932805,-0.052378322,,,-0.781020613,0.0297663688,0.756328895,0.1018084848,0.0447317807,,0.0092234209,0.029811414,0.0075762329,2.7113496232,,0.6621910566,0.7328783315,0.5129327601,5.0,-2.430717609,3.1121870813,,,0.2156888176,0.0728347124,1.8887110637,0.6965944368,0.1733118727,0.0500605314,4.7526113735,-0.011565139,0.0185042228,0.015034681,,,,0.7405982649,0.0569569942,0.3937693136,16.316113517,0.8768110256,-0.044307514,-0.65309407,0.6326851221,0.5502171063,0.00706956,57989.80645671,0.92371615,0.00081043,0.85549669,0.00652884,0.00664519,0.0057292,0.02683994,-0.74746112,0.6969246,3.5372113,0.02690693,-1.44761059,,,0.04322116,0.12049431,0.04185074,1.29323001,0.39209172,0.02273487,0.95139631,0.54441989,0.29541488,0.7119647951,1.7404163567,420,-1.025199487,-0.708140156,-0.526318958,-0.524050256
20190228,20190228,226660.0,01W,JPN,-0.124516,2019,2,20190131,20190131,65.519186661,5.5582097067,65.519186661,,0.0,-1.66533e-16,0.1552645159,-0.068030283,-0.358269824,-0.418880971,-0.405776536,-0.021653362,0.5583864036,-0.01400256,-0.028712579,-0.021253387,0.0139301195,-0.085406321,-0.09359961,0.1007348268,-0.03520446,-0.141746439,-0.339270454,-0.924124568,-0.002095976,0.0040080837,0.0,-0.004911207,-0.054716266,0.0498050593,-0.053180938,-0.00499254,-0.02459647,-0.064126505,0.0931935201,-0.016640223,-0.003754131,-0.011680456,0.7574734415,0.0447994729,0.0716145833,-0.015190972,-0.071383047,0.0116401585,0.0811990447,-0.069558886,-0.014988059,-2.6,0.0782054612,13.566413072,0.1334552943,2.3391254221,2.3671457446,6.1113235607,,0.0652741514,-0.058833568,-0.037634409,,0.0156421324,0.017173405,-0.010931584,-0.811774334,,,,,,,-0.029697275,0.0261953617,0.0394932805,-0.052378322,,,-0.781020613,0.0297663688,0.756328895,0.1018084848,0.0447317807,,0.0092234209,0.029811414,0.0075762329,2.7113496232,,0.6621910566,0.7328783315,0.5129327601,5.0,-2.430717609,3.1121870813,,,0.2156888176,0.0728347124,1.6348732586,0.6029739745,0.1500192123,0.0433325275,4.1138728906,-0.010010815,0.0160173039,0.0130140594,,,,0.6451977492,0.0496200521,0.3479486822,16.721619933,0.982160345,-0.272006937,-0.446681859,0.6607616895,0.4974523877,0.00602682,56155.80827938,0.88739037,0.00083192,0.81705301,0.00650415,0.00675522,0.00484121,0.02577847,-0.09886736,-0.23296896,1.28392421,0.02329863,-0.47515352,,,0.03906501,0.06137996,0.02697365,-0.15402218,0.42553481,0.02200514,0.84753147,0.62894898,0.30200638,0.7084754586,1.6208040844,421,-0.863063315,-0.471673364,-0.507610938,-0.507979039
20190329,20190331,226660.0,01W,JPN,0.058971,2019,3,20190228,20190228,57.3609914,4.86612297,57.3609914,,0.0,1.665335e-16,-0.124516125,0.0344124379,-0.113542326,-0.323798232,-0.303765655,-0.06087901,0.5607969045,0.0579921366,-0.045304239,-0.002100522,0.0122235585,-0.085406321,-0.09359961,0.1007348268,-0.03520446,-0.141746439,-0.339270454,-0.924124568,-0.002095976,0.0040080837,0.0,-0.004911207,-0.054716266,0.0498050593,-0.053180938,-0.00499254,-0.02459647,-0.064126505,0.0931935201,-0.016640223,-0.003754131,-0.011680456,0.7574734415,0.0447994729,0.0716145833,-0.015190972,-0.071383047,0.0116401585,0.0811990447,-0.069558886,-0.014988059,-2.6,0.0782054612,13.566413072,0.1334552943,2.3391254221,2.3671457446,6.1113235607,,0.0652741514,-0.058833568,-0.037634409,,0.0156421324,0.017173405,-0.010931584,-0.811774334,,,,,,,-0.029697275,0.0261953617,0.0394932805,-0.052378322,,,-0.781020613,0.0297663688,0.756328895,0.1018084848,0.0447317807,,0.0092234209,0.029811414,0.0075762329,2.7113496232,,0.6621910566,0.7328783315,0.5129327601,5.0,-2.430717609,3.1121870813,,,0.2156888176,0.0728347124,1.8673939132,0.6887322451,0.1713557687,0.0494955176,4.6989704892,-0.011434608,0.0182953728,0.0148649904,,,,0.7326336326,0.0563444604,0.3506630272,16.350167708,0.9854979078,-0.102161835,0.1658293312,0.6640125284,0.5149269034,0.00557642,55071.20011045,0.98676515,0.000874,1.04193265,0.00644041,0.00670881,0.00353921,0.01261455,-0.92492492,-0.05550042,-0.33071884,0.01217165,-1.13233045,,,0.00560845,0.01629269,0.01275595,-0.89638294,0.4260886,0.02075588,0.56895204,0.55063469,0.29972961,0.6975844398,0.246329332,422,-0.871802043,-0.472936813,-0.518335026,-0.501780031
20190426,20190430,226660.0,01W,JPN,-0.06626,2019,4,20190329,20190331,60.743644289,5.1530846231,60.743644289,,0.0,0.0,0.0589713114,0.0114154546,-0.162038609,-0.385691358,-0.423869119,-0.257639254,0.6289862589,-0.019773425,-0.038145627,0.0249226961,0.0107734375,-0.085406321,-0.09359961,0.1007348268,-0.03520446,-0.141746439,-0.339270454,-0.924124568,-0.002095976,0.0040080837,0.0,-0.004911207,-0.054716266,0.0498050593,-0.053180938,-0.00499254,-0.02459647,-0.064126505,0.0931935201,-0.016640223,-0.003754131,-0.011680456,0.7574734415,0.0447994729,0.0716145833,-0.015190972,-0.071383047,0.0116401585,0.0811990447,-0.069558886,-0.014988059,-2.6,0.0782054612,13.566413072,0.1334552943,2.3391254221,2.3671457446,6.1113235607,,0.0652741514,-0.058833568,-0.037634409,,0.0156421324,0.017173405,-0.010931584,-0.811774334,,,,,,,-0.029697275,0.0261953617,0.0394932805,-0.052378322,,,-0.781020613,0.0297663688,0.756328895,0.1018084848,0.0447317807,,0.0092234209,0.029811414,0.0075762329,2.7113496232,,0.6621910566,0.7328783315,0.5129327601,5.0,-2.430717609,3.1121870813,,,0.2156888176,0.0728347124,1.7634036853,0.650378568,0.1618134192,0.0467392431,4.4372972511,-0.010797845,0.0172765519,0.0140371984,,,,0.6936569443,0.0533468906,0.3398372691,16.516292312,0.9892906308,-0.336370397,0.0089290933,0.6622871968,0.4544976025,0.00687169,49771.29313784,1.07908588,0.00081292,1.11424787,0.00658988,0.00671357,0.00268413,0.01389359,0.9950532,0.56496085,0.61249664,0.01447143,1.09154516,,,0.02491535,0.06249183,0.01796799,1.89962375,0.41357698,0.02040504,0.50732593,0.58310634,0.3006411,0.6993576084,1.0973856691,423,-0.86243713,-0.469147193,-0.517961518,-0.50184265
20190531,20190531,226660.0,01W,JPN,-0.0822,2019,5,20190426,20190430,56.718785842,4.8116425445,56.718785842,,0.0,2.220446e-16,-0.066259746,-0.072887693,-0.001804561,-0.31266851,-0.377586682,-0.298592068,0.5632060283,-0.00718066,-0.043516453,0.0172038655,0.0105376889,-0.085406321,-0.09359961,0.1007348268,-0.03520446,-0.141746439,-0.339270454,-0.924124568,-0.002095976,0.0040080837,0.0,-0.004911207,-0.054716266,0.0498050593,-0.053180938,-0.00499254,-0.02459647,-0.064126505,0.0931935201,-0.016640223,-0.003754131,-0.011680456,0.7574734415,0.0447994729,0.0716145833,-0.015190972,-0.071383047,0.0116401585,0.0811990447,-0.069558886,-0.014988059,-2.6,0.0782054612,13.566413072,0.1334552943,2.3391254221,2.3671457446,6.1113235607,,0.0652741514,-0.058833568,-0.037634409,,0.0156421324,0.017173405,-0.010931584,-0.811774334,,,,,,,-0.029697275,0.0261953617,0.0394932805,-0.052378322,,,-0.781020613,0.0297663688,0.756328895,0.1018084848,0.0447317807,,0.0092234209,0.029811414,0.0075762329,2.7113496232,,0.6621910566,0.7328783315,0.5129327601,5.0,-2.430717609,3.1121870813,,,0.2156888176,0.0728347124,1.8885377148,0.6965305022,0.1732959659,0.0500559368,4.7521751712,-0.011564078,0.0185025245,0.0150333011,,,,0.7405335318,0.0569520158,0.343664621,16.316390442,1.0095717096,-0.272866695,-0.007690519,0.6609722947,0.4657400771,0.00594218,51766.95715421,1.14540904,0.00086516,1.17184774,0.00648048,0.00667099,0.0040247,0.02456613,-2.78815717,0.01020023,1.78254866,0.02577344,-2.7444506,,,0.02158393,0.02763274,0.02627712,-2.06097608,0.41956889,0.02027069,0.58854253,0.57394283,0.30219253,0.7009399175,0.9505048571,424,-0.853718167,-0.491365721,-0.492290038,-0.48607243
20190628,20190630,226660.0,01W,JPN,0.039965,2019,6,20190531,20190531,52.056492307,4.416124735,52.056492307,,0.0,2.220446e-16,-0.082200165,-0.011195859,-0.104527688,-0.232609477,-0.414624246,-0.371951667,0.5344208898,-0.036308944,-0.047688382,0.0440804488,0.0076710698,-0.085406321,-0.09359961,0.1007348268,-0.03520446,-0.141746439,-0.339270454,-0.924124568,-0.002095976,0.0040080837,0.0,-0.004911207,-0.054716266,0.0498050593,-0.053180938,-0.00499254,-0.02459647,-0.064126505,0.0931935201,-0.016640223,-0.003754131,-0.011680456,0.7574734415,0.0447994729,0.0716145833,-0.015190972,-0.071383047,0.0116401585,0.0811990447,-0.069558886,-0.014988059,-2.6,0.0782054612,13.566413072,0.1334552943,2.3391254221,2.3671457446,6.1113235607,,0.0652741514,-0.058833568,-0.037634409,,0.0156421324,0.017173405,-0.010931584,-0.811774334,,,,,,,-0.029697275,0.0261953617,0.0394932805,-0.052378322,,,-0.781020613,0.0297663688,0.756328895,0.1018084848,0.0447317807,,0.0092234209,0.029811414,0.0075762329,2.7113496232,,0.6621910566,0.7328783315,0.5129327601,5.0,-2.430717609,3.1121870813,,,0.2156888176,0.0728347124,2.0576792913,0.7589133005,0.1888167324,0.0545390562,5.1777903942,-0.012599782,0.0201596511,0.0163797165,,,,0.8034271778,0.0617889608,0.3450479189,16.046186425,1.0449160913,-0.298637431,-0.152354252,0.6607374604,0.4510577386,0.00404135,71773.18292473,2.31357051,0.00126109,2.48832076,0.00579756,0.00627653,0.00311608,0.02184519,0.70060669,-0.2054606,1.44843259,0.02205975,0.60257401,,,0.02268532,0.05426757,0.02215885,0.70085905,0.3818409,0.02069142,0.51479403,0.535927,0.30003319,0.7060631725,0.9827027093,425,-0.859644997,-0.491222281,-0.499851508,-0.497937783
20190731,20190731,226660.0,01W,JPN,0.004545,2019,7,20190628,20190630,54.136938123,4.5926158474,54.136938123,,0.0,0.0,0.0399651556,-0.143013349,-0.08211592,-0.239529694,-0.442499993,-0.321664197,0.4129074186,-0.053534958,-0.039188371,0.0290767181,0.0071514142,-0.245487139,-0.130895904,1.6007551296,-0.077518313,-0.164412537,-0.318103249,-0.510471133,-0.005905642,-0.040224392,0.0,-0.023338568,-0.025004383,0.0016658144,-0.265396719,-0.019969274,-0.245427445,-0.018175269,-0.022049123,0.0003174669,-0.270461484,-0.015253718,0.8621627275,0.2835180924,0.0643274854,-0.982905983,-0.181156122,-0.005050679,0.0,-0.005050679,-0.266471449,-1.166132723,-0.288520573,-1.262624126,-0.050264034,2.7116711985,2.3469223302,11.876194811,,0.0850240535,-0.083170535,-0.053445851,,-0.183921285,-0.196615735,-0.116624382,1.862741747,,,,,,,-0.095246486,0.0391143516,0.0003116544,-0.011458452,,,0.4982660794,0.0128619114,0.6505128665,0.0297349676,0.2139180472,,0.0379627693,0.017046643,0.0287393484,4.3013945119,,0.736573311,0.983176574,0.4411319966,4.0,-0.985191945,2.8085428811,,,0.0771637394,0.1065775102,1.5857650548,0.3686630116,0.1527389265,0.0179107536,4.3271053973,-0.36236108,0.0602000329,0.0507471352,,,,0.357940185,0.0265563269,0.3060900412,20.767243292,1.0547719217,-0.319643332,-0.305370686,0.7780071356,0.3810223961,0.00664609,71847.74518301,2.30211532,0.00127511,2.44916266,0.00574596,0.00622523,0.00309832,0.00824387,0.35830504,0.12880631,-0.43843515,0.00857156,0.37348928,,,0.0140717,0.02020434,0.00871079,0.80244307,0.29955677,0.02076733,0.47087032,0.59507033,0.29710049,0.6867784942,0.6077099886,426,-1.099478445,-0.078596818,-1.07093668,-0.830432065
20190830,20190831,226660.0,01W,JPN,-0.02046,2019,8,20190731,20190731,54.382996183,4.6134897679,54.382996183,,0.0,3.330669e-16,0.0045451048,-0.045520151,-0.173723899,-0.110372034,-0.387425256,-0.358269824,0.338651793,-0.163673435,-0.023895777,-0.060992995,0.0141463689,-0.245487139,-0.130895904,1.6007551296,-0.077518313,-0.164412537,-0.318103249,-0.510471133,-0.005905642,-0.040224392,0.0,-0.023338568,-0.025004383,0.0016658144,-0.265396719,-0.019969274,-0.245427445,-0.018175269,-0.022049123,0.0003174669,-0.270461484,-0.015253718,0.8621627275,0.2835180924,0.0643274854,-0.982905983,-0.181156122,-0.005050679,0.0,-0.005050679,-0.266471449,-1.166132723,-0.288520573,-1.262624126,-0.050264034,2.7116711985,2.3469223302,11.876194811,,0.0850240535,-0.083170535,-0.053445851,,-0.183921285,-0.196615735,-0.116624382,1.862741747,,,,,,,-0.095246486,0.0391143516,0.0003116544,-0.011458452,,,0.4982660794,0.0128619114,0.6505128665,0.0297349676,0.2139180472,,0.0379627693,0.017046643,0.0287393484,4.3013945119,,0.736573311,0.983176574,0.4411319966,4.0,-0.985191945,2.8085428811,,,0.0771637394,0.1065775102,1.5785901968,0.3669949809,0.1520478531,0.0178297157,4.3075272344,-0.360721562,0.0599276555,0.0505175277,,,,0.3563490399,0.0264382765,0.3157145103,20.760755509,1.0546396673,-0.283061464,-0.536304662,0.7801313839,0.3867040547,0.00649635,67717.16039173,2.41108066,0.00122238,2.52295413,0.00581566,0.00624352,0.00268409,0.0115452,-0.75810065,-0.2329742,0.66488401,0.01016604,-0.18145927,,,0.01106296,0.03053251,0.01166246,-0.90370646,0.2559707,0.02011192,0.52690897,0.61737012,0.2984002,0.6670160008,0.4964161634,427,-0.998307244,-0.043255114,-0.976285761,-0.776706533
20190930,20190930,226660.0,01W,JPN,0.025664,2019,9,20190830,20190831,53.270346546,4.5191000124,53.270346546,,0.0,4.440892e-16,-0.020459513,0.0446919063,-0.051916732,-0.141404976,-0.264212107,-0.113542326,0.2174037072,-0.073848262,-0.019042254,0.0122161314,0.0055979376,-0.245487139,-0.130895904,1.6007551296,-0.077518313,-0.164412537,-0.318103249,-0.510471133,-0.005905642,-0.040224392,0.0,-0.023338568,-0.025004383,0.0016658144,-0.265396719,-0.019969274,-0.245427445,-0.018175269,-0.022049123,0.0003174669,-0.270461484,-0.015253718,0.8621627275,0.2835180924,0.0643274854,-0.982905983,-0.181156122,-0.005050679,0.0,-0.005050679,-0.266471449,-1.166132723,-0.288520573,-1.262624126,-0.050264034,2.7116711985,2.3469223302,11.876194811,,0.0850240535,-0.083170535,-0.053445851,,-0.183921285,-0.196615735,-0.116624382,1.862741747,,,,,,,-0.095246486,0.0391143516,0.0003116544,-0.011458452,,,0.4982660794,0.0128619114,0.6505128665,0.0297349676,0.2139180472,,0.0379627693,0.017046643,0.0287393484,4.3013945119,,0.736573311,0.983176574,0.4411319966,4.0,-0.985191945,2.8085428811,,,0.0771637394,0.1065775102,1.6115619705,0.3746603493,0.1552236535,0.0182021222,4.3974979015,-0.368255899,0.0611793553,0.0515726797,,,,0.3636589915,0.026980617,0.34731521,20.790569859,1.0371115143,-0.14962395,-0.273296815,0.7812055314,0.4221262814,0.00577881,64335.31883528,2.46607362,0.00118224,2.55190869,0.00585686,0.00623145,0.00245983,0.0092301,-1.23154144,0.0200397,-0.07558217,0.00931942,-1.13034884,,,0.0096045,0.01674929,0.01011486,-0.92987626,0.24370102,0.0194569,0.6065572,0.74012538,0.2987759,0.6335445499,0.4451451398,428,-1.000237167,-0.041195293,-0.970854435,-0.769536628
20191031,20191031,226660.0,01W,JPN,0.034007,2019,10,20190930,20190930,54.637482219,4.6350786616,54.637482219,,0.0,4.163336e-16,0.0256641032,-0.016007399,-0.123030118,-0.060712682,-0.221797033,-0.162038609,0.1562169338,-0.111018706,-0.006616544,-0.004972817,0.0060466654,-0.245487139,-0.130895904,1.6007551296,-0.077518313,-0.164412537,-0.318103249,-0.510471133,-0.005905642,-0.040224392,0.0,-0.023338568,-0.025004383,0.0016658144,-0.265396719,-0.019969274,-0.245427445,-0.018175269,-0.022049123,0.0003174669,-0.270461484,-0.015253718,0.8621627275,0.2835180924,0.0643274854,-0.982905983,-0.181156122,-0.005050679,0.0,-0.005050679,-0.266471449,-1.166132723,-0.288520573,-1.262624126,-0.050264034,2.7116711985,2.3469223302,11.876194811,,0.0850240535,-0.083170535,-0.053445851,,-0.183921285,-0.196615735,-0.116624382,1.862741747,,,,,,,-0.095246486,0.0391143516,0.0003116544,-0.011458452,,,0.4982660794,0.0128619114,0.6505128665,0.0297349676,0.2139180472,,0.0379627693,0.017046643,0.0287393484,4.3013945119,,0.736573311,0.983176574,0.4411319966,4.0,-0.985191945,2.8085428811,,,0.0771637394,0.1065775102,1.5712375673,0.3652856214,0.1513396569,0.0177466699,4.2874639832,-0.359041423,0.0596485293,0.0502822313,,,,0.3547182081,0.0263172817,0.3609480009,20.754106978,1.0309597219,-0.017104564,-0.716176141,0.7843336889,0.4667869679,0.00657963,64804.28885184,2.45944411,0.00119959,2.52602786,0.00581981,0.00626823,0.00428145,0.00863182,-1.01268407,0.09651011,0.51557534,0.00829197,-0.67696409,,,0.01402056,0.01834607,0.0102829,-0.11830653,0.2390409,0.0181291,0.67971446,0.80659313,0.30031396,0.605284939,0.6916067681,429,-0.976975837,-0.032226659,-0.973302996,-0.738204476
20191129,20191130,226660.0,01W,JPN,0.028837,2019,11,20191031,20191031,56.49553525,4.792703457,56.49553525,,0.0,1.249001e-16,0.03400693,0.0046795148,-0.036695137,-0.166084242,-0.102146633,-0.001804561,0.0757045325,0.0408532466,-0.007238937,0.0127067455,0.0029272308,-0.245487139,-0.130895904,1.6007551296,-0.077518313,-0.164412537,-0.318103249,-0.510471133,-0.005905642,-0.040224392,0.0,-0.023338568,-0.025004383,0.0016658144,-0.265396719,-0.019969274,-0.245427445,-0.018175269,-0.022049123,0.0003174669,-0.270461484,-0.015253718,0.8621627275,0.2835180924,0.0643274854,-0.982905983,-0.181156122,-0.005050679,0.0,-0.005050679,-0.266471449,-1.166132723,-0.288520573,-1.262624126,-0.050264034,2.7116711985,2.3469223302,11.876194811,,0.0850240535,-0.083170535,-0.053445851,,-0.183921285,-0.196615735,-0.116624382,1.862741747,,,,,,,-0.095246486,0.0391143516,0.0003116544,-0.011458452,,,0.4982660794,0.0128619114,0.6505128665,0.0297349676,0.2139180472,,0.0379627693,0.017046643,0.0287393484,4.3013945119,,0.736573311,0.983176574,0.4411319966,4.0,-0.985191945,2.8085428811,,,0.0771637394,0.1065775102,1.5195619312,0.3532719277,0.1463623236,0.0171630086,4.1464557528,-0.347233091,0.057686779,0.0486285245,,,,0.3432489083,0.0254663505,0.3818145926,20.707379873,1.0167547407,-0.140201463,-0.93415826,0.7856195534,0.4713816657,0.00605872,63213.66447907,2.53009138,0.00117445,2.58396131,0.00584736,0.00623343,0.00514067,0.01620462,0.21218996,0.00806221,2.37730686,0.0162222,0.18443373,,,0.02101694,0.05012653,0.01998202,-0.46939686,0.23351647,0.0181528,0.71565409,0.83402289,0.30861167,0.6732073012,1.0269315453,430,-0.988076509,-0.025428487,-0.977022825,-0.772647963
20191230,20191231,226660.0,01W,JPN,-0.014393,2019,12,20191129,20191130,58.124705902,4.9309114018,58.124705902,,0.0,1.249001e-16,0.0288371576,0.0605437906,0.0852735701,-0.015087887,-0.108052353,-0.104527688,0.1656214471,-0.104609876,0.0048926117,-0.006922619,0.0065365412,-0.245487139,-0.130895904,1.6007551296,-0.077518313,-0.164412537,-0.318103249,-0.510471133,-0.005905642,-0.040224392,0.0,-0.023338568,-0.025004383,0.0016658144,-0.265396719,-0.019969274,-0.245427445,-0.018175269,-0.022049123,0.0003174669,-0.270461484,-0.015253718,0.8621627275,0.2835180924,0.0643274854,-0.982905983,-0.181156122,-0.005050679,0.0,-0.005050679,-0.266471449,-1.166132723,-0.288520573,-1.262624126,-0.050264034,2.7116711985,2.3469223302,11.876194811,,0.0850240535,-0.083170535,-0.053445851,,-0.183921285,-0.196615735,-0.116624382,1.862741747,,,,,,,-0.095246486,0.0391143516,0.0003116544,-0.011458452,,,0.4982660794,0.0128619114,0.6505128665,0.0297349676,0.2139180472,,0.0379627693,0.017046643,0.0287393484,4.3013945119,,0.736573311,0.983176574,0.4411319966,4.0,-0.985191945,2.8085428811,,,0.0771637394,0.1065775102,1.4769703058,0.3433701098,0.142259951,0.0166819487,4.0302352246,-0.337500535,0.056069883,0.0472655212,,,,0.3337858861,0.0247642692,0.3747278624,20.668866882,1.0123334712,-0.20403936,-0.843796414,0.7862687531,0.4455892178,0.00699295,45233.83306679,1.10118093,0.00082488,1.07501694,0.00652077,0.00623682,0.0034211,0.01144389,0.81390687,0.4895016,-0.48331521,0.01177348,0.24340531,,,0.01524744,0.04261109,0.01285799,1.41944915,0.2289513,0.01800787,0.72794444,0.85807374,0.31118381,0.6948620805,0.7492374527,431,-0.985186343,-0.023802806,-0.975371286,-0.775170332
20200131,20200131,226660.0,01W,JPN,-0.048747,2020,1,20191230,20191231,57.288088446,4.8599383708,57.288088446,,0.0,4.38885e-16,-0.014393491,0.0638247507,0.0736607558,-0.043114608,0.0248816209,-0.08211592,0.0347162876,0.1552645159,-0.010530843,0.088013663,-0.004668543,0.0541979618,-0.130895904,1.6007551296,-0.003871859,-0.164412537,-0.318103249,-0.510471133,-0.00021097,-0.198076147,0.0,0.0070070441,0.0954796875,-0.088472643,-0.123148138,-0.019969274,-0.245427445,-0.018175269,-0.022049123,0.0003174669,-0.061297452,-0.015253718,0.8621627275,0.2835180924,0.0643274854,-0.982905983,-0.181156122,-0.005050679,0.0,-0.005050679,-0.266471449,-1.166132723,-0.288520573,-1.262624126,-0.050264034,2.7116711985,2.3469223302,11.876194811,,0.4275471069,-0.083170535,-0.053445851,,-0.183921285,-0.196615735,-0.116624382,1.862741747,,,,,,,-0.095246486,0.0391143516,0.0003116544,-0.011458452,,,0.4982660794,0.0128619114,0.6505128665,0.0297349676,0.2139180472,,0.0379627693,0.017046643,0.0287393484,3.4654724068,,0.736573311,0.983176574,0.783463155,4.0,-0.985191945,2.8085428811,,,0.0771637394,0.1065775102,1.971108037,0.5687848021,0.1443374712,0.0169255667,4.0890915285,-0.342429288,0.0568887101,0.0479557722,,,,0.3385792609,0.0251198997,0.6750259137,20.688370599,1.0101746282,-0.259690428,-0.451288626,0.6718611034,0.4541859701,0.00624025,48551.24408926,1.03702017,0.00087269,1.02275827,0.00645455,0.00619333,0.00548401,0.0130699,-1.17402276,-0.42151583,-0.5316348,0.01209614,-1.42990525,,,0.01315699,0.02182179,0.01378506,-1.20263195,0.22200057,0.01623047,0.34160663,0.84572306,0.31282875,0.7041429433,0.7683616678,432,-0.950279884,-0.024830376,-0.983429182,-0.725374652
20200228,20200229,226660.0,01W,JPN,-0.189333,2020,2,20200131,20200131,54.495471086,4.6230313866,54.495471086,,0.0,2.775558e-16,-0.048746911,0.0140285988,0.0534191285,0.0100372847,-0.125628822,-0.173723899,0.1461026648,-0.124516125,-0.003642733,-0.020872692,0.0077819619,0.0541979618,-0.130895904,1.6007551296,-0.003871859,-0.164412537,-0.318103249,-0.510471133,-0.00021097,-0.198076147,0.0,0.0070070441,0.0954796875,-0.088472643,-0.123148138,-0.019969274,-0.245427445,-0.018175269,-0.022049123,0.0003174669,-0.061297452,-0.015253718,0.8621627275,0.2835180924,0.0643274854,-0.982905983,-0.181156122,-0.005050679,0.0,-0.005050679,-0.266471449,-1.166132723,-0.288520573,-1.262624126,-0.050264034,2.7116711985,2.3469223302,11.876194811,,0.4275471069,-0.083170535,-0.053445851,,-0.183921285,-0.196615735,-0.116624382,1.862741747,,,,,,,-0.095246486,0.0391143516,0.0003116544,-0.011458452,,,0.4982660794,0.0128619114,0.6505128665,0.0297349676,0.2139180472,,0.0379627693,0.017046643,0.0287393484,3.4654724068,,0.736573311,0.983176574,0.783463155,4.0,-0.985191945,2.8085428811,,,0.0771637394,0.1065775102,2.0721173578,0.5979321474,0.1517340368,0.0177929164,4.2986367946,-0.359977058,0.0598039689,0.050413263,,,,0.3556264176,0.0263846637,0.6303771901,20.757809408,1.0136701122,-0.474575198,-0.615115917,0.7125095276,0.4053884712,0.00589689,53366.44962098,1.01540367,0.00095974,1.00425423,0.00634376,0.00620261,0.00415437,0.01082599,-1.14115424,-0.30015633,0.12184544,0.01157945,-0.74987696,,,0.00776901,0.01260421,0.01082607,-1.13478828,0.21298361,0.01486291,0.31707906,0.83510511,0.31176253,0.644014891,0.4988406647,433,-0.929318374,-0.023153649,-0.98448899,-0.686502246
20200331,20200331,226660.0,01W,JPN,0.140686,2020,3,20200228,20200229,44.177704732,3.7477410782,44.177704732,,0.0,2.775558e-16,-0.189332547,-0.062438764,0.0229982461,0.0468525379,-0.049955906,-0.051916732,0.0892949909,0.0589713114,-0.026215811,0.0089713644,0.0040312013,0.0541979618,-0.130895904,1.6007551296,-0.003871859,-0.164412537,-0.318103249,-0.510471133,-0.00021097,-0.198076147,0.0,0.0070070441,0.0954796875,-0.088472643,-0.123148138,-0.019969274,-0.245427445,-0.018175269,-0.022049123,0.0003174669,-0.061297452,-0.015253718,0.8621627275,0.2835180924,0.0643274854,-0.982905983,-0.181156122,-0.005050679,0.0,-0.005050679,-0.266471449,-1.166132723,-0.288520573,-1.262624126,-0.050264034,2.7116711985,2.3469223302,11.876194811,,0.4275471069,-0.083170535,-0.053445851,,-0.183921285,-0.196615735,-0.116624382,1.862741747,,,,,,,-0.095246486,0.0391143516,0.0003116544,-0.011458452,,,0.4982660794,0.0128619114,0.6505128665,0.0297349676,0.2139180472,,0.0379627693,0.017046643,0.0287393484,3.4654724068,,0.736573311,0.983176574,0.783463155,4.0,-0.985191945,2.8085428811,,,0.0771637394,0.1065775102,2.5560633411,0.7375800587,0.1871717389,0.0219484775,5.3025895883,-0.444050217,0.0737712717,0.062187353,,,,0.436899654,0.0324144941,0.6715289246,21.09049784,1.2097813455,-0.393867017,-0.74306062,0.7137037423,0.4524103675,0.00541918,57540.87959666,0.97682311,0.00105517,1.00068521,0.00623349,0.00618192,0.00098973,0.01504135,-0.94843435,-0.72728889,0.91183999,0.01283653,0.27175912,,,0.00493013,0.00764271,0.02073063,-2.17414122,0.21627558,0.01513281,0.84114966,0.69901009,0.33516357,0.6969238105,0.3015378795,434,-0.946204439,-0.029486197,-0.987903662,-0.706795716
20200430,20200430,226660.0,01W,JPN,0.018675,2020,4,20200331,20200331,50.392906053,4.2749972008,50.392906053,,0.0,2.775558e-16,0.1406863792,-0.228850082,-0.191439595,-0.183963736,-0.272718895,-0.123030118,0.1859649035,-0.066259746,-0.007402527,0.0146106309,0.0054803238,0.0541979618,-0.130895904,1.6007551296,-0.003871859,-0.164412537,-0.318103249,-0.510471133,-0.00021097,-0.198076147,0.0,0.0070070441,0.0954796875,-0.088472643,-0.123148138,-0.019969274,-0.245427445,-0.018175269,-0.022049123,0.0003174669,-0.061297452,-0.015253718,0.8621627275,0.2835180924,0.0643274854,-0.982905983,-0.181156122,-0.005050679,0.0,-0.005050679,-0.266471449,-1.166132723,-0.288520573,-1.262624126,-0.050264034,2.7116711985,2.3469223302,11.876194811,,0.4275471069,-0.083170535,-0.053445851,,-0.183921285,-0.196615735,-0.116624382,1.862741747,,,,,,,-0.095246486,0.0391143516,0.0003116544,-0.011458452,,,0.4982660794,0.0128619114,0.6505128665,0.0297349676,0.2139180472,,0.0379627693,0.017046643,0.0287393484,3.4654724068,,0.736573311,0.983176574,0.783463155,4.0,-0.985191945,2.8085428811,,,0.0771637394,0.1065775102,2.2408116619,0.6466107355,0.1640869412,0.0192414654,4.6485955166,-0.389283351,0.0646727032,0.0545174854,,,,0.3840319544,0.0284921295,0.6538312316,20.873778226,1.0688214468,-0.741965143,-0.847708967,0.7170136766,0.4152807012,0.00608996,63619.38608729,0.88532171,0.00121842,0.89618834,0.00614887,0.00612817,0.00559317,0.05330643,0.48567044,-0.81837782,0.4822819,0.04799237,1.61540537,,,0.08095327,0.11858383,0.05559628,0.15949451,0.28565351,0.02139772,1.1561732,0.79735129,0.31439746,0.6312102771,3.608155015,435,-0.912510041,-0.031075262,-0.987376366,-0.632887448
20200529,20200531,226660.0,01W,JPN,-0.038449,2020,5,20200430,20200430,51.333999806,4.3548333022,51.333999806,,0.0,2.498002e-16,0.0186751237,-0.075282679,-0.108019672,-0.073370178,-0.111530592,-0.036695137,0.0432568916,-0.082200165,0.0017679537,0.0125476394,0.0027649791,0.0541979618,-0.130895904,1.6007551296,-0.003871859,-0.164412537,-0.318103249,-0.510471133,-0.00021097,-0.198076147,0.0,0.0070070441,0.0954796875,-0.088472643,-0.123148138,-0.019969274,-0.245427445,-0.018175269,-0.022049123,0.0003174669,-0.061297452,-0.015253718,0.8621627275,0.2835180924,0.0643274854,-0.982905983,-0.181156122,-0.005050679,0.0,-0.005050679,-0.266471449,-1.166132723,-0.288520573,-1.262624126,-0.050264034,2.7116711985,2.3469223302,11.876194811,,0.4275471069,-0.083170535,-0.053445851,,-0.183921285,-0.196615735,-0.116624382,1.862741747,,,,,,,-0.095246486,0.0391143516,0.0003116544,-0.011458452,,,0.4982660794,0.0128619114,0.6505128665,0.0297349676,0.2139180472,,0.0379627693,0.017046643,0.0287393484,3.4654724068,,0.736573311,0.983176574,0.783463155,4.0,-0.985191945,2.8085428811,,,0.0771637394,0.1065775102,2.1997314058,0.6347565779,0.1610787752,0.0188887163,4.5633739438,-0.382146714,0.0634870743,0.0535180295,,,,0.377122108,0.0279794736,0.6749976496,20.845537623,1.0377068279,0.0563978703,0.26319392,0.7143421511,0.5409643134,0.00700106,60834.46351303,0.77912297,0.00118597,0.81289915,0.00629691,0.0062335,0.00543625,0.01183359,0.12601505,-0.40205229,1.01663116,0.01130202,0.07655471,,,0.02296456,0.041532,0.02003085,-0.56103538,0.31143663,0.02047461,1.19395523,0.86141679,0.32858191,0.5967851829,1.0484933776,436,-0.904980521,-0.038262887,-0.992973225,-0.589995274
20200630,20200630,226660.0,01W,JPN,-0.042987,2020,6,20200529,20200531,49.360272556,4.1873954795,49.360272556,,0.0,1.179612e-16,-0.038448733,0.1619888384,-0.116829943,-0.03634943,-0.013879009,0.0852735701,-0.000186791,0.0399651556,-0.005360582,0.0233605056,0.0008756264,0.0541979618,-0.130895904,1.6007551296,-0.003871859,-0.164412537,-0.318103249,-0.510471133,-0.00021097,-0.198076147,0.0,0.0070070441,0.0954796875,-0.088472643,-0.123148138,-0.019969274,-0.245427445,-0.018175269,-0.022049123,0.0003174669,-0.061297452,-0.015253718,0.8621627275,0.2835180924,0.0643274854,-0.982905983,-0.181156122,-0.005050679,0.0,-0.005050679,-0.266471449,-1.166132723,-0.288520573,-1.262624126,-0.050264034,2.7116711985,2.3469223302,11.876194811,,0.4275471069,-0.083170535,-0.053445851,,-0.183921285,-0.196615735,-0.116624382,1.862741747,,,,,,,-0.095246486,0.0391143516,0.0003116544,-0.011458452,,,0.4982660794,0.0128619114,0.6505128665,0.0297349676,0.2139180472,,0.0379627693,0.017046643,0.0287393484,3.4654724068,,0.736573311,0.983176574,0.783463155,4.0,-0.985191945,2.8085428811,,,0.0771637394,0.1065775102,2.2876901952,0.6601380495,0.1675196952,0.0196440033,4.7458456977,-0.39742729,0.0660256779,0.0556580095,,,,0.3919112511,0.0290767109,0.7012962242,20.906004851,0.9693014129,0.0809963418,0.0734436197,0.7106300121,0.5549625542,0.00746477,60218.43928647,0.78911571,0.00118716,0.811771,0.00637726,0.00656746,0.00321648,0.00954864,-0.75328778,0.18624241,0.781481,0.00972205,-0.57504097,,,0.00948494,0.01426127,0.0109602,-0.49744738,0.33003063,0.01981228,1.22171123,0.8282964,0.32661961,0.5605661503,0.4459951066,437,-0.884828794,-0.038775302,-0.991228386,-0.55483981
20200731,20200731,226660.0,01W,JPN,-0.107378,2020,7,20200630,20200630,47.238399138,4.0073899265,47.238399138,,0.0,2.775558e-16,-0.042987474,-0.020491644,-0.138385066,-0.096585887,-0.08823302,0.0736607558,0.021586958,0.0045451048,-0.009681725,0.0159515062,0.0020529321,0.0745011889,-0.000292732,1.1645426257,-0.094241985,-0.390912057,-0.21247431,5.1965265377,-0.006163935,-0.228598656,0.0,0.0082254886,0.0982782867,-0.090052798,-0.033243826,-0.00817151,-0.025072316,0.0234387132,-0.252037369,-0.001364022,-0.050247131,-0.014189988,0.8079655759,0.1440008006,-0.018072289,-0.198795181,,0.0233735621,0.0,0.0233735621,-0.14380066,-4.354545455,-0.39583803,-11.98669524,-0.190319934,2.5385770039,2.6299517919,,,0.402081457,0.0325334772,-0.032305433,,-0.123702072,-0.172711864,-0.02563161,4.629445337,,,,,,,0.0604603699,-0.093653624,0.0007641529,-0.030052074,,,3.0361217203,0.0002150508,0.8681599719,-0.013875273,0.1547290314,,0.1107775443,0.0002001401,0.072814775,6.0198795181,,0.925377164,0.8416184595,0.8015479948,7.0,-2.293861361,2.6994952327,,,-0.15992031,0.1014924566,1.9527392759,0.324381787,0.220814108,-0.564346145,4.9575698417,-0.064485536,0.2163196616,0.1928703758,,,,,0.0008970916,0.5733009916,18.964283559,0.9744972738,-0.09338019,-0.098650289,0.6897762542,0.550924798,0.00717589,55750.9893918,0.86322439,0.00113121,0.86832092,0.00653983,0.00664416,0.00339666,0.008528,-1.15771378,-0.03003452,0.75484577,0.00861765,-1.03069557,,,0.00827644,0.01137318,0.00959283,-1.22378629,0.34062443,0.01978729,1.1701537,0.79269003,0.32751614,0.5426247303,0.3899518875,438,0.7949896404,0.5917513031,1.0675225994,-0.390705852
20200831,20200831,226660.0,01W,JPN,0.064514,2020,8,20200731,20200731,42.166033976,3.5770843822,42.166033976,,0.0,-2.77556e-16,-0.107378007,-0.079783393,-0.13316835,-0.163856065,-0.131375569,0.0534191285,0.0430016127,-0.020459513,-0.017583406,-0.081816613,0.0114096946,0.0745011889,-0.000292732,1.1645426257,-0.094241985,-0.390912057,-0.21247431,5.1965265377,-0.006163935,-0.228598656,0.0,0.0082254886,0.0982782867,-0.090052798,-0.033243826,-0.00817151,-0.025072316,0.0234387132,-0.252037369,-0.001364022,-0.050247131,-0.014189988,0.8079655759,0.1440008006,-0.018072289,-0.198795181,,0.0233735621,0.0,0.0233735621,-0.14380066,-4.354545455,-0.39583803,-11.98669524,-0.190319934,2.5385770039,2.6299517919,,,0.402081457,0.0325334772,-0.032305433,,-0.123702072,-0.172711864,-0.02563161,4.629445337,,,,,,,0.0604603699,-0.093653624,0.0007641529,-0.030052074,,,3.0361217203,0.0002150508,0.8681599719,-0.013875273,0.1547290314,,0.1107775443,0.0002001401,0.072814775,6.0198795181,,0.925377164,0.8416184595,0.8015479948,7.0,-2.293861361,2.6994952327,,,-0.15992031,0.1014924566,2.1876441445,0.3634033103,0.2473769522,-0.632234193,5.5539409533,-0.072242827,0.2423418461,0.2160717273,,,,,0.0011905275,0.5721281172,18.919888698,0.9975100874,-0.071301294,-0.081637738,0.666782851,0.5452190099,0.00566338,57031.12076635,0.91815305,0.00121459,0.94646426,0.00648932,0.00655601,0.00927639,0.02664854,-0.78053757,0.32165223,2.23726527,0.02749569,-0.52601317,,,0.02590188,0.0445234,0.02758529,-0.86676502,0.3691592,0.02099506,1.12177325,0.70757256,0.33334489,0.5714110893,1.1523090377,439,0.7627212817,0.580566954,1.0394125342,-0.331974449
20200930,20200930,226660.0,01W,JPN,0.088121,2020,9,20200831,20200831,44.886334826,3.8078565172,44.886334826,,0.0,-3.88578e-16,0.0645140316,-0.145749572,-0.045535882,-0.274559186,-0.208452043,0.0229982461,0.0408092563,0.0256641032,-0.014051595,-3.6811e-05,0.003928274,0.0745011889,-0.000292732,1.1645426257,-0.094241985,-0.390912057,-0.21247431,5.1965265377,-0.006163935,-0.228598656,0.0,0.0082254886,0.0982782867,-0.090052798,-0.033243826,-0.00817151,-0.025072316,0.0234387132,-0.252037369,-0.001364022,-0.050247131,-0.014189988,0.8079655759,0.1440008006,-0.018072289,-0.198795181,,0.0233735621,0.0,0.0233735621,-0.14380066,-4.354545455,-0.39583803,-11.98669524,-0.190319934,2.5385770039,2.6299517919,,,0.402081457,0.0325334772,-0.032305433,,-0.123702072,-0.172711864,-0.02563161,4.629445337,,,,,,,0.0604603699,-0.093653624,0.0007641529,-0.030052074,,,3.0361217203,0.0002150508,0.8681599719,-0.013875273,0.1547290314,,0.1107775443,0.0002001401,0.072814775,6.0198795181,,0.925377164,0.8416184595,0.8015479948,7.0,-2.293861361,2.6994952327,,,-0.15992031,0.1014924566,2.0550637,0.3413795399,0.2323848675,-0.593918139,5.217348751,-0.067864607,0.22765491,0.202976871,,,,,0.0010128516,0.577470307,18.944945183,1.0167656533,-0.184973678,-0.180807159,0.665775842,0.5136670129,0.00541697,57348.6999258,1.17897654,0.00125871,1.22041996,0.00646698,0.00651002,0.00451189,0.00688902,-0.25057205,0.65266183,1.38057432,0.00710234,-0.02560899,,,0.01626057,0.03649165,0.01118566,1.06199236,0.37137178,0.02097857,1.1308035,0.75322092,0.3425145,0.5938515345,0.720040851,440,0.7509294108,0.5767418982,1.0311631651,-0.341756262
20201030,20201031,226660.0,01W,JPN,-0.016857,2020,10,20200930,20200930,48.841780326,4.1434100655,48.841780326,,0.0,-2.498e-16,0.088121374,-0.049791364,-0.109272746,-0.216480493,-0.178469926,-0.191439595,0.0862391121,0.03400693,-0.0091321,-0.021607036,0.0068641223,0.0745011889,-0.000292732,1.1645426257,-0.094241985,-0.390912057,-0.21247431,5.1965265377,-0.006163935,-0.228598656,0.0,0.0082254886,0.0982782867,-0.090052798,-0.033243826,-0.00817151,-0.025072316,0.0234387132,-0.252037369,-0.001364022,-0.050247131,-0.014189988,0.8079655759,0.1440008006,-0.018072289,-0.198795181,,0.0233735621,0.0,0.0233735621,-0.14380066,-4.354545455,-0.39583803,-11.98669524,-0.190319934,2.5385770039,2.6299517919,,,0.402081457,0.0325334772,-0.032305433,,-0.123702072,-0.172711864,-0.02563161,4.629445337,,,,,,,0.0604603699,-0.093653624,0.0007641529,-0.030052074,,,3.0361217203,0.0002150508,0.8681599719,-0.013875273,0.1547290314,,0.1107775443,0.0002001401,0.072814775,6.0198795181,,0.925377164,0.8416184595,0.8015479948,7.0,-2.293861361,2.6994952327,,,-0.15992031,0.1014924566,1.8886346221,0.3137329603,0.2135652079,-0.545819753,4.7948224118,-0.062368601,0.2092183055,0.1865388144,,,,,0.00083225,0.5709201072,18.976398749,1.0686521297,-0.204986031,-1.202562117,0.6662891937,0.5052039478,0.00558004,58201.3954022,1.53797159,0.00126457,1.55805012,0.00639149,0.00641848,0.00300827,0.01138348,0.87646239,0.00323979,1.43289933,0.01185058,0.95531371,,,0.02201971,0.03920715,0.01257749,1.14517713,0.28868147,0.02107693,1.12423566,0.81959578,0.34581238,0.5958067506,0.9712160704,441,0.7590806073,0.581260097,1.0333447436,-0.339313714
20201130,20201130,226660.0,01W,JPN,-0.040162,2020,11,20201030,20201031,48.018451084,4.0735643179,48.018451084,,0.0,-1.38778e-16,-0.016857069,0.1583204708,-0.0485491,-0.103746066,-0.135475394,-0.108019672,0.0855262043,0.0288371576,-0.01328612,0.032779796,0.0019044313,0.0745011889,-0.000292732,1.1645426257,-0.094241985,-0.390912057,-0.21247431,5.1965265377,-0.006163935,-0.228598656,0.0,0.0082254886,0.0982782867,-0.090052798,-0.033243826,-0.00817151,-0.025072316,0.0234387132,-0.252037369,-0.001364022,-0.050247131,-0.014189988,0.8079655759,0.1440008006,-0.018072289,-0.198795181,,0.0233735621,0.0,0.0233735621,-0.14380066,-4.354545455,-0.39583803,-11.98669524,-0.190319934,2.5385770039,2.6299517919,,,0.402081457,0.0325334772,-0.032305433,,-0.123702072,-0.172711864,-0.02563161,4.629445337,,,,,,,0.0604603699,-0.093653624,0.0007641529,-0.030052074,,,3.0361217203,0.0002150508,0.8681599719,-0.013875273,0.1547290314,,0.1107775443,0.0002001401,0.072814775,6.0198795181,,0.925377164,0.8416184595,0.8015479948,7.0,-2.293861361,2.6994952327,,,-0.15992031,0.1014924566,1.9210173432,0.3191122575,0.2172270187,-0.555178434,4.8770349241,-0.063437979,0.2128055838,0.1897372278,,,,,0.0008643299,0.5622524302,18.970278713,1.1275738959,-0.171907688,-0.752807259,0.6665839443,0.5306466746,0.00701923,57357.62916123,1.57145626,0.00125046,1.58527149,0.00636889,0.00647384,0.00296007,0.01689827,-0.40097544,0.21659157,1.76402007,0.01664685,0.14454527,,,0.02018258,0.03163338,0.0172597,-0.47695748,0.30334188,0.02100622,1.13773224,0.8057798,0.34307175,0.5810810003,0.8978808855,442,0.7717569186,0.5847466244,1.0304260353,-0.313595325
20201230,20201231,226660.0,01W,JPN,-0.019592,2020,12,20201130,20201130,46.089953582,3.9099634845,46.089953582,,0.0,-1.38778e-16,-0.040161593,0.0697788374,-0.02718424,0.0869385672,-0.17387193,-0.116829943,0.1195735488,-0.014393491,-0.015628675,-0.035242263,0.0087993449,0.0745011889,-0.000292732,1.1645426257,-0.094241985,-0.390912057,-0.21247431,5.1965265377,-0.006163935,-0.228598656,0.0,0.0082254886,0.0982782867,-0.090052798,-0.033243826,-0.00817151,-0.025072316,0.0234387132,-0.252037369,-0.001364022,-0.050247131,-0.014189988,0.8079655759,0.1440008006,-0.018072289,-0.198795181,,0.0233735621,0.0,0.0233735621,-0.14380066,-4.354545455,-0.39583803,-11.98669524,-0.190319934,2.5385770039,2.6299517919,,,0.402081457,0.0325334772,-0.032305433,,-0.123702072,-0.172711864,-0.02563161,4.629445337,,,,,,,0.0604603699,-0.093653624,0.0007641529,-0.030052074,,,3.0361217203,0.0002150508,0.8681599719,-0.013875273,0.1547290314,,0.1107775443,0.0002001401,0.072814775,6.0198795181,,0.925377164,0.8416184595,0.8015479948,7.0,-2.293861361,2.6994952327,,,-0.15992031,0.1014924566,2.0013966202,0.3324645642,0.2263162395,-0.57840823,5.0810999955,-0.066092353,0.2217098027,0.1976762198,,,,,0.0009501127,0.5548661784,18.955087768,0.9501169823,-0.097677554,-0.232842309,0.6669072436,0.5329415599,0.00708937,58649.17264169,1.53134028,0.00128112,1.54048387,0.00634818,0.00649281,0.00422431,0.009986,-0.77276845,0.41133711,1.60590284,0.00916349,-0.59960307,,,0.01141098,0.02428488,0.01160396,0.27962719,0.29822066,0.02089774,1.10913858,0.7734184,0.34018295,0.5614638129,0.5081787893,443,0.7708794671,0.5826582436,1.0258159838,-0.301389519
20210129,20210131,226660.0,01W,JPN,-0.162842,2021,1,20201230,20201231,45.186937754,3.8333576596,45.186937754,,0.0,-2.77556e-16,-0.019592466,-0.056341655,-0.024311695,-0.08538806,-0.195470562,-0.138385066,0.1075160795,-0.048746911,-0.012978271,0.1160828607,-0.005201354,-0.330173839,-0.000292732,1.1645426257,-0.150554687,-0.390912057,-0.21247431,5.1965265377,-0.012199699,0.0014738684,0.0,-0.029764352,-0.206414041,0.1766496884,-0.081678974,-0.00817151,-0.025072316,0.0234387132,-0.252037369,-0.001364022,-0.301880331,-0.014189988,0.8079655759,0.1440008006,-0.018072289,-0.198795181,,0.0233735621,0.0,0.0233735621,-0.14380066,-4.354545455,-0.39583803,-11.98669524,-0.056062902,2.5385770039,2.6299517919,,,0.2553404122,0.0325334772,-0.032305433,,-0.123702072,-0.172711864,-0.02563161,4.629445337,,,,,,,0.0604603699,-0.093653624,0.0007641529,-0.030052074,,,3.0361217203,0.0002150508,0.8681599719,-0.013875273,0.1547290314,,0.1107775443,0.0002001401,0.072814775,7.7567829457,,0.925377164,0.8416184595,0.4485241325,7.0,-2.293861361,2.6994952327,,,-0.15992031,0.1014924566,1.6738785909,0.2157954661,0.178156722,-0.249252127,5.1826407051,-0.067413143,0.2261404517,0.2016265816,,,,,0.0009964189,0.368014391,18.947528908,0.9312272865,-0.081461207,-0.193563185,0.7756375925,0.5165488142,0.007173,59158.42079463,1.50867138,0.00130161,1.50616777,0.00636446,0.00657542,0.00318933,0.00874505,-0.88052444,0.49860984,1.16086145,0.00885707,-0.78663356,,,0.01191149,0.01885497,0.01039518,-0.50320087,0.29167637,0.02067505,1.13543866,0.78976503,0.34170688,0.5563899997,0.5349679544,444,0.7856662791,0.5997268435,1.0214269259,-0.273074246
20210226,20210228,226660.0,01W,JPN,-0.015342,2021,2,20210129,20210131,37.828618355,3.2091270427,37.828618355,,0.0,-4.44089e-16,-0.162841736,-0.058967194,0.0716430618,-0.119746407,-0.170812971,-0.13316835,0.0827569233,-0.189332547,-0.010570015,-0.032287002,0.00779245,-0.330173839,-0.000292732,1.1645426257,-0.150554687,-0.390912057,-0.21247431,5.1965265377,-0.012199699,0.0014738684,0.0,-0.029764352,-0.206414041,0.1766496884,-0.081678974,-0.00817151,-0.025072316,0.0234387132,-0.252037369,-0.001364022,-0.301880331,-0.014189988,0.8079655759,0.1440008006,-0.018072289,-0.198795181,,0.0233735621,0.0,0.0233735621,-0.14380066,-4.354545455,-0.39583803,-11.98669524,-0.056062902,2.5385770039,2.6299517919,,,0.2553404122,0.0325334772,-0.032305433,,-0.123702072,-0.172711864,-0.02563161,4.629445337,,,,,,,0.0604603699,-0.093653624,0.0007641529,-0.030052074,,,3.0361217203,0.0002150508,0.8681599719,-0.013875273,0.1547290314,,0.1107775443,0.0002001401,0.072814775,7.7567829457,,0.925377164,0.8416184595,0.4485241325,7.0,-2.293861361,2.6994952327,,,-0.15992031,0.1014924566,1.9994768771,0.25777141,0.2128112804,-0.29773597,6.1907538029,-0.080526163,0.270128674,0.2408464329,,,,,0.0016528284,0.3756366485,18.872483286,1.0120490734,0.0277563651,0.7068228699,0.7749545427,0.514282132,0.00475522,70064.4581243,1.70944236,0.00158891,1.76498446,0.00609273,0.0064172,0.0030374,0.02453821,-2.65000533,0.34045882,-1.21004918,0.02557372,-2.46592675,,,0.00749128,0.01887302,0.02454133,-2.64878424,0.25918761,0.02162718,1.03574723,0.68771892,0.33465642,0.5666122563,0.3233179499,445,0.8099715004,0.6024072256,1.0299337534,-0.262665216
20210331,20210331,226660.0,01W,JPN,-0.004265,2021,3,20210226,20210228,37.248243493,3.1598919201,37.248243493,,0.0,-4.16334e-16,-0.015342217,-0.179243731,-0.157235303,-0.233622174,-0.143716982,-0.045535882,-0.113144498,0.1406863792,-0.024754433,0.0305509794,-0.00198991,-0.330173839,-0.000292732,1.1645426257,-0.150554687,-0.390912057,-0.21247431,5.1965265377,-0.012199699,0.0014738684,0.0,-0.029764352,-0.206414041,0.1766496884,-0.081678974,-0.00817151,-0.025072316,0.0234387132,-0.252037369,-0.001364022,-0.301880331,-0.014189988,0.8079655759,0.1440008006,-0.018072289,-0.198795181,,0.0233735621,0.0,0.0233735621,-0.14380066,-4.354545455,-0.39583803,-11.98669524,-0.056062902,2.5385770039,2.6299517919,,,0.2553404122,0.0325334772,-0.032305433,,-0.123702072,-0.172711864,-0.02563161,4.629445337,,,,,,,0.0604603699,-0.093653624,0.0007641529,-0.030052074,,,3.0361217203,0.0002150508,0.8681599719,-0.013875273,0.1547290314,,0.1107775443,0.0002001401,0.072814775,7.7567829457,,0.925377164,0.8416184595,0.4485241325,7.0,-2.293861361,2.6994952327,,,-0.15992031,0.1014924566,2.030631262,0.2617878154,0.2161271499,-0.302375074,6.2872135966,-0.081780863,0.2743376213,0.2445991257,,,,,0.0017434149,0.4067634887,18.865302658,1.0196858109,-0.090412549,-0.264572038,0.7753094211,0.4670904913,0.00637302,65503.88831473,1.66140891,0.00152614,1.69084969,0.00625757,0.00649853,0.00460707,0.01171769,-0.25038748,0.16357764,0.43400095,0.01244028,-0.33527831,,,0.01373843,0.01808241,0.01244892,-0.33765186,0.25328885,0.02129696,0.88390905,0.71985539,0.338643,0.5542909199,0.6088859779,446,0.8106180065,0.6135159757,1.0304260353,-0.251069202
20210430,20210430,226660.0,01W,JPN,-0.104448,2021,4,20210331,20210331,37.089381502,3.146415131,37.089381502,,0.0,-1.66533e-16,-0.004264953,-0.1756856,-0.237369251,-0.211483789,-0.260843511,-0.109272746,0.0198512955,0.0186751237,-0.026839895,-0.017321153,0.0057428644,-0.330173839,-0.000292732,1.1645426257,-0.150554687,-0.390912057,-0.21247431,5.1965265377,-0.012199699,0.0014738684,0.0,-0.029764352,-0.206414041,0.1766496884,-0.081678974,-0.00817151,-0.025072316,0.0234387132,-0.252037369,-0.001364022,-0.301880331,-0.014189988,0.8079655759,0.1440008006,-0.018072289,-0.198795181,,0.0233735621,0.0,0.0233735621,-0.14380066,-4.354545455,-0.39583803,-11.98669524,-0.056062902,2.5385770039,2.6299517919,,,0.2553404122,0.0325334772,-0.032305433,,-0.123702072,-0.172711864,-0.02563161,4.629445337,,,,,,,0.0604603699,-0.093653624,0.0007641529,-0.030052074,,,3.0361217203,0.0002150508,0.8681599719,-0.013875273,0.1547290314,,0.1107775443,0.0002001401,0.072814775,7.7567829457,,0.925377164,0.8416184595,0.4485241325,7.0,-2.293861361,2.6994952327,,,-0.15992031,0.1014924566,2.039328903,0.2629091103,0.2170528701,-0.303670213,6.3141431174,-0.082131148,0.2755126697,0.2456467977,,,,,0.0017699678,0.3874249279,18.86329798,1.0509706898,-0.340916793,-0.256741954,0.7812639938,0.4423353117,0.00696214,57662.79871533,1.55516159,0.00139565,1.59211715,0.00652181,0.00658427,0.00384798,0.00805656,1.08636164,-0.05300505,0.50174994,0.00839463,0.96656906,,,0.01135851,0.02326566,0.00840081,0.97892788,0.25231847,0.01461409,0.36317198,0.71678524,0.34209769,0.4853880017,0.7173383937,447,0.8081079722,0.6177153153,1.0330891232,-0.217876831
20210531,20210531,226660.0,01W,JPN,-0.144276,2021,5,20210430,20210430,33.215462811,2.8177777719,33.215462811,,0.0,-3.88578e-16,-0.104448188,-0.019541735,-0.22760146,-0.120396727,-0.277488962,-0.0485491,0.0123497862,-0.038448733,-0.032839845,0.002577626,0.0037623304,-0.330173839,-0.000292732,1.1645426257,-0.150554687,-0.390912057,-0.21247431,5.1965265377,-0.012199699,0.0014738684,0.0,-0.029764352,-0.206414041,0.1766496884,-0.081678974,-0.00817151,-0.025072316,0.0234387132,-0.252037369,-0.001364022,-0.301880331,-0.014189988,0.8079655759,0.1440008006,-0.018072289,-0.198795181,,0.0233735621,0.0,0.0233735621,-0.14380066,-4.354545455,-0.39583803,-11.98669524,-0.056062902,2.5385770039,2.6299517919,,,0.2553404122,0.0325334772,-0.032305433,,-0.123702072,-0.172711864,-0.02563161,4.629445337,,,,,,,0.0604603699,-0.093653624,0.0007641529,-0.030052074,,,3.0361217203,0.0002150508,0.8681599719,-0.013875273,0.1547290314,,0.1107775443,0.0002001401,0.072814775,7.7567829457,,0.925377164,0.8416184595,0.4485241325,7.0,-2.293861361,2.6994952327,,,-0.15992031,0.1014924566,2.2771757878,0.293572194,0.2423677416,-0.339087263,7.0505614892,-0.091710102,0.3076457063,0.2742965782,,,,,0.0028157316,0.3846558687,18.808477767,1.0712124252,-0.291350237,-0.408971629,0.7771835632,0.4452438531,0.00644625,59868.87974706,1.56773346,0.0015028,1.57486993,0.00648636,0.00654564,0.00386203,0.01167841,-1.34219755,0.1716101,0.36222344,0.01226831,-1.41318292,,,0.00722182,0.01050763,0.011681,-1.32934776,0.21937608,0.01448018,0.12800049,0.64956393,0.3512135,0.5108339873,0.4765747049,448,0.8131949904,0.622719067,1.0432873928,-0.226841132
20210630,20210630,226660.0,01W,JPN,0.046363,2021,6,20210531,20210531,28.423252288,2.411238674,28.423252288,,0.0,-3.33067e-16,-0.144276494,-0.108267674,-0.279333993,-0.260009467,-0.327081049,-0.02718424,-0.046213066,-0.042987474,-0.042047938,0.0289018694,2.74086e-05,-0.330173839,-0.000292732,1.1645426257,-0.150554687,-0.390912057,-0.21247431,5.1965265377,-0.012199699,0.0014738684,0.0,-0.029764352,-0.206414041,0.1766496884,-0.081678974,-0.00817151,-0.025072316,0.0234387132,-0.252037369,-0.001364022,-0.301880331,-0.014189988,0.8079655759,0.1440008006,-0.018072289,-0.198795181,,0.0233735621,0.0,0.0233735621,-0.14380066,-4.354545455,-0.39583803,-11.98669524,-0.056062902,2.5385770039,2.6299517919,,,0.2553404122,0.0325334772,-0.032305433,,-0.123702072,-0.172711864,-0.02563161,4.629445337,,,,,,,0.0604603699,-0.093653624,0.0007641529,-0.030052074,,,3.0361217203,0.0002150508,0.8681599719,-0.013875273,0.1547290314,,0.1107775443,0.0002001401,0.072814775,7.7567829457,,0.925377164,0.8416184595,0.4485241325,7.0,-2.293861361,2.6994952327,,,-0.15992031,0.1014924566,2.6611116464,0.3430689843,0.2832313707,-0.396257974,8.2392986054,-0.107172587,0.3595153156,0.3205434657,,,,,0.0104632284,0.3905095706,18.719986192,1.0689841026,-0.191402189,-0.516259104,0.7780989304,0.4485432236,0.00634016,61104.12435315,1.53962849,0.00160482,1.48125207,0.00642115,0.00649347,0.00243358,0.00964865,-0.00785044,0.10613993,0.0214838,0.0099813,-0.01107596,,,0.00330366,0.00517982,0.00997166,0.01368393,0.20829203,0.01460668,0.10742779,0.57435749,0.35055215,0.5087963654,0.2171439189,449,0.8104507837,0.6237144297,1.049103705,-0.235903228
20210730,20210731,226660.0,01W,JPN,-0.133345,2021,7,20210630,20210630,29.741041174,2.5230310717,29.741041174,,0.0,-1.66533e-16,0.0463630577,-0.233655264,-0.370985207,-0.418054541,-0.398301958,-0.024311695,-0.161940468,-0.107378007,-0.028071477,0.0211077749,-0.002267528,-0.215168461,-0.229658344,0.2443279916,-0.50069023,0.8659319431,-0.330688898,6.0048764101,-0.03779362,0.006777816,0.0,-0.088942195,-0.164890041,0.0759478465,-0.009169784,-0.052831678,0.0436618945,0.109254261,-0.102476445,0.0003294458,-0.163996299,-0.058471933,0.7783965808,-0.177049605,-2.801630435,-3.581521739,,0.1315891724,0.0,0.1315891724,0.048827872,0.2860394537,-0.053648573,-0.31427969,-0.08325049,2.6201269266,2.1914962231,,,0.3294909986,-0.172870338,-0.071097372,,0.0938734972,-0.073464812,0.0073367108,1.6934009782,,,,,,,0.2956105748,-0.409899649,-0.01149906,-0.122823959,,,1.9983244757,-0.10063246,0.6109101865,-0.630883776,-0.138954114,,-0.219531149,-0.128221733,-0.330308693,20.980978261,,0.9492853257,0.7973700115,0.5430849249,1.0,-0.176643399,1.7439687765,,,-0.128589959,0.1093078841,2.4342193577,0.1160202984,0.6166731076,-0.185380259,6.06584386,-0.415529221,-0.534386972,-0.580732037,,,,,-0.383147877,0.403485168,20.473729373,1.107474018,-0.308530714,-0.718694465,0.6410953365,0.3537135691,0.00040174,349719.54158119,5.5574986,0.00942715,5.42888466,0.00251762,0.00384059,0.00445158,0.0684016,3.70324611,-0.19686159,3.36168119,0.06446075,2.33517431,,,0.07581482,0.29834252,0.06946947,3.87490166,0.19701651,0.02490887,0.10041488,0.60098645,0.3308057,0.8451452773,2.9880852066,450,-1.591925107,-1.298455679,-1.444233196,-1.252359476
20210831,20210831,226660.0,01W,JPN,-0.064367,2021,8,20210730,20210731,25.775214884,2.1865968865,25.775214884,,0.0,-3.88578e-16,-0.133345241,-0.104602536,-0.213795204,-0.380633059,-0.294668282,0.0716430618,-0.287806069,0.0645140316,-0.046058684,-0.082332438,0.0035508427,-0.215168461,-0.229658344,0.2443279916,-0.50069023,0.8659319431,-0.330688898,6.0048764101,-0.03779362,0.006777816,0.0,-0.088942195,-0.164890041,0.0759478465,-0.009169784,-0.052831678,0.0436618945,0.109254261,-0.102476445,0.0003294458,-0.163996299,-0.058471933,0.7783965808,-0.177049605,-2.801630435,-3.581521739,,0.1315891724,0.0,0.1315891724,0.048827872,0.2860394537,-0.053648573,-0.31427969,-0.08325049,2.6201269266,2.1914962231,,,0.3294909986,-0.172870338,-0.071097372,,0.0938734972,-0.073464812,0.0073367108,1.6934009782,,,,,,,0.2956105748,-0.409899649,-0.01149906,-0.122823959,,,1.9983244757,-0.10063246,0.6109101865,-0.630883776,-0.138954114,,-0.219531149,-0.128221733,-0.330308693,20.980978261,,0.9492853257,0.7973700115,0.5430849249,1.0,-0.176643399,1.7439687765,,,-0.128589959,0.1093078841,2.8087532333,0.1338714143,0.7115556695,-0.213903238,6.9991467698,-0.479463381,-0.616608824,-0.670084634,,,,,-0.458141064,0.4206711204,20.649192997,1.1330087367,-0.094752649,-0.125448115,0.6180311199,0.3650997811,0.00179436,372763.14259084,5.24086355,0.01055799,4.9214384,0.00218369,0.00352569,0.00318605,0.01194678,-1.54458331,-0.20185415,0.94816436,0.01229961,-1.43192288,,,0.00673366,0.00973406,0.01359323,-1.01791543,0.20063973,0.02401857,0.17613843,0.52084777,0.33257465,0.8403885851,0.2750289394,451,-1.559893663,-1.305656358,-1.349113406,-1.250449424
20210930,20210930,226660.0,01W,JPN,-0.009617,2021,9,20210831,20210831,24.116138383,2.0458519295,24.116138383,,0.0,-2.22045e-16,-0.064367126,-0.093164476,-0.308015292,-0.440762837,-0.425766996,-0.157235303,-0.170587724,0.088121374,-0.059921275,0.010687295,-0.001486302,-0.215168461,-0.229658344,0.2443279916,-0.50069023,0.8659319431,-0.330688898,6.0048764101,-0.03779362,0.006777816,0.0,-0.088942195,-0.164890041,0.0759478465,-0.009169784,-0.052831678,0.0436618945,0.109254261,-0.102476445,0.0003294458,-0.163996299,-0.058471933,0.7783965808,-0.177049605,-2.801630435,-3.581521739,,0.1315891724,0.0,0.1315891724,0.048827872,0.2860394537,-0.053648573,-0.31427969,-0.08325049,2.6201269266,2.1914962231,,,0.3294909986,-0.172870338,-0.071097372,,0.0938734972,-0.073464812,0.0073367108,1.6934009782,,,,,,,0.2956105748,-0.409899649,-0.01149906,-0.122823959,,,1.9983244757,-0.10063246,0.6109101865,-0.630883776,-0.138954114,,-0.219531149,-0.128221733,-0.330308693,20.980978261,,0.9492853257,0.7973700115,0.5430849249,1.0,-0.176643399,1.7439687765,,,-0.128589959,0.1093078841,3.0019821994,0.1430811358,0.7605073413,-0.228618771,7.4806550339,-0.512448198,-0.659028601,-0.716183294,,,,,-0.499000164,0.4112763496,20.739717931,1.0978388545,-0.307927306,-0.624050559,0.6204767275,0.3617406248,0.00449061,366228.200355,5.27103513,0.01054356,4.86799288,0.00209227,0.00347832,0.00373235,0.01385744,-1.59541241,-0.1363013,-0.2622433,0.01396735,-1.82167468,,,0.01248213,0.01869991,0.01386388,-1.54610518,0.19575175,0.02417954,0.2151518,0.4873223,0.32653964,0.8221335411,0.5092073641,452,-1.564161738,-1.305149576,-1.353924945,-1.254443666
20211029,20211031,226660.0,01W,JPN,-0.082735,2021,10,20210930,20210930,23.884206344,2.0261763661,23.884206344,,0.0,-1.11022e-16,-0.009617296,-0.189129317,-0.349783215,-0.466302883,-0.506239571,-0.237369251,-0.163977431,-0.016857069,-0.059263114,-0.021776804,0.0016605161,-0.215168461,-0.229658344,0.2443279916,-0.50069023,0.8659319431,-0.330688898,6.0048764101,-0.03779362,0.006777816,0.0,-0.088942195,-0.164890041,0.0759478465,-0.009169784,-0.052831678,0.0436618945,0.109254261,-0.102476445,0.0003294458,-0.163996299,-0.058471933,0.7783965808,-0.177049605,-2.801630435,-3.581521739,,0.1315891724,0.0,0.1315891724,0.048827872,0.2860394537,-0.053648573,-0.31427969,-0.08325049,2.6201269266,2.1914962231,,,0.3294909986,-0.172870338,-0.071097372,,0.0938734972,-0.073464812,0.0073367108,1.6934009782,,,,,,,0.2956105748,-0.409899649,-0.01149906,-0.122823959,,,1.9983244757,-0.10063246,0.6109101865,-0.630883776,-0.138954114,,-0.219531149,-0.128221733,-0.330308693,20.980978261,,0.9492853257,0.7973700115,0.5430849249,1.0,-0.176643399,1.7439687765,,,-0.128589959,0.1093078841,3.0311335073,0.1444705518,0.7678923896,-0.230838817,7.5532973294,-0.517424422,-0.665428221,-0.723137925,,,,,-0.505300059,0.3983410346,20.753374891,1.0737880081,-0.494569335,-0.922795947,0.6218115052,0.3592776936,0.00530467,376205.47888444,5.19193076,0.01095539,4.73822951,0.00196871,0.00345751,0.00535516,0.00562254,-0.19449712,-0.13403448,0.46170245,0.00555828,0.13018675,,,0.00823039,0.011543,0.00664851,0.22841843,0.19782608,0.02394684,0.24054587,0.48263557,0.31807811,0.7935715803,0.3392640933,453,-1.561640835,-1.303993088,-1.354864681,-1.259462622
20211130,20211130,226660.0,01W,JPN,-0.174352,2021,11,20211029,20211031,21.908139886,1.8585401006,21.908139886,,0.0,1.110223e-16,-0.082735278,-0.073365384,-0.280931099,-0.368620706,-0.502603566,-0.22760146,-0.131938302,-0.040161593,-0.063133449,0.0406017861,-0.003185568,-0.215168461,-0.229658344,0.2443279916,-0.50069023,0.8659319431,-0.330688898,6.0048764101,-0.03779362,0.006777816,0.0,-0.088942195,-0.164890041,0.0759478465,-0.009169784,-0.052831678,0.0436618945,0.109254261,-0.102476445,0.0003294458,-0.163996299,-0.058471933,0.7783965808,-0.177049605,-2.801630435,-3.581521739,,0.1315891724,0.0,0.1315891724,0.048827872,0.2860394537,-0.053648573,-0.31427969,-0.08325049,2.6201269266,2.1914962231,,,0.3294909986,-0.172870338,-0.071097372,,0.0938734972,-0.073464812,0.0073367108,1.6934009782,,,,,,,0.2956105748,-0.409899649,-0.01149906,-0.122823959,,,1.9983244757,-0.10063246,0.6109101865,-0.630883776,-0.138954114,,-0.219531149,-0.128221733,-0.330308693,20.980978261,,0.9492853257,0.7973700115,0.5430849249,1.0,-0.176643399,1.7439687765,,,-0.128589959,0.1093078841,3.3045351418,0.1575014807,0.8371546092,-0.251659975,8.2345882823,-0.564094977,-0.725448396,-0.78836339,,,,,-0.566204143,0.4009660327,20.881459544,1.0898130542,-0.536997513,-0.540812005,0.6258776157,0.3579493197,0.00542929,375408.0390514,5.2027557,0.0110487,4.69622264,0.00190702,0.00340184,0.00487783,0.01059184,-0.30971992,-0.56692344,0.03970052,0.01005008,0.44644101,,,0.00751512,0.01713724,0.01124606,-0.99291244,0.17817564,0.02363377,0.32399623,0.44935949,0.32057606,0.7954238516,0.3136332612,454,-1.571090751,-1.299102739,-1.352064695,-1.286440751
20211230,20211231,226660.0,01W,JPN,-0.139689,2021,12,20211130,20211130,18.08841605,1.5345002707,18.08841605,,0.0,3.330669e-16,-0.17435181,-0.091556885,-0.229217696,-0.411834282,-0.524665612,-0.279333993,-0.117793418,-0.019592466,-0.07720248,-0.037924825,0.0043029779,-0.215168461,-0.229658344,0.2443279916,-0.50069023,0.8659319431,-0.330688898,6.0048764101,-0.03779362,0.006777816,0.0,-0.088942195,-0.164890041,0.0759478465,-0.009169784,-0.052831678,0.0436618945,0.109254261,-0.102476445,0.0003294458,-0.163996299,-0.058471933,0.7783965808,-0.177049605,-2.801630435,-3.581521739,,0.1315891724,0.0,0.1315891724,0.048827872,0.2860394537,-0.053648573,-0.31427969,-0.08325049,2.6201269266,2.1914962231,,,0.3294909986,-0.172870338,-0.071097372,,0.0938734972,-0.073464812,0.0073367108,1.6934009782,,,,,,,0.2956105748,-0.409899649,-0.01149906,-0.122823959,,,1.9983244757,-0.10063246,0.6109101865,-0.630883776,-0.138954114,,-0.219531149,-0.128221733,-0.330308693,20.980978261,,0.9492853257,0.7973700115,0.5430849249,1.0,-0.176643399,1.7439687765,,,-0.128589959,0.1093078841,4.0023525522,0.1907610075,1.0139362249,-0.304802914,9.9734831115,-0.683214695,-0.878641054,-0.954841782,,,,,-0.738191501,0.4072521557,21.208376758,1.1488148441,-0.512714733,-0.34104273,0.6285566549,0.3598078138,0.00451781,372474.27659207,5.2011058,0.01114224,4.61649815,0.00186842,0.00332813,0.00530128,0.00864934,-1.13743319,-0.33705945,0.87437594,0.00913686,-1.12065323,,,0.00261693,0.01102724,0.00978737,0.26559729,0.17212564,0.02359724,0.33690368,0.39532462,0.32241763,0.8034934882,0.1093804411,455,-1.567251424,-1.297939267,-1.35515127,-1.285062483
20220131,20220131,226660.0,01W,JPN,-0.092685,2022,1,20211230,20211231,15.561657228,1.3201469473,15.561657228,,0.0,0.0,-0.139689336,-0.242662042,-0.391802864,-0.51230203,-0.599698122,-0.370985207,-0.109216386,-0.162841736,-0.075097716,0.1106448387,-0.00898881,-0.405902732,-0.229658344,0.2443279916,-0.306645947,0.8659319431,-0.330688898,6.0048764101,-0.035527933,-0.012540134,0.0,-0.155930051,-0.389629066,0.2336990149,-0.241779336,-0.187813119,-0.053966217,0.1759677799,-0.188507914,0.0003294458,-0.163996299,-0.058471933,0.7783965808,-0.177049605,-2.801630435,-3.581521739,,0.1315891724,0.0,0.0950288888,0.1797327984,0.2860394537,-0.008775116,-0.31427969,0.0230810756,2.6201269266,2.1914962231,,,0.1568191016,-0.172870338,-0.071097372,,0.1067787645,-0.073464812,0.0073367108,1.6934009782,,,,,,,0.2956105748,-0.409899649,-0.01149906,-0.122823959,,,1.9983244757,-0.10063246,0.6109101865,-0.630883776,-0.138954114,,-0.219531149,-0.128221733,-0.330308693,20.980978261,,0.9492853257,0.7973700115,0.3638575286,1.0,-0.176643399,1.7439687765,,,-0.128589959,0.1093078841,2.8876102582,0.221735026,1.0254463786,0.5726139322,11.5928856,-0.794148816,-1.02130671,-1.109880212,,,,0.2452209957,-0.923818939,0.2477757246,21.512829069,1.1372089734,-0.48743248,-0.842177008,0.6129043263,0.3578863734,0.00248297,105638.77297903,2.85998831,0.00472884,2.38407509,0.00362833,0.00310611,0.00757133,0.03006046,1.23863398,-0.14247967,1.93095336,0.02537524,0.26809524,,,0.03045415,0.08630474,0.03175064,0.74531873,0.18426723,0.02511561,0.43016446,0.34093389,0.32286416,0.8412022796,1.1948163146,456,-1.594291116,-1.342074847,-1.362590675,-1.395746027
20220228,20220228,226660.0,01W,JPN,0.07916,2022,2,20220131,20220131,14.119332578,1.197789768,14.119332578,,0.0,0.0,-0.092684515,-0.289686057,-0.396254995,-0.53149359,-0.588627396,-0.213795204,-0.302692573,-0.015342217,-0.082128834,-0.077054979,0.0027957314,-0.405902732,-0.229658344,0.2443279916,-0.306645947,0.8659319431,-0.330688898,6.0048764101,-0.035527933,-0.012540134,0.0,-0.155930051,-0.389629066,0.2336990149,-0.241779336,-0.187813119,-0.053966217,0.1759677799,-0.188507914,0.0003294458,-0.163996299,-0.058471933,0.7783965808,-0.177049605,-2.801630435,-3.581521739,,0.1315891724,0.0,0.0950288888,0.1797327984,0.2860394537,-0.008775116,-0.31427969,0.0230810756,2.6201269266,2.1914962231,,,0.1568191016,-0.172870338,-0.071097372,,0.1067787645,-0.073464812,0.0073367108,1.6934009782,,,,,,,0.2956105748,-0.409899649,-0.01149906,-0.122823959,,,1.9983244757,-0.10063246,0.6109101865,-0.630883776,-0.138954114,,-0.219531149,-0.128221733,-0.330308693,20.980978261,,0.9492853257,0.7973700115,0.3638575286,1.0,-0.176643399,1.7439687765,,,-0.128589959,0.1093078841,3.1825867687,0.2443858059,1.1301982556,0.6311078578,12.777127459,-0.875273076,-1.125635709,-1.223257213,,,,0.2605786126,-1.078647845,0.2653548033,21.735469935,1.1228315988,-0.473442139,-0.775566686,0.6112248391,0.3579578227,0.00440527,66038.90287035,0.79919127,0.00356576,0.89086416,0.00431129,0.00307133,0.01042025,0.02549274,0.35631193,-0.3828945,0.9622057,0.02280535,-0.46042513,,,0.03546615,0.0611445,0.03395205,-0.0951634,0.25568636,0.02543699,0.89811695,0.3654699,0.32762046,0.8309699814,1.3518837081,457,-1.597159636,-1.352145269,-1.372241275,-1.411950291
20220331,20220331,226660.0,01W,JPN,-0.069872,2022,3,20220228,20220228,15.237022619,1.2926071176,15.237022619,,0.0,0.0,0.0791602602,-0.219426812,-0.414527635,-0.503247115,-0.62093964,-0.308015292,-0.32661034,-0.004264953,-0.074544724,0.0677393642,-0.011162244,-0.405902732,-0.229658344,0.2443279916,-0.306645947,0.8659319431,-0.330688898,6.0048764101,-0.035527933,-0.012540134,0.0,-0.155930051,-0.389629066,0.2336990149,-0.241779336,-0.187813119,-0.053966217,0.1759677799,-0.188507914,0.0003294458,-0.163996299,-0.058471933,0.7783965808,-0.177049605,-2.801630435,-3.581521739,,0.1315891724,0.0,0.0950288888,0.1797327984,0.2860394537,-0.008775116,-0.31427969,0.0230810756,2.6201269266,2.1914962231,,,0.1568191016,-0.172870338,-0.071097372,,0.1067787645,-0.073464812,0.0073367108,1.6934009782,,,,,,,0.2956105748,-0.409899649,-0.01149906,-0.122823959,,,1.9983244757,-0.10063246,0.6109101865,-0.630883776,-0.138954114,,-0.219531149,-0.128221733,-0.330308693,20.980978261,,0.9492853257,0.7973700115,0.3638575286,1.0,-0.176643399,1.7439687765,,,-0.128589959,0.1093078841,2.9491326601,0.226459234,1.0472941761,0.5848138419,11.839879516,-0.81106867,-1.043066309,-1.133526927,,,,0.2485176553,-0.95466173,0.2668480493,21.559264634,1.1048578823,-0.610458889,-0.417036381,0.6103326586,0.3589819296,0.00261463,70548.93659257,1.56155248,0.00422081,1.88503161,0.00396965,0.00288754,0.00587406,0.01565814,-0.59467491,0.09822551,0.15736011,0.01625827,-0.59096197,,,0.02420399,0.03365176,0.0182847,-0.38629888,0.31552393,0.02564685,1.09565733,0.39689679,0.32841074,0.855785375,0.9116924443,458,-1.599552384,-1.353172735,-1.377026772,-1.420341663
20220428,20220430,226660.0,01W,JPN,-0.115965,2022,4,20220331,20220331,14.172381694,1.2022901002,14.172381694,,0.0,-2.22045e-16,-0.069871979,-0.020861185,-0.362046099,-0.487676893,-0.589181,-0.349783215,-0.338288132,-0.104448188,-0.071401432,-0.019208248,-0.003657292,-0.405902732,-0.229658344,0.2443279916,-0.306645947,0.8659319431,-0.330688898,6.0048764101,-0.035527933,-0.012540134,0.0,-0.155930051,-0.389629066,0.2336990149,-0.241779336,-0.187813119,-0.053966217,0.1759677799,-0.188507914,0.0003294458,-0.163996299,-0.058471933,0.7783965808,-0.177049605,-2.801630435,-3.581521739,,0.1315891724,0.0,0.0950288888,0.1797327984,0.2860394537,-0.008775116,-0.31427969,0.0230810756,2.6201269266,2.1914962231,,,0.1568191016,-0.172870338,-0.071097372,,0.1067787645,-0.073464812,0.0073367108,1.6934009782,,,,,,,0.2956105748,-0.409899649,-0.01149906,-0.122823959,,,1.9983244757,-0.10063246,0.6109101865,-0.630883776,-0.138954114,,-0.219531149,-0.128221733,-0.330308693,20.980978261,,0.9492853257,0.7973700115,0.3638575286,1.0,-0.176643399,1.7439687765,,,-0.128589959,0.1093078841,3.1706739218,0.2434710372,1.1259677727,0.6287455369,12.729300966,-0.871996813,-1.121422304,-1.218678398,,,,0.2599797588,-1.072039524,0.2672597194,21.726478417,1.1129577368,-0.4265214,-0.264739608,0.6058878474,0.3607985453,0.00501851,67236.895762,1.62354013,0.00425335,1.85441839,0.00392809,0.00278353,0.00648746,0.02070791,1.35763072,0.28379198,1.09033504,0.01929272,1.71706441,,,0.03517023,0.05802507,0.02722857,0.62029795,0.42286306,0.02628234,1.09550477,0.37020697,0.33751089,0.8529223781,1.2720858481,459,-1.60903841,-1.355696993,-1.373189774,-1.459590794
20220531,20220531,226660.0,01W,JPN,0.031485,2022,5,20220428,20220430,12.528882674,1.0628666325,12.528882674,,0.0,-3.33067e-16,-0.115964914,0.0037571971,-0.353099726,-0.450154664,-0.573319758,-0.280931099,-0.401734201,-0.144276494,-0.068827652,-0.01218227,-0.0064545,-0.405902732,-0.229658344,0.2443279916,-0.306645947,0.8659319431,-0.330688898,6.0048764101,-0.035527933,-0.012540134,0.0,-0.155930051,-0.389629066,0.2336990149,-0.241779336,-0.187813119,-0.053966217,0.1759677799,-0.188507914,0.0003294458,-0.163996299,-0.058471933,0.7783965808,-0.177049605,-2.801630435,-3.581521739,,0.1315891724,0.0,0.0950288888,0.1797327984,0.2860394537,-0.008775116,-0.31427969,0.0230810756,2.6201269266,2.1914962231,,,0.1568191016,-0.172870338,-0.071097372,,0.1067787645,-0.073464812,0.0073367108,1.6934009782,,,,,,,0.2956105748,-0.409899649,-0.01149906,-0.122823959,,,1.9983244757,-0.10063246,0.6109101865,-0.630883776,-0.138954114,,-0.219531149,-0.128221733,-0.330308693,20.980978261,,0.9492853257,0.7973700115,0.3638575286,1.0,-0.176643399,1.7439687765,,,-0.128589959,0.1093078841,3.5865928525,0.2754087943,1.2736686475,0.7112223787,14.399090222,-0.986382584,-1.268526919,-1.378540758,,,,0.2799089738,-1.323183525,0.2777069836,22.040403585,1.0996097032,-0.303502699,-0.125571906,0.5995264231,0.3571357153,0.00477687,66760.50640131,1.66697509,0.00441042,1.81877704,0.00390899,0.0027566,0.00521297,0.02171273,-0.19716858,-0.14501,-0.0765382,0.02085532,-0.3906205,,,0.02680532,0.04274528,0.02534195,0.05379448,0.60579946,0.02678466,1.25330564,0.32727595,0.33672725,0.8634500494,0.9436521099,460,-1.615347081,-1.345292189,-1.375373124,-1.480195905
20220630,20220630,226660.0,01W,JPN,-0.046887,2022,6,20220531,20220531,12.923357784,1.0963312632,12.923357784,,0.0,1.110223e-16,0.0314852586,-0.177734195,-0.307353245,-0.480477244,-0.559203059,-0.229217696,-0.52557698,0.0463630577,-0.07018018,-0.004136527,-0.012262681,-0.405902732,-0.229658344,0.2443279916,-0.306645947,0.8659319431,-0.330688898,6.0048764101,-0.035527933,-0.012540134,0.0,-0.155930051,-0.389629066,0.2336990149,-0.241779336,-0.187813119,-0.053966217,0.1759677799,-0.188507914,0.0003294458,-0.163996299,-0.058471933,0.7783965808,-0.177049605,-2.801630435,-3.581521739,,0.1315891724,0.0,0.0950288888,0.1797327984,0.2860394537,-0.008775116,-0.31427969,0.0230810756,2.6201269266,2.1914962231,,,0.1568191016,-0.172870338,-0.071097372,,0.1067787645,-0.073464812,0.0073367108,1.6934009782,,,,,,,0.2956105748,-0.409899649,-0.01149906,-0.122823959,,,1.9983244757,-0.10063246,0.6109101865,-0.630883776,-0.138954114,,-0.219531149,-0.128221733,-0.330308693,20.980978261,,0.9492853257,0.7973700115,0.3638575286,1.0,-0.176643399,1.7439687765,,,-0.128589959,0.1093078841,3.4771149881,0.2670021622,1.2347909357,0.6895128872,13.959569565,-0.956274048,-1.229806154,-1.336461909,,,,0.274851897,-1.252742759,0.2918182813,21.957772441,1.0834128732,-0.290524785,-0.057095088,0.6092433561,0.3633962893,0.00502091,62218.3128325,1.82134805,0.00432636,1.88867316,0.0039395,0.0027405,0.00793326,0.01791344,0.61405601,0.3592229,1.40824869,0.01893599,0.58993064,,,0.02700303,0.04566264,0.01905658,0.58467894,0.74292503,0.02691775,1.30109913,0.33758032,0.33828883,0.8944987121,0.9410425403,461,-1.620045477,-1.345292189,-1.378711269,-1.490481992
20220729,20220731,226660.0,01W,JPN,0.125962,2022,7,20220630,20220630,12.317421093,1.0449276459,12.317421093,,0.0,2.220446e-16,-0.046886939,-0.08813084,-0.169538463,-0.458916173,-0.565470566,-0.391802864,-0.514640274,-0.133345241,-0.062320334,-0.018330361,-0.010436471,-0.499231773,-0.344614436,-0.924473065,0.1223276526,0.8695821417,-0.495276991,-0.79657568,0.0092067704,-0.095189066,0.0,-0.111955908,-0.541221079,0.4292651709,-0.323727718,-0.199370245,-0.124357472,-0.079475036,-0.01571403,-0.00574088,,-0.080636877,1.1835367313,-0.695860254,,,-1.998181818,0.0222541278,0.0,0.0222541278,0.4580043073,3.694980695,0.4422902768,3.5682066928,0.046613745,3.4991624791,2.1764302585,24.78,,0.1919119407,0.0275391753,-0.442270059,,0.1526880877,-0.418537164,-0.051598796,-0.906019721,,,,,,,-0.177164143,-0.061112554,0.0852974682,-0.163652158,,,-0.818519865,-0.119110701,0.5926775905,-2.602138918,-0.348464705,,-0.581957406,-0.237855946,-0.362426257,,,0.9539401771,0.4167049097,0.3139837154,3.0,-1.469937449,1.2400366911,,,-0.229934184,0.0896129552,2.9432886583,,1.2550706841,0.6902184458,9.5989665287,-0.36482975,-1.712868633,-1.721320287,,,,0.229181912,-0.414194219,0.2303373681,,1.0397276175,-0.224874124,0.7983288585,0.6279703802,0.417088583,0.0022759,62957.84375765,3.0211746,0.00452515,2.94024873,0.00383986,0.00389301,0.01209545,0.03191153,3.07585633,0.25747279,-0.10530031,0.03159097,2.43926674,,,0.03928087,0.13011509,0.03378477,2.94419174,0.78996541,0.02010391,1.12877937,0.4154711,0.33405172,0.6673552708,1.7557902987,462,-1.13457549,-0.966510608,-0.178136721,-1.204383282
20220831,20220831,226660.0,01W,JPN,-0.049613,2022,8,20220729,20220731,13.868949661,1.1765489555,13.868949661,,0.0,2.220446e-16,0.1259621276,-0.016877928,-0.12762016,-0.437769653,-0.522121497,-0.396254995,-0.611614691,-0.064367126,-0.045017675,-0.044721295,-0.012955287,-0.499231773,-0.344614436,-0.924473065,0.1223276526,0.8695821417,-0.495276991,-0.79657568,0.0092067704,-0.095189066,0.0,-0.111955908,-0.541221079,0.4292651709,-0.323727718,-0.199370245,-0.124357472,-0.079475036,-0.01571403,-0.00574088,,-0.080636877,1.1835367313,-0.695860254,,,-1.998181818,0.0222541278,0.0,0.0222541278,0.4580043073,3.694980695,0.4422902768,3.5682066928,0.046613745,3.4991624791,2.1764302585,24.78,,0.1919119407,0.0275391753,-0.442270059,,0.1526880877,-0.418537164,-0.051598796,-0.906019721,,,,,,,-0.177164143,-0.061112554,0.0852974682,-0.163652158,,,-0.818519865,-0.119110701,0.5926775905,-2.602138918,-0.348464705,,-0.581957406,-0.237855946,-0.362426257,,,0.9539401771,0.4167049097,0.3139837154,3.0,-1.469937449,1.2400366911,,,-0.229934184,0.0896129552,2.6140210101,,1.1146650969,0.613003252,8.5251237968,-0.324016005,-1.521248886,-1.528755049,,,,0.2132868839,-0.385467568,0.2399812618,,1.0743654846,-0.090308212,0.6392319912,0.6275495409,0.4145429144,0.00125318,85909.7734131,3.10781954,0.00624261,3.05233089,0.00306697,0.00376447,0.00674867,0.03579832,0.95613519,0.06191519,0.84266891,0.03711886,1.01386237,,,0.05439626,0.0876848,0.03580387,0.99934837,0.76892555,0.02239443,1.06393824,0.53768766,0.33261625,0.7179528125,2.2357409782,463,-1.241624121,-0.963416479,-0.181946828,-1.30462575
20220930,20220930,226660.0,01W,JPN,-0.128471,2022,9,20220831,20220831,13.180864478,1.1181764093,13.180864478,,0.0,2.220446e-16,-0.049613359,0.0731692098,-0.089786108,-0.233268982,-0.424910015,-0.414527635,-0.6137206,-0.009617296,-0.04865368,0.0128381942,-0.018303897,-0.499231773,-0.344614436,-0.924473065,0.1223276526,0.8695821417,-0.495276991,-0.79657568,0.0092067704,-0.095189066,0.0,-0.111955908,-0.541221079,0.4292651709,-0.323727718,-0.199370245,-0.124357472,-0.079475036,-0.01571403,-0.00574088,,-0.080636877,1.1835367313,-0.695860254,,,-1.998181818,0.0222541278,0.0,0.0222541278,0.4580043073,3.694980695,0.4422902768,3.5682066928,0.046613745,3.4991624791,2.1764302585,24.78,,0.1919119407,0.0275391753,-0.442270059,,0.1526880877,-0.418537164,-0.051598796,-0.906019721,,,,,,,-0.177164143,-0.061112554,0.0852974682,-0.163652158,,,-0.818519865,-0.119110701,0.5926775905,-2.602138918,-0.348464705,,-0.581957406,-0.237855946,-0.362426257,,,0.9539401771,0.4167049097,0.3139837154,3.0,-1.469937449,1.2400366911,,,-0.229934184,0.0896129552,2.7504816443,,1.1728543408,0.6450040707,8.9701637546,-0.340930723,-1.600663163,-1.608561172,,,,0.2200554314,-0.39770018,0.2442595726,,1.0747034681,0.1598512751,0.6743991073,0.6267107211,0.4315878731,0.0036217,78440.59856373,3.12504552,0.00571071,3.05056912,0.00320483,0.00371532,0.00758564,0.0205449,0.23009494,-0.3680454,-0.58151716,0.0183502,-0.08488099,,,0.02328111,0.05468277,0.020689,0.37685352,0.73043361,0.02280931,1.03175107,0.53783572,0.33408762,0.7185348266,0.9421928707,464,-1.245199296,-0.967299172,-0.182977759,-1.312950404
20221031,20221031,226660.0,01W,JPN,0.008097,2022,10,20220930,20220930,11.487510693,0.9745235967,11.487510693,,0.0,0.0,-0.128470616,0.070099364,-0.069961227,-0.152990952,-0.448134709,-0.362046099,-0.62175346,-0.082735278,-0.052811438,-0.012705144,-0.016459795,-0.499231773,-0.344614436,-0.924473065,0.1223276526,0.8695821417,-0.495276991,-0.79657568,0.0092067704,-0.095189066,0.0,-0.111955908,-0.541221079,0.4292651709,-0.323727718,-0.199370245,-0.124357472,-0.079475036,-0.01571403,-0.00574088,,-0.080636877,1.1835367313,-0.695860254,,,-1.998181818,0.0222541278,0.0,0.0222541278,0.4580043073,3.694980695,0.4422902768,3.5682066928,0.046613745,3.4991624791,2.1764302585,24.78,,0.1919119407,0.0275391753,-0.442270059,,0.1526880877,-0.418537164,-0.051598796,-0.906019721,,,,,,,-0.177164143,-0.061112554,0.0852974682,-0.163652158,,,-0.818519865,-0.119110701,0.5926775905,-2.602138918,-0.348464705,,-0.581957406,-0.237855946,-0.362426257,,,0.9539401771,0.4167049097,0.3139837154,3.0,-1.469937449,1.2400366911,,,-0.229934184,0.0896129552,3.1559253151,,1.3457427402,0.7400829885,10.292439847,-0.391186722,-1.83661411,-1.845676351,,,,0.2386970624,-0.431390691,0.2448698463,,1.0768687742,0.1679679381,0.6828926507,0.6203502069,0.4286847462,0.00499587,77884.76275522,3.17460086,0.00571749,3.07232222,0.00314504,0.00369246,0.00713059,0.01579497,-0.06395943,-0.3654757,0.87675733,0.01662925,-0.05226145,,,0.01844079,0.02951451,0.02086351,-0.1514626,0.76414797,0.02314942,1.05447241,0.49600654,0.34161747,0.7215129703,0.7276811801,465,-1.263021805,-0.970051332,-0.188918595,-1.347946207
20221130,20221130,226660.0,01W,JPN,0.095643,2022,11,20221031,20221031,11.580521329,0.9824139972,11.580521329,,0.0,2.220446e-16,0.0080966746,-0.171710117,-0.083117706,-0.186398463,-0.475651025,-0.353099726,-0.667367065,-0.17435181,-0.036225212,0.0444491851,-0.02451436,-0.499231773,-0.344614436,-0.924473065,0.1223276526,0.8695821417,-0.495276991,-0.79657568,0.0092067704,-0.095189066,0.0,-0.111955908,-0.541221079,0.4292651709,-0.323727718,-0.199370245,-0.124357472,-0.079475036,-0.01571403,-0.00574088,,-0.080636877,1.1835367313,-0.695860254,,,-1.998181818,0.0222541278,0.0,0.0222541278,0.4580043073,3.694980695,0.4422902768,3.5682066928,0.046613745,3.4991624791,2.1764302585,24.78,,0.1919119407,0.0275391753,-0.442270059,,0.1526880877,-0.418537164,-0.051598796,-0.906019721,,,,,,,-0.177164143,-0.061112554,0.0852974682,-0.163652158,,,-0.818519865,-0.119110701,0.5926775905,-2.602138918,-0.348464705,,-0.581957406,-0.237855946,-0.362426257,,,0.9539401771,0.4167049097,0.3139837154,3.0,-1.469937449,1.2400366911,,,-0.229934184,0.0896129552,3.1305780434,,1.3349342123,0.7341389046,10.209774624,-0.38804485,-1.821863078,-1.830852534,,,,0.2375915396,-0.42939271,0.2501957559,,1.0696914333,0.0938157239,0.3612917607,0.6255284329,0.4301321862,0.00463186,76582.00057073,3.22823765,0.00567797,3.09475515,0.00310886,0.00364571,0.00885011,0.02500568,0.19980171,0.4893372,-0.09495642,0.02472937,0.25893895,,,0.02620701,0.07111913,0.02500585,0.18548925,0.70809858,0.02419796,0.89726483,0.54167648,0.33426999,0.7079555889,1.0021145702,466,-1.277219944,-0.982672682,-0.201352771,-1.357284994
20221230,20221231,226660.0,01W,JPN,-0.013694,2022,12,20221130,20221130,12.68811498,1.0763748367,12.68811498,,0.0,-1.66533e-16,0.0956428143,-0.121414127,-0.103907706,-0.239974789,-0.359782454,-0.307353245,-0.760824304,-0.139689336,-0.014831381,-0.035564828,-0.024572625,-0.499231773,-0.344614436,-0.924473065,0.1223276526,0.8695821417,-0.495276991,-0.79657568,0.0092067704,-0.095189066,0.0,-0.111955908,-0.541221079,0.4292651709,-0.323727718,-0.199370245,-0.124357472,-0.079475036,-0.01571403,-0.00574088,,-0.080636877,1.1835367313,-0.695860254,,,-1.998181818,0.0222541278,0.0,0.0222541278,0.4580043073,3.694980695,0.4422902768,3.5682066928,0.046613745,3.4991624791,2.1764302585,24.78,,0.1919119407,0.0275391753,-0.442270059,,0.1526880877,-0.418537164,-0.051598796,-0.906019721,,,,,,,-0.177164143,-0.061112554,0.0852974682,-0.163652158,,,-0.818519865,-0.119110701,0.5926775905,-2.602138918,-0.348464705,,-0.581957406,-0.237855946,-0.362426257,,,0.9539401771,0.4167049097,0.3139837154,3.0,-1.469937449,1.2400366911,,,-0.229934184,0.0896129552,2.8572980195,,1.2184027448,0.6700531369,9.3185246967,-0.354170944,-1.662825744,-1.671030476,,,,0.2251726137,-0.406948324,0.2611762684,,1.0465219189,0.2908084469,0.3950305722,0.6143015727,0.4647059177,0.00616325,73713.13321736,3.33916878,0.00546114,3.20255029,0.0031815,0.00368046,0.00852565,0.01119634,-1.07133132,0.54114597,1.35580899,0.00843416,-0.29911751,,,0.02804111,0.04833149,0.01749072,0.82243443,0.72678718,0.02417756,0.94052189,0.70273302,0.34052492,0.6977972289,1.0608660868,467,-1.279913831,-0.982533961,-0.20121436,-1.36147358
20230131,20230131,226660.0,01W,JPN,0.027899,2023,1,20221230,20221231,12.514360584,1.0616346755,12.514360584,,0.0,1.387779e-16,-0.013694264,0.1045138776,0.0300950892,-0.104729519,-0.184655285,-0.169538463,-0.79347801,-0.092684515,-0.007650449,0.0525749751,-0.035676831,-0.354146171,-0.344614436,-0.924473065,-0.396463717,0.8695821417,-0.495276991,-0.79657568,-0.049312495,-0.116299659,0.0,-0.142639807,-0.198357856,0.0557180486,-0.232520423,-0.146725468,-0.085794955,-0.197122974,0.0808233156,-0.00574088,,-0.080636877,1.1835367313,-0.695860254,,,-1.998181818,0.0222541278,0.0,-0.197122974,-0.030076907,3.694980695,0.0507464089,3.5682066928,0.0194253824,3.4991624791,2.1764302585,24.78,,0.1859308973,0.0275391753,-0.442270059,,-0.019425285,-0.418537164,-0.051598796,-0.906019721,,,,,,,-0.177164143,-0.061112554,0.0852974682,-0.163652158,,,-0.818519865,-0.119110701,0.5926775905,-2.602138918,-0.348464705,,-0.581957406,-0.237855946,-0.362426257,,,0.9539401771,0.4167049097,0.4023141179,3.0,-1.469937449,1.2400366911,,,-0.229934184,0.0896129552,2.3191027747,,0.8179982196,0.3868053596,9.4479068271,-0.359088395,-1.685913083,-1.694231733,,,,0.101009152,-0.410312847,0.2689854086,,1.0457601139,0.7601344972,0.5126522694,0.7217365214,0.5482582703,0.00582679,54926.68848532,3.51219761,0.00416381,3.37237364,0.00371029,0.00391331,0.00532518,0.0109485,0.07371632,-0.01792934,1.04341075,0.01078795,-0.83117124,,,0.022011,0.02917385,0.01554845,0.4325129,0.83692697,0.02264274,0.91764748,0.8044008,0.34404573,0.6589413588,0.8771076098,468,-0.949305686,-0.254250724,-0.199634278,-1.267692177
20230228,20230228,226660.0,01W,JPN,-0.057494,2023,2,20230131,20230131,12.863501656,1.0912534695,12.863501656,,0.0,3.608225e-16,0.0278992338,0.0806387923,-0.097670632,-0.001159089,-0.113671945,-0.12762016,-0.852062968,0.0791602602,-0.012310542,-0.085798362,-0.03126354,-0.354146171,-0.344614436,-0.924473065,-0.396463717,0.8695821417,-0.495276991,-0.79657568,-0.049312495,-0.116299659,0.0,-0.142639807,-0.198357856,0.0557180486,-0.232520423,-0.146725468,-0.085794955,-0.197122974,0.0808233156,-0.00574088,,-0.080636877,1.1835367313,-0.695860254,,,-1.998181818,0.0222541278,0.0,-0.197122974,-0.030076907,3.694980695,0.0507464089,3.5682066928,0.0194253824,3.4991624791,2.1764302585,24.78,,0.1859308973,0.0275391753,-0.442270059,,-0.019425285,-0.418537164,-0.051598796,-0.906019721,,,,,,,-0.177164143,-0.061112554,0.0852974682,-0.163652158,,,-0.818519865,-0.119110701,0.5926775905,-2.602138918,-0.348464705,,-0.581957406,-0.237855946,-0.362426257,,,0.9539401771,0.4167049097,0.4023141179,3.0,-1.469937449,1.2400366911,,,-0.229934184,0.0896129552,2.2561577034,,0.7957961176,0.3763066913,9.191471806,-0.34934202,-1.640154042,-1.648246907,,,,0.0990171616,-0.403607692,0.2736560202,,0.9464914338,0.6716246307,0.2530607615,0.694223948,0.5536324103,0.00562526,27611.94843206,1.31217716,0.00216559,1.27694936,0.00518016,0.0039391,0.00426172,0.01165662,0.35923172,-0.09703333,-0.38546823,0.00996984,2.03326319,,,0.01828145,0.03717545,0.01415499,0.55809371,0.92781573,0.02157459,0.73670657,0.84152478,0.34509081,0.6334678125,0.7738349505,469,-1.063680883,-0.529544202,-0.198696541,-1.229197358
20230331,20230331,226660.0,01W,JPN,0.038558,2023,3,20230228,20230228,12.123927484,1.0285129419,12.123927484,,0.0,1.387779e-16,-0.057494001,0.0138229103,-0.024077542,-0.004631624,-0.155773278,-0.089786108,-0.83808501,-0.069871979,-0.011185271,0.0633462187,-0.042704802,-0.354146171,-0.344614436,-0.924473065,-0.396463717,0.8695821417,-0.495276991,-0.79657568,-0.049312495,-0.116299659,0.0,-0.142639807,-0.198357856,0.0557180486,-0.232520423,-0.146725468,-0.085794955,-0.197122974,0.0808233156,-0.00574088,,-0.080636877,1.1835367313,-0.695860254,,,-1.998181818,0.0222541278,0.0,-0.197122974,-0.030076907,3.694980695,0.0507464089,3.5682066928,0.0194253824,3.4991624791,2.1764302585,24.78,,0.1859308973,0.0275391753,-0.442270059,,-0.019425285,-0.418537164,-0.051598796,-0.906019721,,,,,,,-0.177164143,-0.061112554,0.0852974682,-0.163652158,,,-0.818519865,-0.119110701,0.5926775905,-2.602138918,-0.348464705,,-0.581957406,-0.237855946,-0.362426257,,,0.9539401771,0.4167049097,0.4023141179,3.0,-1.469937449,1.2400366911,,,-0.229934184,0.0896129552,2.3937860394,,0.8443406388,0.3992618525,9.7521626511,-0.370652304,-1.740205413,-1.748791952,,,,0.1033338419,-0.418079865,0.2700227001,,0.9481411725,0.6249480603,0.4247051294,0.6890284308,0.4895387082,0.00668677,20071.4715419,1.34797602,0.00164138,1.34620448,0.00573984,0.00418711,0.00467287,0.01042446,-1.45053561,0.10074311,1.82167892,0.01100927,-1.41742166,,,0.01116183,0.01760367,0.01353076,-1.09875435,1.12917021,0.02129041,0.68286805,0.79314215,0.34961599,0.6429936545,0.4781747979,470,-1.062070075,-0.526732561,-0.198579076,-1.242603221
20230428,20230430,226660.0,01W,JPN,0.650667,2023,4,20230331,20230331,12.59140209,1.0681703618,12.59140209,,0.0,4.996004e-16,0.0385580173,-0.031198805,0.0554007572,-0.015708938,-0.144538459,-0.069961227,-0.857653319,-0.115964914,0.0028622679,-0.042951559,-0.03594737,-0.354146171,-0.344614436,-0.924473065,-0.396463717,0.8695821417,-0.495276991,-0.79657568,-0.049312495,-0.116299659,0.0,-0.142639807,-0.198357856,0.0557180486,-0.232520423,-0.146725468,-0.085794955,-0.197122974,0.0808233156,-0.00574088,,-0.080636877,1.1835367313,-0.695860254,,,-1.998181818,0.0222541278,0.0,-0.197122974,-0.030076907,3.694980695,0.0507464089,3.5682066928,0.0194253824,3.4991624791,2.1764302585,24.78,,0.1859308973,0.0275391753,-0.442270059,,-0.019425285,-0.418537164,-0.051598796,-0.906019721,,,,,,,-0.177164143,-0.061112554,0.0852974682,-0.163652158,,,-0.818519865,-0.119110701,0.5926775905,-2.602138918,-0.348464705,,-0.581957406,-0.237855946,-0.362426257,,,0.9539401771,0.4167049097,0.4023141179,3.0,-1.469937449,1.2400366911,,,-0.229934184,0.0896129552,2.3049131579,,0.8129932317,0.3844386599,9.3900990492,-0.356891284,-1.675597688,-1.68386544,,,,0.1005627381,-0.4088142,0.2734813625,,0.9697479686,0.8449112406,0.94347633,0.6871472037,0.5031161479,0.00501376,20186.30966553,1.31588157,0.00165967,1.32174021,0.00573976,0.00421728,0.00633983,0.01606299,0.52127725,-0.44025175,0.38760057,0.01626514,0.78250642,,,0.02638598,0.04829679,0.02022652,-0.40879742,1.07231367,0.02090246,0.77696559,0.86213654,0.35134246,0.6539383935,1.1613221455,471,-1.038216733,-0.522980199,-0.199771744,-1.218024321
20230531,20230531,226660.0,01W,JPN,-0.167817,2023,5,20230428,20230430,20.784218139,1.7631940946,20.784218139,,0.0,2.220446e-16,0.6506674944,-0.021152838,0.0872914727,-0.092115669,0.0049900233,-0.083117706,-0.871622068,0.0314852586,0.059151562,-0.068026513,-0.035853999,-0.354146171,-0.344614436,-0.924473065,-0.396463717,0.8695821417,-0.495276991,-0.79657568,-0.049312495,-0.116299659,0.0,-0.142639807,-0.198357856,0.0557180486,-0.232520423,-0.146725468,-0.085794955,-0.197122974,0.0808233156,-0.00574088,,-0.080636877,1.1835367313,-0.695860254,,,-1.998181818,0.0222541278,0.0,-0.197122974,-0.030076907,3.694980695,0.0507464089,3.5682066928,0.0194253824,3.4991624791,2.1764302585,24.78,,0.1859308973,0.0275391753,-0.442270059,,-0.019425285,-0.418537164,-0.051598796,-0.906019721,,,,,,,-0.177164143,-0.061112554,0.0852974682,-0.163652158,,,-0.818519865,-0.119110701,0.5926775905,-2.602138918,-0.348464705,,-0.581957406,-0.237855946,-0.362426257,,,0.9539401771,0.4167049097,0.4023141179,3.0,-1.469937449,1.2400366911,,,-0.229934184,0.0896129552,1.3963521822,,0.4925239241,0.2328989098,5.6886678153,-0.216210282,-1.015103098,-1.020111831,,,,0.0684106537,-0.294447349,0.2789980106,,0.9640627617,0.2841877871,-0.042307454,0.6873375036,0.5247427587,0.00032999,182929.14319594,4.22258808,0.01091165,3.86170249,0.00184307,0.00248554,0.01463967,0.11098062,1.82384193,-0.11216417,1.20529226,0.11142435,1.24668252,,,0.17392624,0.34517911,0.11177539,1.93785241,0.96999145,0.03780424,0.69044409,1.0,0.29816974,0.9619405431,4.4843681096,472,-1.155490229,-0.501376402,-0.200774571,-1.542303038
20230630,20230630,226660.0,01W,JPN,-0.104401,2023,6,20230531,20230531,17.29626583,1.4672995427,17.29626583,,0.0,1.665335e-16,-0.167817345,0.7143139603,0.6380855763,0.5768478747,0.6082676412,-0.103907706,-0.866622316,-0.046886939,0.0481578888,0.001757949,-0.04131927,-0.354146171,-0.344614436,-0.924473065,-0.396463717,0.8695821417,-0.495276991,-0.79657568,-0.049312495,-0.116299659,0.0,-0.142639807,-0.198357856,0.0557180486,-0.232520423,-0.146725468,-0.085794955,-0.197122974,0.0808233156,-0.00574088,,-0.080636877,1.1835367313,-0.695860254,,,-1.998181818,0.0222541278,0.0,-0.197122974,-0.030076907,3.694980695,0.0507464089,3.5682066928,0.0194253824,3.4991624791,2.1764302585,24.78,,0.1859308973,0.0275391753,-0.442270059,,-0.019425285,-0.418537164,-0.051598796,-0.906019721,,,,,,,-0.177164143,-0.061112554,0.0852974682,-0.163652158,,,-0.818519865,-0.119110701,0.5926775905,-2.602138918,-0.348464705,,-0.581957406,-0.237855946,-0.362426257,,,0.9539401771,0.4167049097,0.4023141179,3.0,-1.469937449,1.2400366911,,,-0.229934184,0.0896129552,1.6779395413,,0.5918459381,0.2798651335,6.8358404036,-0.259811089,-1.219808046,-1.225826836,,,,0.079189635,-0.334257381,0.2776536952,,0.9667924233,0.3104352594,0.4086617828,0.6861311493,0.7147707262,0.00032201,399167.57223762,2.85862855,0.01983771,2.61760277,0.00098843,0.00168357,0.02472536,0.09277255,2.43620861,-0.26941604,-0.62335719,0.0951054,2.2600307,,,0.10528749,0.32186897,0.09285253,2.42353737,0.79180901,0.04558171,0.59353755,0.60879971,0.25213413,0.9856661802,2.2732209037,473,-1.159043761,-0.50829983,-0.209066146,-1.54056897
20230731,20230731,226660.0,01W,JPN,0.156419,2023,7,20230630,20230630,15.490523706,1.3141124549,15.490523706,,0.0,-1.66533e-16,-0.104400692,0.3736568578,0.38211343,0.5056583008,0.4042116202,0.0300950892,-0.868086342,0.1259621276,0.0272158143,-0.072428275,-0.034815477,-0.215370869,-0.188266199,4.5044611039,-0.313891534,0.3135256939,-0.590179306,-0.482689211,-0.033792281,-0.013202097,0.0,-0.074907344,-0.078730289,0.0038229452,-0.155631645,-0.085859659,-0.069771986,-0.061800926,0.0485988293,-0.003071737,,0.0042865891,1.3904958678,0.1306818182,,,0.1632653061,0.0666322314,0.0,0.0666322314,-0.087293388,-1.426160338,-0.038694559,-0.632174401,0.0413389315,3.3305785124,2.96679316,38.087463557,,0.2138429752,-0.10754129,-0.094736842,,-0.051745538,-0.227049185,-0.032439654,-0.584264926,,,,,,,-0.082905799,0.1998975625,0.1542173847,-0.010882702,,,0.3517533373,0.0340438259,1.0910235641,,0.1025367614,,0.0260847107,0.0433884298,0.6080421168,,,1.007402376,0.3556832148,0.5199789126,7.0,-1.438830901,1.9239868482,,,-0.753706413,0.0374746375,1.8363310308,,0.884493123,0.491806632,6.1957201928,-0.112399394,0.0479001638,0.0109079581,,,,0.1090428543,0.053408745,,,0.9367654054,0.2813566694,0.399708202,0.6865206956,0.6925223397,0.00164593,430144.52249836,2.63792305,0.02167575,2.38043547,0.00092105,0.00163248,0.00716389,0.01960973,-0.18809303,0.45698926,-0.25524618,0.01607571,0.38991678,,,0.02169019,0.03000017,0.02011489,0.05621338,0.6153447,0.04514602,0.54601739,0.5452406,0.24708997,0.9726411763,0.4750012453,474,0.0254495766,0.4486622291,1.052902249,-1.522112221
20230831,20230831,226660.0,01W,JPN,-0.037563,2023,8,20230731,20230731,17.913538675,1.5196648435,17.913538675,,0.0,1.665335e-16,0.156419177,-0.25469779,0.2042229341,0.3376361276,0.1169211861,-0.097670632,-0.843068918,-0.049613359,0.0459460448,-0.045996511,-0.033138885,-0.215370869,-0.188266199,4.5044611039,-0.313891534,0.3135256939,-0.590179306,-0.482689211,-0.033792281,-0.013202097,0.0,-0.074907344,-0.078730289,0.0038229452,-0.155631645,-0.085859659,-0.069771986,-0.061800926,0.0485988293,-0.003071737,,0.0042865891,1.3904958678,0.1306818182,,,0.1632653061,0.0666322314,0.0,0.0666322314,-0.087293388,-1.426160338,-0.038694559,-0.632174401,0.0413389315,3.3305785124,2.96679316,38.087463557,,0.2138429752,-0.10754129,-0.094736842,,-0.051745538,-0.227049185,-0.032439654,-0.584264926,,,,,,,-0.082905799,0.1998975625,0.1542173847,-0.010882702,,,0.3517533373,0.0340438259,1.0910235641,,0.1025367614,,0.0260847107,0.0433884298,0.6080421168,,,1.007402376,0.3556832148,0.5199789126,7.0,-1.438830901,1.9239868482,,,-0.753706413,0.0374746375,1.5879458481,,0.7648551154,0.4252840508,5.3576767976,-0.097196066,0.0414211081,0.0094325296,,,,0.0986945189,0.0483401725,,,0.9694509317,0.1897289024,0.3170200621,0.7566778617,0.6192290085,0.00046928,540986.47874233,2.23038901,0.02721742,2.02481519,0.00070191,0.00144243,0.01462978,0.0510246,0.232054,-0.11092311,-1.46220312,0.05027147,-0.11813854,,,0.08322713,0.11132102,0.05482489,0.31097494,0.46635354,0.0467408,0.61153421,0.63052668,0.23347316,0.964585084,1.7661249638,475,0.1685523364,0.6903783144,1.0628161215,-1.494039871
20230929,20230930,226660.0,01W,JPN,0.043684,2023,9,20230831,20230831,17.240658498,1.4625821885,17.240658498,,0.0,-1.66533e-16,-0.037562661,0.0356882145,0.4775359469,0.4118360926,0.3590564341,-0.024077542,-0.821666308,-0.128470616,0.0542104044,0.0075799798,-0.035417201,-0.215370869,-0.188266199,4.5044611039,-0.313891534,0.3135256939,-0.590179306,-0.482689211,-0.033792281,-0.013202097,0.0,-0.074907344,-0.078730289,0.0038229452,-0.155631645,-0.085859659,-0.069771986,-0.061800926,0.0485988293,-0.003071737,,0.0042865891,1.3904958678,0.1306818182,,,0.1632653061,0.0666322314,0.0,0.0666322314,-0.087293388,-1.426160338,-0.038694559,-0.632174401,0.0413389315,3.3305785124,2.96679316,38.087463557,,0.2138429752,-0.10754129,-0.094736842,,-0.051745538,-0.227049185,-0.032439654,-0.584264926,,,,,,,-0.082905799,0.1998975625,0.1542173847,-0.010882702,,,0.3517533373,0.0340438259,1.0910235641,,0.1025367614,,0.0260847107,0.0433884298,0.6080421168,,,1.007402376,0.3556832148,0.5199789126,7.0,-1.438830901,1.9239868482,,,-0.753706413,0.0374746375,1.6499212816,,0.7947064024,0.4418823267,5.5667798612,-0.1009895,0.0430377194,0.0098006688,,,,0.1013659692,0.049648638,,,0.9648089978,0.2424122967,0.4141682916,0.7539478647,0.6752505356,0.00315667,541332.50693438,2.19746627,0.02730542,1.98797896,0.00069716,0.00141066,0.00803372,0.01555865,0.55327799,0.02326728,1.12280907,0.01459459,-0.44163327,,,0.02150494,0.0327237,0.01724681,0.23152108,0.25332931,0.04656234,0.5791664,0.60684242,0.23472004,0.9909240412,0.4575288555,476,0.1758129757,0.695057531,1.0630824598,-1.496851008
20231031,20231031,226660.0,01W,JPN,-0.200265,2023,10,20230929,20230930,17.993791886,1.5264729893,17.993791886,,0.0,-1.66533e-16,0.0436835628,0.1129809957,0.3692405639,0.3776699483,0.5008176235,0.0554007572,-0.83218403,0.0080966746,0.0574455761,-0.044151031,-0.031955799,-0.215370869,-0.188266199,4.5044611039,-0.313891534,0.3135256939,-0.590179306,-0.482689211,-0.033792281,-0.013202097,0.0,-0.074907344,-0.078730289,0.0038229452,-0.155631645,-0.085859659,-0.069771986,-0.061800926,0.0485988293,-0.003071737,,0.0042865891,1.3904958678,0.1306818182,,,0.1632653061,0.0666322314,0.0,0.0666322314,-0.087293388,-1.426160338,-0.038694559,-0.632174401,0.0413389315,3.3305785124,2.96679316,38.087463557,,0.2138429752,-0.10754129,-0.094736842,,-0.051745538,-0.227049185,-0.032439654,-0.584264926,,,,,,,-0.082905799,0.1998975625,0.1542173847,-0.010882702,,,0.3517533373,0.0340438259,1.0910235641,,0.1025367614,,0.0260847107,0.0433884298,0.6080421168,,,1.007402376,0.3556832148,0.5199789126,7.0,-1.438830901,1.9239868482,,,-0.753706413,0.0374746375,1.5808635303,,0.7614438234,0.4233872626,5.3337812913,-0.096762566,0.0412363679,0.00939046,,,,0.0983852689,0.0481887031,,,0.9644902631,0.2376079648,0.3753248725,0.7555468974,0.6809778104,0.00127273,584713.52051782,2.03818837,0.02947739,1.84475805,0.00063947,0.00132693,0.00866863,0.02749306,0.70760764,0.08277375,-0.77360537,0.02702753,0.64251482,,,0.04135104,0.07198973,0.02865567,0.67487662,0.15997073,0.04694413,0.34067983,0.63335146,0.23024068,1.0502056888,0.875162241,477,0.174231701,0.7089939368,1.0553630644,-1.496788795
20231130,20231130,226660.0,01W,JPN,0.086188,2023,11,20231031,20231031,14.390266185,1.2207739636,14.390266185,,0.0,-1.94289e-16,-0.200264943,0.0044800311,-0.134256975,0.3988253252,0.5537980869,0.0872914727,-0.809698221,0.0956428143,0.0305448709,-0.03620575,-0.02997093,-0.215370869,-0.188266199,4.5044611039,-0.313891534,0.3135256939,-0.590179306,-0.482689211,-0.033792281,-0.013202097,0.0,-0.074907344,-0.078730289,0.0038229452,-0.155631645,-0.085859659,-0.069771986,-0.061800926,0.0485988293,-0.003071737,,0.0042865891,1.3904958678,0.1306818182,,,0.1632653061,0.0666322314,0.0,0.0666322314,-0.087293388,-1.426160338,-0.038694559,-0.632174401,0.0413389315,3.3305785124,2.96679316,38.087463557,,0.2138429752,-0.10754129,-0.094736842,,-0.051745538,-0.227049185,-0.032439654,-0.584264926,,,,,,,-0.082905799,0.1998975625,0.1542173847,-0.010882702,,,0.3517533373,0.0340438259,1.0910235641,,0.1025367614,,0.0260847107,0.0433884298,0.6080421168,,,1.007402376,0.3556832148,0.5199789126,7.0,-1.438830901,1.9239868482,,,-0.753706413,0.0374746375,1.9767340645,,0.9521201008,0.5294094073,6.6694353871,-0.120993278,0.0515625363,0.0117419637,,,,0.1144941403,0.0560787626,,,1.0208655365,0.261033506,0.0718670133,0.7571291785,0.6916210555,0.00165564,445504.19726457,2.1813866,0.02158492,1.80394504,0.00088561,0.00127033,0.00992963,0.02124356,-0.14054072,0.14921499,1.06008278,0.01859517,1.18126691,,,0.02340836,0.03813029,0.02583652,0.09832127,0.12701837,0.04682959,0.80168217,0.50651337,0.23772412,1.0805462368,0.4942729333,478,0.1590868584,0.7045457666,1.0549043707,-1.523527194
20231229,20231231,226660.0,01W,JPN,0.032596,2023,12,20231130,20231130,15.630534119,1.3259900021,15.630534119,,0.0,1.94289e-16,0.0861879772,-0.165329666,-0.168013123,0.186931067,0.1341531983,0.6380855763,-0.799680908,-0.013694264,0.0396250747,-0.069571292,-0.025692481,-0.215370869,-0.188266199,4.5044611039,-0.313891534,0.3135256939,-0.590179306,-0.482689211,-0.033792281,-0.013202097,0.0,-0.074907344,-0.078730289,0.0038229452,-0.155631645,-0.085859659,-0.069771986,-0.061800926,0.0485988293,-0.003071737,,0.0042865891,1.3904958678,0.1306818182,,,0.1632653061,0.0666322314,0.0,0.0666322314,-0.087293388,-1.426160338,-0.038694559,-0.632174401,0.0413389315,3.3305785124,2.96679316,38.087463557,,0.2138429752,-0.10754129,-0.094736842,,-0.051745538,-0.227049185,-0.032439654,-0.584264926,,,,,,,-0.082905799,0.1998975625,0.1542173847,-0.010882702,,,0.3517533373,0.0340438259,1.0910235641,,0.1025367614,,0.0260847107,0.0433884298,0.6080421168,,,1.007402376,0.3556832148,0.5199789126,7.0,-1.438830901,1.9239868482,,,-0.753706413,0.0374746375,1.8198821069,,0.8765702814,0.4874012771,6.1402220675,-0.111392577,0.0474710983,0.0108102501,,,,0.1083861716,0.0530871044,,,1.0335104093,0.2095046972,-0.070042284,0.7633835067,0.6352992059,0.00399279,241119.18106417,2.17297767,0.01326827,1.91098202,0.00147245,0.0012545,0.01049564,0.0226702,1.45525766,0.19593052,-1.05067764,0.02054388,0.5539967,,,0.03543809,0.07117083,0.02414199,0.9235103,0.17763987,0.0471435,0.71042813,0.55016873,0.23911671,1.1536138238,0.7447686084,479,0.1601624431,0.7029203471,1.0540101956,-1.524607261
20240131,20240131,226660.0,01W,JPN,0.053367,2024,1,20231229,20231231,16.14001941,1.3692113276,16.14001941,,0.0,0.0,0.0325955138,-0.131337396,0.0090384557,0.2413656563,0.249007811,0.38211343,-0.779341023,0.0278992338,0.0400520092,-0.037252162,-0.02656432,-0.043432199,-0.188266199,4.5044611039,-0.189994011,-0.21442947,-0.590179306,-0.482689211,-0.014910117,-0.002021609,0.0,0.0081446269,-0.061142255,0.0692868818,-0.085202759,-0.033199389,-0.05200337,-0.140935766,0.1389141574,-0.003071737,,0.0042865891,1.3904958678,0.1306818182,,,0.1632653061,0.0666322314,0.0,-0.140935766,0.0172835117,-1.426160338,0.1561976691,-0.632174401,0.0466099077,3.3305785124,2.96679316,38.087463557,,0.2280484789,-0.10754129,-0.094736842,,0.0165328508,-0.227049185,-0.032439654,-0.584264926,,,,,,,-0.082905799,0.1998975625,0.1542173847,-0.010882702,,,0.3517533373,0.0340438259,1.0910235641,,0.1025367614,,0.0260847107,0.0433884298,0.6080421168,12.713836478,,1.007402376,0.3556832148,0.6470377925,7.0,-1.438830901,1.9239868482,,,-0.753706413,0.0374746375,1.7200472034,0.1352893917,0.39182871,-0.000425438,5.9463962269,-0.107876294,0.0459725979,0.0104690074,,,,0.1349213541,0.05194868,,,1.0318494132,0.2437461676,0.1892886311,0.5846045491,0.6614982241,0.00374712,221627.93576784,2.3715745,0.01209169,2.09534893,0.00162859,0.00124508,0.00692528,0.01106831,0.46021603,-0.02472069,1.2238861,0.01111745,0.25000968,,,0.01812068,0.02960409,0.01224846,0.42258299,0.18661503,0.04722565,0.65676915,0.56810176,0.22242823,1.1152201946,0.380804242,480,-0.18426697,-0.073942991,1.0516127704,-1.299209426
20240229,20240229,226660.0,01W,JPN,0.327945,2024,2,20240131,20240131,17.001362291,1.4422818983,17.001362291,,0.0,1.665335e-16,0.0533669049,0.1215928325,-0.099004407,-0.223448325,0.2547142949,0.2042229341,-0.803668172,-0.057494001,0.0501302733,-0.062507657,-0.027163031,-0.043432199,-0.188266199,4.5044611039,-0.189994011,-0.21442947,-0.590179306,-0.482689211,-0.014910117,-0.002021609,0.0,0.0081446269,-0.061142255,0.0692868818,-0.085202759,-0.033199389,-0.05200337,-0.140935766,0.1389141574,-0.003071737,,0.0042865891,1.3904958678,0.1306818182,,,0.1632653061,0.0666322314,0.0,-0.140935766,0.0172835117,-1.426160338,0.1561976691,-0.632174401,0.0466099077,3.3305785124,2.96679316,38.087463557,,0.2280484789,-0.10754129,-0.094736842,,0.0165328508,-0.227049185,-0.032439654,-0.584264926,,,,,,,-0.082905799,0.1998975625,0.1542173847,-0.010882702,,,0.3517533373,0.0340438259,1.0910235641,,0.1025367614,,0.0260847107,0.0433884298,0.6080421168,12.713836478,,1.007402376,0.3556832148,0.6470377925,7.0,-1.438830901,1.9239868482,,,-0.753706413,0.0374746375,1.6329041623,0.1284352025,0.371977426,-0.000403884,5.6451329534,-0.102410939,0.0436434804,0.0099386144,,,,0.1280830489,0.050131208,,,0.9835707423,0.1936962203,-0.270114161,0.6332560172,0.6628797575,0.00079613,164742.42814016,1.86078081,0.00991308,1.90098532,0.00198743,0.00110862,0.01222647,0.02231118,-0.19559604,-0.12132294,-0.36476334,0.02093751,0.23531072,,,0.0311498,0.03995572,0.02403349,-0.21458706,0.19465065,0.04750548,0.67004768,0.5984196,0.21559282,1.0889909957,0.6506343918,481,-0.148184284,0.0035696616,1.0455224513,-1.28894684
20240329,20240331,226660.0,01W,JPN,-0.081774,2024,3,20240229,20240229,22.576872341,1.9152708907,22.576872341,,0.0,3.330669e-16,0.3279448996,0.0877019404,-0.01387976,-0.017050128,0.4022982498,0.4775359469,-0.788638111,0.0385580173,0.0764381717,0.0313801898,-0.03417506,-0.043432199,-0.188266199,4.5044611039,-0.189994011,-0.21442947,-0.590179306,-0.482689211,-0.014910117,-0.002021609,0.0,0.0081446269,-0.061142255,0.0692868818,-0.085202759,-0.033199389,-0.05200337,-0.140935766,0.1389141574,-0.003071737,,0.0042865891,1.3904958678,0.1306818182,,,0.1632653061,0.0666322314,0.0,-0.140935766,0.0172835117,-1.426160338,0.1561976691,-0.632174401,0.0466099077,3.3305785124,2.96679316,38.087463557,,0.2280484789,-0.10754129,-0.094736842,,0.0165328508,-0.227049185,-0.032439654,-0.584264926,,,,,,,-0.082905799,0.1998975625,0.1542173847,-0.010882702,,,0.3517533373,0.0340438259,1.0910235641,,0.1025367614,,0.0260847107,0.0433884298,0.6080421168,12.713836478,,1.007402376,0.3556832148,0.6470377925,7.0,-1.438830901,1.9239868482,,,-0.753706413,0.0374746375,1.2296475273,0.0967172678,0.2801151058,-0.000304142,4.2510295081,-0.077119871,0.0328654302,0.0074842069,,,,0.0964424577,0.0408745407,,,1.0266032162,0.1684547292,-0.166389579,0.635187155,0.6838254909,0.00029401,452417.86733091,2.63228562,0.02217408,2.28217301,0.00093529,0.00082545,0.032831,0.12031997,0.52574996,-0.54428316,1.96953724,0.12651764,0.15581989,,,0.17873184,0.31537684,0.12217703,0.70402648,0.18327803,0.05814597,1.53957115,0.70794028,0.19383951,1.2097307545,3.0654833024,482,-0.189079516,0.0025572875,1.0419989535,-1.376775921
20240430,20240430,226660.0,01W,JPN,-0.172968,2024,4,20240329,20240331,20.730670232,1.7586514482,20.730670232,,0.0,0.0,-0.081774042,0.3988132088,0.2547034268,0.4574634641,0.7930387879,0.3692405639,-0.792712435,0.6506674944,0.0098525775,-0.066999431,-0.025695397,-0.043432199,-0.188266199,4.5044611039,-0.189994011,-0.21442947,-0.590179306,-0.482689211,-0.014910117,-0.002021609,0.0,0.0081446269,-0.061142255,0.0692868818,-0.085202759,-0.033199389,-0.05200337,-0.140935766,0.1389141574,-0.003071737,,0.0042865891,1.3904958678,0.1306818182,,,0.1632653061,0.0666322314,0.0,-0.140935766,0.0172835117,-1.426160338,0.1561976691,-0.632174401,0.0466099077,3.3305785124,2.96679316,38.087463557,,0.2280484789,-0.10754129,-0.094736842,,0.0165328508,-0.227049185,-0.032439654,-0.584264926,,,,,,,-0.082905799,0.1998975625,0.1542173847,-0.010882702,,,0.3517533373,0.0340438259,1.0910235641,,0.1025367614,,0.0260847107,0.0433884298,0.6080421168,12.713836478,,1.007402376,0.3556832148,0.6470377925,7.0,-1.438830901,1.9239868482,,,-0.753706413,0.0374746375,1.3391557021,0.1053305746,0.3050611926,-0.000331228,4.6296115585,-0.083987901,0.0357923123,0.0081507246,,,,0.1050341367,0.0435364558,,,1.0054238917,0.2988987806,0.255583954,0.6302039993,0.723170728,0.00197007,450671.97929488,2.63021438,0.02182613,2.30328372,0.00100951,0.00082477,0.00993424,0.02582592,0.69562521,-0.11725618,-0.86952863,0.02391074,0.23300033,,,0.02822921,0.06739716,0.0271238,0.81083343,0.17427087,0.0586592,1.41578178,0.65004914,0.19018866,1.2430902029,0.4803145718,483,-0.186071074,-0.002555778,1.0363452202,-1.361435333
20240531,20240531,226660.0,01W,JPN,0.106437,2024,5,20240430,20240430,17.144920313,1.454460401,17.144920313,,0.0,2.775558e-16,-0.172968355,0.2193534775,0.4406036668,0.1572627055,-0.002576373,-0.134256975,-0.633556716,-0.167817345,0.0093843039,-0.058360033,-0.010186995,-0.043432199,-0.188266199,4.5044611039,-0.189994011,-0.21442947,-0.590179306,-0.482689211,-0.014910117,-0.002021609,0.0,0.0081446269,-0.061142255,0.0692868818,-0.085202759,-0.033199389,-0.05200337,-0.140935766,0.1389141574,-0.003071737,,0.0042865891,1.3904958678,0.1306818182,,,0.1632653061,0.0666322314,0.0,-0.140935766,0.0172835117,-1.426160338,0.1561976691,-0.632174401,0.0466099077,3.3305785124,2.96679316,38.087463557,,0.2280484789,-0.10754129,-0.094736842,,0.0165328508,-0.227049185,-0.032439654,-0.584264926,,,,,,,-0.082905799,0.1998975625,0.1542173847,-0.010882702,,,0.3517533373,0.0340438259,1.0910235641,,0.1025367614,,0.0260847107,0.0433884298,0.6080421168,12.713836478,,1.007402376,0.3556832148,0.6470377925,7.0,-1.438830901,1.9239868482,,,-0.753706413,0.0374746375,1.6192315124,0.1273597875,0.3688627808,-0.000400502,5.5978650684,-0.101553431,0.0432780444,0.0098553962,,,,0.1270101529,0.0498405864,,,1.0634008185,-0.007506943,0.2276917527,0.6309702266,0.5459852738,0.00121591,477283.81559248,2.49764921,0.02302751,2.21156884,0.00098193,0.00097539,0.01038845,0.03841094,-1.76800819,0.07156379,0.4487806,0.04019143,-1.79862054,,,0.03005389,0.06139625,0.03851487,-1.79001752,0.16057416,0.05024154,1.17154694,0.53761121,0.19327136,1.0312299997,0.5972939664,484,-0.118300682,-0.054596977,1.0272247371,-1.19470664
20240628,20240630,226660.0,01W,JPN,-0.007242,2024,6,20240531,20240531,18.969776216,1.609268974,18.969776216,,0.0,0.0,0.1064371178,-0.240598075,0.0968864009,-0.005553047,-0.008750184,-0.168013123,-0.667740467,-0.104400692,0.0285513775,-0.00088655,-0.017357703,-0.043432199,-0.188266199,4.5044611039,-0.189994011,-0.21442947,-0.590179306,-0.482689211,-0.014910117,-0.002021609,0.0,0.0081446269,-0.061142255,0.0692868818,-0.085202759,-0.033199389,-0.05200337,-0.140935766,0.1389141574,-0.003071737,,0.0042865891,1.3904958678,0.1306818182,,,0.1632653061,0.0666322314,0.0,-0.140935766,0.0172835117,-1.426160338,0.1561976691,-0.632174401,0.0466099077,3.3305785124,2.96679316,38.087463557,,0.2280484789,-0.10754129,-0.094736842,,0.0165328508,-0.227049185,-0.032439654,-0.584264926,,,,,,,-0.082905799,0.1998975625,0.1542173847,-0.010882702,,,0.3517533373,0.0340438259,1.0910235641,,0.1025367614,,0.0260847107,0.0433884298,0.6080421168,12.713836478,,1.007402376,0.3556832148,0.6470377925,7.0,-1.438830901,1.9239868482,,,-0.753706413,0.0374746375,1.4634645624,0.1151080215,0.3333788924,-0.000361975,5.0593612402,-0.091784187,0.0391147799,0.0089073261,,,,0.1147875968,0.0464198145,,,1.0507247931,-0.054794388,0.0827827413,0.6254920661,0.5555668262,0.00194763,498836.82692697,2.37776416,0.0240161,2.11082643,0.00094128,0.0011938,0.00995171,0.02909229,0.66902893,-0.43678617,0.48804972,0.0304591,0.77528136,,,0.04667141,0.06596713,0.02913847,0.57709532,0.1240098,0.04372213,1.54218793,0.594833,0.18965321,0.864815839,1.0649715745,485,-0.009376692,-0.052586952,1.0255756916,-1.029139991
20240731,20240731,226660.0,01W,JPN,-0.018276,2024,7,20240628,20240630,18.832393874,1.5976143747,18.832393874,,0.0,1.94289e-16,-0.00724217,-0.08494149,0.1753254896,0.0542400588,0.2246052216,0.0090384557,-0.713864059,0.156419177,0.0136730733,-0.027554004,-0.018214431,-0.106401955,-0.139877885,-0.836957803,-0.177378005,-0.669249114,-0.542416226,-0.93221764,-0.014661832,-0.001055397,0.0,-0.009968524,-0.100015201,0.0900466772,-0.066169054,-0.044493045,-0.021676009,-0.300370215,0.2993148186,0.0087408655,,0.0327405012,1.4234707272,0.0189025991,0.7966457023,0.9685534591,0.6388012618,-0.065108952,0.172748753,-0.237857705,0.1005513258,0.829004329,0.3998661444,3.2967319133,0.1137818462,3.1281176162,3.0650893294,19.511041009,,0.1974271462,-0.115442598,-0.028011204,,0.0610958958,-0.156256732,-0.019309891,-0.102540568,,,,,,,0.1012626211,-0.670650168,0.1068394459,0.0346253668,,,-0.765701873,0.1067437938,1.2720106596,,0.0168913256,1.0887445887,0.0207403518,0.1194539249,-0.005344359,7.9853249476,,1.0257910213,0.5309835628,0.5894368835,7.0,-2.200596242,4.4340122269,,1.0518160029,0.0577644167,0.111407598,1.3497513026,0.1690289765,0.3221118231,0.0556342753,4.3834139178,0.1637135998,0.0279943169,0.0230332987,0.0099220364,-0.223245818,,0.2128229985,0.1527357481,,,1.0433168594,0.1275248054,0.2466797413,0.6032179651,0.7139575315,0.00224205,517992.92205192,2.2939165,0.0248657,2.04384264,0.00090512,0.0012177,0.00669127,0.01498861,1.08286229,-0.29254747,0.91400497,0.01580422,1.10878863,,,0.02389443,0.04391195,0.01758855,0.86879622,0.11898187,0.04363574,1.85209136,0.59052512,0.19017855,0.8714400158,0.5449965773,486,1.3666528645,1.0355012609,1.5998980789,-0.076746548
20240830,20240831,226660.0,01W,JPN,-0.042115,2024,8,20240731,20240731,18.488217328,1.5684167379,18.488217328,,0.0,0.0,-0.018275772,0.0984241122,0.1076991097,0.3086897513,0.0512938965,-0.099004407,-0.67060405,-0.037562661,0.0154264268,-0.017481492,-0.01567843,-0.106401955,-0.139877885,-0.836957803,-0.177378005,-0.669249114,-0.542416226,-0.93221764,-0.014661832,-0.001055397,0.0,-0.009968524,-0.100015201,0.0900466772,-0.066169054,-0.044493045,-0.021676009,-0.300370215,0.2993148186,0.0087408655,,0.0327405012,1.4234707272,0.0189025991,0.7966457023,0.9685534591,0.6388012618,-0.065108952,0.172748753,-0.237857705,0.1005513258,0.829004329,0.3998661444,3.2967319133,0.1137818462,3.1281176162,3.0650893294,19.511041009,,0.1974271462,-0.115442598,-0.028011204,,0.0610958958,-0.156256732,-0.019309891,-0.102540568,,,,,,,0.1012626211,-0.670650168,0.1068394459,0.0346253668,,,-0.765701873,0.1067437938,1.2720106596,,0.0168913256,1.0887445887,0.0207403518,0.1194539249,-0.005344359,7.9853249476,,1.0257910213,0.5309835628,0.5894368835,7.0,-2.200596242,4.4340122269,,1.0518160029,0.0577644167,0.111407598,1.3748782649,0.1721756189,0.3281082549,0.0566699626,4.4650155257,0.1667612913,0.0285154589,0.0234620864,0.0101067449,-0.227401761,,0.21657243,0.1554265862,,,1.0103198132,0.0775812748,0.2267158315,0.5656048946,0.6566869173,0.00074109,532002.78132855,2.32841329,0.02493141,2.12150122,0.00088852,0.00129172,0.00713739,0.03278846,1.02492804,0.34648126,1.12392432,0.0330717,1.49874576,,,0.04989635,0.13890082,0.04024214,1.69993859,0.1181989,0.041806,1.63398068,0.57973282,0.19276451,0.799207659,1.1734517724,487,1.3638560489,0.9770543122,1.5654796279,-0.07681842
20240930,20240930,226660.0,01W,JPN,-0.024323,2024,9,20240830,20240831,17.709590779,1.5023632677,17.709590779,,0.0,0.0,-0.042114745,-0.025385586,-0.181099266,0.1828269711,0.0723614374,-0.01387976,-0.676355428,0.0436835628,0.0076265806,-0.006075609,-0.017104036,-0.106401955,-0.139877885,-0.836957803,-0.177378005,-0.669249114,-0.542416226,-0.93221764,-0.014661832,-0.001055397,0.0,-0.009968524,-0.100015201,0.0900466772,-0.066169054,-0.044493045,-0.021676009,-0.300370215,0.2993148186,0.0087408655,,0.0327405012,1.4234707272,0.0189025991,0.7966457023,0.9685534591,0.6388012618,-0.065108952,0.172748753,-0.237857705,0.1005513258,0.829004329,0.3998661444,3.2967319133,0.1137818462,3.1281176162,3.0650893294,19.511041009,,0.1974271462,-0.115442598,-0.028011204,,0.0610958958,-0.156256732,-0.019309891,-0.102540568,,,,,,,0.1012626211,-0.670650168,0.1068394459,0.0346253668,,,-0.765701873,0.1067437938,1.2720106596,,0.0168913256,1.0887445887,0.0207403518,0.1194539249,-0.005344359,7.9853249476,,1.0257910213,0.5309835628,0.5894368835,7.0,-2.200596242,4.4340122269,,1.0518160029,0.0577644167,0.111407598,1.4353266814,0.1797455571,0.3425339862,0.0591615356,4.6613260828,0.1740931811,0.0297691803,0.0244936294,0.0105511019,-0.237399792,,0.2255624706,0.1618784292,,,1.0120727418,-0.006750504,-0.455474085,0.5631708108,0.6275164309,0.00212424,259781.05338352,2.06205125,0.01356824,1.97115713,0.0016083,0.00126937,0.01395325,0.02702028,-0.33213635,-1.17996429,1.56074155,0.02521902,-0.30809342,,,0.04907809,0.10108363,0.05616807,-2.4419109,0.14468192,0.04267517,1.9847372,0.55531752,0.2284784,0.7610847929,1.0844866435,488,1.3133292118,0.9814700678,1.56403987,-0.187322467
20241031,20241031,226660.0,01W,JPN,-0.060008,2024,10,20240930,20240930,17.278846601,1.4658218118,17.278846601,,0.0,3.469447e-16,-0.02432265,-0.059620838,-0.145729946,0.0972471798,-0.015794398,0.2547034268,-0.670669453,-0.200264943,0.0236213345,-0.014372186,-0.015940269,-0.106401955,-0.139877885,-0.836957803,-0.177378005,-0.669249114,-0.542416226,-0.93221764,-0.014661832,-0.001055397,0.0,-0.009968524,-0.100015201,0.0900466772,-0.066169054,-0.044493045,-0.021676009,-0.300370215,0.2993148186,0.0087408655,,0.0327405012,1.4234707272,0.0189025991,0.7966457023,0.9685534591,0.6388012618,-0.065108952,0.172748753,-0.237857705,0.1005513258,0.829004329,0.3998661444,3.2967319133,0.1137818462,3.1281176162,3.0650893294,19.511041009,,0.1974271462,-0.115442598,-0.028011204,,0.0610958958,-0.156256732,-0.019309891,-0.102540568,,,,,,,0.1012626211,-0.670650168,0.1068394459,0.0346253668,,,-0.765701873,0.1067437938,1.2720106596,,0.0168913256,1.0887445887,0.0207403518,0.1194539249,-0.005344359,7.9853249476,,1.0257910213,0.5309835628,0.5894368835,7.0,-2.200596242,4.4340122269,,1.0518160029,0.0577644167,0.111407598,1.4711079246,0.1842264321,0.3510730122,0.0606363728,4.7775282297,0.1784331481,0.0305112959,0.0251042308,0.0108141302,-0.243317929,,0.2308640466,0.165683188,,,1.0113608331,-0.070073162,-0.282378088,0.5672358276,0.5611922229,0.00457625,231917.07989992,2.32838428,0.01233066,2.18839618,0.00172536,0.00133714,0.00450085,0.01360764,-0.25122756,-0.48659844,-0.00833606,0.01275079,-0.58334336,,,0.015694,0.02382991,0.01697898,-1.18394829,0.17515967,0.04226807,1.93778397,0.54181072,0.22880957,0.7241077687,0.3497315938,489,1.3183878131,0.9812498593,1.5630490519,-0.172773149
20241129,20241130,226660.0,01W,JPN,0.017511,2024,11,20241031,20241031,16.24198381,1.3778613055,16.24198381,,0.0,2.081668e-16,,-0.065413052,0.0078114267,0.0163212986,0.2007315486,0.4406036668,-0.745284895,0.0861879772,,-0.022508358,-0.020524978,-0.106401955,-0.139877885,-0.836957803,-0.177378005,-0.669249114,-0.542416226,-0.93221764,-0.014661832,-0.001055397,0.0,-0.009968524,-0.100015201,0.0900466772,-0.066169054,-0.044493045,-0.021676009,-0.300370215,0.2993148186,0.0087408655,,0.0327405012,1.4234707272,0.0189025991,0.7966457023,0.9685534591,0.6388012618,-0.065108952,0.172748753,-0.237857705,0.1005513258,0.829004329,0.3998661444,3.2967319133,0.1137818462,3.1281176162,3.0650893294,19.511041009,,0.1974271462,-0.115442598,-0.028011204,,0.0610958958,-0.156256732,-0.019309891,-0.102540568,,,,,,,0.1012626211,-0.670650168,0.1068394459,0.0346253668,,,-0.765701873,0.1067437938,1.2720106596,,0.0168913256,1.0887445887,0.0207403518,0.1194539249,-0.005344359,7.9853249476,,1.0257910213,0.5309835628,0.5894368835,7.0,-2.200596242,4.4340122269,,1.0518160029,0.0577644167,0.111407598,1.5650211489,0.1959871588,0.3734849631,0.0645073039,5.0825181442,0.1898240406,0.0324590892,0.0267068455,0.0115044873,-0.258850964,,0.2447089482,0.1756191978,,,1.0102765198,-0.004439148,-0.160136578,0.5656438955,0.6537630887,0.00292825,195014.72285547,2.63542198,0.01044909,2.42493159,0.00207868,0.00141009,0.00641773,0.01517703,-0.05381692,0.08358292,0.3996559,0.01421512,-0.10030137,,,0.01855681,0.02065125,0.01611712,-0.05992086,0.20779113,0.04195193,1.85890884,0.50929794,0.22864602,0.7179325761,0.4188146645,490,1.3243208785,0.9719311615,1.5621390644,-0.160877237
20241230,20241231,226660.0,01W,JPN,-0.056008,2024,12,20241129,20241130,16.52639194,1.4019885896,16.52639194,,0.0,0.0,,,,,,0.0968864009,-0.731086224,0.0325955138,,-0.046842389,-0.017009365,-0.106401955,-0.139877885,-0.836957803,-0.177378005,-0.669249114,-0.542416226,-0.93221764,-0.014661832,-0.001055397,0.0,-0.009968524,-0.100015201,0.0900466772,-0.066169054,-0.044493045,-0.021676009,-0.300370215,0.2993148186,0.0087408655,,0.0327405012,1.4234707272,0.0189025991,0.7966457023,0.9685534591,0.6388012618,-0.065108952,0.172748753,-0.237857705,0.1005513258,0.829004329,0.3998661444,3.2967319133,0.1137818462,3.1281176162,3.0650893294,19.511041009,,0.1974271462,-0.115442598,-0.028011204,,0.0610958958,-0.156256732,-0.019309891,-0.102540568,,,,,,,0.1012626211,-0.670650168,0.1068394459,0.0346253668,,,-0.765701873,0.1067437938,1.2720106596,,0.0168913256,1.0887445887,0.0207403518,0.1194539249,-0.005344359,7.9853249476,,1.0257910213,0.5309835628,0.5894368835,7.0,-2.200596242,4.4340122269,,1.0518160029,0.0577644167,0.111407598,1.5380881837,0.1926143512,0.3670575372,0.0633971764,4.9950514132,0.1865572961,0.03190049,0.0262472386,0.0113065028,-0.254396313,,0.2407487374,0.1727770907,,,1.0086991605,-0.025385877,-0.873284019,0.5636552999,0.665865243,0.00565927,167452.55752327,3.02018501,0.00908305,2.7506422,0.00242371,0.0014803,0.00498271,0.00990758,-0.47552916,0.43662131,-0.48753999,0.00840217,-1.26095205,,,0.01286149,0.01774528,0.00990858,-0.46544153,0.23083271,0.04165315,1.8785228,0.51821609,0.22781033,0.7104855548,0.2931654759,491,1.3389467932,0.9731770607,1.5619100343,-0.133532664
20250131,20250131,226660.0,01W,JPN,0.014512,2025,1,20241230,20241231,15.600780448,1.3234658996,15.600780448,,0.0,0.0,-0.056008081,-0.043547737,-0.122448689,-0.202804745,0.0239387897,0.1753254896,-0.718265702,0.0533669049,,-0.069093482,-0.013918607,0.0867800282,-0.139877885,-0.836957803,0.100128656,-0.755389944,-0.542416226,-0.93221764,0.0058566075,-0.013668325,0.0,-0.00636048,0.0831069817,-0.089467462,0.0102637729,-0.005946301,0.0162100741,-0.080234093,0.0665657672,0.0087408655,0.0829240037,0.0327405012,1.4234707272,0.0189025991,0.7966457023,0.9685534591,0.6388012618,-0.065108952,0.172748753,-0.080234093,-0.073257388,0.829004329,-0.006691621,3.2967319133,-0.030888473,3.1281176162,3.0650893294,19.511041009,,0.2994542974,-0.115442598,-0.028011204,,-0.079614666,-0.156256732,-0.019309891,-0.102540568,,,,,,,0.1012626211,-0.670650168,0.1068394459,0.0346253668,,,-0.765701873,0.1067437938,1.2720106596,,0.0168913256,1.0887445887,0.0207403518,0.1194539249,-0.005344359,6.439238653,,1.0257910213,0.5309835628,0.7673932191,7.0,-2.200596242,4.4340122269,,1.0518160029,0.0577644167,0.111407598,1.9339255089,0.3003344981,0.2502054603,-0.328916844,5.2914133167,0.197625946,0.0337931812,0.0278045162,0.0119773301,-0.269489926,,0.2541337092,0.1823830248,0.5106677904,,1.0140294792,-0.024653541,-0.968775119,0.5956564669,0.6538743619,0.00464515,147910.78889698,3.37166704,0.00813884,3.02184996,0.00268326,0.00154176,0.00359842,0.01014838,0.40640659,0.28642888,-0.04178621,0.01041748,0.18233684,,,0.01190253,0.02797547,0.01126141,1.07801772,0.24334337,0.04166051,1.83323643,0.4891918,0.22706148,0.7035352343,0.2713635134,492,1.5582908853,1.4693398238,1.5617952876,0.1276415924
20250228,20250228,226660.0,01W,JPN,0.030694,2025,2,20250131,20250131,15.827171518,1.3426714043,15.827171518,,0.0,0.0,,,-0.156177139,-0.090063986,-0.082380566,0.1076991097,-0.688022473,0.3279448996,,-0.045752126,-0.01371978,0.0867800282,-0.139877885,-0.836957803,0.100128656,-0.755389944,-0.542416226,-0.93221764,0.0058566075,-0.013668325,0.0,-0.00636048,0.0831069817,-0.089467462,0.0102637729,-0.005946301,0.0162100741,-0.080234093,0.0665657672,0.0087408655,0.0829240037,0.0327405012,1.4234707272,0.0189025991,0.7966457023,0.9685534591,0.6388012618,-0.065108952,0.172748753,-0.080234093,-0.073257388,0.829004329,-0.006691621,3.2967319133,-0.030888473,3.1281176162,3.0650893294,19.511041009,,0.2994542974,-0.115442598,-0.028011204,,-0.079614666,-0.156256732,-0.019309891,-0.102540568,,,,,,,0.1012626211,-0.670650168,0.1068394459,0.0346253668,,,-0.765701873,0.1067437938,1.2720106596,,0.0168913256,1.0887445887,0.0207403518,0.1194539249,-0.005344359,6.439238653,,1.0257910213,0.5309835628,0.7673932191,7.0,-2.200596242,4.4340122269,,1.0518160029,0.0577644167,0.111407598,1.9062627351,0.2960385284,0.2466265339,-0.324212034,5.2157252053,0.1947991144,0.0333098053,0.0274068018,0.0118060069,-0.265635156,,0.25072429,0.1799362018,0.5003374374,,,,,0.6457097258,0.603945428,0.00340124,76644.94056444,1.34178392,0.00463371,1.34054179,0.00383757,0.00170265,0.00646804,0.02326185,1.65447628,0.19313661,1.0845476,0.0138576,-0.89327119,,,0.02838598,0.07051489,0.02366153,0.98741896,0.2798856,0.04171307,1.81155091,0.49629072,0.22758822,0.7108039568,0.6474528489,493,1.5515255812,1.4866536002,1.5573583842,0.1219530614
20250331,20250331,226660.0,01W,JPN,-0.034911,2025,3,20250228,20250228,16.31296551,1.3838829183,16.31296551,,0.0,0.0,,,,,,-0.181099266,-0.488953252,-0.081774042,,0.0262768663,-0.008511564,0.0867800282,-0.139877885,-0.836957803,0.100128656,-0.755389944,-0.542416226,-0.93221764,0.0058566075,-0.013668325,0.0,-0.00636048,0.0831069817,-0.089467462,0.0102637729,-0.005946301,0.0162100741,-0.080234093,0.0665657672,0.0087408655,0.0829240037,0.0327405012,1.4234707272,0.0189025991,0.7966457023,0.9685534591,0.6388012618,-0.065108952,0.172748753,-0.080234093,-0.073257388,0.829004329,-0.006691621,3.2967319133,-0.030888473,3.1281176162,3.0650893294,19.511041009,,0.2994542974,-0.115442598,-0.028011204,,-0.079614666,-0.156256732,-0.019309891,-0.102540568,,,,,,,0.1012626211,-0.670650168,0.1068394459,0.0346253668,,,-0.765701873,0.1067437938,1.2720106596,,0.0168913256,1.0887445887,0.0207403518,0.1194539249,-0.005344359,6.439238653,,1.0257910213,0.5309835628,0.7673932191,7.0,-2.200596242,4.4340122269,,1.0518160029,0.0577644167,0.111407598,1.8494949461,0.2872226121,0.2392820883,-0.314557121,5.0604028657,0.1889980698,0.0323178518,0.0265906375,0.0114544285,-0.257724641,,0.2437084203,0.1749011534,0.4424069517,,,,,0.6457709964,0.6673153923,0.00515518,58512.09161565,1.49478628,0.00351659,1.43891406,0.00440047,0.00262429,0.00529917,0.00856569,0.45231523,-0.50166678,0.79670283,,,,,0.01336413,0.02027079,0.0101496,-0.36624728,0.29849223,0.02433026,1.45958406,0.74365344,0.22146409,0.4369023593,0.4741697,494,1.6364591661,1.4860020071,1.5569456089,0.5731835946
20250430,20250430,226660.0,01W,JPN,-0.06167,2025,4,20250331,20250331,15.743465085,1.3355703102,15.743465085,,0.0,0.0,,,,,,-0.145729946,-0.588619275,-0.172968355,,0.1122323791,-0.02138162,0.0867800282,-0.139877885,-0.836957803,0.100128656,-0.755389944,-0.542416226,-0.93221764,0.0058566075,-0.013668325,0.0,-0.00636048,0.0831069817,-0.089467462,0.0102637729,-0.005946301,0.0162100741,-0.080234093,0.0665657672,0.0087408655,0.0829240037,0.0327405012,1.4234707272,0.0189025991,0.7966457023,0.9685534591,0.6388012618,-0.065108952,0.172748753,-0.080234093,-0.073257388,0.829004329,-0.006691621,3.2967319133,-0.030888473,3.1281176162,3.0650893294,19.511041009,,0.2994542974,-0.115442598,-0.028011204,,-0.079614666,-0.156256732,-0.019309891,-0.102540568,,,,,,,0.1012626211,-0.670650168,0.1068394459,0.0346253668,,,-0.765701873,0.1067437938,1.2720106596,,0.0168913256,1.0887445887,0.0207403518,0.1194539249,-0.005344359,6.439238653,,1.0257910213,0.5309835628,0.7673932191,7.0,-2.200596242,4.4340122269,,1.0518160029,0.0577644167,0.111407598,1.9163981438,0.2976125357,0.2479378226,-0.325935837,5.2434566956,0.1958348418,0.0334869102,0.027552521,0.0118687783,-0.267047512,,0.2519741856,0.1808332089,0.4600445184,,,,,0.6472673723,0.6672636864,0.00418538,58512.79705997,1.48979799,0.0035548,1.42204184,0.00439862,0.00277124,0.00281013,0.00778935,0.16392584,-0.04699632,0.00143242,,,,,0.00879703,0.01620531,0.00861219,0.03602557,0.28761015,0.02338257,1.44339848,0.72891023,0.22469381,0.4252007152,0.3229684809,495,1.6246572429,1.4848341255,1.5544271027,0.4920160107
20250530,20250531,226660.0,01W,JPN,0.018157,2025,5,20250430,20250430,14.772570745,1.2532061262,14.772570745,,0.0,0.0,-0.061669673,,,-0.14845954,-0.081741717,0.0078114267,-0.666012382,0.1064371178,,-0.079764328,-0.008282908,0.0867800282,-0.139877885,-0.836957803,0.100128656,-0.755389944,-0.542416226,-0.93221764,0.0058566075,-0.013668325,0.0,-0.00636048,0.0831069817,-0.089467462,0.0102637729,-0.005946301,0.0162100741,-0.080234093,0.0665657672,0.0087408655,0.0829240037,0.0327405012,1.4234707272,0.0189025991,0.7966457023,0.9685534591,0.6388012618,-0.065108952,0.172748753,-0.080234093,-0.073257388,0.829004329,-0.006691621,3.2967319133,-0.030888473,3.1281176162,3.0650893294,19.511041009,,0.2994542974,-0.115442598,-0.028011204,,-0.079614666,-0.156256732,-0.019309891,-0.102540568,,,,,,,0.1012626211,-0.670650168,0.1068394459,0.0346253668,,,-0.765701873,0.1067437938,1.2720106596,,0.0168913256,1.0887445887,0.0207403518,0.1194539249,-0.005344359,6.439238653,,1.0257910213,0.5309835628,0.7673932191,7.0,-2.200596242,4.4340122269,,1.0518160029,0.0577644167,0.111407598,2.0423491474,0.3171724574,0.2642329843,-0.347357245,5.5880712191,0.208705651,0.0356877628,0.0293633492,0.0126488273,-0.284598615,,0.2674378842,0.1919309737,0.498656199,,,,,0.6444827348,0.529597186,0.00081313,123070.70827473,2.46928385,0.00815298,2.54102699,0.00263789,0.00250722,0.01143869,0.02978398,0.96936834,-0.47780809,1.94879638,,,,,0.06088353,0.09364943,0.05167549,-0.81700982,0.27543418,0.02199766,1.64656074,0.71472315,0.25061746,0.433376588,2.1076801221,496,1.6146779574,1.4728688142,1.5482734527,0.4532809023
20250630,20250630,226660.0,01W,JPN,0.027366,2025,6,20250530,20250531,15.040793753,1.2759603727,15.040793753,,0.0,0.0,0.0181568267,,-0.10612245,-0.165843473,-0.221257511,,-0.615687369,-0.00724217,,-0.036978012,-0.008879713,0.0867800282,-0.139877885,-0.836957803,0.100128656,-0.755389944,-0.542416226,-0.93221764,0.0058566075,-0.013668325,0.0,-0.00636048,0.0831069817,-0.089467462,0.0102637729,-0.005946301,0.0162100741,-0.080234093,0.0665657672,0.0087408655,0.0829240037,0.0327405012,1.4234707272,0.0189025991,0.7966457023,0.9685534591,0.6388012618,-0.065108952,0.172748753,-0.080234093,-0.073257388,0.829004329,-0.006691621,3.2967319133,-0.030888473,3.1281176162,3.0650893294,19.511041009,,0.2994542974,-0.115442598,-0.028011204,,-0.079614666,-0.156256732,-0.019309891,-0.102540568,,,,,,,0.1012626211,-0.670650168,0.1068394459,0.0346253668,,,-0.765701873,0.1067437938,1.2720106596,,0.0168913256,1.0887445887,0.0207403518,0.1194539249,-0.005344359,6.439238653,,1.0257910213,0.5309835628,0.7673932191,7.0,-2.200596242,4.4340122269,,1.0518160029,0.0577644167,0.111407598,2.0059278628,0.3115163097,0.2595209081,-0.341162811,5.4884189472,0.2049837958,0.0350513417,0.0288397115,0.0124232603,-0.279523358,,0.2629792397,0.1887311578,0.4782292475,,,,,0.6434000289,0.4709512527,0.00043679,286536.28658272,3.46521796,0.01889231,3.43930316,0.0014344,0.0018426,0.01128682,0.01961869,0.51491611,-0.44999763,-0.12674785,,,,,0.03473881,0.05996634,0.02681799,0.40440927,0.25891224,0.02099238,1.61007763,0.72770026,0.25090637,0.4295117744,1.2118728195,497,1.6108569196,1.4712321783,1.5477776784,0.4597882057
