date,ret_eom,gvkey,iid,excntry,stock_ret,year,month,char_date,char_eom,me,prc,market_equity,div12m_me,chcsho_12m,eqnpo_12m,ret_1_0,ret_3_1,ret_6_1,ret_9_1,ret_12_1,ret_12_7,ret_60_12,seas_1_1an,seas_1_1na,seas_2_5an,seas_2_5na,at_gr1,sale_gr1,capx_gr1,inv_gr1,debt_gr3,sale_gr3,capx_gr3,inv_gr1a,lti_gr1a,sti_gr1a,coa_gr1a,col_gr1a,cowc_gr1a,ncoa_gr1a,ncol_gr1a,nncoa_gr1a,fnl_gr1a,nfna_gr1a,tax_gr1a,be_gr1a,ebit_sale,gp_at,cop_at,ope_be,ni_be,ebit_bev,netis_at,eqnetis_at,dbnetis_at,oaccruals_at,oaccruals_ni,taccruals_at,taccruals_ni,noa_at,opex_at,at_turnover,sale_bev,rd_sale,cash_at,sale_emp_gr1,emp_gr1,ni_inc8q,noa_gr1a,ppeinv_gr1a,lnoa_gr1a,capx_gr2,saleq_gr1,niq_be,niq_at,niq_be_chg1,niq_at_chg1,rd5_at,dsale_dinv,dsale_drec,dgp_dsale,dsale_dsga,saleq_su,niq_su,capex_abn,op_atl1,gp_atl1,ope_bel1,cop_atl1,pi_nix,ocf_at,op_at,ocf_at_chg1,at_be,ocfq_saleq_std,tangibility,earnings_variability,aliq_at,f_score,o_score,z_score,intrinsic_value,kz_index,ni_ar1,ni_ivol,at_me,be_me,debt_me,netdebt_me,sale_me,ni_me,ocf_me,fcf_me,eqpo_me,eqnpo_me,rd_me,bev_mev,ebitda_mev,aliq_mat,eq_dur,beta_60m,resff3_12_1,resff3_6_1,mispricing_mgmt,mispricing_perf,zero_trades_21d,dolvol_126d,dolvol_var_126d,turnover_126d,turnover_var_126d,zero_trades_126d,zero_trades_252d,bidaskhl_21d,ivol_capm_21d,iskew_capm_21d,coskew_21d,beta_dimson_21d,ivol_ff3_21d,iskew_ff3_21d,ivol_hxz4_21d,iskew_hxz4_21d,rmax5_21d,rmax1_21d,rvol_21d,rskew_21d,ami_126d,ivol_capm_252d,betadown_252d,prc_highprc_252d,corr_1260d,betabab_1260d,rmax5_rvol_21d,age,qmj,qmj_prof,qmj_growth,qmj_safety
20050228,20050228,15496.0,01W,DEU,0.043739,2005,2,20050131,20050131,4582.6104939,85.36905749,4582.6104939,0.0188650276,0.0,0.0232588698,0.0418604187,0.1200640921,0.1344566612,0.1470789826,-0.020833206,-0.098482217,0.232065555,-0.079243563,,-0.030590038,0.0177352673,0.2421553582,0.6821068553,,0.0011815154,0.1173849164,0.2017125593,,7.169891e-08,,0.0,,,,,,,5.40831e-05,-5.4083e-05,0.0082250538,0.0055864695,0.0642846789,,,,0.0025116613,0.2233131923,,,5.40831e-05,,,,,,,0.185768617,3.473816717,,0.0064463197,0.5591079199,0.0758968127,,,8.9061186e-08,,,,0.0210153009,0.000691007,,,,0.5347895782,,,,,,,,,,,105.71428571,,,,29.717868339,,,,,,,,159.31524766,,0.2853765489,0.0030319333,23.13086198,0.7783486257,0.065336823,-0.083772109,3.7968731909,0.0019262293,,,,,,0.8154863119,,,18.296602304,1.1576129992,0.0728810054,-0.104718001,0.5932457256,0.3939704262,0.00525338,5505924.87719949,0.82421813,0.00137723,0.788141,0.0058913,0.00629207,0.00312383,0.01036655,1.19657061,0.13409423,1.97646095,0.01018372,0.70841613,0.01038277,0.57966667,0.01745972,0.03122533,0.01200791,0.53582699,0.00252586,0.01165926,0.53649541,0.98867713,0.43920647,0.646029979,1.3425093901,253,-0.281107092,-0.61020047,-0.672976676,1.3083927473
20050331,20050331,15496.0,01W,DEU,0.007057,2005,3,20050228,20050228,4783.0470886,89.102973606,4783.0470886,0.0180744768,0.0,0.0232588698,0.0437385187,,0.1853162791,0.1528501127,0.1079532924,-0.06260204,0.2600795205,-0.037018208,,-0.057016865,0.0206029372,0.2421553582,0.6821068553,,0.0011815154,0.1173849164,0.2017125593,,7.169891e-08,,0.0,,,,,,,5.40831e-05,-5.4083e-05,0.0082250538,0.0055864695,0.0642846789,,,,0.0025116613,0.2233131923,,,5.40831e-05,,,,,,,0.185768617,3.473816717,,0.0064463197,0.5591079199,0.0758968127,,,8.9061186e-08,,,,0.0210153009,0.000691007,,,,0.5347895782,,,,,,,,,,,105.71428571,,,,29.717868339,,,,,,,,159.31524766,,0.2853765489,0.0030319333,22.16154867,0.7457314373,0.0625988424,-0.080261586,3.6377628332,0.0018455095,,,,,,0.778330675,,,18.34004717,1.2897964853,0.3642242826,0.1116769684,0.5927676192,0.479218431,0.00553329,5857359.68986298,0.80283218,0.00141078,0.77317125,0.00604761,0.00625367,0.00811985,0.00988702,0.49685146,0.13635779,1.07999646,0.01014524,0.39636516,0.01053336,0.44532074,0.01506618,0.02928401,0.01026154,0.79597627,0.00243959,0.01153466,0.57775758,1.0,0.44253277,0.665470871,1.1648093113,254,-0.283309643,-0.652695788,-0.697959202,1.3065299982
20050429,20050430,15496.0,01W,DEU,-0.086791,2005,4,20050331,20050331,4816.8001893,89.731757221,4816.8001893,0.0179478222,0.0,0.0232588698,0.0070568197,0.08742985,0.2582398232,0.181091732,0.2008674909,-0.029335542,0.2091903235,-0.037278845,,0.1794100858,-0.0018115,0.2421553582,0.6821068553,,0.0011815154,0.1173849164,0.2017125593,,7.169891e-08,,0.0,,,,,,,5.40831e-05,-5.4083e-05,0.0082250538,0.0055864695,0.0642846789,,,,0.0025116613,0.2233131923,,,5.40831e-05,,,,,,,0.185768617,3.473816717,,0.0064463197,0.5591079199,0.0758968127,,,8.9061186e-08,,,,0.0210153009,0.000691007,,,,0.5347895782,,,,,,,,,,,105.71428571,,,,29.717868339,,,,,,,,159.31524766,,0.2853765489,0.0030319333,22.006254501,0.7405058213,0.0621601891,-0.079699164,3.6122716834,0.0018325773,,,,,,0.7724042967,,,18.347007493,1.2886335168,0.1081371058,0.4061073113,0.5927308058,0.4673403836,0.00403369,7578557.25396753,0.82461948,0.00173857,0.77884883,0.00562548,0.00602261,0.00488973,0.01577592,-0.17022349,0.06151554,1.31841683,0.01608832,0.18957765,0.01489835,-0.39286006,0.02406535,0.03039223,0.0177502,0.11733506,0.00214557,0.01186052,0.54081806,0.98039203,0.44723626,0.7449096113,1.8273379413,255,-0.294001466,-0.672019912,-0.711568767,1.2783902992
20050531,20050531,15496.0,01W,DEU,-0.011938,2005,5,20050429,20050430,4398.7462584,81.943866432,4398.7462584,0.0196535714,0.0,0.0232588698,-0.086790798,0.0511039932,0.2265862714,0.2423476263,0.2561703765,-0.00864056,0.2659285169,0.0366448993,,-0.002946766,0.0157470461,0.142626979,0.1154426608,,0.2929888967,0.0613903783,0.5213395004,,1.55788e-05,,0.0,,,,,,,-2.7273e-05,2.72727e-05,-0.005378908,0.005218568,0.0416549986,,,,0.0716633794,0.1390511802,,,-2.7273e-05,,,,,,,0.1745672673,3.3381631222,,0.0142199102,0.2514543863,-0.114928299,,,1.78007e-05,,,,0.0190466825,0.0006409168,,,,0.1053670212,,,,,,,,,,,1.9770642202,,,,28.689020381,,,,,,,,2610.4198386,,0.1708080731,0.0031008296,26.95767698,0.9396513587,0.0695008401,0.0695008401,4.4122222245,0.0673385918,,,,,,1.2358583402,,,14.477273197,1.3016240816,0.3640808648,0.7243845588,0.601278086,0.4745755445,0.00556727,7517822.91784608,0.83603827,0.00166668,0.80724381,0.00577127,0.00591526,0.00409387,0.00938626,0.17876769,-0.31322736,1.52343953,0.00985586,0.22429603,0.01005185,0.23930767,0.00846609,0.02015726,0.01222129,-0.94832901,0.00197373,0.01149411,0.67569928,0.89530303,0.4526665,0.7448303076,0.6561158325,256,0.6601467156,-0.092906967,0.2562304971,1.2719936861
20050630,20050630,15496.0,01W,DEU,-0.000304,2005,6,20050531,20050531,4346.235598,80.965649848,4346.235598,,0.0,-1.94289e-16,-0.011937643,-0.080346445,,0.1377588286,0.106595275,-0.012083059,0.2485514197,0.0187812143,,0.0142527622,0.0138555475,0.142626979,0.1154426608,,0.2929888967,0.0613903783,0.5213395004,,1.55788e-05,,0.0,,,,,,,-2.7273e-05,2.72727e-05,-0.005378908,0.005218568,0.0416549986,,,,0.0716633794,0.1390511802,,,-2.7273e-05,,,,,,,0.1745672673,3.3381631222,,0.0142199102,0.2514543863,-0.114928299,,,1.78007e-05,,,,0.0190466825,0.0006409168,,,,0.1053670212,,,,,,,,,,,1.9770642202,,,,28.689020381,,,,,,,,2610.4198386,,0.1708080731,0.0031008296,27.283376171,0.9510041057,0.0703405404,0.0703405404,4.4655301269,0.068152168,,,,,,1.2498085562,,,14.418602902,1.3059073757,0.2711829714,0.6363535453,0.4804381437,0.4028856826,0.00646813,7620794.69263507,0.81578147,0.00167907,0.79502405,0.00570005,0.00600626,0.00401006,0.00740593,0.58313395,0.27894437,1.17294296,0.00705323,1.01774516,0.00630316,1.65718938,0.01471195,0.02524126,0.00984408,1.060707,0.00188691,0.01118257,0.76479769,0.88461522,0.46010209,0.8085849988,1.1777934873,257,0.6693919289,-0.090114376,0.2438568327,1.291618726
20050729,20050731,15496.0,01W,DEU,0.080449,2005,7,20050630,20050630,4229.3058281,78.787375202,4229.3058281,0.0272800571,0.0,0.0269682718,-0.0003039,-0.097692363,-0.011879616,0.1433311463,0.0732285999,,0.29091641,-0.042597693,,-0.02570958,0.0182483541,0.142626979,0.1154426608,,0.2929888967,0.0613903783,0.5213395004,,1.55788e-05,,0.0,,,,,,,-2.7273e-05,2.72727e-05,-0.005378908,0.005218568,0.0416549986,,,,0.0716633794,0.1390511802,,,-2.7273e-05,,,,,,,0.1745672673,3.3381631222,,0.0142199102,0.2514543863,-0.114928299,,,1.78007e-05,,,,0.0190466825,0.0006409168,,,,0.1053670212,,,,,,,,,,,1.9770642202,,,,28.689020381,,,,,,,,2610.4198386,,0.1708080731,0.0031008296,28.037693553,0.977297,0.0722852811,0.0722852811,4.5889909101,0.0700364057,,,,,,1.2820332762,,,14.282722849,1.3051658177,0.2110142283,0.388052425,0.6079238756,0.4039415185,0.00546007,7972947.44356518,0.730111,0.00176375,0.70386799,0.00555271,0.00596844,0.00382218,0.01168301,1.30976185,0.08433633,2.47101174,0.01191583,1.1366823,0.01206445,1.28887071,0.0190809,0.04148765,0.01405006,1.07071823,0.00168982,0.0115994,0.76101534,0.86081581,0.46367322,0.8849177171,1.4759936727,258,0.6134696751,-0.113794051,0.209643134,1.2495427741
20050831,20050831,15496.0,01W,DEU,-0.044607,2005,8,20050729,20050731,4569.5484254,85.125725338,4569.5484254,0.0252488198,0.0,0.0269682718,0.0804488044,-0.012237915,-0.051869064,0.1064218168,0.1206390858,0.1344566612,0.1365008514,-0.002843787,,0.0070484615,0.0123139511,0.1101857523,0.1154426608,,0.2929888967,0.0613903783,0.5213395004,,1.55788e-05,,0.0,,,,,,,-0.00037526,0.0003752604,-0.005378908,0.0042872915,0.0416549986,,,,0.0750341064,0.1390511802,,,-0.00037526,,,,,,,0.1688334475,4.7244285125,,0.0058820878,0.2514543863,-0.114928299,,,1.78007e-05,,,,0.022951427,0.0008000073,0.0044192757,0.0001724133,,0.1053670212,,,,,,,,,,,1.8864373217,,,,28.443589744,,,,,,,,2610.4198386,,0.1708080731,0.0031008296,25.237608882,0.8872863485,0.0582992633,-0.090150568,4.0495030974,0.0665767383,,,,,,0.9420694607,,,14.658784698,1.3052004907,0.1689784142,0.1087125371,0.6245133525,0.4270545223,0.00524369,7905850.75857421,0.68513486,0.0017466,0.65564828,0.00553014,0.00587671,0.00530647,0.00667577,0.4893666,-0.21879629,0.49435125,0.00679044,0.43261354,0.00690989,0.57424537,0.01873711,0.0207233,0.01037168,0.26311203,0.00146726,0.01120462,0.85373426,0.93006741,0.47080365,0.8813267635,1.4588610862,259,0.5756373452,-0.174982299,0.2154378165,1.2421659938
20050930,20050930,15496.0,01W,DEU,0.144136,2005,9,20050831,20050831,4365.7136343,81.328504513,4365.7136343,0.026427685,0.0,0.0269682718,-0.044607207,0.0801204561,-0.01852148,,0.2142462181,0.1853162791,-0.007031622,-0.016753218,,-0.092989621,0.0181324627,0.1101857523,0.1154426608,,0.2929888967,0.0613903783,0.5213395004,,1.55788e-05,,0.0,,,,,,,-0.00037526,0.0003752604,-0.005378908,0.0042872915,0.0416549986,,,,0.0750341064,0.1390511802,,,-0.00037526,,,,,,,0.1688334475,4.7244285125,,0.0058820878,0.2514543863,-0.114928299,,,1.78007e-05,,,,0.022951427,0.0008000073,0.0044192757,0.0001724133,,0.1053670212,,,,,,,,,,,1.8864373217,,,,28.443589744,,,,,,,,2610.4198386,,0.1708080731,0.0031008296,26.415950653,0.9287136712,0.0610212508,-0.09435969,4.238574046,0.0696852004,,,,,,0.9906374639,,,14.440530427,1.3506787662,0.0400234972,0.021366004,0.6251515558,0.4178368169,0.0067859,7174538.03653061,0.76248797,0.00158818,0.73178927,0.00569563,0.00605638,0.00237671,0.00774412,0.92107748,0.36037635,0.95512243,0.00759272,1.00647163,0.00775715,0.35450707,0.01177076,0.03157066,0.00981589,1.97873648,0.00164337,0.01100871,0.7622748,0.8885797,0.47771165,0.8780020169,0.9251908777,260,0.5460655443,-0.167923664,0.2145904693,1.2271182998
20051031,20051031,15496.0,01W,DEU,-0.032013,2005,10,20050930,20050930,4994.9712427,93.050890481,4994.9712427,0.0230983721,0.0,0.0269682718,0.1441362538,0.0322530012,-0.068873289,0.0196802568,0.1798483424,0.2582398232,-0.082865404,0.0330451467,,0.1190071492,-0.002987705,0.1101857523,0.1154426608,,0.2929888967,0.0613903783,0.5213395004,,1.55788e-05,,0.0,,,,,,,-0.00037526,0.0003752604,-0.005378908,0.0042872915,0.0416549986,,,,0.0750341064,0.1390511802,,,-0.00037526,,,,,,,0.1688334475,4.7244285125,,0.0058820878,0.2514543863,-0.114928299,,,1.78007e-05,,,,0.022951427,0.0008000073,0.0044192757,0.0001724133,,0.1053670212,,,,,,,,,,,1.8864373217,,,,28.443589744,,,,,,,,2610.4198386,,0.1708080731,0.0031008296,23.088116092,0.8117159719,0.053333902,-0.082472424,3.7046060134,0.0609063826,,,,,,0.8546211172,,,15.05691705,1.4288084325,0.0362364393,-0.879473865,0.6303315858,0.3963785714,0.00584,5975104.51033426,0.5924218,0.00133258,0.59475449,0.00612157,0.00604086,0.00304797,0.01349194,1.28460807,0.17101738,0.68353073,0.01296187,0.92823684,0.01397604,1.17416016,0.0286191,0.03832805,0.0141502,0.98330991,0.00170462,0.01139172,0.41518274,1.0,0.47408565,0.842166253,2.2377470522,261,0.534520392,-0.19802623,0.2154378165,1.2017826027
20051130,20051130,15496.0,01W,DEU,0.000134,2005,11,20051031,20051031,4835.0665995,90.072040609,4835.0665995,0.0238622783,0.0,0.0269682718,-0.032013126,0.0930995314,0.1665846387,0.1197787421,0.3067263002,0.2265862714,-0.110311409,,,0.0036845205,0.0067718881,0.0730909273,0.1154426608,,0.2929888967,-0.227644891,0.5213395004,,1.55788e-05,,0.0,,,,,,,-0.000534577,0.0005345774,-0.005378908,0.0058562739,0.0416549986,,,,0.0801989743,0.1390511802,,,-0.000534577,,,,,,,0.1754279001,4.7960134726,,0.0056522648,0.2514543863,-0.114928299,,,1.78007e-05,,,,0.0217734871,0.0007654972,0.0019401069,8.57784e-05,,0.1053670212,,,,,,,,,,,2.1185837827,,,,27.398915336,,,,,,,,2610.4198386,,0.1708080731,0.0031008296,22.744708458,0.8301317107,0.0487724265,-0.079786687,3.8541700441,0.0665757117,,,,,,0.8732969942,,,14.915488012,1.4521751589,0.2623998785,0.0350743124,0.6344402536,0.4385220207,0.00620948,5775315.14338233,0.60483593,0.00128119,0.61356033,0.006234,0.00615388,0.00856346,0.01052484,-0.53520349,-0.4060536,1.20772097,0.01105753,-0.68152888,0.01133481,-0.6426864,0.01367077,0.0260696,0.01427731,-0.95860538,0.00184812,0.01048025,0.8488357,0.95985339,0.47828028,0.7884790473,1.1275147104,262,0.5665430022,-0.199179174,0.228215261,1.2421179414
20051230,20051231,15496.0,01W,DEU,0.10272,2005,12,20051130,20051130,4835.715338,90.084125903,4835.715338,0.023859077,0.0,0.0269682718,0.0001341736,0.1075088759,0.1428819337,0.0385083092,,,,0.072479923,0.0128838469,0.0162149295,,0.0730909273,0.1154426608,,0.2929888967,-0.227644891,0.5213395004,,1.55788e-05,,0.0,,,,,,,-0.000534577,0.0005345774,-0.005378908,0.0058562739,0.0416549986,,,,0.0801989743,0.1390511802,,,-0.000534577,,,,,,,0.1754279001,4.7960134726,,0.0056522648,0.2514543863,-0.114928299,,,1.78007e-05,,,,0.0217734871,0.0007654972,0.0019401069,8.57784e-05,,0.1053670212,,,,,,,,,,,2.1185837827,,,,27.398915336,,,,,,,,2610.4198386,,0.1708080731,0.0031008296,22.741657127,0.8300203438,0.0487658834,-0.079775984,3.8536529854,0.0665667802,,,,,,0.8731696798,,,14.916080691,1.503571217,0.251085989,0.180445046,0.6363850655,0.3249427918,0.00687041,5818377.21551333,0.60698673,0.00127306,0.62466285,0.00627506,0.00614661,0.00327067,0.0063834,0.35782,-0.02448251,0.55208114,0.00670945,0.40577972,0.00680033,0.40537084,0.00936374,0.01820937,0.00791879,-0.00657408,0.00172592,0.01026091,0.78385341,0.95998217,0.47501922,0.7760199145,0.7783826337,263,0.539239725,-0.240748447,0.1873408859,1.2421179414
20060131,20060131,15496.0,01W,DEU,0.110183,2006,1,20051230,20051231,5332.441707,99.33759879,5332.441707,0.0216365618,0.0,0.0269682718,0.1027203494,-0.031883248,0.1433827523,0.0313694614,0.1294564579,-0.011879616,0.0035875228,0.0418604187,0.0184165679,0.0341328633,,0.0730909273,0.1154426608,,0.2929888967,-0.227644891,0.5213395004,,1.55788e-05,,0.0,,,,,,,-0.000534577,0.0005345774,-0.005378908,0.0058562739,0.0416549986,,,,0.0801989743,0.1390511802,,,-0.000534577,,,,,,,0.1754279001,4.7960134726,,0.0056522648,0.2514543863,-0.114928299,,,1.78007e-05,,,,0.0217734871,0.0007654972,0.0019401069,8.57784e-05,,0.1053670212,,,,,,,,,,,2.1185837827,,,,27.398915336,,,,,,,,2610.4198386,,0.1708080731,0.0031008296,20.623231574,0.7527024819,0.0442232552,-0.07234471,3.4946783992,0.060365967,,,,,,0.7854891592,,,15.327555581,1.5458768393,0.2090223504,0.0866851375,0.6382386893,0.4435760096,0.00573945,6091865.94221507,0.61062338,0.00128585,0.61023876,0.0063262,0.00608001,0.00213867,0.01019206,0.40786734,0.13408224,-0.47926956,0.00995875,0.13211283,0.00866588,0.03096564,0.01887948,0.02688111,0.01056059,0.46820121,0.0016261,0.01055442,0.75957037,0.99940386,0.47992147,0.8139286216,1.5386087505,264,0.534520392,-0.241558115,0.1880806334,1.2082978414
20060228,20060228,15496.0,01W,DEU,0.049985,2006,2,20060131,20060131,5919.9872432,110.28293414,5919.9872432,0.0194891813,0.0,0.0269682718,0.1101832084,0.1028683054,0.1669515695,0.2454014808,0.1954332822,-0.051869064,0.0088276883,0.0437385187,0.0244569942,-0.025472496,,0.0521922857,0.1154426608,,0.2929888967,0.0613903783,0.5213395004,,1.55788e-05,,0.0,,,,,,,0.0008817478,-0.000881748,-0.005378908,0.0055735238,0.0416549986,,,,0.082967316,0.1390511802,,,0.0008817478,,,,,,,0.1712173458,4.3917894352,,0.005327829,0.2514543863,-0.114928299,,,1.78007e-05,,,,0.0240239135,0.0008768199,0.0030086126,0.0001858129,,0.1053670212,,,,,,,,,,,2.0983727943,,,,26.628201439,,,,,,,,2610.4198386,,0.1708080731,0.0031008296,18.839922199,0.7075176385,0.0671887254,-0.033187158,3.1457181431,0.0587008395,,,,,,0.7408595564,,,15.725120093,1.5396291077,0.1705809328,0.3572405931,0.6451426224,0.4901650482,0.00661722,6070889.31093748,0.58326521,0.00121684,0.56846302,0.00657757,0.00619514,0.00669671,0.00795962,-0.47553077,-0.08277321,0.84371286,0.007876,-0.41250781,0.00760052,-0.08449129,0.02425577,0.02863761,0.01439354,-0.23579582,0.00174051,0.01039012,0.78830682,1.0,0.49235072,0.8101900624,1.9369635474,265,0.3890717003,-0.2438389,0.1223824516,1.1192805365
20060331,20060331,15496.0,01W,DEU,0.043915,2006,3,20060228,20060228,6215.8991723,115.79545207,6215.8991723,0.0185613861,0.0,0.0269682718,0.0499852309,0.2242216155,0.3560182227,0.3993284951,0.2715349036,-0.01852148,-0.086048189,0.0070568197,0.0283595771,-0.067148721,,0.0521922857,0.1154426608,,0.2929888967,0.0613903783,0.5213395004,,1.55788e-05,,0.0,,,,,,,0.0008817478,-0.000881748,-0.005378908,0.0055735238,0.0416549986,,,,0.082967316,0.1390511802,,,0.0008817478,,,,,,,0.1712173458,4.3917894352,,0.005327829,0.2514543863,-0.114928299,,,1.78007e-05,,,,0.0240239135,0.0008768199,0.0030086126,0.0001858129,,0.1053670212,,,,,,,,,,,2.0983727943,,,,26.628201439,,,,,,,,2610.4198386,,0.1708080731,0.0031008296,17.94303543,0.6738358004,0.0639901623,-0.031607262,2.9959641817,0.0559063478,,,,,,0.7044393103,,,15.896891434,1.6763852895,0.2134449705,0.6508054279,0.6445753947,0.5271296764,0.00658257,6662550.3990306,0.5353296,0.00127743,0.53725815,0.00656173,0.00627532,0.00337784,0.01232776,0.4346634,-0.37619628,-0.80481723,0.01283659,0.13686914,0.01280104,0.43562884,0.01985293,0.02635166,0.01233142,0.43377092,0.00159164,0.01066023,0.82741882,0.97127136,0.50064023,0.8308085982,1.567963572,266,0.3357884514,-0.233237208,0.1228647475,1.0475067393
20060428,20060430,15496.0,01W,DEU,0.021718,2006,4,20060331,20060331,6488.8685778,120.88057569,6488.8685778,0.0177805581,0.0,0.0269682718,0.0439147093,0.1656759724,0.2444314232,0.469720901,0.3257373797,-0.068873289,-0.023996675,-0.086790798,0.0402418959,0.1901972389,,0.0521922857,0.1154426608,,0.2929888967,0.0613903783,0.5213395004,,1.55788e-05,,0.0,,,,,,,0.0008817478,-0.000881748,-0.005378908,0.0055735238,0.0416549986,,,,0.082967316,0.1390511802,,,0.0008817478,,,,,,,0.1712173458,4.3917894352,,0.005327829,0.2514543863,-0.114928299,,,1.78007e-05,,,,0.0240239135,0.0008768199,0.0030086126,0.0001858129,,0.1053670212,,,,,,,,,,,2.0983727943,,,,26.628201439,,,,,,,,2610.4198386,,0.1708080731,0.0031008296,17.188219755,0.6454893244,0.0612982668,-0.030277629,2.8699319542,0.0535545167,,,,,,0.6738801678,,,16.041453385,1.7137865023,0.1333420143,0.7440793397,0.6421753701,0.5218340611,0.00356787,9849555.17540891,1.4880637,0.00169895,1.32124281,0.00594203,0.00616155,0.00370308,0.01067189,2.15055207,-0.2594166,-0.0135576,0.01096493,2.13448031,0.01041772,1.54636971,0.01722387,0.03855824,0.01152037,1.5657879,0.00138263,0.01016983,0.84712337,0.96553533,0.49087144,0.7689836351,1.4253975452,267,0.4334429183,-0.222635517,0.1302036852,1.0900690898
20060531,20060531,15496.0,01W,DEU,0.14016,2006,5,20060428,20060430,6629.7940041,123.50586336,6629.7940041,0.0174026078,0.0,0.0269682718,0.0217180275,0.0960950271,0.3420432675,0.4200240316,0.5154870844,0.1665846387,-0.203885759,-0.011937643,0.0433015023,-0.006553722,,-0.071705454,-0.088732499,,6.9593308708,0.1706886038,0.7098055143,,0.0005154161,,0.0,,,,,,,0.0004487549,-0.000448755,0.0002925649,0.0008741926,0.0485624708,,,,0.0875871688,0.1448467967,,,0.0004487549,,,,,,,0.1546954064,2.9826900119,,0.0098281942,-0.050702407,-0.040880152,,,0.000478458,,,,0.0247871273,0.00093086,0.0057404447,0.0002899431,,-8.015345508,,,,,,,,,,,1.8566878981,,,,26.025941423,,,,,,,,3065.7319407,,0.0500005756,0.0029653169,16.603404169,0.6379559494,0.0535633865,0.0535633865,2.6676701917,0.0558767554,,,,,,0.8489133171,,,15.498540176,1.7024593778,0.1970293672,0.4048166833,0.5826636598,0.5278597031,0.00468175,11784118.0763885,1.31153055,0.00194788,1.20740024,0.00567853,0.00607047,0.00295698,0.00475826,-0.19642999,-0.61870342,0.43920374,0.0044968,-0.53552381,0.00517251,-0.14026692,0.00769217,0.01380055,0.0065465,-0.84518719,0.001066,0.00993273,0.69799033,0.98650485,0.49488295,0.7457179041,0.6591147205,268,0.2147557124,-0.408296744,-0.169960453,1.0399286879
20060630,20060630,15496.0,01W,DEU,0.02841,2006,6,20060531,20060531,7409.0913736,138.02332716,7409.0913736,0.0344406922,0.0,0.0470031438,0.1401603936,0.0665864777,0.3710058473,0.5186048741,0.5671080503,0.1428819337,-0.156482017,-0.0003039,0.0560709835,0.0226112925,,-0.071705454,-0.088732499,,6.9593308708,0.1706886038,0.7098055143,,0.0005154161,,0.0,,,,,,,0.0004487549,-0.000448755,0.0002925649,0.0008741926,0.0485624708,,,,0.0875871688,0.1448467967,,,0.0004487549,,,,,,,0.1546954064,2.9826900119,,0.0098281942,-0.050702407,-0.040880152,,,0.000478458,,,,0.0247871273,0.00093086,0.0057404447,0.0002899431,,-8.015345508,,,,,,,,,,,1.8566878981,,,,26.025941423,,,,,,,,3065.7319407,,0.0500005756,0.0029653169,14.857037639,0.5708549557,0.0479295235,0.0479295235,2.3870813504,0.0499995693,,,,,,0.7637074442,,,15.90188845,1.6719649665,0.1566853788,0.575654507,0.6116035696,0.5205928863,0.00487553,13971775.0566641,1.09935257,0.00221383,1.05286946,0.00540356,0.00594959,0.0032568,0.00660762,0.22248004,-0.00526875,0.4020148,0.00689265,0.2615172,0.00700593,0.07223431,0.0181802,0.02637874,0.00858404,0.55553291,0.00089706,0.01009778,0.46113543,1.0,0.49125837,0.6639165745,1.5643263038,269,0.2645541385,-0.404927163,-0.163780073,1.0650154216
20060731,20060731,15496.0,01W,DEU,-0.022791,2006,7,20060630,20060630,7619.586205,141.9446173,7619.586205,0.0183472602,0.0,0.020034872,0.0284103436,0.1649224284,0.4175548382,0.5133277398,0.787297691,0.1433827523,-0.172786221,0.0804488044,0.0513402143,-0.058229971,,-0.071705454,-0.088732499,,6.9593308708,0.1706886038,0.7098055143,,0.0005154161,,0.0,,,,,,,0.0004487549,-0.000448755,0.0002925649,0.0008741926,0.0485624708,,,,0.0875871688,0.1448467967,,,0.0004487549,,,,,,,0.1546954064,2.9826900119,,0.0098281942,-0.050702407,-0.040880152,,,0.000478458,,,,0.0247871273,0.00093086,0.0057404447,0.0002899431,,-8.015345508,,,,,,,,,,,1.8566878981,,,,26.025941423,,,,,,,,3065.7319407,,0.0500005756,0.0029653169,14.446604638,0.5550848057,0.0466054467,0.0466054467,2.3211370494,0.0486183066,,,,,,0.7435491359,,,15.99668381,1.6660330135,0.3470791346,0.5246391463,0.5741515062,0.6050443459,0.00583848,14130893.084882,1.08637436,0.00214405,1.09169877,0.005392,0.00598338,0.00648306,0.00882974,1.11945627,0.10274483,0.26477777,0.00871126,0.76583291,0.0088268,1.01255302,0.01971674,0.02704785,0.01297046,0.44076602,0.00092767,0.00977757,0.49197856,1.0,0.49488525,0.5839729276,1.713973119,270,0.2982546088,-0.419891209,-0.141895583,1.0896057773
20060831,20060831,15496.0,01W,DEU,-0.007694,2006,8,20060731,20060731,7445.9262835,138.70952153,7445.9262835,0.0187751699,0.0,0.020034872,-0.022791254,0.1725527421,0.3131418734,0.6077923601,0.7012147406,0.1669515695,-0.184738343,-0.044607207,0.0533234828,-0.028985994,,-0.005464383,-0.019793993,,6.9593308708,0.1706886038,0.7098055143,,0.0005154161,,0.0,,,,,,,0.000189431,-0.000189431,0.0005800815,0.0023316023,0.0485624708,,,,0.089728211,0.1448467967,,,0.000189431,,,,,,,0.1577099482,4.0946946346,,0.0037682077,-0.050702407,-0.040880152,,,0.000478458,,,,0.0234709991,0.0009018309,0.0005195721,0.0001018236,,-8.015345508,,,,,,,,,,,1.8597267654,,,,26.537815126,,,,,,,,3065.7319407,,0.0500005756,0.0029653169,15.403630722,0.580440803,0.0386960535,-0.019348027,2.4359796004,0.0520819148,,,,,,0.6066486299,,,15.922956735,1.6718809493,0.3721031787,0.4995781304,0.5573040091,0.612264559,0.00707767,13742599.7312828,1.13449228,0.00204434,1.16953993,0.00533653,0.00609489,0.00295712,0.00485449,-0.75252708,0.21783042,0.60454517,0.00445248,-0.74957853,0.0046318,-1.15144315,0.00952939,0.01659464,0.00874711,0.07797909,0.00089256,0.00969152,0.49893277,0.97608703,0.50288931,0.5654823445,0.8338004754,271,0.2503416823,-0.415692296,-0.183631699,1.0909174342
20060929,20060930,15496.0,01W,DEU,-0.010235,2006,9,20060831,20060831,7388.6370134,137.64228464,7388.6370134,0.0189207469,0.0,0.020034872,-0.007694042,0.0049715826,0.2221254988,0.5709379782,0.7400611933,0.3560182227,-0.155163386,0.1441362538,0.0395207286,-0.113314697,,-0.005464383,-0.019793993,,6.9593308708,0.1706886038,0.7098055143,,0.0005154161,,0.0,,,,,,,0.000189431,-0.000189431,0.0005800815,0.0023316023,0.0485624708,,,,0.089728211,0.1448467967,,,0.000189431,,,,,,,0.1577099482,4.0946946346,,0.0037682077,-0.050702407,-0.040880152,,,0.000478458,,,,0.0234709991,0.0009018309,0.0005195721,0.0001018236,,-8.015345508,,,,,,,,,,,1.8597267654,,,,26.537815126,,,,,,,,3065.7319407,,0.0500005756,0.0029653169,15.523065844,0.5849413665,0.0389960911,-0.019498046,2.4548674538,0.0524857424,,,,,,0.6114459392,,,15.8965137,1.6729929373,0.4141856109,0.2185610792,0.5577806337,0.6220430466,0.00790219,12813128.1481068,1.23605029,0.00188196,1.29220136,0.00538926,0.00613662,0.00469828,0.00636886,-0.94009604,-0.19047521,0.53319619,0.00652405,-0.71293321,0.00647601,-0.52485483,0.0107185,0.01812944,0.0092536,-0.43258723,0.00126453,0.00957115,0.51569146,0.96857697,0.50772081,0.5597395912,0.944518922,272,0.2894533515,-0.406562468,-0.185742791,1.0997495746
20061031,20061031,15496.0,01W,DEU,0.002559,2006,10,20060929,20060930,7313.015779,136.23354315,7313.015779,0.0191163995,0.0,0.020034872,-0.010234802,-0.030309939,0.1617064142,0.413641379,0.5091498793,0.2444314232,0.0707211884,-0.032013126,0.0415005763,0.1110400461,,-0.005464383,-0.019793993,,6.9593308708,0.1706886038,0.7098055143,,0.0005154161,,0.0,,,,,,,0.000189431,-0.000189431,0.0005800815,0.0023316023,0.0485624708,,,,0.089728211,0.1448467967,,,0.000189431,,,,,,,0.1577099482,4.0946946346,,0.0037682077,-0.050702407,-0.040880152,,,0.000478458,,,,0.0234709991,0.0009018309,0.0005195721,0.0001018236,,-8.015345508,,,,,,,,,,,1.8597267654,,,,26.537815126,,,,,,,,3065.7319407,,0.0500005756,0.0029653169,15.683584218,0.5909900323,0.0393993355,-0.019699668,2.4802523447,0.0530284783,,,,,,0.617895738,,,15.8609748,1.7759108426,0.2158167449,0.1113921152,0.5621219449,0.5791288329,0.00816539,8946330.69259353,0.96747402,0.00127733,1.00786582,0.00629013,0.00625219,0.00313608,0.00459323,0.29375531,0.44139923,0.57796297,0.00427775,0.32666788,0.00461373,-0.04479567,0.00983565,0.01495936,0.0066731,0.86188228,0.00162373,0.00879409,0.5577378,0.95866378,0.49850494,0.5302199519,0.9166908803,273,0.282655733,-0.417218119,-0.178046774,1.0755920135
20061130,20061130,15496.0,01W,DEU,0.047953,2006,11,20061031,20061031,7331.7308416,136.58218445,7331.7308416,0.0190676027,0.0,0.020034872,0.0025591443,-0.017850097,0.1253756404,0.2603082349,0.5431035994,0.3420432675,-0.081352673,0.0001341736,0.0417210282,,,0.0948082253,-0.003226101,,6.9593308708,1.1538712227,0.7098055143,,0.0005154161,,0.0,,,,,,,0.0036281242,-0.003628124,-0.000367814,0.001766027,0.0485624708,,,,0.0981002296,0.1448467967,,,0.0036281242,,,,,,,0.1612623111,4.1513571417,,0.0057248463,-0.050702407,-0.040880152,,,0.000478458,,,,0.0266294252,0.0010034521,0.0048559381,0.0002379549,,-8.015345508,,,,,,,,,,,1.7428727797,,,,28.487443268,,,,,,,,3065.7319407,,0.0500005756,0.0029653169,16.421558568,0.5764490135,0.0917434739,-0.002267424,2.5335149789,0.0565497806,,,,,,0.611672882,,,15.897965593,1.7560273767,0.1872765975,0.0885468138,0.5580426393,0.5777220481,0.00846042,6529583.42821513,1.03143416,0.00090564,1.05743334,0.00697696,0.00636265,0.00276715,0.00299304,-0.31720373,0.01421222,0.65985886,0.00288552,-0.05456474,0.00291626,-0.33000133,0.00463452,0.00568068,0.00394024,-0.83706114,0.00178375,0.0082221,0.47520828,0.96111714,0.4959618,0.5016802028,0.4647268525,274,0.2978188128,-0.402146309,-0.187080271,1.1310479003
20061229,20061231,15496.0,01W,DEU,0.008669,2006,12,20061130,20061130,7683.3062966,143.13165342,7683.3062966,0.0181951006,0.0,0.020034872,0.0479525862,-0.00770185,-0.010441298,0.203382208,0.5468450783,0.3710058473,0.0418741955,0.1027203494,0.0367421406,0.0381781078,,0.0948082253,-0.003226101,,6.9593308708,1.1538712227,0.7098055143,,0.0005154161,,0.0,,,,,,,0.0036281242,-0.003628124,-0.000367814,0.001766027,0.0485624708,,,,0.0981002296,0.1448467967,,,0.0036281242,,,,,,,0.1612623111,4.1513571417,,0.0057248463,-0.050702407,-0.040880152,,,0.000478458,,,,0.0266294252,0.0010034521,0.0048559381,0.0002379549,,-8.015345508,,,,,,,,,,,1.7428727797,,,,28.487443268,,,,,,,,3065.7319407,,0.0500005756,0.0029653169,15.670135066,0.550071655,0.0875454434,-0.002163671,2.4175855018,0.0539621557,,,,,,0.5836230467,,,16.055162368,1.8173355341,0.1572461297,-0.901637561,0.5595402347,0.5832496149,0.0086068,4063636.00974938,1.0070272,0.00054831,1.00698715,0.00790669,0.00648375,0.0024875,0.00425423,0.22891835,0.60120654,-0.05930627,0.00431456,0.0094782,0.00411817,-0.04374773,0.00976517,0.01358017,0.0050493,0.82914214,0.00204341,0.00809359,0.47255046,1.0,0.50525362,0.5033821512,0.9959366119,275,0.3014994485,-0.413554813,-0.19678854,1.1582495408
20070131,20070131,15496.0,01W,DEU,0.023292,2007,1,20061229,20061231,7749.9108298,144.37242355,7749.9108298,0.0180387277,0.0,0.020034872,0.0086687333,0.0506344481,0.0083626709,0.2080369074,0.4700193944,0.4175548382,0.0489201547,0.1101832084,0.0275135519,0.0354858002,,0.0948082253,-0.003226101,,6.9593308708,1.1538712227,0.7098055143,,0.0005154161,,0.0,,,,,,,0.0036281242,-0.003628124,-0.000367814,0.001766027,0.0485624708,,,,0.0981002296,0.1448467967,,,0.0036281242,,,,,,,0.1612623111,4.1513571417,,0.0057248463,-0.050702407,-0.040880152,,,0.000478458,,,,0.0266294252,0.0010034521,0.0048559381,0.0002379549,,-8.015345508,,,,,,,,,,,1.7428727797,,,,28.487443268,,,,,,,,3065.7319407,,0.0500005756,0.0029653169,15.535462286,0.5453442115,0.0867930576,-0.002145076,2.3968082106,0.0534983924,,,,,,0.5785964723,,,16.083335731,1.8127292934,0.1112577918,-1.368547699,0.5570419679,0.5339531803,0.00876371,2858750.19038234,0.7326973,0.00038488,0.73860027,0.00849044,0.00668052,0.00316141,0.00403,-0.28582955,-0.07751682,0.92104881,0.00385592,-0.2796936,0.0036641,-0.86669769,0.00486224,0.00737961,0.0040615,-0.38097355,0.00215587,0.00766904,0.46822251,0.99350113,0.5094382,0.4904930449,0.516357438,276,0.2989008076,-0.401399674,-0.206531888,1.1618068357
20070228,20070228,15496.0,01W,DEU,0.015893,2007,2,20070131,20070131,7930.4200071,147.73511352,7930.4200071,0.0176281371,0.0,0.020034872,0.0232917747,0.0570370077,0.0408256186,0.1926079646,0.335601718,0.3131418734,0.1868207458,0.0499852309,0.0250868741,-0.052559703,,0.09723401,0.0316668063,,6.9593308708,0.1706886038,0.7098055143,,0.0005154161,,0.0,,,,,,,0.0024397441,-0.002439744,-0.000265531,0.0025670664,0.0485624708,,,,0.1053134608,0.1448467967,,,0.0024397441,,,,,,,0.1642718936,4.0555531185,,0.0060838472,-0.050702407,-0.040880152,,,0.000478458,,,,0.0369128037,0.001295757,0.0128888902,0.0004189371,,-8.015345508,,,,,,,,,,,1.7252901716,,,,27.178873239,,,,,,,,3065.7319407,,0.0500005756,0.0029653169,15.431315392,0.5677687686,0.0878042406,-0.006077525,2.4226119027,0.059793694,,,,,,0.6010093679,,,15.914664505,1.8149058802,0.0236943569,-1.10961282,0.5712825427,0.5211877897,0.00840961,2596145.96285448,0.70600131,0.00034528,0.71143041,0.00867317,0.00680591,0.00381213,0.0060379,0.11792694,-0.51237573,0.43950646,0.0057908,-0.14055776,0.00638106,0.01060539,0.00984456,0.01439345,0.00725471,-0.3105703,0.00223723,0.00722903,0.45826454,0.99206114,0.50544955,0.4548894807,1.1377462876,277,0.3242724698,-0.353995863,-0.338036909,1.1880572675
20070330,20070331,15496.0,01W,DEU,0.036862,2007,3,20070228,20070228,8056.4602498,150.08310638,8056.4602498,0.0173523516,0.0,0.020034872,0.015893262,0.0321624182,0.0733265138,0.0703633694,0.3016471205,0.2221254988,0.2695739763,0.0439147093,0.0225394698,-0.05114227,,0.09723401,0.0316668063,,6.9593308708,0.1706886038,0.7098055143,,0.0005154161,,0.0,,,,,,,0.0024397441,-0.002439744,-0.000265531,0.0025670664,0.0485624708,,,,0.1053134608,0.1448467967,,,0.0024397441,,,,,,,0.1642718936,4.0555531185,,0.0060838472,-0.050702407,-0.040880152,,,0.000478458,,,,0.0369128037,0.001295757,0.0128888902,0.0004189371,,-8.015345508,,,,,,,,,,,1.7252901716,,,,27.178873239,,,,,,,,3065.7319407,,0.0500005756,0.0029653169,15.189898358,0.5588862431,0.0864305768,-0.005982444,2.384711065,0.0588582445,,,,,,0.5915502171,,,15.968148273,1.8150443269,-0.04479299,-1.020992793,0.5727878341,0.5121044716,0.00878775,2445178.86591682,0.62785285,0.00032186,0.62908631,0.00880135,0.00697271,0.00194783,0.00573634,0.30356898,0.57361481,0.42389944,0.00597439,0.61918665,0.00574839,0.57790417,0.00967343,0.01211107,0.00690749,0.14403091,0.00233449,0.00653602,0.38494307,0.99341874,0.50638512,0.4219044179,1.1824070508,278,0.31262188,-0.375181852,-0.358030595,1.2208667424
20070430,20070430,15496.0,01W,DEU,0.016269,2007,4,20070330,20070331,8353.4396273,155.61550971,8353.4396273,0.0167354452,0.0,0.020034872,0.0368622656,0.039555219,0.1016604494,0.0573356654,0.2667074497,0.1617064142,0.2685751679,0.0217180275,0.0239162187,0.1386103064,,0.09723401,0.0316668063,,6.9593308708,0.1706886038,0.7098055143,,0.0005154161,,0.0,,,,,,,0.0024397441,-0.002439744,-0.000265531,0.0025670664,0.0485624708,,,,0.1053134608,0.1448467967,,,0.0024397441,,,,,,,0.1642718936,4.0555531185,,0.0060838472,-0.050702407,-0.040880152,,,0.000478458,,,,0.0369128037,0.001295757,0.0128888902,0.0004189371,,-8.015345508,,,,,,,,,,,1.7252901716,,,,27.178873239,,,,,,,,3065.7319407,,0.0500005756,0.0029653169,14.649870925,0.5390168605,0.0833578187,-0.005769758,2.2999304191,0.056765731,,,,,,0.5703975272,,,16.087786483,1.8245994465,-0.060192206,-0.752811785,0.5755791143,0.5165425695,0.00801632,2685305.66702871,0.57548974,0.00034469,0.55268608,0.00876855,0.00762806,0.00417004,0.00767999,0.38419556,0.27415333,0.31457235,0.0079739,0.40197668,0.0074395,0.2136611,0.01305705,0.01694746,0.00864289,-0.01134186,0.00225132,0.00616687,0.34463031,0.99099616,0.50523205,0.3953861609,1.6606812708,279,0.3278132094,-0.363924083,-0.347977771,1.2494528225
20070531,20070531,15496.0,01W,DEU,0.000273,2007,5,20070430,20070430,8489.3433046,158.14724764,8489.3433046,0.0164675318,0.0,0.020034872,0.0162691877,0.0533413892,0.1393543773,0.1218805168,0.285483001,0.1253756404,0.2133787656,0.1401603936,0.0126533818,0.0073279778,,0.1746203767,0.1611565407,,-0.3083356,1.9028854903,0.180276895,,-0.000154737,,0.0,,,,,,,0.0041897806,-0.004189781,-0.000914447,0.0056007782,0.0481116069,,,,0.1193813825,0.1363102,,,0.0041897806,,,,,,,0.1715822314,2.8332082185,,0.0121474234,0.195017645,-0.028742446,,,-0.000181757,,,,0.0449580022,0.0016541525,0.0201708749,0.0007232926,,-0.121679204,,,,,4.125920855,,,,,,1.3400232758,,,,26.10152078,,,,,,,,5347.03809,,-0.024166358,0.0029886089,15.230726107,0.5835187243,0.1056439886,0.1056439886,2.4190722908,0.069661272,,,,,,0.7722448931,,,15.793946015,1.8051268971,-0.033036064,-0.427513537,0.7004574439,0.521996054,0.00813277,2971616.32727663,0.60696768,0.00037053,0.58301325,0.00871449,0.00803229,0.00206129,0.00556864,-0.21486732,0.17127102,0.70653466,0.00489571,-0.82807753,0.00528199,-0.58459411,0.00742742,0.00800201,0.00569908,-0.36412103,0.00224326,0.00624135,0.31030448,0.97427793,0.50808745,0.3987317914,0.9508972235,280,0.1225146939,-0.341377107,-0.946142659,1.5680272153
20070629,20070630,15496.0,01W,DEU,-0.014005,2007,6,20070531,20070531,8325.1466033,155.08844139,8325.1466033,0.0201506066,0.0,0.019804332,0.0002733671,0.0537311724,0.1049075719,0.148972847,0.145800865,-0.010441298,0.470731551,0.0284103436,0.0100954749,0.0176853442,,0.1746203767,0.1611565407,,-0.3083356,1.9028854903,0.180276895,,-0.000154737,,0.0,,,,,,,0.0041897806,-0.004189781,-0.000914447,0.0056007782,0.0481116069,,,,0.1193813825,0.1363102,,,0.0041897806,,,,,,,0.1715822314,2.8332082185,,0.0121474234,0.195017645,-0.028742446,,,-0.000181757,,,,0.0449580022,0.0016541525,0.0201708749,0.0007232926,,-0.121679204,,,,,4.125920855,,,,,,1.3400232758,,,,26.10152078,,,,,,,,5347.03809,,-0.024166358,0.0029886089,15.531121416,0.5950274525,0.1077276029,0.1077276029,2.4667836056,0.0710351999,,,,,,0.7859946368,,,15.724138749,1.7992346345,-0.729017069,-0.999655486,0.6963330526,0.3918946815,0.00828346,3229800.13382967,0.58282792,0.00039617,0.56599663,0.00867305,0.00845771,0.00282197,0.00479678,1.39524872,-0.22818087,0.5674076,0.00416126,0.33789965,0.00461606,1.02562671,0.00843849,0.01484022,0.00603831,0.82910923,0.00218812,0.00579059,0.35573868,0.95543392,0.51073626,0.4089623124,1.1303909146,281,0.097666339,-0.346626871,-0.991481617,1.5736629545
20070731,20070731,15496.0,01W,DEU,-0.018778,2007,7,20070629,20070630,8208.5493905,152.91636192,8208.5493905,0.0204368332,0.0,0.019804332,-0.014005425,0.0165470022,0.0957111892,0.1611712962,0.1144521215,0.0083626709,0.595481568,-0.022791254,0.0108941866,-0.062189944,,0.1746203767,0.1611565407,,-0.3083356,1.9028854903,0.180276895,,-0.000154737,,0.0,,,,,,,0.0041897806,-0.004189781,-0.000914447,0.0056007782,0.0481116069,,,,0.1193813825,0.1363102,,,0.0041897806,,,,,,,0.1715822314,2.8332082185,,0.0121474234,0.195017645,-0.028742446,,,-0.000181757,,,,0.0449580022,0.0016541525,0.0201708749,0.0007232926,,-0.121679204,,,,,4.125920855,,,,,,1.3400232758,,,,26.10152078,,,,,,,,5347.03809,,-0.024166358,0.0029886089,15.751731098,0.6034794383,0.1092578049,0.1092578049,2.5018226946,0.0720442096,,,,,,0.7960595224,,,15.67287244,1.7991988938,-1.249244833,-1.081730686,0.7062704329,0.3558382216,0.00792175,3628059.09675694,0.61909114,0.0004418,0.60936776,0.00854547,0.00864531,0.00241395,0.00416166,0.46820996,-0.17140768,0.30753667,0.00371171,0.52065524,0.00358728,0.77312595,0.00738765,0.01045288,0.00615479,0.27276121,0.00207558,0.0053175,0.33653643,0.94205266,0.51158689,0.3999340912,1.1016101864,282,0.1045070996,-0.364755942,-0.998494755,1.5901800982
20070831,20070831,15496.0,01W,DEU,-0.034724,2007,8,20070731,20070731,8054.4067418,150.04485175,8054.4067418,0.0208279467,0.0,0.019804332,-0.018778306,-0.013735886,0.0557744286,0.141986092,0.12447187,0.0408256186,0.9781319578,-0.007694042,0.0098865263,-0.020624702,,0.1584944117,0.1355852039,,-0.3083356,1.6930204261,0.180276895,,-0.000154737,,0.0,,,,,,,0.0041080014,-0.004108001,-0.000940449,0.0056395625,0.0481116069,,,,0.1195912335,0.1363102,,,0.0041080014,,,,,,,0.1663984746,3.6929694795,,0.0047581489,0.195017645,-0.028742446,,,-0.000181757,,,,0.0268388501,0.0010282485,0.003367851,0.0001264176,,-0.121679204,,,,,-0.122944104,,,,,,1.3444954173,,,,26.20110517,,,,,,,,5347.03809,,-0.024166358,0.0029886089,16.496895245,0.6296259314,0.1035419797,0.0250472964,2.557281561,0.0752977417,,,,,,0.6755522181,,,15.450940275,1.7899525263,-1.255468751,-1.316326767,0.7105931421,0.3588808887,0.00797985,3867170.68998859,0.59784748,0.00046678,0.59353272,0.00847268,0.00869661,0.00326434,0.00550666,0.10266082,-0.5484201,0.60357031,0.00572045,0.14644502,0.00463549,-0.07494042,0.00595948,0.00725012,0.00717858,-1.42308283,0.00193714,0.00535529,0.38677106,0.92436251,0.48753808,0.3833856074,0.9090180843,283,0.0648939901,-0.262334251,-1.025374483,1.5918326371
20070928,20070930,15496.0,01W,DEU,0.076954,2007,9,20070831,20070831,7774.721732,144.83462371,7774.721732,0.0215772037,0.0,0.019804332,-0.034724471,-0.032520732,0.019741751,0.0692673915,0.1119112858,0.0733265138,0.9296899711,-0.010234802,0.0076601927,-0.052971553,,0.1584944117,0.1355852039,,-0.3083356,1.6930204261,0.180276895,,-0.000154737,,0.0,,,,,,,0.0041080014,-0.004108001,-0.000940449,0.0056395625,0.0481116069,,,,0.1195912335,0.1363102,,,0.0041080014,,,,,,,0.1663984746,3.6929694795,,0.0047581489,0.195017645,-0.028742446,,,-0.000181757,,,,0.0268388501,0.0010282485,0.003367851,0.0001264176,,-0.121679204,,,,,-0.122944104,,,,,,1.3444954173,,,,26.20110517,,,,,,,,5347.03809,,-0.024166358,0.0029886089,17.09034855,0.6522758654,0.1072667612,0.0259483387,2.6492762771,0.0780064753,,,,,,0.6992396385,,,15.31127648,1.7932039827,-1.270377669,-1.643954472,0.7097117005,0.3471178422,0.00744806,4403902.40348164,0.52392905,0.00053716,0.52803099,0.00824941,0.00865767,0.0042038,0.00898034,-0.30639897,-0.28173002,0.95311409,0.00926627,-0.12485415,0.00956656,-0.30888589,0.01437795,0.01763894,0.01294853,-0.54786516,0.00160083,0.00573531,0.55827184,0.89226451,0.50336928,0.4135689608,2.0257832044,284,0.0807772899,-0.278155217,-1.021585335,1.6005156239
20071031,20071031,15496.0,01W,DEU,0.004114,2007,10,20070928,20070930,8373.0170058,155.98021501,8373.0170058,0.0200354011,0.0,0.019804332,0.0769539148,-0.052850709,-0.050662956,0.0232672168,0.0843993675,0.1016604494,2.0575699263,0.0025591443,0.0144233537,0.0709796505,,0.1584944117,0.1355852039,,-0.3083356,1.6930204261,0.180276895,,-0.000154737,,0.0,,,,,,,0.0041080014,-0.004108001,-0.000940449,0.0056395625,0.0481116069,,,,0.1195912335,0.1363102,,,0.0041080014,,,,,,,0.1663984746,3.6929694795,,0.0047581489,0.195017645,-0.028742446,,,-0.000181757,,,,0.0268388501,0.0010282485,0.003367851,0.0001264176,,-0.121679204,,,,,-0.122944104,,,,,,1.3444954173,,,,26.20110517,,,,,,,,5347.03809,,-0.024166358,0.0029886089,15.869154952,0.6056673888,0.0996019976,0.024094196,2.4599718156,0.0724325101,,,,,,0.6504508837,,,15.598673198,1.7715452428,-1.310674047,-3.036300372,0.7093022893,0.3663272346,0.00777176,4421831.00618284,0.56162836,0.00054078,0.5642662,0.00821856,0.00862199,0.00320736,0.00488776,1.0361581,-0.48708115,1.13257147,0.0050342,0.9224525,0.00499039,0.52864074,0.01556169,0.01950486,0.00844806,0.36317045,0.00166419,0.00580902,0.57707815,0.96092776,0.50211496,0.4142104471,2.1331894839,285,0.0563268785,-0.303831083,-1.028941491,1.5844502224
20071130,20071130,15496.0,01W,DEU,-0.034962,2007,11,20071031,20071031,8407.4607074,156.62186377,8407.4607074,0.0199533201,0.0,0.019804332,0.0041136548,0.0395572603,0.0060250362,0.0769280691,0.1648670811,0.1393543773,1.4638215384,0.0479525862,0.0104379963,,,0.1318326005,0.1231873068,,-0.3083356,1.7694275913,0.180276895,,-0.000154737,,0.0,,,,,,,0.0010512379,-0.001051238,-0.000337008,0.006293716,0.0481116069,,,,0.1288194536,0.1363102,,,0.0010512379,,,,,,,0.1625691691,3.6793602716,,0.0038673535,0.195017645,-0.028742446,,,-0.000181757,,,,0.032246832,0.0012307432,0.0056174068,0.0002272911,,-0.121679204,,,,,0.3646523616,,,,,,1.4122779893,,,,26.803770862,,,,,,,,5347.03809,,-0.024166358,0.0029886089,16.208328838,0.6047033054,0.0970437581,0.0343604206,2.4815174292,0.0778975494,,,,,,0.652038322,,,15.408943772,1.703137285,-0.575757015,-0.459524868,0.7055066738,0.4259208628,0.0085015,4152140.61223458,0.62315109,0.00050984,0.62568827,0.00827808,0.00862444,0.00338781,0.0050638,-0.66326365,0.13554464,0.78131823,0.0052615,-0.84385937,0.00543215,-0.70791861,0.00905592,0.01408699,0.00720572,0.07745666,0.00204202,0.00593013,0.58161632,0.96488068,0.48560552,0.4023231049,1.2077309245,286,0.0543625569,-0.223556627,-1.06657115,1.5821527431
20071228,20071231,15496.0,01W,DEU,0.038434,2007,12,20071130,20071130,8113.5181407,151.14603293,8113.5181407,0.0206762038,0.0,0.019804332,-0.03496211,0.0813841315,0.009887406,0.0644407438,0.1161372734,0.1049075719,1.5758532117,0.0086687333,0.006471556,0.0400299462,,0.1318326005,0.1231873068,,-0.3083356,1.7694275913,0.180276895,,-0.000154737,,0.0,,,,,,,0.0010512379,-0.001051238,-0.000337008,0.006293716,0.0481116069,,,,0.1288194536,0.1363102,,,0.0010512379,,,,,,,0.1625691691,3.6793602716,,0.0038673535,0.195017645,-0.028742446,,,-0.000181757,,,,0.032246832,0.0012307432,0.0056174068,0.0002272911,,-0.121679204,,,,,0.3646523616,,,,,,1.4122779893,,,,26.803770862,,,,,,,,5347.03809,,-0.024166358,0.0029886089,16.795536224,0.6266109463,0.1005595315,0.0356052554,2.5714196873,0.0807196797,,,,,,0.6748486823,,,15.266768069,1.7100852978,-0.701658625,-0.385375251,0.705153126,0.40644358,0.00791406,4231787.99523832,0.60292785,0.00052221,0.60508612,0.00821132,0.00857247,0.00537789,0.01187871,-0.60371691,-0.26015953,0.5885425,0.01134992,-0.62103568,0.01150893,-0.9340792,0.0166669,0.02736489,0.01522006,-0.995867,0.00214826,0.00683233,0.68363736,0.93114642,0.49168926,0.4506435665,1.9448913799,287,0.0517939756,-0.232310713,-1.05468751,1.5467167622
20080131,20080131,15496.0,01W,DEU,-0.088364,2008,1,20071228,20071231,8425.3532597,156.95518259,8425.3532597,0.0199109461,0.0,0.019804332,0.0384340201,-0.030992277,-0.011577106,-0.009294018,0.0678577848,0.0957111892,1.9324947993,0.0232917747,0.0078481237,0.0677347564,,0.1318326005,0.1231873068,,-0.3083356,1.7694275913,0.180276895,,-0.000154737,,0.0,,,,,,,0.0010512379,-0.001051238,-0.000337008,0.006293716,0.0481116069,,,,0.1288194536,0.1363102,,,0.0010512379,,,,,,,0.1625691691,3.6793602716,,0.0038673535,0.195017645,-0.028742446,,,-0.000181757,,,,0.032246832,0.0012307432,0.0056174068,0.0002272911,,-0.121679204,,,,,0.3646523616,,,,,,1.4122779893,,,,26.803770862,,,,,,,,5347.03809,,-0.024166358,0.0029886089,16.173907923,0.6034191236,0.0968376706,0.0342874509,2.4762475397,0.0777321218,,,,,,0.6506995209,,,15.417277825,1.6967720133,-0.669450564,-0.391173699,0.7075260956,0.4171747881,0.0083738,4015525.03154422,0.59071489,0.00049663,0.59524238,0.00826964,0.00854532,0.00671047,0.00598648,-0.26066311,-0.26722144,0.52458305,0.00620148,-0.33756053,0.00643819,-0.29114745,0.0113374,0.0140348,0.00856505,-0.58378465,0.00241256,0.00694313,0.69106589,0.96693412,0.50838347,0.4607736691,1.2856598446,288,0.0458619104,-0.219684697,-1.05230871,1.5361700911
20080229,20080229,15496.0,01W,DEU,0.052607,2008,2,20080131,20080131,7680.8525554,143.08594288,7680.8525554,0.0218409028,0.0,0.019804332,-0.088364331,0.0021281755,0.0460551012,0.0123132811,0.0836594994,0.0557744286,2.0125464145,0.015893262,-0.001629839,-0.035449698,,0.1745755605,0.1005410414,,-0.3083356,1.4481039086,0.180276895,,-0.000154737,,0.0,,,,,,,0.000255113,-0.000255113,-0.002590056,0.0071520149,0.0481116069,,,,0.1341669541,0.1363102,,,0.000255113,,,,,,,0.1589068559,3.4593828302,,0.0031812669,0.195017645,-0.028742446,8.0,,-0.000181757,,,,0.0478206683,0.0017841023,0.0109078646,0.0004883453,,-0.121679204,,,,,1.6120170261,,,,,,0.9652260818,,,,25.989712066,,,,,,,,5347.03809,,-0.024166358,0.0029886089,18.714174225,0.7200608524,0.0954314181,0.0358966343,2.7528138843,0.0966083713,,,,,,0.7681778891,,,14.468182081,1.5513103186,-0.524495447,-0.224567387,0.7012590784,0.4597357355,0.00703891,4312515.0274679,0.74367135,0.00054446,0.78426958,0.00809529,0.00844534,0.00489419,0.01106712,-0.70015572,0.5741967,1.06176285,0.01050089,-0.48668253,0.01148829,-0.18891749,0.0206354,0.05749367,0.0202209,0.84442457,0.00271545,0.00750625,0.67463448,0.88149163,0.53551572,0.4791661653,1.9762119489,289,0.1454741393,-0.161214762,-1.046165114,1.5311369541
20080331,20080331,15496.0,01W,DEU,0.13671,2008,3,20080229,20080229,8084.9158378,150.61320308,8084.9158378,0.0207493507,0.0,0.019804332,0.0526065667,-0.053326507,-0.012073638,-0.077391316,-0.027552707,0.019741751,2.6272956611,0.0368622656,-0.000198539,-0.05134775,,0.1745755605,0.1005410414,,-0.3083356,1.4481039086,0.180276895,,-0.000154737,,0.0,,,,,,,0.000255113,-0.000255113,-0.002590056,0.0071520149,0.0481116069,,,,0.1341669541,0.1363102,,,0.000255113,,,,,,,0.1589068559,3.4593828302,,0.0031812669,0.195017645,-0.028742446,8.0,,-0.000181757,,,,0.0478206683,0.0017841023,0.0109078646,0.0004883453,,-0.121679204,,,,,1.6120170261,,,,,,0.9652260818,,,,25.989712066,,,,,,,,5347.03809,,-0.024166358,0.0029886089,17.778887969,0.6840740645,0.0906620014,0.0341026129,2.6152353323,0.0917801336,,,,,,0.7310524114,,,14.711329818,1.5116284379,-0.589140052,-0.14427604,0.6996965358,0.4594578582,0.0073915,4119702.47200059,0.75434979,0.00051969,0.79733322,0.00811186,0.0083456,0.00530663,0.00657927,0.53189176,0.52310113,0.59210988,0.00671816,0.40474555,0.00666312,0.30118189,0.01810829,0.02883741,0.01253052,0.07053071,0.00285178,0.0075564,0.66781891,0.92786388,0.5295154,0.4665887861,1.6672588113,290,0.1123328738,-0.157184393,-1.082343734,1.5194768329
20080430,20080430,15496.0,01W,DEU,0.068292,2008,4,20080331,20080331,9190.2015072,171.20347493,9190.2015072,0.0182538712,0.0,0.019804332,0.1367096073,-0.040406308,-0.034408286,-0.015061559,-0.012786519,-0.050662956,3.8177526946,0.0162691877,0.0107505899,0.1269908598,,0.1745755605,0.1005410414,,-0.3083356,1.4481039086,0.180276895,,-0.000154737,,0.0,,,,,,,0.000255113,-0.000255113,-0.002590056,0.0071520149,0.0481116069,,,,0.1341669541,0.1363102,,,0.000255113,,,,,,,0.1589068559,3.4593828302,,0.0031812669,0.195017645,-0.028742446,8.0,,-0.000181757,,,,0.0478206683,0.0017841023,0.0109078646,0.0004883453,,-0.121679204,,,,,1.6120170261,,,,,,0.9652260818,,,,25.989712066,,,,,,,,5347.03809,,-0.024166358,0.0029886089,15.640659544,0.6018019555,0.0797582785,0.0300011654,2.3007066321,0.0807419353,,,,,,0.6456912524,,,15.267208189,1.431355622,-0.534216384,-0.226452713,0.7006529282,0.4774368705,0.00740785,4240798.65569878,0.71446111,0.00052986,0.76142966,0.00805507,0.00830866,0.00560096,0.00798989,0.62551847,0.41361242,0.98072624,0.00771153,0.66639828,0.00677689,0.38274732,0.03015398,0.04637729,0.017682,0.74000211,0.00294907,0.00781995,0.67270954,1.0,0.51702626,0.4756990899,2.5584974686,291,0.0969827595,-0.166678541,-1.071434092,1.4930489701
20080530,20080531,15496.0,01W,DEU,0.004413,2008,5,20080430,20080430,9817.8173774,182.8952771,9817.8173774,0.0170869703,0.0,0.019804332,0.0682918508,0.1965079971,0.0931007384,0.1410153227,0.1042104414,0.0060250362,2.0404818021,0.0002733671,0.0169340884,0.0572051041,,0.1479281842,0.1040267647,,-1.0,1.3710163209,0.1681974589,,-0.000302378,,,,,,,,,-0.001158755,0.0011587549,-0.000253616,0.0057121969,0.0376891028,,,0.170312435,0.1255201265,0.110550821,,,-0.001158755,,,,,,,0.1632743936,2.9332303714,,0.0052762369,0.2111179294,-0.092513582,8.0,,0.0177442326,,,,0.0280653682,0.0010798645,-0.016892634,-0.000574288,,1.1863535795,,,,,-3.071543871,,0.0078453777,,0.1994618644,,1.2227411172,0.0059834245,0.0068343803,,25.583915676,,,,,,,,6608.7217191,-7.219608829,0.6389813929,0.0003001444,15.118004642,0.5909183267,0.0738309674,0.0738309674,2.3093385005,0.0741721431,0.0904574399,,,,,0.733171372,0.0962183025,,15.548325817,0.7534923791,-0.088524922,0.2778848221,0.6501812002,0.5505958276,0.00666729,5122100.06182423,0.66657585,0.00061346,0.68173231,0.00772322,0.00820336,0.00340453,0.01423623,1.01554515,0.20545143,-0.27997498,0.01461828,1.38503329,0.01441045,1.58310021,0.02309626,0.0432599,0.01456428,0.94941594,0.00262987,0.00864696,0.73478598,0.96023462,0.51196244,0.4948612853,1.8660887332,292,0.7083701511,-0.487674655,0.2059582174,1.5077910145
20080630,20080630,15496.0,01W,DEU,0.012464,2008,6,20080530,20080531,9622.6514933,179.2595486,9622.6514933,0.0249058876,0.0,0.0244820628,0.0044127856,0.2143376102,0.2100567482,0.2627869801,0.1792966353,0.009887406,1.8585037488,-0.014005425,0.0186084712,0.0377880847,,0.1479281842,0.1040267647,,-1.0,1.3710163209,0.1681974589,,-0.000302378,,,,,,,,,-0.001158755,0.0011587549,-0.000253616,0.0057121969,0.0376891028,,,0.170312435,0.1255201265,0.110550821,,,-0.001158755,,,,,,,0.1632743936,2.9332303714,,0.0052762369,0.2111179294,-0.092513582,8.0,,0.0177442326,,,,0.0280653682,0.0010798645,-0.016892634,-0.000574288,,1.1863535795,,,,,-3.071543871,,0.0078453777,,0.1994618644,,1.2227411172,0.0059834245,0.0068343803,,25.583915676,,,,,,,,6608.7217191,-7.219608829,0.6389813929,0.0003001444,15.42462686,0.6029032872,0.0753284014,0.0753284014,2.356176328,0.0756764969,0.0922920908,,,,,0.7469998228,0.0980330897,,15.471558583,0.7565108203,0.0316092054,0.615786886,0.6517537842,0.5953551681,0.00792425,5054203.57599465,0.68680744,0.00059173,0.71981158,0.00771698,0.0081626,0.00236806,0.00555413,-0.47571281,0.3104042,-0.17900345,0.00454787,0.11029316,0.00484236,-0.6796681,0.0066182,0.00997421,0.00563364,-0.53047859,0.00249026,0.00870523,0.74292962,0.94114636,0.51513366,0.5004218787,0.5354392708,293,0.7215683027,-0.483644286,0.2059582174,1.4965988881
20080731,20080731,15496.0,01W,DEU,0.008792,2008,7,20080630,20080630,9742.5884353,181.4938436,9742.5884353,0.0245992816,0.0,0.0244820628,0.0124640222,0.0730059937,0.1704128001,0.1777285647,0.2013256949,-0.011577106,1.5523493046,-0.018778306,0.0214486828,-0.014932062,,0.1479281842,0.1040267647,,-1.0,1.3710163209,0.1681974589,,-0.000302378,,,,,,,,,-0.001158755,0.0011587549,-0.000253616,0.0057121969,0.0376891028,,,0.170312435,0.1255201265,0.110550821,,,-0.001158755,,,,,,,0.1632743936,2.9332303714,,0.0052762369,0.2111179294,-0.092513582,8.0,,0.0177442326,,,,0.0280653682,0.0010798645,-0.016892634,-0.000574288,,1.1863535795,,,,,-3.071543871,,0.0078453777,,0.1994618644,,1.2227411172,0.0059834245,0.0068343803,,25.583915676,,,,,,,,6608.7217191,-7.219608829,0.6389813929,0.0003001444,15.234740713,0.5954811963,0.0744010649,0.0744010649,2.3271704241,0.0747448751,0.0911559213,,,,,0.7384406324,0.0969098179,,15.519099281,0.6813974248,-0.011998881,0.3390390803,0.6463317215,0.6056077025,0.00788172,5042985.63397281,0.67990404,0.00058054,0.72686918,0.00762602,0.00815991,0.00318103,0.00921258,0.87699303,-0.57358248,0.78049402,0.00831726,0.83022699,0.00825632,0.67810006,0.01450152,0.02398841,0.01026442,0.30568139,0.00238043,0.00896748,0.77642013,0.95287683,0.51575707,0.5176114194,1.1538875326,294,0.7043196581,-0.516101023,0.2002371558,1.4973738252
20080829,20080831,15496.0,01W,DEU,-0.071286,2008,8,20080731,20080731,9828.2479462,183.08958727,9828.2479462,0.0243848831,0.0,0.0244820628,0.0087922744,0.0169318089,0.2998623151,0.1875227411,0.2395761854,0.0460551012,1.706861558,-0.034724471,0.0254047505,-0.026852292,,0.1991127187,0.1490273164,,-1.0,1.7014001555,0.278990853,,-0.000302378,,,,,,,,,-0.000717462,0.0007174616,-0.000947378,0.0082264422,0.0376891028,,,0.170312435,0.1038708127,0.110550821,,,-0.000717462,,,,,,,0.161990367,3.747676525,,0.0049365149,0.2111179294,-0.092513582,8.0,,0.0177442326,,,,0.0174138872,0.0006806576,-0.009424963,-0.000347591,,1.1863535795,,,,,-1.521175447,,0.0078453777,,0.1994618644,,1.0839149235,0.0059834245,0.0068343803,,24.965516017,,,,,,,,6608.7217191,,0.6389813929,0.0003001444,16.211368552,0.6493504296,0.073223278,-0.006804384,2.4080547328,0.0674485568,0.0903614388,,,,,0.6469481293,0.0961232014,,15.479941085,0.7108740806,0.0767476529,0.5849427376,0.6476103227,0.6300433213,0.00761005,4618359.50190527,0.59476633,0.00050516,0.57961684,0.00771738,0.00811107,0.00375574,0.00571299,-0.14524481,0.0386184,0.41061164,0.00523852,0.59492874,0.00521969,0.41022259,0.00799373,0.01128673,0.00602978,-0.36478382,0.00207287,0.00904733,0.74019328,0.96125479,0.517727,0.5189167764,0.6401422243,295,0.6380475374,-0.615885864,0.2261088038,1.5042248697
20080930,20080930,15496.0,01W,DEU,-0.086192,2008,9,20080829,20080831,9127.6328775,170.0378893,9127.6328775,0.0262566078,0.0,0.0244820628,-0.071285856,0.0213658837,0.2457561094,0.2413644888,0.2954590075,-0.012073638,1.7569572021,0.0769539148,0.0119284077,0.0383048816,,0.1991127187,0.1490273164,,-1.0,1.7014001555,0.278990853,,-0.000302378,,,,,,,,,-0.000717462,0.0007174616,-0.000947378,0.0082264422,0.0376891028,,,0.170312435,0.1038708127,0.110550821,,,-0.000717462,,,,,,,0.161990367,3.747676525,,0.0049365149,0.2111179294,-0.092513582,8.0,,0.0177442326,,,,0.0174138872,0.0006806576,-0.009424963,-0.000347591,,1.1863535795,,,,,-1.521175447,,0.0078453777,,0.1994618644,,1.0839149235,0.0059834245,0.0068343803,,24.965516017,,,,,,,,6608.7217191,,0.6389813929,0.0003001444,17.455714073,0.6991930013,0.0788437201,-0.007326672,2.5928912019,0.0726257453,0.0972973647,,,,,0.6969728206,0.102958565,,15.184163996,0.7266910392,0.1811880031,0.5756915001,0.6445350083,0.6386572618,0.00745377,4527995.4079728,0.61570568,0.0004801,0.6113472,0.00772333,0.00811035,0.00416019,0.00970932,0.07030449,-0.04145014,1.27214517,0.00951794,-0.13688456,0.00913456,-0.406301,0.01066358,0.02062715,0.0111372,0.20861017,0.00205016,0.00911744,0.7287863,0.89273092,0.53819949,0.5424873031,0.8610652569,296,0.646047873,-0.598103683,0.2185094306,1.5047253167
20081031,20081031,15496.0,01W,DEU,-0.336464,2008,10,20080930,20080930,8340.9059104,155.38202017,8340.9059104,0.0287331711,0.0,0.0244820628,-0.086191785,-0.063120346,0.0178072844,0.1102031869,0.1171426062,-0.034408286,1.8657447356,0.0041136548,0.0037188223,0.0105787786,,0.1991127187,0.1490273164,,-1.0,1.7014001555,0.278990853,,-0.000302378,,,,,,,,,-0.000717462,0.0007174616,-0.000947378,0.0082264422,0.0376891028,,,0.170312435,0.1038708127,0.110550821,,,-0.000717462,,,,,,,0.161990367,3.747676525,,0.0049365149,0.2111179294,-0.092513582,8.0,,0.0177442326,,,,0.0174138872,0.0006806576,-0.009424963,-0.000347591,,1.1863535795,,,,,-1.521175447,,0.0078453777,,0.1994618644,,1.0839149235,0.0059834245,0.0068343803,,24.965516017,,,,,,,,6608.7217191,,0.6389813929,0.0003001444,19.102163648,0.7651419516,0.08628038,-0.008017735,2.8374566548,0.0794759163,0.1064746005,,,,,0.7632437025,0.111893308,,14.792808016,0.7310421662,0.1465613441,0.0949880179,0.6431895333,0.6234028644,0.00816523,4114869.06852324,0.68969053,0.00043195,0.67799343,0.00784439,0.00813075,0.00521653,0.01936591,1.28145628,0.15224723,0.44152774,0.01991428,1.63095033,0.02026955,1.21909544,0.03244531,0.055699,0.02512543,0.92708416,0.00312949,0.01057963,0.75393324,0.81578485,0.55775557,0.5837830632,2.2943949778,297,0.5836418016,-0.608916262,0.2170490491,1.4365667721
20081128,20081130,15496.0,01W,DEU,-0.108595,2008,11,20081031,20081031,5534.4941293,103.10161602,5534.4941293,0.0433030863,0.0,0.0244820628,-0.336463666,-0.151333386,-0.129375875,0.1128489455,0.0166718542,0.0931007384,1.7702580862,-0.03496211,-0.02369041,,,0.1538004255,0.1490432487,,-1.0,2.0119519115,0.2864272155,,-0.000302378,,,,,,,,,-0.000671753,0.0006717529,-0.001836074,0.0042124813,0.0376891028,,,0.170312435,0.1057486535,0.110550821,,,-0.000671753,,,,,,,0.1633578479,4.0193247827,,0.0040516088,0.2111179294,-0.092513582,0.0,,0.0177442326,,,,0.0169695546,0.0006797198,-0.015277277,-0.000551023,,1.1863535795,,,,,-1.72703932,,0.0078453777,,0.1994618644,,0.9589125704,0.0059834245,0.0068343803,,27.361636327,,,,,,,,6608.7217191,,0.6389813929,0.0003001444,28.408993612,1.0382783132,0.1283355352,0.0132334076,4.3315229562,0.1097965336,0.1604653658,,,,,1.0635992414,0.1620612237,,13.394777345,1.0281201152,0.6653921398,0.5208135925,0.6543378779,0.625333776,0.00790639,3294872.52275271,0.57436346,0.00037229,0.57212609,0.00810095,0.00806573,0.01732202,0.03779931,0.13297327,-0.32478861,0.53990233,0.03168322,-0.41993979,0.04002964,0.0984566,0.05186598,0.11112629,0.05002328,0.45311337,0.00599893,0.01565342,0.85568798,0.54130289,0.60059971,0.6066214267,2.4843905808,298,0.6130376775,-0.512597626,0.2042857617,1.299750889
20081230,20081231,15496.0,01W,DEU,0.134605,2008,12,20081128,20081130,4933.4776177,91.905331019,4933.4776177,0.0485784462,0.0,0.0244820628,-0.108594661,-0.393655047,-0.424847285,-0.298488407,-0.300961421,0.2100567482,1.3825614909,0.0384340201,-0.037056654,0.0706977941,,0.1538004255,0.1490432487,,-1.0,2.0119519115,0.2864272155,,-0.000302378,,,,,,,,,-0.000671753,0.0006717529,-0.001836074,0.0042124813,0.0376891028,,,0.170312435,0.1057486535,0.110550821,,,-0.000671753,,,,,,,0.1633578479,4.0193247827,,0.0040516088,0.2111179294,-0.092513582,0.0,,0.0177442326,,,,0.0169695546,0.0006797198,-0.015277277,-0.000551023,,1.1863535795,,,,,-1.72703932,,0.0078453777,,0.1994618644,,0.9589125704,0.0059834245,0.0068343803,,27.361636327,,,,,,,,6608.7217191,,0.6389813929,0.0003001444,31.869893927,1.1647656429,0.1439698973,0.0148455557,4.8592068779,0.1231723984,0.1800139159,,,,,1.1912758406,0.1792750232,,12.671318057,1.0230296432,0.2977448923,0.010928367,0.6527082479,0.5685380505,0.00772548,3026613.49783579,0.60805916,0.00037177,0.58430725,0.00806541,0.00804939,0.01501562,0.03329499,-0.04967782,-0.26999598,0.5826737,0.03364201,-0.35734381,0.03286962,-0.2881627,0.03985355,0.0633919,0.03909581,-0.51121755,0.00824225,0.01789932,0.80643088,0.48252028,0.59148159,0.592063123,1.7204727574,299,0.5485073956,-0.512597626,0.1867755535,1.2237420651
20090130,20090131,15496.0,01W,DEU,-0.234902,2009,1,20081230,20081231,5597.5464689,104.27621264,5597.5464689,0.0428153081,0.0,0.0244820628,0.1346046142,-0.408520169,-0.493617364,-0.44987605,-0.399936145,0.1704128001,1.2514177735,-0.088364331,-0.01678675,0.0745326731,,0.1538004255,0.1490432487,,-1.0,2.0119519115,0.2864272155,,-0.000302378,,,,,,,,,-0.000671753,0.0006717529,-0.001836074,0.0042124813,0.0376891028,,,0.170312435,0.1057486535,0.110550821,,,-0.000671753,,,,,,,0.1633578479,4.0193247827,,0.0040516088,0.2111179294,-0.092513582,0.0,,0.0177442326,,,,0.0169695546,0.0006797198,-0.015277277,-0.000551023,,1.1863535795,,,,,-1.72703932,,0.0078453777,,0.1994618644,,0.9589125704,0.0059834245,0.0068343803,,27.361636327,,,,,,,,6608.7217191,,0.6389813929,0.0003001444,28.088986709,1.0265828539,0.1268899276,0.0130843428,4.2827314619,0.1085597546,0.1586578387,,,,,1.0517732948,0.160445013,,13.461670912,1.0112429482,0.2145801499,-0.30797894,0.6523055419,0.513938164,0.00816523,2751087.10467618,0.66040825,0.00036533,0.63769329,0.00813856,0.00804657,0.01218309,0.02817103,2.10083472,0.38557619,1.86160088,0.03070629,2.01207829,0.03089525,1.65560908,0.0540104,0.09799221,0.03850452,0.3098061,0.01072655,0.01936095,0.79404255,0.54746974,0.60443446,0.6239350318,2.1380063991,300,0.5074426708,-0.520734097,0.1867755535,1.1566093145
20090227,20090228,15496.0,01W,DEU,-0.19863,2009,2,20090130,20090131,4282.6722877,79.781534396,4282.6722877,0.0559605454,0.0,0.0244820628,-0.234901879,0.0113926112,-0.430463446,-0.415727854,-0.253171807,0.2998623151,0.8280026333,0.0526065667,-0.042923881,0.007593362,,-0.030865895,0.0751167486,,-1.0,0.6205918244,0.2206785914,,-0.000302378,,,,,,,,,-0.000634539,0.0006345389,0.0008350608,-0.003740032,0.0376891028,,,0.170312435,0.0517113521,0.110550821,,,-0.000634539,,,,,,,0.1606262464,4.5788380812,,0.005912924,0.2111179294,-0.092513582,0.0,,0.0177442326,,,,-0.018357717,-0.000670929,-0.066178386,-0.002455031,,1.1863535795,,,,,-6.118064932,,0.0078453777,,0.1994618644,,1.3514987019,0.0059834245,0.0068343803,,27.806994386,,,,,,,,6608.7217191,,0.6389813929,0.0003001444,32.527383553,1.1697554616,0.1505136798,-0.041818267,5.3079529264,0.0604896366,0.2073692698,,,,,1.209828719,0.2025745565,,13.946336385,1.0521185344,0.2075827671,-0.455896814,0.6526549025,0.5322586122,0.00769126,2385627.07371588,0.71141067,0.00035792,0.66174933,0.00815964,0.00810351,0.00866268,0.02349153,-1.0475974,0.20920209,0.68383333,0.02421983,-1.04907967,0.02116634,-0.56920705,0.0270896,0.03909352,0.03119663,-0.24444269,0.01395923,0.02034066,0.80995447,0.41886807,0.62032969,0.6611913428,1.0292696558,301,0.31887139,-0.772082061,0.2253544787,1.0521176476
20090331,20090331,15496.0,01W,DEU,0.183623,2009,3,20090227,20090228,3432.0053823,63.934533642,3432.0053823,0.0698310901,0.0,0.0244820628,-0.198629932,-0.131916141,-0.530801431,-0.55493844,-0.457160096,0.2457561094,1.0897682594,0.1367096073,-0.073409294,0.0127038966,,-0.030865895,0.0751167486,,-1.0,0.6205918244,0.2206785914,,-0.000302378,,,,,,,,,-0.000634539,0.0006345389,0.0008350608,-0.003740032,0.0376891028,,,0.170312435,0.0517113521,0.110550821,,,-0.000634539,,,,,,,0.1606262464,4.5788380812,,0.005912924,0.2111179294,-0.092513582,0.0,,0.0177442326,,,,-0.018357717,-0.000670929,-0.066178386,-0.002455031,,1.1863535795,,,,,-6.118064932,,0.0078453777,,0.1994618644,,1.3514987019,0.0059834245,0.0068343803,,27.806994386,,,,,,,,6608.7217191,,0.6389813929,0.0003001444,40.589716104,1.4596944762,0.1878204413,-0.052183466,6.6235976843,0.0754827751,0.2587684243,,,,,1.5262102957,0.2440297152,,12.611099544,1.0937371422,0.1702079079,-0.475102628,0.6489549528,0.4809955944,0.00776158,1989385.22667233,0.74888789,0.00034694,0.67849814,0.00821092,0.00814457,0.01220044,0.02487431,1.71544934,-0.15569465,0.76815005,0.02604071,1.69188919,0.02540067,1.81965373,0.03015586,0.04654833,0.03150946,0.15432333,0.01729108,0.02147478,0.84081964,0.33566833,0.62491242,0.6851999391,1.0929020629,302,0.2693976859,-0.752795948,0.2276327059,1.0072095395
20090430,20090430,15496.0,01W,DEU,0.085901,2009,4,20090331,20090331,4062.202221,75.674416451,4062.202221,0.0589977219,0.0,0.0244820628,0.1836234995,-0.386873266,-0.588533258,-0.647731668,-0.617302742,0.0178072844,1.4667752573,0.0682918508,-0.062924598,-0.021520607,,-0.030865895,0.0751167486,,-1.0,0.6205918244,0.2206785914,,-0.000302378,,,,,,,,,-0.000634539,0.0006345389,0.0008350608,-0.003740032,0.0376891028,,,0.170312435,0.0517113521,0.110550821,,,-0.000634539,,,,,,,0.1606262464,4.5788380812,,0.005912924,0.2111179294,-0.092513582,0.0,,0.0177442326,,,,-0.018357717,-0.000670929,-0.066178386,-0.002455031,,1.1863535795,,,,,-6.118064932,,0.0078453777,,0.1994618644,,1.3514987019,0.0059834245,0.0068343803,,27.806994386,,,,,,,,6608.7217191,,0.6389813929,0.0003001444,34.292759581,1.2332422234,0.158682589,-0.044087892,5.5960342853,0.0637726229,0.2186239327,,,,,1.2785187989,0.2119042108,,13.653965028,1.1278811542,-0.080828238,-1.142928048,0.6441004249,0.3991043614,0.0079303,1747445.28435501,0.72796238,0.00035063,0.64322482,0.00818198,0.00818924,0.01892929,0.04109702,-1.3016246,0.1487756,1.23349254,0.03910005,-0.41125119,0.03903429,-0.78238956,0.06607801,0.08096818,0.04987585,-0.67554232,0.02335052,0.02421312,0.82368023,0.39730493,0.61960111,0.7253732117,2.168078036,303,0.2651247758,-0.752795948,0.2758506027,0.9498657327
20090529,20090531,15496.0,01W,DEU,0.185589,2009,5,20090430,20090430,4411.1511062,82.174955277,4411.1511062,0.0543306432,0.0,0.0244820628,0.0859014067,-0.051479556,-0.266021044,-0.586680938,-0.575987154,-0.129375875,1.7372784845,0.0044127856,-0.055516542,0.0412852544,,-0.079183241,-0.204301965,,,0.6667116107,0.0200434242,,0.0,,,,,,,,,-0.000973023,0.0009730231,-0.001430987,-0.005153177,0.0014528468,,,0.0353209119,0.0005287578,0.0040125846,,,-0.000973023,,,,,,,0.1265567946,2.7618772868,,0.0068253851,,,0.0,,-2.2214e-05,-0.014241674,,,-0.015449988,-0.000555615,-0.043515356,-0.00163548,,0.8350387381,,,,,-1.440204028,,0.0013700931,,0.0310329867,,0.2975548577,0.0013158575,0.0014879106,-0.004667567,26.813194764,,,,,,,,199.29509657,-6.49941959,-0.057316125,0.0019559163,30.983516285,1.1555324368,0.1341765398,0.1341765398,4.089770105,0.0006109968,0.0407698911,,,,,1.3056111725,0.0406468501,,13.796052959,1.081391037,-0.052645016,-0.268222503,0.6234136193,0.447239819,0.00881026,1370917.00290472,0.7896168,0.0003008,0.70651281,0.00834034,0.00838505,0.01388594,0.02396012,0.12551896,0.13879745,-0.11237337,0.02375531,0.22329625,0.02364244,0.28759091,0.03756472,0.0542446,0.02866554,-0.2150629,0.02904222,0.02482581,0.75502265,0.44244647,0.60714531,0.7057856316,1.1986209943,304,-0.096299379,-0.798152013,-0.138245078,1.0229177018
20090630,20090630,15496.0,01W,DEU,-0.147499,2009,6,20090529,20090531,5020.6189878,93.528680123,5020.6189878,0.0427367401,0.0,0.0408219939,0.1855888217,0.2852984232,-0.105873899,-0.516725621,-0.541586733,-0.424847285,1.65216904,0.0124640222,-0.039777924,0.0082205583,,-0.079183241,-0.204301965,,,0.6667116107,0.0200434242,,0.0,,,,,,,,,-0.000973023,0.0009730231,-0.001430987,-0.005153177,0.0014528468,,,0.0353209119,0.0005287578,0.0040125846,,,-0.000973023,,,,,,,0.1265567946,2.7618772868,,0.0068253851,,,0.0,,-2.2214e-05,-0.014241674,,,-0.015449988,-0.000555615,-0.043515356,-0.00163548,,0.8350387381,,,,,-1.440204028,,0.0013700931,,0.0310329867,,0.2975548577,0.0013158575,0.0014879106,-0.004667567,26.813194764,,,,,,,,199.29509657,-6.49941959,-0.057316125,0.0019559163,27.222335028,1.0152589152,0.1178884503,0.1178884503,3.5933007397,0.0005368261,0.0358207127,,,,,1.163833139,0.0362329552,,14.468239904,1.1111613215,-0.013658141,-0.385772328,0.6435240422,0.4460272873,0.00874271,1173048.29184008,0.80007045,0.0002651,0.73622557,0.00852828,0.0084599,0.0095999,0.02301849,-0.26236657,0.24109447,1.95936504,0.02310165,-0.33939254,0.02393088,-0.4946488,0.04353383,0.05838731,0.0290239,-0.3626542,0.03123616,0.02573339,0.76956673,0.50357721,0.61118671,0.7261493296,1.3387214036,305,-0.099127454,-0.788875195,-0.149337758,1.0367301866
20090731,20090731,15496.0,01W,DEU,0.032745,2009,7,20090630,20090630,4280.0843215,79.733323397,4280.0843215,0.0501309957,0.0,0.0408219939,-0.147498679,0.2874325693,-0.065695752,-0.372992395,-0.463201029,-0.493617364,1.6357236433,0.0087922744,-0.053986192,-0.000929612,,-0.079183241,-0.204301965,,,0.6667116107,0.0200434242,,0.0,,,,,,,,,-0.000973023,0.0009730231,-0.001430987,-0.005153177,0.0014528468,,,0.0353209119,0.0005287578,0.0040125846,,,-0.000973023,,,,,,,0.1265567946,2.7618772868,,0.0068253851,,,0.0,,-2.2214e-05,-0.014241674,,,-0.015449988,-0.000555615,-0.043515356,-0.00163548,,0.8350387381,,,,,-1.440204028,,0.0013700931,,0.0310329867,,0.2975548577,0.0013158575,0.0014879106,-0.004667567,26.813194764,,,,,,,,199.29509657,-6.49941959,-0.057316125,0.0019559163,31.932308307,1.1909177026,0.1382853578,0.1382853578,4.2150089969,0.000629707,0.0420183662,,,,,1.3407350965,0.0417403433,,13.626487717,1.1266015071,0.05285565,0.0291830218,0.6396208421,0.4297753537,0.00869669,1020352.56273173,0.65687133,0.00023883,0.67475587,0.00859185,0.00853033,0.00572742,0.01356051,-0.80565237,0.29967411,0.63683271,0.01389733,-0.7076593,0.0138068,-0.35675523,0.00955045,0.02181758,0.01548049,-0.74203915,0.03203671,0.02595271,0.71047094,0.42930023,0.60965204,0.7144963377,0.2924648655,306,-0.096299379,-0.770255727,-0.135794954,1.0459851669
20090831,20090831,15496.0,01W,DEU,0.026306,2009,8,20090731,20090731,4420.2339097,82.344158043,4420.2339097,0.0485415237,0.0,0.0408219939,0.0327445858,0.0107160372,0.0410371997,-0.194430229,-0.546366637,-0.430463446,1.7771999606,-0.071285856,-0.044528879,-0.022467377,,-0.175906173,-0.220996391,,,1.0144571959,0.0164582582,,0.0,,,,,,,,,-0.001060416,0.0010604159,-0.000493481,-0.011338294,0.0014528468,,,0.0353209119,-0.007279772,0.0040125846,,,-0.001060416,,,,,,,0.1268729291,3.7586585239,,0.0053035761,,,0.0,,-2.2214e-05,-0.014241674,,,0.0076450063,0.0002851211,-0.009768881,-0.000395537,,0.8350387381,,,,,0.0418155595,,0.0013700931,,0.0310329867,,,0.0013158575,0.0014879106,-0.004667567,26.833454522,,,,,,,,199.29509657,,-0.057316125,0.0019559163,29.704838286,1.1070076073,0.1313101203,-0.026231749,4.1709662535,-0.008058762,0.0406861162,,,,,1.1395888562,0.040573191,,14.081272447,1.0988916711,-0.155559398,-0.149725764,0.6282128718,0.3776972398,0.00849163,882044.61004202,0.60377475,0.00021309,0.64991125,0.00869858,0.0085887,0.00526803,0.02107107,0.47589102,-0.34243758,1.01354161,0.01787677,0.3222181,0.01986987,0.83669489,0.02900134,0.05988564,0.02290234,0.16140615,0.03326894,0.02660675,0.6659181,0.44405025,0.61624846,0.7268706662,0.8704113761,307,-0.047149517,-0.644089962,-0.107478127,0.9841422295
20090930,20090930,15496.0,01W,DEU,0.112387,2009,9,20090831,20090831,4536.5109901,84.510273792,4536.5109901,0.047297337,0.0,0.0408219939,0.0263056396,-0.119583876,0.3416092946,-0.06670088,-0.495552639,-0.530801431,1.5865805683,-0.086191785,-0.034301841,0.0485255373,,-0.175906173,-0.220996391,,,1.0144571959,0.0164582582,,0.0,,,,,,,,,-0.001060416,0.0010604159,-0.000493481,-0.011338294,0.0014528468,,,0.0353209119,-0.007279772,0.0040125846,,,-0.001060416,,,,,,,0.1268729291,3.7586585239,,0.0053035761,,,0.0,,-2.2214e-05,-0.014241674,,,0.0076450063,0.0002851211,-0.009768881,-0.000395537,,0.8350387381,,,,,0.0418155595,,0.0013700931,,0.0310329867,,,0.0013158575,0.0014879106,-0.004667567,26.833454522,,,,,,,,199.29509657,,-0.057316125,0.0019559163,28.943462004,1.0786334641,0.1279444595,-0.025559393,4.0640585927,-0.007852205,0.0396432745,,,,,1.1096134573,0.0396532653,,14.215890065,1.1011819245,-0.270760782,-0.189368969,0.6278903052,0.3871082689,0.00869968,792553.37464702,0.55119317,0.0001874,0.62383232,0.00883653,0.00868566,0.00515843,0.01617199,0.23743936,0.14006618,-0.12238513,0.01679811,0.11687118,0.01543588,-0.54033545,0.02419792,0.04439286,0.01789252,0.43885068,0.03391249,0.02688664,0.64204018,0.49945958,0.60980623,0.7185100231,0.7208515414,308,-0.052361139,-0.659127055,-0.095844739,0.9827656061
20091030,20091031,15496.0,01W,DEU,0.025656,2009,10,20090930,20090930,5046.3551168,94.00811626,5046.3551168,0.0425187851,0.0,0.0408219939,0.1123868382,0.0599115927,0.1632932142,-0.155785074,-0.433450955,-0.588533258,1.4039118318,-0.336463666,0.0065027505,0.001926205,,-0.175906173,-0.220996391,,,1.0144571959,0.0164582582,,0.0,,,,,,,,,-0.001060416,0.0010604159,-0.000493481,-0.011338294,0.0014528468,,,0.0353209119,-0.007279772,0.0040125846,,,-0.001060416,,,,,,,0.1268729291,3.7586585239,,0.0053035761,,,0.0,,-2.2214e-05,-0.014241674,,,0.0076450063,0.0002851211,-0.009768881,-0.000395537,,0.8350387381,,,,,0.0418155595,,0.0013700931,,0.0310329867,,,0.0013158575,0.0014879106,-0.004667567,26.833454522,,,,,,,,199.29509657,,-0.057316125,0.0019559163,26.019241697,0.969656802,0.1150179552,-0.022977072,3.6534579995,-0.00705888,0.0356380291,,,,,0.9948703593,0.0360675671,,14.732916381,1.121224642,-0.40271031,-0.423716306,0.6311202024,0.3486234609,0.0088712,741997.45869147,0.54671862,0.00016311,0.54410209,0.00894948,0.00874283,0.00222546,0.0075942,0.03208748,-0.21463588,0.52486834,0.00732685,-0.41707657,0.00716067,-0.33440518,0.01933063,0.02566711,0.0118934,-0.35199933,0.03076046,0.02641277,0.66399044,0.61453578,0.61189517,0.7197217211,0.5857457888,309,-0.063790523,-0.670812716,-0.110409648,0.9827656315
20091130,20091130,15496.0,01W,DEU,0.111904,2009,11,20091030,20091031,5175.8230517,96.419963304,5175.8230517,0.0414552211,0.0,0.0408219939,0.0256557321,0.1416488855,0.191666253,0.2274158649,-0.0502077,-0.266021044,0.5440591817,-0.108594661,0.0187073317,,,-0.104233702,-0.246755541,,,-0.075877774,-0.027869637,,0.0,,,,,,,,,-0.000629591,0.0006295911,-0.000300367,-0.004464951,0.0014528468,,,0.0353209119,-0.006837857,0.0040125846,,,-0.000629591,,,,,,,0.1211618552,3.5136027222,,0.0048395066,,,0.0,,-2.2214e-05,-0.014241674,,,0.0222609902,0.0008295984,0.0052914356,0.0001498786,,0.8350387381,,,,,0.5636159298,,0.0013700931,,0.0310329867,,,0.0013158575,0.0014879106,-0.004667567,27.521419322,,,,,,,,199.29509657,,-0.057316125,0.0019559163,27.211286706,0.9887312274,0.1200968699,-0.011592331,3.4887919912,-0.006760803,0.0347465801,,,,,1.0045841349,0.0352579556,,14.55559611,1.1149321636,-0.246448005,-0.139055645,0.5898660108,0.3905499961,0.0083921,890803.8773045,0.63922671,0.00018545,0.60057895,0.00886215,0.00877298,0.00433599,0.01592013,0.16763454,-0.05102092,1.25471781,0.01390491,0.392139,0.01313385,0.41715393,0.02489548,0.03909029,0.01949379,-0.52347336,0.0244721,0.02421233,0.59620252,0.8794439,0.61729069,0.7760250523,0.8387405938,310,0.0331228945,-0.546741307,-0.019229753,0.9827656315
20091230,20091231,15496.0,01W,DEU,-0.017606,2009,12,20091130,20091130,5755.0174243,107.20972555,5755.0174243,0.0372830998,0.0,0.0408219939,0.1119038203,0.1409259369,0.0309133324,0.5709422748,0.0928360804,-0.105873899,,0.1346046142,0.0166436232,0.0555757564,0.0047602224,-0.104233702,-0.246755541,,,-0.075877774,-0.027869637,,0.0,,,,,,,,,-0.000629591,0.0006295911,-0.000300367,-0.004464951,0.0014528468,,,0.0353209119,-0.006837857,0.0040125846,,,-0.000629591,,,,,,,0.1211618552,3.5136027222,,0.0048395066,,,0.0,,-2.2214e-05,-0.014241674,,,0.0222609902,0.0008295984,0.0052914356,0.0001498786,,0.8350387381,,,,,0.5636159298,,0.0013700931,,0.0310329867,,,0.0013158575,0.0014879106,-0.004667567,27.521419322,,,,,,,,199.29509657,,-0.057316125,0.0019559163,24.472698276,0.8892236985,0.1080101244,-0.010425659,3.1376742552,-0.006080385,0.0312496274,,,,,0.9024159729,0.0320404414,,15.036435404,1.1239666973,-0.176043812,-0.200953295,0.5924386617,0.4169890063,0.00851407,970696.09389986,0.70589371,0.00019537,0.6435316,0.00882423,0.0088225,0.00291134,0.01467555,0.18165505,0.13417176,1.34117937,0.01473273,0.24084577,0.01320343,0.2543971,0.0355054,0.04924455,0.02128028,0.33682273,0.02300247,0.02262978,0.66869399,0.94372542,0.61962106,0.811261201,1.2579570092,311,0.0361713538,-0.542391547,-0.027690669,0.9880631407
20100129,20100131,15496.0,01W,DEU,-0.017815,2010,1,20091230,20091231,5653.6935928,105.32217259,5653.6935928,0.0379512765,0.0,0.0408219939,-0.017606173,0.1404305268,0.3446037489,0.4757536645,0.0709709775,-0.065695752,0.3942506135,-0.234901879,0.0363977782,0.0217427677,0.0092478735,-0.104233702,-0.246755541,,,-0.075877774,-0.027869637,,0.0,,,,,,,,,-0.000629591,0.0006295911,-0.000300367,-0.004464951,0.0014528468,,,0.0353209119,-0.006837857,0.0040125846,,,-0.000629591,,,,,,,0.1211618552,3.5136027222,,0.0048395066,,,0.0,,-2.2214e-05,-0.014241674,,,0.0222609902,0.0008295984,0.0052914356,0.0001498786,,0.8350387381,,,,,0.5636159298,,0.0013700931,,0.0310329867,,,0.0013158575,0.0014879106,-0.004667567,27.521419322,,,,,,,,199.29509657,,-0.057316125,0.0019559163,24.911290767,0.9051601037,0.10994585,-0.010612505,3.1939067291,-0.006189356,0.0318096741,,,,,0.9187622815,0.0325602438,,14.959427664,1.122667514,-0.098271324,0.3146401442,0.5944447052,0.4552420498,0.00876197,1029405.82241966,0.69566238,0.00020003,0.63441075,0.00884519,0.00884111,0.0044865,0.01628476,1.94780881,-0.24222729,0.86226433,0.01636188,1.52439997,0.01671613,1.47769029,0.02270288,0.0475109,0.01899413,0.54506182,0.02164658,0.02174502,0.68003825,0.90971951,0.61836287,0.823605927,0.8511568026,312,0.0,-0.581952189,-0.041602515,0.9798855196
20100226,20100228,15496.0,01W,DEU,0.11918,2010,2,20100129,20100131,5552.9723142,103.44584454,5552.9723142,0.0386396468,0.0,0.0408219939,-0.017815129,0.0923274495,0.2790485093,0.3350855624,0.3751377084,0.0410371997,0.0238785408,-0.198629932,0.0528354876,0.0405558946,0.001247537,0.092061468,-0.118298282,,,-0.117924586,0.0432383829,,0.0,,,,,,,,,-0.000199765,0.0001997654,-0.000417575,0.0052254278,0.0014528468,,,0.0353209119,0.0492465801,0.0040125846,,,-0.000199765,,,,,,,0.1375482831,3.5050928278,,0.0051345992,,,1.0,,-2.2214e-05,-0.014241674,,,0.0420831556,0.0015291056,0.0604408728,0.0022000346,,0.8350387381,,,,,2.9435787466,,0.0013700931,,0.0310329867,,1.1276926,0.0013158575,0.0014879106,-0.004667567,26.208219256,,,,,,,,199.29509657,,-0.057316125,0.0019559163,27.395898574,1.0453170552,0.1106093623,-0.030057596,3.6094255194,0.0514782901,0.0323866463,,,,,1.0616775014,0.0330939447,,13.569135117,1.1200610954,-0.09448087,0.895132685,0.5544816341,0.5109755524,0.00863139,1117407.69222315,0.7134996,0.0002056,0.66905347,0.0088533,0.00889289,0.00330238,0.01303764,0.47266646,0.16995494,1.34745127,0.01072296,0.0708791,0.01065186,-0.05225849,0.01943622,0.03258908,0.01608395,0.13606839,0.01928748,0.02099755,0.66058118,0.88770509,0.62144528,0.8309376505,0.7672955929,313,0.2940426746,-0.093452176,-0.04459022,0.9942346738
20100331,20100331,15496.0,01W,DEU,-0.015354,2010,3,20100226,20100228,6214.7761707,115.77453177,6214.7761707,0.0345249584,0.0,0.0408219939,0.1191801109,-0.035107645,0.2240623524,0.106033405,0.6854129038,0.3416092946,-0.213878188,0.1836234995,0.0469769978,0.0561358505,-0.005677196,0.092061468,-0.118298282,,,-0.117924586,0.0432383829,,0.0,,,,,,,,,-0.000199765,0.0001997654,-0.000417575,0.0052254278,0.0014528468,,,0.0353209119,0.0492465801,0.0040125846,,,-0.000199765,,,,,,,0.1375482831,3.5050928278,,0.0051345992,,,1.0,,-2.2214e-05,-0.014241674,,,0.0420831556,0.0015291056,0.0604408728,0.0022000346,,0.8350387381,,,,,2.9435787466,,0.0013700931,,0.0310329867,,1.1276926,0.0013158575,0.0014879106,-0.004667567,26.208219256,,,,,,,,199.29509657,,-0.057316125,0.0019559163,24.478543092,0.93400253,0.0988307076,-0.0268568,3.2250622434,0.0459964304,0.0289378323,,,,,0.9455006337,0.0298762527,,14.182957483,1.1071431547,0.0082497211,1.0171192465,0.5582832673,0.5738111819,0.00853806,1185362.04733521,0.71105542,0.00021041,0.68892878,0.00883424,0.00893573,0.0015458,0.01036661,0.78362556,-0.23622287,1.00330217,0.01043027,1.39365671,0.00949482,1.8060171,0.02435131,0.03824904,0.01614756,-0.4819569,0.01706994,0.02001642,0.58248916,0.99350189,0.62068357,0.8239421487,1.0162864858,314,0.2710300452,-0.124407388,-0.08709423,1.0446029042
20100430,20100430,15496.0,01W,DEU,-0.00343,2010,4,20100331,20100331,6119.3536317,113.99691348,6119.3536317,0.0350633256,0.0,0.0408219939,-0.015354139,0.0992417733,0.2315376201,0.4520219005,0.5936491641,0.1632932142,-0.076047913,0.0859014067,0.0377719481,0.0048720671,0.0029960265,0.092061468,-0.118298282,,,-0.117924586,0.0432383829,,0.0,,,,,,,,,-0.000199765,0.0001997654,-0.000417575,0.0052254278,0.0014528468,,,0.0353209119,0.0492465801,0.0040125846,,,-0.000199765,,,,,,,0.1375482831,3.5050928278,,0.0051345992,,,1.0,,-2.2214e-05,-0.014241674,,,0.0420831556,0.0015291056,0.0604408728,0.0022000346,,0.8350387381,,,,,2.9435787466,,0.0013700931,,0.0310329867,,1.1276926,0.0013158575,0.0014879106,-0.004667567,26.208219256,,,,,,,,199.29509657,,-0.057316125,0.0019559163,24.860250846,0.9485669592,0.1003718307,-0.027275593,3.2753524613,0.0467136787,0.0293890762,,,,,0.9606577795,0.0303010436,,14.102644762,1.0828207178,0.0941846711,0.8410720678,0.563237979,0.5736856062,0.00896095,1199789.19339773,0.69605864,0.00020646,0.70140675,0.00885622,0.00900012,0.00272135,0.00796164,-0.03921345,-0.01806925,0.88951844,0.00811283,-0.50446144,0.00804778,-0.2981735,0.01315648,0.0313922,0.01238884,0.02424711,0.01457779,0.0164238,0.5814592,0.94652358,0.62140477,0.7511933414,0.6657809318,315,0.4523280969,-0.113261826,-0.047606909,1.2344944432
20100531,20100531,15496.0,01W,DEU,-0.002465,2010,5,20100430,20100430,6098.3671895,113.60595885,6098.3671895,0.0351839898,0.0,0.0408219939,-0.003429519,0.1019960636,0.1822957568,0.3843958842,0.4450483655,0.191666253,0.0986758223,0.1855888217,0.0205884626,0.0332272259,0.0043431077,0.1004276168,0.241293563,,,-0.353127975,0.0904415486,,0.0,,,,,,,,,-7.7973e-05,7.79731e-05,0.0015889618,0.0043255338,0.0401448715,,,0.1492999575,0.0816505282,0.1289263214,,,-8.425e-05,,,,,,,0.1560145028,3.2115265713,,0.0091100032,,,2.0,,0.0005915193,-0.007466677,,,0.0179916775,0.0006864899,0.0334416652,0.0012421051,,,,,,,1.2329218033,,0.0077912034,,0.1683549786,,1.4751202184,0.0042232097,0.0070801598,0.0029073523,26.166387229,,,,,,,,4080.6223596,-7.179704181,-0.177186193,0.0019015888,24.662128128,0.9425117771,0.0951313557,0.0951313557,3.6720768711,0.0769565844,0.1041533391,,,,,1.0440806107,0.1594437122,,14.759678806,1.0739630915,0.0227720615,0.232609712,0.5619142493,0.54004329,0.00883875,1127673.69789645,0.77313612,0.00019014,0.76820267,0.00892173,0.00899883,0.00416141,0.01031318,0.56870951,0.20583403,0.35516376,0.0102314,0.29721415,0.00981199,0.04003609,0.01924254,0.03517027,0.01545926,0.28572579,0.01553834,0.01531851,0.64894274,0.94327746,0.61942468,0.7465545152,1.0338625621,316,0.9146645647,-0.019138687,0.5172185138,1.2648595894
20100630,20100630,15496.0,01W,DEU,0.018924,2010,6,20100531,20100531,5885.8025034,109.64610956,5885.8025034,0.0326163352,0.0,0.0330100546,-0.002464868,-0.018731001,0.0596609428,0.3442857744,0.2146644078,0.0309133324,0.318315351,-0.147498679,0.0337733544,0.0066412603,0.0112492514,0.1004276168,0.241293563,,,-0.353127975,0.0904415486,,0.0,,,,,,,,,-7.7973e-05,7.79731e-05,0.0015889618,0.0043255338,0.0401448715,,,0.1492999575,0.0816505282,0.1289263214,,,-8.425e-05,,,,,,,0.1560145028,3.2115265713,,0.0091100032,,,2.0,,0.0005915193,-0.007466677,,,0.0179916775,0.0006864899,0.0334416652,0.0012421051,,,,,,,1.2329218033,,0.0077912034,,0.1683549786,,1.4751202184,0.0042232097,0.0070801598,0.0029073523,26.166387229,,,,,,,,4080.6223596,-7.179704181,-0.177186193,0.0019015888,25.552796397,0.9765504184,0.0985670073,0.0985670073,3.804693259,0.0797358574,0.107914818,,,,,1.0784042168,0.1646853412,,14.594502105,1.0314034413,-0.072994588,0.1005625148,0.5589725858,0.5200739896,0.00843204,1153784.00202795,0.75050918,0.00019481,0.75111513,0.00889865,0.00897404,0.00642652,0.01289291,-0.03198392,-0.65078914,1.0964189,0.01306558,0.13354924,0.01377924,0.07507766,0.0344586,0.04375017,0.0275403,-0.24373819,0.0154085,0.01437517,0.75238363,0.91039858,0.62743877,0.7024894447,1.8765297247,317,0.9173409804,-0.017033078,0.5187297447,1.2575300057
20100730,20100731,15496.0,01W,DEU,0.068478,2010,7,20100630,20100630,5997.1853839,111.72105168,5997.1853839,0.0320105675,0.0,0.0330100546,0.0189239922,-0.005885935,0.0759931391,0.2054909684,0.4213120722,0.3446037489,0.1242072253,0.0327445858,0.0325169368,0.0119178799,0.0074242229,0.1004276168,0.241293563,,,-0.353127975,0.0904415486,,0.0,,,,,,,,,-7.7973e-05,7.79731e-05,0.0015889618,0.0043255338,0.0401448715,,,0.1492999575,0.0816505282,0.1289263214,,,-8.425e-05,,,,,,,0.1560145028,3.2115265713,,0.0091100032,,,2.0,,0.0005915193,-0.007466677,,,0.0179916775,0.0006864899,0.0334416652,0.0012421051,,,,,,,1.2329218033,,0.0077912034,,0.1683549786,,1.4751202184,0.0042232097,0.0070801598,0.0029073523,26.166387229,,,,,,,,4080.6223596,-7.179704181,-0.177186193,0.0019015888,25.078216425,0.9584134105,0.096736369,0.096736369,3.7340304951,0.0782549612,0.1059105673,,,,,1.0601421342,0.1618965008,,14.682514171,1.0315575084,0.2449973747,0.3798220278,0.5585603107,0.6417815321,0.00829026,1196200.16053181,0.73607909,0.000201,0.74217502,0.00882195,0.00894189,0.00643905,0.0089969,0.74273467,0.40507885,0.30463137,0.00915562,0.50603783,0.00912361,0.70361167,0.01668184,0.02234665,0.01196155,-0.11022237,0.01394093,0.01380987,0.76147728,0.92762696,0.62568162,0.6995981797,0.9279970561,318,0.9110716583,-0.008537529,0.5136689667,1.2548230995
20100831,20100831,15496.0,01W,DEU,0.006171,2010,8,20100730,20100731,6407.8588315,119.37145208,6407.8588315,0.0299590413,0.0,0.0330100546,0.0684776977,0.0164124786,0.1162412055,0.1975789065,0.402291516,0.2790485093,0.074570975,0.0263056396,0.0363507602,-0.039577894,0.0110214701,0.1069990856,0.2297634672,,,-0.328946397,0.1007568852,,0.0,,,,,,,,,-0.000142987,0.0001429871,0.00182846,0.0047842428,0.0401448715,,,0.1492999575,0.0980823191,0.1289263214,,,-0.000142987,,,,,,,0.1639067049,4.4520890947,,0.0072628499,,,3.0,,0.0005915193,-0.007466677,,,0.0207771091,0.0007940381,0.0131321028,0.0005089171,,,,,,,0.5146388791,,0.0077912034,,0.1683549786,,1.5020434695,0.0042232097,0.0070801598,0.0029073523,26.008443933,,,,,,,,4080.6223596,,-0.270557356,0.0018764865,22.683327913,0.8721524429,0.0873362014,-0.077409403,3.5382668194,0.0855427342,0.0991228619,,,,,0.8614254713,0.152382112,,14.726762691,1.0202744448,0.3990345413,0.3267599471,0.5738090373,0.6299340597,0.00816206,1248601.59024639,0.77052884,0.00020672,0.77196437,0.00876458,0.00891674,0.0023459,0.00981113,0.73937065,-0.32697844,-0.20833164,0.00877614,0.4278956,0.00881757,0.02706172,0.01712811,0.03178334,0.01089616,0.35880319,0.01296649,0.0126574,0.78442429,0.99114872,0.62209104,0.6771138825,1.0078262921,319,0.9629736734,-0.035013037,0.5639236774,1.2948053031
20100930,20100930,15496.0,01W,DEU,0.034629,2010,9,20100831,20100831,6447.3994895,120.1080516,6447.3994895,0.0297753083,0.0,0.0330100546,0.0061706506,0.0886975613,0.065671934,0.1508066879,0.4599132584,0.2240623524,0.1543296742,0.1123868382,0.0266947432,0.0311658956,0.0062018721,0.1069990856,0.2297634672,,,-0.328946397,0.1007568852,,0.0,,,,,,,,,-0.000142987,0.0001429871,0.00182846,0.0047842428,0.0401448715,,,0.1492999575,0.0980823191,0.1289263214,,,-0.000142987,,,,,,,0.1639067049,4.4520890947,,0.0072628499,,,3.0,,0.0005915193,-0.007466677,,,0.0207771091,0.0007940381,0.0131321028,0.0005089171,,,,,,,0.5146388791,,0.0077912034,,0.1683549786,,1.5020434695,0.0042232097,0.0070801598,0.0029073523,26.008443933,,,,,,,,4080.6223596,,-0.270557356,0.0018764865,22.544215436,0.8668037001,0.0868005853,-0.076934666,3.5165673112,0.0850181171,0.0985149605,,,,,0.8557021968,0.1515247303,,14.7550139,1.0100105311,0.2941962994,-0.096409378,0.5760558383,0.6314055081,0.00894617,1150251.92232484,0.81105217,0.0001886,0.819839,0.00882217,0.00892782,0.00213408,0.00606892,-0.36248834,0.02962504,0.60844408,0.00586916,-0.33299076,0.00613084,-0.15053184,0.01311957,0.0220682,0.00976436,0.13012263,0.01333416,0.0118839,0.81885369,0.96622537,0.62212784,0.6611389859,0.7976558375,320,0.9449925703,-0.030559189,0.5395554833,1.3152047934
20101029,20101031,15496.0,01W,DEU,0.047808,2010,10,20100930,20100930,6670.6678412,124.26729856,6670.6678412,0.0287787238,0.0,0.0330100546,0.0346292101,0.0750709002,0.0889679893,0.1786595985,0.3205135323,0.2315376201,0.1222973945,0.0256557321,0.0275105139,-0.090450998,0.0165363757,0.1069990856,0.2297634672,,,-0.328946397,0.1007568852,,0.0,,,,,,,,,-0.000142987,0.0001429871,0.00182846,0.0047842428,0.0401448715,,,0.1492999575,0.0980823191,0.1289263214,,,-0.000142987,,,,,,,0.1639067049,4.4520890947,,0.0072628499,,,3.0,,0.0005915193,-0.007466677,,,0.0207771091,0.0007940381,0.0131321028,0.0005089171,,,,,,,0.5146388791,,0.0077912034,,0.1683549786,,1.5020434695,0.0042232097,0.0070801598,0.0029073523,26.008443933,,,,,,,,4080.6223596,,-0.270557356,0.0018764865,21.789656831,0.8377916375,0.0838953555,-0.07435965,3.3988672239,0.0821725467,0.0952176485,,,,,0.8247609208,0.1468589537,,14.908251006,0.9611546734,0.4072493421,0.4652264218,0.5746038426,0.6282154891,0.00892917,1133125.66393357,0.83934537,0.00018503,0.85162825,0.00881851,0.00891973,0.00228442,0.01026555,0.3304655,-0.77444845,0.41103058,0.01002394,0.18541545,0.00912252,-0.0749613,0.01598082,0.02569001,0.01251487,-0.4837948,0.0166881,0.01209564,0.80260287,0.99968499,0.62255451,0.6665841972,0.9711808014,321,0.9430788873,-0.048387461,0.5812958828,1.3314201488
20101130,20101130,15496.0,01W,DEU,-0.090223,2010,11,20101029,20101031,6989.5781347,130.20825104,6989.5781347,0.0274656501,0.0,0.0330100546,0.0478078509,0.0410135455,0.1305553522,0.2415948209,0.3320667258,0.1822957568,0.1891594675,0.1119038203,0.0216836076,-0.023867503,0.0117939865,-0.0544296,0.2342440344,,,-0.323844401,0.0682511225,,0.0,,,,,,,,,-0.000525103,0.0005251026,0.0027784642,-0.001828732,0.0401448715,,,0.1492999575,0.1127366676,0.1289263214,,,-0.000525103,,,,,,,0.1626709791,5.1959683607,,0.0085323933,,,4.0,,0.0005915193,-0.007466677,,,0.0197286427,0.0007585476,-0.002532348,-7.1051e-05,,,,,,,0.0729164542,,0.0077912034,,0.1683549786,,1.5740101469,0.0042232097,0.0070801598,0.0029073523,27.323774755,,,,,,,,4080.6223596,,-0.277533764,0.0019165954,19.053352542,0.6973177283,0.078927462,-0.083643236,3.1886332455,0.078613277,0.0908731963,,,,,0.6696894882,0.1406718283,,15.724483652,0.9552737223,0.1504663081,0.0392354884,0.6050724125,0.5565545345,0.0090299,1085065.90470448,0.81334023,0.00017429,0.84143809,0.00883831,0.00896409,0.00509318,0.00862614,-0.00858372,0.03263931,0.80984728,0.00726901,-0.09039457,0.00852254,0.20058138,0.01675715,0.0238904,0.01213232,-0.39187075,0.01795197,0.01146945,0.80742093,0.95847518,0.62240521,0.6605284811,1.0556043941,322,0.937376215,-0.074780621,0.6231718971,1.3772454762
20101230,20101231,15496.0,01W,DEU,0.020362,2010,12,20101130,20101130,6358.959102,118.46050322,6358.959102,0.0301894232,0.0,0.0330100546,-0.09022276,0.0840926091,0.1875318838,0.1624159403,0.2552794115,0.0596609428,0.3220535701,-0.017606173,0.0150820997,0.0711069292,0.0057001665,-0.0544296,0.2342440344,,,-0.323844401,0.0682511225,,0.0,,,,,,,,,-0.000525103,0.0005251026,0.0027784642,-0.001828732,0.0401448715,,,0.1492999575,0.1127366676,0.1289263214,,,-0.000525103,,,,,,,0.1626709791,5.1959683607,,0.0085323933,,,4.0,,0.0005915193,-0.007466677,,,0.0197286427,0.0007585476,-0.002532348,-7.1051e-05,,,,,,,0.0729164542,,0.0077912034,,0.1683549786,,1.5740101469,0.0042232097,0.0070801598,0.0029073523,27.323774755,,,,,,,,4080.6223596,,-0.277533764,0.0019165954,20.942876685,0.7664708435,0.0867547116,-0.09193815,3.5048505353,0.0864093687,0.0998851063,,,,,0.7428268169,0.1534559456,,15.366593429,0.9647370041,0.0566225398,-0.385575323,0.6058965331,0.5221443332,0.00933117,885866.76732615,0.95216542,0.00013843,0.98125889,0.0089974,0.00902,0.00213157,0.00672392,0.9879275,-0.05471029,0.75947325,0.00648903,0.79660432,0.00623161,0.02808636,0.00762876,0.00998011,0.00929559,-0.01737023,0.03329685,0.01092756,0.74052827,0.87199891,0.62419542,0.637138745,0.5096768787,323,0.9960928991,-0.0789789,0.6353033451,1.4302618579
20110131,20110131,15496.0,01W,DEU,0.029308,2011,1,20101230,20101231,6488.4418844,120.87262686,6488.4418844,0.0295869657,0.0,0.0330100546,,-0.046728266,0.0603239178,0.0740303775,0.1624916673,0.0759931391,0.1777938687,-0.017815129,,-0.047447807,0.0137431761,-0.0544296,0.2342440344,,,-0.323844401,0.0682511225,,0.0,,,,,,,,,-0.000525103,0.0005251026,0.0027784642,-0.001828732,0.0401448715,,,0.1492999575,0.1127366676,0.1289263214,,,-0.000525103,,,,,,,0.1626709791,5.1959683607,,0.0085323933,,,4.0,,0.0005915193,-0.007466677,,,0.0197286427,0.0007585476,-0.002532348,-7.1051e-05,,,,,,,0.0729164542,,0.0077912034,,0.1683549786,,1.5740101469,0.0042232097,0.0070801598,0.0029073523,27.323774755,,,,,,,,4080.6223596,,-0.277533764,0.0019165954,20.524942458,0.751175218,0.0850234421,-0.09010344,3.4349080426,0.0846849909,0.0978918078,,,,,0.7265350888,0.1506449311,,15.445753346,0.9586572302,0.0410947536,-0.565239631,0.6080656772,0.4939438605,0.00928246,724084.76535569,1.05388266,0.00011072,1.08140319,0.00914825,0.00906117,0.00290218,0.00906335,0.12735817,0.04656529,0.39597241,0.00786312,-1.15004821,0.00763357,-0.46965123,0.01534206,0.02378834,0.01059575,0.17256236,0.03931408,0.01028137,0.7238165,0.88975478,0.62498697,0.6137676295,1.0719122785,324,1.0104731937,-0.092376062,0.6111572677,1.4615117023
20110228,20110228,15496.0,01W,DEU,0.000888,2011,2,20110131,20110131,6678.6070443,124.4151973,6678.6070443,0.0287445131,0.0,0.0330100546,,,,,,0.1162412055,0.0420003749,0.1191801109,,-0.020036218,0.0083421604,-0.012169793,0.101010121,,,-0.204674218,0.0436830387,,0.0,,,,,,,,,-0.00020789,0.0002078902,0.0020616177,-0.000922412,0.0401448715,,,0.1492999575,0.0879738034,0.1289263214,,,-0.00020789,,,,,,,0.1459467928,4.209155255,,0.0066956808,,,5.0,,0.0005915193,-0.007466677,,,0.0337192777,0.0012340637,-0.008363878,-0.000295042,,,,,,,-0.204079622,,0.0077912034,,0.1683549786,,1.6943673529,0.0042232097,0.0070801598,0.0029073523,26.522647033,,,,,,,,4080.6223596,,0.0325110218,0.0014009946,22.501292708,0.8483803551,0.087289092,-0.063372382,3.304220435,0.0746352465,0.0951044584,,,,,0.8381217444,0.1466983279,,14.878186917,0.9493902136,0.0256314079,-0.448287832,0.6099708708,0.3343108504,0.0092215,521481.82750897,0.77801503,7.864e-05,0.7698067,0.00930016,0.00910909,0.00298823,0.0060411,0.32435909,0.22720688,0.70571487,0.00591585,-0.17994092,0.00611891,0.11101742,0.01549418,0.02410826,0.01030225,0.38299575,0.04338156,0.00976514,0.71851994,0.91583197,0.62425107,0.5960061687,1.1155264845,325,0.8269319206,-0.263263,0.394309619,1.5131710164
20110331,20110331,15496.0,01W,DEU,-0.024085,2011,3,20110228,20110228,6684.5371535,124.52566879,6684.5371535,0.0287190127,0.0,0.0330100546,0.000887926,0.0502673373,0.0358605908,0.1346977817,0.1106992636,0.065671934,0.1106690465,-0.015354139,,0.1002775204,-0.001022841,-0.012169793,0.101010121,,,-0.204674218,0.0436830387,,0.0,,,,,,,,,-0.00020789,0.0002078902,0.0020616177,-0.000922412,0.0401448715,,,0.1492999575,0.0879738034,0.1289263214,,,-0.00020789,,,,,,,0.1459467928,4.209155255,,0.0066956808,,,5.0,,0.0005915193,-0.007466677,,,0.0337192777,0.0012340637,-0.008363878,-0.000295042,,,,,,,-0.204079622,,0.0077912034,,0.1683549786,,1.6943673529,0.0042232097,0.0070801598,0.0029073523,26.522647033,,,,,,,,4080.6223596,,0.0325110218,0.0014009946,22.481330949,0.8476277244,0.0872116545,-0.063316162,3.3012891344,0.0745690348,0.0950200876,,,,,0.8373279548,0.1465785791,,14.882139249,0.9457752236,-0.209355203,-1.291137642,0.6108703274,0.3797280606,0.00902212,520245.21778866,0.95103249,7.788e-05,0.94512404,0.00930523,0.00914253,0.00183971,0.00748207,0.02124798,0.27593021,1.40342376,0.00656665,0.40694888,0.00705591,-0.02065957,0.01106949,0.02255855,0.00955617,0.10029765,0.04557478,0.00936579,0.67624252,0.91664516,0.62743739,0.5906363681,0.8289295366,326,0.8706568097,-0.253844515,0.4174891033,1.5329302671
20110429,20110430,15496.0,01W,DEU,0.070994,2011,4,20110331,20110331,6523.5369417,121.52640967,6523.5369417,0.029427795,0.0,0.0330100546,-0.024085469,,0.002079149,0.1146123932,0.1290206223,0.0889679893,0.0476101826,-0.003429519,,0.0480451182,0.0023785396,-0.012169793,0.101010121,,,-0.204674218,0.0436830387,,0.0,,,,,,,,,-0.00020789,0.0002078902,0.0020616177,-0.000922412,0.0401448715,,,0.1492999575,0.0879738034,0.1289263214,,,-0.00020789,,,,,,,0.1459467928,4.209155255,,0.0066956808,,,5.0,,0.0005915193,-0.007466677,,,0.0337192777,0.0012340637,-0.008363878,-0.000295042,,,,,,,-0.204079622,,0.0077912034,,0.1683549786,,1.6943673529,0.0042232097,0.0070801598,0.0029073523,26.522647033,,,,,,,,4080.6223596,,0.0325110218,0.0014009946,23.036167853,0.8685470882,0.089364029,-0.064878798,3.3827646061,0.0764093908,0.0973651735,,,,,0.8594268727,0.1499006844,,14.772284243,0.9455231338,-0.04778583,-4.099947217,0.6078792862,0.3862666447,0.00907767,501273.35372298,1.00258343,7.487e-05,1.00475218,0.00932784,0.00915413,0.00390796,0.01121142,0.18090756,-0.4433842,0.74718132,0.01135529,0.33030285,0.01038309,0.24611424,0.01745136,0.03026254,0.01460345,-0.40527878,0.04709453,0.00959731,0.71032847,0.89456733,0.6319134,0.595888431,1.2880475325,327,0.8452945458,-0.268330465,0.4193246841,1.516422277
20110531,20110531,15496.0,01W,DEU,0.016668,2011,5,20110429,20110430,6986.6684214,130.15404624,6986.6684214,0.0274770886,0.0,0.0330100546,0.0709939231,-0.023218929,-0.066676584,0.0180525372,0.1056193743,0.1305553522,0.021825352,-0.002464868,,0.082608842,-0.001335152,-0.017678566,0.019008718,,,-0.096246715,0.0064696618,,0.0,,,,,,,,,0.0005072951,-0.000507295,0.0003792451,-0.002484942,0.0431475166,,,0.1782966499,0.0994935137,0.1552920631,,,0.000513685,,,,,,,0.1530787943,3.5990962001,,0.0143703101,,,6.0,,-0.001390288,0.0087326162,,,0.0237932121,0.0008970904,0.0058015346,0.0002106005,,,,,,,0.0027035083,,0.0076102174,,0.166908403,,1.4937579139,0.0047063071,0.0077471763,0.0004830974,27.457586821,,,,,,,,4267.0325971,-8.896786142,-0.176307937,0.0019119186,21.145969792,0.7701321289,0.0937633822,0.0937633822,3.2661272512,0.0766231515,0.0995194283,,,,,0.8296907849,0.1497778764,,14.952694852,0.943974428,-0.096460969,-3.390737515,0.6118822083,0.3565247965,0.00894572,510839.0231763,0.98023686,7.703e-05,0.98355215,0.00931778,0.00916671,0.00442757,0.00934488,0.61675324,-0.01395579,0.6377881,0.00927215,0.28260293,0.00778526,-0.23633546,0.01846819,0.02890741,0.01209347,0.0275684,0.04551584,0.0095242,0.75491595,0.95807618,0.63237681,0.5869467273,1.3863922649,328,0.6098237487,-0.592398934,0.269962834,1.5286928713
20110630,20110630,15496.0,01W,DEU,0.019133,2011,6,20110531,20110531,6811.3102762,126.88731441,6811.3102762,0.0421406978,0.0,0.0419501164,0.0166681905,0.0451985322,0.0987125895,0.0836413088,0.1870375225,0.1875318838,-0.10599711,0.0189239922,,-0.030157434,0.0056748442,-0.017678566,0.019008718,,,-0.096246715,0.0064696618,,0.0,,,,,,,,,0.0005072951,-0.000507295,0.0003792451,-0.002484942,0.0431475166,,,0.1782966499,0.0994935137,0.1552920631,,,0.000513685,,,,,,,0.1530787943,3.5990962001,,0.0143703101,,,6.0,,-0.001390288,0.0087326162,,,0.0237932121,0.0008970904,0.0058015346,0.0002106005,,,,,,,0.0027035083,,0.0076102174,,0.166908403,,1.4937579139,0.0047063071,0.0077471763,0.0004830974,27.457586821,,,,,,,,4267.0325971,-8.896786142,-0.176307937,0.0019119186,21.690375772,0.7899592893,0.0961773337,0.0961773337,3.3502141586,0.0785958254,0.1020815701,,,,,0.8491771451,0.1532956034,,14.839914695,0.9566212146,-0.484563849,-1.588923082,0.6189966643,0.3131435784,0.00923764,517787.74272725,0.95614241,7.794e-05,0.96111202,0.00930712,0.00922028,0.00262882,0.00868724,-1.17318326,0.12115878,0.8067977,0.00769721,-1.42531791,0.00826516,-1.07049556,0.01742571,0.02490659,0.01290464,-0.10267736,0.03487651,0.00875173,0.56221725,0.93402946,0.63729222,0.5608122898,1.5227361549,329,0.6412221586,-0.566185153,0.2847207547,1.5709989915
20110729,20110731,15496.0,01W,DEU,-0.125428,2011,7,20110630,20110630,6941.6300237,129.3150298,6941.6300237,0.041349563,0.0,0.0419501164,0.0191328456,0.0888454538,,0.064829446,0.1844095333,0.0603239178,-0.114243649,0.0684776977,,-8.174747e-06,0.0027184035,-0.017678566,0.019008718,,,-0.096246715,0.0064696618,,0.0,,,,,,,,,0.0005072951,-0.000507295,0.0003792451,-0.002484942,0.0431475166,,,0.1782966499,0.0994935137,0.1552920631,,,0.000513685,,,,,,,0.1530787943,3.5990962001,,0.0143703101,,,6.0,,-0.001390288,0.0087326162,,,0.0237932121,0.0008970904,0.0058015346,0.0002106005,,,,,,,0.0027035083,,0.0076102174,,0.166908403,,1.4937579139,0.0047063071,0.0077471763,0.0004830974,27.457586821,,,,,,,,4267.0325971,-8.896786142,-0.176307937,0.0019119186,21.283168202,0.7751288684,0.0943717339,0.0943717339,3.2873184033,0.0771202947,0.1001651262,,,,,0.8346097401,0.1506658586,,14.924272574,0.9595862498,-0.309273809,-0.157245087,0.6222551527,0.3340035925,0.00884903,585826.66706158,1.07407252,8.717e-05,1.07279313,0.00924212,0.00926239,0.00391837,0.00630071,0.46249378,-0.05014608,0.68908051,0.00612113,0.64747081,0.00609201,0.65373716,0.01392044,0.01742109,0.01073752,-0.59002279,0.21558983,0.00853667,0.64101057,0.9519001,0.64066206,0.5688203589,1.2271979154,330,0.6385783243,-0.570608118,0.2778165941,1.5610928543
20110831,20110831,15496.0,01W,DEU,-0.110716,2011,8,20110729,20110731,6070.9574853,113.09534582,6070.9574853,0.0472797526,0.0,0.0419501164,-0.125427678,0.036119946,0.0839126272,0.0356886164,0.1297106721,,-0.031516132,0.0061706506,,-0.021849682,0.0067782894,-0.017678566,0.1044243973,,,-0.096246715,0.0580277268,,0.0,,,,,,,,,0.0005072951,-0.000507295,0.0003792451,-0.002484942,0.0431475166,,,0.1782966499,0.1038978749,0.1552920631,,,0.000513685,,,,,,,0.172274025,3.5990962001,,,,,7.0,,-0.001390288,0.0087326162,,,0.034280826,0.0012485011,0.0135037169,0.0004544629,,,,,,,0.0171616756,,0.0076102174,,0.166908403,,1.3957732613,0.0047063071,0.0077471763,0.0004830974,27.457586821,,,,,,,,4267.0325971,,-0.176307937,0.0019119186,24.335515402,0.9415125961,0.107906152,0.107906152,4.124604541,0.0978211579,0.1145304096,,,,,0.9426481366,0.1701692229,,14.035027655,0.9712933227,-0.111723032,0.1467054031,0.6791089244,0.3791863797,0.00914596,579152.29467762,1.08990782,8.64e-05,1.08600529,0.00923666,0.00931926,0.00389833,0.00819845,-0.7767651,-0.7137011,1.16528892,0.00835885,-0.53901773,0.00839786,-0.34615551,0.00914268,0.01347443,0.01455551,-1.82416548,0.24939112,0.00850443,0.75581361,0.83250548,0.64259253,0.5792316226,0.7751862883,331,0.835297712,-0.478180266,0.4377024842,1.5627081882
20110930,20110930,15496.0,01W,DEU,-0.304495,2011,9,20110831,20110831,5398.8046232,100.57386786,5398.8046232,0.0531660965,0.0,0.0419501164,-0.110716121,-0.108694621,-0.052880989,-0.004388593,-0.018045612,0.0358605908,-0.017984286,0.0346292101,,0.0232285417,0.0029953757,-0.017678566,0.1044243973,,,-0.096246715,0.0580277268,,0.0,,,,,,,,,0.0005072951,-0.000507295,0.0003792451,-0.002484942,0.0431475166,,,0.1782966499,0.1038978749,0.1552920631,,,0.000513685,,,,,,,0.172274025,3.5990962001,,,,,7.0,,-0.001390288,0.0087326162,,,0.034280826,0.0012485011,0.0135037169,0.0004544629,,,,,,,0.0171616756,,0.0076102174,,0.166908403,,1.3957732613,0.0047063071,0.0077471763,0.0004830974,27.457586821,,,,,,,,4267.0325971,,-0.176307937,0.0019119186,27.365294672,1.0587312084,0.1213405016,0.1213405016,4.6381190949,0.1099999227,0.1287894813,,,,,1.0473085741,0.1890627894,,13.375386943,0.9507831775,-0.452542903,-0.118384703,0.6794348967,0.3181749891,0.0091009,533023.44539369,1.05616262,8.199e-05,1.02194478,0.00923952,0.00933119,0.00605715,0.02017732,0.20290074,-0.25577779,0.79754781,0.01864815,-0.65074547,0.01744894,-0.32940256,0.03196892,0.04793921,0.02842977,-0.47615828,0.25560564,0.01019055,0.82250044,0.7403337,0.65718098,0.6283882753,2.2480205775,332,0.7414131208,-0.481305178,0.4095982787,1.4752673291
20111031,20111031,15496.0,01W,DEU,0.182946,2011,10,20110930,20110930,3754.8939899,69.949597795,3754.8939899,0.0764424691,0.0,0.0419501164,-0.3044953,-0.222256933,-0.1369555,,-0.155991153,0.002079149,0.026528458,0.0478078509,,-0.076033784,0.0130388601,-0.017678566,0.1044243973,,,-0.096246715,0.0580277268,,0.0,,,,,,,,,0.0005072951,-0.000507295,0.0003792451,-0.002484942,0.0431475166,,,0.1782966499,0.1038978749,0.1552920631,,,0.000513685,,,,,,,0.172274025,3.5990962001,,,,,7.0,,-0.001390288,0.0087326162,,,0.034280826,0.0012485011,0.0135037169,0.0004544629,,,,,,,0.0171616756,,0.0076102174,,0.166908403,,1.3957732613,0.0047063071,0.0077471763,0.0004830974,27.457586821,,,,,,,,4267.0325971,,-0.176307937,0.0019119186,39.345952185,1.5222488192,0.1744639564,0.1744639564,6.6687099234,0.1581584174,0.1851741352,,,,,1.4377136812,0.2595397056,,10.766969382,1.0164162148,-0.069982638,0.2612778453,0.6812636224,0.3412554167,0.0080826,597098.9300943,1.25846018,0.00010777,1.52383653,0.00908291,0.0092863,0.00972894,0.02741238,-0.05578349,-0.04421683,0.55618095,0.02856395,-0.07383836,0.02625383,-0.03923679,0.03769771,0.04744692,0.03680225,0.25253662,0.26143676,0.01294353,0.94727927,0.51490557,0.64935711,0.6711195276,2.1125161293,333,0.6452491947,-0.481791447,0.3910676568,1.3233874481
20111130,20111130,15496.0,01W,DEU,-0.116708,2011,11,20111031,20111031,4441.8359933,82.746581403,4441.8359933,0.0646204336,0.0,0.0419501164,0.1829457783,-0.381498882,-0.439537897,-0.413685691,-0.439771214,-0.066676584,0.0728589765,-0.09022276,,0.0040749089,0.0067846314,0.2128425249,-0.08888318,,,-0.030312575,-0.1529461,,0.0,,,,,,,,,0.0008486396,-0.00084864,-0.001342924,0.0051091822,0.0431475166,,,0.1782966499,0.0848562301,0.1552920631,,,0.0008486396,,,,,,,0.1378118991,4.4910620924,,0.0115555571,,,0.0,,-0.001390288,0.0087326162,,,0.0,,-0.019728643,,,,,,,,-1.57525612,,0.0076102174,,0.166908403,,1.3196272152,0.0047063071,0.0077471763,0.0004830974,28.340886935,,,,,,,,4267.0325971,,-0.266466842,0.001913576,36.363381663,1.2830714066,0.1550579729,-0.265141159,4.5715879464,0.1088766026,0.1565364521,,,,,1.3852051454,0.2245600732,,11.391202655,1.0370120183,-0.328830808,-0.230215827,0.6098385308,0.1941520468,0.00883892,533457.46104957,1.38171233,0.00010379,1.57943219,0.00907154,0.00928175,0.00624637,0.01790814,0.86246978,0.29534042,0.42315943,0.01826096,0.68304569,0.01710099,1.34720182,0.04993186,0.07585504,0.03007181,0.79152952,0.2687236,0.01377163,0.90330216,0.61990679,0.65818558,0.686495213,2.5448655606,334,0.3265651402,-0.616805675,0.0851623179,1.2195565345
20111230,20111231,15496.0,01W,DEU,-0.023084,2011,12,20111130,20111130,3923.4364879,73.08936152,3923.4364879,0.073158663,0.0,0.0419501164,-0.116708385,-0.177255651,-0.347873491,-0.307037263,-0.271557643,0.0987125895,-0.068600344,,,0.0410252987,0.0002851563,0.2128425249,-0.08888318,,,-0.030312575,-0.1529461,,0.0,,,,,,,,,0.0008486396,-0.00084864,-0.001342924,0.0051091822,0.0431475166,,,0.1782966499,0.0848562301,0.1552920631,,,0.0008486396,,,,,,,0.1378118991,4.4910620924,,0.0115555571,,,0.0,,-0.001390288,0.0087326162,,,0.0,,-0.019728643,,,,,,,,-1.57525612,,0.0076102174,,0.166908403,,1.3196272152,0.0047063071,0.0077471763,0.0004830974,28.340886935,,,,,,,,4267.0325971,,-0.266466842,0.001913576,41.168036747,1.4526022718,0.1755456185,-0.30017398,5.1756270171,0.1232623527,0.1772194476,,,,,1.6467354152,0.2499856634,,10.341817345,1.0447653998,-0.151946819,-0.195521581,0.6078394786,0.2402366864,0.00896108,526822.66455739,1.39830505,0.00010803,1.51168663,0.00903647,0.00926192,0.00729155,0.0197894,0.16885167,-0.33999491,0.60820207,0.0188315,0.11819993,0.01880276,0.07305642,0.030879,0.0361356,0.02964269,-0.56669639,0.28174831,0.01471374,0.97462193,0.55254999,0.66141358,0.7065368977,1.4568479756,335,0.2720895079,-0.616954658,0.0854093444,1.1043211206
20120131,20120131,15496.0,01W,DEU,0.053106,2012,1,20111230,20111231,3832.8663663,71.402138501,3832.8663663,0.0748873924,0.0,0.0419501164,-0.023084386,0.0448860869,-0.434796082,-0.372805553,,,,0.0293082936,-0.037626243,-0.079447391,,0.2128425249,-0.08888318,,,-0.030312575,-0.1529461,,0.0,,,,,,,,,0.0008486396,-0.00084864,-0.001342924,0.0051091822,0.0431475166,,,0.1782966499,0.0848562301,0.1552920631,,,0.0008486396,,,,,,,0.1378118991,4.4910620924,,0.0115555571,,,0.0,,-0.001390288,0.0087326162,,,0.0,,-0.019728643,,,,,,,,-1.57525612,,0.0076102174,,0.166908403,,1.3196272152,0.0047063071,0.0077471763,0.0004830974,28.340886935,,,,,,,,4267.0325971,,-0.266466842,0.001913576,42.14083197,1.48692707,0.1796937381,-0.307267051,5.2979263939,0.1261750256,0.1814071196,,,,,1.7029073332,0.2550305461,,10.12934902,1.0417614573,-0.189332611,-0.345492402,0.6086718853,,0.00907085,435534.51316197,1.43620722,0.0001002,1.565457,0.00908486,0.00925111,0.00432105,0.01184804,-0.0769493,-0.19985936,0.94257909,0.01109466,0.05916761,0.01107571,0.10895081,0.02031327,0.03822554,0.01884308,-0.43475851,0.12823898,0.01488477,0.98319064,0.53979471,0.66255889,0.7124459131,0.9392664563,336,0.2851009369,-0.625858029,0.067923579,1.1190161056
20120229,20120229,15496.0,01W,DEU,-0.006039,2012,2,20120131,20120131,4036.4142437,75.194014435,4036.4142437,0.0711109788,0.0,0.0419501164,0.0531059155,-0.137098629,-0.368655377,-0.427899603,-0.401510562,0.0839126272,-0.052262881,0.000887926,-0.032879153,-0.002737498,,-0.017678566,0.0219613234,,,-0.096246715,-0.007918256,,0.0,,,,,,,,,0.0005072951,-0.000507295,0.0003792451,-0.002484942,0.0431475166,,,0.1782966499,0.0994935137,0.1552920631,,,0.000513685,,,,,,,0.1500707329,3.5990962001,,,,,0.0,,-0.001390288,0.0087326162,,,0.0169471687,0.0005979759,-0.016772109,-0.000636088,,,,,,,-0.977537045,,0.0076102174,,0.166908403,,1.190619131,0.0047063071,0.0077471763,0.0004830974,27.457586821,,,,,,,,4267.0325971,,-0.176307937,0.0019119186,36.601763463,1.3330291443,0.1622959443,0.1622959443,5.5871924906,0.1030248302,0.1722591402,,,,,1.3514417344,0.2439656758,,11.750843852,1.0312947809,-0.134031152,-0.134128474,0.6581548188,0.3139507537,0.00896112,420213.10848927,1.48164601,0.00010196,1.53068949,0.00902722,0.00923441,0.00595157,0.01487302,-0.47741188,-0.09617249,1.18983796,0.01328528,-0.25623883,0.01399514,-0.31071346,0.02936805,0.04256225,0.02160734,-0.1189254,0.1071224,0.01540596,0.97726611,0.568461,0.66380225,0.7327736945,1.3179584514,337,0.4460000347,-0.577716492,0.4345920031,1.0969317197
20120330,20120331,15496.0,01W,DEU,0.151342,2012,3,20120229,20120229,4012.0399199,74.739947249,4012.0399199,0.0715429989,0.0,0.0419501164,-0.006038608,0.0287956123,-0.252350377,-0.407395335,-0.370286371,-0.052880989,-0.066261511,-0.024085469,-0.03123853,0.0854603083,,-0.017678566,0.0219613234,,,-0.096246715,-0.007918256,,0.0,,,,,,,,,0.0005072951,-0.000507295,0.0003792451,-0.002484942,0.0431475166,,,0.1782966499,0.0994935137,0.1552920631,,,0.000513685,,,,,,,0.1500707329,3.5990962001,,,,,0.0,,-0.001390288,0.0087326162,,,0.0169471687,0.0005979759,-0.016772109,-0.000636088,,,,,,,-0.977537045,,0.0076102174,,0.166908403,,1.190619131,0.0047063071,0.0077471763,0.0004830974,27.457586821,,,,,,,,4267.0325971,,-0.176307937,0.0019119186,36.824129953,1.3411276888,0.1632819399,0.1632819399,5.6211363301,0.1036507364,0.1733056652,,,,,1.3584997022,0.245239798,,11.704777996,1.0147642717,-0.178839936,-0.225222908,0.6607443696,0.315839599,0.00908047,408992.85799998,1.52369646,0.0001026,1.52500469,0.00903583,0.00923843,0.00444267,0.01288227,-0.9577772,-0.01862643,1.29698773,0.01253692,-1.07671349,0.01310267,-1.16314509,0.01553248,0.01813594,0.01462703,-0.96252754,0.09932208,0.01568256,0.99438344,0.56502829,0.6641437,0.7337990637,0.6915890307,338,0.4617121367,-0.558796591,0.4251512907,1.1154205946
20120430,20120430,15496.0,01W,DEU,-0.016921,2012,4,20120330,20120331,4619.2319143,86.051274788,4619.2319143,0.0621387653,0.0,0.0419501164,0.1513424608,0.0467466216,0.0684828735,-0.422032015,-0.358641546,-0.1369555,-0.121147533,0.0709939231,-0.023934117,0.0417582315,,-0.017678566,0.0219613234,,,-0.096246715,-0.007918256,,0.0,,,,,,,,,0.0005072951,-0.000507295,0.0003792451,-0.002484942,0.0431475166,,,0.1782966499,0.0994935137,0.1552920631,,,0.000513685,,,,,,,0.1500707329,3.5990962001,,,,,0.0,,-0.001390288,0.0087326162,,,0.0169471687,0.0005979759,-0.016772109,-0.000636088,,,,,,,-0.977537045,,0.0076102174,,0.166908403,,1.190619131,0.0047063071,0.0077471763,0.0004830974,27.457586821,,,,,,,,4267.0325971,,-0.176307937,0.0019119186,31.983646227,1.164838208,0.1418187425,0.1418187425,4.8822453105,0.0900259826,0.1505248622,,,,,1.2021062199,0.2170072515,,12.707541619,1.0187698366,-0.276212161,-0.096569825,0.6654641923,0.3045385987,0.00842563,380557.5350605,1.2260107,9.357e-05,1.10595365,0.00908799,0.00918732,0.00731776,0.03647101,3.59698715,-0.3339595,-0.04149699,0.03726571,3.50031476,0.03742072,3.35364256,0.04538547,0.15405547,0.03677387,3.09847529,0.09278545,0.01879072,1.03691622,0.65054106,0.65121884,0.784990957,1.8460534055,339,0.3996062457,-0.56007765,0.4441157109,0.9806390275
20120531,20120531,15496.0,01W,DEU,-0.148146,2012,5,20120430,20120430,4541.0693524,84.595191132,4541.0693524,0.0632083206,0.0,0.0419501164,-0.016921117,0.1443899549,0.0399375216,-0.239126295,-0.310525294,-0.439537897,-0.073822504,0.0166681905,-0.02698769,0.0469525265,,-0.013535335,-0.067318408,,,0.0957952083,0.1797386513,,,,,,,,,,,-4.4751e-05,4.47514e-05,-0.00175951,-0.000274612,0.0350723918,,,0.1321382698,0.1004231598,0.1240671728,,,-4.4751e-05,,,,,,,0.1450400866,3.5374597065,,0.0188614304,,,0.0,,,-0.003158866,,,,,,,,,,,,,-1.606047119,,0.0061431179,,0.1311554107,,1.0138349397,0.0047856043,0.0062274079,7.92972e-05,27.288917189,,,0.9975860709,,,,,4421.3546348,-12.39824658,-0.174200257,0.0017957673,32.093799797,1.1760745058,0.1428235374,0.1428235374,4.6868224841,0.1181051181,0.153588227,,,,,1.1593320081,0.1748836779,,12.134164878,1.0315313468,-0.065226193,0.0648767146,0.6698677859,0.3594132029,0.00816526,470802.19831111,1.34653273,0.00011227,1.23989501,0.0089927,0.00911694,0.00398613,0.01477807,-0.44725444,-0.20859473,1.28904875,0.01462563,-0.80173264,0.01614197,-0.27358153,0.02413258,0.03551111,0.02228826,-0.44448443,0.08590492,0.01902356,1.0438743,0.63953318,0.6519813,0.7947095868,0.9634994903,340,0.3590983873,-0.414731845,0.3819823501,0.8858815185
20120629,20120630,15496.0,01W,DEU,0.055307,2012,6,20120531,20120531,3563.4153818,66.382559242,3563.4153818,0.0919202528,0.0,0.0821034455,-0.148145565,0.1318604608,0.1574214,-0.158875034,-0.333304582,-0.347873491,-0.058642138,0.0191328456,-0.042194819,-0.032529022,,-0.013535335,-0.067318408,,,0.0957952083,0.1797386513,,,,,,,,,,,-4.4751e-05,4.47514e-05,-0.00175951,-0.000274612,0.0350723918,,,0.1321382698,0.1004231598,0.1240671728,,,-4.4751e-05,,,,,,,0.1450400866,3.5374597065,,0.0188614304,,,0.0,,,-0.003158866,,,,,,,,,,,,,-1.606047119,,0.0061431179,,0.1311554107,,1.0138349397,0.0047856043,0.0062274079,7.92972e-05,27.288917189,,,0.9975860709,,,,,4421.3546348,-12.39824658,-0.174200257,0.0017957673,40.899012617,1.4987407647,0.1820084158,0.1820084158,5.9726929539,0.1505082834,0.1957264916,,,,,1.4284272235,0.2154763301,,10.159010463,1.0402749949,-0.110629217,0.1685926959,0.6955173399,0.3557919622,0.00869189,505976.93159514,1.25080129,0.00011976,1.15888514,0.00895979,0.00907889,0.00564526,0.01326328,-1.11199586,0.2030211,0.40990439,0.0134087,-0.68430657,0.01369307,-1.05256097,0.01440598,0.01892191,0.0164981,-0.39961941,0.07160304,0.01921197,1.00000965,0.50974143,0.65340122,0.8029719646,0.5702586266,341,0.3456900571,-0.408698505,0.3782503012,0.8972659803
20120731,20120731,15496.0,01W,DEU,-0.083937,2012,7,20120629,20120630,3760.4972573,70.053980583,3760.4972573,0.0871028538,0.0,0.0821034455,0.0553070171,-0.162559893,0.0092525279,0.030210195,-0.442734623,-0.434796082,-0.027004062,-0.125427678,-0.025764392,0.0228090631,,-0.013535335,-0.067318408,,,0.0957952083,0.1797386513,,,,,,,,,,,-4.4751e-05,4.47514e-05,-0.00175951,-0.000274612,0.0350723918,,,0.1321382698,0.1004231598,0.1240671728,,,-4.4751e-05,,,,,,,0.1450400866,3.5374597065,,0.0188614304,,,0.0,,,-0.003158866,,,,,,,,,,,,,-1.606047119,,0.0061431179,,0.1311554107,,1.0138349397,0.0047856043,0.0062274079,7.92972e-05,27.288917189,,,0.9975860709,,,,,4421.3546348,-12.39824658,-0.174200257,0.0017957673,38.755558291,1.4201940671,0.1724696347,0.1724696347,5.6596733055,0.1426203758,0.1854687673,,,,,1.3645776612,0.2058447093,,10.639822609,1.0425171523,-0.227975525,-0.018359969,0.68985452,0.2718006795,0.00892271,500047.64949729,1.25699353,0.00011886,1.15490328,0.00892495,0.00907684,0.00546043,0.01933284,1.35214857,-0.3019946,0.82059604,0.02023433,1.26412913,0.01871635,0.94256493,0.03297546,0.06287601,0.02295628,0.68390696,0.0620568,0.01991055,1.02771387,0.54426075,0.65586104,0.8170648652,1.2706408194,342,0.3437841151,-0.412651684,0.4047404905,0.8961348692
20120831,20120831,15496.0,01W,DEU,0.104093,2012,8,20120731,20120731,3444.8506767,64.173827529,3444.8506767,0.0950839597,0.0,0.0821034455,-0.083937458,-0.101032037,0.0113619714,-0.080948537,-0.327572977,-0.368655377,-0.132759374,-0.110716121,-0.023329968,-0.018383509,,-0.013535335,-0.394165219,,,0.0957952083,-0.177166847,,,,,,,,,,,-4.4751e-05,4.47514e-05,-0.00175951,-0.000274612,0.0350723918,,,0.1321382698,0.0492636497,0.1240671728,,,-4.4751e-05,,,,,,,0.1450400866,3.5374597065,,,,,0.0,,,-0.003158866,,,0.0326588944,0.0011967823,-0.001621932,-5.1719e-05,,,,,,,0.166225897,,0.0061431179,,0.1311554107,,1.0605037721,0.0047856043,0.0062274079,7.92972e-05,27.288917189,,,0.9975860709,,,,,4421.3546348,,-0.174200257,0.0017957673,42.306672868,1.596906281,0.1882727727,0.1882727727,4.4037566099,0.0786694316,0.2024629965,,,,,1.4698011746,0.2217175351,,9.2134879157,1.0376306942,-0.089973074,0.1250396708,0.6590792487,0.3953842941,0.00892679,493406.99516817,1.27718872,0.00011757,1.17014326,0.00890953,0.00906689,0.00659403,0.01389734,-0.49948696,-0.42030761,0.64916233,0.01458341,-0.47260455,0.01441398,-0.26622691,0.01615787,0.02002675,0.01747109,-0.68543324,0.06068887,0.02014296,1.01932423,0.5797969,0.65536177,0.8181668196,0.620539405,343,-0.034177191,-0.76612078,-0.004868732,0.9247132022
20120928,20120930,15496.0,01W,DEU,0.152944,2012,9,20120831,20120831,3803.4361861,70.8538862,3803.4361861,0.0861195053,0.0,0.0821034455,0.1040931939,-0.033272771,-0.067900599,-0.046850887,-0.307324441,-0.252350377,-0.201033193,-0.3044953,0.0138144407,0.0344445446,,-0.013535335,-0.394165219,,,0.0957952083,-0.177166847,,,,,,,,,,,-4.4751e-05,4.47514e-05,-0.00175951,-0.000274612,0.0350723918,,,0.1321382698,0.0492636497,0.1240671728,,,-4.4751e-05,,,,,,,0.1450400866,3.5374597065,,,,,0.0,,,-0.003158866,,,0.0326588944,0.0011967823,-0.001621932,-5.1719e-05,,,,,,,0.166225897,,0.0061431179,,0.1311554107,,1.0605037721,0.0047856043,0.0062274079,7.92972e-05,27.288917189,,,0.9975860709,,,,,4421.3546348,,-0.174200257,0.0017957673,38.31802705,1.4463509873,0.1705225372,0.1705225372,3.9885732783,0.0712525283,0.1833749159,,,,,1.35141652,0.2038593688,,10.167580412,1.0439878283,-0.170457992,0.1691072048,0.6612370392,0.3647271982,0.00886876,488756.41303988,1.28876168,0.00011756,1.17033506,0.00886629,0.00905446,0.00356628,0.00962709,-0.23487453,0.3638437,1.03852218,0.00978792,-0.3615195,0.00989307,-0.37755584,0.02219277,0.03965203,0.01353064,0.48553224,0.06263376,0.01948964,1.0548777,0.71751174,0.65556795,0.8356362837,0.8869387581,344,-0.044191244,-0.757980163,-0.014688774,0.9146212003
20121031,20121031,15496.0,01W,DEU,0.029375,2012,10,20120928,20120930,4385.1483444,81.690552059,4385.1483444,0.0746953163,0.0,0.0821034455,0.152943846,0.0114184178,-0.106152478,0.0772327036,0.0996020152,0.0684828735,-0.484021403,0.1829457783,0.0110869923,-0.064721607,,-0.013535335,-0.394165219,,,0.0957952083,-0.177166847,,,,,,,,,,,-4.4751e-05,4.47514e-05,-0.00175951,-0.000274612,0.0350723918,,,0.1321382698,0.0492636497,0.1240671728,,,-4.4751e-05,,,,,,,0.1450400866,3.5374597065,,,,,0.0,,,-0.003158866,,,0.0326588944,0.0011967823,-0.001621932,-5.1719e-05,,,,,,,0.166225897,,0.0061431179,,0.1311554107,,1.0605037721,0.0047856043,0.0062274079,7.92972e-05,27.288917189,,,0.9975860709,,,,,4421.3546348,,-0.174200257,0.0017957673,33.234946509,1.2544851965,0.1479018582,0.1479018582,3.459468813,0.0618005192,0.1590493037,,,,,1.1952426702,0.1803007531,,11.383464002,1.0557281135,0.0494049835,-0.112317704,0.6591009278,0.5559019497,0.00856571,451904.70269991,1.28738763,0.00010889,1.19683865,0.00890001,0.00910359,0.00591457,0.01297283,0.16791337,0.687896,1.0492402,0.01055371,0.45502368,0.01380337,0.21064857,0.02567075,0.03505918,0.01447239,0.21796468,0.06601134,0.01805163,0.97507339,0.90060383,0.65569056,0.8433661809,1.128989643,345,-0.032235743,-0.770790615,-0.012362964,0.9779538158
20121130,20121130,15496.0,01W,DEU,0.0439,2012,11,20121031,20121031,4513.960713,84.090186615,4513.960713,0.0725637779,0.0,0.0821034455,0.0293746889,0.2729574533,0.0482943095,0.1793579335,0.0717138518,0.0399375216,-0.392125882,-0.116708385,0.0243672717,-0.030468928,,-0.079437544,-0.057506989,,,0.0385905545,0.0598715608,,,,,,,,,,,-0.000290229,0.0002902294,-1.6575e-05,-0.001005989,0.0350723918,,,0.1321382698,0.0727165326,0.1240671728,,,-0.000290229,,,,,,,0.1233907244,5.956619621,,0.0200567212,,,0.0,,,-0.003158866,,,0.0240941036,,0.0240941036,,,,,,,,2.4284268004,,0.0061431179,,0.1311554107,,1.2354572158,0.0047856043,0.0062274079,7.92972e-05,26.792753723,,,0.9975860709,,,,,4421.3546348,,-0.30067184,0.0016389077,32.939899303,1.2294331386,0.1430203059,-0.51764607,4.2398448178,0.0894001149,0.1545106028,,,,,1.475653093,0.1758019983,,12.512895997,1.0612602859,0.0902563674,0.2860924547,0.672099209,0.7021028037,0.00885079,356841.61861299,1.22106539,8.792e-05,1.13669293,0.00902267,0.00909433,0.00763863,0.00916634,0.38993153,0.18919128,0.90451249,0.00941057,0.53195555,0.00951488,0.51731384,0.01968674,0.03116199,0.0134238,0.22302966,0.07642163,0.01745925,1.04388452,0.92705879,0.65586153,0.8778504145,0.9245762158,346,0.1139018692,-0.537571579,0.1037008587,1.0009704361
20121228,20121231,15496.0,01W,DEU,0.111467,2012,12,20121130,20121130,4712.1247411,87.781767283,4712.1247411,0.0695121757,0.0,0.0821034455,0.0439002554,0.1868112128,0.2667512006,0.2213766207,0.248959114,0.1574214,-0.443617585,-0.023084386,0.0304567846,,,-0.079437544,-0.057506989,,,0.0385905545,0.0598715608,,,,,,,,,,,-0.000290229,0.0002902294,-1.6575e-05,-0.001005989,0.0350723918,,,0.1321382698,0.0727165326,0.1240671728,,,-0.000290229,,,,,,,0.1233907244,5.956619621,,0.0200567212,,,0.0,,,-0.003158866,,,0.0240941036,,0.0240941036,,,,,,,,2.4284268004,,0.0061431179,,0.1311554107,,1.2354572158,0.0047856043,0.0062274079,7.92972e-05,26.792753723,,,0.9975860709,,,,,4421.3546348,,-0.30067184,0.0016389077,31.554642441,1.1777304702,0.1370057198,-0.495876946,4.0615420831,0.0856404761,0.1480128029,,,,,1.3525537439,0.1693032843,,12.799723153,1.0616857276,0.1650245351,0.4337131069,0.6731559214,0.7939464494,0.00882415,344755.07541816,1.39709885,8.407e-05,1.30217097,0.00904013,0.00909081,0.00554975,0.01945878,0.20927922,-0.04276222,1.03657984,0.02027573,0.21987917,0.0188772,-0.19411167,0.02864055,0.04675745,0.02083729,-0.14048947,0.07949911,0.01737474,0.95399818,0.96775691,0.6559232,0.93386059,1.4076220294,347,0.1287586347,-0.546612683,0.1185152671,1.025787885
20130131,20130131,15496.0,01W,DEU,0.133008,2013,1,20121228,20121231,5237.3697343,97.566511171,5237.3697343,0.0625409432,0.0,0.0821034455,0.1114666996,0.0745645007,0.253058949,0.1073988928,0.3345970922,0.0092525279,-0.476578523,0.0531059155,0.0357623104,-0.077943261,,-0.079437544,-0.057506989,,,0.0385905545,0.0598715608,,,,,,,,,,,-0.000290229,0.0002902294,-1.6575e-05,-0.001005989,0.0350723918,,,0.1321382698,0.0727165326,0.1240671728,,,-0.000290229,,,,,,,0.1233907244,5.956619621,,0.0200567212,,,0.0,,,-0.003158866,,,0.0240941036,,0.0240941036,,,,,,,,2.4284268004,,0.0061431179,,0.1311554107,,1.2354572158,0.0047856043,0.0062274079,7.92972e-05,26.792753723,,,0.9975860709,,,,,4421.3546348,,-0.30067184,0.0016389077,28.390092525,1.0596183139,0.1232656992,-0.446146471,3.6542184165,0.0770517697,0.1331689046,,,,,1.1076427445,0.1541951313,,13.454965423,1.0677998446,0.1732625856,0.4769500003,0.6759467906,0.8073286052,0.00905992,368397.47506273,1.33679577,8.603e-05,1.28957049,0.00906628,0.00907679,0.00659915,0.00969936,1.17395276,0.07675471,1.40102536,0.01034096,1.41147078,0.0097084,1.32097159,0.01822337,0.0343708,0.01054421,1.13231853,0.06754969,0.0173713,0.96232203,1.0,0.65540854,0.9550949587,0.9105371739,348,0.1241613801,-0.558511699,0.0990451036,1.0473350499
20130228,20130228,15496.0,01W,DEU,0.049472,2013,2,20130131,20130131,5933.9821378,110.54364384,5933.9821378,0.0551990274,0.0,0.0821034455,0.133008063,0.1602603716,0.5203473897,0.2520226132,0.4085574904,0.0113619714,-0.395352472,-0.006038608,0.0484029169,-0.006488832,,-0.013535335,-0.106824696,,,0.0957952083,0.0049917058,,,,,,,,,,,-4.4751e-05,4.47514e-05,-0.00175951,-0.000274612,0.0350723918,,,0.1321382698,0.1004231598,0.1240671728,,,-4.4751e-05,,,,,,,0.1450400866,3.5374597065,,,,,1.0,,,-0.003158866,,,0.0239055851,0.0008922407,0.0069584164,0.0002942647,,,,,,,0.5984123489,,0.0061431179,,0.1311554107,,1.2944549859,0.0047856043,0.0062274079,7.92972e-05,27.288917189,,,0.9975860709,,,,,4421.3546348,,-0.174200257,0.0017957673,24.560264469,0.9000087581,0.1092978667,0.1092978667,3.394531441,0.0740868709,0.1175357078,,,,,0.9140095324,0.1378771116,,13.824061065,1.0902294352,0.301412622,1.3811158763,0.680475034,0.6136682997,0.00883928,423434.04205362,1.18305706,9.248e-05,1.20267798,0.00904442,0.00907044,0.00434703,0.01185358,0.28847649,-0.63891262,1.3601109,0.01142506,0.70788243,0.01082081,0.2682816,0.02199375,0.03088788,0.01186572,0.33222266,0.05461457,0.01716992,0.97762789,1.0,0.64809516,0.9433836852,1.1361289946,349,0.5089081537,-0.281725955,0.4622152754,1.073505251
20130328,20130331,15496.0,01W,DEU,0.093549,2013,3,20130228,20130228,6227.5461434,116.01242249,6227.5461434,0.0525969676,0.0,0.0821034455,0.0494716699,0.2593007324,0.5601634542,0.6652513115,0.6056025987,-0.067900599,-0.429039949,0.1513424608,0.0391419359,0.0702233747,,-0.013535335,-0.106824696,,,0.0957952083,0.0049917058,,,,,,,,,,,-4.4751e-05,4.47514e-05,-0.00175951,-0.000274612,0.0350723918,,,0.1321382698,0.1004231598,0.1240671728,,,-4.4751e-05,,,,,,,0.1450400866,3.5374597065,,,,,1.0,,,-0.003158866,,,0.0239055851,0.0008922407,0.0069584164,0.0002942647,,,,,,,0.5984123489,,0.0061431179,,0.1311554107,,1.2944549859,0.0047856043,0.0062274079,7.92972e-05,27.288917189,,,0.9975860709,,,,,4421.3546348,,-0.174200257,0.0017957673,23.402503539,0.8575827094,0.1041456094,0.1041456094,3.2345146023,0.0705944457,0.1119951221,,,,,0.8749874694,0.1319906858,,14.083765931,1.0825546547,0.5813145019,1.1801608858,0.680349978,0.6380048552,0.00881604,476160.90719171,1.13423021,9.699e-05,1.19180724,0.0090398,0.00904704,0.00575855,0.01295804,0.62379158,0.05522914,0.69137298,0.01322281,0.81177225,0.01294487,0.44559998,0.02054055,0.02987858,0.01321242,0.39504195,0.04895388,0.01722709,0.86620752,1.0,0.64501213,0.9314410841,1.06500319,350,0.5408729438,-0.285490589,0.4640542844,1.0915474569
20130430,20130430,15496.0,01W,DEU,0.054931,2013,4,20130328,20130331,6810.1291244,126.86531083,6810.1291244,0.048097479,0.0,0.0821034455,0.093549364,0.1890598639,0.4201449197,0.6560432616,0.4635388668,-0.106152478,-0.421689985,-0.016921117,0.0491847068,0.0554394153,,-0.013535335,-0.106824696,,,0.0957952083,0.0049917058,,,,,,,,,,,-4.4751e-05,4.47514e-05,-0.00175951,-0.000274612,0.0350723918,,,0.1321382698,0.1004231598,0.1240671728,,,-4.4751e-05,,,,,,,0.1450400866,3.5374597065,,,,,1.0,,,-0.003158866,,,0.0239055851,0.0008922407,0.0069584164,0.0002942647,,,,,,,0.5984123489,,0.0061431179,,0.1311554107,,1.2944549859,0.0047856043,0.0062274079,7.92972e-05,27.288917189,,,0.9975860709,,,,,4421.3546348,,-0.174200257,0.0017957673,21.400500343,0.7842194761,0.0952363129,0.0952363129,2.9578130707,0.0645553352,0.1024143269,,,,,0.8066440906,0.1216811788,,14.532848256,1.0764088219,0.427974532,1.7752872958,0.6816846849,0.6299185889,0.00866543,515044.46284613,1.11704259,9.502e-05,1.10219913,0.00904812,0.00906374,0.00458104,0.01504687,0.3685439,-0.06700035,0.87638316,0.01446404,-0.06134802,0.0144268,0.30589896,0.02642286,0.04506958,0.0164011,0.64694182,0.04493304,0.014195,0.83457263,1.0,0.64332962,0.8268248447,1.5785394311,351,0.6298368239,-0.300057992,0.4841214967,1.229960587
20130531,20130531,15496.0,01W,DEU,0.028931,2013,5,20130430,20130430,7184.2164943,133.83415233,7184.2164943,0.0455930084,0.0,0.0821034455,0.0549310245,0.1476490772,0.5086815233,0.9769011094,0.6279995676,0.0482943095,-0.467819245,-0.148145565,0.0676462149,0.0510512323,,0.1203551806,0.0879419536,,,0.0675883118,0.033991645,,,,,,,,,,,-0.000178922,0.0001789223,0.0007984584,0.0080364625,0.0412038311,,,0.1387526511,0.0991905919,0.1247982645,,,-0.000178922,,,,,,,0.1498595658,3.0288024514,,0.0277126765,,,2.0,,,-0.004078233,,,,,,,,,,,,,2.3936459935,,0.0076744244,,0.1728443185,,1.2085450928,0.0050483673,0.0068499923,0.000262763,24.543031871,,,1.0178837266,,,,,6076.8231258,-16.81295616,-0.359112436,0.0015047377,22.72770529,0.9260349499,0.0862107961,0.0862107961,3.2230196449,0.0918539548,0.1147378047,,,,,0.9796656699,0.1433281712,,13.762226392,1.0751238496,0.5655119127,1.6476006134,0.5971097474,0.9511568123,0.0088611,557896.33529488,0.97225263,9.643e-05,0.96594291,0.00904361,0.009118,0.00639131,0.00905509,-0.86651042,0.4831979,0.75180247,0.0079089,-0.2095046,0.00918508,-0.40040297,0.01513812,0.02620074,0.01113826,-0.15394886,0.03030846,0.01374494,0.67048814,1.0,0.64733793,0.8269286161,0.9540779845,352,0.5644464084,-0.316769647,0.3137864244,1.279120321
20130628,20130630,15496.0,01W,DEU,-0.007473,2013,6,20130531,20130531,7026.6781751,130.89938451,7026.6781751,0.0513655341,0.0,0.0506931135,0.0289313303,0.1536191509,0.5246235805,0.8888752546,1.0161041373,0.2667512006,-0.548651169,0.0553070171,0.0652484252,-0.024244455,,0.1203551806,0.0879419536,,,0.0675883118,0.033991645,,,,,,,,,,,-0.000178922,0.0001789223,0.0007984584,0.0080364625,0.0412038311,,,0.1387526511,0.0991905919,0.1247982645,,,-0.000178922,,,,,,,0.1498595658,3.0288024514,,0.0277126765,,,2.0,,,-0.004078233,,,,,,,,,,,,,2.3936459935,,0.0076744244,,0.1728443185,,1.2085450928,0.0050483673,0.0068499923,0.000262763,24.543031871,,,1.0178837266,,,,,6076.8231258,-16.81295616,-0.359112436,0.0015047377,23.237261072,0.9467966791,0.0881436445,0.0881436445,3.2952798345,0.093913323,0.1173102295,,,,,0.9998506258,0.1462812937,,13.63732202,1.0754344066,0.7463193446,1.4553186624,0.5761395467,0.9720812183,0.00875996,622363.3972986,0.80910532,9.917e-05,0.78880897,0.00903742,0.00913183,0.00604254,0.00920692,0.29035088,-0.30450254,0.43799306,0.00885329,0.07295542,0.00853965,-0.17137049,0.01327008,0.02170312,0.01019707,-0.29896465,0.02134575,0.01337025,0.64657514,0.96155147,0.64801391,0.8206922751,0.8758475886,353,0.602560421,-0.282144082,0.3140192842,1.2966072199
20130731,20130731,15496.0,01W,DEU,0.11502,2013,7,20130628,20130630,6974.166198,129.9211434,6974.166198,0.0517522908,0.0,0.0506931135,-0.007473229,0.0854515824,0.4114079795,0.6857047593,0.9657148852,0.253058949,-0.529552085,-0.083937458,0.0721997188,-0.00385328,,0.1203551806,0.0879419536,,,0.0675883118,0.033991645,,,,,,,,,,,-0.000178922,0.0001789223,0.0007984584,0.0080364625,0.0412038311,,,0.1387526511,0.0991905919,0.1247982645,,,-0.000178922,,,,,,,0.1498595658,3.0288024514,,0.0277126765,,,2.0,,,-0.004078233,,,,,,,,,,,,,2.3936459935,,0.0076744244,,0.1728443185,,1.2085450928,0.0050483673,0.0068499923,0.000262763,24.543031871,,,1.0178837266,,,,,6076.8231258,-16.81295616,-0.359112436,0.0015047377,23.412226005,0.9539255838,0.088807322,0.088807322,3.3200916406,0.0946204432,0.1181935167,,,,,1.0067649568,0.1472928821,,13.594433909,1.088263601,0.6898505826,0.8888427798,0.5797877543,0.9601029601,0.00873414,672556.99164791,0.77112047,0.00010317,0.76778737,0.00897485,0.00911074,0.00331777,0.00727098,0.17237172,0.39083851,0.70617189,0.00746023,0.38255029,0.00724096,0.68402221,0.01243031,0.02017841,0.00991686,0.24609687,0.01831689,0.01239959,0.50614163,0.95436558,0.64916628,0.7998041568,0.8862028124,354,0.630739811,-0.318796197,0.2921830558,1.3773982197
20130830,20130831,15496.0,01W,DEU,0.001783,2013,8,20130731,20130731,7776.3360171,144.86469609,7776.3360171,0.0464137708,0.0,0.0506931135,0.1150201754,0.0212418905,0.2364079743,0.6253625809,1.1297941546,0.5203473897,-0.572796378,0.1040931939,0.0731930807,-0.037381422,,0.1203551806,0.9973370107,,,0.0675883118,0.3364156223,,,,,,,,,,,-0.000178922,0.0001789223,0.0007984584,0.0080364625,0.0412038311,,,0.1387526511,0.0940049163,0.1247982645,,,-0.000178922,,,,,,,0.1498595658,3.0288024514,,,,,3.0,,,-0.004078233,,,0.020034411,0.0008162973,-0.012624483,-0.000380485,,,,,,,-0.46976133,,0.0076744244,,0.1728443185,,1.2947078626,0.0050483673,0.0068499923,0.000262763,24.543031871,,,1.0178837266,,,,,6076.8231258,,-0.359112436,0.0015047377,20.997132179,0.8346946338,0.0796463812,0.0796463812,3.8964583713,0.0784653992,0.106001236,,,,,0.9105732,0.1332197253,,17.381753212,1.0968085074,0.8912780327,0.6732843561,0.5562626242,0.6922486323,0.00788769,911897.15429225,1.56572732,0.0001305,1.46893519,0.00881032,0.0090244,0.00324594,0.01815964,4.35871182,-0.22143949,2.00601873,0.01826043,3.88221766,0.01848004,3.63836655,0.02576685,0.08849151,0.01929013,3.95398089,0.0153283,0.01271809,0.3906269,1.0,0.64981874,0.8548843907,1.8262835838,355,0.5370504321,-0.396424225,0.238903624,1.3631782156
20130930,20130930,15496.0,01W,DEU,0.051174,2013,9,20130830,20130831,7790.2041211,145.12304381,7790.2041211,0.0463311451,0.0,0.0506931135,0.0017833725,0.1066873739,0.313632255,0.7360969697,1.1508722859,0.5601634542,-0.492122938,0.152943846,0.0594512195,-0.060917759,,0.1203551806,0.9973370107,,,0.0675883118,0.3364156223,,,,,,,,,,,-0.000178922,0.0001789223,0.0007984584,0.0080364625,0.0412038311,,,0.1387526511,0.0940049163,0.1247982645,,,-0.000178922,,,,,,,0.1498595658,3.0288024514,,,,,3.0,,,-0.004078233,,,0.020034411,0.0008162973,-0.012624483,-0.000380485,,,,,,,-0.46976133,,0.0076744244,,0.1728443185,,1.2947078626,0.0050483673,0.0068499923,0.000262763,24.543031871,,,1.0178837266,,,,,6076.8231258,,-0.359112436,0.0015047377,20.959753132,0.8332087123,0.0795045949,0.0795045949,3.8895219048,0.0783257153,0.1058125328,,,,,0.9090715849,0.1330000343,,17.385227411,1.0939274554,0.9160080203,0.6537966072,0.5556977684,0.6911651377,0.00894189,895278.3123123,1.57413821,0.00012463,1.51550296,0.00883081,0.00902156,0.00265584,0.00588766,0.11535624,0.27228503,0.38021282,0.00601747,0.1301299,0.00618974,0.07153351,0.00869087,0.01173363,0.00618854,0.26690407,0.01460941,0.01256142,0.35449772,0.9806846,0.64884519,0.8763004772,0.6341455809,356,0.5352917852,-0.385154996,0.2287375123,1.3860802528
20131031,20131031,15496.0,01W,DEU,0.011893,2013,10,20130930,20130930,8188.8626681,152.54961966,8188.8626681,0.0440756051,0.0,0.0506931135,0.0511743391,0.1170086717,0.2033978474,0.5647729958,0.8688751407,0.4201449197,-0.359215945,0.0293746889,0.0614330059,-0.020013576,,0.1203551806,0.9973370107,,,0.0675883118,0.3364156223,,,,,,,,,,,-0.000178922,0.0001789223,0.0007984584,0.0080364625,0.0412038311,,,0.1387526511,0.0940049163,0.1247982645,,,-0.000178922,,,,,,,0.1498595658,3.0288024514,,,,,3.0,,,-0.004078233,,,0.020034411,0.0008162973,-0.012624483,-0.000380485,,,,,,,-0.46976133,,0.0076744244,,0.1728443185,,1.2947078626,0.0050483673,0.0068499923,0.000262763,24.543031871,,,1.0178837266,,,,,6076.8231258,,-0.359112436,0.0015047377,19.939369097,0.7926455977,0.0756340713,0.0756340713,3.7001682407,0.0745125831,0.1006612594,,,,,0.8679271573,0.1269804751,,17.480067086,1.1051272891,0.6817281154,0.4700183903,0.5551219198,0.6776912221,0.0086982,896987.90709924,1.75722521,0.00012099,1.71120949,0.00882712,0.00902497,0.0043186,0.01165638,0.75662404,-0.00649742,0.84229599,0.01177852,0.23304913,0.01132535,0.03952998,0.0190237,0.03104444,0.01202797,0.43991291,0.01470199,0.01243667,0.41513991,0.98203818,0.64623823,0.8974360037,1.4127311242,357,0.5507034815,-0.384138085,0.2454477329,1.3689676006
20131129,20131130,15496.0,01W,DEU,-0.01034,2013,11,20131031,20131031,8286.2502305,154.3638442,8286.2502305,0.0435575885,0.0,0.0506931135,0.0118926848,0.0530489745,0.1991124609,0.4517542049,0.9084533668,0.5086815233,-0.005921977,0.0439002554,0.0585232267,-0.050905496,,0.1049431448,0.7342198293,,,0.0754538964,0.4892113925,,,,,,,,,,,-0.000318289,0.0003182889,0.0004242823,0.0014535004,0.0412038311,,,0.1387526511,0.1090114683,0.1247982645,,,-0.000318289,,,,,,,0.2120906229,9.0190315636,,0.0164442046,,,4.0,,,-0.004078233,,,0.0236292492,,-0.000464854,,,,,,,,0.156943756,,0.0076744244,,0.1728443185,,1.2486008249,0.0050483673,0.0068499923,0.000262763,28.383139947,,,1.0178837266,,,,,6076.8231258,,-0.591631019,0.0014012328,19.827224764,0.6985564247,0.0715999725,-0.254442968,4.0054732877,0.0761506616,0.0994781965,,,,,0.5956800591,0.1255918759,,16.942127711,1.0218985306,0.5375016562,-0.057144186,0.589827732,0.942408377,0.00836856,1039332.73122538,1.99109076,0.00013557,1.92883752,0.00874232,0.00898479,0.00264804,0.0076838,-0.23138079,-0.24082132,0.24015272,0.00706173,-0.90266455,0.0077158,-0.22165883,0.01048512,0.01555379,0.00768385,-0.2252566,0.01549693,0.01234017,0.35953509,0.99233972,0.64098539,0.8933887376,0.8017837822,358,0.7717686446,-0.243055051,0.3910676568,1.369426917
20131230,20131231,15496.0,01W,DEU,0.016395,2013,12,20131129,20131130,8200.5692252,152.76770011,8200.5692252,0.0440126859,0.0,0.0506931135,-0.010340142,0.0636756241,0.1792556915,0.399770477,0.849937282,0.5246235805,0.1641374086,0.1114666996,0.0474498775,,,0.1049431448,0.7342198293,,,0.0754538964,0.4892113925,,,,,,,,,,,-0.000318289,0.0003182889,0.0004242823,0.0014535004,0.0412038311,,,0.1387526511,0.1090114683,0.1247982645,,,-0.000318289,,,,,,,0.2120906229,9.0190315636,,0.0164442046,,,4.0,,,-0.004078233,,,0.0236292492,,-0.000464854,,,,,,,,0.156943756,,0.0076744244,,0.1728443185,,1.2486008249,0.0050483673,0.0068499923,0.000262763,28.383139947,,,1.0178837266,,,,,6076.8231258,,-0.591631019,0.0014012328,20.034383134,0.7058550665,0.0723480617,-0.257101433,4.0473231848,0.0769462972,0.1005175624,,,,,0.6040577454,0.1268119358,,16.91714397,1.0105683371,0.316494262,-0.303993699,0.5891412082,0.9141347424,0.00873503,1065464.21774568,1.97117847,0.00013664,1.94165877,0.00871449,0.00897374,0.00184437,0.00312255,0.19244831,-0.344127,0.91261071,0.0031673,0.12933036,0.00334323,-0.00896433,0.00424325,0.00670588,0.00462516,-0.97657059,0.01499899,0.0110565,0.30784285,0.98207878,0.65149718,0.8419327683,0.36141438,359,0.8095594958,-0.235931005,0.3871495168,1.435159409
20140131,20140131,15496.0,01W,DEU,-0.020451,2014,1,20131230,20131231,8335.0155719,155.27228956,8335.0155719,0.0433027478,0.0,0.0506931135,0.0163947579,0.0014295706,0.1758494123,0.2667893164,0.6472006476,0.4114079795,0.1403972338,0.133008063,0.0368486679,-0.0425757,,0.1049431448,0.7342198293,,,0.0754538964,0.4892113925,,,,,,,,,,,-0.000318289,0.0003182889,0.0004242823,0.0014535004,0.0412038311,,,0.1387526511,0.1090114683,0.1247982645,,,-0.000318289,,,,,,,0.2120906229,9.0190315636,,0.0164442046,,,4.0,,,-0.004078233,,,0.0236292492,,-0.000464854,,,,,,,,0.156943756,,0.0076744244,,0.1728443185,,1.2486008249,0.0050483673,0.0068499923,0.000262763,28.383139947,,,1.0178837266,,,,,6076.8231258,,-0.591631019,0.0014012328,19.711222415,0.6944694087,0.0711810654,-0.252954308,3.9820386258,0.0757051299,0.0988961835,,,,,0.5910148539,0.1249079049,,16.956117842,1.0132772577,0.1790765142,-0.562143752,0.5907498293,0.8537859008,0.0087383,1119409.44313761,1.89159818,0.00014084,1.89824507,0.00872229,0.00895427,0.00096949,0.00377252,0.80403855,-0.12377447,0.03490606,0.00312935,0.88778042,0.00393335,0.08702251,0.00528527,0.01104786,0.00389225,0.59383966,0.01343245,0.01078562,0.28516111,0.99817973,0.644545,0.7954592442,0.4629857552,360,0.813596657,-0.237267284,0.3829407889,1.4577641963
20140227,20140228,15496.0,01W,DEU,0.01647,2014,2,20140131,20140131,8164.5526759,152.0967509,8164.5526759,0.0442068404,0.0,0.0506931135,-0.020451419,0.0058850916,0.0718435461,0.2205139394,0.477664774,0.2364079743,0.68877589,0.0494716699,0.0304920234,-0.021150126,,0.1203551806,0.6937461208,,,0.0675883118,0.5460355637,,,,,,,,,,,-0.000178922,0.0001789223,0.0007984584,0.0080364625,0.0412038311,,,0.1387526511,0.1072056329,0.1247982645,,,-0.000178922,,,,,,,0.1498595658,3.0288024514,,,,,5.0,,,-0.004078233,,,0.0259612135,0.0009146702,0.0020556284,2.24296e-05,,,,,,,-0.007367818,,0.0076744244,,0.1728443185,,1.217965647,0.0050483673,0.0068499923,0.000262763,24.543031871,,,1.0178837266,,,,,6076.8231258,,-0.359112436,0.0015047377,19.998738658,0.7410273912,0.0758592721,0.0758592721,4.1787076529,0.0794423104,0.1009609787,,,,,0.8703291973,0.1273319011,,14.431161718,0.9652787719,0.1408636557,-1.068339675,0.5952983424,0.6082985152,0.00900043,891545.76472689,1.90274038,0.00010925,1.88927837,0.00891078,0.00895813,0.00141812,0.00466463,0.34945216,-0.02352571,0.08254914,0.00458549,0.44203455,0.00483872,0.20396822,0.00595158,0.00910342,0.00488025,0.41354638,0.01419016,0.01026961,0.23495114,0.97776554,0.63974282,0.7530372279,0.5436130827,361,0.9933637136,-0.194587069,0.5255531201,1.5143138411
20140331,20140331,15496.0,01W,DEU,0.011754,2014,3,20140227,20140228,8299.0239916,154.6018055,8299.0239916,0.0434905451,0.0,0.0506931135,0.0164701388,-0.004391957,0.0480537543,0.1619363336,0.3792124876,0.313632255,1.2116154873,0.093549364,0.0234848212,0.073881588,,0.1203551806,0.6937461208,,,0.0675883118,0.5460355637,,,,,,,,,,,-0.000178922,0.0001789223,0.0007984584,0.0080364625,0.0412038311,,,0.1387526511,0.1072056329,0.1247982645,,,-0.000178922,,,,,,,0.1498595658,3.0288024514,,,,,5.0,,,-0.004078233,,,0.0259612135,0.0009146702,0.0020556284,2.24296e-05,,,,,,,-0.007367818,,0.0076744244,,0.1728443185,,1.217965647,0.0050483673,0.0068499923,0.000262763,24.543031871,,,1.0178837266,,,,,6076.8231258,,-0.359112436,0.0015047377,19.674693722,0.7290203253,0.0746301039,0.0746301039,4.11099893,0.0781550853,0.0993250809,,,,,0.8572063769,0.1254119911,,14.510592922,0.9049251623,0.030578334,-1.12801632,0.5969213982,0.5697044787,0.00907886,904346.25624277,1.91490055,0.00011026,1.9111251,0.00893947,0.00898022,0.00072921,0.00359231,0.22119106,0.27458413,-0.00047129,0.00359786,0.17815793,0.00224882,-0.40854307,0.00587592,0.00962872,0.00391915,0.54715499,0.01421653,0.00966669,0.30041182,0.99386947,0.63830552,0.7521076084,0.5649714257,362,0.9901071947,-0.212688192,0.5253254409,1.549557444
20140430,20140430,15496.0,01W,DEU,-0.001375,2014,4,20140331,20140331,8396.5744252,156.41906415,8396.5744252,0.042985277,0.0,0.0506931135,0.0117544465,-0.004318118,0.0134525792,0.1899664786,0.2819981931,0.2033978474,1.0433108252,0.0549310245,0.0195596777,0.0341361734,,0.1203551806,0.6937461208,,,0.0675883118,0.5460355637,,,,,,,,,,,-0.000178922,0.0001789223,0.0007984584,0.0080364625,0.0412038311,,,0.1387526511,0.1072056329,0.1247982645,,,-0.000178922,,,,,,,0.1498595658,3.0288024514,,,,,5.0,,,-0.004078233,,,0.0259612135,0.0009146702,0.0020556284,2.24296e-05,,,,,,,-0.007367818,,0.0076744244,,0.1728443185,,1.217965647,0.0050483673,0.0068499923,0.000262763,24.543031871,,,1.0178837266,,,,,6076.8231258,,-0.359112436,0.0015047377,19.446115398,0.7205506512,0.07376306,0.07376306,4.0632378183,0.0772470886,0.0981711335,,,,,0.8479315888,0.1240550605,,14.566622964,0.8726915119,-0.513640157,-1.186601594,0.5952869568,0.4988281176,0.00928914,804879.61132139,1.9351418,9.754e-05,1.92212714,0.00903176,0.00901774,0.0021155,0.00591157,-0.11855578,0.33925338,-0.16281919,0.00580173,0.06485294,0.00549412,0.29751228,0.00829332,0.01088963,0.00592427,-0.10469488,0.02390497,0.00888933,0.20304823,0.98955545,0.63861321,0.6635744075,0.8772394616,363,1.0592500823,-0.173543189,0.5204997247,1.5887165443
20140508,20140531,15496.0,01W,DEU,0.005083,2014,5,20140430,20140430,8385.0260004,156.20392954,8385.0260004,0.0430444792,0.0,0.0506931135,-0.001375373,0.0284181827,0.0133141278,0.0797597232,0.2295281323,0.1991124609,0.9850347084,0.0289313303,0.0168045228,0.0129116448,,0.0888262441,0.1287940686,,,-0.315098318,0.1453912171,,,,,,,,,,,-0.000960052,0.0009600522,0.0001458833,-0.001315989,0.0366440889,,,0.1446300935,0.0932681978,0.1386900424,,,-0.000960052,,,,,,,0.1532673902,3.7847862076,,0.0186221564,,,0.0,,,-0.000345068,,,0.0231018146,,,,,,,,,,-0.95919073,,0.0068915545,,0.1395438447,,1.2737315329,0.0043095208,0.0063293427,-0.000738846,27.697130302,,,0.986962808,,,,,4861.4069691,-17.21931278,0.141263321,0.0002575124,21.202602285,0.7655162125,0.053509047,0.053509047,3.1171138793,0.0713983175,0.0913730561,,,,,0.7817592831,0.1273824247,,15.33132968,0.9013188973,-0.508627687,-0.59319936,0.6277744802,0.5907284768,0.00926681,604851.45804226,1.07953103,7.339e-05,1.0858781,0.00917212,0.00904628,0.0023801,0.00302559,-0.56304977,0.08529968,-0.01954135,0.00300769,-0.87395108,0.00251368,-0.61922937,0.0034609,0.00441638,0.00307834,-0.3970085,0.02222316,0.00858953,0.19997567,0.98819444,0.65049476,0.6525766664,0.3852520727,364,0.9038948472,-0.377571236,0.4011326698,1.6494676631
