date,ret_eom,gvkey,iid,excntry,stock_ret,year,month,char_date,char_eom,me,prc,market_equity,div12m_me,chcsho_12m,eqnpo_12m,ret_1_0,ret_3_1,ret_6_1,ret_9_1,ret_12_1,ret_12_7,ret_60_12,seas_1_1an,seas_1_1na,seas_2_5an,seas_2_5na,at_gr1,sale_gr1,capx_gr1,inv_gr1,debt_gr3,sale_gr3,capx_gr3,inv_gr1a,lti_gr1a,sti_gr1a,coa_gr1a,col_gr1a,cowc_gr1a,ncoa_gr1a,ncol_gr1a,nncoa_gr1a,fnl_gr1a,nfna_gr1a,tax_gr1a,be_gr1a,ebit_sale,gp_at,cop_at,ope_be,ni_be,ebit_bev,netis_at,eqnetis_at,dbnetis_at,oaccruals_at,oaccruals_ni,taccruals_at,taccruals_ni,noa_at,opex_at,at_turnover,sale_bev,rd_sale,cash_at,sale_emp_gr1,emp_gr1,ni_inc8q,noa_gr1a,ppeinv_gr1a,lnoa_gr1a,capx_gr2,saleq_gr1,niq_be,niq_at,niq_be_chg1,niq_at_chg1,rd5_at,dsale_dinv,dsale_drec,dgp_dsale,dsale_dsga,saleq_su,niq_su,capex_abn,op_atl1,gp_atl1,ope_bel1,cop_atl1,pi_nix,ocf_at,op_at,ocf_at_chg1,at_be,ocfq_saleq_std,tangibility,earnings_variability,aliq_at,f_score,o_score,z_score,intrinsic_value,kz_index,ni_ar1,ni_ivol,at_me,be_me,debt_me,netdebt_me,sale_me,ni_me,ocf_me,fcf_me,eqpo_me,eqnpo_me,rd_me,bev_mev,ebitda_mev,aliq_mat,eq_dur,beta_60m,resff3_12_1,resff3_6_1,mispricing_mgmt,mispricing_perf,zero_trades_21d,dolvol_126d,dolvol_var_126d,turnover_126d,turnover_var_126d,zero_trades_126d,zero_trades_252d,bidaskhl_21d,ivol_capm_21d,iskew_capm_21d,coskew_21d,beta_dimson_21d,ivol_ff3_21d,iskew_ff3_21d,ivol_hxz4_21d,iskew_hxz4_21d,rmax5_21d,rmax1_21d,rvol_21d,rskew_21d,ami_126d,ivol_capm_252d,betadown_252d,prc_highprc_252d,corr_1260d,betabab_1260d,rmax5_rvol_21d,age,qmj,qmj_prof,qmj_growth,qmj_safety
20050228,20050228,270371.0,01W,CHN,0.070956,2005,2,20050128,20050131,105.63886704,0.7767563753,105.63886704,,,,-0.091548401,-0.195417994,-0.279883613,,,,,,,,,0.108130811,,,-0.249161168,,,,-0.008268165,0.0004511988,0.0,-0.039169238,0.0774679599,-0.116637197,0.046438545,0.0,0.046438545,0.0148974574,-0.014446259,0.0165622228,0.0034736171,0.2722278079,0.2115699566,0.2394257671,0.2607202032,0.1830447104,0.2633401938,0.0291139577,0.0,0.0291139577,-0.103197575,-1.268479363,-0.117643834,-1.446049241,0.5105630225,0.30210916,0.4608206689,0.9673522916,,0.5308104329,,,,-0.07778929,0.0505233334,,,,0.013739372,0.0090393789,,,,,,,,,,,0.1509586568,0.2344471875,0.2627738949,0.2653150695,1.2250375703,0.1845529195,0.1362281919,0.1819365083,1.572637076,,0.7315456874,,0.746447739,,-1.619608937,,28.978984675,,,,0.7978426595,0.5073278963,0.2251737719,-0.198329436,0.1762095914,0.0327044727,0.0741894215,0.0691579641,0.0312037223,0.0312037223,,0.3891058234,0.0547035171,,,,,,0.6797247424,0.5995269953,0.00345244,1432320.98797486,0.98268767,0.00990431,0.91629418,0.00107364,0.00075847,0.00864287,0.01210844,0.34054612,0.41799675,1.57152294,0.01109454,0.70637439,,,0.02236838,0.03458174,0.02097258,0.37346801,0.02234894,0.02213795,1.42417016,0.44220261,,,0.7141724376,49,,1.6481887647,,-0.630788477
20050331,20050331,270371.0,01W,CHN,-0.121982,2005,3,20050228,20050228,113.13459493,0.8318720216,113.13459493,,,,0.0709561557,-0.282973699,-0.223349122,,,,,,,,,0.108130811,,,-0.249161168,,,,-0.008268165,0.0004511988,0.0,-0.039169238,0.0774679599,-0.116637197,0.046438545,0.0,0.046438545,0.0148974574,-0.014446259,0.0165622228,0.0034736171,0.2722278079,0.2115699566,0.2394257671,0.2607202032,0.1830447104,0.2633401938,0.0291139577,0.0,0.0291139577,-0.103197575,-1.268479363,-0.117643834,-1.446049241,0.5105630225,0.30210916,0.4608206689,0.9673522916,,0.5308104329,,,,-0.07778929,0.0505233334,,,,0.013739372,0.0090393789,,,,,,,,,,,0.1509586568,0.2344471875,0.2627738949,0.2653150695,1.2250375703,0.1845529195,0.1362281919,0.1819365083,1.572637076,,0.7315456874,,0.746447739,,-1.619608937,,28.978984675,,,,0.7449816272,0.4737149076,0.210254893,-0.185189127,0.1645348323,0.0305376393,0.0692740044,0.0645759061,0.029136321,0.029136321,,0.357466346,0.0510828204,,,,,,0.6797247424,0.5995269953,,1356069.57146803,1.07608878,0.0095999,0.98130438,0.00122208,0.00078112,0.01173935,,,,,,,,,,,,,0.02616655,0.02226902,1.41138718,0.47357961,,,,50,,1.6481887647,,-0.641257995
20050429,20050430,270371.0,01W,CHN,-0.117338,2005,4,20050331,20050331,99.334266181,0.730399016,99.334266181,,,,-0.12198151,-0.027088168,-0.224992511,,,,,,,,,0.108130811,,,-0.249161168,,,,-0.008268165,0.0004511988,0.0,-0.039169238,0.0774679599,-0.116637197,0.046438545,0.0,0.046438545,0.0148974574,-0.014446259,0.0165622228,0.0034736171,0.2722278079,0.2115699566,0.2394257671,0.2607202032,0.1830447104,0.2633401938,0.0291139577,0.0,0.0291139577,-0.103197575,-1.268479363,-0.117643834,-1.446049241,0.5105630225,0.30210916,0.4608206689,0.9673522916,,0.5308104329,,,,-0.07778929,0.0505233334,,,,0.013739372,0.0090393789,,,,,,,,,,,0.1509586568,0.2344471875,0.2627738949,0.2653150695,1.2250375703,0.1845529195,0.1362281919,0.1819365083,1.572637076,,0.7315456874,,0.746447739,,-1.619608937,,28.978984675,,,,0.8484805683,0.5395272573,0.2394652225,-0.210917115,0.187393357,0.0347801779,0.0788981157,0.0735473192,0.033184177,0.033184177,,0.4204028887,0.0581714521,,,,,,0.6790014568,0.6000756345,0.00195696,1008666.90653532,0.91984978,0.00764841,0.85556898,0.00169804,0.00085587,0.00851447,0.01616814,1.27877597,-0.00983334,2.05428053,,,,,0.03181402,0.04136006,0.02683004,0.11571755,0.03006129,0.02168372,1.51311011,0.41581165,,,1.0126666014,51,,1.6484437611,,-0.610621345
20050531,20050531,270371.0,01W,CHN,-0.042528,2005,5,20050429,20050430,87.678627387,0.6446957896,87.678627387,,,,-0.117337544,-0.059680694,-0.31269823,-0.384851682,,,,,,,,0.9747133185,0.3044796066,7.8992324934,3.3809509166,1.5381996784,,,0.042658965,0.0002268095,0.0,0.1694324041,-0.01465591,0.1840883144,0.0453336311,3.045013e-17,0.0453336311,0.0850401478,-0.084813338,0.0020422498,0.4221483153,0.2059363297,0.1447097639,-0.069175081,0.0903297584,0.0607004584,0.1298831249,0.1577392202,0.0,0.1577392202,0.1396174734,3.5538123167,0.0548041351,1.3949801948,0.9137851275,0.2191197077,0.3844418437,0.6306955414,,0.4553308477,,,,0.4530425713,0.1970151451,0.0315892785,,,0.0124883142,0.007941002,,,,-1.148540346,0.6500175923,0.0923723255,-0.812336087,,,,0.1391035311,0.2857602981,0.2597522483,-0.136600953,1.2925219941,-0.100330797,0.0704423927,-0.284883717,1.5450647501,,0.6958530825,,1.5220026197,5.0,-1.278280551,3.5715561252,39.652572677,-5.065737651,,,0.9564342338,0.619025341,0.2516748059,-0.183819204,0.2769471057,0.0375751219,-0.095959809,-0.149907932,0.0,0.0,,0.5380104339,0.0825472938,,15.476462188,,,,0.1061894132,0.4479419727,0.00197254,797464.61026317,0.86974567,0.00651648,0.80412816,0.00205134,0.0009203,0.01161455,0.01618793,0.23211714,-0.15621066,1.46829368,,,,,0.03918623,0.04965691,0.03432879,0.11916205,0.03685826,0.0211951,1.52022975,0.36702134,,,1.2386944837,52,,-0.278376943,,-0.03867624
20050630,20050630,270371.0,01W,CHN,0.005496,2005,6,20050531,20050531,83.949849735,0.6172783069,83.949849735,,,,-0.042527783,-0.225006043,-0.404879249,-0.355391772,,,,,,,,0.9747133185,0.3044796066,7.8992324934,3.3809509166,1.5381996784,,,0.042658965,0.0002268095,0.0,0.1694324041,-0.01465591,0.1840883144,0.0453336311,3.045013e-17,0.0453336311,0.0850401478,-0.084813338,0.0020422498,0.4221483153,0.2059363297,0.1447097639,-0.069175081,0.0903297584,0.0607004584,0.1298831249,0.1577392202,0.0,0.1577392202,0.1396174734,3.5538123167,0.0548041351,1.3949801948,0.9137851275,0.2191197077,0.3844418437,0.6306955414,,0.4553308477,,,,0.4530425713,0.1970151451,0.0315892785,,,0.0124883142,0.007941002,,,,-1.148540346,0.6500175923,0.0923723255,-0.812336087,,,,0.1391035311,0.2857602981,0.2597522483,-0.136600953,1.2925219941,-0.100330797,0.0704423927,-0.284883717,1.5450647501,,0.6958530825,,1.5220026197,5.0,-1.278280551,3.5715561252,39.652572677,-5.065737651,,,0.9989159131,0.6465204213,0.2628533774,-0.191983852,0.28924819,0.0392440859,-0.10022203,-0.156566352,0.0,0.0,,0.567584921,0.0870849268,,15.305152591,,,,0.1077802902,0.4403065904,0.00244224,640417.33412209,0.91978393,0.00580949,0.85700267,0.00229146,0.00097882,0.00729665,0.01556132,-0.08111328,-0.07384849,3.05386568,0.01222168,0.44784925,,,0.02738744,0.03664838,0.02795124,-0.56593561,0.04620645,0.02091585,1.50916792,0.35141273,,,0.8744072191,53,,-0.300195829,,-0.073065802
20050729,20050731,270371.0,01W,CHN,-0.168909,2005,7,20050630,20050630,84.411222417,0.6206707531,84.411222417,,0.0,2.220446e-16,0.0054958131,-0.154875221,-0.278065191,-0.424917177,,,,-0.118913784,-0.052969611,,,0.9747133185,0.3044796066,7.8992324934,3.3809509166,1.5381996784,,,0.042658965,0.0002268095,0.0,0.1694324041,-0.01465591,0.1840883144,0.0453336311,3.045013e-17,0.0453336311,0.0850401478,-0.084813338,0.0020422498,0.4221483153,0.2059363297,0.1447097639,-0.069175081,0.0903297584,0.0607004584,0.1298831249,0.1577392202,0.0,0.1577392202,0.1396174734,3.5538123167,0.0548041351,1.3949801948,0.9137851275,0.2191197077,0.3844418437,0.6306955414,,0.4553308477,,,,0.4530425713,0.1970151451,0.0315892785,,,0.0124883142,0.007941002,,,,-1.148540346,0.6500175923,0.0923723255,-0.812336087,,,,0.1391035311,0.2857602981,0.2597522483,-0.136600953,1.2925219941,-0.100330797,0.0704423927,-0.284883717,1.5450647501,,0.6958530825,,1.5220026197,5.0,-1.278280551,3.5715561252,39.652572677,-5.065737651,,,0.9934560643,0.6429866866,0.2614166802,-0.190934512,0.2876672247,0.0390295866,-0.099674239,-0.155710596,0.0,0.0,,0.5637505082,0.0864966103,0.3124433471,15.327169717,,,,0.2271318158,0.4394107084,0.00189419,605448.49443868,0.85310435,0.00595584,0.7837173,0.00223555,0.00117916,0.00861998,0.01413374,0.44864497,-0.39016014,0.95622644,0.01208166,0.78051523,,,0.0399441,0.07838428,0.03018565,0.94423596,0.04874445,0.01982526,1.30454371,0.44856172,,,1.3229573273,54,,-0.30623341,,-0.084237419
20050831,20050831,270371.0,01W,CHN,0.20869,2005,8,20050729,20050731,70.153402638,0.4298615358,70.153402638,,0.0,0.0,-0.168909055,-0.037265695,-0.200945402,-0.415951969,-0.477265767,-0.279883613,,-0.157677018,-0.053990705,,,0.9747133185,0.3044796066,7.8992324934,3.3809509166,1.5381996784,,,0.042658965,0.0002268095,0.0,0.1694324041,-0.01465591,0.1840883144,0.0453336311,3.045013e-17,0.0453336311,0.0850401478,-0.084813338,0.0020422498,0.4221483153,0.2059363297,0.1447097639,-0.069175081,0.0903297584,0.0607004584,0.1298831249,0.1577392202,0.0,0.1577392202,0.1396174734,3.5538123167,0.0548041351,1.3949801948,0.9137851275,0.2191197077,0.3844418437,0.6306955414,,0.4202459784,,,,0.4530425713,0.1970151451,0.0315892785,,,0.0088217622,0.0057096391,,,,-1.148540346,0.6500175923,0.0923723255,-0.812336087,,,,0.1391035311,0.2857602981,0.2597522483,-0.136600953,1.2925219941,-0.100330797,0.0704423927,-0.284883717,1.5759343733,,0.6878914778,,1.5220026197,5.0,-1.278280551,3.5715561252,39.652572677,-5.065737651,,,1.2295033846,0.780174229,0.3328206685,-0.183873184,0.3461320645,0.046961872,-0.119931807,-0.187356867,0.0,0.0,,0.7370071325,0.1093192516,0.3534041029,14.512966033,,,,0.1977266894,0.3939362701,0.00202116,607348.15439148,0.85030173,0.00638291,0.73791872,0.00205173,0.00150276,0.01191428,0.01699424,0.89040712,-0.57275181,1.9881657,0.0153627,1.10182004,,,0.03324372,0.04058434,0.03528524,-0.50743582,0.05302646,0.01928093,1.45097357,0.41663086,,,1.1125831598,55,,-0.163216258,,-0.011611515
20050930,20050930,270371.0,01W,CHN,0.027082,2005,9,20050831,20050831,84.793727578,0.5195694092,84.793727578,,0.0,0.0,0.2086901617,-0.164341534,-0.379912018,-0.523832125,-0.484236217,-0.223349122,,0.073227098,-0.041675882,,,0.9747133185,0.3044796066,7.8992324934,3.3809509166,1.5381996784,,,0.042658965,0.0002268095,0.0,0.1694324041,-0.01465591,0.1840883144,0.0453336311,3.045013e-17,0.0453336311,0.0850401478,-0.084813338,0.0020422498,0.4221483153,0.2059363297,0.1447097639,-0.069175081,0.0903297584,0.0607004584,0.1298831249,0.1577392202,0.0,0.1577392202,0.1396174734,3.5538123167,0.0548041351,1.3949801948,0.9137851275,0.2191197077,0.3844418437,0.6306955414,,0.4202459784,,,,0.4530425713,0.1970151451,0.0315892785,,,0.0088217622,0.0057096391,,,,-1.148540346,0.6500175923,0.0923723255,-0.812336087,,,,0.1391035311,0.2857602981,0.2597522483,-0.136600953,1.2925219941,-0.100330797,0.0704423927,-0.284883717,1.5759343733,,0.6878914778,,1.5220026197,5.0,-1.278280551,3.5715561252,39.652572677,-5.065737651,,,1.0172196511,0.6454708193,0.2753564801,-0.152125987,0.2863695556,0.0388535238,-0.099224608,-0.155008184,0.0,0.0,,0.5869255657,0.0860148546,0.4097805992,15.345241552,,,,0.1925064887,0.4000306864,0.0006252,716847.53759238,0.96296979,0.00808907,0.9348702,0.00157722,0.00142857,0.01204132,0.02185953,1.98196308,0.12215825,1.27045023,0.01939707,1.73355201,0.02068991,1.31713909,0.04493103,0.06385717,0.03111887,-0.40585488,0.04936337,0.01912656,1.46728229,0.51540824,,,1.4762836218,56,,-0.158231908,,-0.009044652
20051028,20051031,270371.0,01W,CHN,-0.129802,2005,10,20050930,20050930,87.090150268,0.5336406266,87.090150268,,0.0,1.110223e-16,0.0270824595,0.0045314491,-0.146379886,-0.270808183,-0.419136349,-0.224992511,,-0.00993867,-0.038310324,,,0.9747133185,0.3044796066,7.8992324934,3.3809509166,1.5381996784,,,0.042658965,0.0002268095,0.0,0.1694324041,-0.01465591,0.1840883144,0.0453336311,3.045013e-17,0.0453336311,0.0850401478,-0.084813338,0.0020422498,0.4221483153,0.2059363297,0.1447097639,-0.069175081,0.0903297584,0.0607004584,0.1298831249,0.1577392202,0.0,0.1577392202,0.1396174734,3.5538123167,0.0548041351,1.3949801948,0.9137851275,0.2191197077,0.3844418437,0.6306955414,,0.4202459784,,,,0.4530425713,0.1970151451,0.0315892785,,,0.0088217622,0.0057096391,,,,-1.148540346,0.6500175923,0.0923723255,-0.812336087,,,,0.1391035311,0.2857602981,0.2597522483,-0.136600953,1.2925219941,-0.100330797,0.0704423927,-0.284883717,1.5759343733,,0.6878914778,,1.5220026197,5.0,-1.278280551,3.5715561252,39.652572677,-5.065737651,,,0.9903972575,0.6284508253,0.2680957869,-0.148114678,0.2788184658,0.0378290209,-0.09660822,-0.150920876,0.0,0.0,,0.5687585044,0.0832317386,0.3857109094,15.450400912,,,,0.2028125181,0.3949522499,0.00083449,802307.32901933,0.85293123,0.00930055,0.83365642,0.00132726,0.00152361,0.01163849,0.01764338,1.00781522,-0.00947119,2.09821409,0.01734663,0.74707495,,,0.04513752,0.05966305,0.0317055,0.16605257,0.04666214,0.01871312,1.6187452,0.53787537,,,1.4825060727,57,,-0.162032679,,-0.01032904
20051130,20051130,270371.0,01W,CHN,0.060772,2005,11,20051028,20051031,75.785644599,0.4643728223,75.785644599,,0.0,2.220446e-16,-0.129802344,0.241424464,-0.006711751,-0.175586101,-0.397416252,-0.31269823,,0.019382147,-0.051872551,,,0.100724269,0.3044796066,7.8992324934,2.0868386502,1.5381996784,,,0.0635840972,0.0002097019,0.0,0.2112109671,-0.01759318,0.2288041468,0.0574214747,1.36749e-05,0.0574077998,0.0803530376,-0.080143336,0.0020422498,0.0293350321,0.1658490569,0.1236642911,-0.118971418,0.0903297584,0.0450694038,0.0879300698,0.1577392202,0.0,0.1490183975,0.16684979,5.9039490425,0.0867064543,3.0680918917,0.5612968703,0.22275714,0.2814666208,0.5301813074,,0.4067392621,,,,0.3150404357,0.2280970877,0.0315892785,,,0.0113688874,0.0072140614,,,,-1.148540346,0.6500175923,0.0923723255,-0.812336087,,,,0.0527008865,0.1361202864,0.2597522483,-0.130954727,1.3335340285,-0.13858908,0.0478783724,-0.284883717,1.5947725389,,0.7293555856,,0.8750023914,5.0,-1.278280551,2.6189848166,19.889820563,-4.556559817,,,1.1651643514,0.7306147573,0.3304592185,-0.14345887,0.3129497457,0.0329283715,-0.161479056,-0.238144523,0.0,0.0,,0.6891312894,0.0651295902,0.4081791618,14.871206372,,,,0.357599863,0.3603845047,0.00087635,875052.4075812,0.86057369,0.01030013,0.81852684,0.00117563,0.0015676,0.00506161,0.03215195,-0.33552767,0.26324985,2.52429379,,,,,0.02791059,0.0507723,0.03847543,-0.55730093,0.04308461,0.01935551,1.51994209,0.4918621,,,0.9199451603,58,,-0.478532478,,-0.137680839
20051230,20051231,270371.0,01W,CHN,-0.054534,2005,12,20051130,20051130,80.391315136,0.4925938427,80.391315136,,0.0,0.0,0.0607723344,-0.106235252,-0.09725098,-0.330128467,-0.48560315,-0.404879249,,-0.210716012,-0.027191792,,,0.100724269,0.3044796066,7.8992324934,2.0868386502,1.5381996784,,,0.0635840972,0.0002097019,0.0,0.2112109671,-0.01759318,0.2288041468,0.0574214747,1.36749e-05,0.0574077998,0.0803530376,-0.080143336,0.0020422498,0.0293350321,0.1658490569,0.1236642911,-0.118971418,0.0903297584,0.0450694038,0.0879300698,0.1577392202,0.0,0.1490183975,0.16684979,5.9039490425,0.0867064543,3.0680918917,0.5612968703,0.22275714,0.2814666208,0.5301813074,,0.4067392621,,,,0.3150404357,0.2280970877,0.0315892785,,,0.0113688874,0.0072140614,,,,-1.148540346,0.6500175923,0.0923723255,-0.812336087,,,,0.0527008865,0.1361202864,0.2597522483,-0.130954727,1.3335340285,-0.13858908,0.0478783724,-0.284883717,1.5947725389,,0.7293555856,,0.8750023914,5.0,-1.278280551,2.6189848166,19.889820563,-4.556559817,,,1.0984113307,0.6887573644,0.3115269957,-0.135240018,0.2950206519,0.0310418838,-0.152227816,-0.224501069,0.0,0.0,,0.643476103,0.0608147323,0.401636823,15.126844517,,,,0.3358885005,0.3573217465,0.00204783,871888.04650903,0.83094096,0.01036121,0.77845741,0.00117954,0.00162087,0.00870642,0.01447313,-0.08769243,-0.6989028,1.25267418,0.01158157,0.02669987,,,0.02928515,0.04110669,0.02263553,-0.61070329,0.038142,0.01961869,1.52580644,0.54614832,,,0.9665123251,59,,-0.489648774,,-0.15094969
20060125,20060131,270371.0,01W,CHN,0.136503,2006,1,20051230,20051231,76.007219193,0.4657305098,76.007219193,,0.0,-1.66533e-16,-0.054534447,-0.076918401,-0.047622901,-0.190699059,-0.308667152,-0.278065191,,-0.091548401,-0.023826887,,,0.100724269,0.3044796066,7.8992324934,2.0868386502,1.5381996784,,,0.0635840972,0.0002097019,0.0,0.2112109671,-0.01759318,0.2288041468,0.0574214747,1.36749e-05,0.0574077998,0.0803530376,-0.080143336,0.0020422498,0.0293350321,0.1658490569,0.1236642911,-0.118971418,0.0903297584,0.0450694038,0.0879300698,0.1577392202,0.0,0.1490183975,0.16684979,5.9039490425,0.0867064543,3.0680918917,0.5612968703,0.22275714,0.2814666208,0.5301813074,,0.4067392621,,,,0.3150404357,0.2280970877,0.0315892785,,,0.0113688874,0.0072140614,,,,-1.148540346,0.6500175923,0.0923723255,-0.812336087,,,,0.0527008865,0.1361202864,0.2597522483,-0.130954727,1.3335340285,-0.13858908,0.0478783724,-0.284883717,1.5947725389,,0.7293555856,,0.8750023914,5.0,-1.278280551,2.6189848166,19.889820563,-4.556559817,,,1.1617676896,0.728484885,0.3294958709,-0.143040662,0.3120374414,0.0328323794,-0.161008316,-0.237450289,0.0,0.0,,0.6867870235,0.0649080343,0.488389089,14.884214267,,,,0.3176876385,0.3982683156,0.0038886,810813.59160905,0.90387578,0.00974666,0.83687547,0.00129323,0.00167858,0.00617352,0.0070984,-1.23057491,0.00343052,2.49760343,0.00710625,-1.86565908,,,0.01644465,0.02136839,0.01696986,-0.76660048,0.0392869,0.01831464,1.52786093,0.63571075,,,0.5556230263,60,,-0.489992414,,-0.138875571
20060228,20060228,270371.0,01W,CHN,-0.032218,2006,2,20060125,20060131,86.382427243,0.5293040885,86.382427243,,0.0,-1.11022e-16,0.1365029291,0.0029237014,0.0834430881,-0.133115772,-0.280499485,-0.200945402,,0.0709561557,-0.01786809,,,0.0812089233,0.3044796066,7.8992324934,1.656208779,1.5381996784,,,0.0637864573,0.0001269681,0.0,0.1830074452,0.0075137318,0.1754937134,0.014592826,1.08695e-05,0.0145819564,0.0289132024,-0.028786234,0.0020422498,0.0392778421,0.1518719209,0.1131679223,-0.01946204,0.0903297584,0.0379422729,0.0705545996,0.1577392202,0.0,0.0405054701,0.0616245433,2.5887563317,0.032838309,1.3794890127,0.6002059416,0.2161844546,0.2663544754,0.4645664528,,0.3683237274,,,,0.2055115103,0.0953595283,0.0315892785,,-0.049467577,0.0072047972,0.0045177585,-0.006534575,-0.00452162,,-1.148540346,0.6500175923,0.0923723255,-0.812336087,,,,0.0455864752,0.1223581674,0.2597522483,-0.021042531,1.322080907,-0.037819853,0.0421625037,-0.284883717,1.5938990216,,0.6521364562,,0.8125035279,5.0,-1.278280551,2.6001947882,17.314565148,-2.375685782,,,1.0549337987,0.6618573601,0.3058712037,-0.082685945,0.2704339848,0.0251123726,-0.039897441,-0.060541533,0.0,0.0,,0.634593142,0.0484879196,0.502318915,15.418588415,,,,0.3862435385,0.3701343104,0.00161155,877875.96724102,0.83583312,0.01039436,0.7873688,0.00124176,0.00159982,0.00970484,0.01308539,0.52090676,-0.23859085,0.23329959,0.01375908,0.4994872,,,0.02712465,0.04120471,0.01895692,-0.5028332,0.03203001,0.01841036,1.64300709,0.72248713,,,0.9140016006,61,,-0.428863512,,-0.205931084
20060331,20060331,270371.0,01W,CHN,-0.075083,2006,3,20060228,20060228,83.599362181,0.5122509938,83.599362181,,0.0,-1.66533e-16,-0.032217954,0.0745243699,0.0187360517,0.0289765558,-0.236463194,-0.379912018,,-0.12198151,-0.009707766,,,0.0812089233,0.3044796066,7.8992324934,1.656208779,1.5381996784,,,0.0637864573,0.0001269681,0.0,0.1830074452,0.0075137318,0.1754937134,0.014592826,1.08695e-05,0.0145819564,0.0289132024,-0.028786234,0.0020422498,0.0392778421,0.1518719209,0.1131679223,-0.01946204,0.0903297584,0.0379422729,0.0705545996,0.1577392202,0.0,0.0405054701,0.0616245433,2.5887563317,0.032838309,1.3794890127,0.6002059416,0.2161844546,0.2663544754,0.4645664528,,0.3683237274,,,,0.2055115103,0.0953595283,0.0315892785,,-0.049467577,0.0072047972,0.0045177585,-0.006534575,-0.00452162,,-1.148540346,0.6500175923,0.0923723255,-0.812336087,,,,0.0455864752,0.1223581674,0.2597522483,-0.021042531,1.322080907,-0.037819853,0.0421625037,-0.284883717,1.5938990216,,0.6521364562,,0.8125035279,5.0,-1.278280551,2.6001947882,17.314565148,-2.375685782,,,1.0900530785,0.6838909265,0.3160538109,-0.085438602,0.279436869,0.0259483762,-0.041225647,-0.062556991,0.0,0.0,,0.6576926592,0.0502529049,0.4761394214,15.288264576,,,,0.3754492678,0.4020036069,0.0019345,747493.32543593,0.76329135,0.0087432,0.6956239,0.00159702,0.00161167,0.00722784,0.01360666,0.43278502,-0.72487612,1.01939009,0.01214886,-0.1696339,0.01057582,0.7091846,0.01755427,0.03125748,0.01963755,-0.74027473,0.03178857,0.01779939,1.66918941,0.69921007,,,0.6170607447,62,,-0.431853617,,-0.204155607
20060428,20060430,270371.0,01W,CHN,0.084787,2006,4,20060331,20060331,77.322464918,0.4737896135,77.322464918,,0.0,-1.11022e-16,-0.075083076,0.09988713,-0.040082467,-0.009617918,-0.158403586,-0.146379886,,-0.117337544,-0.005866451,,,0.0812089233,0.3044796066,7.8992324934,1.656208779,1.5381996784,,,0.0637864573,0.0001269681,0.0,0.1830074452,0.0075137318,0.1754937134,0.014592826,1.08695e-05,0.0145819564,0.0289132024,-0.028786234,0.0020422498,0.0392778421,0.1518719209,0.1131679223,-0.01946204,0.0903297584,0.0379422729,0.0705545996,0.1577392202,0.0,0.0405054701,0.0616245433,2.5887563317,0.032838309,1.3794890127,0.6002059416,0.2161844546,0.2663544754,0.4645664528,,0.3683237274,,,,0.2055115103,0.0953595283,0.0315892785,,-0.049467577,0.0072047972,0.0045177585,-0.006534575,-0.00452162,,-1.148540346,0.6500175923,0.0923723255,-0.812336087,,,,0.0455864752,0.1223581674,0.2597522483,-0.021042531,1.322080907,-0.037819853,0.0421625037,-0.284883717,1.5938990216,,0.6521364562,,0.8125035279,5.0,-1.278280551,2.6001947882,17.314565148,-2.375685782,,,1.1785416076,0.7394079497,0.3417104852,-0.092374353,0.3021210465,0.0280548182,-0.04457227,-0.067635254,0.0,0.0,,0.7165167963,0.0547475328,0.5266753591,14.959893242,,,,0.3851136795,0.3797909899,0.00354317,559913.38178725,0.82997977,0.00681207,0.75547053,0.00213831,0.0016989,0.00563735,0.00805175,0.27844028,-0.22497231,1.25176996,0.00836323,0.16326836,,,0.01287245,0.02049393,0.01435772,-0.82164286,0.03483776,0.01729409,1.58978668,0.72217774,,,0.466718998,63,,-0.426862457,,-0.190479625
20060519,20060531,270371.0,01W,CHN,0.275675,2006,5,20060428,20060430,83.878415812,0.5139608812,83.878415812,,0.0,-2.28983e-16,0.0847871431,-0.104882007,0.0202785148,0.1021912268,-0.118115016,-0.006711751,,-0.042527783,0.0057076331,,,0.1011862591,0.0043533847,-0.177614283,-0.027824386,0.6103128801,,,-0.001396705,0.0021528296,0.0,0.2121728739,0.0442981529,0.167874721,0.030008707,4.2079310000000005e-17,0.030008707,0.0104498921,-0.008297062,-0.002899862,0.0370304995,0.1517067646,0.1122415583,-0.028208272,0.0638442216,0.0351445931,0.0649401472,0.0130453673,0.0,0.0130453673,0.0826262263,3.7629810629,0.0743291639,3.385114492,0.6806496954,0.2096814866,0.2768176066,0.4280636226,,0.2610452218,,,,0.2179065119,0.1176827129,0.0181034288,6.3186016971,0.1340206272,0.0087287952,0.0054763791,-0.003759519,-0.002464623,,-0.445957841,-1.474806758,-0.155523535,0.0350743833,,,,0.0599243038,0.1235988617,0.0678666529,-0.031062561,1.3243127673,-0.060668575,0.0544179546,0.0396622223,1.6005624852,,0.6408833414,,0.8277758993,3.0,-1.185020297,2.4140038631,16.110615769,-1.570740139,,,1.1009292713,0.6878389825,0.274581825,-0.012810501,0.2907548053,0.0241738211,-0.06679181,-0.113168038,0.0,0.0,,0.6880469143,0.0606877597,0.5919754327,16.106031697,,,,0.330702774,0.3420930999,0.00161314,529675.48130078,0.60622289,0.00655613,0.57073921,0.00233447,0.00166488,0.00861113,0.01634627,-0.17127604,0.07941444,0.93233105,,,0.01652942,-0.24296473,0.02824961,0.03596928,0.02445549,-0.93416502,0.03373372,0.01726565,1.54907092,0.85784905,,,1.0586284886,64,,-0.736872537,,-0.429522036
20060630,20060630,270371.0,01W,CHN,-0.136534,2006,6,20060519,20060531,107.00159424,0.6556470236,107.00159424,,0.0,-1.66533e-16,0.2756749541,0.0033379876,0.0433765845,-0.010794569,-0.000850912,-0.09725098,,0.0054958131,0.0302693732,,,0.1011862591,0.0043533847,-0.177614283,-0.027824386,0.6103128801,,,-0.001396705,0.0021528296,0.0,0.2121728739,0.0442981529,0.167874721,0.030008707,4.2079310000000005e-17,0.030008707,0.0104498921,-0.008297062,-0.002899862,0.0370304995,0.1517067646,0.1122415583,-0.028208272,0.0638442216,0.0351445931,0.0649401472,0.0130453673,0.0,0.0130453673,0.0826262263,3.7629810629,0.0743291639,3.385114492,0.6806496954,0.2096814866,0.2768176066,0.4280636226,,0.2610452218,,,,0.2179065119,0.1176827129,0.0181034288,6.3186016971,0.1340206272,0.0087287952,0.0054763791,-0.003759519,-0.002464623,,-0.445957841,-1.474806758,-0.155523535,0.0350743833,,,,0.0599243038,0.1235988617,0.0678666529,-0.031062561,1.3243127673,-0.060668575,0.0544179546,0.0396622223,1.6005624852,,0.6408833414,,0.8277758993,3.0,-1.185020297,2.4140038631,16.110615769,-1.570740139,,,0.8630170779,0.5391961175,0.2152443489,-0.010042136,0.227922328,0.0189498281,-0.052358016,-0.088712283,0.0,0.0,,0.5378508255,0.0474400233,0.6114176831,16.803455619,,,,0.3498073609,0.3695591959,,696131.51772019,0.93027427,0.00818359,0.81819644,0.0019394,0.00152423,,,,,,,,,,,,,,0.03146906,0.01807271,1.59758546,1.0,,,,65,,-0.762838008,,-0.459980626
20060731,20060731,270371.0,01W,CHN,-0.116283,2006,7,20060630,20060630,110.73478102,0.5661287373,110.73478102,,0.1985294118,-0.181095315,-0.136534268,0.383835789,0.4077819894,0.2286302632,0.267622849,-0.047622901,,-0.168909055,0.0332125357,,,0.1011862591,0.0043533847,-0.177614283,-0.027824386,0.6103128801,,,-0.001396705,0.0021528296,0.0,0.2121728739,0.0442981529,0.167874721,0.030008707,4.2079310000000005e-17,0.030008707,0.0104498921,-0.008297062,-0.002899862,0.0370304995,0.1517067646,0.1122415583,-0.028208272,0.0638442216,0.0351445931,0.0649401472,0.0130453673,0.0,0.0130453673,0.0826262263,3.7629810629,0.0743291639,3.385114492,0.6806496954,0.2096814866,0.2768176066,0.4280636226,,0.2610452218,,,,0.2179065119,0.1176827129,0.0181034288,6.3186016971,0.1340206272,0.0087287952,0.0054763791,-0.003759519,-0.002464623,,-0.445957841,-1.474806758,-0.155523535,0.0350743833,,,,0.0599243038,0.1235988617,0.0678666529,-0.031062561,1.3243127673,-0.060668575,0.0544179546,0.0396622223,1.6005624852,,0.6408833414,,0.8277758993,3.0,-1.185020297,2.4140038631,16.110615769,-1.570740139,,,0.8339222992,0.5210182713,0.2079878451,-0.009703586,0.2202384132,0.0183109751,-0.050592878,-0.085721538,0.0,0.0,,0.5195406587,0.0458250128,0.6089430835,16.888745046,,,,0.2444582628,0.383309796,,1093200.88445988,1.50787265,0.01156896,1.20462942,0.00126285,0.001329,,,,,,,,,,,,,,0.03956951,0.02098158,1.74393312,0.89925935,,,,66,,-0.749503236,,-0.483020771
20060831,20060831,270371.0,01W,CHN,-0.005159,2006,8,20060731,20060731,97.858211001,0.5002976023,97.858211001,,0.1985294118,-0.181095315,-0.116282977,0.1015016085,0.0695718201,0.2191254745,0.3170025467,0.0834430881,,0.2086901617,0.0036695231,,,0.1905039583,0.0043533847,-0.177614283,1.0238419856,0.6103128801,,,0.052927928,0.0109947343,0.0,0.2296030578,0.0463258912,0.1832771667,0.0462899745,-4.433223e-06,0.0462944078,0.0418607417,-0.030866007,-0.002899862,0.0383985595,0.1481147133,0.0996196839,-0.021792553,0.0638442216,0.0378153705,0.0605004811,0.0130453673,0.0,0.0315662884,0.0658965366,3.0496607191,0.0350305292,1.6211964166,0.7660478679,0.2244851119,0.2892610523,0.4084704333,,0.226130214,,,,0.2733058681,0.1290705442,0.0181034288,6.3186016971,0.7402301179,0.0121083665,0.0075650695,0.0032866043,0.0018554304,,-0.445957841,-1.474806758,-0.155523535,0.0350743833,,,,0.0525059671,0.118597628,0.0678666529,-0.02594412,1.3107048083,-0.044288711,0.0441039837,0.0396622223,1.7500775609,,0.5882290212,,0.8367669395,3.0,-1.185020297,2.144161901,17.751466448,-1.038961132,,,1.0493298826,0.5995905016,0.2825209572,0.0452357663,0.2792448713,0.022673737,-0.046473468,-0.075640153,0.0,0.0,,0.654049047,0.0442767359,0.7098510233,16.567076462,,,,0.1746024347,0.4122648613,0.00027204,1562069.50535901,1.25371581,0.0152714,1.0782016,0.00081195,0.00104305,0.01308488,0.0197402,1.05839335,-0.01362321,1.44681576,0.01970025,0.67808641,0.01858684,0.39294972,0.03157823,0.04378845,0.03071425,-0.48441618,0.03620575,0.02098263,1.50235739,0.59243629,,,1.0851109316,67,,-0.613281275,,-0.572237082
20060929,20060930,270371.0,01W,CHN,0.068815,2006,9,20060831,20060831,97.353320727,0.4977163636,97.353320727,,0.1985294118,-0.181095315,-0.005159406,-0.236940634,-0.023335028,0.0156391714,-0.037091881,0.0187360517,,0.0270824595,0.0007384443,,,0.1905039583,0.0043533847,-0.177614283,1.0238419856,0.6103128801,,,0.052927928,0.0109947343,0.0,0.2296030578,0.0463258912,0.1832771667,0.0462899745,-4.433223e-06,0.0462944078,0.0418607417,-0.030866007,-0.002899862,0.0383985595,0.1481147133,0.0996196839,-0.021792553,0.0638442216,0.0378153705,0.0605004811,0.0130453673,0.0,0.0315662884,0.0658965366,3.0496607191,0.0350305292,1.6211964166,0.7660478679,0.2244851119,0.2892610523,0.4084704333,,0.226130214,,,,0.2733058681,0.1290705442,0.0181034288,6.3186016971,0.7402301179,0.0121083665,0.0075650695,0.0032866043,0.0018554304,,-0.445957841,-1.474806758,-0.155523535,0.0350743833,,,,0.0525059671,0.118597628,0.0678666529,-0.02594412,1.3107048083,-0.044288711,0.0441039837,0.0396622223,1.7500775609,,0.5882290212,,0.8367669395,3.0,-1.185020297,2.144161901,17.751466448,-1.038961132,,,1.0547718793,0.6027000762,0.2839861572,0.0454703664,0.2806930809,0.0227913267,-0.046714487,-0.076032435,0.0,0.0,,0.6572935249,0.0444963753,0.6205041,16.5527302,,,,0.1827706691,0.3751721997,0.00093871,1598626.78274073,1.19992801,0.01562017,1.04099569,0.00073776,0.00110052,0.00730923,0.02442776,1.61367817,0.26684005,2.04028876,0.02515896,1.51250353,,,0.05865163,0.10287413,0.04108136,0.64358219,0.03780668,0.02161456,1.55741498,0.58937967,,,1.9376282197,68,,-0.622487385,,-0.586521705
20061031,20061031,270371.0,01W,CHN,0.043174,2006,10,20060929,20060930,104.052701,0.531966774,104.052701,,0.1985294118,-0.181095315,0.0688151182,-0.120842432,0.0505007908,0.0686788888,-0.067319205,-0.040082467,,-0.129802344,0.0187945773,,,0.1905039583,0.0043533847,-0.177614283,1.0238419856,0.6103128801,,,0.052927928,0.0109947343,0.0,0.2296030578,0.0463258912,0.1832771667,0.0462899745,-4.433223e-06,0.0462944078,0.0418607417,-0.030866007,-0.002899862,0.0383985595,0.1481147133,0.0996196839,-0.021792553,0.0638442216,0.0378153705,0.0605004811,0.0130453673,0.0,0.0315662884,0.0658965366,3.0496607191,0.0350305292,1.6211964166,0.7660478679,0.2244851119,0.2892610523,0.4084704333,,0.226130214,,,,0.2733058681,0.1290705442,0.0181034288,6.3186016971,0.7402301179,0.0121083665,0.0075650695,0.0032866043,0.0018554304,,-0.445957841,-1.474806758,-0.155523535,0.0350743833,,,,0.0525059671,0.118597628,0.0678666529,-0.02594412,1.3107048083,-0.044288711,0.0441039837,0.0396622223,1.7500775609,,0.5882290212,,0.8367669395,3.0,-1.185020297,2.144161901,17.751466448,-1.038961132,,,0.9868609279,0.5638955381,0.2657018528,0.04254278,0.2626207996,0.0213239187,-0.043706799,-0.071137125,0.0,0.0,,0.6167009369,0.041748405,0.608490659,16.73175792,,,,0.1837519282,0.3626129619,0.00070562,1891157.5361251,0.99743624,0.01828138,0.87431312,0.000571,0.00106807,0.00871036,0.02147489,0.85872674,-0.38023537,0.81373671,0.02039306,0.85755846,0.02258264,1.06293581,0.0328903,0.0602295,0.02368352,0.40849172,0.03333081,0.02188493,1.55192554,0.62993791,,,1.1122702983,69,,-0.657053356,,-0.596940162
20061130,20061130,270371.0,01W,CHN,-0.103223,2006,11,20061031,20061031,108.54505875,0.5549338382,108.54505875,,0.1985294118,-0.181095315,0.0431738696,0.0633006667,0.0350335862,0.0050305403,0.1455596635,0.0202785148,,0.0607723344,0.0171947169,,,0.1297700153,0.0727745408,-0.417338363,0.308002042,0.6103128801,,,0.0256411276,0.0107863553,0.0,0.2096712154,0.0578050554,0.1518661599,0.0503314031,-1.0849e-05,0.0503422517,-0.016033913,0.0268202684,-0.001185777,0.0395369318,0.1680563405,0.0934323731,0.0038424824,0.0638442216,0.0339868121,0.0648029775,0.0130453673,0.0,-0.084579888,0.0438438499,2.1697135537,0.0706641183,3.4969760968,0.7383831283,0.2093612757,0.270578422,0.385602693,,0.2040946487,,,,0.2284490003,0.1024424095,0.045494849,6.3186016971,-0.283998178,0.0071467765,0.0040836913,-0.004222111,-0.00313037,,-0.445957841,-1.474806758,-0.155523535,0.0350743833,,,,0.0538745884,0.1055570936,0.0678666529,0.0043411214,1.3699746666,-0.023636643,0.0476863323,0.1149524369,1.6819154125,0.5077980123,0.6174596128,,0.8212368727,3.0,-1.412594864,2.8304462489,16.060615726,-0.218523405,,,0.9190817104,0.5464494252,0.215988581,0.0284089221,0.2344012655,0.018572074,-0.021724007,-0.052912407,0.0,0.0,,0.5910906069,0.0426169347,0.6670218527,16.92019613,,,,0.2358020265,0.3104608387,0.00051953,2150543.63666411,0.94307704,0.02029289,0.86280484,0.0004555,0.00101088,0.00996925,0.03104918,2.02307644,-0.36072713,1.46006459,0.02746046,0.84922839,,,0.04401301,0.10229091,0.03721009,0.64620202,0.03120203,0.02187493,1.63678733,0.65713476,,,1.4964659138,70,,-0.692820373,,-0.304998722
20061229,20061231,270371.0,01W,CHN,-0.048007,2006,12,20061130,20061130,97.340660396,0.497651638,97.340660396,,0.1985294118,-0.181095315,-0.103223477,0.1149600028,-0.15360885,0.0833240832,0.1265545568,0.0433765845,,-0.054534447,0.0127684415,,,0.1297700153,0.0727745408,-0.417338363,0.308002042,0.6103128801,,,0.0256411276,0.0107863553,0.0,0.2096712154,0.0578050554,0.1518661599,0.0503314031,-1.0849e-05,0.0503422517,-0.016033913,0.0268202684,-0.001185777,0.0395369318,0.1680563405,0.0934323731,0.0038424824,0.0638442216,0.0339868121,0.0648029775,0.0130453673,0.0,-0.084579888,0.0438438499,2.1697135537,0.0706641183,3.4969760968,0.7383831283,0.2093612757,0.270578422,0.385602693,,0.2040946487,,,,0.2284490003,0.1024424095,0.045494849,6.3186016971,-0.283998178,0.0071467765,0.0040836913,-0.004222111,-0.00313037,,-0.445957841,-1.474806758,-0.155523535,0.0350743833,,,,0.0538745884,0.1055570936,0.0678666529,0.0043411214,1.3699746666,-0.023636643,0.0476863323,0.1149524369,1.6819154125,0.5077980123,0.6174596128,,0.8212368727,3.0,-1.412594864,2.8304462489,16.060615726,-0.218523405,,,1.0248726261,0.6093484955,0.2408499502,0.0316789316,0.2613820271,0.0207098128,-0.024224549,-0.059002891,0.0,0.0,,0.6570389287,0.0473717308,0.6399129912,16.642431931,,,,0.2379164131,0.309389731,0.00096985,1962714.67222638,0.99087668,0.01848359,0.90436284,0.00051094,0.00094032,0.00917535,0.02210371,0.47354842,-0.13524803,2.08700915,0.02197039,0.47315758,0.02022565,-0.19047723,0.0262481,0.03693586,0.02501398,-0.20520644,0.02961081,0.0227687,1.67108925,0.58930303,,,0.8843720436,71,,-0.690988207,,-0.290739449
20070131,20070131,270371.0,01W,CHN,0.171267,2007,1,20061229,20061231,92.667595212,0.4737607117,92.667595212,,0.1985294118,-0.181095315,-0.04800733,-0.064506164,-0.120956763,0.0503641783,0.0685399122,0.4077819894,,0.1365029291,-0.004005218,,,0.1297700153,0.0727745408,-0.417338363,0.308002042,0.6103128801,,,0.0256411276,0.0107863553,0.0,0.2096712154,0.0578050554,0.1518661599,0.0503314031,-1.0849e-05,0.0503422517,-0.016033913,0.0268202684,-0.001185777,0.0395369318,0.1680563405,0.0934323731,0.0038424824,0.0638442216,0.0339868121,0.0648029775,0.0130453673,0.0,-0.084579888,0.0438438499,2.1697135537,0.0706641183,3.4969760968,0.7383831283,0.2093612757,0.270578422,0.385602693,,0.2040946487,,,,0.2284490003,0.1024424095,0.045494849,6.3186016971,-0.283998178,0.0071467765,0.0040836913,-0.004222111,-0.00313037,,-0.445957841,-1.474806758,-0.155523535,0.0350743833,,,,0.0538745884,0.1055570936,0.0678666529,0.0043411214,1.3699746666,-0.023636643,0.0476863323,0.1149524369,1.6819154125,0.5077980123,0.6174596128,,0.8212368727,3.0,-1.412594864,2.8304462489,16.060615726,-0.218523405,,,1.0765551649,0.6400768772,0.2529955931,0.0332764449,0.2745630668,0.0217541726,-0.025446151,-0.061978304,0.0,0.0,,0.6891052042,0.0496836714,0.6656651856,16.506734467,,-0.202828454,0.0073980339,0.2439759957,0.2914525791,0.00092622,1716813.81570932,0.84777622,0.01669617,0.77648837,0.00062929,0.00086287,0.00912725,0.01460603,1.71361226,-0.4863467,0.87228903,0.01243197,0.76843034,0.01335566,1.15941625,0.02375918,0.04055458,0.02139567,-0.01195649,0.01808055,0.02340846,1.67702508,0.56101216,,,0.7922997808,72,,-0.725861373,,-0.299366827
20070228,20070228,270371.0,01W,CHN,0.362059,2007,2,20070131,20070131,108.53845861,0.5549000951,108.53845861,,0.1985294118,-0.181095315,0.1712665939,-0.146275323,-0.05304221,-0.078216399,-0.10493661,0.0695718201,,-0.032217954,0.0144933768,,,0.1687363849,0.1971528688,0.9550938276,0.2939960392,0.6103128801,,,0.0257335986,0.0102561916,0.0,0.1910709058,0.0750750888,0.115995817,0.0430026775,-9.300246e-06,0.0430119777,0.0054860024,0.0047701892,0.0013466902,0.0309156648,0.1728413962,0.0958730784,-0.000341076,0.0638442216,0.0351838874,0.0707594728,0.0130453673,0.0,-0.035455229,0.0502465466,2.515486241,0.0550167358,2.7542955927,0.7409630454,0.2146958137,0.2830146398,0.4093896158,,0.2151922519,,,,0.1858381952,0.0977726588,0.0410608432,6.3186016971,0.3685002029,0.0086055817,0.0051165366,0.0014007845,0.000598778,,-0.445957841,-1.474806758,-0.155523535,0.0350743833,,,,0.0583263397,0.112050355,0.0678666529,-0.000398628,1.4673952264,-0.030271662,0.049905471,0.0075481905,1.7614063164,0.4796505571,0.5859112663,,0.8247419032,4.0,-1.380649393,2.5059925679,16.860535379,-1.084963897,,,0.9812587099,0.5570882202,0.2488166889,0.0376574175,0.2576633396,0.0196005292,-0.029704332,-0.061826522,0.0,0.0,,0.6065433058,0.0471930111,0.624551593,17.128499512,,-0.114843258,0.2203786457,0.220278043,0.2864195917,0.00038327,1763616.11460393,0.82717208,0.01724233,0.75846428,0.00066775,0.0007337,0.01172143,0.02463317,0.16069544,-0.02708649,0.89515493,0.02121564,1.30840632,0.0219961,1.36396333,0.05200752,0.060335,0.03800019,-0.67659574,0.01819332,0.02408629,1.52087835,0.65709481,,,1.6585771199,73,,-0.763121647,,-0.53153575
20070330,20070331,270371.0,01W,CHN,0.247373,2007,3,20070228,20070228,147.83576689,0.7558065792,147.83576689,,0.1985294118,-0.181095315,0.3620588387,0.1150372123,0.1148922071,-0.153660315,0.0832582111,-0.023335028,,-0.075083076,0.0542335509,,,0.1687363849,0.1971528688,0.9550938276,0.2939960392,0.6103128801,,,0.0257335986,0.0102561916,0.0,0.1910709058,0.0750750888,0.115995817,0.0430026775,-9.300246e-06,0.0430119777,0.0054860024,0.0047701892,0.0013466902,0.0309156648,0.1728413962,0.0958730784,-0.000341076,0.0638442216,0.0351838874,0.0707594728,0.0130453673,0.0,-0.035455229,0.0502465466,2.515486241,0.0550167358,2.7542955927,0.7409630454,0.2146958137,0.2830146398,0.4093896158,,0.2151922519,,,,0.1858381952,0.0977726588,0.0410608432,6.3186016971,0.3685002029,0.0086055817,0.0051165366,0.0014007845,0.000598778,,-0.445957841,-1.474806758,-0.155523535,0.0350743833,,,,0.0583263397,0.112050355,0.0678666529,-0.000398628,1.4673952264,-0.030271662,0.049905471,0.0075481905,1.7614063164,0.4796505571,0.5859112663,,0.8247419032,4.0,-1.380649393,2.5059925679,16.860535379,-1.084963897,,,0.7204231433,0.409004519,0.182676902,0.0276474234,0.1891719596,0.0143903689,-0.021808406,-0.045391961,0.0,0.0,,0.4496512472,0.0349857893,0.6393376818,17.714582543,,-0.352506985,-0.079334423,0.2214164956,0.2824742106,0.00024614,2349584.61288071,0.91618089,0.02141522,0.77898958,0.00051347,0.00060259,0.01730595,0.02960641,0.69452078,0.36962793,0.18180849,,,,,0.06767697,0.09984867,0.04336841,0.09245921,0.01369338,0.02537984,1.20923526,0.89500179,,,2.0320991233,74,,-0.775564549,,-0.519809237
20070430,20070430,270371.0,01W,CHN,0.306195,2007,4,20070330,20070331,184.40634018,0.9427727003,184.40634018,,0.1985294118,-0.181095315,0.2473729738,0.5953340168,0.4207777931,0.3350436559,0.5952366994,0.0505007908,,0.0847871431,0.069014081,,,0.1687363849,0.1971528688,0.9550938276,0.2939960392,0.6103128801,,,0.0257335986,0.0102561916,0.0,0.1910709058,0.0750750888,0.115995817,0.0430026775,-9.300246e-06,0.0430119777,0.0054860024,0.0047701892,0.0013466902,0.0309156648,0.1728413962,0.0958730784,-0.000341076,0.0638442216,0.0351838874,0.0707594728,0.0130453673,0.0,-0.035455229,0.0502465466,2.515486241,0.0550167358,2.7542955927,0.7409630454,0.2146958137,0.2830146398,0.4093896158,,0.2151922519,,,,0.1858381952,0.0977726588,0.0410608432,6.3186016971,0.3685002029,0.0086055817,0.0051165366,0.0014007845,0.000598778,,-0.445957841,-1.474806758,-0.155523535,0.0350743833,,,,0.0583263397,0.112050355,0.0678666529,-0.000398628,1.4673952264,-0.030271662,0.049905471,0.0075481905,1.7614063164,0.4796505571,0.5859112663,,0.8247419032,4.0,-1.380649393,2.5059925679,16.860535379,-1.084963897,,,0.5775523107,0.3278927215,0.1464493025,0.0221645202,0.1516562917,0.0115365406,-0.017483469,-0.036390047,0.0,0.0,,0.3624121987,0.0281980244,0.6754012341,18.035605369,,-0.128546777,-0.000368762,0.2215634932,0.3146937204,0.00030348,3302528.05382809,0.88202773,0.02576956,0.71549067,0.00042266,0.00046912,0.01253735,0.03071386,0.79910889,-0.00668662,2.12341725,0.02284809,0.13689717,0.02152074,0.27922929,0.0560355,0.10032075,0.03771103,-0.00103579,0.01153965,0.02714115,1.18104808,0.92009818,,,1.5974995077,75,,-0.765667829,,-0.518784711
20070531,20070531,270371.0,01W,CHN,0.108193,2007,5,20070430,20070430,240.87069086,1.2314452498,240.87069086,,0.1985294118,-0.181095315,0.3061952785,0.6989953841,0.6988920758,0.8844237831,0.8343277373,0.0350335862,,0.2756749541,0.0717886559,,,0.1135666721,0.5655308177,-0.92955901,1.163200865,0.6749663685,1.0510935206,-0.484470453,0.0509755908,0.013611282,0.0001382148,0.0650441249,0.0175859721,0.0474581528,-0.007141116,-2.37524e-17,-0.007141116,0.0192971894,-0.005547693,0.0115214931,0.0322836474,0.1564480753,0.1603029767,0.0913811266,0.1237904368,0.0321395969,0.095543358,-0.015243636,0.0,-0.015243636,-0.000894038,-0.046882142,-0.00644173,-0.33779568,0.6630015826,0.280802592,0.391239907,0.6107033138,,0.264892952,,,,0.0448957083,0.0755840153,0.0065172527,-0.942070336,1.5643576947,0.004942544,0.0028060215,-0.003786251,-0.002670358,,-0.563750309,-0.119899664,-0.103673585,0.4091280762,,,-0.943762998,0.1007634063,0.1785080523,0.1309133647,0.101758977,2.1405811296,0.0199639396,0.0904870887,0.0806325146,1.685357229,0.4610766718,0.6922485811,0.2665250453,0.84052897,8.0,-1.496468929,2.8051469869,15.494232522,-0.703288012,-0.029111049,0.0307272082,0.4269154818,0.253308601,0.1038559151,-0.009230987,0.1585093129,0.0081412363,0.0085229149,0.0073853213,0.0,0.0,,0.2619703207,0.0389902577,0.6548505455,18.711542122,,0.1188817033,0.2213169029,0.3331259369,0.3380825548,0.00032317,4445346.96946134,0.84616748,0.02920477,0.6324563,0.00038804,0.0003951,0.01042531,0.02454738,1.97976252,-0.47605725,1.55100682,0.02074256,0.77759191,0.01874473,0.84362818,0.05690859,0.09930016,0.03676527,-0.36040575,0.00964781,0.02767878,1.20220909,1.0,,,1.5763172076,76,0.3998626138,-0.215004496,1.2600481678,-0.500103657
20070629,20070630,270371.0,01W,CHN,-0.406229,2007,6,20070531,20070531,266.93117843,1.3646788263,266.93117843,,0.1985294118,-0.181095315,0.1081928543,0.6293126888,1.4745126022,1.4741908037,0.8782137424,-0.15360885,,-0.136534268,0.0940365761,,,0.1135666721,0.5655308177,-0.92955901,1.163200865,0.6749663685,1.0510935206,-0.484470453,0.0509755908,0.013611282,0.0001382148,0.0650441249,0.0175859721,0.0474581528,-0.007141116,-2.37524e-17,-0.007141116,0.0192971894,-0.005547693,0.0115214931,0.0322836474,0.1564480753,0.1603029767,0.0913811266,0.1237904368,0.0321395969,0.095543358,-0.015243636,0.0,-0.015243636,-0.000894038,-0.046882142,-0.00644173,-0.33779568,0.6630015826,0.280802592,0.391239907,0.6107033138,,0.264892952,,,,0.0448957083,0.0755840153,0.0065172527,-0.942070336,1.5643576947,0.004942544,0.0028060215,-0.003786251,-0.002670358,,-0.563750309,-0.119899664,-0.103673585,0.4091280762,,,-0.943762998,0.1007634063,0.1785080523,0.1309133647,0.101758977,2.1405811296,0.0199639396,0.0904870887,0.0806325146,1.685357229,0.4610766718,0.6922485811,0.2665250453,0.84052897,8.0,-1.496468929,2.8051469869,15.494232522,-0.703288012,-0.029111049,0.0307272082,0.3852357287,0.2285780855,0.0937164634,-0.008329766,0.1430340507,0.0073464075,0.0076908228,0.0066642925,0.0,0.0,,0.2361793287,0.0351516647,0.5479523873,18.77224759,,-0.049861726,0.2035009608,0.3412660987,0.3153527443,0.00023089,6736626.35464038,0.798013,0.03575012,0.532725,0.00031325,0.0003538,0.01793042,0.0439112,0.22688116,0.18436402,1.15078593,0.04325603,0.39460997,0.03959978,0.29386338,0.07685384,0.10030829,0.05870217,-0.29744859,0.00722143,0.02910219,1.17908419,0.80999399,,,2.0179367597,77,0.357867612,-0.254883748,1.2518293936,-0.540744116
20070731,20070731,270371.0,01W,CHN,0.290591,2007,7,20070629,20070630,158.49610385,0.8103072794,158.49610385,,0.0,0.0,-0.406228584,0.447516274,1.8805234216,1.565345982,1.4105450515,-0.120956763,,-0.116282977,0.0676778846,,,0.1135666721,0.5655308177,-0.92955901,1.163200865,0.6749663685,1.0510935206,-0.484470453,0.0509755908,0.013611282,0.0001382148,0.0650441249,0.0175859721,0.0474581528,-0.007141116,-2.37524e-17,-0.007141116,0.0192971894,-0.005547693,0.0115214931,0.0322836474,0.1564480753,0.1603029767,0.0913811266,0.1237904368,0.0321395969,0.095543358,-0.015243636,0.0,-0.015243636,-0.000894038,-0.046882142,-0.00644173,-0.33779568,0.6630015826,0.280802592,0.391239907,0.6107033138,,0.264892952,,,,0.0448957083,0.0755840153,0.0065172527,-0.942070336,1.5643576947,0.004942544,0.0028060215,-0.003786251,-0.002670358,,-0.563750309,-0.119899664,-0.103673585,0.4091280762,,,-0.943762998,0.1007634063,0.1785080523,0.1309133647,0.101758977,2.1405811296,0.0199639396,0.0904870887,0.0806325146,1.685357229,0.4610766718,0.6922485811,0.2665250453,0.84052897,8.0,-1.496468929,2.8051469869,15.494232522,-0.703288012,-0.029111049,0.0307272082,0.6487946678,0.3849597323,0.1578325612,-0.014028574,0.2408907651,0.0123724506,0.0129524976,0.0112236667,0.0,0.0,,0.4000603818,0.0595428418,0.5338820175,18.388380902,1.3566957963,0.0783803479,0.0044151732,0.471844528,0.3671333247,0.00044827,7785302.91229613,0.62959208,0.03912406,0.42923212,0.00029614,0.00038008,0.01352269,0.03076979,-0.21996491,0.19849316,1.77033513,0.02733738,0.16069736,0.02545065,0.10971532,0.0508022,0.09192876,0.05810547,0.23339701,0.00632258,0.02808576,1.23251774,0.48095128,,,1.2864733128,78,0.3819358398,-0.252630632,1.2553332381,-0.510512621
20070822,20070831,270371.0,01W,CHN,0.08037,2007,8,20070731,20070731,204.55369836,1.045775554,204.55369836,,0.0,0.0,0.2905913356,-0.341986759,0.4602759785,0.4601871856,0.6196505355,-0.05304221,,-0.005159406,0.0945643157,,,0.0382320786,0.3638900833,-1.295068605,-0.04236908,0.6749663685,1.0510935206,-0.484470453,-0.00426956,0.006130073,0.0001382148,0.0258414509,0.0141438326,0.0116976183,-0.038037733,-9.399503e-06,-0.038028334,-0.021726411,0.027856484,0.0122119472,0.037035453,0.1519260305,0.1163196659,0.053750225,0.1237904368,0.0271197869,0.0874546592,-0.013714755,0.0,-0.013714755,-0.000638515,-0.040082333,0.0272179689,1.7085887816,0.6161278068,0.2973045958,0.3561466795,0.5756397302,,0.2606935687,,,,-0.027337393,-0.064500492,0.0065172527,-0.942070336,-0.065595673,0.0076982394,0.0045677197,-0.004410127,-0.00299735,,-0.563750309,-0.119899664,-0.103673585,0.4091280762,,,-0.943762998,0.055142281,0.1207668085,0.1309133647,0.0558052078,2.3801347834,0.0165686026,0.0531117099,0.0608573137,1.7024254752,0.442452784,0.6332839173,0.2665250453,0.7684419113,6.0,-1.496468929,4.017233554,13.413078248,-0.703288012,-0.029111049,0.0307272082,0.5211904148,0.3061458034,0.1238340444,-0.012036945,0.1822025761,0.0083026089,0.0086353969,0.0127525783,0.0,0.0,,0.3203782668,0.0280185721,0.5562027707,18.368775475,1.3882081417,-0.066412068,-0.083155267,0.5023497908,0.3206858588,0.00024805,8502519.08974203,0.57306302,0.04085406,0.45098879,0.00026778,0.00036882,0.01640001,0.04007918,1.85865852,-0.0848141,0.25387858,0.04129423,1.93585018,0.04250312,1.89746734,0.08209937,0.10330209,0.05296884,-0.11905235,0.00560025,0.02985403,1.21797534,0.62071155,,,1.9808169655,79,0.1853512164,-0.54361319,1.2497165346,-0.503938598
20080630,20080630,270371.0,01W,CHN,-0.273909,2008,6,20080530,20080531,155.22294001,0.7935733129,155.22294001,,0.0,2.220446e-16,,,,,,,,-0.406228584,,,,-0.479567511,-0.934956174,-0.956041051,-0.944242236,0.1213174852,-0.897728589,-0.997453473,-0.17199801,-0.024181839,-0.000265577,-0.246766669,0.1269515698,-0.373718238,-0.200997277,0.0930738145,-0.294071092,-0.005087971,-0.019359444,-0.033477025,-1.067993252,-20.32943835,0.0143229833,-0.258138524,,-15.78806796,-1.980896577,0.0050657503,0.0,0.0050657503,-0.670082869,-0.588589864,-0.689442313,-0.605594884,0.2478463558,0.9746253005,0.0317674104,0.0974398084,,0.059453169,,,,-0.347539263,-0.216414686,-0.116784044,-0.996903488,-1.769583773,-0.932967826,-0.470988728,-0.93791037,-0.47379475,,0.0031201986,-1.22113214,-0.022283177,-0.379957434,-6.354557663,-14.61848416,-0.959745355,-0.48307657,0.0074541458,,-0.134343674,,-0.468371784,-0.928221392,-0.488335723,13.867981414,0.5178727038,0.7305464781,1.6139056464,0.3674997058,3.0,5.3400943159,,47.369012437,,3.7959341237,0.5147307788,0.3447738816,0.0248611439,0.1594065542,0.1389086544,0.0159988555,-0.39250943,-0.161482358,-0.161559958,0.0,0.0,,0.1441662501,-0.280993995,0.1223992404,19.559490188,1.3554433183,-0.359060046,,0.8260126126,0.0069318725,,,,,,,,,,,,,,,,,,,,,,,,,,,,89,-1.699106233,-1.300986666,-1.592561618,-1.720667664
20080731,20080731,270371.0,01W,CHN,0.219106,2008,7,20080630,20080630,112.7059602,0.5762063405,112.7059602,,0.0,1.665335e-16,,,,,,,,0.2905913356,,,,-0.479567511,-0.934956174,-0.956041051,-0.944242236,0.1213174852,-0.897728589,-0.997453473,-0.17199801,-0.024181839,-0.000265577,-0.246766669,0.1269515698,-0.373718238,-0.200997277,0.0930738145,-0.294071092,-0.005087971,-0.019359444,-0.033477025,-1.067993252,-20.32943835,0.0143229833,-0.258138524,,-15.78806796,-1.980896577,0.0050657503,0.0,0.0050657503,-0.670082869,-0.588589864,-0.689442313,-0.605594884,0.2478463558,0.9746253005,0.0317674104,0.0974398084,,0.059453169,,,,-0.347539263,-0.216414686,-0.116784044,-0.996903488,-1.769583773,-0.932967826,-0.470988728,-0.93791037,-0.47379475,,0.0031201986,-1.22113214,-0.022283177,-0.379957434,-6.354557663,-14.61848416,-0.959745355,-0.48307657,0.0074541458,,-0.134343674,,-0.468371784,-0.928221392,-0.488335723,13.867981414,0.5178727038,0.7305464781,1.6139056464,0.3674997058,3.0,5.3400943159,,47.369012437,,3.7959341237,0.5147307788,0.474835718,0.034239714,0.2195407764,0.1913102882,0.022034233,-0.540578932,-0.222399652,-0.222506526,0.0,0.0,,0.1898176641,-0.369973025,0.1886574289,19.644805165,1.3101174227,0.6149073398,,0.8217840772,0.0070654293,0.00053389,,,,,,,0.01126686,0.02545239,1.04326837,0.2487333,1.25560239,0.02682735,1.11862052,0.02701731,1.06420022,0.02877633,0.04867672,0.03443692,0.49256976,,,,,0.68167567,,,90,-1.696674656,-1.295068285,-1.585690214,-1.723234903
20080829,20080831,270371.0,01W,CHN,-0.046239,2008,8,20080731,20080731,137.40045654,0.7024563218,137.40045654,,0.0,1.665335e-16,0.2191055052,,,,-0.44901529,,,0.0803696438,,,,-0.565541849,-0.934956174,-0.956041051,-0.943523588,0.0917196578,-0.897728589,-0.997453473,-0.209573848,-0.03191626,-0.000265577,-0.434305302,-0.030156151,-0.404149152,-0.241816143,0.112025449,-0.353841592,0.0034394089,-0.035355668,-0.047503526,-1.289152583,-20.32943835,0.0143229833,-0.322914309,,-21.31701472,-1.980896577,0.0050657503,0.0,-0.082017432,-0.7990359,-0.596206294,-0.834391568,-0.622587176,0.2641241283,1.0252450897,0.0317674104,0.0974398084,,0.0063630347,,,0.0,-0.329315257,-0.160510733,-0.116784044,-0.99920128,-0.888888232,-0.287127914,-0.020704377,-0.294826153,-0.025272097,,0.0031201986,-1.22113214,-0.022283177,-0.379957434,-0.309693175,0.3742160506,-0.959745355,-0.487440414,0.0074541458,,-0.140292754,,-0.541164477,-1.121950209,-0.55773308,15.905841453,0.4994471856,0.6570546568,1.6139056464,0.2963264855,3.0,5.3400943159,,36.712466502,,3.7959341237,0.5147307788,0.3371037083,0.0211937048,0.1855162614,0.1833712588,0.0180740985,-0.451786517,-0.182428552,-0.182445144,0.0,0.0,,0.1731819557,-0.319606863,0.1271085213,19.588825439,1.3135194861,0.5589725525,,0.8200220618,0.09201692,0.00065402,,,,,,,0.01012583,0.02517521,0.41660762,-0.12954932,0.62486838,0.02617531,0.39737504,0.02494849,0.70011953,0.04688846,0.05174048,0.02758734,-0.13839211,,,,,0.67106365,,,91,-1.68605514,-1.214805139,-1.589944505,-1.728008104
20080926,20080930,270371.0,01W,CHN,-0.313501,2008,9,20080829,20080831,131.04713706,0.6699751383,131.04713706,,0.0,-4.44089e-16,-0.046239435,,,,-0.37826049,,,,,,,-0.565541849,-0.934956174,-0.956041051,-0.943523588,0.0917196578,-0.897728589,-0.997453473,-0.209573848,-0.03191626,-0.000265577,-0.434305302,-0.030156151,-0.404149152,-0.241816143,0.112025449,-0.353841592,0.0034394089,-0.035355668,-0.047503526,-1.289152583,-20.32943835,0.0143229833,-0.322914309,,-21.31701472,-1.980896577,0.0050657503,0.0,-0.082017432,-0.7990359,-0.596206294,-0.834391568,-0.622587176,0.2641241283,1.0252450897,0.0317674104,0.0974398084,,0.0063630347,,,0.0,-0.329315257,-0.160510733,-0.116784044,-0.99920128,-0.888888232,-0.287127914,-0.020704377,-0.294826153,-0.025272097,,0.0031201986,-1.22113214,-0.022283177,-0.379957434,-0.309693175,0.3742160506,-0.959745355,-0.487440414,0.0074541458,,-0.140292754,,-0.541164477,-1.121950209,-0.55773308,15.905841453,0.4994471856,0.6570546568,1.6139056464,0.2963264855,3.0,5.3400943159,,36.712466502,,3.7959341237,0.5147307788,0.3534468929,0.0222212006,0.1945103081,0.1922613133,0.0189503521,-0.473689659,-0.191272903,-0.191290299,0.0,0.0,,0.1802240907,-0.332603106,0.1192224983,19.601211997,1.1844911873,1.2782618448,1.2782618448,0.770527908,0.1304568617,0.00082896,2638472.11867994,0.98585758,0.01992972,0.79145629,0.0006215,,0.017019,0.03338434,0.52399932,0.10272744,0.36761331,0.03215098,0.18282518,0.03527543,0.30034154,0.04311598,0.04919986,0.03578781,-0.06652008,0.09298345,,,,0.64540184,,,92,-1.694203188,-1.209048459,-1.589605753,-1.728034885
20081031,20081031,270371.0,01W,CHN,-0.421583,2008,10,20080926,20080930,89.963760475,0.4599374257,89.963760475,,,,-0.313500756,0.1627347554,,,,,,,,,,-0.565541849,-0.934956174,-0.956041051,-0.943523588,0.0917196578,-0.897728589,-0.997453473,-0.209573848,-0.03191626,-0.000265577,-0.434305302,-0.030156151,-0.404149152,-0.241816143,0.112025449,-0.353841592,0.0034394089,-0.035355668,-0.047503526,-1.289152583,-20.32943835,0.0143229833,-0.322914309,,-21.31701472,-1.980896577,0.0050657503,0.0,-0.082017432,-0.7990359,-0.596206294,-0.834391568,-0.622587176,0.2641241283,1.0252450897,0.0317674104,0.0974398084,,0.0063630347,,,0.0,-0.329315257,-0.160510733,-0.116784044,-0.99920128,-0.888888232,-0.287127914,-0.020704377,-0.294826153,-0.025272097,,0.0031201986,-1.22113214,-0.022283177,-0.379957434,-0.309693175,0.3742160506,-0.959745355,-0.487440414,0.0074541458,,-0.140292754,,-0.541164477,-1.121950209,-0.55773308,15.905841453,0.4994471856,0.6570546568,1.6139056464,0.2963264855,3.0,5.3400943159,,36.712466502,,3.7959341237,0.5147307788,0.5148540165,0.0323688639,0.2833365221,0.2800604882,0.0276043307,-0.690007547,-0.278620705,-0.278646045,0.0,0.0,,0.2445196355,-0.451260372,,19.723543032,1.2261262574,1.681447932,1.681447932,0.9678089244,0.0203603307,0.00132171,2339409.62614272,1.02682231,0.01829011,0.80431181,0.00069855,,0.01250604,0.0219424,0.59661289,0.16930637,0.87750133,0.02223517,0.23308108,0.02238455,0.73051731,0.02918753,0.05353658,0.03528788,0.80698893,0.08153555,,,,0.64424344,,,93,-1.697039212,-1.207584747,-1.589944505,-1.728058687
20081128,20081130,270371.0,01W,CHN,0.222325,2008,11,20081031,20081031,52.036536421,0.2660354623,52.036536421,,,,-0.421583356,-0.345244094,,,,,,,,,,-0.461148239,-0.934956174,-0.956041051,-0.953963668,-0.028842056,-0.897728589,-1.0060894,-0.188101358,-0.025940269,-0.000265577,-0.218442771,0.2217725215,-0.440215292,-0.164584471,0.0021364839,-0.166720955,-0.026867463,0.0009271942,-0.030997505,-1.000346032,-20.32943835,0.0143229833,-0.264546056,,-25.15309184,-1.980896577,0.0050657503,0.0,-0.056265064,-0.597704032,-0.582053492,-0.596776838,-0.581150576,0.2689171727,0.7229046265,0.0317674104,0.0974398084,,0.0021364839,,,0.0,-0.327048666,-0.174207298,-0.116784044,-1.010451005,-0.830218829,-0.25723279,-0.016172221,-0.149707855,0.046987627,,0.0031201986,-1.22113214,-0.022283177,-0.379957434,0.0758699839,0.8473217394,-0.959745355,-0.464624979,0.0074541458,,-0.142551108,,-0.429184459,-0.862250088,-0.401630972,24.494472428,0.6196480308,0.6804548788,1.6139056464,0.3720646881,3.0,5.3400943159,,28.286089996,,3.7959341237,0.5147307788,1.0496944735,0.042854341,0.4673974142,0.4651547589,0.0477239563,-1.077919175,-0.450512555,-0.449832643,0.0,0.0,,0.3575432972,-0.617749864,,20.00795033,1.2680483539,0.1659621517,0.1659621517,0.9749660974,0.0310224464,0.00172664,2044307.36557583,1.10844334,0.01679597,0.82025848,0.00081741,,0.01169077,0.02924712,1.39270943,-0.38093218,-0.30764415,0.02734566,0.98196549,0.02560805,0.43924669,0.01561217,0.0474062,0.03004707,1.26292137,0.07801022,,,,0.64231188,,,94,-1.697011436,-1.215454332,-1.59532816,-1.72578979
20081204,20081231,270371.0,01W,CHN,0.166145,2008,12,20081128,20081130,63.605580607,0.3251819049,63.605580607,,,,0.2223254079,-0.602917411,,,,,,,,,,-0.461148239,-0.934956174,-0.956041051,-0.953963668,-0.028842056,-0.897728589,-1.0060894,-0.188101358,-0.025940269,-0.000265577,-0.218442771,0.2217725215,-0.440215292,-0.164584471,0.0021364839,-0.166720955,-0.026867463,0.0009271942,-0.030997505,-1.000346032,-20.32943835,0.0143229833,-0.264546056,,-25.15309184,-1.980896577,0.0050657503,0.0,-0.056265064,-0.597704032,-0.582053492,-0.596776838,-0.581150576,0.2689171727,0.7229046265,0.0317674104,0.0974398084,,0.0021364839,,,0.0,-0.327048666,-0.174207298,-0.116784044,-1.010451005,-0.830218829,-0.25723279,-0.016172221,-0.149707855,0.046987627,,0.0031201986,-1.22113214,-0.022283177,-0.379957434,0.0758699839,0.8473217394,-0.959745355,-0.464624979,0.0074541458,,-0.142551108,,-0.429184459,-0.862250088,-0.401630972,24.494472428,0.6196480308,0.6804548788,1.6139056464,0.3720646881,3.0,5.3400943159,,28.286089996,,3.7959341237,0.5147307788,0.8587684317,0.0350596827,0.3823837836,0.3805490386,0.0390435771,-0.881859419,-0.368570065,-0.36801382,0.0,0.0,,0.3104369899,-0.536361357,,19.885246099,1.288170052,0.0830411989,0.0830411989,0.974816988,0.0307738207,0.00110236,1689890.62573734,0.70876373,0.0157937,0.51340929,0.0009107,0.00087468,0.01136894,0.02685592,0.74741509,0.08759525,0.92427676,0.02318099,0.6137056,0.02176288,0.01136268,0.04849389,0.05143435,0.03528095,-0.41834217,0.03055974,0.03054631,0.50724719,0.29207415,0.64397756,0.6948456777,1.3583615113,95,-1.680481345,-1.213176067,-1.600720364,-1.500389805
20090123,20090131,270371.0,01W,CHN,0.033152,2009,1,20081204,20081231,74.173308033,0.3792091413,74.173308033,,,,0.1661446578,-0.29298664,-0.435650249,,,,,,,,,-0.461148239,-0.934956174,-0.956041051,-0.953963668,-0.028842056,-0.897728589,-1.0060894,-0.188101358,-0.025940269,-0.000265577,-0.218442771,0.2217725215,-0.440215292,-0.164584471,0.0021364839,-0.166720955,-0.026867463,0.0009271942,-0.030997505,-1.000346032,-20.32943835,0.0143229833,-0.264546056,,-25.15309184,-1.980896577,0.0050657503,0.0,-0.056265064,-0.597704032,-0.582053492,-0.596776838,-0.581150576,0.2689171727,0.7229046265,0.0317674104,0.0974398084,,0.0021364839,,,0.0,-0.327048666,-0.174207298,-0.116784044,-1.010451005,-0.830218829,-0.25723279,-0.016172221,-0.149707855,0.046987627,,0.0031201986,-1.22113214,-0.022283177,-0.379957434,0.0758699839,0.8473217394,-0.959745355,-0.464624979,0.0074541458,,-0.142551108,,-0.429184459,-0.862250088,-0.401630972,24.494472428,0.6196480308,0.6804548788,1.6139056464,0.3720646881,3.0,5.3400943159,,28.286089996,,3.7959341237,0.5147307788,0.7364167266,0.0300646086,0.327904245,0.3263309025,0.0334809038,-0.756217862,-0.316058615,-0.31558162,0.0,0.0,,0.2770900851,-0.478745829,,19.806613181,1.2897695403,0.0092241458,-0.040156709,0.9747826208,0.0303420709,,1448971.77143297,0.71142947,0.01447413,0.51720224,0.00104479,0.00091262,,,,,,,,,,,,,,0.03427435,0.03072684,0.50724719,0.34060071,0.6467658,0.7097428865,,96,-1.683616276,-1.210117181,-1.599130858,-1.495116742
20090227,20090228,270371.0,01W,CHN,0.358204,2009,2,20090123,20090131,76.632268007,0.3917805113,76.632268007,,,,0.0331515479,0.4254082446,-0.460166946,,,,,,,,,-0.465583058,-0.934956174,-0.956041051,-0.955074191,-0.077676183,-0.897728589,-1.019253562,-0.184549735,-0.026377768,-0.000265577,-0.222359632,0.0999069518,-0.322266584,-0.162574244,0.0021461185,-0.164720362,-0.005830974,-0.020546794,-0.027117262,-0.91732208,-20.32943835,0.0143229833,-0.378816667,,-34.01791615,-1.980896577,0.0050657503,0.0,-0.004669286,-0.46904235,-0.504835872,-0.489589145,-0.526950632,0.260160635,0.6578403484,0.0317674104,0.0974398084,,0.0028087326,,,0.0,-0.260254075,-0.15187732,-0.116784044,-1.009847897,-0.82445004,-0.3347313,-0.013665585,-0.225423182,0.0476603279,,0.0031201986,-1.22113214,-0.022283177,-0.379957434,0.1253216937,0.7445769257,-0.959745355,-0.453110223,0.0074541458,,-0.202446045,,-0.460056345,-0.847859017,-0.465601319,36.613888616,0.764888041,0.6673239029,1.6139056464,0.3691730693,3.0,5.3400943159,,19.3014136,,3.7959341237,0.5147307788,0.7109814716,0.0194183546,0.3180063116,0.3160093548,0.0324065757,-0.660571958,-0.327091537,-0.326643493,0.0,0.0,,0.2630044313,-0.458060613,,19.791426677,1.2705857579,0.1819504202,0.0253009897,0.9667952583,0.0389765124,,1358046.62697846,0.78757977,0.01581613,0.79645135,0.00093078,0.00077891,0.0168335,,,,,,,,,,,,,0.03754475,0.03080975,0.50048071,0.35189215,0.6437224,0.7253627831,,97,-1.658942678,-1.243407577,-1.566150911,-1.506131223
20090331,20090331,270371.0,01W,CHN,0.25385,2009,3,20090227,20090228,104.0822212,0.5321176953,104.0822212,,,,0.3582035859,0.2048041583,-0.415231269,,,,,,,,,-0.465583058,-0.934956174,-0.956041051,-0.955074191,-0.077676183,-0.897728589,-1.019253562,-0.184549735,-0.026377768,-0.000265577,-0.222359632,0.0999069518,-0.322266584,-0.162574244,0.0021461185,-0.164720362,-0.005830974,-0.020546794,-0.027117262,-0.91732208,-20.32943835,0.0143229833,-0.378816667,,-34.01791615,-1.980896577,0.0050657503,0.0,-0.004669286,-0.46904235,-0.504835872,-0.489589145,-0.526950632,0.260160635,0.6578403484,0.0317674104,0.0974398084,,0.0028087326,,,0.0,-0.260254075,-0.15187732,-0.116784044,-1.009847897,-0.82445004,-0.3347313,-0.013665585,-0.225423182,0.0476603279,,0.0031201986,-1.22113214,-0.022283177,-0.379957434,0.1253216937,0.7445769257,-0.959745355,-0.453110223,0.0074541458,,-0.202446045,,-0.460056345,-0.847859017,-0.465601319,36.613888616,0.764888041,0.6673239029,1.6139056464,0.3691730693,3.0,5.3400943159,,19.3014136,,3.7959341237,0.5147307788,0.5234719441,0.0142970868,0.2341374407,0.2326671481,0.0238598808,-0.4863571,-0.240826589,-0.24049671,0.0,0.0,,0.2067337335,-0.360056978,,19.670612184,1.2927913067,-0.046554381,-0.602672538,0.9664785031,0.0393967626,0.00048853,1682680.64176953,0.82267907,0.01989815,0.73849585,0.00074931,0.00068647,0.01509471,0.03174003,-0.20481588,0.20958586,0.57819191,0.03361806,-0.21793402,0.03412157,-0.18205442,0.05148521,0.05273722,0.03383689,-0.68353946,0.03586614,0.03152446,0.42765175,0.47794118,0.64031016,0.7315476565,1.4074544202,98,-1.654030628,-1.244331467,-1.567319677,-1.49634798
20090410,20090430,270371.0,01W,CHN,0.120571,2009,4,20090331,20090331,130.50345741,0.66719559,130.50345741,,,,0.2538496576,0.4032301371,0.1569349775,-0.076515377,,,,,,,,-0.465583058,-0.934956174,-0.956041051,-0.955074191,-0.077676183,-0.897728589,-1.019253562,-0.184549735,-0.026377768,-0.000265577,-0.222359632,0.0999069518,-0.322266584,-0.162574244,0.0021461185,-0.164720362,-0.005830974,-0.020546794,-0.027117262,-0.91732208,-20.32943835,0.0143229833,-0.378816667,,-34.01791615,-1.980896577,0.0050657503,0.0,-0.004669286,-0.46904235,-0.504835872,-0.489589145,-0.526950632,0.260160635,0.6578403484,0.0317674104,0.0974398084,,0.0028087326,,,0.0,-0.260254075,-0.15187732,-0.116784044,-1.009847897,-0.82445004,-0.3347313,-0.013665585,-0.225423182,0.0476603279,,0.0031201986,-1.22113214,-0.022283177,-0.379957434,0.1253216937,0.7445769257,-0.959745355,-0.453110223,0.0074541458,,-0.202446045,,-0.460056345,-0.847859017,-0.465601319,36.613888616,0.764888041,0.6673239029,1.6139056464,0.3691730693,3.0,5.3400943159,,19.3014136,,3.7959341237,0.5147307788,0.4174917949,0.0114025527,0.1867348604,0.1855622376,0.0190292996,-0.387891082,-0.192069749,-0.191806656,0.0,0.0,,0.1714302057,-0.29857073,,19.602327984,1.3022053513,0.0718469353,0.0221409946,0.9664534233,0.0391756987,0.00076373,2012930.89134617,0.78579579,0.02218832,0.677487,0.00068732,0.00068984,0.00895027,0.02682745,-0.14493946,0.25931874,0.61330931,0.02680488,0.09100367,0.02431386,0.13866963,0.05011685,0.05144674,0.02862886,-0.02466426,0.03044643,0.03110303,0.44946025,0.59926639,0.63554157,0.7344349879,1.3911998282,99,-1.653908195,-1.24595011,-1.569777254,-1.505053672
20090527,20090531,270371.0,01W,CHN,0.198524,2009,5,20090410,20090430,146.23844817,0.7476403281,146.23844817,,,,0.1205714475,0.702983101,1.50791975,-0.050196333,,,,,,,,-0.783758412,0.1286264433,-0.245897002,-0.376286538,-0.085127258,-0.885074098,-0.997664911,-0.017673591,0.0,0.0,-3.383725243,0.6185051445,-4.002230387,0.0260029695,-0.420288021,0.4462909906,-0.317360428,0.3173604284,0.0,,-14.22445246,0.0380807697,0.0260792505,,,,-0.495104447,0.0,-0.495104447,-3.434092923,-0.97335692,-3.116732495,-0.8834045,-0.292710461,3.6502088872,0.0861221624,,,0.0082035701,,,1.0,-0.768941982,0.0144193388,0.0734895545,-0.966850425,,-25.66419517,-0.700941532,-24.73122734,-0.229952804,,0.0719734318,0.1238253473,-0.086761181,-0.250809447,1.6601768195,0.9366688171,-0.943319322,-0.736954288,0.0082346461,,0.0056394185,,-0.09399924,-3.408013673,0.3743725433,,0.8382875299,0.7399652234,3.4757960339,0.1020166709,3.0,15.02133948,-26.16754836,,,2.7851428967,0.4732385395,0.079134874,,0.1440857811,0.1434365926,0.0191660878,-0.279195129,-0.007438618,-0.007500732,0.0,0.0,,,-0.235861555,,,1.3057622361,0.0670481701,0.1776669673,0.9530001776,0.0180666458,,2397898.32546294,0.65848726,0.0249586,0.5949318,0.00063296,0.00073261,,,,,,,,,,,,,,0.02133758,0.03094205,0.4667318,0.6715208,0.63419258,0.7386432064,,100,-1.694577142,-1.330358913,-1.722523691,-1.613586477
20090630,20090630,270371.0,01W,CHN,0.26096,2009,6,20090527,20090531,175.2703173,0.8960650169,175.2703173,,0.0,-5.82867e-16,0.1985241877,0.4050281257,1.29914493,0.1159224951,,,,-0.273909126,0.0718684046,,,-0.783758412,0.1286264433,-0.245897002,-0.376286538,-0.085127258,-0.885074098,-0.997664911,-0.017673591,0.0,0.0,-3.383725243,0.6185051445,-4.002230387,0.0260029695,-0.420288021,0.4462909906,-0.317360428,0.3173604284,0.0,,-14.22445246,0.0380807697,0.0260792505,,,,-0.495104447,0.0,-0.495104447,-3.434092923,-0.97335692,-3.116732495,-0.8834045,-0.292710461,3.6502088872,0.0861221624,,,0.0082035701,,,1.0,-0.768941982,0.0144193388,0.0734895545,-0.966850425,,-25.66419517,-0.700941532,-24.73122734,-0.229952804,,0.0719734318,0.1238253473,-0.086761181,-0.250809447,1.6601768195,0.9366688171,-0.943319322,-0.736954288,0.0082346461,,0.0056394185,,-0.09399924,-3.408013673,0.3743725433,,0.8382875299,0.7399652234,3.4757960339,0.1020166709,3.0,15.02133948,-26.16754836,,,2.7851428967,0.4732385395,0.0660269311,,0.1202193352,0.1196776787,0.0159914068,-0.232949098,-0.006206481,-0.006258307,0.0,0.0,,,-0.200969161,0.0266477341,,1.3124382541,0.0785573664,0.3118016468,0.7418886377,0.0179688848,,2991691.76967479,0.81043382,0.0272494,0.65452651,0.00060778,0.00078412,0.03257966,,,,,,,,,,,,,0.04536363,0.03096599,0.50481506,0.89150552,0.63092592,0.7401360421,,101,-1.691711108,-1.334262013,-1.725007466,-1.605949904
20090731,20090731,270371.0,01W,CHN,0.268005,2009,7,20090630,20090630,221.00877206,1.1299016976,221.00877206,,0.0,-4.44089e-16,0.2609595022,0.3430319838,1.3629836925,0.948232448,0.5551113446,-0.435650249,,0.2191055052,0.0756733134,-0.02837862,,-0.783758412,0.1286264433,-0.245897002,-0.376286538,-0.085127258,-0.885074098,-0.997664911,-0.017673591,0.0,0.0,-3.383725243,0.6185051445,-4.002230387,0.0260029695,-0.420288021,0.4462909906,-0.317360428,0.3173604284,0.0,,-14.22445246,0.0380807697,0.0260792505,,,,-0.495104447,0.0,-0.495104447,-3.434092923,-0.97335692,-3.116732495,-0.8834045,-0.292710461,3.6502088872,0.0861221624,,,0.0082035701,,,1.0,-0.768941982,0.0144193388,0.0734895545,-0.966850425,,-25.66419517,-0.700941532,-24.73122734,-0.229952804,,0.0719734318,0.1238253473,-0.086761181,-0.250809447,1.6601768195,0.9366688171,-0.943319322,-0.736954288,0.0082346461,,0.0056394185,,-0.09399924,-3.408013673,0.3743725433,,0.8382875299,0.7399652234,3.4757960339,0.1020166709,3.0,15.02133948,-26.16754836,,,2.7851428967,0.4732385395,0.0523624518,,0.0953395688,0.0949100098,0.0126819352,-0.184739556,-0.004922031,-0.00496313,0.0,0.0,,,-0.162983213,0.0336257764,,1.3317258891,0.0686184072,0.2434648817,0.7419197594,0.2171316615,0.00058637,3686064.66164461,0.73164558,0.02806998,0.59888597,0.00060167,0.00078108,0.01286928,0.02648656,0.32646345,-0.20256018,-0.73301875,0.02499864,0.23648711,0.0228257,0.49536534,0.0499632,0.05054515,0.02650594,0.33779879,0.03455931,0.03087426,0.56489294,0.9827666,0.62426351,0.7664550765,1.4344529716,102,-1.691918814,-1.333820009,-1.725043731,-1.608775258
20090831,20090831,270371.0,01W,CHN,-0.189138,2009,8,20090731,20090731,280.24020191,1.4327208686,280.24020191,,0.0,-2.22045e-16,0.2680048819,0.5112904631,1.8840171093,3.2471845218,0.6085010022,-0.460166946,-0.290062311,-0.046239435,0.1042409785,0.0315558454,,-0.750705505,0.1286264433,3.4897380391,-0.39614263,-0.238857965,-0.896010854,-0.996413956,-0.01993381,0.0,0.0,-2.992439422,1.3010204703,-4.293459892,-0.005787052,-0.439234293,0.4334472412,-0.385102406,0.3851024056,0.0253276569,,-14.22445246,0.0174694465,-0.018305266,,,,-0.495104447,0.0,-0.538131622,-3.405018665,-0.97307738,-3.01991626,-0.863023816,-0.354340735,3.6694208033,0.0982163867,,,0.0124306242,,,2.0,-0.962279906,-0.006701926,0.0734895545,-0.966850425,0.0820996564,,-0.062166877,,-0.0414625,,0.0719734318,0.1238253473,-0.086761181,-0.250809447,0.3866500226,0.3114951515,-0.943319322,-0.853415812,0.0043550369,,-0.004563402,,-0.094208358,-3.423323931,0.4469561195,,0.8385931517,0.4950818698,3.4757960339,0.1184289425,3.0,15.02133948,-25.70078112,,,2.7851428967,0.4732385395,0.0412034857,,0.0750901913,0.0745780063,0.010140049,-0.144180351,-0.003881713,-0.003918236,0.0,0.0,,,-0.131263508,0.030338576,,1.3415331736,0.085848473,1.2235360402,0.7361516853,0.2395276718,0.00064215,4446466.86041787,0.76278733,0.02661548,0.57350478,0.00066804,0.00077243,0.0075986,0.02038777,0.14811873,-0.1199764,0.0610701,0.02026185,0.30888029,0.02129492,0.31333977,0.0457365,0.05063495,0.02533233,-0.18141011,0.03027001,0.03051394,0.61190968,1.0,0.62205314,0.7787013379,1.3173336081,103,-1.696937471,-1.371653464,-1.725028234,-1.610790416
20090930,20090930,270371.0,01W,CHN,-0.08215,2009,9,20090831,20090831,227.23617086,1.1617391148,227.23617086,,0.0,-1.11022e-16,-0.189137856,0.5989028046,1.6924886755,3.4059058849,1.1384687082,-0.415231269,-0.196139028,-0.313500756,0.1155466967,,,-0.750705505,0.1286264433,3.4897380391,-0.39614263,-0.238857965,-0.896010854,-0.996413956,-0.01993381,0.0,0.0,-2.992439422,1.3010204703,-4.293459892,-0.005787052,-0.439234293,0.4334472412,-0.385102406,0.3851024056,0.0253276569,,-14.22445246,0.0174694465,-0.018305266,,,,-0.495104447,0.0,-0.538131622,-3.405018665,-0.97307738,-3.01991626,-0.863023816,-0.354340735,3.6694208033,0.0982163867,,,0.0124306242,,,2.0,-0.962279906,-0.006701926,0.0734895545,-0.966850425,0.0820996564,,-0.062166877,,-0.0414625,,0.0719734318,0.1238253473,-0.086761181,-0.250809447,0.3866500226,0.3114951515,-0.943319322,-0.853415812,0.0043550369,,-0.004563402,,-0.094208358,-3.423323931,0.4469561195,,0.8385931517,0.4950818698,3.4757960339,0.1184289425,3.0,15.02133948,-25.70078112,,,2.7851428967,0.4732385395,0.0508144153,,0.0926053731,0.0919737182,0.0125052687,-0.177811175,-0.004787143,-0.004832185,0.0,0.0,,,-0.159302556,0.03144346,,1.2911605505,0.0433252519,1.2305188547,0.7479746689,0.2105139139,0.00060337,5053976.8123812,0.7070605,0.02509113,0.5984205,0.00071672,0.00073462,0.01297355,0.02972058,-0.02130635,0.37797722,1.16393667,0.02818266,0.38692725,0.02827764,0.42997412,0.0376773,0.05086589,0.03398729,0.4300432,0.02925447,0.030079,0.58774066,0.79848215,0.62575504,0.7883831226,1.0836814047,104,-1.696911567,-1.369869199,-1.725023054,-1.606523648
20091030,20091031,270371.0,01W,CHN,0.155017,2009,10,20090930,20090930,208.5687403,1.0663023533,208.5687403,,0.0,-1.11022e-16,-0.082149908,0.0281771567,0.7412272086,2.0635841502,1.5258634105,0.1569349775,-0.485803191,-0.421583356,0.1464042829,,,-0.750705505,0.1286264433,3.4897380391,-0.39614263,-0.238857965,-0.896010854,-0.996413956,-0.01993381,0.0,0.0,-2.992439422,1.3010204703,-4.293459892,-0.005787052,-0.439234293,0.4334472412,-0.385102406,0.3851024056,0.0253276569,,-14.22445246,0.0174694465,-0.018305266,,,,-0.495104447,0.0,-0.538131622,-3.405018665,-0.97307738,-3.01991626,-0.863023816,-0.354340735,3.6694208033,0.0982163867,,,0.0124306242,,,2.0,-0.962279906,-0.006701926,0.0734895545,-0.966850425,0.0820996564,,-0.062166877,,-0.0414625,,0.0719734318,0.1238253473,-0.086761181,-0.250809447,0.3866500226,0.3114951515,-0.943319322,-0.853415812,0.0043550369,,-0.004563402,,-0.094208358,-3.423323931,0.4469561195,,0.8385931517,0.4950818698,3.4757960339,0.1184289425,3.0,15.02133948,-25.70078112,,,2.7851428967,0.4732385395,0.0553624342,,0.1008937886,0.1002055989,0.0136245219,-0.193725726,-0.005215604,-0.005264678,0.0,0.0,,,-0.172261935,0.0411293271,,1.2864361716,0.2491879335,1.1592165347,0.748282936,0.2491512267,0.0014855,5026484.58583754,0.69932465,0.02272892,0.65010801,0.0008147,0.00075812,0.01113202,0.02106415,0.16883826,0.29643213,0.89208795,0.02057663,0.49956345,0.01670097,0.15691179,0.03322095,0.05040502,0.02752327,0.11846726,0.02789296,0.02933283,0.49689188,0.73288691,0.62078887,0.8009875143,0.9966727794,105,-1.696989165,-1.366439122,-1.725038573,-1.607495157
20091130,20091130,270371.0,01W,CHN,0.092483,2009,11,20091030,20091031,240.90052533,1.2315977778,240.90052533,,0.0,-2.22045e-16,0.1550174057,-0.255750107,0.4262236977,1.7216829897,3.0081211134,1.50791975,-0.699594375,0.2223254079,0.1402853736,,,-0.794566215,0.1286264433,-0.245897002,-0.305434534,-0.679592253,-0.886319983,-0.99126172,-0.013496063,0.0,0.0,-3.835544415,1.3240900669,-5.159634482,-0.028482293,3.45985e-05,-0.028516891,-1.498039074,1.4980390736,0.0077579982,,-14.22445246,0.0305394106,0.0715397882,,,,-2.705288308,0.0,-2.705288308,-3.627222793,-0.999415546,-2.129183719,-0.586658011,-0.56676563,3.8134403092,0.0878556073,,,0.0066780576,,,3.0,-1.065821571,-0.008105737,0.0734895545,-0.966850425,0.0791875638,,-0.092656596,,-0.076484375,,0.0719734318,0.1238253473,-0.086761181,-0.250809447,0.3783697021,0.2683472095,-0.943319322,-0.730457416,0.0062738267,,0.0146966894,,-0.002121185,-3.555683005,0.4270632743,,0.8388970261,0.5547760633,3.6486706344,0.096040944,3.0,15.02133948,-25.77234678,,,2.7851428967,0.4732385395,0.0465806358,,0.0311821539,0.0308710857,0.0120064991,-0.16905715,-9.8806e-05,-0.000221604,0.0,0.0,,,-0.16066604,0.050235017,,1.2999593158,0.2714872226,0.4536891972,0.7290918678,0.26896667,0.00090244,5068879.60450169,0.68853327,0.02232393,0.65923708,0.00080581,0.00072463,0.00838304,0.02193457,0.68684309,-0.05543172,-0.84165366,,,,,0.03458475,0.05035177,0.02209481,0.49855821,0.02558213,0.02773356,0.41106026,0.84649714,0.61709471,0.7964705258,1.1102205518,106,-1.63083957,-1.078582734,-1.719956486,-1.584159123
20091231,20091231,270371.0,01W,CHN,-0.021492,2009,12,20091130,20091130,263.17979127,1.3454999554,263.17979127,,0.0,4.440892e-16,0.0924832601,0.0601328319,0.3744513563,1.3145213712,2.7874117811,1.29914493,-0.639788249,0.1661446578,0.1335888829,,,-0.794566215,0.1286264433,-0.245897002,-0.305434534,-0.679592253,-0.886319983,-0.99126172,-0.013496063,0.0,0.0,-3.835544415,1.3240900669,-5.159634482,-0.028482293,3.45985e-05,-0.028516891,-1.498039074,1.4980390736,0.0077579982,,-14.22445246,0.0305394106,0.0715397882,,,,-2.705288308,0.0,-2.705288308,-3.627222793,-0.999415546,-2.129183719,-0.586658011,-0.56676563,3.8134403092,0.0878556073,,,0.0066780576,,,3.0,-1.065821571,-0.008105737,0.0734895545,-0.966850425,0.0791875638,,-0.092656596,,-0.076484375,,0.0719734318,0.1238253473,-0.086761181,-0.250809447,0.3783697021,0.2683472095,-0.943319322,-0.730457416,0.0062738267,,0.0146966894,,-0.002121185,-3.555683005,0.4270632743,,0.8388970261,0.5547760633,3.6486706344,0.096040944,3.0,15.02133948,-25.77234678,,,2.7851428967,0.4732385395,0.0426373909,,0.0285424546,0.0282577196,0.010990099,-0.154745758,-9.0442e-05,-0.000202844,0.0,0.0,,,-0.147438763,0.045224837,,1.2969544856,0.3598855308,0.3329959605,0.7808397149,0.2686606296,0.00078434,5243878.7869036,0.57899325,0.02226219,0.53165606,0.00077489,0.00070533,0.01212135,0.01714963,0.68941394,-0.24706543,0.91713714,0.01786,0.60362409,0.0177957,0.37550306,0.04181031,0.05031457,0.02937041,-0.36478917,0.00481313,0.02719247,0.53087521,0.92478396,0.61694586,0.8524997533,1.3691407879,107,-1.63854689,-1.079449624,-1.719965369,-1.603365494
20100129,20100131,270371.0,01W,CHN,-0.09341,2010,1,20091231,20091231,257.52346201,1.3165821166,257.52346201,,0.0,2.220446e-16,-0.021492263,0.2618371809,0.1908115177,1.0166499532,2.5481738411,1.3629836925,-0.467797376,0.0331515479,0.1286212637,,,-0.794566215,0.1286264433,-0.245897002,-0.305434534,-0.679592253,-0.886319983,-0.99126172,-0.013496063,0.0,0.0,-3.835544415,1.3240900669,-5.159634482,-0.028482293,3.45985e-05,-0.028516891,-1.498039074,1.4980390736,0.0077579982,,-14.22445246,0.0305394106,0.0715397882,,,,-2.705288308,0.0,-2.705288308,-3.627222793,-0.999415546,-2.129183719,-0.586658011,-0.56676563,3.8134403092,0.0878556073,,,0.0066780576,,,3.0,-1.065821571,-0.008105737,0.0734895545,-0.966850425,0.0791875638,,-0.092656596,,-0.076484375,,0.0719734318,0.1238253473,-0.086761181,-0.250809447,0.3783697021,0.2683472095,-0.943319322,-0.730457416,0.0062738267,,0.0146966894,,-0.002121185,-3.555683005,0.4270632743,,0.8388970261,0.5547760633,3.6486706344,0.096040944,3.0,15.02133948,-25.77234678,,,2.7851428967,0.4732385395,0.0435738925,,0.0291693704,0.0288783814,0.0112314891,-0.158144644,-9.2428e-05,-0.0002073,0.0,0.0,,,-0.150586261,0.0414487472,,1.2792130198,0.2233921384,-0.205433352,0.7692673867,0.2597156684,0.00127183,4833642.86125348,0.60678802,0.01950853,0.55616306,0.00087724,0.00075374,0.00944386,0.01688282,0.12775831,-0.06138879,0.84701404,0.01761275,0.19842576,0.01796472,0.16982299,0.02868389,0.04909587,0.02241728,-0.17847115,0.00488406,0.02640228,0.54758982,0.90490826,0.61937126,0.8593888071,0.9644619654,108,-1.630913907,-1.079229967,-1.719965369,-1.592517099
20100226,20100228,270371.0,01W,CHN,0.03574,2010,2,20100129,20100131,233.46822793,1.1936003473,233.46822793,,0.0,4.440892e-16,-0.093409874,0.0690033227,-0.081061674,0.7609832793,2.3605094656,1.8840171093,-0.394743798,0.3582035859,0.0875654947,,,-0.789830768,0.1286264433,-0.245897002,-0.356184696,-0.879688785,-0.896234256,-0.991762682,-0.014712224,0.0,0.0,-3.721771539,1.7391993866,-5.460970925,-0.030775686,-0.010211383,-0.020564303,-1.844433539,1.844433539,0.0113502624,,-14.22445246,0.0381010327,-0.053961481,,,,-0.495104447,0.0,-4.073156968,-3.482003054,-0.973441982,-1.637569515,-0.457805146,-0.665237947,3.789390545,0.0880246305,,,0.0078409803,,,4.0,-1.152050049,-0.009097863,0.0734895545,-0.966850425,0.0164113413,,-0.087362822,,-0.073697237,,0.0719734318,0.1238253473,-0.086761181,-0.250809447,0.3621384114,0.2259837166,-0.943319322,-0.743150951,0.0080076648,,-0.011341043,,-0.094998059,-3.535964536,0.3650582867,,0.8386313895,0.4960412387,3.4200444222,0.0999808632,3.0,15.02133948,-25.82037988,,,2.7851428967,0.4732385395,0.0490468717,,0.0139168671,0.0135322916,0.012429753,-0.175440715,-0.004659358,-0.004782369,0.0,0.0,,,-0.171112455,0.0420229908,,1.2759235157,0.3491849363,-0.785011984,0.7770228748,0.2730741454,0.00202053,4077879.82427677,0.56988776,0.01658857,0.53705043,0.00106078,0.00084624,0.01211096,0.01541777,0.54062437,0.04318094,0.44314151,0.01569206,0.60449132,0.0160026,0.52700368,0.01827835,0.03098215,0.01837652,0.00645787,0.00559497,0.02541689,0.54528926,0.82038089,0.61755918,0.8385134605,0.6337199359,109,-1.620161331,-1.162910211,-1.725017865,-1.411538548
20100331,20100331,270371.0,01W,CHN,0.005407,2010,3,20100226,20100228,241.81245111,1.236259975,241.81245111,,0.0,0.0,0.0357402943,-0.112894547,0.0274254624,0.3320465868,1.2431134274,1.6924886755,-0.232404483,0.2538496576,0.0677373707,,,-0.789830768,0.1286264433,-0.245897002,-0.356184696,-0.879688785,-0.896234256,-0.991762682,-0.014712224,0.0,0.0,-3.721771539,1.7391993866,-5.460970925,-0.030775686,-0.010211383,-0.020564303,-1.844433539,1.844433539,0.0113502624,,-14.22445246,0.0381010327,-0.053961481,,,,-0.495104447,0.0,-4.073156968,-3.482003054,-0.973441982,-1.637569515,-0.457805146,-0.665237947,3.789390545,0.0880246305,,,0.0078409803,,,4.0,-1.152050049,-0.009097863,0.0734895545,-0.966850425,0.0164113413,,-0.087362822,,-0.073697237,,0.0719734318,0.1238253473,-0.086761181,-0.250809447,0.3621384114,0.2259837166,-0.943319322,-0.743150951,0.0080076648,,-0.011341043,,-0.094998059,-3.535964536,0.3650582867,,0.8386313895,0.4960412387,3.4200444222,0.0999808632,3.0,15.02133948,-25.82037988,,,2.7851428967,0.4732385395,0.0473544111,,0.0134366377,0.0130653327,0.0120008394,-0.169386781,-0.004498577,-0.004617344,0.0,0.0,,,-0.165284027,0.0346793326,,1.279087936,0.1681544835,-1.091902661,0.7475570481,0.2349272942,,3354240.50318842,0.5963866,0.01370213,0.55704645,0.00130558,0.00095052,0.0068051,,,,,,,,,,,,,0.00580995,0.02374662,0.69026415,0.84970155,0.61681565,0.861190663,,110,-1.62057284,-1.161302851,-1.725043731,-1.409408855
20100430,20100430,270371.0,01W,CHN,-0.109019,2010,4,20100331,20100331,243.11994801,1.2429445195,243.11994801,,0.0,0.0,0.0054070702,-0.061008076,0.1593897089,0.0941305581,0.8529198836,0.7412272086,0.0961607155,0.1205714475,0.0572678819,,,-0.789830768,0.1286264433,-0.245897002,-0.356184696,-0.879688785,-0.896234256,-0.991762682,-0.014712224,0.0,0.0,-3.721771539,1.7391993866,-5.460970925,-0.030775686,-0.010211383,-0.020564303,-1.844433539,1.844433539,0.0113502624,,-14.22445246,0.0381010327,-0.053961481,,,,-0.495104447,0.0,-4.073156968,-3.482003054,-0.973441982,-1.637569515,-0.457805146,-0.665237947,3.789390545,0.0880246305,,,0.0078409803,,,4.0,-1.152050049,-0.009097863,0.0734895545,-0.966850425,0.0164113413,,-0.087362822,,-0.073697237,,0.0719734318,0.1238253473,-0.086761181,-0.250809447,0.3621384114,0.2259837166,-0.943319322,-0.743150951,0.0080076648,,-0.011341043,,-0.094998059,-3.535964536,0.3650582867,,0.8386313895,0.4960412387,3.4200444222,0.0999808632,3.0,15.02133948,-25.82037988,,,2.7851428967,0.4732385395,0.0470997395,,0.0133643756,0.0129950675,0.011936299,-0.168475821,-0.004474384,-0.004592512,0.0,0.0,,,-0.164406535,0.0296860176,,1.2836542542,0.1839982124,-0.864445486,0.7478579377,0.2185203925,0.00134183,3408549.91082365,0.58613683,0.01363276,0.56088965,0.00127042,0.00101161,0.0089445,0.01596235,0.00472272,0.2343284,0.7234501,0.01656739,-0.15147773,0.01583971,-0.6004489,0.0223338,0.03081611,0.01750661,-0.6321746,0.00502922,0.0226979,0.69057205,0.85429594,0.61316281,0.8669264554,0.8481451525,111,-1.625355055,-1.155734341,-1.725023054,-1.420374772
20100531,20100531,270371.0,01W,CHN,-0.261081,2010,5,20100430,20100430,216.61514716,1.1074394026,216.61514716,,0.0,0.0,-0.109019441,0.0413406148,0.0092130255,-0.132458704,0.6624899338,0.4262236977,0.3916150968,0.1985241877,0.0293093702,,,-0.027888419,-0.010525979,6.0940112959,-0.171886915,-1.0,-0.927362532,-0.764836538,-0.005179859,0.0,0.0,-0.021092823,0.6634359139,-0.684528736,-0.024841174,-4.056071e-06,-0.024837118,-1.872997048,1.8729970477,0.0038142599,,-1.64920526,0.0746058815,-0.170509132,,,,-3.976867285,0.0,-3.976867285,-0.200866996,-0.281507699,1.6721300521,2.3434287056,-2.043209803,0.6178970801,0.243034801,,,0.0256844188,,,5.0,-0.689582762,-0.014897728,-0.013700489,4.3496151891,-0.169510053,,0.9429730586,,1.6439145902,,0.41306244,1.0322505311,0.3412156946,-1.124732886,0.2831603103,2.8422647613,3.5654204391,-0.361019035,0.0725252414,,-0.165753902,1.0051813472,0.9144069672,-0.371376128,1.0084062076,,4.2713616489,0.7590890558,1.3040151793,0.5115522538,8.0,-8.078047594,-9.958972019,,,-0.221144415,1.6375491597,0.0519345987,,0.0,-0.00133391,0.0128029667,0.0370574121,0.0474893589,0.0471918828,0.0,0.0,,,-0.019313032,,,1.2751761435,0.0180874679,-2.398119675,0.7403038394,0.6948797835,0.00099428,3460751.23710376,0.53497665,0.01389134,0.50698435,0.00126288,0.00100929,0.01074675,0.02192606,0.80043323,-0.11823226,0.35610038,0.02173106,0.71099187,0.02228306,0.85518801,0.02881715,0.04166501,0.02448653,0.37147641,0.0051235,0.02257855,0.67260205,0.76116108,0.60830327,0.8650775833,1.1066565382,112,1.0156904271,1.2291647923,0.2867831794,0.3545930959
20100630,20100630,270371.0,01W,CHN,-0.003908,2010,6,20100531,20100531,160.0611256,0.8183084131,160.0611256,,0.0,0.0,-0.261080641,-0.104201847,-0.176930926,-0.046740022,0.2358917955,0.3744513563,0.7419663194,0.2609595022,-0.018148825,-0.202794041,,-0.027888419,-0.010525979,6.0940112959,-0.171886915,-1.0,-0.927362532,-0.764836538,-0.005179859,0.0,0.0,-0.021092823,0.6634359139,-0.684528736,-0.024841174,-4.056071e-06,-0.024837118,-1.872997048,1.8729970477,0.0038142599,,-1.64920526,0.0746058815,-0.170509132,,,,-3.976867285,0.0,-3.976867285,-0.200866996,-0.281507699,1.6721300521,2.3434287056,-2.043209803,0.6178970801,0.243034801,,,0.0256844188,,,5.0,-0.689582762,-0.014897728,-0.013700489,4.3496151891,-0.169510053,,0.9429730586,,1.6439145902,,0.41306244,1.0322505311,0.3412156946,-1.124732886,0.2831603103,2.8422647613,3.5654204391,-0.361019035,0.0725252414,,-0.165753902,1.0051813472,0.9144069672,-0.371376128,1.0084062076,,4.2713616489,0.7590890558,1.3040151793,0.5115522538,8.0,-8.078047594,-9.958972019,,,-0.221144415,1.6375491597,0.0702845285,,0.0,-0.001805217,0.0173266089,0.0501508205,0.0642686625,0.0638660799,0.0,0.0,,,-0.026149201,,,1.3139839343,-0.054316893,-1.160448808,0.7479473826,0.6329503542,0.00167959,2864224.86357492,0.5084439,0.01226352,0.47278593,0.00148511,0.00104216,0.00741928,0.02274725,0.86410859,0.26094497,1.32229384,0.02042227,1.11268227,0.0199173,0.6870582,0.02817709,0.04917255,0.03209346,0.56791391,0.00687008,0.02151122,0.71843248,0.56243665,0.61198981,0.8313854187,1.0867755026,113,1.0405522647,1.2155793553,0.2931810076,0.3840135862
20100730,20100731,270371.0,01W,CHN,0.11884,2010,7,20100630,20100630,159.43565843,0.8151107282,159.43565843,,0.0,0.0,-0.003907677,-0.341637217,-0.378460027,-0.232573753,-0.27577026,0.1908115177,1.1845431422,0.2680048819,-0.042868148,0.0561262022,,-0.027888419,-0.010525979,6.0940112959,-0.171886915,-1.0,-0.927362532,-0.764836538,-0.005179859,0.0,0.0,-0.021092823,0.6634359139,-0.684528736,-0.024841174,-4.056071e-06,-0.024837118,-1.872997048,1.8729970477,0.0038142599,,-1.64920526,0.0746058815,-0.170509132,,,,-3.976867285,0.0,-3.976867285,-0.200866996,-0.281507699,1.6721300521,2.3434287056,-2.043209803,0.6178970801,0.243034801,,,0.0256844188,,,5.0,-0.689582762,-0.014897728,-0.013700489,4.3496151891,-0.169510053,,0.9429730586,,1.6439145902,,0.41306244,1.0322505311,0.3412156946,-1.124732886,0.2831603103,2.8422647613,3.5654204391,-0.361019035,0.0725252414,,-0.165753902,1.0051813472,0.9144069672,-0.371376128,1.0084062076,,4.2713616489,0.7590890558,1.3040151793,0.5115522538,8.0,-8.078047594,-9.958972019,,,-0.221144415,1.6375491597,0.0705602552,,0.0,-0.001812299,0.0173945813,0.0503475625,0.0645207889,0.0641166269,0.0,0.0,,,-0.026251971,,,1.2935595339,-0.622314186,-1.092293827,0.7512795944,0.5456201188,0.00121347,2677029.02496866,0.60768811,0.01221562,0.58327997,0.0014821,0.00111552,0.01141088,0.03520305,0.70590348,-0.04562664,0.77043281,0.03292115,0.34236332,0.03659564,0.65756936,0.04592661,0.05123573,0.03715464,0.20437201,0.01183338,0.02194902,0.67961104,0.56023883,0.59783354,0.8068778016,1.7334004558,114,1.0554403822,1.212582772,0.291777034,0.3931799635
20100831,20100831,270371.0,01W,CHN,-0.003281,2010,8,20100730,20100731,178.3830066,0.9119785614,178.3830066,,0.0,0.0,0.1188400911,-0.2639681,-0.317099119,-0.338168075,-0.431074994,-0.081061674,2.3329822499,-0.189137856,-0.014870153,0.059415241,,-0.043736227,-0.108448972,6.5686979491,-0.199278435,-1.0,-0.932024119,-0.764836538,-0.006332216,0.0,0.0,-0.02018476,0.6197586925,-0.639943453,-0.023093345,1.94949e-05,-0.02311284,-1.905774669,1.9057746688,0.0038866417,,-1.64920526,0.0375270129,0.9308864867,,,,-3.976867285,0.0,-4.066230751,-0.163744917,-0.213241694,1.7420297519,2.2686101147,-2.055430796,-0.537698684,0.2243132267,,,0.010540691,,,6.0,-0.634056712,-0.026651465,-0.013700489,32.981471089,-0.280235867,,-0.023893024,,0.0382738521,,0.41306244,1.0322505311,0.3412156946,-1.124732886,-0.062539337,-0.4827649,3.5654204391,0.7335896917,0.0358857229,,0.8901730238,1.0049061389,0.9316290679,0.7671415697,1.0258374259,,4.2719981953,0.4906786216,1.4076274418,0.4479308799,8.0,-8.078047594,-6.77767537,,,-0.221144415,1.6375491597,0.0618997106,,0.0,-0.000652466,0.0142024482,0.0475318067,0.0576675697,0.0572332919,0.0,0.0,,,0.0475168443,,,1.2767733891,-0.537327124,-0.346240304,0.7544092858,0.2905029459,0.0014618,2562757.91531847,0.64810849,0.01230681,0.5808752,0.0014003,0.00123773,0.01015057,0.01361787,1.50434072,-0.490481,0.53431534,0.01246803,1.05170776,0.01206218,0.95980133,0.02679942,0.05013132,0.01892241,-0.30757194,0.01215567,0.02138186,0.66431044,0.62681767,0.5924456,0.7913854958,1.0381959143,115,0.9986816652,0.9259791633,0.3200594252,0.3922916741
20100930,20100930,270371.0,01W,CHN,0.038406,2010,9,20100831,20100831,177.79770929,0.9089862438,177.79770929,,0.0,-1.38778e-16,-0.003281127,0.1144680254,-0.26230843,-0.322200972,-0.214988503,0.0274254624,1.235965194,-0.082149908,-0.007700264,,,-0.043736227,-0.108448972,6.5686979491,-0.199278435,-1.0,-0.932024119,-0.764836538,-0.006332216,0.0,0.0,-0.02018476,0.6197586925,-0.639943453,-0.023093345,1.94949e-05,-0.02311284,-1.905774669,1.9057746688,0.0038866417,,-1.64920526,0.0375270129,0.9308864867,,,,-3.976867285,0.0,-4.066230751,-0.163744917,-0.213241694,1.7420297519,2.2686101147,-2.055430796,-0.537698684,0.2243132267,,,0.010540691,,,6.0,-0.634056712,-0.026651465,-0.013700489,32.981471089,-0.280235867,,-0.023893024,,0.0382738521,,0.41306244,1.0322505311,0.3412156946,-1.124732886,-0.062539337,-0.4827649,3.5654204391,0.7335896917,0.0358857229,,0.8901730238,1.0049061389,0.9316290679,0.7671415697,1.0258374259,,4.2719981953,0.4906786216,1.4076274418,0.4479308799,8.0,-8.078047594,-6.77767537,,,-0.221144415,1.6375491597,0.06210348,,0.0,-0.000654614,0.0142492017,0.047688278,0.0578574072,0.0574216998,0.0,0.0,,,0.0476733688,,,1.2708746413,-0.724606415,-0.449528981,0.7436395312,0.2818740859,0.0012758,2607453.16742797,0.60915109,0.01291439,0.52170563,0.00132353,0.00136243,0.00644156,0.00859327,0.10101378,0.24435688,0.85223881,0.00845455,-0.08250034,0.00819728,0.23233874,0.02013741,0.02416896,0.01671705,-0.40377919,0.01177831,0.0196387,0.87164622,0.62611763,0.59400892,0.8360415579,0.830321093,116,1.0173609129,0.9303643055,0.3213990533,0.3989200994
20101029,20101031,270371.0,01W,CHN,-0.022119,2010,10,20100930,20100930,184.62623008,0.9438968818,184.62623008,,0.0,2.498002e-16,0.0384061236,0.1151690345,-0.268683172,-0.309586366,-0.147534242,0.1593897089,0.9981656194,0.1550174057,-0.018301289,,,-0.043736227,-0.108448972,6.5686979491,-0.199278435,-1.0,-0.932024119,-0.764836538,-0.006332216,0.0,0.0,-0.02018476,0.6197586925,-0.639943453,-0.023093345,1.94949e-05,-0.02311284,-1.905774669,1.9057746688,0.0038866417,,-1.64920526,0.0375270129,0.9308864867,,,,-3.976867285,0.0,-4.066230751,-0.163744917,-0.213241694,1.7420297519,2.2686101147,-2.055430796,-0.537698684,0.2243132267,,,0.010540691,,,6.0,-0.634056712,-0.026651465,-0.013700489,32.981471089,-0.280235867,,-0.023893024,,0.0382738521,,0.41306244,1.0322505311,0.3412156946,-1.124732886,-0.062539337,-0.4827649,3.5654204391,0.7335896917,0.0358857229,,0.8901730238,1.0049061389,0.9316290679,0.7671415697,1.0258374259,,4.2719981953,0.4906786216,1.4076274418,0.4479308799,8.0,-8.078047594,-6.77767537,,,-0.221144415,1.6375491597,0.0598065425,,0.0,-0.000630402,0.0137221857,0.0459244961,0.0557175135,0.055297921,0.0,0.0,,,0.0459090261,,,1.2717963269,-0.683199486,-0.471356185,0.775495288,0.288053957,0.00109189,2522689.78771941,0.63704099,0.01324792,0.5381528,0.00127673,0.00131675,0.00919963,0.01339815,0.84778175,-0.1457928,0.98392752,0.01446758,0.90610307,0.01342416,0.71942458,0.0215935,0.0413882,0.01671449,0.05267147,0.01220325,0.01905421,0.94995701,0.65016438,0.59010139,0.8327927037,0.9216551681,117,1.0280482677,0.9162125738,0.3162300519,0.4145891782
20101130,20101130,270371.0,01W,CHN,0.060538,2010,11,20101029,20101031,180.54242969,0.9230185567,180.54242969,,0.0,1.665335e-16,-0.022119286,0.0349989811,-0.147676271,-0.209201904,-0.23359972,0.0092130255,1.652174543,0.0924832601,-0.028719703,,,-0.018419628,-0.176764746,1.731871518,-0.293368061,-1.0,-0.934395565,-0.764836538,-0.009172529,0.0,0.0,-0.008222397,-0.63345873,0.6252363336,-0.016987731,7.53645e-05,-0.017063095,-0.681985015,0.6819850145,0.0038962569,,-1.64920526,0.0362293187,0.8821568651,,,,-3.976867285,0.0,-1.601684226,-0.088051915,-0.105265602,0.5939330999,0.7100439065,-2.161901642,-0.577928154,0.2141673413,,,0.0132482235,,,7.0,0.596970914,-0.023884982,-0.013700489,4.3496151891,-0.220427773,,-0.03036902,,0.0622875761,,0.41306244,1.0322505311,0.3412156946,-1.124732886,-0.200882447,-0.485588972,3.5654204391,0.779477833,0.0355619882,,0.8659078642,1.0046579547,0.9245256798,0.7941049505,0.926646865,,4.2808917106,0.5591240382,1.362547246,0.5108711609,8.0,-8.078047594,-8.38614744,,,-0.287993461,1.6688404358,0.061008415,,0.0,-0.000808253,0.0131886037,0.0510319386,0.0564038464,0.0559562257,0.0,0.0,,,0.0484862736,,,1.2426551375,-0.563479383,-0.256696231,0.7547620046,0.2856103898,0.00107173,2220296.97538866,0.55068474,0.01252853,0.51394466,0.00132121,0.00131847,0.00743714,0.01156017,0.00139377,0.29063175,0.07782989,0.00822185,0.34552953,0.00878009,0.58262129,0.01473232,0.02194147,0.01574518,-0.54557306,0.01234046,0.01821927,0.94013491,0.63578321,0.58612123,0.8241300568,0.6421501587,118,0.958027464,0.8714307505,0.1254847056,0.4216269244
20101231,20101231,270371.0,01W,CHN,-0.062764,2010,12,20101130,20101130,191.47216669,0.9788965577,191.47216669,,0.0,1.665335e-16,0.0605383289,0.0154373215,0.1279592656,-0.253378274,-0.313995847,-0.176930926,1.7314591427,-0.021492263,-0.021262376,,,-0.018419628,-0.176764746,1.731871518,-0.293368061,-1.0,-0.934395565,-0.764836538,-0.009172529,0.0,0.0,-0.008222397,-0.63345873,0.6252363336,-0.016987731,7.53645e-05,-0.017063095,-0.681985015,0.6819850145,0.0038962569,,-1.64920526,0.0362293187,0.8821568651,,,,-3.976867285,0.0,-1.601684226,-0.088051915,-0.105265602,0.5939330999,0.7100439065,-2.161901642,-0.577928154,0.2141673413,,,0.0132482235,,,7.0,0.596970914,-0.023884982,-0.013700489,4.3496151891,-0.220427773,,-0.03036902,,0.0622875761,,0.41306244,1.0322505311,0.3412156946,-1.124732886,-0.200882447,-0.485588972,3.5654204391,0.779477833,0.0355619882,,0.8659078642,1.0046579547,0.9245256798,0.7941049505,0.926646865,,4.2808917106,0.5591240382,1.362547246,0.5108711609,8.0,-8.078047594,-8.38614744,,,-0.287993461,1.6688404358,0.0575258936,,0.0,-0.000762116,0.0124357634,0.0481189008,0.0531841659,0.0527620966,0.0,0.0,,,0.0457164381,,,1.2400006366,-0.652481018,-0.317276963,0.7526940016,0.2749478134,0.00062682,2755663.03519125,0.72346606,0.0149742,0.6545275,0.00105183,0.00126439,0.0097196,0.02050727,1.18526731,-0.27282174,1.0663373,0.01846193,1.19578988,0.02183203,0.97629886,0.03773147,0.04956927,0.02773011,-0.25396323,0.01070472,0.01848438,0.88477207,0.69340228,0.59003394,0.8156058648,1.6576276557,119,0.9446455063,0.8606924803,0.1253101182,0.4224740395
20110131,20110131,270371.0,01W,CHN,-0.033162,2011,1,20101231,20101231,179.45467436,0.9174574354,179.45467436,,0.0,0.0,-0.062763651,0.0370799783,0.2009369082,-0.212437448,-0.256486515,-0.378460027,1.8269183337,-0.093409874,-0.018476356,,,-0.018419628,-0.176764746,1.731871518,-0.293368061,-1.0,-0.934395565,-0.764836538,-0.009172529,0.0,0.0,-0.008222397,-0.63345873,0.6252363336,-0.016987731,7.53645e-05,-0.017063095,-0.681985015,0.6819850145,0.0038962569,,-1.64920526,0.0362293187,0.8821568651,,,,-3.976867285,0.0,-1.601684226,-0.088051915,-0.105265602,0.5939330999,0.7100439065,-2.161901642,-0.577928154,0.2141673413,,,0.0132482235,,,7.0,0.596970914,-0.023884982,-0.013700489,4.3496151891,-0.220427773,,-0.03036902,,0.0622875761,,0.41306244,1.0322505311,0.3412156946,-1.124732886,-0.200882447,-0.485588972,3.5654204391,0.779477833,0.0355619882,,0.8659078642,1.0046579547,0.9245256798,0.7941049505,0.926646865,,4.2808917106,0.5591240382,1.362547246,0.5108711609,8.0,-8.078047594,-8.38614744,,,-0.287993461,1.6688404358,0.0613782144,,0.0,-0.000813152,0.0132685457,0.0513412661,0.0567457354,0.0562954015,0.0,0.0,,,0.0487804098,,,1.2419153385,-0.398399043,-0.324000877,0.7405695882,0.289078167,0.00195361,2577588.68220641,0.72301271,0.0139251,0.65875909,0.0011356,0.00130292,0.00538046,0.01120436,1.15745552,-0.21434491,0.83499253,0.01033189,0.91360059,0.01183858,1.534422,0.02066367,0.05189777,0.01942827,0.53517459,0.00699775,0.01812348,0.86452174,0.6883148,0.5904555,0.81335461,0.9180229921,120,0.9486901558,0.8534875557,0.1286563329,0.4237851477
20110228,20110228,270371.0,01W,CHN,0.045718,2011,2,20110131,20110131,173.50364957,0.8870329733,173.50364957,,0.0,1.665335e-16,-0.033161715,-0.006024929,0.0060076785,-0.171550666,-0.231352908,-0.317099119,1.2550370821,0.0357402943,-0.024740175,,,-0.038933685,-0.228728184,1.8008943265,-0.327578718,-1.0,-0.926008885,-0.764836538,-0.009064142,0.0,0.0,-0.052727173,-1.08684139,1.0341142174,-0.005912345,0.0108568792,-0.016769225,-0.295241099,0.2952410986,-0.003899637,,-1.64920526,0.0340974456,0.8873596652,,,,-3.976867285,0.0,-0.144331849,-0.038158749,-0.042560091,0.2570823499,0.2867349838,-2.187512977,-0.645822299,0.199340876,,,0.0262872187,,,8.0,0.9777360029,-0.014698771,-0.013700489,4.3496151891,-0.240850031,,-0.029667829,,0.057694993,,0.41306244,1.0322505311,0.3412156946,-1.124732886,-0.28452755,-0.444904967,3.5654204391,0.8161383951,0.0327699064,,0.8528114832,1.0,0.9347439735,0.8492009164,1.0297420321,,4.2762504601,0.494722566,1.3823626934,0.452145664,7.0,-8.078047594,-8.105926499,,,-0.334930214,1.6326712494,0.0634284123,,0.0,-0.001667357,0.0128999828,0.0568689773,0.0592893261,0.0588257055,0.0,0.0,,,0.0539534254,,,1.2353134973,-0.394740649,-0.293601785,0.7290261558,0.2830542402,0.00317186,2442720.68740616,0.79975647,0.0130574,0.74353981,0.00123298,0.0013269,0.00778282,0.01183039,0.61754913,-0.36432281,0.82134567,0.00902197,0.23909507,0.01029903,0.66513191,0.0177714,0.03320855,0.01762975,-0.42999478,0.00809132,0.01789598,0.88343333,0.6654891,0.59080903,0.8051765939,0.7920681255,121,0.9133179767,0.6958692579,0.1710965075,0.3880869604
20110331,20110331,270371.0,01W,CHN,0.025837,2011,3,20110228,20110228,181.43590621,0.9275864326,181.43590621,,0.0,1.110223e-16,0.0457180968,-0.093844016,-0.024151378,0.0839836901,-0.282486701,-0.26230843,1.4133871678,0.0054070702,-0.021075536,,,-0.038933685,-0.228728184,1.8008943265,-0.327578718,-1.0,-0.926008885,-0.764836538,-0.009064142,0.0,0.0,-0.052727173,-1.08684139,1.0341142174,-0.005912345,0.0108568792,-0.016769225,-0.295241099,0.2952410986,-0.003899637,,-1.64920526,0.0340974456,0.8873596652,,,,-3.976867285,0.0,-0.144331849,-0.038158749,-0.042560091,0.2570823499,0.2867349838,-2.187512977,-0.645822299,0.199340876,,,0.0262872187,,,8.0,0.9777360029,-0.014698771,-0.013700489,4.3496151891,-0.240850031,,-0.029667829,,0.057694993,,0.41306244,1.0322505311,0.3412156946,-1.124732886,-0.28452755,-0.444904967,3.5654204391,0.8161383951,0.0327699064,,0.8528114832,1.0,0.9347439735,0.8492009164,1.0297420321,,4.2762504601,0.494722566,1.3823626934,0.452145664,7.0,-8.078047594,-8.105926499,,,-0.334930214,1.6326712494,0.0606553645,,0.0,-0.001594461,0.0123360042,0.0543827036,0.0566972364,0.056253885,0.0,0.0,,,0.0515908507,,,1.2318201736,-0.322357442,-0.15155706,0.7244932199,0.2868783542,0.00203871,2351768.40900209,0.86068266,0.01252183,0.8031917,0.00129397,0.00132762,0.00492838,0.0068726,1.77481853,-0.23703405,0.77041686,,,,,0.01324694,0.02345425,0.01079276,-0.11409889,0.00830499,0.01774826,0.88670459,0.695914,0.59007567,0.7972140413,0.5919113907,122,0.9138871341,0.6792356328,0.1697734992,0.3958721627
20110429,20110430,270371.0,01W,CHN,0.032518,2011,4,20110331,20110331,186.12365574,0.9515524322,186.12365574,,0.0,4.440892e-16,0.025836945,0.0110402911,-0.017279906,0.1379882518,-0.253718555,-0.268683172,1.6234102314,-0.109019441,-0.008815865,,,-0.038933685,-0.228728184,1.8008943265,-0.327578718,-1.0,-0.926008885,-0.764836538,-0.009064142,0.0,0.0,-0.052727173,-1.08684139,1.0341142174,-0.005912345,0.0108568792,-0.016769225,-0.295241099,0.2952410986,-0.003899637,,-1.64920526,0.0340974456,0.8873596652,,,,-3.976867285,0.0,-0.144331849,-0.038158749,-0.042560091,0.2570823499,0.2867349838,-2.187512977,-0.645822299,0.199340876,,,0.0262872187,,,8.0,0.9777360029,-0.014698771,-0.013700489,4.3496151891,-0.240850031,,-0.029667829,,0.057694993,,0.41306244,1.0322505311,0.3412156946,-1.124732886,-0.28452755,-0.444904967,3.5654204391,0.8161383951,0.0327699064,,0.8528114832,1.0,0.9347439735,0.8492009164,1.0297420321,,4.2762504601,0.494722566,1.3823626934,0.452145664,7.0,-8.078047594,-8.105926499,,,-0.334930214,1.6326712494,0.0591276857,,0.0,-0.001554302,0.012025307,0.0530130094,0.0552692479,0.0548370628,0.0,0.0,,,0.0502894499,,,1.2238248715,-0.357705411,-0.419408265,0.74693138,0.2843228284,0.00106515,2384524.66524659,0.8187047,0.01264681,0.76425229,0.00127856,0.00130702,0.00758775,0.00852012,-0.22775877,0.09568085,0.59942924,0.00800817,0.16271767,0.00663062,0.37054326,0.0125243,0.01655247,0.01025579,-0.72846422,0.0078187,0.01731216,0.9089135,0.73721701,0.58774961,0.7842627421,0.5692680139,123,0.9303656805,0.6943905749,0.1691573964,0.3967194524
20110530,20110531,270371.0,01W,CHN,-0.091385,2011,5,20110429,20110430,192.17593448,0.9824945526,192.17593448,,0.0,2.498002e-16,0.0325175149,0.0727362577,0.0309136532,0.0433934223,-0.140763431,-0.147676271,1.1547153551,-0.261080641,0.0178748767,,,-0.024660254,-0.220398833,-0.40323124,-0.333467396,-1.0,-0.12938309,2.1924832254,-0.008532224,0.0,0.0,-0.021014033,0.2645412387,-0.285555271,-0.002565091,0.0003606135,-0.002925704,0.0,0.0,-0.003910699,,-0.538547721,0.0720524319,0.1511279752,,,,0.0,0.0,0.0,-0.219151432,-1.004172726,-0.219151432,-1.004172726,-2.38319338,0.265070714,0.1945873084,,,0.0246291825,,,0.0,-0.281366961,0.0393688751,-0.000447841,3.2334843278,-0.185079468,,-0.130952011,,-1.07392507,,0.1716140326,0.2997974457,0.4598221711,0.3733485679,-0.362168706,-1.159692199,0.7032952786,-0.066345981,0.0702756006,,0.1474011209,,0.0009106588,-0.068023456,-0.913496308,,4.2765102566,0.7891500793,1.3094620157,0.5080345899,4.0,-3.38054952,-11.93373933,,,-0.172121953,1.6217993368,0.0570955845,,0.0,-0.001406218,0.0112505283,-0.012460584,5.19946e-05,-0.000148106,0.0,0.0,,,-0.003889308,,,1.2193946681,-0.328563447,-0.050589559,0.7923971234,0.1946330723,0.00081699,2502674.32457156,0.80402609,0.01304929,0.75548103,0.00120944,0.00130071,0.00815326,0.01644562,0.64265503,-0.28086103,0.81296276,0.01588091,1.11306558,0.01504946,0.50785206,0.02592062,0.03875674,0.02069204,-0.40802016,0.00804628,0.01683313,0.94121162,0.89706863,0.58771435,0.7840224567,1.1976159731,124,-0.210726031,-0.57466625,-0.791393317,0.6672481433
20110630,20110630,270371.0,01W,CHN,0.071989,2011,6,20110530,20110531,174.61398441,0.8927095318,174.61398441,,0.0,6.106227e-16,-0.091384752,0.0591946131,0.0036755619,0.0808684502,0.2006409037,0.1279592656,0.2480929276,-0.003907677,0.0099224153,-0.138928119,,-0.024660254,-0.220398833,-0.40323124,-0.333467396,-1.0,-0.12938309,2.1924832254,-0.008532224,0.0,0.0,-0.021014033,0.2645412387,-0.285555271,-0.002565091,0.0003606135,-0.002925704,0.0,0.0,-0.003910699,,-0.538547721,0.0720524319,0.1511279752,,,,0.0,0.0,0.0,-0.219151432,-1.004172726,-0.219151432,-1.004172726,-2.38319338,0.265070714,0.1945873084,,,0.0246291825,,,0.0,-0.281366961,0.0393688751,-0.000447841,3.2334843278,-0.185079468,,-0.130952011,,-1.07392507,,0.1716140326,0.2997974457,0.4598221711,0.3733485679,-0.362168706,-1.159692199,0.7032952786,-0.066345981,0.0702756006,,0.1474011209,,0.0009106588,-0.068023456,-0.913496308,,4.2765102566,0.7891500793,1.3094620157,0.5080345899,4.0,-3.38054952,-11.93373933,,,-0.172121953,1.6217993368,0.0628380215,,0.0,-0.001547649,0.0123820598,-0.013713818,5.7224e-05,-0.000163002,0.0,0.0,,,-0.004281085,,,1.2026168056,-0.120807848,-0.203357104,0.8042982811,0.2910281015,0.00081667,2161035.46588737,0.83077592,0.0113362,0.775459,0.00137873,0.00123422,0.00930525,0.01719816,-0.00467746,0.2261249,1.44492587,0.01717304,0.40437269,0.01560162,-0.19334861,0.02214633,0.05017686,0.02269939,0.26831429,0.00817436,0.01604765,0.87459576,0.81509024,0.58761397,0.7910089386,1.0935715124,125,-0.196436334,-0.573009307,-0.78456907,0.6715002116
20110729,20110731,270371.0,01W,CHN,0.038548,2011,7,20110630,20110630,187.18431259,0.9569750132,187.18431259,,0.0,1.665335e-16,0.0719892408,-0.061838842,-0.026974443,-0.054229812,0.0952003217,0.2009369082,0.4397974779,0.1188400911,0.0056632471,0.1653546864,,-0.024660254,-0.220398833,-0.40323124,-0.333467396,-1.0,-0.12938309,2.1924832254,-0.008532224,0.0,0.0,-0.021014033,0.2645412387,-0.285555271,-0.002565091,0.0003606135,-0.002925704,0.0,0.0,-0.003910699,,-0.538547721,0.0720524319,0.1511279752,,,,0.0,0.0,0.0,-0.219151432,-1.004172726,-0.219151432,-1.004172726,-2.38319338,0.265070714,0.1945873084,,,0.0246291825,,,0.0,-0.281366961,0.0393688751,-0.000447841,3.2334843278,-0.185079468,,-0.130952011,,-1.07392507,,0.1716140326,0.2997974457,0.4598221711,0.3733485679,-0.362168706,-1.159692199,0.7032952786,-0.066345981,0.0702756006,,0.1474011209,,0.0009106588,-0.068023456,-0.913496308,,4.2765102566,0.7891500793,1.3094620157,0.5080345899,4.0,-3.38054952,-11.93373933,,,-0.172121953,1.6217993368,0.0586181456,,0.0,-0.001443717,0.0115505449,-0.012792869,5.33811e-05,-0.000152055,0.0,0.0,,,-0.003993174,,,1.2025663717,-0.261878816,0.0163988398,0.7818184584,0.2470950616,0.00177448,2173024.54861408,0.82716445,0.0114275,0.7688357,0.00134521,0.00126724,0.00840027,0.01246374,0.85343015,-0.33469793,0.93199672,0.01277496,0.73854299,0.01341511,0.85652899,0.02219842,0.03974557,0.01675028,-0.1541482,0.00809523,0.01358007,0.95005983,0.87376797,0.59943534,0.761869454,1.2055943711,126,-0.18781982,-0.566430805,-0.781800003,0.6851978277
20110831,20110831,270371.0,01W,CHN,0.059978,2011,8,20110729,20110731,194.3998774,0.9938644039,194.3998774,,0.0,0.0,0.0385479141,-0.02597423,0.0788494251,0.0367884874,0.0493393746,0.0060076785,0.822872141,-0.003281127,0.0094658873,-0.040041763,,0.0005920975,-0.208286775,-0.667613048,-0.368269599,-1.0,-0.12938309,10.294997583,-0.009364525,0.0,0.0,-0.029955295,0.307866247,-0.337821542,0.0045574966,0.0004587921,0.0040987045,0.0,0.0,-0.003884342,,-0.538547721,0.0318774995,0.1122078341,,,,0.0,0.0,0.0,-0.213182581,-1.004260423,-0.213182581,-1.004260423,-2.48335959,0.2825202207,0.1815992047,,,0.0365239991,,,0.0,-0.333920434,-0.00650694,-0.000447841,1.5157364383,-0.18714885,,-0.022063399,,0.0018296255,,0.1845022466,0.3894899,0.3970107545,0.3548509966,-0.297881204,-0.259749107,0.7032952786,-0.101034533,0.0318963741,,0.1122742721,,0.0009043948,-0.100974746,-0.930724673,,4.2765102566,0.4980577306,1.4078787202,0.4733813441,4.0,-3.38054952,-12.06870301,,,-0.14281122,1.6432198639,0.0568333401,,0.0,-0.002075781,0.0103178357,-0.012064478,5.13998e-05,-8.1055e-05,0.0,0.0,,,-0.005750669,,,1.1958467425,-0.124719169,0.2466434023,0.7752159502,0.2677403612,0.00131597,2373756.56788562,0.73288512,0.01242391,0.68403786,0.00118195,0.00124686,0.00593562,0.01123826,0.83454512,-0.72447077,0.29022121,0.01134098,1.07796058,0.00880907,0.14283002,0.02215235,0.03833379,0.01747483,-0.76787864,0.00649067,0.01342363,0.93979513,0.9074499,0.59494737,0.7592076135,1.2144713504,127,-0.643015861,-1.022501636,-1.213546298,0.6726015325
20110930,20110930,270371.0,01W,CHN,-0.092892,2011,9,20110831,20110831,206.05957636,1.0534743168,206.05957636,,0.0,3.885781e-16,0.0599779131,0.1133121901,0.0714520707,0.015290529,0.0933767267,-0.024151378,0.8263137606,0.0384061236,0.011426959,,,0.0005920975,-0.208286775,-0.667613048,-0.368269599,-1.0,-0.12938309,10.294997583,-0.009364525,0.0,0.0,-0.029955295,0.307866247,-0.337821542,0.0045574966,0.0004587921,0.0040987045,0.0,0.0,-0.003884342,,-0.538547721,0.0318774995,0.1122078341,,,,0.0,0.0,0.0,-0.213182581,-1.004260423,-0.213182581,-1.004260423,-2.48335959,0.2825202207,0.1815992047,,,0.0365239991,,,0.0,-0.333920434,-0.00650694,-0.000447841,1.5157364383,-0.18714885,,-0.022063399,,0.0018296255,,0.1845022466,0.3894899,0.3970107545,0.3548509966,-0.297881204,-0.259749107,0.7032952786,-0.101034533,0.0318963741,,0.1122742721,,0.0009043948,-0.100974746,-0.930724673,,4.2765102566,0.4980577306,1.4078787202,0.4733813441,4.0,-3.38054952,-12.06870301,,,-0.14281122,1.6432198639,0.0536174758,,0.0,-0.001958325,0.0097340101,-0.01138182,4.84914e-05,-7.6469e-05,0.0,0.0,,,-0.005424634,,,1.1858322765,0.0839428127,1.6382403873,0.7978821503,0.3116610204,0.00084336,2725728.88735433,0.71537692,0.01413914,0.67467986,0.00104399,0.00119017,0.0062025,0.0215495,1.07955445,-0.48743253,0.76804339,0.02217918,1.24943678,0.02276002,1.19846897,0.03616988,0.05046792,0.02416321,0.2311404,0.0062472,0.01467813,1.03623433,0.96187685,0.58982961,0.7839149547,1.9048052342,128,-0.635882616,-1.026550075,-1.214594135,0.660866364
20111031,20111031,270371.0,01W,CHN,0.053408,2011,10,20110930,20110930,186.9183603,0.955615339,186.9183603,,0.0,0.0,-0.09289166,0.1008378507,0.1071111597,0.1482541599,0.1160904724,-0.017279906,0.774353076,-0.022119286,0.0049931069,,,0.0005920975,-0.208286775,-0.667613048,-0.368269599,-1.0,-0.12938309,10.294997583,-0.009364525,0.0,0.0,-0.029955295,0.307866247,-0.337821542,0.0045574966,0.0004587921,0.0040987045,0.0,0.0,-0.003884342,,-0.538547721,0.0318774995,0.1122078341,,,,0.0,0.0,0.0,-0.213182581,-1.004260423,-0.213182581,-1.004260423,-2.48335959,0.2825202207,0.1815992047,,,0.0365239991,,,0.0,-0.333920434,-0.00650694,-0.000447841,1.5157364383,-0.18714885,,-0.022063399,,0.0018296255,,0.1845022466,0.3894899,0.3970107545,0.3548509966,-0.297881204,-0.259749107,0.7032952786,-0.101034533,0.0318963741,,0.1122742721,,0.0009043948,-0.100974746,-0.930724673,,4.2765102566,0.4980577306,1.4078787202,0.4733813441,4.0,-3.38054952,-12.06870301,,,-0.14281122,1.6432198639,0.0591081279,,0.0,-0.002158865,0.0107308131,-0.012547366,5.34571e-05,-8.43e-05,0.0,0.0,,,-0.005981341,,,1.1773647408,0.004205314,1.1265096491,0.7745509487,0.3362546469,0.00032603,3361798.56369398,0.80554636,0.01688645,0.74912773,0.00079207,0.00102134,0.0107695,0.03223755,0.55671212,0.08738057,1.90193001,0.0323304,0.20946144,0.03373533,0.35890245,0.04074475,0.04936898,0.03429639,0.07897527,0.0066326,0.0169182,1.01807385,0.82718623,0.58898994,0.8439105785,1.9520834,129,-0.654395031,-1.027670219,-1.215637745,0.6157163992
20111130,20111130,270371.0,01W,CHN,-0.065944,2011,11,20111031,20111031,196.9013825,1.0066532847,196.9013825,,0.0,1.94289e-16,0.0534084623,-0.038485195,-0.02735813,0.0773165911,0.0353154138,0.0309136532,0.6632947807,0.0605383289,0.0043449372,,,0.011821494,-0.19104025,-1.001581008,-0.271323412,-1.0,-0.12938309,2.1924832254,-0.005924516,0.0,0.0,-0.021036748,0.3293079488,-0.350344697,0.0070553821,0.0005169903,0.0065383918,0.0,0.0,-0.003850735,,-0.538547721,0.0308887383,0.1319576445,,,,0.0,0.0,0.0,-0.232700312,-1.116889786,-0.232700312,-1.116889786,-2.550340934,0.2735778251,0.1738507393,,,0.0387581844,,,0.0,-0.347870609,0.0050821872,-0.000447841,-1.00431911,-0.147655945,,-0.028237871,,0.0021311496,,0.1271122525,0.1627243554,0.19768632,0.3518053921,0.2695278637,-0.257291533,0.7032952786,-0.101933597,0.0312538894,,0.133517581,,0.0243536023,-0.100742668,-0.900172077,,4.2548813158,0.5701169959,1.3673003623,0.5341229488,4.0,-3.38054952,-12.22873777,,,-0.215288938,1.6647738871,0.0566010074,,0.0,-0.002193752,0.009782644,-0.011792634,0.0013784384,0.0013790873,0.0,0.0,,,-0.005714673,,,1.1776939947,0.214834255,0.7313181806,0.7827121449,0.3774929012,0.00134216,3166928.99947026,0.86868278,0.01594327,0.80689804,0.00085096,0.00102642,0.0108885,0.01728355,1.98626618,-0.36757548,0.27402047,0.01731216,1.2743833,0.01820142,1.36069549,0.02347615,0.04998738,0.01915947,0.34430256,0.00675282,0.01716996,1.0800759,0.87136498,0.59219889,0.8451393867,1.1148181194,130,-0.523981787,-0.791930164,-1.155088738,0.5985386581
20111230,20111231,270371.0,01W,CHN,-0.377032,2011,12,20111130,20111130,183.91684904,0.9402701893,183.91684904,,0.0,0.0,-0.065944349,-0.044444398,0.127638105,0.0852393366,0.0283551176,0.0036755619,0.9670317204,-0.062763651,0.0040557829,,,0.011821494,-0.19104025,-1.001581008,-0.271323412,-1.0,-0.12938309,2.1924832254,-0.005924516,0.0,0.0,-0.021036748,0.3293079488,-0.350344697,0.0070553821,0.0005169903,0.0065383918,0.0,0.0,-0.003850735,,-0.538547721,0.0308887383,0.1319576445,,,,0.0,0.0,0.0,-0.232700312,-1.116889786,-0.232700312,-1.116889786,-2.550340934,0.2735778251,0.1738507393,,,0.0387581844,,,0.0,-0.347870609,0.0050821872,-0.000447841,-1.00431911,-0.147655945,,-0.028237871,,0.0021311496,,0.1271122525,0.1627243554,0.19768632,0.3518053921,0.2695278637,-0.257291533,0.7032952786,-0.101933597,0.0312538894,,0.133517581,,0.0243536023,-0.100742668,-0.900172077,,4.2548813158,0.5701169959,1.3673003623,0.5341229488,4.0,-3.38054952,-12.22873777,,,-0.215288938,1.6647738871,0.0605970397,,0.0,-0.002348631,0.0104732989,-0.012625194,0.0014757562,0.0014764509,0.0,0.0,,,-0.006119079,,,1.2207139398,0.048351576,0.7505430264,0.7667569522,0.3716440572,0.00081744,3170295.35398899,0.7822981,0.01590434,0.72268581,0.00083407,0.00107481,0.01299707,0.01957339,-0.06385452,0.05997716,0.93244249,0.01971055,0.11793571,0.01816501,0.08317696,0.02923687,0.04938713,0.02479453,0.06659758,0.00705311,0.01707531,1.08220876,0.81390338,0.59566736,0.8861208389,1.4094742278,131,-0.529254004,-0.797224408,-1.153142829,0.5680275938
20120131,20120131,270371.0,01W,CHN,0.117877,2012,1,20111230,20111231,114.57425689,0.5857579596,114.57425689,,0.0,1.665335e-16,-0.377032298,-0.016057873,-0.017455862,-0.01185667,0.0248651905,-0.026974443,0.9365418295,-0.033161715,-0.027205179,,,0.011821494,-0.19104025,-1.001581008,-0.271323412,-1.0,-0.12938309,2.1924832254,-0.005924516,0.0,0.0,-0.021036748,0.3293079488,-0.350344697,0.0070553821,0.0005169903,0.0065383918,0.0,0.0,-0.003850735,,-0.538547721,0.0308887383,0.1319576445,,,,0.0,0.0,0.0,-0.232700312,-1.116889786,-0.232700312,-1.116889786,-2.550340934,0.2735778251,0.1738507393,,,0.0387581844,,,0.0,-0.347870609,0.0050821872,-0.000447841,-1.00431911,-0.147655945,,-0.028237871,,0.0021311496,,0.1271122525,0.1627243554,0.19768632,0.3518053921,0.2695278637,-0.257291533,0.7032952786,-0.101933597,0.0312538894,,0.133517581,,0.0243536023,-0.100742668,-0.900172077,,4.2548813158,0.5701169959,1.3673003623,0.5341229488,4.0,-3.38054952,-12.22873777,,,-0.215288938,1.6647738871,0.0972715591,,0.0,-0.003770069,0.0168119452,-0.020266209,0.0023689129,0.002370028,0.0,0.0,,,-0.009836481,,,1.3102627149,0.5754113312,0.7976785878,0.7756772161,0.3805830658,0.00134553,3128906.32472335,0.79673174,0.01602823,0.70674949,0.00081525,0.00104297,0.00739834,0.02050973,-0.08593954,-0.3323825,1.74500335,0.01945364,-0.36623528,0.01999765,-0.15503782,0.01673832,0.03191468,0.02759727,0.42005985,0.00955891,0.01856192,1.13083182,0.50703552,0.60288772,0.9551247164,0.7480738327,132,-0.560455086,-0.79328787,-1.152370229,0.4761678607
20120228,20120229,270371.0,01W,CHN,0.216833,2012,2,20120131,20120131,128.07989585,0.6548051935,128.07989585,,0.0,-1.66533e-16,0.1178767318,-0.418113497,-0.410625879,-0.403805387,-0.339643534,0.0788494251,0.5985453616,0.0457180968,-0.020645303,,,0.0194046852,-0.196034807,-0.846298142,-0.401705373,-1.0,-0.12938309,2.1924832254,-0.007331849,0.0,0.0,-0.009015919,0.3137729155,-0.322788834,0.008957317,0.000521097,0.0084362201,0.0,0.0,0.0,,-0.538547721,0.0301470543,0.106709069,,,,0.0,0.0,0.0,-0.182746282,-1.004897692,-0.182746282,-1.004897692,-2.596583679,0.2364340921,0.1619381502,,,0.0448807462,,,0.0,-0.320452528,-0.000586149,-0.000447841,-0.569497338,-0.281470201,,-0.004034245,,0.0256335841,,0.219041319,0.2438814267,0.1333546321,0.4041065764,-0.08605559,-0.245758157,0.7032952786,-0.077512692,0.0307320484,,0.1087797249,,0.0008906727,-0.076037213,-0.933853301,,4.2737349446,0.5028406412,1.3845837867,0.4864777609,5.0,-3.38054952,-12.30049938,,,-0.242143548,1.6403445196,0.0875907237,,0.0,-0.003931137,0.0140492787,-0.015928864,7.80147e-05,-1.8517e-05,0.0,0.0,,,-0.00668644,,,1.3367499243,-0.026253612,-0.165420154,0.7543623172,0.2657531488,0.00151724,3066101.32639854,0.84632401,0.0160879,0.72356038,0.00079191,0.0009922,0.01181667,0.01545464,1.29815436,-0.35838674,1.14216834,,,,,0.04166417,0.0516396,0.03001474,0.09702735,0.01255726,0.01891665,1.18120075,0.56680321,0.60102265,0.9511564954,1.7846480553,133,-0.713163046,-1.033261931,-1.166781508,0.4437581657
20120330,20120331,270371.0,01W,CHN,-0.055912,2012,3,20120228,20120229,155.85186258,0.7967886635,155.85186258,,0.0,-1.38778e-16,0.2168331458,-0.303598901,-0.378432694,-0.266496917,-0.294076357,0.0714520707,0.2272801773,0.025836945,-0.003282012,,,0.0194046852,-0.196034807,-0.846298142,-0.401705373,-1.0,-0.12938309,2.1924832254,-0.007331849,0.0,0.0,-0.009015919,0.3137729155,-0.322788834,0.008957317,0.000521097,0.0084362201,0.0,0.0,0.0,,-0.538547721,0.0301470543,0.106709069,,,,0.0,0.0,0.0,-0.182746282,-1.004897692,-0.182746282,-1.004897692,-2.596583679,0.2364340921,0.1619381502,,,0.0448807462,,,0.0,-0.320452528,-0.000586149,-0.000447841,-0.569497338,-0.281470201,,-0.004034245,,0.0256335841,,0.219041319,0.2438814267,0.1333546321,0.4041065764,-0.08605559,-0.245758157,0.7032952786,-0.077512692,0.0307320484,,0.1087797249,,0.0008906727,-0.076037213,-0.933853301,,4.2737349446,0.5028406412,1.3845837867,0.4864777609,5.0,-3.38054952,-12.30049938,,,-0.242143548,1.6403445196,0.0719825261,,0.0,-0.003230629,0.0115457725,-0.013090426,6.41129e-05,-1.5217e-05,0.0,0.0,,,-0.00549109,,,1.3168204918,0.186695353,-0.119947556,0.7578470422,0.3357989711,0.00071323,2934055.50481982,0.83279575,0.01632875,0.68234187,0.00076968,0.00092261,0.01137309,0.02331717,0.87383175,-0.55256113,-0.41413147,0.02394744,0.6978778,0.02466759,0.72938695,0.04558492,0.05074284,0.02510573,0.25871316,0.01280105,0.01977333,1.26272254,0.68970493,0.60013505,0.9991164164,1.8838684882,134,-0.771226439,-1.044704608,-1.170257365,0.3658991123
20120426,20120430,270371.0,01W,CHN,0.019178,2012,4,20120330,20120331,147.13794524,0.7522389838,147.13794524,,0.0,-1.38778e-16,-0.055911538,0.3602694603,-0.166203564,-0.167388226,-0.162643448,0.1071111597,0.0093126709,0.0325175149,-0.011321017,,,0.0194046852,-0.196034807,-0.846298142,-0.401705373,-1.0,-0.12938309,2.1924832254,-0.007331849,0.0,0.0,-0.009015919,0.3137729155,-0.322788834,0.008957317,0.000521097,0.0084362201,0.0,0.0,0.0,,-0.538547721,0.0301470543,0.106709069,,,,0.0,0.0,0.0,-0.182746282,-1.004897692,-0.182746282,-1.004897692,-2.596583679,0.2364340921,0.1619381502,,,0.0448807462,,,0.0,-0.320452528,-0.000586149,-0.000447841,-0.569497338,-0.281470201,,-0.004034245,,0.0256335841,,0.219041319,0.2438814267,0.1333546321,0.4041065764,-0.08605559,-0.245758157,0.7032952786,-0.077512692,0.0307320484,,0.1087797249,,0.0008906727,-0.076037213,-0.933853301,,4.2737349446,0.5028406412,1.3845837867,0.4864777609,5.0,-3.38054952,-12.30049938,,,-0.242143548,1.6403445196,0.076245531,,0.0,-0.003421956,0.0122295452,-0.013865678,6.79098e-05,-1.6119e-05,0.0,0.0,,,-0.005817405,,,1.2970999675,0.207554988,-0.099722135,0.7589152065,0.3585397164,0.00065944,2303010.22896622,0.64242232,0.01434072,0.60838445,0.00093143,0.00087553,0.00902845,0.03401951,0.4141169,0.2282143,0.48414447,0.03545338,0.58568392,0.03580477,0.46670896,0.04284136,0.05154748,0.03482311,-0.00883009,0.01387064,0.02210528,1.1462536,0.65114247,0.59851916,1.0453235612,1.6405060728,135,-0.83889835,-1.029661168,-1.170257365,0.2531723697
20120531,20120531,270371.0,01W,CHN,-0.070197,2012,5,20120426,20120430,149.95970588,0.766665163,149.95970588,,0.0,-3.05311e-16,0.0191776542,0.1487981331,-0.252732798,-0.243117088,-0.234358112,-0.02735813,-0.202161401,-0.091384752,-0.001269889,,,-0.1704975,-0.210284419,-0.611963419,-0.32728169,-1.0,-0.39081727,0.642746783,-0.006728748,0.0,0.0,-0.012156398,-0.19173164,0.1795752414,-0.205796659,0.0006457197,-0.206442379,0.0,0.0,0.0,,-1.859241354,0.080734617,-0.041021348,,,,0.0,0.0,0.0,-0.262993582,-0.747484261,-0.262993582,-0.747484261,-2.465735823,0.4916108553,0.1701132296,,,0.0421026929,,,0.0,-0.022286358,-0.121184252,-0.094125351,-0.768431891,-0.247464678,,-0.230416644,,-0.099464633,,0.1538017143,0.1264848284,0.2097646111,0.2199638126,0.2080364328,-0.327143505,-0.407660065,-0.252181144,0.0669695667,,-0.034027311,,-0.088844705,-0.30401493,-0.089755364,,4.1992375763,0.8816229943,1.2656197531,0.4383548035,4.0,-4.024965063,-16.92932192,,,-0.217243496,1.5668621775,0.060693844,,0.0,-0.002555374,0.0113859179,-0.021354418,-0.005392327,-0.005491832,0.0,0.0,,,-0.018499107,,,1.321622732,0.2149971056,-0.003159225,0.7791290155,0.3721210996,0.00072479,2379708.61017342,0.62423461,0.01519201,0.57724612,0.00086135,0.0008694,0.01227477,0.02219922,0.4399288,-0.32834042,0.85560876,0.02164713,0.81347776,0.02165094,0.79362662,0.02416741,0.05029692,0.02338287,0.46949909,0.01361739,0.02249554,1.12576495,0.66362986,0.59139472,1.0321017165,0.9184207234,136,-0.671994954,-0.684173359,-1.264552804,0.5047236341
20120629,20120630,270371.0,01W,CHN,0.141204,2012,6,20120531,20120531,139.43298596,0.7128475765,139.43298596,,0.0,-2.77556e-16,-0.07019699,-0.037806136,-0.184633128,-0.272250732,-0.141193036,0.127638105,-0.345846426,0.0719892408,-0.01419591,-0.105771471,,-0.1704975,-0.210284419,-0.611963419,-0.32728169,-1.0,-0.39081727,0.642746783,-0.006728748,0.0,0.0,-0.012156398,-0.19173164,0.1795752414,-0.205796659,0.0006457197,-0.206442379,0.0,0.0,0.0,,-1.859241354,0.080734617,-0.041021348,,,,0.0,0.0,0.0,-0.262993582,-0.747484261,-0.262993582,-0.747484261,-2.465735823,0.4916108553,0.1701132296,,,0.0421026929,,,0.0,-0.022286358,-0.121184252,-0.094125351,-0.768431891,-0.247464678,,-0.230416644,,-0.099464633,,0.1538017143,0.1264848284,0.2097646111,0.2199638126,0.2080364328,-0.327143505,-0.407660065,-0.252181144,0.0669695667,,-0.034027311,,-0.088844705,-0.30401493,-0.089755364,,4.1992375763,0.8816229943,1.2656197531,0.4383548035,4.0,-4.024965063,-16.92932192,,,-0.217243496,1.5668621775,0.0652760244,,0.0,-0.002748296,0.0122455162,-0.022966605,-0.005799429,-0.005906446,0.0,0.0,,,-0.019899576,,,1.3258297169,0.1939151133,-0.054330041,0.7796650342,0.3539831906,0.00090575,2149694.5156605,0.6808515,0.01491313,0.64239962,0.00088366,0.00088153,0.00735736,0.02776066,-0.13860353,-0.26853072,-1.16548918,0.02435492,0.03034771,0.02398614,-0.45274153,0.03113969,0.04791415,0.02806365,-0.10860928,0.01668125,0.0236711,1.25139625,0.61704504,0.58182501,1.0362604319,1.165592218,137,-0.6683603,-0.689504688,-1.260551128,0.5102456987
20120731,20120731,270371.0,01W,CHN,-0.210073,2012,7,20120629,20120630,159.12144764,0.8135043335,159.12144764,,0.0,1.387779e-16,0.1412037585,-0.052365549,0.2169660947,-0.254043392,-0.255103251,-0.017455862,0.1810026117,0.0385479141,-0.004863561,0.2241354534,,-0.1704975,-0.210284419,-0.611963419,-0.32728169,-1.0,-0.39081727,0.642746783,-0.006728748,0.0,0.0,-0.012156398,-0.19173164,0.1795752414,-0.205796659,0.0006457197,-0.206442379,0.0,0.0,0.0,,-1.859241354,0.080734617,-0.041021348,,,,0.0,0.0,0.0,-0.262993582,-0.747484261,-0.262993582,-0.747484261,-2.465735823,0.4916108553,0.1701132296,,,0.0421026929,,,0.0,-0.022286358,-0.121184252,-0.094125351,-0.768431891,-0.247464678,,-0.230416644,,-0.099464633,,0.1538017143,0.1264848284,0.2097646111,0.2199638126,0.2080364328,-0.327143505,-0.407660065,-0.252181144,0.0669695667,,-0.034027311,,-0.088844705,-0.30401493,-0.089755364,,4.1992375763,0.8816229943,1.2656197531,0.4383548035,4.0,-4.024965063,-16.92932192,,,-0.217243496,1.5668621775,0.0571992722,,0.0,-0.002408243,0.0107303504,-0.020124894,-0.005081852,-0.005175628,0.0,0.0,,,-0.017431412,,,1.2453995303,0.0628019516,0.3171527859,0.807953049,0.2979519651,0.00131326,2189430.61608365,0.66513816,0.01513332,0.63347756,0.00086763,0.00085746,0.01261296,0.02102397,-0.21941345,-0.29278546,1.77591124,0.0216497,-0.20546123,0.01972756,0.29738318,0.03445643,0.05137069,0.0237865,-0.24596607,0.01470931,0.02432428,1.22905002,0.70417412,0.54509069,0.9893269011,1.2653521375,138,-0.623132162,-0.683871099,-1.258021535,0.568532931
20120831,20120831,270371.0,01W,CHN,0.188599,2012,8,20120731,20120731,125.69439734,0.6426093933,125.69439734,,0.0,0.0,-0.210072563,0.0610946901,0.242360845,-0.19187237,-0.181473519,-0.410625879,-0.049638902,0.0599779131,-0.029413604,-0.039572194,,-0.180456448,-0.235427432,-0.450156985,-0.368706394,-1.0,-0.460324358,0.3832601079,-0.007227037,0.0,0.0,-0.012331846,-0.23757122,0.2252393738,-0.213648212,0.0005268511,-0.214175063,0.0,0.0,0.0,,-1.859241354,0.0351054628,-0.086149942,,,,0.0,0.0,0.0,-0.261188648,-0.745200571,-0.261188648,-0.745200571,-2.472822384,0.5167068792,0.1525708899,,,0.0503549207,,,0.0,0.0090676844,-0.182255545,-0.094125351,-0.817239356,-0.276205665,,-0.025457229,,-0.00339383,,0.1868756953,0.2450705821,0.1536402473,0.2097489333,-0.00075083,0.319573874,-0.410930793,-0.284659102,0.0287704557,,-0.070603629,,-0.08930578,-0.34733859,-0.090210175,,4.1992375763,0.4907938305,1.3618669374,0.3820921612,3.0,-4.024965063,-16.69610874,,,-0.186992976,1.5903718684,0.0720369446,,0.0,-0.003627415,0.0122007741,-0.025248548,-0.006433316,-0.006545954,0.0,0.0,,,-0.025112304,,,1.2551321138,0.2601277602,0.4524331187,0.7976204714,0.3708349822,0.00177738,2098867.32796613,0.69108088,0.0142987,0.67597498,0.00090652,0.00086976,0.00749285,0.02394031,0.45057077,0.28125137,0.0004805,0.02456778,0.68629063,0.02488921,0.63168317,0.02167438,0.04758652,0.02457661,0.30136784,0.01966919,0.02518483,1.1100709,0.55624645,0.54579505,1.0159900965,0.779302222,139,-0.945239968,-1.09547885,-1.572554981,0.5229666606
20120928,20120930,270371.0,01W,CHN,0.041406,2012,9,20120831,20120831,149.40023859,0.7638049008,149.40023859,,0.0,-4.996e-16,0.1885990288,-0.09853184,-0.193500833,-0.316569428,-0.390009435,-0.378432694,-0.067576751,-0.09289166,-0.003823541,,,-0.180456448,-0.235427432,-0.450156985,-0.368706394,-1.0,-0.460324358,0.3832601079,-0.007227037,0.0,0.0,-0.012331846,-0.23757122,0.2252393738,-0.213648212,0.0005268511,-0.214175063,0.0,0.0,0.0,,-1.859241354,0.0351054628,-0.086149942,,,,0.0,0.0,0.0,-0.261188648,-0.745200571,-0.261188648,-0.745200571,-2.472822384,0.5167068792,0.1525708899,,,0.0503549207,,,0.0,0.0090676844,-0.182255545,-0.094125351,-0.817239356,-0.276205665,,-0.025457229,,-0.00339383,,0.1868756953,0.2450705821,0.1536402473,0.2097489333,-0.00075083,0.319573874,-0.410930793,-0.284659102,0.0287704557,,-0.070603629,,-0.08930578,-0.34733859,-0.090210175,,4.1992375763,0.4907938305,1.3618669374,0.3820921612,3.0,-4.024965063,-16.69610874,,,-0.186992976,1.5903718684,0.0606065989,,0.0,-0.00305184,0.010264836,-0.021242275,-0.00541252,-0.005507286,0.0,0.0,,,-0.021115452,,,1.2829923102,0.0957215014,0.148302557,0.7722116185,0.2894341347,0.00129017,1784603.37047147,0.78004325,0.01221017,0.7571397,0.00101219,0.0009148,0.01365683,0.02361587,-0.74028861,-0.00856311,1.18826198,0.02404961,-0.73121734,0.0229661,-0.89765138,0.03895119,0.04995593,0.02421858,-0.39268075,0.02113281,0.02549193,1.05979769,0.661154,0.54530083,1.0403395132,1.3946275396,140,-0.94902511,-1.093656973,-1.570321639,0.5233113696
20121031,20121031,270371.0,01W,CHN,-0.020617,2012,10,20120928,20120930,155.58631084,0.795431037,155.58631084,,0.0,-4.16334e-16,0.04140604,-0.061093015,0.0153753225,0.3039599178,-0.200719296,-0.166203564,,0.0534084623,-0.004914671,,,-0.180456448,-0.235427432,-0.450156985,-0.368706394,-1.0,-0.460324358,0.3832601079,-0.007227037,0.0,0.0,-0.012331846,-0.23757122,0.2252393738,-0.213648212,0.0005268511,-0.214175063,0.0,0.0,0.0,,-1.859241354,0.0351054628,-0.086149942,,,,0.0,0.0,0.0,-0.261188648,-0.745200571,-0.261188648,-0.745200571,-2.472822384,0.5167068792,0.1525708899,,,0.0503549207,,,0.0,0.0090676844,-0.182255545,-0.094125351,-0.817239356,-0.276205665,,-0.025457229,,-0.00339383,,0.1868756953,0.2450705821,0.1536402473,0.2097489333,-0.00075083,0.319573874,-0.410930793,-0.284659102,0.0287704557,,-0.070603629,,-0.08930578,-0.34733859,-0.090210175,,4.1992375763,0.4907938305,1.3618669374,0.3820921612,3.0,-4.024965063,-16.69610874,,,-0.186992976,1.5903718684,0.0581968959,,0.0,-0.0029305,0.0098567087,-0.020397688,-0.005197319,-0.005288317,0.0,0.0,,,-0.020273439,,,1.2820022035,0.1225657697,0.2373516285,0.7743702576,0.3342716607,0.0011056,1564936.75451849,0.68313518,0.01074168,0.6881975,0.00114006,0.00106971,0.0143266,0.02403556,-0.12619111,-0.79275957,0.3008522,0.02383138,-0.53536349,0.02491959,-0.24658267,0.03780783,0.05168063,0.0284417,-0.12810028,0.02162129,0.0247351,1.12516731,0.73843885,0.54453666,1.0113499085,1.3816078831,141,-0.924045674,-1.096880506,-1.570022048,0.577471651
20121130,20121130,270371.0,01W,CHN,-0.099592,2012,11,20121031,20121031,152.37857029,0.7790315454,152.37857029,,0.0,-2.77556e-16,-0.020617113,0.2378142076,0.0375207789,0.214759817,-0.209826214,-0.252732798,,-0.065944349,-0.000794013,,,-0.139250102,-0.280064789,-0.611963419,-0.433869388,-1.0,-0.520548934,-0.521712703,-0.00802015,0.0,0.0,-0.018953357,-0.260512608,0.2415592504,-0.222031125,0.0002294006,-0.222260525,0.0,0.0,0.0,,-1.859241354,0.0320585996,-0.028289251,,,,0.0,0.0,0.0,-0.287114329,-0.937030194,-0.287114329,-0.937030194,-2.503932959,0.4599637078,0.1337419022,,,0.1242352169,,,0.0,0.0166113758,-0.194671324,-0.094125351,-0.82492321,-0.319644389,,-0.008584699,,0.0196531717,,0.1666305247,0.2771978425,0.1835797442,0.2005928353,-0.980964608,0.3847626533,-0.305951466,-0.271483599,0.0275944363,,-0.02434997,,-0.019294505,-0.31540358,-0.043648107,,4.1654109464,0.612653014,1.3684142829,0.4883747943,4.0,-4.024965063,-15.2861586,,,-0.249370119,1.6265120173,0.0629543887,,0.0,-0.007821152,0.0091006945,-0.019289781,-0.001214674,-0.001307526,0.0,0.0,,,-0.020012561,,,1.2822998354,0.1740943279,0.3789968619,0.7780031576,0.3499719066,0.00092601,1474196.47887057,0.68515651,0.01012023,0.69532028,0.00119434,0.00103247,0.01182165,0.02298889,0.24022771,0.58480964,0.74549101,0.02229042,-0.04905296,0.02310498,-0.1741646,0.02703089,0.04667914,0.02333763,0.09133922,0.02204991,0.02498032,1.09335624,0.72321437,0.54375862,1.0556866615,0.9823222138,142,-0.649585969,-0.883973197,-1.161121542,0.5238539067
20121231,20121231,270371.0,01W,CHN,0.084055,2012,12,20121130,20121130,137.20285678,0.7014460981,137.20285678,,0.0,0.0,-0.099592177,0.0199352539,0.0928444889,-0.022285857,-0.171481182,-0.184633128,,-0.377032298,0.0244278163,,,-0.139250102,-0.280064789,-0.611963419,-0.433869388,-1.0,-0.520548934,-0.521712703,-0.00802015,0.0,0.0,-0.018953357,-0.260512608,0.2415592504,-0.222031125,0.0002294006,-0.222260525,0.0,0.0,0.0,,-1.859241354,0.0320585996,-0.028289251,,,,0.0,0.0,0.0,-0.287114329,-0.937030194,-0.287114329,-0.937030194,-2.503932959,0.4599637078,0.1337419022,,,0.1242352169,,,0.0,0.0166113758,-0.194671324,-0.094125351,-0.82492321,-0.319644389,,-0.008584699,,0.0196531717,,0.1666305247,0.2771978425,0.1835797442,0.2005928353,-0.980964608,0.3847626533,-0.305951466,-0.271483599,0.0275944363,,-0.02434997,,-0.019294505,-0.31540358,-0.043648107,,4.1654109464,0.612653014,1.3684142829,0.4883747943,4.0,-4.024965063,-15.2861586,,,-0.249370119,1.6265120173,0.0699176385,,0.0,-0.008686233,0.0101073028,-0.021423382,-0.001349026,-0.001452149,0.0,0.0,,,-0.022245503,,,1.2840048889,0.1628405186,0.5190811369,0.7904113144,0.3498162162,0.0012573,1383222.50158632,0.5886368,0.00926898,0.56877679,0.0012667,0.00107194,0.00730721,0.01508215,-1.53823838,-0.20957041,0.58977484,0.01546643,-1.38427899,0.01547331,-1.206617,0.01128777,0.01714873,0.01605798,-1.17400571,0.01937036,0.02470906,1.14884882,0.74097936,0.54324715,1.0542125085,0.4186501501,143,-0.639329765,-0.878843393,-1.159317975,0.5476469878
20130131,20130131,270371.0,01W,CHN,0.147451,2013,1,20121231,20121231,148.73547028,0.7604062898,148.73547028,,0.0,-3.33067e-16,0.0840551995,-0.118155987,-0.137747558,-0.067522273,0.1975016073,0.2169660947,,0.1178767318,0.0213531315,,,-0.139250102,-0.280064789,-0.611963419,-0.433869388,-1.0,-0.520548934,-0.521712703,-0.00802015,0.0,0.0,-0.018953357,-0.260512608,0.2415592504,-0.222031125,0.0002294006,-0.222260525,0.0,0.0,0.0,,-1.859241354,0.0320585996,-0.028289251,,,,0.0,0.0,0.0,-0.287114329,-0.937030194,-0.287114329,-0.937030194,-2.503932959,0.4599637078,0.1337419022,,,0.1242352169,,,0.0,0.0166113758,-0.194671324,-0.094125351,-0.82492321,-0.319644389,,-0.008584699,,0.0196531717,,0.1666305247,0.2771978425,0.1835797442,0.2005928353,-0.980964608,0.3847626533,-0.305951466,-0.271483599,0.0275944363,,-0.02434997,,-0.019294505,-0.31540358,-0.043648107,,4.1654109464,0.612653014,1.3684142829,0.4883747943,4.0,-4.024965063,-15.2861586,,,-0.249370119,1.6265120173,0.0644963823,,0.0,-0.008012722,0.0093236053,-0.019762261,-0.001244426,-0.001339553,0.0,0.0,,,-0.020506704,,,1.2369096277,0.4492537814,0.2537189758,0.776344747,0.4441224559,0.00096323,1452618.00699431,0.63807868,0.00976682,0.62461057,0.00121265,0.0010401,0.01137704,0.01961532,0.53089082,0.69513709,-0.42617109,0.01983321,-0.08156018,0.01918176,0.0347874,0.03010848,0.05042808,0.01961554,0.54112268,0.01829305,0.02413233,0.90458391,0.90165259,0.54088002,0.991851934,1.1762686668,144,-0.592473494,-0.878508346,-1.166799151,0.6362783332
20130228,20130228,270371.0,01W,CHN,0.075362,2013,2,20130131,20130131,170.66670956,0.87252919,170.66670956,,0.0,-3.33067e-16,0.1474513056,-0.023908218,0.1833102623,-0.008163764,0.1612710121,0.242360845,,0.2168331458,0.0150456915,,,-0.072009831,1.1930355041,-0.908132995,-0.306552231,-1.0,0.3598480135,-0.96045101,-0.003607298,0.0,0.0,0.0599211722,-0.173644243,0.233565415,-0.201821781,0.0001865727,-0.202008353,0.0,0.0,0.0001986522,,-1.859241354,0.0334430072,-0.084558574,,,,0.0,0.0,0.0,-0.206641974,-0.726807316,-0.206641974,-0.726807316,-2.517872258,0.6702520311,0.3648940282,,,0.1126663712,,,0.0,0.029284643,-0.189423755,-0.094125351,-0.985879871,7.9079757182,,-0.006832503,,-0.002798258,,1.4355599329,-1.92728993,-0.978714429,1.4037975101,125.73214233,0.3435204741,-0.983617457,-0.270231246,0.0310347819,,-0.078469526,,-0.077672685,-0.291200548,-0.078563358,,4.1726275167,0.5423235892,1.3691226659,0.4855566293,4.0,-4.024965063,-13.96238685,,,-0.268279601,1.6147414325,0.0610005345,,0.0,-0.006872709,0.023122343,-0.017343346,-0.004738075,-0.00474473,0.0,0.0,,,-0.017886317,,,1.2438549243,0.1906376584,0.1711575294,0.7671507607,0.4111505604,0.00064884,1849963.52418227,0.67222141,0.0121585,0.63997538,0.00100365,0.00097422,0.01148686,0.02090415,-1.25721183,0.15561236,1.44502339,0.02199031,-1.25205131,0.02225093,-1.24069944,0.02956047,0.03269827,0.02092129,-1.22703603,0.01027133,0.02422118,0.7840201,1.0,0.54034865,1.0412382639,1.183135537,145,-0.986373766,-1.375334738,-1.573909444,0.618563689
20130329,20130331,270371.0,01W,CHN,0.150602,2013,3,20130228,20130228,183.5284349,0.938284432,183.5284349,,0.0,0.0,0.075361653,0.243900554,0.1423456292,0.2240052695,0.095057234,-0.193500833,,-0.055911538,0.0269796179,,,-0.072009831,1.1930355041,-0.908132995,-0.306552231,-1.0,0.3598480135,-0.96045101,-0.003607298,0.0,0.0,0.0599211722,-0.173644243,0.233565415,-0.201821781,0.0001865727,-0.202008353,0.0,0.0,0.0001986522,,-1.859241354,0.0334430072,-0.084558574,,,,0.0,0.0,0.0,-0.206641974,-0.726807316,-0.206641974,-0.726807316,-2.517872258,0.6702520311,0.3648940282,,,0.1126663712,,,0.0,0.029284643,-0.189423755,-0.094125351,-0.985879871,7.9079757182,,-0.006832503,,-0.002798258,,1.4355599329,-1.92728993,-0.978714429,1.4037975101,125.73214233,0.3435204741,-0.983617457,-0.270231246,0.0310347819,,-0.078469526,,-0.077672685,-0.291200548,-0.078563358,,4.1726275167,0.5423235892,1.3691226659,0.4855566293,4.0,-4.024965063,-13.96238685,,,-0.268279601,1.6147414325,0.0567255995,,0.0,-0.006391067,0.0215019226,-0.016127919,-0.00440603,-0.004412218,0.0,0.0,,,-0.016624776,,,1.2448824023,0.169085955,0.0575233661,0.7814359765,0.4080665553,0.0005994,2235364.53487932,0.70293754,0.01402779,0.64985871,0.00088401,0.0009675,0.01013466,0.02263371,-0.2933204,-0.31267719,1.53709588,,,,,0.0280827,0.04818793,0.02308288,-0.15798094,0.00849984,0.0241077,0.75292799,0.99194508,0.53990387,1.0203700921,1.1345407705,146,-0.961599725,-1.367161617,-1.577108741,0.6606531645
20130426,20130430,270371.0,01W,CHN,-0.120165,2013,4,20130329,20130331,211.1682047,1.0795920485,211.1682047,,0.0,-3.33067e-16,0.1506021114,0.2339251327,0.1795924327,0.1533859051,0.2473222635,0.0153753225,,0.0191776542,0.0389272959,,,-0.072009831,1.1930355041,-0.908132995,-0.306552231,-1.0,0.3598480135,-0.96045101,-0.003607298,0.0,0.0,0.0599211722,-0.173644243,0.233565415,-0.201821781,0.0001865727,-0.202008353,0.0,0.0,0.0001986522,,-1.859241354,0.0334430072,-0.084558574,,,,0.0,0.0,0.0,-0.206641974,-0.726807316,-0.206641974,-0.726807316,-2.517872258,0.6702520311,0.3648940282,,,0.1126663712,,,0.0,0.029284643,-0.189423755,-0.094125351,-0.985879871,7.9079757182,,-0.006832503,,-0.002798258,,1.4355599329,-1.92728993,-0.978714429,1.4037975101,125.73214233,0.3435204741,-0.983617457,-0.270231246,0.0310347819,,-0.078469526,,-0.077672685,-0.291200548,-0.078563358,,4.1726275167,0.5423235892,1.3691226659,0.4855566293,4.0,-4.024965063,-13.96238685,,,-0.268279601,1.6147414325,0.0493007956,,0.0,-0.005554542,0.0186875397,-0.014016939,-0.003829325,-0.003834704,0.0,0.0,,,-0.014436607,,,1.2230555316,0.1137733347,-0.192535896,0.7679472876,0.4135481155,0.00066241,2573680.42663224,0.6947755,0.0152579,0.64317469,0.00080377,0.00097861,0.01534816,0.02161095,0.19142,0.03163367,0.67792086,0.02115903,0.44444254,0.02207782,0.02476041,0.03560425,0.04929992,0.02238931,0.12452229,0.00706387,0.02291243,0.70991132,0.99616944,0.53707558,0.9566770722,1.514827505,147,-0.946208053,-1.36670484,-1.574882322,0.7022120634
20130531,20130531,270371.0,01W,CHN,0.095703,2013,5,20130426,20130430,185.79312866,0.949862621,185.79312866,,0.0,0.0,-0.120165231,0.2373133884,0.385813007,0.6800128659,0.4081663035,0.0375207789,,-0.07019699,0.0343847285,,,2.0376254546,3.6216039561,-1.0,0.2476277641,,1.8453514262,-1.0,0.0011274854,0.0,0.0,0.0007346692,-0.015031917,0.0157665859,-0.050249608,4.86491e-05,-0.050298257,0.0,0.0,0.0010096321,,-0.117140011,0.026499942,-0.314970407,,,,0.0,0.0,0.0,0.2926366485,0.4211594348,0.2926366485,0.4211594348,-3.077442072,0.3077521179,0.4294574038,,,0.7341708251,,,1.0,-0.104894284,-0.146837172,-0.04057839,-1.0,10.030093073,,1.8816844854,,2.112101129,,3.0750652968,3.2786843628,-3.117982365,3.1541130363,3.8992176662,5.5034525623,-1.0,-0.067841594,0.0804968983,,-0.956762127,1.0014530514,0.4021991412,-0.022333759,0.4910438461,,4.1424599652,0.9844150981,1.8735972129,2.6419797625,6.0,-8.196128452,-1.392487665,,,-0.121704892,1.7328260998,0.1488071501,,0.0,-0.109249868,0.0424722926,0.1033965337,0.059850108,0.059850108,0.0,0.0,,,-0.003731038,,,1.2270680869,0.2832969753,0.3626325317,0.4707655274,0.7262075906,0.00138934,2579847.98482365,0.67851034,0.014959,0.64688274,0.00084057,0.00102248,0.00959652,0.01785204,-1.05905987,0.3290645,1.11704228,0.0181749,-0.95986142,0.01930532,-1.28005141,0.01674097,0.0320036,0.02022425,-0.12754366,0.00693967,0.02275898,0.69550521,0.87543714,0.53547244,0.9519541898,0.7152280487,148,0.903871164,-0.475238006,0.9693819045,1.0339522892
20130628,20130630,270371.0,01W,CHN,-0.177203,2013,6,20130531,20130531,203.57409785,1.0407673714,203.57409785,,0.0,0.0,0.0957030505,0.0123397432,0.3541491265,0.2435932527,0.3324904963,0.0928444889,,0.1412037585,0.0302483005,0.0137829851,0.0123615213,2.0376254546,3.6216039561,-1.0,0.2476277641,,1.8453514262,-1.0,0.0011274854,0.0,0.0,0.0007346692,-0.015031917,0.0157665859,-0.050249608,4.86491e-05,-0.050298257,0.0,0.0,0.0010096321,,-0.117140011,0.026499942,-0.314970407,,,,0.0,0.0,0.0,0.2926366485,0.4211594348,0.2926366485,0.4211594348,-3.077442072,0.3077521179,0.4294574038,,,0.7341708251,,,1.0,-0.104894284,-0.146837172,-0.04057839,-1.0,10.030093073,,1.8816844854,,2.112101129,,3.0750652968,3.2786843628,-3.117982365,3.1541130363,3.8992176662,5.5034525623,-1.0,-0.067841594,0.0804968983,,-0.956762127,1.0014530514,0.4021991412,-0.022333759,0.4910438461,,4.1424599652,0.9844150981,1.8735972129,2.6419797625,6.0,-8.196128452,-1.392487665,,,-0.121704892,1.7328260998,0.1358097434,,0.0,-0.099707551,0.0387625941,0.0943654703,0.0546225622,0.0546225622,0.0,0.0,,,-0.003369063,,,1.2165155028,0.2568465717,0.1536794199,0.4749569098,0.7233619346,0.00125102,2789053.60434845,0.60110965,0.0156374,0.59915519,0.00086382,0.00106225,0.00698986,0.01572713,1.69747376,-0.04557451,-0.33199042,0.01602384,1.09837609,0.01641687,1.00816139,0.02625692,0.05162398,0.01596578,1.28596422,0.00609835,0.02155037,0.6334801,0.95921915,0.54101002,0.9279143189,1.1729157403,149,0.9272997729,-0.474316575,0.9680018622,1.0819445505
20130731,20130731,270371.0,01W,CHN,0.060486,2013,7,20130628,20130630,167.5002571,0.8563407827,167.5002571,,0.0,-4.23273e-16,-0.177202508,-0.035962359,0.3686990565,0.3084319356,0.2793630329,-0.137747558,0.4118281532,-0.210072563,0.0332364873,0.1611245981,0.0084012129,2.0376254546,3.6216039561,-1.0,0.2476277641,,1.8453514262,-1.0,0.0011274854,0.0,0.0,0.0007346692,-0.015031917,0.0157665859,-0.050249608,4.86491e-05,-0.050298257,0.0,0.0,0.0010096321,,-0.117140011,0.026499942,-0.314970407,,,,0.0,0.0,0.0,0.2926366485,0.4211594348,0.2926366485,0.4211594348,-3.077442072,0.3077521179,0.4294574038,,,0.7341708251,,,1.0,-0.104894284,-0.146837172,-0.04057839,-1.0,10.030093073,,1.8816844854,,2.112101129,,3.0750652968,3.2786843628,-3.117982365,3.1541130363,3.8992176662,5.5034525623,-1.0,-0.067841594,0.0804968983,,-0.956762127,1.0014530514,0.4021991412,-0.022333759,0.4910438461,,4.1424599652,0.9844150981,1.8735972129,2.6419797625,6.0,-8.196128452,-1.392487665,,,-0.121704892,1.7328260998,0.1650585287,,0.0,-0.121181156,0.0471107344,0.1146885731,0.0663863985,0.0663863985,0.0,0.0,,,-0.004194695,,,1.210767629,0.0242680521,0.0821468873,0.4497781887,0.6778826796,0.00132195,2871287.32406983,0.56616121,0.01552011,0.58736721,0.00089318,0.00107175,0.00595005,0.01785485,0.04883071,-0.13451424,1.07032599,0.01665832,-0.33904577,0.01628542,-0.47036133,0.01512713,0.02562584,0.02420993,-0.35685118,0.00657017,0.02138965,0.75647884,0.78924311,0.52822425,0.8648444269,0.6700345336,150,0.9533651138,-0.475794039,0.9712351253,1.1284407912
20130830,20130831,270371.0,01W,CHN,0.237998,2013,8,20130731,20130731,177.63163613,0.908137199,177.63163613,,0.0,-1.66533e-16,0.0604857521,-0.098458278,-0.018553428,0.0992376211,0.33259923,0.1833102623,-0.085196654,0.1885990288,0.0215898258,-0.044670126,0.0173557772,-0.295116726,6.1695670855,-1.0,-1.0,,3.3398982154,-1.0,-0.017554715,0.0,0.0,-0.0356897,-3.780639927,3.7449502269,-1.192361392,0.0002748525,-1.192636244,0.0,0.0,0.0043959022,,-0.117140011,0.0619242121,-1.776553753,,,,0.0,0.0,0.0,1.6690200359,0.4892689384,1.6690200359,0.4892689384,-1.218233189,1.830226478,1.4244931974,,,0.8808137336,,,2.0,1.7990834357,-0.721940854,-0.04057839,-1.0,8.7001745864,,0.0841204923,,0.1095777211,,6.2130109205,6.1762020001,-5.03333269,5.4585624098,1.5175058296,-0.017880918,-1.0,-0.075798719,0.0436493413,,-1.252263025,1.0012812576,1.742232764,-0.107533717,1.8315385442,,4.1424599652,0.9445258262,2.1029346307,0.6630903003,6.0,-8.196128452,-3.686379844,,,0.0787407741,2.4784534734,0.0359308998,,0.0,-0.03164843,0.0618979011,0.1225693827,0.0625999909,0.0625999909,0.0,0.0,,,-0.003990062,,,1.2000983386,0.1098813589,-0.1051962,0.6213240582,0.7319885078,,2587668.50184542,0.62053314,0.01350102,0.62866983,0.0010325,0.00105019,0.0147319,,,,,,,,,,,,,0.00789778,0.0208857,0.82457717,0.83698107,0.53163018,0.830460468,,151,1.0533642672,-0.371491283,0.9626949378,1.1731021664
20130930,20130930,270371.0,01W,CHN,0.133427,2013,9,20130830,20130831,219.90766187,1.1242723,219.90766187,,0.0,2.775558e-16,0.2379982905,-0.127434983,-0.032130164,0.2946642679,0.1889648758,0.1423456292,0.1400496184,0.04140604,0.0394618485,-0.11253405,0.0288624626,-0.295116726,6.1695670855,-1.0,-1.0,,3.3398982154,-1.0,-0.017554715,0.0,0.0,-0.0356897,-3.780639927,3.7449502269,-1.192361392,0.0002748525,-1.192636244,0.0,0.0,0.0043959022,,-0.117140011,0.0619242121,-1.776553753,,,,0.0,0.0,0.0,1.6690200359,0.4892689384,1.6690200359,0.4892689384,-1.218233189,1.830226478,1.4244931974,,,0.8808137336,,,2.0,1.7990834357,-0.721940854,-0.04057839,-1.0,8.7001745864,,0.0841204923,,0.1095777211,,6.2130109205,6.1762020001,-5.03333269,5.4585624098,1.5175058296,-0.017880918,-1.0,-0.075798719,0.0436493413,,-1.252263025,1.0012812576,1.742232764,-0.107533717,1.8315385442,,4.1424599652,0.9445258262,2.1029346307,0.6630903003,6.0,-8.196128452,-3.686379844,,,0.0787407741,2.4784534734,0.0290233841,,0.0,-0.025564195,0.0499983736,0.0990061001,0.0505654906,0.0505654906,0.0,0.0,,,-0.003202871,,,1.2969889848,-0.131659206,-0.271888928,0.6427046981,0.6929194131,0.00030447,3242591.43620902,0.79893452,0.01623703,0.73112611,0.00078472,0.00085988,0.01044568,0.02814672,-0.80020252,0.06741214,-1.45145758,0.02912758,-0.48329352,0.02928912,-0.44777584,0.04141716,0.05071552,0.02831927,-0.77810442,0.00753214,0.02155568,0.78954014,0.91947071,0.53009373,0.8448913222,1.8196263144,152,1.0526325007,-0.368010803,0.9656527494,1.15397388
20131031,20131031,270371.0,01W,CHN,-0.172095,2013,10,20130930,20130930,249.24924828,1.2742804104,249.24924828,,0.0,1.110223e-16,0.133426849,0.3128795483,0.0413862361,0.4785152557,0.4134126626,0.1795924327,0.7294331631,-0.020617113,0.0534658451,-0.058819193,0.0320453574,-0.295116726,6.1695670855,-1.0,-1.0,,3.3398982154,-1.0,-0.017554715,0.0,0.0,-0.0356897,-3.780639927,3.7449502269,-1.192361392,0.0002748525,-1.192636244,0.0,0.0,0.0043959022,,-0.117140011,0.0619242121,-1.776553753,,,,0.0,0.0,0.0,1.6690200359,0.4892689384,1.6690200359,0.4892689384,-1.218233189,1.830226478,1.4244931974,,,0.8808137336,,,2.0,1.7990834357,-0.721940854,-0.04057839,-1.0,8.7001745864,,0.0841204923,,0.1095777211,,6.2130109205,6.1762020001,-5.03333269,5.4585624098,1.5175058296,-0.017880918,-1.0,-0.075798719,0.0436493413,,-1.252263025,1.0012812576,1.742232764,-0.107533717,1.8315385442,,4.1424599652,0.9445258262,2.1029346307,0.6630903003,6.0,-8.196128452,-3.686379844,,,0.0787407741,2.4784534734,0.0256067554,,0.0,-0.022554782,0.0441125721,0.087351116,0.0446129282,0.0446129282,0.0,0.0,,,-0.002817129,,,1.266193361,-0.092256303,-0.408291488,0.6342100682,0.7253861504,0.00046458,3620143.44871598,0.80479985,0.0174145,0.72373496,0.0007133,0.0007763,0.00979315,0.02431459,-0.11330613,0.0466325,0.4351022,0.02454774,-0.42890721,0.02536547,-0.32055871,0.03858857,0.04936478,0.02500212,-0.05580516,0.00723328,0.02150068,0.67954868,1.0,0.52039344,0.8442606052,1.7186606308,153,1.0741124087,-0.365488678,0.9617052962,1.1975664783
20131129,20131130,270371.0,01W,CHN,0.082657,2013,11,20131031,20131031,206.35476318,1.0549834518,206.35476318,,0.0,3.330669e-16,-0.172094742,0.4031805016,0.3415418001,0.4604444471,0.6357237623,0.385813007,1.9282996288,-0.099592177,0.0468747028,0.077350662,0.0287791488,-0.821989728,9.0298805517,-1.0,-1.0,,4.8413884805,-1.0,-0.05878886,0.0,0.0,-0.121358445,-17.05390539,16.932546947,-4.357827754,0.0025539398,-4.360381694,0.0,0.0,0.0182415691,,-0.117140011,0.216515457,-19.37323345,,,,0.0,0.0,0.0,19.098694099,1.4910178575,19.098694099,1.4910178575,-0.671038816,8.4196918932,2.46164376,,,0.5594432262,,,3.0,2.2379745522,-0.819533723,-0.04057839,-1.0,9.3245738636,,0.0036731187,,0.0122578177,,8.3966699758,8.3684588561,-7.262155596,7.7855527707,1.0174984253,-0.37303961,-1.0,-0.048870824,0.0385419753,,-3.448634549,1.0014241902,-6.289528868,-0.274539349,-6.270234364,,4.5665187139,0.7956216036,1.6791849077,0.1389172541,5.0,-8.196128452,-38.51201057,,,0.4327530275,6.2831251705,0.0082752376,,0.0,-0.004629526,0.0674030724,0.1059988854,-0.052047346,-0.052047346,0.0,0.0,,,-0.002282445,,,1.2033866917,0.0656040841,-0.000782078,0.6449068902,0.7325596997,0.00048069,4216653.43609367,0.75913849,0.01974626,0.69301416,0.00061664,0.00073912,0.01400725,0.03353039,0.34336043,-0.31603372,0.02532579,0.03214622,0.039254,0.02808378,0.39753601,0.02650773,0.05225163,0.03370289,0.4784978,0.00722119,0.0226537,0.69994442,0.766151,0.50431866,0.842904364,1.1253379485,154,0.0978308576,-0.766400627,-0.334403659,1.1762950901
20131231,20131231,270371.0,01W,CHN,-0.070078,2013,12,20131129,20131130,223.41137715,1.1421849548,223.41137715,,0.0,1.665335e-16,0.0826567495,-0.061629952,0.0136592295,0.1243748866,0.5040121468,0.3541491265,1.1570883478,0.0840551995,0.046747571,-0.073785888,0.0352025265,-0.821989728,9.0298805517,-1.0,-1.0,,4.8413884805,-1.0,-0.05878886,0.0,0.0,-0.121358445,-17.05390539,16.932546947,-4.357827754,0.0025539398,-4.360381694,0.0,0.0,0.0182415691,,-0.117140011,0.216515457,-19.37323345,,,,0.0,0.0,0.0,19.098694099,1.4910178575,19.098694099,1.4910178575,-0.671038816,8.4196918932,2.46164376,,,0.5594432262,,,3.0,2.2379745522,-0.819533723,-0.04057839,-1.0,9.3245738636,,0.0036731187,,0.0122578177,,8.3966699758,8.3684588561,-7.262155596,7.7855527707,1.0174984253,-0.37303961,-1.0,-0.048870824,0.0385419753,,-3.448634549,1.0014241902,-6.289528868,-0.274539349,-6.270234364,,4.5665187139,0.7956216036,1.6791849077,0.1389172541,5.0,-8.196128452,-38.51201057,,,0.4327530275,6.2831251705,0.0076434545,,0.0,-0.004276079,0.0622571027,0.0979062713,-0.048073728,-0.048073728,0.0,0.0,,,-0.002107441,,,1.1862110185,-0.099983301,-0.075194554,0.6400888027,0.6936970479,0.00101644,4298857.23545523,0.73980389,0.0198783,0.68848002,0.00058821,0.00072902,0.00508497,0.01618248,0.66103322,-0.44772576,0.53104165,0.01500725,0.52876819,0.01538368,0.23684213,0.02580787,0.04411249,0.01758538,0.10389882,0.00746411,0.02271836,0.70148254,0.82947855,0.49176903,0.8282137716,1.0937675527,155,0.1061076206,-0.77150671,-0.334372754,1.1873371124
20140130,20140131,270371.0,01W,CHN,0.048639,2014,1,20131231,20131231,207.75520278,1.0621431635,207.75520278,,0.0,0.0,-0.070077785,-0.103662785,0.3337972193,0.057978295,0.5020719451,0.3686990565,1.0052425088,0.1474513056,0.0269721991,0.0061141727,0.026073215,-0.821989728,9.0298805517,-1.0,-1.0,,4.8413884805,-1.0,-0.05878886,0.0,0.0,-0.121358445,-17.05390539,16.932546947,-4.357827754,0.0025539398,-4.360381694,0.0,0.0,0.0182415691,,-0.117140011,0.216515457,-19.37323345,,,,0.0,0.0,0.0,19.098694099,1.4910178575,19.098694099,1.4910178575,-0.671038816,8.4196918932,2.46164376,,,0.5594432262,,,3.0,2.2379745522,-0.819533723,-0.04057839,-1.0,9.3245738636,,0.0036731187,,0.0122578177,,8.3966699758,8.3684588561,-7.262155596,7.7855527707,1.0174984253,-0.37303961,-1.0,-0.048870824,0.0385419753,,-3.448634549,1.0014241902,-6.289528868,-0.274539349,-6.270234364,,4.5665187139,0.7956216036,1.6791849077,0.1389172541,5.0,-8.196128452,-38.51201057,,,0.4327530275,6.2831251705,0.0082194557,,0.0,-0.004598319,0.0669487207,0.1052843664,-0.051696504,-0.051696504,0.0,0.0,,,-0.002266988,,,1.1876163821,-0.043360934,-0.048295732,0.632645125,0.7077097046,0.00148594,4160731.80240251,0.77466898,0.01914608,0.73375579,0.00062329,0.00075744,0.00439658,0.02175099,-1.44183351,-0.44309654,0.84925754,0.02254453,-1.52753943,0.02166896,-0.66719011,0.02279322,0.03209115,0.02450478,-0.88743483,0.00763727,0.02285292,0.8505324,0.77135053,0.48306153,0.848544268,0.9478079441,156,0.1177598322,-0.768745855,-0.330084378,1.1897135943
20140228,20140228,270371.0,01W,CHN,0.038553,2014,2,20140130,20140131,217.86013022,1.1138043467,217.86013022,,0.0,0.0,0.0486386252,0.006786563,0.1695844688,0.1182071386,0.2173153353,-0.018553428,1.2270867612,0.075361653,0.024542833,0.1641237807,0.014306427,-0.826364162,3.8691091443,-1.0,-1.0,,7.5848442257,-1.0,-0.046995033,0.0,0.0,-0.531212105,-16.74446751,16.213255407,-4.168708627,0.0018955007,-4.170604128,0.0,0.0,0.0159379642,,-0.117140011,0.1987067286,-6.213143893,,,,0.0,0.0,0.0,6.0344598983,0.4952025048,6.0344598983,0.4952025048,-0.622217316,10.808074015,3.1451715797,,,0.5896068685,,,4.0,2.0910358433,-0.619406859,-0.04057839,-1.0,1.8402299745,,0.0522357793,,0.0590682824,,6.6883874063,6.6785444753,-5.64173421,6.1335359308,2.1330129699,-0.367624683,-1.0,-0.031025945,0.0345026093,,-1.078824445,1.0014018804,6.1513829439,-0.178683994,6.2290556288,,4.5829620974,0.8097523723,2.0507496953,0.138135822,6.0,-8.196128452,-25.72911093,,,0.34731488,6.0105809981,0.0082974389,,0.0,-0.004892227,0.0881967143,0.1011112865,0.0510407242,0.0510407242,0.0,0.0,,,-0.001489908,,,1.2235577011,-0.143376521,-0.028747409,0.635420651,0.8391187691,0.00254984,3977402.59209303,0.80871156,0.01819004,0.77758923,0.00068982,0.00084521,0.01068875,0.01248906,-0.14345113,-0.5408648,1.2164241,0.01259398,-0.39886531,0.01239242,-0.25484028,0.01979792,0.02324796,0.01711895,-0.93755005,0.00792622,0.02217881,0.94775793,0.80886796,0.48958857,0.8566159016,0.8349443906,157,1.3767010748,0.4298146856,0.9797820636,1.1846453605
20140331,20140331,270371.0,01W,CHN,-0.073901,2014,3,20140228,20140228,226.25935622,1.1567451749,226.25935622,,0.0,0.0,0.0385532956,-0.024847647,-0.00931087,0.070176081,0.1870647202,-0.032130164,0.7633024429,0.1506021114,0.014356577,0.0572955337,0.01758986,-0.826364162,3.8691091443,-1.0,-1.0,,7.5848442257,-1.0,-0.046995033,0.0,0.0,-0.531212105,-16.74446751,16.213255407,-4.168708627,0.0018955007,-4.170604128,0.0,0.0,0.0159379642,,-0.117140011,0.1987067286,-6.213143893,,,,0.0,0.0,0.0,6.0344598983,0.4952025048,6.0344598983,0.4952025048,-0.622217316,10.808074015,3.1451715797,,,0.5896068685,,,4.0,2.0910358433,-0.619406859,-0.04057839,-1.0,1.8402299745,,0.0522357793,,0.0590682824,,6.6883874063,6.6785444753,-5.64173421,6.1335359308,2.1330129699,-0.367624683,-1.0,-0.031025945,0.0345026093,,-1.078824445,1.0014018804,6.1513829439,-0.178683994,6.2290556288,,4.5829620974,0.8097523723,2.0507496953,0.138135822,6.0,-8.196128452,-25.72911093,,,0.34731488,6.0105809981,0.0079894204,,0.0,-0.004710617,0.0849226657,0.0973578216,0.0491459845,0.0491459845,0.0,0.0,,,-0.001434338,,,1.1841661617,-0.204125094,-0.56475297,0.6350876536,0.8326459802,0.00138379,3262698.61079684,0.8185139,0.01456696,0.77876004,0.00097023,0.00089815,0.00566924,0.0192312,1.50986185,-0.18504872,1.04455029,0.01941049,1.42351609,0.01696745,0.34904867,0.0281559,0.04789056,0.02260455,0.44561245,0.00845716,0.02193887,0.9486999,0.84005248,0.48472947,0.8364091227,1.1899883779,158,1.3978743421,0.4255048661,0.9840891443,1.191575785
20140430,20140430,270371.0,01W,CHN,0.191523,2014,4,20140331,20140331,209.53850768,1.0712602642,209.53850768,,0.0,3.35669e-16,-0.073901247,0.0890671001,-0.092236555,0.3508000533,0.0714650747,0.0413862361,0.6181042931,-0.120165231,0.0185623937,0.0158117939,0.019014574,-0.826364162,3.8691091443,-1.0,-1.0,,7.5848442257,-1.0,-0.046995033,0.0,0.0,-0.531212105,-16.74446751,16.213255407,-4.168708627,0.0018955007,-4.170604128,0.0,0.0,0.0159379642,,-0.117140011,0.1987067286,-6.213143893,,,,0.0,0.0,0.0,6.0344598983,0.4952025048,6.0344598983,0.4952025048,-0.622217316,10.808074015,3.1451715797,,,0.5896068685,,,4.0,2.0910358433,-0.619406859,-0.04057839,-1.0,1.8402299745,,0.0522357793,,0.0590682824,,6.6883874063,6.6785444753,-5.64173421,6.1335359308,2.1330129699,-0.367624683,-1.0,-0.031025945,0.0345026093,,-1.078824445,1.0014018804,6.1513829439,-0.178683994,6.2290556288,,4.5829620974,0.8097523723,2.0507496953,0.138135822,6.0,-8.196128452,-25.72911093,,,0.34731488,6.0105809981,0.0086269638,,0.0,-0.005086517,0.0916993629,0.1051268251,0.053067758,0.053067758,0.0,0.0,,,-0.001549381,,,1.1791072644,-0.427446313,-1.139463671,0.6517717478,0.7896275466,0.0005708,3081952.26508806,0.85811059,0.01381737,0.82708912,0.00106157,0.0008862,0.01313042,0.0294678,-1.96700615,0.48686484,1.46124425,0.03041244,-1.59779138,0.03184037,-1.48835905,0.02042802,0.04920892,0.03256606,-1.51439869,0.00867812,0.02233593,0.9761164,0.77797156,0.48514683,0.8813471039,0.8378355748,159,1.3913857693,0.4271404338,0.9802537162,1.172031904
20140530,20140531,270371.0,01W,CHN,-0.00436,2014,5,20140430,20140430,249.66999962,1.2764314909,249.66999962,,0.0,-1.66533e-16,0.1915232307,-0.038197088,0.0154285002,0.1796238116,0.1278054747,0.3415418001,0.2704807182,0.0957030505,0.0272733192,-0.056034549,0.0200747715,0.028275769,1.3323412386,,-1.0,,7.5124686193,-1.0,-0.005524424,0.0,0.0,0.0403146682,-0.343702608,0.3840172758,0.0818427902,0.0138931342,0.067949656,0.0,0.0,0.0012260983,,-0.010904881,0.0204527495,-0.089602798,,2.4399646331,,0.0,0.0,0.0,0.0882547762,1.1008117118,0.0882547762,1.1008117118,-0.548361166,0.6487356482,0.6564127218,,,0.6193231999,,,0.0,0.4647466443,-0.084798819,0.0388468726,-1.0,-0.242197956,,-0.123179987,,-2.004864473,,3.8349046213,-5.936732764,-3.042447843,3.416069551,-1.542396347,-2.921084014,-1.0,-0.001386138,0.0210310667,,-0.092136386,1.0360921873,-0.008082322,-0.001348022,-0.410281464,30.433952255,2.1125173425,0.8513355297,1.6399091893,0.8013404021,3.0,-2.861077702,1.7845042542,,-1.292716934,-0.188348961,0.3773431191,0.113866688,0.0037414361,0.0,-0.070520282,0.0737158849,0.0091289718,-0.000920307,-0.000920307,0.0,0.0,,,-0.000165141,,,1.1604054521,-0.345072633,-1.316844902,0.6062792124,0.24328287,0.00050183,3134706.1040151,0.7695792,0.01391253,0.73393762,0.00104104,0.00081643,0.00680916,0.02750026,0.03693371,0.39539296,1.91718761,0.02867455,-0.13831869,0.02760772,-0.02070112,0.04712305,0.0639668,0.02821385,0.02843568,0.00772535,0.02320607,0.9773829,0.92697118,0.48492852,0.9136088768,1.8816398633,160,0.4646084987,-0.838124414,0.8289129174,0.6974848138
20140630,20140630,270371.0,01W,CHN,-0.026281,2014,6,20140530,20140531,248.58152784,1.2708667067,248.58152784,,0.0,0.0,-0.004359642,0.1034681783,0.117534849,0.1353401582,0.2264330397,0.0136592295,0.1614864455,-0.177202508,0.042986307,0.1175612061,0.0019564952,0.028275769,1.3323412386,,-1.0,,7.5124686193,-1.0,-0.005524424,0.0,0.0,0.0403146682,-0.343702608,0.3840172758,0.0818427902,0.0138931342,0.067949656,0.0,0.0,0.0012260983,,-0.010904881,0.0204527495,-0.089602798,,2.4399646331,,0.0,0.0,0.0,0.0882547762,1.1008117118,0.0882547762,1.1008117118,-0.548361166,0.6487356482,0.6564127218,,,0.6193231999,,,0.0,0.4647466443,-0.084798819,0.0388468726,-1.0,-0.242197956,,-0.123179987,,-2.004864473,,3.8349046213,-5.936732764,-3.042447843,3.416069551,-1.542396347,-2.921084014,-1.0,-0.001386138,0.0210310667,,-0.092136386,1.0360921873,-0.008082322,-0.001348022,-0.410281464,30.433952255,2.1125173425,0.8513355297,1.6399091893,0.8013404021,3.0,-2.861077702,1.7845042542,,-1.292716934,-0.188348961,0.3773431191,0.1143652797,0.0037578189,0.0,-0.070829071,0.0740386669,0.0091689451,-0.000924337,-0.000924337,0.0,0.0,,,-0.000165919,,,1.1408149271,0.0541591829,0.2059736968,0.6184088257,0.3131047809,0.00081767,3288516.0771169,0.77892569,0.01421547,0.75269349,0.00100817,0.00078218,0.01267672,0.01813153,0.76956476,-0.08539852,0.54380068,0.01841919,0.91883786,0.01871319,1.114703,0.0268825,0.0555468,0.02227753,0.4725859,0.00776558,0.02345426,0.88841625,0.92292992,0.48808896,0.9337879913,1.0540489494,161,0.3940364813,-0.855862975,0.8255227109,0.6262115193
20140707,20140731,270371.0,01W,CHN,0.027682,2014,7,20140630,20140630,242.04856567,1.2374671046,242.04856567,,0.0,1.665335e-16,-0.026280964,0.1863286161,0.1965116855,-0.002678927,0.484066545,0.3337972193,-0.242110367,0.0604857521,0.0350984237,0.0538300811,-0.002207994,0.028275769,1.3323412386,,-1.0,,7.5124686193,-1.0,-0.005524424,0.0,0.0,0.0403146682,-0.343702608,0.3840172758,0.0818427902,0.0138931342,0.067949656,0.0,0.0,0.0012260983,,-0.010904881,0.0204527495,-0.089602798,,2.4399646331,,0.0,0.0,0.0,0.0882547762,1.1008117118,0.0882547762,1.1008117118,-0.548361166,0.6487356482,0.6564127218,,,0.6193231999,,,0.0,0.4647466443,-0.084798819,0.0388468726,-1.0,-0.242197956,,-0.123179987,,-2.004864473,,3.8349046213,-5.936732764,-3.042447843,3.416069551,-1.542396347,-2.921084014,-1.0,-0.001386138,0.0210310667,,-0.092136386,1.0360921873,-0.008082322,-0.001348022,-0.410281464,30.433952255,2.1125173425,0.8513355297,1.6399091893,0.8013404021,3.0,-2.861077702,1.7845042542,,-1.292716934,-0.188348961,0.3773431191,0.1174520323,0.0038592435,0.0,-0.072740768,0.0760369924,0.0094164176,-0.000949285,-0.000949285,0.0,0.0,,,-0.000170748,,,1.091022603,0.0624136212,0.2137237315,0.631055798,0.3091007757,0.00106914,3484038.33541297,0.72704958,0.01481395,0.71050253,0.00095004,0.00076822,0.00968458,0.02167198,1.35146465,-0.22159347,1.68560922,0.0208931,1.85540337,0.02188184,1.3302228,0.02757848,0.05883446,0.02257528,0.77466853,0.00676226,0.02362581,0.82374906,0.89867443,0.49475144,1.0164831677,1.0973097426,162,0.3341915455,-0.855542635,0.8148447609,0.5343522027
20150130,20150131,270371.0,01W,CHN,0.142535,2015,1,20141231,20141231,219.41472659,1.1217521809,219.41472659,,0.0,0.0,,,,,,0.1965116855,-0.193257185,0.0486386252,,0.0346891121,0.0006609489,7.5097149702,0.1482892532,,-1.0,,7.2916407304,-1.0,0.0585040824,0.0,0.0,0.2918866825,0.160119569,0.1317671135,0.5694006355,0.0138931342,0.067949656,0.1365401631,-0.136540163,0.0012260983,,-0.010904881,0.0889240605,1.4698100115,,0.0434654411,,0.0,0.0,0.1365401631,-1.45394585,-445.5958794,-1.590486013,-487.4418216,-0.548361166,1.0832326449,1.9670392144,11.16404946,,0.0869416443,,,0.0,0.4647466443,4.551659419,0.0388468726,7.6517262413,-0.2296541,0.1419218863,0.0103435127,,0.0066703939,,-14.84862235,-57.61546132,1.7275720965,1.1183512741,-1.067326711,-0.024457801,1.268347831,0.1349994933,0.7567184085,,12.507664258,6.2840769979,1.4572087747,0.0158641616,7.7467376431,13.321006048,2.1152059672,0.5684259588,0.1905563288,4.5558959872,3.0,-2.861077702,6.8919350114,,-1.292716934,-0.199891641,5.5681316965,0.0662283918,0.004971726,0.0090428354,0.0032848301,0.0727913407,0.0002160983,0.0965085937,0.0959506955,0.0,0.0,,0.0064988082,0.001047218,,,1.0628381483,-0.056646308,,0.4825534055,0.417519271,,,,,,,0.00078484,0.01993809,,,,,,,,,,,,,,0.02351759,0.6848171,0.8417811,0.46420304,1.0083232098,,168,1.1693067614,-0.056303382,1.2650584601,0.8077855284
20150227,20150228,270371.0,01W,CHN,0.211529,2015,2,20150130,20150131,250.68897777,1.2816409907,250.68897777,,0.0,-1.94289e-16,,,,,,0.1110273616,-0.066853198,0.0385532956,,0.0934132975,-0.001449238,7.1961760589,-0.533155311,,-1.0,,3.9850279196,12.472199183,0.0683126079,0.0,0.0,0.2906884507,0.3122060316,-0.021517581,0.5613644772,0.0138931342,0.067949656,0.0,0.0,0.0012260983,,-0.010904881,0.0773899965,0.0179932337,,-0.137583875,,0.0,0.0,0.0,-0.030530721,-3.263363002,0.0882547762,1.1008117118,-0.548361166,0.6179730103,1.0792038448,,,0.0978757793,,,0.0,0.4647466443,-0.084798819,0.0388468726,145.64894363,-0.854990878,-0.088762897,-0.006663378,,-0.058899157,,-23.05353782,-6.694231397,2.4673289098,-0.48567463,-3.460830726,-0.049471872,6.781622222,-0.102759453,0.6343020367,,0.1474757113,1.0360921873,0.0211751203,-0.012537487,-6.130207824,14.706044045,2.1147910646,0.8513355297,1.9135247552,4.4392213822,3.0,-2.861077702,1.7845042542,,-1.292716934,-0.203532612,5.2816488687,0.0591014127,0.0040188519,0.0,-0.070233637,0.0357822255,-0.000552929,0.0012514795,0.0005870427,0.0,0.0,,,-0.000164419,,,1.0630881496,0.027345867,,0.5649554949,0.2636542898,0.00068644,,,,,,0.00065682,0.01078302,0.01145795,0.69174914,-0.24184236,-0.0792885,0.00987596,0.65706924,0.00978161,0.87152441,0.02405418,0.03304372,0.01320903,0.41533108,,0.02382698,0.35736303,0.96176427,0.46043343,0.8788155732,0.9379200804,169,0.5071412187,-1.27187897,1.3005718351,0.6765203801
20150331,20150331,270371.0,01W,CHN,0.13963,2015,3,20150227,20150228,303.71693761,1.5527450798,303.71693761,,0.0,1.665335e-16,0.2115288846,,,0.0084779024,0.1079717628,0.0993978412,-0.064318834,-0.073901247,,0.0314836471,0.0042446616,7.1961760589,-0.533155311,,-1.0,,3.9850279196,12.472199183,0.0683126079,0.0,0.0,0.2906884507,0.3122060316,-0.021517581,0.5613644772,0.0138931342,0.067949656,0.0,0.0,0.0012260983,,-0.010904881,0.0773899965,0.0179932337,,-0.137583875,,0.0,0.0,0.0,-0.030530721,-3.263363002,0.0882547762,1.1008117118,-0.548361166,0.6179730103,1.0792038448,,,0.0978757793,,,0.0,0.4647466443,-0.084798819,0.0388468726,145.64894363,-0.854990878,-0.088762897,-0.006663378,,-0.058899157,,-23.05353782,-6.694231397,2.4673289098,-0.48567463,-3.460830726,-0.049471872,6.781622222,-0.102759453,0.6343020367,,0.1474757113,1.0360921873,0.0211751203,-0.012537487,-6.130207824,14.706044045,2.1147910646,0.8513355297,1.9135247552,4.4392213822,3.0,-2.861077702,1.7845042542,,-1.292716934,-0.203532612,5.2816488687,0.048782504,0.0033171738,0.0,-0.057971079,0.0295347688,-0.00045639,0.0010329754,0.000484547,0.0,0.0,,,-0.000133945,,,1.0997825712,0.0671425195,,0.5805875619,0.2488873438,0.00059786,,,,,,0.00059711,0.0087412,0.02984412,0.87509975,-0.04416916,2.3799517,,,,,0.04928355,0.06926494,0.03112001,0.49212074,,0.02521548,,0.99070744,0.46354245,0.952476809,1.8304881918,170,0.4563487289,-1.279722593,1.3142843391,0.5465437696
20150430,20150430,270371.0,01W,CHN,0.522466,2015,4,20150331,20150331,346.12491177,1.7695547636,346.12491177,,0.0,1.110223e-16,0.1396299281,,,0.2547768535,0.4494564316,,-0.138127046,0.1915232307,,-0.044372376,0.0093382019,7.1961760589,-0.533155311,,-1.0,,3.9850279196,12.472199183,0.0683126079,0.0,0.0,0.2906884507,0.3122060316,-0.021517581,0.5613644772,0.0138931342,0.067949656,0.0,0.0,0.0012260983,,-0.010904881,0.0773899965,0.0179932337,,-0.137583875,,0.0,0.0,0.0,-0.030530721,-3.263363002,0.0882547762,1.1008117118,-0.548361166,0.6179730103,1.0792038448,,,0.0978757793,,,0.0,0.4647466443,-0.084798819,0.0388468726,145.64894363,-0.854990878,-0.088762897,-0.006663378,,-0.058899157,,-23.05353782,-6.694231397,2.4673289098,-0.48567463,-3.460830726,-0.049471872,6.781622222,-0.102759453,0.6343020367,,0.1474757113,1.0360921873,0.0211751203,-0.012537487,-6.130207824,14.706044045,2.1147910646,0.8513355297,1.9135247552,4.4392213822,3.0,-2.861077702,1.7845042542,,-1.292716934,-0.203532612,5.2816488687,0.0428055659,0.0029107465,0.0,-0.050868337,0.0259161049,-0.000400472,0.000906413,0.0004251793,0.0,0.0,,,-0.000116654,,,1.0414811768,0.2855696915,0.9982404133,0.5814414305,0.3029799236,0.0008222,7128826.98639646,0.7190924,0.02662686,0.7406727,0.00053899,0.00062716,0.0115424,0.01919346,0.87679259,0.06542513,1.08369997,0.0201779,0.87488891,0.02011887,0.52347677,0.03471331,0.04967672,0.01933789,0.94175697,0.00291927,0.02386601,,0.96459281,0.46638488,0.9032932209,1.3834321184,171,0.5176811541,-1.277374125,1.3110748464,0.6591841312
20150529,20150531,270371.0,01W,CHN,0.082648,2015,5,20150430,20150430,526.96327658,2.6940862811,526.96327658,,0.0,2.220446e-16,0.5224656148,0.3806945756,,0.3914622583,0.3863296042,,0.1525971424,-0.004359642,,-0.081739833,0.0195657588,-0.475329098,-0.61369811,,,,3.1640089161,8.3645539127,0.1032124218,0.0,0.0,0.164085455,-0.941357854,1.1054433091,-0.034073658,0.0006493463,-0.034723004,0.0,0.0,0.0118484164,0.0212773151,0.106113844,0.1904653852,0.1073184436,,0.2794591114,0.9313569439,,,-1.008352513,0.0021934801,0.0935483871,0.0021934801,0.0935483871,0.0284935865,0.3946535274,0.3280538291,8.776959809,0.0577154127,0.1444347197,,,0.0,0.561775788,-0.039157933,-0.005328273,,-0.569486924,0.2623259935,0.0178379714,,0.1410179588,,-19.06402494,-2.362332483,3.7830464339,-1.090575303,-0.622596786,0.0118761392,5.7467823206,0.0574577197,0.0999316454,,0.0563068646,2.3792626728,0.0212540655,0.1095119237,0.0293363878,11.918480361,2.1147946751,0.5892336218,1.8042964324,0.2934453903,4.0,-2.664221516,5.4915619053,,,-0.307445078,0.372873637,0.0283054248,0.0023749189,0.0,-0.004088286,0.0134919252,0.0006636927,0.0006016054,0.0003364341,,,0.000778692,0.0015435083,0.0023306177,0.0300989953,,1.2180841001,-0.440240158,-0.019834905,0.6953214772,0.4681651539,0.00070766,8361628.77967176,0.6731847,0.02696052,0.66426182,0.00058086,0.00063585,0.01484531,0.03343141,0.85185215,-0.13097225,0.77325946,0.03377462,0.79038558,0.03403382,0.35176416,0.07848872,0.08485445,0.03978212,0.45956255,0.00284641,0.02556952,,0.98304941,0.48014696,0.9652604537,2.8003742559,172,0.9610934579,0.6873273524,-0.200549197,1.0921826813
20150630,20150630,270371.0,01W,CHN,-0.135789,2015,6,20150529,20150531,570.51547932,2.9167458043,570.51547932,,0.0,0.0,0.0826475101,0.7350473791,,,1.1198810755,,0.5530412329,-0.026280964,,0.0080207035,0.0172402782,-0.475329098,-0.61369811,,,,3.1640089161,8.3645539127,0.1032124218,0.0,0.0,0.164085455,-0.941357854,1.1054433091,-0.034073658,0.0006493463,-0.034723004,0.0,0.0,0.0118484164,0.0212773151,0.106113844,0.1904653852,0.1073184436,,0.2794591114,0.9313569439,,,-1.008352513,0.0021934801,0.0935483871,0.0021934801,0.0935483871,0.0284935865,0.3946535274,0.3280538291,8.776959809,0.0577154127,0.1444347197,,,0.0,0.561775788,-0.039157933,-0.005328273,,-0.569486924,0.2623259935,0.0178379714,,0.1410179588,,-19.06402494,-2.362332483,3.7830464339,-1.090575303,-0.622596786,0.0118761392,5.7467823206,0.0574577197,0.0999316454,,0.0563068646,2.3792626728,0.0212540655,0.1095119237,0.0293363878,11.918480361,2.1147946751,0.5892336218,1.8042964324,0.2934453903,4.0,-2.664221516,5.4915619053,,,-0.307445078,0.372873637,0.0261446358,0.0021936216,0.0,-0.003776193,0.0124619741,0.0006130275,0.0005556798,0.0003107513,,,0.000719248,0.0014252328,0.0021520279,0.0302176649,,1.1124010963,0.1876073643,0.5612069133,0.6942706855,0.5690701899,0.00047422,10656964.2628759,0.76583474,0.02878201,0.62300102,0.00056906,0.00057575,0.01927116,0.02598989,0.02570276,-0.31478958,0.49675199,0.02528777,0.49855576,0.02543508,0.39715281,0.04027474,0.06198594,0.03345499,-0.56950826,0.00262937,0.02647392,,0.92977288,0.47081334,0.8267648516,1.3663710884,173,1.0488291707,0.6729287333,-0.209141531,1.2463135583
20150731,20150731,270371.0,01W,CHN,-0.106281,2015,7,20150630,20150630,493.04567949,2.520683433,493.04567949,,0.0,0.0,-0.135789129,0.6482936071,,,1.3570289613,,0.5181582843,0.0276823872,,0.0019502986,0.0172836494,-0.475329098,-0.61369811,,,,3.1640089161,8.3645539127,0.1032124218,0.0,0.0,0.164085455,-0.941357854,1.1054433091,-0.034073658,0.0006493463,-0.034723004,0.0,0.0,0.0118484164,0.0212773151,0.106113844,0.1904653852,0.1073184436,,0.2794591114,0.9313569439,,,-1.008352513,0.0021934801,0.0935483871,0.0021934801,0.0935483871,0.0284935865,0.3946535274,0.3280538291,8.776959809,0.0577154127,0.1444347197,,,0.0,0.561775788,-0.039157933,-0.005328273,,-0.569486924,0.2623259935,0.0178379714,,0.1410179588,,-19.06402494,-2.362332483,3.7830464339,-1.090575303,-0.622596786,0.0118761392,5.7467823206,0.0574577197,0.0999316454,,0.0563068646,2.3792626728,0.0212540655,0.1095119237,0.0293363878,11.918480361,2.1147946751,0.5892336218,1.8042964324,0.2934453903,4.0,-2.664221516,5.4915619053,,,-0.307445078,0.372873637,0.0302526115,0.0025382944,0.0,-0.004369527,0.0144200617,0.0007093495,0.000642991,0.0003595781,,,0.0008322598,0.0016501553,0.0024916492,0.0309500545,,1.1424679597,0.1841950665,0.3132292579,0.6947513226,0.5496728405,0.00021058,15897951.8301285,0.95664393,0.03224116,0.58029239,0.00050588,0.00041023,0.01021083,0.04203487,-0.73722405,-0.19506439,1.77560888,0.02688499,0.27895937,0.02631691,0.49867774,0.07453389,0.0999028,0.0664933,-0.13919888,0.00233538,0.03036985,,0.61373046,0.54053345,0.91191892,1.9530366195,174,0.9772163761,0.6564890015,-0.19512728,1.0776580789
20150831,20150831,270371.0,01W,CHN,0.01285,2015,8,20150731,20150731,440.64425159,2.2527824723,440.64425159,,0.0,-1.11022e-16,-0.106281081,-0.064364252,0.9667624954,,0.9821007714,,0.3944660566,,,0.1208235263,0.0044052263,0.0282139127,-0.596018677,1.7746129002,7.4518144129,,3.4024878238,11.006884664,0.0967106619,0.0,0.0,0.1261292822,-0.013927609,0.1400568913,-0.017180322,0.0006493463,-0.034723004,0.0,0.0,0.0118484164,0.0230115441,0.106113844,0.1821002006,-0.108319245,,0.2493433002,0.9313569439,,,-1.008352513,0.160547458,6.857575131,0.0021934801,0.0935483871,0.0284935865,0.4489910189,0.5081163825,8.776959809,0.0577154127,0.0461588566,,,1.0,0.561775788,-0.039157933,-0.005328273,,-0.177999683,0.0099249916,0.0008327218,-0.038633499,-0.000762815,,-16.41628612,-1.834803126,4.2021656366,-1.393052581,-0.070526416,0.3242124662,4.8563691757,0.0537017751,0.1872379598,,-0.111375355,2.6179479007,-0.137135763,0.0522282129,-0.174669288,10.650373639,2.1236669267,0.5892336218,1.9942377089,0.525698633,4.0,-2.664221516,13.586591279,,,-0.344577018,1.4999454328,0.0305738321,0.0028706816,0.0,-0.004889152,0.015321926,0.0007157852,-0.004192766,-0.004578551,,,0.0009312322,0.001847356,0.002789412,0.0264011532,,1.1309842825,0.3721929939,0.2817001895,0.5725989816,0.4483044132,0.00035212,18305088.4859191,0.82811957,0.03669921,0.60887164,0.00044941,0.00038539,0.01419366,0.04927152,1.43493491,-0.03195411,1.50328542,0.04614523,1.33203282,0.04794957,1.99131289,0.09990171,0.10036425,0.08166506,-0.02919613,0.00661918,0.03417353,1.30198469,0.54850252,0.60551165,0.981704615,2.1102137952,175,0.6221811193,-0.197704839,-0.1545233,1.1945423566
20150930,20150930,270371.0,01W,CHN,-0.1884,2015,9,20150831,20150831,446.30648669,2.2817305046,446.30648669,,,,0.0128499012,-0.227638394,0.4508385836,,,,,,,0.0300868382,,0.0282139127,-0.596018677,1.7746129002,7.4518144129,,3.4024878238,11.006884664,0.0967106619,0.0,0.0,0.1261292822,-0.013927609,0.1400568913,-0.017180322,0.0006493463,-0.034723004,0.0,0.0,0.0118484164,0.0230115441,0.106113844,0.1821002006,-0.108319245,,0.2493433002,0.9313569439,,,-1.008352513,0.160547458,6.857575131,0.0021934801,0.0935483871,0.0284935865,0.4489910189,0.5081163825,8.776959809,0.0577154127,0.0461588566,,,1.0,0.561775788,-0.039157933,-0.005328273,,-0.177999683,0.0099249916,0.0008327218,-0.038633499,-0.000762815,,-16.41628612,-1.834803126,4.2021656366,-1.393052581,-0.070526416,0.3242124662,4.8563691757,0.0537017751,0.1872379598,,-0.111375355,2.6179479007,-0.137135763,0.0522282129,-0.174669288,10.650373639,2.1236669267,0.5892336218,1.9942377089,0.525698633,4.0,-2.664221516,13.586591279,,,-0.344577018,1.4999454328,0.0301859457,0.0028342617,0.0,-0.004827124,0.0151275386,0.0007067042,-0.004139573,-0.004520464,,,0.0009194177,0.0018238051,0.0027538514,,,1.0451459563,0.430526837,0.2423268696,0.6228823423,0.4423748781,0.00021861,21466914.9021664,0.73173943,0.041868,0.57839619,0.00038393,0.00035528,0.00960103,0.05048402,0.90985171,-0.23592105,1.25170471,0.05093359,0.71193027,0.04147563,0.59188496,0.09141251,0.10251911,0.0696849,-0.12922285,0.00627066,0.03652142,1.26532228,0.55555073,0.63661481,0.9962684994,1.8176520587,176,0.5891897973,-0.193456422,-0.149595707,1.1481768317
20151030,20151031,270371.0,01W,CHN,0.32549,2015,10,20150930,20150930,362.22227564,1.851852125,362.22227564,,,,-0.188400155,-0.094796881,0.2894376322,,,,,,,-0.04035567,,0.0282139127,-0.596018677,1.7746129002,7.4518144129,,3.4024878238,11.006884664,0.0967106619,0.0,0.0,0.1261292822,-0.013927609,0.1400568913,-0.017180322,0.0006493463,-0.034723004,0.0,0.0,0.0118484164,0.0230115441,0.106113844,0.1821002006,-0.108319245,,0.2493433002,0.9313569439,,,-1.008352513,0.160547458,6.857575131,0.0021934801,0.0935483871,0.0284935865,0.4489910189,0.5081163825,8.776959809,0.0577154127,0.0461588566,,,1.0,0.561775788,-0.039157933,-0.005328273,,-0.177999683,0.0099249916,0.0008327218,-0.038633499,-0.000762815,,-16.41628612,-1.834803126,4.2021656366,-1.393052581,-0.070526416,0.3242124662,4.8563691757,0.0537017751,0.1872379598,,-0.111375355,2.6179479007,-0.137135763,0.0522282129,-0.174669288,10.650373639,2.1236669267,0.5892336218,1.9942377089,0.525698633,4.0,-2.664221516,13.586591279,,,-0.344577018,1.4999454328,0.0371931388,0.003492191,0.0,-0.005947665,0.0186391591,0.0008707544,-0.005100509,-0.005569819,,,0.0011328461,0.002249706,0.0033969396,,,1.0675050547,0.6545313927,0.7396192784,0.6225877815,0.4371020655,0.00047333,22290307.7484019,0.68533025,0.04319791,0.54709101,0.00036066,0.00037449,0.02690487,0.0211732,-0.06040479,-0.18986263,2.05274255,0.01512534,-0.29513567,0.01479413,-0.13489615,0.06734397,0.1000926,0.06167581,0.0940122,0.00675321,0.03591544,1.30361857,0.45088488,0.64748136,1.0363063254,1.3065576005,177,0.5290870845,-0.197948668,-0.148544954,1.031352621
20151130,20151130,270371.0,01W,CHN,0.247271,2015,11,20151030,20151031,480.12210453,2.4546119863,480.12210453,,,,0.3254902771,-0.177971177,-0.312623305,0.4449070672,,,,,,-0.005585362,,-0.077224765,-0.65665314,-0.010685876,1.7949371717,,2.9543958434,7.5592749639,0.1137992743,0.0,0.0,-0.000377909,0.0007098132,-0.001087722,-0.016936691,0.0006493463,-0.034723004,0.0,0.0,0.0118484164,0.0187083575,0.106113844,0.2072781556,-0.092286728,,0.1915076185,0.9313569439,,,-1.008352513,0.1449996266,7.5669305164,0.0021934801,0.0935483871,0.0284935865,0.3563199004,0.3925274783,8.776959809,0.0577154127,0.0278446607,,,2.0,0.561775788,0.1173208558,-0.005328273,,-0.510069689,0.0609288832,0.0057208212,-0.080993003,-0.004622691,,-5.222827393,-0.729808172,2.9778077978,-1.820406357,-0.204776606,0.376178242,2.7080218809,0.0486421572,0.1912711488,,-0.085159907,2.9414084377,-0.125837349,0.0527128984,-1.583046123,9.9939901679,2.1199558654,0.5373724091,0.1886462055,0.4678417281,4.0,-2.664221516,22.453995312,,,-0.278717051,5.5619419758,0.0279289245,0.0027945719,0.0,-0.004487143,0.011421598,0.0005351818,-0.003514502,-0.003766736,,,0.000854662,0.0016947732,0.0025590199,,19.303988617,1.1796294047,0.3215198228,0.057621397,0.5480798833,0.5101591118,0.00049647,22850646.8097715,0.66683126,0.0442302,0.53130111,0.00033199,0.00039689,0.02109865,0.02465171,0.55022062,0.50205237,1.08114337,0.02682351,0.64328976,0.02642513,0.51398131,0.07036221,0.09605957,0.04248599,0.14497574,0.00689293,0.035134,1.26699029,0.59764353,0.65713612,1.0519478454,1.3812541539,178,0.6975690519,-0.026935925,-0.098249162,1.100119873
20151231,20151231,270371.0,01W,CHN,0.14076,2015,12,20151130,20151130,598.84245956,3.0615667667,598.84245956,,,,0.2472711711,0.0757677041,-0.158441581,0.580820972,,,,,,-0.106454634,,-0.077224765,-0.65665314,-0.010685876,1.7949371717,,2.9543958434,7.5592749639,0.1137992743,0.0,0.0,-0.000377909,0.0007098132,-0.001087722,-0.016936691,0.0006493463,-0.034723004,0.0,0.0,0.0118484164,0.0187083575,0.106113844,0.2072781556,-0.092286728,,0.1915076185,0.9313569439,,,-1.008352513,0.1449996266,7.5669305164,0.0021934801,0.0935483871,0.0284935865,0.3563199004,0.3925274783,8.776959809,0.0577154127,0.0278446607,,,2.0,0.561775788,0.1173208558,-0.005328273,,-0.510069689,0.0609288832,0.0057208212,-0.080993003,-0.004622691,,-5.222827393,-0.729808172,2.9778077978,-1.820406357,-0.204776606,0.376178242,2.7080218809,0.0486421572,0.1912711488,,-0.085159907,2.9414084377,-0.125837349,0.0527128984,-1.583046123,9.9939901679,2.1199558654,0.5373724091,0.1886462055,0.4678417281,4.0,-2.664221516,22.453995312,,,-0.278717051,5.5619419758,0.0223920228,0.0022405488,0.0,-0.003597568,0.0091572693,0.0004290822,-0.002817753,-0.003019981,,,0.0006852255,0.0013575718,0.0020498632,,19.309806199,1.2056217423,0.2871572493,0.1717223817,0.5466503271,0.5109900353,0.00048806,22406085.7888291,0.68449713,0.04366769,0.54233202,0.00033496,0.00042057,0.00917538,0.03472525,0.73919571,-0.65287284,0.54074279,0.0296695,1.15888281,0.03221745,0.07092001,0.06026371,0.0855269,0.04232039,-0.50021973,0.00689781,0.03507958,1.32117333,0.74542354,0.64837112,1.0449109134,1.2007907437,179,0.6915528903,-0.015817816,-0.095850973,1.0928047598
20160129,20160131,270371.0,01W,CHN,-0.314664,2016,1,20151231,20151231,683.13524781,3.4925114919,683.13524781,,0.0,0.0,0.1407595385,0.6532458102,0.2145780492,0.7301339465,,,,0.1425348775,0.1138338601,0.0702012369,,-0.077224765,-0.65665314,-0.010685876,1.7949371717,,2.9543958434,7.5592749639,0.1137992743,0.0,0.0,-0.000377909,0.0007098132,-0.001087722,-0.016936691,0.0006493463,-0.034723004,0.0,0.0,0.0118484164,0.0187083575,0.106113844,0.2072781556,-0.092286728,,0.1915076185,0.9313569439,,,-1.008352513,0.1449996266,7.5669305164,0.0021934801,0.0935483871,0.0284935865,0.3563199004,0.3925274783,8.776959809,0.0577154127,0.0278446607,,,2.0,0.561775788,0.1173208558,-0.005328273,,-0.510069689,0.0609288832,0.0057208212,-0.080993003,-0.004622691,,-5.222827393,-0.729808172,2.9778077978,-1.820406357,-0.204776606,0.376178242,2.7080218809,0.0486421572,0.1912711488,,-0.085159907,2.9414084377,-0.125837349,0.0527128984,-1.583046123,9.9939901679,2.1199558654,0.5373724091,0.1886462055,0.4678417281,4.0,-2.664221516,22.453995312,,,-0.278717051,5.5619419758,0.0196290472,0.0019640851,0.0,-0.00315366,0.008027344,0.0003761373,-0.002470067,-0.002647343,,,0.0006006748,0.0011895296,0.0017961282,0.0291959582,19.312709237,1.2079901282,0.3533884311,0.3767713621,0.5306669754,0.5136828792,0.00068631,18090611.8644034,0.62775735,0.03706402,0.60634629,0.00040102,0.00046436,0.01388498,0.04113855,0.88953766,-0.17376056,0.12532658,0.0422476,0.87762639,0.04303092,1.12743161,0.06703631,0.09859788,0.04167671,0.43424264,0.00683626,0.03557516,1.37119415,0.85034902,0.63596455,1.0369953407,1.3470837176,180,0.7116327331,-0.006050246,-0.090206966,1.1448409008
20160229,20160229,270371.0,01W,CHN,-0.020524,2016,2,20160129,20160131,468.17738684,2.3935449225,468.17738684,,0.0,-1.11022e-16,-0.314663695,0.4228364855,0.5503101319,0.296362153,1.725031048,0.9667624954,0.444862851,0.2115288846,0.0659981711,0.0941165478,,-0.134253501,-0.433300361,-0.492690196,1.200514108,,0.2881750061,73.396446854,0.0947277865,0.0,0.0,-0.024910088,-0.211024052,0.1861139642,-0.043014792,0.0006493463,-0.034723004,0.0,0.0,0.0118484164,-0.010355671,0.106113844,0.2215063417,-0.10802432,,0.3230673025,0.9313569439,,,-1.008352513,0.1690737989,7.6749017154,0.0021934801,0.0935483871,0.0284935865,0.3353454229,0.3677898867,8.776959809,0.0577154127,0.0259059731,,,3.0,0.561775788,-0.039157933,-0.005328273,,-0.33715166,-0.053073459,-0.005310537,0.0356894373,0.0013528404,,-4.040307386,-0.707515192,3.4129899448,-1.682641631,0.1965151296,0.3915919188,1.6446090132,0.0528533724,0.1917683399,,-0.093521677,2.7313697478,-0.147044357,0.0610494786,-0.168219478,14.665251569,2.1186295362,0.5892336218,2.0432790409,0.4359974538,4.0,-2.664221516,15.5925704,,,-0.28286202,5.2836612168,0.0273976562,0.0018682023,0.0,-0.004601625,0.0108578813,0.0006035551,-0.004028671,-0.00420916,,,0.0008764672,0.0017382123,0.0026246106,0.0244227953,19.313507721,1.2101235524,0.342071443,0.4661557489,0.6152843173,0.569214053,0.00117682,16231257.2087836,0.67130962,0.03166294,0.62586905,0.00046861,0.00046981,0.0240601,0.03072004,-0.77687878,0.02909092,1.7818661,0.03064716,-0.66837505,0.03061318,-0.90641707,0.04701312,0.05143848,0.05724236,-0.32350986,0.00355773,0.03617045,1.33505795,0.58277505,0.65521808,1.0569034079,0.8950877999,181,0.7831346949,0.2109102688,-0.063081577,1.0121039942
20160331,20160331,270371.0,01W,CHN,0.411569,2016,3,20160229,20160229,458.56858462,2.3444201668,458.56858462,,0.0,-4.44089e-16,-0.020523849,-0.218196072,0.0490042175,-0.179378292,0.5414925177,0.4508385836,0.67396269,0.1396299281,0.0514387368,0.0116565679,,-0.134253501,-0.433300361,-0.492690196,1.200514108,,0.2881750061,73.396446854,0.0947277865,0.0,0.0,-0.024910088,-0.211024052,0.1861139642,-0.043014792,0.0006493463,-0.034723004,0.0,0.0,0.0118484164,-0.010355671,0.106113844,0.2215063417,-0.10802432,,0.3230673025,0.9313569439,,,-1.008352513,0.1690737989,7.6749017154,0.0021934801,0.0935483871,0.0284935865,0.3353454229,0.3677898867,8.776959809,0.0577154127,0.0259059731,,,3.0,0.561775788,-0.039157933,-0.005328273,,-0.33715166,-0.053073459,-0.005310537,0.0356894373,0.0013528404,,-4.040307386,-0.707515192,3.4129899448,-1.682641631,0.1965151296,0.3915919188,1.6446090132,0.0528533724,0.1917683399,,-0.093521677,2.7313697478,-0.147044357,0.0610494786,-0.168219478,14.665251569,2.1186295362,0.5892336218,2.0432790409,0.4359974538,4.0,-2.664221516,15.5925704,,,-0.28286202,5.2836612168,0.0279717441,0.0019073484,0.0,-0.004698047,0.0110853963,0.0006162019,-0.004113087,-0.004297359,,,0.0008948326,0.0017748065,0.002679866,0.0203440965,19.313092297,1.2240638367,0.2979742087,0.2187891237,0.606626912,0.5604304915,0.00156477,12502338.6398063,0.59420406,0.02402925,0.54931887,0.00065696,0.0004918,0.02025689,0.02064645,0.56279466,-0.03703404,1.31324035,0.01788086,0.71890661,0.01838981,0.78075523,0.04734983,0.06053857,0.04746685,-0.97998195,0.00404392,0.03575539,1.30034586,0.57081427,0.66396882,1.064070676,0.8908003341,182,0.77692975,0.2030242743,-0.065710476,0.9950860811
20160429,20160430,270371.0,01W,CHN,0.005579,2016,4,20160331,20160331,647.30142396,3.3093119834,647.30142396,,0.0,-5.55112e-16,0.4115694918,-0.328729434,0.2659867034,-0.069926776,0.324864432,0.2894376322,0.8596502975,0.5224656148,0.041357271,0.0307632923,,-0.134253501,-0.433300361,-0.492690196,1.200514108,,0.2881750061,73.396446854,0.0947277865,0.0,0.0,-0.024910088,-0.211024052,0.1861139642,-0.043014792,0.0006493463,-0.034723004,0.0,0.0,0.0118484164,-0.010355671,0.106113844,0.2215063417,-0.10802432,,0.3230673025,0.9313569439,,,-1.008352513,0.1690737989,7.6749017154,0.0021934801,0.0935483871,0.0284935865,0.3353454229,0.3677898867,8.776959809,0.0577154127,0.0259059731,,,3.0,0.561775788,-0.039157933,-0.005328273,,-0.33715166,-0.053073459,-0.005310537,0.0356894373,0.0013528404,,-4.040307386,-0.707515192,3.4129899448,-1.682641631,0.1965151296,0.3915919188,1.6446090132,0.0528533724,0.1917683399,,-0.093521677,2.7313697478,-0.147044357,0.0610494786,-0.168219478,14.665251569,2.1186295362,0.5892336218,2.0432790409,0.4359974538,4.0,-2.664221516,15.5925704,,,-0.28286202,5.2836612168,0.0198160588,0.0013512253,0.0,-0.003328243,0.0078532417,0.0004365367,-0.00291384,-0.003044383,,,0.0006339274,0.0012556004,0.0018958917,0.0179471206,19.318993949,1.2846545124,0.4220011666,0.6756757542,0.603093288,0.5646809019,0.00122903,11893986.6601969,0.62982907,0.02126657,0.61177867,0.00078379,0.00049902,0.01335917,0.02478374,-1.62922042,-0.09324239,0.975871,0.02420117,-1.71205354,0.02373694,-1.5628619,0.04449169,0.05281253,0.02955264,-1.88793539,0.00391795,0.03591037,1.33456735,0.805744,0.66399745,1.0614308559,0.8300540416,183,0.7762908182,0.1995587761,-0.064562801,0.9779043016
20160531,20160531,270371.0,01W,CHN,-0.162042,2016,5,20160429,20160430,650.91286869,3.3277754023,650.91286869,,0.0,-5.27356e-16,0.0055792319,0.382598652,0.3482016717,0.4689886947,0.2283615438,-0.312623305,1.7420877541,0.0826475101,0.0343510639,-0.017559583,,-0.183016337,-0.396988844,0.19017759,0.289734932,,-0.456694287,,0.0366032338,0.0,0.0,-0.039958596,-0.223725863,0.183767267,-0.045883423,-0.003035359,-0.042848064,0.0,0.0,-0.004704507,-0.002957939,0.0707948709,0.1487458141,0.0112592405,,0.0236918789,0.1200950524,,,-0.069754217,0.0492702344,20.85026738,0.0492702344,20.85026738,0.1694362276,0.2999052252,0.3163796702,1.6963806971,0.0244962465,0.0386175523,,,0.0,0.1151286866,0.0175628315,-0.025363746,,-0.462131673,0.0148946681,0.0010156435,-0.247431325,-0.016822328,,-2.243404031,-0.393990087,0.7231998573,-0.723192896,0.5136344082,0.354537217,4.9211719939,0.0494515922,0.1215229001,,0.0091986156,12.080213904,-0.046907184,0.0605294749,-0.068161249,10.025972381,2.08579714,0.5399720478,1.7450680619,0.4084995744,4.0,-2.431633687,37.83348116,,,-0.200610558,0.3698187321,0.0187214957,0.0018672997,0.0,-0.000722978,0.0065865314,4.42398e-05,-0.000878173,-0.001133675,,,0.0001613453,0.0038855056,0.0009725601,0.0112705041,19.322293621,1.2850996993,0.3570501234,0.7048900677,0.579795772,0.5160637507,0.00142579,10800502.3797579,0.67809685,0.01814139,0.66032952,0.00092735,0.00051151,0.00928555,0.01735638,0.3591151,-0.58949324,1.3492962,0.01795606,0.67472875,0.01823897,0.76843914,0.02576686,0.04956933,0.02402595,-0.7216205,0.00379403,0.0349579,1.32184649,0.81023944,0.66421505,1.0476650777,0.4892886971,184,0.7702999229,-1.03356258,1.3008177687,1.0122245138
20160630,20160630,270371.0,01W,CHN,-0.100798,2016,6,20160531,20160531,545.43741841,2.788534859,545.43741841,,0.0,-3.53884e-16,-0.162042349,0.4194449653,0.0869517655,0.4584436662,0.14092061,-0.158441581,2.2672954646,-0.135789129,0.0319644075,0.0024273818,,-0.183016337,-0.396988844,0.19017759,0.289734932,,-0.456694287,,0.0366032338,0.0,0.0,-0.039958596,-0.223725863,0.183767267,-0.045883423,-0.003035359,-0.042848064,0.0,0.0,-0.004704507,-0.002957939,0.0707948709,0.1487458141,0.0112592405,,0.0236918789,0.1200950524,,,-0.069754217,0.0492702344,20.85026738,0.0492702344,20.85026738,0.1694362276,0.2999052252,0.3163796702,1.6963806971,0.0244962465,0.0386175523,,,0.0,0.1151286866,0.0175628315,-0.025363746,,-0.462131673,0.0148946681,0.0010156435,-0.247431325,-0.016822328,,-2.243404031,-0.393990087,0.7231998573,-0.723192896,0.5136344082,0.354537217,4.9211719939,0.0494515922,0.1215229001,,0.0091986156,12.080213904,-0.046907184,0.0605294749,-0.068161249,10.025972381,2.08579714,0.5399720478,1.7450680619,0.4084995744,4.0,-2.431633687,37.83348116,,,-0.200610558,0.3698187321,0.0223418161,0.0022283939,0.0,-0.000862786,0.0078602199,5.27948e-05,-0.001047992,-0.001352903,,,0.0001925459,0.0046375247,0.001160794,0.0104302573,19.320158786,1.287907889,0.4449739766,0.5599716588,0.5839573901,0.5257985062,0.00143932,8601565.83388584,0.6023262,0.014037,0.5215498,0.00119541,0.00054851,0.00889963,0.03142014,2.07133586,-0.485175,1.99204779,0.02851872,1.89183121,0.02907651,2.15627027,0.0457403,0.10002864,0.04284947,0.63635316,0.00433244,0.03525446,1.2969315,0.67894634,0.66449009,1.0786401421,0.8595468396,185,0.680462004,-1.042905057,1.3074214584,0.8558368855
20160729,20160731,270371.0,01W,CHN,-0.052118,2016,7,20160630,20160630,490.45817843,2.5074548999,490.45817843,,0.0,-4.45824e-16,-0.100798438,-0.157367189,-0.201567449,0.5058086018,0.1062614299,0.2145780492,1.6340117538,-0.106281081,0.0324628296,-0.020839127,,-0.183016337,-0.396988844,0.19017759,0.289734932,,-0.456694287,,0.0366032338,0.0,0.0,-0.039958596,-0.223725863,0.183767267,-0.045883423,-0.003035359,-0.042848064,0.0,0.0,-0.004704507,-0.002957939,0.0707948709,0.1487458141,0.0112592405,,0.0236918789,0.1200950524,,,-0.069754217,0.0492702344,20.85026738,0.0492702344,20.85026738,0.1694362276,0.2999052252,0.3163796702,1.6963806971,0.0244962465,0.0386175523,,,0.0,0.1151286866,0.0175628315,-0.025363746,,-0.462131673,0.0148946681,0.0010156435,-0.247431325,-0.016822328,,-2.243404031,-0.393990087,0.7231998573,-0.723192896,0.5136344082,0.354537217,4.9211719939,0.0494515922,0.1215229001,,0.0091986156,12.080213904,-0.046907184,0.0605294749,-0.068161249,10.025972381,2.08579714,0.5399720478,1.7450680619,0.4084995744,4.0,-2.431633687,37.83348116,,,-0.200610558,0.3698187321,0.0248462825,0.0024781918,0.0,-0.000959503,0.0087413326,5.8713e-05,-0.001165469,-0.00150456,,,0.0002141298,0.0051578799,0.0012910414,0.0120249166,19.318681949,1.2821660808,0.2309844891,-0.144716143,0.583361819,0.514922039,0.00112397,6949409.52312945,0.44489961,0.01240272,0.45727806,0.00134564,0.00065583,0.00737067,0.03092934,-1.11176977,-0.34021353,1.01000237,0.03252065,-1.30882437,0.03337731,-0.89504051,0.02522166,0.06177908,0.03252992,-1.1612024,0.00452644,0.03448224,1.28651417,0.62426945,0.65904867,1.0718965786,0.4981734521,186,0.6988383228,-1.058751229,1.3006366631,0.8972916668
20160831,20160831,270371.0,01W,CHN,0.079844,2016,8,20160729,20160731,464.8963713,2.3767708144,464.8963713,,0.0,-4.23273e-16,-0.05211822,-0.246507172,0.0475904907,0.0215280109,0.1130479444,0.5503101319,1.2666899665,0.0128499012,0.0265566368,,,-0.129984623,-0.470538503,-0.461547757,0.2298516391,,-0.674883049,,0.0289789706,0.0,0.0,-0.069725951,-0.140668427,0.0709424756,-0.048531607,-0.003035359,-0.042848064,0.0,0.0,-0.01190588,-0.009492411,0.0707948709,0.1366485849,0.1074967671,,-0.043574912,0.1200950524,,,-0.069754217,-0.061574827,-14.35631366,0.0492702344,20.85026738,0.1694362276,0.2593417855,0.2837805882,1.6963806971,0.0244962465,0.0219078059,,,0.0,0.1151286866,0.0175628315,-0.025363746,0.493996539,-0.513464546,-0.056902947,-0.005675439,-0.066827938,-0.006508161,,-1.894772879,-0.289815348,0.7271874903,-0.522593454,0.389518691,0.2275443277,1.6631852276,0.0399527937,0.1188863701,,0.0935238404,12.080213904,0.0572857857,0.0459219397,0.1944215486,10.159591755,2.0873878156,0.5399720478,1.9672623387,0.4233627714,4.0,-2.431633687,37.088303572,,,-0.285538208,1.5033760386,0.0252120847,0.0024816041,0.0,-0.00101226,0.0076891741,-0.000108136,0.0014442941,0.0012474034,,,0.0002259035,0.0054417676,0.0013620998,0.0125949038,19.320750006,1.2812421219,0.0954373688,-0.374090209,0.6893488593,0.428611365,0.00134795,6515130.29353371,0.44350622,0.01182564,0.43350163,0.00139117,0.0007621,0.00942016,0.0097676,-0.79402027,0.09041241,0.03967399,0.01009327,-0.53848947,0.01031661,-0.37282681,0.01210264,0.01828342,0.01225074,-0.23331408,0.00352883,0.03145214,1.28924376,0.59173364,0.65837684,1.0809548751,0.2712395423,187,1.3657482576,0.0547066255,1.6567120168,0.9110919306
20160930,20160930,270371.0,01W,CHN,0.225136,2016,9,20160831,20160831,502.01557935,2.5665418167,502.01557935,,0.0,-3.88578e-16,0.0798440477,-0.147663223,0.0137989973,-0.223675002,0.0416527323,0.0490042175,1.1659099498,-0.188400155,0.0509424734,,,-0.129984623,-0.470538503,-0.461547757,0.2298516391,,-0.674883049,,0.0289789706,0.0,0.0,-0.069725951,-0.140668427,0.0709424756,-0.048531607,-0.003035359,-0.042848064,0.0,0.0,-0.01190588,-0.009492411,0.0707948709,0.1366485849,0.1074967671,,-0.043574912,0.1200950524,,,-0.069754217,-0.061574827,-14.35631366,0.0492702344,20.85026738,0.1694362276,0.2593417855,0.2837805882,1.6963806971,0.0244962465,0.0219078059,,,0.0,0.1151286866,0.0175628315,-0.025363746,0.493996539,-0.513464546,-0.056902947,-0.005675439,-0.066827938,-0.006508161,,-1.894772879,-0.289815348,0.7271874903,-0.522593454,0.389518691,0.2275443277,1.6631852276,0.0399527937,0.1188863701,,0.0935238404,12.080213904,0.0572857857,0.0459219397,0.1944215486,10.159591755,2.0873878156,0.5399720478,1.9672623387,0.4233627714,4.0,-2.431633687,37.088303572,,,-0.285538208,1.5033760386,0.0233478943,0.0022981134,0.0,-0.000937413,0.0071206339,-0.00010014,0.0013375025,0.00115517,,,0.0002092001,0.0050390238,0.0012612911,0.012439368,19.321680421,1.2869080685,-0.110509972,-0.451313715,0.6897279399,0.3477107218,0.0008205,6784769.8484439,0.50295506,0.01260864,0.5079924,0.00126259,0.00092487,0.0092545,0.02740278,2.06271916,-0.59415035,-0.48025727,0.0275993,2.13175426,0.02651792,1.9332552,0.03903692,0.09868372,0.02805837,1.6995398,0.0029843,0.02867037,1.38706754,0.63898005,0.65734367,1.1473045651,0.9616416134,188,1.3413710073,0.045775399,1.6571613214,0.8291424318
20161031,20161031,270371.0,01W,CHN,-0.050825,2016,10,20160930,20160930,615.03728632,3.1443624045,615.03728632,,0.0,-4.44089e-16,0.2251358556,0.0235644983,-0.224448517,-0.26513003,0.3859323766,0.2659867034,0.9378635414,0.3254902771,0.0418193441,,,-0.129984623,-0.470538503,-0.461547757,0.2298516391,,-0.674883049,,0.0289789706,0.0,0.0,-0.069725951,-0.140668427,0.0709424756,-0.048531607,-0.003035359,-0.042848064,0.0,0.0,-0.01190588,-0.009492411,0.0707948709,0.1366485849,0.1074967671,,-0.043574912,0.1200950524,,,-0.069754217,-0.061574827,-14.35631366,0.0492702344,20.85026738,0.1694362276,0.2593417855,0.2837805882,1.6963806971,0.0244962465,0.0219078059,,,0.0,0.1151286866,0.0175628315,-0.025363746,0.493996539,-0.513464546,-0.056902947,-0.005675439,-0.066827938,-0.006508161,,-1.894772879,-0.289815348,0.7271874903,-0.522593454,0.389518691,0.2275443277,1.6631852276,0.0399527937,0.1188863701,,0.0935238404,12.080213904,0.0572857857,0.0459219397,0.1944215486,10.159591755,2.0873878156,0.5399720478,1.9672623387,0.4233627714,4.0,-2.431633687,37.088303572,,,-0.285538208,1.5033760386,0.0190573921,0.0018758029,0.0,-0.00076515,0.0058121178,-8.1738e-05,0.0010917177,0.0009428913,,,0.0001707567,0.0041123236,0.0010293337,0.0152328295,19.323821807,1.2780415493,-0.054668897,-1.031014722,0.6910217491,0.4253683741,0.00059322,7270150.01316571,0.56820158,0.01365923,0.56351547,0.00112239,0.0009539,0.01204319,0.0214294,0.81714614,-0.10315166,2.21048098,0.0207641,-0.41610314,0.02190712,0.87156654,0.04235744,0.05970873,0.02330264,0.40849995,0.00258952,0.02830253,1.31579056,0.78283736,0.65737494,1.1419576796,1.1359471962,189,1.3344290363,0.0348628714,1.6563307775,0.8113940836
20161130,20161130,270371.0,01W,CHN,0.110199,2016,11,20161031,20161031,583.77773353,2.98454874,583.77773353,,0.0,-3.60822e-16,-0.05082546,0.3229556613,-0.055115798,0.3136843077,0.2810018129,0.3482016717,1.4383886921,0.2472711711,0.0147196504,,,-0.141545403,-0.346034693,-0.349927444,-0.338405455,,-0.742166651,,-0.069852558,0.0,0.0,-0.079033642,-0.098703409,0.0196697668,-0.076182171,-0.003035359,-0.042848064,0.0,0.0,-0.017145864,-0.024631675,0.0707948709,0.0732665971,0.1201891396,,-0.174384848,0.1200950524,,,-0.069754217,-0.09655184,-6.02295749,0.0492702344,20.85026738,0.1694362276,0.2881744741,0.2878096874,1.6963806971,0.0244962465,0.0227676405,,,0.0,0.1151286866,-0.099763233,-0.025363746,-0.356874039,0.0094610485,-0.049570688,-0.004879201,-0.110499571,-0.010600022,,-0.640222091,-0.334501969,0.0799800537,-0.000515589,0.7449628373,-0.600623331,1.2138230418,0.0202915483,0.0628960471,,0.1031769194,12.080213904,0.0805212041,0.0236372993,0.2063585527,10.87822382,1.9848994714,0.5467309041,0.1847077693,0.4238978635,4.0,-2.431633687,26.593254845,,,-0.258711378,5.5658160396,0.0197185837,0.0018126657,0.0,-0.000806122,0.0061430741,-0.000316101,0.0015877641,0.0014529084,,,0.0001799002,0.0043327039,0.001084496,0.0115487413,19.328178121,1.2791452483,0.038274899,-0.344304053,0.7760714371,0.3778890202,0.00055356,8015319.42144662,0.5883192,0.01511902,0.55505799,0.00096528,0.00098342,0.00851648,0.01354162,-0.04372872,-0.13252652,-1.54357729,0.01353214,-0.37501458,0.01200551,0.34883947,0.00976857,0.02828501,0.01373214,0.11693878,0.00244349,0.02794365,1.3475518,0.7430493,0.6568984,1.1544122077,0.2736613368,190,0.9552856097,-0.614425892,1.4904801569,0.7172535549
20161216,20161231,270371.0,01W,CHN,0.105285,2016,12,20161130,20161130,648.10974141,3.3134444858,648.10974141,,0.0,-8.18789e-16,0.1101994889,0.1628677626,0.0702927849,0.2730434511,-0.025156409,0.0869517655,2.2560500177,0.1407595385,0.0119414641,,,-0.141545403,-0.346034693,-0.349927444,-0.338405455,,-0.742166651,,-0.069852558,0.0,0.0,-0.079033642,-0.098703409,0.0196697668,-0.076182171,-0.003035359,-0.042848064,0.0,0.0,-0.017145864,-0.024631675,0.0707948709,0.0732665971,0.1201891396,,-0.174384848,0.1200950524,,,-0.069754217,-0.09655184,-6.02295749,0.0492702344,20.85026738,0.1694362276,0.2881744741,0.2878096874,1.6963806971,0.0244962465,0.0227676405,,,0.0,0.1151286866,-0.099763233,-0.025363746,-0.356874039,0.0094610485,-0.049570688,-0.004879201,-0.110499571,-0.010600022,,-0.640222091,-0.334501969,0.0799800537,-0.000515589,0.7449628373,-0.600623331,1.2138230418,0.0202915483,0.0628960471,,0.1031769194,12.080213904,0.0805212041,0.0236372993,0.2063585527,10.87822382,1.9848994714,0.5467309041,0.1847077693,0.4238978635,4.0,-2.431633687,26.593254845,,,-0.258711378,5.5658160396,0.0177612977,0.0016327388,0.0,-0.000726105,0.0055333066,-0.000284725,0.0014301611,0.0013086913,,,0.0001620431,0.003902323,0.0009767696,0.0093044326,19.328689833,1.2779408133,-0.179934075,-0.280303452,0.7718916121,0.3301100172,0.0002809,11955800.0934255,0.81077147,0.02066263,0.67072945,0.00065406,0.00091514,0.00648385,0.03294569,0.67638829,0.07690341,2.94324172,0.03413414,0.87341507,0.03086497,1.42690488,0.054594,0.08673113,0.03531302,0.5099025,0.00170973,0.02778885,1.28039047,0.82493295,0.65238108,1.1913153754,1.5617350469,191,0.9082838361,-0.618390218,1.4886568943,0.6191872551
20170126,20170131,270371.0,01W,CHN,-0.159464,2017,1,20161216,20161231,716.34604189,3.6623008277,716.34604189,,0.0,-6.38378e-16,0.1052851024,0.0537730896,0.3214373211,0.0012487497,-0.051271701,-0.201567449,4.9623799127,-0.314663695,0.0501186275,0.114125385,,-0.141545403,-0.346034693,-0.349927444,-0.338405455,,-0.742166651,,-0.069852558,0.0,0.0,-0.079033642,-0.098703409,0.0196697668,-0.076182171,-0.003035359,-0.042848064,0.0,0.0,-0.017145864,-0.024631675,0.0707948709,0.0732665971,0.1201891396,,-0.174384848,0.1200950524,,,-0.069754217,-0.09655184,-6.02295749,0.0492702344,20.85026738,0.1694362276,0.2881744741,0.2878096874,1.6963806971,0.0244962465,0.0227676405,,,0.0,0.1151286866,-0.099763233,-0.025363746,-0.356874039,0.0094610485,-0.049570688,-0.004879201,-0.110499571,-0.010600022,,-0.640222091,-0.334501969,0.0799800537,-0.000515589,0.7449628373,-0.600623331,1.2138230418,0.0202915483,0.0628960471,,0.1031769194,12.080213904,0.0805212041,0.0236372993,0.2063585527,10.87822382,1.9848994714,0.5467309041,0.1847077693,0.4238978635,4.0,-2.431633687,26.593254845,,,-0.258711378,5.5658160396,0.0160694265,0.0014772105,0.0,-0.000656939,0.0050062256,-0.000257603,0.0012939296,0.0011840305,,,0.0001466075,0.0035303587,0.0008836652,0.0081762775,19.329132154,1.1804419142,-0.275962824,-0.084801819,0.7645028201,0.3374669523,,13335934.1693027,0.74087244,0.02224605,0.62226384,0.00056799,0.00090371,0.03635478,,,,,,,,,,,,,0.00150543,0.02611617,1.27161349,0.98480634,0.64469751,1.133672387,,192,0.978875002,-0.620317304,1.4918605693,0.7349207039
20170228,20170228,270371.0,01W,CHN,-0.038775,2017,2,20170126,20170131,602.1144158,3.0782945593,602.1144158,,0.0,-1.66533e-16,-0.159464308,0.2270869558,0.5408725172,0.1005252413,0.5300739891,0.0475904907,2.6553542126,-0.020523849,0.0374876766,0.1355692447,,-0.101330572,-0.247108282,-0.157539497,-0.342289096,,-0.800814427,,-0.066134394,0.0,0.0,-0.04948815,-0.068537252,0.0190491022,-0.058165023,-0.003035359,-0.042848064,0.0,0.0,-0.015937145,-0.015314442,0.0707948709,0.0732317507,0.1202738044,,-0.196648515,0.1200950524,,,-0.069754217,-0.091611832,-7.692300278,0.0492702344,20.85026738,0.1694362276,0.3036295199,0.31430033,1.6963806971,0.0244962465,0.0237239808,,,0.0,0.1151286866,0.0175628315,-0.025363746,-0.572611527,0.3062802486,-0.022643611,-0.002081554,0.0304298483,0.0032289834,,-0.359753223,-0.228148059,-0.121302897,0.2720581991,0.7851969197,0.3371450083,0.5856357875,0.0257576384,0.0658111356,,0.108086391,12.080213904,0.0797022823,0.0286619724,0.2267466396,16.511834701,1.9843646336,0.5399720478,2.031173031,0.4467717063,4.0,-2.431633687,35.046481824,,,-0.259793833,5.2931888496,0.0191445335,0.0011594431,0.0,-0.000781572,0.0063563678,-0.000228003,0.001525863,0.0014076316,,,0.0001744216,0.0042006533,0.0010514431,0.0119357836,19.321398906,1.1832472936,-0.062100048,0.4311977483,0.6979314689,0.3849541298,,19450419.8205239,0.88107802,0.03033529,0.742453,0.00035714,0.00070361,0.03211581,,,,,,,,,,,,,0.00136759,0.02884533,1.46675863,0.71187634,0.6332146,1.4045131655,,193,0.5465050437,-0.653718295,1.4783941221,-0.112584817
20170331,20170331,270371.0,01W,CHN,-0.105441,2017,3,20170228,20170228,578.7676383,2.9589347562,578.7676383,,0.0,-1.66533e-16,-0.038774653,-0.070968422,0.1993938845,0.1039110913,0.3130302336,0.0137989973,1.9423362482,0.4115694918,-0.0034527,0.0401048136,,-0.101330572,-0.247108282,-0.157539497,-0.342289096,,-0.800814427,,-0.066134394,0.0,0.0,-0.04948815,-0.068537252,0.0190491022,-0.058165023,-0.003035359,-0.042848064,0.0,0.0,-0.015937145,-0.015314442,0.0707948709,0.0732317507,0.1202738044,,-0.196648515,0.1200950524,,,-0.069754217,-0.091611832,-7.692300278,0.0492702344,20.85026738,0.1694362276,0.3036295199,0.31430033,1.6963806971,0.0244962465,0.0237239808,,,0.0,0.1151286866,0.0175628315,-0.025363746,-0.572611527,0.3062802486,-0.022643611,-0.002081554,0.0304298483,0.0032289834,,-0.359753223,-0.228148059,-0.121302897,0.2720581991,0.7851969197,0.3371450083,0.5856357875,0.0257576384,0.0658111356,,0.108086391,12.080213904,0.0797022823,0.0286619724,0.2267466396,16.511834701,1.9843646336,0.5399720478,2.031173031,0.4467717063,4.0,-2.431633687,35.046481824,,,-0.259793833,5.2931888496,0.0199168005,0.0012062137,0.0,-0.0008131,0.0066127759,-0.0002372,0.0015874145,0.0014644138,,,0.0001814575,0.0043702404,0.0010938915,0.0121795317,19.320917485,1.1598538987,-0.12465239,0.1096050577,0.6977852341,0.3417026568,0.00052715,21254984.3927696,0.78274692,0.03251754,0.67229581,0.00032859,0.000649,0.01084045,0.01877894,0.27854773,-0.08873142,1.10923645,0.01864239,0.90163869,0.01953391,0.69378103,0.02238276,0.03180392,0.01896439,0.15253169,0.00113117,0.02859723,1.41562256,0.68427358,0.63325795,1.5269175724,0.7143998142,194,0.5268762211,-0.670799442,1.4799237901,-0.153787205
20170428,20170430,270371.0,01W,CHN,0.159169,2017,4,20170331,20170331,517.74177538,2.6469415919,517.74177538,,0.0,1.387779e-16,-0.105441042,-0.192055788,-0.058971462,0.1800550256,-0.105876155,-0.224448517,3.3992827473,0.0055792319,-0.013545452,0.1532503173,,-0.101330572,-0.247108282,-0.157539497,-0.342289096,,-0.800814427,,-0.066134394,0.0,0.0,-0.04948815,-0.068537252,0.0190491022,-0.058165023,-0.003035359,-0.042848064,0.0,0.0,-0.015937145,-0.015314442,0.0707948709,0.0732317507,0.1202738044,,-0.196648515,0.1200950524,,,-0.069754217,-0.091611832,-7.692300278,0.0492702344,20.85026738,0.1694362276,0.3036295199,0.31430033,1.6963806971,0.0244962465,0.0237239808,,,0.0,0.1151286866,0.0175628315,-0.025363746,-0.572611527,0.3062802486,-0.022643611,-0.002081554,0.0304298483,0.0032289834,,-0.359753223,-0.228148059,-0.121302897,0.2720581991,0.7851969197,0.3371450083,0.5856357875,0.0257576384,0.0658111356,,0.108086391,12.080213904,0.0797022823,0.0286619724,0.2267466396,16.511834701,1.9843646336,0.5399720478,2.031173031,0.4467717063,4.0,-2.431633687,35.046481824,,,-0.259793833,5.2931888496,0.0222643799,0.0013483892,0.0,-0.000908939,0.0073922192,-0.000265159,0.0017745219,0.0016370232,,,0.0002028458,0.0048858263,0.0012229451,0.0086927443,19.319454038,1.1647808911,-0.303377828,-0.321447692,0.7119486649,0.2284128414,0.00065464,20989662.4669926,0.78642584,0.03220269,0.67189819,0.00033686,0.00061092,0.00778609,0.02239646,1.07445212,-0.19956032,1.43544988,0.02173387,1.07141047,0.0223981,0.78179169,0.02896645,0.0610627,0.02443956,0.88420971,0.001126,0.02828958,1.42942938,0.61212306,0.63596994,1.7488886567,0.9474037622,195,0.4949756567,-0.672836268,1.4805595379,-0.225187295
20170531,20170531,270371.0,01W,CHN,-0.198507,2017,5,20170428,20170430,600.150182,3.0682524642,600.150182,,0.0,1.110223e-16,0.1591689343,-0.140127255,-0.113118323,0.1136713628,-0.204591274,-0.055115798,3.340585125,-0.162042349,0.0156555734,0.0259484823,,-0.245925006,-0.058271698,,-0.549600048,,-0.780629713,,-0.11875483,0.0,0.0,-0.139702599,-0.36117452,0.2214719203,-0.142187458,0.0071734346,-0.149360893,0.0,0.0,-0.02136028,0.0408070503,-0.099086888,0.0789531421,-0.086992634,,0.2906555596,-0.125411945,,,-0.175364363,0.0763986836,1.5186915888,0.0763986836,1.5186915888,0.2617695532,0.4499608212,0.3777667104,1.2656764932,,0.0069738286,,,1.0,0.0543771226,-0.212620851,-0.066884382,,0.4714415287,0.8659706017,0.05244545,0.8510759337,0.0514298065,,0.2011154847,0.0511576048,-0.396698167,0.1189073274,1.4642401756,2.7140060097,,-0.007988633,0.0595365902,,-0.06559897,0.9439252336,-0.026093089,-0.010593951,0.0208140951,5.7777978993,1.8547587637,0.5069706159,1.6811264732,0.341907009,4.0,-3.337805012,64.011361509,,,-0.459023445,0.2380346385,0.0153115091,0.0026500597,0.0,-0.00010678,0.0067273698,0.0007702546,-0.000399525,,,,,0.0053158041,-0.000162227,0.0062949149,19.303321344,1.1585778273,-0.382939902,-0.345090019,0.6614998087,0.462811633,0.00073414,20363423.188,0.81727839,0.03133988,0.6963387,0.00036032,0.00057214,0.00963874,0.02053658,0.31479041,0.14976082,-0.3461925,0.0207414,0.8437628,0.02102775,0.58879134,0.03530809,0.04129744,0.02053823,0.31470502,0.00128182,0.02877606,1.27016511,0.70955403,0.63578319,1.817108304,1.1565564113,196,0.0986710049,-0.696316483,0.6894480341,0.086821051
20170630,20170630,270371.0,01W,CHN,-0.014551,2017,6,20170531,20170531,481.016038,2.4591821984,481.016038,,0.0,-1.38778e-16,-0.19850722,0.0369449539,-0.073999134,0.1954811896,0.1003098829,0.0702927849,2.9118248429,-0.100798438,0.0067729569,-0.049517211,,-0.245925006,-0.058271698,,-0.549600048,,-0.780629713,,-0.11875483,0.0,0.0,-0.139702599,-0.36117452,0.2214719203,-0.142187458,0.0071734346,-0.149360893,0.0,0.0,-0.02136028,0.0408070503,-0.099086888,0.0789531421,-0.086992634,,0.2906555596,-0.125411945,,,-0.175364363,0.0763986836,1.5186915888,0.0763986836,1.5186915888,0.2617695532,0.4499608212,0.3777667104,1.2656764932,,0.0069738286,,,1.0,0.0543771226,-0.212620851,-0.066884382,,0.4714415287,0.8659706017,0.05244545,0.8510759337,0.0514298065,,0.2011154847,0.0511576048,-0.396698167,0.1189073274,1.4642401756,2.7140060097,,-0.007988633,0.0595365902,,-0.06559897,0.9439252336,-0.026093089,-0.010593951,0.0208140951,5.7777978993,1.8547587637,0.5069706159,1.6811264732,0.341907009,4.0,-3.337805012,64.011361509,,,-0.459023445,0.2380346385,0.0191037393,0.0033064049,0.0,-0.000133226,0.0083935501,0.000961025,-0.000498476,,,,,0.0066325547,-0.000202411,0.00748821,19.295888219,1.1754393154,-0.078407544,-0.049982072,0.6500433523,0.6071734498,0.00050763,17577945.1514531,0.92822543,0.0278226,0.76479741,0.00041365,0.00051658,0.04307815,0.04623189,-0.12116258,-0.28020632,2.40620668,0.04276834,-0.17387028,0.04500411,-0.27617547,0.03597562,0.0668263,0.05090729,-0.43979801,0.00167381,0.02993498,1.09758619,0.56870244,0.63953807,2.0555878983,1.1595189637,197,0.0824936046,-0.70456305,0.7008807783,0.0186023248
20170731,20170731,270371.0,01W,CHN,-0.082849,2017,7,20170630,20170630,474.01663841,2.4233979469,474.01663841,,0.0,0.0,-0.014551281,-0.070934468,-0.328514419,-0.217907518,-0.019251673,0.3214373211,2.0822883132,-0.05211822,0.0101881332,-0.057046376,,-0.245925006,-0.058271698,,-0.549600048,,-0.780629713,,-0.11875483,0.0,0.0,-0.139702599,-0.36117452,0.2214719203,-0.142187458,0.0071734346,-0.149360893,0.0,0.0,-0.02136028,0.0408070503,-0.099086888,0.0789531421,-0.086992634,,0.2906555596,-0.125411945,,,-0.175364363,0.0763986836,1.5186915888,0.0763986836,1.5186915888,0.2617695532,0.4499608212,0.3777667104,1.2656764932,,0.0069738286,,,1.0,0.0543771226,-0.212620851,-0.066884382,,0.4714415287,0.8659706017,0.05244545,0.8510759337,0.0514298065,,0.2011154847,0.0511576048,-0.396698167,0.1189073274,1.4642401756,2.7140060097,,-0.007988633,0.0595365902,,-0.06559897,0.9439252336,-0.026093089,-0.010593951,0.0208140951,5.7777978993,1.8547587637,0.5069706159,1.6811264732,0.341907009,4.0,-3.337805012,64.011361509,,,-0.459023445,0.2380346385,0.0193858279,0.0033552278,0.0,-0.000135193,0.0085174905,0.0009752156,-0.000505836,,,,,0.0067305052,-0.0002054,0.008309256,19.295335299,1.1900520697,-0.077361053,-0.434399651,0.65222399,0.5962631003,0.00229029,14761661.1929208,1.11819555,0.02389927,0.91736403,0.00049674,0.0005394,0.00695043,0.01361466,0.13338246,-0.35304165,1.34610441,0.01270722,0.03588877,0.01230222,0.54208473,0.01771943,0.03402535,0.01751655,-0.88812861,0.00207639,0.02864885,1.06515814,0.56042709,0.64037522,2.1697236075,0.5940977026,198,0.0660727839,-0.721903383,0.6928203345,0.0160933875
20170831,20170831,270371.0,01W,CHN,0.062525,2017,8,20170731,20170731,434.74463763,2.2226208468,434.74463763,,0.0,1.249001e-16,-0.082849414,-0.210169966,-0.212746571,-0.188018639,0.0196178496,0.5408725172,2.6986244507,0.0798440477,-0.004602182,,,-0.158315261,0.2759292494,,-0.526762255,,-0.727088232,,-0.097040554,0.0,0.0,-0.054728575,-0.227450743,0.1727221687,-0.129679805,0.0071734346,-0.149360893,0.0,0.0,-0.017027404,0.0072080364,-0.099086888,0.0794024044,-0.044678528,,0.3771730946,-0.125411945,,,-0.175364363,0.0335414303,0.7162926062,0.0763986836,1.5186915888,0.2617695532,0.4755088905,0.4225832098,1.2656764932,,0.0223435963,,,2.0,0.0543771226,-0.212620851,-0.066884382,,0.4636646463,-0.03862976,-0.006685847,0.0182731868,-0.001010408,,0.3613711075,-0.044107815,-0.497029217,0.2357854473,1.336894978,-0.021897956,,-0.009373925,0.0668317921,,-0.037605235,0.9201429256,0.0132850063,-0.011137098,-0.044000779,8.0547041799,1.8562900729,0.5069706159,1.9245488646,0.402342871,4.0,-3.337805012,38.885048485,,,-0.339272032,1.4223328808,0.0226923845,0.0028172834,0.0,-0.000147406,0.0104912736,0.0010626035,0.0003014685,,,,,0.0073385849,-0.000223958,0.0099184514,19.303096263,1.1586635951,-0.056432226,-0.305504832,0.6782930655,0.3833054649,0.00299045,8531994.52302989,0.73984561,0.01522612,0.67117433,0.00091336,0.00055428,0.00760758,0.01219374,1.08512187,-0.87262285,1.80191177,0.01128051,0.90964886,0.01138753,1.11760589,0.01650659,0.02697973,0.02165212,-2.32176231,0.00294339,0.028829,1.41491967,0.51399603,0.64224467,2.2413856433,0.5443504247,199,0.632509805,-0.369353113,1.251881424,-0.001132985
20170929,20170930,270371.0,01W,CHN,-0.059481,2017,9,20170831,20170831,461.92719805,2.3615909921,461.92719805,,0.0,2.359224e-16,0.0625253495,-0.09619513,-0.248844253,-0.329211382,-0.134001701,0.1993938845,2.3602060082,0.2251358556,-0.019384955,,,-0.158315261,0.2759292494,,-0.526762255,,-0.727088232,,-0.097040554,0.0,0.0,-0.054728575,-0.227450743,0.1727221687,-0.129679805,0.0071734346,-0.149360893,0.0,0.0,-0.017027404,0.0072080364,-0.099086888,0.0794024044,-0.044678528,,0.3771730946,-0.125411945,,,-0.175364363,0.0335414303,0.7162926062,0.0763986836,1.5186915888,0.2617695532,0.4755088905,0.4225832098,1.2656764932,,0.0223435963,,,2.0,0.0543771226,-0.212620851,-0.066884382,,0.4636646463,-0.03862976,-0.006685847,0.0182731868,-0.001010408,,0.3613711075,-0.044107815,-0.497029217,0.2357854473,1.336894978,-0.021897956,,-0.009373925,0.0668317921,,-0.037605235,0.9201429256,0.0132850063,-0.011137098,-0.044000779,8.0547041799,1.8562900729,0.5069706159,1.9245488646,0.402342871,4.0,-3.337805012,38.885048485,,,-0.339272032,1.4223328808,0.0213570288,0.0026514976,0.0,-0.000138732,0.0098739043,0.0010000736,0.0002837283,,,,,0.0069066787,-0.000210777,0.0092001967,19.304875593,1.1710571036,-0.145783248,-0.360051686,0.6794168665,0.337497601,0.00279532,6498986.26863992,0.88247456,0.01203612,0.79120297,0.00121173,0.00060206,0.00788521,0.01929463,2.06289487,-0.14681774,0.52979508,0.01687101,1.91699621,0.01628433,1.15643371,0.02925161,0.05917717,0.01956002,1.67643199,0.00374425,0.0281999,1.28245195,0.54613381,0.64348788,2.2002662742,0.9869367237,200,0.6379100388,-0.372496114,1.2608104297,0.0022439525
20171031,20171031,270371.0,01W,CHN,-0.013953,2017,10,20170929,20170930,434.45128723,2.2211211004,434.45128723,,0.0,4.996004e-16,-0.059481041,-0.025504253,-0.10780389,-0.355161931,-0.2489444,-0.058971462,2.9530295627,-0.05082546,-0.020171826,,,-0.158315261,0.2759292494,,-0.526762255,,-0.727088232,,-0.097040554,0.0,0.0,-0.054728575,-0.227450743,0.1727221687,-0.129679805,0.0071734346,-0.149360893,0.0,0.0,-0.017027404,0.0072080364,-0.099086888,0.0794024044,-0.044678528,,0.3771730946,-0.125411945,,,-0.175364363,0.0335414303,0.7162926062,0.0763986836,1.5186915888,0.2617695532,0.4755088905,0.4225832098,1.2656764932,,0.0223435963,,,2.0,0.0543771226,-0.212620851,-0.066884382,,0.4636646463,-0.03862976,-0.006685847,0.0182731868,-0.001010408,,0.3613711075,-0.044107815,-0.497029217,0.2357854473,1.336894978,-0.021897956,,-0.009373925,0.0668317921,,-0.037605235,0.9201429256,0.0132850063,-0.011137098,-0.044000779,8.0547041799,1.8562900729,0.5069706159,1.9245488646,0.402342871,4.0,-3.337805012,38.885048485,,,-0.339272032,1.4223328808,0.0227077069,0.0028191857,0.0,-0.000147505,0.0104983575,0.001063321,0.000301672,,,,,0.0073435408,-0.000224109,0.0075380895,19.303075846,1.1738850844,-0.305853526,-0.227737013,0.6821212734,0.2609583538,0.00228753,4957076.84660634,0.97617021,0.00953032,0.84843064,0.00159843,0.00066509,0.00753679,0.01967425,3.13324777,-0.19915423,1.1029305,0.02057275,3.04473211,0.02121691,3.08532004,0.02221722,0.07746972,0.02180529,2.52394975,0.00430392,0.02783556,1.31947564,0.5136492,0.64446932,2.2628464867,0.7573452866,201,0.6447847908,-0.376877632,1.2569300459,0.0158627741
20171130,20171130,270371.0,01W,CHN,-0.136926,2017,11,20171031,20171031,428.3894,2.1901298569,428.3894,,0.0,4.440892e-16,-0.013952973,-0.000674765,-0.276095717,-0.278457257,-0.255793323,-0.113118323,2.831101266,0.1101994889,-0.031458413,,,-0.13696588,0.3017642854,,-0.481203298,,-0.707705838,,-0.076144319,0.0,0.0,-0.06254804,-0.211341824,0.1487937844,-0.089621118,0.0071734346,-0.149360893,0.0,0.0,-0.010538787,0.0412688163,-0.099086888,0.08742456,-0.04872698,,0.2865813877,-0.125411945,,,-0.175364363,0.0328819741,0.7763913086,0.0763986836,1.5186915888,0.2617695532,0.4878030038,0.4353630594,1.2656764932,,0.0198473441,,,3.0,0.0543771226,-0.160391976,-0.066884382,,0.0873308278,-0.08033658,-0.009973871,-0.030765893,-0.00509467,,0.6162784324,-0.014827912,-0.549941616,0.2399751701,0.618784749,-0.237053213,,-0.013674781,0.0754503781,,-0.042053046,0.8936824804,0.0094703471,-0.015845006,-0.071050857,6.7666040446,0.7844487653,0.5361971224,0.1777237603,0.4126403787,4.0,-3.337805012,34.007636567,,,-0.271327934,5.5052241174,0.0231906271,0.003427218,0.0,-0.000149593,0.010897501,0.0009821769,0.0002196233,,,,,0.0074474704,-0.00022728,0.007993552,19.296999689,1.1726278237,-0.294757657,-1.406144662,0.6835423254,0.2652278684,0.00307706,3772046.01003468,1.12988496,0.00758688,0.95102204,0.00203895,0.00072321,0.00566214,0.01189424,1.09098889,-0.17308547,0.34504177,0.01284433,0.76884745,0.01272043,0.38762218,0.01356348,0.03197755,0.01341282,0.37693277,0.00473815,0.02761685,1.35354317,0.50648227,0.64577189,2.2400571491,0.4634336072,202,0.5790957798,-0.346464301,1.0768717267,0.0303156263
20171228,20171231,270371.0,01W,CHN,-0.055808,2017,12,20171130,20171130,369.73157401,1.8902432209,369.73157401,,0.0,5.551115e-16,-0.136926418,-0.072604077,-0.109407242,-0.259824891,-0.339017187,-0.073999134,3.7237335768,0.1052851024,-0.053477642,,,-0.13696588,0.3017642854,,-0.481203298,,-0.707705838,,-0.076144319,0.0,0.0,-0.06254804,-0.211341824,0.1487937844,-0.089621118,0.0071734346,-0.149360893,0.0,0.0,-0.010538787,0.0412688163,-0.099086888,0.08742456,-0.04872698,,0.2865813877,-0.125411945,,,-0.175364363,0.0328819741,0.7763913086,0.0763986836,1.5186915888,0.2617695532,0.4878030038,0.4353630594,1.2656764932,,0.0198473441,,,3.0,0.0543771226,-0.160391976,-0.066884382,,0.0873308278,-0.08033658,-0.009973871,-0.030765893,-0.00509467,,0.6162784324,-0.014827912,-0.549941616,0.2399751701,0.618784749,-0.237053213,,-0.013674781,0.0754503781,,-0.042053046,0.8936824804,0.0094703471,-0.015845006,-0.071050857,6.7666040446,0.7844487653,0.5361971224,0.1777237603,0.4126403787,4.0,-3.337805012,34.007636567,,,-0.271327934,5.5052241174,0.0268698146,0.0039709453,0.0,-0.000173326,0.0126263869,0.001137999,0.0002544665,,,,,0.0086292147,-0.000263345,0.0072126982,19.291235365,1.1801977067,-0.287027668,-0.755704971,0.6847523686,0.2453989393,0.00279163,2399319.55789235,0.59011925,0.00542713,0.55546936,0.00280517,0.00095432,0.00452903,0.02135239,1.27291132,-0.0153337,2.22996335,0.02120223,0.9596064,0.02207402,0.78795513,0.02589483,0.07478711,0.02744216,0.76645615,0.00531469,0.02647741,1.46524441,0.43713147,0.64573719,2.0980153275,0.9111701308,203,0.6031439601,-0.352227252,1.0668185257,0.0747148717
20180131,20180131,270371.0,01W,CHN,-0.214532,2018,1,20171228,20171231,349.09752282,1.7847521617,349.09752282,,0.0,5.551115e-16,-0.055808193,-0.148968861,-0.220002962,-0.28587649,-0.483864568,-0.328514419,3.8162421548,-0.159464308,-0.044054359,0.0059902784,,-0.13696588,0.3017642854,,-0.481203298,,-0.707705838,,-0.076144319,0.0,0.0,-0.06254804,-0.211341824,0.1487937844,-0.089621118,0.0071734346,-0.149360893,0.0,0.0,-0.010538787,0.0412688163,-0.099086888,0.08742456,-0.04872698,,0.2865813877,-0.125411945,,,-0.175364363,0.0328819741,0.7763913086,0.0763986836,1.5186915888,0.2617695532,0.4878030038,0.4353630594,1.2656764932,,0.0198473441,,,3.0,0.0543771226,-0.160391976,-0.066884382,,0.0873308278,-0.08033658,-0.009973871,-0.030765893,-0.00509467,,0.6162784324,-0.014827912,-0.549941616,0.2399751701,0.618784749,-0.237053213,,-0.013674781,0.0754503781,,-0.042053046,0.8936824804,0.0094703471,-0.015845006,-0.071050857,6.7666040446,0.7844487653,0.5361971224,0.1777237603,0.4126403787,4.0,-3.337805012,34.007636567,,,-0.271327934,5.5052241174,0.0284580044,0.0042056553,0.0,-0.00018357,0.0133726927,0.0012052625,0.0002695072,,,,,0.0091393539,-0.000278913,0.0065355264,19.288747087,1.2340983783,-0.500111484,-0.735166074,0.6849610723,0.2131107855,0.00427241,2053623.19546444,0.66091252,0.004823,0.61380501,0.00310455,0.00108013,0.01232418,0.0160728,-0.12299492,-0.05833559,0.32870088,0.01342111,-0.48121058,0.0125833,-0.51990291,0.01829521,0.03964307,0.01865666,-0.04431216,0.00656353,0.02548335,1.72212477,0.41273595,0.64883202,2.1451657849,0.66571357,204,0.5950566421,-0.358757354,1.0691368564,0.0429237011
20180228,20180228,270371.0,01W,CHN,-0.07795,2018,2,20180131,20180131,274.20509052,1.401866516,274.20509052,,0.0,1.110223e-16,-0.214531549,-0.185092995,-0.197005569,-0.418316393,-0.420213977,-0.212746571,2.5280132684,-0.038774653,-0.060032259,0.0762299959,,-0.133958819,0.2641620979,,-0.602687722,,-0.460628219,,-0.088434791,0.0,0.0,-0.086581271,-0.18403576,0.0974544896,-0.075186773,0.0071734346,-0.149360893,0.0,0.0,-0.012286663,0.0287829981,-0.099086888,0.0670420428,-0.038984571,,0.2665558141,-0.125411945,,,-0.175364363,0.0033347039,0.1267339402,0.0763986836,1.5186915888,0.2617695532,0.5223384724,0.4498583316,1.2656764932,,0.0344821353,,,4.0,0.0543771226,-0.212620851,-0.066884382,,0.1652500444,-0.123986983,-0.018323369,-0.101343372,-0.016241815,,0.7706768528,0.0255964115,-0.722744331,0.2720340723,0.5726928204,-0.712973705,,-0.030874253,0.0580611699,,-0.033762244,0.6027063069,0.0229779311,-0.035649868,-0.056724351,10.130335261,0.4587191212,0.5069706159,2.0053038839,0.4165474384,4.0,-3.337805012,29.086140363,,,-0.271547125,5.2392414072,0.0364071634,0.0035938755,0.0,-0.000233708,0.0176447413,0.0009579684,0.0008365613,,,,,0.011636129,-0.000355109,0.0078337163,19.267646367,1.196479786,-0.239020448,-0.264710311,0.7136120889,0.1949965357,0.00297884,2004199.40049459,0.74911218,0.00498256,0.73222044,0.00310683,0.00161201,0.04714499,0.02738856,0.24892419,-0.20655414,-0.12453186,0.02880553,0.19131731,0.02776764,0.51790779,0.01678667,0.03030028,0.02741251,0.23825809,0.02057361,0.02257387,1.57564194,0.41910763,0.64327842,1.9377099702,0.686326711,205,0.9290341705,-0.347515898,1.4993323742,0.2206870296
20180330,20180331,270371.0,01W,CHN,-0.092342,2018,3,20180228,20180228,252.83080374,1.2925910212,252.83080374,,0.0,1.110223e-16,-0.07795,-0.258367124,-0.406388947,-0.429946054,-0.526225946,-0.248844253,2.1535584042,-0.105441042,-0.057533073,0.1569750711,,-0.133958819,0.2641620979,,-0.602687722,,-0.460628219,,-0.088434791,0.0,0.0,-0.086581271,-0.18403576,0.0974544896,-0.075186773,0.0071734346,-0.149360893,0.0,0.0,-0.012286663,0.0287829981,-0.099086888,0.0670420428,-0.038984571,,0.2665558141,-0.125411945,,,-0.175364363,0.0033347039,0.1267339402,0.0763986836,1.5186915888,0.2617695532,0.5223384724,0.4498583316,1.2656764932,,0.0344821353,,,4.0,0.0543771226,-0.212620851,-0.066884382,,0.1652500444,-0.123986983,-0.018323369,-0.101343372,-0.016241815,,0.7706768528,0.0255964115,-0.722744331,0.2720340723,0.5726928204,-0.712973705,,-0.030874253,0.0580611699,,-0.033762244,0.6027063069,0.0229779311,-0.035649868,-0.056724351,10.130335261,0.4587191212,0.5069706159,2.0053038839,0.4165474384,4.0,-3.337805012,29.086140363,,,-0.271547125,5.2392414072,0.0394850208,0.0038977013,0.0,-0.000253466,0.0191364257,0.0010389549,0.0009072841,,,,,0.0126200954,-0.000385138,0.0081439148,19.262093198,1.199891562,-0.256098829,-0.491563483,0.7126023949,0.1847383891,0.00448028,1795943.27158657,0.82355238,0.00472282,0.76364542,0.00331922,0.00194875,0.00976824,0.02498344,-0.15784128,0.01426509,1.85110158,,,,,0.03031601,0.05215016,0.03271533,-0.01523756,0.02668069,0.02294895,1.38714019,0.38643819,0.64630184,1.7715315784,1.1941547828,206,0.9345219825,-0.353652374,1.4973380011,0.2305523312
20180427,20180430,270371.0,01W,CHN,-0.077746,2018,4,20180330,20180331,229.48386055,1.1732303709,229.48386055,,0.0,1.110223e-16,-0.092342163,-0.275758815,-0.418045679,-0.466620403,-0.511666209,-0.10780389,1.451797969,0.1591689343,-0.080397718,0.1498507117,,-0.133958819,0.2641620979,,-0.602687722,,-0.460628219,,-0.088434791,0.0,0.0,-0.086581271,-0.18403576,0.0974544896,-0.075186773,0.0071734346,-0.149360893,0.0,0.0,-0.012286663,0.0287829981,-0.099086888,0.0670420428,-0.038984571,,0.2665558141,-0.125411945,,,-0.175364363,0.0033347039,0.1267339402,0.0763986836,1.5186915888,0.2617695532,0.5223384724,0.4498583316,1.2656764932,,0.0344821353,,,4.0,0.0543771226,-0.212620851,-0.066884382,,0.1652500444,-0.123986983,-0.018323369,-0.101343372,-0.016241815,,0.7706768528,0.0255964115,-0.722744331,0.2720340723,0.5726928204,-0.712973705,,-0.030874253,0.0580611699,,-0.033762244,0.6027063069,0.0229779311,-0.035649868,-0.056724351,10.130335261,0.4587191212,0.5069706159,2.0053038839,0.4165474384,4.0,-3.337805012,29.086140363,,,-0.271547125,5.2392414072,0.0435020987,0.0042942408,0.0,-0.000279252,0.0210833036,0.0011446548,0.0009995882,,,,,0.0139043816,-0.000424331,0.0090841661,19.254845458,1.2301897205,-0.195083538,-0.339420673,0.7117641551,0.1909261055,0.00486008,1307349.00839051,0.87242257,0.00384122,0.81975498,0.00378493,0.00245591,0.00623976,0.01344179,0.33408949,-0.42717063,1.14165712,0.01189377,0.40606621,0.01112623,-0.11115976,0.01344453,0.0238946,0.01674647,-0.6516368,0.03092018,0.02235219,1.3598543,0.35075365,0.64894941,1.6231327341,0.5418264736,207,0.9801359033,-0.356231756,1.4969801218,0.3192646979
20180531,20180531,270371.0,01W,CHN,-0.025066,2018,5,20180427,20180430,211.64243413,1.0820165344,211.64243413,,0.0,0.0,-0.077745888,-0.163094091,-0.464310133,-0.472141021,-0.617622609,-0.276095717,2.2302065545,-0.19850722,-0.069419416,0.0029871424,,-0.097728296,0.0801925119,,-1.0,,-0.386588192,-0.833922769,-0.107861267,0.0,0.0,-0.108467729,-0.053553846,-0.054913883,-0.036492747,0.0082254123,-0.044718159,0.0,0.0,0.0091537786,-0.040769974,-0.298445925,0.051883295,-0.014662267,,-1.030433182,-0.550578598,,,0.0557944687,-0.106528509,-0.684411099,-0.106528509,-0.684411099,0.2572447742,0.6471973011,0.498983192,1.8448186192,,0.0443760658,0.0655953158,0.0136054422,0.0,-0.089895173,-0.128784394,-0.020636217,-0.860460126,-0.56615572,-0.95070625,-0.093847462,-1.816676851,-0.146292912,,1.0477756943,0.1068528148,-0.708809147,-0.340759673,-1.282764101,-5.960479867,,-0.109347008,0.046812829,,-0.013229349,,-0.049121376,-0.121190776,-0.023028287,6.6201987974,0.5931259523,0.521272151,3.7170200056,0.3923313122,3.0,-1.226330611,27.173483807,,,0.1434025096,0.0815411675,0.0391753179,0.005917544,0.0,-0.001738446,0.0206064728,-0.006097634,-0.001924346,-0.002033997,,,,0.0111893702,-0.004755955,0.0059320758,19.402686451,1.2277927559,-0.558261669,-0.851228434,0.785309872,0.0367281061,0.00446252,1078137.91762262,0.91831256,0.00349373,0.83790443,0.00398519,0.00290213,0.00652913,0.00860097,0.52178486,0.09317763,0.7465631,0.00811257,0.15515049,0.00865291,0.26270788,0.0083565,0.01287919,0.01026703,0.03807727,0.03303958,0.02136202,1.38920353,0.323484,0.65039997,1.5353427959,0.3467468646,208,-1.306493048,-1.524459247,-0.842754901,-0.231258356
20180629,20180630,270371.0,01W,CHN,-0.140743,2018,6,20180531,20180531,206.33748524,1.0548951188,206.33748524,,0.0,4.440892e-16,-0.02506562,-0.162908827,-0.427578143,-0.541827294,-0.56000961,-0.109407242,1.3628548184,-0.014551281,-0.070375265,-0.11001776,,-0.097728296,0.0801925119,,-1.0,,-0.386588192,-0.833922769,-0.107861267,0.0,0.0,-0.108467729,-0.053553846,-0.054913883,-0.036492747,0.0082254123,-0.044718159,0.0,0.0,0.0091537786,-0.040769974,-0.298445925,0.051883295,-0.014662267,,-1.030433182,-0.550578598,,,0.0557944687,-0.106528509,-0.684411099,-0.106528509,-0.684411099,0.2572447742,0.6471973011,0.498983192,1.8448186192,,0.0443760658,0.0655953158,0.0136054422,0.0,-0.089895173,-0.128784394,-0.020636217,-0.860460126,-0.56615572,-0.95070625,-0.093847462,-1.816676851,-0.146292912,,1.0477756943,0.1068528148,-0.708809147,-0.340759673,-1.282764101,-5.960479867,,-0.109347008,0.046812829,,-0.013229349,,-0.049121376,-0.121190776,-0.023028287,6.6201987974,0.5931259523,0.521272151,3.7170200056,0.3923313122,3.0,-1.226330611,27.173483807,,,0.1434025096,0.0815411675,0.0401825176,0.0060696844,0.0,-0.001783142,0.0211362665,-0.006254404,-0.001973821,-0.002086291,,,,0.0114775634,-0.004878449,0.0073784355,19.404469524,1.2414580385,-0.526283868,-0.87356366,0.8038455932,0.0373902358,0.00470016,757456.11625707,0.99803818,0.00284647,0.91456849,0.00440346,0.00359251,0.00627715,0.01359544,-0.76655674,-0.67634616,1.61809871,0.01185084,0.37251488,0.01216739,0.20414645,0.0162519,0.02839979,0.01800261,-1.31456234,0.03641678,0.01799436,1.32494881,0.41557535,0.65284491,1.3226451393,0.7800131608,209,-1.20428443,-1.528080937,-0.836522093,0.0166768848
20180731,20180731,270371.0,01W,CHN,-0.051181,2018,7,20180629,20180630,177.29700148,0.9064263879,177.29700148,,0.0,2.220446e-16,-0.140742647,-0.100862759,-0.408940277,-0.525061862,-0.56470413,-0.220002962,1.8299457363,-0.082849414,-0.075638286,-0.01755779,,-0.097728296,0.0801925119,,-1.0,,-0.386588192,-0.833922769,-0.107861267,0.0,0.0,-0.108467729,-0.053553846,-0.054913883,-0.036492747,0.0082254123,-0.044718159,0.0,0.0,0.0091537786,-0.040769974,-0.298445925,0.051883295,-0.014662267,,-1.030433182,-0.550578598,,,0.0557944687,-0.106528509,-0.684411099,-0.106528509,-0.684411099,0.2572447742,0.6471973011,0.498983192,1.8448186192,,0.0443760658,0.0655953158,0.0136054422,0.0,-0.089895173,-0.128784394,-0.020636217,-0.860460126,-0.56615572,-0.95070625,-0.093847462,-1.816676851,-0.146292912,,1.0477756943,0.1068528148,-0.708809147,-0.340759673,-1.282764101,-5.960479867,,-0.109347008,0.046812829,,-0.013229349,,-0.049121376,-0.121190776,-0.023028287,6.6201987974,0.5931259523,0.521272151,3.7170200056,0.3923313122,3.0,-1.226330611,27.173483807,,,0.1434025096,0.0815411675,0.0467642406,0.0070638726,0.0,-0.002075213,0.0245982957,-0.007278849,-0.002297124,-0.002428017,,,,0.0133614483,-0.00567918,0.0074856676,19.416121325,1.2418631703,-0.358628172,-0.568941624,0.7989725396,0.0384871967,0.00535564,626558.40291614,1.15996933,0.00262418,0.98944103,0.00453639,0.00382476,0.00991255,0.01567611,0.76311951,0.2510085,1.04136328,0.01553768,0.6228533,0.01574984,0.74162221,0.02210085,0.04624961,0.02387425,0.64263836,0.04614963,0.01814744,1.1667048,0.37174918,0.65301235,1.2154700013,1.0341635897,210,-1.173298288,-1.531192022,-0.833069134,0.0928115845
20180831,20180831,270371.0,01W,CHN,-0.109766,2018,8,20180731,20180731,168.22269945,0.8600342508,168.22269945,,0.0,3.330669e-16,-0.051181362,-0.162280465,-0.353414624,-0.586131213,-0.59218128,-0.197005569,1.4474505055,0.0625253495,-0.085975259,,,-0.162730913,0.0801925119,,-1.0,,-0.386588192,-0.833922769,-0.107861267,0.0,0.0,-0.193847064,-0.115880145,-0.077966919,-0.015755906,0.0082254123,-0.044718159,0.0,0.0,0.0091537786,-0.062718623,-0.298445925,0.051883295,-0.014662267,,-2.074149162,-0.550578598,,,0.0557944687,-0.103194437,-0.5814786,-0.106528509,-0.684411099,0.2572447742,0.5260633081,0.498983192,1.8448186192,,0.0419300927,0.0655953158,0.0136054422,0.0,-0.089895173,-0.128784394,-0.020636217,-0.860460126,,-0.198490664,-0.029981056,-0.159860904,-0.02329521,,1.0477756943,0.1068528148,-0.708809147,-0.340759673,,-0.038628081,,-0.109347008,0.046812829,,-0.013229349,,-0.074274583,-0.121190776,-0.087559589,11.687387225,0.6035096667,0.521272151,0.8433972081,0.3555733992,3.0,-1.226330611,27.173483807,,,0.0059936053,0.0883670667,0.0491015076,0.004201239,0.0,-0.002187155,0.0259251818,-0.008713996,-0.003646994,-0.002558989,,,,0.014083774,-0.005986199,0.0079115651,19.420587091,1.2438150722,-0.160847727,-0.191326085,0.794813775,0.0467611421,0.00544697,438254.77739054,0.54647887,0.00200848,0.47805282,0.00496257,0.00398263,0.01036146,0.01228911,0.90251691,-0.21912415,0.25246751,0.01228539,0.27700817,0.01250665,0.2390295,0.01650015,0.02746804,0.01457698,0.19639074,0.03916278,0.01806714,0.97556946,0.35479531,0.65202551,1.1335040029,0.7918733644,211,-1.201071136,-1.540403207,-0.954613311,0.1646132024
20180928,20180930,270371.0,01W,CHN,0.045847,2018,9,20180831,20180831,149.75762474,0.7656320283,149.75762474,,0.0,-2.22045e-16,-0.109765655,-0.184720608,-0.33464318,-0.545013974,-0.635824216,-0.406388947,1.1005507226,-0.059481041,-0.090546588,,,-0.162730913,0.0801925119,,-1.0,,-0.386588192,-0.833922769,-0.107861267,0.0,0.0,-0.193847064,-0.115880145,-0.077966919,-0.015755906,0.0082254123,-0.044718159,0.0,0.0,0.0091537786,-0.062718623,-0.298445925,0.051883295,-0.014662267,,-2.074149162,-0.550578598,,,0.0557944687,-0.103194437,-0.5814786,-0.106528509,-0.684411099,0.2572447742,0.5260633081,0.498983192,1.8448186192,,0.0419300927,0.0655953158,0.0136054422,0.0,-0.089895173,-0.128784394,-0.020636217,-0.860460126,,-0.198490664,-0.029981056,-0.159860904,-0.02329521,,1.0477756943,0.1068528148,-0.708809147,-0.340759673,,-0.038628081,,-0.109347008,0.046812829,,-0.013229349,,-0.074274583,-0.121190776,-0.087559589,11.687387225,0.6035096667,0.521272151,0.8433972081,0.3555733992,3.0,-1.226330611,27.173483807,,,0.0059936053,0.0883670667,0.0551557102,0.0047192507,0.0,-0.00245683,0.0291217497,-0.00978843,-0.004096667,-0.002874512,,,,0.0158245764,-0.006726114,0.00745455,19.431345456,1.2232273188,-0.228296639,-0.223742033,0.7711539743,0.0458535691,0.00508953,372719.93411254,0.516406,0.00182948,0.42951618,0.0050603,0.00418567,0.00561855,0.01403814,-0.01500296,-0.643506,0.72937157,0.01430807,0.1065002,0.0140276,-0.23679726,0.0159875,0.03072988,0.01882844,-0.65462831,0.04384997,0.01753204,1.03503165,0.31585097,0.66394901,1.0757579808,0.7738228148,212,-1.18738246,-1.540789222,-0.953372778,0.1793445774
20181031,20181031,270371.0,01W,CHN,0.043799,2018,10,20180928,20180930,156.62362932,0.8007343012,156.62362932,,0.0,-2.22045e-16,0.0458474458,-0.155329061,-0.347415437,-0.571014932,-0.655294784,-0.418045679,0.7430395086,-0.013952973,-0.085110186,,,-0.162730913,0.0801925119,,-1.0,,-0.386588192,-0.833922769,-0.107861267,0.0,0.0,-0.193847064,-0.115880145,-0.077966919,-0.015755906,0.0082254123,-0.044718159,0.0,0.0,0.0091537786,-0.062718623,-0.298445925,0.051883295,-0.014662267,,-2.074149162,-0.550578598,,,0.0557944687,-0.103194437,-0.5814786,-0.106528509,-0.684411099,0.2572447742,0.5260633081,0.498983192,1.8448186192,,0.0419300927,0.0655953158,0.0136054422,0.0,-0.089895173,-0.128784394,-0.020636217,-0.860460126,,-0.198490664,-0.029981056,-0.159860904,-0.02329521,,1.0477756943,0.1068528148,-0.708809147,-0.340759673,,-0.038628081,,-0.109347008,0.046812829,,-0.013229349,,-0.074274583,-0.121190776,-0.087559589,11.687387225,0.6035096667,0.521272151,0.8433972081,0.3555733992,3.0,-1.226330611,27.173483807,,,0.0059936053,0.0883670667,0.052737816,0.00451237,0.0,-0.002349129,0.027845122,-0.009359329,-0.003917079,-0.0027485,,,,0.0151292314,-0.006430563,0.007916803,19.42704884,1.2145433694,-0.294638897,0.1292737147,0.7686239829,0.0490297288,0.00600007,314647.77091793,0.57479358,0.00166056,0.4763128,0.0052281,0.00453778,0.00673764,0.01218563,2.5330789,-0.11526899,0.41268256,0.01243934,2.27888301,0.01284032,1.80714251,0.01664088,0.05284407,0.01425143,2.50599414,0.04869449,0.01701757,1.07663573,0.35144532,0.66724596,1.0314061247,0.8228759947,213,-1.171531356,-1.54161856,-0.958818647,0.2184932287
20181130,20181130,270371.0,01W,CHN,0.191958,2018,11,20181031,20181031,163.48354127,0.8358054257,163.48354127,,0.0,-1.11022e-16,0.0437987038,-0.068950684,-0.259961123,-0.428808455,-0.634389578,-0.464310133,1.0759850338,-0.136926418,-0.06868063,,,-0.240836874,0.0801925119,,-1.0,,-0.386588192,-0.833922769,-0.107861267,0.0,0.0,-0.229224954,-0.170754678,-0.058470276,-0.079059582,0.0082254123,-0.044718159,0.0,0.0,0.0091537786,-0.099454128,-0.298445925,0.051883295,-0.014662267,,-2.290529687,-0.550578598,,,0.0557944687,-0.113061961,-0.51841941,-0.106528509,-0.684411099,0.2572447742,0.4509617933,0.498983192,1.8448186192,,0.0171882981,0.0655953158,0.0136054422,0.0,-0.089895173,-0.128784394,-0.020636217,-0.860460126,-1.003854283,-0.392414155,-0.033575867,-0.312077575,-0.023601996,,1.0477756943,0.1068528148,-0.708809147,-0.340759673,-4.176852676,-0.003288322,,-0.109347008,0.046812829,,-0.013229349,,-0.105027792,-0.121190776,-0.114498139,10.502692809,0.6258942912,0.521272151,0.0150835108,0.3110791932,3.0,-1.226330611,27.173483807,,,0.0035654323,0.1031877113,0.0461330617,0.0043924984,0.0,-0.002250557,0.0266767164,-0.010061148,-0.004845254,-0.002633171,,,,0.0144929637,-0.006160122,0.0070743091,19.423116455,1.1558266187,-0.331378003,0.3573202094,0.769736068,0.049783927,0.00430584,296890.3333786,0.61643286,0.00168969,0.5836691,0.00518809,0.00462977,0.00703304,0.0210887,0.59864798,0.14192353,1.08294393,0.01853835,0.51836665,0.01894774,0.73276659,0.03923287,0.04914048,0.0268317,0.50737063,0.05559232,0.01788198,0.81399901,0.3853752,0.6701017,0.9770830107,1.8500766029,214,-0.542582995,-1.547322068,0.285429599,0.2600451651
20181228,20181231,270371.0,01W,CHN,0.118071,2018,12,20181130,20181130,194.86543972,0.9962445794,194.86543972,,0.0,0.0,0.1919575403,0.0916542082,-0.207688603,-0.353387567,-0.557831809,-0.427578143,0.6549361931,-0.055808193,-0.046156472,,,-0.240836874,0.0801925119,,-1.0,,-0.386588192,-0.833922769,-0.107861267,0.0,0.0,-0.229224954,-0.170754678,-0.058470276,-0.079059582,0.0082254123,-0.044718159,0.0,0.0,0.0091537786,-0.099454128,-0.298445925,0.051883295,-0.014662267,,-2.290529687,-0.550578598,,,0.0557944687,-0.113061961,-0.51841941,-0.106528509,-0.684411099,0.2572447742,0.4509617933,0.498983192,1.8448186192,,0.0171882981,0.0655953158,0.0136054422,0.0,-0.089895173,-0.128784394,-0.020636217,-0.860460126,-1.003854283,-0.392414155,-0.033575867,-0.312077575,-0.023601996,,1.0477756943,0.1068528148,-0.708809147,-0.340759673,-4.176852676,-0.003288322,,-0.109347008,0.046812829,,-0.013229349,,-0.105027792,-0.121190776,-0.114498139,10.502692809,0.6258942912,0.521272151,0.0150835108,0.3110791932,3.0,-1.226330611,27.173483807,,,0.0035654323,0.1031877113,0.0387036116,0.0036851132,0.0,-0.001888119,0.0223805929,-0.008440861,-0.004064955,-0.002209114,,,,0.0121545445,-0.005166195,0.0081715216,19.408657427,1.1640727775,-0.151705916,0.4211990817,0.7713318708,0.0686956071,0.00327201,346431.47564324,0.87746087,0.00203133,0.8074454,0.00477102,0.0047001,0.00630028,0.02803993,-1.04905457,-0.24682587,1.96785304,0.02931891,-1.11012386,0.02888021,-1.53476975,0.05065214,0.0562734,0.03430567,-0.45636919,0.05914402,0.01877247,0.80076159,0.52132054,0.67237301,0.9968722133,2.2664142332,215,-0.558367204,-1.544835597,0.2892490448,0.2133128612
20190131,20190131,270371.0,01W,CHN,0.189657,2019,1,20181228,20181231,217.87340423,1.1138722097,217.87340423,,0.0,-1.66533e-16,0.1180710368,0.2441637355,0.099090442,-0.150853401,-0.441802285,-0.408940277,0.6803310731,-0.214531549,-0.015919873,-0.070738625,,-0.240836874,0.0801925119,,-1.0,,-0.386588192,-0.833922769,-0.107861267,0.0,0.0,-0.229224954,-0.170754678,-0.058470276,-0.079059582,0.0082254123,-0.044718159,0.0,0.0,0.0091537786,-0.099454128,-0.298445925,0.051883295,-0.014662267,,-2.290529687,-0.550578598,,,0.0557944687,-0.113061961,-0.51841941,-0.106528509,-0.684411099,0.2572447742,0.4509617933,0.498983192,1.8448186192,,0.0171882981,0.0655953158,0.0136054422,0.0,-0.089895173,-0.128784394,-0.020636217,-0.860460126,-1.003854283,-0.392414155,-0.033575867,-0.312077575,-0.023601996,,1.0477756943,0.1068528148,-0.708809147,-0.340759673,-4.176852676,-0.003288322,,-0.109347008,0.046812829,,-0.013229349,,-0.105027792,-0.121190776,-0.114498139,10.502692809,0.6258942912,0.521272151,0.0150835108,0.3110791932,3.0,-1.226330611,27.173483807,,,0.0035654323,0.1031877113,0.0346164155,0.0032959562,0.0,-0.001688729,0.0200171475,-0.007549486,-0.003635686,-0.001975827,,,,0.0108688236,-0.004619709,0.0086430781,19.400703019,1.1496490461,-0.086755777,0.6289370826,0.7623842878,0.1047875359,0.00357452,439705.91842532,0.96769445,0.00242953,0.85106766,0.00441967,0.00461352,0.01346244,0.02607219,-0.05818699,0.10512775,1.65457538,0.02611209,-0.5772515,0.02538867,0.31820201,0.04359162,0.05502257,0.02857647,0.14701453,0.05298183,0.01976647,0.73354353,0.65303267,0.67444578,1.0163409899,1.8709659849,216,-0.584128134,-1.544702019,0.2883670535,0.1511069287
20190228,20190228,270371.0,01W,CHN,-0.040129,2019,2,20190131,20190131,259.19469411,1.325126248,259.19469411,,0.0,1.179612e-16,0.1896573381,0.3326932029,0.2951486626,0.0294410245,-0.205436326,-0.353414624,0.2586290582,-0.07795,0.0084080665,0.0476959194,,-0.293606165,0.0801925119,,-1.0,,-0.386588192,-0.833922769,-0.107861267,0.0,0.0,-0.241044301,-0.235613925,-0.005430376,-0.135660942,0.0082254123,-0.044718159,0.0,0.0,0.0091537786,-0.068864074,-0.298445925,0.051883295,-0.014662267,,-3.311139191,-0.550578598,,,0.0557944687,-0.094979849,-0.404704887,-0.106528509,-0.684411099,0.2572447742,0.2900466495,0.498983192,1.8448186192,,0.0098786689,0.0655953158,0.0136054422,0.0,-0.089895173,-0.128784394,-0.020636217,-0.860460126,-0.99984394,-0.267678022,-0.025486609,-0.14369104,-0.00716324,,1.0477756943,0.1068528148,-0.708809147,-0.340759673,-1.700307182,0.2852604871,,-0.109347008,0.046812829,,-0.013229349,,-0.139709309,-0.121190776,-0.16268724,14.108615869,66.985021554,0.521272151,0.6441657903,0.2836377377,3.0,-1.226330611,27.173483807,,,0.0032540936,0.1079454604,0.0272071562,0.0019284072,0.0,-0.001419508,0.0168259774,-0.006385225,-0.003801093,-0.001660837,,,,0.0091336329,-0.00388218,0.0099983662,19.389962821,1.1648295606,0.182553947,1.1461444085,0.7673754533,0.251564742,0.00391031,528518.44298267,0.89811758,0.00273548,0.79068528,0.00421016,0.00466477,0.00814155,0.02688485,-0.23146232,-0.04577364,0.18796382,0.0261682,-0.38409748,0.02778495,-0.27451123,0.04533836,0.05651698,0.02874125,-0.25109687,0.0505468,0.01956915,0.74502841,0.96460076,0.67010876,1.0180593268,1.9342519954,217,-1.217473218,-1.568724172,-1.000142643,0.1562270911
20190329,20190331,270371.0,01W,CHN,0.665767,2019,3,20190228,20190228,248.79344826,1.2719501445,248.79344826,,0.0,1.110223e-16,-0.040129085,0.3301214134,0.7307612521,0.256168717,0.0251705499,-0.33464318,0.1174380055,-0.092342163,0.0131547099,0.0929642827,,-0.293606165,0.0801925119,,-1.0,,-0.386588192,-0.833922769,-0.107861267,0.0,0.0,-0.241044301,-0.235613925,-0.005430376,-0.135660942,0.0082254123,-0.044718159,0.0,0.0,0.0091537786,-0.068864074,-0.298445925,0.051883295,-0.014662267,,-3.311139191,-0.550578598,,,0.0557944687,-0.094979849,-0.404704887,-0.106528509,-0.684411099,0.2572447742,0.2900466495,0.498983192,1.8448186192,,0.0098786689,0.0655953158,0.0136054422,0.0,-0.089895173,-0.128784394,-0.020636217,-0.860460126,-0.99984394,-0.267678022,-0.025486609,-0.14369104,-0.00716324,,1.0477756943,0.1068528148,-0.708809147,-0.340759673,-1.700307182,0.2852604871,,-0.109347008,0.046812829,,-0.013229349,,-0.139709309,-0.121190776,-0.16268724,14.108615869,66.985021554,0.521272151,0.6441657903,0.2836377377,3.0,-1.226330611,27.173483807,,,0.0032540936,0.1079454604,0.028344599,0.0020090276,0.0,-0.001478853,0.0175294169,-0.00665217,-0.003960004,-0.001730271,,,,0.0095160459,-0.004044722,0.0108145801,19.392330316,1.0515619262,0.3066580063,2.4205584909,0.7649331106,0.2784870447,0.00434568,609308.81416707,0.811891,0.00296621,0.75530137,0.00410253,0.00464552,0.00889931,0.01820169,0.20672713,-0.54072503,-0.26935247,,,,,0.01551237,0.03112095,0.01825578,0.2793435,0.04359084,0.01962156,0.66217272,0.91694881,0.65953695,0.9484523138,0.6898174896,218,-1.181770712,-1.567315729,-1.00036548,0.2441030087
20190430,20190430,270371.0,01W,CHN,-0.045577,2019,4,20190329,20190331,414.43187232,2.1187723534,414.43187232,,0.0,1.110223e-16,0.6657668247,0.1419174779,0.5884796524,0.4032580709,0.0841435544,-0.347415437,0.0951870522,-0.077745888,0.0807467747,0.2196842529,,-0.293606165,0.0801925119,,-1.0,,-0.386588192,-0.833922769,-0.107861267,0.0,0.0,-0.241044301,-0.235613925,-0.005430376,-0.135660942,0.0082254123,-0.044718159,0.0,0.0,0.0091537786,-0.068864074,-0.298445925,0.051883295,-0.014662267,,-3.311139191,-0.550578598,,,0.0557944687,-0.094979849,-0.404704887,-0.106528509,-0.684411099,0.2572447742,0.2900466495,0.498983192,1.8448186192,,0.0098786689,0.0655953158,0.0136054422,0.0,-0.089895173,-0.128784394,-0.020636217,-0.860460126,-0.99984394,-0.267678022,-0.025486609,-0.14369104,-0.00716324,,1.0477756943,0.1068528148,-0.708809147,-0.340759673,-1.700307182,0.2852604871,,-0.109347008,0.046812829,,-0.013229349,,-0.139709309,-0.121190776,-0.16268724,14.108615869,66.985021554,0.521272151,0.6441657903,0.2836377377,3.0,-1.226330611,27.173483807,,,0.0032540936,0.1079454604,0.0170159464,0.0012060677,0.0,-0.000887791,0.0105233317,-0.003993458,-0.002377286,-0.001038723,,,,0.0057093323,-0.002426707,0.0118733098,19.368750645,1.1402237098,0.1685413889,0.4719021245,0.7645281106,0.2753638476,0.00233462,1031590.02566427,1.24417087,0.0040714,0.89860849,0.00352742,0.00427438,0.00725237,0.02902328,-0.77315716,0.08409548,0.45123501,0.02944715,-0.74018303,0.02807016,-0.41839693,0.05155306,0.05320143,0.03009103,-0.87714272,0.04296831,0.02183232,0.45857544,1.0,0.65121308,0.988046916,2.0978687185,219,-1.214465841,-1.56745571,-1.00036548,0.1619427036
20190531,20190531,270371.0,01W,CHN,-0.106902,2019,5,20190430,20190430,395.54331747,2.0222050996,395.54331747,,0.0,1.110223e-16,-0.045576984,0.5989211266,1.5350066992,1.4635906668,0.9581700334,-0.259961123,-0.152311313,-0.02506562,0.0788821052,-0.070565425,,-0.185185129,-0.966561807,-0.887227317,,,-0.965985069,-0.984263714,0.0003443452,0.0,0.0,-0.111136455,-0.059925996,-0.051210459,-0.168679929,-0.020248924,-0.148431005,0.0,0.0,-0.01734489,-0.095401343,-7.787637089,0.0147422791,0.0229204778,,-2.135852667,-1.118894141,,,0.0570321748,-0.191025503,-0.993952968,-0.191025503,-0.993952968,0.1224370478,0.1896911654,0.0193834735,0.1436756912,,0.1070052728,-0.966103749,-0.013605442,0.0,-0.162670834,-0.114818675,,,-0.687068758,-1.225969873,-0.08689512,-0.275263623,0.0069523414,,0.029524689,-0.336111475,0.1376292842,-1.074782401,-0.030859769,0.8543562247,,-0.136974474,0.0120122283,,0.0186759461,,-0.001162165,-0.168105025,0.0479592111,11.113370007,67.027048408,0.5359339718,3.8800376579,0.350165222,3.0,,12.833314947,,,0.716432939,0.0896720994,0.0170796974,0.0015368603,0.0,-0.001827618,0.0003686847,-0.003282507,-1.9849e-05,-2.6466e-05,,,,0.0025707883,-0.00287644,0.0132762939,19.34799768,1.1519458,0.3841652324,0.6217766914,0.7586104063,0.3644827749,0.00264574,1388720.73480923,1.03017571,0.00459822,0.81226084,0.00330065,0.00408757,0.00652186,0.02757126,-0.13573853,-0.35408347,1.15336822,0.02649677,-0.20699705,0.02651238,-0.45094868,0.03232623,0.04988237,0.03032945,-0.41953968,0.03352169,0.02293148,0.54661737,0.78973899,0.65189375,1.0272301734,1.2569493644,220,-0.124538206,-0.831677757,-0.134746256,0.7690941277
20190628,20190630,270371.0,01W,CHN,-0.187247,2019,6,20190531,20190531,353.25881313,1.806026652,353.25881313,,0.0,0.0,-0.106902335,0.5898461967,1.0298279574,1.6412232309,0.9169726577,-0.207688603,-0.169940393,-0.140742647,0.0819584972,-0.069354953,,-0.185185129,-0.966561807,-0.887227317,,,-0.965985069,-0.984263714,0.0003443452,0.0,0.0,-0.111136455,-0.059925996,-0.051210459,-0.168679929,-0.020248924,-0.148431005,0.0,0.0,-0.01734489,-0.095401343,-7.787637089,0.0147422791,0.0229204778,,-2.135852667,-1.118894141,,,0.0570321748,-0.191025503,-0.993952968,-0.191025503,-0.993952968,0.1224370478,0.1896911654,0.0193834735,0.1436756912,,0.1070052728,-0.966103749,-0.013605442,0.0,-0.162670834,-0.114818675,,,-0.687068758,-1.225969873,-0.08689512,-0.275263623,0.0069523414,,0.029524689,-0.336111475,0.1376292842,-1.074782401,-0.030859769,0.8543562247,,-0.136974474,0.0120122283,,0.0186759461,,-0.001162165,-0.168105025,0.0479592111,11.113370007,67.027048408,0.5359339718,3.8800376579,0.350165222,3.0,,12.833314947,,,0.716432939,0.0896720994,0.0191241093,0.00172082,0.0,-0.002046381,0.0004128157,-0.003675418,-2.2225e-05,-2.9634e-05,,,,0.0028791385,-0.003221451,0.0136063684,19.349752978,1.158895991,0.3764363635,0.4912333584,0.7599715537,0.3630988036,0.00330911,1503761.68150138,0.98836904,0.00458741,0.85245698,0.00330018,0.00397091,0.00714877,0.03383156,0.24342594,0.28704345,0.59350538,0.03225856,0.04456248,0.03241664,0.17788705,0.04447363,0.05118839,0.0378266,0.09094805,0.03241784,0.02456956,0.49099422,0.70531404,0.64945062,1.0289198382,1.6184118975,221,-0.160824174,-0.834646795,-0.136317633,0.7057136449
20190731,20190731,270371.0,01W,CHN,-0.066746,2019,7,20190628,20190630,287.11214631,1.4678535087,287.11214631,,0.0,0.0,-0.187247039,-0.147607033,0.6213948388,1.2554630783,0.9924691912,0.099090442,-0.267514761,-0.051181362,0.0695888901,-0.053391582,,-0.185185129,-0.966561807,-0.887227317,,,-0.965985069,-0.984263714,0.0003443452,0.0,0.0,-0.111136455,-0.059925996,-0.051210459,-0.168679929,-0.020248924,-0.148431005,0.0,0.0,-0.01734489,-0.095401343,-7.787637089,0.0147422791,0.0229204778,,-2.135852667,-1.118894141,,,0.0570321748,-0.191025503,-0.993952968,-0.191025503,-0.993952968,0.1224370478,0.1896911654,0.0193834735,0.1436756912,,0.1070052728,-0.966103749,-0.013605442,0.0,-0.162670834,-0.114818675,,,-0.687068758,-1.225969873,-0.08689512,-0.275263623,0.0069523414,,0.029524689,-0.336111475,0.1376292842,-1.074782401,-0.030859769,0.8543562247,,-0.136974474,0.0120122283,,0.0186759461,,-0.001162165,-0.168105025,0.0479592111,11.113370007,67.027048408,0.5359339718,3.8800376579,0.350165222,3.0,,12.833314947,,,0.716432939,0.0896720994,0.0235300396,0.0021172731,0.0,-0.002517838,0.0005079227,-0.004522183,-2.7346e-05,-3.6461e-05,,,,0.0035441265,-0.003965502,0.0157499326,19.353535837,1.1494779754,0.3488195488,0.3087612476,0.760578215,0.3612551204,0.00425368,1522052.1812881,0.98360487,0.00436863,0.89549537,0.00332252,0.00391002,0.0162513,0.03968948,0.57046797,0.44788007,0.47891327,0.04195883,0.7364793,0.04351985,0.52216351,0.04359614,0.05369022,0.03972461,0.60117735,0.04088552,0.02674735,0.33397818,0.57324608,0.63932737,1.0900552511,1.5100095533,222,-0.242084491,-0.835004696,-0.13709627,0.5488842057
20190830,20190831,270371.0,01W,CHN,-0.164349,2019,8,20190731,20190731,267.94847239,1.3698797157,267.94847239,,0.0,1.665335e-16,-0.066746302,-0.274132229,0.1077084247,0.7562143815,0.7067384321,0.2951486626,-0.323725253,-0.109765655,0.0734997404,,,-0.091608864,-0.966561807,-0.887227317,,,-0.886233212,-0.984263714,0.0003443452,0.0,0.0,-0.024442281,0.0411301271,-0.065572408,-0.164582883,-0.020248924,-0.148431005,0.0,0.0,-0.01734489,-0.0290275,-7.787637089,0.0440228916,-0.034675046,,-2.488017049,-1.118894141,,,0.0570321748,-0.096973412,-0.59812854,-0.191025503,-0.993952968,0.1224370478,0.1890290799,0.0515981976,0.1436756912,,0.1343364199,-0.966103749,-0.013605442,1.0,-0.162670834,-0.114818675,,,,-0.220652396,-0.019858649,-0.022161732,0.0101224072,,0.029524689,-0.336111475,0.1376292842,-1.074782401,,0.6053618749,,-0.119588292,0.0399900046,,-0.031498504,,-0.065154635,-0.131648457,0.0091199483,15.346000305,67.00591214,0.5359339718,1.2642136179,0.4239717235,3.0,,30.081696973,,,0.4331212398,0.0995510594,0.0280027722,0.0018247603,0.0,-0.002697914,0.0015177494,-0.004540035,-0.00182451,-3.9069e-05,,,,0.0037982881,-0.004249882,0.0199230983,19.35498072,1.1670761374,0.2839676743,0.0500607332,0.7358428901,0.3662153889,0.00219966,1739140.92332399,0.83583194,0.00494639,0.80036794,0.00302249,0.00364139,0.01104145,0.03912473,0.20807732,0.51117009,-0.98191023,0.03883469,0.44918711,0.02940944,0.12480567,0.04949962,0.05220376,0.03913542,0.20057501,0.03645287,0.02908163,0.41167214,0.53498402,0.62407067,1.1594268741,1.6043127177,223,-0.602319077,-0.948151649,-0.634020081,0.4716496432
20190930,20190930,270371.0,01W,CHN,-0.069943,2019,9,20190830,20190831,223.91148285,1.1447417323,223.91148285,,0.0,1.665335e-16,-0.164348724,-0.241495293,0.0769916743,0.3750435827,0.7892142243,0.7307612521,,0.0458474458,0.0543909977,,,-0.091608864,-0.966561807,-0.887227317,,,-0.886233212,-0.984263714,0.0003443452,0.0,0.0,-0.024442281,0.0411301271,-0.065572408,-0.164582883,-0.020248924,-0.148431005,0.0,0.0,-0.01734489,-0.0290275,-7.787637089,0.0440228916,-0.034675046,,-2.488017049,-1.118894141,,,0.0570321748,-0.096973412,-0.59812854,-0.191025503,-0.993952968,0.1224370478,0.1890290799,0.0515981976,0.1436756912,,0.1343364199,-0.966103749,-0.013605442,1.0,-0.162670834,-0.114818675,,,,-0.220652396,-0.019858649,-0.022161732,0.0101224072,,0.029524689,-0.336111475,0.1376292842,-1.074782401,,0.6053618749,,-0.119588292,0.0399900046,,-0.031498504,,-0.065154635,-0.131648457,0.0091199483,15.346000305,67.00591214,0.5359339718,1.2642136179,0.4239717235,3.0,,30.081696973,,,0.4331212398,0.0995510594,0.0335101171,0.0021836385,0.0,-0.003228517,0.0018162473,-0.00543293,-0.002183339,-4.6752e-05,,,,0.0045477224,-0.00508842,0.0222616621,19.359238142,1.1803549105,0.3149970396,0.215533623,0.7342797738,0.3638964314,0.00298839,1745496.35854253,0.80481234,0.0051379,0.7468942,0.00291,0.00350917,0.00762178,0.03155569,0.57639217,-0.44646224,2.50945632,0.03048938,0.75604891,0.03086872,0.10017849,0.0406603,0.05035922,0.03538391,0.1555714,0.04138333,0.03046532,0.44632292,0.44706008,0.62534059,1.2376474001,1.2624617749,224,-0.658419203,-0.946023592,-0.635961494,0.3503078206
20191031,20191031,270371.0,01W,CHN,0.176662,2019,10,20190930,20190930,208.25035886,1.0646746363,208.25035886,,0.0,1.665335e-16,-0.069943371,-0.220125356,-0.459714617,0.0277137021,0.4296149554,0.5884796524,,0.0437987038,0.0440508091,,,-0.091608864,-0.966561807,-0.887227317,,,-0.886233212,-0.984263714,0.0003443452,0.0,0.0,-0.024442281,0.0411301271,-0.065572408,-0.164582883,-0.020248924,-0.148431005,0.0,0.0,-0.01734489,-0.0290275,-7.787637089,0.0440228916,-0.034675046,,-2.488017049,-1.118894141,,,0.0570321748,-0.096973412,-0.59812854,-0.191025503,-0.993952968,0.1224370478,0.1890290799,0.0515981976,0.1436756912,,0.1343364199,-0.966103749,-0.013605442,1.0,-0.162670834,-0.114818675,,,,-0.220652396,-0.019858649,-0.022161732,0.0101224072,,0.029524689,-0.336111475,0.1376292842,-1.074782401,,0.6053618749,,-0.119588292,0.0399900046,,-0.031498504,,-0.065154635,-0.131648457,0.0091199483,15.346000305,67.00591214,0.5359339718,1.2642136179,0.4239717235,3.0,,30.081696973,,,0.4331212398,0.0995510594,0.0360301901,0.0023478554,0.0,-0.003471312,0.0019528352,-0.005841504,-0.002347534,-5.0268e-05,,,,0.0048909177,-0.005472419,0.0213306621,19.36118627,1.1794410152,0.2552597003,-1.104713729,0.7345462782,0.3433874147,0.00246738,1517695.09800536,0.67095726,0.00488122,0.61922356,0.00296325,0.00332249,0.01087573,0.02789412,0.58145835,-0.09834523,-1.50101146,0.02869989,0.69987881,0.02951447,0.84687344,0.03615099,0.05200712,0.02822105,0.58735319,0.03630357,0.03142369,0.40915903,0.41579119,0.61573919,1.2466318322,1.0985022328,225,-0.657644022,-0.944275667,-0.636232357,0.3384053914
20191129,20191130,270371.0,01W,CHN,-0.073741,2019,11,20191031,20191031,245.04028627,1.2527621997,245.04028627,,0.0,1.110223e-16,0.1766620121,-0.222796992,-0.473508085,-0.196548527,0.2738307309,1.5350066992,,0.1919575403,0.0426603065,,,-0.094000166,-0.966561807,-0.887227317,,,-0.795358242,0.7551151065,0.0003443452,0.0,0.0,-0.031491019,0.0590508693,-0.090541889,-0.125509677,-0.020248924,-0.148431005,0.0,0.0,-0.01734489,-0.103042241,-7.787637089,0.0784732004,-0.026422116,,-100.1524486,-1.118894141,,,0.0570321748,-0.111072044,-0.540954042,-0.191025503,-0.993952968,0.1224370478,0.2484063534,0.1021053178,0.1436756912,,0.0722193689,-0.966103749,-0.013605442,2.0,-0.162670834,-0.114818675,,,,-0.948670542,-0.061818749,-0.556256387,-0.028242882,,0.029524689,-0.336111475,0.1376292842,-1.074782401,,0.0412251487,,-0.124569686,0.0710967065,,-0.023938432,,-0.094254168,-0.13749416,0.0107736247,487.77234927,66.988077172,0.5264152017,1.3713999855,0.3860921235,3.0,,16.707167846,,,0.493022124,0.1149086132,0.027885404,5.71689e-05,0.0,-0.002950135,0.0029949532,-0.005725604,-0.002628316,-0.003192193,,,,0.004154431,-0.004648369,0.0170979343,19.357004478,1.1858010088,0.1393244773,-1.923776109,0.7377585074,0.3126278838,0.00350896,1225732.42797979,0.66825937,0.00449327,0.64933835,0.00306885,0.00326691,0.00513634,0.02384514,-0.09602932,-0.02814195,0.52264169,0.02399007,0.07637811,0.02213824,0.39509461,0.03924753,0.04917986,0.02422682,-0.08981265,0.03941855,0.03159249,0.47446894,0.4892457,0.61358096,1.3480095442,1.1955546728,226,-0.824106572,-0.880720008,-0.854685666,0.1839811194
20191231,20191231,270371.0,01W,CHN,0.009933,2019,12,20191129,20191130,226.97067816,1.1603817902,226.97067816,,0.0,3.885781e-16,-0.073741377,0.094362304,-0.306343459,-0.015085453,0.2574845833,1.0298279574,,0.1180710368,0.0252228143,,,-0.094000166,-0.966561807,-0.887227317,,,-0.795358242,0.7551151065,0.0003443452,0.0,0.0,-0.031491019,0.0590508693,-0.090541889,-0.125509677,-0.020248924,-0.148431005,0.0,0.0,-0.01734489,-0.103042241,-7.787637089,0.0784732004,-0.026422116,,-100.1524486,-1.118894141,,,0.0570321748,-0.111072044,-0.540954042,-0.191025503,-0.993952968,0.1224370478,0.2484063534,0.1021053178,0.1436756912,,0.0722193689,-0.966103749,-0.013605442,2.0,-0.162670834,-0.114818675,,,,-0.948670542,-0.061818749,-0.556256387,-0.028242882,,0.029524689,-0.336111475,0.1376292842,-1.074782401,,0.0412251487,,-0.124569686,0.0710967065,,-0.023938432,,-0.094254168,-0.13749416,0.0107736247,487.77234927,66.988077172,0.5264152017,1.3713999855,0.3860921235,3.0,,16.707167846,,,0.493022124,0.1149086132,0.0301054191,6.17202e-05,0.0,-0.003185002,0.0032333877,-0.006181432,-0.002837561,-0.00344633,,,,0.0044862307,-0.005019617,0.0144375773,19.358888987,1.1886036316,0.1770132237,-0.320131593,0.7497215487,0.3268500778,0.00436249,1094967.92239338,0.6654183,0.00422311,0.66776627,0.00320725,0.00334057,0.01376241,0.01904081,-1.01833453,-0.31647488,2.12034636,0.01956084,-0.52846312,0.02022463,-0.89029045,0.01860988,0.03135878,0.02112196,-0.82533461,0.03791663,0.03085972,0.48414744,0.45316805,0.61364962,1.3527484146,0.584423323,227,-0.811397432,-0.878766333,-0.854182984,0.1995680724
20200123,20200131,270371.0,01W,CHN,0.118149,2020,1,20191231,20191231,229.22526431,1.1719083042,229.22526431,,0.0,2.151057e-16,,0.0898933351,-0.209470303,-0.452332957,0.041754862,0.6213948388,,0.1896573381,,-0.136531169,0.0259945637,-0.094000166,-0.966561807,-0.887227317,,,-0.795358242,0.7551151065,0.0003443452,0.0,0.0,-0.031491019,0.0590508693,-0.090541889,-0.125509677,-0.020248924,-0.148431005,0.0,0.0,-0.01734489,-0.103042241,-7.787637089,0.0784732004,-0.026422116,,-100.1524486,-1.118894141,,,0.0570321748,-0.111072044,-0.540954042,-0.191025503,-0.993952968,0.1224370478,0.2484063534,0.1021053178,0.1436756912,,0.0722193689,-0.966103749,-0.013605442,2.0,-0.162670834,-0.114818675,,,,-0.948670542,-0.061818749,-0.556256387,-0.028242882,,0.029524689,-0.336111475,0.1376292842,-1.074782401,,0.0412251487,,-0.124569686,0.0710967065,,-0.023938432,,-0.094254168,-0.13749416,0.0107736247,487.77234927,66.988077172,0.5264152017,1.3713999855,0.3860921235,3.0,,16.707167846,,,0.493022124,0.1149086132,0.0298093119,6.11132e-05,0.0,-0.003153675,0.0032015851,-0.006120633,-0.002809652,-0.003412433,,,,0.004441966,-0.00497009,0.0129592362,19.35863763,1.1886036316,0.1094479177,-0.163682622,0.7439626999,0.2297399645,0.00378088,1059493.82555732,0.6705709,0.00431111,0.64612828,0.00318591,0.00335191,0.01010804,0.02673598,0.93238082,1.03743166,0.44926025,0.02754236,0.72585642,0.02862896,0.85084916,0.0400997,0.05025978,0.0281176,0.22348741,0.03078236,0.03083276,0.46815356,0.45766954,0.61025338,1.3856344483,1.2630425163,228,-0.802453438,-0.872520898,-0.854224627,0.1979351684
20200228,20200229,270371.0,01W,CHN,0.006635,2020,2,20200123,20200131,256.30788994,1.3103675355,256.30788994,,0.0,2.237793e-16,,,,,,0.1077084247,0.0339293591,-0.040129085,,0.0185700956,0.0129654138,0.0033390673,-0.966561807,-0.887227317,,,-0.699199283,8.6546476387,0.0003443452,0.0,0.0,-0.029041438,0.1495060281,-0.178547466,-0.068640852,-0.020248924,-0.148431005,0.0,0.0,-0.01734489,-0.095401343,-7.787637089,0.0859758534,-0.016348928,,-2.135852667,-1.118894141,,,0.0570321748,-0.133009513,-0.68044574,-0.191025503,-0.993952968,0.1224370478,0.3120631451,0.1629795783,0.1436756912,,0.1108560378,-0.966103749,-0.013605442,3.0,-0.162670834,-0.114818675,,,2232.2144376,-12.29898897,-0.025214609,-12.03131095,0.0002719999,,0.029524689,-0.336111475,0.1376292842,-1.074782401,,0.4416584169,,-0.149857159,0.0862629325,,-0.016403518,,-0.062464579,-0.149358441,0.0772447305,11.113370007,66.99533331,0.5359339718,1.2772190548,0.4528855672,3.0,,7.6613004807,,,0.4715273031,0.1150668563,0.027605461,0.0023717367,0.0,-0.002820444,0.0044916399,-0.005396152,-0.001724363,-0.004405915,,,,0.0039712806,-0.004443443,0.0120179301,19.355963866,1.1854105321,-0.005303281,-0.158484182,0.7005162612,0.1328445452,0.00399868,875203.86527677,0.64584166,0.00385078,0.66603862,0.0035316,0.00335993,0.0126736,0.0169016,0.71271931,0.36465804,1.96565132,0.01307157,0.20659042,0.01148645,0.06604059,0.027426,0.04997173,0.01723493,1.05715264,0.03087868,0.03042469,0.40413756,0.51174252,0.61205725,1.3379385693,0.8777929247,229,-0.758769451,-0.89665729,-0.589591216,0.0413119589
20200331,20200331,270371.0,01W,CHN,0.161471,2020,3,20200228,20200229,258.00842364,1.3190614705,258.00842364,,0.0,2.151057e-16,0.0066347302,0.1292555145,0.1446839916,-0.274447288,0.0302035352,0.0769916743,-0.180837756,0.6657668247,,0.0883540538,0.0009019183,0.0033390673,-0.966561807,-0.887227317,,,-0.699199283,8.6546476387,0.0003443452,0.0,0.0,-0.029041438,0.1495060281,-0.178547466,-0.068640852,-0.020248924,-0.148431005,0.0,0.0,-0.01734489,-0.095401343,-7.787637089,0.0859758534,-0.016348928,,-2.135852667,-1.118894141,,,0.0570321748,-0.133009513,-0.68044574,-0.191025503,-0.993952968,0.1224370478,0.3120631451,0.1629795783,0.1436756912,,0.1108560378,-0.966103749,-0.013605442,3.0,-0.162670834,-0.114818675,,,2232.2144376,-12.29898897,-0.025214609,-12.03131095,0.0002719999,,0.029524689,-0.336111475,0.1376292842,-1.074782401,,0.4416584169,,-0.149857159,0.0862629325,,-0.016403518,,-0.062464579,-0.149358441,0.0772447305,11.113370007,66.99533331,0.5359339718,1.2772190548,0.4528855672,3.0,,7.6613004807,,,0.4715273031,0.1150668563,0.0274235134,0.0023561046,0.0,-0.002801854,0.0044620355,-0.005360586,-0.001712998,-0.004376876,,,,0.0039450324,-0.004414074,0.0125074685,19.355814708,1.1670157923,0.1236143807,0.2479387382,0.698231308,0.301511164,0.0045942,809442.75627438,0.65568449,0.00355019,0.69236693,0.00382025,0.00341094,0.00682555,0.01593086,0.57012212,-0.37111267,0.59923831,0.01464638,0.63830079,0.01309912,0.52927743,0.02424485,0.04430047,0.02136873,-0.81457033,0.02914397,0.02992452,0.47838598,0.51513779,0.60673802,1.235218039,0.7776661766,230,-0.686441888,-0.898879893,-0.590259028,0.1777181891
20200430,20200430,270371.0,01W,CHN,0.159752,2020,4,20200331,20200331,299.66924499,1.5320513548,299.66924499,,0.0,4.996004e-16,0.1614707798,,0.2389338729,-0.10136709,-0.377440682,-0.459714617,0.1973477153,-0.045576984,,0.1523669733,0.0070402187,0.0033390673,-0.966561807,-0.887227317,,,-0.699199283,8.6546476387,0.0003443452,0.0,0.0,-0.029041438,0.1495060281,-0.178547466,-0.068640852,-0.020248924,-0.148431005,0.0,0.0,-0.01734489,-0.095401343,-7.787637089,0.0859758534,-0.016348928,,-2.135852667,-1.118894141,,,0.0570321748,-0.133009513,-0.68044574,-0.191025503,-0.993952968,0.1224370478,0.3120631451,0.1629795783,0.1436756912,,0.1108560378,-0.966103749,-0.013605442,3.0,-0.162670834,-0.114818675,,,2232.2144376,-12.29898897,-0.025214609,-12.03131095,0.0002719999,,0.029524689,-0.336111475,0.1376292842,-1.074782401,,0.4416584169,,-0.149857159,0.0862629325,,-0.016403518,,-0.062464579,-0.149358441,0.0772447305,11.113370007,66.99533331,0.5359339718,1.2772190548,0.4528855672,3.0,,7.6613004807,,,0.4715273031,0.1150668563,0.0236110231,0.0020285526,0.0,-0.002412333,0.0038417114,-0.004615343,-0.001474853,-0.003768391,,,,0.0033952572,-0.003798933,0.0075863375,19.352689287,1.175685359,-0.358285353,0.4223026689,0.7064412257,0.1263584142,0.0047364,796949.15607122,0.6500015,0.00319605,0.61960658,0.00431743,0.00371612,0.00740048,0.02844073,-0.35440637,0.3055209,1.3147318,0.02327066,0.34024649,0.02074178,0.09509493,0.04878137,0.05290031,0.03227888,-0.38032481,0.03028258,0.02921802,0.51324258,0.59831749,0.60640392,1.1822383457,1.5964840633,231,-0.664015984,-0.898738564,-0.589225751,0.2095504426
20200529,20200531,270371.0,01W,CHN,-0.134121,2020,5,20200430,20200430,347.54211956,1.7768002023,347.54211956,,0.0,3.885781e-16,0.1597523782,0.169176825,0.2229386831,0.1183838531,-0.242385772,-0.473508085,-0.249391115,-0.106902335,,-0.07574192,0.0148673318,1.5423055565,21.830945269,3.390082408,517.02286464,,-0.175353421,,0.0700286968,0.0,0.0,0.3872494168,0.2314276853,0.1558217315,0.0472497974,0.0025418698,0.0447079276,0.0250854997,-0.0250855,0.0199824225,0.1954263031,-0.291592978,0.0764689651,-0.011154686,-0.203883495,0.1182437328,-0.217713366,,,0.094572334,-0.023697435,-0.868259804,-0.048782935,-1.787377451,0.6600713058,0.2372502948,0.2782549249,0.7466344605,0.0440840271,0.2142468915,5.0168195113,1.1657142857,4.0,0.5098076665,0.2987195256,,-0.50491863,14.468657339,,0.1741744291,,0.2610695493,,-1034.568281,-5.162797351,3.4808368726,0.0096169031,,3.6110558769,,-0.088604741,0.1944074748,-1.329624815,-0.028358619,1.4935661765,0.0509904591,-0.034852121,0.0521526242,4.3323793653,66.978675382,0.6579637431,1.456333064,1.6446564119,7.0,-2.870648648,10.048332372,7.2856994874,2.7850729613,0.0496197168,0.1117707508,0.0494190651,0.0114069108,0.0012397019,-0.009348179,0.0095800034,0.0013487957,0.0025199008,0.0024868421,,,0.0004223251,0.0129519927,-0.002164922,0.0276603141,,1.036324228,-0.145887044,0.3908591236,0.2813468586,0.4770868263,0.0043482,879530.73004205,0.65232853,0.00325861,0.60878026,0.00442401,0.00387923,0.00650205,0.03140625,-0.256132,-0.03653125,0.48637082,0.02843748,-0.33022775,0.02876957,-0.20422765,0.04782907,0.05214242,0.03282437,-0.31244362,0.02970081,0.02957253,0.45933723,0.84934068,0.59759059,1.1854379576,1.5500124463,232,-0.18608216,0.1417321973,-0.30022534,-0.1861972
20200630,20200630,270371.0,01W,CHN,0.065502,2020,6,20200529,20200531,300.92941085,1.5384939205,300.92941085,,0.0,3.885781e-16,-0.134121035,0.3470184991,0.5312203426,0.5521406725,-0.016182734,-0.306343459,-0.380807663,-0.187247039,,-0.097970374,0.0125801493,1.5423055565,21.830945269,3.390082408,517.02286464,,-0.175353421,,0.0700286968,0.0,0.0,0.3872494168,0.2314276853,0.1558217315,0.0472497974,0.0025418698,0.0447079276,0.0250854997,-0.0250855,0.0199824225,0.1954263031,-0.291592978,0.0764689651,-0.011154686,-0.203883495,0.1182437328,-0.217713366,,,0.094572334,-0.023697435,-0.868259804,-0.048782935,-1.787377451,0.6600713058,0.2372502948,0.2782549249,0.7466344605,0.0440840271,0.2142468915,5.0168195113,1.1657142857,4.0,0.5098076665,0.2987195256,,-0.50491863,14.468657339,,0.1741744291,,0.2610695493,,-1034.568281,-5.162797351,3.4808368726,0.0096169031,,3.6110558769,,-0.088604741,0.1944074748,-1.329624815,-0.028358619,1.4935661765,0.0509904591,-0.034852121,0.0521526242,4.3323793653,66.978675382,0.6579637431,1.456333064,1.6446564119,7.0,-2.870648648,10.048332372,7.2856994874,2.7850729613,0.0496197168,0.1117707508,0.0570738718,0.0131737937,0.0014317266,-0.010796173,0.0110639059,0.0015577185,0.0029102229,0.0028720436,,,0.0004877415,0.014980098,-0.00250392,0.0309145738,,1.0658194613,0.0626381659,1.1413585593,0.2921094447,0.5390850289,0.004858,942812.57937545,0.59030817,0.00334324,0.55664519,0.00448758,0.00398969,0.00791146,0.02375981,0.23111527,-0.16753523,0.3488977,0.01901474,-0.36152988,0.02026834,-0.0930776,0.01794544,0.04411097,0.02378066,0.23999892,0.02849614,0.02891482,0.42829279,0.73542623,0.59719188,1.232828821,0.6012695401,233,-0.194924564,0.1267972784,-0.303162774,-0.183049162
20200731,20200731,270371.0,01W,CHN,0.049517,2020,7,20200630,20200630,320.64096968,1.6392687611,320.64096968,,0.0,3.885781e-16,0.0655022677,0.0042051892,,0.4450366976,0.0481249739,-0.209470303,-0.417676377,-0.066746302,,-0.073107519,0.0091503918,1.5423055565,21.830945269,3.390082408,517.02286464,,-0.175353421,,0.0700286968,0.0,0.0,0.3872494168,0.2314276853,0.1558217315,0.0472497974,0.0025418698,0.0447079276,0.0250854997,-0.0250855,0.0199824225,0.1954263031,-0.291592978,0.0764689651,-0.011154686,-0.203883495,0.1182437328,-0.217713366,,,0.094572334,-0.023697435,-0.868259804,-0.048782935,-1.787377451,0.6600713058,0.2372502948,0.2782549249,0.7466344605,0.0440840271,0.2142468915,5.0168195113,1.1657142857,4.0,0.5098076665,0.2987195256,,-0.50491863,14.468657339,,0.1741744291,,0.2610695493,,-1034.568281,-5.162797351,3.4808368726,0.0096169031,,3.6110558769,,-0.088604741,0.1944074748,-1.329624815,-0.028358619,1.4935661765,0.0509904591,-0.034852121,0.0521526242,4.3323793653,66.978675382,0.6579637431,1.456333064,1.6446564119,7.0,-2.870648648,10.048332372,7.2856994874,2.7850729613,0.0496197168,0.1117707508,0.0535652279,0.0123639283,0.0013437105,-0.010132473,0.0103837469,0.001461957,0.0027313156,0.0026954833,,,0.0004577574,0.0140497626,-0.002348414,0.0378875532,,1.0425754007,0.0679107272,0.3397866249,0.294567081,0.559995757,0.00536914,939567.96335181,0.57847525,0.00314098,0.55312835,0.00473147,0.00411453,0.01159579,0.02146799,0.1999015,0.13606275,1.34647912,0.02110804,-0.00552958,0.01842768,0.08047529,0.03687488,0.05413865,0.02524837,0.55117072,0.02836156,0.02734383,0.53050487,0.86338187,0.57387791,1.1525058275,1.2924249002,234,-0.135088985,0.1191515317,-0.302160169,-0.073324019
20200831,20200831,270371.0,01W,CHN,0.320642,2020,8,20200731,20200731,336.51805683,1.7204399633,336.51805683,,0.0,0.0,0.0495167139,-0.077403999,0.2509992172,0.3085234863,0.1966516055,,-0.39191656,-0.164348724,,0.011363411,0.0023697341,0.9213664772,11.838906348,3.390082408,28.636302605,,0.1447665632,,0.1203686238,0.0,0.0,0.4723541855,0.0672759553,0.4050782303,0.0364745088,0.0025418698,0.0447079276,0.0250854997,-0.0250855,0.0199824225,0.227108463,-0.291592978,0.1212753678,-0.184720782,-0.174286794,0.1226610925,-0.217713366,,,0.094572334,0.1457928466,4.5535434016,-0.048782935,-1.787377451,0.6600713058,0.4031760679,0.4763992002,0.7466344605,0.0440840271,0.0406255142,5.0168195113,1.1657142857,5.0,0.5098076665,0.2987195256,,-0.50491863,7.2403242564,-0.033965582,-0.007839878,0.186686814,0.012018771,,-1034.568281,-5.162797351,3.4808368726,0.0096169031,,-0.320261848,,-0.07479483,0.2330144262,-1.341373741,-0.354916318,1.8589861218,-0.113775397,-0.038927935,-0.048620762,3.8310700523,66.955592297,0.6579637431,0.9883598056,1.1131223461,7.0,-2.870648648,21.040582751,7.2856994874,2.7850729613,0.0101974397,0.1083544771,0.0428404623,0.0111823751,0.0012803136,-0.009654418,0.015515687,0.0013716423,-0.004874191,0.0025683091,,,0.0004361602,0.0133804259,-0.002236535,0.0303753453,,1.017355141,0.1132931815,0.2490287107,0.1883518191,0.418908345,0.00445759,967726.82033585,0.58337443,0.00314708,0.56226284,0.00480943,0.00435228,0.00907173,0.02250159,0.85798335,-0.48701598,0.20931032,0.02320782,0.62772671,0.02356959,0.73841825,0.0368173,0.05490915,0.02357008,0.73322992,0.02855766,0.02554141,0.51791883,0.9061337,0.51426679,0.8870222085,1.3682790557,235,-0.178309923,-0.599003759,-0.108328071,0.3847482285
20200930,20200930,270371.0,01W,CHN,-0.027793,2020,9,20200831,20200831,444.4198348,2.272085045,444.4198348,,0.0,0.0,0.3206418669,0.1182624386,0.3042909688,0.4826499156,0.5029066511,0.1446839916,-0.498301079,-0.069943371,,0.0057755263,-0.001149518,0.9213664772,11.838906348,3.390082408,28.636302605,,0.1447665632,,0.1203686238,0.0,0.0,0.4723541855,0.0672759553,0.4050782303,0.0364745088,0.0025418698,0.0447079276,0.0250854997,-0.0250855,0.0199824225,0.227108463,-0.291592978,0.1212753678,-0.184720782,-0.174286794,0.1226610925,-0.217713366,,,0.094572334,0.1457928466,4.5535434016,-0.048782935,-1.787377451,0.6600713058,0.4031760679,0.4763992002,0.7466344605,0.0440840271,0.0406255142,5.0168195113,1.1657142857,5.0,0.5098076665,0.2987195256,,-0.50491863,7.2403242564,-0.033965582,-0.007839878,0.186686814,0.012018771,,-1034.568281,-5.162797351,3.4808368726,0.0096169031,,-0.320261848,,-0.07479483,0.2330144262,-1.341373741,-0.354916318,1.8589861218,-0.113775397,-0.038927935,-0.048620762,3.8310700523,66.955592297,0.6579637431,0.9883598056,1.1131223461,7.0,-2.870648648,21.040582751,7.2856994874,2.7850729613,0.0101974397,0.1083544771,0.0324391217,0.0084673789,0.0009694631,-0.007310398,0.0117485954,0.0010386179,-0.003690774,0.001944743,,,0.0003302638,0.0101078356,-0.001689522,0.0361678489,,1.1496759822,0.1341819885,0.118571915,0.1904941192,0.424671154,0.00345909,1197597.42241919,0.63100158,0.00356094,0.57854045,0.00462029,0.00438534,0.00870359,0.02797435,-0.37723064,-0.07591305,-0.54828567,0.02947957,-0.34775331,0.02969376,-0.20882601,0.04828344,0.05476349,0.02812823,-0.41080859,0.0229938,0.02512586,0.44397153,1.0,0.4643281,0.783052122,1.8432564848,236,-0.119879983,-0.621310955,-0.116059107,0.4896543519
20201030,20201031,270371.0,01W,CHN,-0.260345,2020,10,20200930,20200930,432.06805138,2.208936868,432.06805138,,0.0,3.330669e-16,-0.027793052,0.3860357123,0.4830345197,,1.1340651571,0.2389338729,-0.425075781,0.1766620121,,0.076127637,-0.004852965,0.9213664772,11.838906348,3.390082408,28.636302605,,0.1447665632,,0.1203686238,0.0,0.0,0.4723541855,0.0672759553,0.4050782303,0.0364745088,0.0025418698,0.0447079276,0.0250854997,-0.0250855,0.0199824225,0.227108463,-0.291592978,0.1212753678,-0.184720782,-0.174286794,0.1226610925,-0.217713366,,,0.094572334,0.1457928466,4.5535434016,-0.048782935,-1.787377451,0.6600713058,0.4031760679,0.4763992002,0.7466344605,0.0440840271,0.0406255142,5.0168195113,1.1657142857,5.0,0.5098076665,0.2987195256,,-0.50491863,7.2403242564,-0.033965582,-0.007839878,0.186686814,0.012018771,,-1034.568281,-5.162797351,3.4808368726,0.0096169031,,-0.320261848,,-0.07479483,0.2330144262,-1.341373741,-0.354916318,1.8589861218,-0.113775397,-0.038927935,-0.048620762,3.8310700523,66.955592297,0.6579637431,0.9883598056,1.1131223461,7.0,-2.870648648,21.040582751,7.2856994874,2.7850729613,0.0101974397,0.1083544771,0.033366478,0.0087094408,0.0009971777,-0.007519385,0.0120844594,0.0010683095,-0.003796284,0.0020003385,,,0.0003397052,0.0103989835,-0.001738188,0.0387991633,,1.1223912439,0.3650666647,0.1833650882,0.2054496676,0.4634757892,0.00405996,1308604.69290019,0.61556441,0.00356539,0.56456914,0.00450648,0.00452804,0.01309762,0.01799834,-1.29236008,-0.08383922,0.54787282,0.01840885,-1.36736308,0.01901247,-1.24171499,0.01958114,0.02933058,0.02056886,-1.15707789,0.01973752,0.02416487,0.49661007,0.90992526,0.44265043,0.7269384704,0.766382226,237,-0.086566868,-0.644711511,-0.118910533,0.5507534886
20201130,20201130,270371.0,01W,CHN,0.054316,2020,11,20201030,20201031,319.58113402,1.6338503784,319.58113402,,0.0,1.665335e-16,-0.260345372,0.2839371992,0.2432106126,0.6857383964,0.7632531285,0.2229386831,-0.489629234,-0.073741377,,0.1031254456,-0.010689772,1.3109643257,13.014727302,3.390082408,35.747787889,,1.203162634,,0.0947766885,0.0,0.0,0.5006419314,-0.053794457,0.5544363888,0.0310278877,0.0025418698,0.0447079276,0.0250854997,-0.0250855,0.0199824225,0.2294903403,-0.291592978,0.2063561681,-0.143332762,0.0829796553,0.2192834024,-0.217713366,,,0.094572334,0.1701919834,3.3689403716,-0.048782935,-1.787377451,0.6600713058,0.6336329214,0.9092289431,1.935543463,0.0440840271,0.0668611401,5.0168195113,1.1657142857,6.0,0.5098076665,0.3085994917,,-0.50491863,15.723690279,-0.033935469,-0.008857961,0.9147350729,0.052960788,,-1034.568281,-5.162797351,3.4808368726,0.0096169031,3.4705072801,0.1424811014,,0.0620707015,0.4768817429,21.548748837,-0.331236901,2.171058553,-0.119674027,0.026859221,-0.025419859,4.3407021449,66.95294428,0.5987539478,0.9982005488,1.3951469455,7.0,-2.870648648,19.901478529,7.2856994874,2.7850729613,-0.031653191,0.1325122945,0.0494113296,0.0113832574,0.0095868941,0.0062831963,0.0321833358,0.0024961594,-0.005913253,0.0027044224,,,0.0004592755,0.0165237231,0.0013188631,0.0378509122,,1.0201844207,0.3388794354,0.0787130215,0.2019418299,0.5157168902,0.00355342,1348661.42003984,0.68114513,0.00364793,0.65255392,0.00440247,0.00453228,0.00864168,0.02829289,0.5216175,0.78622246,-0.15707914,0.02745486,0.07760636,0.02482849,0.36625175,0.01718174,0.04358288,0.02871897,0.67789674,0.01998796,0.02516098,0.41050459,0.67303043,0.41509697,0.6901030797,0.6526551637,238,0.3214943524,-0.040671816,0.4529288083,0.0804486561
20201231,20201231,270371.0,01W,CHN,-0.141928,2020,12,20201130,20201130,336.9395644,1.72259491,336.9395644,,0.0,1.665335e-16,0.0543161924,-0.280902631,0.0619803931,0.2386461245,0.4080282819,0.5312203426,-0.620984326,,,0.0770768711,-0.015617459,1.3109643257,13.014727302,3.390082408,35.747787889,,1.203162634,,0.0947766885,0.0,0.0,0.5006419314,-0.053794457,0.5544363888,0.0310278877,0.0025418698,0.0447079276,0.0250854997,-0.0250855,0.0199824225,0.2294903403,-0.291592978,0.2063561681,-0.143332762,0.0829796553,0.2192834024,-0.217713366,,,0.094572334,0.1701919834,3.3689403716,-0.048782935,-1.787377451,0.6600713058,0.6336329214,0.9092289431,1.935543463,0.0440840271,0.0668611401,5.0168195113,1.1657142857,6.0,0.5098076665,0.3085994917,,-0.50491863,15.723690279,-0.033935469,-0.008857961,0.9147350729,0.052960788,,-1034.568281,-5.162797351,3.4808368726,0.0096169031,3.4705072801,0.1424811014,,0.0620707015,0.4768817429,21.548748837,-0.331236901,2.171058553,-0.119674027,0.026859221,-0.025419859,4.3407021449,66.95294428,0.5987539478,0.9982005488,1.3951469455,7.0,-2.870648648,19.901478529,7.2856994874,2.7850729613,-0.031653191,0.1325122945,0.04686576,0.0107968154,0.0090929971,0.005959499,0.0305253168,0.0023675624,-0.005608614,0.0025650961,,,0.0004356145,0.0156774981,0.0012513206,0.0407764093,,0.9855685394,0.1416367953,-0.050346038,0.2027459333,0.4675023232,0.00352058,1437099.84369681,0.67438438,0.00401815,0.66309691,0.00419657,0.00445677,0.00292931,0.03535997,-0.0699099,0.03385051,-0.49167386,0.03666461,0.0939412,0.03697505,-0.01877827,0.04865221,0.05276626,0.03553868,-0.06592124,0.02011696,0.0266299,0.39323103,0.70958688,0.40530972,0.7021175512,1.7660305669,239,0.3170597591,-0.048649453,0.4508561507,0.0690475318
20210129,20210131,270371.0,01W,CHN,0.031221,2021,1,20201231,20201231,289.11856869,1.4781112919,289.11856869,,0.0,3.330669e-16,-0.141927517,-0.220170148,0.0508312919,0.1243715197,,,,0.1181485196,0.0230589049,-0.124750553,,1.3109643257,13.014727302,3.390082408,35.747787889,,1.203162634,,0.0947766885,0.0,0.0,0.5006419314,-0.053794457,0.5544363888,0.0310278877,0.0025418698,0.0447079276,0.0250854997,-0.0250855,0.0199824225,0.2294903403,-0.291592978,0.2063561681,-0.143332762,0.0829796553,0.2192834024,-0.217713366,,,0.094572334,0.1701919834,3.3689403716,-0.048782935,-1.787377451,0.6600713058,0.6336329214,0.9092289431,1.935543463,0.0440840271,0.0668611401,5.0168195113,1.1657142857,6.0,0.5098076665,0.3085994917,,-0.50491863,15.723690279,-0.033935469,-0.008857961,0.9147350729,0.052960788,,-1034.568281,-5.162797351,3.4808368726,0.0096169031,3.4705072801,0.1424811014,,0.0620707015,0.4768817429,21.548748837,-0.331236901,2.171058553,-0.119674027,0.026859221,-0.025419859,4.3407021449,66.95294428,0.5987539478,0.9982005488,1.3951469455,7.0,-2.870648648,19.901478529,7.2856994874,2.7850729613,-0.031653191,0.1325122945,0.0546174838,0.012582638,0.0105970035,0.0069452163,0.0355742871,0.0027591637,-0.006536294,0.00298937,,,0.0005076664,0.0182527134,0.0014568648,0.0403869319,,0.946237471,0.1453076549,-0.074655498,0.2116109074,0.3965214707,0.00517816,1433829.43481326,0.66674146,0.0040314,0.64925755,0.00418768,0.00458101,0.01100509,0.02448762,0.66053677,-0.07361798,-0.53057978,0.02458348,0.03668673,0.02485121,0.07087663,0.02836406,0.05019136,0.02536592,0.41858424,0.02003706,0.02650961,0.49523172,0.60887698,0.40636438,0.6981513547,1.0345721951,240,0.3210378208,-0.057915112,0.4481349053,0.079525228
20210226,20210228,270371.0,01W,CHN,0.020634,2021,2,20210129,20210131,298.14510495,1.5242592278,298.14510495,,0.0,1.665335e-16,0.0312208804,-0.095320287,-0.140852733,-0.168104951,0.1280127536,0.2509992172,-0.452541073,0.0066347302,0.0252940095,-0.044344397,,1.4592537511,11.808029117,3.390082408,13.126548984,,2.0476031088,,0.1135096822,0.0,0.0,0.5136372189,0.1126423333,0.4009948856,0.0466020173,0.0025418698,0.0447079276,0.0250854997,-0.0250855,0.0199824225,0.1954263031,-0.291592978,0.2550144861,-0.131349564,0.1923823611,0.2581526116,-0.217713366,,,0.094572334,0.1815021234,3.2247464567,-0.048782935,-1.787377451,0.6600713058,0.8055587822,1.204868951,5.2217643623,0.0440840271,0.0782104513,5.0168195113,1.1657142857,7.0,0.5098076665,0.2987195256,,-0.50491863,10.681383267,0.0025705028,0.0005921859,12.301559477,0.0258067948,,-1034.568281,-5.162797351,3.4808368726,0.0096169031,1.5745126187,-0.191317156,,0.1233378704,0.6271453314,-1.329624815,-0.323021907,2.3853323332,-0.12521797,0.0501525596,-0.062753391,4.5865949328,66.952151816,0.6579637431,0.9478997988,1.5113555331,7.0,-2.870648648,25.196941876,7.2856994874,2.7850729613,-0.002905739,0.1336469999,0.0583623322,0.0127245447,0.0024696441,-0.0020949,0.0494562899,0.0032848744,-0.007308013,0.0028988649,,,0.0004922964,0.0094910666,0.002933165,0.0423343899,,0.8797830234,-0.031343873,-0.180395287,0.2175604428,0.4870874084,0.00504698,1420691.0417223,0.67762106,0.00402431,0.64679019,0.00425526,0.00467737,0.0160728,0.03241919,0.23411719,-0.40266296,-0.88631823,0.03157568,-0.22313912,0.03344942,-0.0535632,0.04565039,0.05303929,0.03255461,0.1806747,0.02217835,0.02743753,0.56301931,0.62788665,0.34784358,0.6216910928,1.6128277037,241,0.5861820846,0.1523573101,0.2532306605,0.5353029524
20210331,20210331,270371.0,01W,CHN,-0.034747,2021,3,20210226,20210228,304.29689592,1.5557101018,304.29689592,,0.0,0.0,0.0206335468,-0.115137738,-0.329136367,-0.009252356,0.1555634531,0.3042909688,-0.437361319,0.1614707798,0.0124906247,0.219888278,,1.4592537511,11.808029117,3.390082408,13.126548984,,2.0476031088,,0.1135096822,0.0,0.0,0.5136372189,0.1126423333,0.4009948856,0.0466020173,0.0025418698,0.0447079276,0.0250854997,-0.0250855,0.0199824225,0.1954263031,-0.291592978,0.2550144861,-0.131349564,0.1923823611,0.2581526116,-0.217713366,,,0.094572334,0.1815021234,3.2247464567,-0.048782935,-1.787377451,0.6600713058,0.8055587822,1.204868951,5.2217643623,0.0440840271,0.0782104513,5.0168195113,1.1657142857,7.0,0.5098076665,0.2987195256,,-0.50491863,10.681383267,0.0025705028,0.0005921859,12.301559477,0.0258067948,,-1034.568281,-5.162797351,3.4808368726,0.0096169031,1.5745126187,-0.191317156,,0.1233378704,0.6271453314,-1.329624815,-0.323021907,2.3853323332,-0.12521797,0.0501525596,-0.062753391,4.5865949328,66.952151816,0.6579637431,0.9478997988,1.5113555331,7.0,-2.870648648,25.196941876,7.2856994874,2.7850729613,-0.002905739,0.1336469999,0.0571824553,0.0124673001,0.0024197167,-0.002052549,0.0484564613,0.0032184661,-0.007160271,0.0028402602,,,0.000482344,0.0092987967,0.002873745,0.0420618579,,0.8756560957,0.0085843063,-0.488247696,0.2113963175,0.5087497621,0.00587217,1207427.17425032,0.73962897,0.00356425,0.70233398,0.00458179,0.00474053,0.0134478,0.02125148,-0.07129408,0.44443909,1.08782403,,,,,0.02743232,0.05183086,0.02476521,0.6343374,0.02371633,0.02787366,0.4867194,0.64084218,0.32369571,0.6407674198,0.9594629339,242,0.575245717,0.1458390606,0.2516115412,0.5211630453
20210430,20210430,270371.0,01W,CHN,0.000694,2021,4,20210331,20210331,293.72359123,1.5016543519,293.72359123,,0.0,-1.14492e-16,-0.034746673,0.0524986247,-0.29571998,-0.05097313,0.0154425287,0.4830345197,-0.537048377,0.1597523782,-0.005191107,0.0103563236,,1.4592537511,11.808029117,3.390082408,13.126548984,,2.0476031088,,0.1135096822,0.0,0.0,0.5136372189,0.1126423333,0.4009948856,0.0466020173,0.0025418698,0.0447079276,0.0250854997,-0.0250855,0.0199824225,0.1954263031,-0.291592978,0.2550144861,-0.131349564,0.1923823611,0.2581526116,-0.217713366,,,0.094572334,0.1815021234,3.2247464567,-0.048782935,-1.787377451,0.6600713058,0.8055587822,1.204868951,5.2217643623,0.0440840271,0.0782104513,5.0168195113,1.1657142857,7.0,0.5098076665,0.2987195256,,-0.50491863,10.681383267,0.0025705028,0.0005921859,12.301559477,0.0258067948,,-1034.568281,-5.162797351,3.4808368726,0.0096169031,1.5745126187,-0.191317156,,0.1233378704,0.6271453314,-1.329624815,-0.323021907,2.3853323332,-0.12521797,0.0501525596,-0.062753391,4.5865949328,66.952151816,0.6579637431,0.9478997988,1.5113555331,7.0,-2.870648648,25.196941876,7.2856994874,2.7850729613,-0.002905739,0.1336469999,0.0592408788,0.0129160913,0.0025068204,-0.002126435,0.050200771,0.0033343227,-0.007418023,0.0029425024,,,0.0004997071,0.0096342431,0.002977413,0.0363318595,,0.5987499275,-0.129262879,-0.509469812,0.2076327297,0.4341906368,0.00611638,975638.73303243,0.84720008,0.00315176,0.79564598,0.00492779,0.00483039,0.01203078,0.01184279,0.18271806,-0.05908301,0.04497783,0.01215157,-0.10009783,0.01147113,-0.50573653,0.01546227,0.02487927,0.01244895,0.14828491,0.02558314,0.02658782,0.57461678,0.61857505,0.30883245,0.6135786947,0.5707577938,243,0.5951807819,0.1403852801,0.2504057293,0.5321602277
20210531,20210531,270371.0,01W,CHN,0.051991,2021,5,20210430,20210430,293.92749851,1.5026968227,293.92749851,,0.0,3.885781e-16,0.0006942149,-0.014830073,-0.08091073,-0.127168408,-0.154854693,0.2432106126,-0.466069675,-0.134121035,0.0070648246,-0.123129381,,0.0826443294,5.27041372,30.009593405,0.8370485328,,3.7869941412,14.352271992,0.0542475411,0.0,0.0,0.2723508587,-0.142021148,0.4143720071,-0.263994494,-0.01981709,-0.244177404,0.1386867945,-0.138686795,0.0003791149,0.0868565853,0.0315778661,0.241216834,-0.223621671,0.1721847032,0.2730192719,0.0864708482,,,0.0219115794,0.3429821165,4.1867269985,0.204295322,2.4937998193,0.4438951444,1.0592683509,1.1672992909,2.7383372845,0.0497732909,0.2658714795,,,8.0,0.1842602221,-0.161254717,-0.126996415,135.13467049,2.2248053346,0.4738946347,0.1033216671,,-0.070852762,,8.3475679551,8.8014581031,-5.665754617,10.26290436,1.5244367963,0.371020817,0.9161727609,0.1292249094,0.2611520375,0.2423317839,-0.242102734,1.7428858723,-0.261060817,0.1193604455,-0.312051276,3.3327019162,66.95047251,0.7533214247,0.793120677,0.8528219749,5.0,-1.971185224,16.585171817,17.158016607,1.8822348789,0.181746277,0.1249022579,0.0632626758,0.0189823985,0.0102395308,-0.00658021,0.0710279182,0.0051825606,-0.016515406,-0.017727536,,,0.0035352932,0.0261101483,0.0040423676,0.0406022844,19.505877652,0.6006363892,-0.302036679,-0.428286212,0.5588375174,0.53910295,0.00548005,850475.98782245,0.76707514,0.00282738,0.73915146,0.00524955,0.00490875,0.01098096,0.01696988,-0.07247679,-0.15515313,-0.49988443,0.01725579,-0.36332983,0.01747495,-0.412677,0.01784769,0.04830538,0.01727206,-0.09714379,0.02385138,0.02540821,0.619045,0.61900447,0.30090414,0.5830246605,0.6925338985,244,0.2692845416,0.0308290465,0.4581451764,-0.126649056
20210630,20210630,270371.0,01W,CHN,0.269636,2021,6,20210531,20210531,309.20899717,1.5808230939,309.20899717,,0.0,2.151057e-16,0.0519907077,-0.03407658,-0.127655136,-0.338626507,-0.023267624,0.0619803931,-0.448278756,0.0655022677,0.0058365009,-0.110834851,,0.0826443294,5.27041372,30.009593405,0.8370485328,,3.7869941412,14.352271992,0.0542475411,0.0,0.0,0.2723508587,-0.142021148,0.4143720071,-0.263994494,-0.01981709,-0.244177404,0.1386867945,-0.138686795,0.0003791149,0.0868565853,0.0315778661,0.241216834,-0.223621671,0.1721847032,0.2730192719,0.0864708482,,,0.0219115794,0.3429821165,4.1867269985,0.204295322,2.4937998193,0.4438951444,1.0592683509,1.1672992909,2.7383372845,0.0497732909,0.2658714795,,,8.0,0.1842602221,-0.161254717,-0.126996415,135.13467049,2.2248053346,0.4738946347,0.1033216671,,-0.070852762,,8.3475679551,8.8014581031,-5.665754617,10.26290436,1.5244367963,0.371020817,0.9161727609,0.1292249094,0.2611520375,0.2423317839,-0.242102734,1.7428858723,-0.261060817,0.1193604455,-0.312051276,3.3327019162,66.95047251,0.7533214247,0.793120677,0.8528219749,5.0,-1.971185224,16.585171817,17.158016607,1.8822348789,0.181746277,0.1249022579,0.0601361546,0.0180442644,0.0097334802,-0.006255008,0.0675176289,0.0049264319,-0.015699194,-0.016851419,,,0.0033605746,0.0248116296,0.0038413312,0.0466269264,19.497350294,0.5871605928,-0.20618453,-0.456408753,0.5601171198,0.5744373102,0.00603894,673241.31107164,0.56614855,0.00225083,0.55543164,0.00575469,0.00497776,0.00844983,0.01995383,0.46848055,0.16719779,1.80566119,0.02121868,0.36041273,0.02139574,0.2357756,0.02704819,0.04988121,0.02005168,0.50208156,0.02475741,0.02511899,0.65231766,0.65118695,0.28743908,0.5538362063,1.0623774886,245,0.2658465228,0.0041165795,0.4574719351,-0.125967332
20210730,20210731,270371.0,01W,CHN,-0.087837,2021,7,20210630,20210630,392.5830179,2.0070706436,392.5830179,,0.0,1.94289e-16,0.2696364643,0.0527210153,0.0694885444,-0.284351166,-0.035653499,0.0508312919,-0.346241976,0.0495167139,0.0258473873,-0.063223824,,0.0826443294,5.27041372,30.009593405,0.8370485328,,3.7869941412,14.352271992,0.0542475411,0.0,0.0,0.2723508587,-0.142021148,0.4143720071,-0.263994494,-0.01981709,-0.244177404,0.1386867945,-0.138686795,0.0003791149,0.0868565853,0.0315778661,0.241216834,-0.223621671,0.1721847032,0.2730192719,0.0864708482,,,0.0219115794,0.3429821165,4.1867269985,0.204295322,2.4937998193,0.4438951444,1.0592683509,1.1672992909,2.7383372845,0.0497732909,0.2658714795,,,8.0,0.1842602221,-0.161254717,-0.126996415,135.13467049,2.2248053346,0.4738946347,0.1033216671,,-0.070852762,,8.3475679551,8.8014581031,-5.665754617,10.26290436,1.5244367963,0.371020817,0.9161727609,0.1292249094,0.2611520375,0.2423317839,-0.242102734,1.7428858723,-0.261060817,0.1193604455,-0.312051276,3.3327019162,66.95047251,0.7533214247,0.793120677,0.8528219749,5.0,-1.971185224,16.585171817,17.158016607,1.8822348789,0.181746277,0.1249022579,0.0473648609,0.0142121504,0.0076663522,-0.004926614,0.0531787097,0.003880191,-0.012365109,-0.013272633,,,0.0026468794,0.0195162218,0.0030214973,0.0438739401,19.462517525,0.5855955087,-0.249611885,-0.399312276,0.5616525548,0.5720050949,0.00227175,1103266.42911197,1.22037736,0.00336326,1.0873584,0.00489926,0.00463577,0.01472288,0.03996317,-0.97224737,-0.14103126,2.18613491,0.03706461,-0.35101186,0.038044,-0.50745449,0.06008613,0.08154052,0.03997659,-0.99057622,0.02266079,0.02690741,0.67646723,0.8267707,0.28533032,0.5911201745,2.2164867772,246,0.2578269217,-0.002852454,0.4547780424,-0.142215207
20210831,20210831,270371.0,01W,CHN,-0.234896,2021,8,20210730,20210731,358.0996571,1.830775343,358.0996571,,0.0,6.245005e-16,-0.087837118,0.3356457626,0.3167515125,0.2284298918,0.1666031285,-0.140852733,-0.276143937,0.3206418669,-0.011287066,-0.032936245,,0.0826443294,2.9954538079,30.009593405,0.8370485328,,3.7869941412,14.352271992,0.0542475411,0.0,0.0,0.2723508587,-0.142021148,0.4143720071,-0.263994494,-0.01981709,-0.244177404,0.1386867945,-0.138686795,0.0003791149,0.0868565853,0.0315778661,0.241216834,-0.223621671,0.0778693054,0.1547857583,0.0864708482,,,0.0219115794,0.3429821165,3.236397854,0.204295322,2.4937998193,0.4438951444,1.0592683509,1.4470481235,2.7383372845,0.0497732909,0.2658714795,,,8.0,0.1842602221,-0.161254717,-0.126996415,135.13467049,0.4318797212,-0.036828798,-0.011050748,-0.002863217,-0.00321087,,8.3475679551,8.8014581031,-3.769101531,6.1304339946,-0.884073608,-0.670289387,0.9161727609,0.0655351935,0.262737492,0.1970572377,-0.265366432,1.6283067601,-0.261060817,0.1193604455,-0.312051276,3.3327019162,66.937612123,0.7533214247,1.1285353308,0.8528219749,5.0,-1.971185224,16.585171817,17.158016607,1.8822348789,0.181746277,0.1249022579,0.0519258806,0.0265928334,0.0084045868,-0.005401024,0.0582561246,0.0041161919,-0.009205443,-0.014550727,,,0.0029017618,0.0214057501,0.0033140336,0.041882139,19.30232859,0.6047670209,-0.053268307,-0.004392429,0.5853874836,0.4373897348,,1490265.25781674,1.29538828,0.00431339,1.18380604,0.00422556,0.00439888,0.03124159,,,,,,,,,,,,,0.01945192,0.02844498,0.92333328,0.75414954,0.29395425,0.7096768119,,247,0.0953668929,-0.176809745,0.4016155066,-0.167143609
20210930,20210930,270371.0,01W,CHN,-0.08604,2021,9,20210831,20210831,273.98345144,1.4007333918,273.98345144,,0.0,3.330669e-16,-0.23489608,0.1581152566,0.1768100888,0.0628008549,-0.194231155,-0.329136367,-0.114728998,-0.027793052,-0.030114614,0.0353897221,,0.0826443294,2.9954538079,30.009593405,0.8370485328,,3.7869941412,14.352271992,0.0542475411,0.0,0.0,0.2723508587,-0.142021148,0.4143720071,-0.263994494,-0.01981709,-0.244177404,0.1386867945,-0.138686795,0.0003791149,0.0868565853,0.0315778661,0.241216834,-0.223621671,0.0778693054,0.1547857583,0.0864708482,,,0.0219115794,0.3429821165,3.236397854,0.204295322,2.4937998193,0.4438951444,1.0592683509,1.4470481235,2.7383372845,0.0497732909,0.2658714795,,,8.0,0.1842602221,-0.161254717,-0.126996415,135.13467049,0.4318797212,-0.036828798,-0.011050748,-0.002863217,-0.00321087,,8.3475679551,8.8014581031,-3.769101531,6.1304339946,-0.884073608,-0.670289387,0.9161727609,0.0655351935,0.262737492,0.1970572377,-0.265366432,1.6283067601,-0.261060817,0.1193604455,-0.312051276,3.3327019162,66.937612123,0.7533214247,1.1285353308,0.8528219749,5.0,-1.971185224,16.585171817,17.158016607,1.8822348789,0.181746277,0.1249022579,0.0678677488,0.0347571522,0.0109848958,-0.007059203,0.0761414536,0.0053799122,-0.012031624,-0.019017975,,,0.0037926374,0.0280242938,0.0043387152,0.0320070199,19.292809762,0.5575412778,-0.284082864,-0.070862438,0.5807628565,0.345063846,0.00165936,2101349.76151696,1.09773882,0.00595789,1.08009844,0.0033425,0.00407345,0.01080885,0.04222132,-0.49286582,0.12363252,0.60451784,0.04143648,0.12701924,0.03481002,-0.25219385,0.04024026,0.05858241,0.04235374,-0.42124033,0.01709469,0.02991411,0.76158951,0.57700277,0.29116479,0.7420143942,1.3379921975,248,0.0629349738,-0.192206399,0.3976954728,-0.209752212
20211029,20211031,270371.0,01W,CHN,0.009713,2021,10,20210930,20210930,250.41003793,1.2802149178,250.41003793,,0.0,2.220446e-16,-0.086039552,-0.302100603,-0.067206518,-0.052349171,-0.365878938,-0.29571998,-0.297492915,-0.260345372,-0.01426863,0.0389205707,,0.0826443294,2.9954538079,30.009593405,0.8370485328,,3.7869941412,14.352271992,0.0542475411,0.0,0.0,0.2723508587,-0.142021148,0.4143720071,-0.263994494,-0.01981709,-0.244177404,0.1386867945,-0.138686795,0.0003791149,0.0868565853,0.0315778661,0.241216834,-0.223621671,0.0778693054,0.1547857583,0.0864708482,,,0.0219115794,0.3429821165,3.236397854,0.204295322,2.4937998193,0.4438951444,1.0592683509,1.4470481235,2.7383372845,0.0497732909,0.2658714795,,,8.0,0.1842602221,-0.161254717,-0.126996415,135.13467049,0.4318797212,-0.036828798,-0.011050748,-0.002863217,-0.00321087,,8.3475679551,8.8014581031,-3.769101531,6.1304339946,-0.884073608,-0.670289387,0.9161727609,0.0655351935,0.262737492,0.1970572377,-0.265366432,1.6283067601,-0.261060817,0.1193604455,-0.312051276,3.3327019162,66.937612123,0.7533214247,1.1285353308,0.8528219749,5.0,-1.971185224,16.585171817,17.158016607,1.8822348789,0.181746277,0.1249022579,0.0742567678,0.0380291645,0.0120190057,-0.007723751,0.083309353,0.0058863731,-0.013164272,-0.020808313,,,0.0041496735,0.0306830152,0.0047503378,0.0328948765,19.288994903,0.5986766557,-0.389552318,-0.30002753,0.579171777,0.2779338545,0.00166799,2612079.15327509,0.90776252,0.00783806,0.9030932,0.002651,0.00374678,0.01077197,0.02316045,0.43936847,0.38706663,0.72882606,0.02133862,0.05833961,0.02176251,-0.03892523,0.02713848,0.05599397,0.02564272,0.57365954,0.01505018,0.03031813,0.61234599,0.5701077,0.29047128,0.7598122224,0.8905014997,249,0.0583212075,-0.208375935,0.3975636509,-0.209166735
20211130,20211130,270371.0,01W,CHN,0.174206,2021,11,20211029,20211031,252.84215648,1.2926490618,252.84215648,,0.0,0.0,0.0097125442,-0.300725279,-0.148055084,-0.160106828,-0.21644299,-0.08091073,-0.45256368,0.0543161924,-0.018323507,0.0228723086,,0.0719283925,1.0594301911,30.009593405,1.0736413502,,3.7869941412,14.352271992,0.0975836401,0.0,0.0,0.2869231391,0.0181251367,0.2687980024,-0.262897841,-0.01981709,-0.244177404,-0.019351719,0.0193517187,0.0003791149,0.0967815835,0.0315778661,0.1591635727,-0.291683784,0.0037908086,0.2557408428,0.0864708482,,,0.0828140925,0.3064073609,3.8438097219,0.3257590796,4.0865725732,0.4438951444,1.3002977819,1.294812387,3.4226718323,0.0497732909,0.1054511985,,,8.0,0.1842602221,-0.112453,-0.126996415,4.0698962639,0.0594374916,-0.026504734,,0.007430735,,,-0.192875445,1.0843440416,-2.424625001,2.828353796,-1.087409377,-0.703543237,0.9161727609,0.0157826204,0.1706119526,0.0054978747,-0.312664129,1.2775014836,-0.226692863,0.0147235771,-0.107018836,3.20820993,66.933725445,0.6844495004,1.1900338479,0.796586152,5.0,-1.971185224,27.710025823,17.158016607,1.8822348789,0.1583449476,0.1466937601,0.0669458966,0.0208670561,0.0108218855,0.0037623605,0.0837741017,0.0053365585,-0.015176157,-0.017946745,,,0.0041097573,0.0243844864,0.0009819885,0.0379184166,19.173069071,0.6020863658,-0.262227102,-0.303710851,0.5778874275,0.3136732603,0.00304728,2801598.1794781,0.82461678,0.00854775,0.79921817,0.00241492,0.00370578,0.00913926,0.02160625,0.817799,-0.13763886,2.90582983,0.02044147,0.69387576,0.0207104,0.88496427,0.03061963,0.05925719,0.02516815,1.06238748,0.01462881,0.02960901,0.77021542,0.5756449,0.2934166,0.7761345541,1.0231397524,250,0.0692199124,-0.495319865,0.6238666467,-0.136085505
20211231,20211231,270371.0,01W,CHN,-0.006422,2021,12,20211130,20211130,296.88876867,1.5178362407,296.88876867,,0.0,0.0,0.1742059663,-0.077162671,-0.182293663,-0.169093869,-0.249591965,-0.127655136,-0.48011958,-0.141927517,0.0104159001,,,0.0719283925,1.0594301911,30.009593405,1.0736413502,,3.7869941412,14.352271992,0.0975836401,0.0,0.0,0.2869231391,0.0181251367,0.2687980024,-0.262897841,-0.01981709,-0.244177404,-0.019351719,0.0193517187,0.0003791149,0.0967815835,0.0315778661,0.1591635727,-0.291683784,0.0037908086,0.2557408428,0.0864708482,,,0.0828140925,0.3064073609,3.8438097219,0.3257590796,4.0865725732,0.4438951444,1.3002977819,1.294812387,3.4226718323,0.0497732909,0.1054511985,,,8.0,0.1842602221,-0.112453,-0.126996415,4.0698962639,0.0594374916,-0.026504734,,0.007430735,,,-0.192875445,1.0843440416,-2.424625001,2.828353796,-1.087409377,-0.703543237,0.9161727609,0.0157826204,0.1706119526,0.0054978747,-0.312664129,1.2775014836,-0.226692863,0.0147235771,-0.107018836,3.20820993,66.933725445,0.6844495004,1.1900338479,0.796586152,5.0,-1.971185224,27.710025823,17.158016607,1.8822348789,0.1583449476,0.1466937601,0.0570137596,0.017771206,0.0092163435,0.0032041742,0.0713453211,0.0045448232,-0.012924612,-0.015284154,,,0.003500031,0.0207783427,0.0008367653,0.0360329451,19.196845982,0.6261004621,-0.29517416,-0.2619515,0.57847633,0.3134908832,0.00276821,2950774.16728027,0.73732632,0.00924025,0.6877181,0.00221842,0.00363392,0.01193397,0.02539876,2.74191838,-0.33294386,-2.21840067,0.0248769,2.14513151,0.02443462,1.26752697,0.03955776,0.10422265,0.02554801,2.72184078,0.01135065,0.0286746,0.86109162,0.67592568,0.29301384,0.7698185464,1.3597949895,251,0.0769702064,-0.506552347,0.6219546559,-0.114860063
20220128,20220131,270371.0,01W,CHN,0.126892,2022,1,20211231,20211231,294.98216383,1.5080887721,294.98216383,,0.0,0.0,-0.00642195,0.1856104936,-0.243755448,0.0107760409,0.0268754789,0.0694885444,-0.596398177,0.0312208804,0.0069938246,-0.0165475,,0.0719283925,1.0594301911,30.009593405,1.0736413502,,3.7869941412,14.352271992,0.0975836401,0.0,0.0,0.2869231391,0.0181251367,0.2687980024,-0.262897841,-0.01981709,-0.244177404,-0.019351719,0.0193517187,0.0003791149,0.0967815835,0.0315778661,0.1591635727,-0.291683784,0.0037908086,0.2557408428,0.0864708482,,,0.0828140925,0.3064073609,3.8438097219,0.3257590796,4.0865725732,0.4438951444,1.3002977819,1.294812387,3.4226718323,0.0497732909,0.1054511985,,,8.0,0.1842602221,-0.112453,-0.126996415,4.0698962639,0.0594374916,-0.026504734,,0.007430735,,,-0.192875445,1.0843440416,-2.424625001,2.828353796,-1.087409377,-0.703543237,0.9161727609,0.0157826204,0.1706119526,0.0054978747,-0.312664129,1.2775014836,-0.226692863,0.0147235771,-0.107018836,3.20820993,66.933725445,0.6844495004,1.1900338479,0.796586152,5.0,-1.971185224,27.710025823,17.158016607,1.8822348789,0.1583449476,0.1466937601,0.0573822656,0.0178860694,0.009275913,0.0032248843,0.0718064586,0.0045741985,-0.01300815,-0.015382943,,,0.0035226533,0.020912211,0.0008421564,0.0417524725,19.195963802,0.6961766525,-0.132738176,-0.6688393,0.5787870312,0.3892470217,,4097530.33164722,1.15201981,0.01316257,1.10627106,0.00158385,0.00282104,0.06886527,,,,,,,,,,,,,0.00914184,0.03283861,0.87483052,0.67158492,0.28802116,0.8611588423,,252,0.0322016325,-0.516349413,0.6188889094,-0.182422846
20220228,20220228,270371.0,01W,CHN,-0.015983,2022,2,20220128,20220131,332.41317708,1.6994538706,332.41317708,,0.0,0.0,0.1268924628,0.1666652742,-0.176256782,0.0035881818,-0.010608731,0.3167515125,-0.504836461,0.0206335468,0.0166537261,-0.037554752,,0.0355546481,0.4921454475,30.009593405,0.7559867968,,3.7869941412,14.352271992,0.0891783869,0.0,0.0,0.2649258066,-0.064608735,0.3295345418,-0.263695507,-0.01981709,-0.244177404,0.0798405941,-0.079840594,0.0003791149,0.0626194919,0.0315778661,0.1343599323,-0.271323369,-0.133504428,0.2044434916,0.0864708482,,,0.0771607899,0.2475192452,4.4321848645,0.1676786511,3.0025252335,0.4438951444,1.3046316562,1.2423594932,4.2807914045,0.0497732909,0.1086287981,,,8.0,0.1842602221,-0.161254717,-0.126996415,-0.287233158,0.1681770285,-0.063240766,-0.019712166,-0.065811269,-0.020304352,,-0.511637091,-0.056829242,-1.808513831,1.9761011489,-0.843371443,-1.059354872,0.9161727609,-0.024650471,0.1391370524,-0.173211569,-0.280970176,0.977245542,-0.191673369,-0.023804124,-0.066455399,3.6608521022,66.93208163,0.7533214247,1.1486818604,0.7715882865,5.0,-1.971185224,13.765912763,17.158016607,1.8822348789,0.147730179,0.1429061743,0.0542069676,0.0148071995,0.0065429679,0.0006545302,0.0661884398,0.0030272356,-0.010390032,-0.01186376,,,0.0031259889,0.0154516162,-0.001289505,0.0430662438,19.224073992,0.5740635122,-0.266739079,-0.508288889,0.5735657699,0.2221363728,0.00054672,5243164.27391665,1.05932598,0.01664865,1.01405594,0.00127291,0.00219698,0.02319545,0.04290658,-0.0305229,0.01478699,2.21417936,0.03926213,-0.92260173,0.03919111,-0.81109689,0.06802259,0.09569396,0.0529464,-0.2419136,0.00812847,0.03467799,1.26495089,0.75680398,0.29401642,0.9330495245,1.9285913149,253,-0.294938739,-0.854634117,0.5279007833,-0.278751629
20220331,20220331,270371.0,01W,CHN,-0.03983,2022,3,20220228,20220228,327.10029093,1.6722918759,327.10029093,,0.0,2.081668e-16,-0.015982778,0.1196556157,0.213260054,0.0750436764,0.0923975287,0.1768100888,-0.47423305,-0.034746673,0.0183595347,0.1573635999,,0.0355546481,0.4921454475,30.009593405,0.7559867968,,3.7869941412,14.352271992,0.0891783869,0.0,0.0,0.2649258066,-0.064608735,0.3295345418,-0.263695507,-0.01981709,-0.244177404,0.0798405941,-0.079840594,0.0003791149,0.0626194919,0.0315778661,0.1343599323,-0.271323369,-0.133504428,0.2044434916,0.0864708482,,,0.0771607899,0.2475192452,4.4321848645,0.1676786511,3.0025252335,0.4438951444,1.3046316562,1.2423594932,4.2807914045,0.0497732909,0.1086287981,,,8.0,0.1842602221,-0.161254717,-0.126996415,-0.287233158,0.1681770285,-0.063240766,-0.019712166,-0.065811269,-0.020304352,,-0.511637091,-0.056829242,-1.808513831,1.9761011489,-0.843371443,-1.059354872,0.9161727609,-0.024650471,0.1391370524,-0.173211569,-0.280970176,0.977245542,-0.191673369,-0.023804124,-0.066455399,3.6608521022,66.93208163,0.7533214247,1.1486818604,0.7715882865,5.0,-1.971185224,13.765912763,17.158016607,1.8822348789,0.147730179,0.1429061743,0.0550874176,0.0150477037,0.0066492413,0.0006651613,0.0672634974,0.0030764051,-0.010558791,-0.012056456,,,0.0031767624,0.0157024203,-0.001310436,0.0422328637,19.22229936,0.5810698561,-0.152903055,0.2615945537,0.5825116816,0.29019994,0.0009745,5618128.34872267,1.03587108,0.01791603,0.96998382,0.00115549,0.0019498,0.0115971,0.03497622,2.27672623,-0.33725751,1.09299287,0.03206764,0.63117093,0.03590126,1.14562837,0.04188583,0.09953774,0.03777115,1.14339184,0.00757502,0.03543266,1.47293663,0.74470815,0.29309042,0.9675321359,1.1629708198,254,-0.307140108,-0.857940603,0.5291585284,-0.312358863
20220429,20220430,270371.0,01W,CHN,-0.232869,2022,4,20220331,20220331,314.07179304,1.6056840135,314.07179304,,0.0,2.081668e-16,-0.039830285,0.1088815903,0.3062587013,-0.166799693,0.1136330233,-0.067206518,-0.432683231,0.0006942149,0.0146754892,0.0488996102,,0.0355546481,0.4921454475,30.009593405,0.7559867968,,3.7869941412,14.352271992,0.0891783869,0.0,0.0,0.2649258066,-0.064608735,0.3295345418,-0.263695507,-0.01981709,-0.244177404,0.0798405941,-0.079840594,0.0003791149,0.0626194919,0.0315778661,0.1343599323,-0.271323369,-0.133504428,0.2044434916,0.0864708482,,,0.0771607899,0.2475192452,4.4321848645,0.1676786511,3.0025252335,0.4438951444,1.3046316562,1.2423594932,4.2807914045,0.0497732909,0.1086287981,,,8.0,0.1842602221,-0.161254717,-0.126996415,-0.287233158,0.1681770285,-0.063240766,-0.019712166,-0.065811269,-0.020304352,,-0.511637091,-0.056829242,-1.808513831,1.9761011489,-0.843371443,-1.059354872,0.9161727609,-0.024650471,0.1391370524,-0.173211569,-0.280970176,0.977245542,-0.191673369,-0.023804124,-0.066455399,3.6608521022,66.93208163,0.7533214247,1.1486818604,0.7715882865,5.0,-1.971185224,13.765912763,17.158016607,1.8822348789,0.147730179,0.1429061743,0.057372584,0.0156719207,0.0069250688,0.0006927539,0.0700537586,0.0032040222,-0.010996796,-0.012556589,,,0.0033085426,0.0163533458,-0.001364759,0.0436858313,19.217693388,0.5688956396,0.021379652,0.5080277576,0.5807077829,0.2812596178,0.00230458,5443568.53726171,1.05615945,0.01707027,1.00956297,0.00122527,0.00179997,0.01379819,0.03051495,0.27221823,-0.15561186,0.34151252,0.02826662,0.07538414,0.02940237,0.10638804,0.04199927,0.06330727,0.03387627,-0.14805112,0.00810191,0.03648179,1.51972695,0.71504621,0.29869218,0.9720032191,1.1237919943,255,-0.310852812,-0.861379045,0.5283182483,-0.31716011
20220531,20220531,270371.0,01W,CHN,0.22905,2022,5,20220429,20220430,240.9340697,1.2317692725,240.9340697,,0.0,-2.77556e-16,-0.232869442,-0.055176465,0.2421654577,-0.122948635,0.0685349096,-0.148055084,-0.510243424,0.0519907077,-0.011220888,-0.116149053,,0.0245020383,-0.062326047,0.8137817475,-0.078998348,,133.2369085,245.91858053,-0.009180265,0.0,0.0,0.0540166624,0.0243043469,0.0297123155,0.0946355883,-0.000581033,0.0952166217,0.0699357699,-0.06993577,-0.024815511,-0.064371802,-0.07661193,0.1179605834,0.0377556501,-0.207355441,-0.320543883,-0.149918172,,,-0.040143784,-0.022683138,-0.309679603,-0.092618908,-1.264471705,0.5380000829,1.0619014172,1.0400283035,1.9568515138,0.0480563552,0.1347766806,,,0.0,0.1279899509,0.1287921529,0.0564346584,55.244634514,-0.359001133,-0.119521203,-0.032648465,-0.593415838,-0.135970132,,0.424669674,0.1651520202,-0.842344157,0.6993164474,-2.649784147,-3.913274902,1.5747614293,0.0154418189,0.1208508581,-0.161781099,0.0386807405,,-0.05056398,0.0150725117,0.2104968373,4.3761978809,66.96754333,0.7296266496,0.7753306805,0.7534341985,2.0,0.2261269241,13.071557101,,-1.547733912,0.0207282674,0.1167304477,0.0790682972,0.0180678067,0.018021417,0.0073648543,0.0812499197,-0.005791525,-0.003998008,-0.006680116,,,0.003904575,0.0412171798,-0.002692984,0.0456431712,19.34089518,0.7072011146,0.0076029471,0.3739320437,0.522837922,0.2465266434,0.00386854,5296350.6171515,1.08335026,0.01656005,1.04177711,0.0012859,0.00177289,0.00992479,0.02208527,-0.53471922,-0.31422411,0.55940394,0.01915295,-0.00323859,0.01957126,0.0807217,0.02565394,0.06418688,0.03276309,0.06931016,0.01042993,0.0368442,1.48841754,0.5485338,0.31929731,0.9252393205,0.6647360466,256,-1.326546434,-1.498763399,-0.716753078,-0.765197796
20220630,20220630,270371.0,01W,CHN,0.073704,2022,6,20220531,20220531,296.1201185,1.5139065363,296.1201185,,0.0,-2.35922e-16,0.2290504156,-0.263424471,-0.188470245,-0.120625467,-0.220805113,-0.182293663,-0.357175286,0.2696364643,-0.014910529,-0.069259675,,0.0245020383,-0.062326047,0.8137817475,-0.078998348,,133.2369085,245.91858053,-0.009180265,0.0,0.0,0.0540166624,0.0243043469,0.0297123155,0.0946355883,-0.000581033,0.0952166217,0.0699357699,-0.06993577,-0.024815511,-0.064371802,-0.07661193,0.1179605834,0.0377556501,-0.207355441,-0.320543883,-0.149918172,,,-0.040143784,-0.022683138,-0.309679603,-0.092618908,-1.264471705,0.5380000829,1.0619014172,1.0400283035,1.9568515138,0.0480563552,0.1347766806,,,0.0,0.1279899509,0.1287921529,0.0564346584,55.244634514,-0.359001133,-0.119521203,-0.032648465,-0.593415838,-0.135970132,,0.424669674,0.1651520202,-0.842344157,0.6993164474,-2.649784147,-3.913274902,1.5747614293,0.0154418189,0.1208508581,-0.161781099,0.0386807405,,-0.05056398,0.0150725117,0.2104968373,4.3761978809,66.96754333,0.7296266496,0.7753306805,0.7534341985,2.0,0.2261269241,13.071557101,,-1.547733912,0.0207282674,0.1167304477,0.0643328347,0.0147006229,0.0146628785,0.0059923126,0.0661078819,-0.004712195,-0.003252924,-0.005435185,,,0.0031769039,0.0335815477,-0.002194099,0.0434785414,19.339485926,0.7287718264,-0.099254973,0.0690061416,0.5258024657,0.2305798021,0.00381051,5299434.39169493,1.10096737,0.01643703,1.07092284,0.00127228,0.00174965,0.01456566,0.01732799,1.19306935,-0.48050436,1.11162512,0.01738363,1.63569758,0.0185178,1.47922702,0.03417574,0.05453196,0.01993769,-0.00946681,0.01185887,0.03663536,1.5121255,0.67417569,0.32092509,0.9132025841,0.8845685487,257,-1.327088979,-1.502026043,-0.724278472,-0.748944115
20220729,20220731,270371.0,01W,CHN,-0.057779,2022,7,20220630,20220630,317.94524585,1.625486942,317.94524585,,0.0,-1.38778e-16,0.073703629,-0.057157869,0.0038577067,0.1825409275,-0.245713378,-0.243755448,-0.171794857,-0.087837118,-0.000225006,-0.037815091,,0.0245020383,-0.062326047,0.8137817475,-0.078998348,,133.2369085,245.91858053,-0.009180265,0.0,0.0,0.0540166624,0.0243043469,0.0297123155,0.0946355883,-0.000581033,0.0952166217,0.0699357699,-0.06993577,-0.024815511,-0.064371802,-0.07661193,0.1179605834,0.0377556501,-0.207355441,-0.320543883,-0.149918172,,,-0.040143784,-0.022683138,-0.309679603,-0.092618908,-1.264471705,0.5380000829,1.0619014172,1.0400283035,1.9568515138,0.0480563552,0.1347766806,,,0.0,0.1279899509,0.1287921529,0.0564346584,55.244634514,-0.359001133,-0.119521203,-0.032648465,-0.593415838,-0.135970132,,0.424669674,0.1651520202,-0.842344157,0.6993164474,-2.649784147,-3.913274902,1.5747614293,0.0154418189,0.1208508581,-0.161781099,0.0386807405,,-0.05056398,0.0150725117,0.2104968373,4.3761978809,66.96754333,0.7296266496,0.7753306805,0.7534341985,2.0,0.2261269241,13.071557101,,-1.547733912,0.0207282674,0.1167304477,0.0599167526,0.013691509,0.0136563556,0.0055809746,0.0615699529,-0.004388729,-0.003029629,-0.00506209,,,0.0029588275,0.0312891598,-0.002044322,0.0345411725,19.339063586,0.7446186176,-0.201350578,0.2533954617,0.5328100582,0.2009730216,0.00312989,3841268.84158071,1.13788102,0.01183247,1.07910053,0.00180082,0.00181002,0.01342106,0.01996961,0.35349356,-0.31792542,1.74961782,0.01618899,0.96695768,0.01404444,1.28312067,0.03237066,0.04471448,0.02153413,0.24916961,0.01196126,0.03491466,1.49101772,0.72386489,0.32294184,0.8633129095,0.8722423053,258,-1.308296862,-1.500824553,-0.719010819,-0.714020734
20220831,20220831,270371.0,01W,CHN,-0.006851,2022,8,20220729,20220731,299.57480857,1.531568551,299.57480857,,0.0,-2.498e-16,-0.057778619,0.3196358915,-0.04352394,0.2574851056,-0.112131946,-0.176256782,-0.176298852,-0.23489608,0.0158765809,0.0272632095,,0.0245020383,-0.088739325,0.8137817475,-0.078998348,,45.745173251,245.91858053,-0.009180265,0.0,0.0,0.0540166624,0.0243043469,0.0297123155,0.0946355883,-0.000581033,0.0952166217,0.0699357699,-0.06993577,-0.024815511,-0.31933427,-0.07661193,0.127742547,0.0001697066,-0.278897993,-0.372528779,-0.149918172,,,-1.3765e-05,-0.047985728,-0.548809447,-0.092618908,-1.264471705,0.5380000829,1.238768054,1.1060217995,2.8064358639,0.0480563552,0.0517815241,,,0.0,0.1279899509,0.1287921529,0.0564346584,55.244634514,-0.094878839,-0.075458785,-0.017243217,-0.038629986,-0.006192469,,0.424669674,0.1651520202,-0.664487166,0.431502942,-0.831147183,0.1170711606,1.5747614293,0.0154418189,0.1208508581,-0.118149527,0.0386807405,,-0.039450318,-0.047816021,0.2104968373,4.260585848,64.69213429,0.7296266496,0.7753306805,0.7534341985,2.0,0.2261269241,16.443077827,,-1.547733912,0.0207282674,0.1167304477,0.0573745308,0.0134663478,0.0122214664,0.0092505258,0.0634574818,-0.005016602,-0.002263443,-0.004129326,,,0.0031402679,0.0224041632,-0.002718276,0.0377506796,19.314302671,0.7586529701,-0.065373669,-0.015077855,0.5557521541,0.229603105,0.0032063,2285594.45619066,1.02071993,0.00721455,0.90077682,0.00273826,0.00191017,0.01251052,0.02150576,2.7865965,-0.23575265,2.67018547,0.02260555,2.73192311,0.02169752,2.09167202,0.02947461,0.07596782,0.02402743,1.83325382,0.01299173,0.03333645,1.45032713,0.68204097,0.32275985,0.8662918977,0.827619888,259,-1.255958691,-1.375853157,-0.848174535,-0.583388329
20220930,20220930,270371.0,01W,CHN,-0.050946,2022,9,20220831,20220831,297.52233622,1.5210753385,297.52233622,,0.0,0.0,-0.006851285,0.0116665159,-0.084149978,0.0090472938,0.0934047549,0.213260054,-0.406868761,-0.086039552,0.0230755143,-0.027842505,,0.0245020383,-0.088739325,0.8137817475,-0.078998348,,45.745173251,245.91858053,-0.009180265,0.0,0.0,0.0540166624,0.0243043469,0.0297123155,0.0946355883,-0.000581033,0.0952166217,0.0699357699,-0.06993577,-0.024815511,-0.31933427,-0.07661193,0.127742547,0.0001697066,-0.278897993,-0.372528779,-0.149918172,,,-1.3765e-05,-0.047985728,-0.548809447,-0.092618908,-1.264471705,0.5380000829,1.238768054,1.1060217995,2.8064358639,0.0480563552,0.0517815241,,,0.0,0.1279899509,0.1287921529,0.0564346584,55.244634514,-0.094878839,-0.075458785,-0.017243217,-0.038629986,-0.006192469,,0.424669674,0.1651520202,-0.664487166,0.431502942,-0.831147183,0.1170711606,1.5747614293,0.0154418189,0.1208508581,-0.118149527,0.0386807405,,-0.039450318,-0.047816021,0.2104968373,4.260585848,64.69213429,0.7296266496,0.7753306805,0.7534341985,2.0,0.2261269241,16.443077827,,-1.547733912,0.0207282674,0.1167304477,0.0577703318,0.013559246,0.0123057768,0.009314341,0.0638952463,-0.005051209,-0.002279058,-0.004157813,,,0.0031619312,0.0225572931,-0.002736855,0.0488149965,19.314171387,0.7458430158,0.0166885539,-0.193447895,0.5642889056,0.3100541942,0.00368434,1578553.47968748,0.56372404,0.00522174,0.52796074,0.00339381,0.00202498,0.00942347,0.01491799,-0.03189339,-0.25553285,0.99018684,0.01148272,0.29133323,0.01189766,0.30515867,0.02359612,0.03699534,0.02053115,-0.73867052,0.01401868,0.03069725,1.57031279,0.81307363,0.32556999,0.8282884048,0.7033212448,260,-1.239566566,-1.378582431,-0.850860939,-0.544969126
20221031,20221031,270371.0,01W,CHN,-0.019098,2022,10,20220930,20220930,282.36486258,1.443583142,282.36486258,,0.0,1.94289e-16,-0.050945666,-0.064234046,-0.052693229,0.0086112745,0.188140614,0.3062587013,-0.423617687,0.0097125442,0.0175611316,-0.013459407,,0.0245020383,-0.088739325,0.8137817475,-0.078998348,,45.745173251,245.91858053,-0.009180265,0.0,0.0,0.0540166624,0.0243043469,0.0297123155,0.0946355883,-0.000581033,0.0952166217,0.0699357699,-0.06993577,-0.024815511,-0.31933427,-0.07661193,0.127742547,0.0001697066,-0.278897993,-0.372528779,-0.149918172,,,-1.3765e-05,-0.047985728,-0.548809447,-0.092618908,-1.264471705,0.5380000829,1.238768054,1.1060217995,2.8064358639,0.0480563552,0.0517815241,,,0.0,0.1279899509,0.1287921529,0.0564346584,55.244634514,-0.094878839,-0.075458785,-0.017243217,-0.038629986,-0.006192469,,0.424669674,0.1651520202,-0.664487166,0.431502942,-0.831147183,0.1170711606,1.5747614293,0.0154418189,0.1208508581,-0.118149527,0.0386807405,,-0.039450318,-0.047816021,0.2104968373,4.260585848,64.69213429,0.7296266496,0.7753306805,0.7534341985,2.0,0.2261269241,16.443077827,,-1.547733912,0.0207282674,0.1167304477,0.0608714694,0.0142871125,0.0129663565,0.009814339,0.0673251721,-0.005322361,-0.002401399,-0.004381006,,,0.0033316651,0.0237564103,-0.002882343,0.0531833559,19.313142765,0.7358806696,0.0669029195,-0.130290671,0.5734759705,0.3383762525,0.00397482,1282086.47473561,0.50379399,0.00431517,0.46727673,0.00373811,0.0021303,0.01007082,0.01838393,0.95932019,-0.1592811,0.9846298,0.01890536,0.90974473,0.01565149,0.45247901,0.03046834,0.06200876,0.02486446,1.1595237,0.01548421,0.03036025,1.66404864,0.77165105,0.32887391,0.8238720167,0.9109530066,261,-1.243323162,-1.380414876,-0.851517915,-0.567843283
20221130,20221130,270371.0,01W,CHN,0.209324,2022,11,20221031,20221031,276.9721724,1.4160131513,276.9721724,,0.0,0.0,-0.019098305,-0.057447908,0.1719590464,-0.150560561,0.1167633851,0.2421654577,-0.409784284,0.1742059663,-1.1984e-05,0.0089014845,,-0.058109151,-0.234105655,-0.413835373,-0.45828386,,21.105512571,1.9717938528,-0.091703395,0.0,0.0,-0.1107068,-0.051403869,-0.059302931,0.0522913039,-0.000581033,0.0952166217,0.1345027139,-0.134502714,-0.024815511,-0.113841604,-0.07661193,0.1062857722,0.066417044,-0.365142742,-0.464075722,-0.149918172,,,0.0945697853,-0.131299863,-1.303280942,-0.265802577,-2.638353346,0.5999616387,1.1659170588,0.9870970645,2.4630321956,0.0480563552,0.1086782709,,,0.0,0.1279899509,0.0096170382,0.0564346584,55.244634514,-0.488494208,-0.088185549,-0.020697987,-0.061680815,,,0.3001700833,-0.193393684,-0.461777265,0.0120741537,-1.571322784,0.1558105713,1.5747614293,-0.061112533,0.1001095963,-0.239531927,0.0625576059,,0.0305542303,-0.064882819,0.2572470936,4.6064103228,62.641221351,0.7355181638,1.1184226644,0.6905278799,2.0,0.2261269241,17.290928684,,-1.547733912,0.0159890152,0.1393912223,0.0575622669,0.0124961223,0.0176213562,0.0113655885,0.0585722613,-0.005799147,0.0017587708,0.0002762359,,,0.0033965331,0.0235133078,-0.003692831,0.0441917055,19.341493954,0.734220783,0.1604361016,0.1997588355,0.6200941721,0.3119551974,0.00119084,1707800.28792941,0.95394078,0.0056165,0.87743764,0.00313553,0.00200559,0.01298538,0.04347638,0.68388311,0.15526038,-0.11714315,0.04200888,1.23521871,0.03891276,0.60241671,0.05040649,0.09954687,0.04436878,0.53452037,0.0130988,0.03189972,1.51540646,0.75691382,0.32239419,0.8081727328,1.4517297884,262,-1.145120241,-1.10166679,-0.733714547,-0.711941672
20221230,20221231,270371.0,01W,CHN,-0.086432,2022,12,20221130,20221130,334.94901008,1.7124182519,334.94901008,,0.0,0.0,0.2093236919,-0.069070995,-0.064662767,-0.153249997,-0.067084371,-0.188470245,-0.197015377,-0.00642195,0.0196012562,,,-0.058109151,-0.234105655,-0.413835373,-0.45828386,,21.105512571,1.9717938528,-0.091703395,0.0,0.0,-0.1107068,-0.051403869,-0.059302931,0.0522913039,-0.000581033,0.0952166217,0.1345027139,-0.134502714,-0.024815511,-0.113841604,-0.07661193,0.1062857722,0.066417044,-0.365142742,-0.464075722,-0.149918172,,,0.0945697853,-0.131299863,-1.303280942,-0.265802577,-2.638353346,0.5999616387,1.1659170588,0.9870970645,2.4630321956,0.0480563552,0.1086782709,,,0.0,0.1279899509,0.0096170382,0.0564346584,55.244634514,-0.488494208,-0.088185549,-0.020697987,-0.061680815,,,0.3001700833,-0.193393684,-0.461777265,0.0120741537,-1.571322784,0.1558105713,1.5747614293,-0.061112533,0.1001095963,-0.239531927,0.0625576059,,0.0305542303,-0.064882819,0.2572470936,4.6064103228,62.641221351,0.7355181638,1.1184226644,0.6905278799,2.0,0.2261269241,17.290928684,,-1.547733912,0.0159890152,0.1393912223,0.0475987258,0.0103331494,0.0145712486,0.0093983014,0.0484338988,-0.004795364,0.0014543424,0.0002284218,,,0.002808622,0.0194812478,-0.003059585,0.0378829662,19.34008142,0.7731416787,0.0020160363,-0.384252191,0.6200368382,0.2952063096,0.00119067,2398657.26739101,1.07380768,0.00757347,1.01240888,0.00247614,0.00182874,0.01321567,0.0302019,1.7212171,0.01394862,-0.08784653,0.03146117,1.7598468,0.03236661,1.69446645,0.05097895,0.09629901,0.03127719,1.12933193,0.01113743,0.03232439,1.53505891,0.91535382,0.32050522,0.771915351,1.4494721467,263,-1.14377235,-1.104243652,-0.732325758,-0.7056705
20230131,20230131,270371.0,01W,CHN,0.124342,2023,1,20221230,20221231,305.99855213,1.5644097757,305.99855213,,0.0,2.151057e-16,-0.086432433,0.1862276596,0.0534801651,0.066472754,0.1354890266,0.0038577067,-0.155015019,0.1268924628,0.0002080838,0.0311237973,,-0.058109151,-0.234105655,-0.413835373,-0.45828386,,21.105512571,1.9717938528,-0.091703395,0.0,0.0,-0.1107068,-0.051403869,-0.059302931,0.0522913039,-0.000581033,0.0952166217,0.1345027139,-0.134502714,-0.024815511,-0.113841604,-0.07661193,0.1062857722,0.066417044,-0.365142742,-0.464075722,-0.149918172,,,0.0945697853,-0.131299863,-1.303280942,-0.265802577,-2.638353346,0.5999616387,1.1659170588,0.9870970645,2.4630321956,0.0480563552,0.1086782709,,,0.0,0.1279899509,0.0096170382,0.0564346584,55.244634514,-0.488494208,-0.088185549,-0.020697987,-0.061680815,,,0.3001700833,-0.193393684,-0.461777265,0.0120741537,-1.571322784,0.1558105713,1.5747614293,-0.061112533,0.1001095963,-0.239531927,0.0625576059,,0.0305542303,-0.064882819,0.2572470936,4.6064103228,62.641221351,0.7355181638,1.1184226644,0.6905278799,2.0,0.2261269241,17.290928684,,-1.547733912,0.0159890152,0.1393912223,0.0521020312,0.0113107664,0.0159498313,0.0102874727,0.0530162196,-0.005249052,0.0015919375,0.0002500327,,,0.0030743451,0.0213055966,-0.003346104,0.0381185178,19.340719855,0.7759755428,0.1700352832,0.0558435872,0.6268501662,0.3183606304,0.0020305,2569003.28350441,1.04123975,0.0080485,0.98353447,0.00231484,0.00214106,0.00917967,0.03012435,1.87319867,-0.08627236,1.24655016,0.03117494,1.91140245,0.03023561,1.27391895,0.03983047,0.09474286,0.03178021,1.68505307,0.01088469,0.02868604,1.45391523,0.83623756,0.32089135,0.7102246394,1.2448629202,264,-1.127418785,-1.108107998,-0.73374297,-0.637848346
20230228,20230228,270371.0,01W,CHN,-0.051426,2023,2,20230131,20230131,344.047039,1.7589316922,344.047039,,0.0,0.0,0.1243420487,0.1047989026,0.0214428696,0.2700509833,-0.079463231,-0.04352394,0.2122793798,-0.015982778,0.0129648863,-0.022702702,,-0.047300134,-0.253938174,-0.322934092,-0.481948417,,13.258317559,-0.517409871,-0.104787892,0.0,0.0,-0.054763912,-0.143553728,0.0887898163,0.0358589797,-0.000581033,0.0952166217,0.2409828444,-0.240982844,-0.024815511,-0.102779769,-0.07661193,0.0875780096,-0.035180067,-0.335924265,-0.432801435,-0.149918172,,,0.2065978345,-0.009698128,-0.121819467,-0.250680973,-3.148836754,0.6381451248,1.0786170953,0.9330315922,2.0461475075,0.0480563552,0.0832784732,,,0.0,0.1279899509,0.1287921529,0.0564346584,55.244634514,0.0336794131,-0.027194144,-0.005903544,0.0360466219,0.0138086222,,0.2332362669,-0.405855942,-0.454972472,0.0704111196,-0.189268986,0.6098996541,1.5747614293,-0.04275545,0.083435558,-0.215507405,-0.033516045,,-0.069912532,-0.044878195,0.1217608375,5.4364758933,0.8564029344,0.7296266496,1.36251587,0.6977577083,2.0,0.2261269241,12.606764436,,-1.547733912,0.0503963769,0.1360864457,0.049896677,0.009178129,0.0183459623,0.0141906432,0.0477108737,-0.003972307,-0.003488403,-0.004452473,,,0.0027343504,0.0229911572,-0.002207941,0.0363895881,19.334042621,0.8462252748,-0.069897461,0.1425953725,0.4297412417,0.2554485785,0.00310432,2649984.01469167,1.01873938,0.00827719,0.96562327,0.00227169,0.00259864,0.01160403,0.01875443,-0.08536497,-0.22011371,0.98958552,0.01005347,0.22840798,0.01085954,0.07137449,0.03027575,0.04953475,0.01988993,0.54826612,0.0105183,0.02600113,1.27479927,0.94161781,0.32774374,0.6665515508,1.0392613259,265,-1.431277976,-1.65465176,-1.032155889,-0.738074532
20230331,20230331,270371.0,01W,CHN,-0.068176,2023,3,20230228,20230228,326.3541464,1.6684772311,326.3541464,,0.0,-1.11022e-16,-0.051425795,0.0271624297,0.1563738151,0.1618495925,0.0518090278,-0.084149978,0.2937517347,-0.039830285,0.011910749,0.1750371923,,-0.047300134,-0.253938174,-0.322934092,-0.481948417,,13.258317559,-0.517409871,-0.104787892,0.0,0.0,-0.054763912,-0.143553728,0.0887898163,0.0358589797,-0.000581033,0.0952166217,0.2409828444,-0.240982844,-0.024815511,-0.102779769,-0.07661193,0.0875780096,-0.035180067,-0.335924265,-0.432801435,-0.149918172,,,0.2065978345,-0.009698128,-0.121819467,-0.250680973,-3.148836754,0.6381451248,1.0786170953,0.9330315922,2.0461475075,0.0480563552,0.0832784732,,,0.0,0.1279899509,0.1287921529,0.0564346584,55.244634514,0.0336794131,-0.027194144,-0.005903544,0.0360466219,0.0138086222,,0.2332362669,-0.405855942,-0.454972472,0.0704111196,-0.189268986,0.6098996541,1.5747614293,-0.04275545,0.083435558,-0.215507405,-0.033516045,,-0.069912532,-0.044878195,0.1217608375,5.4364758933,0.8564029344,0.7296266496,1.36251587,0.6977577083,2.0,0.2261269241,12.606764436,,-1.547733912,0.0503963769,0.1360864457,0.0526017646,0.0096757101,0.0193405663,0.0149599717,0.0502974606,-0.004187661,-0.003677523,-0.004693859,,,0.0028825898,0.024219223,-0.002325877,0.036957887,19.334081075,0.8406261647,0.0795634147,0.2007431831,0.4250310444,0.2865158833,0.00279603,2851999.21677217,0.93782103,0.00879555,0.9012603,0.00213835,0.00283987,0.00777153,0.01564195,0.24646655,-0.02848875,1.76201758,0.01642143,0.18512667,0.01650078,0.3249194,0.01995505,0.03420987,0.01800664,0.52560354,0.00922173,0.02464038,1.23385426,0.89319437,0.31942809,0.6257372694,0.7180125953,266,-1.428895932,-1.654747938,-1.032321095,-0.719221681
20230428,20230430,270371.0,01W,CHN,-0.039815,2023,4,20230331,20230331,304.10465831,1.554727292,304.10465831,,0.0,-2.28983e-16,-0.068175901,0.0665218647,0.1557888025,0.0264476373,0.0391068336,-0.052693229,0.3686007909,-0.232869442,0.0268828891,0.0092809304,,-0.047300134,-0.253938174,-0.322934092,-0.481948417,,13.258317559,-0.517409871,-0.104787892,0.0,0.0,-0.054763912,-0.143553728,0.0887898163,0.0358589797,-0.000581033,0.0952166217,0.2409828444,-0.240982844,-0.024815511,-0.102779769,-0.07661193,0.0875780096,-0.035180067,-0.335924265,-0.432801435,-0.149918172,,,0.2065978345,-0.009698128,-0.121819467,-0.250680973,-3.148836754,0.6381451248,1.0786170953,0.9330315922,2.0461475075,0.0480563552,0.0832784732,,,0.0,0.1279899509,0.1287921529,0.0564346584,55.244634514,0.0336794131,-0.027194144,-0.005903544,0.0360466219,0.0138086222,,0.2332362669,-0.405855942,-0.454972472,0.0704111196,-0.189268986,0.6098996541,1.5747614293,-0.04275545,0.083435558,-0.215507405,-0.033516045,,-0.069912532,-0.044878195,0.1217608375,5.4364758933,0.8564029344,0.7296266496,1.36251587,0.6977577083,2.0,0.2261269241,12.606764436,,-1.547733912,0.0503963769,0.1360864457,0.0564503157,0.0103836229,0.0207555979,0.0160545018,0.0539774198,-0.004494047,-0.003946585,-0.00503728,,,0.0030934914,0.0259631975,-0.002493359,0.038429622,19.334135782,0.8468372138,0.1310807698,0.0246816723,0.4202346458,0.260767423,0.00360195,2904600.8335768,0.90040111,0.00887685,0.87776653,0.00222293,0.00299772,0.00889752,0.01304904,0.20779831,-0.00798955,0.45417026,0.01150656,-0.13661494,0.01302325,-0.34171241,0.0165092,0.02784642,0.01403357,0.0203158,0.00723209,0.02323281,1.27896521,0.83230004,0.31748975,0.6271895798,0.6299357132,267,-1.425625211,-1.655623649,-1.033138775,-0.720808006
20230531,20230531,270371.0,01W,CHN,0.08057,2023,5,20230428,20230430,291.99685453,1.4928264546,291.99685453,,0.0,0.0,-0.039814595,-0.116095697,0.0979610539,0.0151209301,0.2621903523,0.1719590464,0.1384015247,0.2290504156,0.0024406154,-0.053524571,,-0.030137023,-0.1028538,-0.530180331,-0.298712914,14.017988698,4.2748640482,25.424835585,-0.032964102,0.0,0.0,0.1244075118,-0.066165171,0.1905726832,-0.04558259,0.0017753941,-0.047357984,0.1152030658,-0.115203066,-0.004740495,-0.069710486,-0.066613831,0.1091867884,-0.12118525,-0.171420463,-0.30684452,-0.092482435,,,0.1395635353,0.1433145261,2.8153229536,0.0281114603,0.5522318053,0.6640318824,0.9709023565,0.9360041067,1.3883368291,0.0446954124,0.0290662544,0.0686008073,-0.174442191,1.0,0.1388986344,-0.057906462,-0.024897291,-0.147849659,0.2636871676,-0.062049889,-0.011413624,0.0574713141,0.0212348419,,0.1958414461,-0.483460616,-0.269003982,0.0584078606,0.4267162005,0.770203833,-0.031119701,0.0214623653,0.1058962236,-0.120701763,-0.117533088,,-0.194219708,0.0221292758,-0.143655728,6.0277659524,0.6764896713,0.7233747067,0.6380261169,0.6984858284,4.0,0.4067541903,12.388694123,,-0.213508865,0.2148001161,0.1015533667,0.0632750957,0.0104972715,0.0221594169,0.0203202468,0.0601459246,-0.00322103,-0.012289271,-0.013329017,,,0.0026882469,0.0424594981,-0.001262363,0.0520528365,19.329216482,0.8400918752,0.1798308014,0.0151822324,0.4126019853,0.308396863,0.00365545,2468845.5829612,0.94837238,0.00749946,0.92267693,0.00258165,0.00297852,0.00823602,0.02073735,1.90186034,-0.03319336,1.26962553,0.02061013,1.22893654,0.02104464,1.33859349,0.02631844,0.07582711,0.02467903,1.63650467,0.00795351,0.02306911,1.17546085,0.79916235,0.31842662,0.6867005022,1.0422207495,268,-0.627059297,-1.69094286,1.2128747433,-0.734248605
20230630,20230630,270371.0,01W,CHN,-0.082802,2023,6,20230531,20230531,315.52295561,1.613103045,315.52295561,,0.0,2.081668e-16,0.0805697072,-0.1052761,-0.128234908,-0.018571653,-0.013924295,-0.064662767,0.4351251696,0.073703629,0.0030648044,0.0017872616,,-0.030137023,-0.1028538,-0.530180331,-0.298712914,14.017988698,4.2748640482,25.424835585,-0.032964102,0.0,0.0,0.1244075118,-0.066165171,0.1905726832,-0.04558259,0.0017753941,-0.047357984,0.1152030658,-0.115203066,-0.004740495,-0.069710486,-0.066613831,0.1091867884,-0.12118525,-0.171420463,-0.30684452,-0.092482435,,,0.1395635353,0.1433145261,2.8153229536,0.0281114603,0.5522318053,0.6640318824,0.9709023565,0.9360041067,1.3883368291,0.0446954124,0.0290662544,0.0686008073,-0.174442191,1.0,0.1388986344,-0.057906462,-0.024897291,-0.147849659,0.2636871676,-0.062049889,-0.011413624,0.0574713141,0.0212348419,,0.1958414461,-0.483460616,-0.269003982,0.0584078606,0.4267162005,0.770203833,-0.031119701,0.0214623653,0.1058962236,-0.120701763,-0.117533088,,-0.194219708,0.0221292758,-0.143655728,6.0277659524,0.6764896713,0.7233747067,0.6380261169,0.6984858284,4.0,0.4067541903,12.388694123,,-0.213508865,0.2148001161,0.1015533667,0.0585571623,0.0097145713,0.0205071609,0.0188051235,0.0556613093,-0.002980863,-0.011372955,-0.012335176,,,0.0024878052,0.0393520583,-0.001169976,0.0428107797,19.329523443,0.8099848233,-0.096566603,-0.652529607,0.428102347,0.2626451552,0.00221731,1971271.3373468,0.87450702,0.00613906,0.87725251,0.00300257,0.00286176,0.01323168,0.02276248,0.45500241,-0.12161274,-0.56562072,0.02289656,0.59185189,0.0213556,-0.3025206,0.03460923,0.05838036,0.02291594,0.46852145,0.00909667,0.02338111,1.20990237,0.86355063,0.31162207,0.6982084675,1.3689827396,269,-0.638476969,-1.691001905,1.2118032276,-0.745633039
20230731,20230731,270371.0,01W,CHN,-0.036098,2023,7,20230630,20230630,289.39690875,1.4795342983,289.39690875,,0.0,1.110223e-16,-0.082802365,0.037547262,0.0311256488,0.1174299547,-0.007618577,0.0534801651,0.7932917263,-0.057778619,0.0007899184,-0.039062017,,-0.030137023,-0.1028538,-0.530180331,-0.298712914,14.017988698,4.2748640482,25.424835585,-0.032964102,0.0,0.0,0.1244075118,-0.066165171,0.1905726832,-0.04558259,0.0017753941,-0.047357984,0.1152030658,-0.115203066,-0.004740495,-0.069710486,-0.066613831,0.1091867884,-0.12118525,-0.171420463,-0.30684452,-0.092482435,,,0.1395635353,0.1433145261,2.8153229536,0.0281114603,0.5522318053,0.6640318824,0.9709023565,0.9360041067,1.3883368291,0.0446954124,0.0290662544,0.0686008073,-0.174442191,1.0,0.1388986344,-0.057906462,-0.024897291,-0.147849659,0.2636871676,-0.062049889,-0.011413624,0.0574713141,0.0212348419,,0.1958414461,-0.483460616,-0.269003982,0.0584078606,0.4267162005,0.770203833,-0.031119701,0.0214623653,0.1058962236,-0.120701763,-0.117533088,,-0.194219708,0.0221292758,-0.143655728,6.0277659524,0.6764896713,0.7233747067,0.6380261169,0.6984858284,4.0,0.4067541903,12.388694123,,-0.213508865,0.2148001161,0.1015533667,0.06384356,0.0105915791,0.0223584974,0.0205028042,0.0606862765,-0.003249968,-0.012399678,-0.013448765,,,0.0027123982,0.042833291,-0.001273477,0.0400019048,19.329179496,0.7804827803,0.0229978789,0.0084067311,0.4231751568,0.2984551177,,2515587.66633842,1.61162182,0.00793451,1.54807309,0.00247812,0.00252959,0.0209351,,,,,,,,,,,,,0.00900749,0.02462019,1.51945777,0.79204659,0.30717487,0.737722181,,270,-0.659191983,-1.692698057,1.2110025466,-0.786862584
20230831,20230831,270371.0,01W,CHN,-0.029087,2023,8,20230731,20230731,278.95013567,1.426125438,278.95013567,,0.0,0.0,-0.036098427,-0.00890402,-0.158844937,0.0448591504,-0.033974485,0.0214428696,0.78082274,-0.006851285,-0.001868913,-0.047092148,,0.0425710187,-0.015575524,-0.427597316,-0.277927304,14.017988698,2.5841910083,25.424835585,-0.030831717,0.0,0.0,0.0946912919,-0.078578741,0.1732700325,-0.042163133,0.0016180253,-0.043781158,0.1949801901,-0.19498019,-0.004740495,-0.067003904,-0.066613831,0.1264718886,-0.124861093,-0.207563923,-0.313616619,-0.092482435,,,0.1949801901,0.1037207001,2.0915810477,-0.09125949,-1.840294362,0.7535293456,1.1181366785,1.066102398,2.0157835672,0.0446954124,0.0379717117,0.0686008073,-0.174442191,2.0,0.1350013479,-0.057906462,-0.024897291,-0.147849659,0.3690850918,-0.074222533,-0.012997085,0.0012362515,0.0042461314,,0.1958414461,-0.483460616,-0.181178693,0.0497535948,0.821035735,0.4613990764,-0.031119701,-0.022040361,0.1318559257,-0.145786904,-0.130176557,,-0.153310316,-0.021140393,-0.113859998,6.324239762,0.5090142753,0.7233747067,0.6380261169,0.7537415069,4.0,0.4067541903,12.637005257,,-0.213508865,0.2148001161,0.1015533667,0.0642397007,0.0101576953,0.0256505513,0.0232112599,0.0670878618,-0.003185622,-0.009848609,-0.010995612,,,0.0028139783,0.0325263057,-0.001327245,0.0414265986,19.334013925,0.7634728354,0.0458104099,-0.346994461,0.3664553203,0.2954101519,0.00170594,2736786.65695909,1.46494181,0.00881793,1.38199184,0.00222446,0.00239364,0.00765601,0.01696559,1.79258641,-0.45977093,0.88922946,0.01530739,0.5687235,0.01722991,1.05266611,0.01972934,0.05106315,0.01701099,1.84236044,0.00808951,0.02444823,1.4703291,0.76345496,0.30667967,0.7166658183,0.7420125083,271,-0.663166539,-1.663923602,1.2639445882,-0.875607864
20230928,20230930,270371.0,01W,CHN,-0.017793,2023,9,20230831,20230831,270.83624083,1.384643358,270.83624083,,0.0,1.249001e-16,-0.029087259,-0.115911756,-0.145253282,-0.167186266,-0.062422878,0.1563738151,0.9866924087,-0.050945666,0.0001182153,-0.034482132,,0.0425710187,-0.015575524,-0.427597316,-0.277927304,14.017988698,2.5841910083,25.424835585,-0.030831717,0.0,0.0,0.0946912919,-0.078578741,0.1732700325,-0.042163133,0.0016180253,-0.043781158,0.1949801901,-0.19498019,-0.004740495,-0.067003904,-0.066613831,0.1264718886,-0.124861093,-0.207563923,-0.313616619,-0.092482435,,,0.1949801901,0.1037207001,2.0915810477,-0.09125949,-1.840294362,0.7535293456,1.1181366785,1.066102398,2.0157835672,0.0446954124,0.0379717117,0.0686008073,-0.174442191,2.0,0.1350013479,-0.057906462,-0.024897291,-0.147849659,0.3690850918,-0.074222533,-0.012997085,0.0012362515,0.0042461314,,0.1958414461,-0.483460616,-0.181178693,0.0497535948,0.821035735,0.4613990764,-0.031119701,-0.022040361,0.1318559257,-0.145786904,-0.130176557,,-0.153310316,-0.021140393,-0.113859998,6.324239762,0.5090142753,0.7233747067,0.6380261169,0.7537415069,4.0,0.4067541903,12.637005257,,-0.213508865,0.2148001161,0.1015533667,0.066164237,0.0104620064,0.0264190078,0.0239066385,0.0690977253,-0.003281059,-0.01014366,-0.011325026,,,0.0028982814,0.0334779989,-0.00136608,0.0417002822,19.334034315,0.736389212,0.0574769986,-0.156135281,0.3728157723,0.2369079719,0.00248287,2666211.48709599,1.48413829,0.00888964,1.34904006,0.00218352,0.00230962,0.0083038,0.01608162,-0.1657923,0.68010758,1.93643616,0.01206633,-1.01157889,0.01104554,-0.77851869,0.03114329,0.07033454,0.02148557,1.79670654,0.00852999,0.02453329,1.40454624,0.74124814,0.30582388,0.7196644821,1.1680981081,272,-0.676561281,-1.665561678,1.2652774746,-0.907823862
20231031,20231031,270371.0,01W,CHN,-0.023125,2023,10,20230928,20230930,266.01733891,1.3600068452,266.01733891,,0.0,0.0,-0.017792678,-0.064135681,-0.109397921,-0.114910058,-0.040828812,0.1557888025,0.8028241575,-0.019098305,0.0002369086,-0.007543028,,0.0425710187,-0.015575524,-0.427597316,-0.277927304,14.017988698,2.5841910083,25.424835585,-0.030831717,0.0,0.0,0.0946912919,-0.078578741,0.1732700325,-0.042163133,0.0016180253,-0.043781158,0.1949801901,-0.19498019,-0.004740495,-0.067003904,-0.066613831,0.1264718886,-0.124861093,-0.207563923,-0.313616619,-0.092482435,,,0.1949801901,0.1037207001,2.0915810477,-0.09125949,-1.840294362,0.7535293456,1.1181366785,1.066102398,2.0157835672,0.0446954124,0.0379717117,0.0686008073,-0.174442191,2.0,0.1350013479,-0.057906462,-0.024897291,-0.147849659,0.3690850918,-0.074222533,-0.012997085,0.0012362515,0.0042461314,,0.1958414461,-0.483460616,-0.181178693,0.0497535948,0.821035735,0.4613990764,-0.031119701,-0.022040361,0.1318559257,-0.145786904,-0.130176557,,-0.153310316,-0.021140393,-0.113859998,6.324239762,0.5090142753,0.7233747067,0.6380261169,0.7537415069,4.0,0.4067541903,12.637005257,,-0.213508865,0.2148001161,0.1015533667,0.0673628016,0.0106515256,0.0268975879,0.024339707,0.07034943,-0.003340495,-0.010327412,-0.011530179,,,0.0029507838,0.0340700424,-0.001390238,0.0438391351,19.334047013,0.7386220221,0.0324235318,0.0739637559,0.3651101325,0.2214995453,0.00319005,2675501.2042503,1.49804239,0.00910364,1.32773182,0.0021214,0.00228139,0.00789792,0.01136428,0.50925821,0.03935047,0.37139595,0.01004486,0.02719964,0.0116866,0.870846,0.01920038,0.03427034,0.01516145,0.85518252,0.00866356,0.02413218,1.33005088,0.72805935,0.30657808,0.7249606533,0.7369020892,273,-0.677198587,-1.665211979,1.2658996317,-0.921203474
20231130,20231130,270371.0,01W,CHN,0.117002,2023,11,20231031,20231031,259.86568049,1.3285566487,259.86568049,,0.0,1.110223e-16,-0.023125028,-0.046362396,-0.088971902,-0.226799511,-0.039552109,0.0979610539,0.6941899487,0.2093236919,-0.020894793,0.0866845805,,0.0812849622,0.2196806227,-0.104285662,-0.08203397,1.1216750157,0.9238094868,25.424835585,-0.008223869,0.0,0.0,0.1458736116,0.0248127593,0.1210608524,-0.027168406,0.0011581465,-0.028326552,0.0939575683,-0.093957568,-0.004740495,-0.051572353,-0.066613831,0.1790768244,-0.051832814,0.0694284667,-0.24942629,-0.092482435,,,0.0939575683,0.0780626264,2.097689073,-0.015894942,-0.42712688,0.7372479632,1.1725215897,1.1926106296,2.4493362961,0.0446954124,0.0569776529,0.0686008073,-0.174442191,3.0,0.100272204,-0.028913076,-0.024897291,-0.474963939,0.3674850841,-0.038346857,-0.006063473,0.0498386921,0.0146345137,,0.4128914178,-0.224055434,0.3488785445,0.1348442149,0.8350644611,0.6190999071,-0.031119701,0.0283619018,0.1936330773,0.0515941158,-0.056046042,,-0.115276257,0.0262298125,-0.145830487,6.7025518683,0.4556623137,0.7327628791,1.0192355959,0.791053096,5.0,0.4067541903,12.804943083,,-0.213508865,0.2233867959,0.1114025099,0.0663384411,0.0098974901,0.0250143371,0.0212345284,0.0761421832,-0.002468694,-0.007647247,-0.00906259,,,0.003020636,0.0304404744,0.0017038641,0.0435712224,19.337633118,0.8001575261,-0.003069388,-0.03030446,0.3355369266,0.2945920847,0.00274429,2744277.84281185,1.46472368,0.00947782,1.27296961,0.00203212,0.00241126,0.00970435,0.0144272,0.54164114,0.03794697,0.79686557,0.01164726,-0.41157443,0.01054045,-0.1204078,0.01808278,0.049364,0.01758961,1.55463438,0.00768224,0.02163072,1.95697185,0.71122296,0.30717251,0.7020124517,0.7576579079,274,-0.508216886,-1.547797495,1.4477645947,-0.865417183
20231229,20231231,270371.0,01W,CHN,0.057727,2023,12,20231130,20231130,290.270517,1.4840005981,290.270517,,0.0,-1.11022e-16,0.1170021237,-0.040506249,-0.176396912,-0.203731029,-0.224163462,-0.128234908,0.7188733444,-0.086432433,-0.002400743,,,0.0812849622,0.2196806227,-0.104285662,-0.08203397,1.1216750157,0.9238094868,25.424835585,-0.008223869,0.0,0.0,0.1458736116,0.0248127593,0.1210608524,-0.027168406,0.0011581465,-0.028326552,0.0939575683,-0.093957568,-0.004740495,-0.051572353,-0.066613831,0.1790768244,-0.051832814,0.0694284667,-0.24942629,-0.092482435,,,0.0939575683,0.0780626264,2.097689073,-0.015894942,-0.42712688,0.7372479632,1.1725215897,1.1926106296,2.4493362961,0.0446954124,0.0569776529,0.0686008073,-0.174442191,3.0,0.100272204,-0.028913076,-0.024897291,-0.474963939,0.3674850841,-0.038346857,-0.006063473,0.0498386921,0.0146345137,,0.4128914178,-0.224055434,0.3488785445,0.1348442149,0.8350644611,0.6190999071,-0.031119701,0.0283619018,0.1936330773,0.0515941158,-0.056046042,,-0.115276257,0.0262298125,-0.145830487,6.7025518683,0.4556623137,0.7327628791,1.0192355959,0.791053096,5.0,0.4067541903,12.804943083,,-0.213508865,0.2233867959,0.1114025099,0.0593897179,0.0088607622,0.0223941714,0.0190102847,0.0681665518,-0.002210107,-0.006846224,-0.008113315,,,0.0027042348,0.0273114237,0.0015287198,0.0363003654,19.33718273,0.7942446219,-0.310441306,-0.69499407,0.3247639076,0.265256938,0.00240499,2687005.00564174,1.4120254,0.00936323,1.20241738,0.00205706,0.00258979,0.00668558,0.00901774,0.04506497,0.18425575,1.40093291,0.00791116,0.71157931,0.00776703,0.61181338,0.02332292,0.0312545,0.01237805,0.56312666,0.00637649,0.01964153,1.76927636,0.81846243,0.29680862,0.6903557014,1.0550968365,275,-0.491909344,-1.548093158,1.4465437163,-0.834188152
20240131,20240131,270371.0,01W,CHN,-0.279059,2024,1,20231229,20231231,307.02696675,1.5696675192,307.02696675,,0.0,0.0,0.0577270125,0.0911714183,0.00301872,-0.045491382,-0.051399051,0.0311256488,0.4044786844,0.1243420487,-0.008456655,0.1164798002,,0.0812849622,0.2196806227,-0.104285662,-0.08203397,1.1216750157,0.9238094868,25.424835585,-0.008223869,0.0,0.0,0.1458736116,0.0248127593,0.1210608524,-0.027168406,0.0011581465,-0.028326552,0.0939575683,-0.093957568,-0.004740495,-0.051572353,-0.066613831,0.1790768244,-0.051832814,0.0694284667,-0.24942629,-0.092482435,,,0.0939575683,0.0780626264,2.097689073,-0.015894942,-0.42712688,0.7372479632,1.1725215897,1.1926106296,2.4493362961,0.0446954124,0.0569776529,0.0686008073,-0.174442191,3.0,0.100272204,-0.028913076,-0.024897291,-0.474963939,0.3674850841,-0.038346857,-0.006063473,0.0498386921,0.0146345137,,0.4128914178,-0.224055434,0.3488785445,0.1348442149,0.8350644611,0.6190999071,-0.031119701,0.0283619018,0.1936330773,0.0515941158,-0.056046042,,-0.115276257,0.0262298125,-0.145830487,6.7025518683,0.4556623137,0.7327628791,1.0192355959,0.791053096,5.0,0.4067541903,12.804943083,,-0.213508865,0.2233867959,0.1114025099,0.0561484364,0.008377173,0.0211719765,0.0179727704,0.0644462617,-0.002089487,-0.006472582,-0.007670519,,,0.0025566472,0.025847179,0.0014467607,0.0396001335,19.336972644,0.8085644712,-0.179435102,-0.017247749,0.3287780073,0.3101254492,0.00075382,2945997.86548102,1.32042408,0.01036737,1.24512852,0.00187742,0.00222088,0.01247754,0.04710105,-0.01815772,0.24567378,0.66149829,0.04474457,0.86923089,0.04143446,-0.07597224,0.06530136,0.09951507,0.0497364,-0.18167676,0.00639117,0.02236007,1.25031788,0.86570982,0.29027174,0.7533400676,2.6347114261,276,-0.518061062,-1.548424646,1.446733485,-0.903000995
20240229,20240229,270371.0,01W,CHN,-0.174087,2024,2,20240131,20240131,221.34819,1.1316369632,221.34819,,0.0,-3.33067e-16,-0.279059451,0.1814833193,0.1006517922,0.0514735415,-0.107601775,-0.158844937,0.3273691431,-0.051425795,-0.029150624,-0.007210897,,0.1879360677,0.138559406,0.2359645821,-0.001818983,11.597008987,0.267481626,25.424835585,-0.000172472,0.0,0.0,0.1982620407,0.035669295,0.1625927457,-0.013382662,0.0018780567,-0.015260718,0.1453169704,-0.14531697,-0.004740495,-0.03689479,-0.066613831,0.1421135341,0.0042754188,0.0426724769,-0.291380354,-0.092482435,,,-0.008655886,0.011994488,0.3490059788,-0.133322482,-3.87931052,0.8448491125,0.9432560975,0.9951689319,1.734982029,0.0446954124,0.0434279754,0.0686008073,-0.174442191,4.0,0.1750210294,-0.057906462,-0.024897291,-0.163170518,-0.186348023,-0.059662216,-0.008901418,-0.032468071,-0.002997874,,0.2916930152,-0.407930159,0.5039765354,-0.07729563,-0.554075188,0.2114892121,-0.031119701,0.0193276091,0.1688217929,0.0325047602,0.0050789242,,-0.04636206,0.0162699068,0.0235504723,8.4783515375,0.4376741439,0.7233747067,1.1439159791,0.8704010499,5.0,0.4067541903,8.5911147811,,-0.213508865,0.2774831893,0.0981179062,0.0921311605,0.010866636,0.0419038101,0.0379027404,0.0844335237,-0.003166324,-0.00427139,-0.006123457,,,0.0035462664,0.0468881691,0.0014442253,0.0417308984,19.341807039,0.8937797004,-0.043161677,0.4584453216,0.3474528954,0.2895181615,0.00131017,3125495.77834639,1.24057148,0.01111949,1.16081326,0.00177324,0.00205715,0.0100053,0.02100516,-0.38529205,-0.15261434,1.97628362,0.01462237,-1.03988447,0.01471645,-0.92463137,0.02566009,0.06630383,0.0326477,0.04174813,0.00693734,0.02261895,1.5498725,0.62412532,0.30737394,0.7724135295,0.9840381497,277,-0.471034969,-1.493558747,1.6340463925,-1.052744046
20240329,20240331,270371.0,01W,CHN,0.219551,2024,3,20240229,20240229,182.81445163,0.9346342108,182.81445163,,0.0,0.0,-0.17408653,-0.237441707,-0.182723149,-0.298471994,-0.321754626,-0.145253282,0.3117473498,-0.068175901,-0.038778863,0.1881651616,,0.1879360677,0.138559406,0.2359645821,-0.001818983,11.597008987,0.267481626,25.424835585,-0.000172472,0.0,0.0,0.1982620407,0.035669295,0.1625927457,-0.013382662,0.0018780567,-0.015260718,0.1453169704,-0.14531697,-0.004740495,-0.03689479,-0.066613831,0.1421135341,0.0042754188,0.0426724769,-0.291380354,-0.092482435,,,-0.008655886,0.011994488,0.3490059788,-0.133322482,-3.87931052,0.8448491125,0.9432560975,0.9951689319,1.734982029,0.0446954124,0.0434279754,0.0686008073,-0.174442191,4.0,0.1750210294,-0.057906462,-0.024897291,-0.163170518,-0.186348023,-0.059662216,-0.008901418,-0.032468071,-0.002997874,,0.2916930152,-0.407930159,0.5039765354,-0.07729563,-0.554075188,0.2114892121,-0.031119701,0.0193276091,0.1688217929,0.0325047602,0.0050789242,,-0.04636206,0.0162699068,0.0235504723,8.4783515375,0.4376741439,0.7233747067,1.1439159791,0.8704010499,5.0,0.4067541903,8.5911147811,,-0.213508865,0.2774831893,0.0981179062,0.111550621,0.013157112,0.05073632,0.0458919024,0.1022304718,-0.003833724,-0.005171717,-0.007414163,,,0.0042937505,0.0563376314,0.0017352828,0.04390017,19.343593132,0.9709619896,0.0661817188,0.1956711758,0.3613649151,0.2684048594,0.00088589,3593169.75211827,1.12027055,0.01411211,1.05248964,0.00147399,0.00182171,0.00720615,0.0610402,-0.86164593,-0.91146629,0.65535967,,,,,0.04789466,0.06965672,0.06531673,-0.49076021,0.00757054,0.0273354,1.97526024,0.52607104,0.31389818,0.819900568,1.5694663429,278,-0.474870759,-1.493939155,1.6340463925,-1.081431867
20240430,20240430,270371.0,01W,CHN,-0.232747,2024,4,20240329,20240331,222.95156909,1.1398341978,222.95156909,,0.0,-1.66533e-16,0.2195511192,-0.40456549,-0.312772422,-0.368291623,-0.398843633,-0.109397921,-0.26621315,-0.039814595,-0.015200161,-0.029499958,,0.1879360677,0.138559406,0.2359645821,-0.001818983,11.597008987,0.267481626,25.424835585,-0.000172472,0.0,0.0,0.1982620407,0.035669295,0.1625927457,-0.013382662,0.0018780567,-0.015260718,0.1453169704,-0.14531697,-0.004740495,-0.03689479,-0.066613831,0.1421135341,0.0042754188,0.0426724769,-0.291380354,-0.092482435,,,-0.008655886,0.011994488,0.3490059788,-0.133322482,-3.87931052,0.8448491125,0.9432560975,0.9951689319,1.734982029,0.0446954124,0.0434279754,0.0686008073,-0.174442191,4.0,0.1750210294,-0.057906462,-0.024897291,-0.163170518,-0.186348023,-0.059662216,-0.008901418,-0.032468071,-0.002997874,,0.2916930152,-0.407930159,0.5039765354,-0.07729563,-0.554075188,0.2114892121,-0.031119701,0.0193276091,0.1688217929,0.0325047602,0.0050789242,,-0.04636206,0.0162699068,0.0235504723,8.4783515375,0.4376741439,0.7233747067,1.1439159791,0.8704010499,5.0,0.4067541903,8.5911147811,,-0.213508865,0.2774831893,0.0981179062,0.0914685898,0.0107884875,0.0416024546,0.0376301589,0.0838263114,-0.003143553,-0.004240672,-0.00607942,,,0.003520763,0.0465631968,0.0014342157,0.0469706324,19.3417461,0.7537317296,-0.202137951,-0.299055981,0.3522143935,0.2180879033,0.00066896,4671238.39329981,1.067282,0.01931511,1.02789463,0.00113955,0.00151146,0.01238368,0.04848566,0.59289202,0.2136895,1.51082023,0.04805816,0.61178195,0.04965067,0.65148182,0.07709578,0.1001221,0.0518572,0.13334766,0.00758013,0.03084724,1.76623413,0.64157052,0.31317292,0.912931437,2.2543304277,279,-0.50785855,-1.494128904,1.6340463925,-1.164009865
20240531,20240531,270371.0,01W,CHN,-0.084222,2024,5,20240430,20240430,171.06019061,0.8745408518,171.06019061,,0.0,-5.55112e-16,-0.232747312,0.0072436964,-0.142050737,-0.200747587,-0.236459004,-0.088971902,-0.261782865,0.0805697072,-0.043683527,0.0100044383,,0.1028317392,-0.055773123,-0.051445058,0.0782464964,1.7393253419,-0.205687435,-0.191688583,0.0054908393,0.0,0.0,0.1190906543,0.0607443486,0.0583463057,-0.024961926,0.0025829953,-0.027544922,0.0870635262,-0.087063526,0.0204275308,-0.057067565,-0.0266788,0.1399017165,0.15231866,-0.027652161,-0.613833494,-0.033320233,,,0.079173588,-0.098947951,-1.726570048,-0.186011477,-3.245765491,0.7186344114,0.8011281838,0.8536409212,1.2489404867,0.0499557763,0.0254706534,0.9855238069,-0.710843373,0.0,0.0339687439,-0.014642922,-0.014955398,-0.554350231,-0.364052625,-0.275797458,-0.032529609,-0.213747568,-0.021115985,0.1210160294,0.0041082191,-0.413425594,0.4438750069,-0.212934759,-1.099387762,-0.283065888,-0.226596823,0.0588589116,0.1542880533,-0.017161954,0.1679818528,,0.0416389812,0.0533707087,0.2358586888,10.710949663,0.3925879725,0.7304700927,0.4666132542,0.8049095459,5.0,0.7486239005,9.5443596461,,5.3806636672,-0.122391084,0.0651867476,0.1191163257,0.0111209864,0.0481964375,0.0451624668,0.0969419577,-0.006826434,0.0049598824,0.0032763585,,,0.0048428108,0.0742653507,0.0014490685,0.0483774709,19.365474372,0.7447551487,0.0559246977,0.1081266576,0.4668251766,0.271953436,0.00090522,5046594.0388553,0.95840827,0.02178779,0.88106451,0.00104165,0.00137901,0.01452752,0.04417717,-0.11649386,-0.61094395,3.80976322,0.0377212,-0.18541326,0.03759118,-0.35098419,0.04657203,0.06861038,0.04838965,-0.18840472,0.00917351,0.03298459,2.00050436,0.49224671,0.31203935,0.9388445831,1.2819484597,280,-0.357040142,-0.659353407,1.1905973608,-1.124860355
20240628,20240630,270371.0,01W,CHN,0.109987,2024,6,20240531,20240531,156.65321193,0.8008855416,156.65321193,,0.0,-4.44089e-16,-0.084221692,-0.064296126,-0.410686995,-0.368399923,-0.457851838,-0.176396912,-0.106822126,-0.082802365,-0.043812556,0.0553988305,,0.1028317392,-0.055773123,-0.051445058,0.0782464964,1.7393253419,-0.205687435,-0.191688583,0.0054908393,0.0,0.0,0.1190906543,0.0607443486,0.0583463057,-0.024961926,0.0025829953,-0.027544922,0.0870635262,-0.087063526,0.0204275308,-0.057067565,-0.0266788,0.1399017165,0.15231866,-0.027652161,-0.613833494,-0.033320233,,,0.079173588,-0.098947951,-1.726570048,-0.186011477,-3.245765491,0.7186344114,0.8011281838,0.8536409212,1.2489404867,0.0499557763,0.0254706534,0.9855238069,-0.710843373,0.0,0.0339687439,-0.014642922,-0.014955398,-0.554350231,-0.364052625,-0.275797458,-0.032529609,-0.213747568,-0.021115985,0.1210160294,0.0041082191,-0.413425594,0.4438750069,-0.212934759,-1.099387762,-0.283065888,-0.226596823,0.0588589116,0.1542880533,-0.017161954,0.1679818528,,0.0416389812,0.0533707087,0.2358586888,10.710949663,0.3925879725,0.7304700927,0.4666132542,0.8049095459,5.0,0.7486239005,9.5443596461,,5.3806636672,-0.122391084,0.0651867476,0.1300711369,0.0121437539,0.0526289355,0.0493159386,0.1058574513,-0.007454243,0.0054160296,0.0035776765,,,0.0052881912,0.0807743403,0.0015760721,0.0449383151,19.368430297,0.7332370334,-0.150377133,-0.184956329,0.467791136,0.1900935587,0.00058014,5677962.44418014,0.88941239,0.0262945,0.8093409,0.00085198,0.0012268,0.01952065,0.05029292,0.33198426,0.02269014,1.99093647,0.05405909,0.22803998,0.05561811,-0.01273299,0.06840019,0.10151757,0.05549706,0.22114495,0.01086931,0.03540506,1.85645839,0.45078886,0.30678846,0.9826741365,1.7502682153,281,-0.377064362,-0.663265149,1.190131675,-1.177718595
20240731,20240731,270371.0,01W,CHN,-0.068301,2024,7,20240628,20240630,173.88307115,0.8889727564,173.88307115,,0.0,-2.22045e-16,0.1099872706,-0.297366632,-0.489773769,-0.411116536,-0.45869079,0.00301872,0.0079577352,-0.036098427,-0.030532039,-0.040711331,,0.1028317392,-0.055773123,-0.051445058,0.0782464964,1.7393253419,-0.205687435,-0.191688583,0.0054908393,0.0,0.0,0.1190906543,0.0607443486,0.0583463057,-0.024961926,0.0025829953,-0.027544922,0.0870635262,-0.087063526,0.0204275308,-0.057067565,-0.0266788,0.1399017165,0.15231866,-0.027652161,-0.613833494,-0.033320233,,,0.079173588,-0.098947951,-1.726570048,-0.186011477,-3.245765491,0.7186344114,0.8011281838,0.8536409212,1.2489404867,0.0499557763,0.0254706534,0.9855238069,-0.710843373,0.0,0.0339687439,-0.014642922,-0.014955398,-0.554350231,-0.364052625,-0.275797458,-0.032529609,-0.213747568,-0.021115985,0.1210160294,0.0041082191,-0.413425594,0.4438750069,-0.212934759,-1.099387762,-0.283065888,-0.226596823,0.0588589116,0.1542880533,-0.017161954,0.1679818528,,0.0416389812,0.0533707087,0.2358586888,10.710949663,0.3925879725,0.7304700927,0.4666132542,0.8049095459,5.0,0.7486239005,9.5443596461,,5.3806636672,-0.122391084,0.0651867476,0.1171825483,0.0109404443,0.0474139991,0.044429283,0.0953681669,-0.006715611,0.0048793619,0.0032231689,,,0.0047641908,0.0731109877,0.0014265445,0.0487901203,19.364952582,0.7187540543,-0.151420305,-0.398179969,0.4713597588,0.1938900398,0.0005637,5296399.4841857,0.76769104,0.02756446,0.73014606,0.00081107,0.00119484,0.02050676,0.05342638,0.90991037,-0.40334888,2.84935696,0.04024785,0.42150686,0.04622823,0.3689191,0.09141336,0.10036836,0.06259291,0.22254221,0.01229011,0.03757114,1.90747055,0.50298014,0.30695703,1.0493699985,2.2372233464,282,-0.400562207,-0.663639504,1.1890476627,-1.229319747
20240830,20240831,270371.0,01W,CHN,0.069534,2024,8,20240731,20240731,162.00668315,0.8282550263,162.00668315,,0.0,-2.22045e-16,-0.068301002,0.0165022647,-0.214436444,-0.330873277,-0.376651778,0.1006517922,0.0410588767,-0.029087259,-0.034096924,-0.021363555,,0.1515416938,-0.161031224,0.1908547104,0.6641713938,1.7393253419,-0.247388535,-0.191688583,0.046200632,0.0,0.0,0.1612934922,0.0501196128,0.1111738793,-0.015929391,0.0029084971,-0.018837889,0.1252736495,-0.12527365,0.0215684593,-0.049989956,-0.0266788,0.1368525532,0.0773860716,0.1657668452,-0.558393365,-0.033320233,,,-0.0106527,-0.04790248,-0.98239995,-0.17317613,-3.551553493,0.8290894301,0.7834618276,0.8144538281,1.4223585009,0.0499557763,0.019209537,0.9855238069,-0.710843373,0.0,0.1063287431,-0.014642922,-0.014955398,-0.318351567,-0.202145421,-0.042423596,-0.003960643,0.0317989369,0.009036442,0.1210160294,-0.563205043,-0.47107093,0.4334190833,-0.156107788,-0.269080274,0.4968402023,-0.226596823,0.0339515846,0.1575914209,0.105418076,0.0891132879,,-0.00085819,0.0294835913,0.1524521255,11.451716293,0.2236814845,0.7304700927,0.4666132542,0.8386899454,4.0,0.7486239005,6.073804429,,5.3806636672,-0.122391084,0.0651867476,0.127372837,0.011122598,0.0601226922,0.0576759189,0.0969133029,-0.006210785,-0.00010931,-0.002461201,,,0.0051134442,0.0644201461,0.0035506232,0.0511129028,19.354637414,0.7170219355,-0.016627177,-0.055972582,0.3925522528,0.2648926068,0.00084981,5198635.08689357,0.80562681,0.02872679,0.70113141,0.00076476,0.00114048,0.01356106,0.03294708,1.26737433,0.03045086,1.20331871,0.03194268,1.67496055,0.03059168,1.1728674,0.04446111,0.09940251,0.03562339,0.9802091,0.01263457,0.03823852,1.85666541,0.4686261,0.32061478,1.1055373721,1.063635591,283,-0.632937214,-1.093198057,1.2511549584,-1.37561981
20240930,20240930,270371.0,01W,CHN,0.22469,2024,9,20240830,20240831,173.27161752,0.8858467153,173.27161752,,0.0,-2.22045e-16,0.0695337634,0.0341740278,-0.113819057,-0.441876892,-0.401827899,-0.182723149,0.209568341,-0.017792678,-0.026158157,-0.05868041,,0.1515416938,-0.161031224,0.1908547104,0.6641713938,1.7393253419,-0.247388535,-0.191688583,0.046200632,0.0,0.0,0.1612934922,0.0501196128,0.1111738793,-0.015929391,0.0029084971,-0.018837889,0.1252736495,-0.12527365,0.0215684593,-0.049989956,-0.0266788,0.1368525532,0.0773860716,0.1657668452,-0.558393365,-0.033320233,,,-0.0106527,-0.04790248,-0.98239995,-0.17317613,-3.551553493,0.8290894301,0.7834618276,0.8144538281,1.4223585009,0.0499557763,0.019209537,0.9855238069,-0.710843373,0.0,0.1063287431,-0.014642922,-0.014955398,-0.318351567,-0.202145421,-0.042423596,-0.003960643,0.0317989369,0.009036442,0.1210160294,-0.563205043,-0.47107093,0.4334190833,-0.156107788,-0.269080274,0.4968402023,-0.226596823,0.0339515846,0.1575914209,0.105418076,0.0891132879,,-0.00085819,0.0294835913,0.1524521255,11.451716293,0.2236814845,0.7304700927,0.4666132542,0.8386899454,4.0,0.7486239005,6.073804429,,5.3806636672,-0.122391084,0.0651867476,0.1190919272,0.0103994828,0.0562139263,0.0539262255,0.0906126634,-0.005807002,-0.000102204,-0.002301191,,,0.004781003,0.0604462846,0.0033315972,0.0525633826,19.353252368,0.6771021533,-0.093097929,0.0723612485,0.3909975811,0.2314462471,0.00066305,5211453.58161865,0.82014311,0.02889334,0.71650622,0.00072416,0.00102999,0.01314697,0.03774452,0.80811973,-0.25829109,5.39568241,0.03908523,0.61723374,0.03859502,0.66475427,0.06739961,0.10509981,0.04392328,1.27791781,0.01172793,0.03976307,1.8951813,0.50121143,0.31023605,1.121814022,1.5532549524,284,-0.642619082,-1.09502043,1.250356211,-1.382111857
20241031,20241031,270371.0,01W,CHN,0.339063,2024,10,20240930,20240930,212.20409237,1.0848879978,212.20409237,,0.0,-4.16334e-16,0.2246904335,-0.003516464,-0.222828446,-0.43564691,-0.348645399,-0.312772422,0.2773919832,-0.023125028,-0.003629479,-0.02326728,,0.1515416938,-0.161031224,0.1908547104,0.6641713938,1.7393253419,-0.247388535,-0.191688583,0.046200632,0.0,0.0,0.1612934922,0.0501196128,0.1111738793,-0.015929391,0.0029084971,-0.018837889,0.1252736495,-0.12527365,0.0215684593,-0.049989956,-0.0266788,0.1368525532,0.0773860716,0.1657668452,-0.558393365,-0.033320233,,,-0.0106527,-0.04790248,-0.98239995,-0.17317613,-3.551553493,0.8290894301,0.7834618276,0.8144538281,1.4223585009,0.0499557763,0.019209537,0.9855238069,-0.710843373,0.0,0.1063287431,-0.014642922,-0.014955398,-0.318351567,-0.202145421,-0.042423596,-0.003960643,0.0317989369,0.009036442,0.1210160294,-0.563205043,-0.47107093,0.4334190833,-0.156107788,-0.269080274,0.4968402023,-0.226596823,0.0339515846,0.1575914209,0.105418076,0.0891132879,,-0.00085819,0.0294835913,0.1524521255,11.451716293,0.2236814845,0.7304700927,0.4666132542,0.8386899454,4.0,0.7486239005,6.073804429,,5.3806636672,-0.122391084,0.0651867476,0.0972424736,0.0084915196,0.0459005188,0.0440325359,0.0739882185,-0.004741608,-8.3453e-05,-0.001878998,,,0.0039038462,0.0498241002,0.0027461379,0.0534644663,19.34959788,0.7346835933,-0.026317494,-0.046937821,0.3846221912,0.2518613394,0.00058507,5043711.54447517,0.67800897,0.02907963,0.63591807,0.00070543,0.00091828,0.01052223,0.02949142,0.97008924,0.14496791,0.2646069,0.02878219,0.99654153,0.03192033,0.90526675,0.06064016,0.07131835,0.03466328,0.40744034,0.01111634,0.04088466,1.90371168,0.61382885,0.32804243,1.0041716315,1.3650239539,285,-0.648911714,-1.096786699,1.2506756548,-1.391242974
20241129,20241130,270371.0,01W,CHN,-0.079922,2024,11,20241031,20241031,284.15454919,1.4527328691,284.15454919,,0.0,-4.16334e-16,0.3390625318,0.3098477683,0.2405229505,-0.041310921,-0.183408552,-0.142050737,0.0605018646,0.1170021237,0.0165578312,0.0910261184,,0.233758458,-0.271226342,-0.07371605,1.4664230775,2.3981608571,-0.319218644,-0.513667524,0.1093800751,0.0,0.0,0.2134851902,0.10999713,0.1034880602,-0.003300785,0.0032049589,-0.006505744,0.1315433632,-0.131543363,0.002360188,-0.055005486,-0.0266788,0.1038379625,0.024803682,-0.372952261,-0.910658389,-0.033320233,,,0.1315433632,-0.032404363,-0.539770432,-0.163947726,-2.730932734,0.8014785329,0.7405953523,0.7489391193,1.4329219597,0.0499557763,0.0254663493,0.9855238069,-0.710843373,0.0,0.1196527525,0.1252123067,-0.014955398,-0.170314185,-0.320838429,-0.210503345,-0.018381816,-0.172156489,-0.012318343,0.1210160294,-1.560030863,-0.5037906,0.1228462667,-0.304158149,-0.55661964,-1.235306323,-0.079170742,-0.009377404,0.1281109644,-0.203311747,0.0306017525,,-0.027629238,-0.007600681,0.0876470188,15.169144854,0.2281224129,0.6984498402,0.7342436758,0.9024194967,3.0,0.7486239005,3.5383087492,,5.3806636672,-0.210768752,0.0720227885,0.0748496405,0.0049343349,0.0327221433,0.0308159962,0.0507472258,-0.004493493,-0.002068039,-0.003266986,,,0.0029153576,0.0343564765,-0.000551901,0.0566667759,19.352915833,0.7102142163,0.027251801,0.3375426246,0.2564220652,0.1696396421,0.00064112,6158280.25700169,0.72746996,0.03293324,0.60205907,0.00068274,0.00085064,0.02259636,0.04210975,-0.18596593,-0.70862631,1.06131548,0.03939276,-0.89382295,0.03960991,-0.15301981,0.07559704,0.09928374,0.05398177,-0.65891633,0.00902042,0.04240368,1.50927057,0.82195521,0.33733064,0.9616933879,1.6222087541,286,-0.886784137,-1.453022181,1.1671617728,-1.43529059
20241231,20241231,270371.0,01W,CHN,-0.254844,2024,12,20241129,20241130,261.44426905,1.3366271424,261.44426905,,0.0,-3.747e-16,-0.079922282,0.6399370726,0.8139082224,0.5543330774,-0.02106989,-0.410686995,0.2788899401,0.0577270125,0.004044259,,,0.233758458,-0.271226342,-0.07371605,1.4664230775,2.3981608571,-0.319218644,-0.513667524,0.1093800751,0.0,0.0,0.2134851902,0.10999713,0.1034880602,-0.003300785,0.0032049589,-0.006505744,0.1315433632,-0.131543363,0.002360188,-0.055005486,-0.0266788,0.1038379625,0.024803682,-0.372952261,-0.910658389,-0.033320233,,,0.1315433632,-0.032404363,-0.539770432,-0.163947726,-2.730932734,0.8014785329,0.7405953523,0.7489391193,1.4329219597,0.0499557763,0.0254663493,0.9855238069,-0.710843373,0.0,0.1196527525,0.1252123067,-0.014955398,-0.170314185,-0.320838429,-0.210503345,-0.018381816,-0.172156489,-0.012318343,0.1210160294,-1.560030863,-0.5037906,0.1228462667,-0.304158149,-0.55661964,-1.235306323,-0.079170742,-0.009377404,0.1281109644,-0.203311747,0.0306017525,,-0.027629238,-0.007600681,0.0876470188,15.169144854,0.2281224129,0.6984498402,0.7342436758,0.9024194967,3.0,0.7486239005,3.5383087492,,5.3806636672,-0.210768752,0.0720227885,0.0813514327,0.0053629544,0.0355645427,0.0334928187,0.0551553688,-0.004883819,-0.002247678,-0.003550772,,,0.0031685993,0.0372441263,-0.000598288,0.0510166227,19.354616861,0.7079920954,0.1380612354,0.7870920098,0.2558667252,0.2582077197,0.00061997,7711614.81589141,0.89393518,0.03592891,0.61416344,0.00068279,0.00077582,0.02676977,0.05628289,0.48004648,-0.04991831,-0.97623549,0.05869315,0.58618648,0.05631888,0.57889247,0.06553963,0.10369032,0.05838001,0.05515196,0.00718973,0.04533776,1.43969223,0.74306788,0.32446013,0.944305486,1.3259943998,287,-0.87761554,-1.452832428,1.1672789819,-1.418589426
20250127,20250131,270371.0,01W,CHN,-0.273168,2025,1,20241231,20241231,194.81684225,0.995996126,194.81684225,,0.0,-5.55112e-16,-0.254843707,0.232041598,0.5035636726,0.1726505004,-0.148464802,-0.489773769,,-0.279059451,0.0062456902,0.1001509779,0.0054510396,0.233758458,-0.271226342,-0.07371605,1.4664230775,2.3981608571,-0.319218644,-0.513667524,0.1093800751,0.0,0.0,0.2134851902,0.10999713,0.1034880602,-0.003300785,0.0032049589,-0.006505744,0.1315433632,-0.131543363,0.002360188,-0.055005486,-0.0266788,0.1038379625,0.024803682,-0.372952261,-0.910658389,-0.033320233,,,0.1315433632,-0.032404363,-0.539770432,-0.163947726,-2.730932734,0.8014785329,0.7405953523,0.7489391193,1.4329219597,0.0499557763,0.0254663493,0.9855238069,-0.710843373,0.0,0.1196527525,0.1252123067,-0.014955398,-0.170314185,-0.320838429,-0.210503345,-0.018381816,-0.172156489,-0.012318343,0.1210160294,-1.560030863,-0.5037906,0.1228462667,-0.304158149,-0.55661964,-1.235306323,-0.079170742,-0.009377404,0.1281109644,-0.203311747,0.0306017525,,-0.027629238,-0.007600681,0.0876470188,15.169144854,0.2281224129,0.6984498402,0.7342436758,0.9024194967,3.0,0.7486239005,3.5383087492,,5.3806636672,-0.210768752,0.0720227885,0.1091736505,0.0071970867,0.0477276285,0.0449473742,0.0740185238,-0.006554087,-0.003016385,-0.004765137,,,0.0042522614,0.0494337392,-0.000794101,0.0483592608,19.361895834,0.7405108116,0.0550329275,0.2237081368,0.2519702451,0.1789637477,0.00106473,7864892.68817397,0.85145419,0.0348588,0.60578457,0.00076598,0.00080844,0.00904062,0.02732873,-0.52007556,0.01173841,2.24481495,0.01736797,0.18606849,0.01775382,0.26665074,0.02353687,0.04769221,0.03220296,-0.72479769,0.00569514,0.04400319,1.54514018,0.5537017,0.32968852,0.9373331122,0.4875458952,288,-0.862699037,-1.452999142,1.1669272087,-1.386398436
20250228,20250228,270371.0,01W,CHN,0.304931,2025,2,20250127,20250131,141.59913846,0.7239219758,141.59913846,,0.0,-5.55112e-16,-0.27316788,-0.314398299,0.2025234914,0.1388789031,-0.119862501,-0.214436444,-0.136397284,-0.17408653,-0.002761705,-0.010035074,0.0064404996,0.0602492373,-0.218140467,1.0274793869,0.6301964965,3.7535776173,-0.335860593,0.6966545244,0.0562558644,0.0,0.0,-0.027951853,0.0298202601,-0.057772113,0.0820114078,0.0103669207,0.0716444871,0.0491889497,-0.04918895,0.012870671,-0.038596913,-0.0266788,0.1149446294,0.0903993808,0.0643696211,-0.661862939,-0.033320233,,,0.0491889497,-0.066137845,-1.375490572,-0.115326794,-2.398489385,0.7258988982,0.7213583941,0.69558041,1.3647001123,0.0499557763,0.0437261442,0.9855238069,-0.710843373,0.0,0.0147081738,-0.014642922,-0.014955398,1.5058927132,0.0401238871,0.0597344522,0.0039378919,0.1193966678,0.0128393098,0.1210160294,-0.796195502,-0.196388874,0.2967640292,-0.302328746,0.3215259042,0.6765506464,1.6494465476,0.0257232752,0.1218699556,0.0420363207,0.0958458745,,0.018054749,0.0242615362,0.0644168087,13.764981894,0.2335159129,0.7304700927,0.6903657251,0.7575247861,4.0,0.7486239005,4.9567671858,,5.3806636672,-0.223538157,0.0578984924,0.1526967783,0.0110931333,0.0730151535,0.0663383121,0.1031950852,-0.007342134,0.002756902,-0.003112968,,,0.0058504037,0.0709131494,0.0034741867,0.0645463123,19.367267979,,,,0.4899739444,0.2665141251,0.00074313,8271930.67292896,0.79937876,0.03702951,0.55958439,0.00075359,0.00079145,0.00904392,0.0329509,-1.43110451,0.35826139,0.97979951,0.02971941,-1.71696455,0.02306469,-0.85446441,0.02700979,0.07155062,0.03948325,0.16378875,0.00519439,0.04493072,1.52105116,0.40244818,0.3313826,0.9638836908,0.552441425,289,-0.586752201,-0.972590656,1.2256042602,-1.347207929
20250331,20250331,270371.0,01W,CHN,-0.02261,2025,3,20250228,20250228,184.77715144,0.9446684634,184.77715144,,0.0,-2.2031e-16,0.3049313254,-0.458396472,-0.182790924,-0.096098084,-0.225448879,-0.113819057,-0.291439988,0.2195511192,0.0050001317,0.0046794801,0.0009955114,0.0602492373,-0.218140467,1.0274793869,0.6301964965,3.7535776173,-0.335860593,0.6966545244,0.0562558644,0.0,0.0,-0.027951853,0.0298202601,-0.057772113,0.0820114078,0.0103669207,0.0716444871,0.0491889497,-0.04918895,0.012870671,-0.038596913,-0.0266788,0.1149446294,0.0903993808,0.0643696211,-0.661862939,-0.033320233,,,0.0491889497,-0.066137845,-1.375490572,-0.115326794,-2.398489385,0.7258988982,0.7213583941,0.69558041,1.3647001123,0.0499557763,0.0437261442,0.9855238069,-0.710843373,0.0,0.0147081738,-0.014642922,-0.014955398,1.5058927132,0.0401238871,0.0597344522,0.0039378919,0.1193966678,0.0128393098,0.1210160294,-0.796195502,-0.196388874,0.2967640292,-0.302328746,0.3215259042,0.6765506464,1.6494465476,0.0257232752,0.1218699556,0.0420363207,0.0958458745,,0.018054749,0.0242615362,0.0644168087,13.764981894,0.2335159129,0.7304700927,0.6903657251,0.7575247861,4.0,0.7486239005,4.9567671858,,5.3806636672,-0.223538157,0.0578984924,0.1170151834,0.0085009326,0.0559532537,0.0508366309,0.0790808552,-0.005626452,0.0021126798,-0.002385541,,,0.0044833039,0.055144084,0.0027016265,0.0769326836,19.359338261,,,,0.4951988765,0.2547220344,0.00042832,9968959.28994373,0.79690019,0.04464574,0.65355818,0.00067297,0.000715,0.01296349,0.05748506,0.29412833,0.01579567,-2.9484735,,,,,0.09162868,0.10627103,0.0579665,0.19942752,0.00441256,0.04483966,1.25704221,0.52516724,0.32670355,0.9903810639,1.8854303549,290,-0.609515133,-0.974632738,1.2254991774,-1.39593516
20250430,20250430,270371.0,01W,CHN,-0.313374,2025,4,20250331,20250331,180.59942402,0.9233099388,180.59942402,,0.0,-1.38778e-16,-0.022609545,-0.051533998,-0.129247936,0.0626517591,-0.171222915,-0.222828446,-0.256007839,-0.232747312,0.024103565,-0.028059361,0.0052917774,0.0602492373,-0.218140467,1.0274793869,0.6301964965,3.7535776173,-0.335860593,0.6966545244,0.0562558644,0.0,0.0,-0.027951853,0.0298202601,-0.057772113,0.0820114078,0.0103669207,0.0716444871,0.0491889497,-0.04918895,0.012870671,-0.038596913,-0.0266788,0.1149446294,0.0903993808,0.0643696211,-0.661862939,-0.033320233,,,0.0491889497,-0.066137845,-1.375490572,-0.115326794,-2.398489385,0.7258988982,0.7213583941,0.69558041,1.3647001123,0.0499557763,0.0437261442,0.9855238069,-0.710843373,0.0,0.0147081738,-0.014642922,-0.014955398,1.5058927132,0.0401238871,0.0597344522,0.0039378919,0.1193966678,0.0128393098,0.1210160294,-0.796195502,-0.196388874,0.2967640292,-0.302328746,0.3215259042,0.6765506464,1.6494465476,0.0257232752,0.1218699556,0.0420363207,0.0958458745,,0.018054749,0.0242615362,0.0644168087,13.764981894,0.2335159129,0.7304700927,0.6903657251,0.7575247861,4.0,0.7486239005,4.9567671858,,5.3806636672,-0.223538157,0.0578984924,0.1197220444,0.008697581,0.0572475958,0.0520126124,0.080910198,-0.005756606,0.0021615515,-0.002440725,,,0.0045870142,0.0563566397,0.0027610322,0.0641167759,19.359939822,,,,0.4988684368,0.2593257447,0.00048899,10639331.9042885,0.78424904,0.04808954,0.67810472,0.00064769,0.00068858,0.01086353,0.04544771,0.92335506,-0.29266476,-0.87394967,,,,,0.06345576,0.0995339,0.04618696,0.61496762,0.00424351,0.04443239,1.55322494,0.51329345,0.31504557,0.9480856968,1.3213452896,291,-0.596824983,-0.976393617,1.225288881,-1.362846445
20250530,20250531,270371.0,01W,CHN,0.566544,2025,5,20250430,20250430,124.00420232,0.6339683145,124.00420232,,0.0,-1.11022e-16,-0.31337432,0.2754274213,-0.364432403,0.1147652709,0.0557653618,0.2405229505,-0.507800117,-0.084221692,0.0032715079,0.0568724489,-0.011349744,0.0378575955,-0.075555285,2.2377770331,-0.140092278,1.2084343332,-0.216894049,0.4429145879,-0.010213352,0.0,0.0,-0.032867104,-0.006766747,-0.026100357,0.0710037737,0.0047768357,0.066226938,0.0635760432,-0.063576043,-0.003397522,-0.026449468,-0.002243134,0.1250194351,0.0619784918,0.2464551668,-0.477812914,-0.002434293,,,-0.005001296,0.0047939881,0.1579846285,-0.058782055,-1.937147316,0.6932721992,0.6940204716,0.7383760551,1.0852196683,0.0495008803,0.0228815755,,,1.0,0.0416456765,0.0692229225,0.0362838709,2.071209407,0.2470445758,-0.168523502,-0.012242915,0.1072739555,0.0202866937,0.1171146018,0.0056421427,-0.1473941,0.1882884061,-0.020549108,0.9101829001,1.2357422071,1.6967285904,0.0693003255,0.1297523703,0.1739914496,0.0643248485,,-0.035138637,0.0667724799,-0.076777618,15.746200143,0.232895297,0.7211102552,0.5046942093,0.7402232201,3.0,0.5937330231,4.4723921255,,-0.287605922,0.1554210631,0.0613845914,0.1705381727,0.0108304334,0.077327726,0.0734255439,0.1236247079,-0.005174921,-0.005992479,-0.013511803,,,0.0061195319,0.1061245096,0.0049073966,0.0795785569,19.354816874,,,,0.2767362724,0.2840172345,0.0006077,9848960.5142342,0.84389649,0.04734326,0.70328938,0.00061411,0.00067084,0.0163474,0.04565341,0.66441621,0.26023861,1.82195911,,,,,0.04875077,0.09883696,0.05156764,0.40536552,0.00753782,0.04463535,1.273912,0.35244046,0.33548436,0.9628494235,1.0067983463,292,-1.556300384,-1.461401807,-0.906629818,-1.389614897
20250630,20250630,270371.0,01W,CHN,-0.021763,2025,6,20250530,20250531,194.25808388,0.9931394881,194.25808388,,0.0,0.0,0.5665443609,-0.328898615,-0.525695466,-0.284336326,-0.208415833,0.8139082224,-0.479435355,0.1099872706,0.044776698,0.0815099991,-0.012455445,0.0378575955,-0.075555285,2.2377770331,-0.140092278,1.2084343332,-0.216894049,0.4429145879,-0.010213352,0.0,0.0,-0.032867104,-0.006766747,-0.026100357,0.0710037737,0.0047768357,0.066226938,0.0635760432,-0.063576043,-0.003397522,-0.026449468,-0.002243134,0.1250194351,0.0619784918,0.2464551668,-0.477812914,-0.002434293,,,-0.005001296,0.0047939881,0.1579846285,-0.058782055,-1.937147316,0.6932721992,0.6940204716,0.7383760551,1.0852196683,0.0495008803,0.0228815755,,,1.0,0.0416456765,0.0692229225,0.0362838709,2.071209407,0.2470445758,-0.168523502,-0.012242915,0.1072739555,0.0202866937,0.1171146018,0.0056421427,-0.1473941,0.1882884061,-0.020549108,0.9101829001,1.2357422071,1.6967285904,0.0693003255,0.1297523703,0.1739914496,0.0643248485,,-0.035138637,0.0667724799,-0.076777618,15.746200143,0.232895297,0.7211102552,0.5046942093,0.7402232201,3.0,0.5937330231,4.4723921255,,-0.287605922,0.1554210631,0.0613845914,0.1088626514,0.0069135824,0.0493619765,0.0468710276,0.0789155488,-0.003303399,-0.003825285,-0.008625228,,,0.0039063891,0.0694627134,0.0032120863,0.086125161,19.347047302,,,,0.2864570311,0.2029132694,0.00063609,8513766.41380538,0.78689745,0.04572529,0.69590474,0.00062351,0.00066637,0.01150929,0.02944745,-0.92933036,-0.16129398,3.08891314,,,,,0.05083474,0.05449094,0.03173946,-1.2109669,0.00804973,0.04345901,1.30762768,0.55211362,0.33442712,0.9339664361,1.0771891615,293,-1.550359883,-1.462239033,-0.906198714,-1.373145033
