date,ret_eom,gvkey,iid,excntry,stock_ret,year,month,char_date,char_eom,me,prc,market_equity,div12m_me,chcsho_12m,eqnpo_12m,ret_1_0,ret_3_1,ret_6_1,ret_9_1,ret_12_1,ret_12_7,ret_60_12,seas_1_1an,seas_1_1na,seas_2_5an,seas_2_5na,at_gr1,sale_gr1,capx_gr1,inv_gr1,debt_gr3,sale_gr3,capx_gr3,inv_gr1a,lti_gr1a,sti_gr1a,coa_gr1a,col_gr1a,cowc_gr1a,ncoa_gr1a,ncol_gr1a,nncoa_gr1a,fnl_gr1a,nfna_gr1a,tax_gr1a,be_gr1a,ebit_sale,gp_at,cop_at,ope_be,ni_be,ebit_bev,netis_at,eqnetis_at,dbnetis_at,oaccruals_at,oaccruals_ni,taccruals_at,taccruals_ni,noa_at,opex_at,at_turnover,sale_bev,rd_sale,cash_at,sale_emp_gr1,emp_gr1,ni_inc8q,noa_gr1a,ppeinv_gr1a,lnoa_gr1a,capx_gr2,saleq_gr1,niq_be,niq_at,niq_be_chg1,niq_at_chg1,rd5_at,dsale_dinv,dsale_drec,dgp_dsale,dsale_dsga,saleq_su,niq_su,capex_abn,op_atl1,gp_atl1,ope_bel1,cop_atl1,pi_nix,ocf_at,op_at,ocf_at_chg1,at_be,ocfq_saleq_std,tangibility,earnings_variability,aliq_at,f_score,o_score,z_score,intrinsic_value,kz_index,ni_ar1,ni_ivol,at_me,be_me,debt_me,netdebt_me,sale_me,ni_me,ocf_me,fcf_me,eqpo_me,eqnpo_me,rd_me,bev_mev,ebitda_mev,aliq_mat,eq_dur,beta_60m,resff3_12_1,resff3_6_1,mispricing_mgmt,mispricing_perf,zero_trades_21d,dolvol_126d,dolvol_var_126d,turnover_126d,turnover_var_126d,zero_trades_126d,zero_trades_252d,bidaskhl_21d,ivol_capm_21d,iskew_capm_21d,coskew_21d,beta_dimson_21d,ivol_ff3_21d,iskew_ff3_21d,ivol_hxz4_21d,iskew_hxz4_21d,rmax5_21d,rmax1_21d,rvol_21d,rskew_21d,ami_126d,ivol_capm_252d,betadown_252d,prc_highprc_252d,corr_1260d,betabab_1260d,rmax5_rvol_21d,age,qmj,qmj_prof,qmj_growth,qmj_safety
20051130,20051130,274192.0,01W,JPN,-0.055979,2005,11,20051031,20051031,46.943682034,4250.9899514,46.943682034,,,,,,,,,,,,,,,,,,,,,,,,,,,,,,,,,,,,,,,,,,,,,,,,,,,,,,,,,,,,,,,,,,,,,,,,,,,,,,,,,,,,,,,,,,,,,,,,,,,,,,,,,,,,,,,,,,3.954e-05,,,,,,,0.01698049,0.08505474,0.4684048,0.49106115,-4.76644941,0.08797601,0.20472708,,,0.1034741,0.21025535,0.09320024,0.94442729,,,,,,,,262,,,,
20051230,20051231,274192.0,01W,JPN,0.762201,2005,12,20051130,20051130,44.315818754,4013.0235221,44.315818754,,,,,,,,,,,,,,,,,,,,,,,,,,,,,,,,,,,,,,,,,,,,,,,,,,,,,,,,,,,,,,,,,,,,,,,,,,,,,,,,,,,,,,,,,,,,,,,,,,,,,,,,,,,,,,,,,,0.00012135,,,,,,,0.00929412,0.05055906,0.67133806,0.28305378,-0.04252648,0.05313576,0.59456412,,,0.07640879,0.09995174,0.05170878,0.795895,,,,,,,,263,,,,
20060131,20060131,274192.0,01W,JPN,-0.166802,2006,1,20051230,20051231,78.093377434,7071.75382,78.093377434,,,,0.7622009393,,,,,,,,,,,,,,,,,,,,,,,,,,,,,,,,,,,,,,,,,,,,,,,,,,,,,,,,,,,,,,,,,,,,,,,,,,,,,,,,,,,,,,,,,,,,,,,,,,,,,,,,,,,,,,0.0001759,,,,,,,0.0081973,0.04961352,0.70809782,-0.19133889,-5.70247309,0.05121553,0.71937843,,,0.10132139,0.12838559,0.05083229,0.65466009,,,,,,,,264,,,,
20060228,20060228,274192.0,01W,JPN,-0.211613,2006,2,20060131,20060131,67.930808941,5892.1683529,67.930808941,,,,-0.166802394,,,,,,,,,,,,,,,,,,,,,,,,,,,,,,,,,,,,,,,,,,,,,,,,,,,,,,,,,,,,,,,,,,,,,,,,,,,,,,,,,,,,,,,,,,,,,,,,,,,,,,,,,,,,,,0.00019157,4576264.81621695,1.3466162,0.07494806,1.31369728,9.096e-05,,0.02265614,0.06914009,0.39940878,-0.04160653,-2.36662828,0.05703208,0.39287249,,,0.08626864,0.11486025,0.07265467,0.1362686,0.02047464,,,,,,,265,,,,
20060331,20060331,274192.0,01W,JPN,0.021957,2006,3,20060228,20060228,53.55575601,4645.3080068,53.55575601,,,,-0.211613157,0.4682616039,,,,,,,,,,,,,,,,,,,,,,,,,,,,,,,,,,,,,,,,,,,,,,,,,,,,,,,,,,,,,,,,,,,,,,,,,,,,,,,,,,,,,,,,,,,,,,,,,,,,,,,,,,,,,0.00073811,3822516.67571383,1.49186689,0.0631144,1.4424268,0.00010887,,0.00687657,0.08326727,-0.43657557,0.14805015,7.97608825,0.07582163,0.98936979,,,0.13347652,0.20716271,0.10290848,0.39777627,0.04650461,,,,,,,266,,,,
20060428,20060430,274192.0,01W,JPN,-0.210725,2006,4,20060331,20060331,54.678934665,4732.8775785,54.678934665,,,,0.0219574405,-0.34311797,,,,,,,,,,,,,,,,,,,,,,,,,,,,,,,,,,,,,,,,,,,,,,,,,,,,,,,,,,,,,,,,,,,,,,,,,,,,,,,,,,,,,,,,,,,,,,,,,,,,,,,,,,,,,0.00112259,3204577.84187648,1.65691192,0.05327417,1.5928861,0.00013574,,0.01171745,0.0468262,1.18693815,-0.37862117,2.22480841,0.02986212,-0.04236687,,,0.07589634,0.11470223,0.05108643,0.83488441,0.05834437,,,,,,,267,,,,
20060531,20060531,274192.0,01W,JPN,-0.236269,2006,5,20060428,20060430,43.201526386,3735.5405436,43.201526386,,,,-0.210725297,-0.1943022,,,,,,,,,,,,,,,,,,,,,,,,,,,,,,,,,,,,,,,,,,,,,,,,,,,,,,,,,,,,,,,,,,,,,,,,,,,,,,,,,,,,,,,,,,,,,,,,,,,,,,,,,,,,,0.00264427,1909709.84288529,1.56065338,0.03087507,1.44571961,0.00027608,0.0001505,0.0078638,0.0367152,-0.41173772,0.23719234,-0.64850362,0.02790476,-0.44737883,,,0.03253017,0.05474933,0.0367169,-0.40862733,0.08161477,0.06570236,1.22198453,0.45092354,,,0.4768482221,268,,,,
20060630,20060630,274192.0,01W,JPN,-0.064381,2006,6,20060531,20060531,32.994361914,2852.9495819,32.994361914,,,,-0.236268607,-0.193394845,-0.066307645,,,,,,,,,,,,,,,,,,,,,,,,,,,,,,,,,,,,,,,,,,,,,,,,,,,,,,,,,,,,,,,,,,,,,,,,,,,,,,,,,,,,,,,,,,,,,,,,,,,,,,,,,,,,0.00485439,1405982.96639223,1.79196912,0.0214719,1.49011519,0.00049685,0.00017727,0.00750905,0.03396535,1.31817108,-0.33720101,0.19241443,0.02997625,0.16399429,,,0.03252426,0.08197738,0.03695194,0.29894598,0.13075568,0.06256064,1.43744622,0.34438446,,,0.4991767825,269,,,,
20060731,20060731,274192.0,01W,JPN,-0.256963,2006,7,20060630,20060630,30.870144224,2669.2731712,30.870144224,,,,-0.064381233,-0.397206132,-0.595341174,,,,,,,,,,,,,,,,,,,,,,,,,,,,,,,,,,,,,,,,,,,,,,,,,,,,,,,,,,,,,,,,,,,,,,,,,,,,,,,,,,,,,,,,,,,,,,,,,,,,,,,,,,,,0.004221,902387.74535908,2.38482417,0.01373804,1.84181043,0.00099313,0.00020596,0.01317659,0.04705314,0.69854173,-0.29516581,2.03241696,0.03485701,1.02559591,,,0.0730908,0.141608,0.05671797,0.49160652,0.23998423,0.06078314,1.50376183,0.32221257,,,1.1412416161,270,,,,
20060831,20060831,274192.0,01W,JPN,0.044432,2006,8,20060731,20060731,23.026905669,1983.3682747,23.026905669,,,,-0.25696317,-0.285438576,-0.54559832,,,,,,,,,,,,,,,,,,,,,,,,,,,,,,,,,,,,,,,,,,,,,,,,,,,,,,,,,,,,,,,,,,,,,,,,,,,,,,,,,,,,,,,,,,,,,,,,,,,,,,,,,,,,0.00411285,319572.41102814,1.90744342,0.00677451,1.65909973,0.00228602,0.00023733,0.00877672,0.03573322,0.62648538,-0.37038582,1.35675981,0.02239424,0.34203795,,,0.03897141,0.09924655,0.04814215,-0.17849143,0.34484106,0.05878727,1.67035615,0.23941581,,,0.6221460109,271,,,,
20060929,20060930,274192.0,01W,JPN,-0.234063,2006,9,20060831,20060831,24.074894785,2071.4932701,24.074894785,,,,0.044431988,-0.304800797,-0.571736659,-0.504260287,,,,,,,,,,,,,,,,,,,,,,,,,,,,,,,,,,,,,,,,,,,,,,,,,,,,,,,,,,,,,,,,,,,,,,,,,,,,,,,,,,,,,,,,,,,,,,,,,,,,,,,,,,,0.00283343,201116.73281576,2.67274518,0.00484757,2.05729305,0.00296042,0.00026792,0.01141223,0.05285105,1.60275929,-0.28077637,0.87123385,0.05188598,1.39845615,,,0.07962863,0.16936658,0.05303923,1.45773834,0.41125741,0.05822887,1.7152762,0.25005353,,,1.2916811165,272,,,,
20061031,20061031,274192.0,01W,JPN,-0.14462,2006,10,20060929,20060930,18.439851065,1586.6332012,18.439851065,0.0067043283,,,-0.234063067,-0.223948567,-0.562318434,-0.706181967,,,,,,,,,,,,,,,,,,,,,,,,,,,,,,,,,,,,,,,,,,,,,,,,,,,,,,,,,,,,,,,,,,,,,,,,,,,,,,,,,,,,,,,,,,,,,,,,,,,,,,,,,,,0.00213644,127090.29439663,1.73730396,0.00393308,1.59193671,0.00339818,0.00028924,0.00874086,0.03611246,0.70407973,-0.14622045,1.72751827,0.03510695,1.51582946,,,0.03619164,0.07109805,0.0371216,0.53573252,0.5201286,0.056771,1.68835681,0.19152523,,,0.6029455009,273,,,,
20061130,20061130,274192.0,01W,JPN,-0.171955,2006,11,20061031,20061031,15.773085015,1357.174756,15.773085015,0.0078378336,0.0524314045,-0.048058969,-0.144619717,-0.200030967,-0.575260077,-0.729900709,,,,-0.055979062,-0.063349661,,,,,,,,,,,,,,,,,,,,,,,,,,,,,,,,,,,,,,,,,,,,,,,,,,,,,,,,,,,,,,,,,,,,,,,,,,,,,,,,,,,,,,,,,,,,,,,,,,,,,,0.00214414,98122.44626987,1.77781762,0.00402382,1.9912415,0.00324961,0.00061994,0.00511996,0.02939889,-0.12210476,-0.24128842,3.64296992,0.02579736,-0.26681914,,,0.03335938,0.05791328,0.03031735,0.38090464,0.59892985,0.05079642,2.1193487,0.16382691,,,0.6038520708,274,,,,
20061229,20061231,274192.0,01W,JPN,0.119962,2006,12,20061130,20061130,13.06083155,1123.8024049,13.06083155,0.0094654628,0.0524314045,-0.048058969,-0.171954533,-0.34483265,-0.524290662,-0.70694893,-0.660776351,-0.066307645,,0.7622009393,-0.148272886,,,,,,,,,,,,,,,,,,,,,,,,,,,,,,,,,,,,,,,,,,,,,,,,,,,,,,,,,,,,,,,,,,,,,,,,,,,,,,,,,,,,,,,,,,,,,,,,,,,,,0.0179321939,0.0010231,116308.84083242,2.2543077,0.00566972,2.39135125,0.002434,0.00093989,0.01053171,0.06317459,1.69782758,0.07807514,2.56831384,0.06301466,1.79778703,0.05772516,1.46952582,0.07380266,0.17558835,0.06853351,0.80953363,0.65688026,0.05188417,2.30506636,0.13565613,,,1.3029175092,275,,,,
20070131,20070131,274192.0,01W,JPN,-0.054222,2007,1,20061229,20061231,14.627638078,1258.6162518,14.627638078,0.008451591,0.0524314045,-0.048058969,0.1199622338,-0.291706234,-0.578985614,-0.762554094,-0.840601262,-0.595341174,,-0.166802394,-0.122203375,,,,,,,,,,,,,,,,,,,,,,,,,,,,,,,,,,,,,,,,,,,,,,,,,,,,,,,,,,,,,,,,,,,,,,,,,,,,,,,,,,,,,,,,,,,,,,,,,,,,,0.0044382802,0.00046278,165420.07430997,2.11120715,0.00908235,2.13267356,0.00149439,0.00122443,0.01313161,0.0777651,1.67585905,-0.04612362,-16.07529774,0.07755005,1.13358479,0.08327908,1.68171808,0.12272668,0.1997141,0.07777313,1.68045943,0.59221681,0.05425852,2.33234988,0.15192974,,,2.1016556835,276,,,,
20070228,20070228,274192.0,01W,JPN,-0.099701,2007,2,20070131,20070131,13.834498948,1190.3716183,13.834498948,0.0089361252,0.0080666146,-0.004990112,-0.054221955,-0.072620349,-0.36541475,-0.663069846,-0.785740424,-0.54559832,,-0.211613157,-0.107895083,,,,,,,,,,,,,,,,,,,,,,,,,,,,,,,,,,,,,,,,,,,,,,,,,,,,,,,,,,,,,,,,,,,,,,,,,,,,,,,,,,,,,,,,,,,,,,,,,,,,,0.0166852058,0.00186075,177596.8409393,1.98147053,0.01015856,1.92465275,0.00141273,0.00179153,0.00844712,0.0586735,1.64166879,-0.31726947,4.33271832,0.04801689,-0.02641868,0.05798237,0.59873657,0.0707398,0.15130932,0.05873342,1.65878345,0.57021927,0.05346407,2.68787622,0.18931037,,,1.2356550888,277,,,,
20070330,20070331,274192.0,01W,JPN,-0.05963,2007,3,20070228,20070228,12.458394006,1071.689807,12.458394006,0.0099231743,0.008326828,-0.005248209,-0.099701479,0.0592356922,-0.425355788,-0.582757569,-0.74296628,-0.571736659,,0.0219574405,-0.118954985,,,,,,,,,,,,,,,,,,,,,,,,,,,,,,,,,,,,,,,,,,,,,,,,,,,,,,,,,,,,,,,,,,,,,,,,,,,,,,,,,,,,,,,,,,,,,,,,,,,,,0.0124172185,0.00245143,178802.421661,2.02200665,0.01082194,1.89106371,0.0014112,0.00200407,0.00238021,0.0179532,0.34927586,-0.68212563,-0.00675261,0.01701871,0.79445723,,,0.0197491,0.03391131,0.02055816,-0.04000859,0.53439452,0.04750329,2.43404346,0.22643514,,,0.3947120629,278,,,,
20070427,20070430,274192.0,01W,JPN,-0.061506,2007,4,20070330,20070331,11.721544769,1007.7847794,11.721544769,,0.0067514931,-0.006728804,-0.059630153,-0.148517425,-0.324551001,-0.598508756,-0.773564858,-0.562318434,,-0.210725297,-0.105219063,,,,,,,,,,,,,,,,,,,,,,,,,,,,,,,,,,,,,,,,,,,,,,,,,,,,,,,,,,,,,,,,,,,,,,,,,,,,,,,,,,,,,,,,,,,,,,,,,,,,,0.0093586568,0.00256399,167889.4129521,2.06160891,0.01081958,1.87171768,0.00147565,0.00217541,0.01614158,0.034352,-0.09746061,-0.07053383,0.77123424,0.03292685,0.24272996,,,0.04568753,0.06010389,0.03983924,-0.59601765,0.54237674,0.04661821,2.22408341,0.22534016,,,0.9295777524,279,,,,
20070531,20070531,274192.0,01W,JPN,-0.266695,2007,5,20070427,20070430,11.000604526,945.80040637,11.000604526,,0.0057068742,-0.005690652,-0.061505566,-0.153386418,-0.257439195,-0.491882172,-0.730217149,-0.575260077,,-0.236268607,-0.089331514,,,,,,,,,,,,,,,,,,,,,,,,,,,,,,,,,,,,,,,,,,,,,,,,,,,,,,,,,,,,,,,,,,,,,,,,,,,,,,,,,,,,,,,,,,,,,,,,,,,,,0.0174863388,0.00040559,231428.38046799,1.95144615,0.0156856,1.81110854,0.00100454,0.00160574,0.02472631,0.07101562,0.20891953,-0.01018605,8.15413127,0.07499063,0.26885731,,,0.0955706,0.1414927,0.07116119,0.26010983,0.57414899,0.04953053,2.3053966,0.24707422,,,1.8386977586,280,,,,
20070629,20070630,274192.0,01W,JPN,-0.099889,2007,6,20070531,20070531,8.0667951442,693.55989547,8.0667951442,,0.0057068742,-0.005690652,-0.266695287,-0.117468133,-0.158392612,-0.543420961,-0.668483309,-0.524290662,,-0.064381233,-0.107723701,,,,,,,,,,,,,,,,,,,,,,,,,,,,,,,,,,,,,,,,,,,,,,,,,,,,,,,,,,,,,,,,,,,,,,,,,,,,,,,,,,,,,,,,,,,,,,,,,,,,,0.0301630435,0.00418147,200003.75615385,2.06086967,0.01402805,1.89711397,0.00119555,0.0016236,0.01262994,0.04864504,-2.52097866,0.05591183,3.9074505,0.04819909,-2.08492438,,,0.02974199,0.04449649,0.04908874,-2.57774451,0.6311809,0.05053767,2.02963359,0.23515348,,,0.5638478376,281,,,,
20070731,20070731,274192.0,01W,JPN,-0.14556,2007,7,20070629,20070630,7.2610083597,624.28066028,7.2610083597,,0.0057068742,-0.005690652,-0.099889333,-0.311797608,-0.448950469,-0.562873199,-0.740169008,-0.578985614,,-0.25696317,-0.093444261,,,,,,,,,,,,,,,,,,,,,,,,,,,,,,,,,,,,,,,,,,,,,,,,,,,,,,,,,,,,,,,,,,,,,,,,,,,,,,,,,,,,,,,,,,,,,,,,,,,,,0.019374481,0.00413616,141037.75499776,2.45765267,0.01071097,2.17837693,0.00169242,0.00165926,0.00858127,0.0342001,0.44441731,-0.12770927,4.82421668,0.0327036,0.8176,,,0.04366444,0.06770068,0.035427,0.34143037,0.77430433,0.04966176,2.16289751,0.22862253,,,0.8531114743,282,,,,
20070831,20070831,274192.0,01W,JPN,-0.078153,2007,8,20070731,20070731,6.2040974888,533.41049685,6.2040974888,,0.0018087855,-0.001807152,-0.145559793,-0.339944606,-0.475558178,-0.540014536,-0.685242187,-0.36541475,,0.044431988,-0.110716241,,,,,,,,,,,,,,,,,,,,,,,-0.23880597,0.322537112,,-0.189969605,-0.203647416,-0.727272727,-0.062078273,0.0053981107,-0.067476383,,,,,,0.8920377868,,3.0454545455,0.0671641791,0.6518218623,,,,,,,,,,,,,,,,,,,,,,,,,,-0.203778677,-0.120107962,,1.1261398176,,0.8024264507,,,,,11.118438618,,,,,1.0114872888,0.8981897922,0.0,-0.659309528,0.7316561225,-0.182914031,-0.206119542,-0.215674753,,0.0136503008,0.0491410829,0.7051717437,-0.500832204,,,,,,,0.3296750506,0.00520141,121092.49061735,2.83267142,0.00952708,2.42398118,0.0019825,0.00175082,0.00710208,0.02525587,0.05371392,-0.25087839,-2.23778316,0.02635556,0.30684147,,,0.02811827,0.04317246,0.02687716,0.24680285,0.96965169,0.04892775,1.9859771,0.2336037,,,0.5643539839,283,,-1.102284467,,1.694352294
20070928,20070930,274192.0,01W,JPN,-0.14582,2007,9,20070831,20070831,5.7192269738,491.72272151,5.7192269738,,0.0007743934,-0.000774094,-0.078153271,-0.230909255,-0.502271559,-0.52535206,-0.742499527,-0.425355788,,-0.234063067,-0.096542623,,,,,,,,,,,,,,,,,,,,,,,-0.23880597,0.322537112,,-0.189969605,-0.203647416,-0.727272727,-0.062078273,0.0053981107,-0.067476383,,,,,,0.8920377868,,3.0454545455,0.0671641791,0.6518218623,,,,,,,,,,,,,,,,,,,,,,,,,,-0.203778677,-0.120107962,,1.1261398176,,0.8024264507,,,,,11.118438618,,,,,1.0972402,0.9743374515,0.0,-0.715205151,0.7936852189,-0.198421305,-0.223594157,-0.233959449,,0.0148075601,0.0533072162,0.9150904852,-0.64992222,,,,,,,0.3276461168,0.00532374,105945.83720801,3.13960513,0.00857906,2.59558519,0.00224137,0.00187736,0.01030787,0.04805247,2.07730327,0.19107813,2.50091477,0.04882926,2.04096824,,,0.06425275,0.18108885,0.05032777,2.41876409,2.02613761,0.04841953,1.46196019,0.22899805,,,1.2974627014,284,,-1.103882013,,1.6961545967
20071031,20071031,274192.0,01W,JPN,0.445745,2007,10,20070928,20070930,4.885249313,420.01971567,4.885249313,,0.0007743934,-0.000774094,-0.145819997,-0.21233709,-0.512075662,-0.609314816,-0.690084185,-0.324551001,,-0.144619717,-0.096651739,,,,,,,,,,,,,,,,,,,,,,,-0.23880597,0.322537112,,-0.189969605,-0.203647416,-0.727272727,-0.062078273,0.0053981107,-0.067476383,,,,,,0.8920377868,,3.0454545455,0.0671641791,0.6518218623,,,,,,,,,,,,,,,,,,,,,,,,,,-0.203778677,-0.120107962,,1.1261398176,,0.8024264507,,,,,11.118438618,,,,,1.2845538367,1.1406699387,0.0,-0.837300274,0.929177944,-0.232294486,-0.261764682,-0.273899469,,0.0173354094,0.0624074738,1.875253347,-1.33185607,,,,,,,0.3352855996,0.00359512,99948.90500543,3.37313353,0.00833552,2.70121168,0.00228448,0.00191877,0.00621757,0.05299621,0.37289084,0.08548424,2.28025805,0.05126383,-0.49208301,,,0.06137842,0.09180923,0.0538177,0.48935878,2.55423601,0.04957175,1.22339613,0.25658732,,,1.2125929814,285,,-1.107727932,,1.6980164065
20071130,20071130,274192.0,01W,JPN,0.14448,2007,11,20071031,20071031,7.0628269548,607.24159185,7.0628269548,,0.0007743934,-0.000774094,0.4457454476,-0.212576959,-0.555910832,-0.647152444,-0.690519063,-0.257439195,,-0.171954533,-0.040497196,,,,,,,,,,,,,,,,,,,,,,,-0.23880597,0.322537112,,-0.189969605,-0.203647416,-0.727272727,-0.062078273,0.0053981107,-0.067476383,,,,,,0.8920377868,,3.0454545455,0.0671641791,0.6518218623,,,,,,,,,,,,,,,,,,,,,,,,,,-0.203778677,-0.120107962,,1.1261398176,,0.8024264507,,,,,11.118438618,,,,,0.8885062297,0.7889839394,0.0,-0.579147785,0.6426981634,-0.160674541,-0.181058624,-0.189452071,,0.0119906374,0.0431662946,0.5014473263,-0.356141567,,,,-0.21522633,-0.630366871,,0.3377414885,0.00371248,21676.24346945,1.060543,0.00308259,1.03605314,0.00445795,0.00200244,0.00980976,0.04351471,0.11711313,-0.26141473,1.6813707,0.04197696,-0.31085369,,,0.07651244,0.09064617,0.04591057,-0.11369354,2.79455304,0.05077628,1.49741976,0.380454,,,1.4737042378,286,,-1.111362443,,1.6988359556
20071228,20071231,274192.0,01W,JPN,0.208347,2007,12,20071130,20071130,8.0832619704,694.97566592,8.0832619704,,0.0007743934,-0.000774094,0.1444796853,0.2349268506,-0.124456884,-0.433379334,-0.459654483,-0.158392612,,0.1199622338,-0.038268336,,,,,,,,,,,,,,,,,,,,,,,-0.23880597,0.322537112,,-0.189969605,-0.203647416,-0.727272727,-0.062078273,0.0053981107,-0.067476383,,,,,,0.8920377868,,3.0454545455,0.0671641791,0.6518218623,,,,,,,,,,,,,,,,,,,,,,,,,,-0.203778677,-0.120107962,,1.1261398176,,0.8024264507,,,,,11.118438618,,,,,0.7763407609,0.6893822141,0.0,-0.506035881,0.5615636273,-0.140390907,-0.158201694,-0.165535547,,0.0104769333,0.03771696,0.3732943743,-0.265123845,,,,-0.022856862,-0.048257668,,0.3611648706,0.00110623,38049.22039181,2.87820498,0.00473923,2.30970382,0.00342546,0.00200879,0.00915009,0.07715766,0.18491061,0.37709084,-1.73834204,0.08060143,0.18111548,,,0.12113769,0.13108447,0.07759477,0.20572518,2.93679843,0.05257898,0.89505558,0.45212923,,,2.2819866141,287,,-1.109282214,,1.6997736997
20080131,20080131,274192.0,01W,JPN,-0.125945,2008,1,20071228,20071231,9.7673883426,839.77201811,9.7673883426,,0.0007743934,-0.000774094,0.20834737,0.6546262949,0.1132423446,-0.310392774,-0.447825606,-0.448950469,,-0.054221955,-0.014398398,,,,,,,,,,,,,,,,,,,,,,,-0.23880597,0.322537112,,-0.189969605,-0.203647416,-0.727272727,-0.062078273,0.0053981107,-0.067476383,,,,,,0.8920377868,,3.0454545455,0.0671641791,0.6518218623,,,,,,,,,,,,,,,,,,,,,,,,,,-0.203778677,-0.120107962,,1.1261398176,,0.8024264507,,,,,11.118438618,,,,,0.6424814421,0.5705165843,0.0,-0.41878345,0.4647369136,-0.116184228,-0.130924019,-0.136993344,,0.0086704648,0.0312136733,0.2625530547,-0.18647234,,,,-0.097751353,0.267339112,,0.3701834504,0.000695,59315.97737053,3.0063506,0.00689949,2.60693305,0.0025569,0.00213351,0.01430512,0.0719927,-0.01093633,0.71333677,-1.03721881,0.06968831,-0.34797321,,,0.10347533,0.13470843,0.07254003,-0.04075052,3.11751933,0.05180282,0.37125903,0.60782547,,,1.9766814282,288,,-1.115152448,,1.6960583476
20080229,20080229,274192.0,01W,JPN,0.174306,2008,2,20080131,20080131,8.5372337998,734.00686095,8.5372337998,,0.0007743934,-0.000774094,-0.125945084,0.3829290177,0.5743447553,-0.112104401,-0.294529536,-0.475558178,,-0.099701479,-0.01678418,,,-0.056922823,,,-0.743771387,,,,-0.035984687,0.0684976093,,-0.034721523,0.0331825865,-0.067904109,0.0213262225,,,,,,-0.094952086,-0.23880597,0.322537112,,-0.189969605,-0.203647416,-0.727272727,-0.062078273,0.0053981107,-0.067476383,,,,,,0.8920377868,,3.0454545455,0.0671641791,0.6129476584,,,,,-0.023990721,,,,,,,,,,,,,,,,,,,,,-0.203778677,-0.120107962,,1.1785714286,,0.743268595,,0.7849233939,,,11.118438618,,,,,0.7395064989,0.6274600597,0.0,-0.47912716,0.5317021905,-0.132925548,-0.149789237,-0.156733108,,0.009919817,0.0357113412,0.3351850312,-0.238057551,0.3605788267,,,0.1092452525,1.0250126644,0.519087959,0.4698695234,0.00184868,73910.91465352,2.51695435,0.00820973,2.26124931,0.00214104,0.0021223,0.01962898,0.05936602,0.65806643,-0.0272996,1.23210664,0.04414549,0.48209803,,,0.06919364,0.13309364,0.06285584,0.32045652,2.99622521,0.05182094,0.36110851,0.55078067,,,1.3125855638,289,,-1.143959151,,1.7053896206
20080331,20080331,274192.0,01W,JPN,-0.266292,2008,3,20080229,20080229,10.02532195,861.94840943,10.02532195,,0.000516129,-0.000515996,0.1743056575,0.0561619592,0.4927251251,0.0583179128,-0.315093923,-0.502271559,,-0.059630153,0.0044827118,,,-0.056922823,,,-0.743771387,,,,-0.035984687,0.0684976093,,-0.034721523,0.0331825865,-0.067904109,0.0213262225,,,,,,-0.094952086,-0.23880597,0.322537112,,-0.189969605,-0.203647416,-0.727272727,-0.062078273,0.0053981107,-0.067476383,,,,,,0.8920377868,,3.0454545455,0.0671641791,0.6129476584,,,,,-0.023990721,,,,,,,,,,,,,,,,,,,,,-0.203778677,-0.120107962,,1.1785714286,,0.743268595,,0.7849233939,,,11.118438618,,,,,0.6297393649,0.5343243096,0.0,-0.408008901,0.4527800638,-0.113195016,-0.127555578,-0.13346875,,0.0084473893,0.0304106013,0.2511423753,-0.178368164,0.3981791026,,,0.0844951044,0.8688844057,0.5211225718,0.4899646573,0.00419505,77451.28665597,2.41301851,0.00843384,2.21551419,0.00200083,0.0022046,0.00789965,0.02109743,0.54395544,0.31284583,0.32197007,0.02126264,0.42787947,,,0.03670273,0.06268405,0.0216273,0.72259986,2.12164532,0.05187925,0.21664669,0.64678485,,,0.6965494491,290,,-1.13873295,,1.706240964
20080430,20080430,274192.0,01W,JPN,-0.054366,2008,4,20080331,20080331,7.3556572466,632.41829994,7.3556572466,,0.0,1.665335e-16,-0.266292167,0.0264076331,1.0521617849,0.3807065704,-0.144709836,-0.512075662,,-0.061505566,-0.014134252,,,-0.056922823,,,-0.743771387,,,,-0.035984687,0.0684976093,,-0.034721523,0.0331825865,-0.067904109,0.0213262225,,,,,,-0.094952086,-0.23880597,0.322537112,,-0.189969605,-0.203647416,-0.727272727,-0.062078273,0.0053981107,-0.067476383,,,,,,0.8920377868,,3.0454545455,0.0671641791,0.6129476584,,,,,-0.023990721,,,,,,,,,,,,,,,,,,,,,-0.203778677,-0.120107962,,1.1785714286,,0.743268595,,0.7849233939,,,11.118438618,,,,,0.8582971808,0.7282521534,0.0,-0.556091788,0.6171122118,-0.154278053,-0.173850642,-0.181909943,,0.0115132875,0.0414478351,0.4564769361,-0.324202369,0.4217268371,,,0.2930732277,1.7978336548,0.6392383193,0.6095945154,0.00227788,83552.46706197,2.32409352,0.00885851,2.1768053,0.00189555,0.002181,0.01450712,0.05599518,-0.1846646,0.35314732,1.3402706,0.05697274,0.16592755,,,0.05376142,0.07142433,0.056228,-0.24324201,2.19111987,0.05340253,-0.0150046,0.47455111,,,0.9950586737,291,,-1.138554536,,1.7081139877
20080530,20080531,274192.0,01W,JPN,-0.121062,2008,5,20080430,20080430,6.9557582651,598.03613318,6.9557582651,,0.0,3.885781e-16,-0.054366179,-0.13840274,0.0414607768,0.185612776,-0.331340634,-0.555910832,,-0.266695287,0.0051683942,,,-0.056922823,,,-0.743771387,,,,-0.035984687,0.0684976093,,-0.034721523,0.0331825865,-0.067904109,0.0213262225,,,,,,-0.094952086,-0.23880597,0.322537112,,-0.189969605,-0.203647416,-0.727272727,-0.062078273,0.0053981107,-0.067476383,,,,,,0.8920377868,,3.0454545455,0.0671641791,0.6129476584,,,,,-0.023990721,,,,,,,,,,,,,,,,,,,,,-0.203778677,-0.120107962,,1.1785714286,,0.743268595,,0.7849233939,,,11.118438618,,,,,0.9076422206,0.7701206721,0.0,-0.588062499,0.6525910964,-0.163147774,-0.183845626,-0.192368271,,0.012175207,0.0438307453,0.5201848415,-0.369449461,0.4476273214,,,0.1542383769,0.4186658115,0.6529206939,0.444348867,0.00775697,82314.68395582,2.40774903,0.0085147,2.31642279,0.00193668,0.00302165,0.00838287,0.01679561,-1.07645135,0.0919956,0.21365243,0.01532947,-0.53119382,,,0.01622233,0.02056302,0.01755678,-1.22947386,3.45955528,0.04974219,-0.14714891,0.60096475,,,0.3218880073,292,,-1.12409864,,1.7061923645
20080630,20080630,274192.0,01W,JPN,-0.093726,2008,6,20080530,20080531,6.1136826327,525.636887,6.1136826327,,0.0,1.665335e-16,-0.121061659,-0.306181058,-0.139486226,0.2162060182,-0.137729651,-0.124456884,,-0.099889333,0.0032436373,,,-0.056922823,,,-0.743771387,,,,-0.035984687,0.0684976093,,-0.034721523,0.0331825865,-0.067904109,0.0213262225,,,,,,-0.094952086,-0.23880597,0.322537112,,-0.189969605,-0.203647416,-0.727272727,-0.062078273,0.0053981107,-0.067476383,,,,,,0.8920377868,,3.0454545455,0.0671641791,0.6129476584,,,,,-0.023990721,,,,,,,,,,,,,,,,,,,,,-0.203778677,-0.120107962,,1.1785714286,,0.743268595,,0.7849233939,,,11.118438618,,,,,1.0326574435,0.8761941945,0.0,-0.669060014,0.7424765375,-0.185619134,-0.209167831,-0.218864352,,0.0138521742,0.0498678271,0.7366842222,-0.523213226,0.5967765541,,,0.3135339922,0.3950075942,0.6482015284,0.5805450399,0.00620622,61456.7554304,2.79232605,0.00642264,2.66783525,0.00248442,0.00304887,0.00997671,0.02701494,0.34212005,0.06866118,0.17784663,0.02143119,0.80600249,,,0.02650686,0.05757021,0.02747119,0.2914123,4.10004245,0.04832338,-0.02505285,0.52821096,,,0.5411497075,293,,-1.125088379,,1.7052605281
20080731,20080731,274192.0,01W,JPN,-0.182242,2008,7,20080630,20080630,5.5406743721,476.37128124,5.5406743721,,0.0,0.0,-0.093725549,-0.168846178,-0.37407192,0.2514576516,-0.1580119,0.1132423446,,-0.145559793,0.0079558413,,,-0.056922823,,,-0.743771387,,,,-0.035984687,0.0684976093,,-0.034721523,0.0331825865,-0.067904109,0.0213262225,,,,,,-0.094952086,-0.23880597,0.322537112,,-0.189969605,-0.203647416,-0.727272727,-0.062078273,0.0053981107,-0.067476383,,,,,,0.8920377868,,3.0454545455,0.0671641791,0.6129476584,,,,,-0.023990721,,,,,,,,,,,,,,,,,,,,,-0.203778677,-0.120107962,,1.1785714286,,0.743268595,,0.7849233939,,,11.118438618,,,,,1.1394533326,0.9668088882,0.0,-0.738253201,0.819262351,-0.204815588,-0.230799655,-0.241498977,,0.0152847454,0.0550250833,1.0277547573,-0.729939458,0.656892089,,,0.3073690173,-0.043444351,0.6432685895,0.5420116502,0.00748198,34261.26968634,2.71631491,0.00357398,2.44703658,0.00358204,0.00309111,0.00852832,0.01838455,-0.40124362,-0.16300433,1.3590493,0.01814351,0.17979379,,,0.02521086,0.04402274,0.02339834,-0.15668905,5.14322446,0.0476057,0.08364079,0.4787041,,,0.5210352274,294,,-1.113778424,,1.7070839045
20080829,20080831,274192.0,01W,JPN,-0.148768,2008,8,20080731,20080731,4.5309288331,389.55625768,4.5309288331,,0.0,3.330669e-16,-0.182242354,-0.203440637,-0.350998871,-0.215516052,-0.106933058,0.5743447553,,-0.078153271,-0.001506803,,,0.1277529082,0.486098275,0.0160059635,-0.736591046,,,,-0.007932988,0.0394995356,0.0,0.0777761029,0.0508107141,0.0269653888,0.0619314326,0.0,0.0619314326,0.0,0.0394995356,-0.008376563,0.0636668767,-0.038690476,0.5631205674,0.095035461,-0.03,-0.055,-0.108786611,,,0.0,-0.009929078,-0.212121212,0.0295704576,0.6317325039,0.2959351603,0.9787234043,1.0104222817,2.8117154812,0.1160714286,0.5120567376,0.4254412025,0.0416666667,,0.1002536488,-0.01079057,0.0369366039,,,,,,,,,,,,,,,0.0959789709,0.6350608575,-0.032425722,0.1071765175,,-0.036879433,0.085106383,0.1668992448,1.175,,0.7141191489,,0.9145996103,,-0.620622431,5.654110328,,,,,1.5619450743,1.3293149568,0.0,-0.799804499,1.4888327517,-0.073112323,-0.057603648,-0.070896798,,,0.1728109444,2.6449668211,-0.199202522,0.8309601728,18.137509297,,0.4038506827,-0.103798201,0.5892819821,0.5326208775,0.00709257,17703.06871249,4.02023865,0.0019977,3.44290442,0.00474907,0.00305621,0.0083045,0.02725321,-0.21585067,0.18587537,-0.38904779,0.02775394,-0.19208597,,,0.02989844,0.05883303,0.03018389,0.252013,7.82753729,0.04765464,0.04159166,0.39146394,,,0.6163634778,295,,-0.561214496,,0.8081506463
20080930,20080930,274192.0,01W,JPN,-0.34906,2008,9,20080829,20080831,3.8568729195,331.60286471,3.8568729195,,0.0,4.996004e-16,-0.148767712,-0.258887138,-0.548051538,-0.439467773,-0.207772509,0.4927251251,,-0.145819997,-0.001774777,,,0.1277529082,0.486098275,0.0160059635,-0.736591046,,,,-0.007932988,0.0394995356,0.0,0.0777761029,0.0508107141,0.0269653888,0.0619314326,0.0,0.0619314326,0.0,0.0394995356,-0.008376563,0.0636668767,-0.038690476,0.5631205674,0.095035461,-0.03,-0.055,-0.108786611,,,0.0,-0.009929078,-0.212121212,0.0295704576,0.6317325039,0.2959351603,0.9787234043,1.0104222817,2.8117154812,0.1160714286,0.5120567376,0.4254412025,0.0416666667,,0.1002536488,-0.01079057,0.0369366039,,,,,,,,,,,,,,,0.0959789709,0.6350608575,-0.032425722,0.1071765175,,-0.036879433,0.085106383,0.1668992448,1.175,,0.7141191489,,0.9145996103,,-0.620622431,5.654110328,,,,,1.8349222597,1.5616359657,0.0,-0.939584306,1.7490322816,-0.085889978,-0.067670892,-0.083287252,,,0.2030126755,10.296193239,-0.775445516,0.8936975715,17.928518158,,0.3250126601,-0.427009393,0.5912135607,0.4671693979,0.00544224,14239.25661844,4.93829042,0.00174534,3.89196148,0.00495187,0.00298745,0.01323911,0.05113585,0.52680644,0.28687982,0.7216381,0.05053029,0.47834967,,,0.06988995,0.13380655,0.055431,1.06246401,11.17629739,0.04804092,0.00941636,0.33322674,,,1.4270723669,296,,-0.564635595,,0.8098930544
20081031,20081031,274192.0,01W,JPN,-0.090852,2008,10,20080930,20080930,2.5105909943,215.8534085,2.5105909943,,0.0,2.220446e-16,-0.349060483,-0.303898287,-0.475658967,-0.605127514,-0.21050643,1.0521617849,,0.4457454476,-0.074029861,,,0.1277529082,0.486098275,0.0160059635,-0.736591046,,,,-0.007932988,0.0394995356,0.0,0.0777761029,0.0508107141,0.0269653888,0.0619314326,0.0,0.0619314326,0.0,0.0394995356,-0.008376563,0.0636668767,-0.038690476,0.5631205674,0.095035461,-0.03,-0.055,-0.108786611,,,0.0,-0.009929078,-0.212121212,0.0295704576,0.6317325039,0.2959351603,0.9787234043,1.0104222817,2.8117154812,0.1160714286,0.5120567376,0.4254412025,0.0416666667,,0.1002536488,-0.01079057,0.0369366039,,,,,,,,,,,,,,,0.0959789709,0.6350608575,-0.032425722,0.1071765175,,-0.036879433,0.085106383,0.1668992448,1.175,,0.7141191489,,0.9145996103,,-0.620622431,5.654110328,,,,,2.8188828801,2.3990492597,0.0,-1.443427971,2.6869351708,-0.131947709,-0.103958801,-0.127949294,,,0.3118764038,,,1.0270731501,17.175198607,,0.4273110277,-0.134022568,0.5894438582,0.4905622972,0.00540063,3852.97727184,1.10918025,0.00082148,1.1581647,0.00667495,0.0030384,0.02411082,0.04975181,-0.15932677,0.63271551,1.19298543,0.0452475,0.25783535,,,0.04226629,0.05071528,0.04975852,-0.15069935,13.64289446,0.04808503,-0.00729954,0.21691046,,,0.8633917687,297,,-0.574321156,,0.8075275377
20081128,20081130,274192.0,01W,JPN,-0.100797,2008,11,20081031,20081031,2.2824997144,196.24277486,2.2824997144,,0.0,-2.22045e-16,-0.090851628,-0.445899266,-0.639062932,-0.705924536,-0.644534545,0.0414607768,,0.1444796853,-0.095423617,,,0.1277529082,0.486098275,0.0160059635,-0.736591046,,,,-0.007932988,0.0394995356,0.0,0.0777761029,0.0508107141,0.0269653888,0.0619314326,0.0,0.0619314326,0.0,0.0394995356,-0.008376563,0.0636668767,-0.038690476,0.5631205674,0.095035461,-0.03,-0.055,-0.108786611,,,0.0,-0.009929078,-0.212121212,0.0295704576,0.6317325039,0.2959351603,0.9787234043,1.0104222817,2.8117154812,0.1160714286,0.5120567376,0.4254412025,0.0416666667,,0.1002536488,-0.01079057,0.0369366039,,,,,,,,,,,,,,,0.0959789709,0.6350608575,-0.032425722,0.1071765175,,-0.036879433,0.085106383,0.1668992448,1.175,,0.7141191489,,0.9145996103,,-0.620622431,5.654110328,,,,,3.1005751843,2.6387873909,0.0,-1.587670414,2.9554418778,-0.145133307,-0.114347454,-0.140735328,,,0.3430423608,,,0.7390731944,16.95953518,2.0494828708,0.2237531935,-0.990595207,0.5864469024,0.358690194,0.00537375,3996.02597637,1.08931553,0.00102823,1.10776903,0.00622838,0.00308221,0.02023098,0.09220789,-0.23053563,0.22895245,1.13723703,0.09091415,-0.21627646,,,0.1268846,0.14787386,0.09681027,-0.03247245,25.2206984,0.05330048,-0.1511649,0.19720379,0.29958069,0.7884052899,2.3230463069,298,,-0.550596082,,0.436470244
20081230,20081231,274192.0,01W,JPN,-0.108074,2008,12,20081128,20081130,2.0524304729,176.46208176,2.0524304729,,0.0,-2.22045e-16,-0.100797052,-0.408199398,-0.626657147,-0.772326542,-0.717626408,-0.139486226,,0.20834737,-0.123527655,,,0.1277529082,0.486098275,0.0160059635,-0.736591046,,,,-0.007932988,0.0394995356,0.0,0.0777761029,0.0508107141,0.0269653888,0.0619314326,0.0,0.0619314326,0.0,0.0394995356,-0.008376563,0.0636668767,-0.038690476,0.5631205674,0.095035461,-0.03,-0.055,-0.108786611,,,0.0,-0.009929078,-0.212121212,0.0295704576,0.6317325039,0.2959351603,0.9787234043,1.0104222817,2.8117154812,0.1160714286,0.5120567376,0.4254412025,0.0416666667,,0.1002536488,-0.01079057,0.0369366039,,,,,,,,,,,,,,,0.0959789709,0.6350608575,-0.032425722,0.1071765175,,-0.036879433,0.085106383,0.1668992448,1.175,,0.7141191489,,0.9145996103,,-0.620622431,5.654110328,,,,,3.448137253,2.9345848962,0.0,-1.765641913,3.2867350837,-0.161402169,-0.127165346,-0.156511194,,,0.3814960365,,,0.6532364638,16.693441907,2.0349067177,0.1881529916,-0.370476046,0.5845241772,0.3542666656,0.00826684,3115.06187203,1.09667979,0.00092913,1.19831784,0.006415,0.00357667,0.03363782,0.05972124,0.21353038,0.23724726,-0.49510995,0.0483793,-0.10182287,,,0.07257511,0.13182895,0.06631042,0.02635737,48.32685944,0.05106127,-0.16295397,0.17732623,0.29907271,0.7216067341,1.3673245334,299,,-0.540037037,,0.4857933007
20090130,20090131,274192.0,01W,JPN,0.07751,2009,1,20081230,20081231,1.8306164224,157.39114628,1.8306164224,,0.0,-2.22045e-16,-0.108073844,-0.182491104,-0.629570277,-0.720972524,-0.789869062,-0.37407192,,-0.125945084,-0.121902997,,,0.1277529082,0.486098275,0.0160059635,-0.736591046,,,,-0.007932988,0.0394995356,0.0,0.0777761029,0.0508107141,0.0269653888,0.0619314326,0.0,0.0619314326,0.0,0.0394995356,-0.008376563,0.0636668767,-0.038690476,0.5631205674,0.095035461,-0.03,-0.055,-0.108786611,,,0.0,-0.009929078,-0.212121212,0.0295704576,0.6317325039,0.2959351603,0.9787234043,1.0104222817,2.8117154812,0.1160714286,0.5120567376,0.4254412025,0.0416666667,,0.1002536488,-0.01079057,0.0369366039,,,,,,,,,,,,,,,0.0959789709,0.6350608575,-0.032425722,0.1071765175,,-0.036879433,0.085106383,0.1668992448,1.175,,0.7141191489,,0.9145996103,,-0.620622431,5.654110328,,,,,3.8659447639,3.2901657565,0.0,-1.979583063,3.6849856473,-0.180959117,-0.142573849,-0.175475507,,,0.4277215483,,,0.5481646831,16.373568775,1.7225181897,-0.233057805,-0.965070851,0.5819329112,0.3424262421,0.00641056,2976.04348771,1.1558003,0.00101913,1.15616083,0.00623537,0.00455418,0.0286633,0.08214189,0.26935501,0.08761044,0.74261906,0.08489619,0.62040533,,,0.12822431,0.15001909,0.08670853,0.51128737,65.73768314,0.05237381,0.0344763,0.1581619,0.29580526,0.7130479171,2.341036199,300,,-0.529142971,,0.504563153
20090227,20090228,274192.0,01W,JPN,1.049677,2009,2,20090130,20090131,1.9725078695,169.59056568,1.9725078695,,0.0,-4.44089e-16,0.0775102011,-0.197977371,-0.595973256,-0.736820005,-0.78557265,-0.350998871,,0.1743056575,-0.130702584,,,0.1277529082,0.486098275,0.0160059635,-0.736591046,,,,-0.007932988,0.0394995356,0.0,0.0777761029,0.0508107141,0.0269653888,0.0619314326,0.0,0.0619314326,0.0,0.0394995356,-0.008376563,0.0636668767,-0.038690476,0.5631205674,0.095035461,-0.03,-0.055,-0.108786611,,,0.0,-0.009929078,-0.212121212,0.0295704576,0.6317325039,0.2959351603,0.9787234043,1.0104222817,2.8117154812,0.1160714286,0.5120567376,0.4254412025,0.0416666667,,0.1002536488,-0.01079057,0.0369366039,,,,,,,,,,,,,,,0.0959789709,0.6350608575,-0.032425722,0.1071765175,,-0.036879433,0.085106383,0.1668992448,1.175,,0.7141191489,,0.9145996103,,-0.620622431,5.654110328,,,,,3.587849804,3.0534891949,0.0,-1.837182666,3.4199078983,-0.167941906,-0.132317865,-0.162852757,,,0.3969535953,,,0.6211426999,16.586478078,1.5386870968,-0.414080586,-1.07523906,0.5662196811,0.3399800492,0.00398203,3455.65630708,1.21382822,0.00138096,1.26043585,0.00557114,0.00525241,0.01745271,0.0626025,1.12954002,-0.41654308,-0.10341867,0.05304403,0.74429009,,,0.08843742,0.14005508,0.06278873,1.16992652,66.92754038,0.05284113,0.0858127,0.18476197,0.2898199,0.7085147573,1.6124232634,301,,-0.188740703,,0.503835021
20090331,20090331,274192.0,01W,JPN,-0.280439,2009,3,20090227,20090228,4.0430046029,347.60593267,4.0430046029,,0.0,-1.11022e-16,1.0496772994,-0.038940468,-0.488573279,-0.677361749,-0.803247429,-0.548051538,,-0.266292167,-0.011068996,,,0.1277529082,0.486098275,0.0160059635,-0.736591046,,,,-0.007932988,0.0394995356,0.0,0.0777761029,0.0508107141,0.0269653888,0.0619314326,0.0,0.0619314326,0.0,0.0394995356,-0.008376563,0.0636668767,-0.038690476,0.5631205674,0.095035461,-0.03,-0.055,-0.108786611,,,0.0,-0.009929078,-0.212121212,0.0295704576,0.6317325039,0.2959351603,0.9787234043,1.0104222817,2.8117154812,0.1160714286,0.5120567376,0.4254412025,0.0416666667,,0.1002536488,-0.01079057,0.0369366039,,,,,,,,,,,,,,,0.0959789709,0.6350608575,-0.032425722,0.1071765175,,-0.036879433,0.085106383,0.1668992448,1.175,,0.7141191489,,0.9145996103,,-0.620622431,5.654110328,,,,,1.7504461825,1.4897414319,0.0,-0.896327762,1.6685104037,-0.081935779,-0.064555462,-0.079452876,,,0.1936663861,5.7239399771,-0.431091714,0.5349854275,17.993192982,-0.048722126,-0.582497218,-0.485246783,0.5713871915,0.3408338338,0.0020247,7119.99826352,2.83494622,0.00258869,2.29298157,0.00416966,0.00463529,0.0210382,0.07710054,0.33648884,0.11606595,-3.18581489,0.08134898,0.47842147,,,0.15150309,0.22524987,0.09364944,0.06511345,66.18992083,0.05923267,0.13989532,0.37870241,0.26266196,0.724594581,2.4667779319,302,,-0.19037571,,0.501426703
20090430,20090430,274192.0,01W,JPN,-0.081509,2009,4,20090331,20090331,2.909188831,250.12370656,2.909188831,,0.0,-1.11022e-16,-0.280438902,1.2085481991,0.6103796325,-0.2703046,-0.450354405,-0.475658967,,-0.054366179,-0.031621062,,,0.1277529082,0.486098275,0.0160059635,-0.736591046,,,,-0.007932988,0.0394995356,0.0,0.0777761029,0.0508107141,0.0269653888,0.0619314326,0.0,0.0619314326,0.0,0.0394995356,-0.008376563,0.0636668767,-0.038690476,0.5631205674,0.095035461,-0.03,-0.055,-0.108786611,,,0.0,-0.009929078,-0.212121212,0.0295704576,0.6317325039,0.2959351603,0.9787234043,1.0104222817,2.8117154812,0.1160714286,0.5120567376,0.4254412025,0.0416666667,,0.1002536488,-0.01079057,0.0369366039,,,,,,,,,,,,,,,0.0959789709,0.6350608575,-0.032425722,0.1071765175,,-0.036879433,0.085106383,0.1668992448,1.175,,0.7141191489,,0.9145996103,,-0.620622431,5.654110328,,,,,2.4326581683,2.0703473773,0.0,-1.245659005,2.3187890625,-0.113869106,-0.089715053,-0.110418527,,,0.269145159,,,0.712216925,17.470891972,-0.129747639,0.067798124,0.3920655434,0.5730901832,0.4389165246,0.00244102,10907.08417182,2.17197062,0.00358365,1.84570473,0.00350003,0.00462236,0.01686592,0.08855164,-0.1811895,0.23565152,2.28891321,0.09097024,-4.736e-05,,,0.12117239,0.15564419,0.09353363,0.32379458,62.25343985,0.06245258,0.13076563,0.39560818,0.2753265,0.787378733,1.864121076,303,,-0.18730594,,0.3953671844
20090529,20090531,274192.0,01W,JPN,0.449754,2009,5,20090430,20090430,2.6720644178,229.73643004,2.6720644178,,0.0,-1.11022e-16,-0.081508773,0.4748680479,0.2745626265,-0.357926611,-0.581758204,-0.639062932,,-0.121061659,-0.028025345,,,0.1277529082,0.486098275,0.0160059635,-0.736591046,,,,-0.007932988,0.0394995356,0.0,0.0777761029,0.0508107141,0.0269653888,0.0619314326,0.0,0.0619314326,0.0,0.0394995356,-0.008376563,0.0636668767,-0.038690476,0.5631205674,0.095035461,-0.03,-0.055,-0.108786611,,,0.0,-0.009929078,-0.212121212,0.0295704576,0.6317325039,0.2959351603,0.9787234043,1.0104222817,2.8117154812,0.1160714286,0.5120567376,0.4254412025,0.0416666667,,0.1002536488,-0.01079057,0.0369366039,,,,,,,,,,,,,,,0.0959789709,0.6350608575,-0.032425722,0.1071765175,,-0.036879433,0.085106383,0.1668992448,1.175,,0.7141191489,,0.9145996103,,-0.620622431,5.654110328,,,,,2.6485371856,2.2540742005,0.0,-1.356201311,2.5245631045,-0.123974081,-0.097676549,-0.120217291,,,0.2930296461,,,0.7494054884,17.30561515,-0.154046577,0.0106954601,0.451189284,0.5700560163,0.3820692959,0.00542214,11144.96405053,2.12836093,0.00358955,1.84565604,0.00353098,0.00455562,0.01049405,0.06154004,0.71912403,-0.188492,0.96022203,0.06309722,0.72258787,,,0.09153795,0.12198559,0.06338672,0.67441956,50.67160532,0.06469827,0.12360603,0.36336264,0.27510514,0.815553877,1.3599521791,304,,-0.177632643,,0.3599995519
20090630,20090630,274192.0,01W,JPN,-0.079003,2009,6,20090529,20090531,3.8738347757,333.06119643,3.8738347757,,0.0,-3.88578e-16,0.4497535126,-0.339089445,0.3019025264,-0.307194073,-0.562937009,-0.626657147,,-0.093725549,0.0213818423,,,0.1277529082,0.486098275,0.0160059635,-0.736591046,,,,-0.007932988,0.0394995356,0.0,0.0777761029,0.0508107141,0.0269653888,0.0619314326,0.0,0.0619314326,0.0,0.0394995356,-0.008376563,0.0636668767,-0.038690476,0.5631205674,0.095035461,-0.03,-0.055,-0.108786611,,,0.0,-0.009929078,-0.212121212,0.0295704576,0.6317325039,0.2959351603,0.9787234043,1.0104222817,2.8117154812,0.1160714286,0.5120567376,0.4254412025,0.0416666667,,0.1002536488,-0.01079057,0.0369366039,,,,,,,,,,,,,,,0.0959789709,0.6350608575,-0.032425722,0.1071765175,,-0.036879433,0.085106383,0.1668992448,1.175,,0.7141191489,,0.9145996103,,-0.620622431,5.654110328,,,,,1.8268879244,1.5547982335,0.0,-0.93547027,1.7413740215,-0.085513903,-0.06737459,-0.082922572,,,0.2021237704,9.5975601914,-0.722828801,0.8419819784,17.934669239,0.3529760477,-0.02180849,0.3727280475,0.5639543547,0.3752419523,0.00372097,13012.5192616,1.82012517,0.00412989,1.59983088,0.00337888,0.00437474,0.00684697,0.0379232,0.02831065,0.21371082,1.58230267,0.03660389,0.87701445,,,0.06677828,0.09907255,0.03815968,0.1605752,26.58723681,0.06546694,0.14013493,0.61226167,0.28193126,0.8324953579,0.9797300615,305,,-0.188225938,,0.3024329661
20090731,20090731,274192.0,01W,JPN,0.143686,2009,7,20090630,20090630,3.5677905366,306.74839107,3.5677905366,,0.0,-3.88578e-16,-0.079002915,0.3315858821,1.1161367987,0.5429971606,-0.300836953,-0.629570277,,-0.182242354,0.0307672458,,,0.1277529082,0.486098275,0.0160059635,-0.736591046,,,,-0.007932988,0.0394995356,0.0,0.0777761029,0.0508107141,0.0269653888,0.0619314326,0.0,0.0619314326,0.0,0.0394995356,-0.008376563,0.0636668767,-0.038690476,0.5631205674,0.095035461,-0.03,-0.055,-0.108786611,,,0.0,-0.009929078,-0.212121212,0.0295704576,0.6317325039,0.2959351603,0.9787234043,1.0104222817,2.8117154812,0.1160714286,0.5120567376,0.4254412025,0.0416666667,,0.1002536488,-0.01079057,0.0369366039,,,,,,,,,,,,,,,0.0959789709,0.6350608575,-0.032425722,0.1071765175,,-0.036879433,0.085106383,0.1668992448,1.175,,0.7141191489,,0.9145996103,,-0.620622431,5.654110328,,,,,1.983597944,1.688168463,0.0,-1.015714692,1.8907486785,-0.092849265,-0.073153967,-0.090035651,,,0.2194619002,,,0.919255336,17.81469216,0.333508498,0.1275679865,0.6167968831,0.5588452145,0.4295573315,0.00291937,16722.60346276,1.47142139,0.00496861,1.35047178,0.00311541,0.00403122,0.00858502,0.04549621,-0.32004594,0.15090872,2.32245184,0.03843358,-0.3634522,,,0.05506913,0.07794145,0.04671945,-0.44748728,9.20081907,0.06649118,0.1005887,0.6450568,0.28311229,0.8551390405,0.79739159,306,,-0.205835612,,0.2943792336
20090831,20090831,274192.0,01W,JPN,-0.021276,2009,8,20090731,20090731,4.0804315428,350.82379356,4.0804315428,,0.0,-3.60822e-16,0.1436858473,0.3352187592,0.8087585818,0.5631066738,-0.212569725,-0.595973256,,-0.148767712,0.057353933,,,0.1277529082,0.486098275,0.0160059635,-0.736591046,,,,-0.007932988,0.0394995356,0.0,0.0777761029,0.0508107141,0.0269653888,0.0619314326,0.0,0.0619314326,0.0,0.0394995356,-0.008376563,0.0636668767,-0.038690476,0.5631205674,0.095035461,-0.03,-0.055,-0.108786611,,,0.0,-0.009929078,-0.212121212,0.0295704576,0.6317325039,0.2959351603,0.9787234043,1.0104222817,2.8117154812,0.1160714286,0.5120567376,0.4254412025,0.0416666667,,0.1002536488,-0.01079057,0.0369366039,,,,,,,,,,,,,,,0.0959789709,0.6350608575,-0.032425722,0.1071765175,,-0.036879433,0.085106383,0.1668992448,1.175,,0.7141191489,,0.9145996103,,-0.620622431,5.654110328,,,,,1.7343905659,1.4760770774,0.0,-0.888106375,1.6532063267,-0.081184239,-0.06396334,-0.078724111,,,0.1918900201,5.25472923,-0.395753666,1.0276613882,18.005485151,0.3927049306,0.1613062298,0.5550592787,0.4347331191,0.4375220274,0.0047815,16905.84378224,1.43480796,0.0047964,1.38189619,0.00320883,0.00397723,0.01065896,0.03852122,-0.22791584,0.24863067,0.2859626,0.03908177,-0.30820027,,,0.0734537,0.09488361,0.04648907,0.32244782,8.61720477,0.06709255,0.19367773,0.8945566,0.28262399,0.8642622478,1.0523354407,307,,-0.399765051,,0.3999797323
20090930,20090930,274192.0,01W,JPN,0.002284,2009,9,20090831,20090831,3.9936174325,343.3597655,3.9936174325,,0.0,-2.15106e-16,-0.021275718,0.0533313316,0.0092572093,0.9880973298,0.0579636996,-0.488573279,,-0.349060483,0.087152548,,,0.1277529082,0.486098275,0.0160059635,-0.736591046,,,,-0.007932988,0.0394995356,0.0,0.0777761029,0.0508107141,0.0269653888,0.0619314326,0.0,0.0619314326,0.0,0.0394995356,-0.008376563,0.0636668767,-0.038690476,0.5631205674,0.095035461,-0.03,-0.055,-0.108786611,,,0.0,-0.009929078,-0.212121212,0.0295704576,0.6317325039,0.2959351603,0.9787234043,1.0104222817,2.8117154812,0.1160714286,0.5120567376,0.4254412025,0.0416666667,,0.1002536488,-0.01079057,0.0369366039,,,,,,,,,,,,,,,0.0959789709,0.6350608575,-0.032425722,0.1071765175,,-0.036879433,0.085106383,0.1668992448,1.175,,0.7141191489,,0.9145996103,,-0.620622431,5.654110328,,,,,1.7720931192,1.5081643568,0.0,-0.907412221,1.6891440796,-0.08294904,-0.065353789,-0.080435432,,,0.1960613664,6.4884603991,-0.488670658,1.1687151162,17.976620103,0.3881772786,0.2369173188,0.3777972365,0.4352102265,0.5308986326,0.0066017,13442.64040414,1.29589131,0.00366346,1.21905134,0.00379545,0.00404482,0.012451,0.02378892,0.03413057,0.01799773,-1.19570036,0.02435683,0.37550303,,,0.02963643,0.06234644,0.02666387,0.06227682,9.53783167,0.06627746,0.23266529,0.9041085,0.28049795,0.8448790357,0.4320880199,308,,-0.401727389,,0.4201236389
20091030,20091031,274192.0,01W,JPN,-0.159233,2009,10,20090930,20090930,4.0027408399,344.14416988,4.0027408399,,0.0,-1.66533e-16,0.0022844971,0.1193531099,0.3727597844,1.1815697618,0.5907081008,0.6103796325,,-0.090851628,0.0956194685,,,0.1277529082,0.486098275,0.0160059635,-0.736591046,,,,-0.007932988,0.0394995356,0.0,0.0777761029,0.0508107141,0.0269653888,0.0619314326,0.0,0.0619314326,0.0,0.0394995356,-0.008376563,0.0636668767,-0.038690476,0.5631205674,0.095035461,-0.03,-0.055,-0.108786611,,,0.0,-0.009929078,-0.212121212,0.0295704576,0.6317325039,0.2959351603,0.9787234043,1.0104222817,2.8117154812,0.1160714286,0.5120567376,0.4254412025,0.0416666667,,0.1002536488,-0.01079057,0.0369366039,,,,,,,,,,,,,,,0.0959789709,0.6350608575,-0.032425722,0.1071765175,,-0.036879433,0.085106383,0.1668992448,1.175,,0.7141191489,,0.9145996103,,-0.620622431,5.654110328,,,,,1.768054005,1.5047268127,0.0,-0.905343966,1.6852940303,-0.082759975,-0.065204829,-0.080252097,,,0.1956144857,6.332220141,-0.476903609,1.6101140238,17.979712446,0.3865646261,0.3474724177,0.6346630511,0.4347721292,0.6394149176,0.00854877,9685.35165691,1.39221452,0.00261356,1.34110254,0.00461042,0.00415227,0.00944809,0.04259401,-0.27053517,0.1253939,-0.04043979,0.03891358,0.25855638,,,0.04472975,0.08984747,0.04299723,-0.08145649,14.57984294,0.065867,0.33899561,0.90617394,0.27932859,0.8430372451,0.6555180316,309,,-0.408701118,,0.4168460971
20091130,20091130,274192.0,01W,JPN,0.452244,2009,11,20091030,20091031,3.3653726494,289.34508206,3.3653726494,,0.0,-2.77556e-16,-0.15923294,-0.019039825,0.4979956371,1.0292648267,0.7536654285,0.2745626265,,-0.100797052,0.0903071151,,,,,,,,,,,,,,,,,,,,,,,,,,,,,,,,,,,,,,,,,,,,,,,,,,,,,,,,,,,,,,,,,,,,,,,,,,,,,,,,,,,,,,,,,,,,,,,,,0.412229754,0.4024449383,0.5966367113,,0.8427242888,,9801.72848766,1.43242971,0.00258957,1.41405004,0.00465632,0.00416355,0.00539004,,,,,,,,,,,,,15.21320014,0.06260858,0.75678032,0.7618812,0.2785019,0.9978117435,,310,,,,-1.294752059
20091230,20091231,274192.0,01W,JPN,-0.075594,2009,12,20091130,20091130,4.887341539,420.19959926,4.887341539,,0.0,-7.77156e-16,0.4522437923,-0.15731221,-0.131255502,-0.167606031,0.6397011708,0.3019025264,,-0.108073844,0.141245082,,,,,,,,,,,,,,,,,,,,,,,,,,,,,,,,,,,,,,,,,,,,,,,,,,,,,,,,,,,,,,,,,,,,,,,,,,,,,,,,,,,,,,,,,,,,,,,,,0.3729523344,0.3718230591,-0.141409023,,0.8384094755,0.00500147,8889.66547099,1.69401682,0.00222335,1.61298046,0.00496469,0.00410304,0.00741238,0.0478315,0.53429716,0.79997652,-2.37455306,0.0379222,0.12390312,,,0.09826244,0.2412766,0.07095133,1.93644181,17.90571988,0.06307165,0.83553716,1.0,0.27571675,1.0884589412,1.5108410469,311,,,,-1.36917952
20100129,20100131,274192.0,01W,JPN,-0.099565,2010,1,20091230,20091231,4.5178885871,388.43509475,4.5178885871,,0.0,-4.44089e-16,-0.075593848,0.2209987442,0.3698510294,0.6799671052,1.6697791406,1.1161367987,,0.0775102011,0.1273265321,,,,,,,,,,,,,,,,,,,,,,,,,,,,,,,,,,,,,,,,,,,,,,,,,,,,,,,,,,,,,,,,,,,,,,,,,,,,,,,,,,,,,,,,,,,,,,,,,0.3687591951,0.5028801067,0.3240445618,,0.9842367257,0.0048267,6057.01324014,1.64878977,0.0014002,1.5048128,0.005987,0.00405732,0.0063574,0.06018339,-0.2209276,-0.13206907,0.03829976,0.05364664,-0.39643256,,,0.07016721,0.12276988,0.06022305,-0.161234,18.50911069,0.06079055,0.46288664,0.8589003,0.27659511,1.1170043838,1.1259221037,312,,,,-1.37065292
20100226,20100228,274192.0,01W,JPN,0.190031,2010,2,20100129,20100131,4.0680671254,349.76073643,4.0680671254,,0.0,-2.22045e-16,-0.099564532,0.3424630963,0.1072085243,0.6907858048,1.2904286756,0.8087585818,,1.0496772994,0.022850002,,,,,,,,,,,,,,,,,,,,,,,,,,,,,,,,,,,,,,,,,,,,,,,,,,,,,,,,,,,,,,,,,,,,,,,,,,,,,,,,,,,,,,,,,,,,,,,,,0.3536877248,0.4336932926,0.118062057,,0.9673640167,,5213.29518269,1.89373213,0.00117177,1.72481209,0.00645475,0.00419197,0.01173956,,,,,,,,,,,,,22.25980129,0.06034341,0.38144094,0.7733843,0.27789414,1.1966391069,,313,,,,-1.445188214
20100331,20100331,274192.0,01W,JPN,-0.083463,2010,3,20100226,20100228,4.8411256547,416.22609016,4.8411256547,,0.0,-7.49401e-16,0.1900309177,-0.167631913,0.0186421695,0.0501395545,0.0061989844,0.0092572093,,-0.280438902,0.0656199856,,,,,,,,,,,,,,,,,,,,,,,,,,,,,,,,,,,,,,,,,,,,,,,,,,,,,,,,,,,,,,,,,,,,,,,,,,,,,,,,,,,,,,,,,,,,,,,,,0.3813538844,0.2169143222,0.0098080784,,0.1731097214,0.00380956,7198.02379286,1.61345235,0.00154484,1.5044796,0.00582524,0.00454693,0.02053904,0.08854302,0.51148145,0.38164853,6.44579953,0.08870526,-0.01968153,,,0.1240676,0.21766602,0.09367695,0.90247554,21.43695014,0.05905393,0.69310438,0.91266021,0.27704794,1.1928927822,2.0340838095,314,,,,-1.447373287
20100430,20100430,274192.0,01W,JPN,0.631178,2010,4,20100331,20100331,4.355002915,374.43065214,4.355002915,0.0216265464,0.0,0.0186688653,-0.083463257,0.0715460466,0.2094526846,0.3568973865,0.6640809297,0.3727597844,,-0.081508773,0.0654423053,,,,,,,,,,,,,,,,,,,,,,,,,,,,,,,,,,,,,,,,,,,,,,,,,,,,,,,,,,,,,,,,,,,,,,,,,,,,,,,,,,,,,,,,,,,,,,,,,0.3470562923,0.3770683374,0.1968717075,,0.82,,8123.07920698,1.45179031,0.00172527,1.36387366,0.00555826,0.00509404,0.03173565,,,,,,,,,,,,,17.69507961,0.0548681,0.81819234,0.82101522,0.27759456,1.2385078134,,315,,,,-1.392323814
20100531,20100531,274192.0,01W,JPN,-0.135788,2010,5,20100430,20100430,7.1037829681,610.76287233,7.1037829681,0.0132582419,0.0,0.0186688653,0.6311775461,0.0907070614,0.3184482083,0.0874020293,0.6605398846,0.4979956371,,0.4497535126,0.0819353992,,,,,,,,,,,,,,,,,,,,,,,,,,,,,,,,,,,,,,,,,,,,,,,,,,,,,,,,,,,,,,,,,,,,,,,,,,,,,,,,,,,,,,,,,,,,,,,,,0.3876831484,0.2096794834,0.2835829518,,0.8345885635,0.00214589,20746.13443782,2.7132486,0.00336179,2.20993478,0.00404279,0.00447633,0.02461483,0.07772624,0.58059888,-0.26897362,-11.10184686,0.07977572,0.64467344,,,0.14331162,0.19346825,0.07939411,0.80282446,14.24766952,0.05776839,0.20980139,0.80230187,0.26425704,1.2620611014,2.4415403261,316,,,,-1.462718016
20100630,20100630,274192.0,01W,JPN,-0.0733,2010,6,20100531,20100531,6.1391729338,527.82846993,6.1391729338,0.0153414269,0.0,0.0186688653,-0.135788219,0.4950341553,0.4808967505,0.8123038388,0.8683419978,-0.131255502,,-0.079002915,0.0767730989,,,,,,,,,,,,,,,,,,,,,,,,,,,,,,,,,,,,,,,,,,,,,,,,,,,,,,,,,,,,,,,,,,,,,,,,,,,,,,,,,,,,,,,,,,,,,,,,,0.4435410211,0.2002866894,0.3066294132,,0.9181204277,0.00353819,24175.78315457,2.39838175,0.00377703,2.0156265,0.00382778,0.00446558,0.00902711,0.08250285,1.10641474,-0.35487545,0.96551637,0.08448645,1.00451847,,,0.10465853,0.17563264,0.08972043,0.55016861,10.84969665,0.06169513,1.6505963,0.69335873,0.26588177,1.4396792741,1.6605650554,317,,,,-1.602894949
20100730,20100731,274192.0,01W,JPN,-0.102849,2010,7,20100630,20100630,5.6891722429,489.13870199,5.6891722429,0.0165548992,0.0,0.0186688653,-0.073299888,0.4096828529,0.3844654925,0.5626444723,0.75314688,0.3698510294,,0.1436858473,0.0570471229,,,,,,,,,,,,,,,,,,,,,,,,,,,,,,,,,,,,,,,,,,,,,,,,,,,,,,,,,,,,,,,,,,,,,,,,,,,,,,,,,,,,,,,,,,,,,,,,,0.4465913011,0.155331573,0.2747057653,,0.9572103362,0.00439306,24738.96127525,2.34550794,0.00379732,2.01760046,0.00379984,0.00475855,0.00854073,0.03613817,0.10286772,-0.21731854,1.25127667,0.0337131,-0.36282794,,,0.04465762,0.08266223,0.03883177,0.23477885,11.05115432,0.06112692,1.72634152,0.64253561,0.264864,1.3926465585,0.7136747717,318,,,,-1.610610139
20100831,20100831,274192.0,01W,JPN,-0.162801,2010,8,20100730,20100731,5.10404905,438.83148913,5.10404905,0.0184527366,0.0,0.0186688653,-0.102848564,-0.199134846,0.4248487222,0.7223591113,0.4205311827,0.1072085243,,-0.021275718,0.0496314097,,,,,,,,,,,,,,,,,,,,,,,,,,,,,,,,,,,,,,,,,,,,,,,,,,,,,,,,,,,,,,,,,,,,,,,,,,,,,,,,,,,,,,,,,,,,,,,,,0.4191362263,0.0827631113,0.238086831,,0.9073491564,,25151.01178339,2.31467167,0.00384599,1.99912145,0.00366622,0.00479824,0.00632246,,,,,,,,,,,,,7.30327793,0.06175377,1.41695364,0.57645175,0.26461643,1.4231644586,,319,,,,-1.643459244
20100929,20100930,274192.0,01W,JPN,0.057675,2010,9,20100831,20100831,4.2731057179,367.38936617,4.2731057179,0.022041035,0.0,0.0186688653,-0.162800812,-0.168609664,0.0741780393,0.0640203518,0.3021354578,0.0186421695,,0.0022844971,0.0346236543,,,,,,,,,,,,,,,,,,,,,,,,,,,,,,,,,,,,,,,,,,,,,,,,,,,,,,,,,,,,,,,,,,,,,,,,,,,,,,,,,,,,,,,,,,,,,,,,,0.4383082949,0.0404892047,0.0412020463,,0.8894076452,0.00723255,22925.38975573,2.5429425,0.00341043,2.25723858,0.00391106,0.00478236,0.01181754,0.02901314,-0.12805502,0.2187521,-0.1164532,0.03053893,-0.16509326,,,0.02071507,0.05338791,0.02944393,-0.1116287,8.50325971,0.06185877,1.51517825,0.48260494,0.26362734,1.4154436492,0.3278803886,320,,,,-1.648174864
20101029,20101031,274192.0,01W,JPN,0.207793,2010,10,20100929,20100930,4.5195553345,388.57839691,4.5195553345,0.0208391458,0.0,0.0186688653,0.0576745891,-0.248905546,-0.018805314,-0.036357588,0.0876619867,0.2094526846,,-0.15923294,0.0543425205,,,,,,,,,,,,,,,,,,,,,,,,,,,,,,,,,,,,,,,,,,,,,,,,,,,,,,,,,,,,,,,,,,,,,,,,,,,,,,,,,,,,,,,,,,,,,,,,,0.4571508327,-0.058021245,-0.053279224,,0.7275304792,,22006.67337983,2.63234963,0.00325225,2.35447613,0.00400296,0.0047246,0.0243552,,,,,,,,,,,,,10.55921371,0.06212921,1.55780038,0.51043898,0.26288113,1.4096992722,,321,,,,-1.64104518
20101130,20101130,274192.0,01W,JPN,0.246196,2010,11,20101029,20101031,5.4586882846,469.32235273,5.4586882846,0.017253902,0.0,0.0186688653,0.2077932187,-0.114515693,-0.363781896,0.1319190857,0.3682653604,0.3184482083,,0.4522437923,0.0321197411,-0.04606274,-0.02724084,,,,,,,,,,,,,,,,,,,,,,,,,,,,,,,,,,,,,,,,,,,,,,,,,,,,,,,,,,,,,,,,,,,,,,,,,,,,,,,,,,,,,,,,,,,,,,,0.481797182,0.0461576987,-1.615572578,,0.9000289771,0.00767294,9773.68934706,2.33849387,0.00161637,2.07302793,0.00548224,0.00475796,0.00752436,0.05907057,3.58859635,-0.18806559,-0.60751458,0.05611271,1.96869748,,,0.05980486,0.23314884,0.05909177,3.59433886,15.01671469,0.06194708,1.54235381,0.61650474,0.26958266,1.4626109909,0.9472909081,322,,,,-1.661228972
20101230,20101231,274192.0,01W,JPN,1.428398,2010,12,20101130,20101130,6.8025971599,584.86778092,6.8025971599,0.0138452521,0.0,0.0186688653,0.2461963031,0.2774521963,-0.110843049,0.1488140143,0.137950551,0.4808967505,-0.894971785,-0.075593848,0.0613733912,0.2456091748,-0.042205949,,,,,,,,,,,,,,,,,,,,,,,,,,,,,,,,,,,,,,,,,,,,,,,,,,,,,,,,,,,,,,,,,,,,,,,,,,,,,,,,,,,,,,,,,,,,,,,0.5426670693,-0.045606548,-0.644943048,,0.6404206936,0.0026709,11216.46161175,2.29915273,0.00188894,2.20433237,0.00514788,0.00444464,0.00691023,0.06545382,1.04844826,0.07081691,2.41818445,0.06559451,1.19227543,,,0.09548989,0.17443013,0.06648259,0.86380444,14.71595235,0.06194831,1.63391295,0.76828592,0.26751662,1.4750359093,1.5256278866,323,,,,-1.652277202
20110131,20110131,274192.0,01W,JPN,1.174655,2011,1,20101230,20101231,16.519414398,1420.2918406,16.519414398,0.0057013929,0.0,0.0186688653,1.4283981558,0.505147444,0.1957094757,0.5620189682,0.5340765163,0.3844654925,-0.944904849,-0.099564532,0.2002790901,-0.067364808,-0.032794559,,,,,,,,,,,,,,,,,,,,,,,,,,,,,,,,,,,,,,,,,,,,,,,,,,,,,,,,,,,,,,,,,,,,,,,,,,,,,,,,,,,,,,,,,,,,,,,0.8270025225,-0.067496779,-0.221970689,,0.9088578752,0.00021137,157413.33076039,3.66196144,0.01080819,3.06524231,0.00150179,0.00236053,0.01684723,0.0970759,0.7216189,-0.36104235,-7.07515656,0.09505983,0.309201,,,0.19297873,0.27916854,0.09829502,0.8186023,13.6971708,0.0676715,1.96595362,0.84587625,0.25544186,1.5872346702,2.8243699628,324,,,,-1.676880516
20110228,20110228,274192.0,01W,JPN,-0.105591,2011,2,20110131,20110131,35.924018945,3088.64405,35.924018945,0.0026217466,0.0,0.0186688653,1.1746545053,2.0262608042,2.2365312786,1.3254390614,3.1372743682,0.4248487222,-0.940458748,0.1900309177,0.2897903253,0.2281670801,-0.058132961,,,,,,,,,,,,,,,,,,,,,,,,,,,,,,,,,,,,,,,,,,,,,,,,,,,,,,,,,,,,,,,,,,,,,,,,,,,,,,,,,,,,,,,,,,,,,,,1.0485405243,0.1755731114,0.3757987475,,0.9973935708,7.482e-05,891975.68765891,2.89229666,0.03328126,2.32760928,0.00034858,0.00081135,0.0204595,0.13301745,0.64923896,0.32666695,-15.24021922,0.14042699,0.62152104,,,0.2381254,0.27819836,0.13328251,0.62537347,12.27818562,0.07697869,1.21841938,0.88219389,0.24476549,1.7627863067,3.0816736743,325,,,,-1.700613001
20110331,20110331,274192.0,01W,JPN,-0.35885,2011,3,20110228,20110228,32.130764019,2762.5108777,32.130764019,0.0029312615,0.0,0.0186688653,-0.105591051,4.2809269902,7.4070044874,4.851605637,6.5604273893,0.0741780393,-0.910125427,-0.083463257,0.2877787076,-0.146100945,-0.014980321,,,,,,,,,,,,,,,,,,,,,,,,,,,,,,,,,,,,,,,,,,,,,,,,,,,,,,,,,,,,,,,,,,,,,,,,,,,,,,,,,,,,,,,,,,,,,,,0.9348576952,0.3300872394,0.8102970679,,0.9994214637,7.219e-05,1664182.20934663,1.88905439,0.05617889,1.62244577,0.00017446,0.00039659,0.02387423,0.06460677,0.66825676,-0.18100754,-1.43768048,0.0638343,1.15506454,,,0.08574926,0.13415824,0.06462057,0.67648713,9.56253981,0.07496908,0.80780322,0.78904211,0.21382744,1.5224298972,1.1418598478,326,,,,-1.658035791
20110428,20110430,274192.0,01W,JPN,0.228434,2011,4,20110331,20110331,20.457571306,8.7944163468,20.457571306,0.0069033298,0.0,0.0069686726,-0.35885025,0.9450304499,6.1092755019,4.64770456,6.3778972473,-0.018805314,-0.919396498,0.6311775461,0.1977761807,-0.102026454,-0.021383018,,,,,,,,,,,,,,,,,,,,,,,,,,,,,,,,,,,,,,,,,,,,,,,,,,,,,,,,,,,,,,,,,,,,,,,,,,,,,,,,,,,,,,,,,,,,,,,1.1293308331,0.3182660133,0.7156641103,,0.9994267698,0.00030928,1738434.53987703,1.72931889,0.05975299,1.45632815,0.00015837,0.00036045,0.01546455,0.05966173,1.88491113,-0.6976882,4.25773876,0.04703334,0.71295264,,,0.10708927,0.20513511,0.1033077,-0.33539485,4.86533696,0.07639796,2.69735935,0.502381,0.26953625,1.4982506816,1.3490828682,327,,,,-1.684716198
20110531,20110531,274192.0,01W,JPN,-0.238859,2011,5,20110428,20110430,25.130782619,10.803362832,25.130782619,0.0056196165,0.0,0.0069686726,0.2284343163,-0.426549926,2.7739160469,3.0361350587,1.8999522374,-0.363781896,-0.833418427,-0.135788219,0.2308873202,-0.04356801,-0.007563266,,,,,,,,,,,,,,,,,,,,,,,,,,,,,,,,,,,,,,,,,,,,,,,,,,,,,,,,,,,,,,,,,,,,,,,,,,,,,,,,,,,,,,,,,,,,,,,1.1866001985,0.1576805566,0.4755989765,,0.9971671388,0.00031531,1838568.07184305,1.59772672,0.06438639,1.31218054,0.00014433,0.0003197,0.01382705,0.07486162,1.23517528,-0.40957227,2.04696679,0.07655436,0.84993059,,,0.12710173,0.18764969,0.07616613,1.40909191,0.82097681,0.07530566,2.79897718,0.61714206,0.27239707,1.4879361406,1.6102169873,328,,,,-1.688481917
20110630,20110630,274192.0,01W,JPN,-0.155169,2011,6,20110531,20110531,19.128070914,8.2228832062,19.128070914,0.0073831471,0.0,0.0069686726,-0.238858924,-0.212389645,2.7201265701,4.9222785747,3.122138717,-0.110843049,-0.811502107,-0.073299888,0.2158364988,-0.084249757,-0.001581281,,,,,,,,,,,,,,,,,,,,,,,,,,,,,,,,,,,,,,,,,,,,,,,,,,,,,,,,,,,,,,,,,,,,,,,,,,,,,,,,,,,,,,,,,,,,,,,1.0974458893,0.2133555801,0.4706403861,,0.9977142857,0.00076733,1895196.23857912,1.53623643,0.0660662,1.26588694,0.00014158,0.00030204,0.01752159,0.03889116,-0.41314811,-0.25177388,2.26717286,0.03460135,0.06776955,,,0.03739683,0.0466917,0.04348753,-0.49409219,0.314002,0.07247433,2.4937535,0.46973217,0.27582117,1.4607300475,0.4927306071,329,,,,-1.6844848
20110729,20110731,274192.0,01W,JPN,0.005276,2011,7,20110630,20110630,16.15999622,6.9469504859,16.15999622,0.0087391952,0.0,0.0069686726,-0.155168533,-0.064988183,0.1660118965,3.2618869082,2.3857005709,0.1957094757,-0.813298937,-0.102848564,0.211080138,-0.110269867,0.0005814873,,,,,,,,,,,,,,,,,,,,,,,,,,,,,,,,,,,,,,,,,,,,,,,,,,,,,,,,,,,,,,,,,,,,,,,,,,,,,,,,,,,,,,,,,,,,,,,1.0496495094,0.1834563696,0.0532687596,,0.9958775029,0.00291297,1754882.28644083,1.66129089,0.05801218,1.42459497,0.00016257,0.00029738,0.00938213,0.02970712,1.88090707,0.32468711,1.05457417,0.03087037,2.00562581,,,0.03528159,0.12135123,0.03439359,2.53824309,0.19767733,0.07215544,2.48343843,0.39684452,0.26982301,1.4599871183,0.4664503361,330,,,,-1.681438141
20110831,20110831,274192.0,01W,JPN,-0.233977,2011,8,20110729,20110731,16.245255461,6.9836022099,16.245255461,0.0086933297,0.0,0.0069686726,0.0052759443,-0.356964068,-0.547016071,1.9811197108,2.1882536944,2.2365312786,-0.774574933,-0.162800812,0.2263598431,-0.050941178,-0.001309425,,,,,,,,,,,,,,,,,,,,,,,,,,,,,,,,,,,,,,,,,,,,,,,,,,,,,,,,,,,,,,,,,,,,,,,,,,,,,,,,,,,,,,,,,,,,,,,0.9856456104,0.1786797951,-1.170858858,,0.9940334129,0.00227093,1111700.90164147,1.81804462,0.03838209,1.53652334,0.00027503,0.00030467,0.00960055,0.02586803,1.10100678,0.06481515,2.35174988,0.02672428,1.11215033,,,0.03877168,0.07760739,0.02689614,1.53314314,0.21754652,0.07089017,2.55138108,0.39893825,0.26358023,1.4234184333,0.5207791168,331,,,,-1.684292531
20110930,20110930,274192.0,01W,JPN,-0.272564,2011,9,20110831,20110831,12.444237352,5.349599068,12.444237352,0.0113486554,0.0,0.0069686726,-0.233977121,-0.150711249,-0.490866178,1.4047960381,2.8283299733,7.4070044874,-0.819303042,0.0576745891,0.1998460513,-0.181664763,0.0058647007,,,,,,,,,,,,,,,,,,,,,,,,,,,,,,,,,,,,,,,,,,,,,,,,,,,,,,,,,,,,,,,,,,,,,,,,,,,,,,,,,,,,,,,,,,,,,,,1.0842663483,0.1900180943,-1.133165489,,0.9947105495,0.00295236,412253.99306721,1.54003396,0.01786004,1.40755949,0.0007699,0.00031673,0.00919488,0.03915679,0.666226,0.30705044,2.67549507,0.03940064,0.65277595,0.03849992,0.39532518,0.06680895,0.15299189,0.05439474,1.13463268,0.35489445,0.0704892,2.68301625,0.30559582,0.27602105,1.5023309489,0.8905304256,332,,,,-1.700175669
20111031,20111031,274192.0,01W,JPN,0.450069,2011,10,20110930,20110930,9.0523922388,3.8914935254,9.0523922388,0.0156008884,0.0,0.0069686726,-0.272563518,-0.229935627,-0.391705048,-0.241422261,1.7726754303,6.1092755019,-0.750477393,0.2077932187,0.156177257,0.0127602906,-0.005179903,,,,,,,,,,,,,,,,,,,,,,,,,,,,,,,,,,,,,,,,,,,,,,,,,,,,,,,,,,,,,,,,,,,,,,,,,,,,,,,,,,,,,,,,,,,,,,,1.0666028973,0.1704262629,-1.063964452,,0.9888661002,0.00318734,247919.48013934,2.02129307,0.01172409,1.67330017,0.00126157,0.00032018,0.01766222,0.03334656,-0.46327147,-0.40939649,1.44571555,0.03498799,-0.29896645,0.03515393,-0.53311551,0.02683608,0.04262922,0.04156282,-0.93512667,0.47774065,0.06943729,2.81686884,0.22230155,0.27593825,1.4786171433,0.3593626798,333,,,,-1.696076495
20111130,20111130,274192.0,01W,JPN,-0.121316,2011,11,20111031,20111031,13.126595142,5.6429348906,13.126595142,0.01075872,0.0,0.0069686726,0.4500691967,-0.442767012,-0.639788686,-0.746250671,0.6699425275,2.7739160469,-0.64767517,0.2461963031,0.1747111564,0.0809929733,-0.003373489,,,,,,,,,,,,,,,,,,,,,,,,,,,,,,,,,,,,,,,,,,,,,,,,,,,,,,,,,,,,,,,,,,,,,,,,,,,,,,,,,,,,,,,,,,,,,,,1.0631186598,0.0779220902,-3.055846913,,0.9353623188,0.00191006,124259.70652968,1.84355523,0.00695444,1.31265641,0.00213628,0.00031139,0.00709906,0.06603701,1.26458008,0.13955427,2.78138888,0.06677196,1.19564068,,,0.1195873,0.22013638,0.0722377,1.13543094,0.70838843,0.06973721,2.6515636,0.32235263,0.27745693,1.4634627165,1.5836777817,334,,,,-1.703044587
20111230,20111231,274192.0,01W,JPN,0.234794,2011,12,20111130,20111130,11.534125004,4.9583548295,11.534125004,0.0122441331,0.0,0.0069686726,-0.121316314,0.054833235,-0.313752275,-0.588606435,0.943138664,2.7201265701,-0.46975629,1.4283981558,0.0338280228,0.0361604781,0.0102056203,,,,,,,,,,,,,,,,,,,,,,,,,,,,,,,,,,,,,,,,,,,,,,,,,,,,,,,,,,,,,,,,,,,,,,,,,,,,,,,,,,,,,,,,,,,,,,,1.1004863313,0.0966946739,-0.533076536,,0.970787843,0.00250085,72864.94838098,0.94076398,0.00522603,0.91705651,0.0026489,0.00031027,0.01389762,0.06092203,1.20842972,-0.10380881,4.97219221,0.06140504,1.38932054,,,0.07880699,0.17486386,0.06455674,1.56483014,0.83545794,0.06938901,2.54451546,0.283246,0.2794895,1.4543109179,1.045604213,335,,,,-1.7070584
20120131,20120131,274192.0,01W,JPN,-0.049055,2012,1,20111230,20111231,14.242268703,6.1225469449,14.242268703,0.0099159315,0.0,0.0069686726,0.2347940306,0.2741521467,-0.286254474,-0.436192849,-0.296901029,0.1660118965,0.1497198831,1.1746545053,-0.051613839,-0.050555342,0.0478260568,,,,,,,,,,,,,,,,,,,,,,,,,,,,,,,,,,,,,,,,,,,,,,,,,,,,,,,,,,,,,,,,,,,,,,,,,,,,,,,,,,,,,,,,,,,,,,,1.117600047,-0.212693723,-0.543470971,,0.1145284124,0.00040842,117650.34718188,2.14162941,0.00852976,2.00093709,0.0017247,0.00033038,0.01663404,0.07680876,0.84568793,-0.14908948,3.73007219,0.07848166,0.8307488,,,0.1101341,0.21651902,0.07732471,0.68712089,0.86520964,0.06606921,2.5308677,0.34975047,0.28569291,1.4209194506,1.523169193,336,,,,-1.704012669
20120229,20120229,274192.0,01W,JPN,-0.049451,2012,2,20120131,20120131,13.543617243,5.8222067074,13.543617243,0.0104274478,0.0,0.0069686726,-0.049054787,0.0849933702,-0.123296723,-0.433273968,-0.600772256,-0.547016071,1.6435838051,-0.105591051,-0.046474178,0.3285780988,0.0412883908,,,,,,,,,,,,,,,,,,,,,,,,,,,,,,,,,,,,,,,,,,,,,,,,,,,,,,,,,,,,,,,,,,,,,,,,,,,,,,,,,,,,,,,,,,,,,,,1.0776512739,-0.733052687,-0.263937417,,0.0102729674,0.00116995,124248.25565598,2.0970495,0.00933446,1.8947479,0.00154358,0.00050263,0.01078951,0.04309247,1.68235366,-0.00960181,0.15244304,0.04553405,1.74680026,,,0.05220599,0.12954057,0.04333284,1.73049519,0.88892002,0.05471825,2.77127663,0.37205278,0.28370491,1.2202617889,0.8396724893,337,,,,-1.583690424
20120330,20120331,274192.0,01W,JPN,-0.04251,2012,3,20120229,20120229,12.873867509,5.5342909077,12.873867509,0.010969925,0.0,0.0069686726,-0.049451319,0.1742214722,0.0883444971,-0.291950699,-0.575536769,-0.490866178,1.6262900114,-0.35885025,-0.018347003,-0.17245612,0.0867031022,,,,,,,,,,,,,,,,,,,,,,,,,,,,,,,,,,,,,,,,,,,,,,,,,,,,,,,,,,,,,,,,,,,,,,,,,,,,,,,,,,,,,,,,,,,,,,,1.08651424,-0.343287565,0.0697441389,,0.0132821724,0.00262087,127203.39295652,2.06158212,0.0095527,1.86194357,0.00147115,0.00104812,0.00759562,0.02529643,0.12021957,0.11915617,-0.43305105,0.02461345,-0.24187111,,,0.03206002,0.05205366,0.02543904,0.13263104,0.79945537,0.05207716,2.7635538,0.39676564,0.2845266,1.1821489709,0.535750641,338,,,,-1.535773682
20120427,20120430,274192.0,01W,JPN,0.008717,2012,4,20120330,20120331,12.155785908,5.2255979315,12.155785908,0.0138515617,0.0,0.0139537159,-0.04251048,-0.096080282,0.4221508713,-0.203349596,-0.370704014,-0.391705048,0.7906201371,0.2284343163,-0.042978348,0.1084492569,0.054365793,,,,,,,,,,,,,,,,,,,,,,,,,,,,,,,,,,,,,,,,,,,,,,,,,,,,,,,,,,,,,,,,,,,,,,,,,,,,,,,,,,,,,,,,,,,,,,,1.0600839078,-0.29790555,0.2089047413,,0.0223112128,0.00259192,131777.2387224,1.98206475,0.00984473,1.80408474,0.00144353,0.00140209,0.00462312,0.0207061,-0.14590946,-0.05623256,2.81860527,0.01916007,-0.09986631,,,0.02376397,0.04362642,0.0212512,0.10767358,0.66955363,0.04904405,1.64284315,0.44039214,0.28388837,1.3349194023,0.4571777884,339,,,,-1.576945586
20120531,20120531,274192.0,01W,JPN,-0.334731,2012,5,20120427,20120430,12.26174811,5.2711495617,12.26174811,0.0137318608,0.0,0.0139537159,0.0087170178,-0.0898596,-0.060945121,-0.241218875,-0.509502215,-0.639788686,1.3438170155,-0.238858924,-0.020471444,-0.018447913,0.0724914421,,,,,,,,,,,,,,,,,,,,,,,,,,,,,,,,,,,,,,,,,,,,,,,,,,,,,,,,,,,,,,,,,,,,,,,,,,,,,,,,,,,,,,,,,,,,,,,1.0466840962,-0.45583441,-0.675016541,,0.0110529378,0.00236497,128001.7171962,2.02561448,0.0095565,1.84454433,0.00148367,0.0018501,0.00712848,0.01450775,0.40600827,-0.2636596,0.86140046,0.01515951,0.44702,,,0.01905156,0.02684124,0.01628152,-0.4875925,0.47235159,0.04439173,1.73394083,0.44423105,0.28443651,1.2686028699,0.4010692615,340,,,,-1.489782796
20120629,20120630,274192.0,01W,JPN,0.079365,2012,6,20120531,20120531,8.1573583199,3.506731287,8.1573583199,0.0206410717,0.0,0.0139537159,-0.334731211,-0.034164027,0.0780223334,-0.000819094,-0.349958268,-0.313752275,1.4327886795,-0.155168533,-0.036795324,-0.086479421,0.0793087693,,,,,,,,,,,,,,,,,,,,,,,,,,,,,,,,,,,,,,,,,,,,,,,,,,,,,,,,,,,,,,,,,,,,,,,,,,,,,,,,,,,,,,,,,,,,,,,1.21814172,-0.361206265,-0.690022759,,0.0363797693,0.00154389,132230.59899627,2.00731585,0.01013412,1.8409148,0.00139524,0.00198745,0.01394203,0.04237823,-2.38254422,0.34886931,1.10514347,0.04152754,-2.22009777,,,0.02795678,0.05818923,0.04934176,-1.99568155,0.41356765,0.04465541,1.69636997,0.42318828,0.28695753,1.2845213685,0.5817728698,341,,,,-1.494877813
20120731,20120731,274192.0,01W,JPN,-0.019093,2012,7,20120629,20120630,8.8047696907,3.7850441453,8.8047696907,0.0191233416,0.0,0.0139537159,0.0793653221,-0.328932051,-0.419194947,-0.086210428,-0.488119829,-0.286254474,1.2833819273,0.0052759443,-0.030059926,-0.071741216,0.076712587,,,,,,,,,,,,,,,,,,,,,,,,,,,,,,,,,,,,,,,,,,,,,,,,,,,,,,,,,,,,,,,,,,,,,,,,,,,,,,,,,,,,,,,,,,,,,,,1.2048611689,-0.30753792,-1.459389342,,0.0293944738,0.00375314,77518.36403042,1.45183373,0.00649442,1.45581243,0.00223707,0.0020143,0.01088612,0.02694729,1.4781026,0.2034518,0.79980707,0.02812036,1.42989744,,,0.04548411,0.11866179,0.03429632,1.70647837,0.5479663,0.04451629,1.74806625,0.45730271,0.28676025,1.2626170756,0.9455884492,342,,,,-1.472306928
20120831,20120831,274192.0,01W,JPN,-0.030171,2012,8,20120731,20120731,8.6366626633,3.7127773465,8.6366626633,0.019495565,0.0,0.0139537159,-0.019092723,-0.281931939,-0.340760304,-0.319816752,-0.450393985,-0.123296723,1.6864710993,-0.233977121,-0.01052498,-0.102749378,0.0829595958,,,,,,,,,,,,,,,,,,,,,,,,,,,,,,,,,,,,,,,,,,,,,,,,,,,,,,,,,,,,,,,,,,,,,,,,,,,,,,,,,,,,,,,,,,,,,,,1.2041948278,-0.257112342,-1.454599212,,0.0311018957,0.00351024,57305.17583811,1.51463007,0.00512045,1.57526543,0.002625,0.00205646,0.0064138,0.01980256,0.42997273,0.22730343,1.61949843,0.0175989,0.2043037,,,0.02463589,0.04605782,0.02097215,0.30913486,0.63956993,0.04423312,1.5745699,0.50880621,0.28831929,1.2558867849,0.5154814282,343,,,,-1.406128654
20120928,20120930,274192.0,01W,JPN,-0.064644,2012,9,20120831,20120831,8.3760818335,3.6007573869,8.3760818335,0.0201020742,0.0,0.0139537159,-0.030171472,0.0587572992,-0.319705526,-0.240686144,-0.296218749,0.0883444971,1.2323649485,-0.272563518,0.0115106601,-0.108730349,0.0799618692,,,,,,,,,,,,,,,,,,,,,,,,,,,,,,,,,,,,,,,,,,,,,,,,,,,,,,,,,,,,,,,,,,,,,,,,,,,,,,,,,,,,,,,,,,,,,,,1.1842145427,-0.261294211,-1.244600144,,0.0950547824,0.00481436,45762.87784765,1.85501713,0.00433605,1.84675004,0.00279371,0.00207162,0.01336232,0.02629483,-0.47205315,-0.05609625,-0.12882142,0.02738226,-0.61572983,,,0.03160097,0.04256746,0.02654242,-0.5555957,1.31948621,0.04316746,1.39551333,0.49345477,0.28560334,1.250704046,0.6936601952,344,,,,-1.324884862
20121031,20121031,274192.0,01W,JPN,0.322176,2012,10,20120928,20120930,7.8346193796,3.3679904478,7.8346193796,0.0214913591,0.0,0.0139537159,-0.064643883,-0.04868814,-0.310938684,-0.403621802,-0.061708958,0.4221508713,0.9011258738,0.4500691967,-0.035281438,0.1008635246,0.0580273462,,,,,,,,,,,,,,,,,,,,,,,,,,,,,,,,,,,,,,,,,,,,,,,,,,,,,,,,,,,,,,,,,,,,,,,,,,,,,,,,,,,,,,,,,,,,,,,1.1873779669,-0.189260417,-2.204700075,,0.3449911085,0.0051486,36743.05593863,2.18730562,0.00368731,2.10227491,0.00305411,0.00210766,0.00892619,0.02390304,-1.49326258,0.145383,-0.02367223,0.02344896,-0.16675035,,,0.02088869,0.03470975,0.02403986,-1.48847025,1.56333454,0.04274378,0.99768191,0.46155594,0.28175979,1.2393490825,0.4699717582,345,,,,-1.299868748
20121130,20121130,274192.0,01W,JPN,0.127224,2012,11,20121031,20121031,10.358744273,4.4530755193,10.358744273,0.0162545395,0.0,0.0139537159,0.3221758162,-0.092864954,-0.361052004,-0.413398387,-0.394762493,-0.060945121,0.906811516,-0.121316314,0.0050360283,0.1855306823,0.0504285989,,,,,,,,,,,,,,,,,,,,,,,,,,,,,,,,,,,,,,,,,,,,,,,,,,,,,,,,,,,,,,,,,,,,,,,,,,,,,,,,,,,,,,,,,,,,,,,1.1338907747,-1.163651388,-2.607952989,,0.0419835716,0.00243876,32728.29912725,2.29587068,0.00353564,2.11135564,0.00309908,0.00212029,0.00602568,0.03454465,0.25903127,0.14856117,-0.69927637,0.03597871,0.25267761,,,0.05955754,0.08694414,0.0345653,0.24251815,1.64344688,0.03947598,1.3534904,0.6102581,0.27896324,1.2116519855,1.470192936,346,,,,-0.975254997
20121228,20121231,274192.0,01W,JPN,0.006511,2012,12,20121130,20121130,11.676628259,5.0196149336,11.676628259,0.0144199691,0.0,0.0139537159,0.1272242997,0.2367052375,0.2698650552,-0.184060237,-0.089285021,0.0780223334,0.4639702154,0.2347940306,-0.004743038,0.3632694586,0.0282297102,,,,,,,,,,,,,,,,,,,,,,,,,,,,,,,,,,,,,,,,,,,,,,,,,,,,,,,,,,,,,,,,,,,,,,,,,,,,,,,,,,,,,,,,,,,,,,,1.1575253485,-0.350558053,-0.079646843,,0.2429737081,0.00220551,28204.1459459,1.15782759,0.002957,1.03454084,0.00345171,0.00209871,0.01862647,0.0314547,0.41242769,0.22862254,-0.12723745,0.0312559,0.86322926,,,0.05036722,0.09030568,0.03301978,0.68020316,1.61789948,0.03692022,1.26654212,0.68789776,0.28807696,1.2034210191,1.3437220458,347,,,,-0.854386318
20130131,20130131,274192.0,01W,JPN,0.025929,2013,1,20121228,20121231,11.752657827,5.0522989539,11.752657827,0.0143266843,0.0,0.0139537159,0.0065112605,0.4903887085,0.3261707766,-0.039418072,-0.168622435,-0.419194947,0.4960116006,-0.049054787,0.0003084207,0.2566637727,0.0385221966,,,,,,,,,,,,,,,,,,,,,,,,,,,,,,,,,,,,,,,,,,,,,,,,,,,,,,,,,,,,,,,,,,,,,,,,,,,,,,,,,,,,,,,,,,,,,,,1.2054071397,-0.347113736,0.1169788804,,0.1634065603,0.00087046,54339.30906489,2.1388009,0.00465594,1.6587346,0.00254719,0.00241261,0.01135659,0.06173715,0.71350289,-0.07695337,-2.26555938,0.06273777,0.81207319,,,0.07690729,0.16550377,0.0618088,0.76793618,1.47356316,0.0341267,1.12428511,0.7363037,0.29076939,1.1493586868,2.2223753477,348,,,,-0.639888735
20130228,20130228,274192.0,01W,JPN,-0.038175,2013,2,20130131,20130131,12.057396841,5.1833018835,12.057396841,0.0139645912,0.0,0.0139537159,0.0259293701,0.1345639507,0.360786948,-0.041518573,-0.120043017,-0.340760304,0.6276152029,-0.049451319,0.0071612106,0.3271057058,0.0338658913,,,,,,,,,,,,,,,,,,,,,,,,,,,,,,,,,,,,,,,,,,,,,,,,,,,,,,,,,,,,,,,,,,,,,,,,,,,,,,,,,,,,,,,,,,,,,,,1.1577393134,-0.237946888,0.1130389492,,0.282621416,0.00252623,61942.03184133,1.89288261,0.00520338,1.49929884,0.00244781,0.00260458,0.00744569,0.03395656,0.59423437,-0.05629471,0.44939905,0.03207231,0.1733872,,,0.05223637,0.09282018,0.03799666,0.96330862,1.41944134,0.03334293,1.10453633,0.75539559,0.28944609,1.1253947883,1.5297652022,349,,,,-0.633695844
20130329,20130331,274192.0,01W,JPN,1.274878,2013,3,20130228,20130228,11.597100645,4.9854271536,11.597100645,0.0145188546,0.0,0.0139537159,-0.038175421,0.0326094635,0.4395032285,0.4781006753,-0.050260411,-0.319705526,0.3174827822,-0.04251048,0.007555307,-0.247261144,0.0809956736,,,,,,,,,,,,,,,,,,,,,,,,,,,,,,,,,,,,,,,,,,,,,,,,,,,,,,,,,,,,,,,,,,,,,,,,,,,,,,,,,,,,,,,,,,,,,,,1.1295266352,-0.284257934,0.0185879324,,0.4202143064,0.00310207,69183.6973851,1.69558252,0.00577131,1.34774457,0.00235469,0.00263914,0.00991751,0.02543321,-0.31129315,-0.26724663,2.38156665,0.02095108,-0.06648698,,,0.0358781,0.03952216,0.03195603,-0.56997454,0.80378851,0.03343505,1.52979376,0.72655804,0.29354669,1.0956390721,1.0367944207,350,,,,-0.637464283
20130430,20130430,274192.0,01W,JPN,-0.073428,2013,4,20130329,20130331,26.13450457,11.234848495,26.13450457,0.0070728035,0.0,0.0094251388,1.2748781072,-0.013235915,0.4802379137,0.3171384434,-0.04596044,-0.310938684,0.7193164622,0.0087170178,0.1226608606,0.1809342274,0.0471547691,,,,,,,,,,,,,,,,,,,,,,,,,,,,,,,,,,,,,,,,,,,,,,,,,,,,,,,,,,,,,,,,,,,,,,,,,,,,,,,,,,,,,,,,,,,,,,,1.4941410059,-0.373537524,-0.068939846,,0.4393452207,0.00023782,199082.7259437,4.00889653,0.01220302,2.71031545,0.00107741,0.00175709,0.00721438,0.08487336,0.31366464,-0.12529651,-12.59028178,0.08223086,0.37079813,,,0.16705056,0.19422378,0.08770709,0.27358436,0.55748089,0.04315322,1.74454117,1.0,0.28640758,1.3187554448,3.8160100814,351,,,,-1.292712569
20130531,20130531,274192.0,01W,JPN,-0.137109,2013,5,20130430,20130430,24.215500319,10.409896105,24.215500319,0.0076333015,0.0,0.0094251388,-0.073427994,1.1880336785,1.5468328659,2.0546510142,1.151568449,-0.361052004,0.8340119998,-0.334731211,0.1464156984,-0.011488822,0.0660814826,,,,,,,,,,,,,,,,,,,,,,,,,,,,,,,,,,,,,,,,,,,,,,,,,,,,,,,,,,,,,,,,,,,,,,,,,,,,,,,,,,,,,,,,,,,,,,,1.4113822512,0.0805557074,0.1608819579,,0.958490566,0.00021593,367629.83605383,2.46407929,0.01899733,1.95703903,0.00060656,0.0011905,0.02399771,0.0674531,1.19972692,0.07917448,1.83619807,0.06371314,1.23725233,,,0.09161375,0.1808507,0.07513344,0.33746458,0.40662495,0.04744348,1.99720563,0.92657201,0.28259521,1.3633719873,1.8898719888,352,,,,-1.398010627
20130628,20130630,274192.0,01W,JPN,-0.053018,2013,6,20130531,20130531,20.895345075,8.9826090081,20.895345075,0.0088461911,0.0,0.0094251388,-0.137108678,1.1078383707,1.0934822267,1.918406746,1.9966580808,0.2698650552,0.3881644311,0.0793653221,0.1267362438,-0.100299221,0.0692990291,,,,,,,,,,,,,,,,,,,,,,,,,,,,,,,,,,,,,,,,,,,,,,,,,,,,,,,,,,,,,,,,,,,,,,,,,,,,,,,,,,,,,,,,,,,,,,,1.4942696226,-0.064805243,-0.122475771,,0.9633794694,0.0003278,512574.167906,2.07005101,0.02411911,1.70976169,0.00046789,0.00097164,0.02728126,0.05651573,0.24348152,0.42196719,2.27204531,0.05120551,1.38248181,,,0.08385587,0.17079345,0.065028,0.74248226,0.3417351,0.04836751,1.63273701,0.70450084,0.28666866,1.3097142954,1.6903863706,353,,,,-1.36744889
20130731,20130731,274192.0,01W,JPN,0.023143,2013,7,20130628,20130630,19.78750653,8.5063651147,19.78750653,0.0093414607,0.0,0.0094251388,-0.053018437,-0.200469057,0.794761486,1.6923091733,1.3956580769,0.3261707766,0.6532922742,-0.019092723,0.123652088,-0.034032281,0.0672086452,,,,,,,,,,,,,,,,,,,,,,,,,,,,,,,,,,,,,,,,,,,,,,,,,,,,,,,,,,,,,,,,,,,,,,,,,,,,,,,,,,,,,,,,,,,,,,,1.4567111601,0.0146840377,-0.005401213,,0.9616510539,0.00190122,505367.84747334,2.09306821,0.02310886,1.77884449,0.00051294,0.0009475,0.01592175,0.05803849,0.18076688,0.34622212,3.63340818,0.04062961,-0.00866109,,,0.07829001,0.15373539,0.06490336,0.41838809,0.34695727,0.05051193,1.44685205,0.66714931,0.28895147,1.2696870276,1.5052631534,354,,,,-1.412039664
20130830,20130831,274192.0,01W,JPN,-0.17903,2013,8,20130731,20130731,20.245445179,8.7032263689,20.245445179,0.009130163,0.0,0.0094251388,0.0231428174,-0.182857828,0.6566501418,0.9283117393,1.3128017112,0.360786948,0.9831381956,-0.030171472,0.1284988416,-0.141705341,0.0807050513,,,,,,,,,,,,,,,,,,,,,,,,,,,,,,,,,,,,,,,,,,,,,,,,,,,,,,,,,,,,,,,,,,,,,,,,,,,,,,,,,,,,,,,,,,,,,,,1.4033464282,0.0403524759,0.1115051008,,0.9670588235,0.00066478,545847.0908904,1.94795684,0.02459295,1.69844735,0.00045342,0.00085966,0.01310981,0.04279202,1.27523581,-0.28824168,-0.26964996,0.04071259,1.30337133,,,0.06569759,0.10713791,0.04362302,0.96585259,0.30247097,0.05164027,1.52923091,0.68258902,0.28691956,1.2586556106,1.2372785166,355,,,,-1.414273826
20130930,20130930,274192.0,01W,JPN,0.263698,2013,9,20130830,20130831,16.620902448,7.1450874592,16.620902448,0.01112119,0.0,0.0094251388,-0.179030034,-0.031102616,0.7622648972,0.7502623979,1.4399431359,0.4395032285,1.2594349653,-0.064643883,0.1181001006,-0.140416229,0.0832832284,,,,,,,,,,,,,,,,,,,,,,,,,,,,,,,,,,,,,,,,,,,,,,,,,,,,,,,,,,,,,,,,,,,,,,,,,,,,,,,,,,,,,,,,,,,,,,,1.3908075537,0.0190699179,0.1416956312,,0.9556753519,0.00058203,593569.59935659,1.8078679,0.02679825,1.60485727,0.00038828,0.00075904,0.01064123,0.05691208,1.14928641,-0.26540385,0.4014579,0.05645449,2.75020741,,,0.05238247,0.18344845,0.05850127,0.8135508,0.20437628,0.0538429,1.72925997,0.56038509,0.28156783,1.2459927606,0.9451139308,356,,,,-1.434695337
20131031,20131031,274192.0,01W,JPN,0.298006,2013,10,20130930,20130930,21.003799206,9.0292318827,21.003799206,0.0088005133,0.0,0.0094251388,0.2636978811,-0.160030476,-0.364024583,0.427617274,1.1415587045,0.4802379137,2.2466554288,0.3221758162,0.1127839247,0.1019444619,0.067714452,,,,,,,,,,,,,,,,,,,,,,,,,,,,,,,,,,,,,,,,,,,,,,,,,,,,,,,,,,,,,,,,,,,,,,,,,,,,,,,,,,,,,,,,,,,,,,,1.2175396777,0.0459423378,-0.446112816,,0.9475429605,0.00117656,506721.07999737,1.58551554,0.02240186,1.43148152,0.00051144,0.00071018,0.00964948,0.03195015,0.710748,0.48774869,0.80321949,0.03016253,0.49187238,,,0.05478094,0.08821299,0.03204563,0.70105419,0.17139101,0.05401431,1.6559082,0.70815745,0.28029494,1.2526979303,0.9831567964,357,,,,-1.39980289
20131129,20131130,274192.0,01W,JPN,0.12866,2013,11,20131031,20131031,27.263055144,11.719996193,27.263055144,0.0067800257,0.0,0.0094251388,0.298005893,0.0374580069,-0.132629971,0.7584806291,1.0468406425,1.5468328659,3.7216157728,0.1272242997,0.1283095241,0.1190816825,0.0755435102,,,,,,,,,,,,,,,,,,,,,,,,,,,,,,,,,,,,,,,,,,,,,,,,,,,,,,,,,,,,,,,,,,,,,,,,,,,,,,,,,,,,,,,,,,,,,,,1.1973899381,-0.123686654,-0.356733599,,0.9059243823,0.00034002,487308.22842092,2.60878064,0.02079828,2.24140376,0.00057327,0.00060054,0.01147934,0.04548358,1.91880668,0.05347636,2.0717812,0.04780258,1.92920146,,,0.08063487,0.15075092,0.04656623,1.5688818,0.18850871,0.05460336,1.62970833,0.91919254,0.2683301,1.2107198972,1.4281457388,358,,,,-1.438958286
20131230,20131231,274192.0,01W,JPN,-0.003733,2013,12,20131129,20131130,30.770730818,13.227895631,30.770730818,0.0060071441,0.0,0.0094251388,0.1286604034,0.6402872967,0.3047429964,1.3731127987,1.3569499139,1.0934822267,4.9189308068,0.0065112605,0.1394139916,0.3698811237,0.0579258645,,,,,,,,,,,,,,,,,,,,,,,,,,,,,,,,,,,,,,,,,,,,,,,,,,,,,,,,,,,,,,,,,,,,,,,,,,,,,,,,,,,,,,,,,,,,,,,1.1889541136,-0.093956012,-0.320886816,,0.9441916894,0.00010554,713646.32133218,2.24589118,0.02758456,1.99576398,0.00037944,0.0004078,0.03440913,0.06939322,1.25532262,-0.09840115,5.09824676,0.0616792,0.65433166,,,0.11194798,0.17186363,0.06988066,1.15161861,0.17830539,0.05708422,1.74204508,0.93089823,0.27251538,1.2869399319,1.8939930505,359,,,,-1.53256511
20140131,20140131,274192.0,01W,JPN,0.272729,2014,1,20131230,20131231,30.655878068,13.178522082,30.655878068,0.00602965,0.0,0.0094251388,-0.003732532,0.4650078549,0.5550585301,0.177398666,1.6429868648,0.794761486,5.6793315412,0.0259293701,0.136717455,0.2758863469,0.0690750511,,,,,,,,,,,,,,,,,,,,,,,,,,,,,,,,,,,,,,,,,,,,,,,,,,,,,,,,,,,,,,,,,,,,,,,,,,,,,,,,,,,,,,,,,,,,,,,1.3923756131,0.0643232871,0.0462347091,,0.9689440994,0.00022101,885710.79079842,1.88061463,0.0329172,1.7271718,0.00028537,0.00035811,0.01674461,0.04070533,1.06717293,-0.38422586,0.85043313,0.04042663,1.24830118,,,0.06329011,0.08755799,0.04434086,0.57323511,0.12210858,0.05557028,1.75782359,0.91429932,0.27865268,1.2777310975,1.0932297649,360,,,,-1.519180261
20140228,20140228,274192.0,01W,JPN,-0.256316,2014,2,20140131,20140131,39.016628494,16.772688717,39.016628494,0.0047375753,0.0,0.0094251388,0.2727291128,0.1244476419,0.5142111125,0.2659609615,1.5665722293,0.6566501418,5.3595893514,-0.038175421,0.1649815035,0.2711664618,0.0683318399,,,,,,,,,,,,,,,,,,,,,,,,,,,,,,,,,,,,,,,,,,,,,,,,,,,,,,,,,,,,,,,,,,,,,,,,,,,,,,,,,,,,,,,,,,,,,,,1.3782712138,0.1582532092,0.2034266328,,0.967251462,0.00017223,1202315.81824251,1.55130791,0.04024082,1.47701242,0.00023245,0.00029049,0.02292625,0.03764743,0.84701939,-0.5211194,3.23124288,0.03333047,1.10637584,,,0.07152566,0.11730204,0.05005264,-0.19830039,0.08951326,0.05593531,1.9835411,0.92814112,0.28279354,1.2782482517,1.2206569335,361,,,,-1.551473675
20140331,20140331,274192.0,01W,JPN,0.067636,2014,3,20140228,20140228,29.01603337,12.473576378,29.01603337,0.0063704164,0.0,0.0094251388,-0.25631623,0.2679786101,1.3474434446,0.8672402085,2.3962026616,0.7622648972,1.9842792104,1.2748781072,0.0257820183,-0.191315722,0.0856517494,,,,,,,,,,,,,,,,,,,,,,,,,,,,,,,,,,,,,,,,,,,,,,,,,,,,,,,,,,,,,,,,,,,,,,,,,,,,,,,,,,,,,,,,,,,,,,,3.0631921505,0.2737788057,0.5835288231,,0.987005316,0.00048323,1293814.79539076,1.44306327,0.0420374,1.40024746,0.00023145,0.0002774,0.01257405,0.04715025,-0.57260526,-0.39231826,4.81387738,0.0334417,0.14794969,,,0.0452751,0.0583036,0.05989698,-1.5019205,0.07514395,0.05724398,2.17687431,0.69024348,0.31878273,1.4475484365,0.7495558108,362,,,,-1.670659733
20140430,20140430,274192.0,01W,JPN,-0.033381,2014,4,20140331,20140331,30.627389943,13.166275446,30.627389943,0.0104116691,0.0,0.0114007754,0.0676360744,-0.053492015,0.3814659475,0.4663814931,0.1102576401,-0.364024583,8.4347394003,-0.073427994,0.0386060246,0.1967050267,0.0857252497,,,,,,,,,,,,,,,,,,,,,,,,,,,,,,,,,,,,,,,,,,,,,,,,,,,,,,,,,,,,,,,,,,,,,,,,,,,,,,,,,,,,,,,,,,,,,,,3.0903016963,-0.075866376,0.3643299551,,0.6271087842,0.00163051,1293891.69745431,1.43570397,0.04139512,1.42046707,0.00023722,0.00031201,0.00786426,0.02810845,0.72355308,-0.0314197,0.31018229,0.02877224,0.5122281,,,0.04334926,0.07477322,0.03043151,0.37003514,0.06969433,0.05045697,1.92418583,0.72857499,0.30931773,1.2644763467,0.7940867034,363,,,,-1.579169913
20140530,20140531,274192.0,01W,JPN,-0.050042,2014,5,20140430,20140430,29.605017017,12.726771996,29.605017017,0.0107712233,0.0,0.0114007754,-0.033381001,-0.206016379,0.1362836556,0.5301498035,0.2792865542,-0.132629971,8.5177451419,-0.137108678,0.0480358134,-0.06490621,0.1096917435,,,,,,,,,,,,,,,,,,,,,,,,,,,,,,,,,,,,,,,,,,,,,,,,,,,,,,,,,,,,,,,,,,,,,,,,,,,,,,,,,,,,,,,,,,,,,,,3.3938174555,0.2083197405,0.2493289215,,0.8495805612,0.0019042,1187854.03596616,1.32629209,0.03706879,1.2674543,0.00026906,0.00037183,0.0094769,0.02186731,0.94465112,0.16588158,2.21016253,0.01726574,0.65356125,,,0.03177453,0.05328204,0.02776451,-0.13062331,0.06032388,0.04684259,1.85082912,0.70425443,0.31408581,1.2293288298,0.6254729332,364,,,,-1.535325966
20140630,20140630,274192.0,01W,JPN,-0.030097,2014,6,20140530,20140531,28.123526954,12.089900677,28.123526954,0.0113386294,0.0,0.0114007754,-0.050041858,0.0319973138,-0.026852216,0.8016150802,0.4330688672,0.3047429964,4.6649489814,-0.053018437,0.0483064116,-0.057026503,0.0956376294,,,,,,,,,,,,,,,,,,,,,,,,,,,,,,,,,,,,,,,,,,,,,,,,,,,,,,,,,,,,,,,,,,,,,,,,,,,,,,,,,,,,,,,,,,,,,,,3.255826993,0.1760169247,0.1479183458,,0.91,0.00212032,829616.64906902,1.48420805,0.025127,1.37641416,0.00045652,0.00041392,0.01369765,0.02315576,-0.41010498,0.24817761,1.48824331,0.02326614,-0.35111085,,,0.02387007,0.0409953,0.02457152,-0.88344855,0.07711184,0.04456359,2.087069,0.66901223,0.31031343,1.2165652513,0.4990701183,365,,,,-1.509179461
20140731,20140731,274192.0,01W,JPN,-0.01325,2014,7,20140630,20140630,27.277081767,11.726026037,27.277081767,0.0116904826,0.0,0.0114007754,-0.030097405,-0.081752412,-0.072086874,0.3543260137,0.4375733298,0.5550585301,4.8247765658,0.0231428174,0.0434663913,0.0067551263,0.0904298558,,,,,,,,,,,,,,,,,,,,,,,,,,,,,,,,,,,,,,,,,,,,,,,,,,,,,,,,,,,,,,,,,,,,,,,,,,,,,,,,,,,,,,,,,,,,,,,3.1619616075,0.0514444739,-0.006999524,,0.8776830344,0.00135413,664988.24525206,1.67973524,0.01975862,1.49288781,0.00063318,0.00040746,0.00700134,0.01331669,-0.72101833,-0.60430897,0.01516206,0.01057337,0.13227234,,,0.01482003,0.02472662,0.01445284,-0.35624548,0.07805629,0.04163953,2.47209794,0.6488767,0.30789895,1.2510383869,0.3340905419,366,,,,-1.465089246
20140829,20140831,274192.0,01W,JPN,-0.197939,2014,8,20140731,20140731,26.915654073,11.570653457,26.915654073,0.0118474643,0.0,0.0114007754,-0.013250233,-0.078633133,-0.292869677,0.0119864031,0.3627678161,0.5142111125,4.2108525431,-0.179030034,0.0585372823,-0.112056281,0.0984912785,,,,,,,,,,,,,,,,,,,,,0.2413108242,0.6577946768,0.2718631179,0.2965517241,0.1494252874,1.8837209302,-0.003802281,0.0066539924,-0.010456274,0.0152091255,0.1230769231,,,,0.7119771863,0.9572243346,7.8062015504,0.043694141,0.7053231939,,,,,,,,,,,,,,,,,,,,,,,,,1.7076923077,0.108365019,0.2870722433,,1.2091954023,,0.837608365,,,,,13.480857974,,,,,0.3795019824,0.3138466965,0.0,-0.26767155,0.3632685326,0.0468966328,0.0411247395,0.033909873,,0.00216446,0.0158727065,0.0635451067,0.1270902134,2.6845689264,,3.1706862075,-0.056682611,-0.662500711,0.349476599,0.8670815878,0.00212076,324833.08397703,1.34814468,0.01104317,1.29488897,0.00135129,0.00043431,0.00671448,0.01697482,1.01767043,-0.21110215,2.57970018,0.01506618,0.38625646,,,0.02698534,0.04574957,0.01877311,1.24073367,0.08716834,0.03992376,2.57798756,0.64027893,0.30990322,1.2778861132,0.6299671133,367,,1.4785183454,,1.0381617998
20140930,20140930,274192.0,01W,JPN,-0.026634,2014,9,20140829,20140831,21.588009867,9.2803756631,21.588009867,0.0147712667,0.0,0.0114007754,-0.1979385,-0.042948841,-0.061750828,-0.115254381,0.6379537374,1.3474434446,3.3709485042,0.2636978811,0.0165703385,-0.069312079,0.0910201166,,,,,,,,,,,,,,,,,,,,,0.2413108242,0.6577946768,0.2718631179,0.2965517241,0.1494252874,1.8837209302,-0.003802281,0.0066539924,-0.010456274,0.0152091255,0.1230769231,,,,0.7119771863,0.9572243346,7.8062015504,0.043694141,0.7053231939,,,,,,,,,,,,,,,,,,,,,,,,,1.7076923077,0.108365019,0.2870722433,,1.2091954023,,0.837608365,,,,,13.480857974,,,,,0.4731582087,0.3913000395,0.0,-0.333729459,0.4529185515,0.0584701208,0.0512737983,0.0422783951,,0.002698621,0.0197898871,0.0870822693,0.1741645386,2.8833921986,,3.3219381479,-0.03018595,-0.557247784,0.3477819163,0.9039470836,0.00112644,237562.5778619,1.00889133,0.00867372,1.08611313,0.0017303,0.00045341,0.00614243,0.03479658,-3.12053162,-0.04700731,2.77469813,0.03460663,-1.86870038,,,0.0186854,0.02320598,0.03614427,-2.99529764,0.0968282,0.03767562,2.29426555,0.51354308,0.3156475,1.3045961104,0.4588380309,368,,1.4786005144,,1.0485406823
20141031,20141031,274192.0,01W,JPN,0.060569,2014,10,20140930,20140930,21.01303829,9.0332036324,21.01303829,0.0151754471,0.0,0.0114007754,-0.026633839,-0.208566002,-0.295140399,-0.287720998,0.0395994569,0.3814659475,4.5109685717,0.298005893,-0.012942364,0.205201323,0.072005566,,,,,,,,,,,,,,,,,,,,,0.2413108242,0.6577946768,0.2718631179,0.2965517241,0.1494252874,1.8837209302,-0.003802281,0.0066539924,-0.010456274,0.0152091255,0.1230769231,,,,0.7119771863,0.9572243346,7.8062015504,0.043694141,0.7053231939,,,,,,,,,,,,,,,,,,,,,,,,,1.7076923077,0.108365019,0.2870722433,,1.2091954023,,0.837608365,,,,,13.480857974,,,,,0.4861050524,0.40200703,0.0,-0.342861168,0.4653115853,0.060070016,0.0526767832,0.0434352423,,0.0027724623,0.02033139,0.0907082888,0.1814165775,3.105109767,,3.3265822318,-0.162589303,-1.270227466,0.3497367502,0.6976704808,0.00243024,212353.61947464,1.06365334,0.0080619,1.15414685,0.00185927,0.00047647,0.00576153,0.01483135,0.65279284,-0.59654576,-0.09661466,0.01482387,0.03619176,,,0.01788018,0.03365204,0.0148482,0.69898037,0.1013242,0.03677079,2.4044273,0.49986546,0.31719193,1.3127938391,0.4493549234,369,,1.4775602904,,1.0444629707
20141128,20141130,274192.0,01W,JPN,-0.094828,2014,11,20141031,20141031,22.285775529,9.5803351083,22.285775529,0.0143087796,0.0,0.0114007754,0.0605689297,-0.219300477,-0.290220361,-0.455258569,-0.220411142,0.1362836556,7.5080279894,0.1286604034,-0.019132498,0.1760870203,0.0850441125,,,,,,,,,,,,,,,,,,,,,0.2413108242,0.6577946768,0.2718631179,0.2965517241,0.1494252874,1.8837209302,-0.003802281,0.0066539924,-0.010456274,0.0152091255,0.1230769231,,,,0.7119771863,0.9572243346,7.8062015504,0.043694141,0.7053231939,,,,,,,,,,,,,,,,,,,,,,,,,1.7076923077,0.108365019,0.2870722433,,1.2091954023,,0.837608365,,,,,13.480857974,,,,,0.458343667,0.3790484699,0.0,-0.323280419,0.4387377117,0.0566394265,0.0496684202,0.0409546623,,0.0026141274,0.0191702674,0.0830532176,0.1661064353,2.9595347028,,3.2580260789,-0.242983366,-0.828136557,0.3543515899,0.5138198439,0.00365056,184010.71843706,1.22849882,0.00731351,1.27843591,0.0020724,0.00056279,0.00938181,0.01858491,0.40666638,0.40725784,1.24727498,0.0182986,0.45340999,,,0.03212794,0.06050108,0.02152303,0.92708543,0.12855451,0.03468202,2.25232541,0.53014177,0.31874328,1.1672077549,0.8516944617,370,,1.4853400253,,1.118685174
20141230,20141231,274192.0,01W,JPN,0.03374,2014,12,20141128,20141130,20.172455427,8.6718491216,20.172455427,0.0158078054,0.0,0.0114007754,-0.094828206,0.0323219077,-0.207575367,-0.223143143,-0.267443317,-0.026852216,5.6123018418,-0.003732532,-0.027413923,0.3985273998,0.0574680919,,,,,,,,,,,,,,,,,,,,,0.2413108242,0.6577946768,0.2718631179,0.2965517241,0.1494252874,1.8837209302,-0.003802281,0.0066539924,-0.010456274,0.0152091255,0.1230769231,,,,0.7119771863,0.9572243346,7.8062015504,0.043694141,0.7053231939,,,,,,,,,,,,,,,,,,,,,,,,,1.7076923077,0.108365019,0.2870722433,,1.2091954023,,0.837608365,,,,,13.480857974,,,,,0.506360969,0.4187585961,0.0,-0.357148136,0.4847010417,0.0625731236,0.054871816,0.0452451816,,0.0028879903,0.0211785957,0.0965880249,0.1931760497,1.757324633,,3.388611257,-0.270217032,-0.313216762,0.3538107628,0.5070078765,0.00076204,217480.79583871,1.59800116,0.00906712,1.63282974,0.00169826,0.00083028,0.01143924,0.03195359,1.20732891,-0.1718561,3.54259589,0.03378517,0.98652229,,,0.03603099,0.07880832,0.03196078,1.21769895,0.13052408,0.03023154,2.00158246,0.47986938,0.32044159,1.0247537941,1.0775564167,371,,1.4867074782,,1.2454911471
20150130,20150131,274192.0,01W,JPN,0.118993,2015,1,20141230,20141231,20.853072575,8.9644366671,20.853072575,0.0152918592,0.0,0.0114007754,0.0337399258,-0.040002919,-0.260461379,-0.341358978,-0.334426077,-0.072086874,6.1263277451,0.2727291128,-0.049140213,0.2629911391,0.0714227818,,,,,,,,,,,,,,,,,,,,,0.2413108242,0.6577946768,0.2718631179,0.2965517241,0.1494252874,1.8837209302,-0.003802281,0.0066539924,-0.010456274,0.0152091255,0.1230769231,,,,0.7119771863,0.9572243346,7.8062015504,0.043694141,0.7053231939,,,,,,,,,,,,,,,,,,,,,,,,,1.7076923077,0.108365019,0.2870722433,,1.2091954023,,0.837608365,,,,,13.480857974,,,,,0.489834006,0.4050908605,0.0,-0.345491286,0.4688810305,0.0605308182,0.0530808714,0.0437684378,,0.0027937301,0.0204873539,0.0917714237,0.1835428475,2.2600680382,,3.3837950159,-0.236950171,-0.099415574,0.3561562538,0.4894807146,0.00285324,188274.52922734,1.8248523,0.00828258,1.7796166,0.0018986,0.00112584,0.00701164,0.01692307,0.5523664,-0.16942691,0.24251669,0.01191415,0.80760102,,,0.02606585,0.04962989,0.01758366,1.03127628,0.14625851,0.02838667,1.89008354,0.49606014,0.31834709,0.9572098774,0.830272311,372,,1.4913709247,,1.3255982607
20150227,20150228,274192.0,01W,JPN,-0.065129,2015,2,20150130,20150131,23.334441293,10.031141472,23.334441293,0.0136657332,0.0,0.0114007754,0.1189929546,-0.064287776,-0.225243699,-0.295623692,-0.459405516,-0.292869677,9.0727760156,-0.25631623,-0.015021196,-0.000796718,0.1038647153,,,,,,,,,,,,,,,,,,,,,0.2413108242,0.6577946768,0.2718631179,0.2965517241,0.1494252874,1.8837209302,-0.003802281,0.0066539924,-0.010456274,0.0152091255,0.1230769231,,,,0.7119771863,0.9572243346,7.8062015504,0.043694141,0.7423822715,,,,,,,,,,,,,,,,,,,,,,,,,1.7076923077,0.108365019,0.2870722433,,1.211409396,,0.837608365,,,,,13.480857974,,,,,0.4230573024,0.3492273576,0.0,-0.308751976,0.4190205386,0.0540940119,0.0474362874,0.0391141317,,0.0024966467,0.0183087425,0.0776536095,0.155307219,2.3564229786,,3.4083277903,-0.424955073,-0.070815218,0.3563289722,0.4698860419,0.00280033,179269.98702819,1.9432271,0.00814225,1.8388785,0.00195178,0.00170927,0.00624765,0.0237965,1.69555581,0.00257155,-0.54464248,0.02526856,1.76257843,,,0.03717061,0.07528217,0.02400239,1.58739298,0.15884354,0.0266425,1.47420894,0.72097914,0.31550358,0.8920309598,1.2910871958,373,,1.5170511561,,1.4079701479
20150331,20150331,274192.0,01W,JPN,-0.075975,2015,3,20150227,20150228,21.814686698,9.37782078,21.814686698,0.0146177781,0.0,0.0114007754,-0.065129247,0.1567476938,0.0808982132,-0.17028752,-0.186587844,-0.061750828,5.2947608585,0.0676360744,-0.027090771,0.1975135299,0.0756922576,,,,,,,,,,,,,,,,,,,,,0.2413108242,0.6577946768,0.2718631179,0.2965517241,0.1494252874,1.8837209302,-0.003802281,0.0066539924,-0.010456274,0.0152091255,0.1230769231,,,,0.7119771863,0.9572243346,7.8062015504,0.043694141,0.7423822715,,,,,,,,,,,,,,,,,,,,,,,,,1.7076923077,0.108365019,0.2870722433,,1.211409396,,0.837608365,,,,,13.480857974,,,,,0.4525302574,0.3735568329,0.0,-0.33026167,0.448212266,0.0578625567,0.0507410113,0.0418390795,,0.0026705795,0.01958425,0.0857311841,0.1714623682,1.7817564396,,3.234155525,-0.316047107,0.3577543118,0.355342576,0.534045016,0.00104143,184491.21352648,1.8214694,0.00851137,1.72635635,0.00197326,0.001916,0.007015,0.04466622,-1.27651388,-0.07326355,2.85659454,0.04664073,-1.14256942,,,0.04065361,0.09756818,0.04646564,-1.29534535,0.15748298,0.02556946,0.3614605,0.67474915,0.31377919,0.8992962584,1.5245480519,374,,1.5126371755,,1.443333589
20150430,20150430,274192.0,01W,JPN,-0.027495,2015,4,20150331,20150331,19.865738853,8.539996068,19.865738853,0.0147384721,0.0,0.0145704356,-0.075975254,0.0461137859,0.0381500475,-0.200255845,-0.287739284,-0.295140399,6.3325088424,-0.033381001,-0.030962976,0.1987252215,0.0790161795,,,,,,,,,,,,,,,,,,,,,0.2413108242,0.6577946768,0.2718631179,0.2965517241,0.1494252874,1.8837209302,-0.003802281,0.0066539924,-0.010456274,0.0152091255,0.1230769231,,,,0.7119771863,0.9572243346,7.8062015504,0.043694141,0.7423822715,,,,,,,,,,,,,,,,,,,,,,,,,1.7076923077,0.108365019,0.2870722433,,1.211409396,,0.837608365,,,,,13.480857974,,,,,0.4969261833,0.4102049934,0.0,-0.362662316,0.4921845712,0.0635392197,0.0557190081,0.0459437435,,0.0029325794,0.0215055821,0.0989278651,0.1978557303,1.8997394357,,3.3447343981,-0.356049697,0.0956630388,0.3867390405,0.4862852209,0.00236475,185649.29458431,1.77890821,0.00864141,1.67363463,0.0019711,0.00196624,0.00458283,0.01175989,0.22245292,0.14147146,1.67503514,0.01130429,-0.09908979,,,0.01296293,0.02346195,0.01202492,0.41158755,0.15277382,0.02445035,0.26803491,0.61446632,0.31308578,0.8912306536,0.5106043154,375,,1.5101800276,,1.4725590392
20150529,20150531,274192.0,01W,JPN,-0.050858,2015,5,20150430,20150430,19.31952534,8.3051867163,19.31952534,0.0151551672,0.0,0.0145704356,-0.027495253,-0.136156291,-0.095507792,-0.251093424,-0.31912519,-0.290220361,3.3451691549,-0.050041858,-0.028913284,-0.211621758,0.101216847,,,,,,,,,,,,,,,,,,,,,0.2413108242,0.6577946768,0.2718631179,0.2965517241,0.1494252874,1.8837209302,-0.003802281,0.0066539924,-0.010456274,0.0152091255,0.1230769231,,,,0.7119771863,0.9572243346,7.8062015504,0.043694141,0.7423822715,,,,,,,,,,,,,,,,,,,,,,,,,1.7076923077,0.108365019,0.2870722433,,1.211409396,,0.837608365,,,,,13.480857974,,,,,0.5109755862,0.4218025615,0.0,-0.372915728,0.5060999163,0.0653356396,0.0572943302,0.0472426933,,0.0030154911,0.0221136011,0.1033881101,0.2067762203,1.7100634138,,3.3091715439,-0.477727304,-0.970956482,0.3815946995,0.4720872772,0.00386229,185589.64209268,1.78639797,0.00868727,1.6697234,0.00197318,0.00207094,0.00255112,0.00609042,-1.16196256,0.48544663,0.66258485,0.00559386,-0.60487985,,,0.00721364,0.01325323,0.0076891,-0.56533601,0.12137686,0.02350819,0.19480999,0.61931658,0.32747082,0.8857782709,0.2978863279,376,,1.4975517747,,1.4859850303
20150630,20150630,274192.0,01W,JPN,0.778302,2015,6,20150529,20150531,18.336979905,7.8828045333,18.336979905,0.0159672225,0.0,0.0145704356,-0.050857638,-0.101381549,-0.028225391,-0.091945941,-0.302965094,-0.207575367,3.7762931552,-0.030097405,-0.030800578,-0.050530384,0.0885209576,,,,,,,,,,,,,,,,,,,,,0.2413108242,0.6577946768,0.2718631179,0.2965517241,0.1494252874,1.8837209302,-0.003802281,0.0066539924,-0.010456274,0.0152091255,0.1230769231,,,,0.7119771863,0.9572243346,7.8062015504,0.043694141,0.7423822715,,,,,,,,,,,,,,,,,,,,,,,,,1.7076923077,0.108365019,0.2870722433,,1.211409396,,0.837608365,,,,,13.480857974,,,,,0.5383550528,0.444403894,0.0,-0.39289757,0.5332181313,0.0688365016,0.0603643167,0.0497740857,,0.0031770693,0.0232985082,0.1125131225,0.2250262449,1.7394746635,,3.3999191585,-0.43712486,-0.569664048,0.3816317702,0.4732467222,0.00328989,136074.6161017,1.25655479,0.00660734,1.2355891,0.00252334,0.00216901,0.00448972,0.01000428,0.55310396,-0.45482518,0.69840022,0.00769527,1.07823345,,,0.01051058,0.01742332,0.01015221,0.47063836,0.12982501,0.02285059,0.22246134,0.62957208,0.32472202,0.8741074146,0.4476271204,377,,1.4947339316,,1.5109218969
20150731,20150731,274192.0,01W,JPN,-0.220932,2015,7,20150630,20150630,32.608683567,14.018005144,32.608683567,0.0089789162,0.0,0.0145704356,0.7783017561,-0.076954548,-0.107751936,-0.114544343,-0.317884743,-0.260461379,3.9989625194,-0.013250233,0.0411586935,-0.023380631,0.0870346729,,,,,,,,,,,,,,,,,,,,,0.2413108242,0.6577946768,0.2718631179,0.2965517241,0.1494252874,1.8837209302,-0.003802281,0.0066539924,-0.010456274,0.0152091255,0.1230769231,,,,0.7119771863,0.9572243346,7.8062015504,0.043694141,0.7423822715,,,,,,,,,,,,,,,,,,,,,,,,,1.7076923077,0.108365019,0.2870722433,,1.211409396,,0.837608365,,,,,13.480857974,,,,,0.3027354896,0.2499035344,0.0,-0.220939764,0.2998468226,0.0387091231,0.0339449233,0.0279896736,,0.0017865749,0.0131015494,0.0493047377,0.0986094754,1.73633631,,3.2264362019,-0.314560211,-0.257988417,0.3806233249,0.4875090737,0.00051615,283854.35701264,3.2465342,0.01192915,2.76338914,0.00152569,0.00175307,0.0077058,0.07373245,2.85572042,-0.04306045,-3.28843694,0.07689798,2.81113125,,,0.12208716,0.28050244,0.07381644,2.84414513,0.12869703,0.0324023,0.40285985,1.0,0.31191664,1.1696278034,3.7224108213,378,,1.4801516676,,1.1769998352
20150831,20150831,274192.0,01W,JPN,-0.16479,2015,8,20150731,20150731,25.404395852,10.920985234,25.404395852,0.0115251958,0.0,0.0145704356,-0.220931572,0.6878615284,0.4179591498,0.4846817645,0.2292952067,-0.225243699,4.498207883,-0.1979385,0.0390684143,-0.15149486,0.1007177466,-0.045549877,-0.120605669,0.0307081571,1.1473086607,,,,0.0022852898,-0.017290337,0.0,-0.01646764,0.0021989474,-0.018666587,0.0073106658,-0.007099635,0.0144103008,0.0,-0.017290337,-0.028898484,-0.046959654,0.1745877789,0.5705731394,0.247219846,0.2098121086,0.1127348643,1.44,0.0145423439,0.0145423439,0.0,-0.019674936,-0.212962963,-0.036965273,-0.400114855,0.0710326439,0.7100085543,0.861395892,8.248,0.0630455868,0.7177074423,-0.21697765,0.115942029,,-0.004062413,0.0098293769,0.0060826915,,,,,,,,,,,,,,,0.2171802676,0.5445836033,0.1984409383,0.2359590125,1.6666666667,0.1120615911,0.2275449102,0.0036965721,1.2202505219,,0.8505175364,,0.8456558728,,-3.151717644,9.7306453309,7.2453236264,-66.19387029,,,0.383763224,0.3144954393,0.0,-0.275429722,0.3384601231,0.0354546007,0.0430051175,0.0351263173,,0.0029545501,0.0213384171,0.056634144,0.0910677035,0.3011556217,17.30802754,3.2944101573,0.070061863,0.3484562613,0.4615464894,0.7493786992,0.00031611,506882.51668942,2.77083531,0.01968772,2.46759389,0.0009806,0.00131702,0.01271985,0.07120197,0.88076529,0.13451609,-0.21626621,0.07418416,0.88780393,,,0.0811865,0.23222483,0.07307718,1.49409138,0.11533298,0.03879295,-0.20792809,0.77906843,0.3077854,1.3110289243,2.0869183496,379,,1.4835884559,,0.855377046
20150930,20150930,274192.0,01W,JPN,0.061052,2015,9,20150831,20150831,21.217997414,9.1213126191,21.217997414,0.0137991645,0.0,0.0145704356,-0.164790317,0.385418754,0.1816469846,0.277844378,0.1940544272,0.0808982132,4.2674452211,-0.026633839,0.0265087345,-0.003958733,0.0865067876,-0.045549877,-0.120605669,0.0307081571,1.1473086607,,,,0.0022852898,-0.017290337,0.0,-0.01646764,0.0021989474,-0.018666587,0.0073106658,-0.007099635,0.0144103008,0.0,-0.017290337,-0.028898484,-0.046959654,0.1745877789,0.5705731394,0.247219846,0.2098121086,0.1127348643,1.44,0.0145423439,0.0145423439,0.0,-0.019674936,-0.212962963,-0.036965273,-0.400114855,0.0710326439,0.7100085543,0.861395892,8.248,0.0630455868,0.7177074423,-0.21697765,0.115942029,,-0.004062413,0.0098293769,0.0060826915,,,,,,,,,,,,,,,0.2171802676,0.5445836033,0.1984409383,0.2359590125,1.6666666667,0.1120615911,0.2275449102,0.0036965721,1.2202505219,,0.8505175364,,0.8456558728,,-3.151717644,9.7306453309,7.2453236264,-66.19387029,,,0.4594812915,0.3765466871,0.0,-0.329773142,0.4052397019,0.0424499397,0.0514902046,0.0420568847,,0.003537495,0.0255485748,0.0733063351,0.1178765869,0.3698534885,16.908426351,3.2700147077,0.1011990342,0.0799080442,0.4615028601,0.738485251,0.00196516,484432.95543769,2.87340536,0.01862565,2.57792066,0.00104091,0.00136451,0.00593211,0.03727417,0.00127878,0.39197262,1.63497057,0.03919613,-0.06889917,,,0.03832698,0.06925612,0.03932342,-0.57533242,0.12284533,0.03892404,0.1822767,0.6506855,0.31361106,1.2098943493,0.9798941018,380,,1.4809768162,,0.8827014488
20151030,20151031,274192.0,01W,JPN,0.232484,2015,10,20150930,20150930,22.513408927,9.6781914395,22.513408927,0.0130051668,0.0,0.0145704356,0.061052487,-0.349314505,0.0680698851,0.0324337599,0.0245741633,0.0381500475,3.8475712532,0.0605689297,0.0265526942,0.3195110312,0.0551843448,-0.045549877,-0.120605669,0.0307081571,1.1473086607,,,,0.0022852898,-0.017290337,0.0,-0.01646764,0.0021989474,-0.018666587,0.0073106658,-0.007099635,0.0144103008,0.0,-0.017290337,-0.028898484,-0.046959654,0.1745877789,0.5705731394,0.247219846,0.2098121086,0.1127348643,1.44,0.0145423439,0.0145423439,0.0,-0.019674936,-0.212962963,-0.036965273,-0.400114855,0.0710326439,0.7100085543,0.861395892,8.248,0.0630455868,0.7177074423,-0.21697765,0.115942029,,-0.004062413,0.0098293769,0.0060826915,,,,,,,,,,,,,,,0.2171802676,0.5445836033,0.1984409383,0.2359590125,1.6666666667,0.1120615911,0.2275449102,0.0036965721,1.2202505219,,0.8505175364,,0.8456558728,,-3.151717644,9.7306453309,7.2453236264,-66.19387029,,,0.4330429428,0.3548803586,0.0,-0.310798143,0.3819223901,0.0400073891,0.0485274812,0.0396369503,,0.0033339491,0.0240785212,0.0671861922,0.1080353971,0.3791885824,17.047954418,3.1505249291,-0.050857166,0.0675086587,0.4586121566,0.681761156,0.00180013,501019.37719699,2.81430642,0.01916836,2.53979007,0.0009985,0.00133924,0.00875306,0.05248761,1.67206491,0.11748988,2.0585944,0.0436789,1.56943934,,,0.06681714,0.16084977,0.05292828,1.44800616,0.19377186,0.04134,0.07831106,0.69041146,0.31605174,1.1410290433,1.6078495759,381,,1.4778175263,,0.855377046
20151130,20151130,274192.0,01W,JPN,0.059416,2015,11,20151030,20151031,27.747418289,11.928216959,27.747418289,0.0105519957,0.0,0.0145704356,0.2324840889,-0.113798688,0.1653189471,-0.021024749,0.0250413091,-0.095507792,3.2566752124,-0.094828206,0.0563083574,0.095191173,0.0722310526,-0.045549877,-0.120605669,0.0307081571,1.1473086607,,,,0.0022852898,-0.017290337,0.0,-0.01646764,0.0021989474,-0.018666587,0.0073106658,-0.007099635,0.0144103008,0.0,-0.017290337,-0.028898484,-0.046959654,0.1745877789,0.5705731394,0.247219846,0.2098121086,0.1127348643,1.44,0.0145423439,0.0145423439,0.0,-0.019674936,-0.212962963,-0.036965273,-0.400114855,0.0710326439,0.7100085543,0.861395892,8.248,0.0630455868,0.7177074423,-0.21697765,0.115942029,,-0.004062413,0.0098293769,0.0060826915,,,,,,,,,,,,,,,0.2171802676,0.5445836033,0.1984409383,0.2359590125,1.6666666667,0.1120615911,0.2275449102,0.0036965721,1.2202505219,,0.8505175364,,0.8456558728,,-3.151717644,9.7306453309,7.2453236264,-66.19387029,,,0.3513578364,0.2879390994,0.0,-0.252172134,0.309880179,0.0324607753,0.0393737182,0.0321602126,,0.0027050646,0.0195365777,0.050239291,0.0807847799,0.3591241903,17.479046583,3.04968547,-0.092466836,0.1040790098,0.4514343805,0.6801438796,0.00041791,663087.48061665,2.4339001,0.02481559,2.24699137,0.00073439,0.00112408,0.01437685,0.0897303,1.37422103,-0.07950807,0.70104987,0.09281659,1.13588578,,,0.13613056,0.25876253,0.09272886,1.60263091,0.25678106,0.04913573,0.48696195,0.85092114,0.31079415,1.3806616074,2.7688760448,382,,1.4830250479,,0.7292052077
20151230,20151231,274192.0,01W,JPN,-0.050158,2015,12,20151130,20151130,29.396068123,12.636947865,29.396068123,0.0099601973,0.0,0.0145704356,0.0594163326,0.3077303078,0.5131945627,0.2906291235,0.3956987078,-0.028225391,2.0918261681,0.0337399258,0.0586425762,0.4164927286,0.0352712633,-0.045549877,-0.120605669,0.0307081571,1.1473086607,,,,0.0022852898,-0.017290337,0.0,-0.01646764,0.0021989474,-0.018666587,0.0073106658,-0.007099635,0.0144103008,0.0,-0.017290337,-0.028898484,-0.046959654,0.1745877789,0.5705731394,0.247219846,0.2098121086,0.1127348643,1.44,0.0145423439,0.0145423439,0.0,-0.019674936,-0.212962963,-0.036965273,-0.400114855,0.0710326439,0.7100085543,0.861395892,8.248,0.0630455868,0.7177074423,-0.21697765,0.115942029,,-0.004062413,0.0098293769,0.0060826915,,,,,,,,,,,,,,,0.2171802676,0.5445836033,0.1984409383,0.2359590125,1.6666666667,0.1120615911,0.2275449102,0.0036965721,1.2202505219,,0.8505175364,,0.8456558728,,-3.151717644,9.7306453309,7.2453236264,-66.19387029,,,0.3316522745,0.2717903156,0.0,-0.238029306,0.2925008512,0.0306402444,0.0371654816,0.0303565384,,0.0025533537,0.0184408878,0.0465414826,0.0748387039,0.3937166173,17.583042449,3.0263623798,0.0633105021,0.2693961248,0.4511741878,0.773750161,0.00090932,725592.06864622,2.20475045,0.02690668,2.05460985,0.00065401,0.0011277,0.0064633,0.02974585,-1.26232453,0.03365791,-0.41686525,0.03075391,-1.24470994,,,0.03690803,0.05177167,0.02980188,-1.10292122,0.23425742,0.04893413,0.45574301,0.90147976,0.31371528,1.3947943983,0.7537732689,383,,1.4778685509,,0.732530397
20160129,20160131,274192.0,01W,JPN,0.569412,2016,1,20151230,20151231,27.921621282,12.003104326,27.921621282,0.0104861618,0.0,0.0145704356,-0.050157961,0.3057137735,-0.098520243,0.4797369652,0.4303655781,-0.107751936,0.3161532617,0.1189929546,0.0432652202,0.3560645502,0.0090679561,-0.045549877,-0.120605669,0.0307081571,1.1473086607,,,,0.0022852898,-0.017290337,0.0,-0.01646764,0.0021989474,-0.018666587,0.0073106658,-0.007099635,0.0144103008,0.0,-0.017290337,-0.028898484,-0.046959654,0.1745877789,0.5705731394,0.247219846,0.2098121086,0.1127348643,1.44,0.0145423439,0.0145423439,0.0,-0.019674936,-0.212962963,-0.036965273,-0.400114855,0.0710326439,0.7100085543,0.861395892,8.248,0.0630455868,0.7177074423,-0.21697765,0.115942029,,-0.004062413,0.0098293769,0.0060826915,,,,,,,,,,,,,,,0.2171802676,0.5445836033,0.1984409383,0.2359590125,1.6666666667,0.1120615911,0.2275449102,0.0036965721,1.2202505219,,0.8505175364,,0.8456558728,,-3.151717644,9.7306453309,7.2453236264,-66.19387029,,,0.3491657149,0.2861426474,0.0,-0.250598832,0.3079468366,0.0322582525,0.0391280656,0.031959565,,0.0026881877,0.019414689,0.0498210331,0.0801122213,0.3818701281,17.490615478,2.1099103021,0.0753605719,-0.230556048,0.4509686667,0.7789404546,0.00205376,603049.93101551,2.27784974,0.02227646,2.11565862,0.00078648,0.00111022,0.00760127,0.01927196,0.57644609,-0.19845183,2.68132585,0.01672556,-0.07331793,,,0.02961268,0.04018318,0.02043894,0.81987219,0.227535,0.04903733,0.43101472,0.85626337,0.33100826,1.4573393957,0.6034135651,384,,1.4892918235,,0.7082363584
20160229,20160229,274192.0,01W,JPN,-0.115851,2016,2,20160129,20160131,43.820534058,18.837818785,43.820534058,0.0066815853,0.0,0.0145704356,0.5694122349,0.0062781694,0.099086215,0.4452540004,0.2141464801,0.4179591498,-0.322758524,-0.065129247,0.1009508095,-0.112383505,0.027661835,0.0159145427,-0.120605669,0.0307081571,1.2902486463,,,,0.0046908092,-0.005929479,0.0,0.133974531,0.006790904,0.127183627,0.0180398064,-0.007099635,0.0144103008,0.0,-0.017290337,-0.028898484,0.019253478,0.1745877789,0.5705731394,0.247219846,0.2098121086,0.1127348643,1.44,0.0145423439,0.0145423439,0.0,-0.019674936,-0.212962963,-0.036965273,-0.400114855,0.0710326439,0.7100085543,0.861395892,8.248,0.0630455868,0.6003330558,-0.21697765,0.115942029,,-0.004062413,0.0098293769,0.0060826915,,,,,,,,,,,,,,,0.2171802676,0.5445836033,0.1984409383,0.2359590125,1.6666666667,0.1120615911,0.2275449102,0.0036965721,1.2022022022,,0.8505175364,,0.8680951702,,-3.151717644,9.7306453309,7.2453236264,-66.19387029,,,0.2288632778,0.1903700371,0.0,-0.159676869,0.1962179406,0.0205543526,0.0249316685,0.0203640346,,0.0017128627,0.0123706752,0.0283102525,0.045522886,0.3420038738,18.159188125,1.405565178,-0.004257131,-0.189035537,0.4499617502,0.7414218121,8.224e-05,1157937.64830694,2.17930217,0.0330102,1.84481154,0.00043646,0.00069911,0.0270156,0.09830401,-0.05690909,-0.28700283,4.83663264,0.10194879,0.11216098,,,0.17852974,0.21641068,0.11281439,0.0949918,0.22424173,0.0574613,0.91037679,0.88116596,0.36155526,1.7209429129,3.0785481293,385,,1.5261775668,,0.6675742488
20160331,20160331,274192.0,01W,JPN,0.234221,2016,3,20160229,20160229,38.743891127,16.655442837,38.743891127,0.0075570788,0.0,0.0145704356,-0.115850777,0.4906937171,1.0652530586,1.3897356208,1.0382457522,0.1816469846,-0.292121071,-0.075975254,0.0973257619,0.2352883628,-0.003025112,0.0159145427,-0.120605669,0.0307081571,1.2902486463,,,,0.0046908092,-0.005929479,0.0,0.133974531,0.006790904,0.127183627,0.0180398064,-0.007099635,0.0144103008,0.0,-0.017290337,-0.028898484,0.019253478,0.1745877789,0.5705731394,0.247219846,0.2098121086,0.1127348643,1.44,0.0145423439,0.0145423439,0.0,-0.019674936,-0.212962963,-0.036965273,-0.400114855,0.0710326439,0.7100085543,0.861395892,8.248,0.0630455868,0.6003330558,-0.21697765,0.115942029,,-0.004062413,0.0098293769,0.0060826915,,,,,,,,,,,,,,,0.2171802676,0.5445836033,0.1984409383,0.2359590125,1.6666666667,0.1120615911,0.2275449102,0.0036965721,1.2022022022,,0.8505175364,,0.8680951702,,-3.151717644,9.7306453309,7.2453236264,-66.19387029,,,0.2588514155,0.2153143748,0.0,-0.180599457,0.2219285337,0.0232476059,0.0281984849,0.0230323502,,0.0019373005,0.0139916146,0.0328373607,0.0528024761,0.364086197,18.005338943,1.5256832304,0.1377214636,0.3547964021,0.4518822102,0.8142804735,0.00043242,1325720.23813375,1.89442687,0.03677654,1.64675655,0.00035258,0.00065477,0.0229864,0.03049468,0.06436526,0.12809738,1.23143291,0.02962618,0.69431862,,,0.05267614,0.11566761,0.04626524,0.77716765,0.20531474,0.05686834,1.28611803,0.7790822,0.37086138,1.578550026,0.908711508,386,,1.5271547896,,0.6679590732
20160428,20160430,274192.0,01W,JPN,0.081977,2016,4,20160331,20160331,47.450384978,20.398239609,47.450384978,0.0077810854,0.0,0.0077286802,0.2342212736,0.3875946076,0.7209251275,0.1881464349,0.9502869444,0.0680698851,0.0201948097,-0.027495253,0.1211181734,0.0325855848,0.0218313904,0.0159145427,-0.120605669,0.0307081571,1.2902486463,,,,0.0046908092,-0.005929479,0.0,0.133974531,0.006790904,0.127183627,0.0180398064,-0.007099635,0.0144103008,0.0,-0.017290337,-0.028898484,0.019253478,0.1745877789,0.5705731394,0.247219846,0.2098121086,0.1127348643,1.44,0.0145423439,0.0145423439,0.0,-0.019674936,-0.212962963,-0.036965273,-0.400114855,0.0710326439,0.7100085543,0.861395892,8.248,0.0630455868,0.6003330558,-0.21697765,0.115942029,,-0.004062413,0.0098293769,0.0060826915,,,,,,,,,,,,,,,0.2171802676,0.5445836033,0.1984409383,0.2359590125,1.6666666667,0.1120615911,0.2275449102,0.0036965721,1.2022022022,,0.8505175364,,0.8680951702,,-3.151717644,9.7306453309,7.2453236264,-66.19387029,,,0.2113557364,0.1758071446,0.0,-0.147461937,0.1812076962,0.0189819895,0.0230244502,0.0188062304,,0.0015818325,0.0114243455,0.0257699876,0.04143814,0.3969548249,18.249007672,1.3277773174,0.1748880153,0.2562162779,0.4282477141,0.8130816961,0.00060441,1450300.32183303,1.68792227,0.03889831,1.51671146,0.00031905,0.00059842,0.01106223,0.02441616,0.31906713,-0.29097034,1.26154761,0.02393765,0.31143915,,,0.04313973,0.05763725,0.02493449,0.20822289,0.11777633,0.05730877,1.34290526,0.95415688,0.29782635,1.24823345,0.7400594685,387,,1.5325083612,,0.6839341781
20160531,20160531,274192.0,01W,JPN,0.249897,2016,5,20160428,20160430,51.340243537,22.070433986,51.340243537,0.0071915416,0.0,0.0077286802,0.0819773867,0.0912357798,0.7233507692,0.8822937152,1.4751402434,0.1653189471,-0.192350554,-0.050857638,0.1331940848,-0.190185168,0.0362666959,0.0159145427,-0.120605669,0.0307081571,1.2902486463,,,,0.0046908092,-0.005929479,0.0,0.133974531,0.006790904,0.127183627,0.0180398064,-0.007099635,0.0144103008,0.0,-0.017290337,-0.028898484,0.019253478,0.1745877789,0.5705731394,0.247219846,0.2098121086,0.1127348643,1.44,0.0145423439,0.0145423439,0.0,-0.019674936,-0.212962963,-0.036965273,-0.400114855,0.0710326439,0.7100085543,0.861395892,8.248,0.0630455868,0.6003330558,-0.21697765,0.115942029,,-0.004062413,0.0098293769,0.0060826915,,,,,,,,,,,,,,,0.2171802676,0.5445836033,0.1984409383,0.2359590125,1.6666666667,0.1120615911,0.2275449102,0.0036965721,1.2022022022,,0.8505175364,,0.8680951702,,-3.151717644,9.7306453309,7.2453236264,-66.19387029,,,0.1953421014,0.1624868937,0.0,-0.136289297,0.1674782657,0.017543795,0.0212799736,0.0173813525,,0.0014619829,0.0105587655,0.0235093976,0.0378031114,0.407258928,18.331162978,1.3408243164,0.1732006492,0.0915980745,0.4432722069,0.8156821333,0.00044759,1531027.82478592,1.52649545,0.03777522,1.39551115,0.00032208,0.00050812,0.01785633,0.04355373,0.4849677,-0.35077035,1.85968818,0.04385322,0.74554911,,,0.07250615,0.10759183,0.05043986,0.42414852,0.04433837,0.05872026,1.61251914,0.92573618,0.30273415,1.258727522,1.2080846527,388,,1.5300196893,,0.6731475314
20160630,20160630,274192.0,01W,JPN,-0.306988,2016,6,20160531,20160531,64.170013088,27.585767813,64.170013088,0.0057537077,0.0,0.0077286802,0.2498969359,0.3353995083,0.7600507981,1.4384286674,1.8215427746,0.5131945627,0.0071382657,0.7783017561,0.085157283,-0.039729763,0.0268616883,0.0159145427,-0.120605669,0.0307081571,1.2902486463,,,,0.0046908092,-0.005929479,0.0,0.133974531,0.006790904,0.127183627,0.0180398064,-0.007099635,0.0144103008,0.0,-0.017290337,-0.028898484,0.019253478,0.1745877789,0.5705731394,0.247219846,0.2098121086,0.1127348643,1.44,0.0145423439,0.0145423439,0.0,-0.019674936,-0.212962963,-0.036965273,-0.400114855,0.0710326439,0.7100085543,0.861395892,8.248,0.0630455868,0.6003330558,-0.21697765,0.115942029,,-0.004062413,0.0098293769,0.0060826915,,,,,,,,,,,,,,,0.2171802676,0.5445836033,0.1984409383,0.2359590125,1.6666666667,0.1120615911,0.2275449102,0.0036965721,1.2022022022,,0.8505175364,,0.8680951702,,-3.151717644,9.7306453309,7.2453236264,-66.19387029,,,0.1562865672,0.1300002336,0.0,-0.109040428,0.1339936605,0.0140361933,0.0170253827,0.0139062286,,0.0011696828,0.008447709,0.0182338174,0.0293199784,0.4272068433,18.53153094,1.2921570969,0.1734429093,0.1616931226,0.4445989778,0.8158999466,0.00016614,1987741.63151166,1.25215858,0.04359112,1.22400745,0.00023484,0.00039708,0.01953976,0.04955519,0.03069382,-0.83868234,2.65250293,0.04885296,-0.14781907,,,0.07451563,0.09718534,0.05012854,-0.09866536,0.03787271,0.06002854,1.75011813,0.95743621,0.29244826,1.2398125942,1.2147710314,389,,1.5290437558,,0.6767336319
20160729,20160731,274192.0,01W,JPN,-0.066426,2016,7,20160630,20160630,44.470605276,19.117275074,44.470605276,0.0083024617,0.0,0.0077286802,-0.306987748,0.3523602204,1.3160504688,1.8724163574,0.9831491796,-0.098520243,1.1199444096,-0.220931572,0.0773339942,-0.000981049,0.0445543118,0.0159145427,-0.120605669,0.0307081571,1.2902486463,,,,0.0046908092,-0.005929479,0.0,0.133974531,0.006790904,0.127183627,0.0180398064,-0.007099635,0.0144103008,0.0,-0.017290337,-0.028898484,0.019253478,0.1745877789,0.5705731394,0.247219846,0.2098121086,0.1127348643,1.44,0.0145423439,0.0145423439,0.0,-0.019674936,-0.212962963,-0.036965273,-0.400114855,0.0710326439,0.7100085543,0.861395892,8.248,0.0630455868,0.6003330558,-0.21697765,0.115942029,,-0.004062413,0.0098293769,0.0060826915,,,,,,,,,,,,,,,0.2171802676,0.5445836033,0.1984409383,0.2359590125,1.6666666667,0.1120615911,0.2275449102,0.0036965721,1.2022022022,,0.8505175364,,0.8680951702,,-3.151717644,9.7306453309,7.2453236264,-66.19387029,,,0.2255177549,0.1875872083,0.0,-0.157342713,0.1933496271,0.0202538892,0.0245672174,0.0200663532,,0.0016878241,0.0121898407,0.0278191404,0.0447331777,0.2496155394,18.176351777,1.4217335065,0.1482504326,0.5228612094,0.4582535743,0.8090782602,0.00016402,2520743.56470869,0.97868663,0.05345064,0.99923413,0.0001831,0.00034606,0.01947806,0.03944346,-1.35483865,0.55489534,2.66704054,0.02643876,0.42522885,,,0.05972154,0.08728723,0.05626613,-0.21635755,0.02469819,0.05748944,1.61538916,0.63901331,0.30198978,1.1979637926,1.0021950008,390,,1.5280040317,,0.6810069444
20160831,20160831,274192.0,01W,JPN,-0.018704,2016,8,20160729,20160731,41.516604663,17.847392599,41.516604663,0.0088932007,0.0,0.0077286802,-0.066425914,-0.13380611,0.0227085754,0.6151281353,0.7640898143,0.099086215,0.6429138372,-0.164790317,0.0862762126,-0.160279282,0.0538948894,0.2825732406,0.1851332503,0.8674905388,0.9208474113,,,,0.0030708669,0.0401357413,0.0711743772,0.0244749895,0.0380028311,-0.013527842,0.0533689742,0.003205202,0.0501637723,0.0,0.1113101185,0.0081614698,0.1795524709,0.2087336245,0.5487544484,0.2512455516,,0.14,1.0622222222,0.0370106762,0.0370106762,0.0,-0.017081851,-0.149068323,0.094228268,0.8223025871,0.1214108477,0.6284697509,0.9158336808,5.0888888889,0.0585152838,0.6619217082,0.1091631702,0.0662251656,,0.0469882643,0.0410637127,0.0295151541,0.9248377317,,,,,,,-1.51198613,-0.015725975,0.0083035832,-0.009383972,,,,0.3003320969,0.7038177712,,0.3222408213,1.4906832298,0.1316725979,0.2341637011,0.0196110068,1.2217391304,,0.7955786477,,1.0895026069,6.0,-3.735536769,15.508701174,13.777205592,-65.21917326,,,0.3011844678,0.2465210946,0.0,-0.199360537,0.2454492638,0.0345129532,0.0396577413,0.0306543622,,-0.004930422,0.0143625333,0.0602423317,0.0701488485,0.3910255587,17.67147391,1.3338801043,0.0740877109,-0.212182104,0.4534864109,0.8564092359,0.00066942,1872241.22889843,0.83177857,0.03760765,0.75862267,0.00029885,0.00037353,0.0137353,0.03018476,0.28272124,0.29634818,2.49692952,0.03073228,0.24606358,,,0.05530661,0.09964493,0.04073349,1.31302672,0.02580616,0.05393405,1.74864041,0.59656627,0.30422271,1.1472758653,0.9721190149,391,,1.5524571466,,0.9720668155
20160930,20160930,274192.0,01W,JPN,-0.018568,2016,9,20160831,20160831,40.740068202,17.513570717,40.740068202,0.0090627119,0.0,0.0077286802,-0.018704238,-0.353021721,0.0798790507,0.4232759359,0.9718503849,1.0652530586,0.7913009963,0.061052487,0.0790256013,-0.02503584,0.0431724584,0.2825732406,0.1851332503,0.8674905388,0.9208474113,,,,0.0030708669,0.0401357413,0.0711743772,0.0244749895,0.0380028311,-0.013527842,0.0533689742,0.003205202,0.0501637723,0.0,0.1113101185,0.0081614698,0.1795524709,0.2087336245,0.5487544484,0.2512455516,,0.14,1.0622222222,0.0370106762,0.0370106762,0.0,-0.017081851,-0.149068323,0.094228268,0.8223025871,0.1214108477,0.6284697509,0.9158336808,5.0888888889,0.0585152838,0.6619217082,0.1091631702,0.0662251656,,0.0469882643,0.0410637127,0.0295151541,0.9248377317,,,,,,,-1.51198613,-0.015725975,0.0083035832,-0.009383972,,,,0.3003320969,0.7038177712,,0.3222408213,1.4906832298,0.1316725979,0.2341637011,0.0196110068,1.2217391304,,0.7955786477,,1.0895026069,6.0,-3.735536769,15.508701174,13.777205592,-65.21917326,,,0.3069252711,0.2512199728,0.0,-0.2031605,0.2501277121,0.0351707962,0.0404136478,0.0312386575,,-0.005024399,0.0146362941,0.0616833551,0.0718268401,0.4622680473,17.639797615,1.1791092383,0.0970064884,-0.159277525,0.4558444526,0.858219418,0.00133897,1735452.38027098,0.925204,0.03403353,0.86487215,0.00033393,0.00034955,0.00965369,0.02065825,0.70857572,-0.26873365,0.94264509,0.01740502,0.50699722,,,0.03000141,0.04904305,0.02329251,0.12059562,0.02626819,0.05300053,1.90437388,0.58540795,0.28928653,1.1170266037,0.535985281,392,,1.555299729,,0.9929995291
20161031,20161031,274192.0,01W,JPN,-0.022567,2016,10,20160930,20160930,39.983611637,17.188380894,39.983611637,0.0092341708,0.0,0.0077286802,-0.018567877,-0.083887706,-0.141417541,0.4704072747,0.8236312052,0.7209251275,1.6128252081,0.2324840889,0.0562026953,0.2827049589,0.0227782041,0.2825732406,0.1851332503,0.8674905388,0.9208474113,,,,0.0030708669,0.0401357413,0.0711743772,0.0244749895,0.0380028311,-0.013527842,0.0533689742,0.003205202,0.0501637723,0.0,0.1113101185,0.0081614698,0.1795524709,0.2087336245,0.5487544484,0.2512455516,,0.14,1.0622222222,0.0370106762,0.0370106762,0.0,-0.017081851,-0.149068323,0.094228268,0.8223025871,0.1214108477,0.6284697509,0.9158336808,5.0888888889,0.0585152838,0.6619217082,0.1091631702,0.0662251656,,0.0469882643,0.0410637127,0.0295151541,0.9248377317,,,,,,,-1.51198613,-0.015725975,0.0083035832,-0.009383972,,,,0.3003320969,0.7038177712,,0.3222408213,1.4906832298,0.1316725979,0.2341637011,0.0196110068,1.2217391304,,0.7955786477,,1.0895026069,6.0,-3.735536769,15.508701174,13.777205592,-65.21917326,,,0.3127320411,0.2559728451,0.0,-0.207004127,0.2548599196,0.0358361983,0.0411782403,0.0318296668,,-0.005119457,0.0149132005,0.0631549864,0.0735404731,0.4375976518,17.607757332,1.0975161228,0.1763393701,-0.191486017,0.4570809756,0.8533223116,0.00130966,1648511.82307562,1.00945413,0.0319814,0.95494189,0.00034781,0.00034059,0.00223853,0.01392192,0.66151101,0.03060054,1.24292484,0.01135342,0.5849142,,,0.01953897,0.02606191,0.01697611,-0.18575149,0.03012895,0.05082804,2.24471867,0.57453817,0.28567308,1.1292252452,0.3604790986,393,,1.5527021592,,1.0139802053
20161130,20161130,274192.0,01W,JPN,-0.100978,2016,11,20161031,20161031,39.081284162,16.800483261,39.081284162,0.0094473738,0.0,0.0077286802,-0.022567433,-0.036924817,-0.221203312,-0.08048064,0.4521649909,0.7233507692,1.2207667767,0.0594163326,0.0487496257,0.0099350459,0.0426303528,0.2825732406,0.1851332503,0.8674905388,0.9208474113,,,,0.0030708669,0.0401357413,0.0711743772,0.0244749895,0.0380028311,-0.013527842,0.0533689742,0.003205202,0.0501637723,0.0,0.1113101185,0.0081614698,0.1795524709,0.2087336245,0.5487544484,0.2512455516,,0.14,1.0622222222,0.0370106762,0.0370106762,0.0,-0.017081851,-0.149068323,0.094228268,0.8223025871,0.1214108477,0.6284697509,0.9158336808,5.0888888889,0.0585152838,0.6619217082,0.1091631702,0.0662251656,,0.0469882643,0.0410637127,0.0295151541,0.9248377317,,,,,,,-1.51198613,-0.015725975,0.0083035832,-0.009383972,,,,0.3003320969,0.7038177712,,0.3222408213,1.4906832298,0.1316725979,0.2341637011,0.0196110068,1.2217391304,,0.7955786477,,1.0895026069,6.0,-3.735536769,15.508701174,13.777205592,-65.21917326,,,0.3199525488,0.2618828691,0.0,-0.211783538,0.260744248,0.0366636017,0.0421289833,0.0325645655,,-0.005237657,0.0152575237,0.0650049258,0.0756946247,0.3599760521,17.567916404,1.1827761301,0.0571897159,-0.336187927,0.4705401098,0.8282039852,0.00116688,1485883.12512766,1.15056185,0.02909697,1.08293359,0.00038092,0.00035339,0.00366029,0.02241191,0.76603544,0.34004117,3.53462972,0.02252801,1.04714523,,,0.03110976,0.07274441,0.02439446,1.50390933,0.03174232,0.0429866,1.75024558,0.56157232,0.28448898,1.009195402,0.6514495795,394,,1.5620250898,,1.1004783912
20161230,20161231,274192.0,01W,JPN,-0.035149,2016,12,20161130,20161130,35.134918592,15.103997331,35.134918592,0.0105085059,0.0,0.0077286802,-0.100978401,-0.04071628,-0.390972788,0.0165344778,0.3397880618,0.7600507981,1.6775466891,-0.050157961,0.0441295857,0.0678281711,0.0414749016,0.2825732406,0.1851332503,0.8674905388,0.9208474113,,,,0.0030708669,0.0401357413,0.0711743772,0.0244749895,0.0380028311,-0.013527842,0.0533689742,0.003205202,0.0501637723,0.0,0.1113101185,0.0081614698,0.1795524709,0.2087336245,0.5487544484,0.2512455516,,0.14,1.0622222222,0.0370106762,0.0370106762,0.0,-0.017081851,-0.149068323,0.094228268,0.8223025871,0.1214108477,0.6284697509,0.9158336808,5.0888888889,0.0585152838,0.6619217082,0.1091631702,0.0662251656,,0.0469882643,0.0410637127,0.0295151541,0.9248377317,,,,,,,-1.51198613,-0.015725975,0.0083035832,-0.009383972,,,,0.3003320969,0.7038177712,,0.3222408213,1.4906832298,0.1316725979,0.2341637011,0.0196110068,1.2217391304,,0.7955786477,,1.0895026069,6.0,-3.735536769,15.508701174,13.777205592,-65.21917326,,,0.355889724,0.2912976388,0.0,-0.235571134,0.2900311274,0.0407816694,0.0468609245,0.0362222281,,-0.005825953,0.0169712537,0.0745563372,0.0868167126,0.3409274337,17.369624196,1.1669493979,0.0527187052,-0.84893313,0.4731221387,0.8099774179,0.00187784,1001646.52863427,1.32276124,0.02169709,1.26436032,0.00060936,0.00035315,0.00370863,0.01229017,-0.07414794,0.86605058,1.2044474,0.01272205,-0.00285373,,,0.01728212,0.03345038,0.01733544,0.41587812,0.03770989,0.04222667,1.64553165,0.50486564,0.27620498,0.9490280883,0.3656938564,395,,1.5622419247,,1.1297599433
20170131,20170131,274192.0,01W,JPN,0.196133,2017,1,20161230,20161231,33.899974992,14.573112799,33.899974992,0.0108913207,0.0,0.0077286802,-0.035148611,-0.12126701,-0.209929382,-0.259544077,0.2681039128,1.3160504688,1.0596523335,0.5694122349,-0.010830491,0.0921491626,0.0327877208,0.2825732406,0.1851332503,0.8674905388,0.9208474113,,,,0.0030708669,0.0401357413,0.0711743772,0.0244749895,0.0380028311,-0.013527842,0.0533689742,0.003205202,0.0501637723,0.0,0.1113101185,0.0081614698,0.1795524709,0.2087336245,0.5487544484,0.2512455516,,0.14,1.0622222222,0.0370106762,0.0370106762,0.0,-0.017081851,-0.149068323,0.094228268,0.8223025871,0.1214108477,0.6284697509,0.9158336808,5.0888888889,0.0585152838,0.6619217082,0.1091631702,0.0662251656,,0.0469882643,0.0410637127,0.0295151541,0.9248377317,,,,,,,-1.51198613,-0.015725975,0.0083035832,-0.009383972,,,,0.3003320969,0.7038177712,,0.3222408213,1.4906832298,0.1316725979,0.2341637011,0.0196110068,1.2217391304,,0.7955786477,,1.0895026069,6.0,-3.735536769,15.508701174,13.777205592,-65.21917326,,,0.3688544455,0.3019093326,0.0,-0.244152765,0.3005966834,0.0422673066,0.0485680231,0.0375417692,,-0.006038187,0.0175895002,0.0781496769,0.0910009571,0.3578633129,17.298088154,1.148067474,0.0650127634,-0.943539829,0.4791171042,0.8083442805,0.00180771,478019.96625828,0.91800374,0.01183269,0.84310794,0.0013033,0.00034315,0.00326509,0.00837189,0.11632739,-0.47709873,0.13611669,0.00815338,0.72125783,,,0.01134585,0.01437173,0.01141198,-0.89975002,0.0419149,0.04187516,1.6881188,0.48712032,0.27755551,0.9559401134,0.2413794356,396,,1.5648772163,,1.1341014965
20170228,20170228,274192.0,01W,JPN,0.14602,2017,2,20170131,20170131,40.548884771,17.431383703,40.548884771,0.0091054415,0.0,0.0077286802,0.1961331765,-0.132577761,-0.183459841,-0.339699763,-0.220388503,0.0227085754,2.3991901197,-0.115850777,0.0175316864,-0.102268054,0.0645180819,0.3988672286,0.1851332503,0.8674905388,0.8916701383,,,,0.0053074354,0.0305952401,0.0711743772,0.0315813822,0.0298203766,0.0017610056,0.1172811932,0.003205202,0.0501637723,0.0,0.1113101185,0.0081614698,0.2350685346,0.2087336245,0.5487544484,0.2512455516,,0.14,1.0622222222,0.0370106762,0.0370106762,0.0,-0.017081851,-0.149068323,0.094228268,0.8223025871,0.1214108477,0.6284697509,0.9158336808,5.0888888889,0.0585152838,0.5348346235,0.1091631702,0.0662251656,,0.0469882643,0.0410637127,0.0295151541,0.9248377317,,,,,,,-1.51198613,-0.015725975,0.0083035832,-0.009383972,,,,0.3003320969,0.7038177712,,0.3222408213,1.4906832298,0.1316725979,0.2341637011,0.0196110068,1.2052586938,,0.7955786477,,1.1077236798,6.0,-3.735536769,15.508701174,13.777205592,-65.21917326,,,0.3459802927,0.287058948,0.0,-0.204118379,0.2513070361,0.0353366225,0.0406041936,0.0313859442,,-0.005048089,0.0147053025,0.0620487738,0.07225235,0.2441202911,17.631812784,1.2481192426,-0.252857564,-0.823192729,0.5363144513,0.5450049745,0.00061478,451664.35213601,1.03354287,0.01163404,1.02437687,0.00130803,0.00052654,0.00622569,0.01628547,0.1457761,-0.1876645,1.78487983,0.0146498,0.27981521,,,0.03818614,0.06673058,0.02422557,0.30876771,0.04233622,0.03043868,1.68274157,0.58266077,0.2816864,0.7935758073,1.0778475465,397,,1.621272146,,1.3206918388
20170331,20170331,274192.0,01W,JPN,0.035305,2017,3,20170228,20170228,45.470991931,19.976712034,45.470991931,0.0081198031,-0.021494283,0.0294573293,0.146019867,0.1540907563,-0.004692762,-0.368102283,0.0547079066,0.0798790507,2.1617436977,0.2342212736,0.0095133767,0.3060071117,0.0258930791,0.3988672286,0.1851332503,0.8674905388,0.8916701383,,,,0.0053074354,0.0305952401,0.0711743772,0.0315813822,0.0298203766,0.0017610056,0.1172811932,0.003205202,0.0501637723,0.0,0.1113101185,0.0081614698,0.2350685346,0.2087336245,0.5487544484,0.2512455516,,0.14,1.0622222222,0.0370106762,0.0370106762,0.0,-0.017081851,-0.149068323,0.094228268,0.8223025871,0.1214108477,0.6284697509,0.9158336808,5.0888888889,0.0585152838,0.5348346235,0.1091631702,0.0662251656,,0.0469882643,0.0410637127,0.0295151541,0.9248377317,,,,,,,-1.51198613,-0.015725975,0.0083035832,-0.009383972,,,,0.3003320969,0.7038177712,,0.3222408213,1.4906832298,0.1316725979,0.2341637011,0.0196110068,1.2052586938,,0.7955786477,,1.1077236798,6.0,-3.735536769,15.508701174,13.777205592,-65.21917326,,,0.3085288978,0.2559856231,0.0,-0.182023137,0.2241037553,0.0315115324,0.0362089037,0.0279885039,,-0.004501647,0.0131134949,0.0538375324,0.0626908155,0.2747730376,17.815997605,1.3068903912,-0.104378871,-0.340695155,0.6960127122,0.6104324263,0.00026916,701731.82161076,1.6048021,0.016528,1.45722898,0.00084612,0.00049218,0.00545033,0.04639677,2.32873416,-0.30101098,-2.03422787,0.04800689,2.20600084,,,0.07080992,0.16780503,0.04655773,2.40514092,0.0385341,0.03224542,1.79819905,0.66774082,0.2801655,0.9098416006,1.996234558,398,,1.6179373044,,1.2575197329
20170428,20170430,274192.0,01W,JPN,-0.106177,2017,4,20170331,20170331,46.560377643,10.227655224,46.560377643,0.0110058853,-0.021494283,0.0327492573,0.035304866,0.3707923839,0.1622218612,0.0449560388,-0.0206649,-0.141417541,3.075544696,0.0819773867,0.0052704203,-0.031396808,0.0628555207,0.3988672286,0.1851332503,0.8674905388,0.8916701383,,,,0.0053074354,0.0305952401,0.0711743772,0.0315813822,0.0298203766,0.0017610056,0.1172811932,0.003205202,0.0501637723,0.0,0.1113101185,0.0081614698,0.2350685346,0.2087336245,0.5487544484,0.2512455516,,0.14,1.0622222222,0.0370106762,0.0370106762,0.0,-0.017081851,-0.149068323,0.094228268,0.8223025871,0.1214108477,0.6284697509,0.9158336808,5.0888888889,0.0585152838,0.5348346235,0.1091631702,0.0662251656,,0.0469882643,0.0410637127,0.0295151541,0.9248377317,,,,,,,-1.51198613,-0.015725975,0.0083035832,-0.009383972,,,,0.3003320969,0.7038177712,,0.3222408213,1.4906832298,0.1316725979,0.2341637011,0.0196110068,1.2052586938,,0.7955786477,,1.1077236798,6.0,-3.735536769,15.508701174,13.777205592,-65.21917326,,,0.3013101639,0.2499962585,0.0,-0.177764293,0.2188603393,0.0307742486,0.0353617142,0.0273336494,,-0.004396321,0.0128066749,0.0523055492,0.0609069062,0.2260866906,17.851499118,1.3224718518,-0.138839165,0.0817220081,0.7116963192,0.5949421705,0.00126264,716078.11669143,1.54621028,0.01666393,1.42000518,0.00084718,0.00051887,0.00817808,0.01691977,-0.085549,0.34872729,0.23533704,0.01685086,0.25856282,,,0.0283553,0.04664276,0.01947266,0.56112948,0.03779031,0.03111918,1.8129094,0.68373843,0.27973861,0.9245580055,0.8084005843,399,,1.6179373044,,1.2520076996
20170531,20170531,274192.0,01W,JPN,0.102036,2017,5,20170428,20170430,41.616720902,9.1417100655,41.616720902,0.0123132761,-0.021494283,0.0327492573,-0.106177333,0.1864799448,0.2310352538,0.1588240165,-0.06290981,-0.221203312,3.3715404041,0.2498969359,-0.027099968,-0.143184846,0.0746830781,0.3988672286,0.1851332503,0.8674905388,0.8916701383,,,,0.0053074354,0.0305952401,0.0711743772,0.0315813822,0.0298203766,0.0017610056,0.1172811932,0.003205202,0.0501637723,0.0,0.1113101185,0.0081614698,0.2350685346,0.2087336245,0.5487544484,0.2512455516,,0.14,1.0622222222,0.0370106762,0.0370106762,0.0,-0.017081851,-0.149068323,0.094228268,0.8223025871,0.1214108477,0.6284697509,0.9158336808,5.0888888889,0.0585152838,0.5348346235,0.1091631702,0.0662251656,,0.0469882643,0.0410637127,0.0295151541,0.9248377317,,,,,,,-1.51198613,-0.015725975,0.0083035832,-0.009383972,,,,0.3003320969,0.7038177712,,0.3222408213,1.4906832298,0.1316725979,0.2341637011,0.0196110068,1.2052586938,,0.7955786477,,1.1077236798,6.0,-3.735536769,15.508701174,13.777205592,-65.21917326,,,0.3371028451,0.2796933528,0.0,-0.198880941,0.244858793,0.0344299264,0.0395623377,0.0305806178,,-0.004918561,0.0143279818,0.0600614305,0.0699381991,0.2095018448,17.675471801,1.3250722025,-0.169010954,0.2175746155,0.7026717449,0.5839717256,0.00158237,702173.40072777,1.54911516,0.01628824,1.41961856,0.00088772,0.00056998,0.01505594,0.03065214,-0.03940463,-0.2012186,1.25517024,0.02161434,-0.03395337,,,0.03476947,0.06952443,0.03410954,0.03912714,0.04237958,0.02995223,1.68068175,0.61114091,0.28077909,0.9692696662,1.0374851843,400,,1.6131926321,,1.2656446102
20170630,20170630,274192.0,01W,JPN,0.025782,2017,6,20170531,20170531,45.863134907,10.07449585,45.863134907,0.0111732043,-0.021494283,0.0327492573,0.1020362468,-0.074621044,0.2239163263,0.0555259819,-0.329870785,-0.390972788,7.2131839708,-0.306987748,0.0100840317,0.1936378089,0.05734984,0.3988672286,0.1851332503,0.8674905388,0.8916701383,,,,0.0053074354,0.0305952401,0.0711743772,0.0315813822,0.0298203766,0.0017610056,0.1172811932,0.003205202,0.0501637723,0.0,0.1113101185,0.0081614698,0.2350685346,0.2087336245,0.5487544484,0.2512455516,,0.14,1.0622222222,0.0370106762,0.0370106762,0.0,-0.017081851,-0.149068323,0.094228268,0.8223025871,0.1214108477,0.6284697509,0.9158336808,5.0888888889,0.0585152838,0.5348346235,0.1091631702,0.0662251656,,0.0469882643,0.0410637127,0.0295151541,0.9248377317,,,,,,,-1.51198613,-0.015725975,0.0083035832,-0.009383972,,,,0.3003320969,0.7038177712,,0.3222408213,1.4906832298,0.1316725979,0.2341637011,0.0196110068,1.2052586938,,0.7955786477,,1.1077236798,6.0,-3.735536769,15.508701174,13.777205592,-65.21917326,,,0.3058908871,0.2537968725,0.0,-0.180466787,0.2221876038,0.0312420998,0.0358993072,0.0277491942,,-0.004463157,0.0130013707,0.053275839,0.0620367548,0.1686881386,17.828971261,1.0052928468,-0.431719075,0.064091931,0.7027618728,0.5393574926,0.00118609,729845.3731849,1.49479923,0.01670742,1.39185519,0.00081183,0.00072139,0.00877835,0.02658804,-1.17068374,0.17114197,-0.52817152,0.02660047,-1.00824189,,,0.03571642,0.04535538,0.02741371,-0.94378789,0.04208423,0.02745775,1.43806965,0.67349944,0.27294843,0.886633192,1.1404539232,401,,1.6131926321,,1.3327610871
20170731,20170731,274192.0,01W,JPN,0.005493,2017,7,20170630,20170630,47.045560733,10.334232654,47.045560733,0.0108923811,-0.021494283,0.0327492573,0.025781618,-0.014975023,0.3979356516,0.1852351924,0.0656473717,-0.209929382,4.2733184978,-0.066425914,0.0184665346,-0.057532928,0.0714027917,0.3988672286,0.1851332503,0.8674905388,0.8916701383,,,,0.0053074354,0.0305952401,0.0711743772,0.0315813822,0.0298203766,0.0017610056,0.1172811932,0.003205202,0.0501637723,0.0,0.1113101185,0.0081614698,0.2350685346,0.2087336245,0.5487544484,0.2512455516,,0.14,1.0622222222,0.0370106762,0.0370106762,0.0,-0.017081851,-0.149068323,0.094228268,0.8223025871,0.1214108477,0.6284697509,0.9158336808,5.0888888889,0.0585152838,0.5348346235,0.1091631702,0.0662251656,,0.0469882643,0.0410637127,0.0295151541,0.9248377317,,,,,,,-1.51198613,-0.015725975,0.0083035832,-0.009383972,,,,0.3003320969,0.7038177712,,0.3222408213,1.4906832298,0.1316725979,0.2341637011,0.0196110068,1.2052586938,,0.7955786477,,1.1077236798,6.0,-3.735536769,15.508701174,13.777205592,-65.21917326,,,0.298202738,0.2474180352,0.0,-0.175931002,0.2166032223,0.0304568723,0.0349970272,0.0270517561,,-0.004350982,0.012674599,0.0516509565,0.0601446693,0.2406821517,17.866781344,1.012017926,-0.316306592,0.1829965038,0.695307543,0.637306987,0.00061699,842194.9360229,1.32685043,0.01862763,1.27877198,0.00070348,0.00096871,0.00828398,0.02791031,0.46266419,-0.96991731,2.6315261,0.02443485,0.44155153,,,0.04645565,0.05295156,0.02852454,0.56761265,0.04085434,0.02539497,1.19828338,0.9027119,0.27482587,0.8634440152,1.685922269,402,,1.6111593028,,1.4267692167
20170831,20170831,274192.0,01W,JPN,0.01503,2017,8,20170731,20170731,47.303998247,10.391002163,47.303998247,0.0108328724,-0.021494283,0.0327492573,0.0054933454,0.1304485244,0.1988436763,0.2438632744,0.1708995589,-0.183459841,4.0188571438,-0.018704238,0.020666315,-0.142982581,0.0780951877,0.0798248762,0.1709525772,0.5121135724,0.008075715,,0.2203661463,1.9105732589,4.79064e-05,0.0018186139,0.0005322937,0.0369662778,0.0218648657,0.0151014122,0.0647401811,0.0120240081,0.052716173,0.0,0.0023509076,0.0024085446,0.0400084208,0.2165413534,0.5926910299,0.2950166113,0.2756036636,0.1465445462,0.8780487805,,,0.0,-0.041860465,-0.357954545,-0.039509558,-0.337851614,0.1678930372,0.6637873754,0.9176386483,4.0548780488,0.037593985,0.5833887043,0.0036736376,0.1538461538,,0.0732311155,0.0431884332,0.0343328269,1.8238577901,,,,,,,-0.055728558,-0.231549237,0.0180630374,0.0741339786,,,0.7803088797,0.2733643042,0.640002518,0.2901504884,0.3185662758,1.4659090909,0.1588039867,0.2531561462,0.0271313888,1.253122398,,0.7552677741,,0.8660123758,4.0,-3.682202589,13.328006551,13.787286919,-35.0412841,,,0.2854367437,0.227780418,0.0,-0.166520572,0.2522464246,0.033379978,0.0453284928,0.033379978,,,0.0094829483,0.0746366842,0.0753193368,0.2473106425,17.896350577,0.985337876,-0.234370833,-0.155866722,0.6809460231,0.7076480183,0.00150442,786639.25257746,1.38970767,0.0168175,1.35619098,0.00080264,0.00104406,0.00691177,0.01618728,1.41759856,-0.09525493,-0.28986973,0.01671673,2.10007622,,,0.02108042,0.05060758,0.01627377,1.47664917,0.03942912,0.02402314,1.24249887,0.90767081,0.27164591,0.8237153951,0.8267428582,403,,1.6302931818,,1.4297531813
20170929,20170930,274192.0,01W,JPN,0.004822,2017,9,20170831,20170831,48.014977511,10.547178963,48.014977511,0.0106724652,-0.021494283,0.0327492573,0.0150300036,0.0314165907,0.051839827,0.3911748571,0.199772546,-0.004692762,4.0782000165,-0.018567877,0.0237206677,0.0583681616,0.0600511937,0.0798248762,0.1709525772,0.5121135724,0.008075715,,0.2203661463,1.9105732589,4.79064e-05,0.0018186139,0.0005322937,0.0369662778,0.0218648657,0.0151014122,0.0647401811,0.0120240081,0.052716173,0.0,0.0023509076,0.0024085446,0.0400084208,0.2165413534,0.5926910299,0.2950166113,0.2756036636,0.1465445462,0.8780487805,,,0.0,-0.041860465,-0.357954545,-0.039509558,-0.337851614,0.1678930372,0.6637873754,0.9176386483,4.0548780488,0.037593985,0.5833887043,0.0036736376,0.1538461538,,0.0732311155,0.0431884332,0.0343328269,1.8238577901,,,,,,,-0.055728558,-0.231549237,0.0180630374,0.0741339786,,,0.7803088797,0.2733643042,0.640002518,0.2901504884,0.3185662758,1.4659090909,0.1588039867,0.2531561462,0.0271313888,1.253122398,,0.7552677741,,0.8660123758,4.0,-3.682202589,13.328006551,13.787286919,-35.0412841,,,0.281210154,0.2244075714,0.0,-0.164054827,0.2485112989,0.0328857057,0.0446572936,0.0328857057,,,0.00934253,0.0733146132,0.0739851737,0.2517758352,17.917628624,0.9727989136,-0.410444312,-0.670476648,0.6785393289,0.6841556347,0.00172413,534191.89494639,0.89000792,0.0116722,0.86697356,0.00126139,0.0010641,0.00548524,0.01807777,0.09256544,-0.0740852,3.61988074,0.01620216,-0.13115271,,,0.02959823,0.04757003,0.0206836,0.37813287,0.04530058,0.02387263,1.22668034,0.9213131,0.27241248,0.849601511,1.1698950229,404,,1.63122063,,1.4149353884
20171031,20171031,274192.0,01W,JPN,0.037809,2017,10,20170929,20170930,48.246501608,10.598036554,48.246501608,0.0106212504,-0.021494283,0.0327492573,0.0048219141,0.020605914,0.0312411527,0.4635250951,0.2408449885,0.1622218612,4.3283541251,-0.022567433,0.0262106084,0.228308682,0.0456492374,0.0798248762,0.1709525772,0.5121135724,0.008075715,,0.2203661463,1.9105732589,4.79064e-05,0.0018186139,0.0005322937,0.0369662778,0.0218648657,0.0151014122,0.0647401811,0.0120240081,0.052716173,0.0,0.0023509076,0.0024085446,0.0400084208,0.2165413534,0.5926910299,0.2950166113,0.2756036636,0.1465445462,0.8780487805,,,0.0,-0.041860465,-0.357954545,-0.039509558,-0.337851614,0.1678930372,0.6637873754,0.9176386483,4.0548780488,0.037593985,0.5833887043,0.0036736376,0.1538461538,,0.0732311155,0.0431884332,0.0343328269,1.8238577901,,,,,,,-0.055728558,-0.231549237,0.0180630374,0.0741339786,,,0.7803088797,0.2733643042,0.640002518,0.2901504884,0.3185662758,1.4659090909,0.1588039867,0.2531561462,0.0271313888,1.253122398,,0.7552677741,,0.8660123758,4.0,-3.682202589,13.328006551,13.787286919,-35.0412841,,,0.2798606898,0.22333069,0.0,-0.163267565,0.2473187491,0.0327278946,0.0444429933,0.0327278946,,,0.0092976973,0.0728941439,0.0735608587,0.2562833793,17.924422272,0.9946787919,-0.343086368,-0.973352642,0.6787229378,0.7235974708,0.0015266,523447.06329433,0.95522153,0.01137649,0.93146791,0.00130199,0.00108435,0.00885582,0.01711422,0.16632452,0.50129905,3.3016698,0.01795184,0.28236925,,,0.03154299,0.06847111,0.02287573,1.4299212,0.04663984,0.0241637,1.30542218,0.9257556,0.27718155,0.9422646685,1.2296296746,405,,1.6289169304,,1.3728450214
20171130,20171130,274192.0,01W,JPN,0.022029,2017,11,20171031,20171031,50.070668588,10.998741013,50.070668588,0.0102342986,-0.021494283,0.0327492573,0.0378093109,0.0199243911,0.1593056964,0.2294467842,0.2756156061,0.2310352538,2.9390425893,-0.100978401,0.038827673,0.0551182075,0.0535587522,0.0798248762,0.1709525772,0.5121135724,0.008075715,,0.2203661463,1.9105732589,4.79064e-05,0.0018186139,0.0005322937,0.0369662778,0.0218648657,0.0151014122,0.0647401811,0.0120240081,0.052716173,0.0,0.0023509076,0.0024085446,0.0400084208,0.2165413534,0.5926910299,0.2950166113,0.2756036636,0.1465445462,0.8780487805,,,0.0,-0.041860465,-0.357954545,-0.039509558,-0.337851614,0.1678930372,0.6637873754,0.9176386483,4.0548780488,0.037593985,0.5833887043,0.0036736376,0.1538461538,,0.0732311155,0.0431884332,0.0343328269,1.8238577901,,,,,,,-0.055728558,-0.231549237,0.0180630374,0.0741339786,,,0.7803088797,0.2733643042,0.640002518,0.2901504884,0.3185662758,1.4659090909,0.1588039867,0.2531561462,0.0271313888,1.253122398,,0.7552677741,,0.8660123758,4.0,-3.682202589,13.328006551,13.787286919,-35.0412841,,,0.2696648478,0.2151943403,0.0,-0.157319426,0.2383084701,0.0315355569,0.0428238529,0.0315355569,,,0.008958965,0.0697426908,0.0703805812,0.2618758219,17.975751506,1.1152715742,-0.298239829,-1.005105742,0.6706657155,0.73429345,0.00122318,548261.56429786,1.00746347,0.01167226,0.99092588,0.00125294,0.00108603,0.00299505,0.02254639,1.01180065,-0.00977807,0.50268111,0.02303606,1.43875999,,,0.03097443,0.06684875,0.02258572,0.88525735,0.04147705,0.02418024,1.33253878,0.96075778,0.28392176,0.9598466689,1.2144199162,406,,1.6319937451,,1.3565576258
20171229,20171231,274192.0,01W,JPN,0.261311,2017,12,20171130,20171130,51.173666561,11.241030349,51.173666561,0.0100137084,-0.021494283,0.0327492573,0.0220288245,0.0428135383,0.0917410833,0.113358814,0.472540542,0.2239163263,2.1415969028,-0.035148611,0.0440256218,-0.003409827,0.0536930576,0.0798248762,0.1709525772,0.5121135724,0.008075715,,0.2203661463,1.9105732589,4.79064e-05,0.0018186139,0.0005322937,0.0369662778,0.0218648657,0.0151014122,0.0647401811,0.0120240081,0.052716173,0.0,0.0023509076,0.0024085446,0.0400084208,0.2165413534,0.5926910299,0.2950166113,0.2756036636,0.1465445462,0.8780487805,,,0.0,-0.041860465,-0.357954545,-0.039509558,-0.337851614,0.1678930372,0.6637873754,0.9176386483,4.0548780488,0.037593985,0.5833887043,0.0036736376,0.1538461538,,0.0732311155,0.0431884332,0.0343328269,1.8238577901,,,,,,,-0.055728558,-0.231549237,0.0180630374,0.0741339786,,,0.7803088797,0.2733643042,0.640002518,0.2901504884,0.3185662758,1.4659090909,0.1588039867,0.2531561462,0.0271313888,1.253122398,,0.7552677741,,0.8660123758,4.0,-3.682202589,13.328006551,13.787286919,-35.0412841,,,0.2638524876,0.2105560383,0.0,-0.153928561,0.2331719658,0.0308558391,0.0419008269,0.0308558391,,,0.0087658634,0.0679659673,0.0685876072,0.2895051632,18.005012845,1.0928313362,-0.189245523,-0.76024717,0.6681684915,0.7645470588,0.001103,577049.85584516,0.9889542,0.01194746,0.97652009,0.00123116,0.00103272,0.00918454,0.02357419,0.60146032,-0.4453171,2.0213961,0.02025248,1.78828921,,,0.03251051,0.05309529,0.02547173,0.16228912,0.03823395,0.02478275,1.87178876,0.96179671,0.29076172,1.1120539212,1.2526186216,407,,1.6298126642,,1.3043388228
20180131,20180131,274192.0,01W,JPN,0.105928,2018,1,20171229,20171231,64.545921909,14.178438166,64.545921909,0.0079391255,-0.021494283,0.0327492573,0.2613112612,0.0606710301,0.087746979,0.0990818621,0.5598038175,0.3979356516,2.0115650496,0.1961331765,0.0499509022,0.2467659181,0.0300029928,0.0798248762,0.1709525772,0.5121135724,0.008075715,,0.2203661463,1.9105732589,4.79064e-05,0.0018186139,0.0005322937,0.0369662778,0.0218648657,0.0151014122,0.0647401811,0.0120240081,0.052716173,0.0,0.0023509076,0.0024085446,0.0400084208,0.2165413534,0.5926910299,0.2950166113,0.2756036636,0.1465445462,0.8780487805,,,0.0,-0.041860465,-0.357954545,-0.039509558,-0.337851614,0.1678930372,0.6637873754,0.9176386483,4.0548780488,0.037593985,0.5833887043,0.0036736376,0.1538461538,,0.0732311155,0.0431884332,0.0343328269,1.8238577901,,,,,,,-0.055728558,-0.231549237,0.0180630374,0.0741339786,,,0.7803088797,0.2733643042,0.640002518,0.2901504884,0.3185662758,1.4659090909,0.1588039867,0.2531561462,0.0271313888,1.253122398,,0.7552677741,,0.8660123758,4.0,-3.682202589,13.328006551,13.787286919,-35.0412841,,,0.2091890366,0.1669342412,0.0,-0.122038521,0.18486473,0.0244633026,0.033220053,0.0244633026,,,0.0069498019,0.0519279051,0.0524028554,0.2993898288,18.280206695,1.1241221546,-0.197997852,-0.643788189,0.6660408244,0.77541858,0.00066435,596270.73655647,1.03733111,0.0116927,0.95817626,0.00125689,0.00094845,0.00785734,0.02212713,0.95597827,0.36800884,2.25363363,0.02274417,1.02957829,,,0.05087746,0.07203333,0.02581011,1.28802326,0.03708733,0.02564996,2.02812052,0.98572995,0.29943225,1.2345824589,1.8929067637,408,,1.6268061012,,1.2181936927
20180228,20180228,274192.0,01W,JPN,-0.079751,2018,2,20180131,20180131,71.383133387,15.680329801,71.383133387,0.0071787011,-0.021494283,0.0327492573,0.1059278615,0.2890964656,0.3644918887,0.5509612605,0.644798555,0.1988436763,2.5111899258,0.146019867,0.0463061744,-0.118867919,0.0671107008,-0.025474263,0.1709525772,0.5121135724,-0.493859257,,0.2203661463,1.9105732589,-0.005706053,0.0014316272,0.0005322937,-0.015498928,0.0115189406,-0.027017869,0.001979592,0.0120240081,0.052716173,0.0,0.0023509076,0.0024085446,-0.039170098,0.2165413534,0.5926910299,0.2950166113,0.2756036636,0.1465445462,0.8780487805,,,0.0,-0.041860465,-0.357954545,-0.039509558,-0.337851614,0.1678930372,0.6637873754,0.9176386483,4.0548780488,0.037593985,0.534762833,0.0036736376,0.1538461538,,0.0732311155,0.0431884332,0.0343328269,1.8238577901,,,,,,,-0.055728558,-0.231549237,0.0180630374,0.0741339786,,,0.7803088797,0.2733643042,0.640002518,0.2901504884,0.3185662758,1.4659090909,0.1588039867,0.2531561462,0.0271313888,1.2312,,0.7552677741,,0.7589142925,4.0,-3.682202589,13.328006551,13.787286919,-35.0412841,,,0.1915261072,0.1555605159,0.0,-0.110349441,0.1671580367,0.0221201612,0.0300381735,0.0221201612,,,0.0062841367,0.0463372236,0.0467610396,0.247959294,18.381077155,1.1496663406,-0.09931177,0.195407053,0.6941349076,0.8034205118,0.00055089,811794.19652827,1.10528632,0.01410334,0.95847184,0.00102349,0.00093547,0.00634136,0.0265042,-0.2303633,-0.42759597,0.85408449,0.02607374,0.01927669,,,0.03877391,0.07372467,0.02979058,-0.41443444,0.03429432,0.02613703,2.08742135,0.90741402,0.30451446,1.2499848695,1.4239899861,409,,1.6403778808,,1.2218848847
20180330,20180331,274192.0,01W,JPN,0.036737,2018,3,20180228,20180228,65.690266807,14.429809948,65.690266807,0.0078008235,0.0,0.0110206082,-0.079750864,0.3949192658,0.4866847198,0.5564381618,0.5872574297,0.051839827,3.1836042646,0.035304866,0.0358465626,0.3751900502,0.0263825965,-0.025474263,0.1709525772,0.5121135724,-0.493859257,,0.2203661463,1.9105732589,-0.005706053,0.0014316272,0.0005322937,-0.015498928,0.0115189406,-0.027017869,0.001979592,0.0120240081,0.052716173,0.0,0.0023509076,0.0024085446,-0.039170098,0.2165413534,0.5926910299,0.2950166113,0.2756036636,0.1465445462,0.8780487805,,,0.0,-0.041860465,-0.357954545,-0.039509558,-0.337851614,0.1678930372,0.6637873754,0.9176386483,4.0548780488,0.037593985,0.534762833,0.0036736376,0.1538461538,,0.0732311155,0.0431884332,0.0343328269,1.8238577901,,,,,,,-0.055728558,-0.231549237,0.0180630374,0.0741339786,,,0.7803088797,0.2733643042,0.640002518,0.2901504884,0.3185662758,1.4659090909,0.1588039867,0.2531561462,0.0271313888,1.2312,,0.7552677741,,0.7589142925,4.0,-3.682202589,13.328006551,13.787286919,-35.0412841,,,0.2081241914,0.1690417409,0.0,-0.119912572,0.1816443289,0.0240371443,0.0326413493,0.0240371443,,,0.0068287342,0.0509000523,0.0513656016,0.2224583025,18.298552489,1.2174094551,-0.081151645,0.5382767382,0.5261088299,0.788163318,0.00050577,1004952.59404265,0.99838014,0.01693264,0.90336666,0.00083103,0.00104311,0.00675149,0.03190333,-2.79078683,-0.27940636,2.37465583,0.03088432,-1.63890325,,,0.03635486,0.05365842,0.03664956,-0.94462316,0.02846851,0.02406975,1.93441377,0.83504697,0.31254181,1.1010806817,1.398861094,410,,1.641431271,,1.3154204224
20180427,20180430,274192.0,01W,JPN,-0.095749,2018,4,20180330,20180331,67.29914534,14.78322321,67.29914534,0.0114674826,0.0,0.0118813256,0.0367368067,0.0177291588,0.3615550272,0.3963116984,0.4108619846,0.0312411527,0.9039727178,-0.106177333,0.0488387571,-0.013081715,0.0335079106,-0.025474263,0.1709525772,0.5121135724,-0.493859257,,0.2203661463,1.9105732589,-0.005706053,0.0014316272,0.0005322937,-0.015498928,0.0115189406,-0.027017869,0.001979592,0.0120240081,0.052716173,0.0,0.0023509076,0.0024085446,-0.039170098,0.2165413534,0.5926910299,0.2950166113,0.2756036636,0.1465445462,0.8780487805,,,0.0,-0.041860465,-0.357954545,-0.039509558,-0.337851614,0.1678930372,0.6637873754,0.9176386483,4.0548780488,0.037593985,0.534762833,0.0036736376,0.1538461538,,0.0732311155,0.0431884332,0.0343328269,1.8238577901,,,,,,,-0.055728558,-0.231549237,0.0180630374,0.0741339786,,,0.7803088797,0.2733643042,0.640002518,0.2901504884,0.3185662758,1.4659090909,0.1588039867,0.2531561462,0.0271313888,1.2312,,0.7552677741,,0.7589142925,4.0,-3.682202589,13.328006551,13.787286919,-35.0412841,,,0.2031486966,0.1650005658,0.0,-0.117045897,0.1773018716,0.0234625033,0.031861013,0.0234625033,,,0.0066654839,0.0495219108,0.0499748552,0.217507434,18.323290347,0.3966185465,-0.269273593,0.1753628599,0.5340686819,0.7570399742,0.00118837,1064414.78337359,0.91475416,0.01729321,0.85824126,0.00080852,0.00103439,0.01013098,0.01832847,0.02701294,-0.5652117,0.64123246,0.01649935,0.82018782,,,0.03115822,0.05159301,0.02409464,-0.17969853,0.02475797,0.02418239,2.02833986,0.85549884,0.33058576,1.1169976831,1.1834807907,411,,1.6425691954,,1.2727930958
20180531,20180531,274192.0,01W,JPN,0.184343,2018,5,20180427,20180430,60.855324979,13.36774558,60.855324979,0.012681746,0.0,0.0118813256,-0.095748918,-0.04594385,0.3601479541,0.4396989677,0.6364460237,0.1593056964,0.8366775179,0.1020362468,0.0308582876,0.0029721903,0.0313041615,-0.025474263,0.1709525772,0.5121135724,-0.493859257,,0.2203661463,1.9105732589,-0.005706053,0.0014316272,0.0005322937,-0.015498928,0.0115189406,-0.027017869,0.001979592,0.0120240081,0.052716173,0.0,0.0023509076,0.0024085446,-0.039170098,0.2165413534,0.5926910299,0.2950166113,0.2756036636,0.1465445462,0.8780487805,,,0.0,-0.041860465,-0.357954545,-0.039509558,-0.337851614,0.1678930372,0.6637873754,0.9176386483,4.0548780488,0.037593985,0.534762833,0.0036736376,0.1538461538,,0.0732311155,0.0431884332,0.0343328269,1.8238577901,,,,,,,-0.055728558,-0.231549237,0.0180630374,0.0741339786,,,0.7803088797,0.2733643042,0.640002518,0.2901504884,0.3185662758,1.4659090909,0.1588039867,0.2531561462,0.0271313888,1.2312,,0.7552677741,,0.7589142925,4.0,-3.682202589,13.328006551,13.787286919,-35.0412841,,,0.2246596114,0.182472069,0.0,-0.129439599,0.1960759298,0.02594689,0.0352346972,0.02594689,,,0.0073712756,0.0555453333,0.0560533699,0.2419423781,18.216339384,0.5790255798,-0.116495263,0.1487690139,0.5487117326,0.8034432967,0.00193686,1054596.67068988,0.89970298,0.01669431,0.85335355,0.00086013,0.00105171,0.01106583,0.01812541,0.36862429,0.06808038,-2.47397579,0.01911512,0.34815092,,,0.01671425,0.04307557,0.01813018,0.3579882,0.02316699,0.02316137,1.96947573,0.77358575,0.34160459,1.1123710546,0.6669768461,412,,1.6426807859,,1.295482412
20180629,20180630,274192.0,01W,JPN,-0.138945,2018,6,20180531,20180531,72.073569093,15.831993914,72.073569093,0.0107078335,0.0,0.0118813256,0.1843428511,-0.062529621,0.2034056471,0.282572283,0.3427490172,0.0917410833,1.3457011881,0.025781618,0.0452729452,0.0970495413,0.028186787,-0.025474263,0.1709525772,0.5121135724,-0.493859257,,0.2203661463,1.9105732589,-0.005706053,0.0014316272,0.0005322937,-0.015498928,0.0115189406,-0.027017869,0.001979592,0.0120240081,0.052716173,0.0,0.0023509076,0.0024085446,-0.039170098,0.2165413534,0.5926910299,0.2950166113,0.2756036636,0.1465445462,0.8780487805,,,0.0,-0.041860465,-0.357954545,-0.039509558,-0.337851614,0.1678930372,0.6637873754,0.9176386483,4.0548780488,0.037593985,0.534762833,0.0036736376,0.1538461538,,0.0732311155,0.0431884332,0.0343328269,1.8238577901,,,,,,,-0.055728558,-0.231549237,0.0180630374,0.0741339786,,,0.7803088797,0.2733643042,0.640002518,0.2901504884,0.3185662758,1.4659090909,0.1588039867,0.2531561462,0.0271313888,1.2312,,0.7552677741,,0.7589142925,4.0,-3.682202589,13.328006551,13.787286919,-35.0412841,,,0.1896913644,0.154070309,0.0,-0.109292338,0.1655567301,0.021908259,0.0297504199,0.021908259,,,0.0062239372,0.0458388649,0.0462581228,0.220650401,18.390199385,0.3642366513,-0.285525193,-0.049001415,0.5511222967,0.7673600476,0.0007278,1142178.82187706,0.88359193,0.0174172,0.85333559,0.00080283,0.00101144,0.00948078,0.02967583,0.26340829,0.57461098,7.47897073,0.03003558,-0.20366472,,,0.0501778,0.08013832,0.03234796,0.56452566,0.02288616,0.02362938,1.83606172,0.91619075,0.34107193,1.1382102106,1.9600845909,413,,1.6460012702,,1.2687410823
20180731,20180731,274192.0,01W,JPN,-0.006918,2018,7,20180629,20180630,62.059292161,13.632214252,62.059292161,0.0124357167,0.0,0.0118813256,-0.138945206,0.0709433044,0.1299707844,0.51171595,0.5503058073,0.087746979,1.5408912435,0.0054933454,0.0321421677,-0.069366225,0.0451064034,-0.025474263,0.1709525772,0.5121135724,-0.493859257,,0.2203661463,1.9105732589,-0.005706053,0.0014316272,0.0005322937,-0.015498928,0.0115189406,-0.027017869,0.001979592,0.0120240081,0.052716173,0.0,0.0023509076,0.0024085446,-0.039170098,0.2165413534,0.5926910299,0.2950166113,0.2756036636,0.1465445462,0.8780487805,,,0.0,-0.041860465,-0.357954545,-0.039509558,-0.337851614,0.1678930372,0.6637873754,0.9176386483,4.0548780488,0.037593985,0.534762833,0.0036736376,0.1538461538,,0.0732311155,0.0431884332,0.0343328269,1.8238577901,,,,,,,-0.055728558,-0.231549237,0.0180630374,0.0741339786,,,0.7803088797,0.2733643042,0.640002518,0.2901504884,0.3185662758,1.4659090909,0.1588039867,0.2531561462,0.0271313888,1.2312,,0.7552677741,,0.7589142925,4.0,-3.682202589,13.328006551,13.787286919,-35.0412841,,,0.2203011537,0.1789320611,0.0,-0.126928435,0.1922720033,0.0254435132,0.0345511344,0.0254435132,,,0.0072282708,0.0543110764,0.0548078241,0.2153726823,18.238009371,0.4708591064,0.1093234577,0.0291369326,0.5585660021,0.814457204,0.00102164,1109636.2096567,0.85921451,0.01650042,0.83002657,0.00084968,0.00106524,0.00840946,0.01900594,-0.5734008,0.22048435,1.07878995,0.0173448,-0.05573268,,,0.01413829,0.02072251,0.02006573,-0.57746082,0.02251524,0.02292405,1.61996925,0.78889044,0.33416357,1.1058703872,0.564342861,414,,1.6430138935,,1.3076442081
20180831,20180831,274192.0,01W,JPN,-0.085688,2018,8,20180731,20180731,61.629993132,13.537912559,61.629993132,0.0125223408,0.0,0.0118813256,-0.006917562,0.0197840893,-0.120225835,0.2542480122,0.3276052527,0.3644918887,1.4970602279,0.0150300036,0.0301469344,-0.140115772,0.051137056,0.2908273914,0.2018396178,-0.75010995,1.4489224867,,0.6678347022,-0.294346037,0.0067124798,0.0526400867,0.0025499733,0.0011764458,0.0317108597,-0.030534414,0.0172771482,0.0045467316,0.0127304166,0.0,0.0551900599,0.0193534308,0.1883777449,0.2291529875,0.5359265262,0.3030794165,0.2659075687,0.158070998,0.925729443,,,0.0,-0.061048082,-0.478813559,-0.005858022,-0.045945759,0.1324998403,0.6083198271,0.9272552171,4.0397877984,0.0334865397,0.6061588331,0.0936740522,0.0942408377,,-0.022981887,0.0284648717,0.0093132228,-0.622137864,,,,,,0.086013166,-1.162292133,0.1932244836,-0.039686213,0.124770352,,,-0.724704244,0.312420676,0.6917886398,0.3469331131,0.3912232126,1.4830508475,0.1885467315,0.2420313344,0.0297427448,1.2397856664,,0.7476077796,,1.027222446,7.0,-4.110050575,15.035733511,21.83198838,-34.47787186,,,0.2828028497,0.2281062423,0.0,-0.171423445,0.2326897569,0.0360569814,0.053321553,0.0510297957,,,0.0077919748,0.0695162077,0.0732040702,0.2772233502,17.690436792,0.4770425,-0.079347271,-0.40188563,0.5683318826,0.8209087155,0.00124304,916013.32187689,0.82716291,0.0141571,0.81752199,0.00098023,0.00104767,0.00895707,0.01843087,-0.09280213,0.42395835,1.38786911,0.0134381,-0.47666445,,,0.02614072,0.04310601,0.01993517,0.12522354,0.02479854,0.02291916,1.4371208,0.78343324,0.33779324,1.0944257069,1.0356391366,415,,1.6766957994,,1.3258799819
20180928,20180930,274192.0,01W,JPN,0.062175,2018,9,20180831,20180831,56.349056151,12.377878954,56.349056151,0.0136959131,0.0,0.0118813256,-0.085687775,-0.144901607,-0.050595933,0.2187246028,0.2988990038,0.4866847198,2.0873127593,0.0048219141,0.0219187809,0.0698871631,0.0364563355,0.2908273914,0.2018396178,-0.75010995,1.4489224867,,0.6678347022,-0.294346037,0.0067124798,0.0526400867,0.0025499733,0.0011764458,0.0317108597,-0.030534414,0.0172771482,0.0045467316,0.0127304166,0.0,0.0551900599,0.0193534308,0.1883777449,0.2291529875,0.5359265262,0.3030794165,0.2659075687,0.158070998,0.925729443,,,0.0,-0.061048082,-0.478813559,-0.005858022,-0.045945759,0.1324998403,0.6083198271,0.9272552171,4.0397877984,0.0334865397,0.6061588331,0.0936740522,0.0942408377,,-0.022981887,0.0284648717,0.0093132228,-0.622137864,,,,,,0.086013166,-1.162292133,0.1932244836,-0.039686213,0.124770352,,,-0.724704244,0.312420676,0.6917886398,0.3469331131,0.3912232126,1.4830508475,0.1885467315,0.2420313344,0.0297427448,1.2397856664,,0.7476077796,,1.027222446,7.0,-4.110050575,15.035733511,21.83198838,-34.47787186,,,0.3093066481,0.2494839685,0.0,-0.187488957,0.2544970422,0.0394361799,0.0583187575,0.0558122207,,,0.0085222253,0.0775344863,0.0816477216,0.27333902,17.536467343,0.3966080348,-0.043171973,-0.23889364,0.5696060475,0.8265862884,0.00069795,809287.84355198,0.80395395,0.01269798,0.78684236,0.00106659,0.00097877,0.0065268,0.03257219,-0.56240438,-0.08903514,2.33258137,0.03054335,0.02202573,,,0.04040021,0.08578701,0.03374353,0.02357321,0.02658937,0.02432242,1.33460853,0.71630259,0.34683827,1.1537289467,1.5250182637,416,,1.6757131182,,1.2829296382
20181031,20181031,274192.0,01W,JPN,-0.1103,2018,10,20180928,20180930,58.932258962,13.147478797,58.932258962,0.0130955743,-0.015376505,0.0273772748,0.0621754217,-0.092012587,-0.162707701,-0.116558428,0.181900217,0.3615550272,1.4548585248,0.0378093109,0.0241338819,0.1421228697,0.0240059084,0.2908273914,0.2018396178,-0.75010995,1.4489224867,,0.6678347022,-0.294346037,0.0067124798,0.0526400867,0.0025499733,0.0011764458,0.0317108597,-0.030534414,0.0172771482,0.0045467316,0.0127304166,0.0,0.0551900599,0.0193534308,0.1883777449,0.2291529875,0.5359265262,0.3030794165,0.2659075687,0.158070998,0.925729443,,,0.0,-0.061048082,-0.478813559,-0.005858022,-0.045945759,0.1324998403,0.6083198271,0.9272552171,4.0397877984,0.0334865397,0.6061588331,0.0936740522,0.0942408377,,-0.022981887,0.0284648717,0.0093132228,-0.622137864,,,,,,0.086013166,-1.162292133,0.1932244836,-0.039686213,0.124770352,,,-0.724704244,0.312420676,0.6917886398,0.3469331131,0.3912232126,1.4830508475,0.1885467315,0.2420313344,0.0297427448,1.2397856664,,0.7476077796,,1.027222446,7.0,-4.110050575,15.035733511,21.83198838,-34.47787186,,,0.295748678,0.2385482314,0.0,-0.179270674,0.2433415649,0.037707557,0.0557624466,0.0533657798,,,0.008148667,0.0733935326,0.0772870887,0.2720975101,17.615230135,0.0830172827,-0.12460956,-0.439545941,0.7129419943,0.801054513,0.00136678,761772.57682523,0.85333611,0.01223074,0.81600909,0.00107707,0.00094702,0.00638922,0.01597613,-0.09016572,-0.12633155,0.94898588,0.01574162,0.25779611,,,0.02391587,0.03098355,0.01827632,-0.2350162,0.02757153,0.02419422,1.28735486,0.76083901,0.34430208,1.1049073897,0.9101650588,417,,1.675626137,,1.3097571437
20181130,20181130,274192.0,01W,JPN,0.057286,2018,11,20181031,20181031,52.432017087,11.697308827,52.432017087,0.0147190938,-0.015376505,0.0273772748,-0.110300233,-0.028840027,-0.016477482,-0.151508921,0.2096493528,0.3601479541,0.9627607608,0.0220288245,0.0121039676,-0.001932468,0.0311882894,0.2908273914,0.2018396178,-0.75010995,1.4489224867,,0.6678347022,-0.294346037,0.0067124798,0.0526400867,0.0025499733,0.0011764458,0.0317108597,-0.030534414,0.0172771482,0.0045467316,0.0127304166,0.0,0.0551900599,0.0193534308,0.1883777449,0.2291529875,0.5359265262,0.3030794165,0.2659075687,0.158070998,0.925729443,,,0.0,-0.061048082,-0.478813559,-0.005858022,-0.045945759,0.1324998403,0.6083198271,0.9272552171,4.0397877984,0.0334865397,0.6061588331,0.0936740522,0.0942408377,,-0.022981887,0.0284648717,0.0093132228,-0.622137864,,,,,,0.086013166,-1.162292133,0.1932244836,-0.039686213,0.124770352,,,-0.724704244,0.312420676,0.6917886398,0.3469331131,0.3912232126,1.4830508475,0.1885467315,0.2420313344,0.0297427448,1.2397856664,,0.7476077796,,1.027222446,7.0,-4.110050575,15.035733511,21.83198838,-34.47787186,,,0.332414022,0.268122169,0.0,-0.201495696,0.2735097545,0.0423823388,0.0626755774,0.0599817846,,,0.0091588953,0.0847885103,0.0892865745,0.2626965691,17.402228863,0.324402082,0.066762214,0.0201579977,0.7084274693,0.8174225655,0.00155829,760161.20190573,0.85866999,0.01243778,0.80828044,0.00105392,0.00096008,0.00929611,0.02549923,2.2407921,-0.14437139,2.75912833,0.02204687,1.53960066,,,0.03526862,0.11277346,0.03487237,1.52314409,0.0298826,0.02444233,1.44791602,0.67691829,0.35843714,1.0941140296,1.2851872953,418,,1.6786372045,,1.2826447651
20181228,20181231,274192.0,01W,JPN,-0.213163,2018,12,20181130,20181130,54.56992327,12.367401702,54.56992327,0.0141424384,-0.030753009,0.0431171329,0.0572860719,-0.054982774,-0.261160098,-0.179676149,0.0530277835,0.2034056471,0.7773265254,0.2613112612,-0.006443777,-0.013824795,0.0298459651,0.2908273914,0.2018396178,-0.75010995,1.4489224867,,0.6678347022,-0.294346037,0.0067124798,0.0526400867,0.0025499733,0.0011764458,0.0317108597,-0.030534414,0.0172771482,0.0045467316,0.0127304166,0.0,0.0551900599,0.0193534308,0.1883777449,0.2291529875,0.5359265262,0.3030794165,0.2659075687,0.158070998,0.925729443,,,0.0,-0.061048082,-0.478813559,-0.005858022,-0.045945759,0.1324998403,0.6083198271,0.9272552171,4.0397877984,0.0334865397,0.6061588331,0.0936740522,0.0942408377,,-0.022981887,0.0284648717,0.0093132228,-0.622137864,,,,,,0.086013166,-1.162292133,0.1932244836,-0.039686213,0.124770352,,,-0.724704244,0.312420676,0.6917886398,0.3469331131,0.3912232126,1.4830508475,0.1885467315,0.2420313344,0.0297427448,1.2397856664,,0.7476077796,,1.027222446,7.0,-4.110050575,15.035733511,21.83198838,-34.47787186,,,0.3193909142,0.2576178471,0.0,-0.193601624,0.2627943611,0.0407219102,0.0602201129,0.0576318559,,,0.0088000738,0.0806692175,0.0849487516,0.257320907,17.477884461,0.3219203464,-0.009030473,-0.480684221,0.7325583704,0.8054719597,0.00097589,687683.28184118,0.70207159,0.01193157,0.70659456,0.00111432,0.00094545,0.01212159,0.03928927,-0.57908555,0.0319537,4.43367942,0.03292368,-0.58044388,,,0.04473624,0.09309456,0.03982021,-0.56516606,0.03163991,0.02651566,1.2454664,0.71569628,0.35676255,1.1338957253,1.553393112,419,,1.677580446,,1.2481907922
20190131,20190131,274192.0,01W,JPN,0.06022,2019,1,20181228,20181231,42.937636039,9.7311295529,42.937636039,0.0179737835,-0.030753009,0.0431171329,-0.213162976,-0.059332828,-0.092781153,-0.163416426,-0.117306217,0.1299707844,1.2501607592,0.1059278615,-0.035452035,0.2893168697,0.0083113546,0.2908273914,0.2018396178,-0.75010995,1.4489224867,,0.6678347022,-0.294346037,0.0067124798,0.0526400867,0.0025499733,0.0011764458,0.0317108597,-0.030534414,0.0172771482,0.0045467316,0.0127304166,0.0,0.0551900599,0.0193534308,0.1883777449,0.2291529875,0.5359265262,0.3030794165,0.2659075687,0.158070998,0.925729443,,,0.0,-0.061048082,-0.478813559,-0.005858022,-0.045945759,0.1324998403,0.6083198271,0.9272552171,4.0397877984,0.0334865397,0.6061588331,0.0936740522,0.0942408377,,-0.022981887,0.0284648717,0.0093132228,-0.622137864,,,,,,0.086013166,-1.162292133,0.1932244836,-0.039686213,0.124770352,,,-0.724704244,0.312420676,0.6917886398,0.3469331131,0.3912232126,1.4830508475,0.1885467315,0.2420313344,0.0297427448,1.2397856664,,0.7476077796,,1.027222446,7.0,-4.110050575,15.035733511,21.83198838,-34.47787186,,,0.4059174955,0.3274094115,0.0,-0.246050475,0.3339883012,0.0517539324,0.076534417,0.0732449722,,,0.0111841125,0.1096555027,0.1154727707,0.2061719215,16.975222549,0.5849801226,-0.144704661,-0.109932452,0.734012963,0.7088338982,0.00134156,632503.94211916,0.73679902,0.01170587,0.74141285,0.00116742,0.00100345,0.00722201,0.01768215,0.38339731,0.0697764,1.82435747,0.01525178,0.49793374,,,0.03566593,0.05471673,0.0331245,0.69490681,0.0390851,0.02617252,1.39245941,0.56313633,0.3707598,1.0564937098,1.2146809165,420,,1.6798241526,,1.279679903
20190228,20190228,274192.0,01W,JPN,0.109519,2019,2,20190131,20190131,45.523347082,10.31713967,45.523347082,0.0169528786,-0.030753009,0.0431171329,0.0602201537,-0.168088173,-0.281194238,-0.272044078,-0.371987836,-0.120225835,0.9552593334,-0.079750864,-0.022727397,-0.072819097,0.0374418685,0.1202110151,0.2018396178,-0.75010995,2.0860588841,,0.6678347022,-0.294346037,0.0108900686,0.0686245061,0.0025499733,0.0525718124,0.0011337931,0.0514380193,0.0664835461,0.0045467316,0.0127304166,0.0,0.0551900599,0.0193534308,0.1029071701,0.2291529875,0.5359265262,0.3030794165,0.2659075687,0.158070998,0.925729443,,,0.0,-0.061048082,-0.478813559,-0.005858022,-0.045945759,0.1324998403,0.6083198271,0.9272552171,4.0397877984,0.0334865397,0.3970080552,0.0936740522,0.0942408377,,-0.022981887,0.0284648717,0.0093132228,-0.622137864,,,,,,0.086013166,-1.162292133,0.1932244836,-0.039686213,0.124770352,,,-0.724704244,0.312420676,0.6917886398,0.3469331131,0.3912232126,1.4830508475,0.1885467315,0.2420313344,0.0297427448,1.2077831828,,0.7476077796,,0.7818273656,7.0,-4.110050575,15.035733511,21.83198838,-34.47787186,,,0.3364257601,0.2785481408,0.0,-0.23207489,0.3150178763,0.0488143262,0.0721872875,0.069084682,,,0.0105488586,0.1015448208,0.106931814,0.1445418198,17.109162461,0.7181551142,0.1513908907,0.2675031145,0.756671682,0.6422756091,0.00278167,572827.01729478,0.83819978,0.01093701,0.81210483,0.00129415,0.00114823,0.00967268,0.01385569,0.03605233,-0.78988701,1.31689731,0.01380392,-0.27284557,,,0.02722798,0.04309641,0.02211548,-0.3215938,0.04658618,0.02547994,1.31802038,0.63697715,0.37375447,1.0484090257,0.9447619168,421,,1.6799691147,,1.2945580583
20190329,20190331,274192.0,01W,JPN,0.093339,2019,3,20190228,20190228,50.509009716,11.447060492,50.509009716,0.0152794874,-0.030753009,0.0431171329,0.1095188064,-0.165779529,-0.166485655,-0.348336051,-0.276466418,-0.050595933,1.4194769126,0.0367368067,-0.016110851,0.0652967399,0.0288987326,0.1202110151,0.2018396178,-0.75010995,2.0860588841,,0.6678347022,-0.294346037,0.0108900686,0.0686245061,0.0025499733,0.0525718124,0.0011337931,0.0514380193,0.0664835461,0.0045467316,0.0127304166,0.0,0.0551900599,0.0193534308,0.1029071701,0.2291529875,0.5359265262,0.3030794165,0.2659075687,0.158070998,0.925729443,,,0.0,-0.061048082,-0.478813559,-0.005858022,-0.045945759,0.1324998403,0.6083198271,0.9272552171,4.0397877984,0.0334865397,0.3970080552,0.0936740522,0.0942408377,,-0.022981887,0.0284648717,0.0093132228,-0.622137864,,,,,,0.086013166,-1.162292133,0.1932244836,-0.039686213,0.124770352,,,-0.724704244,0.312420676,0.6917886398,0.3469331131,0.3912232126,1.4830508475,0.1885467315,0.2420313344,0.0297427448,1.2077831828,,0.7476077796,,0.7818273656,7.0,-4.110050575,15.035733511,21.83198838,-34.47787186,,,0.3032177176,0.2510531045,0.0,-0.209167153,0.2839229714,0.043995943,0.0650617971,0.0622654448,,,0.0095075979,0.0888704295,0.0935850411,0.156596994,17.328706769,0.6652523453,0.12108408,0.3054539297,0.7571894197,0.6621648325,0.00216154,494030.52546216,0.71663114,0.00964838,0.71035542,0.00161564,0.00133098,0.00961152,0.02215054,0.33651317,0.71942368,3.89939664,0.02284144,0.42206129,,,0.05175733,0.10226417,0.03375521,1.36334922,0.05335399,0.02507739,1.24238039,0.70673813,0.3557369,1.0404122831,1.8089881952,422,,1.6809586725,,1.305202639
20190426,20190430,274192.0,01W,JPN,-0.116086,2019,4,20190329,20190331,54.434539927,12.336719229,54.434539927,0.0146847715,-0.030753009,0.0456245472,0.0933385301,0.1763341994,-0.129334174,-0.160293384,-0.225672214,-0.162707701,1.349452991,-0.095748918,0.0010789166,-0.02126905,0.0360660938,0.1202110151,0.2018396178,-0.75010995,2.0860588841,,0.6678347022,-0.294346037,0.0108900686,0.0686245061,0.0025499733,0.0525718124,0.0011337931,0.0514380193,0.0664835461,0.0045467316,0.0127304166,0.0,0.0551900599,0.0193534308,0.1029071701,0.2291529875,0.5359265262,0.3030794165,0.2659075687,0.158070998,0.925729443,,,0.0,-0.061048082,-0.478813559,-0.005858022,-0.045945759,0.1324998403,0.6083198271,0.9272552171,4.0397877984,0.0334865397,0.3970080552,0.0936740522,0.0942408377,,-0.022981887,0.0284648717,0.0093132228,-0.622137864,,,,,,0.086013166,-1.162292133,0.1932244836,-0.039686213,0.124770352,,,-0.724704244,0.312420676,0.6917886398,0.3469331131,0.3912232126,1.4830508475,0.1885467315,0.2420313344,0.0297427448,1.2077831828,,0.7476077796,,0.7818273656,7.0,-4.110050575,15.035733511,21.83198838,-34.47787186,,,0.2813512645,0.2329484866,0.0,-0.194083128,0.2634479531,0.0408231891,0.0603698855,0.0577751913,,,0.0088219603,0.0809181653,0.0852109062,0.1529908937,17.473269802,0.6743102839,0.0691134563,0.2153781393,0.7564573991,0.6767852066,0.00177382,503472.05114492,0.75633704,0.00988783,0.73457995,0.00171046,0.0014118,0.01246159,0.02125713,0.68979453,-0.40737803,2.20763739,0.0219494,0.36602154,,,0.03661676,0.0495704,0.02362461,0.45643747,0.05382281,0.02534994,1.21382573,0.7616654,0.35991647,1.0556182879,1.2791395376,423,,1.6788843752,,1.2959883117
20190531,20190531,274192.0,01W,JPN,-0.088799,2019,5,20190426,20190430,48.115446988,10.904597722,48.115446988,0.0166133504,-0.030753009,0.0456245472,-0.116086091,0.2130796608,0.0699480091,-0.075521264,-0.063752955,-0.016477482,1.1978622501,0.1843428511,-0.026232805,0.0627584215,0.0270097801,0.1202110151,0.2018396178,-0.75010995,2.0860588841,,0.6678347022,-0.294346037,0.0108900686,0.0686245061,0.0025499733,0.0525718124,0.0011337931,0.0514380193,0.0664835461,0.0045467316,0.0127304166,0.0,0.0551900599,0.0193534308,0.1029071701,0.2291529875,0.5359265262,0.3030794165,0.2659075687,0.158070998,0.925729443,,,0.0,-0.061048082,-0.478813559,-0.005858022,-0.045945759,0.1324998403,0.6083198271,0.9272552171,4.0397877984,0.0334865397,0.3970080552,0.0936740522,0.0942408377,,-0.022981887,0.0284648717,0.0093132228,-0.622137864,,,,,,0.086013166,-1.162292133,0.1932244836,-0.039686213,0.124770352,,,-0.724704244,0.312420676,0.6917886398,0.3469331131,0.3912232126,1.4830508475,0.1885467315,0.2420313344,0.0297427448,1.2077831828,,0.7476077796,,0.7818273656,7.0,-4.110050575,15.035733511,21.83198838,-34.47787186,,,0.3183016599,0.2635420533,0.0,-0.219572433,0.2980470726,0.0461845759,0.0682983771,0.0653629168,,,0.0099805651,0.0945352345,0.0995503663,0.1685349565,17.228984129,0.6550297626,0.3314148912,0.4215551681,0.754045184,0.7810509362,0.00297388,463964.3010998,0.82060927,0.00919367,0.78456741,0.00190583,0.00148444,0.00810569,0.0134629,0.08854428,-0.24159215,1.79153036,0.01320056,-0.54204929,,,0.01569732,0.01933578,0.01897301,-0.79779434,0.05748717,0.0251293,1.18121547,0.67324664,0.35560796,1.0419711375,0.5472204695,424,,1.6746981517,,1.305424384
20190628,20190630,274192.0,01W,JPN,0.096224,2019,6,20190531,20190531,43.842844757,9.9362806539,43.842844757,0.0182323657,-0.030753009,0.0456245472,-0.088798972,-0.033582866,-0.105500439,-0.106257588,-0.301248127,-0.261160098,1.7401443591,-0.138945206,-0.021674057,0.1167495552,0.0274284204,0.1202110151,0.2018396178,-0.75010995,2.0860588841,,0.6678347022,-0.294346037,0.0108900686,0.0686245061,0.0025499733,0.0525718124,0.0011337931,0.0514380193,0.0664835461,0.0045467316,0.0127304166,0.0,0.0551900599,0.0193534308,0.1029071701,0.2291529875,0.5359265262,0.3030794165,0.2659075687,0.158070998,0.925729443,,,0.0,-0.061048082,-0.478813559,-0.005858022,-0.045945759,0.1324998403,0.6083198271,0.9272552171,4.0397877984,0.0334865397,0.3970080552,0.0936740522,0.0942408377,,-0.022981887,0.0284648717,0.0093132228,-0.622137864,,,,,,0.086013166,-1.162292133,0.1932244836,-0.039686213,0.124770352,,,-0.724704244,0.312420676,0.6917886398,0.3469331131,0.3912232126,1.4830508475,0.1885467315,0.2420313344,0.0297427448,1.2077831828,,0.7476077796,,0.7818273656,7.0,-4.110050575,15.035733511,21.83198838,-34.47787186,,,0.3493210061,0.2892249297,0.0,-0.240970353,0.3270925552,0.0506853861,0.0749542362,0.0717327074,,,0.0109531978,0.1066727194,0.1123317496,0.1432047938,17.023909683,0.7517522111,0.0736611241,0.0546702242,0.7548818165,0.619479891,0.00239381,378941.8792097,0.78738814,0.00773584,0.76571662,0.00224561,0.0016534,0.0073367,0.01812097,-1.14311137,-0.01670016,1.00918253,0.01977646,-1.21544144,,,0.01758985,0.02926737,0.01905694,-0.23557098,0.06106267,0.02406922,1.25408011,0.61346303,0.35707863,1.0056304758,0.6367060014,425,,1.6748391322,,1.3402348383
20190731,20190731,274192.0,01W,JPN,0.055921,2019,7,20190628,20190630,48.061563405,10.892385868,48.061563405,0.0166319762,-0.030753009,0.0456245472,0.0962236523,-0.194576737,0.0358802327,-0.233291424,-0.260554114,-0.092781153,1.4326302954,-0.006917562,-0.012297583,-0.073778593,0.0422753475,0.1202110151,0.2018396178,-0.75010995,2.0860588841,,0.6678347022,-0.294346037,0.0108900686,0.0686245061,0.0025499733,0.0525718124,0.0011337931,0.0514380193,0.0664835461,0.0045467316,0.0127304166,0.0,0.0551900599,0.0193534308,0.1029071701,0.2291529875,0.5359265262,0.3030794165,0.2659075687,0.158070998,0.925729443,,,0.0,-0.061048082,-0.478813559,-0.005858022,-0.045945759,0.1324998403,0.6083198271,0.9272552171,4.0397877984,0.0334865397,0.3970080552,0.0936740522,0.0942408377,,-0.022981887,0.0284648717,0.0093132228,-0.622137864,,,,,,0.086013166,-1.162292133,0.1932244836,-0.039686213,0.124770352,,,-0.724704244,0.312420676,0.6917886398,0.3469331131,0.3912232126,1.4830508475,0.1885467315,0.2420313344,0.0297427448,1.2077831828,,0.7476077796,,0.7818273656,7.0,-4.110050575,15.035733511,21.83198838,-34.47787186,,,0.3186585196,0.2638375199,0.0,-0.219818604,0.2983812241,0.0462363551,0.0683749489,0.0654361975,,,0.0099917547,0.0946710836,0.0996934222,0.1653952204,17.226624866,0.8455124117,-0.088132098,-0.172115495,0.748413183,0.6427911811,0.00163189,362965.64793575,0.78275981,0.0073195,0.72961167,0.00228945,0.00172538,0.01064902,0.02229911,0.30368054,0.25717019,5.25608491,0.02289063,0.43166326,,,0.04768158,0.10560177,0.03294128,1.47919962,0.05905404,0.02451093,1.33339066,0.78496051,0.36535447,1.0436579627,1.6663643004,426,,1.6728376845,,1.2961216063
20190830,20190831,274192.0,01W,JPN,0.040404,2019,8,20190731,20190731,50.749194117,11.501494451,50.749194117,0.015751162,-0.030753009,0.0456245472,0.0559205844,-0.001119881,0.0710571838,-0.055317191,-0.183755508,-0.281194238,1.4482422036,-0.085687775,0.0005759045,-0.091600763,0.0440394691,-0.125967246,0.0717078922,1.7475074634,0.4604690835,,0.5082115136,0.038179038,0.0059770329,0.0028968147,-0.010863147,0.0386518114,-0.032382422,0.071034233,0.0078490764,0.0061583606,0.0016907158,0.0,-0.007966333,-0.02482275,-0.11833608,0.2184380505,0.6125592417,0.3293838863,0.3100147275,0.0949926362,0.7140115163,-0.11492891,-0.11492891,0.0,-0.047393365,-0.620155039,-0.055359698,-0.724396663,0.166211205,0.759478673,0.9410717403,3.2687140115,0.0322959483,0.5,0.0717078922,,,0.0635639872,0.0194868849,0.0004896479,-0.313425224,,,,,,0.0982439264,-0.904075028,-0.070361785,-0.093864488,0.1296515035,,,-0.193293001,0.2464689519,0.5353968409,0.270261369,0.2878923052,1.5968992248,0.1238151659,0.2819905213,-0.064731566,1.2430044183,,0.6962375592,0.721390202,0.6783074096,4.0,-3.116672503,14.417583067,8.9284726169,-39.60823212,-0.863542734,0.0170252279,0.3001749578,0.2414914649,0.0,-0.150087479,0.3028423893,0.0229399109,0.0371662122,0.0295195752,0.0476581094,0.0476581094,0.0097805822,0.1090097922,0.0880866075,0.1818790987,18.053257096,0.8459894949,-0.023868146,0.0495788844,0.8020973086,0.5873337822,0.00323946,351749.69443234,0.80923391,0.00701659,0.76744251,0.0023406,0.00184943,0.00600575,0.01385022,0.55032762,0.45555519,2.89689935,0.01367772,0.72519494,,,0.02914328,0.0439682,0.01801036,0.96345135,0.05994907,0.02418792,1.44421853,0.86777585,0.36664947,1.047600366,1.023070261,427,0.7389431072,1.5603491239,-1.265011876,0.8326939312
20190930,20190930,274192.0,01W,JPN,-0.057532,2019,9,20190830,20190831,52.799661944,11.966200241,52.799661944,0.0151394678,-0.030753009,0.0456245472,0.0404039485,0.1575251195,0.0193169515,-0.056537251,-0.057335845,-0.166485655,1.7908804722,0.0621754217,-0.00140332,0.0051681714,0.0377934461,-0.125967246,0.0717078922,1.7475074634,0.4604690835,,0.5082115136,0.038179038,0.0059770329,0.0028968147,-0.010863147,0.0386518114,-0.032382422,0.071034233,0.0078490764,0.0061583606,0.0016907158,0.0,-0.007966333,-0.02482275,-0.11833608,0.2184380505,0.6125592417,0.3293838863,0.3100147275,0.0949926362,0.7140115163,-0.11492891,-0.11492891,0.0,-0.047393365,-0.620155039,-0.055359698,-0.724396663,0.166211205,0.759478673,0.9410717403,3.2687140115,0.0322959483,0.5,0.0717078922,,,0.0635639872,0.0194868849,0.0004896479,-0.313425224,,,,,,0.0982439264,-0.904075028,-0.070361785,-0.093864488,0.1296515035,,,-0.193293001,0.2464689519,0.5353968409,0.270261369,0.2878923052,1.5968992248,0.1238151659,0.2819905213,-0.064731566,1.2430044183,,0.6962375592,0.721390202,0.6783074096,4.0,-3.116672503,14.417583067,8.9284726169,-39.60823212,-0.863542734,0.0170252279,0.2885177034,0.2321131761,0.0,-0.144258852,0.2910815456,0.0220490425,0.0357228673,0.0283731865,0.0458073131,0.0458073131,0.0094007546,0.104062758,0.0840891001,0.1979623528,18.102968686,0.7721536343,0.0951951383,-0.075220667,0.8020671641,0.6664930489,0.0021589,345094.8346978,0.79396535,0.00679512,0.76049431,0.00236104,0.00205531,0.00700692,0.02100657,0.50871774,-0.13795529,-0.78300249,0.02133918,0.56670026,,,0.03257921,0.04989564,0.02174187,0.40249563,0.0568557,0.02314746,1.44535195,0.90283742,0.36149913,0.9744419481,1.1878187039,428,0.7835395187,1.5633085684,-1.261008913,0.8901179374
20191031,20191031,274192.0,01W,JPN,0.039452,2019,10,20190930,20190930,49.762015777,11.277766245,49.762015777,0.0160636334,-0.015616634,0.030128598,-0.057531546,0.0985839453,-0.030033835,0.2475040432,-0.076657689,-0.129334174,2.0455184913,-0.110300233,0.003393833,0.0770737242,0.0332749699,-0.125967246,0.0717078922,1.7475074634,0.4604690835,,0.5082115136,0.038179038,0.0059770329,0.0028968147,-0.010863147,0.0386518114,-0.032382422,0.071034233,0.0078490764,0.0061583606,0.0016907158,0.0,-0.007966333,-0.02482275,-0.11833608,0.2184380505,0.6125592417,0.3293838863,0.3100147275,0.0949926362,0.7140115163,-0.11492891,-0.11492891,0.0,-0.047393365,-0.620155039,-0.055359698,-0.724396663,0.166211205,0.759478673,0.9410717403,3.2687140115,0.0322959483,0.5,0.0717078922,,,0.0635639872,0.0194868849,0.0004896479,-0.313425224,,,,,,0.0982439264,-0.904075028,-0.070361785,-0.093864488,0.1296515035,,,-0.193293001,0.2464689519,0.5353968409,0.270261369,0.2878923052,1.5968992248,0.1238151659,0.2819905213,-0.064731566,1.2430044183,,0.6962375592,0.721390202,0.6783074096,4.0,-3.116672503,14.417583067,8.9284726169,-39.60823212,-0.863542734,0.0170252279,0.3061298255,0.24628217,0.0,-0.153064913,0.3088501734,0.0233949926,0.0379035151,0.0301051843,0.0486035505,0.0486035505,0.0099746092,0.1115631581,0.090149884,0.1897544788,18.027862958,0.7069753176,0.06320682,-0.137964263,0.7666396518,0.6656759356,0.00251415,300628.57636432,0.71838074,0.00602378,0.71731271,0.00251902,0.00213155,0.00413633,0.01950111,2.74550452,-0.04382177,1.52259617,0.01893772,2.65980667,,,0.02024509,0.06815897,0.02099079,2.1400091,0.06147518,0.02337352,1.44187922,0.85089578,0.35975265,0.9849295432,0.7351851887,429,0.7810909578,1.559030652,-1.261008913,0.8863201009
20191129,20191130,274192.0,01W,JPN,0.022753,2019,11,20191031,20191031,51.7252132,11.722693591,51.7252132,0.0154539485,-0.015616634,0.030128598,0.0394517262,-0.019452099,0.0342212095,0.1089519504,-0.02189364,0.0699480091,1.5548524167,0.0572860719,0.0017725288,-0.028590362,0.0389974059,-0.125967246,0.0717078922,1.7475074634,0.4604690835,,0.5082115136,0.038179038,0.0059770329,0.0028968147,-0.010863147,0.0386518114,-0.032382422,0.071034233,0.0078490764,0.0061583606,0.0016907158,0.0,-0.007966333,-0.02482275,-0.11833608,0.2184380505,0.6125592417,0.3293838863,0.3100147275,0.0949926362,0.7140115163,-0.11492891,-0.11492891,0.0,-0.047393365,-0.620155039,-0.055359698,-0.724396663,0.166211205,0.759478673,0.9410717403,3.2687140115,0.0322959483,0.5,0.0717078922,,,0.0635639872,0.0194868849,0.0004896479,-0.313425224,,,,,,0.0982439264,-0.904075028,-0.070361785,-0.093864488,0.1296515035,,,-0.193293001,0.2464689519,0.5353968409,0.270261369,0.2878923052,1.5968992248,0.1238151659,0.2819905213,-0.064731566,1.2430044183,,0.6962375592,0.721390202,0.6783074096,4.0,-3.116672503,14.417583067,8.9284726169,-39.60823212,-0.863542734,0.0170252279,0.2945108635,0.2369346876,0.0,-0.147255432,0.2971279624,0.0225070506,0.0364649114,0.0289625612,0.0467588338,0.0467588338,0.0095960293,0.1065976519,0.08613745,0.2118581417,18.077411252,0.7124088487,-0.110366843,-0.032782195,0.7740916091,0.6392720164,0.00303082,292893.81388283,0.72921185,0.00587688,0.72857215,0.00248099,0.00222946,0.00703906,0.01172956,0.23733463,0.17708687,1.24029749,0.01157192,0.18286461,,,0.02105735,0.03774425,0.01495697,0.14624725,0.05970541,0.02238091,1.29538761,0.90637121,0.35825413,0.989521503,0.8126026317,430,0.8087611946,1.5670305394,-1.258277667,0.94160538
20191230,20191231,274192.0,01W,JPN,0.12104,2019,12,20191129,20191130,52.90211575,11.98941976,52.90211575,0.0151101477,0.0,0.0143887399,0.0227529763,-0.020349538,0.179786884,0.0389206677,-0.038392379,-0.105500439,1.9841958096,-0.213162976,0.0232194336,0.0524361536,0.0350885017,-0.125967246,0.0717078922,1.7475074634,0.4604690835,,0.5082115136,0.038179038,0.0059770329,0.0028968147,-0.010863147,0.0386518114,-0.032382422,0.071034233,0.0078490764,0.0061583606,0.0016907158,0.0,-0.007966333,-0.02482275,-0.11833608,0.2184380505,0.6125592417,0.3293838863,0.3100147275,0.0949926362,0.7140115163,-0.11492891,-0.11492891,0.0,-0.047393365,-0.620155039,-0.055359698,-0.724396663,0.166211205,0.759478673,0.9410717403,3.2687140115,0.0322959483,0.5,0.0717078922,,,0.0635639872,0.0194868849,0.0004896479,-0.313425224,,,,,,0.0982439264,-0.904075028,-0.070361785,-0.093864488,0.1296515035,,,-0.193293001,0.2464689519,0.5353968409,0.270261369,0.2878923052,1.5968992248,0.1238151659,0.2819905213,-0.064731566,1.2430044183,,0.6962375592,0.721390202,0.6783074096,4.0,-3.116672503,14.417583067,8.9284726169,-39.60823212,-0.863542734,0.0170252279,0.2879589406,0.23166365,0.0,-0.14397947,0.2905178174,0.0220063408,0.035653684,0.028318237,0.0457185996,0.0457185996,0.0093825484,0.1038273256,0.0838988562,0.2040409862,18.105351494,0.6957746982,-0.103840485,0.072273187,0.6493928597,0.5982267993,0.00310518,284075.48428086,0.75958479,0.00557925,0.76934456,0.00258996,0.00247895,0.00535294,0.00872692,-0.07786556,0.04272781,2.11329443,0.00850901,-0.12479141,,,0.01236304,0.01521236,0.00952444,-0.23193397,0.05759482,0.01866241,1.48993563,0.92699386,0.36084011,0.9264531152,0.5283488814,431,0.8514561922,1.5662246148,-1.257554174,1.0120805798
20200131,20200131,274192.0,01W,JPN,-0.077969,2020,1,20191230,20191231,59.305407173,13.440623509,59.305407173,0.0134786829,0.0,0.0143887399,0.1210403654,0.0631023467,0.1007156655,-0.028151688,0.2499247318,0.0358802327,1.2714376141,0.0602201537,0.0287485437,0.2476165569,0.0117333991,-0.125967246,0.0717078922,1.7475074634,0.4604690835,,0.5082115136,0.038179038,0.0059770329,0.0028968147,-0.010863147,0.0386518114,-0.032382422,0.071034233,0.0078490764,0.0061583606,0.0016907158,0.0,-0.007966333,-0.02482275,-0.11833608,0.2184380505,0.6125592417,0.3293838863,0.3100147275,0.0949926362,0.7140115163,-0.11492891,-0.11492891,0.0,-0.047393365,-0.620155039,-0.055359698,-0.724396663,0.166211205,0.759478673,0.9410717403,3.2687140115,0.0322959483,0.5,0.0717078922,,,0.0635639872,0.0194868849,0.0004896479,-0.313425224,,,,,,0.0982439264,-0.904075028,-0.070361785,-0.093864488,0.1296515035,,,-0.193293001,0.2464689519,0.5353968409,0.270261369,0.2878923052,1.5968992248,0.1238151659,0.2819905213,-0.064731566,1.2430044183,,0.6962375592,0.721390202,0.6783074096,4.0,-3.116672503,14.417583067,8.9284726169,-39.60823212,-0.863542734,0.0170252279,0.2568675932,0.2066505874,0.0,-0.128433797,0.2591501844,0.0196302841,0.0318041037,0.0252606756,0.0407822956,0.0407822956,0.008369501,0.0909649774,0.0735052889,0.2552941874,18.237938486,0.7119537766,-0.172656154,-0.377990198,0.6522347113,0.6946198889,0.00238217,271308.1990591,0.65164579,0.00512705,0.63004925,0.00280196,0.00259606,0.00532619,0.01405913,-0.28600408,0.05999269,3.11412501,0.01381916,-0.37470002,,,0.02304786,0.02533468,0.01524355,-0.68058535,0.05527961,0.01837396,1.22297356,1.0,0.36421258,1.03647404,1.0646095354,432,0.8471487336,1.5706533814,-1.258445583,1.0064395853
20200228,20200229,274192.0,01W,JPN,-0.034653,2020,2,20200131,20200131,54.681447776,12.39267695,54.681447776,0.0146184641,0.0,0.0143887399,-0.077968597,0.1465473703,0.1685980084,0.2325648183,0.3216274688,0.0710571838,1.1521350305,0.1095188064,0.0117042343,-0.028677755,0.0355153184,0.0504987428,0.0717078922,1.7475074634,0.1998796122,,0.5082115136,0.038179038,0.0030653581,-0.016112747,-0.010863147,-0.007553295,0.026492793,-0.034046088,-0.02417489,0.0061583606,0.0016907158,0.0,-0.007966333,-0.02482275,0.0117230047,0.2184380505,0.6125592417,0.3293838863,0.3100147275,0.0949926362,0.7140115163,-0.11492891,-0.11492891,0.0,-0.047393365,-0.620155039,-0.055359698,-0.724396663,0.166211205,0.759478673,0.9410717403,3.2687140115,0.0322959483,0.4738355377,0.0717078922,,,0.0635639872,0.0194868849,0.0004896479,-0.313425224,,,,,,0.0982439264,-0.904075028,-0.070361785,-0.093864488,0.1296515035,,,-0.193293001,0.2464689519,0.5353968409,0.270261369,0.2878923052,1.5968992248,0.1238151659,0.2819905213,-0.064731566,1.2501797268,,0.6962375592,0.721390202,0.7990495756,4.0,-3.116672503,14.417583067,8.9284726169,-39.60823212,-0.863542734,0.0170252279,0.294224586,0.2353458304,0.0,-0.139294384,0.2810643798,0.0212902554,0.0344935146,0.0273967628,0.0442309182,0.0442309182,0.0090772407,0.0999020151,0.0807269642,0.2541133832,18.145309971,0.7241270755,0.0010268791,0.030245292,0.6163952312,0.7344501812,0.00326366,286967.70915666,0.61382992,0.00532066,0.60605003,0.00282692,0.00264626,0.00639197,0.0164657,0.58177965,0.12241193,0.88822882,0.01407097,0.09317468,,,0.02372016,0.03250769,0.02099278,0.31897656,0.05404366,0.01851126,1.21249763,0.90752217,0.36795457,1.0547140447,1.0976034146,433,0.8471754569,1.5860249717,-1.257890042,1.0052354311
20200331,20200331,274192.0,01W,JPN,-0.067035,2020,3,20200228,20200229,52.786567543,11.963232604,52.786567543,0.0151432233,0.0,0.0143887399,-0.034653074,0.0336344209,0.0356401114,0.2472148666,0.0982977685,0.0193169515,1.5541865364,0.0933385301,6.8634e-05,0.057571923,0.0316437125,0.0504987428,0.0717078922,1.7475074634,0.1998796122,,0.5082115136,0.038179038,0.0030653581,-0.016112747,-0.010863147,-0.007553295,0.026492793,-0.034046088,-0.02417489,0.0061583606,0.0016907158,0.0,-0.007966333,-0.02482275,0.0117230047,0.2184380505,0.6125592417,0.3293838863,0.3100147275,0.0949926362,0.7140115163,-0.11492891,-0.11492891,0.0,-0.047393365,-0.620155039,-0.055359698,-0.724396663,0.166211205,0.759478673,0.9410717403,3.2687140115,0.0322959483,0.4738355377,0.0717078922,,,0.0635639872,0.0194868849,0.0004896479,-0.313425224,,,,,,0.0982439264,-0.904075028,-0.070361785,-0.093864488,0.1296515035,,,-0.193293001,0.2464689519,0.5353968409,0.270261369,0.2878923052,1.5968992248,0.1238151659,0.2819905213,-0.064731566,1.2501797268,,0.6962375592,0.721390202,0.7990495756,4.0,-3.116672503,14.417583067,8.9284726169,-39.60823212,-0.863542734,0.0170252279,0.3047863705,0.2437940433,0.0,-0.144294637,0.2911537522,0.0220545121,0.0357317288,0.0283802248,0.0458186762,0.0458186762,0.0094030865,0.1040929251,0.0841134769,0.2302738426,18.102663478,0.7862403138,-0.098540845,-0.163285761,0.6176050579,0.6605470163,0.00143585,364294.92799703,0.83675486,0.00648653,0.77186813,0.00252722,0.00251594,0.01118965,0.03867453,1.81065502,-0.48545644,2.06701405,0.03904795,1.75275548,,,0.04754497,0.11060477,0.04181607,0.86466257,0.05193794,0.01997583,1.47039131,0.81272167,0.37588873,1.0749606859,2.1143805703,434,0.8296919028,1.5869892672,-1.261401511,0.9759163289
20200430,20200430,274192.0,01W,JPN,0.067019,2020,4,20200331,20200331,48.305676587,10.947710223,48.305676587,0.0194415383,0.0,0.0193202181,-0.067034873,-0.109919819,0.0607803305,0.0983114947,-0.030274388,-0.030033835,2.0222032112,-0.116086091,0.0045278356,-0.036861029,0.0440765669,0.0504987428,0.0717078922,1.7475074634,0.1998796122,,0.5082115136,0.038179038,0.0030653581,-0.016112747,-0.010863147,-0.007553295,0.026492793,-0.034046088,-0.02417489,0.0061583606,0.0016907158,0.0,-0.007966333,-0.02482275,0.0117230047,0.2184380505,0.6125592417,0.3293838863,0.3100147275,0.0949926362,0.7140115163,-0.11492891,-0.11492891,0.0,-0.047393365,-0.620155039,-0.055359698,-0.724396663,0.166211205,0.759478673,0.9410717403,3.2687140115,0.0322959483,0.4738355377,0.0717078922,,,0.0635639872,0.0194868849,0.0004896479,-0.313425224,,,,,,0.0982439264,-0.904075028,-0.070361785,-0.093864488,0.1296515035,,,-0.193293001,0.2464689519,0.5353968409,0.270261369,0.2878923052,1.5968992248,0.1238151659,0.2819905213,-0.064731566,1.2501797268,,0.6962375592,0.721390202,0.7990495756,4.0,-3.116672503,14.417583067,8.9284726169,-39.60823212,-0.863542734,0.0170252279,0.3330587101,0.2664086634,0.0,-0.157679576,0.3181615141,0.0241003143,0.0390462457,0.0310128076,0.0500688701,0.0500688701,0.0102753278,0.1155562364,0.0933765365,0.2144343884,17.988505106,0.8459885465,0.0187771893,0.3963645591,0.635468724,0.6722926165,0.00197333,432831.17964427,0.76699426,0.00795712,0.74732079,0.0024068,0.0025482,0.01004292,0.03420059,0.55558533,-0.55121186,1.41805276,0.02541341,0.95860344,,,0.07355924,0.12531223,0.05752322,0.28097652,0.05250767,0.02135863,1.70099016,0.74373221,0.41532302,1.0067012322,2.7156166298,435,0.827825182,1.5901053515,-1.253704112,0.9873800439
20200529,20200531,274192.0,01W,JPN,0.082552,2020,5,20200430,20200430,51.543096734,11.681419802,51.543096734,0.0182204159,0.0,0.0193202181,0.0670194556,-0.099364982,-0.047891277,-0.029580123,0.0235387962,0.0342212095,1.7468940003,-0.088798972,0.0186931472,0.1213545989,0.0276798998,0.0504987428,0.0717078922,1.7475074634,0.1998796122,,0.5082115136,0.038179038,0.0030653581,-0.016112747,-0.010863147,-0.007553295,0.026492793,-0.034046088,-0.02417489,0.0061583606,0.0016907158,0.0,-0.007966333,-0.02482275,0.0117230047,0.2184380505,0.6125592417,0.3293838863,0.3100147275,0.0949926362,0.7140115163,-0.11492891,-0.11492891,0.0,-0.047393365,-0.620155039,-0.055359698,-0.724396663,0.166211205,0.759478673,0.9410717403,3.2687140115,0.0322959483,0.4738355377,0.0717078922,,,0.0635639872,0.0194868849,0.0004896479,-0.313425224,,,,,,0.0982439264,-0.904075028,-0.070361785,-0.093864488,0.1296515035,,,-0.193293001,0.2464689519,0.5353968409,0.270261369,0.2878923052,1.5968992248,0.1238151659,0.2819905213,-0.064731566,1.2501797268,,0.6962375592,0.721390202,0.7990495756,4.0,-3.116672503,14.417583067,8.9284726169,-39.60823212,-0.863542734,0.0170252279,0.3121393038,0.2496755444,0.0,-0.147775727,0.2981778003,0.0225865744,0.0365937524,0.0290648942,0.0469240461,0.0469240461,0.0096299348,0.1070396012,0.0864945722,0.2411343823,18.072973721,0.8723954957,0.0647065352,0.217492543,0.6289788328,0.7269411606,0.0038349,438159.46855213,0.75061845,0.00807365,0.72967241,0.00255728,0.00262983,0.01079741,0.02097634,-0.20387964,0.23141792,1.87682846,0.01688649,-0.03345844,,,0.0383477,0.05344098,0.02876654,-0.02427399,0.06249601,0.02171519,1.66840236,0.79357673,0.427117,0.9818833104,1.3832738383,436,0.8548735641,1.6023239157,-1.259395579,1.0301355191
20200630,20200630,274192.0,01W,JPN,0.030646,2020,6,20200529,20200531,55.798101362,12.645748654,55.798101362,0.0168309788,0.0,0.0193202181,0.0825523668,-0.004508058,-0.0066824,-0.004754942,0.1985673584,0.179786884,1.6370887426,0.0962236523,0.0174503031,0.0895376049,0.0297100508,0.0504987428,0.0717078922,1.7475074634,0.1998796122,,0.5082115136,0.038179038,0.0030653581,-0.016112747,-0.010863147,-0.007553295,0.026492793,-0.034046088,-0.02417489,0.0061583606,0.0016907158,0.0,-0.007966333,-0.02482275,0.0117230047,0.2184380505,0.6125592417,0.3293838863,0.3100147275,0.0949926362,0.7140115163,-0.11492891,-0.11492891,0.0,-0.047393365,-0.620155039,-0.055359698,-0.724396663,0.166211205,0.759478673,0.9410717403,3.2687140115,0.0322959483,0.4738355377,0.0717078922,,,0.0635639872,0.0194868849,0.0004896479,-0.313425224,,,,,,0.0982439264,-0.904075028,-0.070361785,-0.093864488,0.1296515035,,,-0.193293001,0.2464689519,0.5353968409,0.270261369,0.2878923052,1.5968992248,0.1238151659,0.2819905213,-0.064731566,1.2501797268,,0.6962375592,0.721390202,0.7990495756,4.0,-3.116672503,14.417583067,8.9284726169,-39.60823212,-0.863542734,0.0170252279,0.2883364476,0.2306359969,0.0,-0.13650677,0.2754396087,0.0208641864,0.0338032168,0.026848488,0.0433457517,0.0433457517,0.0088955834,0.0975866773,0.0788560291,0.2633014195,18.169085163,0.8793501081,0.1391869683,0.1535934424,0.6276927491,0.753809022,0.00313459,460411.97874072,0.70874747,0.00847112,0.68959042,0.00258787,0.00268261,0.00485449,0.02859654,-1.12244981,-0.32788329,2.26789387,0.02574406,-1.94047978,,,0.03379503,0.04979896,0.02965376,-1.26385499,0.06540593,0.02260447,1.6740485,0.85908837,0.42949285,0.9835010634,1.1910056565,437,0.8481392789,1.6044591237,-1.252946923,1.0085001806
20200731,20200731,274192.0,01W,JPN,-0.000191,2020,7,20200630,20200630,57.508104799,13.033293627,57.508104799,0.0163305097,0.0,0.0193202181,0.0306462656,0.1551044371,-0.040785371,0.1431734277,0.1836197185,0.1007156655,0.6256178362,0.0559205844,0.0151526377,-0.072195426,0.0289112785,0.0504987428,0.0717078922,1.7475074634,0.1998796122,,0.5082115136,0.038179038,0.0030653581,-0.016112747,-0.010863147,-0.007553295,0.026492793,-0.034046088,-0.02417489,0.0061583606,0.0016907158,0.0,-0.007966333,-0.02482275,0.0117230047,0.2184380505,0.6125592417,0.3293838863,0.3100147275,0.0949926362,0.7140115163,-0.11492891,-0.11492891,0.0,-0.047393365,-0.620155039,-0.055359698,-0.724396663,0.166211205,0.759478673,0.9410717403,3.2687140115,0.0322959483,0.4738355377,0.0717078922,,,0.0635639872,0.0194868849,0.0004896479,-0.313425224,,,,,,0.0982439264,-0.904075028,-0.070361785,-0.093864488,0.1296515035,,,-0.193293001,0.2464689519,0.5353968409,0.270261369,0.2878923052,1.5968992248,0.1238151659,0.2819905213,-0.064731566,1.2501797268,,0.6962375592,0.721390202,0.7990495756,4.0,-3.116672503,14.417583067,8.9284726169,-39.60823212,-0.863542734,0.0170252279,0.2797627637,0.2237780358,0.0,-0.132447742,0.2672494122,0.0202437899,0.0327980782,0.0260501482,0.0420568658,0.0420568658,0.0086310732,0.0942419339,0.0761532709,0.2413906766,18.203704081,0.9719294845,-0.041064967,-0.2030044,0.6279693199,0.7412591452,0.0030003,470621.93665225,0.77259588,0.0086279,0.73515286,0.00268098,0.00283946,0.01077261,0.02986467,0.62958702,0.23382715,1.52265379,0.02774626,0.65465102,,,0.04794814,0.06626746,0.03204319,0.42339551,0.07063809,0.02317652,1.61223936,0.88541622,0.46518294,1.0279014616,1.6938642217,438,0.799878124,1.5930154548,-1.250840733,0.9311038263
20200831,20200831,274192.0,01W,JPN,0.432093,2020,8,20200731,20200731,57.497134537,13.030807392,57.497134537,0.0163336255,0.0,0.0193202181,-0.00019076,0.1157285542,0.0722096583,0.1334893141,0.155288817,0.1685980084,1.2033023973,0.0404039485,0.0114622097,-0.063538082,0.0344163416,0.1847415507,0.1337921896,-0.473132922,0.5446784791,,0.4603481538,-0.638266354,0.0087155366,0.0168819906,0.000251017,0.0084301842,0.0339470707,-0.025516886,0.0454457885,0.0063940692,0.0390517193,0.0,0.0171330076,0.0356324582,0.1160035874,0.2469333333,0.6153450051,0.3414006179,0.3251295337,0.207253886,0.8194690265,0.0,0.0,0.0,-0.061791967,-0.375,-0.044658959,-0.27102406,0.2062011556,0.7070030896,1.0471420354,3.3185840708,0.0218666667,0.5072090628,0.0596188688,0.0676328502,,0.0160352788,0.02702652,0.0187803447,0.4475712294,,,,,,0.0756285682,-0.660724153,0.0714626309,0.0165049622,0.0162221527,,,-0.573162406,0.3312639866,0.7290247956,0.3806718687,0.4044714975,1.446875,0.2265705458,0.2796086509,0.10275538,1.2577720207,,0.6837466529,0.7497010948,0.8963344611,7.0,-4.715176957,11.203510148,28.586771136,-41.11281774,-1.243021013,0.0183652544,0.3138925637,0.2495623678,0.0,-0.159209153,0.3030631086,0.0517227705,0.0711188095,0.067562869,0.0129306926,0.0129306926,0.00662698,0.1086156171,0.0965044952,0.2541431512,17.304292465,0.9859856329,-0.05712607,-0.039618927,0.5648183722,0.8650120457,0.00400396,461666.18048264,0.79127847,0.00845626,0.75541085,0.00280676,0.00292114,0.00777909,0.01489484,0.29312559,-0.47255277,1.28938571,0.01438185,0.27636675,,,0.02553463,0.03600321,0.0205063,-0.258068,0.07097377,0.02325741,1.67054165,0.88524732,0.47924204,1.0408443785,0.8965843585,439,1.697161038,1.6874520181,1.3755681349,1.1247632876
20200930,20200930,274192.0,01W,JPN,0.209235,2020,9,20200831,20200831,82.341259405,18.661331567,82.341259405,0.0114054202,0.0,0.0193202181,0.4320932698,0.0304496593,0.1104869078,0.1080613948,0.1102115053,0.0356401114,1.744609599,-0.057531546,0.0559735565,0.0273704865,0.0308154324,0.1847415507,0.1337921896,-0.473132922,0.5446784791,,0.4603481538,-0.638266354,0.0087155366,0.0168819906,0.000251017,0.0084301842,0.0339470707,-0.025516886,0.0454457885,0.0063940692,0.0390517193,0.0,0.0171330076,0.0356324582,0.1160035874,0.2469333333,0.6153450051,0.3414006179,0.3251295337,0.207253886,0.8194690265,0.0,0.0,0.0,-0.061791967,-0.375,-0.044658959,-0.27102406,0.2062011556,0.7070030896,1.0471420354,3.3185840708,0.0218666667,0.5072090628,0.0596188688,0.0676328502,,0.0160352788,0.02702652,0.0187803447,0.4475712294,,,,,,0.0756285682,-0.660724153,0.0714626309,0.0165049622,0.0162221527,,,-0.573162406,0.3312639866,0.7290247956,0.3806718687,0.4044714975,1.446875,0.2265705458,0.2796086509,0.10275538,1.2577720207,,0.6837466529,0.7497010948,0.8963344611,7.0,-4.715176957,11.203510148,28.586771136,-41.11281774,-1.243021013,0.0183652544,0.2191844416,0.1742640463,0.0,-0.111172335,0.2116224655,0.0361169008,0.0496607386,0.0471777016,0.0090292252,0.0090292252,0.0046274779,0.0717449574,0.0637450772,0.2448005035,17.916497635,1.1731079277,-0.154120091,-0.459679471,0.5656840776,0.8470139526,0.00077018,685138.84952929,1.27592812,0.0109783,1.03853662,0.0022784,0.00246217,0.00912511,0.05715056,0.64778807,-0.40771566,0.37657713,0.04823494,0.60359076,,,0.1011624,0.1449806,0.05852484,0.61678004,0.06832271,0.02784095,1.7655035,0.95508767,0.47093395,1.1844819641,3.0879547633,440,1.6826156589,1.6874654454,1.3732667093,0.9744989435
20201030,20201031,274192.0,01W,JPN,-0.182159,2020,10,20200930,20200930,99.569955433,22.565940403,99.569955433,0.0094319281,0.0,0.0193202181,0.2092352747,0.4318200833,0.7045876432,0.4155130492,0.6869810524,0.0607803305,1.4378699432,0.0394517262,0.0714084246,0.0343564336,0.0274852546,0.1847415507,0.1337921896,-0.473132922,0.5446784791,,0.4603481538,-0.638266354,0.0087155366,0.0168819906,0.000251017,0.0084301842,0.0339470707,-0.025516886,0.0454457885,0.0063940692,0.0390517193,0.0,0.0171330076,0.0356324582,0.1160035874,0.2469333333,0.6153450051,0.3414006179,0.3251295337,0.207253886,0.8194690265,0.0,0.0,0.0,-0.061791967,-0.375,-0.044658959,-0.27102406,0.2062011556,0.7070030896,1.0471420354,3.3185840708,0.0218666667,0.5072090628,0.0596188688,0.0676328502,,0.0160352788,0.02702652,0.0187803447,0.4475712294,,,,,,0.0756285682,-0.660724153,0.0714626309,0.0165049622,0.0162221527,,,-0.573162406,0.3312639866,0.7290247956,0.3806718687,0.4044714975,1.446875,0.2265705458,0.2796086509,0.10275538,1.2577720207,,0.6837466529,0.7497010948,0.8963344611,7.0,-4.715176957,11.203510148,28.586771136,-41.11281774,-1.243021013,0.0183652544,0.1812587229,0.1441109517,0.0,-0.091936067,0.1750052037,0.0298675548,0.0410678878,0.0390144934,0.0074668887,0.0074668887,0.0038267805,0.0580739962,0.0515984886,0.2589001454,18.161654233,1.2839596645,0.1897113177,0.2500402039,0.5692568756,0.917496931,0.00056045,1101562.50675849,1.57576968,0.01435782,1.29641539,0.00168805,0.00200741,0.02009989,0.0301025,0.34291871,-0.29792742,2.67631271,0.03029753,1.09937729,,,0.05643329,0.08476134,0.03278043,0.63198563,0.05865701,0.0285167,1.7885986,0.98978169,0.47576094,1.2110274013,1.6847647729,441,1.677744108,1.6885214836,1.3755681349,0.9446268228
20201130,20201130,274192.0,01W,JPN,0.076959,2020,11,20201030,20201031,81.432386687,18.455350079,81.432386687,0.0115327169,0.0,0.0193202181,-0.182159053,0.7317376985,0.9317806213,0.8564316849,0.9625317316,-0.047891277,1.0560493588,0.0227529763,0.0527800583,0.0094382071,0.0253634488,0.1847415507,0.1337921896,-0.473132922,0.5446784791,,0.4603481538,-0.638266354,0.0087155366,0.0168819906,0.000251017,0.0084301842,0.0339470707,-0.025516886,0.0454457885,0.0063940692,0.0390517193,0.0,0.0171330076,0.0356324582,0.1160035874,0.2469333333,0.6153450051,0.3414006179,0.3251295337,0.207253886,0.8194690265,0.0,0.0,0.0,-0.061791967,-0.375,-0.044658959,-0.27102406,0.2062011556,0.7070030896,1.0471420354,3.3185840708,0.0218666667,0.5072090628,0.0596188688,0.0676328502,,0.0160352788,0.02702652,0.0187803447,0.4475712294,,,,,,0.0756285682,-0.660724153,0.0714626309,0.0165049622,0.0162221527,,,-0.573162406,0.3312639866,0.7290247956,0.3806718687,0.4044714975,1.446875,0.2265705458,0.2796086509,0.10275538,1.2577720207,,0.6837466529,0.7497010948,0.8963344611,7.0,-4.715176957,11.203510148,28.586771136,-41.11281774,-1.243021013,0.0183652544,0.2216307749,0.1762090198,0.0,-0.112413138,0.2139843991,0.0365200041,0.0502150056,0.0477042554,0.009130001,0.009130001,0.0046791255,0.0726471233,0.0645466476,0.2496087205,17.90068423,1.2418656218,0.3377678486,0.4732226079,0.5682249165,0.9249664999,0.00028415,2103820.2562283,1.32596982,0.02372078,1.11065289,0.00098954,0.0014304,0.01085058,0.05243113,1.29951342,-0.1372486,-0.27724883,0.0538717,1.34891355,,,0.06949129,0.13546081,0.05257476,1.35372171,0.0411844,0.03250193,1.73599431,0.68300331,0.48225079,1.3320928555,1.8956692547,442,1.6582754875,1.6905442588,1.3728893729,0.8262391786
20201230,20201231,274192.0,01W,JPN,-0.083881,2020,12,20201130,20201130,87.699307969,19.875647713,87.699307969,0.0107085983,0.0,0.0193202181,0.0769585854,-0.011037877,0.4594114262,0.5727670607,0.5693318406,-0.0066824,0.9848953961,0.1210403654,0.0487726238,-0.009289572,0.026232716,0.1847415507,0.1337921896,-0.473132922,0.5446784791,,0.4603481538,-0.638266354,0.0087155366,0.0168819906,0.000251017,0.0084301842,0.0339470707,-0.025516886,0.0454457885,0.0063940692,0.0390517193,0.0,0.0171330076,0.0356324582,0.1160035874,0.2469333333,0.6153450051,0.3414006179,0.3251295337,0.207253886,0.8194690265,0.0,0.0,0.0,-0.061791967,-0.375,-0.044658959,-0.27102406,0.2062011556,0.7070030896,1.0471420354,3.3185840708,0.0218666667,0.5072090628,0.0596188688,0.0676328502,,0.0160352788,0.02702652,0.0187803447,0.4475712294,,,,,,0.0756285682,-0.660724153,0.0714626309,0.0165049622,0.0162221527,,,-0.573162406,0.3312639866,0.7290247956,0.3806718687,0.4044714975,1.446875,0.2265705458,0.2796086509,0.10275538,1.2577720207,,0.6837466529,0.7497010948,0.8963344611,7.0,-4.715176957,11.203510148,28.586771136,-41.11281774,-1.243021013,0.0183652544,0.2057932198,0.1636172664,0.0,-0.104380186,0.1986932478,0.0339103143,0.0466266821,0.044295348,0.0084775786,0.0084775786,0.004344759,0.0668507973,0.0593966376,0.2443516734,18.003060171,1.1574337235,0.1992084372,0.3287137088,0.5687468569,0.9171855976,0.00065141,2404470.01424775,1.1357185,0.02708019,0.96684767,0.00083159,0.00130661,0.01328449,0.05312051,-0.36971962,0.22266183,5.37063497,0.04716193,-0.19074311,,,0.06091188,0.13845256,0.05321526,-0.22503782,0.03341625,0.03568404,1.76028112,0.73556628,0.48585027,1.4081666853,1.5447324216,443,1.6498034579,1.6895000684,1.3693732896,0.7792937707
20210129,20210131,274192.0,01W,JPN,-0.054263,2021,1,20201230,20201231,80.342959852,18.208448883,80.342959852,0.0116890971,0.0,0.0193202181,-0.083881484,-0.11921917,0.524990404,0.8155072895,0.5076222508,-0.040785371,1.3426504292,-0.077968597,0.0482350886,0.2329233567,0.00810423,0.1847415507,0.1337921896,-0.473132922,0.5446784791,,0.4603481538,-0.638266354,0.0087155366,0.0168819906,0.000251017,0.0084301842,0.0339470707,-0.025516886,0.0454457885,0.0063940692,0.0390517193,0.0,0.0171330076,0.0356324582,0.1160035874,0.2469333333,0.6153450051,0.3414006179,0.3251295337,0.207253886,0.8194690265,0.0,0.0,0.0,-0.061791967,-0.375,-0.044658959,-0.27102406,0.2062011556,0.7070030896,1.0471420354,3.3185840708,0.0218666667,0.5072090628,0.0596188688,0.0676328502,,0.0160352788,0.02702652,0.0187803447,0.4475712294,,,,,,0.0756285682,-0.660724153,0.0714626309,0.0165049622,0.0162221527,,,-0.573162406,0.3312639866,0.7290247956,0.3806718687,0.4044714975,1.446875,0.2265705458,0.2796086509,0.10275538,1.2577720207,,0.6837466529,0.7497010948,0.8963344611,7.0,-4.715176957,11.203510148,28.586771136,-41.11281774,-1.243021013,0.0183652544,0.2246360228,0.1785983621,0.0,-0.113937427,0.2168859644,0.0370152046,0.0508959063,0.048351111,0.0092538011,0.0092538011,0.0047425731,0.073758866,0.0655344261,0.2192301919,17.881257931,1.0993034087,0.1787665865,0.3161965604,0.5683942507,0.9104672053,0.00171751,2519642.35076252,1.05507789,0.02801068,0.90971504,0.00079059,0.00130847,0.00956426,0.02290249,1.83746147,-0.37234511,2.93251115,0.02271678,2.47131421,,,0.02986989,0.07059,0.02639008,0.7279341,0.02408137,0.03610059,1.74057089,0.67386589,0.48407968,1.4126871584,0.7484999614,444,1.6509321581,1.6967881426,1.3653458076,0.7863787566
20210226,20210228,274192.0,01W,JPN,-0.090683,2021,2,20210129,20210131,75.983314733,17.220404935,75.983314733,0.0123597748,0.0,0.0193202181,-0.054262939,-0.013378299,0.3973385021,0.5587530619,0.4979540333,0.0722096583,0.376309687,-0.034653074,0.0464523735,0.014984258,0.0132036746,0.2487872944,0.1337921896,-0.473132922,2.2987115652,,0.4603481538,-0.638266354,0.033872434,0.055766551,0.000251017,0.0577312378,0.0670038648,-0.009272627,0.0404332263,0.0063940692,0.0390517193,0.0,0.0171330076,0.0356324582,0.1239821501,0.2469333333,0.6153450051,0.3414006179,0.3251295337,0.207253886,0.8194690265,0.0,0.0,0.0,-0.061791967,-0.375,-0.044658959,-0.27102406,0.2062011556,0.7070030896,1.0471420354,3.3185840708,0.0218666667,0.4247286456,0.0596188688,0.0676328502,,0.0160352788,0.02702652,0.0187803447,0.4475712294,,,,,,0.0756285682,-0.660724153,0.0714626309,0.0165049622,0.0162221527,,,-0.573162406,0.3312639866,0.7290247956,0.3806718687,0.4044714975,1.446875,0.2265705458,0.2796086509,0.10275538,1.3080246914,,0.6837466529,0.7497010948,0.9043247302,7.0,-4.715176957,11.203510148,28.586771136,-41.11281774,-1.243021013,0.0183652544,0.2644168949,0.2021497734,0.0,-0.12047474,0.229330089,0.0391390019,0.0538161275,0.0511253212,0.0097847505,0.0097847505,0.0050146846,0.078570569,0.0698096029,0.2512795426,17.797943147,1.7387007867,0.1182674252,0.1365735558,0.5757803946,0.9053589186,0.00278391,2627262.78246445,0.99275253,0.02911105,0.85497439,0.00075528,0.0013293,0.00641747,0.01983978,0.19131254,-0.29477537,-0.12922263,0.01828679,1.11537803,,,0.02157669,0.03257532,0.02118872,-0.16696439,0.01592954,0.03621657,1.76221814,0.63729994,0.5237774,1.5270990354,0.5407856908,445,1.6448558527,1.6990172703,1.3762831572,0.7516050845
20210331,20210331,274192.0,01W,JPN,0.018085,2021,3,20210226,20210228,69.092940269,15.658811592,69.092940269,0.0135923679,0.0,0.0193202181,-0.090682731,-0.133592767,-0.077214567,0.3617544841,0.4675248932,0.1104869078,0.5027059822,-0.067034873,0.0443025683,0.0999003691,0.0073294305,0.2487872944,0.1337921896,-0.473132922,2.2987115652,,0.4603481538,-0.638266354,0.033872434,0.055766551,0.000251017,0.0577312378,0.0670038648,-0.009272627,0.0404332263,0.0063940692,0.0390517193,0.0,0.0171330076,0.0356324582,0.1239821501,0.2469333333,0.6153450051,0.3414006179,0.3251295337,0.207253886,0.8194690265,0.0,0.0,0.0,-0.061791967,-0.375,-0.044658959,-0.27102406,0.2062011556,0.7070030896,1.0471420354,3.3185840708,0.0218666667,0.4247286456,0.0596188688,0.0676328502,,0.0160352788,0.02702652,0.0187803447,0.4475712294,,,,,,0.0756285682,-0.660724153,0.0714626309,0.0165049622,0.0162221527,,,-0.573162406,0.3312639866,0.7290247956,0.3806718687,0.4044714975,1.446875,0.2265705458,0.2796086509,0.10275538,1.3080246914,,0.6837466529,0.7497010948,0.9043247302,7.0,-4.715176957,11.203510148,28.586771136,-41.11281774,-1.243021013,0.0183652544,0.2907861798,0.2223093965,0.0,-0.132489225,0.2522003009,0.0430421847,0.059183004,0.0562238538,0.0107605462,0.0107605462,0.0055147799,0.087602782,0.0778346842,0.2597811928,17.644824561,1.7062440753,-0.049400488,-0.531739777,0.5759153399,0.8712730471,0.00164145,2466678.69282462,1.09877566,0.02690927,0.97160327,0.00084596,0.00134802,0.00702397,0.02747996,-0.64565324,0.29656818,2.24330853,0.02698423,-0.77727357,,,0.03039416,0.04919801,0.02878911,-0.22912369,0.01664714,0.035546,1.53072212,0.57950784,0.52669207,1.4944234721,0.7770835144,446,1.6461313975,1.7010888249,1.3777470089,0.7588076623
20210430,20210430,274192.0,01W,JPN,0.091618,2021,4,20210331,20210331,69.336421872,15.713992809,69.336421872,0.0144286477,0.0,0.01440532,0.0180846802,-0.140024958,-0.30608646,0.2014470049,0.4303275546,0.7045876432,0.1359164742,0.0670194556,0.0398539524,-0.059008739,0.0149289824,0.2487872944,0.1337921896,-0.473132922,2.2987115652,,0.4603481538,-0.638266354,0.033872434,0.055766551,0.000251017,0.0577312378,0.0670038648,-0.009272627,0.0404332263,0.0063940692,0.0390517193,0.0,0.0171330076,0.0356324582,0.1239821501,0.2469333333,0.6153450051,0.3414006179,0.3251295337,0.207253886,0.8194690265,0.0,0.0,0.0,-0.061791967,-0.375,-0.044658959,-0.27102406,0.2062011556,0.7070030896,1.0471420354,3.3185840708,0.0218666667,0.4247286456,0.0596188688,0.0676328502,,0.0160352788,0.02702652,0.0187803447,0.4475712294,,,,,,0.0756285682,-0.660724153,0.0714626309,0.0165049622,0.0162221527,,,-0.573162406,0.3312639866,0.7290247956,0.3806718687,0.4044714975,1.446875,0.2265705458,0.2796086509,0.10275538,1.3080246914,,0.6837466529,0.7497010948,0.9043247302,7.0,-4.715176957,11.203510148,28.586771136,-41.11281774,-1.243021013,0.0183652544,0.2897650557,0.2215287354,0.0,-0.132023976,0.251314675,0.0428910379,0.0589751771,0.0560264182,0.0107227595,0.0107227595,0.0054954142,0.0872483647,0.077519786,0.2823730511,17.650753924,1.6234505404,-0.037876017,-1.121775923,0.5681556411,0.8323795863,0.00288411,1974881.93410512,1.25983388,0.02190808,1.08584107,0.00107149,0.00138369,0.00728734,0.01211869,0.33135049,-0.1966308,1.3579944,0.01197414,0.32804003,,,0.0211383,0.03019685,0.01502541,0.05348586,0.0187329,0.03396966,1.15808419,0.58155001,0.53061752,1.6905620266,0.5945141771,447,1.6399301738,1.7010608935,1.3772494785,0.7506719932
20210531,20210531,274192.0,01W,JPN,0.116016,2021,5,20210430,20210430,75.688895946,17.153679618,75.688895946,0.0132176694,0.0,0.01440532,0.091618141,-0.074238019,-0.136185652,0.2234081674,0.3647310397,0.9317806213,0.1202128554,0.0825523668,0.0406781136,0.1118692655,-0.000945335,0.2487872944,0.1337921896,-0.473132922,2.2987115652,,0.4603481538,-0.638266354,0.033872434,0.055766551,0.000251017,0.0577312378,0.0670038648,-0.009272627,0.0404332263,0.0063940692,0.0390517193,0.0,0.0171330076,0.0356324582,0.1239821501,0.2469333333,0.6153450051,0.3414006179,0.3251295337,0.207253886,0.8194690265,0.0,0.0,0.0,-0.061791967,-0.375,-0.044658959,-0.27102406,0.2062011556,0.7070030896,1.0471420354,3.3185840708,0.0218666667,0.4247286456,0.0596188688,0.0676328502,,0.0160352788,0.02702652,0.0187803447,0.4475712294,,,,,,0.0756285682,-0.660724153,0.0714626309,0.0165049622,0.0162221527,,,-0.573162406,0.3312639866,0.7290247956,0.3806718687,0.4044714975,1.446875,0.2265705458,0.2796086509,0.10275538,1.3080246914,,0.6837466529,0.7497010948,0.9043247302,7.0,-4.715176957,11.203510148,28.586771136,-41.11281774,-1.243021013,0.0183652544,0.2654454382,0.2029361066,0.0,-0.120943369,0.2302221496,0.0392912469,0.0540254645,0.0513241912,0.0098228117,0.0098228117,0.005034191,0.0789182464,0.0701185127,0.2656799248,17.791970703,1.5814577322,-0.02819698,-0.895976273,0.5671583452,0.8399558122,0.00246645,1037537.08007602,1.01909403,0.01310576,1.02818612,0.00185732,0.00134849,0.00506636,0.02037184,-0.20571258,-0.1962016,0.49480193,0.02020726,-0.44942861,,,0.03277117,0.04281135,0.0219679,-0.35135879,0.0222365,0.03393424,1.03445762,0.63483054,0.52268607,1.7638384602,0.9321089844,448,1.6451606768,1.7043110517,1.3847929584,0.751323915
20210630,20210630,274192.0,01W,JPN,-0.021431,2021,6,20210531,20210531,84.469987138,19.143773714,84.469987138,0.0118436245,0.0,0.01440532,0.1160155804,0.1113597059,-0.124427415,-0.067452814,0.3761599034,0.4594114262,-0.029768741,0.0306462656,0.0484389604,-0.080981921,0.0127833058,0.2487872944,0.1337921896,-0.473132922,2.2987115652,,0.4603481538,-0.638266354,0.033872434,0.055766551,0.000251017,0.0577312378,0.0670038648,-0.009272627,0.0404332263,0.0063940692,0.0390517193,0.0,0.0171330076,0.0356324582,0.1239821501,0.2469333333,0.6153450051,0.3414006179,0.3251295337,0.207253886,0.8194690265,0.0,0.0,0.0,-0.061791967,-0.375,-0.044658959,-0.27102406,0.2062011556,0.7070030896,1.0471420354,3.3185840708,0.0218666667,0.4247286456,0.0596188688,0.0676328502,,0.0160352788,0.02702652,0.0187803447,0.4475712294,,,,,,0.0756285682,-0.660724153,0.0714626309,0.0165049622,0.0162221527,,,-0.573162406,0.3312639866,0.7290247956,0.3806718687,0.4044714975,1.446875,0.2265705458,0.2796086509,0.10275538,1.3080246914,,0.6837466529,0.7497010948,0.9043247302,7.0,-4.715176957,11.203510148,28.586771136,-41.11281774,-1.243021013,0.0183652544,0.2378510147,0.1818398507,0.0,-0.108370682,0.2062893688,0.0352067189,0.0484092385,0.0459887766,0.0088016797,0.0088016797,0.0045108609,0.0697171592,0.0619433875,0.246525167,17.952203305,1.5876460057,0.080467725,-0.415924727,0.5666535021,0.8787754494,0.00077251,987669.45426972,0.97889664,0.01224798,0.94562529,0.00198958,0.00123756,0.01111874,0.04190622,1.05719818,0.39327133,-1.69164187,0.04478121,1.10541797,,,0.05601535,0.14173377,0.04307577,1.75060192,0.02266134,0.03531923,0.62171655,0.70848078,0.51519887,1.7758544559,1.5503076152,449,1.649976035,1.7012277301,1.3870943906,0.7402801504
20210730,20210731,274192.0,01W,JPN,-0.056504,2021,7,20210630,20210630,82.659720584,18.733505708,82.659720584,0.0121030025,0.0,0.01440532,-0.021430885,0.2182628532,0.0666225273,-0.139342681,0.4901484093,0.524990404,0.442925751,-0.00019076,0.04650804,-0.002982387,0.0133659393,0.2487872944,0.1337921896,-0.473132922,2.2987115652,,0.4603481538,-0.638266354,0.033872434,0.055766551,0.000251017,0.0577312378,0.0670038648,-0.009272627,0.0404332263,0.0063940692,0.0390517193,0.0,0.0171330076,0.0356324582,0.1239821501,0.2469333333,0.6153450051,0.3414006179,0.3251295337,0.207253886,0.8194690265,0.0,0.0,0.0,-0.061791967,-0.375,-0.044658959,-0.27102406,0.2062011556,0.7070030896,1.0471420354,3.3185840708,0.0218666667,0.4247286456,0.0596188688,0.0676328502,,0.0160352788,0.02702652,0.0187803447,0.4475712294,,,,,,0.0756285682,-0.660724153,0.0714626309,0.0165049622,0.0162221527,,,-0.573162406,0.3312639866,0.7290247956,0.3806718687,0.4044714975,1.446875,0.2265705458,0.2796086509,0.10275538,1.3080246914,,0.6837466529,0.7497010948,0.9043247302,7.0,-4.715176957,11.203510148,28.586771136,-41.11281774,-1.243021013,0.0183652544,0.2430600056,0.1858221846,0.0,-0.110744024,0.2108071526,0.035977754,0.0494694118,0.0469959412,0.0089944385,0.0089944385,0.0046096497,0.0714341244,0.0634689034,0.2395833757,17.921956245,1.4938625299,0.1393651037,0.1471519385,0.5615801209,0.8965110576,0.00221159,936251.67824705,1.0256551,0.01169094,0.98877981,0.0020764,0.00121845,0.00387286,0.01434021,0.33102968,-0.30370964,0.07225,0.011225,0.21788284,,,0.01942447,0.02609837,0.01434382,0.33546777,0.02188346,0.03452712,0.61300301,0.69329741,0.50572867,1.7898861281,0.5526351625,450,1.6488228104,1.7002107056,1.3909672607,0.732441951
20210831,20210831,274192.0,01W,JPN,-0.139346,2021,8,20210730,20210731,77.989132491,17.674991499,77.989132491,0.0128278232,0.0,0.01440532,-0.056503797,0.0920983792,0.1036512217,0.0298000776,0.4584914327,0.3973385021,0.545298354,0.4320932698,0.0020901248,-0.012239515,0.0157128409,0.6216317871,0.2224547405,-0.027121121,1.0268309975,,0.4853974665,0.4083114746,0.015650879,0.0119468272,0.0002033725,0.0410171927,0.0425532208,-0.001536028,0.2508115553,0.0065886219,0.2442229334,0.266295953,-0.254145753,0.000313118,0.0645528673,0.1744482173,0.4396045721,0.2282978066,0.2867483296,0.1236080178,0.2925266904,0.1853568119,0.0009267841,0.1844300278,-0.059623108,-0.869369369,-0.313768861,-4.575089205,0.5675961739,0.5678097003,0.9004158618,1.6768683274,0.0118845501,0.3923385851,-0.252556244,0.4822695035,,0.3935488,0.0405761982,0.1638524552,-0.487422148,,,,,,0.0388697308,-1.161561636,0.0041773575,-0.040033722,-0.067776121,,,-0.401826593,0.2735282533,0.7128767479,0.3245029939,0.3702149801,1.7162162162,0.1282051282,0.1686746988,-0.098365418,1.8023385301,,0.5312094532,0.7848212225,0.9552197745,4.0,-1.261239243,5.445611439,17.864168692,-47.45675405,-1.146491658,0.0153135807,0.3752713312,0.2082135653,0.0999332368,-0.047300186,0.2731353897,0.0257368661,0.0481117091,0.0455612089,0.0106657283,0.0103179328,0.0032460912,0.1709711892,0.0630342178,0.2817136872,18.115748549,1.6196053336,0.093005361,0.1625215089,0.3709395232,0.6010743886,0.00231173,926236.8999949,1.03981324,0.01157505,1.00226669,0.00201024,0.00118216,0.00705488,0.01902781,-0.16498222,-0.01155408,0.50890836,0.01875148,-0.50619515,,,0.02565228,0.03981145,0.02544286,-0.3168828,0.02236966,0.03483843,0.38900746,0.65412347,0.50512657,1.8491600154,0.7232190771,451,-0.213774295,1.5760403129,-1.0868357,-0.851083954
20210930,20210930,274192.0,01W,JPN,0.06026,2021,9,20210831,20210831,67.121630359,15.21204568,67.121630359,0.0149047453,0.0,0.01440532,-0.139346365,-0.076723756,0.1451346762,-0.097818174,-0.039112076,-0.077214567,1.2551930404,0.2092352747,-0.029599115,-0.002275522,0.0250524212,0.6216317871,0.2224547405,-0.027121121,1.0268309975,,0.4853974665,0.4083114746,0.015650879,0.0119468272,0.0002033725,0.0410171927,0.0425532208,-0.001536028,0.2508115553,0.0065886219,0.2442229334,0.266295953,-0.254145753,0.000313118,0.0645528673,0.1744482173,0.4396045721,0.2282978066,0.2867483296,0.1236080178,0.2925266904,0.1853568119,0.0009267841,0.1844300278,-0.059623108,-0.869369369,-0.313768861,-4.575089205,0.5675961739,0.5678097003,0.9004158618,1.6768683274,0.0118845501,0.3923385851,-0.252556244,0.4822695035,,0.3935488,0.0405761982,0.1638524552,-0.487422148,,,,,,0.0388697308,-1.161561636,0.0041773575,-0.040033722,-0.067776121,,,-0.401826593,0.2735282533,0.7128767479,0.3245029939,0.3702149801,1.7162162162,0.1282051282,0.1686746988,-0.098365418,1.8023385301,,0.5312094532,0.7848212225,0.9552197745,4.0,-1.261239243,5.445611439,17.864168692,-47.45675405,-1.146491658,0.0153135807,0.4360306121,0.2419249241,0.1161131874,-0.054958446,0.3173580853,0.0299038603,0.0559013605,0.0529379149,0.0123925908,0.0119884845,0.0037716581,0.2002625308,0.0738334455,0.2003686729,17.918612318,1.5628318937,-0.19582753,0.2072430002,0.3707050193,0.4335969728,0.00154085,880670.29732187,0.88968643,0.01126734,0.80443415,0.00197182,0.00125999,0.01096966,0.0380422,-1.34988428,-0.82717899,1.46976219,0.03563797,-0.87803858,,,0.03048051,0.04646756,0.03869101,-2.04875775,0.02275589,0.03257798,0.22753105,0.56297374,0.48838606,1.651229356,0.925956152,452,-0.213840852,1.5707084008,-1.095634028,-0.830419438
20211029,20211031,274192.0,01W,JPN,-0.053687,2021,10,20210930,20210930,66.44523998,16.128722489,66.44523998,0.0150564707,-0.066339407,0.0830476177,0.0602599301,-0.187976564,-0.031942685,-0.152439281,-0.316103573,-0.30608646,1.7786526557,-0.182159053,-0.007561026,-0.013901657,0.031286687,0.6216317871,0.2224547405,-0.027121121,1.0268309975,,0.4853974665,0.4083114746,0.015650879,0.0119468272,0.0002033725,0.0410171927,0.0425532208,-0.001536028,0.2508115553,0.0065886219,0.2442229334,0.266295953,-0.254145753,0.000313118,0.0645528673,0.1744482173,0.4396045721,0.2282978066,0.2867483296,0.1236080178,0.2925266904,0.1853568119,0.0009267841,0.1844300278,-0.059623108,-0.869369369,-0.313768861,-4.575089205,0.5675961739,0.5678097003,0.9004158618,1.6768683274,0.0118845501,0.3923385851,-0.252556244,0.4822695035,,0.3935488,0.0405761982,0.1638524552,-0.487422148,,,,,,0.0388697308,-1.161561636,0.0041773575,-0.040033722,-0.067776121,,,-0.401826593,0.2735282533,0.7128767479,0.3245029939,0.3702149801,1.7162162162,0.1282051282,0.1686746988,-0.098365418,1.8023385301,,0.5312094532,0.7848212225,0.9552197745,4.0,-1.261239243,5.445611439,17.864168692,-47.45675405,-1.146491658,0.0153135807,0.4404692583,0.2443876391,0.1172951809,-0.055517905,0.3205886848,0.0302082717,0.0564704177,0.0534768052,0.0125187432,0.0121105233,0.0038100523,0.2024209685,0.0746292254,0.1669404508,17.90421093,1.5848789966,-0.466846218,-0.105274079,0.5242928631,0.3576276297,0.00191505,920518.55993489,0.84921623,0.01179561,0.76771656,0.00183792,0.00142013,0.00618283,0.0194492,-0.47378986,-0.12957096,1.3089076,0.02008145,-0.65868816,,,0.02927864,0.03758284,0.02270294,-0.543551,0.02381187,0.03179052,0.15288655,0.5968985,0.4901393,1.6191553936,0.9114892947,453,-0.221202397,1.5686012391,-1.090383554,-0.839487232
20211130,20211130,274192.0,01W,JPN,-0.193381,2021,11,20211029,20211031,62.056864747,15.262822242,62.056864747,0.0161211948,-0.078532318,0.0961928935,-0.053686846,-0.087483437,-0.059751444,-0.049804956,-0.113387535,-0.136185652,1.3249643987,0.0769585854,-0.019437883,0.000272368,0.0263710569,0.6216317871,0.2224547405,-0.027121121,1.0268309975,,0.4853974665,0.4083114746,0.015650879,0.0119468272,0.0002033725,0.0410171927,0.0425532208,-0.001536028,0.2508115553,0.0065886219,0.2442229334,0.266295953,-0.254145753,0.000313118,0.0645528673,0.1744482173,0.4396045721,0.2282978066,0.2867483296,0.1236080178,0.2925266904,0.1853568119,0.0009267841,0.1844300278,-0.059623108,-0.869369369,-0.313768861,-4.575089205,0.5675961739,0.5678097003,0.9004158618,1.6768683274,0.0118845501,0.3923385851,-0.252556244,0.4822695035,,0.3935488,0.0405761982,0.1638524552,-0.487422148,,,,,,0.0388697308,-1.161561636,0.0041773575,-0.040033722,-0.067776121,,,-0.401826593,0.2735282533,0.7128767479,0.3245029939,0.3702149801,1.7162162162,0.1282051282,0.1686746988,-0.098365418,1.8023385301,,0.5312094532,0.7848212225,0.9552197745,4.0,-1.261239243,5.445611439,17.864168692,-47.45675405,-1.146491658,0.0153135807,0.4716172126,0.2616696057,0.1255897551,-0.059443875,0.3432592378,0.0323444613,0.0604637452,0.0572584382,0.013404011,0.0129669237,0.0040794816,0.2176399192,0.080240198,0.2025078374,17.803149985,1.5893401398,-0.298081473,-0.218894927,0.5244347113,0.3990908669,0.00357058,861059.27671984,0.92439622,0.0111257,0.82679769,0.00189627,0.00196936,0.00566414,0.0147167,-0.7663591,0.24558092,1.29817522,0.01426889,0.11263617,,,0.01579229,0.02673905,0.01530491,-0.65246343,0.02758675,0.02815209,0.19843147,0.71020226,0.48965889,1.4508916166,0.5518963717,454,-0.18954178,1.5679182683,-1.094528562,-0.797871917
20211230,20211231,274192.0,01W,JPN,0.068074,2021,12,20211130,20211130,50.056228379,12.311278034,50.056228379,0.0199861404,-0.078532318,0.0961928935,-0.193381287,0.003337918,-0.202726564,-0.011145946,-0.220942152,-0.124427415,1.7851281567,-0.083881484,-0.029392411,0.0335100099,0.0273934756,0.6216317871,0.2224547405,-0.027121121,1.0268309975,,0.4853974665,0.4083114746,0.015650879,0.0119468272,0.0002033725,0.0410171927,0.0425532208,-0.001536028,0.2508115553,0.0065886219,0.2442229334,0.266295953,-0.254145753,0.000313118,0.0645528673,0.1744482173,0.4396045721,0.2282978066,0.2867483296,0.1236080178,0.2925266904,0.1853568119,0.0009267841,0.1844300278,-0.059623108,-0.869369369,-0.313768861,-4.575089205,0.5675961739,0.5678097003,0.9004158618,1.6768683274,0.0118845501,0.3923385851,-0.252556244,0.4822695035,,0.3935488,0.0405761982,0.1638524552,-0.487422148,,,,,,0.0388697308,-1.161561636,0.0041773575,-0.040033722,-0.067776121,,,-0.401826593,0.2735282533,0.7128767479,0.3245029939,0.3702149801,1.7162162162,0.1282051282,0.1686746988,-0.098365418,1.8023385301,,0.5312094532,0.7848212225,0.9552197745,4.0,-1.261239243,5.445611439,17.864168692,-47.45675405,-1.146491658,0.0153135807,0.5846841945,0.3244030934,0.1556990348,-0.073695135,0.4255532785,0.0400988234,0.0749595121,0.0709857549,0.0166175304,0.0160756544,0.0050575093,0.2739687535,0.101007697,0.1886224226,17.436299055,1.6345682759,-0.280120826,-0.609384599,0.523135305,0.3865803755,0.00335278,583149.73458399,0.70202791,0.00823613,0.6839675,0.0024493,0.00230228,0.00597842,0.01689917,0.16863735,-0.73167364,0.56925652,0.01603815,-0.02882128,,,0.01015397,0.02193067,0.01760081,-0.25216562,0.03431593,0.02465934,0.344765,0.57286243,0.48847328,1.282353726,0.4028836997,455,-0.148831642,1.5647666225,-1.098461879,-0.703304955
20220131,20220131,274192.0,01W,JPN,-0.081168,2022,1,20211230,20211231,53.463765965,13.149358409,53.463765965,0.0187123146,-0.078532318,0.0961928935,0.0680741977,-0.236686102,-0.342820387,-0.216540431,-0.314059668,0.0666225273,1.6444564451,-0.054262939,-0.018270853,0.0710781487,0.0228706249,0.6216317871,0.2224547405,-0.027121121,1.0268309975,,0.4853974665,0.4083114746,0.015650879,0.0119468272,0.0002033725,0.0410171927,0.0425532208,-0.001536028,0.2508115553,0.0065886219,0.2442229334,0.266295953,-0.254145753,0.000313118,0.0645528673,0.1744482173,0.4396045721,0.2282978066,0.2867483296,0.1236080178,0.2925266904,0.1853568119,0.0009267841,0.1844300278,-0.059623108,-0.869369369,-0.313768861,-4.575089205,0.5675961739,0.5678097003,0.9004158618,1.6768683274,0.0118845501,0.3923385851,-0.252556244,0.4822695035,,0.3935488,0.0405761982,0.1638524552,-0.487422148,,,,,,0.0388697308,-1.161561636,0.0041773575,-0.040033722,-0.067776121,,,-0.401826593,0.2735282533,0.7128767479,0.3245029939,0.3702149801,1.7162162162,0.1282051282,0.1686746988,-0.098365418,1.8023385301,,0.5312094532,0.7848212225,0.9552197745,4.0,-1.261239243,5.445611439,17.864168692,-47.45675405,-1.146491658,0.0153135807,0.5474190799,0.3037271138,0.1457754856,-0.068998142,0.3984304455,0.0375431065,0.0701819333,0.0664614453,0.0155584045,0.0150510652,0.0047351666,0.2552131262,0.0940928109,0.2051329308,17.557207403,1.6426482129,-0.318272186,-0.759080312,0.5227337679,0.3749774517,0.00350792,489851.56265269,0.78694377,0.00742248,0.74128847,0.00264476,0.00244062,0.00719479,0.01532632,-0.25074416,-0.18481043,0.72136649,0.01494532,-0.02777852,,,0.02764396,0.03621754,0.02144217,-0.65121987,0.045445,0.02417649,0.43284004,0.61185958,0.48971844,1.2425700282,1.1136816781,456,-0.156067654,1.5660981101,-1.114082948,-0.693005749
20220228,20220228,274192.0,01W,JPN,-0.208737,2022,2,20220131,20220131,49.124227247,12.082053312,49.124227247,0.0203653241,-0.078532318,0.0961928935,-0.081167846,-0.138471365,-0.256047257,-0.233438032,-0.2253289,0.1036512217,1.0908712473,-0.090682731,-0.017405863,0.0352836839,0.0204338464,0.3699343177,0.2224547405,-0.027121121,-0.862296062,,0.4853974665,0.4083114746,-0.030595878,-0.012528994,0.0002033725,0.0066227679,0.0213841637,-0.014761396,0.2983578453,0.0065886219,0.2442229334,0.266295953,-0.254145753,0.000313118,-0.04210348,0.1744482173,0.4396045721,0.2282978066,0.2867483296,0.1236080178,0.2925266904,0.1853568119,0.0009267841,0.1844300278,-0.059623108,-0.869369369,-0.313768861,-4.575089205,0.5510973558,0.5678097003,0.9004158618,1.6768683274,0.0118845501,0.2876221498,-0.252556244,0.4822695035,,0.3935488,0.0405761982,0.1638524552,-0.487422148,,,,,,0.0388697308,-1.161561636,0.0041773575,-0.040033722,-0.067776121,,,-0.401826593,0.2735282533,0.7128767479,0.3245029939,0.3702149801,1.7162162162,0.1282051282,0.1686746988,-0.098365418,1.9381313131,,0.5312094532,0.7848212225,0.7210004475,4.0,-1.261239243,5.445611439,17.864168692,-47.45675405,-1.146491658,0.0153135807,0.5602881663,0.2890867933,0.1427183538,-0.018432933,0.4336270164,0.0408595915,0.0763816688,0.0723325201,0.0169328037,0.0163806471,0.005153462,0.2757364925,0.1030796374,0.1794696416,17.400307891,1.5897749428,-0.240322118,-0.471406284,0.5382821011,0.4032644027,0.00339954,436660.08833136,0.86877276,0.00704526,0.79870937,0.00281452,0.00246647,0.00872836,0.021931,0.15006486,-0.51011961,0.17152486,0.01972046,-0.2553551,,,0.02910335,0.0471972,0.0267709,-0.07017478,0.05279691,0.02436487,0.69922503,0.56219626,0.48762723,1.1893085507,1.1536553379,457,-0.143564911,1.5843525877,-1.117413558,-0.683588879
20220331,20220331,274192.0,01W,JPN,0.03587,2022,3,20220228,20220228,38.231593124,9.5600875412,38.231593124,0.0261676463,-0.093671471,0.1127587442,-0.208736521,-0.018619084,-0.205757492,-0.36887818,-0.217222922,0.1451346762,0.6590160327,0.0180846802,-0.038025973,0.0245863324,0.0160267284,0.3699343177,0.2224547405,-0.027121121,-0.862296062,,0.4853974665,0.4083114746,-0.030595878,-0.012528994,0.0002033725,0.0066227679,0.0213841637,-0.014761396,0.2983578453,0.0065886219,0.2442229334,0.266295953,-0.254145753,0.000313118,-0.04210348,0.1744482173,0.4396045721,0.2282978066,0.2867483296,0.1236080178,0.2925266904,0.1853568119,0.0009267841,0.1844300278,-0.059623108,-0.869369369,-0.313768861,-4.575089205,0.5510973558,0.5678097003,0.9004158618,1.6768683274,0.0118845501,0.2876221498,-0.252556244,0.4822695035,,0.3935488,0.0405761982,0.1638524552,-0.487422148,,,,,,0.0388697308,-1.161561636,0.0041773575,-0.040033722,-0.067776121,,,-0.401826593,0.2735282533,0.7128767479,0.3245029939,0.3702149801,1.7162162162,0.1282051282,0.1686746988,-0.098365418,1.9381313131,,0.5312094532,0.7848212225,0.7210004475,4.0,-1.261239243,5.445611439,17.864168692,-47.45675405,-1.146491658,0.0153135807,0.7199209071,0.3714510478,0.1833805047,-0.023684694,0.5571724941,0.0525009736,0.0981437118,0.0929409126,0.0217571602,0.0210476876,0.0066217444,0.3562029106,0.1355845954,0.1962204224,16.849566027,1.5985477956,-0.03688687,-0.030526686,0.5382003206,0.4279728191,0.00162233,375592.46064104,0.87214312,0.00675702,1.04216598,0.0029108,0.00246989,0.00979541,0.05393257,-3.56680926,0.24207074,-3.37196105,0.05598084,-3.26709996,,,0.03003184,0.05585119,0.05557822,-2.92123631,0.05829529,0.02742344,0.82013272,0.44484537,0.47777463,1.3266318327,1.061606226,458,-0.183045262,1.5822976556,-1.122199055,-0.763237528
20220428,20220430,274192.0,01W,JPN,-0.11815,2022,4,20220331,20220331,38.629132384,9.6594951205,38.629132384,0.0254763095,-0.093671471,0.1232509756,0.0358704101,-0.272961673,-0.407263189,-0.489679738,-0.391619453,-0.031942685,0.6314216831,0.091618141,-0.043093948,-0.062748222,0.0235748654,0.3699343177,0.2224547405,-0.027121121,-0.862296062,,0.4853974665,0.4083114746,-0.030595878,-0.012528994,0.0002033725,0.0066227679,0.0213841637,-0.014761396,0.2983578453,0.0065886219,0.2442229334,0.266295953,-0.254145753,0.000313118,-0.04210348,0.1744482173,0.4396045721,0.2282978066,0.2867483296,0.1236080178,0.2925266904,0.1853568119,0.0009267841,0.1844300278,-0.059623108,-0.869369369,-0.313768861,-4.575089205,0.5510973558,0.5678097003,0.9004158618,1.6768683274,0.0118845501,0.2876221498,-0.252556244,0.4822695035,,0.3935488,0.0405761982,0.1638524552,-0.487422148,,,,,,0.0388697308,-1.161561636,0.0041773575,-0.040033722,-0.067776121,,,-0.401826593,0.2735282533,0.7128767479,0.3245029939,0.3702149801,1.7162162162,0.1282051282,0.1686746988,-0.098365418,1.9381313131,,0.5312094532,0.7848212225,0.7210004475,4.0,-1.261239243,5.445611439,17.864168692,-47.45675405,-1.146491658,0.0153135807,0.7125120733,0.3676283792,0.1814933034,-0.023440951,0.551438533,0.0519606767,0.0971336975,0.0919844412,0.0215332534,0.0208310821,0.0065535989,0.352449172,0.1340419554,0.1955753899,16.875126917,1.5906476803,-0.199260617,-0.484373448,0.5370740898,0.3679801442,0.0028027,296418.49551183,0.93674813,0.00619845,1.1151149,0.00309666,0.00242256,0.00771038,0.02935063,0.88806192,-0.38893304,0.66172452,0.02741083,1.21031287,,,0.0431891,0.09169017,0.03267012,0.41875111,0.07055696,0.02859202,0.92708323,0.44947095,0.47874927,1.2951590016,1.4592246531,459,-0.190354991,1.5851622151,-1.120580321,-0.774627666
20220531,20220531,274192.0,01W,JPN,-0.003227,2022,5,20220428,20220430,34.065101725,8.518226105,34.065101725,0.0288896167,-0.093671471,0.1232509756,-0.118149966,-0.180353575,-0.351167717,-0.439716177,-0.422688774,-0.059751444,0.9924416458,0.1160155804,-0.064381725,0.0700331232,0.0159991858,0.3699343177,0.2224547405,-0.027121121,-0.862296062,,0.4853974665,0.4083114746,-0.030595878,-0.012528994,0.0002033725,0.0066227679,0.0213841637,-0.014761396,0.2983578453,0.0065886219,0.2442229334,0.266295953,-0.254145753,0.000313118,-0.04210348,0.1744482173,0.4396045721,0.2282978066,0.2867483296,0.1236080178,0.2925266904,0.1853568119,0.0009267841,0.1844300278,-0.059623108,-0.869369369,-0.313768861,-4.575089205,0.5510973558,0.5678097003,0.9004158618,1.6768683274,0.0118845501,0.2876221498,-0.252556244,0.4822695035,,0.3935488,0.0405761982,0.1638524552,-0.487422148,,,,,,0.0388697308,-1.161561636,0.0041773575,-0.040033722,-0.067776121,,,-0.401826593,0.2735282533,0.7128767479,0.3245029939,0.3702149801,1.7162162162,0.1282051282,0.1686746988,-0.098365418,1.9381313131,,0.5312094532,0.7848212225,0.7210004475,4.0,-1.261239243,5.445611439,17.864168692,-47.45675405,-1.146491658,0.0153135807,0.8079741967,0.4168831035,0.205809714,-0.026581562,0.6253200788,0.0589223504,0.110147637,0.1043084851,0.0244182713,0.0236220233,0.0074316478,0.4009596762,0.1541817876,0.1801266813,16.545777264,1.5665760844,-0.282456862,-0.349460101,0.5295271345,0.3563069602,0.00420146,273524.94644823,1.03558175,0.00610218,1.14485615,0.00319376,0.00251398,0.00824539,0.02614466,0.31956036,-0.18544643,1.752353,0.01559056,-0.32358382,,,0.03678055,0.05495059,0.03079408,0.290941,0.09958698,0.02903685,1.11003939,0.39636597,0.48062424,1.3102797271,1.2178950359,460,-0.202963048,1.5768841875,-1.134205267,-0.787652593
20220630,20220630,274192.0,01W,JPN,-0.104732,2022,6,20220531,20220531,33.955165449,8.4907357407,33.955165449,0.0289831523,-0.093671471,0.1232509756,-0.00322724,-0.086517643,-0.290652743,-0.425917363,-0.543821849,-0.202726564,1.017715775,-0.021430885,-0.062726848,0.0034265824,0.022372038,0.3699343177,0.2224547405,-0.027121121,-0.862296062,,0.4853974665,0.4083114746,-0.030595878,-0.012528994,0.0002033725,0.0066227679,0.0213841637,-0.014761396,0.2983578453,0.0065886219,0.2442229334,0.266295953,-0.254145753,0.000313118,-0.04210348,0.1744482173,0.4396045721,0.2282978066,0.2867483296,0.1236080178,0.2925266904,0.1853568119,0.0009267841,0.1844300278,-0.059623108,-0.869369369,-0.313768861,-4.575089205,0.5510973558,0.5678097003,0.9004158618,1.6768683274,0.0118845501,0.2876221498,-0.252556244,0.4822695035,,0.3935488,0.0405761982,0.1638524552,-0.487422148,,,,,,0.0388697308,-1.161561636,0.0041773575,-0.040033722,-0.067776121,,,-0.401826593,0.2735282533,0.7128767479,0.3245029939,0.3702149801,1.7162162162,0.1282051282,0.1686746988,-0.098365418,1.9381313131,,0.5312094532,0.7848212225,0.7210004475,4.0,-1.261239243,5.445611439,17.864168692,-47.45675405,-1.146491658,0.0153135807,0.8105901662,0.4182328414,0.2064760619,-0.026667624,0.6273446709,0.0591131226,0.1105042608,0.1046462036,0.0244973301,0.0236985041,0.0074557092,0.4022934271,0.1547418227,0.162394768,16.536752023,1.5426381086,-0.422789515,-0.139978298,0.5292942358,0.3457487415,0.0043079,247191.73821036,1.17109997,0.00584494,1.21505855,0.0032946,0.00295577,0.00841239,0.02373102,-0.03541487,0.01016635,0.87025581,0.02314668,-0.67350936,,,0.03656427,0.05101458,0.02874041,-0.18209512,0.12483966,0.02698092,1.47039431,0.42971441,0.48207837,1.2825635812,1.2664394576,461,-0.201908323,1.5737962942,-1.13737706,-0.775235216
20220729,20220731,274192.0,01W,JPN,-0.009218,2022,7,20220630,20220630,30.398959812,7.601480692,30.398959812,0.0323737305,-0.093671471,0.1232509756,-0.10473239,-0.120995908,-0.338006644,-0.460292785,-0.535335882,-0.342820387,0.9248486288,-0.056503797,-0.067111266,0.0135764018,0.0203763157,0.3699343177,0.2224547405,-0.027121121,-0.862296062,,0.4853974665,0.4083114746,-0.030595878,-0.012528994,0.0002033725,0.0066227679,0.0213841637,-0.014761396,0.2983578453,0.0065886219,0.2442229334,0.266295953,-0.254145753,0.000313118,-0.04210348,0.1744482173,0.4396045721,0.2282978066,0.2867483296,0.1236080178,0.2925266904,0.1853568119,0.0009267841,0.1844300278,-0.059623108,-0.869369369,-0.313768861,-4.575089205,0.5510973558,0.5678097003,0.9004158618,1.6768683274,0.0118845501,0.2876221498,-0.252556244,0.4822695035,,0.3935488,0.0405761982,0.1638524552,-0.487422148,,,,,,0.0388697308,-1.161561636,0.0041773575,-0.040033722,-0.067776121,,,-0.401826593,0.2735282533,0.7128767479,0.3245029939,0.3702149801,1.7162162162,0.1282051282,0.1686746988,-0.098365418,1.9381313131,,0.5312094532,0.7848212225,0.7210004475,4.0,-1.261239243,5.445611439,17.864168692,-47.45675405,-1.146491658,0.0153135807,0.9054166121,0.467159581,0.2306305507,-0.029787322,0.7007342431,0.0660284389,0.1234315411,0.1168881823,0.0273631368,0.0264708606,0.0083279112,0.4508003956,0.1753443132,0.1657587057,16.209595493,1.5397647629,-0.38700913,-0.254440715,0.5286861002,0.3432401755,0.00442133,219136.07019985,1.34245174,0.00553742,1.29935101,0.00341494,0.00314918,0.01101556,0.02036093,0.60704057,0.36977213,1.76845901,0.02130893,0.65863998,,,0.03058821,0.06286907,0.02735961,0.5896432,0.14941814,0.02723011,1.39917424,0.40650162,0.4849849,1.2849723922,1.0309162744,462,-0.219980917,1.5624740187,-1.15011762,-0.784464206
20220831,20220831,274192.0,01W,JPN,-0.188692,2022,8,20220729,20220731,30.11874964,7.5314121034,30.11874964,0.0326749199,-0.093671471,0.1232509756,-0.009217755,-0.107621634,-0.354984252,-0.489405397,-0.559088068,-0.256047257,0.8061654813,-0.139346365,-0.055281392,0.1004598618,0.0110687934,-0.13422621,0.0951936719,2.6845712849,-0.836057278,,0.5179489836,0.8886296357,-0.029832448,-0.031732495,-0.00276931,-0.020580994,0.0442263941,-0.064807388,0.0335755274,-0.002316993,0.0358925207,-0.0693624,0.0348605953,-0.001136099,-0.125742024,0.1281327215,0.5628859279,0.2642183945,0.3375394322,0.134384858,0.267699115,-0.109708536,-0.065323367,-0.044385169,-0.08319792,-1.201877934,-0.048337325,-0.698281447,0.324981712,0.744881378,0.8544654762,2.0892330383,0.0056477233,0.3168670783,-0.017133884,0.1081081081,,-0.025033734,-0.023199207,0.0257819396,2.5846415805,,,,,,0.0338412178,0.9852570318,-0.082863128,-0.014844878,-0.1366068,,,1.0346469858,0.1567227823,0.4873318832,0.2713108032,0.2287533609,1.7699530516,0.1524211895,0.1810204745,0.0242160613,1.9413249211,,0.4736938577,0.8552810268,0.452301387,6.0,-1.690657823,4.19326263,13.025483537,-38.6422239,-0.459863244,0.0391287409,0.8412924145,0.433359921,0.2004118751,-0.066165994,0.7745795938,0.0582370115,0.1282307905,0.1038970158,0.0825707862,0.0825707862,0.0043746112,0.3970173458,0.1583970384,0.145439025,16.865673499,1.4904990774,-0.354625667,-0.321049373,0.8214553661,0.3794258717,0.00386104,186882.71383453,1.50267609,0.00515413,1.40957045,0.00348149,0.00327567,0.00673858,0.01008598,0.55611081,-0.16642182,1.23703855,0.00939899,0.59495282,,,0.01738403,0.0240875,0.01330767,0.31829542,0.16871148,0.02679239,1.4004719,0.42688096,0.48773563,1.2571819933,0.5983313182,463,-0.114383511,1.6207101867,-0.995077279,-0.847476776
20220928,20220930,274192.0,01W,JPN,-0.002862,2022,9,20220831,20220831,24.435575067,6.1102930239,24.435575067,0.040274384,-0.093671471,0.1232509756,-0.188692248,-0.112984748,-0.192342162,-0.37282875,-0.492423321,-0.205757492,0.5314649627,0.0602599301,-0.077913408,0.0546752662,0.0117224755,-0.13422621,0.0951936719,2.6845712849,-0.836057278,,0.5179489836,0.8886296357,-0.029832448,-0.031732495,-0.00276931,-0.020580994,0.0442263941,-0.064807388,0.0335755274,-0.002316993,0.0358925207,-0.0693624,0.0348605953,-0.001136099,-0.125742024,0.1281327215,0.5628859279,0.2642183945,0.3375394322,0.134384858,0.267699115,-0.109708536,-0.065323367,-0.044385169,-0.08319792,-1.201877934,-0.048337325,-0.698281447,0.324981712,0.744881378,0.8544654762,2.0892330383,0.0056477233,0.3168670783,-0.017133884,0.1081081081,,-0.025033734,-0.023199207,0.0257819396,2.5846415805,,,,,,0.0338412178,0.9852570318,-0.082863128,-0.014844878,-0.1366068,,,1.0346469858,0.1567227823,0.4873318832,0.2713108032,0.2287533609,1.7699530516,0.1524211895,0.1810204745,0.0242160613,1.9413249211,,0.4736938577,0.8552810268,0.452301387,6.0,-1.690657823,4.19326263,13.025483537,-38.6422239,-0.459863244,0.0391287409,1.036958432,0.5341498585,0.2470232469,-0.081554742,0.954729684,0.0717816529,0.1580544376,0.1280611648,0.1017749257,0.1017749257,0.005392049,0.4975540485,0.1985079205,0.1651589576,16.291750373,1.5341880939,-0.217908833,-0.000657549,0.8199949749,0.3858292205,0.00238987,147329.51780488,0.93827032,0.00459045,0.99024951,0.00365773,0.00343175,0.00474974,0.0257276,-3.03927966,0.36464815,0.3160753,0.02356974,-2.73639398,,,0.01227823,0.03022246,0.02576924,-2.88290645,0.17631386,0.02532992,1.29133441,0.34633184,0.48390142,1.1745084011,0.4403117255,464,-0.090300712,1.6234607125,-0.992119668,-0.812338994
20221031,20221031,274192.0,01W,JPN,0.090037,2022,10,20220928,20220930,24.365651028,6.0928080102,24.365651028,0.0403899626,-0.02927409,0.0546086779,-0.002861567,-0.196170684,-0.367431429,-0.523601546,-0.611603831,-0.407263189,0.6159589193,-0.053686846,-0.073292928,-0.053799562,0.0228437784,-0.13422621,0.0951936719,2.6845712849,-0.836057278,,0.5179489836,0.8886296357,-0.029832448,-0.031732495,-0.00276931,-0.020580994,0.0442263941,-0.064807388,0.0335755274,-0.002316993,0.0358925207,-0.0693624,0.0348605953,-0.001136099,-0.125742024,0.1281327215,0.5628859279,0.2642183945,0.3375394322,0.134384858,0.267699115,-0.109708536,-0.065323367,-0.044385169,-0.08319792,-1.201877934,-0.048337325,-0.698281447,0.324981712,0.744881378,0.8544654762,2.0892330383,0.0056477233,0.3168670783,-0.017133884,0.1081081081,,-0.025033734,-0.023199207,0.0257819396,2.5846415805,,,,,,0.0338412178,0.9852570318,-0.082863128,-0.014844878,-0.1366068,,,1.0346469858,0.1567227823,0.4873318832,0.2713108032,0.2287533609,1.7699530516,0.1524211895,0.1810204745,0.0242160613,1.9413249211,,0.4736938577,0.8552810268,0.452301387,6.0,-1.690657823,4.19326263,13.025483537,-38.6422239,-0.459863244,0.0391287409,1.0399342737,0.5356827507,0.2477321491,-0.081788786,0.9574695474,0.0719876504,0.158508019,0.1284286721,0.1020669973,0.1020669973,0.005407523,0.499109105,0.1991283376,0.1665646,16.283021701,1.4108734314,-0.488364837,-0.867121498,0.8029818654,0.3729757735,0.00364656,121328.34700233,0.96975987,0.00411706,1.01962628,0.00383714,0.00362278,0.00413337,0.0087735,0.18936386,-0.33149049,0.51672003,0.00881061,0.15333518,,,0.01260775,0.01803796,0.01192158,-0.3949033,0.18415289,0.02504941,1.16286222,0.37636172,0.47996798,1.1016377032,0.4601413375,465,-0.0653492,1.6201811742,-0.989743333,-0.783453313
20221130,20221130,274192.0,01W,JPN,0.14422,2022,11,20221031,20221031,26.55946759,6.6413877753,26.55946759,0.0370537448,-0.016429391,0.041463402,0.0900372643,-0.191013859,-0.284732768,-0.483001105,-0.590743566,-0.351167717,0.4734914832,-0.193381287,-0.047527606,0.0447566145,0.0118046679,-0.13422621,0.0951936719,2.6845712849,-0.836057278,,0.5179489836,0.8886296357,-0.029832448,-0.031732495,-0.00276931,-0.020580994,0.0442263941,-0.064807388,0.0335755274,-0.002316993,0.0358925207,-0.0693624,0.0348605953,-0.001136099,-0.125742024,0.1281327215,0.5628859279,0.2642183945,0.3375394322,0.134384858,0.267699115,-0.109708536,-0.065323367,-0.044385169,-0.08319792,-1.201877934,-0.048337325,-0.698281447,0.324981712,0.744881378,0.8544654762,2.0892330383,0.0056477233,0.3168670783,-0.017133884,0.1081081081,,-0.025033734,-0.023199207,0.0257819396,2.5846415805,,,,,,0.0338412178,0.9852570318,-0.082863128,-0.014844878,-0.1366068,,,1.0346469858,0.1567227823,0.4873318832,0.2713108032,0.2287533609,1.7699530516,0.1524211895,0.1810204745,0.0242160613,1.9413249211,,0.4736938577,0.8552810268,0.452301387,6.0,-1.690657823,4.19326263,13.025483537,-38.6422239,-0.459863244,0.0391287409,0.954035525,0.4914352639,0.2272694312,-0.075033018,0.8783823992,0.0660414582,0.1454152295,0.1178204418,0.0936362459,0.0936362459,0.0049608607,0.4545383277,0.1813460437,0.176299468,16.534977963,1.4302513162,-0.362348832,-0.372324721,0.7716743713,0.3787111979,0.00263594,125440.92931713,0.93885967,0.00455724,0.96414126,0.0035777,0.00353683,0.00564222,0.0165252,0.92675983,-0.32949531,0.77868403,0.01682437,1.39808247,,,0.02618195,0.04937522,0.01652758,0.91374509,0.16338235,0.0253979,1.20525053,0.44615036,0.47861207,1.0739592141,0.9492917731,466,-0.064337572,1.6209459144,-0.976977942,-0.795713523
20221230,20221231,274192.0,01W,JPN,0.079707,2022,12,20221130,20221130,30.527166975,7.5992063468,30.527166975,0.0322377682,-0.011985585,0.0369555431,0.1442196426,0.0869180495,-0.21780774,-0.287787095,-0.446944688,-0.290652743,0.1629278699,0.0680741977,-0.040605292,0.0213267917,0.0090389674,-0.13422621,0.0951936719,2.6845712849,-0.836057278,,0.5179489836,0.8886296357,-0.029832448,-0.031732495,-0.00276931,-0.020580994,0.0442263941,-0.064807388,0.0335755274,-0.002316993,0.0358925207,-0.0693624,0.0348605953,-0.001136099,-0.125742024,0.1281327215,0.5628859279,0.2642183945,0.3375394322,0.134384858,0.267699115,-0.109708536,-0.065323367,-0.044385169,-0.08319792,-1.201877934,-0.048337325,-0.698281447,0.324981712,0.744881378,0.8544654762,2.0892330383,0.0056477233,0.3168670783,-0.017133884,0.1081081081,,-0.025033734,-0.023199207,0.0257819396,2.5846415805,,,,,,0.0338412178,0.9852570318,-0.082863128,-0.014844878,-0.1366068,,,1.0346469858,0.1567227823,0.4873318832,0.2713108032,0.2287533609,1.7699530516,0.1524211895,0.1810204745,0.0242160613,1.9413249211,,0.4736938577,0.8552810268,0.452301387,6.0,-1.690657823,4.19326263,13.025483537,-38.6422239,-0.459863244,0.0391287409,0.8300369185,0.4275620786,0.1977306016,-0.065280772,0.7642166364,0.0574578692,0.1265152144,0.1025069968,0.0814660869,0.0814660869,0.0043160841,0.3913347604,0.1561298712,0.2098368943,16.898687864,1.4471723269,-0.174915159,-0.130651235,0.7578849644,0.3966455169,0.00386047,125643.79216117,0.92212525,0.00462417,0.9363727,0.00353533,0.00353974,0.00776018,0.01147493,-0.6259406,0.14394771,0.96080944,0.01211788,-0.6433953,,,0.03207259,0.05316071,0.01880978,0.76079324,0.15826949,0.02506617,1.15827257,0.55896261,0.48299279,1.039805124,1.1594113307,467,-0.059530876,1.6231378641,-0.977496982,-0.793270514
20230131,20230131,274192.0,01W,JPN,0.020915,2023,1,20221230,20221231,32.96040846,8.2049194205,32.96040846,0.0298578743,-0.011985585,0.0369555431,0.0797074123,0.247242049,-0.000299198,-0.213291559,-0.407516113,-0.338006644,-0.015236532,-0.081167846,-0.025980269,0.0084791198,0.0058151861,-0.13422621,0.0951936719,2.6845712849,-0.836057278,,0.5179489836,0.8886296357,-0.029832448,-0.031732495,-0.00276931,-0.020580994,0.0442263941,-0.064807388,0.0335755274,-0.002316993,0.0358925207,-0.0693624,0.0348605953,-0.001136099,-0.125742024,0.1281327215,0.5628859279,0.2642183945,0.3375394322,0.134384858,0.267699115,-0.109708536,-0.065323367,-0.044385169,-0.08319792,-1.201877934,-0.048337325,-0.698281447,0.324981712,0.744881378,0.8544654762,2.0892330383,0.0056477233,0.3168670783,-0.017133884,0.1081081081,,-0.025033734,-0.023199207,0.0257819396,2.5846415805,,,,,,0.0338412178,0.9852570318,-0.082863128,-0.014844878,-0.1366068,,,1.0346469858,0.1567227823,0.4873318832,0.2713108032,0.2287533609,1.7699530516,0.1524211895,0.1810204745,0.0242160613,1.9413249211,,0.4736938577,0.8552810268,0.452301387,6.0,-1.690657823,4.19326263,13.025483537,-38.6422239,-0.459863244,0.0391287409,0.7687609708,0.3959980951,0.1831335039,-0.060461539,0.7077997499,0.0532161478,0.1171754616,0.0949396064,0.075452003,0.075452003,0.0039974571,0.3605860795,0.1438621453,0.1990833871,17.078421085,1.4334437713,-0.20019061,-0.043337556,0.7467188445,0.392248593,0.0040801,128183.90151458,0.90603594,0.00469654,0.91926197,0.00346444,0.0035705,0.00562092,0.01826906,0.86091052,-0.02794496,2.03116102,0.01901264,0.83382576,,,0.03286013,0.04684363,0.02185825,0.06189646,0.1492596,0.02518687,1.15929433,0.60358347,0.48730978,1.0338053134,1.1864264183,468,-0.070914863,1.624007162,-0.974334461,-0.812338994
20230228,20230228,274192.0,01W,JPN,0.312924,2023,2,20230131,20230131,33.649766569,8.3765231111,33.649766569,0.0292461979,-0.011985585,0.0369555431,0.020914732,0.2354224295,0.0894264326,-0.036780743,-0.303780085,-0.354984252,-0.181834214,-0.208736521,-0.005102882,-0.023891966,0.0045058369,-0.049293037,0.0951936719,2.6845712849,-0.023512288,,0.5179489836,0.8886296357,-0.000120837,-0.031732495,-0.00276931,-0.054556209,0.0244463386,-0.079002547,0.163787526,-0.047808783,0.2115963087,-0.033910147,-0.056541999,-0.001136099,0.0072078827,0.1281327215,0.5628859279,0.2642183945,0.3375394322,0.134384858,0.267699115,-0.109708536,-0.065323367,-0.033910147,0.1325937614,-1.201877934,0.0760517624,-0.698281447,0.5283379425,0.744881378,0.8544654762,2.0892330383,0.0056477233,0.2319070259,-0.017133884,0.1081081081,,0.1260578122,-0.023199207,0.0257819396,2.5846415805,,,,,,0.0338412178,0.9852570318,-0.082863128,-0.014844878,-0.1366068,,,1.0346469858,0.1567227823,0.4873318832,0.2713108032,0.2287533609,1.7699530516,0.1524211895,0.1810204745,0.0242160613,1.818443804,,0.4736938577,0.8552810268,0.4671295901,6.0,-1.690657823,4.19326263,13.025483537,-38.6422239,-0.459863244,0.0391287409,0.7776278402,0.4276336934,0.1819805247,0.001643165,0.6932995751,0.0521259476,0.1147749738,0.0929946483,0.0739062731,0.0739062731,0.0039155641,0.4244714692,0.1407294177,0.2058896309,17.124615819,1.3921956856,-0.140529883,0.2087942324,0.4138194328,0.4048720072,0.0047427,125614.66238633,0.79829154,0.00456912,0.8510612,0.00354738,0.00361725,0.00630236,0.01415262,0.22343613,-0.10333185,0.85212379,0.01242075,-1.84251812,,,0.01816216,0.03707682,0.01525374,-0.14787737,0.1514297,0.02477981,1.01410708,0.80109346,0.48273873,1.017924994,0.6718579915,469,-0.252237525,1.2612593488,-0.956598915,-0.771179936
20230331,20230331,274192.0,01W,JPN,0.023246,2023,3,20230228,20230228,44.1796011,10.997741957,44.1796011,0.0222756138,0.0045180346,0.0203896925,0.3129244451,0.1022892035,0.3708873009,-0.013451441,-0.101713669,-0.192342162,-0.296511475,0.0358704101,0.0200838482,0.020281286,-0.002441405,-0.049293037,0.0951936719,2.6845712849,-0.023512288,,0.5179489836,0.8886296357,-0.000120837,-0.031732495,-0.00276931,-0.054556209,0.0244463386,-0.079002547,0.163787526,-0.047808783,0.2115963087,-0.033910147,-0.056541999,-0.001136099,0.0072078827,0.1281327215,0.5628859279,0.2642183945,0.3375394322,0.134384858,0.267699115,-0.109708536,-0.065323367,-0.033910147,0.1325937614,-1.201877934,0.0760517624,-0.698281447,0.5283379425,0.744881378,0.8544654762,2.0892330383,0.0056477233,0.2319070259,-0.017133884,0.1081081081,,0.1260578122,-0.023199207,0.0257819396,2.5846415805,,,,,,0.0338412178,0.9852570318,-0.082863128,-0.014844878,-0.1366068,,,1.0346469858,0.1567227823,0.4873318832,0.2713108032,0.2287533609,1.7699530516,0.1524211895,0.1810204745,0.0242160613,1.818443804,,0.4736938577,0.8552810268,0.4671295901,6.0,-1.690657823,4.19326263,13.025483537,-38.6422239,-0.459863244,0.0391287409,0.5922868167,0.3257108168,0.1386070047,0.0012515305,0.5280574809,0.0397021685,0.0874193288,0.0708301598,0.0562913375,0.0562913375,0.0029823225,0.3234287401,0.1056032943,0.2493910827,17.651044971,1.263534546,-0.060840253,0.5910976384,0.2297407324,0.507521316,0.00050427,318926.97290589,2.62202307,0.00828014,2.17258179,0.00226721,0.00302216,0.00018311,0.06445495,3.52245718,-0.04975648,7.04770304,0.06536231,2.99381927,,,0.07646594,0.28336533,0.06812289,3.76850397,0.15635855,0.02732443,1.01895566,0.94266072,0.44463227,1.0358463764,2.5966675849,470,-0.266561103,1.2626164904,-0.954730034,-0.791584274
20230428,20230430,274192.0,01W,JPN,-0.022702,2023,4,20230331,20230331,45.430562716,11.253400431,45.430562716,,0.0094941742,-0.009449388,0.0232464514,0.340383908,0.8050366824,0.4467894353,0.1385421101,-0.367431429,-0.297099378,-0.118149966,0.0329380679,-0.013299353,0.0005916891,-0.049293037,0.0951936719,2.6845712849,-0.023512288,,0.5179489836,0.8886296357,-0.000120837,-0.031732495,-0.00276931,-0.054556209,0.0244463386,-0.079002547,0.163787526,-0.047808783,0.2115963087,-0.033910147,-0.056541999,-0.001136099,0.0072078827,0.1281327215,0.5628859279,0.2642183945,0.3375394322,0.134384858,0.267699115,-0.109708536,-0.065323367,-0.033910147,0.1325937614,-1.201877934,0.0760517624,-0.698281447,0.5283379425,0.744881378,0.8544654762,2.0892330383,0.0056477233,0.2319070259,-0.017133884,0.1081081081,,0.1260578122,-0.023199207,0.0257819396,2.5846415805,,,,,,0.0338412178,0.9852570318,-0.082863128,-0.014844878,-0.1366068,,,1.0346469858,0.1567227823,0.4873318832,0.2713108032,0.2287533609,1.7699530516,0.1524211895,0.1810204745,0.0242160613,1.818443804,,0.4736938577,0.8552810268,0.4671295901,6.0,-1.690657823,4.19326263,13.025483537,-38.6422239,-0.459863244,0.0391287409,0.5759777941,0.3167421467,0.134790366,0.0012170688,0.513517057,0.0386089422,0.0850121778,0.0688798029,0.0547413171,0.0547413171,0.0029002022,0.3145337344,0.1025620285,0.2474827185,17.697367932,1.2595636962,0.1325666099,0.5573135111,0.1534169569,0.6387558701,0.00131179,406439.8327947,2.19896636,0.00993062,1.95020374,0.00200242,0.00283951,0.00051126,0.00697686,0.12209493,0.26161634,-0.15206344,0.00674852,0.03983551,,,0.01257628,0.01580395,0.00817584,0.25954205,0.13760839,0.02606762,0.86317172,0.96457424,0.44185891,1.015892139,0.4502374089,471,-0.243900427,1.2607007945,-0.949959366,-0.758965305
20230531,20230531,274192.0,01W,JPN,-0.024436,2023,5,20230428,20230430,51.479650644,10.997923165,51.479650644,,0.1704810402,-0.15741481,-0.022702228,0.3434452793,0.6944350807,0.4941952819,0.321096704,-0.284732768,-0.314512362,-0.00322724,0.0311676144,0.0735279566,-0.007810817,-0.049293037,0.0951936719,2.6845712849,-0.023512288,,0.5179489836,0.8886296357,-0.000120837,-0.031732495,-0.00276931,-0.054556209,0.0244463386,-0.079002547,0.163787526,-0.047808783,0.2115963087,-0.033910147,-0.056541999,-0.001136099,0.0072078827,0.1281327215,0.5628859279,0.2642183945,0.3375394322,0.134384858,0.267699115,-0.109708536,-0.065323367,-0.033910147,0.1325937614,-1.201877934,0.0760517624,-0.698281447,0.5283379425,0.744881378,0.8544654762,2.0892330383,0.0056477233,0.2319070259,-0.017133884,0.1081081081,,0.1260578122,-0.023199207,0.0257819396,2.5846415805,,,,,,0.0338412178,0.9852570318,-0.082863128,-0.014844878,-0.1366068,,,1.0346469858,0.1567227823,0.4873318832,0.2713108032,0.2287533609,1.7699530516,0.1524211895,0.1810204745,0.0242160613,1.818443804,,0.4736938577,0.8552810268,0.4671295901,6.0,-1.690657823,4.19326263,13.025483537,-38.6422239,-0.459863244,0.0391287409,0.5082978414,0.2795235356,0.1189518984,0.0010740578,0.4531765187,0.0340722197,0.0750228688,0.0607861197,0.0483089688,0.0483089688,0.0025594156,0.2776142752,0.0900252196,0.2713184328,17.889601143,1.2626286143,0.1222504431,0.3897841606,0.135264421,0.6434426456,0.00630416,390147.42524384,2.30326572,0.00911564,2.14626511,0.00218086,0.00288163,0.00050154,,,,,,,,,,,,,0.14532835,0.02598302,0.73962532,0.96457424,0.44491145,1.002143795,,472,-0.203143592,1.2534410057,-0.919772591,-0.73375262
20230602,20230630,274192.0,01W,JPN,0.002098,2023,6,20230531,20230531,50.221706276,10.729180559,50.221706276,,0.1704810402,-0.15741481,-0.02443576,1.64768e-05,0.4472462864,0.7999011049,0.2952850614,-0.21780774,-0.423076347,-0.10473239,0.0384673081,-0.008376543,-0.00462791,-0.049293037,0.0951936719,2.6845712849,-0.023512288,,0.5179489836,0.8886296357,-0.000120837,-0.031732495,-0.00276931,-0.054556209,0.0244463386,-0.079002547,0.163787526,-0.047808783,0.2115963087,-0.033910147,-0.056541999,-0.001136099,0.0072078827,0.1281327215,0.5628859279,0.2642183945,0.3375394322,0.134384858,0.267699115,-0.109708536,-0.065323367,-0.033910147,0.1325937614,-1.201877934,0.0760517624,-0.698281447,0.5283379425,0.744881378,0.8544654762,2.0892330383,0.0056477233,0.2319070259,-0.017133884,0.1081081081,,0.1260578122,-0.023199207,0.0257819396,2.5846415805,,,,,,0.0338412178,0.9852570318,-0.082863128,-0.014844878,-0.1366068,,,1.0346469858,0.1567227823,0.4873318832,0.2713108032,0.2287533609,1.7699530516,0.1524211895,0.1810204745,0.0242160613,1.818443804,,0.4736938577,0.8552810268,0.4671295901,6.0,-1.690657823,4.19326263,13.025483537,-38.6422239,-0.459863244,0.0391287409,0.5210295954,0.2865249914,0.1219313844,0.0011009606,0.4645276036,0.0349256546,0.0769020283,0.0623086796,0.0495190033,0.0495190033,0.0026235234,0.2845602609,0.0923733301,0.2719493375,17.853438796,1.285138694,0.1047577611,0.3228935633,0.1359285052,0.6491524905,0.00557301,385729.54612248,2.33633092,0.00877259,2.24394415,0.00223492,0.002915,0.00014675,0.0049543,0.06789168,0.58617569,0.54530703,0.00348468,-0.59425255,,,0.00634534,0.01112597,0.00557665,0.63221325,0.17202634,0.02495774,0.67976321,0.91964125,0.44526749,0.9730506485,0.2401627923,473,-0.172346313,1.2531251076,-0.91740357,-0.67374094
