date,ret_eom,gvkey,iid,excntry,stock_ret,year,month,char_date,char_eom,me,prc,market_equity,div12m_me,chcsho_12m,eqnpo_12m,ret_1_0,ret_3_1,ret_6_1,ret_9_1,ret_12_1,ret_12_7,ret_60_12,seas_1_1an,seas_1_1na,seas_2_5an,seas_2_5na,at_gr1,sale_gr1,capx_gr1,inv_gr1,debt_gr3,sale_gr3,capx_gr3,inv_gr1a,lti_gr1a,sti_gr1a,coa_gr1a,col_gr1a,cowc_gr1a,ncoa_gr1a,ncol_gr1a,nncoa_gr1a,fnl_gr1a,nfna_gr1a,tax_gr1a,be_gr1a,ebit_sale,gp_at,cop_at,ope_be,ni_be,ebit_bev,netis_at,eqnetis_at,dbnetis_at,oaccruals_at,oaccruals_ni,taccruals_at,taccruals_ni,noa_at,opex_at,at_turnover,sale_bev,rd_sale,cash_at,sale_emp_gr1,emp_gr1,ni_inc8q,noa_gr1a,ppeinv_gr1a,lnoa_gr1a,capx_gr2,saleq_gr1,niq_be,niq_at,niq_be_chg1,niq_at_chg1,rd5_at,dsale_dinv,dsale_drec,dgp_dsale,dsale_dsga,saleq_su,niq_su,capex_abn,op_atl1,gp_atl1,ope_bel1,cop_atl1,pi_nix,ocf_at,op_at,ocf_at_chg1,at_be,ocfq_saleq_std,tangibility,earnings_variability,aliq_at,f_score,o_score,z_score,intrinsic_value,kz_index,ni_ar1,ni_ivol,at_me,be_me,debt_me,netdebt_me,sale_me,ni_me,ocf_me,fcf_me,eqpo_me,eqnpo_me,rd_me,bev_mev,ebitda_mev,aliq_mat,eq_dur,beta_60m,resff3_12_1,resff3_6_1,mispricing_mgmt,mispricing_perf,zero_trades_21d,dolvol_126d,dolvol_var_126d,turnover_126d,turnover_var_126d,zero_trades_126d,zero_trades_252d,bidaskhl_21d,ivol_capm_21d,iskew_capm_21d,coskew_21d,beta_dimson_21d,ivol_ff3_21d,iskew_ff3_21d,ivol_hxz4_21d,iskew_hxz4_21d,rmax5_21d,rmax1_21d,rvol_21d,rskew_21d,ami_126d,ivol_capm_252d,betadown_252d,prc_highprc_252d,corr_1260d,betabab_1260d,rmax5_rvol_21d,age,qmj,qmj_prof,qmj_growth,qmj_safety
20071231,20071231,287206.0,01W,GBR,0.03229,2007,12,20071130,20071130,131.12574221,1.928625,131.12574221,,,,,,,,,,,,,,,,,,,,,,,,,,,,,,,,,,,0.1485456086,0.1469088591,,0.0507655117,0.0196078431,0.05538008,0.4474984066,0.2549394519,0.1925589547,,,,,,0.2258604207,,0.3728153295,,0.0819292381,,,,,,,,,0.0115571053,0.0034274033,,,,,,,,,,,,,,,3.6301369863,0.0044614404,0.0562460166,,8.825458454,,0.5626673837,,,,,,,,,,0.4144104149,0.0469562479,0.3127408887,0.2787885592,0.0359450578,0.0007410306,0.0005684618,-0.001583572,,,,0.2465014396,0.0067411789,,,,,,,,0.008305,,,,,,,,0.01234416,-0.68315907,-0.08710634,0.34579729,0.01216143,-0.29441397,0.01033375,-0.46629272,0.00142178,0.01141674,0.01249548,-0.72476732,,,,,,,,287,,,,
20080129,20080131,287206.0,01W,GBR,0.003183,2008,1,20071231,20071231,135.35977194,1.9909,135.35977194,,,,,,,,,,,,,,,,,,,,,,,,,,,,,,,,,,,0.1485456086,0.1469088591,,0.0507655117,0.0196078431,0.05538008,0.4474984066,0.2549394519,0.1925589547,,,,,,0.2258604207,,0.3728153295,,0.0819292381,,,,,,,,,0.0115571053,0.0034274033,,,,,,,,,,,,,,,3.6301369863,0.0044614404,0.0562460166,,8.825458454,,0.5626673837,,,,,,,,,,0.4014477304,0.0454874648,0.302958409,0.2700681023,0.0348207028,0.0007178513,0.0005506804,-0.001534038,,,,0.2404304885,0.0065424663,,,,,,,0.3944540351,0.00903733,,,,,,,0.00998669,0.02586534,0.80831288,-0.02792369,1.46595327,0.02030663,0.69451231,0.02108908,0.34829929,0.03360101,0.0754559,0.02998771,0.3065812,,,,,,,,288,,-0.451007237,,-1.691251596
20080229,20080229,287206.0,01W,GBR,0.050861,2008,2,20080129,20080131,135.79058574,1.9972365,135.79058574,,,,0.0031827314,,,,,,,,,,,,,,,,,,,,,,,,,,,,,,,0.1485456086,0.1469088591,,0.0507655117,0.0196078431,0.05538008,0.4474984066,0.2549394519,0.1925589547,,,,,,0.2258604207,,0.3728153295,,0.0819292381,,,,,,,,,0.0097941372,0.0011097596,,,,,,,,,,,,,,,3.6301369863,0.0044614404,0.0562460166,,8.825458454,,0.5626673837,,,,,,,,,,0.4214051356,0.0477488096,0.3180195571,0.2834941554,0.0347102294,0.0007155738,0.0005489333,-0.001529171,,,,0.2497430833,0.0065229019,,,,,,,0.3933579111,0.00494715,,,,,,,0.03739269,0.0417081,0.79185192,-0.8384791,2.57901229,0.04289368,0.84793978,0.04561485,0.94895514,0.04555248,0.10697674,0.04762695,-0.77364825,,,,,,,,289,,-0.408598928,,-1.693673701
20080331,20080331,287206.0,01W,GBR,-0.076712,2008,3,20080229,20080229,142.69696643,2.098817,142.69696643,,,,0.0508605265,,,,,,,,,,,,,,,,,,,,,,,,,,,,,,,0.1485456086,0.1469088591,,0.0507655117,0.0196078431,0.05538008,0.4474984066,0.2549394519,0.1925589547,,,,,,0.2258604207,,0.3728153295,,0.0819292381,,,,,,,,,0.0097941372,0.0011097596,,,,,,,,,,,,,,,3.6301369863,0.0044614404,0.0562460166,,8.825458454,,0.5626673837,,,,,,,,,,0.4010095773,0.0454378183,0.3026277504,0.2697733412,0.0330302914,0.0006809408,0.0005223655,-0.001455161,,,,0.2402238267,0.0062245077,,,,,,,0.3988313742,0.00647919,132143.30024371,2.61077171,0.00093122,2.60096224,0.00709765,,0.01994911,0.03454076,0.64520893,-0.32516473,-1.75384904,0.03571425,0.21987921,0.03299108,0.0695957,0.04472529,0.08226881,0.03504865,0.62841022,1.67079727,,,,,,,290,,-0.398276869,,-1.693353277
20080430,20080430,287206.0,01W,GBR,-0.069907,2008,4,20080331,20080331,131.75039332,1.9378125,131.75039332,,,,-0.076712024,0.0542051334,,,,,,,,,,,,,,,,,,,,,,,,,,,,,,0.1485456086,0.1469088591,,0.0507655117,0.0196078431,0.05538008,0.4474984066,0.2549394519,0.1925589547,,,,,,0.2258604207,,0.3728153295,,0.0819292381,,,,,,,,,0.0097941372,0.0011097596,,,,,,,,,,,,,,,3.6301369863,0.0044614404,0.0562460166,,8.825458454,,0.5626673837,,,,,,,,,,0.4343277371,0.049213051,0.3277717876,0.292187647,0.0357746361,0.0007375172,0.0005657666,-0.001576064,,,,0.2556698525,0.0067111069,,,,,,,0.4024146884,,116822.90717965,2.7643191,0.00082377,2.75217362,0.00729503,,0.01015858,,,,,,,,,,,,,1.69999907,,,,,,,291,,-0.359629426,,-1.696876132
20080528,20080531,287206.0,01W,GBR,0.033332,2008,5,20080430,20080430,122.54012935,1.802346,122.54012935,,,,-0.069906918,-0.029753111,,,,,,,,,,,,,,,,,,,,,,,,,,,,,,0.1485456086,0.1469088591,,0.0507655117,0.0196078431,0.05538008,0.4474984066,0.2549394519,0.1925589547,,,,,,0.2258604207,,0.3728153295,,0.2358154755,,,,,,,,,0.2726904014,0.0308981571,,,,,,,,,,,,,,,3.6301369863,0.0044614404,0.0562460166,,1.7479875661,,0.6140243103,,,,,,,,,,1.2130474786,0.6939680248,0.4685155753,0.1824602073,0.038463501,0.0007929499,0.0006082903,-0.001694523,,,,0.7236010931,0.0071836082,,,,,,,0.5929917615,,121883.20553336,2.68362791,0.00088055,2.68190634,0.00702803,,0.01214522,0.01384618,-0.80958203,-0.43160221,0.43519915,0.01186992,-0.69003098,0.01130776,-0.3501341,0.00905071,0.02155654,0.01515795,-0.76248719,10.76696695,,,,,,,292,,-0.333292949,,-1.471878924
20080630,20080630,287206.0,01W,GBR,0.255552,2008,6,20080528,20080531,126.62465075,1.862422,126.62465075,,,,0.0333321127,-0.141256241,,,,,,,,,,,,,,,,,,,,,,,,,,,,,,0.1485456086,0.1469088591,,0.0507655117,0.0196078431,0.05538008,0.4474984066,0.2549394519,0.1925589547,,,,,,0.2258604207,,0.3728153295,,0.2358154755,,,,,,,,,0.2726904014,0.0308981571,,,,,,,,,,,,,,,3.6301369863,0.0044614404,0.0562460166,,1.7479875661,,0.6140243103,,,,,,,,,,1.1739183015,0.6715827528,0.4534027052,0.1765746027,0.0372227868,0.0007673718,0.0005886688,-0.001639863,,,,0.703762875,0.0069661039,,,,,,,0.594858562,,146097.32417401,2.43293481,0.00107887,2.41807783,0.00651789,,0.01666731,,,,,,,,,,,,,11.27887392,,,,,,,293,,-0.328441972,,-1.476915661
20080731,20080731,287206.0,01W,GBR,0.037786,2008,7,20080630,20080630,158.98382215,2.3383675,158.98382215,,,,0.2555519104,-0.038904951,-0.064532623,,,,,,,,,,,,,,,,,,,,,,,,,,,,,0.1485456086,0.1469088591,,0.0507655117,0.0196078431,0.05538008,0.4474984066,0.2549394519,0.1925589547,,,,,,0.2258604207,,0.3728153295,,0.2358154755,,,,,,,,,0.2726904014,0.0308981571,,,,,,,,,,,,,,,3.6301369863,0.0044614404,0.0562460166,,1.7479875661,,0.6140243103,,,,,,,,,,0.9349818927,0.5348904711,0.3611182473,0.1406350476,0.0296465535,0.0006111828,0.0004688526,-0.001306089,,,,0.5781818279,0.005618401,,,,,,,0.5934393177,0.00547286,172732.13513193,2.40388804,0.00128845,2.44274858,0.00596472,,0.01526036,0.03575575,2.36203438,0.05457423,1.40949802,0.03552525,2.24532717,0.03507292,2.11752827,0.05398029,0.1357654,0.03575575,2.36280935,11.88652697,0.02908719,1.20221913,0.97161142,,,1.80247489,294,,-0.315299503,,-1.455219205
20080829,20080831,287206.0,01W,GBR,-0.233337,2008,8,20080731,20080731,164.99118116,2.426725,164.99118116,,,,0.0377859768,0.2974021081,0.170801505,,,,,,,,,8.6392144325,3.4096795342,31.159477316,2.500758378,,,,0.0095696962,0.0031671404,0.0009056713,0.0767603205,0.0348361899,0.0419241306,0.59484698,0.0130738385,0.5817731415,0.3199480663,-0.315875255,0.001657367,0.5413111751,0.3065315144,0.0673755029,0.0114489176,0.0593848323,0.0430342314,0.0560846708,0.5334376331,0.519833971,0.013603662,0.0391368067,1.5896923692,-0.276738448,-11.24079954,6.7685642384,0.0784703302,0.2338516609,0.1829654317,,0.23581426,,,,6.0119517463,5.1385950683,0.5541708312,,,0.0225259698,0.0128868021,,,,,,,,,,,0.4876066434,0.6494469195,1.1040667154,0.1103585714,1.1318417899,-0.0145177,0.0505857243,-0.01897914,1.7480013067,,0.6140257502,,5.7403522906,,-1.41154973,1.7203559304,,,,,0.9761016786,0.5584101539,0.3770034201,0.146824725,0.1259718314,0.0240307518,-0.014170751,-0.069173618,,,,0.6003539205,0.043055237,,13.218154336,,,,0.050858793,0.4322012187,0.00505689,162406.0991505,2.28098103,0.00116339,2.3657831,0.0060408,0.00673221,0.02053312,0.03029429,0.10729772,0.39505803,-0.19496243,0.02360852,0.44951769,0.02271579,0.22871327,0.03902834,0.08067923,0.03030883,0.0562928,11.12548379,0.02926728,0.97623073,0.9684206,,,1.3050344186,295,,-0.535980761,,-1.042627583
20080930,20080930,287206.0,01W,GBR,-0.161392,2008,9,20080829,20080831,126.49261565,1.86048,126.49261565,,,,-0.233337111,0.3029941657,0.1562346789,,,,,,,,,8.6392144325,3.4096795342,31.159477316,2.500758378,,,,0.0095696962,0.0031671404,0.0009056713,0.0767603205,0.0348361899,0.0419241306,0.59484698,0.0130738385,0.5817731415,0.3199480663,-0.315875255,0.001657367,0.5413111751,0.3065315144,0.0673755029,0.0114489176,0.0593848323,0.0430342314,0.0560846708,0.5334376331,0.519833971,0.013603662,0.0391368067,1.5896923692,-0.276738448,-11.24079954,6.7685642384,0.0784703302,0.2338516609,0.1829654317,,0.23581426,,,,6.0119517463,5.1385950683,0.5541708312,,,0.0225259698,0.0128868021,,,,,,,,,,,0.4876066434,0.6494469195,1.1040667154,0.1103585714,1.1318417899,-0.0145177,0.0505857243,-0.01897914,1.7480013067,,0.6140257502,,5.7403522906,,-1.41154973,1.7203559304,,,,,1.2731823755,0.7283646589,0.4917460142,0.1915114545,0.164311894,0.0313446133,-0.018483679,-0.090226903,,,,0.7537055883,0.0540530704,,11.356973603,,,,0.0503840938,0.4301185026,0.00811702,146710.58034052,2.4903396,0.00105538,2.57768213,0.00616146,0.00681488,0.01316079,0.02619578,-3.0421557,-0.35021286,0.55511768,0.02400146,-1.50733624,0.0243241,-1.69078935,0.00270934,0.00809001,0.02622262,-2.99705561,11.49347487,0.02932305,0.99630215,0.74245214,,,0.0908040136,296,,-0.522140363,,-1.061851428
20081031,20081031,287206.0,01W,GBR,-0.368267,2008,10,20080930,20080930,106.07765743,1.5602125,106.07765743,,,,-0.16139249,-0.204368005,-0.039907112,-0.065508062,,,,,,,,8.6392144325,3.4096795342,31.159477316,2.500758378,,,,0.0095696962,0.0031671404,0.0009056713,0.0767603205,0.0348361899,0.0419241306,0.59484698,0.0130738385,0.5817731415,0.3199480663,-0.315875255,0.001657367,0.5413111751,0.3065315144,0.0673755029,0.0114489176,0.0593848323,0.0430342314,0.0560846708,0.5334376331,0.519833971,0.013603662,0.0391368067,1.5896923692,-0.276738448,-11.24079954,6.7685642384,0.0784703302,0.2338516609,0.1829654317,,0.23581426,,,,6.0119517463,5.1385950683,0.5541708312,,,0.0225259698,0.0128868021,,,,,,,,,,,0.4876066434,0.6494469195,1.1040667154,0.1103585714,1.1318417899,-0.0145177,0.0505857243,-0.01897914,1.7480013067,,0.6140257502,,5.7403522906,,-1.41154973,1.7203559304,,,,,1.518210081,0.868540587,0.5863839859,0.2283683991,0.1959342029,0.0373769766,-0.022040918,-0.107591337,,,,0.871791388,0.0625217619,,9.8218996336,,,,0.050926618,0.4348263668,,144859.18516152,2.4939586,0.00104767,2.5660944,0.00612969,0.00688741,0.03238904,0.03705179,0.45300031,0.11856507,-1.1004682,0.03794229,0.51009474,0.03916184,-0.18681802,0.0283771,0.09464813,0.03717357,0.69753437,11.28396412,0.03024238,0.73993478,0.62262594,,,0.9275131043,297,,-0.508755607,,-1.062978885
20081128,20081130,287206.0,01W,GBR,-0.166917,2008,11,20081031,20081031,67.012775578,0.985638,67.012775578,,,,-0.368266823,-0.357070743,-0.134343517,-0.218814347,,,,,,,,1.8470551527,3.4096795342,31.159477316,2.2760340941,,,,0.0122001014,-1.9539e-05,0.0009056713,0.0702045747,0.0173574862,0.0528470885,0.4385678995,0.0082125509,0.4303553486,0.1000679426,-0.100087481,0.001657367,0.5312594453,0.2881953189,0.0743897426,0.0239723667,0.0617316759,0.0447650902,0.0547535659,0.5334376331,0.519833971,-0.052086901,0.0301401865,1.1790338765,-0.069947295,-2.736221621,2.1271747777,0.0921491389,0.2110033442,0.1899877005,,0.1687837777,,,,1.3757039884,5.1385950683,0.5541708312,,0.9840210775,0.002289273,0.001309662,-0.009267832,-0.002117741,,,,,,,,,0.1540614235,0.2117917001,0.8857709045,0.0682506501,1.1242419101,-0.004576726,0.0541125532,-0.01897914,1.7511357396,,0.6140257502,,1.6483142737,,-1.41154973,1.9834691636,,,,,2.3086436094,1.3183693058,0.8443404297,0.4546788399,0.3291158288,0.0590169209,-0.010566028,-0.169429178,,,,1.1908475355,0.0858791623,,4.2772399691,,,,0.0696442761,0.37283333,0.00902045,120124.15397638,2.77367833,0.0008621,2.82703125,0.00660804,0.0070003,0.03930088,0.03018438,0.24855396,0.27583398,0.66738363,0.0321769,0.18916356,0.02240088,-0.39156114,0.02219176,0.04560031,0.03869225,0.21392128,3.39597815,0.03061388,0.69337875,0.39333346,,,0.6946733995,298,,-0.358414063,,-0.976014455
20081231,20081231,287206.0,01W,GBR,0.017574,2008,12,20081128,20081130,55.827186307,0.821118,55.827186307,,0.0,-3.33067e-16,-0.166917266,-0.470223813,-0.470776226,-0.530384021,,,,0.0322898438,-0.063256307,,,1.8470551527,3.4096795342,31.159477316,2.2760340941,,,,0.0122001014,-1.9539e-05,0.0009056713,0.0702045747,0.0173574862,0.0528470885,0.4385678995,0.0082125509,0.4303553486,0.1000679426,-0.100087481,0.001657367,0.5312594453,0.2881953189,0.0743897426,0.0239723667,0.0617316759,0.0447650902,0.0547535659,0.5334376331,0.519833971,-0.052086901,0.0301401865,1.1790338765,-0.069947295,-2.736221621,2.1271747777,0.0921491389,0.2110033442,0.1899877005,,0.1687837777,,,,1.3757039884,5.1385950683,0.5541708312,,0.9840210775,0.002289273,0.001309662,-0.009267832,-0.002117741,,,,,,,,,0.1540614235,0.2117917001,0.8857709045,0.0682506501,1.1242419101,-0.004576726,0.0541125532,-0.01897914,1.7511357396,,0.6140257502,,1.6483142737,,-1.41154973,1.9834691636,,,,,2.7712056852,1.5825190604,1.0135132982,0.5457787338,0.3950577959,0.0708416085,-0.012683048,-0.203376172,,,,1.3452029835,0.09701066,0.4995257746,1.2605864793,,,,0.2243039073,0.3715083775,,138128.8579305,2.45856708,0.00132367,2.43392484,0.00561054,0.00619991,0.03454264,,,,,,,,,,,,,4.23247255,0.03228726,0.74153153,0.32767932,,,,299,,-0.353515572,,-0.974193598
20090130,20090131,287206.0,01W,GBR,-0.107245,2009,1,20081231,20081231,56.808270997,0.835548,56.808270997,,0.0,-1.11022e-16,0.0175736009,-0.473713997,-0.648849892,-0.576265506,-0.587564418,-0.064532623,,0.0031827314,-0.061948046,,,1.8470551527,3.4096795342,31.159477316,2.2760340941,,,,0.0122001014,-1.9539e-05,0.0009056713,0.0702045747,0.0173574862,0.0528470885,0.4385678995,0.0082125509,0.4303553486,0.1000679426,-0.100087481,0.001657367,0.5312594453,0.2881953189,0.0743897426,0.0239723667,0.0617316759,0.0447650902,0.0547535659,0.5334376331,0.519833971,-0.052086901,0.0301401865,1.1790338765,-0.069947295,-2.736221621,2.1271747777,0.0921491389,0.2110033442,0.1899877005,,0.1687837777,,,,1.3757039884,5.1385950683,0.5541708312,,0.9840210775,0.002289273,0.001309662,-0.009267832,-0.002117741,,,,,,,,,0.1540614235,0.2117917001,0.8857709045,0.0682506501,1.1242419101,-0.004576726,0.0541125532,-0.01897914,1.7511357396,,0.6140257502,,1.6483142737,,-1.41154973,1.9834691636,,,,,2.7233466777,1.5551887932,0.9960098192,0.5363530789,0.3882351071,0.0696181666,-0.01246401,-0.199863845,,,,1.3300815935,0.0959201658,0.4880025182,1.5727046785,,,,0.2289829798,0.4243064182,,116642.8436327,2.36251001,0.00117591,2.39829833,0.00591893,0.00611391,0.0382483,0.03574921,-0.92876223,0.06722064,0.20548023,0.03545612,-0.33764142,0.02979955,1.12842607,0.03953939,0.06429066,0.03748696,-0.79124892,5.79246942,0.03288146,0.72283262,0.33343782,,,1.1567822566,300,,-0.338004307,,-0.980596027
20090227,20090228,287206.0,01W,GBR,-0.120688,2009,2,20090130,20090131,50.715891448,0.74594,50.715891448,,0.0,-2.22045e-16,-0.107244587,-0.152277002,-0.655689046,-0.536410878,-0.581647942,0.170801505,,0.0508605265,-0.076321238,,,1.4113298651,3.4096795342,31.159477316,1.7746560662,,,,0.0112315095,-0.000602429,0.0009056713,0.0558839282,0.0091124663,0.046771462,0.3952025905,0.0064665616,0.3887360289,0.0520630154,-0.052665445,0.001657367,0.5240678873,0.2755884911,0.0905117291,0.0066254236,0.0718273487,0.0518132861,0.0637594604,0.5334376331,0.519833971,-0.12539316,0.0578385974,1.9547734324,0.0051731529,0.1748372598,1.8016230086,0.113288608,0.2454216374,0.2313574859,,0.1687837777,,,,1.0501522193,5.1385950683,0.5541708312,,0.6804637941,0.0021292739,0.0012159388,-0.007664863,0.0001061792,,,,,,,,,0.1554440191,0.2182536355,0.8728988551,0.0159760818,1.1186441167,-0.028250208,0.064464021,-0.01897914,1.7511357396,,0.6140257502,,1.3960493289,,-1.41154973,1.7008876936,,,,,2.7207087107,1.5536823612,0.9950450353,0.535833541,0.4723152758,0.0805013887,-0.076860587,-0.3106002,,,,1.3292427121,0.1141971567,0.428274777,,,,,0.2106330152,0.4479474722,0.00575199,73288.95691107,2.41229633,0.00108529,2.53549888,0.0061114,0.00624975,0.03218024,0.02689489,-0.55222164,0.0477951,0.55279565,0.02559,-0.37700245,0.0257337,-0.54900522,0.03565173,0.07017289,0.03415487,0.19866287,48.45242398,0.03122937,0.63666398,0.29767842,,,1.0888037744,301,,-0.414646577,,-0.997564808
20090331,20090331,287206.0,01W,GBR,-0.136848,2009,3,20090227,20090228,44.595092398,0.655914,44.595092398,,0.0,-2.22045e-16,-0.120687991,-0.091555659,-0.599060458,-0.599478528,-0.644590262,0.1562346789,,-0.076712024,-0.080319053,,,1.4113298651,3.4096795342,31.159477316,1.7746560662,,,,0.0112315095,-0.000602429,0.0009056713,0.0558839282,0.0091124663,0.046771462,0.3952025905,0.0064665616,0.3887360289,0.0520630154,-0.052665445,0.001657367,0.5240678873,0.2755884911,0.0905117291,0.0066254236,0.0718273487,0.0518132861,0.0637594604,0.5334376331,0.519833971,-0.12539316,0.0578385974,1.9547734324,0.0051731529,0.1748372598,1.8016230086,0.113288608,0.2454216374,0.2313574859,,0.1687837777,,,,1.0501522193,5.1385950683,0.5541708312,,0.6804637941,0.0021292739,0.0012159388,-0.007664863,0.0001061792,,,,,,,,,0.1554440191,0.2182536355,0.8728988551,0.0159760818,1.1186441167,-0.028250208,0.064464021,-0.01897914,1.7511357396,,0.6140257502,,1.3960493289,,-1.41154973,1.7008876936,,,,,3.0941334621,1.7669295373,1.1316177024,0.6093781679,0.5371418461,0.0915504256,-0.087409914,-0.353230931,,,,1.4426046433,0.1239362435,0.4129837816,,,,,0.2102283007,0.4313168779,0.00618527,73945.6254831,2.38425222,0.00118497,2.34645663,0.00594718,0.0062224,0.01252011,0.01571043,0.29823577,-0.05066123,0.61287074,0.0167259,0.29326827,0.01646831,0.14756077,0.0127093,0.01690217,0.01950092,-0.36380194,49.77602655,0.02965521,0.62555173,0.26175221,,,0.4026246533,302,,-0.403435036,,-0.988675392
20090430,20090430,287206.0,01W,GBR,0.282483,2009,4,20090331,20090331,38.49234449,0.5661535,38.49234449,,0.0,2.220446e-16,-0.136847971,-0.214989444,-0.579599574,-0.719499181,-0.661518336,-0.039907112,,-0.069906918,-0.086404603,,,1.4113298651,3.4096795342,31.159477316,1.7746560662,,,,0.0112315095,-0.000602429,0.0009056713,0.0558839282,0.0091124663,0.046771462,0.3952025905,0.0064665616,0.3887360289,0.0520630154,-0.052665445,0.001657367,0.5240678873,0.2755884911,0.0905117291,0.0066254236,0.0718273487,0.0518132861,0.0637594604,0.5334376331,0.519833971,-0.12539316,0.0578385974,1.9547734324,0.0051731529,0.1748372598,1.8016230086,0.113288608,0.2454216374,0.2313574859,,0.1687837777,,,,1.0501522193,5.1385950683,0.5541708312,,0.6804637941,0.0021292739,0.0012159388,-0.007664863,0.0001061792,,,,,,,,,0.1554440191,0.2182536355,0.8728988551,0.0159760818,1.1186441167,-0.028250208,0.064464021,-0.01897914,1.7511357396,,0.6140257502,,1.3960493289,,-1.41154973,1.7008876936,,,,,3.5846911759,2.0470664237,1.3110294181,0.7059916994,0.6223027092,0.1060652382,-0.101268272,-0.409233738,,,,1.5766715159,0.1354541217,0.4377564919,,,,,0.2291397593,0.4155131067,0.00812425,69659.32639489,2.50110085,0.00115813,2.36434441,0.00598361,0.00624119,0.05293834,0.03633475,-0.43550618,-0.26808933,0.14961014,0.03419378,-0.56278945,0.03351336,-0.9143087,0.03404017,0.06955211,0.03640424,-0.36224026,50.01472852,0.03115425,0.58011897,0.22593195,,,1.0424948289,303,,-0.393134426,,-0.976982779
20090529,20090531,287206.0,01W,GBR,0.22115,2009,5,20090430,20090430,49.365761179,0.726082,49.365761179,,0.0,-1.11022e-16,0.2824825776,-0.241020055,-0.425596923,-0.766700594,-0.685879681,-0.134343517,,0.0333321127,-0.063754561,,,0.0128262308,3.4096795342,31.159477316,0.648723847,,,,0.0085780059,-0.000451516,0.0009056713,0.0412726502,0.0128518643,0.0284207859,0.0992171524,0.0063830833,0.0928340691,0.0176562822,-0.018107798,0.001657367,-0.017827105,0.2433203857,0.0754049537,0.0208852798,0.0557053604,0.0483559242,0.0440018785,0.5334376331,0.519833971,0.004117359,0.0301331718,1.1391902979,0.012025374,0.454621555,0.8249982792,0.1028565893,0.148728488,0.1808392599,,0.1054546701,,,,0.1228100978,0.072198687,0.5541708312,,-0.25347784,0.0211650941,0.0120864954,-0.251525307,-0.018811662,,,,,,,,,0.0516728261,0.0763721151,0.05394723,0.0211531592,1.1525425613,-0.003681777,0.0510184516,-0.01897914,1.8281049215,,0.5394537226,,0.5396699085,,-1.41154973,0.9615934063,,,,,3.0497569978,1.6682614668,1.2168388408,0.8952277229,0.4507136869,0.0806703251,-0.011228527,-0.24183719,,,,1.315063201,0.0820977226,0.4309486381,,,,,0.2890596053,0.4597032765,0.00375315,99772.1422743,2.98011331,0.00179656,3.17522304,0.00504001,0.00583256,0.03456499,0.0324027,0.56119793,-0.2875151,0.49991424,0.03399481,0.48919595,0.03533482,0.65914825,0.05736724,0.0827071,0.03251179,0.67248384,50.05564984,0.03243694,0.57869431,0.28975379,,,1.6907035388,304,,-0.233081282,,-1.072876382
20090630,20090630,287206.0,01W,GBR,0.420762,2009,6,20090529,20090531,60.282996932,0.886655,60.282996932,,0.0,0.0,0.2211499528,0.1069774391,-0.11573976,-0.609734047,-0.610140988,-0.470776226,,0.2555519104,-0.066882012,,,0.0128262308,3.4096795342,31.159477316,0.648723847,,,,0.0085780059,-0.000451516,0.0009056713,0.0412726502,0.0128518643,0.0284207859,0.0992171524,0.0063830833,0.0928340691,0.0176562822,-0.018107798,0.001657367,-0.017827105,0.2433203857,0.0754049537,0.0208852798,0.0557053604,0.0483559242,0.0440018785,0.5334376331,0.519833971,0.004117359,0.0301331718,1.1391902979,0.012025374,0.454621555,0.8249982792,0.1028565893,0.148728488,0.1808392599,,0.1054546701,,,,0.1228100978,0.072198687,0.5541708312,,-0.25347784,0.0211650941,0.0120864954,-0.251525307,-0.018811662,,,,,,,,,0.0516728261,0.0763721151,0.05394723,0.0211531592,1.1525425613,-0.003681777,0.0510184516,-0.01897914,1.8281049215,,0.5394537226,,0.5396699085,,-1.41154973,0.9615934063,,,,,2.497446764,1.36613973,0.9964696294,0.7331022049,0.3690895503,0.0660609493,-0.009195043,-0.198040535,,,,1.1776462512,0.0735189572,0.4216956611,2.5964314365,,,,0.2938023187,0.4569252723,0.00750896,56974.522146,4.32734762,0.00114584,4.42387371,0.00613979,0.00603641,0.20778182,0.09169553,2.91917071,-0.54110455,3.39963146,0.09279834,2.10280386,0.09756481,2.42099767,0.11029201,0.35039293,0.09174483,2.92201817,43.57174752,0.04161157,0.53974434,0.35383283,,,2.5731075987,305,,-0.23600165,,-1.056876593
20090731,20090731,287206.0,01W,GBR,0.006741,2009,7,20090630,20090630,85.647775574,1.2597255,85.647775574,,0.0,2.220446e-16,0.4207617393,0.5661035391,0.0611658456,-0.431708822,-0.620823074,-0.648849892,,0.0377859768,-0.032066033,,,0.0128262308,3.4096795342,31.159477316,0.648723847,,,,0.0085780059,-0.000451516,0.0009056713,0.0412726502,0.0128518643,0.0284207859,0.0992171524,0.0063830833,0.0928340691,0.0176562822,-0.018107798,0.001657367,-0.017827105,0.2433203857,0.0754049537,0.0208852798,0.0557053604,0.0483559242,0.0440018785,0.5334376331,0.519833971,0.004117359,0.0301331718,1.1391902979,0.012025374,0.454621555,0.8249982792,0.1028565893,0.148728488,0.1808392599,,0.1054546701,,,,0.1228100978,0.072198687,0.5541708312,,-0.25347784,0.0211650941,0.0120864954,-0.251525307,-0.018811662,,,,,,,,,0.0516728261,0.0763721151,0.05394723,0.0211531592,1.1525425613,-0.003681777,0.0510184516,-0.01897914,1.8281049215,,0.5394537226,,0.5396699085,,-1.41154973,0.9615934063,,,,,1.7578223672,0.9615544199,0.7013629392,0.5159923614,0.2597828616,0.0464968527,-0.006471911,-0.139390391,,,,0.9475906406,0.0591568782,0.3603918892,7.5531020438,,,,0.3036119388,0.4256114822,0.00634641,67305.10387728,3.66021098,0.0012253,3.99012763,0.00602863,0.00613992,0.04029332,0.06266079,1.02019795,0.57294144,2.38718696,0.0644106,0.97199767,0.06070151,1.22721909,0.11709204,0.25990831,0.07047439,2.02171482,37.81081914,0.04536568,0.55501774,0.50271214,,,2.4918060135,306,,-0.236712084,,-1.059663502
20090828,20090831,287206.0,01W,GBR,-0.135179,2009,8,20090731,20090731,86.22510618,1.268217,86.22510618,,0.0,0.0,,0.7349631309,0.6887759069,0.2780813037,-0.480894827,-0.655689046,,-0.233337111,,,,-0.109877681,-0.113715729,0.4739176456,0.448559493,,,,0.0067508571,-0.0008816,0.0655578159,0.0575792086,0.0072060663,0.0503731423,-0.020672923,0.004016724,-0.024689647,-0.034909241,0.0995854567,0.0011711335,-0.095685737,0.2041081081,0.0638191467,0.0063809885,0.0407517142,0.0450351308,0.0320935609,,,0.0820295276,0.0339424137,1.3778195489,0.1335278703,5.4202777652,0.7250518937,0.0881761857,0.1210295757,0.1572380499,,0.1054576438,-0.212191759,0.1176470588,,0.0228614522,-0.009689824,-0.008910741,46.400421089,-0.343917149,0.0192819858,0.0105475269,-0.003243984,-0.002339275,,-0.808520796,-1.377205227,-0.069704601,-7.023626857,,,,0.0358927603,0.0568068468,0.034684567,0.0056798603,1.195112782,-0.009307538,0.0403234022,0.0052101619,1.8281046305,,0.5599222797,,0.4806592101,3.0,-0.925336982,0.80428668,,,,,1.6625386261,0.9094329714,0.6633556371,0.4880282309,0.2136355283,0.0409564328,-0.015474141,-0.17060048,,,,0.9130712309,0.0450523803,0.3309410077,14.649180744,,,,0.3585798714,0.4184735315,0.00872157,58930.07988572,4.12082245,0.00105658,4.57017101,0.00635058,0.00644359,0.0676954,,,,,,,,,,,,,7.33767571,0.0468086,0.5688821,0.51888323,,,,307,,-0.2971633,,-1.165311869
20090930,20090930,287206.0,01W,GBR,0.276144,2009,9,20090828,20090831,74.569252354,1.09678025,74.569252354,,0.0,0.0,,,,,,-0.599060458,,-0.16139249,,,,-0.109877681,-0.113715729,0.4739176456,0.448559493,,,,0.0067508571,-0.0008816,0.0655578159,0.0575792086,0.0072060663,0.0503731423,-0.020672923,0.004016724,-0.024689647,-0.034909241,0.0995854567,0.0011711335,-0.095685737,0.2041081081,0.0638191467,0.0063809885,0.0407517142,0.0450351308,0.0320935609,,,0.0820295276,0.0339424137,1.3778195489,0.1335278703,5.4202777652,0.7250518937,0.0881761857,0.1210295757,0.1572380499,,0.1054576438,-0.212191759,0.1176470588,,0.0228614522,-0.009689824,-0.008910741,46.400421089,-0.343917149,0.0192819858,0.0105475269,-0.003243984,-0.002339275,,-0.808520796,-1.377205227,-0.069704601,-7.023626857,,,,0.0358927603,0.0568068468,0.034684567,0.0056798603,1.195112782,-0.009307538,0.0403234022,0.0052101619,1.8281046305,,0.5599222797,,0.4806592101,3.0,-0.925336982,0.80428668,,,,,1.922408567,1.0515856341,0.7670441695,0.5643114917,0.2470287086,0.0473582966,-0.01789289,-0.197266889,,,,1.0043071238,0.0495541037,0.3961417767,13.917004999,,,,0.3566688151,0.435232594,0.00851523,54458.00975676,4.38303493,0.00094268,5.02928645,0.00667575,0.00654658,0.09493899,0.01841486,0.35286394,0.10303768,0.98589649,0.01913063,0.41567193,0.01877732,0.16474307,0.01834493,0.02740676,0.02123781,-0.45856441,7.43759801,0.04617481,0.53524598,0.59193685,,,0.3815456386,308,,-0.290335561,,-1.167092176
20091030,20091031,287206.0,01W,GBR,0.153538,2009,10,20090930,20090930,95.161135567,1.39965,95.161135567,,0.0,0.0,0.2761444236,-0.129349807,0.9372489086,0.3126478072,-0.297031494,-0.579599574,,-0.368266823,,,,-0.109877681,-0.113715729,0.4739176456,0.448559493,,,,0.0067508571,-0.0008816,0.0655578159,0.0575792086,0.0072060663,0.0503731423,-0.020672923,0.004016724,-0.024689647,-0.034909241,0.0995854567,0.0011711335,-0.095685737,0.2041081081,0.0638191467,0.0063809885,0.0407517142,0.0450351308,0.0320935609,,,0.0820295276,0.0339424137,1.3778195489,0.1335278703,5.4202777652,0.7250518937,0.0881761857,0.1210295757,0.1572380499,,0.1054576438,-0.212191759,0.1176470588,,0.0228614522,-0.009689824,-0.008910741,46.400421089,-0.343917149,0.0192819858,0.0105475269,-0.003243984,-0.002339275,,-0.808520796,-1.377205227,-0.069704601,-7.023626857,,,,0.0358927603,0.0568068468,0.034684567,0.0056798603,1.195112782,-0.009307538,0.0403234022,0.0052101619,1.8281046305,,0.5599222797,,0.4806592101,3.0,-0.925336982,0.80428668,,,,,1.5064192825,0.8240334045,0.6010637631,0.4422003351,0.193574257,0.0371104521,-0.014021054,-0.15458038,,,,0.8536195635,0.0421189409,0.4423562786,15.0890423,,,,0.3587210794,0.3951004941,0.00595704,71619.56127019,3.57876791,0.00110548,4.34237973,0.00645887,0.00646807,0.04561152,0.05446392,3.24160767,0.02152486,0.2124885,0.05418656,2.42799696,0.05327089,2.53158136,0.07013616,0.2282366,0.05576289,3.43291208,5.60678882,0.04772912,0.58149987,0.91933571,,,1.4088550248,309,,-0.2868546,,-1.163530077
20091130,20091130,287206.0,01W,GBR,0.148582,2009,11,20091030,20091031,109.7720226,1.61455,109.7720226,,0.0,-1.11022e-16,0.1535383846,,0.9276748356,0.8763573478,0.4200446817,-0.425596923,,-0.166917266,,,,0.0264341397,-0.06945921,-0.02788774,0.2358558329,,,,0.0040350472,-0.000671851,0.0655578159,0.0472843243,-0.027004316,0.0742886401,0.0442256704,0.0056044729,0.0386211975,0.0976708225,-0.098342673,0.00216105,-0.044885463,0.2243685802,0.0651889434,0.005911008,0.0497446602,0.0490856935,0.0343868212,,,0.2124382878,0.0363396,1.4474667247,-0.062003073,-2.469685566,0.863043641,0.0946015599,0.1309256661,0.1532604126,,0.099352254,-0.212191759,0.1176470588,,0.1158945119,-0.009689824,0.0356288999,46.400421089,0.1479979676,0.0069235272,0.0037872701,0.0046342542,0.0024776081,,-0.808520796,-1.377205227,-0.069704601,-7.023626857,,,,0.0433674664,0.066912157,0.0457313468,0.0060672604,1.2093277071,-0.011233945,0.042250608,-0.00665722,1.9551648336,,0.5599222797,,0.5574574823,3.0,-0.700774151,1.0652052368,,,,,1.4466181955,0.7398957728,0.6567388059,0.5130140274,0.1869606137,0.0363182971,-0.016251229,-0.11052818,,,,0.8062638352,0.0403965179,0.6466297896,15.550415354,,,,0.3325291488,0.4284398969,0.00520166,74344.03310806,2.28595103,0.00084769,2.10650109,0.0069786,0.00621837,0.0762893,0.02410284,0.94726769,-0.00425711,0.02866903,0.02435728,1.33894731,0.02502319,1.32545911,0.03796182,0.07904793,0.02512605,0.93884358,4.38301579,0.04698797,0.57940512,1.0,,,0.786927374,310,,-0.222961132,,-1.210001704
20091230,20091231,287206.0,01W,GBR,-0.002852,2009,12,20091130,20091130,126.08216463,1.854443,126.08216463,,0.0,0.0,0.1485819578,0.472081577,0.8209450124,1.4615269685,0.9662825562,-0.11573976,,0.0175736009,,,,0.0264341397,-0.06945921,-0.02788774,0.2358558329,,,,0.0040350472,-0.000671851,0.0655578159,0.0472843243,-0.027004316,0.0742886401,0.0442256704,0.0056044729,0.0386211975,0.0976708225,-0.098342673,0.00216105,-0.044885463,0.2243685802,0.0651889434,0.005911008,0.0497446602,0.0490856935,0.0343868212,,,0.2124382878,0.0363396,1.4474667247,-0.062003073,-2.469685566,0.863043641,0.0946015599,0.1309256661,0.1532604126,,0.099352254,-0.212191759,0.1176470588,,0.1158945119,-0.009689824,0.0356288999,46.400421089,0.1479979676,0.0069235272,0.0037872701,0.0046342542,0.0024776081,,-0.808520796,-1.377205227,-0.069704601,-7.023626857,,,,0.0433674664,0.066912157,0.0457313468,0.0060672604,1.2093277071,-0.011233945,0.042250608,-0.00665722,1.9551648336,,0.5599222797,,0.5574574823,3.0,-0.700774151,1.0652052368,,,,,1.2594819078,0.6441819565,0.5717822759,0.4466499094,0.1627751615,0.0316201181,-0.014148951,-0.096230121,,,,0.7341667309,0.0367842116,0.7058248206,16.039778221,,,,0.339105126,0.4542770728,0.00558894,104108.67058143,2.30301722,0.00101663,2.07671883,0.00662767,0.00660209,0.02383238,0.04505707,0.69815642,0.06342439,3.19818064,0.04525567,0.56787673,0.04705944,0.79347726,0.07142726,0.12292224,0.04832717,0.60865211,3.60240827,0.04679369,0.41696342,0.83961825,,,1.4822118008,311,,-0.256131223,,-1.224042923
20100129,20100131,287206.0,01W,GBR,0.343249,2010,1,20091230,20091231,125.72263754,1.849155,125.72263754,,0.0,0.0,-0.00285153,0.3249333762,0.4721008664,2.2755127364,1.2194332342,0.0611658456,,-0.107244587,,,,0.0264341397,-0.06945921,-0.02788774,0.2358558329,,,,0.0040350472,-0.000671851,0.0655578159,0.0472843243,-0.027004316,0.0742886401,0.0442256704,0.0056044729,0.0386211975,0.0976708225,-0.098342673,0.00216105,-0.044885463,0.2243685802,0.0651889434,0.005911008,0.0497446602,0.0490856935,0.0343868212,,,0.2124382878,0.0363396,1.4474667247,-0.062003073,-2.469685566,0.863043641,0.0946015599,0.1309256661,0.1532604126,,0.099352254,-0.212191759,0.1176470588,,0.1158945119,-0.009689824,0.0356288999,46.400421089,0.1479979676,0.0069235272,0.0037872701,0.0046342542,0.0024776081,,-0.808520796,-1.377205227,-0.069704601,-7.023626857,,,,0.0433674664,0.066912157,0.0457313468,0.0060672604,1.2093277071,-0.011233945,0.042250608,-0.00665722,1.9551648336,,0.5599222797,,0.5574574823,3.0,-0.700774151,1.0652052368,,,,,1.2630836288,0.6460241137,0.5734173928,0.4479271873,0.1632406471,0.0317105416,-0.014189412,-0.096505309,,,,0.7356167246,0.0368568611,0.7002026898,16.030359692,,0.0818832431,0.2328820816,0.3435326691,0.4647764173,0.00640987,113132.35104504,2.2151608,0.00101975,2.03306113,0.00664095,0.00651149,0.02997699,0.01551851,-0.59112683,-0.11758196,0.48242322,0.01365849,-1.07578554,0.01650023,-0.91771021,0.0207091,0.02409794,0.01687275,-0.40621859,3.94305319,0.04569707,0.45155307,0.83722405,,,0.4398738232,312,,-0.261736473,,-1.228355024
20100226,20100228,287206.0,01W,GBR,-0.046231,2010,2,20100129,20100131,168.87676605,2.483875,168.87676605,,0.0,-2.22045e-16,0.343248673,0.1453067418,,1.5467578042,1.4789594337,0.6887759069,,-0.120687991,,,,0.1996773488,-0.076319423,-0.030644188,0.4444455731,,,,0.0065055979,-0.000220772,0.0655578159,0.0683111498,-0.018142879,0.0864540285,0.1396908874,0.0081192864,0.131571601,0.1491250856,-0.149345857,0.0030197406,0.0354562083,0.2437149533,0.0683797826,0.0299555685,0.0580454549,0.0515506182,0.0386298714,,,0.2658791775,0.0154708836,0.5867655631,-0.133874974,-5.077487905,1.0087095383,0.0955449524,0.1457950467,0.1585043137,,0.099352254,-0.212191759,0.1176470588,,0.2615604093,-0.009689824,0.0963699334,46.400421089,0.3417589156,0.0069681154,0.0035639529,0.0048388416,0.0023480141,,-0.808520796,-1.377205227,-0.069704601,-7.023626857,,,,0.0544970857,0.0820336763,0.0623690476,0.0359370171,1.2255119729,0.010895496,0.0454264521,0.0391457041,1.9551648336,,0.5599222797,,0.6515460551,4.0,-0.741477186,1.1217839186,,,,,0.9802134692,0.5013456934,0.444999396,0.3476129784,0.1310170943,0.0258446804,0.010679912,-0.057364066,,,,0.6133688157,0.0330418458,0.8180182156,16.661536309,,0.0889939855,0.088612315,0.3276800736,0.4668056258,0.00458846,178667.64745628,2.35471317,0.00148233,2.24247515,0.00595254,0.00629736,0.02074161,0.03355696,1.46085307,0.31502544,-0.71038104,0.02549916,0.99366278,0.02443463,0.97845714,0.06293959,0.11120081,0.03658043,1.34983024,5.19325091,0.04625925,0.37690858,0.98974739,,,1.3313393237,313,,-0.171976683,,-1.23494876
20100331,20100331,287206.0,01W,GBR,0.043966,2010,3,20100226,20100228,282.90687873,2.3690425,282.90687873,,0.7564285506,-0.563282515,-0.046231191,0.339418359,1.264697053,1.8013996425,2.7868912693,,,-0.136847971,,,,0.1996773488,-0.076319423,-0.030644188,0.4444455731,,,,0.0065055979,-0.000220772,0.0655578159,0.0683111498,-0.018142879,0.0864540285,0.1396908874,0.0081192864,0.131571601,0.1491250856,-0.149345857,0.0030197406,0.0354562083,0.2437149533,0.0683797826,0.0299555685,0.0580454549,0.0515506182,0.0386298714,,,0.2658791775,0.0154708836,0.5867655631,-0.133874974,-5.077487905,1.0087095383,0.0955449524,0.1457950467,0.1585043137,,0.099352254,-0.212191759,0.1176470588,,0.2615604093,-0.009689824,0.0963699334,46.400421089,0.3417589156,0.0069681154,0.0035639529,0.0048388416,0.0023480141,,-0.808520796,-1.377205227,-0.069704601,-7.023626857,,,,0.0544970857,0.0820336763,0.0623690476,0.0359370171,1.2255119729,0.010895496,0.0454264521,0.0391457041,1.9551648336,,0.5599222797,,0.6515460551,4.0,-0.741477186,1.1217839186,,,,,0.5851228555,0.2992703456,0.2656353187,0.2075020441,0.0782085726,0.0154275713,0.0063752038,-0.034242568,,,,0.4086254379,0.022012431,0.866262913,17.738446553,,0.3213330007,0.8156418507,0.1596624311,0.4964875812,0.00211777,438382.599214,3.37992667,0.00255981,2.3656506,0.00465729,0.00561179,0.0455297,0.0116611,-0.11492016,-0.13303509,0.77365703,0.01239051,-0.08627315,0.01258873,0.10535055,0.01217005,0.02061001,0.01533703,-0.99195537,3.07535724,0.04598464,0.35284477,0.94094383,,,0.2591049294,314,,-0.172367872,,-1.230336012
20100430,20100430,287206.0,01W,GBR,-0.05801,2010,4,20100331,20100331,295.34506433,2.473199,295.34506433,,0.7564285506,-0.563282515,0.0439656528,0.2811486868,0.6925963634,0.8806021629,3.1844526264,0.9372489086,,0.2824825776,,,,0.1996773488,-0.076319423,-0.030644188,0.4444455731,,,,0.0065055979,-0.000220772,0.0655578159,0.0683111498,-0.018142879,0.0864540285,0.1396908874,0.0081192864,0.131571601,0.1491250856,-0.149345857,0.0030197406,0.0354562083,0.2437149533,0.0683797826,0.0299555685,0.0580454549,0.0515506182,0.0386298714,,,0.2658791775,0.0154708836,0.5867655631,-0.133874974,-5.077487905,1.0087095383,0.0955449524,0.1457950467,0.1585043137,,0.099352254,-0.212191759,0.1176470588,,0.2615604093,-0.009689824,0.0963699334,46.400421089,0.3417589156,0.0069681154,0.0035639529,0.0048388416,0.0023480141,,-0.808520796,-1.377205227,-0.069704601,-7.023626857,,,,0.0544970857,0.0820336763,0.0623690476,0.0359370171,1.2255119729,0.010895496,0.0454264521,0.0391457041,1.9551648336,,0.5599222797,,0.6515460551,4.0,-0.741477186,1.1217839186,,,,,0.5604809449,0.2866668504,0.2544483317,0.1987632865,0.0749148906,0.0147778534,0.0061067179,-0.032800474,,,,0.3942699063,0.0212391063,0.9203848569,17.805613742,,0.494437365,0.5567214163,0.1638590075,0.506622487,0.00610401,471673.95369391,3.11951511,0.00250367,2.37647493,0.00468674,0.00559229,0.02137174,0.02143279,1.44510233,-0.16167525,0.80812646,0.02200358,1.18032592,0.0224106,1.38502857,0.03611721,0.07488306,0.02499165,0.9412667,2.84618783,0.04459341,0.37669043,0.98231304,,,0.7854840492,315,,-0.194028896,,-1.224925669
20100528,20100531,287206.0,01W,GBR,-0.044626,2010,5,20100430,20100430,278.21218958,2.3297295,278.21218958,,0.7564285506,-0.563282515,-0.058009687,-0.004298123,0.5318193924,,2.4062254676,0.9276748356,,0.2211499528,,,,1.5680365735,0.1131618808,0.0046936196,1.3122966016,,,,0.0111405132,0.0038857295,0.0655578159,0.079697118,0.0430924893,0.0366046287,0.2996716055,0.0292002906,0.270471315,0.0745181351,-0.070632406,0.0006532057,0.3556634726,0.1455934718,0.0274111392,0.0001427488,0.013597539,0.0179077689,0.0148235021,,,0.058639758,0.015038657,1.4767448659,-0.055593749,-5.459116647,1.6031329188,0.0504115344,0.092213506,0.1018143322,,0.2684073109,-0.212191759,0.1176470588,,0.7885822544,0.4562122078,0.2982636947,46.400421089,0.5264163726,0.0146510783,0.0074935259,-0.006514016,-0.00459297,,-0.808520796,-1.377205227,-0.069704601,-7.023626857,,,,0.0389864053,0.0703928079,0.0363015139,0.0003665841,1.5530867087,-0.004855004,0.0151814058,-0.001173227,1.7584818786,,0.5820059637,,1.5172942084,5.0,-2.081046806,1.0639222358,,,,,1.3896842156,0.790274971,0.3194716427,-0.053529761,0.0890243387,0.0141520616,-0.006746923,-0.047858008,,,,0.9238317342,0.0222905688,1.9430557688,15.792583377,,0.4524458084,0.4669516699,0.0660767261,0.5539546342,0.00624054,491912.36543723,2.95686554,0.00236755,2.46742777,0.00485431,0.00590218,0.02796733,0.01686992,0.11901651,-0.57977161,0.18101581,0.01689622,-0.65464413,0.01503043,0.1900824,0.018745,0.03118326,0.01764647,-0.15891712,2.62740499,0.04365526,0.60579817,0.92532936,,,0.4140978168,316,,-0.669864864,,-0.722319274
20100630,20100630,287206.0,01W,GBR,-0.002969,2010,6,20100528,20100531,265.79657402,2.225762,265.79657402,,0.7564285506,-0.563282515,-0.044626426,-0.016594468,0.2562960954,1.1241534027,1.6275490467,0.8209450124,,0.4207617393,,,,1.5680365735,0.1131618808,0.0046936196,1.3122966016,,,,0.0111405132,0.0038857295,0.0655578159,0.079697118,0.0430924893,0.0366046287,0.2996716055,0.0292002906,0.270471315,0.0745181351,-0.070632406,0.0006532057,0.3556634726,0.1455934718,0.0274111392,0.0001427488,0.013597539,0.0179077689,0.0148235021,,,0.058639758,0.015038657,1.4767448659,-0.055593749,-5.459116647,1.6031329188,0.0504115344,0.092213506,0.1018143322,,0.2684073109,-0.212191759,0.1176470588,,0.7885822544,0.4562122078,0.2982636947,46.400421089,0.5264163726,0.0146510783,0.0074935259,-0.006514016,-0.00459297,,-0.808520796,-1.377205227,-0.069704601,-7.023626857,,,,0.0389864053,0.0703928079,0.0363015139,0.0003665841,1.5530867087,-0.004855004,0.0151814058,-0.001173227,1.7584818786,,0.5820059637,,1.5172942084,5.0,-2.081046806,1.0639222358,,,,,1.454597712,0.8271894807,0.3343944727,-0.056030188,0.0931827518,0.0148131181,-0.007062078,-0.050093502,,,,0.9695461999,0.0233935851,1.7779519565,15.627191515,,0.3362910349,0.1122098014,0.0656071519,0.54708615,0.00582119,533380.08321387,2.78708079,0.00239177,2.46532858,0.00486759,0.00577485,0.0118077,0.01616561,0.21877982,-0.10492686,0.08795973,0.01549124,-0.48253257,0.01576379,-0.32410882,0.01777802,0.02441594,0.01726336,-0.27680417,2.66025665,0.03533817,0.49206031,0.88403522,,,0.4786348082,317,,-0.676481189,,-0.739035522
20100729,20100731,287206.0,01W,GBR,-0.00951,2010,7,20100630,20100630,265.00748817,2.21915425,265.00748817,,0.7564285506,-0.563282515,-0.002968759,-0.100047348,0.2036643764,0.5902275569,0.7668627014,0.4721008664,,,,,,1.5680365735,0.1131618808,0.0046936196,1.3122966016,,,,0.0111405132,0.0038857295,0.0655578159,0.079697118,0.0430924893,0.0366046287,0.2996716055,0.0292002906,0.270471315,0.0745181351,-0.070632406,0.0006532057,0.3556634726,0.1455934718,0.0274111392,0.0001427488,0.013597539,0.0179077689,0.0148235021,,,0.058639758,0.015038657,1.4767448659,-0.055593749,-5.459116647,1.6031329188,0.0504115344,0.092213506,0.1018143322,,0.2684073109,-0.212191759,0.1176470588,,0.7885822544,0.4562122078,0.2982636947,46.400421089,0.5264163726,0.0146510783,0.0074935259,-0.006514016,-0.00459297,,-0.808520796,-1.377205227,-0.069704601,-7.023626857,,,,0.0389864053,0.0703928079,0.0363015139,0.0003665841,1.5530867087,-0.004855004,0.0151814058,-0.001173227,1.7584818786,,0.5820059637,,1.5172942084,5.0,-2.081046806,1.0639222358,,,,,1.4589289197,0.8296525187,0.3353901652,-0.056197023,0.0934602126,0.0148572256,-0.007083106,-0.050242661,,,,0.9726050154,0.0234673894,1.4848195121,15.616156113,,0.2120700953,0.2542544643,0.0653262792,0.5385356656,0.00777482,539142.85240382,2.79296421,0.00232813,2.55853089,0.004901,0.00577346,0.03042753,0.00812967,0.78650964,-0.35764389,0.40180838,0.00793049,0.27912195,0.00819418,0.40542905,0.01328398,0.02046153,0.01109029,-0.1428601,2.64641265,0.02868736,0.41480624,0.88141074,,,0.4427675231,318,,-0.671929277,,-0.752486149
20100831,20100831,287206.0,01W,GBR,-0.040146,2010,8,20100729,20100731,262.48713642,2.198049,262.48713642,,0.7564285506,-0.563282515,-0.009510493,-0.047462699,-0.106575713,0.3744722988,,,,-0.13517935,0.0728437279,,,1.5414898897,0.4155328702,-0.158854886,1.2884292147,6.9128553279,4.5322274798,38.870632601,0.0110521655,0.0038748338,0.0092217979,0.0679054211,0.0428728522,0.0250325689,0.3078376323,0.0291066769,0.2787309554,0.072893171,-0.059796539,4.20869e-05,0.3534365346,0.0720692695,0.0259088699,-0.00155854,0.0056249062,0.0163331093,0.0081978815,0.3468870549,0.3039709369,0.0429161179,0.0129915431,1.3987215342,-0.046804996,-5.03921326,1.5865650251,0.0601373742,0.1027225242,0.1137500295,,0.2684065414,-0.150680278,0.5,,0.7720119258,0.4445949861,0.2212765026,0.239778626,0.5106322374,0.0053164697,0.0030233293,-0.013965516,-0.007524198,,-1.377457267,-1.203745644,-0.386229967,-0.750776922,0.8118443483,-1.398056522,0.0587445371,0.029056862,0.065847131,0.0148615918,-0.003961013,1.9424690372,-0.003703388,0.0114330032,0.0056041501,1.7584879312,,0.582004004,,1.5016083625,5.0,-2.061202249,1.9356683815,,,,,1.3879884218,0.7893079032,0.3190823566,-0.053462815,0.0993388551,0.0128918522,-0.005140259,-0.048003221,,,,0.9226350575,0.0167651903,1.4240339122,16.78410234,,0.1493581514,-0.541869952,0.0666841672,0.3763821442,0.00745771,491231.63300231,3.00933586,0.00191283,2.82600756,0.00520639,0.00571541,0.0207628,0.01463471,-0.30873267,0.40067918,0.55795559,0.0150042,-0.40402036,0.0155852,-0.40509235,0.01756812,0.02266945,0.01550162,-0.36923629,0.7513011,0.02780968,0.39135768,0.87302808,,,0.604944238,319,,-0.865773469,,-0.576154245
20100930,20100930,287206.0,01W,GBR,0.165153,2010,9,20100831,20100831,251.94943235,2.109807,251.94943235,,0.7564285506,-0.563282515,-0.040145602,-0.012451017,-0.072178317,0.1852879814,1.0040924333,1.264697053,,0.2761444236,0.0440900892,,,1.5414898897,0.4155328702,-0.158854886,1.2884292147,6.9128553279,4.5322274798,38.870632601,0.0110521655,0.0038748338,0.0092217979,0.0679054211,0.0428728522,0.0250325689,0.3078376323,0.0291066769,0.2787309554,0.072893171,-0.059796539,4.20869e-05,0.3534365346,0.0720692695,0.0259088699,-0.00155854,0.0056249062,0.0163331093,0.0081978815,0.3468870549,0.3039709369,0.0429161179,0.0129915431,1.3987215342,-0.046804996,-5.03921326,1.5865650251,0.0601373742,0.1027225242,0.1137500295,,0.2684065414,-0.150680278,0.5,,0.7720119258,0.4445949861,0.2212765026,0.239778626,0.5106322374,0.0053164697,0.0030233293,-0.013965516,-0.007524198,,-1.377457267,-1.203745644,-0.386229967,-0.750776922,0.8118443483,-1.398056522,0.0587445371,0.029056862,0.065847131,0.0148615918,-0.003961013,1.9424690372,-0.003703388,0.0114330032,0.0056041501,1.7584879312,,0.582004004,,1.5016083625,5.0,-2.061202249,1.9356683815,,,,,1.4460405916,0.8223204527,0.3324278737,-0.05569888,0.1034936708,0.0134310498,-0.005355249,-0.050010941,,,,0.96350011,0.0175077487,1.5430133604,16.677481572,,0.252032963,-0.815792467,0.0661918776,0.5165284337,0.00773932,246654.9199557,1.80459839,0.00088836,1.79147702,0.00681159,0.00564525,0.02108467,0.01307523,-0.64730119,0.39413998,1.30488843,0.01356477,-0.78421166,0.0115667,-2.55795445,0.01494882,0.02592791,0.01435538,-0.08107119,0.95054078,0.02738254,0.35152069,0.83797985,,,0.5230220347,320,,-0.886566601,,-0.570642919
20101029,20101031,287206.0,01W,GBR,0.095893,2010,10,20100930,20100930,293.55964227,2.458248,293.55964227,,0.7564285506,-0.563282515,0.1651530211,-0.04927429,-0.146931969,0.1409573562,0.5073818455,0.6925963634,,0.1535383846,0.0451459653,,,1.5414898897,0.4155328702,-0.158854886,1.2884292147,6.9128553279,4.5322274798,38.870632601,0.0110521655,0.0038748338,0.0092217979,0.0679054211,0.0428728522,0.0250325689,0.3078376323,0.0291066769,0.2787309554,0.072893171,-0.059796539,4.20869e-05,0.3534365346,0.0720692695,0.0259088699,-0.00155854,0.0056249062,0.0163331093,0.0081978815,0.3468870549,0.3039709369,0.0429161179,0.0129915431,1.3987215342,-0.046804996,-5.03921326,1.5865650251,0.0601373742,0.1027225242,0.1137500295,,0.2684065414,-0.150680278,0.5,,0.7720119258,0.4445949861,0.2212765026,0.239778626,0.5106322374,0.0053164697,0.0030233293,-0.013965516,-0.007524198,,-1.377457267,-1.203745644,-0.386229967,-0.750776922,0.8118443483,-1.398056522,0.0587445371,0.029056862,0.065847131,0.0148615918,-0.003961013,1.9424690372,-0.003703388,0.0114330032,0.0056041501,1.7584879312,,0.582004004,,1.5016083625,5.0,-2.061202249,1.9356683815,,,,,1.2410735461,0.705761765,0.2853083395,-0.047803919,0.088824102,0.011527284,-0.004596176,-0.042922208,,,,0.8200737635,0.0149015503,1.3445499167,17.053931647,,0.0781088596,-1.121635215,0.0644032719,0.5091703802,0.00420255,340553.40043617,2.68829491,0.00120007,2.61491795,0.00617526,0.00543774,0.01397939,0.01572727,1.4621812,-0.24290283,-0.29029852,0.01618276,1.39196496,0.01500475,1.25354642,0.02955085,0.04983036,0.01585429,1.54617773,0.84667253,0.02292314,0.43802062,0.97637475,,,1.223812166,321,,-0.866787564,,-0.568547645
20101130,20101130,287206.0,01W,GBR,0.020288,2010,11,20101029,20101031,321.71010328,2.693978,321.71010328,,0.7564285506,-0.563282515,0.0958934981,0.1183772518,0.0551645588,-0.010317347,0.522559227,0.5318193924,,0.1485819578,0.0403561053,,,1.4586516188,0.8038900673,0.7393277537,0.6959045702,2.3668500574,4.5322274798,38.870632601,0.0059844261,0.0036463452,0.0092217979,0.027877162,0.0077539017,0.0201232603,0.3713070287,0.0312038231,0.3401032056,0.1689870499,-0.165340705,0.0011477697,0.2964053927,0.1559776723,0.0401729871,0.0129172337,0.0262241723,0.034449743,0.02520054,0.3468870549,0.3039709369,0.1136838902,0.0111841455,0.6435968185,-0.154156559,-8.871010368,1.7264887411,0.0707271003,0.1348122775,0.1615650474,,0.2308517073,-0.150680278,0.5,,0.8856713836,0.4445949861,0.3582141752,0.690821834,1.625787906,0.0183866898,0.0104560019,0.0114631627,0.0066687317,,-0.135814413,0.2372437194,-0.304013075,0.2889236626,4.4087573358,10.030682358,0.0587445371,0.0592568951,0.0987713797,0.0635894541,0.0317589776,1.7149640359,0.0061934194,0.0241013792,0.0174273646,1.982426365,,0.5617715276,,1.3697564021,7.0,-1.663604394,1.4318622815,,,,,1.2136064749,0.6121823722,0.429172317,0.1490091903,0.1150766362,0.0210895254,0.0075163739,-0.048435408,,,,0.6198923025,0.0254563585,1.1610057431,17.78713449,,0.0306246307,-0.794206222,0.0676213955,0.5279164457,0.00552281,359536.4353293,2.80769877,0.00124899,2.75743327,0.00603482,0.00546191,0.01009832,0.02309549,0.01706423,-0.02067806,2.86594945,0.02228735,-0.09713352,0.02271638,-0.31815686,0.03396444,0.06059304,0.02385625,0.30781502,0.89893159,0.02279321,0.47437667,0.95976558,,,1.4145988722,322,,-0.705402087,,-1.108848582
20101231,20101231,287206.0,01W,GBR,0.102372,2010,12,20101130,20101130,328.23708615,2.7486345,328.23708615,,0.7564285506,-0.563282515,0.0202883988,0.2768836202,0.2103621142,0.1371589999,0.4527154515,0.2562960954,,-0.00285153,0.0424597352,,,1.4586516188,0.8038900673,0.7393277537,0.6959045702,2.3668500574,4.5322274798,38.870632601,0.0059844261,0.0036463452,0.0092217979,0.027877162,0.0077539017,0.0201232603,0.3713070287,0.0312038231,0.3401032056,0.1689870499,-0.165340705,0.0011477697,0.2964053927,0.1559776723,0.0401729871,0.0129172337,0.0262241723,0.034449743,0.02520054,0.3468870549,0.3039709369,0.1136838902,0.0111841455,0.6435968185,-0.154156559,-8.871010368,1.7264887411,0.0707271003,0.1348122775,0.1615650474,,0.2308517073,-0.150680278,0.5,,0.8856713836,0.4445949861,0.3582141752,0.690821834,1.625787906,0.0183866898,0.0104560019,0.0114631627,0.0066687317,,-0.135814413,0.2372437194,-0.304013075,0.2889236626,4.4087573358,10.030682358,0.0587445371,0.0592568951,0.0987713797,0.0635894541,0.0317589776,1.7149640359,0.0061934194,0.0241013792,0.0174273646,1.982426365,,0.5617715276,,1.3697564021,7.0,-1.663604394,1.4318622815,,,,,1.189473953,0.6000091474,0.4206382406,0.1460461478,0.1127883413,0.0206701609,0.0073669111,-0.047472272,,,,0.6091365955,0.0250146671,1.0680266567,17.817880599,,-0.064561704,-0.937451188,0.0685031462,0.5132409244,0.00720305,328829.58340034,2.98997196,0.00110974,2.99202745,0.00627723,0.00557598,0.02025477,0.02184692,0.84144963,-0.51425934,1.2289629,0.0225903,0.78119788,0.02202257,0.21301551,0.03179159,0.06308676,0.02527048,-0.21021135,0.90269386,0.01974457,0.63144104,0.91233408,,,1.5168691099,323,,-0.715825358,,-1.099698271
20110131,20110131,287206.0,01W,GBR,-0.040571,2011,1,20101231,20101231,361.83922851,3.0300165,361.83922851,,0.7564285506,-0.563282515,0.1023715594,0.1181274225,0.2385955145,0.1113681107,0.4864273141,0.2036643764,,0.343248673,0.0205618158,,,1.4586516188,0.8038900673,0.7393277537,0.6959045702,2.3668500574,4.5322274798,38.870632601,0.0059844261,0.0036463452,0.0092217979,0.027877162,0.0077539017,0.0201232603,0.3713070287,0.0312038231,0.3401032056,0.1689870499,-0.165340705,0.0011477697,0.2964053927,0.1559776723,0.0401729871,0.0129172337,0.0262241723,0.034449743,0.02520054,0.3468870549,0.3039709369,0.1136838902,0.0111841455,0.6435968185,-0.154156559,-8.871010368,1.7264887411,0.0707271003,0.1348122775,0.1615650474,,0.2308517073,-0.150680278,0.5,,0.8856713836,0.4445949861,0.3582141752,0.690821834,1.625787906,0.0183866898,0.0104560019,0.0114631627,0.0066687317,,-0.135814413,0.2372437194,-0.304013075,0.2889236626,4.4087573358,10.030682358,0.0587445371,0.0592568951,0.0987713797,0.0635894541,0.0317589776,1.7149640359,0.0061934194,0.0241013792,0.0174273646,1.982426365,,0.5617715276,,1.3697564021,7.0,-1.663604394,1.4318622815,,,,,1.0790136437,0.5442893934,0.3815757374,0.1324835956,0.1023142699,0.0187506297,0.0066827841,-0.043063767,,,,0.5591867567,0.0229634382,1.0699154055,17.958612876,1.048791815,-0.008492358,-0.637743997,0.0695678671,0.5179227195,0.008625,318248.48561091,3.0364755,0.00106323,3.06979412,0.00643353,0.00571143,0.01178629,0.01638542,0.43346864,-0.06132965,0.25824995,0.01585117,0.17734004,0.01223644,-0.48468446,0.02775408,0.04630521,0.01723954,0.63110104,0.83870667,0.01976585,0.56981527,1.0,,,1.3241253059,324,,-0.702113026,,-1.118605247
20110228,20110228,287206.0,01W,GBR,0.035066,2011,2,20110131,20110131,347.15902522,2.9070855,347.15902522,,0.7564285506,-0.563282515,-0.040571066,0.1247369132,0.3785027085,0.300587257,0.2198747924,-0.106575713,,-0.046231191,0.0210763726,,,1.6223035247,1.1852794718,1.3122476166,0.8087867748,2.5547073668,4.5322274798,38.870632601,0.0065211005,0.0037085787,0.0092217979,0.0327732992,0.0086260453,0.0241472539,0.389209703,0.0317881142,0.3574215888,0.1805104295,-0.176801851,0.002116414,0.3093878749,0.2102640128,0.0514425362,0.0268828145,0.0442657331,0.0477431401,0.0399056521,0.3468870549,0.3039709369,0.157667592,0.0081947653,0.3402691744,-0.168607086,-7.00102949,1.8414066787,0.0763101552,0.1612721741,0.1897883122,,0.2308517073,-0.150680278,0.5,,1.0005893211,0.4445949861,0.3818665322,1.2413906648,1.8005646789,0.0215052403,0.010847939,0.0145371249,0.0072839861,,-0.039076314,0.3913675319,-0.222738903,0.6880337104,2.5383697429,2.7183982089,0.0587445371,0.0919840612,0.1348979439,0.1144819272,0.0704948992,1.6306453686,0.0158884192,0.0350775798,0.0049929232,1.982426365,,0.5617715276,,1.4609296469,7.0,-1.853237961,1.4810635296,,,,,1.2503887803,0.6307365572,0.4421797849,0.1535254002,0.1392760345,0.0301133438,0.0198667012,-0.05666925,,,,0.6361796417,0.0380231005,0.9683238359,18.159155097,1.0382264008,-0.46850877,-0.421309539,0.0739581597,0.460520578,0.00768385,327714.25780813,2.94744207,0.00106987,3.0459072,0.00653018,0.00598745,0.01161343,0.01444059,0.04582375,0.33165655,-0.31430465,0.01481658,0.42014202,0.01514841,0.33334337,0.02323669,0.03406957,0.01904482,0.38085251,0.84342314,0.01721994,0.58710365,0.93263252,,,1.246879333,325,,-0.532214851,,-1.089387065
20110331,20110331,287206.0,01W,GBR,0.131982,2011,3,20110228,20110228,359.33246059,3.009025,359.33246059,,0.0,1.665335e-16,0.0350658761,0.0576471699,0.3778916745,0.3061079756,0.2271141189,-0.072178317,,0.0439656528,0.020267302,,,1.6223035247,1.1852794718,1.3122476166,0.8087867748,2.5547073668,4.5322274798,38.870632601,0.0065211005,0.0037085787,0.0092217979,0.0327732992,0.0086260453,0.0241472539,0.389209703,0.0317881142,0.3574215888,0.1805104295,-0.176801851,0.002116414,0.3093878749,0.2102640128,0.0514425362,0.0268828145,0.0442657331,0.0477431401,0.0399056521,0.3468870549,0.3039709369,0.157667592,0.0081947653,0.3402691744,-0.168607086,-7.00102949,1.8414066787,0.0763101552,0.1612721741,0.1897883122,,0.2308517073,-0.150680278,0.5,,1.0005893211,0.4445949861,0.3818665322,1.2413906648,1.8005646789,0.0215052403,0.010847939,0.0145371249,0.0072839861,,-0.039076314,0.3913675319,-0.222738903,0.6880337104,2.5383697429,2.7183982089,0.0587445371,0.0919840612,0.1348979439,0.1144819272,0.0704948992,1.6306453686,0.0158884192,0.0350775798,0.0049929232,1.982426365,,0.5617715276,,1.4609296469,7.0,-1.853237961,1.4810635296,,,,,1.2080282127,0.6093685163,0.4271996547,0.1483242794,0.1345576525,0.0290931664,0.0191936587,-0.054749414,,,,0.6174110398,0.0369013412,0.6647911173,18.19893381,1.0302932757,-0.700486974,-0.635671843,0.2619649153,0.4372697964,0.00741779,339887.6465569,2.82442203,0.00109397,2.9591615,0.00656313,0.00684662,0.01020491,0.02529831,0.34527181,0.15039692,-1.94525681,0.02386478,0.13865255,0.02026636,-0.09862843,0.03283325,0.05700249,0.02534996,0.22581599,0.74798501,0.01829113,0.55345372,0.96533609,,,1.6925271942,326,,-0.517359035,,-1.07672359
20110428,20110430,287206.0,01W,GBR,0.099647,2011,4,20110331,20110331,406.75792069,3.4061625,406.75792069,,0.0,1.110223e-16,0.1319821205,-0.00692785,0.2240526586,0.3559332345,0.2166530069,-0.146931969,,-0.058009687,0.0375392845,,,1.6223035247,1.1852794718,1.3122476166,0.8087867748,2.5547073668,4.5322274798,38.870632601,0.0065211005,0.0037085787,0.0092217979,0.0327732992,0.0086260453,0.0241472539,0.389209703,0.0317881142,0.3574215888,0.1805104295,-0.176801851,0.002116414,0.3093878749,0.2102640128,0.0514425362,0.0268828145,0.0442657331,0.0477431401,0.0399056521,0.3468870549,0.3039709369,0.157667592,0.0081947653,0.3402691744,-0.168607086,-7.00102949,1.8414066787,0.0763101552,0.1612721741,0.1897883122,,0.2308517073,-0.150680278,0.5,,1.0005893211,0.4445949861,0.3818665322,1.2413906648,1.8005646789,0.0215052403,0.010847939,0.0145371249,0.0072839861,,-0.039076314,0.3913675319,-0.222738903,0.6880337104,2.5383697429,2.7183982089,0.0587445371,0.0919840612,0.1348979439,0.1144819272,0.0704948992,1.6306453686,0.0158884192,0.0350775798,0.0049929232,1.982426365,,0.5617715276,,1.4609296469,7.0,-1.853237961,1.4810635296,,,,,1.0671795878,0.5383199127,0.3773908147,0.1310305849,0.1188690617,0.025701083,0.0169557967,-0.04836597,,,,0.553764386,0.0330973165,0.6428121909,18.331197785,1.0164664436,-0.737644937,-0.416179451,0.2613176432,0.4359801798,0.00609401,277362.37744296,2.24751705,0.00079616,2.37866656,0.00716273,0.00684587,0.01799034,0.0251625,1.07678333,-0.33397657,0.59114928,0.02426049,0.57752626,0.02469486,0.616142,0.04591366,0.06632514,0.02654986,0.73551975,0.7544061,0.01867167,0.64438221,0.98865108,,,2.3358279216,327,,-0.522488955,,-1.096947848
20110531,20110531,287206.0,01W,GBR,0.033999,2011,5,20110428,20110430,447.28996305,3.745575,447.28996305,,0.0,0.0,0.0996465964,0.1716760653,0.2643616615,0.5496299218,0.4620420525,0.0551645588,,-0.044626426,0.0506550138,,,-0.000717206,1.1475603546,1.7416053151,-0.028055439,0.9342885139,4.5322274798,38.870632601,-0.000551119,-0.000569681,0.0092217979,-0.033851834,-0.042136555,0.0082847208,0.1758999354,0.0152851748,0.1606147605,0.0573842362,-0.057953917,0.0046044758,-0.006107281,0.2728682365,0.0754139538,0.0621075108,0.0546776681,0.0506441436,0.0560185833,0.3468870549,0.3039709369,0.0600947586,-0.006788736,-0.238106886,-0.064742653,-2.270772026,0.7930423983,0.0823497852,0.1376238733,0.2052953616,,0.1264038115,-0.150680278,0.5,3.0,0.1687783456,0.1531273912,0.1196860158,1.7544733675,0.6316882919,0.0082280267,0.0041504829,-0.006423052,-0.003343043,,0.9055456728,1.2457479594,0.3921663427,1.0207778247,0.3573332744,-0.139894613,0.0587445371,0.0552791,0.0753598665,0.0540908762,0.0620629669,1.6009921573,0.0353000317,0.0553187749,0.0401550359,1.7762834745,0.4255183659,0.4983928679,,0.4848909512,6.0,-2.401999409,2.1244017866,,,,,0.8637569119,0.4862719967,0.2482758443,0.1390936785,0.1189162309,0.0246268288,0.0304906463,-0.039614658,,,,0.5085135815,0.0419473614,0.4213088698,19.130130668,1.0148976911,-0.370580696,0.0296807999,0.398457776,0.4941827702,0.0061216,275414.17398136,1.93730905,0.00072422,1.85710796,0.00731455,0.00683498,0.01246581,0.02548564,1.45110888,-0.26083755,0.9971835,0.02109352,0.63013493,0.02197248,0.70016686,0.03917474,0.07444574,0.02786295,0.58606648,0.76214332,0.01939002,0.61543549,1.0,,,1.9136608762,328,,-0.280532355,,-0.776455046
20110630,20110630,287206.0,01W,GBR,-0.129401,2011,6,20110531,20110531,462.49736801,3.87292075,462.49736801,,0.0,3.330669e-16,0.0339989855,0.244780286,0.3627039172,0.7753164152,0.682828173,0.2103621142,,-0.002968759,0.0540157178,,,-0.000717206,1.1475603546,1.7416053151,-0.028055439,0.9342885139,4.5322274798,38.870632601,-0.000551119,-0.000569681,0.0092217979,-0.033851834,-0.042136555,0.0082847208,0.1758999354,0.0152851748,0.1606147605,0.0573842362,-0.057953917,0.0046044758,-0.006107281,0.2728682365,0.0754139538,0.0621075108,0.0546776681,0.0506441436,0.0560185833,0.3468870549,0.3039709369,0.0600947586,-0.006788736,-0.238106886,-0.064742653,-2.270772026,0.7930423983,0.0823497852,0.1376238733,0.2052953616,,0.1264038115,-0.150680278,0.5,3.0,0.1687783456,0.1531273912,0.1196860158,1.7544733675,0.6316882919,0.0082280267,0.0041504829,-0.006423052,-0.003343043,,0.9055456728,1.2457479594,0.3921663427,1.0207778247,0.3573332744,-0.139894613,0.0587445371,0.0552791,0.0753598665,0.0540908762,0.0620629669,1.6009921573,0.0353000317,0.0553187749,0.0401550359,1.7762834745,0.4255183659,0.4983928679,,0.4848909512,6.0,-2.401999409,2.1244017866,,,,,0.8353556668,0.4702828567,0.2401122707,0.1345201305,0.1150061388,0.0238170725,0.0294880815,-0.038312086,,,,0.4937756614,0.0407316282,0.4334015613,19.136812188,1.0134317084,-0.599197161,-0.184120679,0.4149450615,0.4817126492,0.0080008,259490.71002457,1.93996017,0.00066212,1.87674709,0.00739534,0.00698742,0.00811936,0.01868675,0.46260984,-0.13669559,0.50093756,0.01763391,0.32723346,0.01909294,0.00366841,0.02718352,0.03498482,0.01889193,0.42800705,3.4352949,0.01953706,0.78487675,0.98069606,,,1.3247751885,329,,-0.26573349,,-0.79108354
20110729,20110731,287206.0,01W,GBR,0.039462,2011,7,20110630,20110630,477.57763741,3.37176,477.57763741,,0.1860873478,-0.170659947,-0.129401241,0.1370334651,0.2781847063,0.5754800777,0.7452237716,0.2385955145,,-0.009510493,0.0431165588,,,-0.000717206,1.1475603546,1.7416053151,-0.028055439,0.9342885139,4.5322274798,38.870632601,-0.000551119,-0.000569681,0.0092217979,-0.033851834,-0.042136555,0.0082847208,0.1758999354,0.0152851748,0.1606147605,0.0573842362,-0.057953917,0.0046044758,-0.006107281,0.2728682365,0.0754139538,0.0621075108,0.0546776681,0.0506441436,0.0560185833,0.3468870549,0.3039709369,0.0600947586,-0.006788736,-0.238106886,-0.064742653,-2.270772026,0.7930423983,0.0823497852,0.1376238733,0.2052953616,,0.1264038115,-0.150680278,0.5,3.0,0.1687783456,0.1531273912,0.1196860158,1.7544733675,0.6316882919,0.0082280267,0.0041504829,-0.006423052,-0.003343043,,0.9055456728,1.2457479594,0.3921663427,1.0207778247,0.3573332744,-0.139894613,0.0587445371,0.0552791,0.0753598665,0.0540908762,0.0620629669,1.6009921573,0.0353000317,0.0553187749,0.0401550359,1.7762834745,0.4255183659,0.4983928679,,0.4848909512,6.0,-2.401999409,2.1244017866,,,,,0.8089779901,0.4554329316,0.2325303459,0.1302724446,0.111374638,0.0230650108,0.0285569487,-0.037102321,,,,0.4799809806,0.0395937029,0.4341936281,19.143017654,1.0307449441,-0.226428536,0.142499122,0.2599290698,0.4954231167,0.00852678,254866.16198643,1.94983549,0.00064146,1.91365476,0.00737689,0.00705432,0.01133914,0.01515507,0.44592104,-0.06944237,-0.31209223,0.01589686,0.36789809,0.01535102,-0.08150783,0.0145265,0.03347206,0.0154423,0.6067493,3.31364632,0.01993127,0.80986624,0.85379277,0.37016652,0.6516000535,0.6980151121,330,,-0.270550062,,-0.091871655
20110831,20110831,287206.0,01W,GBR,-0.168589,2011,8,20110729,20110731,496.42375046,3.504816,496.42375046,,0.1860873478,-0.170659947,0.0394618834,-0.099801766,0.159842048,0.2515915126,0.5339785419,0.3785027085,,-0.040145602,0.050353603,,,0.1213375074,1.4184607045,2.485835149,0.0905632789,0.8878305425,2.0341149883,3.3216639115,0.0015854045,-3.254e-05,-0.001006653,-0.019633217,-0.03515863,0.0155254139,0.2408307208,0.0194653292,0.2213653916,0.0824218246,-0.083461018,0.0071808122,0.0558378519,0.3223309709,0.0941096794,0.0946341125,0.0791501385,0.0548437047,0.0623520195,,,0.0284186394,-0.022033133,-0.713610799,-0.105494151,-3.416752622,0.889900269,0.0817594554,0.1631896335,0.1934409819,,0.1264057236,1.4184607045,,4.0,0.2656345454,0.2252698129,0.1364194442,1.9320932038,0.8309917377,0.0087589869,0.0049310749,0.0034425172,0.0019077457,,1.3166437538,1.7746678106,1.3022785368,0.8628576385,0.4591660407,-0.086773152,0.1703055685,0.0814102013,0.1055287134,0.0878649124,0.1061167798,1.5752530934,0.0529086931,0.0726009794,0.0566120807,1.7762821027,0.4428080691,0.4983954051,,0.5441181891,6.0,-2.524953812,2.2957740401,,,,,0.8229579899,0.4633036547,0.2365464738,0.1325198736,0.1270321532,0.0254092888,0.0435416317,-0.035461535,,,,0.5798549108,0.0527562981,0.4724081752,19.558581309,1.0309781303,-0.180526877,0.1165787027,0.2443788962,0.5151536736,0.00872372,233737.04738884,2.08814852,0.0005755,2.08565048,0.00745729,0.00711764,0.01203718,0.02330553,0.53497656,-0.47625031,-0.14988968,0.02020852,0.20176275,0.02286749,0.49085832,0.0329885,0.05759752,0.02330669,0.5253448,3.39077184,0.02059534,0.85506916,0.88748504,0.36631107,0.6707876322,1.544160406,331,,0.1171945435,,0.5975548902
20110930,20110930,287206.0,01W,GBR,-0.171419,2011,9,20110831,20110831,412.73194365,2.913941,412.73194365,,0.1860873478,-0.170659947,-0.168589449,-0.095045774,0.1647679896,0.2751116964,0.6612021858,0.3778916745,,0.1651530211,0.0200133784,,,0.1213375074,1.4184607045,2.485835149,0.0905632789,0.8878305425,2.0341149883,3.3216639115,0.0015854045,-3.254e-05,-0.001006653,-0.019633217,-0.03515863,0.0155254139,0.2408307208,0.0194653292,0.2213653916,0.0824218246,-0.083461018,0.0071808122,0.0558378519,0.3223309709,0.0941096794,0.0946341125,0.0791501385,0.0548437047,0.0623520195,,,0.0284186394,-0.022033133,-0.713610799,-0.105494151,-3.416752622,0.889900269,0.0817594554,0.1631896335,0.1934409819,,0.1264057236,1.4184607045,,4.0,0.2656345454,0.2252698129,0.1364194442,1.9320932038,0.8309917377,0.0087589869,0.0049310749,0.0034425172,0.0019077457,,1.3166437538,1.7746678106,1.3022785368,0.8628576385,0.4591660407,-0.086773152,0.1703055685,0.0814102013,0.1055287134,0.0878649124,0.1061167798,1.5752530934,0.0529086931,0.0726009794,0.0566120807,1.7762821027,0.4428080691,0.4983954051,,0.5441181891,6.0,-2.524953812,2.2957740401,,,,,0.9898334697,0.5572501508,0.2845122349,0.1593916189,0.1527911248,0.0305616627,0.0523707953,-0.042652255,,,,0.6812703426,0.0619832662,0.4845767255,19.604256014,1.0704185045,-0.122781763,0.0314243412,0.2507544583,0.5288728564,0.00865677,211786.77675194,2.26793887,0.00050536,2.3216735,0.00760177,0.00716992,0.01543245,0.02564884,0.40813048,0.12182307,0.91173169,0.02342317,-0.09040189,0.02442243,0.1592221,0.02932722,0.04395423,0.0294218,-0.43991298,3.33485532,0.02161789,0.88132206,0.73786443,0.38058713,0.6616454732,1.2894499814,332,,0.1149427986,,0.5461180686
20111031,20111031,287206.0,01W,GBR,0.002843,2011,10,20110930,20110930,341.98168404,2.414435,341.98168404,,0.1860873478,-0.170659947,-0.171419394,-0.135780423,-0.144509107,-0.038308537,0.1853730787,0.2240526586,,0.0958934981,-0.004287794,,,0.1213375074,1.4184607045,2.485835149,0.0905632789,0.8878305425,2.0341149883,3.3216639115,0.0015854045,-3.254e-05,-0.001006653,-0.019633217,-0.03515863,0.0155254139,0.2408307208,0.0194653292,0.2213653916,0.0824218246,-0.083461018,0.0071808122,0.0558378519,0.3223309709,0.0941096794,0.0946341125,0.0791501385,0.0548437047,0.0623520195,,,0.0284186394,-0.022033133,-0.713610799,-0.105494151,-3.416752622,0.889900269,0.0817594554,0.1631896335,0.1934409819,,0.1264057236,1.4184607045,,4.0,0.2656345454,0.2252698129,0.1364194442,1.9320932038,0.8309917377,0.0087589869,0.0049310749,0.0034425172,0.0019077457,,1.3166437538,1.7746678106,1.3022785368,0.8628576385,0.4591660407,-0.086773152,0.1703055685,0.0814102013,0.1055287134,0.0878649124,0.1061167798,1.5752530934,0.0529086931,0.0726009794,0.0566120807,1.7762821027,0.4428080691,0.4983954051,,0.5441181891,6.0,-2.524953812,2.2957740401,,,,,1.1946133694,0.6725358363,0.3433730319,0.1923670645,0.1844010391,0.0368843568,0.0632054321,-0.05147629,,,,0.7994750312,0.0727377527,0.4398394507,19.660305361,1.1075260957,-0.137759804,-0.616525365,0.2514217192,0.4975299381,0.00869388,134249.07346947,2.50610716,0.00031087,2.52951836,0.00818546,0.0077426,0.01070508,0.02380637,0.68430234,-0.05825883,0.39853777,0.02448212,0.97880215,0.02486501,0.70735685,0.0269743,0.05098073,0.02640816,0.49023586,3.72097998,0.02227741,0.79271833,0.61138016,0.38220484,0.6099652435,1.1411588282,333,,0.1190159625,,0.5181669818
20111130,20111130,287206.0,01W,GBR,-0.058186,2011,11,20111031,20111031,342.9540458,2.4213,342.9540458,,0.1860873478,-0.170659947,0.0028433153,-0.311109342,-0.355390027,-0.169465432,-0.103765881,0.2643616615,,0.0202883988,-0.00587371,,,0.2817513847,0.5583268968,2.4358610538,0.6979235493,1.3912471615,1.6157970689,4.8094288886,0.0079410565,-0.003611521,-0.001006653,0.0145324892,0.0068012494,0.0077312398,0.2446548825,0.0114098529,0.2332450296,-0.005532184,0.0019206635,0.0044418969,0.2022436026,0.3367169039,0.0755262865,0.0865735896,0.0442976373,0.0303115041,0.0571707679,,,-0.067924318,-0.028539292,-1.580303094,-0.026618629,-1.473950407,1.0110812553,0.0572420933,0.1295178162,0.1697888262,,0.1443481108,1.4184607045,,5.0,0.3088716669,0.2699283584,0.1569458728,4.9760884889,-0.094478732,0.0047626511,0.0026812449,-0.013624039,-0.007774757,,-0.131107874,0.764667848,0.8981807904,0.8554120296,-1.654201012,-2.362838646,1.1830911861,0.0743855409,0.0968059223,0.0670620376,0.1109658184,1.6805296565,0.0465986712,0.0580342973,0.0404052518,1.6784355813,0.4280565183,0.5200308896,,0.6627966417,6.0,-2.317502258,2.2999280757,,,,,1.4591853128,0.869372247,0.3945151889,0.1838845458,0.1682187861,0.0263519804,0.0679960966,-0.112338181,,,,0.8368662186,0.0715296053,0.5022868674,16.96537514,1.0323920579,-0.253769476,-0.694183204,0.2105342894,0.4300612611,0.00431427,174804.81470721,5.01164193,0.00047966,5.50455774,0.00749608,0.00754787,0.01942835,0.03711903,0.13629323,0.04499077,0.62971969,0.035216,-0.24462936,0.03759155,0.09445169,0.04734487,0.07942371,0.03941295,-0.12371932,3.75369937,0.0237367,0.70543318,0.6131185,0.3777055,0.6017187331,1.8777445302,334,,0.0477441286,,0.4503871123
20111230,20111231,287206.0,01W,GBR,-0.178794,2011,12,20111130,20111130,322.99902959,2.280415,322.99902959,,0.1860873478,-0.170659947,-0.058185685,-0.169063478,-0.374812924,-0.195320743,-0.119089861,0.3627039172,,0.1023715594,-0.020469823,,,0.2817513847,0.5583268968,2.4358610538,0.6979235493,1.3912471615,1.6157970689,4.8094288886,0.0079410565,-0.003611521,-0.001006653,0.0145324892,0.0068012494,0.0077312398,0.2446548825,0.0114098529,0.2332450296,-0.005532184,0.0019206635,0.0044418969,0.2022436026,0.3367169039,0.0755262865,0.0865735896,0.0442976373,0.0303115041,0.0571707679,,,-0.067924318,-0.028539292,-1.580303094,-0.026618629,-1.473950407,1.0110812553,0.0572420933,0.1295178162,0.1697888262,,0.1443481108,1.4184607045,,5.0,0.3088716669,0.2699283584,0.1569458728,4.9760884889,-0.094478732,0.0047626511,0.0026812449,-0.013624039,-0.007774757,,-0.131107874,0.764667848,0.8981807904,0.8554120296,-1.654201012,-2.362838646,1.1830911861,0.0743855409,0.0968059223,0.0670620376,0.1109658184,1.6805296565,0.0465986712,0.0580342973,0.0404052518,1.6784355813,0.4280565183,0.5200308896,,0.6627966417,6.0,-2.317502258,2.2999280757,,,,,1.5493343965,0.9230824309,0.4188885036,0.1952450105,0.1786114136,0.0279800169,0.0721969241,-0.119278481,,,,0.880122578,0.0752268633,0.4960030186,16.819081684,1.0376133594,-0.340641167,-1.805415079,0.2066941548,0.408400255,0.00897665,157476.8394902,5.5734294,0.00044397,5.96596099,0.00757083,0.0076276,0.02773488,0.02528221,0.07756484,-0.04976581,0.37605248,0.02316841,0.14416732,0.02380414,-0.0001834,0.03080557,0.0616779,0.02635178,0.41685903,2.18754023,0.02397731,0.58254154,0.57744378,0.37074768,0.5714913672,1.2171063348,335,,0.0394010962,,0.5219434463
20120131,20120131,287206.0,01W,GBR,-0.005876,2012,1,20111230,20111231,265.24874386,1.8726905,265.24874386,,0.1860873478,-0.170659947,-0.178793991,-0.05550781,-0.323672207,-0.330503169,-0.247391887,0.2781847063,,-0.040571066,-0.033035544,,,0.2817513847,0.5583268968,2.4358610538,0.6979235493,1.3912471615,1.6157970689,4.8094288886,0.0079410565,-0.003611521,-0.001006653,0.0145324892,0.0068012494,0.0077312398,0.2446548825,0.0114098529,0.2332450296,-0.005532184,0.0019206635,0.0044418969,0.2022436026,0.3367169039,0.0755262865,0.0865735896,0.0442976373,0.0303115041,0.0571707679,,,-0.067924318,-0.028539292,-1.580303094,-0.026618629,-1.473950407,1.0110812553,0.0572420933,0.1295178162,0.1697888262,,0.1443481108,1.4184607045,,5.0,0.3088716669,0.2699283584,0.1569458728,4.9760884889,-0.094478732,0.0047626511,0.0026812449,-0.013624039,-0.007774757,,-0.131107874,0.764667848,0.8981807904,0.8554120296,-1.654201012,-2.362838646,1.1830911861,0.0743855409,0.0968059223,0.0670620376,0.1109658184,1.6805296565,0.0465986712,0.0580342973,0.0404052518,1.6784355813,0.4280565183,0.5200308896,,0.6627966417,6.0,-2.317502258,2.2999280757,,,,,1.8866574043,1.1240570835,0.5100894285,0.2377539965,0.2174989122,0.0340718609,0.0879157281,-0.14524794,,,,1.0349363622,0.0884592876,0.4659903037,16.271675694,1.0393010576,-0.198228297,-1.091613898,0.206710441,0.4055202102,0.00733064,166773.20965537,5.3395291,0.00049217,5.46406053,0.00738253,0.00752846,0.03598699,0.06368662,-1.5588621,0.41404776,1.07186672,0.05829554,-2.25759903,0.06046474,-2.23030753,0.05069308,0.11429945,0.0637353,-1.58441386,2.30766569,0.02925652,0.55671568,0.4742003,0.36057961,0.6571637017,1.6731756284,336,,0.032005868,,0.336983319
20120229,20120229,287206.0,01W,GBR,0.012296,2012,2,20120131,20120131,263.69006142,1.861686,263.69006142,,0.1860873478,-0.170659947,-0.005876305,-0.226576426,-0.465680795,-0.500025897,-0.355818568,0.159842048,,0.0350658761,-0.03675756,,,0.0667292566,0.1033816965,1.9258294595,0.4130858349,1.4808140486,1.2271761791,5.5579268373,0.0056475531,-0.004341777,-0.001006653,-0.002189425,0.0033841179,-0.005573543,0.1411488763,0.0050302939,0.1361185823,-0.061145523,0.0568037454,0.0032903679,0.1229153132,0.3521934932,0.0805681213,0.1008422394,0.041239877,0.0210804821,0.0597625724,,,-0.126425566,-0.038655067,-3.077730341,0.0181486788,1.4450043507,0.8414658012,0.0530220474,0.1189333107,0.169686759,,0.1443481108,1.4184607045,,0.0,0.1392562128,0.1414943846,0.0759873015,5.7652421941,-0.246385812,0.0033994367,0.0020253603,-0.018105804,-0.008822579,,-0.306019366,0.4529842821,0.7034195981,0.4353204787,-2.092637402,-1.871577593,1.7955265787,0.0663368766,0.0859443721,0.0519593794,0.1075713671,1.8940756748,0.0512146681,0.0621871728,0.0353262489,1.6784355813,0.4030221341,0.5200308896,,0.5516081959,6.0,-2.027951878,1.9295789813,,,,,1.7560382579,1.0462351236,0.4747743546,0.2212935496,0.2023190919,0.0220551407,0.0899349166,-0.204879821,,,,0.9762675386,0.0894158939,0.4258474069,15.030847987,1.0218132966,-0.28262204,-1.273819877,0.2642286716,0.3849470423,0.00690048,181377.8360342,4.91163356,0.00056229,4.78880954,0.00706814,0.00746564,0.00981735,0.03478348,-0.18457875,0.34533408,2.31683011,0.03560362,-0.19783178,0.03586625,-0.08751381,0.04979677,0.07922856,0.03722259,0.24768,2.2797305,0.03057569,0.50229182,0.47141376,0.36081539,0.6858955171,1.5762119307,337,,0.121528563,,0.1169639931
20120330,20120331,287206.0,01W,GBR,0.068398,2012,3,20120229,20120229,266.93249483,1.884578,266.93249483,,0.1860873478,-0.170659947,,-0.183619648,-0.361110606,-0.519306973,-0.381299258,0.1647679896,,0.1319821205,,,,0.0667292566,0.1033816965,1.9258294595,0.4130858349,1.4808140486,1.2271761791,5.5579268373,0.0056475531,-0.004341777,-0.001006653,-0.002189425,0.0033841179,-0.005573543,0.1411488763,0.0050302939,0.1361185823,-0.061145523,0.0568037454,0.0032903679,0.1229153132,0.3521934932,0.0805681213,0.1008422394,0.041239877,0.0210804821,0.0597625724,,,-0.126425566,-0.038655067,-3.077730341,0.0181486788,1.4450043507,0.8414658012,0.0530220474,0.1189333107,0.169686759,,0.1443481108,1.4184607045,,0.0,0.1392562128,0.1414943846,0.0759873015,5.7652421941,-0.246385812,0.0033994367,0.0020253603,-0.018105804,-0.008822579,,-0.306019366,0.4529842821,0.7034195981,0.4353204787,-2.092637402,-1.871577593,1.7955265787,0.0663368766,0.0859443721,0.0519593794,0.1075713671,1.8940756748,0.0512146681,0.0621871728,0.0353262489,1.6784355813,0.4030221341,0.5200308896,,0.5516081959,6.0,-2.027951878,1.9295789813,,,,,1.7347076322,1.0335264883,0.4690072626,0.2186054932,0.1998615186,0.0217872366,0.0888424757,-0.202391142,,,,0.9665361383,0.0885245995,0.4168230828,15.083110347,1.0218132966,-0.585691458,-1.173326907,0.2634351295,0.3660468772,0.00853653,178710.64229926,5.00802153,0.00056921,4.75192889,0.00709548,0.00755236,0.01513892,0.02157484,-0.89580114,-0.94979217,-0.06846761,0.01754161,-0.1803193,0.02053672,-0.33344844,0.02519896,0.03217249,0.02176624,-0.83834131,2.8622788,0.03026503,0.47568681,0.47721044,0.35712436,0.6737224533,0.8044180988,338,,0.1312893499,,0.1477578973
20120430,20120430,287206.0,01W,GBR,-0.072452,2012,4,20120330,20120331,285.1902334,2.01348,285.1902334,,0.1860873478,-0.170659947,,,,,,-0.144509107,,0.0996465964,,,,0.0667292566,0.1033816965,1.9258294595,0.4130858349,1.4808140486,1.2271761791,5.5579268373,0.0056475531,-0.004341777,-0.001006653,-0.002189425,0.0033841179,-0.005573543,0.1411488763,0.0050302939,0.1361185823,-0.061145523,0.0568037454,0.0032903679,0.1229153132,0.3521934932,0.0805681213,0.1008422394,0.041239877,0.0210804821,0.0597625724,,,-0.126425566,-0.038655067,-3.077730341,0.0181486788,1.4450043507,0.8414658012,0.0530220474,0.1189333107,0.169686759,,0.1443481108,1.4184607045,,0.0,0.1392562128,0.1414943846,0.0759873015,5.7652421941,-0.246385812,0.0033994367,0.0020253603,-0.018105804,-0.008822579,,-0.306019366,0.4529842821,0.7034195981,0.4353204787,-2.092637402,-1.871577593,1.7955265787,0.0663368766,0.0859443721,0.0519593794,0.1075713671,1.8940756748,0.0512146681,0.0621871728,0.0353262489,1.6784355813,0.4030221341,0.5200308896,,0.5516081959,6.0,-2.027951878,1.9295789813,,,,,1.6236525022,0.9673606305,0.4389816482,0.204610477,0.1870664824,0.0203924284,0.0831548241,-0.189434161,,,,0.9151691863,0.083819924,0.3850353415,15.355207534,1.0206489253,-0.989066817,-1.045678546,0.2601608109,0.3960513774,0.00838458,181148.25417168,4.96049882,0.00058596,4.63563685,0.00710229,0.00781787,0.02562397,0.02401375,-0.90016313,0.01131125,1.77012018,0.0220875,-0.80535367,0.02231788,-1.35650034,0.03404577,0.05687416,0.02725289,-1.26753946,2.53763379,0.03023598,0.39887962,0.50985084,0.35738932,0.6732031313,1.0854183179,339,,0.1346014059,,0.1102660836
20120531,20120531,287206.0,01W,GBR,-0.12227,2012,5,20120430,20120430,264.5277231,1.8676,264.5277231,,0.1860873478,-0.170659947,-0.072451676,0.0815357692,-0.168430182,-0.425510498,-0.462437676,-0.355390027,,0.0339989855,,,,0.417118769,-0.022951768,1.9242504885,0.3337358259,2.3080931058,1.3357142332,7.0547700904,0.0044964151,0.0020058275,-0.001006653,0.0238841437,0.0116738097,0.012210334,0.2129906544,0.0174924503,0.1954982041,0.1601203147,-0.158114487,0.0013108087,0.1185578925,0.3703803963,0.0667754904,0.0722939684,0.0504967395,0.0325152187,0.0516456311,,,0.0625296498,-0.019358839,-1.154226704,-0.177473326,-10.58144298,1.0879592489,0.0419839264,0.1113006263,0.1394394293,,0.1446599727,1.4184607045,,0.0,0.2943476678,0.2370324382,0.1539102997,7.0171406821,-0.110426926,0.0187353273,0.011162375,0.0105073006,0.0070118921,,0.0185071829,0.2185238793,0.5069583298,0.3169126161,-0.997862354,1.2878495148,2.3866879729,0.0750153653,0.0946288007,0.0655667076,0.1024491396,1.6105348524,0.0361309681,0.0529351293,0.0008309364,1.9386458791,0.4051118012,0.5105589405,,0.7103420658,6.0,-1.587463274,1.2317117446,,,,,2.0697397711,1.0676213709,0.7512170425,0.4518085437,0.1964604335,0.0347139424,0.0747817016,-0.271862077,,,,0.9704656178,0.0754658339,0.4454225686,14.117536495,1.0137026921,-0.881603586,-0.984684057,0.1598618191,0.3611157169,0.00899713,70973.70877098,1.7075743,0.00025544,1.70763482,0.00831956,0.0080156,0.00656158,0.02469035,0.3306834,-0.0430208,0.54772442,0.02598282,0.33727272,0.02677715,0.14007596,0.02691918,0.0436483,0.02615097,-0.01829344,5.46401366,0.03013314,0.33581735,0.47291129,0.3571373,0.6659764669,0.8627044985,340,,0.0398916172,,-0.225422531
20120629,20120630,287206.0,01W,GBR,0.038239,2012,6,20120531,20120531,232.18384077,1.639248,232.18384077,,0.1860873478,-0.170659947,-0.122270293,,-0.181026261,-0.359081052,-0.51777996,-0.374812924,,-0.129401241,,,,0.417118769,-0.022951768,1.9242504885,0.3337358259,2.3080931058,1.3357142332,7.0547700904,0.0044964151,0.0020058275,-0.001006653,0.0238841437,0.0116738097,0.012210334,0.2129906544,0.0174924503,0.1954982041,0.1601203147,-0.158114487,0.0013108087,0.1185578925,0.3703803963,0.0667754904,0.0722939684,0.0504967395,0.0325152187,0.0516456311,,,0.0625296498,-0.019358839,-1.154226704,-0.177473326,-10.58144298,1.0879592489,0.0419839264,0.1113006263,0.1394394293,,0.1446599727,1.4184607045,,0.0,0.2943476678,0.2370324382,0.1539102997,7.0171406821,-0.110426926,0.0187353273,0.011162375,0.0105073006,0.0070118921,,0.0185071829,0.2185238793,0.5069583298,0.3169126161,-0.997862354,1.2878495148,2.3866879729,0.0750153653,0.0946288007,0.0655667076,0.1024491396,1.6105348524,0.0361309681,0.0529351293,0.0008309364,1.9386458791,0.4051118012,0.5105589405,,0.7103420658,6.0,-1.587463274,1.2317117446,,,,,2.3580605232,1.2163441238,0.8558637549,0.514746784,0.2238279415,0.0395496952,0.0851990095,-0.309733253,,,,1.0597139834,0.0824060101,0.4346934944,13.39096087,1.0198796014,-1.229068977,-1.379408533,0.1579684915,0.3461104043,0.00767573,80478.5292466,1.94777119,0.00029424,1.94931415,0.00815681,0.00798846,0.02678339,0.01630065,0.33513347,0.41563593,0.26122176,0.01628834,-0.22093003,0.01578054,-0.40007847,0.01258647,0.03785072,0.01715304,0.57438145,5.00211648,0.02995003,0.31383316,0.41746837,0.35790472,0.6624573351,0.4038650836,341,,0.0380193046,,-0.232181341
20120731,20120731,287206.0,01W,GBR,0.053954,2012,7,20120629,20120630,252.63358925,1.701931,252.63358925,,0.0480012844,-0.046884811,0.0382388754,-0.185863281,-0.12465621,-0.32106352,-0.513830166,-0.323672207,,0.0394618834,,,,0.417118769,-0.022951768,1.9242504885,0.3337358259,2.3080931058,1.3357142332,7.0547700904,0.0044964151,0.0020058275,-0.001006653,0.0238841437,0.0116738097,0.012210334,0.2129906544,0.0174924503,0.1954982041,0.1601203147,-0.158114487,0.0013108087,0.1185578925,0.3703803963,0.0667754904,0.0722939684,0.0504967395,0.0325152187,0.0516456311,,,0.0625296498,-0.019358839,-1.154226704,-0.177473326,-10.58144298,1.0879592489,0.0419839264,0.1113006263,0.1394394293,,0.1446599727,1.4184607045,,0.0,0.2943476678,0.2370324382,0.1539102997,7.0171406821,-0.110426926,0.0187353273,0.011162375,0.0105073006,0.0070118921,,0.0185071829,0.2185238793,0.5069583298,0.3169126161,-0.997862354,1.2878495148,2.3866879729,0.0750153653,0.0946288007,0.0655667076,0.1024491396,1.6105348524,0.0361309681,0.0529351293,0.0008309364,1.9386458791,0.4051118012,0.5105589405,,0.7103420658,6.0,-1.587463274,1.2317117446,,,,,2.1671843031,1.1178855955,0.7865847704,0.4730799483,0.205709903,0.0363482946,0.0783024669,-0.2846615,,,,1.001482316,0.07787777,0.4245526169,13.871973797,1.0095667769,-1.083471896,-0.853149204,0.1825821041,0.3559298197,0.00837861,65279.45852296,2.11961066,0.00024524,2.13067381,0.00830046,0.00794259,0.01590701,0.01175714,0.43693989,-0.28894008,-0.06458775,0.01015095,1.10476979,0.01110994,0.46806402,0.01505576,0.03549601,0.01278488,0.1440684,5.00077969,0.02996107,0.30653966,0.46596834,0.35554376,0.6520148574,0.4821015453,342,,0.0360730069,,-0.214092306
20120831,20120831,287206.0,01W,GBR,0.075698,2012,8,20120731,20120731,266.26418413,1.793757,266.26418413,,0.0480012844,-0.046884811,0.0539540087,-0.088706897,-0.085812001,-0.297100318,-0.514402183,-0.465680795,,-0.168589449,,,,0.374458243,-0.22032658,1.7476567171,0.2936259425,2.5631182499,1.669142269,7.0563855865,0.0040785115,0.0019100345,0.0061025943,0.0217655743,0.0128046046,0.0089609697,0.1960727689,0.014703669,0.1813690999,0.1538258988,-0.14581327,-0.000778599,0.1062283836,0.3906791594,0.0620367341,0.0552386101,0.0583797997,0.0435504112,0.0442654639,0.3008969325,0.1332830647,0.1676138678,-0.004635623,-0.206354233,-0.150448893,-6.697214861,1.0552068178,0.0369593156,0.1013711052,0.1133038783,,0.1446599041,-0.269056168,0.064516129,1.0,0.2616007329,0.2121037043,0.1132696601,8.5778783618,-0.137207979,0.0187702697,0.0096821549,0.0100112828,0.00475108,,-0.246473703,-0.051979031,0.3516881118,0.330795087,-0.928892176,1.0170759179,2.6948616793,0.0695516922,0.0852669005,0.0735205244,0.075923163,1.4696010133,0.0271000204,0.0506029867,-0.025808673,1.9386414515,0.4081010923,0.5105598339,1.2141876895,0.6889580551,5.0,-1.681252278,1.244044743,,,-0.364297379,0.0069096142,2.1088661471,1.0878061776,0.7654161919,0.4603478173,0.1846571751,0.0473744063,0.0571503156,-0.347562327,,,,1.1160023421,0.0730750061,0.4170056473,12.974866493,1.0113716328,-0.747426246,-0.11500647,0.1686022729,0.3521839892,0.00437475,114039.57282436,5.14371367,0.00044396,5.19000542,0.00749329,0.00744494,0.01005595,0.01072591,-0.41890938,0.39120891,0.0593071,0.0110268,-0.45497577,0.01140096,-0.42777375,0.0154368,0.01880484,0.01201644,-0.84853729,5.01280559,0.02932884,0.27467246,0.52478405,0.35474618,0.6349007626,0.5026668009,343,0.1244347139,-0.01319239,0.6968251165,-0.182145782
20120928,20120930,287206.0,01W,GBR,0.025245,2012,9,20120831,20120831,290.70782123,1.9295415,290.70782123,,0.0636904596,-0.061744427,0.0756983805,0.0942560247,,-0.213407647,-0.384422334,-0.361110606,,-0.171419394,,,,0.374458243,-0.22032658,1.7476567171,0.2936259425,2.5631182499,1.669142269,7.0563855865,0.0040785115,0.0019100345,0.0061025943,0.0217655743,0.0128046046,0.0089609697,0.1960727689,0.014703669,0.1813690999,0.1538258988,-0.14581327,-0.000778599,0.1062283836,0.3906791594,0.0620367341,0.0552386101,0.0583797997,0.0435504112,0.0442654639,0.3008969325,0.1332830647,0.1676138678,-0.004635623,-0.206354233,-0.150448893,-6.697214861,1.0552068178,0.0369593156,0.1013711052,0.1133038783,,0.1446599041,-0.269056168,0.064516129,1.0,0.2616007329,0.2121037043,0.1132696601,8.5778783618,-0.137207979,0.0187702697,0.0096821549,0.0100112828,0.00475108,,-0.246473703,-0.051979031,0.3516881118,0.330795087,-0.928892176,1.0170759179,2.6948616793,0.0695516922,0.0852669005,0.0735205244,0.075923163,1.4696010133,0.0271000204,0.0506029867,-0.025808673,1.9386414515,0.4081010923,0.5105598339,1.2141876895,0.6889580551,5.0,-1.681252278,1.244044743,,,-0.364297379,0.0069096142,1.9315459821,0.9963399785,0.7010575669,0.4216403104,0.1691306132,0.0433910157,0.0523449355,-0.318338182,,,,1.049996179,0.0687529715,0.4760307713,13.509506584,1.0150084853,-0.628689213,-0.077680265,0.1621167775,0.3708352543,0.00815331,115115.07651404,5.07068599,0.00044242,5.18246943,0.00737788,0.0074041,0.00514622,0.02936307,0.76163755,0.61902696,0.13846976,0.02603215,0.90072957,0.02521422,0.22549015,0.04244325,0.09044653,0.02964506,1.0188242,4.3936223,0.02972547,0.16468208,0.66569873,0.35426701,0.6908602671,1.381626946,344,0.091337312,-0.004403053,0.708901312,-0.231310811
20121031,20121031,287206.0,01W,GBR,0.113492,2012,10,20120928,20120930,298.04669872,1.9782525,298.04669872,,0.0636904596,-0.061744427,0.0252448574,0.1337366203,-0.041688271,0.0303579262,-0.200831043,,,0.0028433153,,,,0.374458243,-0.22032658,1.7476567171,0.2936259425,2.5631182499,1.669142269,7.0563855865,0.0040785115,0.0019100345,0.0061025943,0.0217655743,0.0128046046,0.0089609697,0.1960727689,0.014703669,0.1813690999,0.1538258988,-0.14581327,-0.000778599,0.1062283836,0.3906791594,0.0620367341,0.0552386101,0.0583797997,0.0435504112,0.0442654639,0.3008969325,0.1332830647,0.1676138678,-0.004635623,-0.206354233,-0.150448893,-6.697214861,1.0552068178,0.0369593156,0.1013711052,0.1133038783,,0.1446599041,-0.269056168,0.064516129,1.0,0.2616007329,0.2121037043,0.1132696601,8.5778783618,-0.137207979,0.0187702697,0.0096821549,0.0100112828,0.00475108,,-0.246473703,-0.051979031,0.3516881118,0.330795087,-0.928892176,1.0170759179,2.6948616793,0.0695516922,0.0852669005,0.0735205244,0.075923163,1.4696010133,0.0271000204,0.0506029867,-0.025808673,1.9386414515,0.4081010923,0.5105598339,1.2141876895,0.6889580551,5.0,-1.681252278,1.244044743,,,-0.364297379,0.0069096142,1.8839850483,0.9718068531,0.6837952533,0.4112581569,0.1649660683,0.042322588,0.0510560332,-0.310499663,,,,1.0316761323,0.0675533884,0.540733626,13.652908108,1.0122322971,-0.371812326,0.0148988173,0.1630424865,0.3845149385,0.00871246,114303.75332324,5.19102788,0.00043841,5.31669284,0.00734396,0.0073808,0.00565293,0.01172812,-0.49308067,-0.38412111,0.12258251,0.01190328,-0.1364246,0.01152129,0.14631196,0.01416997,0.0230451,0.01272145,-0.86756016,4.5691194,0.02921345,-0.0031432,0.78629232,0.35318574,0.7542188438,0.4717703276,345,0.0527528206,-0.020981171,0.6882321622,-0.264750767
20121130,20121130,287206.0,01W,GBR,-0.035951,2012,11,20121031,20121031,331.87271519,2.202769,331.87271519,,0.0636904596,-0.061744427,0.1134923373,0.1028542328,0.0592485007,0.0626134053,-0.182979185,-0.168430182,,-0.058185685,,,,0.335520515,-0.119206109,0.5384360119,0.1425433532,2.7671438911,1.4759560279,8.1938297417,0.0020619825,0.0069955466,0.0061025943,0.0316823867,0.0455158009,-0.013833414,0.2685821137,0.0279490628,0.2406330509,0.2039064115,-0.196910865,-0.000196149,-0.005199183,0.369737332,0.0575195179,0.0473837725,0.052980478,0.0370242826,0.037761212,0.2136625327,0.0569327218,0.1567298108,-0.004719753,-0.28912059,-0.201630618,-12.35140157,1.0917234693,0.0333666766,0.0869530155,0.1021298331,,0.0520520118,-0.269056168,0.064516129,2.0,0.3028955676,0.3063641529,0.1833345721,4.2858523772,0.0458793944,-0.001978283,-0.001020446,-0.006740934,-0.003701691,,-0.365089387,-0.499755631,0.3646083636,-0.38986274,-0.373920173,-0.996122916,1.7235601642,0.0569786734,0.0768184962,0.0523630218,0.0632820002,1.596870413,0.0210442661,0.0426640196,-0.025554405,2.2680175592,0.4037845714,0.4772832832,0.7132590811,0.6218806033,4.0,-1.610392039,0.78223204,,,-0.364297379,0.0069096142,2.0138420059,0.8879305179,0.8183234674,0.7134989397,0.1531133894,0.0328749904,0.042379827,-0.244316483,,,,0.8749368493,0.0501421932,0.5707834853,14.77041586,1.0165334524,-0.403570362,0.2886995125,0.1527038702,0.3280461758,0.00776191,123179.91549839,4.69025695,0.00046058,4.92640692,0.00722925,0.0079062,0.0152099,0.01324067,1.05001767,-0.1270011,-0.49458424,0.01351825,0.96390823,0.01337778,0.75950096,0.02577488,0.04151126,0.01379158,1.11076194,1.28913358,0.02750245,0.12629295,0.87553047,0.35007485,0.7669543243,0.9191779127,346,-0.102241453,-0.135825477,0.6026275637,-0.311267119
20121231,20121231,287206.0,01W,GBR,0.010212,2012,12,20121130,20121130,319.94159662,2.1235775,319.94159662,,0.0636904596,-0.061744427,-0.035950887,0.1416022926,0.3437679961,,-0.034049066,-0.181026261,,-0.178793991,,0.0373458685,,0.335520515,-0.119206109,0.5384360119,0.1425433532,2.7671438911,1.4759560279,8.1938297417,0.0020619825,0.0069955466,0.0061025943,0.0316823867,0.0455158009,-0.013833414,0.2685821137,0.0279490628,0.2406330509,0.2039064115,-0.196910865,-0.000196149,-0.005199183,0.369737332,0.0575195179,0.0473837725,0.052980478,0.0370242826,0.037761212,0.2136625327,0.0569327218,0.1567298108,-0.004719753,-0.28912059,-0.201630618,-12.35140157,1.0917234693,0.0333666766,0.0869530155,0.1021298331,,0.0520520118,-0.269056168,0.064516129,2.0,0.3028955676,0.3063641529,0.1833345721,4.2858523772,0.0458793944,-0.001978283,-0.001020446,-0.006740934,-0.003701691,,-0.365089387,-0.499755631,0.3646083636,-0.38986274,-0.373920173,-0.996122916,1.7235601642,0.0569786734,0.0768184962,0.0523630218,0.0632820002,1.596870413,0.0210442661,0.0426640196,-0.025554405,2.2680175592,0.4037845714,0.4772832832,0.7132590811,0.6218806033,4.0,-1.610392039,0.78223204,,,-0.364297379,0.0069096142,2.088941299,0.9210428246,0.8488400193,0.7401064222,0.1588232252,0.0341009498,0.0439602365,-0.253427424,,,,0.8936872845,0.0512167712,0.5924672373,14.600257588,1.0122122066,-0.150881724,0.8804883859,0.1534329066,0.3425666751,0.00686338,137994.94912062,4.17449791,0.00049583,4.51392865,0.00710434,0.00777054,0.01779103,0.01163777,0.81794986,-0.2618537,1.03195386,0.0120164,0.43224445,0.01244519,0.62174882,0.01374651,0.03072863,0.0116882,0.74195776,0.83746,0.02674225,0.03624838,0.93023085,0.34984376,0.8173257604,0.5060801758,347,-0.114974096,-0.1472437,0.602805087,-0.332634412
20130131,20130131,287206.0,01W,GBR,-0.102087,2013,1,20121231,20121231,323.20891953,2.145264,323.20891953,,0.0636904596,-0.061744427,0.010212248,0.0734612998,0.2477459427,0.0546802054,0.1339714171,-0.12465621,-0.059374906,-0.005876305,,0.0496539379,,0.335520515,-0.119206109,0.5384360119,0.1425433532,2.7671438911,1.4759560279,8.1938297417,0.0020619825,0.0069955466,0.0061025943,0.0316823867,0.0455158009,-0.013833414,0.2685821137,0.0279490628,0.2406330509,0.2039064115,-0.196910865,-0.000196149,-0.005199183,0.369737332,0.0575195179,0.0473837725,0.052980478,0.0370242826,0.037761212,0.2136625327,0.0569327218,0.1567298108,-0.004719753,-0.28912059,-0.201630618,-12.35140157,1.0917234693,0.0333666766,0.0869530155,0.1021298331,,0.0520520118,-0.269056168,0.064516129,2.0,0.3028955676,0.3063641529,0.1833345721,4.2858523772,0.0458793944,-0.001978283,-0.001020446,-0.006740934,-0.003701691,,-0.365089387,-0.499755631,0.3646083636,-0.38986274,-0.373920173,-0.996122916,1.7235601642,0.0569786734,0.0768184962,0.0523630218,0.0632820002,1.596870413,0.0210442661,0.0426640196,-0.025554405,2.2680175592,0.4037845714,0.4772832832,0.7132590811,0.6218806033,4.0,-1.610392039,0.78223204,,,-0.364297379,0.0069096142,2.0678241659,0.9117319914,0.8402590851,0.7326246773,0.1572176793,0.0337562229,0.0435158419,-0.250865523,,,,0.888473059,0.0509179466,0.6656504206,14.648104308,1.0153416855,0.0037410807,0.5295264032,0.153765849,0.3805151131,0.00867953,139323.52946545,4.11359192,0.00049324,4.51557628,0.00721014,0.00787258,0.01697237,0.01783982,0.29233435,-0.42931046,-2.67728551,0.01727284,0.63174456,0.01750037,0.71544658,0.02264754,0.03902945,0.01812748,-0.07222716,0.66166914,0.02082776,0.1682722,0.9397306,0.34555292,0.6624347521,1.0612772208,348,0.0734438562,-0.138074131,0.6101929168,-0.085616826
20130228,20130228,287206.0,01W,GBR,-0.125316,2013,2,20130131,20130131,290.21357584,1.926261,290.21357584,,0.0636904596,-0.061744427,-0.102086736,-0.026105779,0.1959613259,0.1486742343,0.1523232167,-0.085812001,-0.067869028,,,-0.020248195,,0.4630985331,-0.01123322,0.1291106736,0.2516868781,2.663292483,1.3841118606,6.6387071711,0.003323346,0.0069962844,0.0061025943,0.0380475993,0.0470666987,-0.009019099,0.318082324,0.0307604161,0.2873219079,0.2215588615,-0.214562577,0.0002112022,0.0337005876,0.3500349561,0.0624270613,0.0489109432,0.0482273723,0.0311867862,0.0366099765,0.164493401,0.011006419,0.153486982,-0.00644284,-0.468546963,-0.221005417,-16.07232509,1.1960123327,0.0353930838,0.0925006896,0.1045894871,,0.0520520118,-0.269056168,0.064516129,3.0,0.407184431,0.3926888674,0.2261695449,2.3035852719,0.1457889194,-0.001971085,-0.000869078,-0.005370522,-0.002894439,,-0.428592901,-0.534269336,0.380991325,-0.968509699,0.0406140757,-0.748759782,0.9762106885,0.0621350197,0.0913369418,0.0522186259,0.0715615292,1.76806483,0.020193521,0.0424681033,-0.031021147,2.2680175592,0.2654449,0.4772832832,0.535048136,0.6812868752,5.0,-1.677508265,0.8535440123,,,-0.364297379,0.0069096142,2.3344446721,1.0292886237,0.9486001648,0.8270876232,0.1817635394,0.0321002043,0.0471406575,-0.255315019,,,,0.9511726676,0.0542609102,0.6997096879,14.513156986,1.0174569798,0.344173878,0.3929387396,0.1460419831,0.4040139955,0.00801431,82420.12132012,2.03212669,0.0002642,2.02161542,0.00818948,0.00798057,0.0220399,0.01758427,-0.6304762,-0.37714308,1.34431681,0.01835919,-0.57434847,0.01771275,-0.96779038,0.01622038,0.02659845,0.01879193,-0.60367651,0.59100967,0.01891113,0.25423211,0.84379657,0.34602081,0.6218689714,0.8400317624,349,0.1538088459,-0.109602454,0.6555544198,-0.017908119
20130328,20130331,287206.0,01W,GBR,0.20302,2013,3,20130228,20130228,253.84506944,1.684869,253.84506944,,0.0636904596,-0.061744427,-0.125316351,-0.092917023,-0.001700145,0.1750882112,,,,0.0683983364,-0.012839567,-0.009403055,,0.4630985331,-0.01123322,0.1291106736,0.2516868781,2.663292483,1.3841118606,6.6387071711,0.003323346,0.0069962844,0.0061025943,0.0380475993,0.0470666987,-0.009019099,0.318082324,0.0307604161,0.2873219079,0.2215588615,-0.214562577,0.0002112022,0.0337005876,0.3500349561,0.0624270613,0.0489109432,0.0482273723,0.0311867862,0.0366099765,0.164493401,0.011006419,0.153486982,-0.00644284,-0.468546963,-0.221005417,-16.07232509,1.1960123327,0.0353930838,0.0925006896,0.1045894871,,0.0520520118,-0.269056168,0.064516129,3.0,0.407184431,0.3926888674,0.2261695449,2.3035852719,0.1457889194,-0.001971085,-0.000869078,-0.005370522,-0.002894439,,-0.428592901,-0.534269336,0.380991325,-0.968509699,0.0406140757,-0.748759782,0.9762106885,0.0621350197,0.0913369418,0.0522186259,0.0715615292,1.76806483,0.020193521,0.0424681033,-0.031021147,2.2680175592,0.2654449,0.4772832832,0.535048136,0.6812868752,5.0,-1.677508265,0.8535440123,,,-0.364297379,0.0069096142,2.6689016942,1.1767553048,1.0845065711,0.9455848688,0.20780489,0.0366992161,0.0538945224,-0.291894125,,,,1.0212158574,0.0582566172,0.6947135209,13.82256798,1.02460016,0.2471249447,0.0425074359,0.1463358436,0.3424475758,0.00851783,80509.03110204,2.07528953,0.00026041,2.04254069,0.00825811,0.00797703,0.02185256,0.01553497,-0.09532928,0.03018385,-0.13390469,0.01593683,0.14433424,0.01552692,0.08866974,0.01180562,0.01904617,0.01563401,-0.23519766,0.55603433,0.01851556,0.20913682,0.73805506,0.35660454,0.6310467053,0.6239406217,350,0.1276462473,-0.120982728,0.6526568761,-0.063921594
20130430,20130430,287206.0,01W,GBR,-0.021041,2013,4,20130328,20130331,305.38060438,2.0269305,305.38060438,,0.0636904596,-0.061744427,0.2030196413,-0.21460995,-0.148304375,-0.010025083,-0.163205495,-0.041688271,0.0390478955,-0.072451676,0.01220328,0.0635531422,,0.4630985331,-0.01123322,0.1291106736,0.2516868781,2.663292483,1.3841118606,6.6387071711,0.003323346,0.0069962844,0.0061025943,0.0380475993,0.0470666987,-0.009019099,0.318082324,0.0307604161,0.2873219079,0.2215588615,-0.214562577,0.0002112022,0.0337005876,0.3500349561,0.0624270613,0.0489109432,0.0482273723,0.0311867862,0.0366099765,0.164493401,0.011006419,0.153486982,-0.00644284,-0.468546963,-0.221005417,-16.07232509,1.1960123327,0.0353930838,0.0925006896,0.1045894871,,0.0520520118,-0.269056168,0.064516129,3.0,0.407184431,0.3926888674,0.2261695449,2.3035852719,0.1457889194,-0.001971085,-0.000869078,-0.005370522,-0.002894439,,-0.428592901,-0.534269336,0.380991325,-0.968509699,0.0406140757,-0.748759782,0.9762106885,0.0621350197,0.0913369418,0.0522186259,0.0715615292,1.76806483,0.020193521,0.0424681033,-0.031021147,2.2680175592,0.2654449,0.4772832832,0.535048136,0.6812868752,5.0,-1.677508265,0.8535440123,,,-0.364297379,0.0069096142,2.2185021778,0.9781679903,0.9014870031,0.7860095017,0.1727360742,0.030505916,0.0447993703,-0.242634547,,,,0.9247221211,0.0527520036,0.6678612378,14.752555793,1.0266080468,-0.044173211,-0.217559516,0.1498405971,0.341210136,0.00623239,121779.24348865,2.31028036,0.00038897,2.22361035,0.00777581,0.00772816,0.02417833,0.05538931,2.86796478,-0.12188067,3.17429548,0.04853458,0.10710021,0.04884168,-0.05321498,0.0726807,0.21772525,0.05555058,2.86033661,2.55533091,0.02321177,0.01340236,0.88789474,0.34953355,0.7904642866,3.103004395,351,0.0420631251,-0.107801692,0.6616366801,-0.229217246
20130531,20130531,287206.0,01W,GBR,-0.02392,2013,5,20130430,20130430,298.95518821,1.9842825,298.95518821,,0.0636904596,-0.061744427,-0.021040682,0.0522616094,-0.079826119,0.1299916878,0.0853129685,0.0592485007,0.036205035,-0.122270293,0.021405972,0.0609636564,,0.4616958257,-0.012617583,0.1384875125,-0.017027547,2.67635779,1.0717949506,8.1274145527,-0.000209329,0.0089461975,0.0061025943,0.0194950061,0.0313946332,-0.011899627,0.3397782379,0.0648767042,0.2749015338,0.159993615,-0.151047417,-0.000389856,0.0262193842,0.3204783392,0.0514914222,0.0514465941,0.0357019025,0.0250884745,0.0301136143,0.1465314017,0.0127019551,0.1338294466,-0.017119194,-1.799864099,-0.168166611,-17.68056683,1.1521550184,0.0297925683,0.0761448172,0.0939645853,,0.0466109136,-0.269056168,0.064516129,0.0,0.3844287892,0.4425886028,0.2201336329,2.3292226647,-0.129210478,0.0115984826,0.0051139298,-0.007136845,-0.006048445,,-0.147622614,-0.620797943,0.278578315,-1.150629791,-0.562064785,-0.605096142,1.1675753036,0.050176218,0.0752647969,0.0383544877,0.0751992718,1.7784098143,0.0266305748,0.0343274005,-0.009500393,2.6377319909,0.3167017927,0.4730153724,0.2060845243,0.6546542898,4.0,-1.535106966,0.7354404741,,,-0.364297379,0.0069096142,2.6769351522,1.0148624505,1.0929999585,0.9682255655,0.1716427982,0.0254613507,0.0712883217,-0.277913726,,,,0.9280823549,0.0466878526,0.6767651802,14.70525384,1.0451363502,0.2007061555,-0.163534789,0.1584148237,0.4322982185,0.00764512,125486.27517079,2.26118237,0.00040445,2.15746646,0.00772981,0.00765488,0.0138743,0.01922347,0.04682989,0.07157622,0.20757202,0.01985007,-0.31213059,0.01977519,-0.66939747,0.02601856,0.04319269,0.02124997,-0.14771903,3.06851877,0.0228193,-0.08092029,0.86921283,0.35180671,0.8164874327,1.1300501835,352,0.061184813,-0.087910068,0.6504134171,-0.211239422
20130628,20130630,287206.0,01W,GBR,-0.044632,2013,6,20130531,20130531,291.80407274,1.93681775,291.80407274,,0.0636904596,-0.061744427,-0.023920359,0.1777072876,-0.065594498,0.0283699521,0.2104834046,0.3437679961,-0.119829985,0.0382388754,0.0157551325,0.1359859126,,0.4616958257,-0.012617583,0.1384875125,-0.017027547,2.67635779,1.0717949506,8.1274145527,-0.000209329,0.0089461975,0.0061025943,0.0194950061,0.0313946332,-0.011899627,0.3397782379,0.0648767042,0.2749015338,0.159993615,-0.151047417,-0.000389856,0.0262193842,0.3204783392,0.0514914222,0.0514465941,0.0357019025,0.0250884745,0.0301136143,0.1465314017,0.0127019551,0.1338294466,-0.017119194,-1.799864099,-0.168166611,-17.68056683,1.1521550184,0.0297925683,0.0761448172,0.0939645853,,0.0466109136,-0.269056168,0.064516129,0.0,0.3844287892,0.4425886028,0.2201336329,2.3292226647,-0.129210478,0.0115984826,0.0051139298,-0.007136845,-0.006048445,,-0.147622614,-0.620797943,0.278578315,-1.150629791,-0.562064785,-0.605096142,1.1675753036,0.050176218,0.0752647969,0.0383544877,0.0751992718,1.7784098143,0.0266305748,0.0343274005,-0.009500393,2.6377319909,0.3167017927,0.4730153724,0.2060845243,0.6546542898,4.0,-1.535106966,0.7354404741,,,-0.364297379,0.0069096142,2.7425376374,1.0397332431,1.119785633,0.9919534482,0.1758491735,0.0260853209,0.0730353536,-0.284724436,,,,0.9395003479,0.047262243,0.7207837777,14.591835509,1.044856677,0.2201329494,-0.100919537,0.1591899163,0.4213421594,0.00373488,262453.45599589,6.41944183,0.00089752,6.5799904,0.00642903,0.00687904,0.01171157,0.01258625,0.38094087,0.28417013,-0.21204963,0.00926441,-0.7395802,0.008709,-0.45816566,0.01573886,0.02576945,0.01259342,0.34371553,3.07847696,0.02253202,-0.22240871,0.84842094,0.35156163,0.8404992322,0.6947043969,353,0.0551315946,-0.123437382,0.6256632294,-0.179158129
20130731,20130731,287206.0,01W,GBR,0.048765,2013,7,20130628,20130630,278.78031854,1.850374,278.78031854,,0.0149705687,-0.014859616,-0.044631845,-0.04445774,-0.09716578,-0.020945127,0.1380119112,0.2477459427,-0.27217129,0.0539540087,0.0067927821,,,0.4616958257,-0.012617583,0.1384875125,-0.017027547,2.67635779,1.0717949506,8.1274145527,-0.000209329,0.0089461975,0.0061025943,0.0194950061,0.0313946332,-0.011899627,0.3397782379,0.0648767042,0.2749015338,0.159993615,-0.151047417,-0.000389856,0.0262193842,0.3204783392,0.0514914222,0.0514465941,0.0357019025,0.0250884745,0.0301136143,0.1465314017,0.0127019551,0.1338294466,-0.017119194,-1.799864099,-0.168166611,-17.68056683,1.1521550184,0.0297925683,0.0761448172,0.0939645853,,0.0466109136,-0.269056168,0.064516129,0.0,0.3844287892,0.4425886028,0.2201336329,2.3292226647,-0.129210478,0.0115984826,0.0051139298,-0.007136845,-0.006048445,,-0.147622614,-0.620797943,0.278578315,-1.150629791,-0.562064785,-0.605096142,1.1675753036,0.050176218,0.0752647969,0.0383544877,0.0751992718,1.7784098143,0.0266305748,0.0343274005,-0.009500393,2.6377319909,0.3167017927,0.4730153724,0.2060845243,0.6546542898,4.0,-1.535106966,0.7354404741,,,-0.364297379,0.0069096142,2.870660513,1.0883063643,1.1720985542,1.0382944452,0.184064303,0.0273039464,0.0764473394,-0.298025881,,,,0.9610333263,0.048345475,0.692313178,14.370327396,1.1261942576,0.0721248412,-0.215435895,0.1849974838,0.4089683288,0.00762255,271846.68725847,6.19910156,0.00093123,6.34283258,0.00635157,0.00686651,0.01019581,0.01959114,0.42128891,0.20174958,0.15198208,0.02071365,0.36925796,0.02064154,0.21230526,0.02404931,0.04240061,0.02038918,0.55710372,3.08976202,0.02294035,-0.11113534,0.81055435,0.3594784,0.9037728827,1.0424779059,354,0.0196451901,-0.115507441,0.6124668196,-0.255929064
20130830,20130831,287206.0,01W,GBR,-0.059275,2013,8,20130731,20130731,292.3751179,1.940608,292.3751179,,0.0149705687,-0.014859616,0.0487652766,-0.067484595,-0.039396011,-0.159978191,0.0315633611,0.1959613259,-0.260832192,0.0756983805,0.0043443182,-0.144312878,,0.3855357389,-0.000506829,0.0418127153,-0.068180922,2.7927211607,0.884653848,8.9783554625,-0.000884222,0.0087546995,-0.014178301,0.0160295644,0.0292098508,-0.013180286,0.3112703336,0.0639578393,0.2473124943,0.1463451436,-0.151768745,-0.000911796,0.0068214007,0.2891902464,0.0509062576,0.0610749897,0.0271004241,0.018914245,0.02281476,0.1355925785,0.0104603027,0.1251322757,-0.027971014,-3.900758098,-0.179739759,-25.06599567,1.0921241698,0.0300614275,0.0733738102,0.0788918722,,0.0466101206,-0.113531555,0.1198589894,0.0,0.3243985418,0.3890819082,0.1569418428,1.862543705,-0.174581093,0.0111014226,0.0042087,-0.007668847,-0.005473455,,-0.175354685,-0.61806497,0.2051437651,-0.743720253,-0.563189652,-0.57602196,1.1119533559,0.045866741,0.0705324392,0.0275969762,0.0846215809,1.8286239375,0.0351416753,0.0331039754,0.0080416549,2.6377268145,0.3614285332,0.4730154532,0.2943455527,0.6205436149,4.0,-1.356670379,0.7183152292,,,-0.537391256,0.009296678,2.6609645587,1.0088097615,1.0864789606,0.9624510816,0.1680808985,0.019080875,0.0935107526,-0.290469392,,,,1.0856435561,0.0448869815,0.647503509,14.924870892,1.1324121398,0.0124911063,-0.099918175,0.1981419575,0.389211392,0.00503903,327771.31168462,5.31851437,0.00113387,5.3939563,0.00590113,0.00693034,0.00825626,0.02249934,1.24579579,-0.1639072,-2.36807419,0.02111566,1.13017026,0.02197079,1.18583942,0.03391454,0.06630302,0.02250094,1.24988073,3.13396024,0.02361848,0.04518213,0.85008126,0.36024371,0.9820761459,1.4312642505,355,-0.020970726,-0.039300993,0.5208585346,-0.327486235
20130930,20130930,287206.0,01W,GBR,0.095453,2013,9,20130830,20130831,275.04451336,1.825578,275.04451336,,0.0,-4.71845e-16,-0.059275237,0.0019569472,0.1517856878,-0.086160971,0.0057353003,-0.001700145,0.0371202593,0.0252448574,-0.003339327,0.0271213902,,0.3855357389,-0.000506829,0.0418127153,-0.068180922,2.7927211607,0.884653848,8.9783554625,-0.000884222,0.0087546995,-0.014178301,0.0160295644,0.0292098508,-0.013180286,0.3112703336,0.0639578393,0.2473124943,0.1463451436,-0.151768745,-0.000911796,0.0068214007,0.2891902464,0.0509062576,0.0610749897,0.0271004241,0.018914245,0.02281476,0.1355925785,0.0104603027,0.1251322757,-0.027971014,-3.900758098,-0.179739759,-25.06599567,1.0921241698,0.0300614275,0.0733738102,0.0788918722,,0.0466101206,-0.113531555,0.1198589894,0.0,0.3243985418,0.3890819082,0.1569418428,1.862543705,-0.174581093,0.0111014226,0.0042087,-0.007668847,-0.005473455,,-0.175354685,-0.61806497,0.2051437651,-0.743720253,-0.563189652,-0.57602196,1.1119533559,0.045866741,0.0705324392,0.0275969762,0.0846215809,1.8286239375,0.0351416753,0.0331039754,0.0080416549,2.6377268145,0.3614285332,0.4730154532,0.2943455527,0.6205436149,4.0,-1.356670379,0.7183152292,,,-0.537391256,0.009296678,2.8286324168,1.0723750471,1.1549381965,1.0230952983,0.1786717063,0.0202831644,0.099402882,-0.30877192,,,,1.1194563957,0.046285006,0.6193699915,14.647092877,1.1005882772,-0.013397034,0.2801952777,0.2873262814,0.3820460616,0.00796785,331029.09638867,5.24321452,0.00114265,5.32973256,0.00584976,0.00693799,0.00973353,0.02917001,-2.25399886,-0.22122931,3.14424479,0.03067978,-2.18378449,0.02331265,-0.46858558,0.02308677,0.03301942,0.0339796,-3.23348527,3.07714881,0.02390904,0.53460779,0.79969249,0.36287371,1.0208236184,0.9558981109,356,-0.051232451,-0.049374953,0.5417168003,-0.393210117
20131031,20131031,287206.0,01W,GBR,0.132464,2013,10,20130930,20130930,301.29842817,1.9998355,301.29842817,,0.0,-4.38885e-16,0.0954533304,-0.013400534,-0.099338631,-0.149019421,-0.077176447,-0.148304375,0.267937861,0.1134923373,-0.004979237,-0.028997906,,0.3855357389,-0.000506829,0.0418127153,-0.068180922,2.7927211607,0.884653848,8.9783554625,-0.000884222,0.0087546995,-0.014178301,0.0160295644,0.0292098508,-0.013180286,0.3112703336,0.0639578393,0.2473124943,0.1463451436,-0.151768745,-0.000911796,0.0068214007,0.2891902464,0.0509062576,0.0610749897,0.0271004241,0.018914245,0.02281476,0.1355925785,0.0104603027,0.1251322757,-0.027971014,-3.900758098,-0.179739759,-25.06599567,1.0921241698,0.0300614275,0.0733738102,0.0788918722,,0.0466101206,-0.113531555,0.1198589894,0.0,0.3243985418,0.3890819082,0.1569418428,1.862543705,-0.174581093,0.0111014226,0.0042087,-0.007668847,-0.005473455,,-0.175354685,-0.61806497,0.2051437651,-0.743720253,-0.563189652,-0.57602196,1.1119533559,0.045866741,0.0705324392,0.0275969762,0.0846215809,1.8286239375,0.0351416753,0.0331039754,0.0080416549,2.6377268145,0.3614285332,0.4730154532,0.2943455527,0.6205436149,4.0,-1.356670379,0.7183152292,,,-0.537391256,0.009296678,2.5821569375,0.978932664,1.0543015977,0.9339469514,0.1631029834,0.0185157722,0.0907413207,-0.281866796,,,,1.0690181666,0.0441995887,0.6113943225,15.055432736,1.108586445,-0.087236619,-0.736714751,0.2907031873,0.3590230282,0.0083906,287714.80621233,5.97219944,0.00100824,5.992168,0.0060851,0.00693959,0.01185018,0.02417344,-0.07483583,0.22104443,-1.29052173,0.02413327,0.19492151,0.02429017,0.31957145,0.04030799,0.06568988,0.02645466,0.46773877,0.93056845,0.02468602,0.55524235,0.8760258,0.36622954,1.0845326689,1.6126705654,357,-0.133285443,-0.070925711,0.5221866536,-0.453916789
20131129,20131130,287206.0,01W,GBR,0.092191,2013,11,20131031,20131031,341.2096669,2.264742,341.2096669,,0.0,-2.15106e-16,0.1324641452,0.0305200741,0.0078380976,0.0381954989,-0.092126546,-0.079826119,1.2348661476,-0.035950887,0.0103312209,-0.014058149,,0.2564077969,0.0360159133,0.7583556408,-0.170682121,1.2923077487,0.4219989854,8.2944083438,-0.002245268,-0.001724594,-0.014178301,-0.003568831,-0.018702065,0.0151332333,0.1872505351,0.0432802243,0.1439703107,0.0534919804,-0.055216574,-0.001038705,0.002229336,0.3841045081,0.0522519494,0.0633029945,0.0489690068,0.0351443993,0.0391166364,0.1355925785,0.0104603027,0.1200104789,-0.024230627,-1.952249806,-0.079447201,-6.401022203,1.0173505988,0.0236230248,0.0698178716,0.1018385246,,0.0635521979,-0.113531555,0.1198589894,0.0,0.1998989333,0.2316776439,0.1009343953,1.7051176396,0.2212875804,0.0141386442,0.0053601519,0.0161169272,0.0063805977,,0.085860082,-0.208906046,0.1806760872,-0.269906818,2.4432221206,2.1018444474,1.7790111423,0.0490908268,0.0656497566,0.0492800881,0.0795343759,1.642526002,0.0366422701,0.0390723672,0.0155980041,2.8315670883,0.3383159275,0.4996812647,0.3678684165,0.5908503369,7.0,-1.780298828,0.7597594256,,,0.7543431977,0.0031343604,2.4609695488,0.8691192799,0.9275727821,0.7711727584,0.1542871718,0.0305446751,0.090175511,-0.400143852,,,,0.8553754779,0.0542893998,0.5597030894,15.391678065,0.9538819721,-0.345158488,-0.80258718,0.3051123802,0.3620684618,0.00560913,339290.09352736,5.17616203,0.00116075,5.28160729,0.00582683,0.00673259,0.01136821,0.02275355,0.2362678,-0.03194524,0.0491314,0.02294944,0.39463666,0.02228606,0.50164649,0.03918029,0.05959924,0.02394275,0.35915933,0.52243449,0.0251799,0.70309643,0.99028784,0.31995598,0.9941883762,1.5257888215,358,0.0421327479,0.0190396801,0.4854742074,-0.22815408
20131231,20131231,287206.0,01W,GBR,0.139941,2013,12,20131129,20131130,372.66615295,2.473531,372.66615295,,0.0,-1.94289e-16,0.0921910752,0.2405616194,0.1693108451,0.344165036,0.066474852,-0.065594498,1.5862025921,0.010212248,0.0177838416,-0.01542509,,0.2564077969,0.0360159133,0.7583556408,-0.170682121,1.2923077487,0.4219989854,8.2944083438,-0.002245268,-0.001724594,-0.014178301,-0.003568831,-0.018702065,0.0151332333,0.1872505351,0.0432802243,0.1439703107,0.0534919804,-0.055216574,-0.001038705,0.002229336,0.3841045081,0.0522519494,0.0633029945,0.0489690068,0.0351443993,0.0391166364,0.1355925785,0.0104603027,0.1200104789,-0.024230627,-1.952249806,-0.079447201,-6.401022203,1.0173505988,0.0236230248,0.0698178716,0.1018385246,,0.0635521979,-0.113531555,0.1198589894,0.0,0.1998989333,0.2316776439,0.1009343953,1.7051176396,0.2212875804,0.0141386442,0.0053601519,0.0161169272,0.0063805977,,0.085860082,-0.208906046,0.1806760872,-0.269906818,2.4432221206,2.1018444474,1.7790111423,0.0490908268,0.0656497566,0.0492800881,0.0795343759,1.642526002,0.0366422701,0.0390723672,0.0155980041,2.8315670883,0.3383159275,0.4996812647,0.3678684165,0.5908503369,7.0,-1.780298828,0.7597594256,,,0.7543431977,0.0031343604,2.253240852,0.795757537,0.8492770204,0.706078612,0.1412639009,0.0279664207,0.08256386,-0.366367993,,,,0.8130552485,0.0516033982,0.5693309372,15.724390395,0.9022227159,-0.078408213,0.1579950404,0.3050624369,0.3843910609,0.00791625,195349.05185251,3.1690468,0.00064115,3.19429577,0.00692781,0.00680416,0.01828805,0.02843458,1.61313344,0.28660727,0.14791078,0.02996464,1.459285,0.03064213,1.70915223,0.04184885,0.09152658,0.02911258,1.63865066,0.60837862,0.02619855,0.69368775,0.97564873,0.31846351,1.0790762711,1.5609422765,359,0.0026373063,0.0089540596,0.4704010521,-0.270721079
20140131,20140131,287206.0,01W,GBR,-0.006271,2014,1,20131231,20131231,424.81759254,2.8196805,424.81759254,,0.0,-1.66533e-16,0.139941444,0.2368672323,0.3367735388,0.2203334056,0.1530193953,-0.09716578,1.5674934295,-0.102086736,0.0397864034,0.0473891788,,0.2564077969,0.0360159133,0.7583556408,-0.170682121,1.2923077487,0.4219989854,8.2944083438,-0.002245268,-0.001724594,-0.014178301,-0.003568831,-0.018702065,0.0151332333,0.1872505351,0.0432802243,0.1439703107,0.0534919804,-0.055216574,-0.001038705,0.002229336,0.3841045081,0.0522519494,0.0633029945,0.0489690068,0.0351443993,0.0391166364,0.1355925785,0.0104603027,0.1200104789,-0.024230627,-1.952249806,-0.079447201,-6.401022203,1.0173505988,0.0236230248,0.0698178716,0.1018385246,,0.0635521979,-0.113531555,0.1198589894,0.0,0.1998989333,0.2316776439,0.1009343953,1.7051176396,0.2212875804,0.0141386442,0.0053601519,0.0161169272,0.0063805977,,0.085860082,-0.208906046,0.1806760872,-0.269906818,2.4432221206,2.1018444474,1.7790111423,0.0490908268,0.0656497566,0.0492800881,0.0795343759,1.642526002,0.0366422701,0.0390723672,0.0155980041,2.8315670883,0.3383159275,0.4996812647,0.3678684165,0.5908503369,7.0,-1.780298828,0.7597594256,,,0.7543431977,0.0031343604,1.9766285925,0.6980687834,0.7450181103,0.6193990188,0.1239220678,0.0245332081,0.0724281588,-0.321391941,,,,0.7514198804,0.0476914938,0.5666615832,16.167431297,0.9175096271,-0.092861233,0.1717671579,0.3094549801,0.4043842725,0.00652477,232207.93675086,3.12971061,0.00071792,3.12270287,0.00677487,0.0066933,0.00970239,0.0270575,2.56107001,-0.18472998,1.45010918,0.02735253,1.94211,0.02214792,1.24213041,0.03968531,0.10689136,0.02862831,2.18641485,0.55421682,0.02677479,0.69187265,1.0,0.31289647,1.0543892248,1.441819101,360,-0.042849347,-0.01695319,0.4348524947,-0.276809192
20140228,20140228,287206.0,01W,GBR,0.094474,2014,2,20140131,20140131,422.15336803,2.801997,422.15336803,,0.0,-3.33067e-16,-0.006271455,0.2450338714,0.4529881872,0.4210075934,0.4638102002,-0.039396011,1.5823269968,-0.125316351,0.0506086667,,,0.2905682415,0.0672162446,1.5763318398,-0.14814209,1.1468247033,0.1643192276,7.5111319214,-0.001897178,-0.00157705,-0.014178301,-0.001363453,-0.017368425,0.0160049724,0.2048684263,0.044548123,0.1603203033,0.0620526278,-0.063629678,-0.001192009,0.0115181872,0.4696786597,0.0553012331,0.0678168752,0.071841185,0.0495200424,0.0491229104,0.1355925785,0.0104603027,0.1341585682,-0.021973359,-1.256441837,-0.085603037,-4.894801796,1.0450114665,0.0185440077,0.0725541692,0.104588338,,0.0635522289,-0.113531555,0.1198589894,1.0,0.227559801,0.256373904,0.1143137454,1.9089637791,0.2399843306,0.0144596562,0.0051065914,0.0164307411,0.0059756697,,0.1141121909,-0.193799604,0.1536842223,0.4157233923,1.7461574852,1.5124926838,2.2830346877,0.0591641862,0.0713700152,0.0742632456,0.0875223054,1.5790337465,0.0394619193,0.0458435163,0.0192683983,2.8315676884,0.3090149086,0.499681266,1.1534327111,0.6069149756,8.0,-1.975659421,0.7989265436,,,0.5356937799,0.0045751693,2.0711522495,0.7314507289,0.7806451571,0.6490188153,0.1333541895,0.0362214711,0.0817316429,-0.453955232,,,,0.7732105858,0.0575790289,0.6146262559,15.882773498,0.8867304582,0.078576799,0.3972114746,0.3012761073,0.4616743345,0.00401761,389634.53097751,3.50118461,0.00100425,3.2753922,0.00622128,0.00621057,0.00643106,0.02420265,0.02953935,0.40831601,1.1227297,0.02410706,0.30824201,0.02600945,0.08388746,0.0315182,0.05429535,0.02439405,0.10590173,0.48919098,0.02713442,0.51409838,0.90192359,0.29430804,0.9950849407,1.1323277405,361,0.0427172485,0.0303179088,0.4735295204,-0.245576643
20140331,20140331,287206.0,01W,GBR,-0.054173,2014,3,20140228,20140228,462.03605638,3.066714,462.03605638,,0.0,-4.44089e-16,0.0944744052,0.1327923523,0.5348547145,0.4467014256,0.6630355238,0.1517856878,1.5687346207,0.2030196413,0.040740918,0.0268745347,,0.2905682415,0.0672162446,1.5763318398,-0.14814209,1.1468247033,0.1643192276,7.5111319214,-0.001897178,-0.00157705,-0.014178301,-0.001363453,-0.017368425,0.0160049724,0.2048684263,0.044548123,0.1603203033,0.0620526278,-0.063629678,-0.001192009,0.0115181872,0.4696786597,0.0553012331,0.0678168752,0.071841185,0.0495200424,0.0491229104,0.1355925785,0.0104603027,0.1341585682,-0.021973359,-1.256441837,-0.085603037,-4.894801796,1.0450114665,0.0185440077,0.0725541692,0.104588338,,0.0635522289,-0.113531555,0.1198589894,1.0,0.227559801,0.256373904,0.1143137454,1.9089637791,0.2399843306,0.0144596562,0.0051065914,0.0164307411,0.0059756697,,0.1141121909,-0.193799604,0.1536842223,0.4157233923,1.7461574852,1.5124926838,2.2830346877,0.0591641862,0.0713700152,0.0742632456,0.0875223054,1.5790337465,0.0394619193,0.0458435163,0.0192683983,2.8315676884,0.3090149086,0.499681266,1.1534327111,0.6069149756,8.0,-1.975659421,0.7989265436,,,0.5356937799,0.0045751693,1.8923715709,0.6683123199,0.7132603132,0.592995882,0.121843132,0.0330948544,0.0746766142,-0.414770076,,,,0.7313127399,0.0544590027,0.6499603769,16.180623851,0.8524967183,0.3576495794,0.8922567448,0.3000314624,0.4875245717,0.00700298,428682.41414388,3.20222094,0.0010763,3.071532,0.00614797,0.00615929,0.00512462,0.02181583,2.41173586,-0.12091941,0.76669206,0.02110895,1.89775715,0.0207831,2.28787945,0.02984486,0.08203433,0.0218196,2.43173339,0.40971718,0.02738888,0.51332861,0.96853538,0.29062385,1.0044586289,1.0640877978,362,0.0606790909,0.0394544624,0.4769708536,-0.245246149
20140430,20140430,287206.0,01W,GBR,-0.062779,2014,4,20140331,20140331,437.00604113,2.90058,437.00604113,,0.0,-4.44089e-16,-0.054173294,0.087610458,0.533483129,0.6573481901,0.5129842883,-0.099338631,2.5801783439,-0.021040682,0.0377288623,0.0629169528,,0.2905682415,0.0672162446,1.5763318398,-0.14814209,1.1468247033,0.1643192276,7.5111319214,-0.001897178,-0.00157705,-0.014178301,-0.001363453,-0.017368425,0.0160049724,0.2048684263,0.044548123,0.1603203033,0.0620526278,-0.063629678,-0.001192009,0.0115181872,0.4696786597,0.0553012331,0.0678168752,0.071841185,0.0495200424,0.0491229104,0.1355925785,0.0104603027,0.1341585682,-0.021973359,-1.256441837,-0.085603037,-4.894801796,1.0450114665,0.0185440077,0.0725541692,0.104588338,,0.0635522289,-0.113531555,0.1198589894,1.0,0.227559801,0.256373904,0.1143137454,1.9089637791,0.2399843306,0.0144596562,0.0051065914,0.0164307411,0.0059756697,,0.1141121909,-0.193799604,0.1536842223,0.4157233923,1.7461574852,1.5124926838,2.2830346877,0.0591641862,0.0713700152,0.0742632456,0.0875223054,1.5790337465,0.0394619193,0.0458435163,0.0192683983,2.8315676884,0.3090149086,0.499681266,1.1534327111,0.6069149756,8.0,-1.975659421,0.7989265436,,,0.5356937799,0.0045751693,2.0007592929,0.7065906639,0.7541131044,0.6269603918,0.1288218352,0.0349903997,0.0789538017,-0.438526501,,,,0.7570581511,0.0563761981,0.6010006019,16.00004885,0.8883686362,0.2527013308,1.0200344192,0.3002060216,0.4524705838,0.00635252,495268.15281209,2.8653349,0.00121438,2.79783874,0.00595813,0.00617849,0.00645459,0.01242565,-0.13745395,-0.16617091,0.64616833,0.0121721,-0.22130443,0.01202709,0.02691755,0.0124334,0.01675702,0.01286284,-0.51612807,0.32067021,0.02280309,0.57978736,0.91606662,0.28729468,0.8239742792,0.5269401113,363,0.1687193027,0.0355862785,0.4830207711,-0.039199343
20140530,20140531,287206.0,01W,GBR,-0.046681,2014,5,20140430,20140430,409.57131599,2.718485,409.57131599,,0.0,-1.66533e-16,-0.062778824,0.0351831212,0.2807551589,0.4946758954,0.4617777459,0.0078380976,1.7328628171,-0.023920359,0.0341962746,0.0220630548,,0.3463856153,0.2458880707,1.4206155229,-0.026003426,3.34719998,0.2019334443,7.0587680614,-0.000233388,0.0110579918,-0.014178301,0.0237990462,0.0117162068,0.0120828394,0.2111478099,0.0046233936,0.2065244162,0.1447847441,-0.133726752,0.0009766108,0.0214550569,0.4722145744,0.0520768592,0.0666378631,0.0790678263,0.0371493261,0.0423449966,0.1355925785,0.0104603027,0.2080875611,-0.023783108,-2.112645339,-0.15750986,-13.99154685,1.0825613868,0.0164779873,0.0680922007,0.0896732098,,0.0458851756,-0.113531555,0.1198589894,2.0,0.2943296644,0.298573322,0.1239869845,1.7558405455,0.7885201684,0.0009827489,0.0003470688,-0.010615734,-0.004766861,,0.2723451383,-0.139478537,0.2050995512,0.5486486859,3.0910128692,-1.376001173,1.702141144,0.0576990256,0.0701155341,0.0850924455,0.0897202604,1.7349589341,0.0350406098,0.042854755,0.008410035,3.2999618878,0.310637289,0.4881456825,0.2566747972,0.6408657864,7.0,-1.647255549,0.6523658,,,-0.283181878,0.0075393077,2.6307760224,0.7972140624,1.1787011465,1.0579875268,0.1560921903,0.0296159652,0.092183996,-0.524807469,,,,0.8458156584,0.0547822862,0.6444437639,16.284487462,0.764241866,0.3063305082,0.9544870743,0.3080298353,0.4358615482,0.00765967,457793.28839906,3.00373852,0.00107383,2.96249008,0.00623174,0.00617619,0.00740942,0.01891825,0.31286557,-0.54012124,-0.88279632,0.01996661,0.37766575,0.02022575,0.44715967,0.02440679,0.03700931,0.01963904,0.30976395,0.23620653,0.02299066,0.57454815,0.85855704,0.28647706,0.8358514413,1.0375248946,364,-0.124879376,-0.092936618,0.3106642943,-0.211676447
20140630,20140630,287206.0,01W,GBR,0.098422,2014,6,20140530,20140531,390.45205686,2.591583,390.45205686,,0.0,-1.66533e-16,-0.046681148,-0.113551182,0.099030091,0.4891092027,0.4035832747,0.1693108451,1.1844096633,-0.044631845,0.0340099744,0.0816576539,,0.3463856153,0.2458880707,1.4206155229,-0.026003426,3.34719998,0.2019334443,7.0587680614,-0.000233388,0.0110579918,-0.014178301,0.0237990462,0.0117162068,0.0120828394,0.2111478099,0.0046233936,0.2065244162,0.1447847441,-0.133726752,0.0009766108,0.0214550569,0.4722145744,0.0520768592,0.0666378631,0.0790678263,0.0371493261,0.0423449966,0.1355925785,0.0104603027,0.2080875611,-0.023783108,-2.112645339,-0.15750986,-13.99154685,1.0825613868,0.0164779873,0.0680922007,0.0896732098,,0.0458851756,-0.113531555,0.1198589894,2.0,0.2943296644,0.298573322,0.1239869845,1.7558405455,0.7885201684,0.0009827489,0.0003470688,-0.010615734,-0.004766861,,0.2723451383,-0.139478537,0.2050995512,0.5486486859,3.0910128692,-1.376001173,1.702141144,0.0576990256,0.0701155341,0.0850924455,0.0897202604,1.7349589341,0.0350406098,0.042854755,0.008410035,3.2999618878,0.310637289,0.4881456825,0.2566747972,0.6408657864,7.0,-1.647255549,0.6523658,,,-0.283181878,0.0075393077,2.7595971864,0.8362512296,1.2364185852,1.1097939838,0.1637355538,0.0310661696,0.0966979681,-0.550505707,,,,0.8654465044,0.0560537484,0.6502869921,16.135194678,0.6791867985,0.5056898377,1.0698318156,0.3117456965,0.4245091372,0.0052548,532606.91365151,2.71190676,0.00126668,2.67578687,0.00589925,0.00647609,0.00638822,0.02190214,-0.49073919,0.11376149,5.32321594,0.01826127,-0.19075423,0.01894409,-0.65075773,0.02746308,0.03774337,0.02276508,0.10193104,0.14607554,0.02354031,0.68349443,0.81847861,0.26768392,0.8264793817,1.1371356502,365,-0.094225665,-0.09165459,0.3177715185,-0.190028175
20140731,20140731,287206.0,01W,GBR,-0.015599,2014,7,20140630,20140630,428.88093605,2.8466505,428.88093605,,0.0,2.775558e-16,0.0984215053,-0.106529384,-0.080894804,0.2958980876,0.4005725329,0.3367735388,0.4688707976,0.0487652766,0.038524177,,,0.3463856153,0.2458880707,1.4206155229,-0.026003426,3.34719998,0.2019334443,7.0587680614,-0.000233388,0.0110579918,-0.014178301,0.0237990462,0.0117162068,0.0120828394,0.2111478099,0.0046233936,0.2065244162,0.1447847441,-0.133726752,0.0009766108,0.0214550569,0.4722145744,0.0520768592,0.0666378631,0.0790678263,0.0371493261,0.0423449966,0.1355925785,0.0104603027,0.2080875611,-0.023783108,-2.112645339,-0.15750986,-13.99154685,1.0825613868,0.0164779873,0.0680922007,0.0896732098,,0.0458851756,-0.113531555,0.1198589894,2.0,0.2943296644,0.298573322,0.1239869845,1.7558405455,0.7885201684,0.0009827489,0.0003470688,-0.010615734,-0.004766861,,0.2723451383,-0.139478537,0.2050995512,0.5486486859,3.0910128692,-1.376001173,1.702141144,0.0576990256,0.0701155341,0.0850924455,0.0897202604,1.7349589341,0.0350406098,0.042854755,0.008410035,3.2999618878,0.310637289,0.4881456825,0.2566747972,0.6408657864,7.0,-1.647255549,0.6523658,,,-0.283181878,0.0075393077,2.5123298962,0.7613208824,1.1256321724,1.010353474,0.1490644102,0.0282825577,0.0880335715,-0.501178923,,,,0.8268730282,0.0535553988,0.6612055867,16.421756457,0.7214773553,0.3611453159,0.3881863149,0.3272894328,0.4196197363,0.0054368,571607.00622575,2.45069424,0.00135587,2.41758682,0.00575681,0.00631265,0.00710052,0.0186947,-0.09846019,0.01839829,-0.81326087,0.01940924,-0.12160246,0.01946836,-0.09140996,0.02841807,0.04261554,0.01895791,-0.01869204,0.10633173,0.02345709,0.89156293,0.89903451,0.25648411,0.8634542543,1.1831587024,366,-0.057236381,-0.066849165,0.3080645931,-0.158720463
20140829,20140831,287206.0,01W,GBR,0.048895,2014,8,20140731,20140731,422.19088277,2.802246,422.19088277,,0.0,2.775558e-16,-0.015598859,0.0471459287,0.0159363126,0.2569425127,0.4668858935,0.4529881872,,-0.059275237,0.0424947569,-0.067054005,,0.3849918089,0.4866236845,1.5001211032,0.0018967991,3.1112825683,0.1584935171,6.1567059259,1.65502e-05,0.0113156993,-0.000571158,0.0255069722,0.0127506688,0.0127563034,0.2289200716,0.0067508183,0.2221692532,0.153237831,-0.14249329,0.0030148239,0.0293032684,0.4752409877,0.0605115704,0.0795915418,0.0923260682,0.0285989229,0.0390880035,,,0.2397640566,-0.030040915,-3.46635183,-0.172534205,-19.90832363,1.1136023781,0.018249907,0.0787450788,0.0822488053,,0.0458850418,0.3133541267,0.1237649506,3.0,0.3253699716,0.3272789497,0.1336381829,1.604657955,0.8398026584,0.0009294085,0.0002816422,-0.010172014,-0.003927058,,0.5197106403,0.1012031401,0.265578503,0.7483362378,1.9168550889,-1.024461668,1.2608024697,0.0686272124,0.0838080293,0.1022097198,0.1102336334,1.9902597403,0.0387073505,0.0495506269,0.0035656752,3.2999637027,0.3040606627,0.4881450809,0.3984306895,0.6592420326,8.0,-1.653837206,0.6946617896,,,-0.118223139,0.0104107036,2.5522185131,0.7734080563,1.1435035208,1.0263948676,0.1730417777,0.0221186374,0.0987896165,-0.566026245,,,,1.0382388907,0.0624083831,0.6614318615,17.228706796,0.7242858244,0.4876854362,0.4336662228,0.3321076051,0.4534572233,0.00700121,385244.19795239,1.86223359,0.00091839,1.89893598,0.00647301,0.00649199,0.00879414,0.00972501,-0.37014619,0.30879116,-0.18639691,0.008965,0.09245086,0.00903393,0.04784068,0.01155515,0.01642242,0.00994002,-0.32289492,0.11622457,0.02260058,0.58554063,0.8850106,0.25629172,0.8585152386,0.4967823836,367,0.0324475633,-0.053027487,0.415017819,-0.155714613
20140930,20140930,287206.0,01W,GBR,-0.061015,2014,9,20140829,20140831,442.83393337,2.939262,442.83393337,,0.0,2.775558e-16,0.0488950649,0.081287383,-0.086238234,0.1328930181,0.5349911097,0.5348547145,0.6644883968,0.0954533304,0.0382621873,0.0737807271,,0.3849918089,0.4866236845,1.5001211032,0.0018967991,3.1112825683,0.1584935171,6.1567059259,1.65502e-05,0.0113156993,-0.000571158,0.0255069722,0.0127506688,0.0127563034,0.2289200716,0.0067508183,0.2221692532,0.153237831,-0.14249329,0.0030148239,0.0293032684,0.4752409877,0.0605115704,0.0795915418,0.0923260682,0.0285989229,0.0390880035,,,0.2397640566,-0.030040915,-3.46635183,-0.172534205,-19.90832363,1.1136023781,0.018249907,0.0787450788,0.0822488053,,0.0458850418,0.3133541267,0.1237649506,3.0,0.3253699716,0.3272789497,0.1336381829,1.604657955,0.8398026584,0.0009294085,0.0002816422,-0.010172014,-0.003927058,,0.5197106403,0.1012031401,0.265578503,0.7483362378,1.9168550889,-1.024461668,1.2608024697,0.0686272124,0.0838080293,0.1022097198,0.1102336334,1.9902597403,0.0387073505,0.0495506269,0.0035656752,3.2999637027,0.3040606627,0.4881450809,0.3984306895,0.6592420326,8.0,-1.653837206,0.6946617896,,,-0.118223139,0.0104107036,2.4332448484,0.7373550341,1.0901982087,0.978548667,0.1649752997,0.0210875598,0.0941844612,-0.539640489,,,,1.0137773651,0.0609380045,0.6765527068,17.32681561,0.8000607375,0.8189216588,0.6370482449,0.336595673,0.4807383616,0.00581459,416068.0575088,1.92617752,0.00099356,1.94792283,0.00627984,0.00636993,0.00338376,0.02032207,0.71536017,-0.0414469,-1.36400058,0.01805016,0.32878961,0.01805206,0.26829067,0.0272396,0.06122449,0.02032986,0.77027035,0.11404502,0.02153653,0.16543742,0.92828325,0.24994327,0.8062021496,1.2426573092,368,0.0797698051,-0.055122993,0.3946279752,-0.079898715
20141031,20141031,287206.0,01W,GBR,-0.176891,2014,10,20140930,20140930,429.88999998,2.75992275,429.88999998,,0.0338506945,-0.03329037,-0.061015061,0.0325334986,0.0133359535,0.0424095922,0.4697518871,0.533483129,0.4288111314,0.1324641452,0.0206731685,0.0914418838,,0.3849918089,0.4866236845,1.5001211032,0.0018967991,3.1112825683,0.1584935171,6.1567059259,1.65502e-05,0.0113156993,-0.000571158,0.0255069722,0.0127506688,0.0127563034,0.2289200716,0.0067508183,0.2221692532,0.153237831,-0.14249329,0.0030148239,0.0293032684,0.4752409877,0.0605115704,0.0795915418,0.0923260682,0.0285989229,0.0390880035,,,0.2397640566,-0.030040915,-3.46635183,-0.172534205,-19.90832363,1.1136023781,0.018249907,0.0787450788,0.0822488053,,0.0458850418,0.3133541267,0.1237649506,3.0,0.3253699716,0.3272789497,0.1336381829,1.604657955,0.8398026584,0.0009294085,0.0002816422,-0.010172014,-0.003927058,,0.5197106403,0.1012031401,0.265578503,0.7483362378,1.9168550889,-1.024461668,1.2608024697,0.0686272124,0.0838080293,0.1022097198,0.1102336334,1.9902597403,0.0387073505,0.0495506269,0.0035656752,3.2999637027,0.3040606627,0.4881450809,0.3984306895,0.6592420326,8.0,-1.653837206,0.6946617896,,,-0.118223139,0.0104107036,2.5065095423,0.7595567007,1.1230239385,1.0080126433,0.1699426851,0.0217225035,0.0970203433,-0.555888995,,,,1.0289788172,0.0618517615,0.6539069282,17.266399616,0.7833823889,0.8236164794,0.6325687221,0.2202572953,0.4902666571,0.00462283,498952.97147563,2.82304563,0.00119032,2.77146405,0.00589334,0.00607681,0.00797776,0.01185322,0.5575141,-0.22193368,0.58108736,0.01216118,0.38891239,0.01243269,0.38529013,0.0144574,0.02497952,0.01227465,0.60117491,0.11459359,0.02059872,0.20524792,0.87164399,0.26268236,0.8235468351,0.6920425611,369,0.0827601128,-0.046592548,0.4095489888,-0.10527185
20141128,20141130,287206.0,01W,GBR,0.003128,2014,11,20141031,20141031,353.84613254,2.271716,353.84613254,,0.0338506945,-0.03329037,-0.176891455,-0.015103331,0.015242957,-0.015015808,0.2186477533,0.2807551589,0.4027078753,0.0921910752,-0.00378888,0.018683446,,0.6015000954,0.8020132766,0.4791092937,0.2485072101,4.4294127865,0.6443668246,3.0011646412,0.0016928291,0.0241097087,-0.000571158,0.0444687208,0.0230440406,0.0214246802,0.2742722248,0.0100526461,0.2642195786,0.3109079022,-0.286798194,0.003566096,0.0252043032,0.5443203185,0.0638745131,0.074055101,0.1251308626,0.0366403229,0.0562466953,,,0.2452399263,-0.019594656,-2.176365673,-0.30639285,-34.03085375,1.2671889205,0.0160812187,0.086853578,0.1033338154,,0.0724176901,0.3133541267,0.1237649506,4.0,0.4574593078,0.4495045055,0.1902805781,1.6008001699,1.256229408,0.0220892079,0.0066937767,0.0079505638,0.0013336248,,0.7018729505,0.0978009226,0.253063841,1.044644716,5.4696729781,1.0565727154,0.2781703987,0.0872184074,0.1022950388,0.139432737,0.1185992512,2.0285865482,0.0285980404,0.0544604447,-0.00804423,4.0696167366,0.3110249288,0.5180612191,0.6542360329,0.8078647649,6.0,-0.98472972,0.665935567,,,0.6208095706,0.0025530919,3.8004942724,0.9338703171,2.0760512337,1.8008282171,0.2680986815,0.0342173099,0.1086866887,-0.590649792,,,,0.9263300223,0.0738983587,0.7670700001,17.798324495,0.8149613035,0.7882329554,0.6697717232,0.1982017489,0.4791592106,0.00568385,541485.96273348,2.57268251,0.00131909,2.47922397,0.00568081,0.00608224,0.00981004,0.02299008,0.06135134,0.42910666,1.415824,0.02255766,-0.05918131,0.02311713,-0.00347261,0.02488782,0.04839708,0.02416878,0.36176557,0.10443557,0.02072602,0.23578383,0.71745761,0.27241305,0.8041892224,1.1828416923,370,-0.169976851,-0.102559234,0.2384946511,-0.276819341
20141231,20141231,287206.0,01W,GBR,-0.010393,2014,12,20141128,20141130,354.95281875,2.278821,354.95281875,,0.0338506945,-0.03329037,0.0031275917,-0.227113473,-0.123425335,-0.259234477,-0.081589841,0.099030091,0.3338404038,0.139941444,-0.016226503,-0.017265429,,0.6015000954,0.8020132766,0.4791092937,0.2485072101,4.4294127865,0.6443668246,3.0011646412,0.0016928291,0.0241097087,-0.000571158,0.0444687208,0.0230440406,0.0214246802,0.2742722248,0.0100526461,0.2642195786,0.3109079022,-0.286798194,0.003566096,0.0252043032,0.5443203185,0.0638745131,0.074055101,0.1251308626,0.0366403229,0.0562466953,,,0.2452399263,-0.019594656,-2.176365673,-0.30639285,-34.03085375,1.2671889205,0.0160812187,0.086853578,0.1033338154,,0.0724176901,0.3133541267,0.1237649506,4.0,0.4574593078,0.4495045055,0.1902805781,1.6008001699,1.256229408,0.0220892079,0.0066937767,0.0079505638,0.0013336248,,0.7018729505,0.0978009226,0.253063841,1.044644716,5.4696729781,1.0565727154,0.2781703987,0.0872184074,0.1022950388,0.139432737,0.1185992512,2.0285865482,0.0285980404,0.0544604447,-0.00804423,4.0696167366,0.3110249288,0.5180612191,0.6542360329,0.8078647649,6.0,-0.98472972,0.665935567,,,0.6208095706,0.0025530919,3.7886449381,0.9309586586,2.0695784375,1.7952135223,0.2672627926,0.0341106258,0.108347821,-0.58880824,,,,0.9252967742,0.0738159309,0.7407227874,17.803110407,0.8008856524,0.264369839,0.1841405308,0.1987279257,0.3945454149,0.00574648,519041.9872712,2.61206262,0.00127295,2.49851252,0.00575897,0.00597789,0.01080288,0.01188431,0.33375235,0.22123266,2.11103466,0.01235993,0.23900939,0.01239778,0.45442569,0.01619974,0.02205384,0.011895,0.2664108,0.09231257,0.0194387,0.28313785,0.71970153,0.25276972,0.7012024248,0.8213662064,371,-0.12962275,-0.102688605,0.2222104291,-0.195705719
20150130,20150131,287206.0,01W,GBR,-0.269611,2015,1,20141231,20141231,351.26385822,2.255137625,351.26385822,,0.0338506945,-0.03329037,-0.010392819,-0.174317107,-0.199472854,-0.214356784,-0.191815881,-0.080894804,0.5248481063,-0.006271455,-0.016601172,0.0486786415,,0.6015000954,0.8020132766,0.4791092937,0.2485072101,4.4294127865,0.6443668246,3.0011646412,0.0016928291,0.0241097087,-0.000571158,0.0444687208,0.0230440406,0.0214246802,0.2742722248,0.0100526461,0.2642195786,0.3109079022,-0.286798194,0.003566096,0.0252043032,0.5443203185,0.0638745131,0.074055101,0.1251308626,0.0366403229,0.0562466953,,,0.2452399263,-0.019594656,-2.176365673,-0.30639285,-34.03085375,1.2671889205,0.0160812187,0.086853578,0.1033338154,,0.0724176901,0.3133541267,0.1237649506,4.0,0.4574593078,0.4495045055,0.1902805781,1.6008001699,1.256229408,0.0220892079,0.0066937767,0.0079505638,0.0013336248,,0.7018729505,0.0978009226,0.253063841,1.044644716,5.4696729781,1.0565727154,0.2781703987,0.0872184074,0.1022950388,0.139432737,0.1185992512,2.0285865482,0.0285980404,0.0544604447,-0.00804423,4.0696167366,0.3110249288,0.5180612191,0.6542360329,0.8078647649,6.0,-0.98472972,0.665935567,,,0.6208095706,0.0025530919,3.8284331522,0.9407355532,2.0913130765,1.8140667908,0.270069577,0.0344688544,0.109485686,-0.594991883,,,,0.9287499381,0.0740914085,0.7008148686,17.78704006,0.8026702272,-0.026361039,-0.251142636,0.196892212,0.3728308844,0.00362978,625642.59416821,2.79864783,0.00164075,2.80962896,0.0052515,0.00562586,0.01122858,0.02717707,-0.20977574,0.56294225,-1.5459309,0.02589084,0.55768817,0.02698721,0.56819917,0.03332641,0.0457078,0.0274703,-0.23130714,0.0993804,0.01933166,0.06176592,0.7122218,0.24008767,0.6258607554,1.7067871916,372,-0.11604808,-0.09662154,0.2414333611,-0.196710304
20150227,20150228,287206.0,01W,GBR,0.103675,2015,2,20150130,20150131,256.55930257,1.647128,256.55930257,,0.0338506945,-0.03329037,-0.269610874,-0.007297732,-0.195239238,-0.170443234,-0.195167723,0.0159363126,0.128074883,0.0944744052,-0.049699834,,,0.5380563681,1.0846972829,-0.071777376,0.1990590099,4.8677487128,1.1998308816,1.7001659918,0.0014119082,0.0240105531,-0.000571158,0.0424146504,0.0222280199,0.0201866305,0.2523057077,0.0077040785,0.2446016291,0.3011999327,-0.27718938,0.0047335888,0.0161080972,0.5875814908,0.0797378176,0.0843336993,0.1601747566,0.045490961,0.075114082,,,0.299766804,-0.014706746,-1.315663962,-0.291896125,-26.11299765,1.2169889933,0.0176418629,0.105770942,0.1278360247,,0.0724176901,0.3133541267,0.1237649506,0.0,0.4072592689,0.403057524,0.1729356097,1.3914095003,1.1922023217,0.0218271405,0.0053634388,0.0073674843,0.0002568474,,1.0493434041,0.4625902126,0.2134429014,1.3306206597,2.1360851111,0.8017932996,-0.248298125,0.1070901796,0.1226412581,0.1714114237,0.1297099833,2.0510984652,0.0258849385,0.0696269538,-0.013576981,4.0696167366,0.3187908099,0.5180612191,2.0582024696,0.7758610504,6.0,-0.965930465,0.7333982376,,,0.3692789585,0.0046607203,5.2416349224,1.2879922758,2.863286159,2.4836990654,0.457437913,0.0585920063,0.1356793975,-0.682494552,,,,1.0271604,0.10476194,0.6868082726,18.497426899,0.9646165057,0.1538782008,-0.222959348,0.1815488433,0.376561337,0.00370108,753952.05741569,2.52064375,0.00213512,2.50334642,0.00468858,0.00557696,0.01842616,0.03940499,-0.49474091,0.14863977,0.08059368,0.03537086,-0.42436442,0.04092185,-0.61778882,0.03114849,0.07344269,0.0394261,-0.54024721,0.09843578,0.02156372,0.21768564,0.52019906,0.24237457,0.6693761278,1.4361257591,373,-0.085083204,-0.092346731,0.2995834113,-0.203901778
20150331,20150331,287206.0,01W,GBR,-0.150617,2015,3,20150227,20150228,283.15814739,1.817894375,283.15814739,,0.0338506945,-0.03329037,0.1036752305,-0.277201676,-0.439611712,-0.364431701,-0.462901333,-0.086238234,0.2944951389,-0.054173294,-0.035349968,0.1118414377,,0.5380563681,1.0846972829,-0.071777376,0.1990590099,4.8677487128,1.1998308816,1.7001659918,0.0014119082,0.0240105531,-0.000571158,0.0424146504,0.0222280199,0.0201866305,0.2523057077,0.0077040785,0.2446016291,0.3011999327,-0.27718938,0.0047335888,0.0161080972,0.5875814908,0.0797378176,0.0843336993,0.1601747566,0.045490961,0.075114082,,,0.299766804,-0.014706746,-1.315663962,-0.291896125,-26.11299765,1.2169889933,0.0176418629,0.105770942,0.1278360247,,0.0724176901,0.3133541267,0.1237649506,0.0,0.4072592689,0.403057524,0.1729356097,1.3914095003,1.1922023217,0.0218271405,0.0053634388,0.0073674843,0.0002568474,,1.0493434041,0.4625902126,0.2134429014,1.3306206597,2.1360851111,0.8017932996,-0.248298125,0.1070901796,0.1226412581,0.1714114237,0.1297099833,2.0510984652,0.0258849385,0.0696269538,-0.013576981,4.0696167366,0.3187908099,0.5180612191,2.0582024696,0.7758610504,6.0,-0.965930465,0.7333982376,,,0.3692789585,0.0046607203,4.749254833,1.1670029736,2.5943194882,2.2503894233,0.4144678619,0.0530880867,0.1229341692,-0.6183835,,,,0.997475432,0.1017343166,0.6601521044,18.575948905,0.9805898851,-0.113330044,-0.631032922,0.1809339299,0.3397113047,0.00542856,745777.22688141,2.53465715,0.00220093,2.44770851,0.00470197,0.00546729,0.02464563,0.03327733,0.24342833,0.16378745,9.40292274,0.03408331,0.19819627,0.03393756,0.25949103,0.05871837,0.08078712,0.03866775,0.3803471,0.11643975,0.02317355,0.22786371,0.59090076,0.2416821,0.7324164094,2.5069944483,374,-0.081094855,-0.084812667,0.3389822891,-0.251021869
20150430,20150430,287206.0,01W,GBR,-0.154452,2015,4,20150331,20150331,240.50962669,1.544088,240.50962669,,0.0338506945,-0.03329037,-0.150617318,-0.193887613,-0.341324182,-0.361391792,-0.373265218,0.0133359535,0.1728049381,-0.062778824,-0.043335286,-0.012963862,,0.5380563681,1.0846972829,-0.071777376,0.1990590099,4.8677487128,1.1998308816,1.7001659918,0.0014119082,0.0240105531,-0.000571158,0.0424146504,0.0222280199,0.0201866305,0.2523057077,0.0077040785,0.2446016291,0.3011999327,-0.27718938,0.0047335888,0.0161080972,0.5875814908,0.0797378176,0.0843336993,0.1601747566,0.045490961,0.075114082,,,0.299766804,-0.014706746,-1.315663962,-0.291896125,-26.11299765,1.2169889933,0.0176418629,0.105770942,0.1278360247,,0.0724176901,0.3133541267,0.1237649506,0.0,0.4072592689,0.403057524,0.1729356097,1.3914095003,1.1922023217,0.0218271405,0.0053634388,0.0073674843,0.0002568474,,1.0493434041,0.4625902126,0.2134429014,1.3306206597,2.1360851111,0.8017932996,-0.248298125,0.1070901796,0.1226412581,0.1714114237,0.1297099833,2.0510984652,0.0258849385,0.0696269538,-0.013576981,4.0696167366,0.3187908099,0.5180612191,2.0582024696,0.7758610504,6.0,-0.965930465,0.7333982376,,,0.3692789585,0.0046607203,5.591419431,1.3739425093,3.0543588218,2.6494411421,0.487963636,0.062501965,0.144733548,-0.728038743,,,,1.0459425674,0.1066775671,0.6766334379,18.441645235,1.0228116149,-0.088138738,-0.687212094,0.1785324374,0.3492500059,0.00654432,624231.78887936,2.34939014,0.00198492,2.3446243,0.00494888,0.00548379,0.00786114,0.02391838,-0.0331262,0.28663153,0.62558639,0.02488362,-0.27790486,0.02337374,-0.67110832,0.02307754,0.04651244,0.02395135,0.03715289,0.13663133,0.02392823,0.21584936,0.50383039,0.24259083,0.7371423461,0.9554959548,375,-0.067684679,-0.074662099,0.3460047136,-0.261504633
20150529,20150531,287206.0,01W,GBR,-0.443536,2015,5,20150430,20150430,203.36235279,1.3056,203.36235279,,0.0338506945,-0.03329037,-0.154452337,-0.062557373,-0.32029884,-0.448981995,-0.432004223,0.015242957,0.1668672264,-0.046681148,-0.053132666,-0.039204523,,0.3122100236,1.0899007194,-0.074854199,0.0317634511,3.0436114314,1.5709289337,1.5495543089,0.000211607,0.0142653151,,0.0070216591,0.0167043723,-0.009682713,0.1680407231,0.0135652865,0.1544754367,0.2268735763,-0.212608261,0.0046260699,-0.016370476,0.5621663157,0.0637791801,0.086700276,0.1203579787,0.0305402644,0.0506088824,0.1857444759,2.33398e-05,0.1857211361,-0.03169686,-4.83712898,-0.254870774,-29.17140345,0.9940484875,0.0158696479,0.070873064,0.0900247506,,0.0835670849,,,1.0,0.1899984631,0.240700279,0.0997638735,1.2394222869,,,,,,,1.3005386751,1.0335049898,0.1522310556,1.0209327386,,,-0.3228117,0.0962347323,0.1115890223,0.1491011102,0.1516920247,2.5789530491,0.0382496849,0.0550034161,0.0159589102,4.6606256387,0.3290076327,0.5249890416,0.5843130698,0.6683207819,6.0,-0.820009347,0.6274558818,,,-0.027007947,0.0081984548,6.9525847856,1.491770703,3.9512573933,3.37025015,0.4927509867,0.0455590716,0.2659341774,-0.596270639,,,,1.2524467767,0.0875043535,0.8067363856,18.746610056,0.9351379699,-0.176438885,-0.585364138,0.2094619,0.2718353675,0.00531081,613424.07949013,2.42447645,0.00208569,2.279058,0.00489775,0.00535929,0.01351286,0.03081109,-0.77239002,0.31142558,-0.16223123,0.03255157,-0.72265002,0.03248283,-0.79344267,0.0300672,0.04519982,0.03126422,-0.67502036,0.14630087,0.02481847,0.14358347,0.42601261,0.23220617,0.7369996153,1.1976066174,376,0.2772347785,0.0,0.9076133215,-0.286752479
20150630,20150630,287206.0,01W,GBR,0.342373,2015,6,20150529,20150531,113.16382464,0.726519375,113.16382464,,0.0338506945,-0.03329037,-0.443536018,-0.281806458,-0.427072157,-0.555806866,-0.496215248,-0.123425335,0.1643576447,0.0984215053,-0.102401532,-0.034690742,,0.3122100236,1.0899007194,-0.074854199,0.0317634511,3.0436114314,1.5709289337,1.5495543089,0.000211607,0.0142653151,,0.0070216591,0.0167043723,-0.009682713,0.1680407231,0.0135652865,0.1544754367,0.2268735763,-0.212608261,0.0046260699,-0.016370476,0.5621663157,0.0637791801,0.086700276,0.1203579787,0.0305402644,0.0506088824,0.1857444759,2.33398e-05,0.1857211361,-0.03169686,-4.83712898,-0.254870774,-29.17140345,0.9940484875,0.0158696479,0.070873064,0.0900247506,,0.0835670849,,,1.0,0.1899984631,0.240700279,0.0997638735,1.2394222869,,,,,,,1.3005386751,1.0335049898,0.1522310556,1.0209327386,,,-0.3228117,0.0962347323,0.1115890223,0.1491011102,0.1516920247,2.5789530491,0.0382496849,0.0550034161,0.0159589102,4.6606256387,0.3290076327,0.5249890416,0.5843130698,0.6683207819,6.0,-0.820009347,0.6274558818,,,-0.027007947,0.0081984548,12.494222465,2.6808037018,7.10065255,6.0565468,0.8855038288,0.0818724538,0.4779000725,-1.07153501,,,,1.3939149961,0.0973882745,0.8243942953,18.278955519,1.0059327526,-0.185837948,-0.625946442,0.2090119443,0.238641223,0.00584468,573754.10660354,2.54239594,0.00210227,2.2295267,0.0049202,0.0054337,0.01473536,0.03481329,-0.17339904,0.46254817,-0.26120635,0.03646913,-0.40995475,0.03659618,-0.60175906,0.01109935,0.03282105,0.03559826,-0.45043924,0.17757862,0.02684878,0.04556462,0.23706067,0.22791618,0.7321054683,0.4091272789,377,0.252548558,-0.00876156,0.9236706057,-0.358469812
20150731,20150731,287206.0,01W,GBR,0.272232,2015,7,20150630,20150630,151.90806387,0.97526,151.90806387,,0.0338506945,-0.03329037,0.3423730097,-0.52948318,-0.677838121,-0.736760975,-0.744780972,-0.199472854,0.2827636925,-0.015598859,-0.069858635,0.033167669,,0.3122100236,1.0899007194,-0.074854199,0.0317634511,3.0436114314,1.5709289337,1.5495543089,0.000211607,0.0142653151,,0.0070216591,0.0167043723,-0.009682713,0.1680407231,0.0135652865,0.1544754367,0.2268735763,-0.212608261,0.0046260699,-0.016370476,0.5621663157,0.0637791801,0.086700276,0.1203579787,0.0305402644,0.0506088824,0.1857444759,2.33398e-05,0.1857211361,-0.03169686,-4.83712898,-0.254870774,-29.17140345,0.9940484875,0.0158696479,0.070873064,0.0900247506,,0.0835670849,,,1.0,0.1899984631,0.240700279,0.0997638735,1.2394222869,,,,,,,1.3005386751,1.0335049898,0.1522310556,1.0209327386,,,-0.3228117,0.0962347323,0.1115890223,0.1491011102,0.1516920247,2.5789530491,0.0382496849,0.0550034161,0.0159589102,4.6606256387,0.3290076327,0.5249890416,0.5843130698,0.6683207819,6.0,-0.820009347,0.6274558818,,,-0.027007947,0.0081984548,9.3075638251,1.9970631728,5.2896270253,4.5118210485,0.659655567,0.0609908372,0.3560113836,-0.798239388,,,,1.3294138412,0.0928817901,0.7896541808,18.547875188,0.9121973985,-0.506469062,-0.986033051,0.2088495302,0.1958596665,0.00306445,466167.95038574,1.98140334,0.00231442,1.68227672,0.00472515,0.00510513,0.0155096,0.08620849,2.62807272,0.10686773,1.43312567,0.08892053,2.68703485,0.08806745,2.2753648,0.12267885,0.3408178,0.08656649,2.67980742,0.17469763,0.03664741,-0.18847889,0.31822385,0.21313967,0.8891072257,3.3387691235,378,0.1156942763,-0.005444989,0.9402370349,-0.603935181
20150828,20150831,287206.0,01W,GBR,-0.028649,2015,8,20150731,20150731,193.26222509,1.2407565,193.26222509,,0.0338506945,-0.03329037,0.2722315075,-0.25301777,-0.407902725,-0.570694576,-0.651972025,-0.195239238,0.2748787675,0.0488950649,-0.049555322,-0.048077977,,0.4179585462,,,-0.173690798,3.64573547,,,-0.001070826,0.0120250498,,0.0050855215,0.072622302,-0.06753678,0.2688403873,0.0155983208,0.2532420665,0.3037139036,-0.291688854,,-0.072012678,0.5621663157,0.0637791801,0.086700276,0.1203579787,0.0305402644,0.0506088824,0.1857444759,2.33398e-05,0.3037139036,0.185705286,-4.83712898,-0.105983568,,1.0673724217,0.0158696479,0.070873064,0.0900247506,,0.0411698328,,,,0.2633223973,0.4092259837,,,0.619198139,-0.134554878,-0.028870558,-0.135484287,-0.0291522,,,,,,0.1330620843,-11.60553744,,,,,,2.5789530491,0.0382496849,0.0550034161,,7.0572302874,0.3285791709,0.5134875078,,0.6943379881,,,0.6274558818,,,,,7.9057524007,1.1202344374,4.8991275948,4.5736490903,0.5185027749,0.0479400462,0.279832233,-0.627432495,,,,0.976798472,0.0885102272,0.637719803,,1.0286110901,-0.338754885,-0.267078855,0.1252473871,0.1857086526,0.0043928,365895.42522927,1.39798975,0.00213543,1.3342045,0.0048844,0.00492718,0.01574491,0.05431532,0.80163629,0.24488638,-0.98390595,0.05468635,0.57846231,0.05301801,0.38134557,0.09055933,0.160828,0.05438657,0.83421461,0.16903021,0.04018484,-0.45290984,0.40485441,0.18636422,0.8238876802,2.2499101361,379,,-0.392634457,,-1.064186142
20150930,20150930,287206.0,01W,GBR,-0.083991,2015,9,20150828,20150831,187.72552305,1.2052105,187.72552305,,0.0338506945,-0.03329037,-0.028648651,0.7078092377,-0.317476022,-0.455527003,-0.577868016,-0.439611712,0.3931425955,-0.061015061,-0.046612921,0.0286079538,,0.4179585462,,,-0.173690798,3.64573547,,,-0.001070826,0.0120250498,,0.0050855215,0.072622302,-0.06753678,0.2688403873,0.0155983208,0.2532420665,0.3037139036,-0.291688854,,-0.072012678,0.5621663157,0.0637791801,0.086700276,0.1203579787,0.0305402644,0.0506088824,0.1857444759,2.33398e-05,0.3037139036,0.185705286,-4.83712898,-0.105983568,,1.0673724217,0.0158696479,0.070873064,0.0900247506,,0.0411698328,,,,0.2633223973,0.4092259837,,,0.619198139,-0.134554878,-0.028870558,-0.135484287,-0.0291522,,,,,,0.1330620843,-11.60553744,,,,,,2.5789530491,0.0382496849,0.0550034161,,7.0572302874,0.3285791709,0.5134875078,,0.6943379881,,,0.6274558818,,,,,8.1389215233,1.1532741871,5.0436205191,4.7085424808,0.5337952899,0.0493539709,0.2880854938,-0.645937739,,,,0.9818451728,0.0890715037,0.6266927148,,0.9990807521,-0.235608621,-0.146894997,0.1262894664,0.2059912567,0.0057824,334291.17993991,1.194873,0.00208934,1.26445049,0.00490853,0.00492794,0.01969588,0.0239009,-0.05554348,-0.25996555,-0.06634197,0.02281138,-0.11942503,0.02134148,0.15364471,0.0286943,0.04008698,0.02693553,-0.65765627,0.16674479,0.04036485,-0.1780906,0.41390182,0.18296745,0.7438576043,0.708228708,380,,-0.392430591,,-1.038679806
20151030,20151031,287206.0,01W,GBR,0.279693,2015,10,20150930,20150930,171.95822349,1.103983375,171.95822349,,0.0,2.220446e-16,-0.083991241,0.235783791,-0.219467738,-0.465571198,-0.563317307,-0.341324182,0.1227194124,-0.176891455,-0.038167447,0.086173324,,0.4179585462,,,-0.173690798,3.64573547,,,-0.001070826,0.0120250498,,0.0050855215,0.072622302,-0.06753678,0.2688403873,0.0155983208,0.2532420665,0.3037139036,-0.291688854,,-0.072012678,0.5621663157,0.0637791801,0.086700276,0.1203579787,0.0305402644,0.0506088824,0.1857444759,2.33398e-05,0.3037139036,0.185705286,-4.83712898,-0.105983568,,1.0673724217,0.0158696479,0.070873064,0.0900247506,,0.0411698328,,,,0.2633223973,0.4092259837,,,0.619198139,-0.134554878,-0.028870558,-0.135484287,-0.0291522,,,,,,0.1330620843,-11.60553744,,,,,,2.5789530491,0.0382496849,0.0550034161,,7.0572302874,0.3285791709,0.5134875078,,0.6943379881,,,0.6274558818,,,,,8.8852005389,1.2590209157,5.5060832846,5.1402810641,0.5827403771,0.0538793657,0.3145008067,-0.705165461,,,,0.9965070348,0.0907096131,0.6335620146,,0.9535457397,-0.228977327,-0.068768097,0.2471090109,0.2085632291,0.00651187,317859.10215144,1.27954203,0.00206168,1.29723113,0.0048816,0.0050293,0.00639814,0.02564201,0.98016516,0.25414477,0.94391033,0.02623972,1.45776737,0.02479574,1.2730174,0.03642526,0.10504201,0.03126527,1.97575318,0.18382065,0.04101945,0.02785575,0.40287982,0.18680727,0.7123083842,0.8807439665,381,,-0.384900199,,-1.055873215
20151130,20151130,287206.0,01W,GBR,0.025478,2015,11,20151030,20151031,220.05376649,1.41276,220.05376649,,0.0,1.665335e-16,0.2796931838,-0.110233656,-0.154424498,-0.32975253,-0.514031078,-0.32029884,-0.156742928,0.0031275917,-0.013025121,0.0045857253,,0.1361499363,,,-0.31945756,2.4863354476,,,-0.002391348,0.0029949277,,-0.017856076,0.0693673398,-0.087223416,0.1572653487,0.0137210741,0.1435442746,0.138893854,-0.135898926,,-0.074578602,0.5621663157,0.0637791801,0.086700276,0.1203579787,0.0305402644,0.0506088824,0.1857444759,2.33398e-05,0.138893854,0.0563208591,-4.83712898,-0.079578067,,0.8552401705,0.0158696479,0.070873064,0.0900247506,,0.0411698328,,,,0.0639889404,0.1915921904,,,-0.322048445,-0.188545444,-0.026716635,-0.210634652,-0.033410411,,,,,,-2.971364262,-2.638554731,,,,,,2.5789530491,0.0382496849,0.0550034161,,7.0572302874,0.3280833636,0.5134875078,,0.5563435285,,,0.6274558818,,,,,6.9432272138,0.9838459184,4.3026589142,4.0168074107,0.4553750731,0.0421033466,0.2457626646,-0.551042602,,,,0.9530931185,0.0858912392,0.5468285559,,1.0467975319,-0.210961944,0.0217013782,0.2897556486,0.2191320277,0.00509184,315926.54057355,1.29729672,0.00203299,1.30858952,0.00483417,0.00498575,0.00616967,0.02582849,2.2807595,0.03955702,0.76903056,0.02667004,2.07396521,0.02713389,2.19364026,0.04792946,0.0938854,0.02582987,2.27749325,0.1967715,0.0413548,0.12087249,0.59879204,0.19032174,0.7475008134,1.1505890681,382,,-0.326176198,,-1.151721687
20151231,20151231,287206.0,01W,GBR,0.002164,2015,12,20151130,20151130,230.36885925,1.448755,230.36885925,,0.0208652189,-0.020650522,0.025478496,0.1722101658,0.94455929,-0.222859139,-0.380047841,-0.427072157,-0.170926145,-0.010392819,-0.009764092,0.018432815,,0.1361499363,,,-0.31945756,2.4863354476,,,-0.002391348,0.0029949277,,-0.017856076,0.0693673398,-0.087223416,0.1572653487,0.0137210741,0.1435442746,0.138893854,-0.135898926,,-0.074578602,0.5621663157,0.0637791801,0.086700276,0.1203579787,0.0305402644,0.0506088824,0.1857444759,2.33398e-05,0.138893854,0.0563208591,-4.83712898,-0.079578067,,0.8552401705,0.0158696479,0.070873064,0.0900247506,,0.0411698328,,,,0.0639889404,0.1915921904,,,-0.322048445,-0.188545444,-0.026716635,-0.210634652,-0.033410411,,,,,,-2.971364262,-2.638554731,,,,,,2.5789530491,0.0382496849,0.0550034161,,7.0572302874,0.3280833636,0.5134875078,,0.5563435285,,,0.6274558818,,,,,6.632334357,0.9397928205,4.1100012523,3.8369491557,0.4349850076,0.0402181095,0.2347582923,-0.526368887,,,,0.9442701815,0.0849237532,0.5463866008,,1.0706062435,-0.103463396,0.8582503981,0.1747240847,0.232230871,0.00307775,449723.6140893,3.31000345,0.00253017,2.6333803,0.00435224,0.0047396,0.0035973,0.0075736,1.27252888,0.13244148,0.45452813,0.00769536,0.88867228,0.00801967,0.94431022,0.01157729,0.0268061,0.00836655,1.1999104,0.16347911,0.04120347,0.11724545,0.61404836,0.18649218,0.7150153217,0.2788608296,383,,-0.335912901,,-1.145019137
20160118,20160131,287206.0,01W,GBR,-0.442038,2016,1,20151231,20151231,230.86736064,1.45189,230.86736064,,0.0208652189,-0.020650522,0.002163927,0.3122978414,0.4855064291,-0.061740652,-0.357575793,-0.677838121,-0.25573421,-0.269610874,0.0149427082,-0.038701391,,0.1361499363,,,-0.31945756,2.4863354476,,,-0.002391348,0.0029949277,,-0.017856076,0.0693673398,-0.087223416,0.1572653487,0.0137210741,0.1435442746,0.138893854,-0.135898926,,-0.074578602,0.5621663157,0.0637791801,0.086700276,0.1203579787,0.0305402644,0.0506088824,0.1857444759,2.33398e-05,0.138893854,0.0563208591,-4.83712898,-0.079578067,,0.8552401705,0.0158696479,0.070873064,0.0900247506,,0.0411698328,,,,0.0639889404,0.1915921904,,,-0.322048445,-0.188545444,-0.026716635,-0.210634652,-0.033410411,,,,,,-2.971364262,-2.638554731,,,,,,2.5789530491,0.0382496849,0.0550034161,,7.0572302874,0.3280833636,0.5134875078,,0.5563435285,,,0.6274558818,,,,,6.6180134593,0.9377635687,4.1011267136,3.828664206,0.4340457643,0.0401312683,0.2342513894,-0.525232322,,,,0.9438479281,0.084877549,0.5478625727,,1.0399355445,-0.103948718,0.5722401436,0.1803459406,0.2431568932,0.00067828,1201781.781989,3.7805088,0.00538138,3.61255672,0.00285636,0.00368807,0.00199612,0.00645301,0.30942483,0.51301624,-0.21609992,0.00527384,0.60376997,0.00491195,0.07564053,0.00932661,0.01313399,0.00650585,0.57235674,0.15162587,0.04054288,0.18709249,0.65522286,0.18369211,0.6986220102,0.2284227364,384,,-0.333621361,,-1.111169476
