date,ret_eom,gvkey,iid,excntry,stock_ret,year,month,char_date,char_eom,me,prc,market_equity,div12m_me,chcsho_12m,eqnpo_12m,ret_1_0,ret_3_1,ret_6_1,ret_9_1,ret_12_1,ret_12_7,ret_60_12,seas_1_1an,seas_1_1na,seas_2_5an,seas_2_5na,at_gr1,sale_gr1,capx_gr1,inv_gr1,debt_gr3,sale_gr3,capx_gr3,inv_gr1a,lti_gr1a,sti_gr1a,coa_gr1a,col_gr1a,cowc_gr1a,ncoa_gr1a,ncol_gr1a,nncoa_gr1a,fnl_gr1a,nfna_gr1a,tax_gr1a,be_gr1a,ebit_sale,gp_at,cop_at,ope_be,ni_be,ebit_bev,netis_at,eqnetis_at,dbnetis_at,oaccruals_at,oaccruals_ni,taccruals_at,taccruals_ni,noa_at,opex_at,at_turnover,sale_bev,rd_sale,cash_at,sale_emp_gr1,emp_gr1,ni_inc8q,noa_gr1a,ppeinv_gr1a,lnoa_gr1a,capx_gr2,saleq_gr1,niq_be,niq_at,niq_be_chg1,niq_at_chg1,rd5_at,dsale_dinv,dsale_drec,dgp_dsale,dsale_dsga,saleq_su,niq_su,capex_abn,op_atl1,gp_atl1,ope_bel1,cop_atl1,pi_nix,ocf_at,op_at,ocf_at_chg1,at_be,ocfq_saleq_std,tangibility,earnings_variability,aliq_at,f_score,o_score,z_score,intrinsic_value,kz_index,ni_ar1,ni_ivol,at_me,be_me,debt_me,netdebt_me,sale_me,ni_me,ocf_me,fcf_me,eqpo_me,eqnpo_me,rd_me,bev_mev,ebitda_mev,aliq_mat,eq_dur,beta_60m,resff3_12_1,resff3_6_1,mispricing_mgmt,mispricing_perf,zero_trades_21d,dolvol_126d,dolvol_var_126d,turnover_126d,turnover_var_126d,zero_trades_126d,zero_trades_252d,bidaskhl_21d,ivol_capm_21d,iskew_capm_21d,coskew_21d,beta_dimson_21d,ivol_ff3_21d,iskew_ff3_21d,ivol_hxz4_21d,iskew_hxz4_21d,rmax5_21d,rmax1_21d,rvol_21d,rskew_21d,ami_126d,ivol_capm_252d,betadown_252d,prc_highprc_252d,corr_1260d,betabab_1260d,rmax5_rvol_21d,age,qmj,qmj_prof,qmj_growth,qmj_safety
20050228,20050228,205211.0,01W,JPN,0.158442,2005,2,20050131,20050131,291.31449111,3.9722699324,291.31449111,0.019023434,0.0,0.0203052677,0.141782874,0.2304945517,0.1483305915,-0.070809282,0.3554047143,0.360661756,-0.064362602,-0.051765876,0.0577178282,0.0783283303,0.0070365586,0.7997425825,1.6334897356,,,-0.501740215,0.2155872773,,0.0,,,,,,,,,-0.001273997,0.0012739974,0.0016325946,0.0897802901,0.2618689018,,,0.1605683294,0.1374226568,0.11663993,,,-0.004436053,,,,,,,0.2387733652,0.4454134461,,0.3428640924,2.0502083398,-0.146636432,,,0.0,-0.001790603,,,,,,,,,,,,,,,0.0974892486,,0.223619214,,1.0419677599,0.049291578,0.0541684403,0.129224887,3.1405163853,,,0.9902352714,,,,,346.27740334,-9.142504625,-0.214251759,0.0544270736,2.718390156,0.8655869999,0.246630472,0.246630472,0.5048651392,0.1189512652,0.1339937404,,,,,0.9092311835,0.1181191685,,17.953879334,2.0416761795,0.1804830143,0.5244297548,0.538977488,0.6823667942,0.00223395,618137.46740318,0.94805657,0.00255714,0.79235284,0.00413944,0.00363159,0.00850128,0.0214623,-0.20633612,0.24088353,0.06875649,0.02103554,-0.69620335,,,0.03265959,0.05386896,0.02255597,-0.40894137,0.03494996,0.01715621,1.62800211,0.96207021,0.69451872,1.4174956346,1.2572605856,253,1.1091719256,1.3122028481,1.6351501588,-1.095986965
20050331,20050331,205211.0,01W,JPN,0.036748,2005,3,20050228,20050228,337.4708458,4.6016430172,337.4708458,0.0164215726,0.0,0.0203052677,0.1584416708,0.3159077392,0.285557442,0.2184418429,0.6320630649,0.2447624457,-0.158929516,0.5036673696,0.0263336737,0.3068555972,-0.016161738,0.7997425825,1.6334897356,,,-0.501740215,0.2155872773,,0.0,,,,,,,,,-0.001273997,0.0012739974,0.0016325946,0.0897802901,0.2618689018,,,0.1605683294,0.1374226568,0.11663993,,,-0.004436053,,,,,,,0.2387733652,0.4454134461,,0.3428640924,2.0502083398,-0.146636432,,,0.0,-0.001790603,,,,,,,,,,,,,,,0.0974892486,,0.223619214,,1.0419677599,0.049291578,0.0541684403,0.129224887,3.1405163853,,,0.9902352714,,,,,346.27740334,-9.142504625,-0.214251759,0.0544270736,2.3465921717,0.7471994678,0.212898481,0.212898481,0.4358140353,0.102682136,0.115667231,,,,,0.8067025635,0.1047995688,,18.142549167,2.0529336532,0.2587070264,0.4961705378,0.5384962321,0.8111867416,0.0023407,892736.19968142,1.03006787,0.00336606,0.84207192,0.00356448,0.00333871,0.00516105,0.02028701,0.39739441,-0.04693691,3.54241121,0.02079242,0.14530181,,,0.03671864,0.06501538,0.02272995,0.53823407,0.0251109,0.01792559,1.61816687,1.0,0.70124434,1.4584594779,1.3996444225,254,1.1110233325,1.3080666265,1.635194035,-1.102920258
20050428,20050430,205211.0,01W,JPN,-0.091412,2005,4,20050331,20050331,342.79221218,4.6742034435,342.79221218,0.0239994596,0.0,0.0204436395,0.0367480963,0.3226888603,0.6569779177,0.3175785303,0.2573591087,-0.155706056,-0.347183971,0.0230497969,0.0275789737,-0.037322096,0.0052722126,0.7997425825,1.6334897356,,,-0.501740215,0.2155872773,,0.0,,,,,,,,,-0.001273997,0.0012739974,0.0016325946,0.0897802901,0.2618689018,,,0.1605683294,0.1374226568,0.11663993,,,-0.004436053,,,,,,,0.2387733652,0.4454134461,,0.3428640924,2.0502083398,-0.146636432,,,0.0,-0.001790603,,,,,,,,,,,,,,,0.0974892486,,0.223619214,,1.0419677599,0.049291578,0.0541684403,0.129224887,3.1405163853,,,0.9902352714,,,,,346.27740334,-9.142504625,-0.214251759,0.0544270736,2.3101646326,0.7356002482,0.2095935319,0.2095935319,0.4290486361,0.1010881404,0.1138716602,,,,,0.7963495639,0.1034545999,,18.161034414,1.8178552145,0.2916529993,0.9497285323,0.5468614749,0.7073660075,0.00119014,1547952.95851056,1.44313633,0.004841,1.1521061,0.00273251,0.00322891,0.00557731,0.03617857,0.2571143,-0.61878662,2.3341778,0.03497462,-0.75484219,,,0.05024958,0.08699563,0.03691221,-0.0319888,0.02092294,0.01811826,1.65597694,0.78559696,0.72158327,1.5030300213,1.9729880426,255,1.1094540905,1.3060530565,1.635194035,-1.109988527
20050531,20050531,205211.0,01W,JPN,0.025818,2005,5,20050428,20050430,311.45677966,4.2469236471,311.45677966,0.0264140272,0.0,0.0204436395,-0.091412323,0.2010121969,0.6873712205,0.5747001797,0.2741947326,-0.258270011,-0.053939694,-0.12926985,0.031020567,0.0181726577,0.0074342399,0.7997425825,1.6334897356,,,-0.501740215,0.2155872773,,0.0,,,,,,,,,-0.001273997,0.0012739974,0.0016325946,0.0897802901,0.2618689018,,,0.1605683294,0.1374226568,0.11663993,,,-0.004436053,,,,,,,0.2387733652,0.4454134461,,0.3428640924,2.0502083398,-0.146636432,,,0.0,-0.001790603,,,,,,,,,,,,,,,0.0974892486,,0.223619214,,1.0419677599,0.049291578,0.0541684403,0.129224887,3.1405163853,,,0.9902352714,,,,,346.27740334,-9.142504625,-0.214251759,0.0544270736,2.5425885601,0.8096084364,0.2306805796,0.2306805796,0.4722148969,0.1112585423,0.1253282023,,,,,0.8614518597,0.1119121068,,18.043090301,1.7585926307,0.2914389066,1.0877080299,0.5471994785,0.7052722558,0.0029529,1697199.29879113,1.29098326,0.00519384,1.05491926,0.00259056,0.0033606,0.00528717,0.01358512,-0.39465198,0.59105364,1.99372838,0.01312196,-0.39332379,,,0.02515205,0.0575405,0.02556672,0.52928498,0.01836503,0.01752408,1.63485933,0.71378371,0.71561499,1.4889090475,0.9879232598,256,1.0961649404,1.2961272327,1.6364161426,-1.122602441
20050630,20050630,205211.0,01W,JPN,0.000158,2005,6,20050531,20050531,319.4978969,4.3565697142,319.4978969,0.0257492394,0.0,0.0204436395,0.0258177627,-0.058023456,0.435951267,0.4028322674,0.3295940558,-0.132755438,-0.072828992,0.0712786917,0.0268877553,-0.01323204,0.0098860437,0.7997425825,1.6334897356,,,-0.501740215,0.2155872773,,0.0,,,,,,,,,-0.001273997,0.0012739974,0.0016325946,0.0897802901,0.2618689018,,,0.1605683294,0.1374226568,0.11663993,,,-0.004436053,,,,,,,0.2387733652,0.4454134461,,0.3428640924,2.0502083398,-0.146636432,,,0.0,-0.001790603,,,,,,,,,,,,,,,0.0974892486,,0.223619214,,1.0419677599,0.049291578,0.0541684403,0.129224887,3.1405163853,,,0.9902352714,,,,,346.27740334,-9.142504625,-0.214251759,0.0544270736,2.4785967376,0.789232226,0.224874815,0.224874815,0.460330201,0.1084583893,0.1221739444,,,,,0.8437512715,0.109612605,,18.075563114,1.7603185494,0.1484846286,0.5322776932,0.5473112909,0.704057971,0.00464473,1748666.01132768,1.24319733,0.00527735,1.03352825,0.00253215,0.00344245,0.00498811,0.01164609,1.16894685,-0.30210327,1.92247844,0.0099371,0.28457508,,,0.03157118,0.04209103,0.02200457,0.47023849,0.01671658,0.01708042,1.48658787,0.73221201,0.71553785,1.5919646957,1.4240516742,257,1.0988913507,1.2913146105,1.6350182913,-1.101648986
20050729,20050731,205211.0,01W,JPN,-0.06,2005,7,20050630,20050630,350.92054632,4.3572569444,350.92054632,0.0234435628,0.0981768652,-0.07320777,0.0001577457,-0.067954622,0.2781093135,0.6011315831,0.2731712207,-0.135675354,-0.021584213,-0.132535164,0.0389507471,-0.097016028,0.018777963,0.7997425825,1.6334897356,,,-0.501740215,0.2155872773,,0.0,,,,,,,,,-0.001273997,0.0012739974,0.0016325946,0.0897802901,0.2618689018,,,0.1605683294,0.1374226568,0.11663993,,,-0.004436053,,,,,,,0.2387733652,0.4454134461,,0.3428640924,2.0502083398,-0.146636432,,,0.0,-0.001790603,,,,,,,,,,,,,,,0.0974892486,,0.223619214,,1.0419677599,0.049291578,0.0541684403,0.129224887,3.1405163853,,,0.9902352714,,,,,346.27740334,-9.142504625,-0.214251759,0.0544270736,2.2566545425,0.7185616203,0.2047387399,0.2047387399,0.4191106296,0.0987466469,0.1112340634,,,,,0.7810385616,0.1014655317,,18.188188246,1.801214747,0.4548105815,0.501243537,0.2409248873,0.7791339727,0.00550638,1728447.51524184,1.25721902,0.00508237,1.08749736,0.00262942,0.00352773,0.003149,0.009341,0.97657114,-0.23520632,2.43699317,0.00925923,0.86954832,,,0.01824275,0.02974459,0.01301439,0.27031121,0.01526818,0.0169353,1.46414812,0.73232752,0.71838508,1.6262716886,0.8534130752,258,1.1106995765,1.2998145108,1.6309917908,-1.0930923
20050831,20050831,205211.0,01W,JPN,0.076941,2005,8,20050729,20050731,329.86528456,4.0958211679,329.86528456,0.0249399626,0.0981768652,-0.07320777,-0.060000083,0.0259795811,0.1195744469,0.5729546344,0.467923546,0.1483305915,0.0953559486,0.0199032422,0.0316868084,0.1536924636,-0.001908934,0.7997425825,1.6334897356,,,-0.501740215,0.2155872773,,0.0,,,,,,,,,-0.001273997,0.0012739974,0.0016325946,0.0897802901,0.2618689018,,,0.1605683294,0.1374226568,0.11663993,,,-0.004436053,,,,,,,0.2387733652,0.4454134461,,0.3428640924,2.0502083398,-0.146636432,,,0.0,-0.001790603,,,,,,,,,,,,,,,0.0974892486,,0.223619214,,1.0419677599,0.049291578,0.0541684403,0.129224887,3.1405163853,,,0.9902352714,,,,,346.27740334,-9.142504625,-0.214251759,0.0544270736,2.4006965328,0.7644273229,0.2178071892,0.2178071892,0.4458624111,0.1050496336,0.1183341204,,,,,0.8219757466,0.1067837239,,18.115093771,1.7756108821,0.4038762866,0.3716275575,0.1844470336,0.8567670272,0.00619887,1516875.80774086,1.45356635,0.00430875,1.29752625,0.00301848,0.00359008,0.00286429,0.0083901,-1.73247037,-0.43676519,1.35038269,0.00847056,-1.86817636,,,0.01055809,0.01909769,0.01297946,-0.94678461,0.01808347,0.01710746,1.44629669,0.6883878,0.71696853,1.6532603053,0.4998013696,259,1.0594747982,1.2170717804,1.6576942355,-1.13715789
20050930,20050930,205211.0,01W,JPN,0.248803,2005,9,20050831,20050831,355.24534955,4.4109565043,355.24534955,0.0231581578,0.0981768652,-0.07320777,0.0769406972,-0.059851802,-0.091538302,0.3848611569,0.3529205075,0.285557442,-0.030595023,-0.101229235,0.047884075,-0.063597483,0.0148330612,0.7997425825,1.6334897356,,,-0.501740215,0.2155872773,,0.0,,,,,,,,,-0.001273997,0.0012739974,0.0016325946,0.0897802901,0.2618689018,,,0.1605683294,0.1374226568,0.11663993,,,-0.004436053,,,,,,,0.2387733652,0.4454134461,,0.3428640924,2.0502083398,-0.146636432,,,0.0,-0.001790603,,,,,,,,,,,,,,,0.0974892486,,0.223619214,,1.0419677599,0.049291578,0.0541684403,0.129224887,3.1405163853,,,0.9902352714,,,,,346.27740334,-9.142504625,-0.214251759,0.0544270736,2.2291817358,0.7098137574,0.2022462238,0.2022462238,0.4140083221,0.0975444924,0.1098798854,,,,,0.7731296448,0.1004380761,,18.202129391,1.7542531208,0.1802283412,-0.182299558,0.1859818416,0.7483852026,0.00444816,1332487.59546402,1.58663336,0.00369044,1.42508293,0.00341765,0.00360911,0.0045653,0.01508296,1.21257043,1.09387751,2.18954789,0.0141312,1.1972971,,,0.04043992,0.10740562,0.02734462,2.61759502,0.0196695,0.01737571,1.41714577,0.74135284,0.72354566,1.6670793442,1.8486924638,260,1.0581024741,1.2134078628,1.6589253032,-1.145027495
20051031,20051031,205211.0,01W,JPN,-0.10355,2005,10,20050930,20050930,443.63130343,5.5084137931,443.63130343,0.0185442907,0.0981768652,-0.07320777,0.2488025642,0.0123241665,-0.056319102,0.2940650464,0.6211198796,0.6569779177,0.0455450114,0.0180739608,0.0688594026,-0.010270873,0.0114727205,0.7997425825,1.6334897356,,,-0.501740215,0.2155872773,,0.0,,,,,,,,,-0.001273997,0.0012739974,0.0016325946,0.0897802901,0.2618689018,,,0.1605683294,0.1374226568,0.11663993,,,-0.004436053,,,,,,,0.2387733652,0.4454134461,,0.3428640924,2.0502083398,-0.146636432,,,0.0,-0.001790603,,,,,,,,,,,,,,,0.0974892486,,0.223619214,,1.0419677599,0.049291578,0.0541684403,0.129224887,3.1405163853,,,0.9902352714,,,,,346.27740334,-9.142504625,-0.214251759,0.0544270736,1.78505538,0.5683954997,0.1619521208,0.1619521208,0.3315242409,0.0781104197,0.0879881965,,,,,0.6405657781,0.0832165663,,18.42750244,1.7664028786,0.2176086023,-0.292469578,0.1851970111,0.8598320301,0.00290769,923918.69389608,2.03368308,0.00261622,1.63822708,0.0043559,0.0035467,0.00661919,0.03490355,3.09015505,0.24431925,1.39469061,0.03092412,1.34401739,,,0.04940602,0.13954667,0.03510798,2.61957191,0.02170595,0.01986581,1.35283698,0.92580333,0.72597607,1.7947212314,2.087036711,261,1.0453797991,1.212796367,1.6589253032,-1.163218699
20051130,20051130,205211.0,01W,JPN,0.114047,2005,11,20051031,20051031,397.69336972,4.9380186344,397.69336972,0.0206863591,0.0981768652,-0.07320777,-0.103549802,0.3448863042,0.2970362198,0.4153581954,0.9885182615,0.6873712205,0.2822083727,0.0676718161,0.0532938009,-0.062918385,0.020529558,,,,,,,,,,,,,,,,,,,,,,,,,,,,,,,,,,,,,,,,,,,,,,,,,,,,,,,,,,,,,,,,,,,,,,,,,,,,,,,,,,,,,,,,,,,,,,,1.7450130743,0.4467014714,0.2711001194,,0.9424144987,0.00251947,1051732.90142168,1.85826946,0.00280313,1.57748662,0.00419672,0.00338123,0.00564945,0.02406275,1.38649294,-0.03151604,3.37905199,0.02479346,1.75177296,,,0.03291682,0.07028874,0.02916121,0.86099906,0.0212681,0.02078702,1.51978085,0.82993658,0.72497469,1.8415948328,1.3337734046,262,,,,-1.728345111
20051230,20051231,205211.0,01W,JPN,0.459461,2005,12,20051130,20051130,443.04923193,5.5011864161,443.04923193,0.0185686539,0.0981768652,-0.07320777,0.114047318,0.1194893057,0.1334648493,0.0952628572,0.6696212844,0.435951267,0.3314153725,0.1525026072,0.0497978655,-0.069654227,0.0220387132,,,,,,,,,,,,,,,,,,,,,,,,,,,,,,,,,,,,,,,,,,,,,,,,,,,,,,,,,,,,,,,,,,,,,,,,,,,,,,,,,,,,,,,,,,,,,,,1.7659712442,0.1851046242,-0.261832863,,0.8726318857,0.00206577,1380302.35072068,1.48573711,0.00347884,1.32831005,0.00363931,0.00311081,0.00620108,0.01487724,-0.06345601,0.17760519,1.50545772,0.01456952,0.07211943,,,0.04338098,0.06853709,0.02766499,0.4620637,0.01820847,0.02120156,1.51591223,0.92458862,0.72832871,1.9327984791,1.7071393816,263,,,,-1.73032543
20060131,20060131,205211.0,01W,JPN,0.121031,2006,1,20051230,20051231,646.61328305,8.0287696103,646.61328305,0.012722949,0.0981768652,-0.07320777,0.4594614694,-0.001312061,0.262534316,0.1769248991,0.6139114153,0.2781093135,0.6184648222,0.141782874,0.0786777378,-0.047307441,0.0246527966,,,,,,,,,,,,,,,,,,,,,,,,,,,,,,,,,,,,,,,,,,,,,,,,,,,,,,,,,,,,,,,,,,,,,,,,,,,,,,,,,,,,,,,,,,,,,,,1.9643053305,0.0699167148,-0.3075925,,0.8430365297,0.00223568,1864042.64301738,1.18718936,0.0042543,1.12269856,0.00313753,0.00294288,0.0068574,0.0250736,0.68764959,-0.09711086,1.89297868,0.02182271,0.29777128,,,0.06151875,0.08938841,0.03152969,0.3250161,0.01580503,0.02237402,1.55179455,0.99326134,0.72613924,2.0448491936,2.2891938915,264,,,,-1.730330815
20060228,20060228,205211.0,01W,JPN,-0.085545,2006,2,20060131,20060131,724.87361776,9.0005006486,724.87361776,0.0113493272,0.0981768652,-0.07320777,0.1210311275,0.6259091358,0.9602344148,0.8904906886,1.0629504779,0.1195744469,1.1271103142,0.1584416708,0.0752767794,0.0516743291,0.0218596574,,,,,,,,,,,,,,,,,,,,,,,,,,,,,,,,,,,,,,,,,,,,,,,,,,,,,,,,,,,,,,,,,,,,,,,,,,,,,,,,,,,,,,,,,,,,,,,1.9572150429,0.0921364096,0.0917107205,,0.9321266968,0.00322357,2319394.23904139,0.96001868,0.00486097,0.95780498,0.00292023,0.00304114,0.00757076,0.02784962,1.07727751,-0.03044982,1.89197417,0.02709962,0.66197835,,,0.06176459,0.08304437,0.04357118,-0.0572829,0.01290631,0.02273337,1.88193249,1.0,0.722653,1.9886680135,2.1510177617,265,,,,-1.731320108
20060331,20060331,205211.0,01W,JPN,0.099452,2006,3,20060228,20060228,662.86448036,8.2305550089,662.86448036,0.0124110253,0.0981768652,-0.07320777,-0.085544757,0.6361017366,1.040487282,1.065960432,0.9963298616,-0.091538302,1.3818876311,0.0367480963,0.0641592473,0.198451365,0.0113324743,,,,,,,,,,,,,,,,,,,,,,,,,,,,,,,,,,,,,,,,,,,,,,,,,,,,,,,,,,,,,,,,,,,,,,,,,,,,,,,,,,,,,,,,,,,,,,,2.0111764922,0.0173713539,0.2595668535,,0.9245229279,0.0037947,2625610.90135929,0.82106038,0.00515653,0.88983456,0.00282511,0.00317467,0.00681713,0.0248239,0.50883906,-0.03735598,2.49617414,0.01667421,-0.6500897,,,0.0585372,0.11492229,0.04646403,0.69751214,0.0123013,0.02319319,2.11852355,0.91445524,0.73024076,2.0258360382,1.8964700001,266,,,,-1.731320519
20060428,20060430,205211.0,01W,JPN,-0.031519,2006,4,20060331,20060331,713.16036271,8.8550612823,713.16036271,0.0212686049,0.0981768652,-0.071975682,0.0994515561,0.0251327922,0.4941787814,0.8889303784,0.7608465503,-0.056319102,1.2417811329,-0.091412323,0.081510509,0.0419549581,0.0240868175,,,,,,,,,,,,,,,,,,,,,,,,,,,,,,,,,,,,,,,,,,,,,,,,,,,,,,,,,,,,,,,,,,,,,,,,,,,,,,,,,,,,,,,,,,,,,,,2.0550801035,0.0264477748,0.2033863717,,0.9035405631,0.00263993,2942986.21221492,0.67333347,0.0052673,0.57542217,0.00279758,0.00351114,0.00983778,0.0239254,1.23690822,0.07302037,2.22608625,0.02485391,1.20508327,,,0.04340433,0.07662341,0.02855048,0.63425027,0.01040327,0.02171886,1.98611439,0.95302751,0.7263799,1.9253709343,1.4420018099,267,,,,-1.73132318
20060531,20060531,205211.0,01W,JPN,-0.138181,2006,5,20060428,20060430,690.68231587,8.5759592841,690.68231587,0.0219607852,0.0981768652,-0.071975682,-0.031518923,0.00539924,0.8325359182,1.2093485387,1.1307415117,0.2970362198,0.6766470064,0.0258177627,0.076298083,0.0137378014,0.019691776,,,,,,,,,,,,,,,,,,,,,,,,,,,,,,,,,,,,,,,,,,,,,,,,,,,,,,,,,,,,,,,,,,,,,,,,,,,,,,,,,,,,,,,,,,,,,,,2.0299392609,0.0757339974,0.8316956189,,0.9541595925,0.00421601,2980450.63194526,0.65336022,0.00496493,0.60299889,0.00306511,0.00362897,0.01100397,0.01519047,-0.17750799,-0.10472838,1.06424156,0.01560571,-0.44791357,,,0.02763551,0.03822903,0.01995812,0.68743792,0.00956041,0.02182628,1.98522442,0.92298911,0.72634558,1.9525703853,0.9299092383,268,,,,-1.729392455
20060630,20060630,205211.0,01W,JPN,-0.178223,2006,6,20060531,20060531,595.24297088,7.3909225198,595.24297088,0.025481907,0.0981768652,-0.071975682,-0.138181249,0.0647980267,0.5930888484,0.9868431538,1.0116466182,0.1334648493,0.6972363754,0.0001577457,0.0637218108,0.000795084,0.021151212,,,,,,,,,,,,,,,,,,,,,,,,,,,,,,,,,,,,,,,,,,,,,,,,,,,,,,,,,,,,,,,,,,,,,,,,,,,,,,,,,,,,,,,,,,,,,,,2.0366429408,-0.076672078,0.4765957797,,0.9362967157,0.00452747,2836560.93957581,0.69908327,0.00439437,0.67007988,0.00351985,0.00367967,0.00838215,0.01331272,0.46058362,0.11040917,1.00350604,0.01344822,0.49700587,,,0.01948404,0.03660104,0.01972824,0.58409994,0.01001308,0.02198094,1.88519598,0.79544932,0.72105634,1.894736624,0.6558029592,269,,,,-1.728429816
20060731,20060731,205211.0,01W,JPN,-0.062066,2006,7,20060630,20060630,489.15700714,6.0736904368,489.15700714,0.0310082975,0.0,0.021675728,-0.178222959,-0.165344848,-0.059273663,0.371152442,0.7334013395,0.262534316,0.8272698621,-0.060000083,0.0529742765,-0.073863399,0.0295559364,,,,,,,,,,,,,,,,,,,,,,,,,,,,,,,,,,,,,,,,,,,,,,,,,,,,,,,,,,,,,,,,,,,,,,,,,,,,,,,,,,,,,,,,,,,,,,,2.0749239501,0.1011067045,0.5030379344,,0.9238148984,0.0029982,2653589.87185686,0.72852343,0.00412647,0.65212837,0.00364615,0.0035236,0.01046605,0.01794992,-0.3686545,-0.29641152,1.39560656,0.01690068,-0.81855977,,,0.03672234,0.05070096,0.03483714,-0.10543145,0.01114678,0.02261741,1.81072066,0.65368199,0.72268159,1.7800963765,1.1721476544,270,,,,-1.729401328
20060831,20060831,205211.0,01W,JPN,0.028037,2006,8,20060731,20060731,458.79716696,5.696722984,458.79716696,0.0330601998,0.0,0.021675728,-0.062065635,-0.291777137,-0.310396218,0.256937194,0.5153931366,0.9602344148,0.9157681017,0.0769406972,0.0403373373,0.1205644605,0.0128675621,,,,,,,,,,,,,,,,,,,,,,,,,,,,,,,,,,,,,,,,,,,,,,,,,,,,,,,,,,,,,,,,,,,,,,,,,,,,,,,,,,,,,,,,,,,,,,,2.1208554057,0.034262225,-0.193891745,,0.8907042254,0.00317836,2394410.77278562,0.78260952,0.00390804,0.66166421,0.00362207,0.00339031,0.00894882,0.01835206,0.73850749,0.21222607,1.4134577,0.01474944,0.1442067,,,0.04171886,0.09564729,0.03717003,0.34387915,0.0119812,0.02300762,1.8198527,0.6131108,0.72507915,1.7569309657,1.2724638995,271,,,,-1.731335397
20060929,20060930,205211.0,01W,JPN,-0.115948,2006,9,20060831,20060831,471.66061936,5.8564439462,471.66061936,0.0321585593,0.0,0.021675728,0.0280373405,-0.229227073,-0.292690276,0.0582356513,0.3197934698,1.040487282,0.5345944866,0.2488025642,0.0202677715,-0.047234621,0.0220425177,,,,,,,,,,,,,,,,,,,,,,,,,,,,,,,,,,,,,,,,,,,,,,,,,,,,,,,,,,,,,,,,,,,,,,,,,,,,,,,,,,,,,,,,,,,,,,,2.2193405049,0.0808680092,-0.212232793,,0.852741662,0.00313283,2259683.16022769,0.84951047,0.00387624,0.7095752,0.00350007,0.00328879,0.00470851,0.0331073,3.1059932,0.1760394,1.1597259,0.03274569,2.95112264,,,0.04372535,0.15608264,0.03725448,3.34249296,0.01111739,0.02461692,1.83457403,0.6303008,0.73208883,1.8323196059,1.2996657506,272,,,,-1.731335397
20061031,20061031,205211.0,01W,JPN,-0.075465,2006,10,20060929,20060930,413.41471717,5.1332250738,413.41471717,0.0450193727,0.0,0.0302447613,-0.115948022,-0.03576845,-0.338633155,-0.254584114,0.0864783654,0.4941787814,1.2793881907,-0.103549802,0.0191406605,0.0367068279,0.0236853001,,,,,,,,,,,,,,,,,,,,,,,,,,,,,,,,,,,,,,,,,,,,,,,,,,,,,,,,,,,,,,,,,,,,,,,,,,,,,,,,,,,,,,,,,,,,,,,2.2322977133,-0.007415144,-0.227839403,,0.6684461928,0.00335875,1881592.67307373,0.50932877,0.00355742,0.50106881,0.00363727,0.0033032,0.00508139,0.00920697,0.01323163,0.3519104,1.67723879,0.00737343,-0.10210022,,,0.02087381,0.03700948,0.01969302,0.69110138,0.01185394,0.02241097,1.79320505,0.55246424,0.73394024,1.7806097767,0.6407078189,273,,,,-1.731335988
20061130,20061130,205211.0,01W,JPN,-0.056454,2006,11,20061031,20061031,382.21617978,4.7458438129,382.21617978,0.0486940956,0.0,0.0302447613,-0.075465474,-0.091161556,-0.396289012,-0.41216049,0.0714519891,0.8325359182,0.933611108,0.114047318,0.0019122249,-0.053053521,0.0282019845,,,,,,,,,,,,,,,,,,,,,,,,,,,,,,,,,,,,,,,,,,,,,,,,,,,,,,,,,,,,,,,,,,,,,,,,,,,,,,,,,,,,,,,,,,,,,,,2.233891431,0.1475808623,-0.184614694,,0.6965536565,0.00407169,1688072.799085,0.55583599,0.00347469,0.51411831,0.00359301,0.0034199,0.00458638,0.0160258,0.62245424,0.05501557,3.17586118,0.01279513,1.46968004,,,0.02660464,0.04956627,0.02261583,0.40007664,0.01314603,0.02182086,1.7366878,0.51077227,0.73379142,1.7636696977,0.8281487257,274,,,,-1.731335199
20061229,20061231,205211.0,01W,JPN,-0.049978,2006,12,20061130,20061130,360.63842026,4.4779203656,360.63842026,0.0516075664,0.0,0.0302447613,-0.056454333,-0.182663424,-0.352356105,-0.405681222,-0.110814827,0.5930888484,1.3840301291,0.4594614694,-0.044989212,-0.018552523,0.0298491422,,,,,,,,,,,,,,,,,,,,,,,,,,,,,,,,,,,,,,,,,,,,,,,,,,,,,,,,,,,,,,,,,,,,,,,,,,,,,,,,,,,,,,,,,,,,,,,2.2273556814,0.0516491745,-0.640520318,,0.4463435136,0.00370935,1604180.29225318,0.57591993,0.00361985,0.49699584,0.0034673,0.00356971,0.00540396,0.01648126,0.31466171,0.25336806,3.0146821,0.0141847,-0.62835072,0.01482871,-0.10347315,0.03828201,0.05488957,0.02867218,0.53046692,0.01433104,0.02179757,1.77697531,0.48193696,0.73700231,1.7373862637,1.1902967998,275,,,,-1.731336969
20070131,20070131,205211.0,01W,JPN,0.090116,2007,1,20061229,20061231,342.6144398,4.2541229424,342.6144398,0.0543224951,0.0,0.0302447613,-0.049977982,-0.127659454,-0.256390042,-0.489957602,-0.425139454,-0.059273663,3.7176763248,0.1210311275,-0.060535494,0.0209497986,0.0426656889,,,,,,,,,,,,,,,,,,,,,,,,,,,,,,,,,,,,,,,,,,,,,,,,,,,,,,,,,,,,,,,,,,,,,,,,,,,,,,,,,,,,,,,,,,,,,,,2.1702965875,-0.207400173,-0.491314754,,0.1600554785,0.00476628,1366857.98601645,0.55477386,0.00328296,0.49253467,0.00377059,0.00378031,0.00589001,0.01121216,0.51881048,0.02064062,2.17628624,0.01147915,0.5312853,0.01109573,0.45127491,0.01885452,0.02769528,0.01551516,0.18285348,0.01449662,0.0205084,1.75545775,0.45785072,0.73996819,1.6879118098,0.6148543393,276,,,,-1.73133951
20070228,20070228,205211.0,01W,JPN,0.126349,2007,2,20070131,20070131,373.48964027,4.6374894426,373.48964027,0.0498318272,0.0,0.0302447613,0.09011646,-0.103610841,-0.24680675,-0.49967891,-0.512832282,-0.310396218,4.3242984187,-0.085544757,-0.044566293,0.0826523501,0.0399591908,,,,,,,,,,,,,,,,,,,,,,,,,,,,,,,,,,,,,,,,,,,,,,,,,,,,,,,,,,,,,,,,,,,,,,,,,,,,,,,,,,,,,,,,,,,,,,,2.269815841,-0.379600827,-2.247394341,,0.1198553949,0.00344833,1369186.78482856,0.56732076,0.00340957,0.50771818,0.00383746,0.00379191,0.00516669,0.01973067,0.34160261,0.94125393,0.83204731,0.01759927,0.81024275,0.02079976,0.39452081,0.03226822,0.04269695,0.02063437,0.33777922,0.01345283,0.01990992,1.60024394,0.49911061,0.73713401,1.6774622344,1.1198235562,277,,,,-1.725690784
20070330,20070331,205211.0,01W,JPN,-0.005839,2007,3,20070228,20070228,420.67979691,5.2234330126,420.67979691,0.0442418946,0.0,0.0302447613,0.1263493054,0.0356346393,-0.201324381,-0.367142738,-0.419250366,-0.292690276,3.4246432002,0.0994515561,-0.042121043,0.1822527336,0.0266788233,,,,,,,,,,,,,,,,,,,,,,,,,,,,,,,,,,,,,,,,,,,,,,,,,,,,,,,,,,,,,,,,,,,,,,,,,,,,,,,,,,,,,,,,,,,,,,,2.2753937346,-0.371299356,-0.668486474,,0.1305187638,0.00289609,1462758.43392746,0.62115537,0.00374797,0.56633348,0.00376536,0.00369796,0.0041752,0.01997767,0.63994708,-0.09127989,2.78223456,0.01563834,-0.20694774,,,0.04230389,0.06269443,0.0282301,0.22374518,0.0132569,0.01920997,1.46350861,0.56217289,0.73225857,1.6219219218,1.5651859256,278,,,,-1.726631538
20070427,20070430,205211.0,01W,JPN,-0.111654,2007,4,20070330,20070331,411.27638466,5.1066741515,411.27638466,0.0249788216,0.0,0.0253198418,-0.00583859,0.2278519176,0.0175733457,-0.13258913,-0.405042502,-0.338633155,3.3526231688,-0.031518923,-0.039786467,-0.034607655,0.0459799515,,,,,,,,,,,,,,,,,,,,,,,,,,,,,,,,,,,,,,,,,,,,,,,,,,,,,,,,,,,,,,,,,,,,,,,,,,,,,,,,,,,,,,,,,,,,,,,2.279104589,-0.323237703,-0.293125079,,0.1494632535,0.00315261,1554652.2271066,0.63558555,0.00397743,0.57357712,0.00370291,0.00375911,0.00703186,0.01971029,0.41089384,0.05129624,1.1898356,0.01925881,0.23643632,,,0.03299693,0.07721124,0.02822252,0.41423139,0.01293086,0.01877841,1.52339129,0.56920711,0.72231802,1.6025427816,1.2251937501,279,,,,-1.724766388
20070531,20070531,205211.0,01W,JPN,0.016818,2007,5,20070427,20070430,365.35576703,4.5364940006,365.35576703,0.0281183448,0.0,0.0253198418,-0.111653913,0.1197730137,0.0942070017,-0.080589809,-0.389266554,-0.396289012,3.4229570341,-0.138181249,-0.037374891,0.0168488796,0.0416521026,,,,,,,,,,,,,,,,,,,,,,,,,,,,,,,,,,,,,,,,,,,,,,,,,,,,,,,,,,,,,,,,,,,,,,,,,,,,,,,,,,,,,,,,,,,,,,,2.3500502664,-0.094932604,0.0989523432,,0.1756830601,0.00410154,1589245.85567762,0.62099729,0.00409408,0.55436131,0.00372953,0.00376805,0.00763909,0.01611476,0.66479301,-0.02571277,2.83403947,0.01121366,-0.0548128,,,0.02612309,0.03150745,0.02304598,0.10903268,0.01311084,0.01885107,1.56829465,0.50565291,0.72240258,1.6069690248,0.9624323933,280,,,,-1.725720057
20070629,20070630,205211.0,01W,JPN,-0.067913,2007,6,20070531,20070531,371.50033286,4.6127889124,371.50033286,0.0276532711,0.0,0.0253198418,0.0168180343,-0.116840601,0.0301933892,-0.205520643,-0.370467785,-0.352356105,2.222115174,-0.178222959,-0.019643892,0.0185885695,0.0341941984,,,,,,,,,,,,,,,,,,,,,,,,,,,,,,,,,,,,,,,,,,,,,,,,,,,,,,,,,,,,,,,,,,,,,,,,,,,,,,,,,,,,,,,,,,,,,,,2.3418318028,-0.328218101,0.1192630221,,0.1698369565,0.00406266,1606543.38836279,0.63325751,0.00407266,0.57466426,0.00380496,0.00375436,0.00612239,0.02018101,0.79385343,0.10392466,2.93589879,0.0199524,0.69318359,,,0.03441799,0.05594745,0.02293149,1.05832475,0.01244218,0.01927846,1.63414432,0.62786001,0.72034505,1.657809878,1.2612349771,281,,,,-1.725747363
20070731,20070731,205211.0,01W,JPN,-0.028989,2007,7,20070629,20070630,346.27062625,4.2995205231,346.27062625,0.0296681227,0.0,0.0253198418,-0.067913012,-0.096713678,0.1026262519,-0.086206514,-0.221054279,-0.256390042,2.0994407206,-0.062065635,-0.020175471,-0.063007657,0.0408728199,,,,,,,,,,,,,,,,,,,,,,,,,,,,,,,,,,,,,,,,,,,,,,,,,,,,,,,,,,,,,,,,,,,,,,,,,,,,,,,,,,,,,,,,,,,,,,,2.3350744736,-0.031212843,0.8820255317,,0.3567672294,0.00486749,1613338.85857894,0.62756673,0.00409688,0.56836618,0.00387533,0.00394893,0.0039581,0.00843336,-0.63382688,0.14018882,1.95297221,0.00535203,0.01998843,,,0.0091628,0.01443244,0.01108726,-0.3651272,0.01146388,0.01863436,1.61965503,0.66780112,0.72018235,1.7767323732,0.3595020719,282,,,,-1.722962975
20070831,20070831,205211.0,01W,JPN,-0.104286,2007,8,20070731,20070731,336.23262412,4.1748821827,336.23262412,0.0305538448,0.0,0.0253198418,-0.028988893,-0.052237141,-0.057216711,-0.078741795,-0.225910472,-0.24680675,2.2417959984,0.0280373405,-0.025359674,0.0536898917,0.0312000204,,,,,,,,,,,,,,,,,,,,,,,,,,,,,,,,,,,,,,,,,,,,,,,,,,,,,,,,,,,,,,,,,,,,,,,,,,,,,,,,,,,,,,,,,,,,,,,2.3535338104,-0.229607158,0.1743025934,,0.2518518519,0.00443212,1513227.88165841,0.6671383,0.0038856,0.59446843,0.00404273,0.00407091,0.00440751,0.010825,0.91428104,0.24201551,0.79673954,0.01129411,0.96853199,,,0.02438793,0.03786877,0.01748012,0.622376,0.01202031,0.01814334,1.56975872,0.66629833,0.72404006,1.8582666267,1.0260973494,283,,,,-1.722105812
20070928,20070930,205211.0,01W,JPN,0.017063,2007,9,20070831,20070831,301.16821428,3.7394997439,301.16821428,0.0341111676,0.0,0.0253198418,-0.104286162,-0.094933182,-0.187238771,-0.051925116,-0.268849972,-0.201324381,2.2703387138,-0.115948022,-0.024299505,0.0547774338,0.0313050725,,,,,,,,,,,,,,,,,,,,,,,,,,,,,,,,,,,,,,,,,,,,,,,,,,,,,,,,,,,,,,,,,,,,,,,,,,,,,,,,,,,,,,,,,,,,,,,2.3732444103,-0.231908405,0.0750741618,,0.2161500816,0.00391489,1317900.35728365,0.56151032,0.00358294,0.51126306,0.00418391,0.00413452,0.0057889,0.00958201,0.4129636,-0.01810618,1.51950217,0.00879344,-0.14289215,,,0.0293859,0.04546331,0.02671882,-0.76449069,0.01364891,0.01548151,1.57667862,0.61771372,0.72712397,1.6188319937,1.3079289164,284,,,,-1.704491785
20071031,20071031,205211.0,01W,JPN,0.041439,2007,10,20070928,20070930,302.55331959,3.7566981092,302.55331959,0.0342105129,0.0,0.0290814243,0.0170631208,-0.130251914,-0.267723056,-0.106121987,-0.259205099,0.0175733457,2.0916918521,-0.075465474,-0.015887815,-0.003369992,0.0354302232,,,,,,,,,,,,,,,,,,,,,,,,,,,,,,,,,,,,,,,,,,,,,,,,,,,,,,,,,,,,,,,,,,,,,,,,,,,,,,,,,,,,,,,,,,,,,,,2.3990818974,-0.046901683,0.1081351973,,0.2622641509,0.00498426,1084913.54979898,0.52879301,0.0031343,0.49982065,0.00446872,0.00423182,0.00477107,0.01012919,0.47934199,0.33660323,1.82071947,0.00946872,0.22889789,,,0.0327601,0.0543005,0.02380039,0.7484483,0.0169547,0.01556964,1.53654838,0.66890333,0.72796612,1.5662125226,1.4411280788,285,,,,-1.696164193
20071130,20071130,205211.0,01W,JPN,0.056148,2007,11,20071031,20071031,315.09074024,3.9123708499,315.09074024,0.0328492809,0.0,0.0290814243,0.0414387146,-0.089002488,-0.161619683,-0.166024554,-0.1850654,0.0942070017,2.250888695,-0.056454333,-0.006988447,-0.000433789,0.0361922659,,,,,,,,,,,,,,,,,,,,,,,,,,,,,,,,,,,,,,,,,,,,,,,,,,,,,,,,,,,,,,,,,,,,,,,,,,,,,,,,,,,,,,,,,,,,,,,2.4312896439,0.0425824819,0.1602644424,,0.3692729767,0.00494459,974781.10739214,0.56779658,0.00290786,0.52551453,0.00459635,0.00429369,0.00693256,0.01450999,0.24315408,-0.2494843,2.79619504,0.01223969,0.10178122,,,0.03212029,0.04811315,0.02373473,0.12811701,0.01967904,0.015456,1.5776736,0.69662183,0.72525689,1.5620879241,1.4069492814,286,,,,-1.695119607
20071228,20071231,205211.0,01W,JPN,-0.103631,2007,12,20071130,20071130,332.78260103,4.13204446,332.78260103,0.0311029008,0.0,0.0290814243,0.0561484631,0.0592089091,-0.141319597,-0.228894347,-0.100515776,0.0301933892,2.2720913543,-0.049977982,0.0026594117,0.1619318121,0.021570712,,,,,,,,,,,,,,,,,,,,,,,,,,,,,,,,,,,,,,,,,,,,,,,,,,,,,,,,,,,,,,,,,,,,,,,,,,,,,,,,,,,,,,,,,,,,,,,2.4199961913,0.0263552048,-0.101248693,,0.468119891,0.0049457,861216.28559036,0.48164105,0.00268269,0.4856121,0.00472774,0.00437234,0.00970704,0.01621079,0.67340272,-0.1203446,1.45501993,0.0139582,0.01139205,,,0.03512395,0.04350863,0.02394139,0.07445078,0.0224151,0.01548039,1.49950073,0.73573607,0.72324638,1.5330481933,1.5668000908,287,,,,-1.685841128
20080131,20080131,205211.0,01W,JPN,-0.044696,2008,1,20071228,20071231,298.29601054,3.7038366007,298.29601054,0.0346987686,0.0,0.0290814243,-0.10363099,0.0999138978,-0.027028593,-0.180815065,-3.4881e-05,0.1026262519,2.1462692385,0.09011646,-0.014953993,0.0528808717,0.0306209741,,,,,,,,,,,,,,,,,,,,,,,,,,,,,,,,,,,,,,,,,,,,,,,,,,,,,,,,,,,,,,,,,,,,,,,,,,,,,,,,,,,,,,,,,,,,,,,2.4169981743,0.3251161735,0.5647731503,,0.6749594375,0.00523833,815915.04277606,0.49672573,0.00259778,0.49811795,0.00475433,0.00437574,0.00366046,0.00872819,0.30473858,0.03010294,0.80066062,0.00756456,-0.01975837,,,0.01225038,0.02009555,0.01327196,0.34241855,0.02428904,0.01543062,1.45604057,0.65949102,0.72172848,1.4848402684,0.5468259867,288,,,,-1.678410424
20080229,20080229,205211.0,01W,JPN,0.010272,2008,2,20080131,20080131,284.96333836,3.5382895017,284.96333836,0.0363222311,0.0,0.0290814243,-0.044696113,-0.053301248,-0.101821379,-0.173416757,-0.177759646,-0.057216711,2.7789064506,0.1263493054,-0.030503576,0.0361686907,0.0362879774,,,,,,,,,,,,,,,,,,,,,,,,,,,,,,,,,,,,,,,,,,,,,,,,,,,,,,,,,,,,,,,,,,,,,,,,,,,,,,,,,,,,,,,,,,,,,,,2.3970496848,0.3692898077,0.8445018889,,0.4734561213,0.00342012,832187.56526101,0.51657877,0.00277197,0.54951383,0.00450409,0.00435442,0.01112241,0.01593226,1.40638342,-0.09084779,1.34548258,0.00879345,0.10101561,,,0.034944,0.04508636,0.03293283,-0.26306681,0.02684532,0.01520531,1.33167284,0.63001433,0.71946048,1.3058307407,1.4920013571,289,,,,-1.658094966
20080331,20080331,205211.0,01W,JPN,-0.230903,2008,3,20080229,20080229,287.89054206,3.5746355601,287.89054206,0.0359529152,0.0,0.0290814243,0.0102722116,-0.143695201,-0.042067353,-0.223422325,-0.302623616,-0.187238771,2.7883426886,-0.00583859,-0.029038958,0.1777047557,0.0234848256,,,,,,,,,,,,,,,,,,,,,,,,,,,,,,,,,,,,,,,,,,,,,,,,,,,,,,,,,,,,,,,,,,,,,,,,,,,,,,,,,,,,,,,,,,,,,,,2.3951600163,0.4452090758,0.9155109434,,0.3569695336,0.00381425,774370.88574402,0.49792419,0.00263431,0.54991484,0.00454904,0.00442669,0.00675449,0.01666021,-0.15885508,0.28022432,1.04576666,0.01473054,-1.55060188,,,0.03535495,0.04369648,0.02561029,0.26561761,0.02910462,0.01486086,1.25757227,0.6524118,0.71857104,1.224856369,1.5293236969,290,,,,-1.629973993
20080430,20080430,205211.0,01W,JPN,0.160722,2008,4,20080331,20080331,219.09314959,2.7204025456,219.09314959,0.0271943825,0.0,0.0228755315,-0.230903208,-0.034883029,-0.04846345,-0.158281518,-0.29132234,-0.267723056,2.5167067301,-0.111653913,-0.039879803,-0.030757458,0.0406906953,,,,,,,,,,,,,,,,,,,,,,,,,,,,,,,,,,,,,,,,,,,,,,,,,,,,,,,,,,,,,,,,,,,,,,,,,,,,,,,,,,,,,,,,,,,,,,,2.5145757169,0.4720522823,1.1378886465,,0.330297348,0.0036829,811889.17222929,0.51492826,0.00286291,0.56362786,0.00430702,0.00449336,0.00608278,0.02043067,-1.29019607,0.32049048,2.00874431,0.02042584,-1.12435191,,,0.02920542,0.03677235,0.02956924,0.32716556,0.03020455,0.01506048,1.18034266,0.54091572,0.71655391,1.1887388897,1.2466137656,291,,,,-1.608648302
20080530,20080531,205211.0,01W,JPN,0.040785,2008,5,20080430,20080430,254.30621622,3.1576308034,254.30621622,0.0234288528,0.0,0.0228755315,0.160721897,-0.223002883,-0.297295464,-0.333310423,-0.386453407,-0.161619683,2.1980831152,0.0168180343,-0.026797634,-0.063448377,0.0416511076,,,,,,,,,,,,,,,,,,,,,,,,,,,,,,,,,,,,,,,,,,,,,,,,,,,,,,,,,,,,,,,,,,,,,,,,,,,,,,,,,,,,,,,,,,,,,,,2.5275463814,0.2126858789,0.2581305022,,0.1795755968,0.00472487,772964.27079664,0.58275338,0.0028252,0.59482117,0.00423281,0.0045567,0.00891138,0.02815916,3.27130382,-0.26129264,1.43884605,0.02837358,2.54095888,,,0.04758815,0.11430619,0.03136815,2.02767206,0.03328003,0.01651069,1.23713501,0.62785272,0.71944689,1.2012389046,1.9561195958,292,,,,-1.622327093
20080630,20080630,205211.0,01W,JPN,-0.058532,2008,6,20080530,20080531,264.67806774,3.2864144343,264.67806774,0.0225107541,0.0,0.0228755315,0.0407848919,-0.107292513,-0.227717911,-0.136062035,-0.299622016,-0.141319597,2.2918986367,-0.067913012,-0.016916006,0.0104571791,0.0355910163,,,,,,,,,,,,,,,,,,,,,,,,,,,,,,,,,,,,,,,,,,,,,,,,,,,,,,,,,,,,,,,,,,,,,,,,,,,,,,,,,,,,,,,,,,,,,,,2.5703881316,0.2311231934,0.0574497616,,0.2560478391,0.00456466,748752.61669994,0.61015133,0.00282828,0.59758516,0.00416682,0.00460459,0.00695025,0.01978252,0.03753346,-0.05635575,2.27691168,0.02075743,0.42932712,,,0.03320482,0.05324729,0.03042477,-0.56328372,0.03606865,0.01661546,1.21660201,0.69955761,0.7228803,1.2198457623,1.3293203008,293,,,,-1.64096382
20080731,20080731,205211.0,01W,JPN,0.031761,2008,7,20080630,20080630,249.18601599,3.0940550789,249.18601599,0.0239102619,0.0,0.0228755315,-0.058531679,0.2080618141,-0.103293931,-0.115911723,-0.217945499,-0.027028593,1.6713348231,-0.028988893,-0.019601714,-0.052710903,0.0364124726,,,,,,,,,,,,,,,,,,,,,,,,,,,,,,,,,,,,,,,,,,,,,,,,,,,,,,,,,,,,,,,,,,,,,,,,,,,,,,,,,,,,,,,,,,,,,,,2.5201868926,0.1544182869,-0.23760489,,0.3455240175,0.00457922,724033.85294453,0.63388752,0.00280986,0.59841604,0.00410054,0.0045646,0.00542289,0.01763684,0.4721287,0.04290116,2.25704017,0.01468038,-0.1210149,,,0.02375272,0.04144274,0.02233638,-0.3243646,0.0379532,0.01724728,1.20609113,0.69337083,0.72925231,1.2170240941,0.9284530887,294,,,,-1.648283311
20080829,20080831,205211.0,01W,JPN,0.009896,2008,8,20080731,20080731,257.10043682,3.1923256574,257.10043682,0.0231742232,0.0,0.0228755315,0.0317610954,-0.020133996,-0.116280831,-0.200777642,-0.241739324,-0.101821379,1.4851523031,-0.104286162,-0.007233781,0.0559330062,0.0248824317,,,,,,,,,,,,,,,,,,,,,,,,,,,,,,,,,,,,,,,,,,,,,,,,,,,,,,,,,,,,,,,,,,,,,,,,,,,,,,,,,,,,,,,,,,,,,,,2.4896218022,0.196015252,-0.123721106,,0.371352075,0.00443342,609872.24646694,0.59192837,0.00243687,0.56499912,0.00428831,0.00452649,0.00745928,0.01938516,-0.58894276,0.11924749,2.4479608,0.02000344,-0.33512156,,,0.04545851,0.05960351,0.03128229,0.33118522,0.04249964,0.01803656,1.20918815,0.75624816,0.72209942,1.2360439651,1.7043515763,295,,,,-1.65309893
20080930,20080930,205211.0,01W,JPN,-0.183735,2008,9,20080829,20080831,259.64469178,3.2239167761,259.64469178,0.0229471393,0.0,0.0228755315,0.0098959574,-0.028629614,-0.09748378,-0.219232367,-0.126569411,-0.042067353,1.025739454,0.0170631208,-0.007885342,0.0420066662,0.0215317147,,,,,,,,,,,,,,,,,,,,,,,,,,,,,,,,,,,,,,,,,,,,,,,,,,,,,,,,,,,,,,,,,,,,,,,,,,,,,,,,,,,,,,,,,,,,,,,2.584111651,0.2688920183,0.1161679162,,0.5357427584,0.00501153,528504.1065121,0.55645225,0.00215513,0.53852321,0.00447921,0.00463032,0.00478145,0.01212353,-0.75278796,-0.21987901,0.71875746,0.01261235,-0.81407582,,,0.03363425,0.04982088,0.0245718,-0.06580386,0.04724473,0.01818331,1.17775893,0.76373196,0.71769574,1.2300142134,1.2704996056,296,,,,-1.631456038
20081031,20081031,205211.0,01W,JPN,0.25787,2008,10,20080930,20080930,210.28041783,2.6109779563,210.28041783,0.0205936918,0.0,0.0184004159,-0.18373536,0.0419713592,0.1850881339,-0.120346567,-0.132724407,-0.04846345,0.813008121,0.0414387146,-0.028355712,0.0079486808,0.0219156626,,,,,,,,,,,,,,,,,,,,,,,,,,,,,,,,,,,,,,,,,,,,,,,,,,,,,,,,,,,,,,,,,,,,,,,,,,,,,,,,,,,,,,,,,,,,,,,2.5435786354,0.3641355729,1.0746603416,,0.6003214573,0.0051726,458271.07331886,0.3999787,0.00185286,0.37980141,0.0048044,0.00462548,0.00551059,0.01568678,-0.25103781,0.17844022,2.10134145,0.01384057,0.05015393,,,0.03047409,0.05015756,0.02960836,0.20421555,0.0524768,0.01850287,1.18082382,0.6185294,0.71542881,1.2473092553,1.1276964167,297,,,,-1.636072276
20081128,20081130,205211.0,01W,JPN,-0.069329,2008,11,20081031,20081031,264.50538889,3.2842703417,264.50538889,0.0163718786,0.0,0.0184004159,0.2578698084,-0.17565764,-0.166600078,-0.248375305,-0.320241902,-0.297295464,0.5830299301,0.0561484631,-0.010017408,0.0010947193,0.0191001744,,,,,,,,,,,,,,,,,,,,,,,,,,,,,,,,,,,,,,,,,,,,,,,,,,,,,,,,,,,,,,,,,,,,,,,,,,,,,,,,,,,,,,,,,,,,,,,1.8985846831,0.0543025375,0.1278715084,,0.4110215054,0.00318135,560411.9814666,0.73687907,0.00231107,0.75540452,0.00435661,0.00437955,0.01858443,0.05413951,-1.2386106,0.35727536,2.12133883,0.05556755,-1.57131694,,,0.14578613,0.25995029,0.09401079,0.62228278,0.06263065,0.02498012,1.02857413,0.77802946,0.72611754,1.3365112065,3.8162357078,298,,,,-1.716345396
20081230,20081231,205211.0,01W,JPN,-0.010036,2008,12,20081128,20081130,246.16751526,3.0565754175,246.16751526,0.0175914768,0.0,0.0184004159,-0.069328923,0.0267546461,0.0072288796,-0.064167063,-0.190410044,-0.227717911,0.9018176057,-0.10363099,-0.006899038,0.1524337549,0.0093655891,,,,,,,,,,,,,,,,,,,,,,,,,,,,,,,,,,,,,,,,,,,,,,,,,,,,,,,,,,,,,,,,,,,,,,,,,,,,,,,,,,,,,,,,,,,,,,,1.8767771626,0.2426288134,0.5442806194,,0.6851311953,0.00301718,652992.66742768,0.75751577,0.00266708,0.74813702,0.00401593,0.00417707,0.01600647,0.03274143,1.30127037,-0.17755029,1.5128724,0.03288271,2.05372352,,,0.0556199,0.09211326,0.04501521,0.51563809,0.0605989,0.02634394,1.01463023,0.72408951,0.72571076,1.308075442,1.4027124344,299,,,,-1.712515531
20090130,20090131,205211.0,01W,JPN,-0.083079,2009,1,20081230,20081231,243.69703166,3.0259002919,243.69703166,0.0177698107,0.0,0.0184004159,-0.010035782,0.1706630499,-0.00432254,0.1324356786,-0.159428819,-0.103293931,0.6270409093,-0.044696113,-0.003748099,0.0985057269,0.0108276845,,,,,,,,,,,,,,,,,,,,,,,,,,,,,,,,,,,,,,,,,,,,,,,,,,,,,,,,,,,,,,,,,,,,,,,,,,,,,,,,,,,,,,,,,,,,,,,1.7942838111,0.1394939042,0.289244435,,0.6181917211,0.00549078,627840.07887758,0.80498394,0.00258396,0.78786225,0.00409745,0.00420698,0.01418617,0.01593557,-0.16816858,-0.07359402,1.16052722,0.01631648,-0.17159493,,,0.04137726,0.05550698,0.032718,-0.09286912,0.06862291,0.02657642,1.01809347,0.7817189,0.72519262,1.2892195305,1.0243274846,300,,,,-1.704961765
20090227,20090228,205211.0,01W,JPN,-0.207753,2009,2,20090130,20090131,223.4508551,2.7745106416,223.4508551,0.0193798772,0.0,0.0184004159,-0.083079291,-0.078668935,-0.044657661,-0.034160721,-0.12893122,-0.116280831,0.4929687666,0.0102722116,-0.012234599,0.0368700858,0.0144811846,,,,,,,,,,,,,,,,,,,,,,,,,,,,,,,,,,,,,,,,,,,,,,,,,,,,,,,,,,,,,,,,,,,,,,,,,,,,,,,,,,,,,,,,,,,,,,,1.7825813365,0.1513482054,0.1694810851,,0.5461890654,0.00586615,591668.16366853,0.89589193,0.00244813,0.87092489,0.00422361,0.00436817,0.00840098,0.02291374,-0.05984295,0.18654556,1.22647963,0.02447285,-0.4953536,,,0.03747075,0.06750669,0.03509013,0.132911,0.0801528,0.02690696,1.02874533,0.76825304,0.72214921,1.304868648,0.9243070758,301,,,,-1.703037852
20090331,20090331,205211.0,01W,JPN,0.091841,2009,3,20090227,20090228,169.88874248,2.1980963648,169.88874248,0.0254899181,-0.040329273,0.0595654621,-0.207753493,-0.092281307,-0.132610475,-0.149105599,-0.209420001,-0.09748378,0.5906460439,-0.230903208,-0.01013008,0.158507108,0.00483323,,,,,,,,,,,,,,,,,,,,,,,,,,,,,,,,,,,,,,,,,,,,,,,,,,,,,,,,,,,,,,,,,,,,,,,,,,,,,,,,,,,,,,,,,,,,,,,1.7844570764,0.1279813301,0.0859522982,,0.5133442266,0.00597772,569336.51570211,0.96270166,0.00239837,0.91092711,0.00434187,0.00451481,0.00821411,0.02606556,0.22014672,0.05361377,0.76037598,0.02661521,-0.14893605,,,0.02420402,0.06649917,0.02805586,1.04291779,0.0952431,0.02758542,0.99109235,0.60864578,0.72115697,1.3209781767,0.5928526953,302,,,,-1.703904702
20090430,20090430,205211.0,01W,JPN,-0.135937,2009,4,20090331,20090331,185.49154957,2.399972446,185.49154957,0.0102074582,-0.040329273,0.0490205465,0.0918413243,-0.273572771,-0.158132929,-0.283971534,-0.185623645,0.1850881339,-0.186415297,0.160721897,-0.01639195,-0.052883841,0.0073558031,,,,,,,,,,,,,,,,,,,,,,,,,,,,,,,,,,,,,,,,,,,,,,,,,,,,,,,,,,,,,,,,,,,,,,,,,,,,,,,,,,,,,,,,,,,,,,,1.5132757325,0.2115694466,0.1064070885,,0.6733261339,0.00501012,547114.61839925,1.01329255,0.00240552,0.90524839,0.00434124,0.00466799,0.00663257,0.03372637,-0.0760533,-0.12466336,2.01289122,0.03537087,-0.23095511,,,0.06190625,0.07194932,0.04662224,-0.1732632,0.11013553,0.02838456,1.04770112,0.66454462,0.72847475,1.3433078328,1.4754842307,303,,,,-1.708500071
20090529,20090531,205211.0,01W,JPN,0.393973,2009,5,20090430,20090430,160.2763626,2.0737271043,160.2763626,0.0118133279,-0.040329273,0.0490205465,-0.13593712,-0.134992524,-0.269252468,-0.242276655,-0.233951078,-0.166600078,-0.076930974,0.0407848919,-0.032457587,-0.056203825,0.0107865313,,,,,,,,,,,,,,,,,,,,,,,,,,,,,,,,,,,,,,,,,,,,,,,,,,,,,,,,,,,,,,,,,,,,,,,,,,,,,,,,,,,,,,,,,,,,,,,1.3623840352,0.1565562709,-0.463795655,,0.5774493706,0.00547054,410563.50113174,0.96052582,0.00185478,0.78748803,0.00496346,0.00473265,0.00795015,0.02495486,-1.21911279,0.1217432,1.65171745,0.0259408,-1.02333031,,,0.04183422,0.06726812,0.03658812,0.10839015,0.11394731,0.02838233,0.97117183,0.57420834,0.72591147,1.3502354706,0.9895192024,304,,,,-1.706540922
20090630,20090630,205211.0,01W,JPN,0.082659,2009,6,20090529,20090531,223.42094223,2.8907198545,223.42094223,0.0084745737,-0.040329273,0.0490205465,0.3939731262,-0.05658044,-0.321552123,-0.351694983,-0.364023783,0.0072288796,0.1033456188,-0.058531679,0.008679213,-0.043674883,0.0135124171,,,,,,,,,,,,,,,,,,,,,,,,,,,,,,,,,,,,,,,,,,,,,,,,,,,,,,,,,,,,,,,,,,,,,,,,,,,,,,,,,,,,,,,,,,,,,,,1.5338385805,-0.047643452,-0.818966138,,0.3743760399,0.00575834,274298.93913888,0.4725229,0.001381,0.48361323,0.00573107,0.00483452,0.00494876,0.02139188,0.31354978,-0.30671804,2.63233758,0.01922844,0.62394912,,,0.06664544,0.07521525,0.03917186,-0.10799696,0.12627579,0.0286875,0.99040738,0.80043099,0.71856621,1.3430431013,1.5431604783,305,,,,-1.709320498
20090731,20090731,205211.0,01W,JPN,-0.030064,2009,7,20090630,20090630,241.88860223,3.1296626809,241.88860223,0.0078275587,-0.040329273,0.0490205465,0.0826585897,0.2044804345,-0.044674452,0.1071406587,-0.058349882,-0.00432254,-0.030350407,0.0317610954,0.013306258,-0.070897444,0.0130369596,,,,,,,,,,,,,,,,,,,,,,,,,,,,,,,,,,,,,,,,,,,,,,,,,,,,,,,,,,,,,,,,,,,,,,,,,,,,,,,,,,,,,,,,,,,,,,,1.5478163182,0.0992146334,0.0355367309,,0.6754966887,0.00574088,270612.75443964,0.44618749,0.00136452,0.47040778,0.00580516,0.00495957,0.00782464,0.01850207,0.10660816,-0.26491168,0.85283102,0.01513722,-0.00347495,,,0.03229144,0.03925907,0.02566015,-1.03964587,0.12112796,0.02862466,0.98483021,0.86659349,0.71617093,1.354108637,0.7460765489,306,,,,-1.710271547
20090831,20090831,205211.0,01W,JPN,-0.090842,2009,8,20090731,20090731,234.61636143,3.0355711842,234.61636143,0.0080701841,-0.040329273,0.0490205465,-0.030064421,0.5091969789,0.12800529,-0.047075193,-0.011897625,-0.044657661,0.1532994587,0.0098959574,0.0096734963,0.0051487795,0.0098576724,,,,,,,,,,,,,,,,,,,,,,,,,,,,,,,,,,,,,,,,,,,,,,,,,,,,,,,,,,,,,,,,,,,,,,,,,,,,,,,,,,,,,,,,,,,,,,,1.5017646474,0.057763517,0.0828663702,,0.5738822246,0.00618488,268401.15479693,0.44013356,0.00134988,0.46901019,0.00584673,0.00510772,0.00699718,0.01635601,-0.18541145,-0.07302788,3.24194968,0.01546926,-0.05466107,,,0.03729074,0.07388215,0.02974643,0.03196983,0.11590604,0.02852485,0.99173079,0.84053986,0.7150487,1.3513199688,0.8634027323,307,,,,-1.703617378
20090930,20090930,205211.0,01W,JPN,-0.129541,2009,9,20090831,20090831,213.3034164,2.7598147903,213.3034164,0.0088765443,-0.040329273,0.0490205465,-0.090841683,0.050109086,0.3810000475,-0.006871819,-0.050995657,-0.132610475,0.141983291,-0.18373536,0.0181183761,0.0121721069,0.0089917498,,,,,,,,,,,,,,,,,,,,,,,,,,,,,,,,,,,,,,,,,,,,,,,,,,,,,,,,,,,,,,,,,,,,,,,,,,,,,,,,,,,,,,,,,,,,,,,1.4484604953,0.0416604668,0.1855287132,,0.3823042999,0.00654412,272032.70848769,0.42081586,0.0013456,0.46120878,0.005942,0.00523465,0.00678878,0.00910044,0.15892254,0.21709057,1.6529463,0.00914636,0.40881248,,,0.01653098,0.02610355,0.01705334,-0.18917096,0.10332848,0.02853609,0.93211583,0.7641838,0.71203977,1.345643355,0.3852005983,308,,,,-1.701596656
20091030,20091031,205211.0,01W,JPN,-0.057589,2009,10,20090930,20090930,185.67183917,2.4023051132,185.67183917,,-0.040329273,0.0411650462,-0.129541185,-0.118175001,0.1499360315,-0.087935978,0.0570042476,-0.158132929,0.0371505347,0.2578698084,-0.017100805,-0.02987565,0.010939134,,,,,,,,,,,,,,,,,,,,,,,,,,,,,,,,,,,,,,,,,,,,,,,,,,,,,,,,,,,,,,,,,,,,,,,,,,,,,,,,,,,,,,,,,,,,,,,1.4431340364,0.0303568931,-0.046221633,,0.3600445186,0.00612964,270117.50027369,0.42185459,0.00128343,0.4594584,0.00614177,0.00534346,0.00791991,0.02444711,0.17996763,-0.10017156,1.61527343,0.0244562,0.4895761,,,0.02786948,0.05941328,0.02737523,0.7015165,0.09163463,0.02908274,0.93257104,0.66519053,0.71108183,1.3568143481,0.6511400915,309,,,,-1.706328487
20091130,20091130,205211.0,01W,JPN,-0.112998,2009,11,20091030,20091031,174.9792518,2.2639596461,174.9792518,,-0.040329273,0.0411650462,-0.057588633,-0.208615128,0.1584480466,-0.134151775,-0.268542214,-0.269252468,0.2814396544,-0.069328923,-0.016033506,0.045353316,0.0095500427,,,,,,,,,,,,,,,,,,,,,,,,,,,,,,,,,,,,,,,,,,,,,,,,,,,,,,,,,,,,,,,,,,,,,,,,,,,,,,,,,,,,,,,,,,,,,,,1.4500796907,-0.287859869,0.0063759814,,0.0413019694,0.00558545,274225.69848578,0.36888525,0.00129763,0.37183487,0.00615646,0.00574193,0.00869012,0.02221099,-0.43563716,-0.0716081,0.91594357,0.02052124,0.05351768,,,0.02889104,0.0437447,0.02673805,-0.33652306,0.08258843,0.02397841,1.09770581,0.62688311,0.71019529,1.3384910256,0.8674076824,310,,,,-1.664681219
20091230,20091231,205211.0,01W,JPN,0.106853,2009,12,20091130,20091130,155.20690724,2.0081362286,155.20690724,,-0.040329273,0.0411650462,-0.112998223,-0.179669718,-0.216818038,0.0299637824,-0.259314973,-0.321552123,0.1170088091,-0.010035782,-0.025393728,0.1145887761,0.0001422568,,,,,,,,,,,,,,,,,,,,,,,,,,,,,,,,,,,,,,,,,,,,,,,,,,,,,,,,,,,,,,,,,,,,,,,,,,,,,,,,,,,,,,,,,,,,,,,1.4607365803,-0.237305891,-0.913433266,,0.0504794134,0.00604018,257362.48061819,0.397763,0.00125555,0.39176701,0.00621824,0.00617338,0.01001167,0.01859509,-0.94655353,-0.40731799,1.26738771,0.01831257,-1.1279343,,,0.02518362,0.03718095,0.02577488,-0.23213934,0.08491352,0.02276128,1.10093905,0.59998143,0.70907054,1.393626869,0.7910779691,311,,,,-1.662575131
20100129,20100131,205211.0,01W,JPN,0.012649,2010,1,20091230,20091231,171.7912577,2.2227119558,171.7912577,,-0.040329273,0.0411650462,0.1068531727,-0.164079443,-0.35835378,-0.163266965,-0.336350826,-0.044674452,-0.040523861,-0.083079291,-0.00812714,0.0770585872,-0.000139962,,,,,,,,,,,,,,,,,,,,,,,,,,,,,,,,,,,,,,,,,,,,,,,,,,,,,,,,,,,,,,,,,,,,,,,,,,,,,,,,,,,,,,,,,,,,,,,1.4363506351,-0.243478003,-1.763332741,,0.0500553097,0.00584521,236788.29283842,0.38454006,0.0012463,0.42597028,0.00623872,0.00618396,0.00970209,0.01789902,-0.54542876,0.11414636,1.56852931,0.0170271,-0.51163752,,,0.03294247,0.04389378,0.02141583,0.16582127,0.0898417,0.02294994,1.08886627,0.66409135,0.7049882,1.4430267357,1.0599187835,312,,,,-1.671374655
20100226,20100228,205211.0,01W,JPN,0.044556,2010,2,20100129,20100131,173.96418189,2.2508262187,173.96418189,,-0.040329273,0.0411650462,0.0126486308,-0.018219269,-0.267778016,0.0718440007,-0.198881445,0.12800529,-0.229482626,-0.207753493,0.0119094163,0.0523796077,-0.003006922,,,,,,,,,,,,,,,,,,,,,,,,,,,,,,,,,,,,,,,,,,,,,,,,,,,,,,,,,,,,,,,,,,,,,,,,,,,,,,,,,,,,,,,,,,,,,,,1.4341115186,-0.105594365,-0.463563579,,0.1327754533,0.00676016,229223.96853924,0.41645577,0.00125093,0.4341822,0.00632399,0.00624375,0.00527356,0.01268569,-1.0222889,0.06578408,1.2425961,0.01283197,-0.55801551,,,0.02281317,0.0558029,0.02187842,-0.02677318,0.08843808,0.02229317,1.26644732,0.67249119,0.70744859,1.4950398565,0.7565493251,313,,,,-1.678158354
20100331,20100331,205211.0,01W,JPN,0.085671,2010,3,20100226,20100228,181.71540228,2.3511149671,181.71540228,,0.0,-2.08167e-16,0.0445564156,0.1208533498,-0.184428525,-0.221361345,0.0239888727,0.3810000475,-0.473050984,0.0918413243,0.0076107883,-0.025135536,-0.004282708,,,,,,,,,,,,,,,,,,,,,,,,,,,,,,,,,,,,,,,,,,,,,,,,,,,,,,,,,,,,,,,,,,,,,,,,,,,,,,,,,,,,,,,,,,,,,,,1.4180977028,-0.02171537,-0.184120688,,0.1894542354,0.00703821,213788.54942397,0.50206553,0.00120382,0.49947542,0.00636726,0.00630705,0.00566958,0.01448252,1.18922177,-0.04213243,-0.25907281,0.01421843,0.62720956,,,0.02712305,0.03310961,0.01776787,0.50896894,0.10163408,0.02141012,1.37606393,0.70245499,0.70708313,1.4900960677,0.9230700206,314,,,,-1.679960892
20100430,20100430,205211.0,01W,JPN,-0.028145,2010,4,20100331,20100331,195.1341278,2.5247324261,195.1341278,0.0106910892,0.0,0.0109530126,0.0856712183,0.0577686241,-0.021308761,-0.248764098,-0.020357517,0.1499360315,-0.445048693,-0.13593712,0.0277570008,-0.018465816,-0.003636928,,,,,,,,,,,,,,,,,,,,,,,,,,,,,,,,,,,,,,,,,,,,,,,,,,,,,,,,,,,,,,,,,,,,,,,,,,,,,,,,,,,,,,,,,,,,,,,1.4318726759,-0.072953545,0.1796331158,,0.1552112676,0.00756237,186044.05961513,0.57337922,0.00107079,0.58360174,0.0066072,0.00653471,0.00516935,0.01199201,0.64426202,0.08684835,1.07958703,0.01177642,0.45927775,,,0.02986807,0.04628206,0.01902538,0.35864195,0.11303203,0.0193194,1.45720993,0.75432759,0.71800979,1.5372392414,1.1198432882,315,,,,-1.658681413
20100531,20100531,205211.0,01W,JPN,-0.16368,2010,5,20100430,20100430,189.64204975,2.4536734694,189.64204975,0.0110007057,0.0,0.0109530126,-0.028145144,0.1340448363,0.1274661433,-0.159124364,0.2308938073,0.1584480466,-0.47224375,0.3939731262,-0.010617387,-0.01369014,-0.005083007,,,,,,,,,,,,,,,,,,,,,,,,,,,,,,,,,,,,,,,,,,,,,,,,,,,,,,,,,,,,,,,,,,,,,,,,,,,,,,,,,,,,,,,,,,,,,,,1.4196300924,0.0882310319,0.3784549132,,0.4953974895,0.00682783,165563.9670309,0.60766258,0.00095424,0.63286833,0.00687393,0.00667743,0.00489292,0.01344408,-0.08405237,0.01986154,3.61903366,0.01411863,-0.01854121,,,0.03052777,0.0438431,0.02555727,-0.80357584,0.11382834,0.0180657,1.40293789,0.73309693,0.71788774,1.5066057548,1.1965972781,316,,,,-1.663196999
20100630,20100630,205211.0,01W,JPN,0.045944,2010,6,20100531,20100531,158.60147387,2.0520566465,158.60147387,0.013153701,0.0,0.0109530126,-0.163679816,0.0551148459,0.2353227191,-0.101136672,-0.14184133,-0.216818038,-0.282837502,0.0826585897,-0.033011788,-0.076127476,0.0089602815,,,,,,,,,,,,,,,,,,,,,,,,,,,,,,,,,,,,,,,,,,,,,,,,,,,,,,,,,,,,,,,,,,,,,,,,,,,,,,,,,,,,,,,,,,,,,,,1.4517605921,-0.235133767,0.5284268943,,0.0807540799,0.00652837,162791.38976993,0.60947773,0.00092262,0.62645815,0.00694249,0.00672455,0.00405529,0.01107277,0.30832066,-0.17896289,1.01199249,0.00870284,-0.26420844,,,0.0049724,0.01448134,0.01406075,-0.27905799,0.10536278,0.01705801,1.3668108,0.61310376,0.71659004,1.4288047022,0.2146399229,317,,,,-1.59608447
20100730,20100731,205211.0,01W,JPN,-0.101469,2010,7,20100630,20100630,165.88824364,2.1463361256,165.88824364,0.0125759145,0.0,0.0109530126,0.0459438969,-0.187218168,-0.066610325,-0.136389304,-0.337099042,-0.35835378,-0.223680322,-0.030064421,-0.026101941,-0.029823379,0.0066258373,,,,,,,,,,,,,,,,,,,,,,,,,,,,,,,,,,,,,,,,,,,,,,,,,,,,,,,,,,,,,,,,,,,,,,,,,,,,,,,,,,,,,,,,,,,,,,,1.4474332214,-0.415037345,-0.200422978,,0.055015282,0.00722044,136472.99339563,0.61920454,0.00076786,0.61121969,0.00720329,0.0068513,0.00452451,0.00945458,0.25819935,-0.28790858,0.81905385,0.00975943,0.56450412,,,0.02223021,0.03258695,0.01643133,-0.38653169,0.11914301,0.01644643,1.24460467,0.68313554,0.71415969,1.3518310435,0.9924234078,318,,,,-1.578485549
20100831,20100831,205211.0,01W,JPN,-0.086092,2010,8,20100730,20100731,149.05568213,1.928548933,149.05568213,0.0139960875,0.0,0.0109530126,-0.101469285,-0.125256008,-0.035921045,-0.041513751,-0.285151275,-0.267778016,-0.198957295,-0.090841683,-0.027068087,0.0026469583,0.0043543444,,,,,,,,,,,,,,,,,,,,,,,,,,,,,,,,,,,,,,,,,,,,,,,,,,,,,,,,,,,,,,,,,,,,,,,,,,,,,,,,,,,,,,,,,,,,,,,1.4226952879,-0.248130361,-0.045544186,,0.0829282242,0.00687398,124835.22174937,0.64574089,0.0007134,0.62865825,0.0072412,0.00689837,0.00643972,0.01126438,0.43212493,-0.29766524,0.43641071,0.01094596,0.50558571,,,0.01288259,0.02656051,0.01355717,0.36706381,0.12364141,0.01594549,1.08366303,0.63593196,0.71094361,1.2825486193,0.6118463416,319,,,,-1.526313352
20100930,20100930,205211.0,01W,JPN,0.079884,2010,9,20100831,20100831,136.22317808,1.762516269,136.22317808,0.0153145478,0.0,0.0109530126,-0.086092015,-0.060187283,-0.17069625,-0.029055683,-0.293507497,-0.184428525,-0.323756044,-0.129541185,-0.023118162,-0.008454424,0.0015503251,,,,,,,,,,,,,,,,,,,,,,,,,,,,,,,,,,,,,,,,,,,,,,,,,,,,,,,,,,,,,,,,,,,,,,,,,,,,,,,,,,,,,,,,,,,,,,,1.4313346408,-0.215133557,-0.386115878,,0.0919171287,0.00678635,121039.6963879,0.62878887,0.00071665,0.59808717,0.00718779,0.00691355,0.00584301,0.01933689,0.66836047,0.0471016,1.01851676,0.01874925,0.2783517,,,0.02720294,0.05114615,0.02246775,0.98978168,0.13159471,0.01666414,1.05799819,0.63465622,0.70307914,1.2872570588,1.2670032589,320,,,,-1.557207349
20101029,20101031,205211.0,01W,JPN,-0.236771,2010,10,20100930,20100930,147.10526629,1.9033135825,147.10526629,0.0141816566,0.0,0.0109530126,0.0798842632,-0.178825605,-0.301899777,-0.198309418,-0.258242747,-0.021308761,-0.528634446,-0.057588633,-0.010620626,0.0300733118,-0.010550918,,,,,,,,,,,,,,,,,,,,,,,,,,,,,,,,,,,,,,,,,,,,,,,,,,,,,,,,,,,,,,,,,,,,,,,,,,,,,,,,,,,,,,,,,,,,,,,1.3525072298,-0.171479306,-0.895259283,,0.1284377658,0.00706048,119714.86336228,0.66791624,0.00073666,0.62313601,0.00711172,0.00699018,0.00679706,0.03174313,2.04372484,-0.13517437,4.12492126,0.02868553,1.16807316,,,0.05089321,0.11185824,0.03591858,1.38377441,0.15266563,0.01764742,1.15421872,0.73647931,0.70277924,1.3500564518,2.2666153597,321,,,,-1.61749655
20101130,20101130,205211.0,01W,JPN,0.101035,2010,11,20101029,20101031,112.27502988,1.4526644405,112.27502988,0.018581125,0.0,0.0109530126,-0.236770833,-0.013085149,-0.224300378,-0.145080517,-0.15003998,0.1274661433,-0.504467445,-0.112998223,-0.021872681,0.0111031314,-0.007781784,,,,,,,,,,,,,,,,,,,,,,,,,,,,,,,,,,,,,,,,,,,,,,,,,,,,,,,,,,,,,,,,,,,,,,,,,,,,,,,,,,,,,,,,,,,,,,,1.3220530382,0.0504889329,-0.294486879,,0.1808171544,0.00604794,115670.82929788,0.61272384,0.00077967,0.67811956,0.00694898,0.00705844,0.00489433,0.01865746,-0.96863075,-0.0666733,2.49457656,0.01887025,-0.89924994,,,0.02747206,0.0486418,0.03294051,-0.15803265,0.17319597,0.01814634,1.14591806,0.56210249,0.70322266,1.4159407592,1.1783360812,322,,,,-1.638526497
20101230,20101231,205211.0,01W,JPN,0.086094,2010,12,20101130,20101130,123.61873447,1.5994343527,123.61873447,0.0168760534,0.0,0.0109530126,0.1010349728,-0.175800833,-0.292093402,-0.375333419,-0.268643767,0.2353227191,-0.60545818,0.1068531727,-0.022401609,0.0739541787,-0.018655642,,,,,,,,,,,,,,,,,,,,,,,,,,,,,,,,,,,,,,,,,,,,,,,,,,,,,,,,,,,,,,,,,,,,,,,,,,,,,,,,,,,,,,,,,,,,,,,1.3160929477,-0.10779906,-0.412658342,,0.077885162,0.00552178,120651.05631157,0.70214236,0.00088033,0.79557429,0.00671254,0.00698101,0.00456496,0.01827197,0.36833872,-0.09148659,2.32952414,0.01814582,0.42541025,,,0.03567266,0.0539297,0.02469602,0.31997079,0.17816288,0.0182153,1.2038725,0.6188945,0.70292414,1.4512622308,1.5336146441,323,,,,-1.643386025
20110131,20110131,205211.0,01W,JPN,-0.093426,2011,1,20101230,20101231,134.26152998,1.7371355905,134.26152998,0.0155383033,0.0,0.0109530126,0.0860937103,-0.159657995,-0.254807141,-0.36649352,-0.272488158,-0.066610325,-0.700780134,0.0126486308,-0.015724783,0.020843046,-0.021841182,,,,,,,,,,,,,,,,,,,,,,,,,,,,,,,,,,,,,,,,,,,,,,,,,,,,,,,,,,,,,,,,,,,,,,,,,,,,,,,,,,,,,,,,,,,,,,,1.0554788092,-0.173818901,-0.30062501,,0.0526915409,0.00369965,185890.66499387,1.21246221,0.0013938,1.23927318,0.00588916,0.00663515,0.00591453,0.01433857,-0.11765904,0.10404098,-0.61480583,0.01299567,-0.59408761,,,0.02262251,0.02634553,0.01540495,-0.20844771,0.15945524,0.01786808,1.33296842,0.67217742,0.70440195,1.4685187643,0.9901603831,324,,,,-1.645213254
20110228,20110228,205211.0,01W,JPN,0.116207,2011,2,20110131,20110131,121.71803274,1.5748422256,121.71803274,0.0171395834,0.0,0.0109530126,-0.093425848,0.1958271588,-0.099252521,-0.292026583,-0.219723395,-0.035921045,-0.729709033,0.0445564156,-0.028268625,-0.039169183,-0.018848763,,,,,,,,,,,,,,,,,,,,,,,,,,,,,,,,,,,,,,,,,,,,,,,,,,,,,,,,,,,,,,,,,,,,,,,,,,,,,,,,,,,,,,,,,,,,,,,1.0125446672,-0.142212897,-0.12033029,,0.0466261222,0.00466601,222656.02233533,1.07748556,0.00169377,1.07721085,0.00557203,0.00643387,0.00443109,0.01963527,-1.67514326,0.05998766,2.55210851,0.01873198,-1.29098104,,,0.01878193,0.03547279,0.02272038,-0.74534749,0.15104438,0.0183662,1.28250831,0.60937868,0.70084901,1.5017475255,0.8191324346,325,,,,-1.655065288
20110331,20110331,205211.0,01W,JPN,-0.134603,2011,3,20110228,20110228,135.86256494,1.7578504953,135.86256494,0.0153551964,0.0,0.0109530126,0.1162073678,-0.015375515,-0.106480744,-0.232554214,-0.322795216,-0.17069625,-0.691254257,0.0856712183,-0.025492612,-0.011362229,-0.018419823,,,,,,,,,,,,,,,,,,,,,,,,,,,,,,,,,,,,,,,,,,,,,,,,,,,,,,,,,,,,,,,,,,,,,,,,,,,,,,,,,,,,,,,,,,,,,,,1.0375218584,-0.322374654,-0.244499005,,0.0188024299,0.00462683,259421.40160537,0.92891895,0.00197817,0.92255364,0.00526628,0.00625077,0.0044069,0.01393973,0.67697851,-0.02299259,1.65667706,0.0138056,-0.20595029,,,0.0263868,0.04878784,0.01782018,0.49346793,0.12788101,0.01828041,1.38280263,0.68019297,0.69581737,1.541939162,1.1475533777,326,,,,-1.6669473
20110428,20110430,205211.0,01W,JPN,-0.023722,2011,4,20110331,20110331,114.68390677,1.4838315647,114.68390677,0.0245489142,0.0,0.0248975542,-0.134602692,0.0119247484,-0.076426233,-0.180999437,-0.303747804,-0.301899777,-0.695124023,-0.028145144,-0.035170571,-0.029597015,-0.017075305,,,,,,,,,,,,,,,,,,,,,,,,,,,,,,,,,,,,,,,,,,,,,,,,,,,,,,,,,,,,,,,,,,,,,,,,,,,,,,,,,,,,,,,,,,,,,,,1.0370247178,-0.323368349,-0.204875356,,0.022642591,0.00394323,303209.14662269,0.78142191,0.00241414,0.78839895,0.00478475,0.00587908,0.00664183,0.05112838,2.043882,-0.92190129,2.80137632,0.04067523,0.03241743,,,0.06187515,0.18177754,0.06776253,-0.39165646,0.09453647,0.02337101,1.88265553,0.57416248,0.71713825,1.5458874677,2.07267822,327,,,,-1.692646607
20110531,20110531,205211.0,01W,JPN,-0.175746,2011,5,20110428,20110430,111.96342391,1.4486327434,111.96342391,0.0251454028,0.0,0.0248975542,-0.023721575,-0.034037148,0.0472061163,-0.211200161,-0.380015676,-0.224300378,-0.694061964,-0.163679816,-0.022447094,0.0783487009,-0.026811875,,,,,,,,,,,,,,,,,,,,,,,,,,,,,,,,,,,,,,,,,,,,,,,,,,,,,,,,,,,,,,,,,,,,,,,,,,,,,,,,,,,,,,,,,,,,,,,1.0432454193,-0.283347274,-0.040655918,,0.0532577904,0.00599124,298988.99978989,0.79898338,0.00241136,0.78638681,0.00475952,0.00580491,0.00505728,0.01440269,0.52274373,-0.66555637,2.25385839,0.01295448,0.677898,,,0.02385674,0.03493341,0.02284714,-0.62353246,0.08470049,0.0233682,1.88014988,0.61009164,0.71897377,1.5245950911,0.8033355774,328,,,,-1.695452943
20110630,20110630,205211.0,01W,JPN,0.192641,2011,6,20110531,20110531,92.286306996,1.1940414237,92.286306996,0.0305068594,0.0,0.0248975542,-0.175745938,-0.155131279,-0.071451168,-0.157367835,-0.276261256,-0.292093402,-0.70311373,0.0459438969,-0.042600716,-0.055502265,-0.015223118,,,,,,,,,,,,,,,,,,,,,,,,,,,,,,,,,,,,,,,,,,,,,,,,,,,,,,,,,,,,,,,,,,,,,,,,,,,,,,,,,,,,,,,,,,,,,,,1.0233564073,-0.116310518,-0.173263523,,0.0488571429,0.00571213,287105.41450609,0.85405675,0.00235156,0.83017618,0.00473328,0.00575243,0.00935516,0.0212102,-0.42967346,-0.09386604,0.58569027,0.01986288,0.44849657,,,0.01722817,0.03467394,0.02233646,-0.00628778,0.10070267,0.02393334,1.90294792,0.54481352,0.71607034,1.5479926164,0.5737234435,329,,,,-1.697434713
20110729,20110731,205211.0,01W,JPN,0.009914,2011,7,20110630,20110630,110.06444709,1.4240629338,110.06444709,0.0255792444,0.0,0.0248975542,0.1926411476,-0.195298542,-0.295309291,-0.356835719,-0.429659084,-0.254807141,-0.622128184,-0.101469285,-0.015863403,-0.022339463,-0.013143217,,,,,,,,,,,,,,,,,,,,,,,,,,,,,,,,,,,,,,,,,,,,,,,,,,,,,,,,,,,,,,,,,,,,,,,,,,,,,,,,,,,,,,,,,,,,,,,1.0385818869,-0.323252741,-0.428144772,,0.0144287397,0.00598578,221898.82754502,0.75457349,0.00190206,0.75858505,0.00514203,0.00566408,0.00605843,0.01709722,0.56666875,0.12671931,2.41985164,0.0170809,0.19220436,,,0.03364996,0.046155,0.019727,0.18721939,0.12928196,0.02438321,1.95398315,0.64976702,0.71295433,1.591198965,1.1099125055,330,,,,-1.710359675
20110831,20110831,205211.0,01W,JPN,-0.081444,2011,8,20110729,20110731,111.15565982,1.4381815312,111.15565982,0.0253281335,0.0,0.0248975542,0.0099143072,-0.016960689,-0.072946064,0.0050247278,-0.242972963,-0.099252521,-0.638002993,-0.086092015,-0.007135556,-0.039298637,-0.012497012,,,,,,,,,,,,,,,,,,,,,,,,,,,,,,,,,,,,,,,,,,,,,,,,,,,,,,,,,,,,,,,,,,,,,,,,,,,,,,,,,,,,,,,,,,,,,,,1.0293215887,-0.074265815,0.0889576582,,0.0605608592,0.00589633,188053.78413601,0.78249349,0.00166938,0.80520581,0.00531841,0.00560686,0.00492507,0.01353801,0.45282097,0.14351209,2.30398926,0.0123804,1.21668809,,,0.02167387,0.03726271,0.01599995,0.92619471,0.13742486,0.02440945,1.98167611,0.7360547,0.70994012,1.6052083259,0.7120389589,331,,,,-1.717298263
20110930,20110930,205211.0,01W,JPN,0.021196,2011,9,20110831,20110831,102.1026876,1.3210501366,102.1026876,0.0275738617,0.0,0.0248975542,-0.081444096,0.2044653583,-0.161226614,-0.078150216,-0.163447034,-0.106480744,-0.678190722,0.0798842632,-0.02180177,-0.103040362,-0.009296158,,,,,,,,,,,,,,,,,,,,,,,,,,,,,,,,,,,,,,,,,,,,,,,,,,,,,,,,,,,,,,,,,,,,,,,,,,,,,,,,,,,,,,,,,,,,,,,1.0257268071,-0.01970581,-0.076228945,,0.0678812812,0.00549662,160942.50443993,0.82186576,0.00151678,0.85609714,0.00545333,0.00551462,0.00542473,0.01431568,-0.01767224,-0.03392523,1.43934963,0.01421597,0.01846635,0.01280343,0.52780672,0.0255243,0.03340914,0.02367351,-0.47973057,0.16085394,0.02400706,2.01184742,0.67610739,0.71529896,1.604904814,0.8371419692,332,,,,-1.713226914
20111031,20111031,205211.0,01W,JPN,-0.00181,2011,10,20110930,20110930,104.26685412,1.3490510888,104.26685412,0.0270015377,0.0,0.0248975542,0.02119598,-0.072337251,-0.109703441,-0.220352209,-0.288423128,-0.076426233,-0.606904589,-0.236770833,0.001649758,0.0415636042,-0.01799124,,,,,,,,,,,,,,,,,,,,,,,,,,,,,,,,,,,,,,,,,,,,,,,,,,,,,,,,,,,,,,,,,,,,,,,,,,,,,,,,,,,,,,,,,,,,,,,1.0138771365,-0.166083922,-0.080927316,,0.0375036625,0.00421821,134982.41755744,0.6928673,0.00132473,0.73122902,0.00562342,0.00529652,0.0070611,0.02722984,-0.69191434,-0.11735784,1.31185784,0.02868552,-0.56359053,0.02737616,-0.28690778,0.03361582,0.03935992,0.02803556,-0.38976955,0.17071329,0.02378316,1.95695286,0.6938512,0.71167939,1.533895394,1.1277162311,333,,,,-1.706139245
20111130,20111130,205211.0,01W,JPN,-0.04361,2011,11,20111031,20111031,104.07814319,1.3466094625,104.07814319,0.027050496,0.0,0.0248975542,-0.001809884,-0.061974403,-0.068741822,-0.121778194,-0.047914477,0.0472061163,-0.675488719,0.1010349728,-0.007699774,-0.045658254,-0.013728011,,,,,,,,,,,,,,,,,,,,,,,,,,,,,,,,,,,,,,,,,,,,,,,,,,,,,,,,,,,,,,,,,,,,,,,,,,,,,,,,,,,,,,,,,,,,,,,1.0190402637,0.1498344708,0.1312211814,,0.2101449275,0.00395412,155493.9051161,0.93602033,0.00153373,0.92384593,0.00518647,0.00509669,0.0063312,0.01405896,0.38690177,0.10517246,2.08250903,0.01393708,-0.03087668,,,0.03064055,0.06392716,0.02518362,0.58382422,0.16404102,0.02288616,1.93920856,0.73672497,0.7121188,1.4470323788,1.0568838779,334,,,,-1.695982198
20111230,20111231,205211.0,01W,JPN,-0.031041,2011,12,20111130,20111130,99.539337673,1.2878843713,99.539337673,0.0282839474,0.0,0.0248975542,-0.043609593,0.0193477335,0.1277744941,-0.214633095,-0.136846347,-0.071451168,-0.62132382,0.0860937103,-0.019490984,-0.014197895,-0.013008741,,,,,,,,,,,,,,,,,,,,,,,,,,,,,,,,,,,,,,,,,,,,,,,,,,,,,,,,,,,,,,,,,,,,,,,,,,,,,,,,,,,,,,,,,,,,,,,1.0176517866,0.06972767,0.6376555275,,0.140159339,0.00433804,166858.80851235,0.85854863,0.00164877,0.84012786,0.00495638,0.00497553,0.00684474,0.01573511,-0.1236074,0.4210913,0.69769357,0.01524788,-0.2670696,,,0.02315633,0.04469739,0.01922507,1.17157326,0.14272388,0.02267608,1.89885319,0.70459669,0.7069282,1.4003616634,0.8086981242,335,,,,-1.697970246
20120131,20120131,205211.0,01W,JPN,0.061313,2012,1,20111230,20111231,96.449576126,1.2479076576,96.449576126,0.0291900235,0.0,0.0248975542,-0.031040608,-0.045340549,-0.095626787,-0.132054876,-0.23992574,-0.295309291,-0.567086015,-0.093425848,-0.013819598,-0.006252578,-0.010638504,,,,,,,,,,,,,,,,,,,,,,,,,,,,,,,,,,,,,,,,,,,,,,,,,,,,,,,,,,,,,,,,,,,,,,,,,,,,,,,,,,,,,,,,,,,,,,,1.0194953882,0.1060276059,0.3895513313,,0.1672524897,0.00475467,177801.01499996,0.79164522,0.00176464,0.77205765,0.00477984,0.00509512,0.00867179,0.01708791,-0.04197783,0.11096567,0.1399385,0.01756724,0.09228344,,,0.02534791,0.04486109,0.02011812,0.52108856,0.12451077,0.0228243,1.89410576,0.68272558,0.70588574,1.4003795099,0.8788750713,336,,,,-1.699971133
20120229,20120229,205211.0,01W,JPN,0.632285,2012,2,20120131,20120131,102.36321027,1.3244208952,102.36321027,0.027503684,0.0,0.0248975542,0.0613132207,-0.073296533,-0.132301708,-0.138561748,-0.187621784,-0.072946064,-0.639975504,0.1162073678,-0.018809975,-0.00664389,-0.014774346,,,,,,,,,,,,,,,,,,,,,,,,,,,,,,,,,,,,,,,,,,,,,,,,,,,,,,,,,,,,,,,,,,,,,,,,,,,,,,,,,,,,,,,,,,,,,,,1.0229208793,0.204755778,0.3794536032,,0.2348106839,0.00405283,198807.08262919,0.74064595,0.00198884,0.7090528,0.0044668,0.0050231,0.00349756,0.01081705,-0.03365532,0.29569114,1.7630325,0.00863825,-0.58050937,,,0.01991903,0.02872475,0.01391961,-0.19159293,0.11523774,0.02233486,1.88949818,0.75343205,0.71082741,1.3974735218,0.7009134747,337,,,,-1.70298533
20120330,20120331,205211.0,01W,JPN,0.290177,2012,3,20120229,20120229,167.08593461,2.1618323858,167.08593461,0.0168498049,0.0,0.0248975542,0.6322850189,0.0283694132,0.002551575,0.1091917491,-0.227573867,-0.161226614,-0.643217257,-0.134602692,0.0509070891,-0.014807314,-0.014262715,,,,,,,,,,,,,,,,,,,,,,,,,,,,,,,,,,,,,,,,,,,,,,,,,,,,,,,,,,,,,,,,,,,,,,,,,,,,,,,,,,,,,,,,,,,,,,,1.1775991929,0.1137368719,0.27364554,,0.1664698937,0.00107896,531362.3028338,2.62454931,0.00427621,2.03473602,0.00294699,0.004022,0.00927506,0.03468157,1.90726103,-0.03058298,2.61690025,0.03527887,1.33596782,,,0.0770082,0.1470846,0.03871729,1.73521532,0.08291043,0.02491994,1.89721413,1.0,0.70026688,1.4948540624,2.5046672199,338,,,,-1.716095394
20120427,20120430,205211.0,01W,JPN,-0.085166,2012,4,20120330,20120331,213.21181463,2.7586296057,213.21181463,0.0109327671,0.0,0.0110012088,0.2901765336,0.7323656704,0.6024837041,0.518073629,0.4569257302,-0.109703441,-0.689427871,-0.023721575,0.0794432808,-0.02875357,-0.015921331,,,,,,,,,,,,,,,,,,,,,,,,,,,,,,,,,,,,,,,,,,,,,,,,,,,,,,,,,,,,,,,,,,,,,,,,,,,,,,,,,,,,,,,,,,,,,,,1.2220203964,0.2726630946,0.4484684397,,0.921624714,0.00039666,1488478.50017326,1.89423086,0.00891692,1.61490911,0.00161305,0.00283005,0.01553293,0.03370781,0.18397053,-0.43586633,-0.47638905,0.03231318,1.17849312,,,0.05817456,0.08850784,0.03487849,0.17434911,0.05997496,0.02229879,1.53824077,0.97928422,0.68881144,1.6018639807,2.2629834584,339,,,,-1.706919208
20120531,20120531,205211.0,01W,JPN,-0.186495,2012,5,20120427,20120430,195.05334114,2.5236871722,195.05334114,0.0119505521,0.0,0.0110012088,-0.085166357,1.1059358274,1.071235567,0.9393556051,0.9253640555,-0.068741822,-0.658686098,-0.175745938,0.0876777881,0.071974059,-0.023079926,,,,,,,,,,,,,,,,,,,,,,,,,,,,,,,,,,,,,,,,,,,,,,,,,,,,,,,,,,,,,,,,,,,,,,,,,,,,,,,,,,,,,,,,,,,,,,,1.2174550559,0.3684722275,0.5444213184,,0.9735311227,0.00110064,1828515.05115121,1.53148765,0.01044122,1.3627445,0.00134964,0.00248326,0.00632961,0.0183866,0.07898524,0.1146209,3.24942586,0.01660123,0.30749175,,,0.02605044,0.04338232,0.02355579,0.12201518,0.04476048,0.02258714,1.38384521,0.89588215,0.68933605,1.670568385,1.0092783613,340,,,,-1.717020528
20120629,20120630,205211.0,01W,JPN,0.104961,2012,6,20120531,20120531,158.67684035,2.0530317717,158.67684035,0.0146902038,0.0,0.0110012088,-0.186495143,0.1802968985,0.9812369161,0.9314967611,1.1369476883,0.1277744941,-0.72332378,0.1926411476,0.0532108526,0.0005394488,-0.020962324,,,,,,,,,,,,,,,,,,,,,,,,,,,,,,,,,,,,,,,,,,,,,,,,,,,,,,,,,,,,,,,,,,,,,,,,,,,,,,,,,,,,,,,,,,,,,,,1.266790343,0.516066023,0.6079568525,,0.9787045253,0.00171258,2008044.64214394,1.35454973,0.01137153,1.21400585,0.00122422,0.00232088,0.0141185,0.02084831,-0.57558445,0.78716448,2.39644762,0.01984667,-0.84524302,,,0.03701503,0.09718286,0.0370465,0.95763619,0.03555005,0.02287326,1.47177095,0.72880448,0.69047914,1.7441159073,1.3650336655,341,,,,-1.718039531
20120731,20120731,205211.0,01W,JPN,-0.17603,2012,7,20120629,20120630,175.33170442,2.2685198354,175.33170442,0.0132947725,0.0,0.0110012088,0.1049609006,-0.255778388,0.6633781217,0.5386684112,0.4576197766,-0.095626787,-0.645982136,0.0099143072,0.061851452,-0.032190376,-0.0120652,,,,,,,,,,,,,,,,,,,,,,,,,,,,,,,,,,,,,,,,,,,,,,,,,,,,,,,,,,,,,,,,,,,,,,,,,,,,,,,,,,,,,,,,,,,,,,,1.2800441304,0.4454099951,0.6939607231,,0.9397413286,0.00300642,2087107.19434282,1.2812381,0.01171981,1.16020318,0.00118866,0.00222894,0.01007703,0.0211666,0.36366514,-0.05262553,1.2896873,0.02136414,0.60249191,,,0.04901082,0.07160922,0.03063002,0.44922337,0.02435985,0.02318417,1.5304997,0.80530046,0.6888051,1.7598124588,1.7559699936,342,,,,-1.720070489
20120831,20120831,205211.0,01W,JPN,-0.084632,2012,8,20120731,20120731,144.46799222,1.8691913537,144.46799222,0.0161350281,0.0,0.0110012088,-0.176030412,-0.101108941,0.7317863865,0.7032511208,0.5948015091,-0.132301708,-0.631798542,-0.081444096,0.053252696,-0.067830976,-0.007940982,,,,,,,,,,,,,,,,,,,,,,,,,,,,,,,,,,,,,,,,,,,,,,,,,,,,,,,,,,,,,,,,,,,,,,,,,,,,,,,,,,,,,,,,,,,,,,,1.2952193893,0.4461980143,0.7742260226,,0.9561611374,0.00349348,2078759.10694009,1.27394729,0.01158829,1.16681673,0.00116681,0.00216415,0.00540153,0.01938098,0.15663826,0.0800684,3.30537242,0.0176154,0.24598112,,,0.03151566,0.0558602,0.03217304,-0.0487321,0.02704894,0.02390796,1.60428915,0.66354309,0.6882945,1.8283170548,1.0813612731,343,,,,-1.722112621
20120928,20120930,205211.0,01W,JPN,0.074375,2012,9,20120831,20120831,132.24139564,1.710998191,132.24139564,0.0176268188,0.0,0.0110012088,-0.084631872,-0.089545822,-0.125802603,0.4674207461,0.4305802578,0.002551575,-0.622408844,0.02119598,0.0436319822,-0.05408229,-0.008671725,,,,,,,,,,,,,,,,,,,,,,,,,,,,,,,,,,,,,,,,,,,,,,,,,,,,,,,,,,,,,,,,,,,,,,,,,,,,,,,,,,,,,,,,,,,,,,,1.281870711,0.3630666281,0.4356939325,,0.9330766953,0.00462311,1746548.84805575,1.40910807,0.00928593,1.28518088,0.00138954,0.00208615,0.00853359,0.02349619,1.10336371,-0.21261933,3.05004114,0.02086637,0.87157928,,,0.0394857,0.05903819,0.02940744,0.6458318,0.04281865,0.02461449,1.5864008,0.60738619,0.68396299,1.9464805603,1.3337056207,344,,,,-1.725158362
20121031,20121031,205211.0,01W,JPN,-0.040547,2012,10,20120928,20120930,142.07689945,1.8382543284,142.07689945,0.0164065737,0.0,0.0110012088,0.0743753781,-0.245764501,-0.37976516,0.386260552,0.2823273874,0.6024837041,-0.620874494,-0.001809884,0.0505579151,0.0012372643,-0.013606846,,,,,,,,,,,,,,,,,,,,,,,,,,,,,,,,,,,,,,,,,,,,,,,,,,,,,,,,,,,,,,,,,,,,,,,,,,,,,,,,,,,,,,,,,,,,,,,1.2910205277,0.3479115923,-0.029721671,,0.8565500889,0.00448753,847339.99561387,1.04780927,0.00483028,0.92679182,0.00253348,0.00207441,0.00732879,0.02867093,1.32701062,-0.47267958,1.31978824,0.02864027,1.43009558,,,0.05205416,0.07546894,0.03700773,0.2308889,0.06099065,0.02434847,1.92131667,0.65256077,0.67966943,2.0403746066,1.7160043699,345,,,,-1.726172537
20121130,20121130,205211.0,01W,JPN,0.182413,2012,11,20121031,20121031,136.31606744,1.763718113,136.31606744,0.0170999293,0.0,0.0110012088,-0.040547281,-0.016551021,-0.271599765,0.4033220125,0.3801989721,1.071235567,-0.63661872,-0.043609593,0.0508363072,-0.006285927,-0.013905843,,,,,,,,,,,,,,,,,,,,,,,,,,,,,,,,,,,,,,,,,,,,,,,,,,,,,,,,,,,,,,,,,,,,,,,,,,,,,,,,,,,,,,,,,,,,,,,1.2915984834,0.3446547193,-0.822218007,,0.8853057499,0.0054274,493383.89810997,0.98674932,0.00308781,0.89846504,0.0033784,0.00206329,0.00579174,0.01456685,0.5395841,0.19023364,2.06097355,0.01425532,-0.02459084,,,0.02818456,0.03744288,0.02236102,0.18686554,0.08139215,0.0241959,2.08567063,0.6261012,0.67963584,2.1949405642,0.9356927259,346,,,,-1.727184796
20121228,20121231,205211.0,01W,JPN,0.37005,2012,12,20121130,20121130,161.18194128,2.0854438855,161.18194128,0.0144618876,0.0,0.0110012088,0.1824133744,0.0308123774,-0.140920205,-0.175131117,0.3846182972,0.9812369161,-0.670941746,-0.031040608,0.0702412146,0.0198200276,-0.01854634,,,,,,,,,,,,,,,,,,,,,,,,,,,,,,,,,,,,,,,,,,,,,,,,,,,,,,,,,,,,,,,,,,,,,,,,,,,,,,,,,,,,,,,,,,,,,,,1.324423938,0.3008847438,-0.840194895,,0.8751888788,0.00266521,381361.01022096,0.90187022,0.00247827,0.84188326,0.00382308,0.00199759,0.0061871,0.02028849,0.28077072,0.24901872,3.5775879,0.01730427,-1.24211789,,,0.05600614,0.08161431,0.03150918,0.91509125,0.08799121,0.0243126,2.36813518,0.74031044,0.68038385,2.3462399708,1.8100383561,347,,,,-1.728213762
20130131,20130131,205211.0,01W,JPN,0.188973,2013,1,20121228,20121231,220.82730101,2.857162167,220.82730101,0.0105557379,0.0,0.0110012088,0.3700498905,0.1344697267,-0.080702821,-0.244029035,0.6896386023,0.6633781217,-0.64429372,0.0613132207,0.0983081846,-0.052138155,-0.010354905,,,,,,,,,,,,,,,,,,,,,,,,,,,,,,,,,,,,,,,,,,,,,,,,,,,,,,,,,,,,,,,,,,,,,,,,,,,,,,,,,,,,,,,,,,,,,,,1.4091126747,0.4158149735,0.2400811395,,0.9530544689,0.00153653,530762.39245461,1.24186396,0.00317437,1.04284185,0.00334773,0.00185172,0.00775899,0.03081425,0.21941034,-0.32849175,3.78457825,0.02933629,0.2722669,,,0.05923204,0.08465675,0.03531779,-0.18502772,0.0859328,0.025271,2.35618632,0.99792923,0.67659442,2.4886144558,1.8394344517,348,,,,-1.728211494
20130228,20130228,205211.0,01W,JPN,0.241044,2013,2,20130131,20130131,262.55780338,3.3970900294,262.55780338,0.0088780264,0.0,0.0110012088,0.1889734747,0.6199653142,0.5285552019,0.1321380076,1.1811555128,0.7317863865,-0.604821269,0.6322850189,0.0580071352,-0.009179374,-0.011850946,,,,,,,,,,,,,,,,,,,,,,,,,,,,,,,,,,,,,,,,,,,,,,,,,,,,,,,,,,,,,,,,,,,,,,,,,,,,,,,,,,,,,,,,,,,,,,,1.4391331674,0.4927110872,0.5720530449,,0.9830310123,0.00099434,996887.36683604,1.71944605,0.00509512,1.39249791,0.0024946,0.00167211,0.00710415,0.04140909,1.08697617,0.07921257,3.95427449,0.0410625,0.55953016,,,0.06898806,0.12504246,0.04691475,1.26607403,0.07786946,0.02728498,2.44032702,1.0,0.67203175,2.6351200781,2.0033293919,349,,,,-1.72923781
20130329,20130331,205211.0,01W,JPN,0.375908,2013,3,20130228,20130228,325.8457179,4.2159373103,325.8457179,0.0071536773,0.0,0.0110012088,0.2410437386,0.6289529788,0.9854433788,0.6546699745,0.5887764814,-0.125802603,-0.361514337,0.2901765336,0.0535405174,-0.046998339,0.0057237965,,,,,,,,,,,,,,,,,,,,,,,,,,,,,,,,,,,,,,,,,,,,,,,,,,,,,,,,,,,,,,,,,,,,,,,,,,,,,,,,,,,,,,,,,,,,,,,1.4765060367,0.4284347187,0.6633395407,,0.9380249059,0.00041754,2335393.20815542,1.43692461,0.00932134,1.19707076,0.00145962,0.00146316,0.00862571,0.03024051,0.17251147,0.35244285,1.83651118,0.02808762,-0.00753129,,,0.0672473,0.08731394,0.0401963,0.65488024,0.06003781,0.02643906,2.2372049,0.9710848,0.66553047,2.4465032207,1.9731064149,350,,,,-1.729236979
20130430,20130430,205211.0,01W,JPN,0.075202,2013,4,20130329,20130331,439.08965805,5.6811379443,439.08965805,0.0223791434,0.0,0.0208340888,0.3759077596,0.4755680861,1.293446149,0.8584529192,0.5282723355,-0.37976516,0.0710735343,-0.085166357,0.0954563462,-0.006770485,0.0139094402,,,,,,,,,,,,,,,,,,,,,,,,,,,,,,,,,,,,,,,,,,,,,,,,,,,,,,,,,,,,,,,,,,,,,,,,,,,,,,,,,,,,,,,,,,,,,,,1.5332251757,0.2928687752,1.4996980202,,0.9263373283,0.00043052,3995801.82650886,1.263831,0.01322061,1.007111,0.00097627,0.0015288,0.00977911,0.03294095,1.03590767,0.46335442,8.1681234,0.02998252,0.05240531,,,0.07512485,0.08918489,0.04114639,0.4548201,0.04104344,0.02615227,1.64834096,0.94027255,0.65878959,2.4060767274,2.1635263482,351,,,,-1.729239471
20130531,20130531,205211.0,01W,JPN,-0.237978,2013,5,20130430,20130430,472.11008691,6.1083709885,472.11008691,0.0208138964,0.0,0.0208340888,0.0752020191,0.7075617099,2.2889274178,2.1033424414,1.2985181852,-0.271599765,-0.155823539,-0.186495143,0.1192469973,0.023833066,0.0055389298,,,,,,,,,,,,,,,,,,,,,,,,,,,,,,,,,,,,,,,,,,,,,,,,,,,,,,,,,,,,,,,,,,,,,,,,,,,,,,,,,,,,,,,,,,,,,,,1.4706546112,0.425932053,1.5326064664,,0.9666182874,0.00033348,6425030.83592073,0.98781404,0.01850002,0.77367429,0.00063092,0.00125884,0.014021,0.03707288,0.34380739,-0.34336314,1.61238043,0.02944622,0.22917691,,,0.05654532,0.07344482,0.03876649,-0.52901106,0.0173112,0.0283296,1.70416529,1.0,0.6522482,2.3178955276,1.5835689232,352,,,,-1.729239471
20130628,20130630,205211.0,01W,JPN,-0.098158,2013,6,20130531,20130531,359.75839813,4.654714701,359.75839813,0.0273140265,0.0,0.0208340888,-0.237977734,0.4793788012,1.9907149876,2.6452220213,2.0379307179,-0.140920205,-0.340169466,0.1049609006,0.0880707578,0.0656779888,-0.003430609,,,,,,,,,,,,,,,,,,,,,,,,,,,,,,,,,,,,,,,,,,,,,,,,,,,,,,,,,,,,,,,,,,,,,,,,,,,,,,,,,,,,,,,,,,,,,,,1.5411644846,0.3318317699,0.7724588605,,0.964532872,0.00069781,7773182.60884662,0.75836594,0.02128037,0.60762319,0.00056503,0.00114977,0.01464649,0.02412463,0.02990625,0.15103332,1.30093487,0.01831613,1.49154974,,,0.0319588,0.05303246,0.03341477,0.41796458,0.00671474,0.02879184,1.47211152,0.76202227,0.65136023,2.1313178801,0.8995231163,353,,,,-1.727196281
20130731,20130731,205211.0,01W,JPN,0.15774,2013,7,20130628,20130630,324.44511491,4.1978156838,324.44511491,0.0302869422,0.0,0.0208340888,-0.098158329,-0.180672121,0.663436804,1.5854467634,1.0950703755,-0.080702821,-0.225585264,-0.176030412,0.0951500381,-0.022464576,0.0082980914,,,,,,,,,,,,,,,,,,,,,,,,,,,,,,,,,,,,,,,,,,,,,,,,,,,,,,,,,,,,,,,,,,,,,,,,,,,,,,,,,,,,,,,,,,,,,,,1.5431570494,0.3438065803,0.3959192322,,0.9429156909,0.00094857,8249214.47944464,0.66643814,0.02215871,0.5516641,0.00054593,0.00107229,0.00847232,0.02662605,-0.00776893,0.58452333,2.51952545,0.02582178,-0.07726783,,,0.06398455,0.09117553,0.04740351,0.76272272,0.00525604,0.02924535,1.46337076,0.68722343,0.6540843,2.0455609682,1.7285194688,354,,,,-1.726167328
20130830,20130831,205211.0,01W,JPN,-0.106561,2013,8,20130731,20130731,375.62309359,4.8599792107,375.62309359,0.0261604002,0.0,0.0208340888,0.1577400193,-0.312776566,0.2617242174,1.4302017013,1.2930722155,0.5285552019,-0.381548506,-0.084631872,0.1171838463,-0.062120459,0.0071806375,,,,,,,,,,,,,,,,,,,,,,,,,,,,,,,,,,,,,,,,,,,,,,,,,,,,,,,,,,,,,,,,,,,,,,,,,,,,,,,,,,,,,,,,,,,,,,,1.5668482581,0.1772678717,0.009128108,,0.965,0.00093486,8389648.50547988,0.61992898,0.02156281,0.54235594,0.00054559,0.00099493,0.00916404,0.02753971,0.77258285,-0.06703134,1.84173493,0.02345579,0.4971664,,,0.05348474,0.09627018,0.0357392,0.53733539,0.004443,0.02954084,1.40546881,0.79562607,0.6545981,2.0067649226,1.441361526,355,,,,-1.723102962
20130930,20130930,205211.0,01W,JPN,0.254888,2013,9,20130830,20130831,335.59617629,4.3420930922,335.59617629,0.0292805792,0.0,0.0208340888,-0.106561386,0.0440981935,0.1770323433,1.3794908155,1.9002336752,0.9854433788,-0.439436526,0.0743753781,0.1007350496,-0.053049075,0.0042076065,,,,,,,,,,,,,,,,,,,,,,,,,,,,,,,,,,,,,,,,,,,,,,,,,,,,,,,,,,,,,,,,,,,,,,,,,,,,,,,,,,,,,,,,,,,,,,,1.5983553319,0.278053653,-0.040341446,,0.973345313,0.00225547,7285948.63982917,0.76521134,0.01793546,0.67645884,0.00068923,0.00097374,0.00883321,0.01072092,0.33149651,-0.14315829,1.61998092,0.00952096,0.34112718,,,0.02711212,0.04127334,0.02295825,0.34206575,0.00542668,0.02894594,1.4066361,0.71084305,0.65819698,1.9322712235,0.7373638613,356,,,,-1.722044904
20131031,20131031,205211.0,01W,JPN,-0.111717,2013,10,20130930,20130930,415.88080959,5.3808515057,415.88080959,0.036774742,0.0,0.033390311,0.2548880246,0.0343696387,-0.235700112,0.5517164681,1.4118020658,1.293446149,-0.262180958,-0.040547281,0.1275928047,-0.009574885,0.0061215605,,,,,,,,,,,,,,,,,,,,,,,,,,,,,,,,,,,,,,,,,,,,,,,,,,,,,,,,,,,,,,,,,,,,,,,,,,,,,,,,,,,,,,,,,,,,,,,1.6324556903,0.2122280032,-0.748422166,,0.9659330721,0.00149879,6291114.86973411,0.79728571,0.01542056,0.70389121,0.00084443,0.00091957,0.0074679,0.02285045,0.4079429,0.02466156,5.42116802,0.02418011,0.30980678,,,0.04940114,0.07826869,0.02807923,0.55720414,0.00591568,0.02853406,1.36621746,0.88089795,0.65762979,1.9116909597,1.3630920373,357,,,,-1.718966159
20131129,20131130,205211.0,01W,JPN,0.011754,2013,11,20131031,20131031,369.41995123,4.7797201865,369.41995123,0.0413997929,0.0,0.033390311,-0.111716764,0.121165418,-0.107971563,0.6377408368,2.1544457283,2.2889274178,-0.43722118,0.1824133744,0.1008537012,-0.031225442,0.0013075863,,,,,,,,,,,,,,,,,,,,,,,,,,,,,,,,,,,,,,,,,,,,,,,,,,,,,,,,,,,,,,,,,,,,,,,,,,,,,,,,,,,,,,,,,,,,,,,2.1884964605,0.1283214975,-0.518646887,,0.9740994344,0.00251401,4323356.01745902,0.68942144,0.01117687,0.64452226,0.00130142,0.00091308,0.00828145,0.0168808,-0.53770551,0.25011524,2.19565618,0.01484372,-0.56599937,,,0.02676762,0.03631586,0.02345889,-0.01308526,0.00707944,0.02871989,1.37158696,0.78248688,0.64769026,1.8826938121,0.7359043441,358,,,,-1.722015173
20131230,20131231,205211.0,01W,JPN,0.012084,2013,12,20131129,20131130,373.7620197,4.8358998062,373.7620197,0.0409188432,0.0,0.033390311,0.0117537465,0.114695995,0.039830385,0.1722211592,1.3697645165,1.9907149876,-0.284992067,0.3700498905,0.0682813245,0.0379676232,0.0007387235,,,,,,,,,,,,,,,,,,,,,,,,,,,,,,,,,,,,,,,,,,,,,,,,,,,,,,,,,,,,,,,,,,,,,,,,,,,,,,,,,,,,,,,,,,,,,,,2.1851683837,0.0069598205,-0.525819373,,0.9460115256,0.0017747,3433301.40829198,0.63596065,0.00916487,0.62452136,0.00157555,0.00091263,0.00653507,0.01518756,-0.13588739,-0.15471315,2.65979203,0.01268822,0.47731152,,,0.02629869,0.04378771,0.02143458,0.03160698,0.00752713,0.02833533,1.41272616,0.79168404,0.64817549,1.854617728,0.7343475795,359,,,,-1.719952983
20140131,20140131,205211.0,01W,JPN,-0.056635,2014,1,20131230,20131231,378.278459,4.8943355132,378.278459,0.0404302944,0.0,0.033390311,0.0120837299,-0.101276108,0.1665598538,-0.138024231,0.7500224952,0.663436804,-0.01047278,0.1889734747,0.0522004386,-0.025635822,0.0151591656,,,,,,,,,,,,,,,,,,,,,,,,,,,,,,,,,,,,,,,,,,,,,,,,,,,,,,,,,,,,,,,,,,,,,,,,,,,,,,,,,,,,,,,,,,,,,,,2.3268398444,-0.117515328,-0.424655473,,0.8787341023,0.00219549,3043475.30157596,0.65926686,0.00790891,0.62084072,0.00181481,0.00093019,0.00499434,0.01245942,1.25929427,0.41531279,1.85505893,0.01197737,0.64490779,,,0.02600777,0.06174502,0.01953223,1.49348582,0.00707492,0.02697502,1.4459817,0.80125053,0.65171179,1.7888268687,0.7504853513,360,,,,-1.715834568
20140228,20140228,205211.0,01W,JPN,-0.085326,2014,2,20140131,20140131,356.85473058,4.6171457544,356.85473058,0.042857522,0.0,0.033390311,-0.056634809,0.0239795055,0.0197939333,-0.18862536,0.4896625805,0.2617242174,0.2831225261,0.2410437386,0.0251387524,0.1463238273,0.0057094877,,,,,,,,,,,,,,,,,,,,,,,,,,,,,,,,,,,,,,,,,,,,,,,,,,,,,,,,,,,,,,,,,,,,,,,,,,,,,,,,,,,,,,,,,,,,,,,2.3728465479,-0.226487375,-1.235489362,,0.8301169591,0.00290898,2535762.2298488,0.67255553,0.00661579,0.6049158,0.00221691,0.00099028,0.00649923,0.00620343,0.28638514,0.12564788,1.24213139,0.00595516,0.20741869,,,0.01862244,0.03489239,0.01827747,0.12515396,0.00729409,0.02450384,1.41462488,0.75587186,0.65479546,1.6451034108,0.5717766334,361,,,,-1.705593577
20140331,20140331,205211.0,01W,JPN,0.049839,2014,3,20140228,20140228,326.40569745,4.2231825756,326.40569745,0.0468555224,0.0,0.033390311,-0.08532613,-0.045235439,0.0767814181,0.0044622405,0.1323499571,0.1770323433,1.0099945693,0.3759077596,-0.016791601,0.0832715961,0.0216414458,,,,,,,,,,,,,,,,,,,,,,,,,,,,,,,,,,,,,,,,,,,,,,,,,,,,,,,,,,,,,,,,,,,,,,,,,,,,,,,,,,,,,,,,,,,,,,,2.5039388225,-0.381886072,-1.075207013,,0.519492026,0.00282499,2496404.16849132,0.69507508,0.00660589,0.61922456,0.00228648,0.00119711,0.00590311,0.01363981,-0.65907836,0.23315408,1.99436164,0.01391607,-1.05812827,,,0.026302,0.0511279,0.02800701,-0.46297486,0.00762732,0.0232445,1.4259444,0.69137624,0.65947256,1.5619549395,0.8348334665,362,,,,-1.703538645
20140430,20140430,205211.0,01W,JPN,-0.197003,2014,4,20140331,20140331,335.45065469,4.3402102688,335.45065469,0.0366030996,0.0,0.0338588057,0.0498385293,-0.13712851,-0.215146047,0.0187546156,-0.247238116,-0.235700112,1.5329386816,0.0752020191,-0.019097373,-0.068242549,0.0418715143,,,,,,,,,,,,,,,,,,,,,,,,,,,,,,,,,,,,,,,,,,,,,,,,,,,,,,,,,,,,,,,,,,,,,,,,,,,,,,,,,,,,,,,,,,,,,,,2.4859382224,-0.914250677,-1.089373496,,0.0767888307,0.00266373,2160391.39339687,0.52799496,0.00598878,0.50977703,0.00254045,0.00142025,0.00347904,0.02498292,0.97346702,0.22984933,0.68693425,0.02062704,0.07502112,,,0.03781639,0.09350227,0.02830873,1.83341311,0.00799021,0.02210269,1.47625795,0.71053482,0.64612912,1.452070835,1.2600963492,363,,,,-1.680919227
20140530,20140531,205211.0,01W,JPN,-0.029823,2014,5,20140430,20140430,269.3660036,3.485177562,269.3660036,0.045583086,0.0,0.0338588057,-0.1970026,-0.039740129,-0.072401812,-0.07619342,-0.264995401,-0.107971563,2.1518780019,-0.237977734,-0.015372361,-0.032986943,0.043465076,,,,,,,,,,,,,,,,,,,,,,,,,,,,,,,,,,,,,,,,,,,,,,,,,,,,,,,,,,,,,,,,,,,,,,,,,,,,,,,,,,,,,,,,,,,,,,,2.7984768455,-0.658544106,-0.627431639,,0.1136823836,0.00334513,1990532.67780538,0.59160537,0.00571597,0.55027747,0.00266425,0.00185148,0.00767484,0.01525683,-1.64753086,0.34363615,1.22430489,0.01584017,-1.32566209,,,0.01261111,0.03491586,0.01890092,0.05192817,0.0086711,0.01979501,1.41291138,0.58094812,0.6533954,1.4339988982,0.4427206883,364,,,,-1.682036031
20140630,20140630,205211.0,01W,JPN,0.135554,2014,6,20140530,20140531,261.33280971,3.3812405145,261.33280971,0.0469842793,0.0,0.0338588057,-0.029822597,-0.15698239,-0.263794243,-0.16970873,-0.225473049,0.039830385,0.7229896125,-0.098158329,-0.009160022,0.1065511337,0.0164172767,,,,,,,,,,,,,,,,,,,,,,,,,,,,,,,,,,,,,,,,,,,,,,,,,,,,,,,,,,,,,,,,,,,,,,,,,,,,,,,,,,,,,,,,,,,,,,,2.6247574391,-0.699384809,-0.72634974,,0.0979411765,0.00301543,1683030.26280717,0.50231747,0.00512019,0.46326993,0.00288235,0.00215019,0.00728315,0.01313826,0.7959265,0.29709528,2.26344488,0.01280481,0.95822575,,,0.03047327,0.0472772,0.02547239,-0.14295495,0.01080756,0.0188755,1.41130757,0.5807317,0.64395968,1.4580614955,1.1031756401,365,,,,-1.679083694
20140731,20140731,205211.0,01W,JPN,-0.030103,2014,7,20140630,20140630,296.75762625,3.8395825997,296.75762625,0.0413756299,0.0,0.0338588057,0.1355544166,-0.220950068,-0.29427757,-0.35808629,-0.166784403,0.1665598538,0.435229763,0.1577400193,-0.011176895,-0.074412453,0.0287590365,,,,,,,,,,,,,,,,,,,,,,,,,,,,,,,,,,,,,,,,,,,,,,,,,,,,,,,,,,,,,,,,,,,,,,,,,,,,,,,,,,,,,,,,,,,,,,,2.6169391442,-0.62518921,-0.886294521,,0.0926198177,0.00257876,1541195.32581314,0.46237646,0.00490587,0.43679966,0.0029629,0.00237994,0.00691433,0.01587666,0.94817953,-0.43127626,1.8490967,0.01566939,0.84568444,,,0.03030879,0.04856033,0.01847933,0.46186975,0.01151626,0.01779863,1.38030608,0.65945245,0.64456408,1.4647496863,1.2216558654,366,,,,-1.642210448
20140829,20140831,205211.0,01W,JPN,0.028873,2014,8,20140731,20140731,287.8243767,3.7240002304,287.8243767,0.0426598117,0.0,0.0338588057,-0.030102847,0.1016892343,-0.150502657,-0.179396932,-0.182751192,0.0197939333,0.7131271083,-0.106561386,-0.004226118,-0.085752416,0.034058225,,,,,,,,,,,,,,,,,,,,,,,,,,,,,,,,,,,,,,,,,,,,,,,,,,,,,,,,,,,,,,,,,,,,,,,,,,,,,,,,,,,,,,,,,,,,,,,2.6615308101,-1.102714476,-1.154727651,,0.0683284457,0.00381244,1369184.08441563,0.52290176,0.00453843,0.4883084,0.00309565,0.00271923,0.00365721,0.01050264,0.63508859,-0.07945632,3.44956622,0.00940975,0.59033741,,,0.01904913,0.02696754,0.01558891,-0.0115646,0.01303641,0.01601293,1.34330253,0.63960105,0.64057544,1.4080254445,0.8342399624,367,,,,-1.60915079
20140930,20140930,205211.0,01W,JPN,-0.03782,2014,9,20140829,20140831,296.13481517,3.831524392,296.13481517,0.0414626484,0.0,0.0338588057,0.0288732962,0.1013709952,-0.099214397,-0.213345558,-0.112812812,0.0767814181,0.6835064704,0.2548880246,-0.024772912,0.0114786092,0.0248617749,,,,,,,,,,,,,,,,,,,,,,,,,,,,,,,,,,,,,,,,,,,,,,,,,,,,,,,,,,,,,,,,,,,,,,,,,,,,,,,,,,,,,,,,,,,,,,,2.7339148443,-1.020122743,-1.038499391,,0.1006871826,0.00378365,1216152.4682362,0.53534471,0.00412753,0.50129895,0.00324453,0.00281751,0.00618028,0.01211627,0.57721377,0.23138293,1.02983055,0.01202039,0.87570556,,,0.02145644,0.03449791,0.01457738,0.38054846,0.01375236,0.01617251,1.27120521,0.65806844,0.64197345,1.4481328297,0.9653776943,368,,,,-1.599011822
20141031,20141031,205211.0,01W,JPN,0.003133,2014,10,20140930,20140930,275.27958091,3.636981079,275.27958091,0.0385899497,-0.020701514,0.0557767317,-0.037819696,-0.00209872,-0.117203049,-0.200295662,-0.272601867,-0.215146047,1.4270098384,-0.111716764,-0.018054997,-0.084179158,0.042294963,,,,,,,,,,,,,,,,,,,,,,,,,,,,,,,,,,,,,,,,,,,,,,,,,,,,,,,,,,,,,,,,,,,,,,,,,,,,,,,,,,,,,,,,,,,,,,,2.7145967401,-0.732686091,-0.852513964,,0.0675477239,0.00419074,1035559.29267669,0.47757984,0.003616,0.47666364,0.00351984,0.00307671,0.00384855,0.01374479,0.21382094,-0.55673462,2.05836941,0.01424222,0.14446284,,,0.0160663,0.02599946,0.01447228,0.10311323,0.01510221,0.01529473,1.25046798,0.67827726,0.64059945,1.3927620214,0.7686304865,369,,,,-1.557550325
20141128,20141130,205211.0,01W,JPN,-0.025214,2014,11,20141031,20141031,276.14213852,3.6483771502,276.14213852,0.0384694101,-0.020701514,0.0557767317,0.0031333875,-0.010038379,0.0577989895,-0.184345818,-0.212088973,-0.072401812,1.2876126366,0.0117537465,-0.018838666,0.0317101326,0.0305293881,,,,,,,,,,,,,,,,,,,,,,,,,,,,,,,,,,,,,,,,,,,,,,,,,,,,,,,,,,,,,,,,,,,,,,,,,,,,,,,,,,,,,,,,,,,,,,,2.7094973578,-0.623804969,-0.58981284,,0.1215370867,0.00434767,942266.67358836,0.52011841,0.0033567,0.50198928,0.00369046,0.00322304,0.00607174,0.01380921,0.02526077,0.13343843,1.69449638,0.01398834,0.20887055,,,0.03981706,0.05963018,0.02662856,0.65725375,0.01943246,0.01497133,1.25845839,0.71425616,0.6425631,1.3221000534,1.8785756633,370,,,,-1.574313669
20141230,20141231,205211.0,01W,JPN,0.017687,2014,12,20141128,20141130,269.17935371,3.5563851597,269.17935371,0.0394644873,-0.020701514,0.0557767317,-0.025214496,-0.034804812,0.0937313948,-0.105462647,-0.218802144,-0.263794243,1.6093528969,0.0120837299,-0.022229413,0.1329890414,0.0241574866,,,,,,,,,,,,,,,,,,,,,,,,,,,,,,,,,,,,,,,,,,,,,,,,,,,,,,,,,,,,,,,,,,,,,,,,,,,,,,,,,,,,,,,,,,,,,,,2.6918378962,-0.431877445,-0.029868616,,0.1435349941,0.0031763,946927.84692609,0.61429374,0.00333299,0.59480306,0.00371034,0.00336808,0.00968958,0.01352878,0.41840852,-0.08628194,1.3925131,0.01380308,0.45183768,,,0.02355995,0.04281159,0.02060082,0.40391245,0.0187368,0.01481478,1.24582835,0.71649521,0.64249864,1.2984141519,1.1149820775,371,,,,-1.582906945
20150130,20150131,205211.0,01W,JPN,-0.026774,2015,1,20141230,20141231,273.94030136,3.6192865796,273.94030136,0.0387786139,-0.020701514,0.0557767317,0.0176868975,-0.022160115,-0.06111632,-0.169413181,-0.247591554,-0.29427757,1.3859385126,-0.056634809,-0.015472895,0.0423773696,0.0302410604,,,,,,,,,,,,,,,,,,,,,,,,,,,,,,,,,,,,,,,,,,,,,,,,,,,,,,,,,,,,,,,,,,,,,,,,,,,,,,,,,,,,,,,,,,,,,,,2.6908659677,-0.481127365,0.1254186459,,0.1264367816,0.00302107,920076.96705239,0.64460946,0.00328147,0.62750212,0.00377914,0.00346219,0.00695906,0.01744872,1.14903364,-0.10323361,1.78987962,0.01822174,0.9047766,,,0.02916363,0.05279946,0.02097188,0.68316439,0.01925636,0.01521173,1.20861833,0.72916778,0.6441107,1.3102672363,1.3730840969,372,,,,-1.604511437
20150227,20150228,205211.0,01W,JPN,0.05924,2015,2,20150130,20150131,266.60595652,3.5223855551,266.60595652,0.0398454157,-0.020701514,0.0557767317,-0.026773515,-0.007973565,-0.014854702,0.0526526269,-0.188314108,-0.150502657,1.2226972627,-0.08532613,-0.01014993,0.2585231352,0.0090168217,,,,,,,,,,,,,,,,,,,,,,,,,,,,,,,,,,,,,,,,,,,,,,,,,,,,,,,,,,,,,,,,,,,,,,,,,,,,,,,,,,,,,,,,,,,,,,,2.6750118326,-0.524161442,0.3315319735,,0.2243100411,0.00447285,888313.89373658,0.68283678,0.00320059,0.65702029,0.00384689,0.00356553,0.00784071,0.00776594,-0.23322967,0.03345148,0.42209913,0.00725879,-0.20492978,,,0.01514343,0.02359862,0.01329447,0.07319777,0.01952579,0.01531889,1.2117013,0.79558746,0.64272279,1.3226889444,0.7226397411,373,,,,-1.606005418
20150331,20150331,205211.0,01W,JPN,0.021401,2015,3,20150227,20150228,282.3996353,3.731050908,282.3996353,0.0376169933,-0.020701514,0.0557767317,0.0592397821,-0.009560158,-0.068136476,0.055960913,-0.136354242,-0.099214397,0.9463219763,0.0498385293,-0.00929527,0.1542882049,0.0155408484,,,,,,,,,,,,,,,,,,,,,,,,,,,,,,,,,,,,,,,,,,,,,,,,,,,,,,,,,,,,,,,,,,,,,,,,,,,,,,,,,,,,,,,,,,,,,,,2.623940735,-0.340076837,0.1352130123,,0.231085044,0.00446992,863683.8774765,0.67952697,0.0031344,0.65082267,0.00397736,0.00368276,0.00671897,0.01032739,0.26027929,0.20209083,1.6249419,0.01002246,-0.4304881,,,0.01984031,0.03035652,0.01371519,0.20751112,0.01988884,0.01511131,1.08265946,0.84271788,0.64616245,1.3799415769,0.9985044941,374,,,,-1.583776969
20150430,20150430,205211.0,01W,JPN,0.01758,2015,4,20150331,20150331,281.5305505,3.7195685999,281.5305505,0.0383553644,-0.020701514,0.0587311219,0.021400504,0.0308802097,0.0258648112,-0.015004661,-0.128620336,-0.117203049,0.8820834215,-0.1970026,0.0105595574,-0.015457764,0.0301579208,,,,,,,,,,,,,,,,,,,,,,,,,,,,,,,,,,,,,,,,,,,,,,,,,,,,,,,,,,,,,,,,,,,,,,,,,,,,,,,,,,,,,,,,,,,,,,,2.6392758487,-0.389358009,-0.170406335,,0.2049725354,0.00322737,962316.11399932,0.81091661,0.00346242,0.75692095,0.00379289,0.00374334,0.00396922,0.0169119,1.89452246,-0.07981974,1.70954611,0.01707276,1.50941199,,,0.02712223,0.06784327,0.01972329,1.966919,0.01899785,0.01415653,1.18744586,0.87485181,0.64424686,1.3748010549,1.4251016503,375,,,,-1.545327914
20150529,20150531,205211.0,01W,JPN,-0.041718,2015,5,20150430,20150430,286.47991228,3.7849593385,286.47991228,0.037692719,-0.020701514,0.0587311219,0.0175801943,0.0819080473,0.0445458682,0.0373004322,0.1083817051,0.0577989895,0.5550759297,-0.029822597,0.0148689021,-0.190974658,0.0422763326,,,,,,,,,,,,,,,,,,,,,,,,,,,,,,,,,,,,,,,,,,,,,,,,,,,,,,,,,,,,,,,,,,,,,,,,,,,,,,,,,,,,,,,,,,,,,,,2.6185955966,-0.185499116,-0.718989092,,0.5849111564,0.00368497,1043741.88679243,0.73593145,0.00370241,0.69664476,0.00369259,0.00377036,0.00416628,0.01383695,-0.46389761,0.31666755,1.1863662,0.01416053,-0.49244225,,,0.01897009,0.03060967,0.01602043,-0.46355863,0.01440337,0.01391694,1.06708069,0.92340288,0.64241369,1.3323760075,1.0216583608,376,,,,-1.530403061
20150630,20150630,205211.0,01W,JPN,-0.012944,2015,6,20150529,20150531,274.52845972,3.6270573006,274.52845972,0.0393336518,-0.020701514,0.0587311219,-0.041718292,0.0393569233,0.0904031533,0.0259148326,0.1625371482,0.0937313948,0.8039735926,0.1355544166,-0.001246799,0.061346904,0.0223802183,,,,,,,,,,,,,,,,,,,,,,,,,,,,,,,,,,,,,,,,,,,,,,,,,,,,,,,,,,,,,,,,,,,,,,,,,,,,,,,,,,,,,,,,,,,,,,,2.6529946496,-0.127449513,-1.159836146,,0.6360164512,0.00487657,960524.8307144,0.74275956,0.00339524,0.70184387,0.00390308,0.0039507,0.00497164,0.00710943,0.43182268,0.04361672,1.73087646,0.00680043,-0.08833924,,,0.00979674,0.01895234,0.01047014,0.10924102,0.01462611,0.013362,1.03867016,0.88488009,0.64159639,1.2843640187,0.5610458377,377,,,,-1.456583047
20150731,20150731,205211.0,01W,JPN,0.005548,2015,7,20150630,20150630,270.97495816,3.5801086025,270.97495816,0.039849464,-0.020701514,0.0587311219,-0.012944019,-0.024871513,0.0267533157,0.0217579953,-0.018947865,-0.06111632,0.9585277819,-0.030102847,0.0003130949,-0.027461343,0.032490298,,,,,,,,,,,,,,,,,,,,,,,,,,,,,,,,,,,,,,,,,,,,,,,,,,,,,,,,,,,,,,,,,,,,,,,,,,,,,,,,,,,,,,,,,,,,,,,2.6710077579,-0.128518271,-1.48990949,,0.4701427323,0.0050923,805049.39054638,0.79516304,0.00284461,0.74064956,0.00427662,0.00416241,0.00411445,0.00612122,0.77611131,-0.23562514,0.68994682,0.00516684,0.71638722,,,0.01049832,0.01466381,0.00877172,-0.04362642,0.01510353,0.01264663,1.09519419,0.87342619,0.64340513,1.2294291939,0.6281514772,378,,,,-1.372160492
20150831,20150831,205211.0,01W,JPN,-0.048422,2015,8,20150731,20150731,272.47824838,3.5999700034,272.47824838,0.0396296105,-0.020701514,0.0587311219,0.0055477091,-0.054122308,0.0413434255,0.0053820888,-0.00159169,-0.014854702,1.1140852368,0.0288732962,-0.001807413,-0.089682342,0.039768717,,,,,,,,,,,,,,,,,,,,,,,,,,,,,,,,,,,,,,,,,,,,,,,,,,,,,,,,,,,,,,,,,,,,,,,,,,,,,,,,,,,,,,,,,,,,,,,2.7221250821,-0.154007106,-1.207493684,,0.497195158,0.00491611,777919.02708953,0.82748706,0.00274299,0.77390826,0.00433682,0.00424129,0.00499976,0.00920135,-0.95546826,0.0409754,1.48178483,0.00955527,-0.77301907,,,0.0180848,0.02817954,0.01417353,-0.02770014,0.01692832,0.01245342,1.13797662,0.8782717,0.64850406,1.1786706957,1.0894813958,379,,,,-1.350463467
20150930,20150930,205211.0,01W,JPN,-0.030152,2015,9,20150831,20150831,259.28423775,3.4256513456,259.28423775,0.041646214,-0.020701514,0.0587311219,-0.048422253,-0.007468119,-0.011441495,0.0371098583,-0.024226605,-0.068136476,1.3800271823,-0.037819696,-0.002771282,0.1075859115,0.0244480874,,,,,,,,,,,,,,,,,,,,,,,,,,,,,,,,,,,,,,,,,,,,,,,,,,,,,,,,,,,,,,,,,,,,,,,,,,,,,,,,,,,,,,,,,,,,,,,2.6390742427,-0.226403679,-0.643540954,,0.4773735581,0.00451711,767158.33052066,0.84339314,0.00272222,0.79076844,0.00434387,0.00428491,0.00552069,0.00767745,-0.3868039,-0.38863882,1.70594499,0.00608077,-0.27813177,,,0.02809601,0.05822757,0.02795462,-0.29882447,0.01789901,0.01224093,1.4083276,0.83574381,0.65933625,1.1675979548,1.5649081191,380,,,,-1.439405203
20151030,20151031,205211.0,01W,JPN,0.007162,2015,10,20150930,20150930,247.75920353,3.2733831271,247.75920353,0.0434853293,0.0,0.0391087288,-0.030151909,-0.043143176,-0.079019178,-0.030261012,-0.034978948,0.0258648112,1.1206117686,0.0031333875,-0.005797218,-0.097711191,0.0404363703,,,,,,,,,,,,,,,,,,,,,,,,,,,,,,,,,,,,,,,,,,,,,,,,,,,,,,,,,,,,,,,,,,,,,,,,,,,,,,,,,,,,,,,,,,,,,,,2.5536057246,-0.240502519,-0.328401953,,0.480719049,0.00436349,638096.65808221,0.52638102,0.00234125,0.50892977,0.0046189,0.00428886,0.0070083,0.01158429,0.08166463,0.11812975,1.89707558,0.01027214,-0.09765563,,,0.03496275,0.06807363,0.02791357,0.69954381,0.02195524,0.01207033,1.25109035,0.79859548,0.66110583,1.0970638319,1.8303778177,381,,,,-1.514824142
20151130,20151130,205211.0,01W,JPN,0.040684,2015,11,20151030,20151031,249.53361972,3.2968266316,249.53361972,0.0431761082,0.0,0.0391087288,0.0071618578,-0.077114138,-0.12222005,-0.033627299,-0.066999627,0.0445458682,1.7871792098,-0.025214496,-0.002853913,0.0628981251,0.0312878921,,,,,,,,,,,,,,,,,,,,,,,,,,,,,,,,,,,,,,,,,,,,,,,,,,,,,,,,,,,,,,,,,,,,,,,,,,,,,,,,,,,,,,,,,,,,,,,2.3518552196,-0.368488544,0.0785522274,,0.3905841325,0.00330534,616689.4418147,0.56635992,0.00236709,0.61332736,0.00452217,0.00418788,0.00879437,0.01735014,-0.63070064,-0.09832686,1.94255438,0.01752917,-0.40617894,,,0.02792853,0.05125231,0.0243115,-0.370496,0.02337473,0.01250223,1.22539461,0.8043149,0.65898225,1.1198350589,1.4850120619,382,,,,-1.494091718
20151230,20151231,205211.0,01W,JPN,0.000945,2015,12,20151130,20151130,259.68571756,3.4309556783,259.68571756,0.0414881907,0.0,0.0391087288,0.0406842888,-0.023205995,-0.077446144,-0.081139378,-0.036011117,0.0904031533,1.4675890941,0.0176868975,-0.000763241,0.1092966807,0.0242005355,,,,,,,,,,,,,,,,,,,,,,,,,,,,,,,,,,,,,,,,,,,,,,,,,,,,,,,,,,,,,,,,,,,,,,,,,,,,,,,,,,,,,,,,,,,,,,,2.3409135425,-0.492583816,-0.144525942,,0.3238901869,0.00362018,662461.00872377,0.62715359,0.00257004,0.65787709,0.0043235,0.00421385,0.00634532,0.01462119,-0.58503352,0.51613365,-0.46728162,0.01517761,-0.62739793,,,0.02015596,0.04183783,0.01662732,-0.06167108,0.02342053,0.01263335,1.08900426,0.83703788,0.65380573,1.0999456373,1.0878657322,383,,,,-1.458542727
20160129,20160131,205211.0,01W,JPN,-0.028459,2016,1,20151230,20151231,259.93116157,3.4341984733,259.93116157,0.0414490148,0.0,0.0391087288,0.0009451579,0.0481375217,-0.027322338,-0.06379152,-0.014227178,0.0267533157,1.3121698117,-0.026773515,0.0017566383,0.0250565096,0.0303040326,,,,,,,,,,,,,,,,,,,,,,,,,,,,,,,,,,,,,,,,,,,,,,,,,,,,,,,,,,,,,,,,,,,,,,,,,,,,,,,,,,,,,,,,,,,,,,,2.4121713112,-0.220738572,0.0053044743,,0.3833480435,0.00457445,679675.25201577,0.61007801,0.0026578,0.63385447,0.00424454,0.00439557,0.00420901,0.007098,0.80278782,0.38522644,1.58663699,0.00574835,-0.365298,,,0.02127599,0.03685002,0.01551685,0.60058087,0.02455127,0.01176464,1.09918316,0.83782902,0.65727612,1.0660331979,1.1768634835,384,,,,-1.4209774
20160229,20160229,205211.0,01W,JPN,-0.187482,2016,2,20160129,20160131,252.53387997,3.3364659313,252.53387997,0.0426631491,0.0,0.0391087288,-0.028458618,0.0416678998,-0.031774438,-0.079096321,0.0138488304,0.0413434255,1.4821630883,0.0592397821,-0.006215943,0.2260524988,0.0135464956,,,,,,,,,,,,,,,,,,,,,,,,,,,,,,,,,,,,,,,,,,,,,,,,,,,,,,,,,,,,,,,,,,,,,,,,,,,,,,,,,,,,,,,,,,,,,,,2.3057294229,-0.06893888,-0.123274886,,0.484972279,0.00450691,698720.68692251,0.58848069,0.0027759,0.5993493,0.00416873,0.00439389,0.0123014,0.01377161,2.24162814,-0.07184618,1.24488174,0.01389684,1.43401242,,,0.04655952,0.06151327,0.03276104,0.72563344,0.02743395,0.01220446,1.12052522,0.81398556,0.661581,1.0767253906,2.3480847237,385,,,,-1.541707346
20160331,20160331,205211.0,01W,JPN,0.046602,2016,3,20160229,20160229,205.188359,2.7109391,205.188359,0.0525073187,0.0,0.0391087288,-0.187481858,-0.027540358,-0.01146154,-0.066353844,-0.070091484,-0.011441495,1.3554815751,0.021400504,-0.025205249,0.1453300327,0.0195901838,,,,,,,,,,,,,,,,,,,,,,,,,,,,,,,,,,,,,,,,,,,,,,,,,,,,,,,,,,,,,,,,,,,,,,,,,,,,,,,,,,,,,,,,,,,,,,,2.3485091744,0.2012886926,0.2921840812,,0.4643062752,0.00370723,721022.93915166,0.5670261,0.00295556,0.57575372,0.00401918,0.00432893,0.00970213,0.01133967,-0.74665259,0.08195106,1.60670361,0.01195033,-0.67152697,,,0.03442521,0.08908621,0.03750722,0.35899237,0.02986311,0.01256095,1.29388623,0.66137804,0.66956527,1.0920055836,1.5498991149,386,,,,-1.609491818
20160428,20160430,205211.0,01W,JPN,-0.037968,2016,4,20160331,20160331,210.167533,2.7767237164,210.167533,0.0402512734,0.0,0.0364242381,0.0466023811,-0.210605001,-0.171823464,-0.231447401,-0.2602632,-0.079019178,1.7800988574,0.0175801943,-0.022566868,-0.057672128,0.0415904529,,,,,,,,,,,,,,,,,,,,,,,,,,,,,,,,,,,,,,,,,,,,,,,,,,,,,,,,,,,,,,,,,,,,,,,,,,,,,,,,,,,,,,,,,,,,,,,2.3406063543,0.0210197491,-0.137951226,,0.1946597761,0.00442325,711784.42247051,0.58618562,0.00296912,0.58430289,0.00406143,0.00444695,0.00429327,0.01764937,0.43262783,-0.56742293,2.106872,0.0143935,0.29855431,,,0.02771461,0.05127722,0.02098115,0.13366691,0.02889348,0.01271059,1.31859948,0.70549111,0.63565449,1.0201734128,1.2415887935,387,,,,-1.64443736
20160531,20160531,205211.0,01W,JPN,-0.051695,2016,5,20160428,20160430,202.18783131,2.671296267,202.18783131,0.0418398614,0.0,0.0364242381,-0.037968289,-0.149616578,-0.139392017,-0.200068805,-0.239165326,-0.12222005,1.8977118229,-0.041718292,-0.022225959,-0.157510353,0.0516053317,,,,,,,,,,,,,,,,,,,,,,,,,,,,,,,,,,,,,,,,,,,,,,,,,,,,,,,,,,,,,,,,,,,,,,,,,,,,,,,,,,,,,,,,,,,,,,,2.3078396866,-0.073190944,-0.161922979,,0.1703533467,0.00505841,611920.64106837,0.57546101,0.00260696,0.55757387,0.0043325,0.00455612,0.00767285,0.01938583,0.104884,0.15313982,1.67828645,0.01436715,-0.48546933,,,0.03578196,0.05092594,0.03090291,-0.01244238,0.03734312,0.01322601,1.33674822,0.70240537,0.63456331,1.034341029,1.520786459,388,,,,-1.661755345
20160630,20160630,205211.0,01W,JPN,-0.117572,2016,6,20160531,20160531,191.73567496,2.5332028613,191.73567496,0.0441206929,0.0,0.0364242381,-0.051695279,0.0068646791,-0.204434833,-0.19128082,-0.236187984,-0.077446144,2.3688936,-0.012944019,-0.025748801,0.0837495339,0.0327186976,,,,,,,,,,,,,,,,,,,,,,,,,,,,,,,,,,,,,,,,,,,,,,,,,,,,,,,,,,,,,,,,,,,,,,,,,,,,,,,,,,,,,,,,,,,,,,,2.2772198167,-0.125371275,-0.339038811,,0.140615921,0.00408728,551633.00602634,0.54134498,0.00248158,0.57511842,0.00443428,0.00449311,0.00631644,0.0108056,0.84028939,-0.29168422,1.29474008,0.01020843,1.17813155,,,0.0148798,0.02278109,0.01516339,-1.01288471,0.03871575,0.01339076,1.35790662,0.68420855,0.63778251,1.0437786135,0.6283700118,389,,,,-1.664774665
20160729,20160731,205211.0,01W,JPN,0.055819,2016,7,20160630,20160630,169.19301205,2.2353702425,169.19301205,0.0499991739,0.0,0.0364242381,-0.117571563,-0.087700787,-0.246274186,-0.209245011,-0.266174812,-0.027322338,1.7881702592,0.0055477091,-0.036941462,-0.009619733,0.0365344226,,,,,,,,,,,,,,,,,,,,,,,,,,,,,,,,,,,,,,,,,,,,,,,,,,,,,,,,,,,,,,,,,,,,,,,,,,,,,,,,,,,,,,,,,,,,,,,2.2794717713,-0.11692477,-0.40864649,,0.1163402514,0.00488681,506537.9576801,0.58661886,0.00240905,0.58637154,0.00448841,0.00447939,0.00906972,0.0150076,-0.22180516,-0.25857897,1.68361672,0.01467839,-0.24724341,,,0.02974211,0.05513028,0.02871349,-0.09209141,0.04632727,0.01400845,1.38586996,0.60376509,0.64195411,1.0696385658,1.1882597451,390,,,,-1.687626539
20160831,20160831,205211.0,01W,JPN,-0.041718,2016,8,20160729,20160731,178.63724412,2.3601469994,178.63724412,0.0473558069,0.0,0.0364242381,0.0558192798,-0.163188947,-0.315408377,-0.307177209,-0.356024376,-0.031774438,1.7761149601,-0.048422253,-0.027464959,-0.060941014,0.0411007527,,,,,,,,,,,,,,,,,,,,,,,,,,,,,,,,,,,,,,,,,,,,,,,,,,,,,,,,,,,,,,,,,,,,,,,,,,,,,,,,,,,,,,,,,,,,,,,2.253747668,-0.185726134,-1.549674602,,0.068837475,0.00500822,461176.51188112,0.63233958,0.00230387,0.60739607,0.00456578,0.00447962,0.00716684,0.01712075,0.47455464,-0.44780707,2.42047099,0.01250278,0.29016182,,,0.03729617,0.05572751,0.02527809,0.52457959,0.05013599,0.01462221,1.38923331,0.63746682,0.64343546,1.1004535407,1.4454935715,391,,,,-1.695672561
20160930,20160930,205211.0,01W,JPN,0.047574,2016,9,20160831,20160831,171.18484783,2.2616862846,171.18484783,0.0494174043,0.0,0.0364242381,-0.041718043,-0.068315043,-0.110413667,-0.297101274,-0.285479424,-0.01146154,1.8759155626,-0.030151909,-0.028516426,0.0781599216,0.0292057096,,,,,,,,,,,,,,,,,,,,,,,,,,,,,,,,,,,,,,,,,,,,,,,,,,,,,,,,,,,,,,,,,,,,,,,,,,,,,,,,,,,,,,,,,,,,,,,2.316844224,-0.290130995,-3.455669563,,0.0528420451,0.0059342,365259.11779546,0.67538729,0.00190414,0.63987505,0.00496883,0.00456914,0.00766517,0.01519862,-0.03246921,0.09707242,0.39662511,0.01027922,0.43239662,,,0.02762955,0.04298093,0.0220488,0.21947579,0.06213486,0.01507189,1.29991179,0.63368762,0.63546056,1.109550881,1.0915954173,392,,,,-1.695630932
20161031,20161031,205211.0,01W,JPN,-0.011552,2016,10,20160930,20160930,177.84682311,2.3497039936,177.84682311,0.0347225748,0.0,0.0298712875,0.0475744937,0.0117725653,-0.18548386,-0.327060868,-0.294000595,-0.171823464,1.7313084594,0.0071618578,-0.02484255,-0.037735136,0.0385746264,,,,,,,,,,,,,,,,,,,,,,,,,,,,,,,,,,,,,,,,,,,,,,,,,,,,,,,,,,,,,,,,,,,,,,,,,,,,,,,,,,,,,,,,,,,,,,,2.3179377864,-0.277363652,-1.644258928,,0.0416786433,0.00525191,322174.85364022,0.66174354,0.00175406,0.63305859,0.00513072,0.00463726,0.00696517,0.01336568,0.95403594,-0.42628625,0.97790783,0.01217162,0.30325865,,,0.02714565,0.04057619,0.01870777,0.35117489,0.06755631,0.01512614,1.43656564,0.65834875,0.63799373,1.1480442968,1.100139319,393,,,,-1.694597056
20161130,20161130,205211.0,01W,JPN,0.107163,2016,11,20161031,20161031,175.79229972,2.3225597256,175.79229972,0.0351283852,0.0,0.0298712875,-0.011552207,0.0038717356,-0.113057996,-0.274396455,-0.265672182,-0.139392017,1.7558574852,0.0406842888,-0.029591322,0.0313357579,0.0324993575,,,,,,,,,,,,,,,,,,,,,,,,,,,,,,,,,,,,,,,,,,,,,,,,,,,,,,,,,,,,,,,,,,,,,,,,,,,,,,,,,,,,,,,,,,,,,,,2.3196198427,-0.206414313,-0.602410109,,0.0529801325,0.00602571,294389.23808019,0.74380891,0.00164394,0.70163708,0.00527333,0.0048727,0.00456374,0.00837517,0.02878567,-0.53599438,0.33328512,0.0083175,0.04739313,,,0.01065222,0.01440295,0.00973747,-0.70332649,0.06350891,0.01447652,1.49352286,0.65074337,0.63659624,1.1289134491,0.4462080356,394,,,,-1.685680961
20161230,20161231,205211.0,01W,JPN,0.086782,2016,12,20161130,20161130,194.63081759,2.5714533516,194.63081759,0.0317282725,0.0,0.0298712875,0.1071634986,0.0354726958,-0.075512494,-0.117285898,-0.302531307,-0.204434833,1.99875194,0.0009451579,-0.019935109,0.0921949775,0.0288824712,,,,,,,,,,,,,,,,,,,,,,,,,,,,,,,,,,,,,,,,,,,,,,,,,,,,,,,,,,,,,,,,,,,,,,,,,,,,,,,,,,,,,,,,,,,,,,,2.2561129741,-0.387845955,-0.616816102,,0.0297001153,0.00373029,321737.60165931,0.82957088,0.00180262,0.76965125,0.00513166,0.00487693,0.00844915,0.02503025,1.56975811,0.2942149,2.89465019,0.0236891,0.89830337,,,0.05618884,0.08207012,0.0355227,0.83998751,0.06656183,0.01575125,1.59036917,0.74005539,0.63560526,1.1765664371,2.2069338935,395,,,,-1.70455009
20170131,20170131,205211.0,01W,JPN,-0.017641,2017,1,20161230,20161231,211.52122933,2.7946086896,211.52122933,0.0291947037,0.0,0.0298712875,0.0867817952,0.0943733162,0.1599340838,-0.066208093,-0.228517295,-0.246274186,2.0977420298,-0.028458618,-0.009458708,0.0417195927,0.0341980918,,,,,,,,,,,,,,,,,,,,,,,,,,,,,,,,,,,,,,,,,,,,,,,,,,,,,,,,,,,,,,,,,,,,,,,,,,,,,,,,,,,,,,,,,,,,,,,2.2643181147,-0.180333514,0.1129554459,,0.0596198157,0.00270741,480501.39193639,1.0386681,0.00243817,0.90285825,0.00448959,0.00461361,0.0079547,0.02727518,0.21179499,0.7418287,2.95292591,0.01538753,0.23299081,,,0.04906367,0.07933028,0.03092845,0.85671722,0.05837816,0.0175118,1.53248164,0.8191664,0.63178882,1.232619843,1.8426671003,396,,,,-1.713511677
20170228,20170228,205211.0,01W,JPN,0.035338,2017,2,20170131,20170131,207.78983389,2.7453096658,207.78983389,0.0297189689,0.0,0.0298712875,-0.017640761,0.2032451346,0.1939498265,0.0548800353,-0.137007054,-0.315408377,1.8357175945,-0.187481858,0.0059813914,0.2118106024,0.0166950036,,,,,,,,,,,,,,,,,,,,,,,,,,,,,,,,,,,,,,,,,,,,,,,,,,,,,,,,,,,,,,,,,,,,,,,,,,,,,,,,,,,,,,,,,,,,,,,2.2389562019,-0.203074088,0.3521060777,,0.0762614679,0.00398388,535191.83011617,0.94433697,0.00264252,0.84453008,0.00434848,0.00457513,0.00461132,0.01518771,0.26158777,-0.13406572,1.47039394,0.01258823,0.63892191,,,0.02448488,0.04394892,0.01985479,0.49049871,0.05147445,0.0175425,1.60386724,0.80471569,0.63016102,1.2862322139,0.9539032212,397,,,,-1.71058218
20170331,20170331,205211.0,01W,JPN,-0.040953,2017,3,20170228,20170228,215.13276474,2.8423241283,215.13276474,0.0287045984,0.0,0.0298712875,0.0353382584,0.0676101373,0.2239483744,0.0927617735,0.0433848177,-0.110413667,0.4115622977,0.0466023811,0.0049573803,0.1843308316,0.0005620992,,,,,,,,,,,,,,,,,,,,,,,,,,,,,,,,,,,,,,,,,,,,,,,,,,,,,,,,,,,,,,,,,,,,,,,,,,,,,,,,,,,,,,,,,,,,,,,2.0344838473,-0.115966474,0.3686754135,,0.2163558106,0.00564127,566408.60670242,0.87331479,0.00275829,0.79516168,0.00433166,0.00473654,0.00602449,0.01104043,0.16807017,-0.13550997,-0.41944528,0.01164006,0.1358114,,,0.01916808,0.03090805,0.01475733,-0.17567328,0.03869132,0.01740257,1.50743721,0.87520106,0.63843006,1.3815223257,0.8109660605,398,,,,-1.712556308
20170428,20170430,205211.0,01W,JPN,-0.016763,2017,4,20170331,20170331,203.03708667,2.6825165895,203.03708667,0.0241895672,0.0,0.024350513,-0.040952797,0.0170741037,0.209651997,0.2821187799,0.0321553243,-0.18548386,0.1450715645,-0.037968289,0.0046860614,-0.047346686,0.0160879155,,,,,,,,,,,,,,,,,,,,,,,,,,,,,,,,,,,,,,,,,,,,,,,,,,,,,,,,,,,,,,,,,,,,,,,,,,,,,,,,,,,,,,,,,,,,,,,1.9999005706,-0.071407429,0.3304103394,,0.2623184278,0.00456895,611058.90032524,0.79193551,0.0029176,0.73794548,0.00431379,0.00476487,0.0045591,0.01138805,1.16668253,-0.18126469,0.42707722,0.01131926,0.98195107,,,0.0198381,0.03221195,0.01554703,0.33302283,0.03250901,0.01685598,1.51690325,0.82599354,0.65024517,1.4260382212,0.8523540405,399,,,,-1.7145454
20170531,20170531,205211.0,01W,JPN,0.049202,2017,5,20170428,20170430,199.63355768,2.6375493221,199.63355768,0.0246019722,0.0,0.024350513,-0.01676309,-0.007061739,0.1736718651,0.1646050165,0.0289532723,-0.113057996,0.2041480595,-0.051695279,0.0078617149,-0.124003442,0.0241293949,,,,,,,,,,,,,,,,,,,,,,,,,,,,,,,,,,,,,,,,,,,,,,,,,,,,,,,,,,,,,,,,,,,,,,,,,,,,,,,,,,,,,,,,,,,,,,,1.9900574407,-0.133232864,0.4519967068,,0.2938996579,0.00487561,650956.18091704,0.69946546,0.00309986,0.65172262,0.00421448,0.00475366,0.00613832,0.01024627,0.77230587,-0.75292776,2.28843847,0.00873944,-0.18782701,,,0.01468323,0.01910217,0.0128389,-0.49757234,0.0289673,0.01620116,1.63977269,0.81214733,0.6497484,1.4663485749,0.6701826501,400,,,,-1.712688717
20170630,20170630,205211.0,01W,JPN,0.016421,2017,6,20170531,20170531,209.45585973,2.7673211221,209.45585973,0.0234482781,0.0,0.024350513,0.0492016581,-0.057029392,0.0423008881,0.1949329001,0.0668562682,-0.075512494,0.4036785153,-0.117571563,0.0230229168,0.0323532423,0.0129787842,,,,,,,,,,,,,,,,,,,,,,,,,,,,,,,,,,,,,,,,,,,,,,,,,,,,,,,,,,,,,,,,,,,,,,,,,,,,,,,,,,,,,,,,,,,,,,,1.9535479708,-0.093702775,-0.002347767,,0.3613445378,0.00470402,620389.57400037,0.68255026,0.00288686,0.62704095,0.00436502,0.00480133,0.00382988,0.01687409,0.40456391,-0.22779539,1.05294214,0.01495517,1.04405041,,,0.02427465,0.03845354,0.01766216,-0.0932857,0.02606017,0.01661449,1.64237951,0.85210633,0.64638722,1.4763934603,1.1023430967,401,,,,-1.71956537
20170731,20170731,205211.0,01W,JPN,-0.012082,2017,7,20170630,20170630,212.89529038,2.8127627206,212.89529038,0.0230694593,0.0,0.024350513,0.0164207898,0.0316137961,0.006258869,0.1967889517,0.2684851464,0.1599340838,0.1209861256,0.0558192798,0.0194412359,-0.010711383,0.0118361941,,,,,,,,,,,,,,,,,,,,,,,,,,,,,,,,,,,,,,,,,,,,,,,,,,,,,,,,,,,,,,,,,,,,,,,,,,,,,,,,,,,,,,,,,,,,,,,1.9456094593,0.209837093,0.1743002159,,0.6166007905,0.00494819,479036.31397717,0.46828209,0.00226966,0.45046647,0.00489912,0.00485947,0.00712269,0.00798663,-0.35212213,0.87932378,1.73949818,0.00660353,-0.49045669,,,0.02320342,0.06237367,0.01846966,1.5021215,0.02813285,0.01622589,1.48895323,0.86609859,0.649483,1.5533467436,1.1061831655,402,,,,-1.718586119
20170831,20170831,205211.0,01W,JPN,-0.002874,2017,8,20170731,20170731,210.32305403,2.778778453,210.32305403,0.0233515972,0.0,0.024350513,-0.012082167,0.066430378,0.0411490967,0.2306579878,0.2211509101,0.1939498265,0.436410738,-0.041718043,0.0221354065,-0.052685553,0.020921339,,,,,,,,,,,,,,,,,,,,,,,,,,,,,,,,,,,,,,,,,,,,,,,,,,,,,,,,,,,,,,,,,,,,,,,,,,,,,,,,,,,,,,,,,,,,,,,1.882556276,0.2478073209,0.3991704598,,0.602853067,0.00540552,425548.04437351,0.47844978,0.00201727,0.4605948,0.00512164,0.00488442,0.00540922,0.00803161,1.54159229,-0.12436277,1.18877604,0.00813154,0.71860064,,,0.01331562,0.02345409,0.01114869,0.13484769,0.02946197,0.01565346,1.45570297,0.85563424,0.64742299,1.5398840831,0.6657737046,403,,,,-1.717655699
20170929,20170930,205211.0,01W,JPN,0.15191,2017,9,20170831,20170831,209.7185718,2.7707920618,209.7185718,0.0234189047,0.0,0.024350513,-0.002874065,0.0041402246,-0.006537476,0.0981115026,0.2589162855,0.2239483744,0.503751824,0.0475744937,0.0175491739,0.0653229494,0.0111686075,,,,,,,,,,,,,,,,,,,,,,,,,,,,,,,,,,,,,,,,,,,,,,,,,,,,,,,,,,,,,,,,,,,,,,,,,,,,,,,,,,,,,,,,,,,,,,,1.8670401351,0.354780937,0.1998228466,,0.5453501722,0.00551174,415486.97243058,0.4980172,0.00197398,0.47784835,0.00511547,0.0048494,0.00595472,0.01154529,0.82375664,0.14051179,-0.02799934,0.01198754,1.03691248,,,0.01950758,0.0425347,0.01370067,1.4894405,0.02950581,0.01537028,1.4138064,0.85317509,0.64867421,1.5461640442,1.0088903651,404,,,,-1.710812147
20171031,20171031,205211.0,01W,JPN,0.088415,2017,10,20170929,20170930,238.02424058,3.1447652473,238.02424058,0.0284334128,0.0,0.0308667935,0.1519096232,-0.014921507,0.0329077078,0.007520979,0.1982900359,0.209651997,0.4662399081,-0.011552207,0.0324093403,-0.0354922,0.0197245101,,,,,,,,,,,,,,,,,,,,,,,,,,,,,,,,,,,,,,,,,,,,,,,,,,,,,,,,,,,,,,,,,,,,,,,,,,,,,,,,,,,,,,,,,,,,,,,1.8728558033,0.1931446055,0.1546104579,,0.5280963303,0.00415087,429017.40272436,0.60235071,0.00203044,0.55940553,0.00504631,0.00477038,0.00457672,0.01508981,-0.16946599,-0.18701218,2.13501922,0.0150169,0.03518507,,,0.0301618,0.03995055,0.01932712,-0.17781296,0.03083344,0.01558523,1.44943805,0.96832794,0.64967662,1.6749048989,1.5504021356,405,,,,-1.714713223
20171130,20171130,205211.0,01W,JPN,0.119954,2017,11,20171031,20171031,259.06904305,3.4228082033,259.06904305,0.0261236982,0.0,0.0308667935,0.0884145347,0.1485989595,0.2101013669,0.181414156,0.3964539495,0.1736718651,0.5105503088,0.1071634986,0.030704889,0.0524092285,0.0123924501,,,,,,,,,,,,,,,,,,,,,,,,,,,,,,,,,,,,,,,,,,,,,,,,,,,,,,,,,,,,,,,,,,,,,,,,,,,,,,,,,,,,,,,,,,,,,,,1.8780175504,0.4252060127,0.5031499839,,0.7291253892,0.00290023,563836.7140133,0.800509,0.00248857,0.70460886,0.0045916,0.00450704,0.00721876,0.01784826,1.25698907,0.02963936,2.83254962,0.01820385,0.61723222,,,0.03600504,0.06644451,0.02241865,1.18363699,0.02895375,0.01621255,1.37968623,0.98138057,0.64625502,1.7357858329,1.7768050104,406,,,,-1.716679758
20171229,20171231,205211.0,01W,JPN,-0.045803,2017,12,20171130,20171130,290.14542576,3.833387933,290.14542576,0.0233256874,0.0,0.0308667935,0.1199540568,0.2537551765,0.2553277112,0.2419789652,0.3728060738,0.0423008881,0.4144174964,0.0867817952,0.0337205492,0.100191419,0.0063383902,,,,,,,,,,,,,,,,,,,,,,,,,,,,,,,,,,,,,,,,,,,,,,,,,,,,,,,,,,,,,,,,,,,,,,,,,,,,,,,,,,,,,,,,,,,,,,,1.8828722267,0.3460534549,0.4867471275,,0.6189127973,0.0026872,738009.66197651,0.8787273,0.00303938,0.76763756,0.00415748,0.00438599,0.00460619,0.017952,0.18499065,0.07570742,3.2051833,0.0189048,0.26114582,,,0.04149289,0.05975585,0.02462412,0.76693558,0.02641646,0.0153742,1.39824267,0.99542173,0.647057,1.8095420202,2.1864077884,407,,,,-1.712797692
20180131,20180131,205211.0,01W,JPN,0.101751,2018,1,20171229,20171231,276.85581528,3.6578062145,276.85581528,0.0244453651,0.0,0.0308667935,-0.045803274,0.2189742736,0.383196189,0.4503554948,0.4147087653,0.006258869,0.1219760656,-0.017640761,0.0311603207,0.019276633,0.0072563685,,,,,,,,,,,,,,,,,,,,,,,,,,,,,,,,,,,,,,,,,,,,,,,,,,,,,,,,,,,,,,,,,,,,,,,,,,,,,,,,,,,,,,,,,,,,,,,1.7366180787,0.4289568894,0.8330319801,,0.6322489392,0.00346658,853116.11200282,0.77598944,0.00337651,0.6962228,0.00393353,0.00450173,0.0050983,0.01488196,0.11651042,-0.5044875,2.9666664,0.01365937,1.13215738,,,0.01921427,0.02756008,0.01652489,0.08513315,0.0239156,0.01392527,1.87262616,0.94982815,0.65260372,1.7486799311,1.0999891439,408,,,,-1.705082436
20180228,20180228,205211.0,01W,JPN,0.034656,2018,2,20180131,20180131,305.0261448,4.0299913041,305.0261448,0.0221877423,0.0,0.0308667935,0.1017509042,0.0686564941,0.3359828419,0.4075188295,0.3741515509,0.0411490967,-0.072995674,0.0353382584,0.0371978339,0.0068688832,0.0036885677,,,,,,,,,,,,,,,,,,,,,,,,,,,,,,,,,,,,,,,,,,,,,,,,,,,,,,,,,,,,,,,,,,,,,,,,,,,,,,,,,,,,,,,,,,,,,,,1.7038524784,0.3277667749,0.596000782,,0.6431990988,0.00325129,1043059.91746594,0.68796728,0.00392684,0.61951431,0.00367492,0.00442192,0.00534431,0.01756627,1.29121958,-0.0159567,2.13720728,0.01835609,1.34954376,,,0.03018162,0.0672169,0.02143743,1.18136081,0.02012524,0.01410725,1.70579583,0.95856985,0.66028567,1.7541070172,1.7127046232,409,,,,-1.7013587
20180330,20180331,205211.0,01W,JPN,-0.019266,2018,3,20180228,20180228,294.74872965,4.1696528746,294.74872965,0.0229613932,-0.066059769,0.0992096283,0.0346555513,0.0512871054,0.4761628928,0.4780143846,0.462297661,-0.006537476,-0.226648494,-0.040952797,0.0440713202,0.1234372935,-0.011583685,,,,,,,,,,,,,,,,,,,,,,,,,,,,,,,,,,,,,,,,,,,,,,,,,,,,,,,,,,,,,,,,,,,,,,,,,,,,,,,,,,,,,,,,,,,,,,,1.625283978,0.3921425026,0.8441334267,,0.6895002807,0.003,1252992.74247546,0.54234304,0.00461896,0.49984006,0.00337471,0.00419857,0.00482557,0.0191048,2.10279573,-0.28763059,2.10110178,0.01860735,2.01022499,,,0.03862308,0.06165539,0.03164204,-0.24220584,0.01669037,0.01476262,1.96291609,0.99178962,0.68010168,1.7697462312,2.0120226419,410,,,,-1.715849875
20180427,20180430,205211.0,01W,JPN,-0.014667,2018,4,20180330,20180331,278.89167175,3.9453315445,278.89167175,0.0478546511,-0.066059769,0.1190040496,-0.019265665,0.1399326892,0.3259027452,0.5045302135,0.5775807364,0.0329077078,-0.460951802,-0.01676309,0.0438438133,-0.035547169,-0.006604656,,,,,,,,,,,,,,,,,,,,,,,,,,,,,,,,,,,,,,,,,,,,,,,,,,,,,,,,,,,,,,,,,,,,,,,,,,,,,,,,,,,,,,,,,,,,,,,1.4156192828,0.5240930359,0.7292786913,,0.786329536,0.00260847,1416223.86575594,0.47524569,0.00510771,0.45530807,0.0031244,0.00398639,0.00660854,0.01446674,0.40530062,0.05564978,1.57216986,0.01514841,0.42222223,,,0.02635512,0.03507824,0.02112367,-0.00027746,0.01326897,0.01500268,1.74461239,0.93843276,0.69462135,1.7494921111,1.3429438328,411,,,,-1.715881477
20180531,20180531,205211.0,01W,JPN,-0.062361,2018,5,20180427,20180430,274.80114924,3.887465107,274.80114924,0.0485669862,-0.066059769,0.1190040496,-0.014667066,0.0147222239,0.1947271058,0.4935902443,0.573565413,0.2101013669,-0.507058139,0.0492016581,0.0380375657,-0.090303476,-0.003716926,,,,,,,,,,,,,,,,,,,,,,,,,,,,,,,,,,,,,,,,,,,,,,,,,,,,,,,,,,,,,,,,,,,,,,,,,,,,,,,,,,,,,,,,,,,,,,,1.4608800062,0.5819756657,0.5276206358,,0.7917716205,0.00345608,1382278.70396844,0.4871186,0.00491061,0.4741544,0.00320837,0.00389702,0.00497302,0.01384879,-0.71054258,0.18032779,-2.26886531,0.01179704,-0.4139109,,,0.01734486,0.01919887,0.01425635,-0.69214958,0.01279067,0.015247,1.67509716,0.92466871,0.70377315,1.8015611688,0.8804491403,412,,,,-1.71686374
20180629,20180630,205211.0,01W,JPN,-0.007469,2018,6,20180531,20180531,257.66438531,3.6450404592,257.66438531,0.0517970833,-0.066059769,0.1190040496,-0.062360598,-0.03365016,0.0511180861,0.4759255646,0.4777767587,0.2553277112,-0.321285688,0.0164207898,0.0308756214,-0.023279873,-0.003283176,,,,,,,,,,,,,,,,,,,,,,,,,,,,,,,,,,,,,,,,,,,,,,,,,,,,,,,,,,,,,,,,,,,,,,,,,,,,,,,,,,,,,,,,,,,,,,,1.3062077669,0.4108694677,0.0947127982,,0.8140380313,0.00448174,1222075.25928837,0.53585586,0.00434398,0.51436918,0.00345063,0.00389093,0.00402914,0.00957587,0.21794705,-0.1040563,0.66114609,0.00957667,0.12087521,,,0.01178182,0.01573903,0.01075088,0.03130915,0.01318435,0.01474497,1.58930578,0.86700582,0.70322744,1.7720225397,0.6095070065,413,,,,-1.714944744
20180731,20180731,205211.0,01W,JPN,-0.036709,2018,7,20180629,20180630,255.7398182,3.6178146361,255.7398182,0.0521868817,-0.066059769,0.1190040496,-0.007469279,-0.076113017,0.0328789727,0.2013841505,0.3632362999,0.383196189,-0.235054933,-0.012082167,0.0312949748,0.0472510402,-0.007091006,,,,,,,,,,,,,,,,,,,,,,,,,,,,,,,,,,,,,,,,,,,,,,,,,,,,,,,,,,,,,,,,,,,,,,,,,,,,,,,,,,,,,,,,,,,,,,,1.2905213683,0.3706609069,0.2641294287,,0.7446927374,0.00392702,1169026.8110052,0.5925784,0.00419166,0.56506638,0.0035085,0.00382507,0.0049205,0.0140954,0.43262587,-0.18271759,1.46643413,0.01277791,0.38585708,,,0.02024583,0.03596327,0.01643977,-0.06912209,0.013314,0.01507214,1.59604326,0.86052991,0.69187138,1.7537197952,1.0550959179,414,,,,-1.711107333
20180831,20180831,205211.0,01W,JPN,-0.021456,2018,8,20180731,20180731,246.35178849,3.4850071933,246.35178849,0.0541756312,-0.066059769,0.1190040496,-0.0367093,-0.069364088,-0.06951371,0.0955482856,0.3696016634,0.3359828419,-0.347260299,-0.002874065,0.0282190444,-0.041957096,-0.002840771,,,,,,,,,,,,,,,,,,,,,,,,,,,,,,,,,,,,,,,,,,,,,,,,,,,,,,,,,,,,,,,,,,,,,,,,,,,,,,,,,,,,,,,,,,,,,,,1.285535466,0.489052698,0.0962101993,,0.8311507384,0.0039596,1026988.01686687,0.61027104,0.00380815,0.57975116,0.00358075,0.00376403,0.00709938,0.01069992,0.30415959,0.07828922,0.60146777,0.00750853,0.07493018,,,0.01497901,0.02272401,0.012362,0.12556682,0.0143863,0.01531029,1.47730688,0.82894046,0.69153415,1.7075678279,0.7786546035,415,,,,-1.713075368
20180928,20180930,205211.0,01W,JPN,0.010259,2018,9,20180831,20180831,241.06599933,3.4102319568,241.06599933,0.0553635256,-0.066059769,0.1190040496,-0.021456265,-0.043904387,-0.133693538,-0.057701101,0.3231272996,0.4761628928,-0.271507104,0.1519096232,0.0124585092,0.0586227283,-0.009627861,,,,,,,,,,,,,,,,,,,,,,,,,,,,,,,,,,,,,,,,,,,,,,,,,,,,,,,,,,,,,,,,,,,,,,,,,,,,,,,,,,,,,,,,,,,,,,,1.2524887322,0.4049242562,-0.595297406,,0.8365736827,0.00501134,842781.16499846,0.69241355,0.0031804,0.65157258,0.00387484,0.00373376,0.00302006,0.008146,-0.10135627,-0.02714631,1.16864306,0.00801081,-0.05652353,,,0.01239127,0.01493154,0.0104681,-0.41107561,0.0156016,0.01518269,1.45587746,0.81115449,0.68570031,1.6395853689,0.6507054389,416,,,,-1.709295351
20181031,20181031,205211.0,01W,JPN,-0.15529,2018,10,20180928,20180930,242.31220968,3.4278614291,242.31220968,0.0463766188,-0.066059769,0.1092394834,0.010259051,-0.05737792,-0.135628548,-0.033657673,0.1239926328,0.3259027452,-0.33128856,0.0884145347,0.0053534652,-0.028243432,-0.004071356,,,,,,,,,,,,,,,,,,,,,,,,,,,,,,,,,,,,,,,,,,,,,,,,,,,,,,,,,,,,,,,,,,,,,,,,,,,,,,,,,,,,,,,,,,,,,,,0.9987768419,0.2545033878,-0.743564378,,0.6731625835,0.00459642,663151.40298914,0.5793277,0.00257852,0.54681406,0.00428657,0.00373773,0.00623691,0.00961806,0.16494648,-0.13731952,1.17734684,0.00832534,0.03126193,,,0.01551095,0.01921731,0.01296192,-0.17364304,0.01702294,0.01474336,1.407861,0.81534782,0.68293522,1.5490962989,0.8351407037,417,,,,-1.704504725
20181130,20181130,205211.0,01W,JPN,-0.06606,2018,11,20181031,20181031,204.68354584,2.8955488164,204.68354584,0.054902415,-0.066059769,0.1092394834,-0.155290003,-0.011417335,-0.113762412,-0.113904896,0.0432824024,0.1947271058,-0.180627055,0.1199540568,-0.019668722,0.0335967595,-0.005144753,,,,,,,,,,,,,,,,,,,,,,,,,,,,,,,,,,,,,,,,,,,,,,,,,,,,,,,,,,,,,,,,,,,,,,,,,,,,,,,,,,,,,,,,,,,,,,,1.0814990623,0.1017622068,-0.56049487,,0.5838440111,0.00416301,596731.63766305,0.53027043,0.00242621,0.50425831,0.00443197,0.00383467,0.00779514,0.01260078,-0.04583129,-0.33277296,1.14598629,0.01066733,0.02837182,,,0.01925437,0.03761312,0.021569,-0.19257867,0.01988744,0.01418284,1.45954744,0.68873245,0.68526307,1.4181410143,1.0348915783,418,,,,-1.691938151
20181228,20181231,205211.0,01W,JPN,-0.135572,2018,12,20181130,20181130,191.16209244,2.704268036,191.16209244,0.0587858233,-0.066059769,0.1092394834,-0.066060285,-0.14662408,-0.201597386,-0.276577223,-0.213118548,0.0511180861,-0.093000588,-0.045803274,-0.021510269,0.0293743951,-0.002301804,,,,,,,,,,,,,,,,,,,,,,,,,,,,,,,,,,,,,,,,,,,,,,,,,,,,,,,,,,,,,,,,,,,,,,,,,,,,,,,,,,,,,,,,,,,,,,,1.0768593741,-0.143731867,-0.654935195,,0.2677580466,0.00457024,563321.16158186,0.55902924,0.00238434,0.51091534,0.00442683,0.00399011,0.00350765,0.01267711,-0.53364833,-0.52019693,2.27910575,0.01064185,-0.95647174,,,0.01209525,0.01634102,0.01753412,-1.86793743,0.02171192,0.01356061,1.53989679,0.64323459,0.68421177,1.3502541639,0.6764030055,419,,,,-1.660252239
20190131,20190131,205211.0,01W,JPN,0.05719,2019,1,20181228,20181231,165.24591027,2.3376456468,165.24591027,0.0680054409,-0.066059769,0.1092394834,-0.135571764,-0.211091787,-0.248728635,-0.311094515,-0.229823558,0.0328789727,-0.144877203,0.1017509042,-0.043085057,-0.032376926,0.0019963391,,,,,,,,,,,,,,,,,,,,,,,,,,,,,,,,,,,,,,,,,,,,,,,,,,,,,,,,,,,,,,,,,,,,,,,,,,,,,,,,,,,,,,,,,,,,,,,1.1287798069,-0.081335297,-2.001345481,,0.2645340751,0.00395723,528343.23193669,0.38087916,0.00241973,0.42293181,0.00442783,0.00404155,0.00895573,0.02126198,0.41407043,-0.49332163,0.84259089,0.02017171,-0.02524462,,,0.02386048,0.06476328,0.02723588,0.49196636,0.02478291,0.01424963,1.4619579,0.55603014,0.68593911,1.2586432801,1.2619581537,420,,,,-1.620096812
20190228,20190228,205211.0,01W,JPN,-0.037285,2019,2,20190131,20190131,174.69636738,2.4713362167,174.69636738,0.0643265865,-0.066059769,0.1092394834,0.0571902632,-0.19267614,-0.325831568,-0.395626258,-0.395723425,-0.06951371,-0.001306892,0.0346555513,-0.041036446,-0.044557487,0.0067033381,,,,,,,,,,,,,,,,,,,,,,,,,,,,,,,,,,,,,,,,,,,,,,,,,,,,,,,,,,,,,,,,,,,,,,,,,,,,,,,,,,,,,,,,,,,,,,,1.1218327129,-0.13043061,-1.634387645,,0.2399342646,0.00459948,483454.07569909,0.39187442,0.00234017,0.42865656,0.00452186,0.0041222,0.00697794,0.01384683,-0.55028742,-0.19159143,1.45709077,0.0091216,-0.51574781,,,0.02750789,0.04172457,0.02121978,-0.24921532,0.02895846,0.01399661,1.479336,0.59269591,0.68529301,1.2563833514,1.4603694665,421,,,,-1.579370389
20190329,20190331,205211.0,01W,JPN,-0.211095,2019,3,20190228,20190228,168.18285002,2.379192965,168.18285002,0.066817877,0.0,0.0408966486,-0.03728479,-0.086134886,-0.271647984,-0.318567421,-0.382562332,-0.133693538,0.1296959519,-0.019265665,-0.042674549,0.0192221543,0.0036320453,,,,,,,,,,,,,,,,,,,,,,,,,,,,,,,,,,,,,,,,,,,,,,,,,,,,,,,,,,,,,,,,,,,,,,,,,,,,,,,,,,,,,,,,,,,,,,,1.110569426,-0.685660186,-2.528190372,,0.1735285991,0.00565398,460292.62568903,0.43557153,0.00232377,0.43607091,0.00458848,0.00432041,0.00729119,0.01378622,0.20747252,0.41228391,0.95195374,0.01118373,-0.44913744,,,0.02047569,0.03699395,0.01786871,0.59342382,0.0338297,0.01328469,1.25421623,0.58159565,0.67596562,1.2031559588,1.1759304607,422,,,,-1.458417916
20190426,20190430,205211.0,01W,JPN,0.065155,2019,4,20190329,20190331,131.41666061,1.8590813176,131.41666061,0.0192658873,0.0,0.0146199714,-0.211095052,0.0177731464,-0.305924987,-0.339037579,-0.393906572,-0.135628548,0.0553352512,-0.014667066,-0.060531638,-0.058538446,0.0091306409,,,,,,,,,,,,,,,,,,,,,,,,,,,,,,,,,,,,,,,,,,,,,,,,,,,,,,,,,,,,,,,,,,,,,,,,,,,,,,,,,,,,,,,,,,,,,,,1.1291718122,-0.477900719,-1.369863914,,0.1243451889,0.00365391,466671.02991164,0.49774388,0.00259432,0.57120803,0.00442901,0.00447112,0.00628078,0.01539624,-1.3656583,0.19583062,-0.55146128,0.01471658,-0.69234608,,,0.00781388,0.02404376,0.01721223,-0.2795301,0.03518183,0.01372169,1.24349758,0.46549524,0.67483708,1.1928375366,0.4529260755,423,,,,-1.439508612
20190531,20190531,205211.0,01W,JPN,-0.056841,2019,5,20190426,20190430,139.97916062,1.9802104326,139.97916062,0.0180873964,0.0,0.0146199714,0.0651553613,-0.240509207,-0.351778464,-0.458692455,-0.514732445,-0.113762412,0.2949687998,-0.062360598,-0.048939278,-0.018508628,0.0096355559,,,,,,,,,,,,,,,,,,,,,,,,,,,,,,,,,,,,,,,,,,,,,,,,,,,,,,,,,,,,,,,,,,,,,,,,,,,,,,,,,,,,,,,,,,,,,,,1.0617236585,-0.532644514,-0.793716067,,0.038121547,0.00367442,439458.25716126,0.73327019,0.00272194,0.83648278,0.00432597,0.00448978,0.00511768,0.03459645,3.97695865,-0.01866111,0.11882582,0.03554925,3.39910434,,,0.03926858,0.14388077,0.03472878,3.78097471,0.03558428,0.01641924,1.33423094,0.52016042,0.66927718,1.3309479748,2.0170241213,424,,,,-1.644433642
20190628,20190630,205211.0,01W,JPN,-0.031291,2019,6,20190531,20190531,132.02256706,1.8676527525,132.02256706,0.0191774681,0.0,0.0146199714,-0.056841272,-0.159693665,-0.260705339,-0.410780926,-0.44873761,-0.201597386,0.2515378819,-0.007469279,-0.053427641,0.0053649062,0.0067257346,,,,,,,,,,,,,,,,,,,,,,,,,,,,,,,,,,,,,,,,,,,,,,,,,,,,,,,,,,,,,,,,,,,,,,,,,,,,,,,,,,,,,,,,,,,,,,,1.0956247184,-0.415017778,-0.391533692,,0.0628112894,0.00369662,440250.33948669,0.75407924,0.00292332,0.81047119,0.00418017,0.00441714,0.00866508,0.02374929,0.32931218,-0.14212127,2.17712556,0.02344068,-0.0033346,,,0.02650201,0.05531665,0.02394204,0.46458666,0.03779704,0.01752275,1.32103829,0.49596763,0.65999469,1.3712425068,1.3003382344,425,,,,-1.671239457
20190731,20190731,205211.0,01W,JPN,0.017964,2019,7,20190628,20190630,127.89146823,1.8092123035,127.89146823,0.019796931,0.0,0.0146199714,-0.031290854,0.0046105756,-0.193371777,-0.449916225,-0.476159353,-0.248728635,0.0939060061,-0.0367093,-0.052935055,0.0047954937,0.0035269609,,,,,,,,,,,,,,,,,,,,,,,,,,,,,,,,,,,,,,,,,,,,,,,,,,,,,,,,,,,,,,,,,,,,,,,,,,,,,,,,,,,,,,,,,,,,,,,1.0053137093,-0.463735261,-0.307749096,,0.0521091811,0.00377583,411127.47690337,0.78214127,0.00289931,0.81336143,0.004147,0.00439399,0.00897916,0.01281704,0.0163055,-0.01777173,1.22892438,0.00923997,-0.11985974,,,0.0273634,0.04164594,0.02254004,0.24699821,0.04006755,0.01760124,1.26400348,0.507419,0.66004527,1.373430917,1.312804704,426,,,,-1.678006077
20190830,20190831,205211.0,01W,JPN,-0.013388,2019,8,20190731,20190731,130.18887443,1.8417124822,130.18887443,0.0194475801,0.0,0.0146199714,0.0179637175,-0.086353514,-0.260882204,-0.369166713,-0.473212785,-0.325831568,0.0864548676,-0.021456265,-0.049351421,-0.016035266,0.0052705197,,,,,,,,,,,,,,,,,,,,,,,,,,,,,,,,,,,,,,,,,,,,,,,,,,,,,,,,,,,,,,,,,,,,,,,,,,,,,,,,,,,,,,,,,,,,,,,1.005437706,-0.505541148,-0.408931263,,0.0367176634,0.00434704,398199.59502091,0.80701039,0.00290369,0.80581442,0.00408901,0.00440877,0.00655533,0.00838014,0.71736276,-0.30745615,1.92490629,0.0078433,0.31508133,,,0.02280869,0.03048726,0.01653041,0.01912981,0.04093839,0.0175211,1.33829467,0.51841823,0.66153314,1.3993943196,1.0814921576,427,,,,-1.687687928
20190930,20190930,205211.0,01W,JPN,0.232776,2019,9,20190830,20190831,128.44584648,1.8170547966,128.44584648,0.0197114865,0.0,0.0146199714,-0.013388455,-0.013889236,-0.218465553,-0.312412367,-0.451991513,-0.271647984,0.0333085798,0.010259051,-0.051501194,0.032878128,-0.000320006,,,,,,,,,,,,,,,,,,,,,,,,,,,,,,,,,,,,,,,,,,,,,,,,,,,,,,,,,,,,,,,,,,,,,,,,,,,,,,,,,,,,,,,,,,,,,,,1.0221725868,-0.495103859,-0.312968424,,0.0378662244,0.00423132,411395.26957868,0.76846373,0.00308227,0.73738395,0.00395047,0.0043525,0.00774049,0.0086254,-0.13905294,0.21557872,1.6742347,0.0074427,-0.24264096,,,0.02998969,0.0461547,0.02367477,0.03221426,0.04362061,0.01777498,1.41861304,0.51147741,0.66402546,1.4378699229,1.3611171147,428,,,,-1.702854955
20191031,20191031,205211.0,01W,JPN,0.004274,2019,10,20190930,20190930,155.64973328,2.2018936556,155.64973328,0.0250262001,0.0,0.0267372575,0.232776079,0.0043347556,-0.022606069,-0.215224736,-0.46481895,-0.305924987,0.0849415032,-0.155290003,-0.016222459,0.0217893931,0.0017807594,,,,,,,,,,,,,,,,,,,,,,,,,,,,,,,,,,,,,,,,,,,,,,,,,,,,,,,,,,,,,,,,,,,,,,,,,,,,,,,,,,,,,,,,,,,,,,,1.1170521734,-0.398387261,0.1756264787,,0.053839847,0.00211717,481916.38555753,1.06948615,0.00360543,1.00623197,0.00358742,0.00407394,0.00514336,0.02280628,1.21184409,0.34624589,-1.90838673,0.02258316,1.04549983,,,0.04095783,0.07235885,0.02280633,1.20963891,0.04195685,0.01897563,1.4438978,0.64437466,0.65649545,1.4939072921,1.7894648009,429,,,,-1.712349547
20191129,20191130,205211.0,01W,JPN,0.152097,2019,11,20191031,20191031,156.31503071,2.211305263,156.31503071,0.0249196853,0.0,0.0267372575,0.0042743242,0.2162711114,0.1312038613,-0.084883576,-0.218952777,-0.351778464,-0.086401724,-0.066060285,-0.009828404,0.0606468371,-0.005352267,,,,,,,,,,,,,,,,,,,,,,,,,,,,,,,,,,,,,,,,,,,,,,,,,,,,,,,,,,,,,,,,,,,,,,,,,,,,,,,,,,,,,,,,,,,,,,,1.1036997981,-0.122163276,0.3506799324,,0.1584833606,0.0029361,522661.49537781,0.91780902,0.00374722,0.88207448,0.00345864,0.00396068,0.00487632,0.02033652,-0.40046895,0.02247434,-0.31764213,0.02070364,-0.13773326,,,0.02481524,0.04112509,0.02046116,-0.44038805,0.04016904,0.01961402,1.33324172,0.73508496,0.64105554,1.5532920152,1.0916151152,430,,,,-1.708558149
20191230,20191231,205211.0,01W,JPN,-0.199446,2019,12,20191129,20191130,180.09003538,2.5476375576,180.09003538,0.0216298551,0.0,0.0267372575,0.1520967278,0.2380453636,0.2045045651,-0.045379237,-0.160132438,-0.260705339,-0.124683625,-0.135571764,0.0163232773,0.0149026441,-0.002122017,,,,,,,,,,,,,,,,,,,,,,,,,,,,,,,,,,,,,,,,,,,,,,,,,,,,,,,,,,,,,,,,,,,,,,,,,,,,,,,,,,,,,,,,,,,,,,,1.1026404658,-0.149586938,0.091674749,,0.1756497948,0.00377762,538963.56825914,0.87476493,0.0037148,0.87426042,0.00348922,0.00391707,0.00588649,0.01610477,-0.64535343,-0.00844287,3.31137219,0.01206394,0.03150458,,,0.02815608,0.03778443,0.01769938,-0.3042276,0.03845439,0.01995765,1.26426318,0.92425035,0.63794549,1.5997229452,1.2320129764,431,,,,-1.706701427
20200131,20200131,205211.0,01W,JPN,0.027039,2020,1,20191230,20191231,144.17172843,2.0395204505,144.17172843,0.0270186216,0.0,0.0267372575,-0.199446387,0.1570211627,0.4325308823,0.3941038904,0.1193626382,-0.193371777,-0.256501984,0.0571902632,-0.007007327,0.0072195025,-0.004906701,,,,,,,,,,,,,,,,,,,,,,,,,,,,,,,,,,,,,,,,,,,,,,,,,,,,,,,,,,,,,,,,,,,,,,,,,,,,,,,,,,,,,,,,,,,,,,,1.0716712969,0.0750334892,0.6547978159,,0.4612868048,0.00410366,544812.04759917,0.86741667,0.0036625,0.88794422,0.00353658,0.00392079,0.00488086,0.0199667,-0.4725302,-0.13526251,4.68179127,0.01996062,-0.80104848,,,0.01641949,0.01987113,0.0223757,-0.3385977,0.03664201,0.02003954,1.14806667,0.7857821,0.62976523,1.8677308282,0.7277584695,432,,,,-1.715253172
20200228,20200229,205211.0,01W,JPN,-0.219987,2020,2,20200131,20200131,148.06997873,2.0946669157,148.06997873,0.0263073002,0.0,0.0267372575,0.0270389371,-0.077684802,0.1265802046,0.0477860286,-0.152366575,-0.260882204,-0.192357714,-0.03728479,-0.001159716,-0.014562066,-0.001018291,,,,,,,,,,,,,,,,,,,,,,,,,,,,,,,,,,,,,,,,,,,,,,,,,,,,,,,,,,,,,,,,,,,,,,,,,,,,,,,,,,,,,,,,,,,,,,,1.0628587899,-0.101697353,0.0708684652,,0.1057640022,0.00465739,557263.83022457,0.85158539,0.00371511,0.88263603,0.00360651,0.0039428,0.00646896,0.01943435,-1.02620483,0.53167994,1.7645584,0.01438661,0.38260973,,,0.03406286,0.04799692,0.02591616,0.06765756,0.03815742,0.02045083,1.06954789,0.80702881,0.62903164,1.9117778436,1.4865671334,433,,,,-1.716255614
20200331,20200331,205211.0,01W,JPN,0.103596,2020,3,20200228,20200229,115.49650768,1.6338674159,115.49650768,0.033726746,0.0,0.0267372575,-0.219987004,-0.177800269,0.1727429527,0.1409713098,-0.095732027,-0.218465553,-0.265955144,-0.211095052,-0.001968075,0.0019461057,-0.004712774,,,,,,,,,,,,,,,,,,,,,,,,,,,,,,,,,,,,,,,,,,,,,,,,,,,,,,,,,,,,,,,,,,,,,,,,,,,,,,,,,,,,,,,,,,,,,,,1.1961854036,-0.028360841,0.1253936023,,0.2051630435,0.00500983,561831.93869964,0.85510762,0.00370344,0.90141792,0.00373368,0.00393192,0.0065784,0.01232438,0.05552721,-0.54559195,2.12910783,0.01251165,-0.56003419,,,0.01151162,0.02373908,0.02360598,-0.38945359,0.03710765,0.02050873,1.51263363,0.62949296,0.63822163,1.911868758,0.4887217397,434,,,,-1.716234086
20200430,20200430,205211.0,01W,JPN,0.021436,2020,4,20200331,20200331,124.81984665,1.7657597134,124.81984665,0.0419108838,0.0,0.0381109754,0.1035964519,-0.198896282,-0.257971696,-0.081280018,-0.105924265,-0.022606069,-0.433041577,0.0651553613,0.0015265695,-0.012954563,-0.008642158,,,,,,,,,,,,,,,,,,,,,,,,,,,,,,,,,,,,,,,,,,,,,,,,,,,,,,,,,,,,,,,,,,,,,,,,,,,,,,,,,,,,,,,,,,,,,,,1.0657051967,0.0549631007,-0.189832015,,0.435718128,0.00347399,538310.70626679,0.71793968,0.0037995,0.93288591,0.00397221,0.00389698,0.01432142,0.0443123,1.63573965,-0.39333642,1.16050194,0.03753107,0.33342412,,,0.08969774,0.16124304,0.06191951,0.5031753,0.04598977,0.02352057,1.53210505,0.68030814,0.66321789,1.7223112876,3.0908069673,435,,,,-1.726615271
20200529,20200531,205211.0,01W,JPN,0.060454,2020,5,20200430,20200430,127.49553287,1.8036112174,127.49553287,0.0410313206,0.0,0.0381109754,0.0214363845,-0.139180426,-0.184585542,-0.003995825,-0.07365738,0.1312038613,-0.406534436,-0.056841272,0.0086427201,-0.026643128,-0.006316489,,,,,,,,,,,,,,,,,,,,,,,,,,,,,,,,,,,,,,,,,,,,,,,,,,,,,,,,,,,,,,,,,,,,,,,,,,,,,,,,,,,,,,,,,,,,,,,1.0536389026,0.1381108293,0.1203674139,,0.6066017316,0.00431629,497625.59436931,0.72480064,0.00370279,0.938327,0.0041724,0.00395568,0.01285466,0.03181204,0.2209635,0.2491288,1.25238086,0.03160927,-0.00622786,,,0.04816786,0.06055082,0.03922576,-0.26247726,0.05581871,0.02321383,1.32588599,0.69489149,0.66447815,1.6257933157,1.6325053275,436,,,,-1.724746569
20200630,20200630,205211.0,01W,JPN,-0.044547,2020,6,20200529,20200531,135.20311546,1.9126462722,135.20311546,0.0386922304,0.0,0.0381109754,0.0604537462,0.1272535697,-0.277062441,0.0311605502,0.0032246205,0.2045045651,-0.415900125,-0.031290854,0.0169831383,-0.030391018,-0.006319476,,,,,,,,,,,,,,,,,,,,,,,,,,,,,,,,,,,,,,,,,,,,,,,,,,,,,,,,,,,,,,,,,,,,,,,,,,,,,,,,,,,,,,,,,,,,,,,1.0590825593,0.1109284096,-0.125243715,,0.613235693,0.00523635,459990.89008465,0.80543489,0.00358364,0.9902851,0.00435643,0.00406881,0.00623079,0.01564464,0.05768593,-0.21980285,1.96101178,0.01199642,-0.38416918,,,0.03221774,0.04379788,0.02431681,-0.13836771,0.06254632,0.02266428,1.34729435,0.73690028,0.66809089,1.5930178469,1.0904101248,437,,,,-1.723815288
20200731,20200731,205211.0,01W,JPN,-0.005752,2020,7,20200630,20200630,129.18025045,1.8274440174,129.18025045,0.0404962064,0.0,0.0381109754,-0.044546792,0.0831860404,-0.042360398,-0.112979164,0.0982381153,0.4325308823,-0.426757041,0.0179637175,0.0113003647,0.0031438806,-0.009785077,,,,,,,,,,,,,,,,,,,,,,,,,,,,,,,,,,,,,,,,,,,,,,,,,,,,,,,,,,,,,,,,,,,,,,,,,,,,,,,,,,,,,,,,,,,,,,,1.0611266163,0.1547703744,0.2225526405,,0.7116430903,0.00506473,441336.19822943,0.82406773,0.00351977,1.00135916,0.00451705,0.00419931,0.01390862,0.0183213,-0.90639817,0.45777516,0.74413322,0.01861327,-0.7463957,,,0.042907,0.07244722,0.03081253,0.82861534,0.0688293,0.02287342,1.32635876,0.70407374,0.67066869,1.5778932203,1.4236167703,438,,,,-1.724754509
20200831,20200831,205211.0,01W,JPN,0.055682,2020,8,20200731,20200731,128.43714841,1.8169317497,128.43714841,0.0407305064,0.0,0.0381109754,-0.005752443,0.0132139342,-0.109108918,-0.156100197,0.0307981639,0.1265802046,-0.419678919,-0.013388455,0.0119945477,-0.028617657,-0.006615482,,,,,,,,,,,,,,,,,,,,,,,,,,,,,,,,,,,,,,,,,,,,,,,,,,,,,,,,,,,,,,,,,,,,,,,,,,,,,,,,,,,,,,,,,,,,,,,1.0548959188,0.0993734674,0.0063453598,,0.6245241979,0.004777,443728.79281691,0.83188553,0.00356915,0.99045089,0.00457857,0.0042696,0.01173037,0.02451024,0.77237909,-0.47026875,1.31008568,0.02109151,1.06046824,,,0.04201836,0.05709046,0.03462561,-0.45080371,0.07220563,0.02390169,1.42648571,0.7000236,0.6700803,1.6060625964,1.336890765,439,,,,-1.726643308
20200930,20200930,205211.0,01W,JPN,0.07775,2020,9,20200831,20200831,135.5887347,1.9181014218,135.5887347,0.0385821883,0.0,0.0381109754,0.0556816029,-0.050042982,0.135578877,-0.271723201,0.0387761645,0.1727429527,-0.398313506,0.232776079,-0.00410495,0.0448978148,-0.012502484,,,,,,,,,,,,,,,,,,,,,,,,,,,,,,,,,,,,,,,,,,,,,,,,,,,,,,,,,,,,,,,,,,,,,,,,,,,,,,,,,,,,,,,,,,,,,,,1.0518808485,0.1145892368,0.2006457366,,0.6403225806,0.00579877,426458.17332915,0.87156871,0.00344714,1.02651864,0.00467801,0.00437736,0.00751589,0.00889433,-0.11141103,0.04961132,1.10127387,0.00834196,-0.22480271,,,0.01968072,0.02468094,0.01219828,0.33465432,0.06911037,0.02393741,1.40357763,0.73900203,0.65751191,1.5618642091,0.6360944883,440,,,,-1.725704593
20201030,20201031,205211.0,01W,JPN,0.027558,2020,10,20200930,20200930,142.09028371,2.0100753636,142.09028371,0.046676666,0.0,0.0489823907,0.0777500511,0.0496088545,0.0862754469,-0.039629069,-0.110449249,-0.257971696,-0.235194951,0.0042743242,0.0025746614,-0.017816455,-0.000825551,,,,,,,,,,,,,,,,,,,,,,,,,,,,,,,,,,,,,,,,,,,,,,,,,,,,,,,,,,,,,,,,,,,,,,,,,,,,,,,,,,,,,,,,,,,,,,,1.0970815435,-0.04767501,-0.834881071,,0.3258699757,0.00483936,348982.07197415,0.53435305,0.00264188,0.52672929,0.00504644,0.00463032,0.00617082,0.01281577,0.13261673,0.10592545,1.41870323,0.0125992,0.09601843,,,0.02265786,0.03469451,0.01602468,0.07391562,0.06359271,0.0231269,1.36560287,0.77443756,0.65616228,1.5178486758,0.7443390317,441,,,,-1.721006679
20201130,20201130,205211.0,01W,JPN,0.094979,2020,11,20201030,20201031,146.00602267,2.0654692316,146.00602267,0.0454248434,0.0,0.0489823907,0.027558105,0.1377609014,0.1461638103,0.0077902431,-0.045367044,-0.184585542,-0.237387648,0.1520967278,-0.008747032,0.0504353898,-0.00709589,,,,,,,,,,,,,,,,,,,,,,,,,,,,,,,,,,,,,,,,,,,,,,,,,,,,,,,,,,,,,,,,,,,,,,,,,,,,,,,,,,,,,,,,,,,,,,,1.1696211552,0.0139142075,-0.197867687,,0.4388333783,0.00429943,348620.08411837,0.6363973,0.002531,0.59487833,0.0050856,0.00472771,0.00680147,0.02980833,1.56256801,0.36364105,0.49690815,0.02980293,1.13536982,,,0.04300345,0.08325823,0.03041672,0.98255969,0.05888043,0.02396764,1.31426432,0.79577959,0.64878884,1.5216611185,1.381600388,442,,,,-1.721018653
20201230,20201231,205211.0,01W,JPN,-0.024124,2020,12,20201130,20201130,159.87353656,2.261645545,159.87353656,0.0414846688,0.0,0.0489823907,0.0949790539,0.1074508002,0.1106094134,0.3276227937,-0.148560353,-0.277062441,-0.15574473,-0.199446387,0.0180189176,-0.023412021,0.0021496121,,,,,,,,,,,,,,,,,,,,,,,,,,,,,,,,,,,,,,,,,,,,,,,,,,,,,,,,,,,,,,,,,,,,,,,,,,,,,,,,,,,,,,,,,,,,,,,1.1500067967,-0.036238818,0.3938210274,,0.3356909684,0.00413421,395585.93740738,0.64676706,0.00278,0.59700901,0.00491882,0.00475136,0.01266354,0.02764424,0.15188818,-0.34557835,0.38210067,0.02796861,0.42374381,,,0.04864095,0.06652714,0.0328639,0.27880879,0.05571362,0.02470743,1.2768742,0.87136198,0.65063462,1.5326315472,1.5177642352,443,,,,-1.726652102
20210129,20210131,205211.0,01W,JPN,0.068872,2021,1,20201230,20201231,156.01668412,2.2070847131,156.01668412,0.0425102017,0.0,0.0489823907,-0.024124396,0.1251546016,0.272792884,0.317256093,0.1645798164,-0.042360398,-0.324766595,0.0270389371,0.0133677055,0.0282104471,-0.007097693,,,,,,,,,,,,,,,,,,,,,,,,,,,,,,,,,,,,,,,,,,,,,,,,,,,,,,,,,,,,,,,,,,,,,,,,,,,,,,,,,,,,,,,,,,,,,,,1.1275945518,0.2785969288,0.9599810353,,0.7806731813,0.00514982,405162.56973229,0.63020898,0.00276923,0.59535919,0.00494873,0.00484554,0.00807514,0.01759459,1.40142099,0.18720541,0.48500002,0.01500634,0.77355225,,,0.03049938,0.04954564,0.02125601,0.96005906,0.05070147,0.02431502,1.3693532,0.93818131,0.64771988,1.5055991627,0.9595246874,444,,,,-1.72102463
20210226,20210228,205211.0,01W,JPN,0.152645,2021,2,20210129,20210131,166.76182022,2.3590904153,166.76182022,0.0397710981,0.0,0.0489823907,0.0688717118,0.068563346,0.2492739019,0.2585003878,0.1065646989,-0.109108918,-0.286195101,-0.219987004,0.0396275888,-0.038693209,0.0002457658,,,,,,,,,,,,,,,,,,,,,,,,,,,,,,,,,,,,,,,,,,,,,,,,,,,,,,,,,,,,,,,,,,,,,,,,,,,,,,,,,,,,,,,,,,,,,,,1.170071769,0.1387055827,0.3060093078,,0.6606711409,0.00413981,480045.67417852,0.68618538,0.00308842,0.61567733,0.00480697,0.00481106,0.00543056,0.01550955,0.69298634,-0.06580724,2.60515021,0.01390601,0.81160838,,,0.03568225,0.04864619,0.02573877,0.12516786,0.04270167,0.02418316,1.41322852,0.90803688,0.64255749,1.4923852925,1.122649024,445,,,,-1.720153909
20210331,20210331,205211.0,01W,JPN,0.102527,2021,3,20210226,20210228,192.21725288,2.7191948274,192.21725288,0.0345041905,0.0,0.0489823907,0.1526454475,0.0430858277,0.2648828306,0.2684904632,0.5163538434,0.135578877,-0.314751181,0.1035964519,0.0440865884,-0.056177783,0.0010965192,,,,,,,,,,,,,,,,,,,,,,,,,,,,,,,,,,,,,,,,,,,,,,,,,,,,,,,,,,,,,,,,,,,,,,,,,,,,,,,,,,,,,,,,,,,,,,,1.1162945016,0.371020313,0.5666569653,,0.8226627377,0.00406784,594260.31592741,0.64418267,0.00360435,0.56373708,0.00456007,0.00476044,0.00723207,0.02393177,0.49652964,-0.21415037,1.53113363,0.02379047,0.61919556,,,0.04024807,0.06026088,0.03066304,-0.55216032,0.03973405,0.02476537,1.38465951,0.91367151,0.62802218,1.4566961356,1.258767768,446,,,,-1.722950731
20210430,20210430,205211.0,01W,JPN,-0.038421,2021,4,20210331,20210331,205.79967774,2.9113381384,205.79967774,0.050664185,0.0,0.0573668368,0.1025267777,0.2320301125,0.3527825258,0.530289233,0.5837477108,0.0862754469,-0.27743508,0.0214363845,0.0514584423,-0.001060771,-0.002618799,,,,,,,,,,,,,,,,,,,,,,,,,,,,,,,,,,,,,,,,,,,,,,,,,,,,,,,,,,,,,,,,,,,,,,,,,,,,,,,,,,,,,,,,,,,,,,,1.1315245133,0.337345183,0.6612497868,,0.7774210808,0.00315509,791363.96041984,0.7750735,0.00434964,0.63658799,0.00423166,0.00475733,0.00615168,0.02418492,0.92256422,-0.35061657,2.5617976,0.01771066,0.48160744,,,0.0413323,0.0779756,0.02910524,0.24131802,0.03519159,0.02221368,1.32521651,0.86468663,0.62827856,1.5665013859,1.4854316462,447,,,,-1.695893533
20210531,20210531,205211.0,01W,JPN,-0.017969,2021,5,20210430,20210430,197.89257041,2.7994805136,197.89257041,0.0526885518,0.0,0.0573668368,-0.038421379,0.2708224711,0.4514789498,0.696946445,0.7094792068,0.1461638103,-0.232817285,0.0604537462,0.0424697946,-0.030423873,0.0014006806,,,,,,,,,,,,,,,,,,,,,,,,,,,,,,,,,,,,,,,,,,,,,,,,,,,,,,,,,,,,,,,,,,,,,,,,,,,,,,,,,,,,,,,,,,,,,,,1.1550731656,0.4683932242,0.6105430763,,0.8861875501,0.00440748,833943.81497613,0.70794791,0.00441958,0.59823387,0.00426843,0.00476072,0.00768891,0.01428623,-0.04307463,0.22019008,0.78499478,0.00940113,0.47980542,,,0.01878591,0.04657019,0.01759642,0.59928007,0.03005863,0.02066125,1.50346848,0.83146418,0.62218566,1.5510652282,0.7232939251,448,,,,-1.676388574
20210630,20210630,205211.0,01W,JPN,-0.036373,2021,6,20210531,20210531,194.3366939,2.7491774275,194.3366939,0.0536526208,0.0,0.0573668368,-0.017968722,0.060166179,0.2746464168,0.545681405,0.5500899166,0.1106094134,-0.142088228,-0.044546792,0.0448859828,-0.034977726,0.0043635088,,,,,,,,,,,,,,,,,,,,,,,,,,,,,,,,,,,,,,,,,,,,,,,,,,,,,,,,,,,,,,,,,,,,,,,,,,,,,,,,,,,,,,,,,,,,,,,1.1535268572,0.452139579,0.4198161825,,0.8873958613,0.00483314,833160.93642716,0.70991846,0.00428502,0.62059724,0.00436521,0.00473224,0.00712762,0.00890072,0.11488713,-0.09912007,1.45452599,0.00915912,0.44508219,,,0.01803117,0.02950844,0.01624578,-0.26333095,0.02594738,0.02042711,1.48890597,0.81652383,0.62556043,1.5241255826,0.7060179035,449,,,,-1.680170725
20210730,20210731,205211.0,01W,JPN,0.004219,2021,7,20210630,20210630,187.26815802,2.6491826253,187.26815802,0.0556777674,0.0,0.0573668368,-0.036372626,-0.055699717,0.2826866914,0.4084040029,0.5932091377,0.272792884,-0.071092317,-0.005752443,0.0421023298,0.0062478827,0.00227538,,,,,,,,,,,,,,,,,,,,,,,,,,,,,,,,,,,,,,,,,,,,,,,,,,,,,,,,,,,,,,,,,,,,,,,,,,,,,,,,,,,,,,,,,,,,,,,1.1237914536,0.4779156316,0.7290303268,,0.9008935825,0.00486686,856889.5583122,0.68312991,0.00432606,0.62005312,0.00433931,0.00473615,0.005338,0.01499863,0.5773641,0.0100681,1.30404912,0.01409284,0.33813405,,,0.02728588,0.0539541,0.02286437,-0.0357408,0.02341926,0.02020157,1.63013944,0.78682471,0.62022201,1.5490768712,1.1000424545,450,,,,-1.681128668
20210831,20210831,205211.0,01W,JPN,0.039022,2021,8,20210730,20210731,188.05824368,2.6603595452,188.05824368,0.0554438494,0.0,0.0573668368,0.004219007,-0.053687778,0.1563894849,0.3207784984,0.5441425297,0.2492739019,-0.125262995,0.0556816029,0.037423912,-0.019859207,0.0032493945,,,,,,,,,,,,,,,,,,,,,,,,,,,,,,,,,,,,,,,,,,,,,,,,,,,,,,,,,,,,,,,,,,,,,,,,,,,,,,,,,,,,,,,,,,,,,,,1.1279766287,0.3117153944,0.3227228024,,0.8436069987,0.00552252,775669.94727802,0.76433786,0.00384146,0.69655009,0.00450269,0.00478282,0.00461411,0.00773014,-0.27800092,0.09016906,1.23558632,0.00786327,-0.55804203,,,0.02136147,0.02937571,0.01638938,-0.08941296,0.02486236,0.01899636,1.3589771,0.79014433,0.62019124,1.487141031,0.9194384887,451,,,,-1.655374506
20210930,20210930,205211.0,01W,JPN,0.011611,2021,9,20210831,20210831,195.39673576,2.7641732736,195.39673576,0.0533615513,0.0,0.0573668368,0.0390224429,-0.032307075,0.0074809237,0.2113025061,0.4688683346,0.2648828306,-0.036354846,0.0777500511,0.0339032204,0.1106298117,-0.006399615,,,,,,,,,,,,,,,,,,,,,,,,,,,,,,,,,,,,,,,,,,,,,,,,,,,,,,,,,,,,,,,,,,,,,,,,,,,,,,,,,,,,,,,,,,,,,,,1.1225377299,0.4001972786,-0.127987231,,0.8810037777,0.00565313,673587.81418337,0.86206641,0.00331924,0.7818692,0.00468737,0.00477706,0.00431888,0.007862,0.18673386,-0.16215817,1.15085759,0.00794498,-0.26261302,,,0.02123105,0.02769236,0.01428239,0.36378584,0.02745095,0.01889014,1.36811419,0.8209777,0.6230146,1.4906581133,0.9113894732,452,,,,-1.66176672
20211029,20211031,205211.0,01W,JPN,-0.05111,2021,10,20210930,20210930,192.6612752,2.7254761739,192.6612752,0.0595166129,0.0,0.0549700454,0.0116108801,0.0434060858,-0.050548874,0.2896833195,0.4160863771,0.3527825258,-0.008596888,0.027558105,0.0324534726,-0.018538338,0.0060287519,,,,,,,,,,,,,,,,,,,,,,,,,,,,,,,,,,,,,,,,,,,,,,,,,,,,,,,,,,,,,,,,,,,,,,,,,,,,,,,,,,,,,,,,,,,,,,,1.1131693374,0.3704123065,-0.412943228,,0.8779962295,0.00462464,516099.3809966,0.50772645,0.00261657,0.49415821,0.0051037,0.00475337,0.00612555,0.00909141,0.50935758,0.15529941,1.25753419,0.0095858,0.60012744,,,0.02275258,0.02750687,0.01581046,0.1125319,0.02869916,0.01869332,1.39569954,0.8094844,0.6236987,1.4931809915,0.9773782189,453,,,,-1.67109413
20211130,20211130,205211.0,01W,JPN,-0.082699,2021,11,20211029,20211031,182.81428651,2.5861760834,182.81428651,0.0627223766,0.0,0.0549700454,-0.051110368,0.0510864079,-0.001147626,0.2205933262,0.3941093737,0.4514789498,0.0306303592,0.0949790539,0.0191726161,0.0782884995,-0.001884817,,,,,,,,,,,,,,,,,,,,,,,,,,,,,,,,,,,,,,,,,,,,,,,,,,,,,,,,,,,,,,,,,,,,,,,,,,,,,,,,,,,,,,,,,,,,,,,1.1214335976,0.2272507052,-0.385593164,,0.8304535637,0.0057246,445762.58725161,0.54376039,0.00228869,0.52696673,0.00533564,0.0048254,0.00666685,0.00966559,1.00274554,-0.04541639,-0.01434801,0.00544799,-0.22868896,,,0.01181909,0.0240425,0.01172056,0.05839678,0.03086175,0.01677733,1.58764222,0.76811136,0.62296332,1.4110335022,0.5403347827,454,,,,-1.646829929
20211230,20211231,205211.0,01W,JPN,-0.000526,2021,12,20211130,20211130,167.69574445,2.3723021427,167.69574445,0.0683770871,0.0,0.0549700454,-0.082698909,-0.040092924,-0.034856951,0.0048262062,0.2081107176,0.2746464168,0.0192881692,-0.024124396,0.0138476603,-0.073509908,0.0116381189,,,,,,,,,,,,,,,,,,,,,,,,,,,,,,,,,,,,,,,,,,,,,,,,,,,,,,,,,,,,,,,,,,,,,,,,,,,,,,,,,,,,,,,,,,,,,,,1.2187218153,0.0787146335,-0.388691926,,0.7954976946,0.00624717,389968.26203871,0.57426769,0.0020244,0.54915201,0.00552507,0.00494716,0.00568101,0.00869875,0.01003701,-0.14652628,0.6067626,0.00769195,0.09152222,,,0.01411562,0.01859346,0.01408041,-0.17968421,0.03642351,0.0151456,1.53491506,0.70458939,0.62857854,1.3306861807,0.6945359997,455,,,,-1.588467127
20220131,20220131,205211.0,01W,JPN,0.017665,2022,1,20211230,20211231,167.60747194,2.3710533987,167.60747194,0.0684130987,0.0,0.0549700454,-0.000526385,-0.129582505,-0.0812561,-0.163985679,0.1355968673,0.2826866914,-0.08473029,0.0688717118,0.0075387424,0.0420848359,-0.001391089,,,,,,,,,,,,,,,,,,,,,,,,,,,,,,,,,,,,,,,,,,,,,,,,,,,,,,,,,,,,,,,,,,,,,,,,,,,,,,,,,,,,,,,,,,,,,,,1.2120717337,0.1833059771,-0.314643319,,0.8181818182,0.00510513,359791.15077035,0.52028449,0.00191717,0.48783138,0.00555962,0.00495539,0.00464206,0.01068812,0.9269388,0.38360024,1.10530991,0.00710999,-0.522245,,,0.02581633,0.0423653,0.0177738,0.97523774,0.03767308,0.01453285,1.51459078,0.7042185,0.64099799,1.3123624807,1.2889398133,456,,,,-1.594144997
20220228,20220228,205211.0,01W,JPN,0.028253,2022,2,20220131,20220131,170.56831102,2.412938808,170.56831102,0.0672255383,0.0,0.0549700454,0.0176653167,-0.083181762,-0.085597583,-0.131039068,0.06186654,0.1563894849,-0.004126126,0.1526454475,-0.004732179,-0.046819496,0.0086573151,,,,,,,,,,,,,,,,,,,,,,,,,,,,,,,,,,,,,,,,,,,,,,,,,,,,,,,,,,,,,,,,,,,,,,,,,,,,,,,,,,,,,,,,,,,,,,,1.1745003847,-0.027277904,-0.450540844,,0.7243967828,0.006272,343441.74082098,0.55446612,0.0018537,0.51190619,0.00566245,0.00511117,0.00741836,0.00630792,0.11682214,-0.00495673,1.09138299,0.00629452,-0.46711934,,,0.01569967,0.02363627,0.0136522,-0.49325637,0.03903865,0.01392513,1.30928269,0.71665874,0.64109417,1.1845595297,0.8214765611,457,,,,-1.481186167
20220331,20220331,205211.0,01W,JPN,-0.06771,2022,3,20220228,20220228,175.38738321,2.4811116486,175.38738321,0.0653784002,0.0,0.0549700454,0.0282530334,0.0171296331,-0.104393143,-0.099507906,-0.062482959,0.0074809237,0.1087096204,0.1025267777,-0.011484337,-0.041929266,0.0108788212,,,,,,,,,,,,,,,,,,,,,,,,,,,,,,,,,,,,,,,,,,,,,,,,,,,,,,,,,,,,,,,,,,,,,,,,,,,,,,,,,,,,,,,,,,,,,,,1.1672094481,-0.415908179,-0.870910682,,0.6054257319,0.00591979,338495.86596719,0.60425391,0.00185141,0.5584723,0.00568809,0.00522163,0.0065232,0.00763508,-0.14480038,0.40932252,0.26636903,0.00714013,-0.60252607,,,0.01768516,0.03266406,0.0131336,0.90659798,0.03844144,0.01244892,1.19357477,0.73690653,0.64131773,1.1030108651,1.0092789378,458,,,,-1.197000089
20220428,20220430,205211.0,01W,JPN,-0.11534,2022,4,20220331,20220331,160.08150176,2.2645875176,160.08150176,0.0533148311,0.0,0.0468446384,-0.067710476,0.0464174489,-0.089659388,-0.039116413,-0.125640519,-0.050548874,0.2745796468,-0.038421379,-0.014146982,0.0137903975,0.0090742967,,,,,,,,,,,,,,,,,,,,,,,,,,,,,,,,,,,,,,,,,,,,,,,,,,,,,,,,,,,,,,,,,,,,,,,,,,,,,,,,,,,,,,,,,,,,,,,1.1751125794,-0.871976385,-0.784501786,,0.4817302526,0.00572923,288670.42904547,0.49824954,0.00166013,0.50088477,0.0058962,0.00553565,0.00613279,0.01163061,-0.08139951,0.45753607,0.39255782,0.00985729,0.32983898,,,0.02400502,0.04948446,0.02068823,0.35311121,0.04515839,0.01062523,1.00633715,0.75257422,0.64117363,0.957357198,1.469490039,459,,,,-0.77647642
20220531,20220531,205211.0,01W,JPN,0.044022,2022,5,20220428,20220430,141.61762438,2.0033889044,141.61762438,0.0602659328,0.0,0.0468446384,-0.115340481,-0.041370469,-0.10558511,-0.107941898,-0.152272975,-0.001147626,0.2465037951,-0.017968722,-0.02299896,-0.002386616,0.0100527005,,,,,,,,,,,,,,,,,,,,,,,,,,,,,,,,,,,,,,,,,,,,,,,,,,,,,,,,,,,,,,,,,,,,,,,,,,,,,,,,,,,,,,,,,,,,,,,1.1817132284,-0.676454663,-0.544145914,,0.459437751,0.00617916,272303.85402905,0.51301064,0.00161892,0.50637637,0.00602641,0.00571529,0.00292263,0.01177244,0.39738553,-0.30237363,0.31957312,0.01096539,1.39109393,,,0.0123181,0.01847715,0.0147144,-0.1855842,0.05009008,0.01037673,1.04168213,0.66577195,0.64126221,0.936054515,0.7617773003,460,,,,-0.706394178
20220630,20220630,205211.0,01W,JPN,-0.085263,2022,6,20220531,20220531,147.85193299,2.0915823391,147.85193299,0.057724766,0.0,0.0468446384,0.0440221239,-0.175241198,-0.137412291,-0.240470986,-0.236328008,-0.034856951,0.1667020405,-0.036372626,-0.015690347,-0.016721534,0.0098292753,,,,,,,,,,,,,,,,,,,,,,,,,,,,,,,,,,,,,,,,,,,,,,,,,,,,,,,,,,,,,,,,,,,,,,,,,,,,,,,,,,,,,,,,,,,,,,,1.1821932382,-0.74236532,-0.643775592,,0.4355495251,0.00620037,266018.14748589,0.52607316,0.00162133,0.49999672,0.00600348,0.00585396,0.00477302,0.01287445,-0.18244097,-0.31395268,1.45541015,0.0115986,0.5564022,,,0.02195201,0.02680137,0.01495421,0.0230657,0.0515836,0.01070843,1.00315639,0.69508064,0.64320747,0.9545090908,1.363119806,461,,,,-0.730013162
20220729,20220731,205211.0,01W,JPN,0.03797,2022,7,20220630,20220630,135.24563704,1.9132478024,135.24563704,0.0631053128,0.0,0.0468446384,-0.085262977,-0.07639589,-0.098965057,-0.216136254,-0.172615395,-0.0812561,0.1061029397,0.004219007,-0.023825073,-0.009145048,0.0079406535,,,,,,,,,,,,,,,,,,,,,,,,,,,,,,,,,,,,,,,,,,,,,,,,,,,,,,,,,,,,,,,,,,,,,,,,,,,,,,,,,,,,,,,,,,,,,,,1.1831443969,-0.495582719,-0.213079021,,0.5502159827,0.0054239,245481.84104,0.5129813,0.00155895,0.48258973,0.0060614,0.00594207,0.00472603,0.01162341,0.45061904,-0.02449726,0.5622851,0.01034433,0.34192451,,,0.01610298,0.02295882,0.0150035,0.08829586,0.05499959,0.01013643,0.88452104,0.635816,0.63999594,0.8750353098,1.0517026081,462,,,,-0.388540507
20220831,20220831,205211.0,01W,JPN,-0.033718,2022,8,20220729,20220731,140.38097837,1.9858947337,140.38097837,0.0607968282,0.0,0.0468446384,0.0379704768,-0.04499431,-0.190097168,-0.244349221,-0.246340364,-0.085597583,0.1243542308,0.0390224429,-0.023920706,0.0044907043,0.0070715208,,,,,,,,,,,,,,,,,,,,,,,,,,,,,,,,,,,,,,,,,,,,,,,,,,,,,,,,,,,,,,,,,,,,,,,,,,,,,,,,,,,,,,,,,,,,,,,1.1743514703,-0.577709432,-0.795434595,,0.4786947141,0.00620734,228995.87811166,0.55866833,0.00149575,0.51047787,0.00604124,0.00601913,0.00340321,0.00692757,0.23046185,-0.19872401,0.65597143,0.00660136,0.57420745,,,0.01617826,0.02051526,0.01108194,-0.01135649,0.05999525,0.01001713,0.87824076,0.65995823,0.63868657,0.8472195472,1.0820032788,463,,,,-0.210601896
20220930,20220930,205211.0,01W,JPN,-0.139273,2022,9,20220831,20220831,135.64765949,1.9189349993,135.64765949,0.062918286,0.0,0.0468446384,-0.033717666,-0.050529976,-0.18244323,-0.144944656,-0.247103413,-0.104393143,0.1715965246,0.0116108801,-0.028041483,0.1181737011,-0.002311104,,,,,,,,,,,,,,,,,,,,,,,,,,,,,,,,,,,,,,,,,,,,,,,,,,,,,,,,,,,,,,,,,,,,,,,,,,,,,,,,,,,,,,,,,,,,,,,1.1751521021,-0.705568488,-0.993430444,,0.4054491503,0.00682117,200587.17617547,0.55149287,0.00135136,0.51283066,0.00617903,0.00610791,0.00329221,0.00678589,-1.00867991,0.16056839,0.80250671,0.00691853,-0.91799642,,,0.01254224,0.0189981,0.0099546,0.52731705,0.06729734,0.00998654,0.83408684,0.63770598,0.63907964,0.8132148614,0.8579230784,464,,,,-0.052185507
20221031,20221031,205211.0,01W,JPN,-0.055182,2022,10,20220930,20220930,115.79068775,1.6380290243,115.79068775,0.0384960222,0.0,0.0295010151,-0.139272945,0.0029725354,-0.152633765,-0.173339985,-0.280839415,-0.089659388,0.0288999827,-0.051110368,-0.036056263,-0.00876076,0.006039785,,,,,,,,,,,,,,,,,,,,,,,,,,,,,,,,,,,,,,,,,,,,,,,,,,,,,,,,,,,,,,,,,,,,,,,,,,,,,,,,,,,,,,,,,,,,,,,1.1797063701,-0.384036667,-0.617537651,,0.3986013986,0.00571106,181053.66965473,0.53660928,0.0013092,0.54133691,0.00617986,0.00624042,0.0030786,0.0108253,-1.09584948,-0.0031598,1.06539645,0.01077755,-1.6796815,,,0.01728482,0.02924088,0.01916093,-0.01050197,0.07306462,0.01008489,0.88308147,0.60403293,0.64545124,0.8073397615,1.1516960091,465,,,,-0.159831867
20221130,20221130,205211.0,01W,JPN,0.047879,2022,11,20221031,20221031,109.4010682,1.5476384887,109.4010682,0.0407444001,0.0,0.0295010151,-0.055182499,-0.168294652,-0.175557343,-0.300822551,-0.347657566,-0.10558511,-0.102995693,-0.082698909,-0.033554771,0.0752423883,-0.004767885,,,,,,,,,,,,,,,,,,,,,,,,,,,,,,,,,,,,,,,,,,,,,,,,,,,,,,,,,,,,,,,,,,,,,,,,,,,,,,,,,,,,,,,,,,,,,,,1.148043441,-0.502244299,-0.678295221,,0.2977139819,0.00622531,168152.66891346,0.57230424,0.00126336,0.56276862,0.00620229,0.00626688,0.00485097,0.01340288,-0.66912826,0.51173153,1.06997913,0.01170356,0.68106251,,,0.02763222,0.06000113,0.02334679,0.92275712,0.08946243,0.0106421,0.8884451,0.58869778,0.64930578,0.8438326004,1.7219371707,466,,,,-0.506615052
20221230,20221231,205211.0,01W,JPN,-0.004031,2022,12,20221130,20221130,114.63909717,1.6217380872,114.63909717,0.0388827285,0.0,0.0295010151,0.0478791392,-0.186770015,-0.25389718,-0.357555904,-0.328089158,-0.137412291,-0.265306443,-0.000526385,-0.029154269,-0.101236455,0.0066698967,,,,,,,,,,,,,,,,,,,,,,,,,,,,,,,,,,,,,,,,,,,,,,,,,,,,,,,,,,,,,,,,,,,,,,,,,,,,,,,,,,,,,,,,,,,,,,,1.0798862105,-0.421467149,-1.269027155,,0.2667910448,0.00592713,162371.21047828,0.58066633,0.00127558,0.55917959,0.00615695,0.00621605,0.00468158,0.00960396,-0.42109866,-0.26428037,0.6619229,0.00960202,-0.34642179,,,0.0256413,0.03888706,0.01945571,-0.0998131,0.09609967,0.01069615,0.93177217,0.63958516,0.64653841,0.8272143481,1.5536819728,467,,,,-0.602332146
20230131,20230131,205211.0,01W,JPN,0.417839,2023,1,20221230,20221231,114.17701995,1.6152013277,114.17701995,0.0390400879,0.0,0.0295010151,-0.004030712,-0.009945451,-0.145300168,-0.277902681,-0.295547833,-0.098965057,-0.230445038,0.0176653167,-0.031126635,0.0637129541,-0.007296484,,,,,,,,,,,,,,,,,,,,,,,,,,,,,,,,,,,,,,,,,,,,,,,,,,,,,,,,,,,,,,,,,,,,,,,,,,,,,,,,,,,,,,,,,,,,,,,1.0828330519,-0.565472913,-1.610641715,,0.2090909091,0.00564283,148901.58524691,0.51308647,0.0012361,0.53862736,0.00620399,0.00627433,0.00249486,0.00686681,0.37963303,-0.40692884,1.17791183,0.00625559,-0.05193927,,,0.02186285,0.02837351,0.01597595,0.07582625,0.1016785,0.01035795,0.93579342,0.63776578,0.64865938,0.8090035852,1.3378787215,468,,,,-0.565727838
20230228,20230228,205211.0,01W,JPN,-0.018366,2023,2,20230131,20230131,161.88462289,2.2900953093,161.88462289,0.0275349246,0.0,0.0295010151,0.417838922,0.0436554399,-0.179885361,-0.187046839,-0.310566341,-0.190097168,-0.289177443,0.0282530334,0.0042902642,-0.017492699,-0.001825188,,,,,,,,,,,,,,,,,,,,,,,,,,,,,,,,,,,,,,,,,,,,,,,,,,,,,,,,,,,,,,,,,,,,,,,,,,,,,,,,,,,,,,,,,,,,,,,1.2252716206,-1.141224385,-2.04872208,,0.1156696665,0.00120453,466210.64700454,3.68269337,0.00321216,3.33370821,0.00433131,0.00518867,0.00629552,0.07228296,3.96236318,-0.26857848,3.65684777,0.07293216,3.33747457,,,0.09043188,0.31210762,0.0734426,3.82057433,0.10232019,0.02270305,0.95212356,0.90424915,0.60517518,1.2330173421,3.4487558454,469,,,,-1.690893635
20230331,20230331,205211.0,01W,JPN,0.03663,2023,3,20230228,20230228,158.91145071,2.2480354302,158.91145071,0.0280500925,0.0,0.0295010151,-0.018365995,0.4121240213,0.2033651188,0.1040346823,-0.049352791,-0.18244323,-0.293576061,-0.067710476,0.0087761261,-0.006059372,-0.003010093,,,,,,,,,,,,,,,,,,,,,,,,,,,,,,,,,,,,,,,,,,,,,,,,,,,,,,,,,,,,,,,,,,,,,,,,,,,,,,,,,,,,,,,,,,,,,,,1.2227845927,-0.048861973,0.1012100775,,0.5701731025,0.00317518,588824.9052571,2.95885912,0.00397082,2.73219585,0.00386956,0.00493794,0.00320888,0.0085063,0.17674327,-0.07370782,1.48694925,0.00846255,-0.00026706,,,0.01594234,0.0191018,0.01222466,0.29368332,0.0916881,0.02267936,0.95529687,0.88764171,0.59875464,1.2335009624,0.6097169541,470,,,,-1.699144849
20230428,20230430,205211.0,01W,JPN,-0.006516,2023,4,20230331,20230331,154.20633582,2.1814746825,154.20633582,0.0754266313,0.0,0.0743293912,0.0366299313,0.3917988994,0.3724026845,0.1847754704,0.0009633311,-0.152633765,-0.328470908,-0.115340481,0.0225916181,0.0083758253,-0.005423402,,,,,,,,,,,,,,,,,,,,,,,,,,,,,,,,,,,,,,,,,,,,,,,,,,,,,,,,,,,,,,,,,,,,,,,,,,,,,,,,,,,,,,,,,,,,,,,1.2195677843,0.0322499399,0.1402691652,,0.657831964,0.00191693,827229.78006556,2.16628042,0.00539373,2.06555068,0.00328486,0.0044308,0.0041574,0.01125935,0.50921901,0.30057064,0.63980553,0.01027807,0.57320938,,,0.02469961,0.03480362,0.01494022,0.74724982,0.07622828,0.02265846,0.97018032,0.91764567,0.5982163,1.2640612187,0.9575597538,471,,,,-1.701002242
20230531,20230531,205211.0,01W,JPN,-0.045553,2023,5,20230428,20230430,153.20147181,2.167259408,153.20147181,0.0759213622,0.0,0.0743293912,-0.00651636,0.0175911912,0.5057656104,0.1832453253,0.1729128853,-0.175557343,-0.397082363,0.0440221239,0.0179972105,-0.019179211,-0.005206431,,,,,,,,,,,,,,,,,,,,,,,,,,,,,,,,,,,,,,,,,,,,,,,,,,,,,,,,,,,,,,,,,,,,,,,,,,,,,,,,,,,,,,,,,,,,,,,1.2201036738,0.0423828035,0.233686463,,0.696656051,0.00358447,919579.49202994,1.92517439,0.00593059,1.85719331,0.00309167,0.0042558,0.00312403,0.00960688,0.75118004,0.16161617,0.87177826,0.00978851,0.30742128,,,0.01316781,0.03216439,0.0109791,1.07207891,0.05164316,0.02258488,0.94709327,0.91166596,0.60046728,1.2777141048,0.5147424833,472,,,,-1.702911804
20230630,20230630,205211.0,01W,JPN,0.14686,2023,6,20230531,20230531,146.22270193,2.0685344773,146.22270193,0.0795448605,0.0,0.0743293912,-0.045552891,0.0298748775,0.4276011838,0.2165542418,0.1161351239,-0.25389718,-0.328676515,-0.085262977,0.0216072183,-0.029919887,-0.001812217,,,,,,,,,,,,,,,,,,,,,,,,,,,,,,,,,,,,,,,,,,,,,,,,,,,,,,,,,,,,,,,,,,,,,,,,,,,,,,,,,,,,,,,,,,,,,,,1.2148091113,0.0159379742,0.327605631,,0.6523696055,0.00362993,998618.44973724,1.74847467,0.00639344,1.70162937,0.00291762,0.00411995,0.00352143,0.0054549,0.57964892,0.38346356,0.84138011,0.00495374,0.39926044,,,0.00729054,0.01590896,0.00716303,0.81429423,0.03566437,0.02233319,0.92163063,0.87013694,0.60132138,1.2838089935,0.2882232388,473,,,,-1.704761792
20230731,20230731,205211.0,01W,JPN,0.153641,2023,7,20230630,20230630,167.69692195,2.3723188001,167.69692195,0.0693588427,0.0,0.0743293912,0.1468596855,-0.051772412,0.3680841769,0.3490184522,0.1645881994,-0.145300168,-0.381294268,0.0379704768,0.0315062373,-0.005069755,-0.005839358,,,,,,,,,,,,,,,,,,,,,,,,,,,,,,,,,,,,,,,,,,,,,,,,,,,,,,,,,,,,,,,,,,,,,,,,,,,,,,,,,,,,,,,,,,,,,,,1.2516534706,-0.015263116,0.3432559019,,0.6838313767,0.00279783,1153585.23052678,1.49065235,0.00728749,1.47415689,0.00266091,0.0038986,0.00578905,0.01406909,1.39399741,0.01552612,0.04288265,0.0144539,1.73466005,,,0.02637238,0.04765182,0.01419351,1.16301981,0.02194294,0.02259382,1.00149299,0.99792498,0.59727987,1.3007289547,1.0439250336,474,,,,-1.706582861
20230831,20230831,205211.0,01W,JPN,0.076352,2023,8,20230731,20230731,193.46201522,2.7368038154,193.46201522,0.0601216958,0.0,0.0743293912,0.153640824,0.0946169117,0.1066141326,0.6374959998,0.2867603521,-0.179885361,-0.333328679,-0.033717666,0.0485388273,0.0149648314,-0.005963417,,,,,,,,,,,,,,,,,,,,,,,,,,,,,,,,,,,,,,,,,,,,,,,,,,,,,,,,,,,,,,,,,,,,,,,,,,,,,,,,,,,,,,,,,,,,,,,1.2762503273,0.0536308502,0.0602417701,,0.8208797032,0.00291318,977135.34733342,0.64467429,0.00602731,0.63093473,0.00305654,0.00374038,0.00385245,0.01491445,1.13656549,-0.05692976,0.65075249,0.01570019,1.11448726,,,0.02814622,0.05632857,0.01700511,0.88816122,0.01137847,0.02292259,0.96058402,0.99002175,0.59536081,1.3344561824,1.1009206974,475,,,,-1.706623281
20230929,20230930,205211.0,01W,JPN,0.057622,2023,9,20230831,20230831,208.23321752,2.9457641261,208.23321752,0.0558569116,0.0,0.0743293912,0.076351951,0.3230641527,0.3005205947,0.8027672887,0.5362583171,0.2033651188,-0.341682239,-0.139272945,0.0681410905,0.0830990153,-0.012436102,,,,,,,,,,,,,,,,,,,,,,,,,,,,,,,,,,,,,,,,,,,,,,,,,,,,,,,,,,,,,,,,,,,,,,,,,,,,,,,,,,,,,,,,,,,,,,,1.253170376,0.0600094139,0.2678817027,,0.9026407042,0.00312173,1003028.63055591,0.61756067,0.00598988,0.61903237,0.00304099,0.00356928,0.00568017,0.01348095,0.03987731,-0.12892803,0.89108951,0.01398646,0.20307037,,,0.02295768,0.03771279,0.01557258,0.08215098,0.01141635,0.02313809,0.9992265,0.99427895,0.59298703,1.3734151805,0.8903110427,476,,,,-1.709378202
20231031,20231031,205211.0,01W,JPN,-0.055448,2023,10,20230929,20230930,215.80979903,3.0529459787,215.80979903,0.0712928755,0.0,0.0863152558,0.0576224744,0.2417235517,0.3503544872,0.9482649838,0.9211138154,0.3724026845,-0.439122167,-0.055182499,0.0783960881,-0.043641986,-0.004312647,,,,,,,,,,,,,,,,,,,,,,,,,,,,,,,,,,,,,,,,,,,,,,,,,,,,,,,,,,,,,,,,,,,,,,,,,,,,,,,,,,,,,,,,,,,,,,,1.2417500514,0.1322819653,0.4787753349,,0.9527310924,0.00233198,1005512.81308624,0.58539141,0.00552624,0.4991422,0.00318907,0.00339168,0.00484982,0.02388574,0.07633766,-0.17871357,-1.02729681,0.01850423,0.35752827,,,0.03269928,0.06639808,0.02534322,-0.1116004,0.01179497,0.02386272,0.93317033,0.90754495,0.58400879,1.4681514516,1.2556860999,477,,,,-1.713953744
20231130,20231130,205211.0,01W,JPN,0.022882,2023,11,20231031,20231031,203.84356565,2.8836660653,203.84356565,0.0754779828,0.0,0.0863152558,-0.055448054,0.1383740137,0.437532735,0.4532883821,1.1504821256,0.5057656104,-0.372651922,0.0478791392,0.0690027069,0.0245791469,-0.008239398,,,,,,,,,,,,,,,,,,,,,,,,,,,,,,,,,,,,,,,,,,,,,,,,,,,,,,,,,,,,,,,,,,,,,,,,,,,,,,,,,,,,,,,,,,,,,,,1.2019180861,0.2143327579,0.9466011271,,0.9729083665,0.00272391,1106099.25882006,0.54296609,0.00581602,0.48044756,0.00307152,0.00322404,0.00285531,0.01579551,0.56750812,0.32578209,1.75875636,0.01577282,0.25273585,,,0.03402803,0.0689893,0.02635305,0.90911669,0.01236073,0.02394523,0.90942055,0.85722335,0.58382307,1.4716582113,1.2956178313,478,,,,-1.711221349
20231229,20231231,205211.0,01W,JPN,0.012569,2023,12,20231130,20231130,208.50799308,2.9496512292,208.50799308,0.0737895028,0.0,0.0863152558,0.0228823874,-0.001020634,0.4226292153,0.3983891782,0.9384316385,0.4276011838,-0.296116277,-0.004030712,0.0714493524,-0.089917233,0.0047588967,,,,,,,,,,,,,,,,,,,,,,,,,,,,,,,,,,,,,,,,,,,,,,,,,,,,,,,,,,,,,,,,,,,,,,,,,,,,,,,,,,,,,,,,,,,,,,,1.1559517994,0.3454514019,1.3316503449,,0.9833553501,0.00403021,1123738.74626766,0.53264426,0.00572312,0.50507167,0.00310565,0.00313842,0.00712656,0.01838645,0.24614272,-0.4672983,1.3712281,0.01628275,1.03953729,,,0.02778714,0.05340881,0.02112286,0.19393562,0.01381651,0.02434649,0.83587622,0.87683867,0.5794736,1.5492071079,1.0538278905,479,,,,-1.712152708
20240131,20240131,205211.0,01W,JPN,0.068782,2024,1,20231229,20231231,211.12871817,2.9867252275,211.12871817,0.0728735592,0.0,0.0863152558,0.0125689431,-0.03383445,0.2688408063,0.3798440676,0.9908119723,0.3680841769,-0.189005471,0.417838922,0.034606627,0.0426915572,-0.004306879,,,,,,,,,,,,,,,,,,,,,,,,,,,,,,,,,,,,,,,,,,,,,,,,,,,,,,,,,,,,,,,,,,,,,,,,,,,,,,,,,,,,,,,,,,,,,,,1.1014172975,0.3578701029,0.3383666871,,0.9773743752,0.00473338,1054005.11793694,0.56175385,0.00511082,0.52871815,0.00339624,0.00310784,0.00518532,0.00804496,0.21810008,0.11901322,1.19557296,0.00802622,-0.03564444,,,0.01736696,0.02003958,0.01327644,-0.51144845,0.0147508,0.02443391,0.83825042,0.8878596,0.57133818,1.5815741792,0.6610366478,480,,,,-1.713092598
20240229,20240229,205211.0,01W,JPN,0.03692,2024,2,20240131,20240131,225.65066556,3.1921594622,225.65066556,0.0681837171,0.0,0.0863152558,0.0687824353,0.0357389378,0.113681804,0.4063515421,0.421765437,0.1066141326,0.0876562615,-0.018365995,0.0425292116,-0.019093328,0.0095064897,,,,,,,,,,,,,,,,,,,,,,,,,,,,,,,,,,,,,,,,,,,,,,,,,,,,,,,,,,,,,,,,,,,,,,,,,,,,,,,,,,,,,,,,,,,,,,,1.1156249637,0.1311477579,-0.001867697,,0.8912243826,0.00371509,1047315.78786593,0.5441107,0.00492412,0.51424158,0.00354206,0.00340062,0.00717003,0.01320493,0.15462831,0.07744676,0.25347833,0.01196635,-0.31412505,,,0.02547514,0.0316596,0.01684261,0.288644,0.01511225,0.01434356,0.82102915,0.94892875,0.56943858,1.0215287327,1.4982509406,481,,,,-0.779935986
20240329,20240331,205211.0,01W,JPN,0.0148,2024,3,20240229,20240229,233.98177355,3.3100151978,233.98177355,0.0657559813,0.0,0.0863152558,0.0369203785,0.0822159008,0.1058497637,0.5748214974,0.5479882711,0.3005205947,0.1090303351,0.0366299313,0.0425556159,-0.018170575,0.0098525756,,,,,,,,,,,,,,,,,,,,,,,,,,,,,,,,,,,,,,,,,,,,,,,,,,,,,,,,,,,,,,,,,,,,,,,,,,,,,,,,,,,,,,,,,,,,,,,1.1154262818,0.1661638052,-0.461896196,,0.9178298657,0.00389975,1050602.89194706,0.58621523,0.00483628,0.55576735,0.00366599,0.00344974,0.00581045,0.01438923,0.58268167,-0.06847326,3.75220154,0.01275711,-0.37936563,,,0.029569,0.03985856,0.0206666,0.40069591,0.01582554,0.01485698,0.82102299,0.98396356,0.56934967,1.0710869641,1.6824202472,482,,,,-0.937194628
20240430,20240430,205211.0,01W,JPN,0.036498,2024,4,20240329,20240331,230.8751162,3.2660669753,230.8751162,0.048830906,0.0,0.0483426239,0.0148001271,0.1082422873,0.084203658,0.423857272,0.5484219928,0.3503544872,0.457278273,-0.00651636,0.0444934783,-0.016792528,0.0153574119,,,,,,,,,,,,,,,,,,,,,,,,,,,,,,,,,,,,,,,,,,,,,,,,,,,,,,,,,,,,,,,,,,,,,,,,,,,,,,,,,,,,,,,,,,,,,,,1.1068624457,0.20669045,-0.612112581,,0.9237221494,0.00284957,1060629.85592981,0.6315949,0.00480548,0.5833917,0.00374336,0.00358002,0.00828715,0.02458115,-0.08817131,-0.57954003,-0.54967388,0.02034657,-0.16211439,,,0.03391327,0.05443996,0.02566257,0.0377636,0.01595776,0.0160779,0.86058501,0.90773104,0.56851321,1.1721477623,1.8292492042,483,,,,-1.207069301
20240531,20240531,205211.0,01W,JPN,0.022147,2024,5,20240430,20240430,239.30163676,3.3852724617,239.30163676,0.0471114249,0.0,0.0483426239,0.0364981757,0.0522669319,0.1648380109,0.25249602,0.581645406,0.437532735,0.3592215517,-0.045552891,0.0519526662,0.0074164691,0.0115276912,,,,,,,,,,,,,,,,,,,,,,,,,,,,,,,,,,,,,,,,,,,,,,,,,,,,,,,,,,,,,,,,,,,,,,,,,,,,,,,,,,,,,,,,,,,,,,,1.058202611,0.0828045948,-0.990188375,,0.9149882291,0.00367779,1009662.89486557,0.71775766,0.00452193,0.65623323,0.00392255,0.00359999,0.00702076,0.01492631,0.59051886,0.08425607,0.85835473,0.0154373,0.39238275,,,0.03203432,0.03672483,0.02205979,0.06576536,0.01703754,0.0164168,0.89925091,0.94086156,0.57010434,1.1665623329,1.6601123152,484,,,,-1.323395438
20240628,20240630,205211.0,01W,JPN,0.040185,2024,6,20240531,20240531,227.30023546,3.4602463315,227.30023546,0.0495988975,-0.07073233,0.1217010784,0.022147071,0.0518384805,0.1803433984,0.2061202088,0.7176149017,0.4226292153,0.3754896634,0.1468596855,0.0406151558,-0.049368312,0.0169464981,,,,,,,,,,,,,,,,,,,,,,,,,,,,,,,,,,,,,,,,,,,,,,,,,,,,,,,,,,,,,,,,,,,,,,,,,,,,,,,,,,,,,,,,,,,,,,,1.0463195563,0.2402587176,-0.111262206,,0.9649076517,0.00368342,1061387.16446448,0.70690432,0.00465104,0.65737071,0.00387631,0.00360806,0.0066183,0.01488628,-0.25299827,0.22818227,1.26062964,0.01501241,-0.33029475,,,0.02075996,0.03260972,0.01552274,0.06328785,0.01544994,0.0168771,0.86662909,0.96169889,0.57581467,1.1754718694,1.058150804,485,,,,-1.388014894
20240731,20240731,205211.0,01W,JPN,-0.050937,2024,7,20240628,20240630,236.43418451,3.5992946419,236.43418451,0.047682788,-0.07073233,0.1217010784,0.0401845121,0.0594535745,0.1915085445,0.1656638059,0.5308368261,0.2688408063,0.6284492087,0.153640824,0.0303009456,0.0136001895,0.0152709648,,,,,,,,,,,,,,,,,,,,,,,,,,,,,,,,,,,,,,,,,,,,,,,,,,,,,,,,,,,,,,,,,,,,,,,,,,,,,,,,,,,,,,,,,,,,,,,1.0612478379,0.1139132432,0.0200005592,,0.9327024185,0.0043944,1084873.96629568,0.69649327,0.00470445,0.65917306,0.00382206,0.00374302,0.0054752,0.01357712,1.97462277,-0.1079586,1.15442579,0.01297338,1.06966521,,,0.02921699,0.05292104,0.02390467,0.14635781,0.0168088,0.01679124,0.99709595,0.99268158,0.57815647,1.2292554532,1.4361897362,486,,,,-1.491075797
20240830,20240831,205211.0,01W,JPN,-0.096286,2024,8,20240731,20240731,224.39100988,3.4159584885,224.39100988,0.0502419464,-0.07073233,0.1217010784,-0.050936689,0.0632215524,0.15962678,0.2836831709,0.3802846812,0.113681804,0.845493562,0.076351951,0.018729251,0.0118994812,0.0185091453,,,,,,,,,,,,,,,,,,,,,,,,,,,,,,,,,,,,,,,,,,,,,,,,,,,,,,,,,,,,,,,,,,,,,,,,,,,,,,,,,,,,,,,,,,,,,,,0.9970742421,0.2070141545,0.303670845,,0.9153704192,0.00440405,1028577.71501855,0.73146558,0.00443397,0.69732316,0.00392359,0.00386319,0.00612198,0.01559016,0.60788026,-0.14123557,1.56888823,0.01632178,0.57852086,,,0.02607709,0.03590921,0.0208294,0.10513377,0.01843501,0.01692797,1.13002107,0.91194876,0.57784812,1.1602319045,1.2663593264,487,,,,-1.488640977
20240930,20240930,205211.0,01W,JPN,0.085859,2024,9,20240830,20240831,202.78518549,3.0870478104,202.78518549,0.0555949936,-0.07073233,0.1217010784,-0.096286497,-0.012799043,0.0613729402,0.1910426995,0.2170531654,0.1058497637,1.0133563275,0.0576224744,0.0047375263,0.0457160163,0.0174744695,,,,,,,,,,,,,,,,,,,,,,,,,,,,,,,,,,,,,,,,,,,,,,,,,,,,,,,,,,,,,,,,,,,,,,,,,,,,,,,,,,,,,,,,,,,,,,,0.9971906213,-0.118438747,-0.055970516,,0.74836173,0.00381018,990543.50309247,0.7337078,0.00435953,0.69838717,0.00390096,0.00391583,0.01110633,0.01556213,-0.52353987,-1.2165785,1.83831697,0.01549341,-0.3387376,,,0.03832557,0.05554746,0.04289932,-1.6884187,0.0206862,0.01709429,1.39336766,0.8241404,0.60363045,1.0488641834,1.6235474242,488,,,,-1.523131712
20241031,20241031,205211.0,01W,JPN,-0.035802,2024,10,20240930,20240930,213.6685833,3.2527284014,213.6685833,0.062885528,-0.07073233,0.1315089479,0.085859087,-0.142318671,-0.054811847,0.063000576,0.0399432742,0.084203658,0.7272973878,-0.055448054,0.01758363,-0.01861511,0.0193419899,,,,,,,,,,,,,,,,,,,,,,,,,,,,,,,,,,,,,,,,,,,,,,,,,,,,,,,,,,,,,,,,,,,,,,,,,,,,,,,,,,,,,,,,,,,,,,,0.940418252,-0.286002551,-0.097364224,,0.4657247514,0.00329794,900609.36361348,0.78428494,0.00408963,0.77440207,0.00402396,0.004005,0.00679314,0.02569714,3.26485491,-0.14443334,2.29156639,0.02479649,2.33302827,,,0.04544949,0.09825921,0.0330877,1.15310809,0.02186232,0.01725995,1.44494582,0.86837168,0.60887998,1.044129512,1.8691179725,489,,,,-1.574054324
20241129,20241130,205211.0,01W,JPN,0.165227,2024,11,20241031,20241031,206.0188576,3.1362747812,206.0188576,0.0652205426,-0.07073233,0.1315089479,-0.035801827,-0.018694481,-0.009799372,0.0799848471,0.195521177,0.1648380109,0.6245781354,0.0228823874,0.0122487014,0.0530640029,0.0114683802,,,,,,,,,,,,,,,,,,,,,,,,,,,,,,,,,,,,,,,,,,,,,,,,,,,,,,,,,,,,,,,,,,,,,,,,,,,,,,,,,,,,,,,,,,,,,,,0.9618793018,-0.113487263,-0.049602445,,0.623464855,0.00409234,850862.45821413,0.74579811,0.00390988,0.74543347,0.0041401,0.00415634,0.00439734,0.01397927,1.06802337,0.42430752,0.99440092,0.01315939,1.11735883,,,0.03024275,0.05193168,0.02131618,0.93308674,0.02238503,0.01704735,1.41735446,0.83728239,0.618754,1.0474091103,1.2660811662,490,,,,-1.582795029
20241230,20241231,205211.0,01W,JPN,-0.002347,2024,12,20241129,20241130,240.05877298,3.6544726268,240.05877298,0.0559723834,-0.07073233,0.1315089479,0.1652271825,0.0469833476,-0.065937121,0.0042424064,0.12693243,0.1803433984,0.4423722605,0.0125689431,0.0261267232,-0.05703197,0.0185404154,,,,,,,,,,,,,,,,,,,,,,,,,,,,,,,,,,,,,,,,,,,,,,,,,,,,,,,,,,,,,,,,,,,,,,,,,,,,,,,,,,,,,,,,,,,,,,,0.9559139962,-0.128180459,-0.096158229,,0.7293529721,0.00456527,792569.95944868,0.73059673,0.00369865,0.74477821,0.00427856,0.00419585,0.00535673,0.0114745,0.13168357,0.71617496,1.05585257,0.00957536,0.00058071,,,0.0317163,0.05054102,0.01718918,1.09465415,0.02363002,0.01665243,1.41486047,0.9756242,0.61798897,1.041971024,1.33724481,491,,,,-1.576414628
20250131,20250131,205211.0,01W,JPN,0.033987,2025,1,20241230,20241231,239.49525396,3.6458940408,239.49525396,0.0561040833,-0.07073233,0.1315089479,-0.002347421,0.1235099202,0.0463484547,0.1531044572,0.2968324866,0.1915085445,0.8243642052,0.0687824353,0.0196603726,0.1328537219,0.00609661,,,,,,,,,,,,,,,,,,,,,,,,,,,,,,,,,,,,,,,,,,,,,,,,,,,,,,,,,,,,,,,,,,,,,,,,,,,,,,,,,,,,,,,,,,,,,,,0.9890511695,0.0761845773,0.0299620471,,0.8872160592,0.00490025,782600.52296599,0.722338,0.00362085,0.74773364,0.00434479,0.00421444,0.00533067,0.01402679,-0.45494129,-0.34468018,1.37294131,0.01355225,0.09020173,,,0.01754074,0.02525713,0.01588904,-0.84023878,0.02279712,0.01701905,1.42181366,0.94068589,0.62774493,1.0576676706,0.735421559,492,,,,-1.60919579
20250228,20250228,205211.0,01W,JPN,-0.034607,2025,2,20250131,20250131,247.63505351,3.7698081735,247.63505351,0.0542599341,-0.07073233,0.1315089479,0.0339873104,0.1624919037,0.0999184383,0.1098887219,0.2105253904,0.15962678,0.8985146012,0.0369203785,0.0193937301,-0.01436363,0.0204287215,,,,,,,,,,,,,,,,,,,,,,,,,,,,,,,,,,,,,,,,,,,,,,,,,,,,,,,,,,,,,,,,,,,,,,,,,,,,,,,,,,,,,,,,,,,,,,,,,,,0.860203815,0.00481876,751089.50007559,0.76182755,0.00348139,0.78989949,0.00442699,0.00429923,0.00389087,0.01283136,0.52316434,0.2152801,1.83912708,0.0115703,-0.09773775,,,0.02285942,0.04439613,0.01684914,1.09633993,0.02254533,0.01697803,1.42754661,0.97265727,0.6306109,1.071105266,0.9587354805,493,,,,-1.618938225
20250331,20250331,205211.0,01W,JPN,-0.003196,2025,3,20250228,20250228,239.0651158,3.6393459438,239.0651158,0.0562050287,-0.07073233,0.1315089479,-0.034607127,0.0315601069,0.2584759489,0.1227453338,0.2071012573,0.0613729402,1.5238149747,0.0148001271,0.0149021615,0.0437606712,0.0209834983,,,,,,,,,,,,,,,,,,,,,,,,,,,,,,,,,,,,,,,,,,,,,,,,,,,,,,,,,,,,,,,,,,,,,,,,,,,,,,,,,,,,,,,,,,,,,,,,,,,0.8519398258,0.00515488,701378.27880987,0.79188317,0.0031344,0.82606922,0.00463943,0.00437919,0.00376255,0.01282003,-0.07229056,0.17348947,0.48857716,,,,,0.01404477,0.02279241,0.0154666,-1.13717852,0.02124354,0.01685445,1.41045046,0.9389964,0.62142663,1.0260757091,0.5953869681,494,,,,-1.608641349
20250430,20250430,205211.0,01W,JPN,0.056341,2025,4,20250331,20250331,232.05199217,3.5325834706,232.05199217,0.0580157482,-0.07073233,0.1300247472,-0.003195645,-0.00179602,0.1188594603,0.0420173835,0.1483314988,-0.054811847,1.3207466395,0.0364981757,0.0112936324,-0.034710459,0.0260991391,,,,,,,,,,,,,,,,,,,,,,,,,,,,,,,,,,,,,,,,,,,,,,,,,,,,,,,,,,,,,,,,,,,,,,,,,,,,,,,,,,,,,,,,,,,,,,,,,,,0.8089505365,0.00469565,619328.2113211,0.48151808,0.00267403,0.5076193,0.00499006,0.00459377,0.00532164,0.01138202,2.15149163,-0.1954581,1.21347044,,,,,0.02102707,0.04826406,0.01908815,-0.15946912,0.02160857,0.01570937,1.43704642,0.89876392,0.59190563,0.9498348045,0.9103535742,495,,,,-1.613249173
20250530,20250531,205211.0,01W,JPN,0.051814,2025,5,20250430,20250430,245.12610025,3.7316137725,245.12610025,0.0549214055,-0.07073233,0.1300247472,0.0563412878,-0.03769218,0.1566958059,0.0944343271,0.1043548997,-0.009799372,1.3549676659,0.022147071,0.0144021975,0.0102385645,0.0223551777,,,,,,,,,,,,,,,,,,,,,,,,,,,,,,,,,,,,,,,,,,,,,,,,,,,,,,,,,,,,,,,,,,,,,,,,,,,,,,,,,,,,,,,,,,,,,,,,,,,0.6362683438,0.00431063,622867.3548554,0.61907679,0.00263858,0.6203692,0.00464652,0.00468002,0.00186221,0.01551549,0.6695164,0.06266589,1.07520978,,,,,0.05129579,0.09193584,0.03853991,0.17408553,0.0233294,0.0157037,1.32684201,0.94940144,0.60656936,0.9013162154,2.0665406638,496,,,,-1.601471404
20250630,20250630,205211.0,01W,JPN,0.003721,2025,6,20250530,20250531,257.82715932,3.9249650596,257.82715932,0.052215872,0.0,0.0566662927,0.0518143889,0.0529655959,0.0486071348,0.2792728704,0.1412992415,-0.065937121,1.269899381,0.0401845121,0.015459459,-0.004830677,0.0228545025,,,,,,,,,,,,,,,,,,,,,,,,,,,,,,,,,,,,,,,,,,,,,,,,,,,,,,,,,,,,,,,,,,,,,,,,,,,,,,,,,,,,,,,,,,,,,,,,,,,0.6035846073,0.00457349,609938.90478667,0.61308082,0.00254543,0.61863847,0.00472648,0.00477668,0.00792377,0.01146125,-1.02459966,-0.43020705,1.38143028,,,,,0.02103999,0.0247184,0.01702377,-1.34430028,0.02369841,0.0153747,1.34439622,0.99859409,0.60139652,0.8955180173,0.8437961937,497,,,,-1.600390402
