date,ret_eom,gvkey,iid,excntry,stock_ret,year,month,char_date,char_eom,me,prc,market_equity,div12m_me,chcsho_12m,eqnpo_12m,ret_1_0,ret_3_1,ret_6_1,ret_9_1,ret_12_1,ret_12_7,ret_60_12,seas_1_1an,seas_1_1na,seas_2_5an,seas_2_5na,at_gr1,sale_gr1,capx_gr1,inv_gr1,debt_gr3,sale_gr3,capx_gr3,inv_gr1a,lti_gr1a,sti_gr1a,coa_gr1a,col_gr1a,cowc_gr1a,ncoa_gr1a,ncol_gr1a,nncoa_gr1a,fnl_gr1a,nfna_gr1a,tax_gr1a,be_gr1a,ebit_sale,gp_at,cop_at,ope_be,ni_be,ebit_bev,netis_at,eqnetis_at,dbnetis_at,oaccruals_at,oaccruals_ni,taccruals_at,taccruals_ni,noa_at,opex_at,at_turnover,sale_bev,rd_sale,cash_at,sale_emp_gr1,emp_gr1,ni_inc8q,noa_gr1a,ppeinv_gr1a,lnoa_gr1a,capx_gr2,saleq_gr1,niq_be,niq_at,niq_be_chg1,niq_at_chg1,rd5_at,dsale_dinv,dsale_drec,dgp_dsale,dsale_dsga,saleq_su,niq_su,capex_abn,op_atl1,gp_atl1,ope_bel1,cop_atl1,pi_nix,ocf_at,op_at,ocf_at_chg1,at_be,ocfq_saleq_std,tangibility,earnings_variability,aliq_at,f_score,o_score,z_score,intrinsic_value,kz_index,ni_ar1,ni_ivol,at_me,be_me,debt_me,netdebt_me,sale_me,ni_me,ocf_me,fcf_me,eqpo_me,eqnpo_me,rd_me,bev_mev,ebitda_mev,aliq_mat,eq_dur,beta_60m,resff3_12_1,resff3_6_1,mispricing_mgmt,mispricing_perf,zero_trades_21d,dolvol_126d,dolvol_var_126d,turnover_126d,turnover_var_126d,zero_trades_126d,zero_trades_252d,bidaskhl_21d,ivol_capm_21d,iskew_capm_21d,coskew_21d,beta_dimson_21d,ivol_ff3_21d,iskew_ff3_21d,ivol_hxz4_21d,iskew_hxz4_21d,rmax5_21d,rmax1_21d,rvol_21d,rskew_21d,ami_126d,ivol_capm_252d,betadown_252d,prc_highprc_252d,corr_1260d,betabab_1260d,rmax5_rvol_21d,age,qmj,qmj_prof,qmj_growth,qmj_safety
20050228,20050228,204683.0,01W,GBR,-0.050386,2005,2,20050131,20050131,11.452853731,0.0811066,11.452853731,,0.3094240248,-0.269587365,0.469398995,-0.269669184,-0.494087064,-0.765133858,-0.738797459,-0.334763634,-0.937083926,0.229542505,-0.083039064,-0.168893277,-0.011769154,0.0145923932,-0.038761681,-0.721229342,,0.0603259529,1.2062804966,-0.781213576,0.0106035889,0.005826031,0.0,-0.013420962,0.9583333333,-0.971754295,-0.003797465,-0.045021907,0.0412244417,-1.401140033,1.4069660643,-0.085988968,,-0.335698238,1.9159869494,-0.763730288,,,,0.6387063824,0.613920609,-0.039195876,-0.930529854,1.0,0.4764362107,0.9552235924,-0.380472147,2.9089178902,1.8454108875,,0.170036656,0.3125,0.3601195256,-0.343661972,,-0.944108511,0.0449900377,,-0.950029539,,,,,,,0.5838559503,-0.182905596,0.0259201504,-0.411846829,,,-0.909046911,-0.146516448,1.284205736,,-0.511896397,,-1.090266449,-0.218597064,-0.319752085,,,1.0145848287,,0.7715129656,4.0,-2.398386928,-19.00364686,,,,,0.7700299163,,0.0802114496,-0.160422899,1.230131514,-0.29164168,-0.583283359,-0.592010791,0.0,-0.328442351,0.2091674491,,-0.306876329,,,1.0305334002,-0.232313339,-0.849045374,0.5885035429,0.5103639683,0.00066638,57032.66606419,2.11262191,0.00575771,2.13601191,0.00201586,0.00235557,0.04709383,,,,,,,,,,,,,,,,,,,,253,,0.5246742522,,-0.925598215
20050331,20050331,204683.0,01W,GBR,-0.116827,2005,3,20050228,20050228,10.875795488,0.07702,10.875795488,,0.3094240248,-0.269587365,-0.050385542,0.3580718958,-0.141442915,-0.597898933,-0.687842633,-0.580088213,-0.910709717,-0.124930242,-0.076262273,0.1576838159,-0.033203949,0.0145923932,-0.038761681,-0.721229342,,0.0603259529,1.2062804966,-0.781213576,0.0106035889,0.005826031,0.0,-0.013420962,0.9583333333,-0.971754295,-0.003797465,-0.045021907,0.0412244417,-1.401140033,1.4069660643,-0.085988968,,-0.335698238,1.9159869494,-0.763730288,,,,0.6387063824,0.613920609,-0.039195876,-0.930529854,1.0,0.4764362107,0.9552235924,-0.380472147,2.9089178902,1.8454108875,,0.170036656,0.3125,0.3601195256,-0.343661972,,-0.944108511,0.0449900377,,-0.950029539,,,,,,,0.5838559503,-0.182905596,0.0259201504,-0.411846829,,,-0.909046911,-0.146516448,1.284205736,,-0.511896397,,-1.090266449,-0.218597064,-0.319752085,,,1.0145848287,,0.7715129656,4.0,-2.398386928,-19.00364686,,,,,0.8108868919,,0.0844673846,-0.168934769,1.2954009953,-0.30711588,-0.61423176,-0.62342226,0.0,-0.345869155,0.2202656534,,-0.322150487,,,0.9938346436,-0.107663922,0.0038954454,0.5848183633,0.5128295206,0.00160474,68104.01891427,1.9908301,0.0068341,1.96024157,0.00183359,0.00237487,0.05144445,0.03431398,2.58161337,-0.07141457,-5.2082322,0.03541006,2.41784643,0.036895,2.89770226,0.03385168,0.12349112,0.03438108,2.66159086,,,,,,,,254,,0.5217587639,,-0.938969548
20050429,20050430,204683.0,01W,GBR,-0.19987,2005,4,20050331,20050331,9.6052111232,0.068022,9.6052111232,,0.0530846233,-0.051723594,-0.116826798,0.3953625302,0.0015669803,-0.452116185,-0.661250836,-0.584508889,-0.941613661,0.0336434612,-0.089941388,-0.068131376,-0.023202005,0.0145923932,-0.038761681,-0.721229342,,0.0603259529,1.2062804966,-0.781213576,0.0106035889,0.005826031,0.0,-0.013420962,0.9583333333,-0.971754295,-0.003797465,-0.045021907,0.0412244417,-1.401140033,1.4069660643,-0.085988968,,-0.335698238,1.9159869494,-0.763730288,,,,0.6387063824,0.613920609,-0.039195876,-0.930529854,1.0,0.4764362107,0.9552235924,-0.380472147,2.9089178902,1.8454108875,,0.170036656,0.3125,0.3601195256,-0.343661972,,-0.944108511,0.0449900377,,-0.950029539,,,,,,,0.5838559503,-0.182905596,0.0259201504,-0.411846829,,,-0.909046911,-0.146516448,1.284205736,,-0.511896397,,-1.090266449,-0.218597064,-0.319752085,,,1.0145848287,,0.7715129656,4.0,-2.398386928,-19.00364686,,,,,0.918151604,,0.0956407921,-0.191281584,1.4667575881,-0.347741393,-0.695482787,-0.705889013,0.0,-0.391620981,0.2494025555,,-0.361800869,,,0.8825435304,-0.01628308,0.2190463062,0.6222648373,0.5087101401,0.00399116,69762.31223784,1.9453068,0.00709647,1.88947734,0.00183603,0.00243109,0.03485447,,,,,,,,,,,,,,,,,,,,255,,0.5322148517,,-0.942542805
20050531,20050531,204683.0,01W,GBR,-0.070572,2005,5,20050429,20050430,7.6854185843,0.05442645,7.6854185843,,0.0530846233,-0.051723594,-0.199869895,-0.161325959,-0.099979161,-0.376539815,-0.710563463,-0.672789319,-0.924199587,-0.141728037,-0.095227011,0.1956460703,-0.041784842,,,,,,,,,,,,,,,,,,,,,-0.336831299,1.5668912416,-0.259384023,,,,,1.2040423484,,0.1417228104,0.1802325581,,,,2.6626564004,2.1094802695,,0.2064560283,0.2124639076,,,,,,,,,,,,,,,,,,,,,,,,,,-0.928055823,-0.117661213,,,,1.0203221848,,,,,-17.61252176,,,,,1.0382133793,,0.0,-0.220582872,2.1900906392,-0.816381454,-0.963519972,-0.988501045,0.0,-1.250052875,0.452157415,,-0.736851731,,,0.8411719105,-0.159920935,0.1581862586,0.1735802247,0.4972923947,0.00327285,63716.15641712,2.01269992,0.00670033,1.94986418,0.00198751,0.00237515,0.04131614,,,,,,,,,,,,,,,,,,,,256,,-0.748779685,,-0.357800054
20050630,20050630,204683.0,01W,GBR,-0.114024,2005,6,20050531,20050531,7.1430444142,0.050585475,7.1430444142,,0.0530587071,-0.051698984,-0.070571845,-0.293346533,-0.088668097,-0.423866686,-0.730170743,-0.625306757,-0.940239352,-0.303062115,-0.074091532,-0.101626167,-0.019995554,,,,,,,,,,,,,,,,,,,,,-0.336831299,1.5668912416,-0.259384023,,,,,1.2040423484,,0.1417228104,0.1802325581,,,,2.6626564004,2.1094802695,,0.2064560283,0.2124639076,,,,,,,,,,,,,,,,,,,,,,,,,,-0.928055823,-0.117661213,,,,1.0203221848,,,,,-17.61252176,,,,,1.1170453293,,0.0,-0.237331816,2.3563850823,-0.878369619,-1.036680422,-1.063558318,0.0,-1.344969882,0.4864899052,,-0.810211867,,,0.9098083972,-0.112548982,0.5070057394,0.1748071354,0.4944416196,0.00494932,63114.65871313,2.0612973,0.00667819,1.98415058,0.00197451,0.00236159,0.01462277,,,,,,,,,,,,,,,,,,,,257,,-0.754448561,,-0.352555734
20050729,20050731,204683.0,01W,GBR,-0.224234,2005,7,20050630,20050630,6.3285635459,0.0448175,6.3285635459,,0.0530587071,-0.051698984,-0.114024332,-0.256336553,-0.083548736,-0.342187205,-0.640158881,-0.575166857,-0.955930443,-0.223885799,-0.064104126,-0.061874629,-0.029249028,,,,,,,,,,,,,,,,,,,,,-0.336831299,1.5668912416,-0.259384023,,,,,1.2040423484,,0.1417228104,0.1802325581,,,,2.6626564004,2.1094802695,,0.2064560283,0.2124639076,,,,,,,,,,,,,,,,,,,,,,,,,,-0.928055823,-0.117661213,,,,1.0203221848,,,,,-17.61252176,,,,,1.2608081348,,0.0,-0.267876223,2.6596498839,-0.991415059,-1.170100331,-1.200437389,0.0,-1.518066387,0.5491007517,,-0.952638048,,,0.9045721203,0.0403465317,0.6572976025,0.1741264506,0.5029007494,0.0058609,55155.3067905,2.28965355,0.005641,2.18162454,0.00236028,0.00250197,0.02811855,,,,,,,,,,,,,,,,,,,,258,,-0.752159591,,-0.332836292
20050831,20050831,204683.0,01W,GBR,0.047507,2005,8,20050729,20050731,4.9094854578,0.0347679,4.9094854578,,0.0,-2.22045e-16,-0.224233837,-0.17654927,-0.447424747,-0.407005322,-0.58922221,-0.494087064,-0.964897178,-0.134142653,-0.072294234,-0.139601838,-0.026688649,,,,,,,,,,,,,,,,,,,,,-0.336831299,1.5668912416,-0.259384023,,,,,1.2040423484,,0.1417228104,0.1802325581,,,,2.6626564004,2.1094802695,,0.2064560283,0.2124639076,,,,,,,,,,-0.03514878,,,,,,,,,,,,,,,,-0.928055823,-0.117661213,,,,1.0203221848,,,,,-17.61252176,,,,,1.6252424961,,0.0,-0.345305372,3.4284169786,-1.277981828,-1.508315762,-1.547421693,0.0,-1.956860792,0.7078173527,,-1.373228551,,,0.8837876128,0.1151005142,0.6260465838,0.4039740216,0.4101085709,0.00214199,35061.41971846,2.41407164,0.00400511,2.33175997,0.00323186,0.00263972,0.00947761,,,,,,,,,,,,,,,,,,,,259,,-0.747830953,,-0.296866954
20050930,20050930,204683.0,01W,GBR,-0.054224,2005,9,20050831,20050831,5.1427212836,0.036419625,5.1427212836,,0.0,-2.22045e-16,0.0475071834,-0.312690056,-0.548586082,-0.417836429,-0.631963035,-0.141442915,-0.96828874,-0.185977336,-0.051068368,-0.170032213,-0.026026902,,,,,,,,,,,,,,,,,,,,,-0.336831299,1.5668912416,-0.259384023,,,,,1.2040423484,,0.1417228104,0.1802325581,,,,2.6626564004,2.1094802695,,0.2064560283,0.2124639076,,,,,,,,,,-0.03514878,,,,,,,,,,,,,,,,-0.928055823,-0.117661213,,,,1.0203221848,,,,,-17.61252176,,,,,1.5515335092,,0.0,-0.329644872,3.2729293251,-1.220022018,-1.439909708,-1.477242083,0.0,-1.86811205,0.6757159893,,-1.280323321,,,0.9015809119,-0.035087857,-0.40235758,0.4061323491,0.4058047291,0.00432363,21447.78522263,2.31952233,0.00298041,2.46708643,0.00398464,0.00270689,0.01659406,,,,,,,,,,,,,,,,,,,,260,,-0.735281649,,-0.301441709
20051031,20051031,204683.0,01W,GBR,-0.088043,2005,10,20050930,20050930,4.8638613404,0.0344448,4.8638613404,,0.0,-1.11022e-16,-0.054224199,-0.187379372,-0.4645905,-0.34018982,-0.526399717,0.0015669803,-0.976885609,-0.017181516,-0.054435885,-0.137981929,-0.035821407,,,,,,,,,,,,,,,,,,,,,-0.336831299,1.5668912416,-0.259384023,,,,,1.2040423484,,0.1417228104,0.1802325581,,,,2.6626564004,2.1094802695,,0.2064560283,0.2124639076,,,,,,,,,,-0.03514878,,,,,,,,,,,,,,,,-0.928055823,-0.117661213,,,,1.0203221848,,,,,-17.61252176,,,,,1.6404876376,,0.0,-0.348544414,3.4605763039,-1.289969586,-1.522464104,-1.561936858,0.0,-1.975216588,0.7144568393,,-1.393001493,,,0.9782132656,-0.009968367,-0.404671055,0.4204141241,0.4137919999,0.00355553,19381.72755399,2.62771847,0.00306641,2.62832915,0.00391432,0.00267004,0.02107246,,,,,,,,,,,,,,,,,,,,261,,-0.715803989,,-0.304580651
20051130,20051130,204683.0,01W,GBR,0.40496,2005,11,20051031,20051031,4.4356321883,0.031412175,4.4356321883,,0.0,-1.11022e-16,-0.088043043,-0.009293055,-0.367131239,-0.575314463,-0.544249834,-0.099979161,-0.973920859,-0.209800769,-0.043367001,0.1085243511,-0.055691761,,,,,,,,,,,,,,,,,,,,,-0.336831299,1.5668912416,-0.259384023,,,,,1.2040423484,,0.1417228104,0.1802325581,,,,2.6626564004,2.1094802695,,0.2064560283,0.125,,,,,,,,,,,,,,,,,,,,,,,,,,-0.928055823,-0.117661213,,,,1.0203221848,,,,,-17.61252176,,,,,0.9699812377,,0.0,-0.38219393,3.7946706547,-1.414507095,-1.669447327,-1.712730898,0.0,-2.165909884,0.783432632,,-1.610682288,,,0.9739844745,0.046422147,-0.100088673,0.4252761759,0.5146148525,0.00178128,19595.65629567,2.98178928,0.00369466,3.22341555,0.0034527,0.00262256,0.027325,,,,,,,,,,,,,,,,,,,,262,,-0.71181487,,-0.324303338
20051229,20051231,204683.0,01W,GBR,-0.051877,2005,12,20051130,20051130,6.2318858857,0.04413285,6.2318858857,,0.0,3.330669e-16,0.4049600195,-0.137493178,-0.379027774,-0.592155609,-0.47402564,-0.088668097,-0.977453529,-0.075763696,0.0003351551,-0.153908951,-0.034648087,,,,,,,,,,,,,,,,,,,,,-0.336831299,1.5668912416,-0.259384023,,,,,1.2040423484,,0.1417228104,0.1802325581,,,,2.6626564004,2.1094802695,,0.2064560283,0.125,,,,,,,,,,,,,,,,,,,,,,,,,,-0.928055823,-0.117661213,,,,1.0203221848,,,,,-17.61252176,,,,,0.690397751,,0.0,-0.272031891,2.700910063,-1.006795265,-1.188252551,-1.219060239,0.0,-1.541616739,0.5576191644,,-0.972939271,,,1.0101695195,0.1245275233,-0.145759341,0.4566947315,0.543828892,0.00282858,21061.14083744,2.76555377,0.00414086,2.87163977,0.00318776,0.00255165,0.03671693,0.05759519,0.67830673,0.10815567,-3.90227586,0.05808765,-0.2844059,0.05940205,0.09673715,0.0976658,0.16827129,0.05779174,0.68150527,,,,,,,,263,,-0.703929993,,-0.333292665
20060131,20060131,204683.0,01W,GBR,-0.118642,2006,1,20051229,20051231,5.9085950278,0.041843375,5.9085950278,,0.0,0.0,-0.05187689,0.2812630644,-0.015276399,-0.351197407,-0.200450205,-0.083548736,-0.982132465,0.469398995,-0.047053562,0.241842176,-0.076126097,,,,,,,,,,,,,,,,,,,,,-0.336831299,1.5668912416,-0.259384023,,,,,1.2040423484,,0.1417228104,0.1802325581,,,,2.6626564004,2.1094802695,,0.2064560283,0.125,,,,,,,,,,,,,,,,,,,,,,,,,,-0.928055823,-0.117661213,,,,1.0203221848,,,,,-17.61252176,,,,,0.7281731071,,0.0,-0.286916211,2.8486913083,-1.061882422,-1.253268208,-1.28576155,0.0,-1.625966842,0.5881294933,,-1.047593492,,,0.9184017125,0.1680935938,0.2264151583,0.4428786878,0.6225652855,0.00589755,21532.47035211,2.74181069,0.00427124,2.82432808,0.00312363,0.00277916,0.02858321,,,,,,,,,,,,,,,,,,,,264,,-0.691497812,,-0.329276866
20060228,20060228,204683.0,01W,GBR,-0.061956,2006,2,20060131,20060131,5.207584912,0.036878975,5.207584912,,0.0,0.0,-0.118642437,0.3320750633,0.2035059638,-0.231194116,-0.484094081,-0.447424747,-0.973546224,-0.050385542,-0.053258734,-0.078098933,-0.03620121,,,,,-0.188774429,,,,,,,,,,,,,,,,-0.336831299,1.5668912416,-0.259384023,,,,,1.2040423484,,0.1417228104,0.1802325581,,,,2.6626564004,2.1094802695,,0.2064560283,0.1704750451,,,,,,,,,,-0.002258047,,,,,,,,,,,,,,,,-0.928055823,-0.117661213,,,,1.2484001804,,,,,-17.61252176,,,,,1.1281710235,,0.0881913608,-0.104133645,3.2321630054,-1.204825904,-1.421974759,-1.458842137,0.0,-1.844843581,0.6672995369,,-1.256678956,,,0.8557174448,0.0533939212,0.62606026,0.4299616184,0.4970145333,0.00594385,17569.41600399,2.59390608,0.00361884,2.91353181,0.00373913,0.00358094,0.02233698,,,,,,,,,,,,,,,,,,,,265,,-0.694491584,,-1.16411362
20060331,20060331,204683.0,01W,GBR,0.079534,2006,3,20060228,20060228,4.8849436082,0.0345941,4.8849436082,,0.0,1.110223e-16,-0.061956033,-0.164364527,0.0126127054,-0.270957226,-0.521176642,-0.548586082,-0.965994629,-0.116826798,-0.048270483,0.0418900078,-0.042316535,,,,,-0.188774429,,,,,,,,,,,,,,,,-0.336831299,1.5668912416,-0.259384023,,,,,1.2040423484,,0.1417228104,0.1802325581,,,,2.6626564004,2.1094802695,,0.2064560283,0.1704750451,,,,,,,,,,-0.002258047,,,,,,,,,,,,,,,,-0.928055823,-0.117661213,,,,1.2484001804,,,,,-17.61252176,,,,,1.2026845899,,0.0940162337,-0.111011476,3.4456412704,-1.284402381,-1.515893507,-1.555195906,0.0,-1.966692017,0.7113734116,,-1.383794392,,,0.7427012005,-0.075886577,0.2717267864,0.4406918931,0.4885783382,0.00544682,17208.50257634,2.66703383,0.00357309,2.97939812,0.00386441,0.0040118,0.04034174,,,,,,,,,,,,,,,,,,,,266,,-0.692449558,,-1.155329536
20060427,20060430,204683.0,01W,GBR,0.025927,2006,4,20060331,20060331,5.2734617036,0.0373455,5.2734617036,,0.0,4.440892e-16,0.0795337933,-0.173247856,0.0043344714,-0.228111787,-0.491427773,-0.4645905,-0.967907255,-0.199869895,-0.022870147,-0.008765132,-0.038907756,,,,,-0.188774429,,,,,,,,,,,,,,,,-0.336831299,1.5668912416,-0.259384023,,,,,1.2040423484,,0.1417228104,0.1802325581,,,,2.6626564004,2.1094802695,,0.2064560283,0.1704750451,,,,,,,,,,-0.002258047,,,,,,,,,,,,,,,,-0.928055823,-0.117661213,,,,1.2484001804,,,,,-17.61252176,,,,,1.1140777596,,0.0870896625,-0.102832794,3.1917863912,-1.189775057,-1.404211259,-1.440618085,0.0,-1.821797548,0.6589635415,,-1.233542684,,,0.7846087299,0.0580942477,0.2118229961,0.4602422097,0.4876948323,0.00410718,16784.820699,2.53426271,0.00347619,2.89120236,0.00397595,0.004041,0.07543188,,,,,,,,,,,,,,,,,,,,267,,-0.681566781,,-1.159006865
20060530,20060531,204683.0,01W,GBR,0.045813,2006,5,20060427,20060430,5.410185788,0.03831375,5.410185788,,0.0,0.0,0.0259268185,0.0126501618,0.1888861564,0.0741373508,-0.313835461,-0.367131239,-0.973785903,-0.070571845,-0.014097542,0.1380559963,-0.056333162,-0.284412897,-0.327058823,-0.517152977,-0.105838846,,,,-0.000249118,-0.001476266,0.0,-0.198519436,-0.25485802,0.0563385834,-0.07102474,-0.130842849,0.0598181088,0.0781719784,-0.079648244,0.0541950548,,-0.103819339,1.4855682502,0.1797955502,,,,-0.000300661,0.0,-0.000300661,0.0595309681,0.6366559486,-0.020117276,-0.215144887,-0.462356189,2.1139506915,1.6548925232,,0.1862685662,0.1704750451,,,,0.0831202309,-0.133200601,-0.035171702,,,,-0.001607111,,,,,,,,,,,0.1712589699,1.06305348,,0.1286593769,,-0.153036681,0.2393265183,0.7750191422,,,1.2484001804,,0.5440054087,,-3.77594782,-21.37723339,,,,,1.0553693392,,0.0825003091,-0.097413827,2.0936039988,-0.098683062,-0.161510221,-0.1786449,0.0,0.0,0.3899726151,,-0.152223411,,,0.8133641754,0.1228955022,0.3064881653,0.7005991943,0.5934590651,,14827.21342768,1.55747168,0.00286923,1.54482965,0.00462399,0.00409186,0.07350196,,,,,,,,,,,,,,,,,,,,268,,-0.244200968,,-0.292524514
20060630,20060630,204683.0,01W,GBR,-0.019145,2006,6,20060530,20060531,5.658040112,0.040069,5.658040112,,0.0,1.665335e-16,,0.1075226701,-0.131854163,0.0520083609,-0.242593847,-0.379027774,-0.979362315,-0.114024332,,-0.163662847,-0.034611822,-0.284412897,-0.327058823,-0.517152977,-0.105838846,,,,-0.000249118,-0.001476266,0.0,-0.198519436,-0.25485802,0.0563385834,-0.07102474,-0.130842849,0.0598181088,0.0781719784,-0.079648244,0.0541950548,,-0.103819339,1.4855682502,0.1797955502,,,,-0.000300661,0.0,-0.000300661,0.0595309681,0.6366559486,-0.020117276,-0.215144887,-0.462356189,2.1139506915,1.6548925232,,0.1862685662,0.1704750451,,,,0.0831202309,-0.133200601,-0.035171702,,,,-0.001607111,,,,,,,,,,,0.1712589699,1.06305348,,0.1286593769,,-0.153036681,0.2393265183,0.7750191422,,,1.2484001804,,0.5440054087,,-3.77594782,-21.37723339,,,,,1.0091381622,,0.0788863266,-0.093146547,2.0018922411,-0.094360183,-0.154435155,-0.170819238,0.0,0.0,0.3728895975,,-0.144870237,,,0.9044295501,0.1688878643,0.0974686885,0.7062087091,0.5879930858,0.00546707,12688.30412342,1.6727271,0.00238231,1.69591396,0.00520666,0.0041558,0.08475927,,,,,,,,,,,,,,,,,,,,269,,-0.236688688,,-0.30404308
20060731,20060731,204683.0,01W,GBR,-0.144972,2006,7,20060630,20060630,5.5497163699,0.039301875,5.5497163699,,0.0,0.0,,,,,,-0.015276399,-0.978625095,-0.224233837,,-0.111437664,-0.038665082,-0.284412897,-0.327058823,-0.517152977,-0.105838846,,,,-0.000249118,-0.001476266,0.0,-0.198519436,-0.25485802,0.0563385834,-0.07102474,-0.130842849,0.0598181088,0.0781719784,-0.079648244,0.0541950548,,-0.103819339,1.4855682502,0.1797955502,,,,-0.000300661,0.0,-0.000300661,0.0595309681,0.6366559486,-0.020117276,-0.215144887,-0.462356189,2.1139506915,1.6548925232,,0.1862685662,0.1704750451,,,,0.0831202309,-0.133200601,-0.035171702,,,,-0.001607111,,,,,,,,,,,0.1712589699,1.06305348,,0.1286593769,,-0.153036681,0.2393265183,0.7750191422,,,1.2484001804,,0.5440054087,,-3.77594782,-21.37723339,,,,,1.0288353169,,0.0804260921,-0.094964655,2.0409667531,-0.096201979,-0.157449542,-0.174153423,0.0,0.0,0.3801679508,,-0.147994636,,,0.8708054952,0.1389871055,-0.031527825,0.6996519489,0.7334319908,0.00689206,11901.18551194,1.79176578,0.0022723,1.79147693,0.00523297,0.00416755,0.06928765,,,,,,,,,,,,,,,,,,,,270,,-0.231700749,,-0.282619939
20060831,20060831,204683.0,01W,GBR,0.004123,2006,8,20060731,20060731,4.7451623832,0.0336042,4.7451623832,,0.0,-2.28983e-16,,,,,,0.2035059638,-0.981226966,0.0475071834,,-0.162752996,-0.036443649,-0.284412897,-0.327058823,-0.517152977,-0.105838846,,,,-0.000249118,-0.001476266,0.0,-0.198519436,-0.25485802,0.0563385834,-0.07102474,-0.130842849,0.0598181088,0.0781719784,-0.079648244,0.0541950548,,-0.063967751,1.4855682502,0.1797955502,,,,-0.000300661,0.0,-0.000300661,0.0595309681,-0.87623684,-0.020117276,-0.215144887,-0.462356189,2.1139506915,1.6548925232,,0.1862685662,0.1704750451,,,,0.0831202309,-0.133200601,-0.035171702,,0.5042940653,,-0.015210839,,0.019937941,,,,,,,,,0.1712589699,1.06305348,,0.1286593769,,-0.153036681,0.2393265183,0.7750191422,,,1.2484001804,,0.5440054087,,-3.77594782,-21.37723339,,,,,1.2032768826,,0.0940625344,-0.111066146,2.8221345907,-0.079009319,-0.009778443,-0.203681565,0.0,0.0,0.4446263646,,-0.176222671,,,0.8449929263,0.2854673572,0.4106575706,0.6837379889,0.700883034,,11398.31894111,1.89205808,0.00218586,1.88341889,0.00515366,0.00446314,0.04890971,,,,,,,,,,,,,,,,,,,,271,,-0.379663454,,-0.290688036
20060929,20060930,204683.0,01W,GBR,-0.128126,2006,9,20060831,20060831,4.7647266712,0.03374275,4.7647266712,,0.0,3.608225e-16,0.0041229965,,-0.028614706,-0.23856719,-0.077305162,0.0126127054,-0.979950485,-0.054224199,,-0.245721489,-0.027385352,-0.284412897,-0.327058823,-0.517152977,-0.105838846,,,,-0.000249118,-0.001476266,0.0,-0.198519436,-0.25485802,0.0563385834,-0.07102474,-0.130842849,0.0598181088,0.0781719784,-0.079648244,0.0541950548,,-0.063967751,1.4855682502,0.1797955502,,,,-0.000300661,0.0,-0.000300661,0.0595309681,-0.87623684,-0.020117276,-0.215144887,-0.462356189,2.1139506915,1.6548925232,,0.1862685662,0.1704750451,,,,0.0831202309,-0.133200601,-0.035171702,,0.5042940653,,-0.015210839,,0.019937941,,,,,,,,,0.1712589699,1.06305348,,0.1286593769,,-0.153036681,0.2393265183,0.7750191422,,,1.2484001804,,0.5440054087,,-3.77594782,-21.37723339,,,,,1.1983361469,,0.0936763073,-0.110610101,2.8105467163,-0.078684902,-0.009738292,-0.202845235,0.0,0.0,0.4428006989,,-0.175409099,,,0.8552523046,0.2081361907,0.9002678509,0.7071813721,0.605258322,0.00773052,10269.92059833,2.07652416,0.00194947,2.07225582,0.00529532,0.00455002,0.06373468,,,,,,,,,,,,,,,,,,,,272,,-0.382860599,,-0.285616519
20061031,20061031,204683.0,01W,GBR,-0.319271,2006,10,20060929,20060930,4.1542411021,0.029419425,4.1542411021,,0.0,-2.498e-16,-0.128126042,,-0.096470793,-0.193593968,-0.020381886,0.0043344714,-0.975538976,-0.088043043,,-0.110049534,-0.035842593,-0.284412897,-0.327058823,-0.517152977,-0.105838846,,,,-0.000249118,-0.001476266,0.0,-0.198519436,-0.25485802,0.0563385834,-0.07102474,-0.130842849,0.0598181088,0.0781719784,-0.079648244,0.0541950548,,-0.063967751,1.4855682502,0.1797955502,,,,-0.000300661,0.0,-0.000300661,0.0595309681,-0.87623684,-0.020117276,-0.215144887,-0.462356189,2.1139506915,1.6548925232,,0.1862685662,0.1704750451,,,,0.0831202309,-0.133200601,-0.035171702,,0.5042940653,,-0.015210839,,0.019937941,,,,,,,,,0.1712589699,1.06305348,,0.1286593769,,-0.153036681,0.2393265183,0.7750191422,,,1.2484001804,,0.5440054087,,-3.77594782,-21.37723339,,,,,1.3744373664,,0.1074424881,-0.126864784,3.2235699784,-0.090248024,-0.011169381,-0.232654311,0.0,0.0,0.5078723762,,-0.20493168,,,0.7454824087,0.1701473315,0.6727199338,0.6875266703,0.6098114608,,7673.62307653,2.65889569,0.00144292,2.67368604,0.00597474,0.00471647,0.03482273,,,,,,,,,,,,,,,,,,,,273,,-0.375415601,,-0.289345408
20061128,20061130,204683.0,01W,GBR,0.191134,2006,11,20061031,20061031,2.8279115777,0.02002665,2.8279115777,,0.0,-1.66533e-16,-0.319271196,-0.124531309,-0.232144465,-0.202271077,-0.063438778,0.1888861564,-0.975526971,0.4049600195,,0.0775714627,-0.05288888,-0.284412897,-0.327058823,-0.517152977,-0.105838846,,,,-0.000249118,-0.001476266,0.0,-0.198519436,-0.25485802,0.0563385834,-0.07102474,-0.130842849,0.0598181088,0.0781719784,-0.079648244,0.0541950548,,-0.103819339,1.4855682502,0.1797955502,,,,-0.000300661,0.0,-0.000300661,0.0595309681,-4.812282773,-0.020117276,-0.215144887,-0.462356189,2.1139506915,3.5856487189,,0.1862685662,0.1704750451,,,,0.0831202309,-0.133200601,-0.035171702,,0.6882102669,,,,,,,,,,,,,-0.013762458,1.7382936237,,0.2082378187,,-0.153036681,0.2393265183,0.7750191422,,,1.2484001804,,0.5440054087,,-3.77594782,-21.37723339,,,,,2.0190674436,,0.1578344965,-0.186366117,5.455326829,-0.070186795,0.2675719092,-0.34177239,0.0,0.0,0.7460715238,,-0.323063171,,,0.6270060602,0.054288252,-0.394189679,0.6972658716,0.6950880285,0.00577639,4720.46108876,1.66138526,0.00102767,1.57246814,0.0066897,0.00541968,0.09125677,,,,,,,,,,,,,,,,,,,,274,,-0.542424691,,-0.278294495
20061221,20061231,204683.0,01W,GBR,0.028006,2006,12,20061128,20061130,3.3684218098,0.023854425,3.3684218098,,0.0,-4.44089e-16,0.1911340639,-0.406490283,,-0.421096372,-0.546218973,-0.131854163,-0.976901765,-0.05187689,,-0.214415933,-0.028245082,-0.284412897,-0.327058823,-0.517152977,-0.105838846,,,,-0.000249118,-0.001476266,0.0,-0.198519436,-0.25485802,0.0563385834,-0.07102474,-0.130842849,0.0598181088,0.0781719784,-0.079648244,0.0541950548,,-0.103819339,1.4855682502,0.1797955502,,,,-0.000300661,0.0,-0.000300661,0.0595309681,-4.812282773,-0.020117276,-0.215144887,-0.462356189,2.1139506915,3.5856487189,,0.1862685662,0.1704750451,,,,0.0831202309,-0.133200601,-0.035171702,,0.6882102669,,,,,,,,,,,,,-0.013762458,1.7382936237,,0.2082378187,,-0.153036681,0.2393265183,0.7750191422,,,1.2484001804,,0.5440054087,,-3.77594782,-21.37723339,,,,,1.6950799283,,0.1325077515,-0.156461076,4.579943597,-0.058924345,0.2246362667,-0.286930246,0.0,0.0,0.6263539483,,-0.26160781,,,0.6049565674,-0.331860922,-0.648172531,0.6926794639,0.6258285546,0.00333903,5394.04064781,2.30834589,0.00147745,2.44536085,0.00575391,0.00553304,0.07552849,,,,,,,,,,,,,,,,,,,,275,,-0.540863466,,-0.277727824
20070131,20070131,204683.0,01W,GBR,-0.22171,2007,1,20061221,20061231,3.462758957,0.0245225,3.462758957,,0.0,-1.11022e-16,0.0280063343,-0.189160733,,-0.361250351,-0.429911545,,-0.976671902,-0.118642437,,0.3610748171,-0.080350097,-0.284412897,-0.327058823,-0.517152977,-0.105838846,,,,-0.000249118,-0.001476266,0.0,-0.198519436,-0.25485802,0.0563385834,-0.07102474,-0.130842849,0.0598181088,0.0781719784,-0.079648244,0.0541950548,,-0.103819339,1.4855682502,0.1797955502,,,,-0.000300661,0.0,-0.000300661,0.0595309681,-4.812282773,-0.020117276,-0.215144887,-0.462356189,2.1139506915,3.5856487189,,0.1862685662,0.1704750451,,,,0.0831202309,-0.133200601,-0.035171702,,0.6882102669,,,,,,,,,,,,,-0.013762458,1.7382936237,,0.2082378187,,-0.153036681,0.2393265183,0.7750191422,,,1.2484001804,,0.5440054087,,-3.77594782,-21.37723339,,,,,1.648900276,,0.1288977967,-0.152198552,4.4551706,-0.057319049,0.2185164227,-0.279113306,0.0,0.0,0.6092899697,,-0.253201275,,,0.6203612304,-0.059742625,-0.067683934,0.7087476363,0.6360771867,,5649.0574263,2.31682305,0.00163499,2.3513568,0.00558646,0.00550842,0.16872983,,,,,,,,,,,,,,,,,,,,276,,-0.532806516,,-0.288601727
20070228,20070228,204683.0,01W,GBR,0.078188,2007,2,20070131,20070131,2.6950318653,0.019085625,2.6950318653,,0.0,-2.22045e-16,-0.221709654,0.2244933626,-0.270254909,-0.35995563,-0.33505473,,-0.980751947,-0.061956033,,-0.025378561,-0.049463949,-0.141567631,-0.327058823,-0.517152977,0.0574615036,0.657169212,0.0849558339,,0.0001408791,-0.039255948,0.0,-0.131666141,0.0403515931,-0.172017734,0.0038560039,0.0158289067,-0.011972903,0.1448622835,-0.184118231,0.0541950548,,-0.103819339,1.4565808801,-0.012590679,,,,-0.000300661,0.0,0.1451720689,-0.052825583,-0.394484277,-0.236943815,-1.769419348,-0.804064986,3.0960645843,2.7999433963,,0.1862685662,0.2007407407,,,,-0.157943519,-0.03056061,-0.035171702,,-0.048669411,,,,,,,,,,,,,-0.056155437,1.2503761758,,-0.010808247,,-0.081084908,-0.065416263,0.7750191422,,,1.389832963,,0.6621057069,,-3.77594782,-26.49969221,,,,,1.8713433651,,0.4414984161,0.0658435628,5.6717021222,-0.25059251,-0.151737705,-0.358623626,0.0,0.0,0.7828569032,,-0.114853899,,,0.7559638685,0.1186164326,-0.128272722,0.7638898731,0.6469825097,0.00787494,5167.38696751,2.42419094,0.00156239,2.39778238,0.00588579,0.00559954,0.11766506,,,,,,,,,,,,,,,,,,,,277,0.1649572355,0.0745797698,1.091139145,-0.710066254
20070330,20070331,204683.0,01W,GBR,-0.213724,2007,3,20070228,20070228,12.268696668,0.0205779,12.268696668,,3.2222102776,-1.440358753,0.0781884272,-0.199912595,-0.434378496,,-0.448298265,-0.028614706,-0.980469384,0.0795337933,,0.0287314276,-0.0540746,-0.141567631,-0.327058823,-0.517152977,0.0574615036,0.657169212,0.0849558339,,0.0001408791,-0.039255948,0.0,-0.131666141,0.0403515931,-0.172017734,0.0038560039,0.0158289067,-0.011972903,0.1448622835,-0.184118231,0.0541950548,,-0.103819339,1.4565808801,-0.012590679,,,,-0.000300661,0.0,0.1451720689,-0.052825583,-0.394484277,-0.236943815,-1.769419348,-0.804064986,3.0960645843,2.7999433963,,0.1862685662,0.2007407407,,,,-0.157943519,-0.03056061,-0.035171702,,-0.048669411,,,,,,,,,,,,,-0.056155437,1.2503761758,,-0.010808247,,-0.081084908,-0.065416263,0.7750191422,,,1.389832963,,0.6621057069,,-3.77594782,-26.49969221,,,,,0.4110730044,,0.0969827792,0.0144636798,1.2458876736,-0.055046988,-0.033331817,-0.078777895,0.0,0.0,0.1719680873,,-0.026507464,,,0.7280697356,0.0587105056,-0.36240065,0.5614559076,0.6380383123,0.00379543,7662.12758204,2.92284677,0.0022496,2.85055594,0.0051048,0.00533084,0.06481616,,,,,,,,,,,,,,,,,,,,278,0.1820815741,0.0809409798,1.0894547518,-0.712963829
20070430,20070430,204683.0,01W,GBR,0.850629,2007,4,20070330,20070331,9.6465764349,0.0161799,9.6465764349,,3.2222102776,-1.440358753,-0.213724433,-0.160856356,-0.300533576,,-0.448985822,-0.096470793,-0.978856816,0.0259268185,,-0.053623465,-0.044716543,-0.141567631,-0.327058823,-0.517152977,0.0574615036,0.657169212,0.0849558339,,0.0001408791,-0.039255948,0.0,-0.131666141,0.0403515931,-0.172017734,0.0038560039,0.0158289067,-0.011972903,0.1448622835,-0.184118231,0.0541950548,,-0.103819339,1.4565808801,-0.012590679,,,,-0.000300661,0.0,0.1451720689,-0.052825583,-0.394484277,-0.236943815,-1.769419348,-0.804064986,3.0960645843,2.7999433963,,0.1862685662,0.2007407407,,,,-0.157943519,-0.03056061,-0.035171702,,-0.048669411,,,,,,,,,,,,,-0.056155437,1.2503761758,,-0.010808247,,-0.081084908,-0.065416263,0.7750191422,,,1.389832963,,0.6621057069,,-3.77594782,-26.49969221,,,,,0.5228103498,,0.1233445159,0.018395179,1.5845432888,-0.070009791,-0.042392029,-0.100191203,0.0,0.0,0.2187122358,,-0.033582542,,,0.6796398855,-0.02889406,-0.11942753,0.5621242338,0.6358373119,0.00562432,10637.50274082,2.85938389,0.00233941,2.71516307,0.00509507,0.005537,0.08190254,,,,,,,,,,,,,,,,,,,,279,0.1694646614,0.0888231211,1.1007569445,-0.712858733
20070531,20070531,204683.0,01W,GBR,-0.15775,2007,5,20070430,20070430,17.852238777,0.029943,17.852238777,,3.2222102776,-1.440358753,0.8506294847,-0.152246783,-0.192081551,-0.518515543,-0.577699912,-0.232144465,-0.975687283,,,0.0752718936,-0.05339464,-0.07439286,0.0484479155,1.4282268521,0.1402108697,,,,0.0003188092,-0.033638443,0.0,-0.072491703,0.1563365424,-0.228828245,0.0091939042,0.0189808098,-0.009786906,0.1514711125,-0.185109556,-0.006067648,,-0.166639196,1.6540740741,0.3955555556,,,,-0.001111111,0.0,-0.001111111,-0.285185185,-0.754162586,-0.470294741,-1.243678551,-0.866985355,2.5885185185,2.1602262292,,0.2010878523,0.2007407407,,,,-0.220863887,0.0596526198,-0.028206565,0.1724621074,0.0257749091,,-0.10110437,,-0.099497259,,-0.233022942,-0.192371272,-0.010318775,0.1645109866,,,,0.1021596029,1.5310227733,,0.3661290466,,-0.092962963,0.1103703704,0.0600737177,,0.1618251445,1.389832963,,0.713917359,4.0,-1.641280595,-28.24677274,,,,,0.2960401811,,0.0698435538,0.0104162286,0.6652132513,-0.111947046,-0.027520772,-0.040129891,0.0,0.0,0.133766304,,-0.100050095,,,0.951613577,-0.38352625,-0.280285814,0.542736455,0.3898634395,0.00695148,12270.18298898,2.53934385,0.0022801,2.81200388,0.00524123,0.00590861,0.06783369,,,,,,,,,,,,,,,,,,,,280,,0.6833597391,,-1.302642119
20070628,20070630,204683.0,01W,GBR,-0.066923,2007,6,20070531,20070531,15.036053029,0.0252195,15.036053029,,3.2222102776,-1.440358753,-0.157749724,0.4551047483,0.2552388079,-0.112609375,,,,,,-0.156023529,,-0.07439286,0.0484479155,1.4282268521,0.1402108697,,,,0.0003188092,-0.033638443,0.0,-0.072491703,0.1563365424,-0.228828245,0.0091939042,0.0189808098,-0.009786906,0.1514711125,-0.185109556,-0.006067648,,-0.166639196,1.6540740741,0.3955555556,,,,-0.001111111,0.0,-0.001111111,-0.285185185,-0.754162586,-0.470294741,-1.243678551,-0.866985355,2.5885185185,2.1602262292,,0.2010878523,0.2007407407,,,,-0.220863887,0.0596526198,-0.028206565,0.1724621074,0.0257749091,,-0.10110437,,-0.099497259,,-0.233022942,-0.192371272,-0.010318775,0.1645109866,,,,0.1021596029,1.5310227733,,0.3661290466,,-0.092962963,0.1103703704,0.0600737177,,0.1618251445,1.389832963,,0.713917359,4.0,-1.641280595,-28.24677274,,,,,0.3514871882,,0.0829249403,0.0123671418,0.7898047298,-0.132914229,-0.03267529,-0.047646041,0.0,0.0,0.1588201369,,-0.118560116,,,1.0357763808,0.1272388373,0.1994643904,0.5435785359,0.4994268714,0.00741983,12120.18971495,2.60504903,0.00170856,3.33559318,0.00601071,0.00606895,0.0967996,,,,,,,,,,,,,,,,,,,,281,,0.6903070893,,-1.287013245
20070731,20070731,204683.0,01W,GBR,-0.006958,2007,7,20070628,20070630,14.02978905,0.023531725,14.02978905,,3.2222102776,-1.440358753,-0.066923412,0.5586931934,0.0284228769,-0.142760268,,,,-0.144972091,0.0040524405,-0.138317227,,-0.07439286,0.0484479155,1.4282268521,0.1402108697,,,,0.0003188092,-0.033638443,0.0,-0.072491703,0.1563365424,-0.228828245,0.0091939042,0.0189808098,-0.009786906,0.1514711125,-0.185109556,-0.006067648,,-0.166639196,1.6540740741,0.3955555556,,,,-0.001111111,0.0,-0.001111111,-0.285185185,-0.754162586,-0.470294741,-1.243678551,-0.866985355,2.5885185185,2.1602262292,,0.2010878523,0.2007407407,,,,-0.220863887,0.0596526198,-0.028206565,0.1724621074,0.0257749091,,-0.10110437,,-0.099497259,,-0.233022942,-0.192371272,-0.010318775,0.1645109866,,,,0.1021596029,1.5310227733,,0.3661290466,,-0.092962963,0.1103703704,0.0600737177,,0.1618251445,1.389832963,,0.713917359,4.0,-1.641280595,-28.24677274,,,,,0.3766970395,,0.0888725978,0.0132541551,0.8464521995,-0.142447288,-0.035018873,-0.051063376,0.0,0.0,0.1702112549,,-0.126952416,,,1.0608797621,0.0596805831,0.1360201194,0.54482783,0.498815354,,11562.20515151,2.67192857,0.00151048,3.65639147,0.00635132,0.00619104,0.13861246,,,,,,,,,,,,,,,,,,,,282,,0.6866685905,,-1.284945447
20070831,20070831,204683.0,01W,GBR,0.012688,2007,8,20070731,20070731,13.932174991,0.023368,13.932174991,,3.2222102776,-1.440358753,-0.006957628,-0.214115987,0.2329554311,0.1750205351,-0.299738574,-0.270254909,-0.980744832,0.0041229965,0.0030451109,-0.14608023,,-0.07439286,0.279950664,1.4282268521,0.1402108697,6.2585641975,,,0.0003188092,-0.033638443,0.0,-0.072491703,0.1563365424,-0.228828245,0.0091939042,0.0189808098,-0.009786906,0.1514711125,-0.185109556,-0.000773627,,-0.166639196,0.5748548096,-0.067593689,,,,-0.001111111,0.0,-0.007383353,0.0240117087,0.3234451484,-0.470294741,-1.243678551,-0.866985355,0.9635580713,0.9199760914,4.8554293715,0.2010878523,0.2007407407,,,,-0.220863887,0.0596526198,-0.028206565,0.1724621074,0.3799782511,,-0.055663408,,-0.040452569,,-0.233022942,-0.192371272,-0.010318775,0.1645109866,,,,0.1021596029,1.5310227733,,0.3661290466,,-0.098249053,-0.04358198,0.0600737177,,0.1548795532,1.389832963,,0.713917359,4.0,-1.641280595,-0.248494476,,,,,1.3372929936,,0.478610124,0.478610124,1.2302775813,-0.09927708,-0.13138777,-0.051421146,0.0,0.0,0.171403819,0.1713648691,-0.039416663,,,1.1309043347,0.0572724521,0.3100794181,0.4318736475,0.3714667393,,12039.05071184,2.60897367,0.00150007,3.74965587,0.00635833,0.00632418,0.06771657,,,,,,,,,,,,,,,,,,,,283,,-0.333386001,,-1.330520661
20070928,20070930,204683.0,01W,GBR,0.033142,2007,9,20070831,20070831,14.108950491,0.0236645,14.108950491,,3.2222102776,-1.440358753,0.0126882917,-0.073415413,0.1355872076,-0.020391395,-0.307466048,-0.434378496,-0.964138909,-0.128126042,0.015846414,-0.203079183,,-0.07439286,0.279950664,1.4282268521,0.1402108697,6.2585641975,,,0.0003188092,-0.033638443,0.0,-0.072491703,0.1563365424,-0.228828245,0.0091939042,0.0189808098,-0.009786906,0.1514711125,-0.185109556,-0.000773627,,-0.166639196,0.5748548096,-0.067593689,,,,-0.001111111,0.0,-0.007383353,0.0240117087,0.3234451484,-0.470294741,-1.243678551,-0.866985355,0.9635580713,0.9199760914,4.8554293715,0.2010878523,0.2007407407,,,,-0.220863887,0.0596526198,-0.028206565,0.1724621074,0.3799782511,,-0.055663408,,-0.040452569,,-0.233022942,-0.192371272,-0.010318775,0.1645109866,,,,0.1021596029,1.5310227733,,0.3661290466,,-0.098249053,-0.04358198,0.0600737177,,0.1548795532,1.389832963,,0.713917359,4.0,-1.641280595,-0.248494476,,,,,1.320537627,,0.4726134665,0.4726134665,1.2148630447,-0.098033206,-0.129741571,-0.050776874,0.0,0.0,0.1692562464,0.1699068595,-0.039081297,,,0.9634534933,0.0178867645,0.2358374294,0.4321826759,0.373378889,0.00892783,10022.47057053,2.66411175,0.00078321,2.86048695,0.00767154,0.00640586,0.07130847,,,,,,,,,,,,,,,,,,,,284,,-0.326310732,,-1.312632733
20071031,20071031,204683.0,01W,GBR,0.083256,2007,10,20070928,20070930,14.57655597,0.0244488,14.57655597,,3.2222102776,-1.440358753,0.0331424708,0.0056423828,0.4625862953,-0.034988276,-0.195616502,-0.300533576,-0.939672128,-0.319271196,0.04788402,-0.109937692,,-0.07439286,0.279950664,1.4282268521,0.1402108697,6.2585641975,,,0.0003188092,-0.033638443,0.0,-0.072491703,0.1563365424,-0.228828245,0.0091939042,0.0189808098,-0.009786906,0.1514711125,-0.185109556,-0.000773627,,-0.166639196,0.5748548096,-0.067593689,,,,-0.001111111,0.0,-0.007383353,0.0240117087,0.3234451484,-0.470294741,-1.243678551,-0.866985355,0.9635580713,0.9199760914,4.8554293715,0.2010878523,0.2007407407,,,,-0.220863887,0.0596526198,-0.028206565,0.1724621074,0.3799782511,,-0.055663408,,-0.040452569,,-0.233022942,-0.192371272,-0.010318775,0.1645109866,,,,0.1021596029,1.5310227733,,0.3661290466,,-0.098249053,-0.04358198,0.0600737177,,0.1548795532,1.389832963,,0.713917359,4.0,-1.641280595,-0.248494476,,,,,1.2781757253,,0.4574523649,0.4574523649,1.175891108,-0.094888371,-0.125579554,-0.049147988,0.0,0.0,0.1638266271,0.1661671212,-0.038221097,,,0.2591872004,0.0910814049,0.4258485377,0.4332406142,0.3889929465,,7181.13173628,2.0515353,0.00051244,2.01685125,0.0082942,0.00642844,0.06691776,,,,,,,,,,,,,,,,,,,,285,,-0.308989068,,-1.300199242
20071130,20071130,204683.0,01W,GBR,-0.087305,2007,11,20071031,20071031,15.790136174,0.0264843,15.790136174,,3.2222102776,-1.440358753,0.0832556199,0.0462512838,-0.183488628,0.2810059927,0.2208132663,-0.192081551,-0.94351221,0.1911340639,0.0380768887,0.0566658484,,-0.07439286,0.2165055596,1.4282268521,0.1402108697,,,,0.0003188092,-0.033638443,0.0,-0.072491703,0.1563365424,-0.228828245,0.0091939042,0.0189808098,-0.009786906,0.1514711125,-0.185109556,0.0086857715,,-0.063128676,0.7377812938,-0.140301384,,,-0.328080672,-0.001111111,0.0,-0.013300988,0.0871706526,1.0438402058,-0.470294741,-1.243678551,-0.866985355,1.0378283033,0.9846975717,5.197014962,0.2010878523,0.2007407407,,,,-0.220863887,0.0596526198,-0.028206565,0.1724621074,0.3257757352,,-0.016151765,,,,-0.233022942,-0.192371272,-0.010318775,0.1645109866,,,,0.1021596029,1.5310227733,,0.3661290466,,-0.170680228,-0.053130732,0.0600737177,,0.1488376425,1.389832963,,0.713917359,4.0,-1.641280595,-0.103148507,,,,,1.2070130232,,0.4319836083,0.4319836083,1.188542793,-0.100797145,-0.206013258,-0.045370628,0.0,0.0,0.1512354278,0.1597065798,-0.044783673,,,0.5724258396,0.1804926748,0.2166020057,0.4107679863,0.5557871906,0.00835671,5741.46207641,2.32839764,0.00037842,2.12367346,0.00863409,0.00656864,0.11739905,,,,,,,,,,,,,,,,,,,,286,,-0.323770574,,-1.290745421
20071231,20071231,204683.0,01W,GBR,-0.052819,2007,12,20071130,20071130,14.411585377,0.0241721,14.411585377,,3.2222102776,-1.440358753,-0.087304554,0.1191573876,0.0501516684,0.287026373,0.110246841,0.2552388079,-0.935730517,0.0280063343,0.0275940807,-0.212080347,,-0.07439286,0.2165055596,1.4282268521,0.1402108697,,,,0.0003188092,-0.033638443,0.0,-0.072491703,0.1563365424,-0.228828245,0.0091939042,0.0189808098,-0.009786906,0.1514711125,-0.185109556,0.0086857715,,-0.063128676,0.7377812938,-0.140301384,,,-0.328080672,-0.001111111,0.0,-0.013300988,0.0871706526,1.0438402058,-0.470294741,-1.243678551,-0.866985355,1.0378283033,0.9846975717,5.197014962,0.2010878523,0.2007407407,,,,-0.220863887,0.0596526198,-0.028206565,0.1724621074,0.3257757352,,-0.016151765,,,,-0.233022942,-0.192371272,-0.010318775,0.1645109866,,,,0.1021596029,1.5310227733,,0.3661290466,,-0.170680228,-0.053130732,0.0600737177,,0.1488376425,1.389832963,,0.713917359,4.0,-1.641280595,-0.103148507,,,,,1.3224707415,,0.473305318,0.473305318,1.3022337279,-0.11043897,-0.225719608,-0.049710589,0.0,0.0,0.1657019639,0.1700756799,-0.047691295,,,0.5923685979,0.1439117352,0.611720371,0.4097689851,0.5279637823,0.008366,4299.98002336,1.36042216,0.00030022,1.33104671,0.00882919,0.0072511,0.12007872,,,,,,,,,,,,,,,,,,,,287,,-0.342866122,,-1.288077354
20080131,20080131,204683.0,01W,GBR,-0.175241,2008,1,20071231,20071231,13.650377553,0.02289535,13.650377553,,3.2222102776,-1.440358753,-0.052819159,-0.011317529,0.0272132621,0.4939585535,-0.014288918,0.0284228769,-0.767805665,-0.221709654,0.0429477621,0.3143690656,,-0.07439286,0.2165055596,1.4282268521,0.1402108697,,,,0.0003188092,-0.033638443,0.0,-0.072491703,0.1563365424,-0.228828245,0.0091939042,0.0189808098,-0.009786906,0.1514711125,-0.185109556,0.0086857715,,-0.063128676,0.7377812938,-0.140301384,,,-0.328080672,-0.001111111,0.0,-0.013300988,0.0871706526,1.0438402058,-0.470294741,-1.243678551,-0.866985355,1.0378283033,0.9846975717,5.197014962,0.2010878523,0.2007407407,,,,-0.220863887,0.0596526198,-0.028206565,0.1724621074,0.3257757352,,-0.016151765,,,,-0.233022942,-0.192371272,-0.010318775,0.1645109866,,,,0.1021596029,1.5310227733,,0.3661290466,,-0.170680228,-0.053130732,0.0600737177,,0.1488376425,1.389832963,,0.713917359,4.0,-1.641280595,-0.103148507,,,,,1.3962177914,,0.499698999,0.499698999,1.3748522688,-0.116597555,-0.238306771,-0.05248268,0.0,0.0,0.1749422674,0.1763997503,-0.049464641,,,0.2083386983,0.1712681535,0.7366161237,0.4092694185,0.5275476353,,3958.98079178,1.47593065,0.00027638,1.44096267,0.00891153,0.00746606,0.15331526,,,,,,,,,,,,,,,,,,,,288,,-0.339503603,,-1.294421613
20080228,20080229,204683.0,01W,GBR,-0.130705,2008,2,20080131,20080131,11.258274143,0.01888315,11.258274143,,3.2222102776,-1.440358753,-0.175240824,-0.13551236,-0.020226378,-0.235368868,0.1996122736,0.2329554311,-0.875716731,0.0781884272,0.0199087393,-0.021985729,,-0.07439286,0.2165055596,1.4282268521,0.1402108697,,,,0.0003188092,-0.033638443,0.0,-0.072491703,0.1563365424,-0.228828245,0.0091939042,0.0189808098,-0.009786906,0.1514711125,-0.185109556,0.0086857715,,-0.063128676,0.7377812938,-0.140301384,,,-0.328080672,-0.001111111,0.0,-0.013300988,0.0871706526,1.0438402058,-0.470294741,-1.243678551,-0.866985355,1.0378283033,0.9846975717,5.197014962,0.2010878523,0.2007407407,,,,-0.220863887,0.0596526198,-0.028206565,0.1724621074,0.3257757352,,-0.016151765,,,,-0.233022942,-0.192371272,-0.010318775,0.1645109866,,,,0.1021596029,1.5310227733,,0.3661290466,,-0.170680228,-0.053130732,0.0600737177,,0.1488376425,1.389832963,,0.713917359,4.0,-1.641280595,-0.103148507,,,,,1.6928793666,,0.6058726154,0.6058726154,1.6669742015,-0.141371637,-0.288941036,-0.063633945,0.0,0.0,0.2121131507,0.199739436,-0.056009374,,,1.0427226343,0.2885444212,1.0770952434,0.4111171523,0.6019786676,,4158.97099076,1.42072883,0.00029494,1.38751129,0.00883686,0.00745871,0.1391978,,,,,,,,,,,,,,,,,,,,289,,-0.313803977,,-1.283750684
20080331,20080331,204683.0,01W,GBR,-0.243262,2008,3,20080228,20080229,9.7867597045,0.016415025,9.7867597045,,0.0,2.775558e-16,-0.130705152,-0.21880391,-0.202047371,-0.251248042,-0.082357772,0.1355872076,-0.831415054,-0.213724433,0.0274559465,0.0493151561,,-0.07439286,0.2165055596,1.4282268521,0.1402108697,,,,0.0003188092,-0.033638443,0.0,-0.072491703,0.1563365424,-0.228828245,0.0091939042,0.0189808098,-0.009786906,0.1514711125,-0.185109556,0.0086857715,,-0.063128676,0.7377812938,-0.140301384,,,-0.328080672,-0.001111111,0.0,-0.013300988,0.0871706526,1.0438402058,-0.470294741,-1.243678551,-0.866985355,1.0378283033,0.9846975717,5.197014962,0.2010878523,0.2007407407,,,,-0.220863887,0.0596526198,-0.028206565,0.1724621074,0.3257757352,,-0.016151765,,,,-0.233022942,-0.192371272,-0.010318775,0.1645109866,,,,0.1021596029,1.5310227733,,0.3661290466,,-0.170680228,-0.053130732,0.0600737177,,0.1488376425,1.389832963,,0.713917359,4.0,-1.641280595,-0.103148507,,,,,1.9474167728,,0.6969702134,0.6969702134,1.9176165674,-0.162627948,-0.332385539,-0.073201797,0.0,0.0,0.244005991,0.2174370697,-0.060972006,,,0.9703038452,0.2731323331,1.1276992145,0.6273335623,0.5596146383,0.00528727,6711.43736246,1.58720051,0.00056583,1.77186703,0.00798984,0.00797612,0.14209964,,,,,,,,,,,,,,,,,,,,290,,-0.31416871,,-1.285111402
20080430,20080430,204683.0,01W,GBR,0.036389,2008,4,20080331,20080331,7.4060140453,0.012421875,7.4060140453,,0.0,1.110223e-16,-0.24326189,-0.283041098,-0.328595882,-0.302430017,0.0145319192,0.4625862953,-0.902496655,0.8506294847,-0.071988724,-0.020187172,,-0.07439286,0.2165055596,1.4282268521,0.1402108697,,,,0.0003188092,-0.033638443,0.0,-0.072491703,0.1563365424,-0.228828245,0.0091939042,0.0189808098,-0.009786906,0.1514711125,-0.185109556,0.0086857715,,-0.063128676,0.7377812938,-0.140301384,,,-0.328080672,-0.001111111,0.0,-0.013300988,0.0871706526,1.0438402058,-0.470294741,-1.243678551,-0.866985355,1.0378283033,0.9846975717,5.197014962,0.2010878523,0.2007407407,,,,-0.220863887,0.0596526198,-0.028206565,0.1724621074,0.3257757352,,-0.016151765,,,,-0.233022942,-0.192371272,-0.010318775,0.1645109866,,,,0.1021596029,1.5310227733,,0.3661290466,,-0.170680228,-0.053130732,0.0600737177,,0.1488376425,1.389832963,,0.713917359,4.0,-1.641280595,-0.103148507,,,,,2.5734355732,,0.9210190473,0.9210190473,2.53405576,-0.214906512,-0.439234571,-0.09673333,0.0,0.0,0.322444433,0.2538227405,-0.071174992,,,1.1853591562,0.3087383425,-0.106146857,0.6192344799,0.5891715031,,6003.30282597,1.77248101,0.00051705,1.95143882,0.00808904,0.00835847,0.12421932,,,,,,,,,,,,,,,,,,,,291,,-0.310365121,,-1.279861618
20080530,20080531,204683.0,01W,GBR,-0.078927,2008,5,20080430,20080430,7.6755147043,0.0128739,7.6755147043,,0.0,1.110223e-16,0.036389434,-0.34217146,-0.530972123,-0.468423699,-0.585149284,-0.183488628,-0.829699017,-0.157749724,-0.054339709,,,2.4186349806,2.0779994971,1.0430735536,-1.0,,1.1716633812,1.3954263243,-0.000758371,8.07863e-05,0.0,0.1144971715,0.3137675708,-0.199270399,0.5876051516,-0.017334187,0.604939339,0.4073519029,-0.407271117,0.0165551607,,-0.05577342,0.7873278237,0.143030303,,,-0.789514264,0.3765289256,0.2167493113,0.1597796143,0.1920661157,1.0976070529,-0.215205001,-1.229839662,0.4501673611,2.0266666667,3.1305500003,14.155744025,0.1673747277,0.0640220386,,,,1.3868340278,-0.857761657,0.5451455595,3.9610460638,,,,,,,3.1507973741,1.6764871099,-1.499031121,1.4508472747,,,-0.020770485,1.145572339,2.6915864393,,0.4889683972,,-0.367052342,0.3350964187,-0.274089379,,0.1488376425,0.3450385675,,1.1022507938,1.0,-1.297164947,0.2434064329,,,,,2.3539030535,,1.1213138182,0.9706121462,4.762276591,-0.411900611,-0.864005628,-0.92392316,,,0.7970847475,0.1707185681,-0.004212023,,,1.2367013193,-0.171166685,-0.519335867,0.5013187051,0.4876964172,0.0054299,6778.57903842,2.06576373,0.00071214,2.45776529,0.00745206,0.00823611,0.24442456,,,,,,,,,,,,,,,,,,,,292,,-0.943780033,,-1.3518655
20080630,20080630,204683.0,01W,GBR,0.174813,2008,6,20080530,20080531,7.0697083449,0.0118578,7.0697083449,,0.0,0.0,-0.078927132,-0.215724618,-0.467406638,-0.45598259,-0.489525962,0.0501516684,-0.887004916,-0.066923412,-0.055430957,,,2.4186349806,2.0779994971,1.0430735536,-1.0,,1.1716633812,1.3954263243,-0.000758371,8.07863e-05,0.0,0.1144971715,0.3137675708,-0.199270399,0.5876051516,-0.017334187,0.604939339,0.4073519029,-0.407271117,0.0165551607,,-0.05577342,0.7873278237,0.143030303,,,-0.789514264,0.3765289256,0.2167493113,0.1597796143,0.1920661157,1.0976070529,-0.215205001,-1.229839662,0.4501673611,2.0266666667,3.1305500003,14.155744025,0.1673747277,0.0640220386,,,,1.3868340278,-0.857761657,0.5451455595,3.9610460638,,,,,,,3.1507973741,1.6764871099,-1.499031121,1.4508472747,,,-0.020770485,1.145572339,2.6915864393,,0.4889683972,,-0.367052342,0.3350964187,-0.274089379,,0.1488376425,0.3450385675,,1.1022507938,1.0,-1.297164947,0.2434064329,,,,,2.5556100222,,1.2173996833,1.0537843199,5.1703581275,-0.447196553,-0.938042643,-1.003094534,,,0.8653872835,0.1778414912,-0.004387762,,,0.9957423963,0.033824934,-0.529995758,0.4932459044,0.5139113215,,6178.66879406,2.31599207,0.0006937,2.60812366,0.00742972,0.0083463,0.39694656,,,,,,,,,,,,,,,,,,,,293,,-0.933510643,,-1.353477153
20080731,20080731,204683.0,01W,GBR,-0.217878,2008,7,20080630,20080630,8.3055867058,0.0139307,8.3055867058,,0.0,-1.11022e-16,0.1748132031,-0.045409811,-0.482086974,-0.514994601,-0.49609304,0.0272132621,-0.878631598,-0.006957628,-0.038906336,-0.165351845,,2.4186349806,2.0779994971,1.0430735536,-1.0,,1.1716633812,1.3954263243,-0.000758371,8.07863e-05,0.0,0.1144971715,0.3137675708,-0.199270399,0.5876051516,-0.017334187,0.604939339,0.4073519029,-0.407271117,0.0165551607,,-0.05577342,0.7873278237,0.143030303,,,-0.789514264,0.3765289256,0.2167493113,0.1597796143,0.1920661157,1.0976070529,-0.215205001,-1.229839662,0.4501673611,2.0266666667,3.1305500003,14.155744025,0.1673747277,0.0640220386,,,,1.3868340278,-0.857761657,0.5451455595,3.9610460638,,,,,,,3.1507973741,1.6764871099,-1.499031121,1.4508472747,,,-0.020770485,1.145572339,2.6915864393,,0.4889683972,,-0.367052342,0.3350964187,-0.274089379,,0.1488376425,0.3450385675,,1.1022507938,1.0,-1.297164947,0.2434064329,,,,,2.1753330788,,1.0362495757,0.8969803175,4.4010044437,-0.380653326,-0.7984611,-0.853833215,,,0.7366169202,0.1638914439,-0.004043582,,,0.6306701351,-0.28683192,-1.147200111,0.4844908047,0.5098892992,,7066.73924132,2.10900125,0.00081265,2.31798711,0.00698017,0.00817767,0.34796271,,,,,,,,,,,,,,,,,,,,294,,-0.939190008,,-1.352333725
20080826,20080831,204683.0,01W,GBR,-0.114022,2008,8,20080731,20080731,6.4959777267,1.08955,6.4959777267,,-3.354537e-08,3.3545373e-08,-0.217878499,0.0820885668,-0.262268213,-0.474001578,-0.4038557,-0.020226378,-0.870638628,0.0126882917,-0.059866953,-0.029837324,,-0.03992722,2.0779994971,1.0430735536,-1.0,,1.1716633812,1.3954263243,-0.000758371,0.00014703,0.0,0.1144971715,-0.210900908,-0.199270399,-0.189854927,1.179273e-16,-0.189854927,0.1605545772,-0.160407547,0.0165551607,,-0.05577342,0.7873278237,0.143030303,,,-0.789514264,0.3765289256,0.2167493113,-0.317223201,0.1920661157,1.0976070529,-0.215205001,-1.229839662,0.2453519328,2.0266666667,3.1305500003,14.155744025,0.1673747277,0.1,,,,1.3868340278,-0.857761657,0.5451455595,3.9610460638,0.1230427104,,-0.016500698,,0.0391627104,,3.1507973741,1.6764871099,-1.499031121,1.4508472747,,,-0.020770485,1.145572339,2.6915864393,,0.4889683972,,-0.367052342,0.3350964187,-0.274089379,,0.1461347639,0.3450385675,,0.3440260796,1.0,-1.297164947,0.2434064329,,,,,2.7536270524,,1.4686010946,1.1932383894,5.6270088257,-0.486693356,-1.020891416,-1.091688749,,,0.9418190698,0.3348019763,-0.004568273,,,0.763218523,-0.108802893,-0.403444967,0.6723723762,0.4988008439,0.00768631,6489.47974403,2.2206058,0.00078069,2.33009556,0.00690815,0.00807443,0.15883364,,,,,,,,,,,,,,,,,,,,295,,-0.904520123,,-1.373620466
20080929,20080930,204683.0,01W,GBR,-0.015881,2008,9,20080826,20080831,5.7552943685,0.9653175,5.7552943685,,-3.354537e-08,3.3545372e-08,-0.114021844,-0.081153334,-0.336248346,-0.549253064,-0.53958461,-0.202047371,-0.863986965,0.0331424708,-0.073245527,-0.114679129,,-0.03992722,2.0779994971,1.0430735536,-1.0,,1.1716633812,1.3954263243,-0.000758371,0.00014703,0.0,0.1144971715,-0.210900908,-0.199270399,-0.189854927,1.179273e-16,-0.189854927,0.1605545772,-0.160407547,0.0165551607,,-0.05577342,0.7873278237,0.143030303,,,-0.789514264,0.3765289256,0.2167493113,-0.317223201,0.1920661157,1.0976070529,-0.215205001,-1.229839662,0.2453519328,2.0266666667,3.1305500003,14.155744025,0.1673747277,0.1,,,,1.3868340278,-0.857761657,0.5451455595,3.9610460638,0.1230427104,,-0.016500698,,0.0391627104,,3.1507973741,1.6764871099,-1.499031121,1.4508472747,,,-0.020770485,1.145572339,2.6915864393,,0.4889683972,,-0.367052342,0.3350964187,-0.274089379,,0.1461347639,0.3450385675,,0.3440260796,1.0,-1.297164947,0.2434064329,,,,,3.1080078367,,1.6576041796,1.3468033959,6.3511823479,-0.549328844,-1.152276057,-1.232184723,,,1.0630274159,0.3531621316,-0.004824508,,,0.7961289717,-0.277394179,-0.311708122,0.6720567638,0.4680324381,,6528.48318411,2.64681623,0.00100772,2.74954645,0.00627177,0.00735303,,,,,,,,,,,,,,,,,,,,,296,,-0.90219007,,-1.379431054
20081030,20081031,204683.0,01W,GBR,-0.229827,2008,10,20080929,20080930,5.6638957741,0.9499875,5.6638957741,,-3.354537e-08,3.3545373e-08,,-0.307057434,-0.222889057,-0.578378361,-0.605167738,-0.328595882,-0.845515463,0.0832556199,,-0.121506804,,-0.03992722,2.0779994971,1.0430735536,-1.0,,1.1716633812,1.3954263243,-0.000758371,0.00014703,0.0,0.1144971715,-0.210900908,-0.199270399,-0.189854927,1.179273e-16,-0.189854927,0.1605545772,-0.160407547,0.0165551607,,-0.05577342,0.7873278237,0.143030303,,,-0.789514264,0.3765289256,0.2167493113,-0.317223201,0.1920661157,1.0976070529,-0.215205001,-1.229839662,0.2453519328,2.0266666667,3.1305500003,14.155744025,0.1673747277,0.1,,,,1.3868340278,-0.857761657,0.5451455595,3.9610460638,0.1230427104,,-0.016500698,,0.0391627104,,3.1507973741,1.6764871099,-1.499031121,1.4508472747,,,-0.020770485,1.145572339,2.6915864393,,0.4889683972,,-0.367052342,0.3350964187,-0.274089379,,0.1461347639,0.3450385675,,0.3440260796,1.0,-1.297164947,0.2434064329,,,,,3.1581619284,,1.6843530285,1.3685368356,6.4536717231,-0.558193393,-1.170870398,-1.252068555,,,1.0801815471,0.355568257,-0.004858133,,,0.8295553092,-0.316044757,-0.079681441,0.6701694131,0.4524899548,,7124.23074741,2.50950148,0.00110496,2.59459747,0.00600718,0.00727041,,,,,,,,,,,,,,,,,,,,,297,,-0.883983995,,-1.392476049
20081128,20081130,204683.0,01W,GBR,-0.056031,2008,11,20081030,20081031,4.3621812525,0.731655,4.3621812525,,-3.354537e-08,3.3545373e-08,,,,,,-0.530972123,-0.821681563,-0.087304554,,0.0927212185,,-0.060234326,2.0779994971,1.0430735536,-1.0,,1.1716633812,1.3954263243,-0.000758371,-8.9889e-05,0.0,0.1144971715,-0.229143706,-0.199270399,-0.206202368,-4.95887e-17,-0.206202368,0.1524993161,-0.152589205,0.0165551607,,-0.05577342,0.7873278237,0.143030303,,,-0.789514264,0.3765289256,0.2167493113,-0.325278462,0.1920661157,1.0976070529,-0.215205001,-1.229839662,0.2401623389,2.0266666667,3.1305500003,14.155744025,0.1673747277,0.1,,,,1.3868340278,-0.857761657,0.5451455595,3.9610460638,0.0992885238,,-0.01668847,,-0.000536704,,3.1507973741,1.6764871099,-1.499031121,1.4508472747,,,-0.020770485,1.145572339,2.6915864393,,0.4889683972,,-0.367052342,0.3350964187,-0.274089379,,0.1431554616,0.3450385675,,0.3367493664,1.0,-1.297164947,0.2434064329,,,,,4.1059504324,,2.1898402306,1.7792451874,8.379506005,-0.724763373,-1.520268764,-1.625697189,,,1.4025175356,0.3939631236,-0.005393507,,,0.904384754,-0.328824897,-0.059114089,0.6650565074,0.5325837885,,5389.24730486,2.78589006,0.00086375,2.91818943,0.00660191,0.00722747,0.11152683,,,,,,,,,,,,,,,,,,,,298,,-0.879434032,,-1.404508606
20081223,20081231,204683.0,01W,GBR,-0.148988,2008,12,20081128,20081130,4.1177660288,0.69066,4.1177660288,,-3.354537e-08,3.3545372e-08,,-0.242057665,-0.382975763,-0.554277255,-0.697314259,-0.467406638,-0.8347026,-0.052819159,,-0.026214689,,-0.060234326,2.0779994971,1.0430735536,-1.0,,1.1716633812,1.3954263243,-0.000758371,-8.9889e-05,0.0,0.1144971715,-0.229143706,-0.199270399,-0.206202368,-4.95887e-17,-0.206202368,0.1524993161,-0.152589205,0.0165551607,,-0.05577342,0.7873278237,0.143030303,,,-0.789514264,0.3765289256,0.2167493113,-0.325278462,0.1920661157,1.0976070529,-0.215205001,-1.229839662,0.2401623389,2.0266666667,3.1305500003,14.155744025,0.1673747277,0.1,,,,1.3868340278,-0.857761657,0.5451455595,3.9610460638,0.0992885238,,-0.01668847,,-0.000536704,,3.1507973741,1.6764871099,-1.499031121,1.4508472747,,,-0.020770485,1.145572339,2.6915864393,,0.4889683972,,-0.367052342,0.3350964187,-0.274089379,,0.1431554616,0.3450385675,,0.3367493664,1.0,-1.297164947,0.2434064329,,,,,4.3496643264,,2.3198209741,1.8848545414,8.8768822085,-0.767782622,-1.610506244,-1.722192507,,,1.4857657422,0.4020689676,-0.005507467,,,0.9045227983,-0.265453408,0.2044970323,0.6648496029,0.4843970173,,,,,,,0.0070732,,,,,,,,,,,,,,,,,,,,,299,,-0.886859166,,-1.418658089
20090129,20090131,204683.0,01W,GBR,0.035674,2009,1,20081223,20081231,3.5042686142,0.58776,3.5042686142,,-3.354537e-08,3.3545372e-08,,,,,,-0.482086974,-0.842611191,-0.175240824,,0.1454281003,,-0.060234326,2.0779994971,1.0430735536,-1.0,,1.1716633812,1.3954263243,-0.000758371,-8.9889e-05,0.0,0.1144971715,-0.229143706,-0.199270399,-0.206202368,-4.95887e-17,-0.206202368,0.1524993161,-0.152589205,0.0165551607,,-0.05577342,0.7873278237,0.143030303,,,-0.789514264,0.3765289256,0.2167493113,-0.325278462,0.1920661157,1.0976070529,-0.215205001,-1.229839662,0.2401623389,2.0266666667,3.1305500003,14.155744025,0.1673747277,0.1,,,,1.3868340278,-0.857761657,0.5451455595,3.9610460638,0.0992885238,,-0.01668847,,-0.000536704,,3.1507973741,1.6764871099,-1.499031121,1.4508472747,,,-0.020770485,1.145572339,2.6915864393,,0.4889683972,,-0.367052342,0.3350964187,-0.274089379,,0.1431554616,0.3450385675,,0.3367493664,1.0,-1.297164947,0.2434064329,,,,,5.1111664007,,2.7259554137,2.2148387736,10.430970917,-0.902199445,-1.89245992,-2.02369926,,,1.7458809165,0.4239645602,-0.005815916,,,0.9471851929,-0.269534538,-0.421587574,0.6622206895,0.5314934907,,,,,,,0.00694008,,,,,,,,,,,,,,,,,,,,,300,,-0.883058372,,-1.405033113
20090225,20090228,204683.0,01W,GBR,0.052466,2009,2,20090129,20090131,3.6292784008,0.6087275,3.6292784008,,-3.354537e-08,3.3545373e-08,0.0356735742,-0.196670562,-0.460547933,-0.543448372,-0.688738373,-0.262268213,-0.9106416,-0.130705152,,0.0488473392,,2.4186349806,2.0779994971,1.0430735536,-1.0,16.917813066,1.1716633812,1.3954263243,-0.000758371,8.07863e-05,0.0,0.1144971715,0.3137675708,-0.199270399,0.5876051516,-0.017334187,0.604939339,0.4073519029,-0.407271117,0.0165551607,,-0.05577342,0.7873278237,0.143030303,,,-0.789514264,0.3765289256,0.2167493113,0.1597796143,0.1920661157,1.0976070529,-0.215205001,-1.229839662,0.4501673611,2.0266666667,3.1305500003,14.155744025,0.1673747277,0.0861401244,,,,1.3868340278,-0.857761657,0.5451455595,3.9610460638,,,-0.052763569,,,,3.1507973741,1.6764871099,-1.499031121,1.4508472747,,,-0.020770485,1.145572339,2.6915864393,,0.4889683972,,-0.367052342,0.3350964187,-0.274089379,,0.1453396361,0.3450385675,,1.1022507938,1.0,-1.297164947,0.2434064329,,,,,4.1864506995,,2.2673946694,1.9067732854,10.071678158,-0.871123361,-1.827274507,-1.953993333,,,1.6857443889,0.0853563104,-0.005750293,,,0.8339950586,-0.428407073,-0.323121481,0.5161951122,0.4767338471,,,,,,,0.00686111,0.10829956,,,,,,,,,,,,,,,,,,,,301,,-0.827490344,,-1.379887321
20090331,20090331,204683.0,01W,GBR,0.286394,2009,3,20090225,20090228,3.8196921392,0.640665,3.8196921392,,-3.354537e-08,3.3545373e-08,0.0524660049,,-0.369401777,-0.486643813,-0.629164439,-0.336248346,-0.936823008,-0.24326189,,-0.09398692,,2.4186349806,2.0779994971,1.0430735536,-1.0,16.917813066,1.1716633812,1.3954263243,-0.000758371,8.07863e-05,0.0,0.1144971715,0.3137675708,-0.199270399,0.5876051516,-0.017334187,0.604939339,0.4073519029,-0.407271117,0.0165551607,,-0.05577342,0.7873278237,0.143030303,,,-0.789514264,0.3765289256,0.2167493113,0.1597796143,0.1920661157,1.0976070529,-0.215205001,-1.229839662,0.4501673611,2.0266666667,3.1305500003,14.155744025,0.1673747277,0.0861401244,,,,1.3868340278,-0.857761657,0.5451455595,3.9610460638,,,-0.052763569,,,,3.1507973741,1.6764871099,-1.499031121,1.4508472747,,,-0.020770485,1.145572339,2.6915864393,,0.4889683972,,-0.367052342,0.3350964187,-0.274089379,,0.1453396361,0.3450385675,,1.1022507938,1.0,-1.297164947,0.2434064329,,,,,3.9777538467,,2.1543638074,1.8117195962,9.5695995038,-0.827697386,-1.736183875,-1.856585699,,,1.6017091108,0.0838429807,-0.005653135,,,0.6345689487,-0.279263121,-0.480628149,0.5149516117,0.5088627155,,,,,,,,,,,,,,,,,,,,,,,,,,,,302,,-0.798710711,,-1.368072565
20090430,20090430,204683.0,01W,GBR,0.123737,2009,4,20090331,20090331,4.9136283819,0.8241475,4.9136283819,,-3.354537e-08,3.3545373e-08,0.2863938252,0.0900112291,,-0.540105666,-0.484244528,-0.222889057,-0.945366142,0.036389434,,0.1775824674,,2.4186349806,2.0779994971,1.0430735536,-1.0,16.917813066,1.1716633812,1.3954263243,-0.000758371,8.07863e-05,0.0,0.1144971715,0.3137675708,-0.199270399,0.5876051516,-0.017334187,0.604939339,0.4073519029,-0.407271117,0.0165551607,,-0.05577342,0.7873278237,0.143030303,,,-0.789514264,0.3765289256,0.2167493113,0.1597796143,0.1920661157,1.0976070529,-0.215205001,-1.229839662,0.4501673611,2.0266666667,3.1305500003,14.155744025,0.1673747277,0.0861401244,,,,1.3868340278,-0.857761657,0.5451455595,3.9610460638,,,-0.052763569,,,,3.1507973741,1.6764871099,-1.499031121,1.4508472747,,,-0.020770485,1.145572339,2.6915864393,,0.4889683972,,-0.367052342,0.3350964187,-0.274089379,,0.1453396361,0.3450385675,,1.1022507938,1.0,-1.297164947,0.2434064329,,,,,3.0921742385,,1.6747311478,1.4083708743,7.4390900489,-0.643424564,-1.349651904,-1.443248298,,,1.245115671,0.0760924213,-0.005152943,,,0.7243982729,0.0471239415,0.1693394062,0.5127715188,0.5528163141,,,,,,,,,,,,,,,,,,,,,,,,,,,,303,,-0.805247755,,-1.351027614
20090529,20090531,204683.0,01W,GBR,0.131451,2009,5,20090430,20090430,5.5216257833,0.926125,5.5216257833,,-3.354537e-08,3.3545373e-08,0.1237369524,0.3538857699,0.1264154554,-0.243589096,-0.359830743,,-0.945221002,-0.078927132,,,,-0.320580675,-0.3949964,-0.448691547,,13.895235044,0.9524205215,1.735066633,0.0,-0.016543052,0.0,-0.033236683,-0.3361352,0.3028985171,-0.41397496,0.0234714235,-0.437446383,-0.159530383,0.1429873306,0.0335518346,,-0.012246759,0.6591949302,0.3246097876,,,-0.372277228,-0.151272575,0.1282713297,-0.279543905,0.0092712123,0.0580882353,0.1522585429,0.9539669439,0.0402660203,1.7977936862,1.457655351,30.398019802,0.1832453912,0.0861401244,,,,-0.09141442,,-0.231615287,0.1263637212,,,-0.050251961,,,0.9709364015,0.9132913219,-0.304644846,-0.208632837,0.1361983244,,,-0.134081384,0.2268452035,0.4478697744,,0.2205461627,,-0.168876892,0.3338809999,0.1981754492,,0.1489006909,,,0.2929651983,3.0,-1.042856868,-0.510345988,,,,,2.2231409882,,1.204060047,1.0125584057,4.0050976774,-0.354825929,-0.375437141,-0.421355791,,,0.7339156906,0.0654665306,0.0041483742,,,0.7957673884,0.2500779337,0.4639374439,0.6474878863,0.5780944336,,,,,,,,0.05365143,,,,,,,,,,,,,,,,,,,,304,,-0.539573992,,-1.357207579
20090630,20090630,204683.0,01W,GBR,0.100037,2009,6,20090529,20090531,6.247448672,1.047865,6.247448672,,-3.354537e-08,3.3545373e-08,0.131450938,0.4455682767,,-0.040600631,-0.218974009,-0.382975763,-0.941212749,0.1748132031,,,,-0.320580675,-0.3949964,-0.448691547,,13.895235044,0.9524205215,1.735066633,0.0,-0.016543052,0.0,-0.033236683,-0.3361352,0.3028985171,-0.41397496,0.0234714235,-0.437446383,-0.159530383,0.1429873306,0.0335518346,,-0.012246759,0.6591949302,0.3246097876,,,-0.372277228,-0.151272575,0.1282713297,-0.279543905,0.0092712123,0.0580882353,0.1522585429,0.9539669439,0.0402660203,1.7977936862,1.457655351,30.398019802,0.1832453912,0.0861401244,,,,-0.09141442,,-0.231615287,0.1263637212,,,-0.050251961,,,0.9709364015,0.9132913219,-0.304644846,-0.208632837,0.1361983244,,,-0.134081384,0.2268452035,0.4478697744,,0.2205461627,,-0.168876892,0.3338809999,0.1981754492,,0.1489006909,,,0.2929651983,3.0,-1.042856868,-0.510345988,,,,,1.9648584958,,1.0641734489,0.8949202936,3.5397890821,-0.313602576,-0.331819197,-0.37240306,,,0.648650035,0.0614527249,0.0038940341,,,0.8665077069,0.3948254014,0.4457213952,0.646319736,0.5863748653,,,,,,,,0.16871506,,,,,,,,,,,,,,,,,,,,305,,-0.543352636,,-1.355066774
20090724,20090731,204683.0,01W,GBR,-0.003219,2009,7,20090630,20090630,6.8724230791,1.15269,6.8724230791,,-3.354537e-08,3.3545373e-08,0.1000367414,0.2714532289,0.7828110113,,-0.247801618,,-0.900903596,-0.217878499,,-0.150012339,,-0.320580675,-0.3949964,-0.448691547,,13.895235044,0.9524205215,1.735066633,0.0,-0.016543052,0.0,-0.033236683,-0.3361352,0.3028985171,-0.41397496,0.0234714235,-0.437446383,-0.159530383,0.1429873306,0.0335518346,,-0.012246759,0.6591949302,0.3246097876,,,-0.372277228,-0.151272575,0.1282713297,-0.279543905,0.0092712123,0.0580882353,0.1522585429,0.9539669439,0.0402660203,1.7977936862,1.457655351,30.398019802,0.1832453912,0.0861401244,,,,-0.09141442,,-0.231615287,0.1263637212,,,-0.050251961,,,0.9709364015,0.9132913219,-0.304644846,-0.208632837,0.1361983244,,,-0.134081384,0.2268452035,0.4478697744,,0.2205461627,,-0.168876892,0.3338809999,0.1981754492,,0.1489006909,,,0.2929651983,3.0,-1.042856868,-0.510345988,,,,,1.7861753357,,0.9673980958,0.8135367302,3.2178825933,-0.285083729,-0.30164374,-0.338536928,,,0.5896621546,0.0583711897,0.0036987685,,,0.8546339293,0.2027266076,0.6700889724,0.6468668902,0.5499443778,,,,,,,,0.13690339,,,,,,,,,,,,,,,,,,,,306,,-0.540661452,,-1.367583659
20090826,20090831,204683.0,01W,GBR,-0.047523,2009,8,20090724,20090731,6.8503037845,1.14898,6.8503037845,,0.0,2.151057e-16,,0.2446376029,0.8936059238,0.5754556451,0.05795053,-0.460547933,-0.900136567,-0.114021844,,-0.017456045,,-0.429965272,-0.3949964,-0.448691547,,13.895235044,0.9216118227,1.735066633,0.0,-0.016543052,0.0,-0.186015526,-0.192994501,0.0069789758,-0.422401854,-2.5043e-16,-0.422401854,-0.490155854,0.4706638639,0.0335518346,,-0.007666944,1.0366319854,0.3325138345,,,-0.5882525,-0.151272575,0.1282713297,-0.490155854,-0.226888394,-1.134427502,0.2437754697,1.2188618025,0.0187500881,2.4330245472,1.8325910149,76.725813987,0.1832453912,0.0490581951,,,,-0.236805468,,-0.231615287,0.1263637212,-0.243149724,,-0.002627155,,0.0138735433,0.9709364015,0.9132913219,-0.304644846,-0.208632837,0.1361983244,,,-0.134081384,0.0602101691,0.590916232,,0.1895444333,,0.0268858434,0.1056254402,0.1981754492,,0.1574108663,,,0.2033262753,3.0,-1.042856868,0.254044212,,,,,1.4884735803,,0.6630549305,0.5900331032,3.7565107124,-0.297698513,0.0400188676,0.0017330107,,,0.5915661447,0.0307919336,0.0988788704,,,0.8331511186,0.4134915537,0.8251479494,0.7479245166,0.6686089236,,,,,,,,0.1469843,,,,,,,,,,,,,,,,,,,,307,,0.7625322419,,-1.234767543
20090930,20090930,204683.0,01W,GBR,0.205864,2009,9,20090826,20090831,6.5247596389,1.0943775,6.5247596389,,0.0,1.94289e-16,,,,,,-0.369401777,-0.897815939,,,-0.083796277,,-0.429965272,-0.3949964,-0.448691547,,13.895235044,0.9216118227,1.735066633,0.0,-0.016543052,0.0,-0.186015526,-0.192994501,0.0069789758,-0.422401854,-2.5043e-16,-0.422401854,-0.490155854,0.4706638639,0.0335518346,,-0.007666944,1.0366319854,0.3325138345,,,-0.5882525,-0.151272575,0.1282713297,-0.490155854,-0.226888394,-1.134427502,0.2437754697,1.2188618025,0.0187500881,2.4330245472,1.8325910149,76.725813987,0.1832453912,0.0490581951,,,,-0.236805468,,-0.231615287,0.1263637212,-0.243149724,,-0.002627155,,0.0138735433,0.9709364015,0.9132913219,-0.304644846,-0.208632837,0.1361983244,,,-0.134081384,0.0602101691,0.590916232,,0.1895444333,,0.0268858434,0.1056254402,0.1981754492,,0.1574108663,,,0.2033262753,3.0,-1.042856868,0.254044212,,,,,1.5627389765,,0.6961371685,0.6194720149,3.9439367845,-0.312551782,0.0420155554,0.001819477,,,0.6210815454,0.0317405898,0.1019251897,,,0.8041833314,0.4744715517,0.7303340648,0.7529584856,0.5960689371,,,,,,,,0.11278974,,,,,,,,,,,,,,,,,,,,308,,0.7723305452,,-1.245354853
20091026,20091031,204683.0,01W,GBR,0.207972,2009,10,20090930,20090930,7.8679701956,1.31967,7.8679701956,,0.0,-1.66533e-16,0.2058636074,-0.050588189,0.3278903352,0.8619462025,,,,-0.229826708,,-0.085310034,,-0.429965272,-0.3949964,-0.448691547,,13.895235044,0.9216118227,1.735066633,0.0,-0.016543052,0.0,-0.186015526,-0.192994501,0.0069789758,-0.422401854,-2.5043e-16,-0.422401854,-0.490155854,0.4706638639,0.0335518346,,-0.007666944,1.0366319854,0.3325138345,,,-0.5882525,-0.151272575,0.1282713297,-0.490155854,-0.226888394,-1.134427502,0.2437754697,1.2188618025,0.0187500881,2.4330245472,1.8325910149,76.725813987,0.1832453912,0.0490581951,,,,-0.236805468,,-0.231615287,0.1263637212,-0.243149724,,-0.002627155,,0.0138735433,0.9709364015,0.9132913219,-0.304644846,-0.208632837,0.1361983244,,,-0.134081384,0.0602101691,0.590916232,,0.1895444333,,0.0268858434,0.1056254402,0.1981754492,,0.1574108663,,,0.2033262753,3.0,-1.042856868,0.254044212,,,,,1.2959500286,,0.5772934552,0.5137164859,3.270632566,-0.259193312,0.0348427095,0.001508858,,,0.5150512393,0.0281608469,0.0904299409,,,0.8642569598,0.2889853395,0.0005571587,0.7363833733,0.594983217,,,,,,,,0.05886289,,,,,,,,,,,,,,,,,,,,309,,0.7769770298,,-1.232203859
20091130,20091130,204683.0,01W,GBR,-0.047742,2009,11,20091026,20091031,9.5042912153,1.594125,9.5042912153,,0.0,0.0,0.2079724477,,0.4249372385,1.1679158573,0.803677963,0.1264154554,-0.903192387,,,0.07474719,,-0.345950019,-0.3949964,-0.448691547,,13.895235044,0.605962684,1.735066633,0.0,-0.016543052,0.0,-0.1134047,-0.050276672,-0.063128028,-0.294706954,3.7908960000000005e-17,-0.294706954,-0.369972419,0.3529842503,0.0335518346,,-0.000922416,0.8673325557,0.4711077961,,,-0.059308724,-0.151272575,0.1282713297,-0.369972419,-0.39613086,-2.610172561,-0.04314661,-0.284300235,0.0215135923,2.0479284192,1.6725765672,64.297147649,0.1832453912,0.0490581951,,,,-0.234041963,,-0.231615287,0.1263637212,-0.131600438,,-0.003633675,,0.0130547949,0.9709364015,0.9132913219,-0.304644846,-0.208632837,0.1361983244,,,-0.134081384,0.0490386636,0.5672788414,,0.3081280449,,0.2443666181,0.0749769361,0.1981754492,,0.164235029,,,0.2332937625,3.0,-1.042856868,-0.209812062,,,,,1.2325615382,,0.5490564401,0.4885891956,2.6067676052,-0.187058767,0.3011968947,0.2715466563,,,0.4263766448,0.0272355246,0.0620813909,,,0.869709402,0.2580215444,0.1713178643,0.7664947536,0.6280828976,,,,,,,,0.05468955,,,,,,,,,,,,,,,,,,,,310,,1.2981936064,,-1.281528899
20091231,20091231,204683.0,01W,GBR,-0.015965,2009,12,20091130,20091130,9.0505326683,1.5180175,9.0505326683,,0.0,0.0,-0.047742492,0.4566500134,0.5213076112,1.4882348809,,,,-0.148987925,,-0.038113353,,-0.345950019,-0.3949964,-0.448691547,,13.895235044,0.605962684,1.735066633,0.0,-0.016543052,0.0,-0.1134047,-0.050276672,-0.063128028,-0.294706954,3.7908960000000005e-17,-0.294706954,-0.369972419,0.3529842503,0.0335518346,,-0.000922416,0.8673325557,0.4711077961,,,-0.059308724,-0.151272575,0.1282713297,-0.369972419,-0.39613086,-2.610172561,-0.04314661,-0.284300235,0.0215135923,2.0479284192,1.6725765672,64.297147649,0.1832453912,0.0490581951,,,,-0.234041963,,-0.231615287,0.1263637212,-0.131600438,,-0.003633675,,0.0130547949,0.9709364015,0.9132913219,-0.304644846,-0.208632837,0.1361983244,,,-0.134081384,0.0490386636,0.5672788414,,0.3081280449,,0.2443666181,0.0749769361,0.1981754492,,0.164235029,,,0.2332937625,3.0,-1.042856868,-0.209812062,,,,,1.2943573853,,0.5765839969,0.5130851598,2.7374608057,-0.196437167,0.3162977368,0.2851609507,,,0.4477535134,0.0281379744,0.0641384593,,,0.9660225497,0.4056996328,0.6923423685,0.7744342244,0.5748672351,,,,,,,,0.06448447,,,,,,,,,,,,,,,,,,,,311,,1.3098726051,,-1.278310836
20100129,20100131,204683.0,01W,GBR,-0.034498,2010,1,20091231,20091231,8.9060418049,1.4937825,8.9060418049,,0.0,-2.22045e-16,,0.1503008328,0.3169347353,0.8419245341,1.582716585,0.7828110113,-0.893516193,0.0356735742,,-0.01154848,,-0.345950019,-0.3949964,-0.448691547,,13.895235044,0.605962684,1.735066633,0.0,-0.016543052,0.0,-0.1134047,-0.050276672,-0.063128028,-0.294706954,3.7908960000000005e-17,-0.294706954,-0.369972419,0.3529842503,0.0335518346,,-0.000922416,0.8673325557,0.4711077961,,,-0.059308724,-0.151272575,0.1282713297,-0.369972419,-0.39613086,-2.610172561,-0.04314661,-0.284300235,0.0215135923,2.0479284192,1.6725765672,64.297147649,0.1832453912,0.0490581951,,,,-0.234041963,,-0.231615287,0.1263637212,-0.131600438,,-0.003633675,,0.0130547949,0.9709364015,0.9132913219,-0.304644846,-0.208632837,0.1361983244,,,-0.134081384,0.0490386636,0.5672788414,,0.3081280449,,0.2443666181,0.0749769361,0.1981754492,,0.164235029,,,0.2332937625,3.0,-1.042856868,-0.209812062,,,,,1.3153569292,,0.5859384465,0.5214094097,2.7818731365,-0.199624147,0.3214293244,0.2897873777,,,0.4550178282,0.0284380305,0.0648224152,,,0.9838909167,0.4638838122,0.2644094731,0.7642099894,0.6364669983,,,,,,,,0.07964828,,,,,,,,,,,,,,,,,,,,312,,1.3145421368,,-1.27455644
20100224,20100228,204683.0,01W,GBR,-0.176371,2010,2,20100129,20100131,8.5988012265,1.44225,8.5988012265,,0.0,-2.22045e-16,,,,,,0.8936059238,-0.92494723,0.0524660049,,-0.041214575,,-0.126388061,-0.3949964,-0.448691547,,4.4285601667,0.5490171075,1.735066633,0.0,-0.016543052,0.0,-0.123882373,-0.131769099,0.0078867255,-0.062222096,-0.024456885,-0.037765211,-0.133335161,0.133335161,0.0335518346,,0.0166696781,0.7356815102,0.2833193121,,,0.7833192425,-0.151272575,0.1282713297,-0.133335161,-0.211605252,-7.076208598,-0.078270091,-2.617399547,0.033163143,1.7151820794,1.6634801295,46.990664134,0.1832453912,0.1400337431,,,,-0.026102201,,-0.231615287,0.1263637212,-0.153251247,,0.0372091334,,0.089972702,0.9709364015,0.9132913219,-0.304644846,-0.208632837,0.1361983244,,,-0.134081384,0.0626502591,0.6427001507,,0.2475111337,,0.1817014908,0.0717140601,0.1981754492,,0.1634694266,,,0.3816130244,3.0,-1.042856868,0.1065364768,,,,,1.5436431719,,0.7511727077,0.5350105763,2.7535668376,-0.046160737,0.2804822657,0.2550527908,,,0.4712759015,0.0381744393,0.0721173658,,,1.0066484311,0.4224004531,0.2150357518,0.6990869961,0.7170507327,,,,,,,,0.07328416,,,,,,,,,,,,,,,,,,,,313,,1.3630380521,,-1.307474299
20100331,20100331,204683.0,01W,GBR,0.021855,2010,3,20100224,20100228,7.082222501,1.187879,7.082222501,,0.0,-2.22045e-16,-0.176370948,-0.049912139,0.3178724892,0.3763700477,1.2511765119,,-0.916818359,0.2863938252,,-0.123569832,,-0.126388061,-0.3949964,-0.448691547,,4.4285601667,0.5490171075,1.735066633,0.0,-0.016543052,0.0,-0.123882373,-0.131769099,0.0078867255,-0.062222096,-0.024456885,-0.037765211,-0.133335161,0.133335161,0.0335518346,,0.0166696781,0.7356815102,0.2833193121,,,0.7833192425,-0.151272575,0.1282713297,-0.133335161,-0.211605252,-7.076208598,-0.078270091,-2.617399547,0.033163143,1.7151820794,1.6634801295,46.990664134,0.1832453912,0.1400337431,,,,-0.026102201,,-0.231615287,0.1263637212,-0.153251247,,0.0372091334,,0.089972702,0.9709364015,0.9132913219,-0.304644846,-0.208632837,0.1361983244,,,-0.134081384,0.0626502591,0.6427001507,,0.2475111337,,0.1817014908,0.0717140601,0.1981754492,,0.1634694266,,,0.3816130244,3.0,-1.042856868,0.1065364768,,,,,1.8741970897,,0.9120279402,0.6495771065,3.3432123739,-0.056045542,0.3405444053,0.3096694928,,,0.572194364,0.0431300302,0.0814792362,,,1.0482920073,0.3387313663,0.3947143503,0.7097875502,0.7217174815,,,,,,,,0.05573125,,,,,,,,,,,,,,,,,,,,314,,1.3503791602,,-1.302946006
20100429,20100430,204683.0,01W,GBR,-0.081366,2010,4,20100331,20100331,7.2370039042,1.21384,7.2370039042,,0.0,-1.66533e-16,0.0218549196,,-0.099866633,0.0305277221,0.4413427208,0.3278903352,-0.878841037,0.1237369524,,0.1782689605,,-0.126388061,-0.3949964,-0.448691547,,4.4285601667,0.5490171075,1.735066633,0.0,-0.016543052,0.0,-0.123882373,-0.131769099,0.0078867255,-0.062222096,-0.024456885,-0.037765211,-0.133335161,0.133335161,0.0335518346,,0.0166696781,0.7356815102,0.2833193121,,,0.7833192425,-0.151272575,0.1282713297,-0.133335161,-0.211605252,-7.076208598,-0.078270091,-2.617399547,0.033163143,1.7151820794,1.6634801295,46.990664134,0.1832453912,0.1400337431,,,,-0.026102201,,-0.231615287,0.1263637212,-0.153251247,,0.0372091334,,0.089972702,0.9709364015,0.9132913219,-0.304644846,-0.208632837,0.1361983244,,,-0.134081384,0.0626502591,0.6427001507,,0.2475111337,,0.1817014908,0.0717140601,0.1981754492,,0.1634694266,,,0.3816130244,3.0,-1.042856868,0.1065364768,,,,,1.8341127041,,0.8925219449,0.6356842778,3.2717094275,-0.054846868,0.3332610127,0.3030464373,,,0.5599565585,0.0425660806,0.0804138491,,,1.0236978507,-0.112157732,-0.28789783,0.7188230564,0.6416366107,0.00807774,,,,,,,0.02998235,,,,,,,,,,,,,,,,,,,,315,,1.3346836177,,-1.303176449
20100527,20100531,204683.0,01W,GBR,-0.089371,2010,5,20100429,20100430,6.6481596656,1.115075,6.6481596656,,0.0,-1.66533e-16,-0.081365748,-0.158370601,-0.238554066,,0.3106654069,0.4249372385,-0.829839168,0.131450938,,,,0.0916541982,0.1144921186,0.0445600318,,4.2298945562,1.0754080878,0.1765545244,0.0,0.0,0.0,-0.025651911,0.0582522431,-0.083904154,0.0484850565,-0.019090567,0.0675756234,-0.009507359,0.0095073593,-0.037386764,,0.0332197615,0.762713907,0.5403711738,,,1.6095238095,,,-0.009507359,-0.083996144,-1.394,-0.074488784,-1.236215865,0.0414402353,1.7557242709,1.9198319594,48.450793651,0.202725724,0.1400337431,,,,-0.017825109,,0.034623371,-0.424125224,0.0580863071,,0.0331533421,,0.0834053032,0.9914916317,,-0.065744927,0.0757514563,-0.018550296,,,-0.250334554,0.4982037176,0.8326198386,,0.5898984604,0.574,0.1442516269,0.4563750301,0.3131285193,,0.1627745043,0.5324060014,0.4735962412,0.4768587075,8.0,-2.619093276,0.2338471866,,,-0.138735588,0.1533183189,2.0156616077,,0.9808678684,0.6986072287,3.7072821713,0.1214546642,0.2907624662,0.2509253363,,,0.7515614623,0.0450465753,0.0991024657,,,1.0058077952,0.2588556428,-0.886350247,0.6557886838,0.7194656383,,,,,,,,0.0565347,,,,,,,,,,,,,,,,,,,,316,0.1047582922,1.3011407626,0.245921555,-1.029431245
20100617,20100630,204683.0,01W,GBR,-0.023128,2010,6,20100527,20100531,6.0540091811,1.01542,6.0540091811,,0.0,0.0,-0.08937067,-0.061289071,-0.265439957,0.0189125782,0.0641399417,0.5213076112,-0.792852593,0.1000367414,,,,0.0916541982,0.1144921186,0.0445600318,,4.2298945562,1.0754080878,0.1765545244,0.0,0.0,0.0,-0.025651911,0.0582522431,-0.083904154,0.0484850565,-0.019090567,0.0675756234,-0.009507359,0.0095073593,-0.037386764,,0.0332197615,0.762713907,0.5403711738,,,1.6095238095,,,-0.009507359,-0.083996144,-1.394,-0.074488784,-1.236215865,0.0414402353,1.7557242709,1.9198319594,48.450793651,0.202725724,0.1400337431,,,,-0.017825109,,0.034623371,-0.424125224,0.0580863071,,0.0331533421,,0.0834053032,0.9914916317,,-0.065744927,0.0757514563,-0.018550296,,,-0.250334554,0.4982037176,0.8326198386,,0.5898984604,0.574,0.1442516269,0.4563750301,0.3131285193,,0.1627745043,0.5324060014,0.4735962412,0.4768587075,8.0,-2.619093276,0.2338471866,,,-0.138735588,0.1533183189,2.2134819752,,1.077131865,0.7671696988,4.0711209816,0.1333744261,0.319298376,0.2755515643,,,0.8253209486,0.047548285,0.1046062269,,,0.9677690881,0.1027243103,-1.084421541,0.6687621201,0.6907794737,,,,,,,,0.05612354,,,,,,,,,,,,,,,,,,,,317,0.0754613239,1.2782405971,0.2418469504,-1.040350281
20100722,20100731,204683.0,01W,GBR,0.000817,2010,7,20100617,20100630,5.9139898732,0.991935,5.9139898732,,0.0,-1.38778e-16,-0.023128361,-0.163464707,,-0.230550062,-0.119086658,0.3169347353,-0.742803592,,,-0.148510514,,0.0916541982,0.1144921186,0.0445600318,,4.2298945562,1.0754080878,0.1765545244,0.0,0.0,0.0,-0.025651911,0.0582522431,-0.083904154,0.0484850565,-0.019090567,0.0675756234,-0.009507359,0.0095073593,-0.037386764,,0.0332197615,0.762713907,0.5403711738,,,1.6095238095,,,-0.009507359,-0.083996144,-1.394,-0.074488784,-1.236215865,0.0414402353,1.7557242709,1.9198319594,48.450793651,0.202725724,0.1400337431,,,,-0.017825109,,0.034623371,-0.424125224,0.0580863071,,0.0331533421,,0.0834053032,0.9914916317,,-0.065744927,0.0757514563,-0.018550296,,,-0.250334554,0.4982037176,0.8326198386,,0.5898984604,0.574,0.1442516269,0.4563750301,0.3131285193,,0.1627745043,0.5324060014,0.4735962412,0.4768587075,8.0,-2.619093276,0.2338471866,,,-0.138735588,0.1533183189,2.265888256,,1.1026339814,0.7853331676,4.1675086242,0.1365321919,0.3268580673,0.2820755084,,,0.8448612032,0.0481788399,0.1059934478,,,0.9756042869,0.0406836874,-0.660175419,0.6610856936,0.6800044257,,,,,,,,0.06701744,,,,,,,,,,,,,,,,,,,,318,0.0301976506,1.2765651893,0.2327600622,-1.051840312
20100831,20100831,204683.0,01W,GBR,0.192294,2010,8,20100722,20100731,5.9188191531,0.992745,5.9188191531,,0.0,-1.38778e-16,0.0008165858,-0.110432034,-0.312230889,-0.377755822,,,,-0.047522585,,-0.012425843,,0.0350946632,-0.059867857,0.2175725565,,-0.28641336,0.4114364655,0.1765545244,0.0,0.0,0.0,0.039442973,0.0058317912,0.0336111818,0.0333748145,-0.019090567,0.0675756234,0.0204773699,-0.02047737,-0.040196834,,0.0448385933,0.9688993734,0.1382280196,,,1.0406558958,,,0.0883783549,-0.00609365,-0.063655274,-0.02657102,-0.277565251,0.0414402353,2.160058577,2.3317274365,23.208932716,0.202725724,0.0084818861,,,,-0.017825109,,0.034623371,-0.424125224,0.0325408061,,0.0127947215,,0.0154218762,0.9914916317,,-0.065744927,0.0757514563,-0.018550296,,,-0.250334554,0.1367715804,1.0029025706,,0.1430790853,0.7150752597,0.1018225651,0.1321343692,0.0749367217,,0.1607775798,0.5324060014,0.4735962412,0.3489129114,8.0,-3.243074398,0.2413771487,,,-0.138735588,0.1533183189,1.7831831869,,0.8039192746,0.7887945178,4.0874108541,0.1707021914,0.1815682862,0.1276162323,,,0.8441718645,0.0984538422,0.1317198724,,,0.9195641363,-0.009353453,-0.82818379,0.6090132234,0.788460222,,,,,,,,0.07621783,,,,,,,,,,,,,,,,,,,,319,-0.090293099,0.9121361927,0.1718446587,-0.863206182
20100930,20100930,204683.0,01W,GBR,0.025111,2010,9,20100831,20100831,7.0569731177,1.183644,7.0569731177,,0.0,-2.08167e-16,0.1922940936,-0.022330661,-0.16427094,-0.346025326,-0.092867863,0.3178724892,-0.69950885,0.2058636074,,,,0.0350946632,-0.059867857,0.2175725565,,-0.28641336,0.4114364655,0.1765545244,0.0,0.0,0.0,0.039442973,0.0058317912,0.0336111818,0.0333748145,-0.019090567,0.0675756234,0.0204773699,-0.02047737,-0.040196834,,0.0448385933,0.9688993734,0.1382280196,,,1.0406558958,,,0.0883783549,-0.00609365,-0.063655274,-0.02657102,-0.277565251,0.0414402353,2.160058577,2.3317274365,23.208932716,0.202725724,0.0084818861,,,,-0.017825109,,0.034623371,-0.424125224,0.0325408061,,0.0127947215,,0.0154218762,0.9914916317,,-0.065744927,0.0757514563,-0.018550296,,,-0.250334554,0.1367715804,1.0029025706,,0.1430790853,0.7150752597,0.1018225651,0.1321343692,0.0749367217,,0.1607775798,0.5324060014,0.4735962412,0.3489129114,8.0,-3.243074398,0.2413771487,,,-0.138735588,0.1533183189,1.4955900531,,0.6742625656,0.6615771411,3.4281901386,0.1431712128,0.1522848156,0.1070341898,,,0.7080231874,0.0888974335,0.1189345011,,,0.8834272966,-0.049226294,-0.825471128,0.6035615049,0.6879970832,0.00662309,,,,,,,0.07742521,,,,,,,,,,,,,,,,,,,,320,-0.109196079,0.9027966529,0.1721292876,-0.878150314
20101028,20101031,204683.0,01W,GBR,-0.126444,2010,10,20100930,20100930,7.2341778811,1.213366,7.2341778811,,0.0,-1.249e-16,,0.193267704,-0.024876425,,-0.103075769,-0.099866633,-0.616873955,0.2079724477,,-0.138471332,,0.0350946632,-0.059867857,0.2175725565,,-0.28641336,0.4114364655,0.1765545244,0.0,0.0,0.0,0.039442973,0.0058317912,0.0336111818,0.0333748145,-0.019090567,0.0675756234,0.0204773699,-0.02047737,-0.040196834,,0.0448385933,0.9688993734,0.1382280196,,,1.0406558958,,,0.0883783549,-0.00609365,-0.063655274,-0.02657102,-0.277565251,0.0414402353,2.160058577,2.3317274365,23.208932716,0.202725724,0.0084818861,,,,-0.017825109,,0.034623371,-0.424125224,0.0325408061,,0.0127947215,,0.0154218762,0.9914916317,,-0.065744927,0.0757514563,-0.018550296,,,-0.250334554,0.1367715804,1.0029025706,,0.1430790853,0.7150752597,0.1018225651,0.1321343692,0.0749367217,,0.1607775798,0.5324060014,0.4735962412,0.3489129114,8.0,-3.243074398,0.2413771487,,,-0.138735588,0.1533183189,1.4589548354,,0.6577461708,0.645371482,3.3442149264,0.1396641632,0.1485545238,0.1044123344,,,0.6906798094,0.0875739715,0.1171638618,,,0.8848914583,-0.002793122,0.0172221267,0.6001257536,0.700878079,,,,,,,,0.094734,,,,,,,,,,,,,,,,,,,,321,-0.131965787,0.9054017811,0.1619542888,-0.885443054
20101130,20101130,204683.0,01W,GBR,-0.059693,2010,11,20101028,20101031,6.3194615828,1.0599435,6.3194615828,,0.0,-3.33067e-16,,,,,,-0.238554066,-0.492513651,-0.047742492,,,,-0.111159131,-0.052439845,0.2792198137,,-0.311798366,0.2509159845,0.1765545244,0.0,0.0,0.0,-0.020845064,-0.140106373,0.1192613095,-0.05750415,-0.019090567,0.0675756234,-0.050335376,0.0503353759,-0.030959032,,0.0576075541,0.9721892467,0.0414475185,,,1.3150999207,,,0.0287383364,0.1186945881,1.0159006263,0.169029964,1.4467184141,0.0414402353,2.0946388494,2.1219498648,22.828601915,0.202725724,0.0084818861,,,,-0.017825109,,0.034623371,-0.424125224,-0.113352141,,0.0160265558,,0.0196602305,0.9914916317,,-0.065744927,0.0757514563,-0.018550296,,,-0.250334554,0.1423408492,0.864121535,,0.0368402483,0.8097587135,-0.001857778,0.1601421066,-0.246224397,,0.1584328628,0.5324060014,0.4735962412,0.29961323,8.0,-3.324445767,0.2436718191,,,-0.138735588,0.1533183189,1.647677775,,0.7428288531,0.7288534379,3.7149139832,0.1925094146,-0.00306102,-0.060105421,,,0.7906528957,0.0941263612,0.1526228795,,,0.8484895154,-0.121749715,0.2422107047,0.5700679102,0.8127733412,0.00554588,,,,,,,0.04953682,,,,,,,,,,,,,,,,,,,,322,-0.466622351,0.3300126722,0.1464105443,-0.869438093
20101230,20101231,204683.0,01W,GBR,-0.173778,2010,12,20101130,20101130,5.9422322177,0.996672,5.9422322177,,0.0,-3.33067e-16,-0.059693276,-0.104508197,0.0438473735,-0.107700784,-0.30175805,-0.265439957,-0.656034564,,,-0.05641941,,-0.111159131,-0.052439845,0.2792198137,,-0.311798366,0.2509159845,0.1765545244,0.0,0.0,0.0,-0.020845064,-0.140106373,0.1192613095,-0.05750415,-0.019090567,0.0675756234,-0.050335376,0.0503353759,-0.030959032,,0.0576075541,0.9721892467,0.0414475185,,,1.3150999207,,,0.0287383364,0.1186945881,1.0159006263,0.169029964,1.4467184141,0.0414402353,2.0946388494,2.1219498648,22.828601915,0.202725724,0.0084818861,,,,-0.017825109,,0.034623371,-0.424125224,-0.113352141,,0.0160265558,,0.0196602305,0.9914916317,,-0.065744927,0.0757514563,-0.018550296,,,-0.250334554,0.1423408492,0.864121535,,0.0368402483,0.8097587135,-0.001857778,0.1601421066,-0.246224397,,0.1584328628,0.5324060014,0.4735962412,0.29961323,8.0,-3.324445767,0.2436718191,,,-0.138735588,0.1533183189,1.7522769253,,0.7899856869,0.7751230735,3.9507470156,0.2047304456,-0.003255342,-0.06392108,,,0.8408457322,0.0974925515,0.1580810493,,,0.8409206524,-0.218105571,-0.069230338,0.5677423818,0.6526139151,,,,,,,,0.07273281,,,,,,,,,,,,,,,,,,,,323,-0.483132413,0.3337779645,0.1500591753,-0.869941748
20110131,20110131,204683.0,01W,GBR,0.118408,2011,1,20101230,20101231,4.9096010009,0.823472,4.9096010009,,0.0,0.0,-0.173778334,,0.0047755145,-0.178909906,,,,-0.034497994,,-0.119979835,,-0.111159131,-0.052439845,0.2792198137,,-0.311798366,0.2509159845,0.1765545244,0.0,0.0,0.0,-0.020845064,-0.140106373,0.1192613095,-0.05750415,-0.019090567,0.0675756234,-0.050335376,0.0503353759,-0.030959032,,0.0576075541,0.9721892467,0.0414475185,,,1.3150999207,,,0.0287383364,0.1186945881,1.0159006263,0.169029964,1.4467184141,0.0414402353,2.0946388494,2.1219498648,22.828601915,0.202725724,0.0084818861,,,,-0.017825109,,0.034623371,-0.424125224,-0.113352141,,0.0160265558,,0.0196602305,0.9914916317,,-0.065744927,0.0757514563,-0.018550296,,,-0.250334554,0.1423408492,0.864121535,,0.0368402483,0.8097587135,-0.001857778,0.1601421066,-0.246224397,,0.1584328628,0.5324060014,0.4735962412,0.29961323,8.0,-3.324445767,0.2436718191,,,-0.138735588,0.1533183189,2.1208314888,,0.9561425458,0.9381538946,4.7817034817,0.247791185,-0.003940035,-0.077365533,,,1.017699931,0.1080724678,0.1752360446,,,0.7620141649,-0.161749169,0.067680599,0.5818297616,0.8127012679,,5950.61783877,1.64160608,0.00093256,1.67654138,0.00668209,,0.0864045,,,,,,,,,,,,,,,,,,,,324,-0.499561462,0.3407313215,0.1383358934,-0.885212047
20110224,20110228,204683.0,01W,GBR,-0.064221,2011,2,20110131,20110131,5.4909360073,0.9209775,5.4909360073,,0.0,-3.33067e-16,0.1184077904,-0.223098212,-0.17051005,-0.261509764,-0.429036575,-0.312230889,-0.608923513,-0.176370948,,-0.015501688,,0.1028894546,-0.014136939,0.6066632215,,4.2298945562,1.0754080878,0.1765545244,0.0,0.0,0.0,0.0372324219,0.0063812172,0.0308512047,-0.005453966,-0.002185368,-0.003268598,0.0025847482,-0.002584748,-0.024549319,,0.0516057083,0.6851741989,0.0521166654,,,1.3271630768,,,0.0025847482,0.0507690628,0.571753769,0.0481843145,0.5426447119,0.0683815205,1.4917495049,1.6725490124,25.717369639,0.202725724,0.188482239,,,,0.0304205661,,0.034623371,-0.424125224,-0.022021044,,0.0498659564,,0.012656823,0.9914916317,,-0.065744927,0.0757514563,-0.018550296,,,-0.250334554,0.1134715846,0.7556713986,,0.0574789207,0.6215699863,0.038026264,0.1028857282,-0.143675227,,0.1292934488,0.5324060014,0.4735962412,0.5358036416,8.0,-2.838216621,0.4583862763,,,-0.138735588,0.1533183189,2.666063123,,1.1832269382,0.6807213916,4.2511237189,0.2367339463,0.1013804203,0.0373990153,,,0.9099542579,0.0983516091,0.1632036381,,,0.8174616878,-0.359534009,-0.241513323,0.4975698603,0.6321630008,0.004754,7380.10493658,1.56117961,0.00123923,1.62332672,0.00623634,0.00692875,0.10658345,,,,,,,,,,,,,,,,,,,,325,-0.544995693,0.4402012817,0.1394843859,-1.080867909
20110329,20110331,204683.0,01W,GBR,0.065693,2011,3,20110224,20110228,5.1383031785,0.8618315,5.1383031785,,0.0,-1.11022e-16,-0.064220896,-0.075947252,-0.22191343,-0.093008312,-0.224687447,-0.16427094,-0.656623817,0.0218549196,,-0.022764676,,0.1028894546,-0.014136939,0.6066632215,,4.2298945562,1.0754080878,0.1765545244,0.0,0.0,0.0,0.0372324219,0.0063812172,0.0308512047,-0.005453966,-0.002185368,-0.003268598,0.0025847482,-0.002584748,-0.024549319,,0.0516057083,0.6851741989,0.0521166654,,,1.3271630768,,,0.0025847482,0.0507690628,0.571753769,0.0481843145,0.5426447119,0.0683815205,1.4917495049,1.6725490124,25.717369639,0.202725724,0.188482239,,,,0.0304205661,,0.034623371,-0.424125224,-0.022021044,,0.0498659564,,0.012656823,0.9914916317,,-0.065744927,0.0757514563,-0.018550296,,,-0.250334554,0.1134715846,0.7556713986,,0.0574789207,0.6215699863,0.038026264,0.1028857282,-0.143675227,,0.1292934488,0.5324060014,0.4735962412,0.5358036416,8.0,-2.838216621,0.4583862763,,,-0.138735588,0.1533183189,2.8490304078,,1.2644297493,0.7274381192,4.5428709613,0.2529805862,0.1083379825,0.0399656449,,,0.9724028393,0.1022589561,0.1696874492,,,0.8007196608,-0.190396008,-0.484826498,0.5118508522,0.6480577846,,7419.0937298,1.5999537,0.00129055,1.62165848,0.00621996,0.00692346,0.11568925,,,,,,,,,,,,,,,,,,,,326,-0.507433988,0.4648885447,0.1499236784,-1.070314521
20110426,20110430,204683.0,01W,GBR,0.325308,2011,4,20110329,20110331,7.727817265,0.9184475,7.727817265,,0.411253869,-0.344478578,0.0656926557,0.0465826403,,-0.131161316,-0.289995798,-0.024876425,-0.674970211,-0.081365748,,0.2591706724,,0.1028894546,-0.014136939,0.6066632215,,4.2298945562,1.0754080878,0.1765545244,0.0,0.0,0.0,0.0372324219,0.0063812172,0.0308512047,-0.005453966,-0.002185368,-0.003268598,0.0025847482,-0.002584748,-0.024549319,,0.0516057083,0.6851741989,0.0521166654,,,1.3271630768,,,0.0025847482,0.0507690628,0.571753769,0.0481843145,0.5426447119,0.0683815205,1.4917495049,1.6725490124,25.717369639,0.202725724,0.188482239,,,,0.0304205661,,0.034623371,-0.424125224,-0.022021044,,0.0498659564,,0.012656823,0.9914916317,,-0.065744927,0.0757514563,-0.018550296,,,-0.250334554,0.1134715846,0.7556713986,,0.0574789207,0.6215699863,0.038026264,0.1028857282,-0.143675227,,0.1292934488,0.5324060014,0.4735962412,0.5358036416,8.0,-2.838216621,0.4583862763,,,-0.138735588,0.1533183189,1.8943488825,,0.8407320175,0.4836808987,3.0206004489,0.1682093281,0.0720350108,0.026573558,,,0.6465603972,0.0791637266,0.1313634653,,,0.775266497,-0.313469081,-0.563979054,0.318486262,0.6362981473,0.00621949,7534.90297711,1.90452981,0.00133656,1.92251317,0.00614678,0.00672803,0.12537668,,,,,,,,,,,,,,,,,,,,327,-0.523860863,0.4618802364,0.155431245,-1.084192641
20110531,20110531,204683.0,01W,GBR,0.000851,2011,5,20110426,20110430,10.241739564,1.217226,10.241739564,,0.411253869,-0.344478578,0.3253081967,-0.002747081,-0.133493908,-0.074840468,-0.176335672,,-0.708962187,-0.08937067,,,,0.0855770992,-0.045844759,0.2298095933,,-0.249859391,-0.356640082,-0.291783676,0.0,0.0,0.0,0.0319123576,-0.005469997,0.0373823546,-0.012568877,-0.002220219,-0.010348657,-0.004451747,0.0044517468,-0.027592554,,0.0455453456,0.6926803014,0.3586652314,,,1.1875,-0.004667032,-0.000215285,-0.004451747,0.0206673843,0.2169491525,0.0251191311,0.2636799184,0.0673081172,1.5228202368,1.6829096679,26.072916667,0.176654681,0.188482239,-0.057697619,0.0125,,0.0293471628,-0.091003645,-0.005656726,0.2846099479,-0.037372645,,0.0352454154,,0.0020920732,0.9285489665,,-0.018452607,0.0946899343,-0.000501922,0.4812276913,-0.818013777,0.1942305758,0.4117948006,0.7519578722,,0.3893587615,0.4621468927,0.0745963402,0.3793326157,-0.069655287,,0.1330336566,0.5242556512,0.5126789571,0.5273929863,7.0,-2.450345036,0.371531588,,,0.4237584137,0.1814597109,1.4203847803,,0.6303817491,0.3626644455,2.2961613164,0.1353111443,0.1059555062,0.074153565,,,0.405627645,0.0646284671,0.097728116,,,0.879387247,-0.237990086,-0.262908102,0.4392498496,0.6242273538,,7346.95733809,1.75760753,0.00122646,1.92015717,0.00630274,0.0066859,0.06368212,,,,,,,,,,,,,,,,,,,,328,-0.575754794,0.7407314986,-0.165478219,-1.25986783
20110630,20110630,204683.0,01W,GBR,-0.090619,2011,6,20110531,20110531,10.250456468,1.218262,10.250456468,,0.411253869,-0.344478578,,0.4123712118,0.2212904546,0.0283717064,0.1987414075,0.0438473735,,-0.023128361,,,,0.0855770992,-0.045844759,0.2298095933,,-0.249859391,-0.356640082,-0.291783676,0.0,0.0,0.0,0.0319123576,-0.005469997,0.0373823546,-0.012568877,-0.002220219,-0.010348657,-0.004451747,0.0044517468,-0.027592554,,0.0455453456,0.6926803014,0.3586652314,,,1.1875,-0.004667032,-0.000215285,-0.004451747,0.0206673843,0.2169491525,0.0251191311,0.2636799184,0.0673081172,1.5228202368,1.6829096679,26.072916667,0.176654681,0.188482239,-0.057697619,0.0125,,0.0293471628,-0.091003645,-0.005656726,0.2846099479,-0.037372645,,0.0352454154,,0.0020920732,0.9285489665,,-0.018452607,0.0946899343,-0.000501922,0.4812276913,-0.818013777,0.1942305758,0.4117948006,0.7519578722,,0.3893587615,0.4621468927,0.0745963402,0.3793326157,-0.069655287,,0.1330336566,0.5242556512,0.5126789571,0.5273929863,7.0,-2.450345036,0.371531588,,,0.4237584137,0.1814597109,1.4191768967,,0.6298456776,0.3623560386,2.2942086797,0.1351960768,0.1058654025,0.0740905054,,,0.4052827026,0.0645881256,0.0976671135,,,0.879387247,-0.113103924,0.0612566711,0.4415667757,0.6569535435,,7181.69793161,1.78129238,0.00117707,1.98691118,0.00631953,0.00668231,0.07248961,,,,,,,,,,,,,,,,,,,,329,-0.579424628,0.7249209613,-0.175625126,-1.258591186
20110729,20110731,204683.0,01W,GBR,-0.147982,2011,7,20110630,20110630,9.321567696,1.107864,9.321567696,,0.411253869,-0.344478578,,,,,,0.0047755145,,0.0008165858,,,,0.0855770992,-0.045844759,0.2298095933,,-0.249859391,-0.356640082,-0.291783676,0.0,0.0,0.0,0.0319123576,-0.005469997,0.0373823546,-0.012568877,-0.002220219,-0.010348657,-0.004451747,0.0044517468,-0.027592554,,0.0455453456,0.6926803014,0.3586652314,,,1.1875,-0.004667032,-0.000215285,-0.004451747,0.0206673843,0.2169491525,0.0251191311,0.2636799184,0.0673081172,1.5228202368,1.6829096679,26.072916667,0.176654681,0.188482239,-0.057697619,0.0125,,0.0293471628,-0.091003645,-0.005656726,0.2846099479,-0.037372645,,0.0352454154,,0.0020920732,0.9285489665,,-0.018452607,0.0946899343,-0.000501922,0.4812276913,-0.818013777,0.1942305758,0.4117948006,0.7519578722,,0.3893587615,0.4621468927,0.0745963402,0.3793326157,-0.069655287,,0.1330336566,0.5242556512,0.5126789571,0.5273929863,7.0,-2.450345036,0.371531588,,,0.4237584137,0.1814597109,1.5605970449,,0.6926094312,0.3984646061,2.5228252336,0.1486682868,0.116414828,0.0814735809,,,0.445668887,0.0691904365,0.1046265107,,,0.8890698089,0.0163486133,0.7714868095,0.4447709504,0.7558624658,,7871.90550824,1.69390933,0.00117584,1.96213952,0.0062355,0.00662497,0.05118567,,,,,,,,,,,,,,,,,,,,330,-0.584055626,0.7225278133,-0.178962413,-1.265667151
20110823,20110831,204683.0,01W,GBR,-0.100038,2011,8,20110729,20110731,7.94214288,0.94392,7.94214288,,0.411253869,-0.344478578,-0.147982063,-0.089845271,0.2029218955,0.0452104287,0.1159602919,-0.17051005,-0.704577106,0.1922940936,,-0.036183285,,-0.042907757,-0.033107162,-0.09195182,,-0.643295943,-0.356640082,-0.291783676,0.0,0.0,0.0,0.0319123576,-0.002755647,0.0373823546,0.0332536757,-0.002220219,-0.010348657,-0.134168128,0.1341681282,-0.04547683,,0.0421145012,0.9725761309,0.1319660391,,,1.3936327708,-0.004667032,-0.000215285,-0.134168128,-0.007853055,-0.059998692,0.1263150727,0.9650688309,0.0673081172,2.1916322316,2.2649017967,33.091517939,0.176654681,0.188482239,-0.057697619,0.0125,,0.0293471628,-0.091003645,-0.005656726,0.1056145438,0.0489377,,0.0080986761,,-0.004696045,0.9285489665,,0.0959551158,0.0077791032,0.0092337711,1.1571516039,-0.986752032,0.1942305758,0.1187875739,0.930845071,,0.1263036724,0.4348170371,0.138740168,0.1241129836,0.0369176029,,0.125204986,0.5242556512,0.5126789571,0.5273929863,7.0,-3.482802169,0.3200205326,,,0.4237584137,0.1814597109,1.2718829103,,0.4284683305,0.4284683305,2.9452625259,0.1664730816,0.1764612487,0.1399510456,,,0.5230745358,0.0623069806,0.1105080031,,,0.9025761781,0.0337482106,0.3889141534,0.5378172523,0.6692044243,,6743.74174229,1.75074144,0.00086477,2.15687253,0.0067358,0.0066256,0.0599098,,,,,,,,,,,,,,,,,,,,331,-0.004109255,1.1624431745,-0.053420314,-0.863611646
20110930,20110930,204683.0,01W,GBR,-0.037316,2011,9,20110823,20110831,7.147629895,0.8494925,7.147629895,,0.411253869,-0.344478578,-0.100037609,,0.0952488973,-0.052928145,-0.202530491,-0.22191343,-0.649215313,,,,,-0.042907757,-0.033107162,-0.09195182,,-0.643295943,-0.356640082,-0.291783676,0.0,0.0,0.0,0.0319123576,-0.002755647,0.0373823546,0.0332536757,-0.002220219,-0.010348657,-0.134168128,0.1341681282,-0.04547683,,0.0421145012,0.9725761309,0.1319660391,,,1.3936327708,-0.004667032,-0.000215285,-0.134168128,-0.007853055,-0.059998692,0.1263150727,0.9650688309,0.0673081172,2.1916322316,2.2649017967,33.091517939,0.176654681,0.188482239,-0.057697619,0.0125,,0.0293471628,-0.091003645,-0.005656726,0.1056145438,0.0489377,,0.0080986761,,-0.004696045,0.9285489665,,0.0959551158,0.0077791032,0.0092337711,1.1571516039,-0.986752032,0.1942305758,0.1187875739,0.930845071,,0.1263036724,0.4348170371,0.138740168,0.1241129836,0.0369176029,,0.125204986,0.5242556512,0.5126789571,0.5273929863,7.0,-3.482802169,0.3200205326,,,0.4237584137,0.1814597109,1.4132622909,,0.4760958178,0.4760958178,3.2726506749,0.1849778205,0.1960762477,0.1555076601,,,0.5812182165,0.0669990141,0.1188298194,,,0.9100555723,-0.228859418,0.1390592108,0.5405962238,0.6087486324,,6675.29894609,1.76760829,0.00082567,2.2471013,0.00675087,0.00661283,0.11693038,,,,,,,,,,,,,,,,,,,,332,-0.015043474,1.1610277184,-0.058806309,-0.880213828
20111026,20111031,204683.0,01W,GBR,0.118792,2011,10,20110930,20110930,6.880906095,0.8177925,6.880906095,,0.411253869,-0.344478578,-0.037316398,-0.2332159,-0.075077781,0.0315985243,,,,-0.126443711,,-0.064467459,,-0.042907757,-0.033107162,-0.09195182,,-0.643295943,-0.356640082,-0.291783676,0.0,0.0,0.0,0.0319123576,-0.002755647,0.0373823546,0.0332536757,-0.002220219,-0.010348657,-0.134168128,0.1341681282,-0.04547683,,0.0421145012,0.9725761309,0.1319660391,,,1.3936327708,-0.004667032,-0.000215285,-0.134168128,-0.007853055,-0.059998692,0.1263150727,0.9650688309,0.0673081172,2.1916322316,2.2649017967,33.091517939,0.176654681,0.188482239,-0.057697619,0.0125,,0.0293471628,-0.091003645,-0.005656726,0.1056145438,0.0489377,,0.0080986761,,-0.004696045,0.9285489665,,0.0959551158,0.0077791032,0.0092337711,1.1571516039,-0.986752032,0.1942305758,0.1187875739,0.930845071,,0.1263036724,0.4348170371,0.138740168,0.1241129836,0.0369176029,,0.125204986,0.5242556512,0.5126789571,0.5273929863,7.0,-3.482802169,0.3200205326,,,0.4237584137,0.1814597109,1.4680444204,,0.4945506672,0.4945506672,3.3995080702,0.1921480953,0.2036767296,0.1615355863,,,0.6037479138,0.0687367105,0.1219118074,,,0.8827231206,-0.236003689,0.0121623701,0.5399635063,0.7578618424,,9024.58818933,2.40090109,0.00110074,2.76186438,0.00603777,0.00623938,0.08268043,,,,,,,,,,,,,54.35264803,,,,,,,333,0.001376282,1.1617221825,-0.053674999,-0.870048493
20111130,20111130,204683.0,01W,GBR,-0.140545,2011,11,20111026,20111031,7.69830516,0.91494,7.69830516,,0.411253869,-0.344478578,0.1187923587,-0.133620964,-0.328150647,-0.112038568,-0.228456517,-0.133493908,-0.470733498,-0.059693276,,,,-0.028230204,0.0119188361,-0.287454101,,-0.643161901,-0.356640082,-0.291783676,0.0,0.0,0.0,0.0319123576,0.0113329742,0.0373823546,0.0424963556,-0.002220219,-0.010348657,-0.127053488,0.127053488,-0.050812595,,0.0388498123,0.9674137533,0.1601394583,,,1.3034293521,-0.004667032,-0.000215285,-0.127053488,-0.044076087,-0.350887704,0.0829774008,0.6605792741,0.0673081172,2.2317239995,2.3141736519,33.550467143,0.176654681,0.188482239,-0.057697619,0.0125,,0.0293471628,-0.091003645,-0.005656726,-0.088497167,0.0650237551,,0.0116826098,,-0.004343946,0.9285489665,,0.1884026683,-0.019468946,0.0185336074,1.1605920989,-0.858248992,0.1942305758,0.1127868786,0.9401034661,,0.1556186888,0.4133932262,0.1696891726,0.1160633712,0.1715469511,,0.1142909242,0.5242556512,0.5126789571,0.5273929863,7.0,-3.403037528,0.3995594737,,,0.4237584137,0.1814597109,1.314379073,,0.442784318,0.442784318,3.085882588,0.1651032108,0.2230358974,0.1896693843,,,0.5396425075,0.0637498861,0.105733937,,,0.9713779594,-0.102459883,-0.492773137,0.5827833983,0.6742876799,,12366.76167273,3.10381506,0.00161636,3.20916803,0.00507381,0.00587404,0.03978943,,,,,,,,,,,,,55.17988268,,,,,,,334,0.2865149254,1.3548722726,0.1961583449,-0.887844451
20111223,20111231,204683.0,01W,GBR,-0.025421,2011,12,20111130,20111130,6.6163489,0.78635,6.6163489,,0.411253869,-0.344478578,-0.140544735,0.0770430581,,0.0616228346,-0.082004912,0.2212904546,-0.582185695,-0.173778334,,,,-0.028230204,0.0119188361,-0.287454101,,-0.643161901,-0.356640082,-0.291783676,0.0,0.0,0.0,0.0319123576,0.0113329742,0.0373823546,0.0424963556,-0.002220219,-0.010348657,-0.127053488,0.127053488,-0.050812595,,0.0388498123,0.9674137533,0.1601394583,,,1.3034293521,-0.004667032,-0.000215285,-0.127053488,-0.044076087,-0.350887704,0.0829774008,0.6605792741,0.0673081172,2.2317239995,2.3141736519,33.550467143,0.176654681,0.188482239,-0.057697619,0.0125,,0.0293471628,-0.091003645,-0.005656726,-0.088497167,0.0650237551,,0.0116826098,,-0.004343946,0.9285489665,,0.1884026683,-0.019468946,0.0185336074,1.1605920989,-0.858248992,0.1942305758,0.1127868786,0.9401034661,,0.1556186888,0.4133932262,0.1696891726,0.1160633712,0.1715469511,,0.1142909242,0.5242556512,0.5126789571,0.5273929863,7.0,-3.403037528,0.3995594737,,,0.4237584137,0.1814597109,1.5293164482,,0.5151918152,0.5151918152,3.590509843,0.1921021577,0.2595084428,0.2206855808,,,0.6278890008,0.0706301184,0.1171453151,,,0.9673775024,0.0131727054,-0.170899977,0.578650968,0.6988698065,,14398.11899675,2.70320369,0.00189379,2.774179,0.00465545,0.00562971,0.03978004,,,,,,,,,,,,,46.56069575,,,,,,,335,0.3022370772,1.3577404759,0.192525962,-0.8836221
20120127,20120131,204683.0,01W,GBR,0.001726,2012,1,20111223,20111231,6.44815304,0.76636,6.44815304,,0.411253869,-0.344478578,-0.02542125,-0.038448017,-0.290210712,-0.143826947,-0.045079857,,-0.66419737,0.1184077904,,-0.098943725,,-0.028230204,0.0119188361,-0.287454101,,-0.643161901,-0.356640082,-0.291783676,0.0,0.0,0.0,0.0319123576,0.0113329742,0.0373823546,0.0424963556,-0.002220219,-0.010348657,-0.127053488,0.127053488,-0.050812595,,0.0388498123,0.9674137533,0.1601394583,,,1.3034293521,-0.004667032,-0.000215285,-0.127053488,-0.044076087,-0.350887704,0.0829774008,0.6605792741,0.0673081172,2.2317239995,2.3141736519,33.550467143,0.176654681,0.188482239,-0.057697619,0.0125,,0.0293471628,-0.091003645,-0.005656726,-0.088497167,0.0650237551,,0.0116826098,,-0.004343946,0.9285489665,,0.1884026683,-0.019468946,0.0185336074,1.1605920989,-0.858248992,0.1942305758,0.1127868786,0.9401034661,,0.1556186888,0.4133932262,0.1696891726,0.1160633712,0.1715469511,,0.1142909242,0.5242556512,0.5126789571,0.5273929863,7.0,-3.403037528,0.3995594737,,,0.4237584137,0.1814597109,1.5692076688,,0.5286302572,0.5286302572,3.6841659468,0.197113017,0.266277551,0.2264420201,,,0.6442670753,0.0718353415,0.1191442674,,,0.9673756015,0.1110397333,-0.350984759,0.5775765784,0.7449569733,,,,,,,0.00549378,0.0419646,,,,,,,,,,,,,,,,,,,,336,0.3015838603,1.3698511502,0.1861390187,-0.896093906
20120229,20120229,204683.0,01W,GBR,0.019404,2012,2,20120127,20120131,6.459284762,0.767683,6.459284762,,0.411253869,-0.344478578,,-0.162393162,-0.188109162,-0.37040451,-0.167884123,0.2029218955,-0.517449651,-0.064220896,,-0.044105417,,-0.036385284,0.011921565,-0.564640619,,-0.326492621,-0.356640082,-0.291783676,0.0,0.0,0.0,0.0511230287,0.0231992114,0.0279238173,-0.009890794,6.296221e-17,-0.009890794,-0.067679771,0.0676797709,-0.005464827,,0.0247044219,0.6801472817,0.074067578,,,0.5021679898,-0.004667032,-0.000215285,-0.067679771,-0.01325664,-0.270006102,0.0544231313,1.1084692639,0.0793790391,1.6136566444,1.6434401217,20.327048833,0.176654681,0.1166077739,-0.057697619,0.0125,0.0,0.0173768862,-0.091003645,-0.005656726,-0.300524094,-0.022774529,,-0.005849943,,-0.0557159,0.9285489665,,-0.204971643,-0.035351549,-0.000663265,-0.014372043,-1.675468561,0.1942305758,0.0585983151,0.6553999294,,0.0713726081,0.1784426481,0.0623541952,0.0608109384,0.0243279312,,0.1114399204,0.5242556512,0.5126789571,0.4441927595,4.0,-2.279744392,0.3808582615,,,0.4237584137,0.1814597109,2.183915359,,0.8580356501,0.6033741418,3.6568954722,0.1072249058,0.1361762846,0.1124972697,,,0.6431567663,0.1122027086,0.0828290409,,,0.9640198327,0.0151053671,0.0336676254,0.5149179968,0.5716341007,,,,,,,0.0056963,0.11779695,,,,,,,,,,,,,,,,,,,,337,-0.46151178,0.6872278916,0.0993290864,-1.255996524
20120329,20120331,204683.0,01W,GBR,-0.014047,2012,3,20120229,20120229,6.584619706,0.782579,6.584619706,,0.411253869,-0.344478578,,,,,,0.0952488973,-0.581185884,0.0656926557,,-0.037184394,,-0.036385284,0.011921565,-0.564640619,,-0.326492621,-0.356640082,-0.291783676,0.0,0.0,0.0,0.0511230287,0.0231992114,0.0279238173,-0.009890794,6.296221e-17,-0.009890794,-0.067679771,0.0676797709,-0.005464827,,0.0247044219,0.6801472817,0.074067578,,,0.5021679898,-0.004667032,-0.000215285,-0.067679771,-0.01325664,-0.270006102,0.0544231313,1.1084692639,0.0793790391,1.6136566444,1.6434401217,20.327048833,0.176654681,0.1166077739,-0.057697619,0.0125,0.0,0.0173768862,-0.091003645,-0.005656726,-0.300524094,-0.022774529,,-0.005849943,,-0.0557159,0.9285489665,,-0.204971643,-0.035351549,-0.000663265,-0.014372043,-1.675468561,0.1942305758,0.0585983151,0.6553999294,,0.0713726081,0.1784426481,0.0623541952,0.0608109384,0.0243279312,,0.1114399204,0.5242556512,0.5126789571,0.4441927595,4.0,-2.279744392,0.3808582615,,,0.4237584137,0.1814597109,2.142345622,,0.8417033705,0.5918892167,3.5872882952,0.1051839333,0.1335842371,0.1103559404,,,0.6309145988,0.110861081,0.0818386395,,,0.9642751653,0.0869456308,0.0846609598,0.5117309067,0.5820857775,,,,,,,0.00456544,0.12118639,,,,,,,,,,,,,,,,,,,,338,-0.459198128,0.6908833005,0.0928008104,-1.248827858
20120430,20120430,204683.0,01W,GBR,0.525947,2012,4,20120329,20120331,6.492128811,0.7715865,6.492128811,,0.0,1.387779e-16,,,,,,-0.075077781,-0.432352796,0.3253081967,,0.2323475307,,-0.036385284,0.011921565,-0.564640619,,-0.326492621,-0.356640082,-0.291783676,0.0,0.0,0.0,0.0511230287,0.0231992114,0.0279238173,-0.009890794,6.296221e-17,-0.009890794,-0.067679771,0.0676797709,-0.005464827,,0.0247044219,0.6801472817,0.074067578,,,0.5021679898,-0.004667032,-0.000215285,-0.067679771,-0.01325664,-0.270006102,0.0544231313,1.1084692639,0.0793790391,1.6136566444,1.6434401217,20.327048833,0.176654681,0.1166077739,-0.057697619,0.0125,0.0,0.0173768862,-0.091003645,-0.005656726,-0.300524094,-0.022774529,,-0.005849943,,-0.0557159,0.9285489665,,-0.204971643,-0.035351549,-0.000663265,-0.014372043,-1.675468561,0.1942305758,0.0585983151,0.6553999294,,0.0713726081,0.1784426481,0.0623541952,0.0608109384,0.0243279312,,0.1114399204,0.5242556512,0.5126789571,0.4441927595,4.0,-2.279744392,0.3808582615,,,0.4237584137,0.1814597109,2.172866807,,0.8536947989,0.6003216377,3.63839503,0.1066824489,0.135487361,0.1119281396,,,0.6399029996,0.111848005,0.0825671955,,,1.0011087636,0.1020163077,0.0364883471,0.6895609376,0.5806909141,,,,,,,0.0041725,0.09270752,,,,,,,,,,,,,,,,,,,,339,-0.446039594,0.709618612,0.0929494701,-1.252229682
20120531,20120531,204683.0,01W,GBR,-0.104508,2012,5,20120430,20120430,9.9066436,1.1774,9.9066436,,0.0,4.57967e-16,0.525946864,,-0.156680766,-0.182572146,-0.36611073,-0.328150647,-0.593485623,,,-0.048649147,,-0.032534168,-0.016721416,-0.804369999,,-0.168294088,0.0456169676,-0.748691754,0.0,0.0,0.0,0.052654896,0.0262954065,0.0263594895,-0.00807034,3.1554030000000004e-17,-0.00807034,-0.065846421,0.0658464215,0.0249132268,,0.0101485315,0.6574646643,0.3067579505,,,0.2024128686,0.0535556537,-0.000110424,0.0536660777,0.0054107774,0.6901408451,0.0712571988,9.0888055312,0.0796962799,1.6056757951,1.6158303558,19.945040214,0.1672827475,0.1166077739,-0.028786184,0.012345679,0.0,0.0176941271,0.0147376635,-0.004045541,-0.759412348,-0.018869016,,-0.004186415,,-0.039431831,0.9261160209,,-0.245158191,-0.048451459,-0.019659716,-0.281899043,-1.427733859,-0.77075666,0.3020125782,0.6360745988,,0.296777836,,0.0024293286,0.3121687279,-0.072167012,,0.1086662254,0.5133629638,0.4907339387,0.44596799,3.0,-1.861909902,0.249575239,,,0.4802135775,0.0843749035,1.4206556901,,0.5581595567,0.3925000593,2.3341360438,0.0111380912,0.0034512395,-0.002980616,,,0.3904606904,0.0840419318,0.0380779798,,,0.8818914697,-0.513012195,-0.874577902,0.6008330872,0.4819649489,0.00341277,29451.34457219,3.01226672,0.00428132,3.16289116,0.00300477,0.00392428,0.06190864,0.03869258,0.40076222,-0.13871174,3.73355133,0.03991917,-0.05531529,0.03829039,0.12831997,0.07655748,0.11741912,0.04559425,0.04540974,,,,,,,,340,-0.938881054,-0.009703366,-0.214450666,-1.318776258
20120629,20120630,204683.0,01W,GBR,0.152997,2012,6,20120531,20120531,8.871317728,1.054352,8.871317728,,0.0,0.0,-0.104508238,,0.497297641,0.3860039965,,,,-0.090619259,,0.0461995428,,-0.032534168,-0.016721416,-0.804369999,,-0.168294088,0.0456169676,-0.748691754,0.0,0.0,0.0,0.052654896,0.0262954065,0.0263594895,-0.00807034,3.1554030000000004e-17,-0.00807034,-0.065846421,0.0658464215,0.0249132268,,0.0101485315,0.6574646643,0.3067579505,,,0.2024128686,0.0535556537,-0.000110424,0.0536660777,0.0054107774,0.6901408451,0.0712571988,9.0888055312,0.0796962799,1.6056757951,1.6158303558,19.945040214,0.1672827475,0.1166077739,-0.028786184,0.012345679,0.0,0.0176941271,0.0147376635,-0.004045541,-0.759412348,-0.018869016,,-0.004186415,,-0.039431831,0.9261160209,,-0.245158191,-0.048451459,-0.019659716,-0.281899043,-1.427733859,-0.77075666,0.3020125782,0.6360745988,,0.296777836,,0.0024293286,0.3121687279,-0.072167012,,0.1086662254,0.5133629638,0.4907339387,0.44596799,3.0,-1.861909902,0.249575239,,,0.4802135775,0.0843749035,1.5864531101,,0.6232994883,0.4383067228,2.6065410584,0.0124379606,0.0038540159,-0.003328468,,,0.4360293497,0.0908611321,0.0411676443,,,0.8922392235,0.0830114942,0.5107332795,0.5845721189,0.5546061352,0.00543505,27176.94720039,3.12798394,0.00388004,3.34306288,0.00322581,0.00389519,0.08359302,0.02075928,0.77364575,-0.20856747,-1.47716587,0.02167669,1.08687097,0.02209045,0.66354553,0.01817543,0.03623188,0.02334122,-0.31754908,,,,,,,,341,-0.941144986,-0.011948924,-0.227154221,-1.329566735
20120731,20120731,204683.0,01W,GBR,-0.078596,2012,7,20120629,20120630,10.22860531,1.215665,10.22860531,,0.0,1.94289e-16,0.1529972912,0.3664728452,0.375792056,0.2892659201,-0.048301958,-0.290210712,-0.529204085,-0.147982063,,,,-0.032534168,-0.016721416,-0.804369999,,-0.168294088,0.0456169676,-0.748691754,0.0,0.0,0.0,0.052654896,0.0262954065,0.0263594895,-0.00807034,3.1554030000000004e-17,-0.00807034,-0.065846421,0.0658464215,0.0249132268,,0.0101485315,0.6574646643,0.3067579505,,,0.2024128686,0.0535556537,-0.000110424,0.0536660777,0.0054107774,0.6901408451,0.0712571988,9.0888055312,0.0796962799,1.6056757951,1.6158303558,19.945040214,0.1672827475,0.1166077739,-0.028786184,0.012345679,0.0,0.0176941271,0.0147376635,-0.004045541,-0.759412348,-0.018869016,,-0.004186415,,-0.039431831,0.9261160209,,-0.245158191,-0.048451459,-0.019659716,-0.281899043,-1.427733859,-0.77075666,0.3020125782,0.6360745988,,0.296777836,,0.0024293286,0.3121687279,-0.072167012,,0.1086662254,0.5133629638,0.4907339387,0.44596799,3.0,-1.861909902,0.249575239,,,0.4802135775,0.0843749035,1.3759382803,,0.540590592,0.3801454922,2.260665379,0.010787502,0.0033426062,-0.002886796,,,0.3781703158,0.0821252105,0.0372095458,,,0.9213727034,0.0755475793,0.5233807527,0.5906943569,0.5872571987,,25001.26564934,3.1569851,0.00349011,3.45307277,0.00345089,0.00388768,0.0283122,0.02682611,1.00315169,0.37185264,-1.96174503,0.02619582,1.97104414,0.02605498,2.08163074,0.03715103,0.08398575,0.02783537,1.41791589,,,,,,,,342,-0.948139975,-0.020769307,-0.217584338,-1.328696581
20120831,20120831,204683.0,01W,GBR,0.353995,2012,8,20120731,20120731,9.424681266,1.120119,9.424681266,,0.0,0.0,-0.078595666,0.0324995753,,0.3286827552,0.2878898635,-0.188109162,-0.596062992,-0.100037609,,0.0108594891,,0.0676560746,0.0161174249,-0.714710956,,0.0160489323,-0.076342112,-0.684580284,0.0,0.0,0.0,0.052654896,0.0010413725,0.0263594895,-0.001699172,3.1554030000000004e-17,-0.00807034,0.1123855646,-0.112385565,0.0316048352,,0.0101193966,0.852909484,0.0176225338,,,0.1744105102,0.0535556537,-0.000110424,0.1123855646,0.0313296403,2.4687474884,-0.081055924,-6.387133966,0.0796962799,2.1550093177,2.2760011264,17.235267796,0.1672827475,0.1166077739,-0.028786184,0.012345679,0.0,0.0176941271,0.0147376635,-0.004045541,-0.740943803,0.0434777778,,-0.00970795,,-0.017806626,0.9261160209,,0.0090359403,-0.081478309,0.0024682505,0.938371134,-0.529192153,-0.708244451,0.052264086,0.9106139917,,0.0188148053,,-0.04402014,0.0489521741,-0.182760308,,0.09169664,0.5133629638,0.4907339387,0.44596799,3.0,-1.886061273,-0.053386659,,,0.4802135775,0.0843749035,1.1443253831,,0.4896742786,0.4896742786,2.5219643009,-0.014522061,-0.050373364,-0.059150854,,,0.4104281928,0.0982267059,0.0376036669,,,0.916613463,0.3216666725,0.6463049532,0.5103637708,0.6466540318,,25012.8076164,3.11483752,0.00345328,3.44670326,0.00339686,0.00383436,0.09852049,,,,,,,,,,,,,,,,,,,,343,-0.678369892,-0.312219901,0.734202709,-1.383863686
20120927,20120930,204683.0,01W,GBR,0.01952,2012,9,20120831,20120831,12.760971097,1.5166355,12.760971097,,0.0,-2.22045e-16,0.3539949773,0.0623767015,,0.4244534876,0.3185743253,,-0.641026643,-0.037316398,,,,0.0676560746,0.0161174249,-0.714710956,,0.0160489323,-0.076342112,-0.684580284,0.0,0.0,0.0,0.052654896,0.0010413725,0.0263594895,-0.001699172,3.1554030000000004e-17,-0.00807034,0.1123855646,-0.112385565,0.0316048352,,0.0101193966,0.852909484,0.0176225338,,,0.1744105102,0.0535556537,-0.000110424,0.1123855646,0.0313296403,2.4687474884,-0.081055924,-6.387133966,0.0796962799,2.1550093177,2.2760011264,17.235267796,0.1672827475,0.1166077739,-0.028786184,0.012345679,0.0,0.0176941271,0.0147376635,-0.004045541,-0.740943803,0.0434777778,,-0.00970795,,-0.017806626,0.9261160209,,0.0090359403,-0.081478309,0.0024682505,0.938371134,-0.529192153,-0.708244451,0.052264086,0.9106139917,,0.0188148053,,-0.04402014,0.0489521741,-0.182760308,,0.09169664,0.5133629638,0.4907339387,0.44596799,3.0,-1.886061273,-0.053386659,,,0.4802135775,0.0843749035,0.8451474357,,0.3616514735,0.3616514735,1.8626097904,-0.010725344,-0.037203509,-0.04368617,,,0.3031238666,0.07936662,0.0303835491,,,0.9756583516,0.2252594067,0.387909441,0.5003820713,0.6358457669,0.0037952,20207.17064915,1.28021681,0.00230903,1.28763671,0.00407543,0.00372925,0.03043471,,,,,,,,,,,,,,,,,,,,344,-0.671597882,-0.301609117,0.7330227177,-1.390089007
20121031,20121031,204683.0,01W,GBR,0.0105,2012,10,20120927,20120930,13.010067567,1.5462405,13.010067567,,0.0,0.0,,0.2475768407,0.9656065781,0.9790118221,0.8545480669,,-0.665508123,0.1187923587,,-0.016260588,,0.0676560746,0.0161174249,-0.714710956,,0.0160489323,-0.076342112,-0.684580284,0.0,0.0,0.0,0.052654896,0.0010413725,0.0263594895,-0.001699172,3.1554030000000004e-17,-0.00807034,0.1123855646,-0.112385565,0.0316048352,,0.0101193966,0.852909484,0.0176225338,,,0.1744105102,0.0535556537,-0.000110424,0.1123855646,0.0313296403,2.4687474884,-0.081055924,-6.387133966,0.0796962799,2.1550093177,2.2760011264,17.235267796,0.1672827475,0.1166077739,-0.028786184,0.012345679,0.0,0.0176941271,0.0147376635,-0.004045541,-0.740943803,0.0434777778,,-0.00970795,,-0.017806626,0.9261160209,,0.0090359403,-0.081478309,0.0024682505,0.938371134,-0.529192153,-0.708244451,0.052264086,0.9106139917,,0.0188148053,,-0.04402014,0.0489521741,-0.182760308,,0.09169664,0.5133629638,0.4907339387,0.44596799,3.0,-1.886061273,-0.053386659,,,0.4802135775,0.0843749035,0.8289658716,,0.3547271354,0.3547271354,1.8269474449,-0.010519991,-0.036491194,-0.042849735,,,0.2973201238,0.0782449268,0.0299541366,,,0.9755785285,0.3563728959,0.6773636982,0.508398305,0.657151095,,18460.46559537,1.39344868,0.00183471,1.36599356,0.00450241,0.00383584,0.01988474,,,,,,,,,,,,,,,,,,,,345,-0.674965576,-0.301466302,0.720619558,-1.395247714
20121130,20121130,204683.0,01W,GBR,0.225764,2012,11,20121031,20121031,13.146673064,1.562476,13.146673064,,0.0,-3.33067e-16,,,,,,-0.156680766,-0.654534951,-0.140544735,,,,0.0462509865,0.0061991304,-0.615318283,,-0.131894166,-0.03520197,-0.649361525,0.0,0.0,0.0,0.052654896,-0.01678008,0.0263594895,-0.014062595,3.1554030000000004e-17,-0.00807034,0.1059301913,-0.105930191,0.0308982407,,0.0096643092,0.8446276966,-0.007463169,,,0.170649991,0.0535556537,-0.000110424,0.1059301913,0.0553737052,1.5070018023,-0.050556486,-1.375900627,0.0796962799,2.2101500221,2.3089460935,17.657753576,0.1672827475,0.1166077739,-0.028786184,0.012345679,0.0,0.0176941271,0.0147376635,-0.004045541,-0.72589662,0.0225574325,,-0.012435468,,-0.024118077,0.9261160209,,0.0335926697,-0.114027863,0.0238315173,0.5325527985,-0.363523869,-0.669670469,0.0501264457,0.8836925608,,-0.007808348,,-0.092117991,0.0479105362,-0.261807164,,0.0688711661,0.5133629638,0.4907339387,0.44596799,3.0,-1.784245784,0.1653001329,,,0.4802135775,0.0843749035,0.8052593495,,0.3445827532,0.3445827532,1.8182039428,-0.02958868,-0.074178874,-0.081694958,,,0.2942307062,0.0765807486,0.0286932188,,,0.9708027335,0.3788304977,0.4542568495,0.4866827607,0.5390063801,,19177.38288827,1.57679686,0.00164378,1.43724307,0.00470028,0.00383681,0.04178627,,,,,,,,,,,,,,,,,,,,346,-0.858290096,-0.546614723,0.4898865496,-1.366674626
20121231,20121231,204683.0,01W,GBR,0.781993,2012,12,20121130,20121130,16.114715771,1.9152265,16.114715771,,0.0,-4.44089e-16,0.2257637877,0.0302251266,0.4819301334,,0.986998156,0.497297641,-0.674686932,-0.02542125,,,,0.0462509865,0.0061991304,-0.615318283,,-0.131894166,-0.03520197,-0.649361525,0.0,0.0,0.0,0.052654896,-0.01678008,0.0263594895,-0.014062595,3.1554030000000004e-17,-0.00807034,0.1059301913,-0.105930191,0.0308982407,,0.0096643092,0.8446276966,-0.007463169,,,0.170649991,0.0535556537,-0.000110424,0.1059301913,0.0553737052,1.5070018023,-0.050556486,-1.375900627,0.0796962799,2.2101500221,2.3089460935,17.657753576,0.1672827475,0.1166077739,-0.028786184,0.012345679,0.0,0.0176941271,0.0147376635,-0.004045541,-0.72589662,0.0225574325,,-0.012435468,,-0.024118077,0.9261160209,,0.0335926697,-0.114027863,0.0238315173,0.5325527985,-0.363523869,-0.669670469,0.0501264457,0.8836925608,,-0.007808348,,-0.092117991,0.0479105362,-0.261807164,,0.0688711661,0.5133629638,0.4907339387,0.44596799,3.0,-1.784245784,0.1653001329,,,0.4802135775,0.0843749035,0.6569449657,,0.2811167671,0.2811167671,1.4833232643,-0.024138974,-0.060516451,-0.066648206,,,0.2400386674,0.065570975,0.0245680849,,,0.9766735762,0.4493063854,0.4279482463,0.4835062172,0.6445876965,0.00389965,24363.93035461,1.38522998,0.00189491,1.31147702,0.00440849,0.00385455,0.0188898,,,,,,,,,,,,,,,,,,,,347,-0.875155766,-0.55244065,0.4892722903,-1.36973699
20130131,20130131,204683.0,01W,GBR,0.068416,2013,1,20121231,20121231,28.71630888,3.41292,28.71630888,,0.0,0.0,0.781992887,,0.5754558205,1.4821928585,1.4991211702,0.375792056,-0.66527701,,,-0.013914363,,0.0462509865,0.0061991304,-0.615318283,,-0.131894166,-0.03520197,-0.649361525,0.0,0.0,0.0,0.052654896,-0.01678008,0.0263594895,-0.014062595,3.1554030000000004e-17,-0.00807034,0.1059301913,-0.105930191,0.0308982407,,0.0096643092,0.8446276966,-0.007463169,,,0.170649991,0.0535556537,-0.000110424,0.1059301913,0.0553737052,1.5070018023,-0.050556486,-1.375900627,0.0796962799,2.2101500221,2.3089460935,17.657753576,0.1672827475,0.1166077739,-0.028786184,0.012345679,0.0,0.0176941271,0.0147376635,-0.004045541,-0.72589662,0.0225574325,,-0.012435468,,-0.024118077,0.9261160209,,0.0335926697,-0.114027863,0.0238315173,0.5325527985,-0.363523869,-0.669670469,0.0501264457,0.8836925608,,-0.007808348,,-0.092117991,0.0479105362,-0.261807164,,0.0688711661,0.5133629638,0.4907339387,0.44596799,3.0,-1.784245784,0.1653001329,,,0.4802135775,0.0843749035,0.3686574568,,0.1577541466,0.1577541466,0.8323957268,-0.013546055,-0.033959984,-0.037400938,,,0.1347023713,0.0407172131,0.0152558956,,,1.0612498753,0.4703768857,0.3652348299,0.4979228304,0.651400837,0.00318002,39864.91233809,1.23774083,0.002368,1.11855773,0.00398174,0.0037782,0.01243161,0.0751807,0.75920264,0.32001163,0.54296448,0.0723078,1.60816026,0.06590869,1.85331316,0.12731346,0.23478719,0.07656072,0.66904248,,,,,,,,348,-0.88676656,-0.541161515,0.4960365582,-1.363109987
20130228,20130228,204683.0,01W,GBR,-0.12583,2013,2,20130131,20130131,30.68097788,3.64642,30.68097788,,0.0,0.0,0.0684164879,1.1843023509,2.0469262641,1.8986920333,,,,,,-0.079707748,,0.2449579029,0.0520771257,-0.256642225,,-0.001435816,0.0495690698,-0.480039147,0.0,0.0,0.0,0.1093185059,0.1060172659,0.00330124,0.0179790756,1.011475e-16,0.0179790756,0.0516804499,-0.05168045,0.0096929471,,0.0238553645,0.5296250677,0.0336680297,,,0.3860152488,0.0535556537,-0.000110424,-0.014075183,0.0159617129,1.2374367614,-0.035718737,-2.769106216,0.1088694221,1.3655494501,1.5694450567,16.181486107,0.1672827475,0.1631264368,-0.028786184,0.012345679,0.0,0.026493097,0.0147376635,-0.004045541,-0.676372219,0.1634388632,,0.0525512707,,0.058401214,0.9261160209,,-0.330656855,-0.110404051,0.0813814057,3.8724291262,3.086593227,-0.553803812,0.0617869402,0.6593609136,,0.0419152796,,-0.0030627,0.0496297426,-0.065416895,,0.070364278,0.5133629638,0.4907339387,0.6531306736,5.0,-2.147704642,0.6464857655,,,0.4802135775,0.0843749035,0.5724080102,,0.210225066,0.1168501869,0.8099819829,0.0073834984,-0.001753114,-0.005458869,,,0.1260766497,0.0448189866,0.0254362335,,,1.0173393577,0.5760804736,0.895034832,0.4842212299,0.7357388857,0.00385764,50978.54814856,1.06425213,0.00266613,0.98831295,0.00383957,0.00371732,0.01924179,0.0505357,0.78077263,-0.53714485,-2.39444309,0.04234833,-0.14542109,0.04492174,0.02718264,0.06640728,0.15671094,0.0506839,0.82990531,,,,,,,,349,-0.994993507,-0.255739058,-0.214891283,-1.251329829
20130328,20130331,204683.0,01W,GBR,0.345593,2013,3,20130228,20130228,26.82038226,3.18759,26.82038226,,0.0,0.0,-0.125830266,0.9039105819,1.4042823737,2.458446515,,,,-0.014046505,,0.0326698777,,0.2449579029,0.0520771257,-0.256642225,,-0.001435816,0.0495690698,-0.480039147,0.0,0.0,0.0,0.1093185059,0.1060172659,0.00330124,0.0179790756,1.011475e-16,0.0179790756,0.0516804499,-0.05168045,0.0096929471,,0.0238553645,0.5296250677,0.0336680297,,,0.3860152488,0.0535556537,-0.000110424,-0.014075183,0.0159617129,1.2374367614,-0.035718737,-2.769106216,0.1088694221,1.3655494501,1.5694450567,16.181486107,0.1672827475,0.1631264368,-0.028786184,0.012345679,0.0,0.026493097,0.0147376635,-0.004045541,-0.676372219,0.1634388632,,0.0525512707,,0.058401214,0.9261160209,,-0.330656855,-0.110404051,0.0813814057,3.8724291262,3.086593227,-0.553803812,0.0617869402,0.6593609136,,0.0419152796,,-0.0030627,0.0496297426,-0.065416895,,0.070364278,0.5133629638,0.4907339387,0.6531306736,5.0,-2.147704642,0.6464857655,,,0.4802135775,0.0843749035,0.6548019089,,0.2404854091,0.1336699069,0.9265728974,0.0084462983,-0.002005462,-0.006244633,,,0.1442244507,0.0505096745,0.0286658841,,,1.0377238929,0.5390155869,0.6180289536,0.48317359,0.7317524647,0.00696462,49483.36156836,1.08866713,0.00237329,1.05670999,0.00419237,0.00422553,0.01786471,,,,,,,,,,,,,,,,,,,,350,-1.002158835,-0.25639459,-0.232025625,-1.25936754
20130430,20130430,204683.0,01W,GBR,-0.029398,2013,4,20130328,20130331,36.089307765,4.2891975,36.089307765,,0.0,0.0,0.345592595,-0.066022643,,1.6220957254,3.1312153595,0.9656065781,-0.378848604,0.525946864,,0.1010172087,,0.2449579029,0.0520771257,-0.256642225,,-0.001435816,0.0495690698,-0.480039147,0.0,0.0,0.0,0.1093185059,0.1060172659,0.00330124,0.0179790756,1.011475e-16,0.0179790756,0.0516804499,-0.05168045,0.0096929471,,0.0238553645,0.5296250677,0.0336680297,,,0.3860152488,0.0535556537,-0.000110424,-0.014075183,0.0159617129,1.2374367614,-0.035718737,-2.769106216,0.1088694221,1.3655494501,1.5694450567,16.181486107,0.1672827475,0.1631264368,-0.028786184,0.012345679,0.0,0.026493097,0.0147376635,-0.004045541,-0.676372219,0.1634388632,,0.0525512707,,0.058401214,0.9261160209,,-0.330656855,-0.110404051,0.0813814057,3.8724291262,3.086593227,-0.553803812,0.0617869402,0.6593609136,,0.0419152796,,-0.0030627,0.0496297426,-0.065416895,,0.070364278,0.5133629638,0.4907339387,0.6531306736,5.0,-2.147704642,0.6464857655,,,0.4802135775,0.0843749035,0.4866271643,,0.1787208179,0.0993390625,0.6885983921,0.0062770101,-0.001490393,-0.004640805,,,0.1071828511,0.0387093554,0.021968819,,,1.0236919132,0.4452159937,0.3662375204,0.4876661619,0.7987824688,0.0050129,54443.51950619,1.02821866,0.00234081,1.03030884,0.00425294,0.00444263,0.01172248,0.05479968,1.47291321,-0.14530843,3.08092275,0.05218645,0.11653314,0.05339762,0.07955234,0.08986746,0.15351614,0.05489054,1.38269595,0.64146361,0.04956568,,0.94160465,,,1.8112169341,351,-0.986448127,-0.261169048,-0.235911439,-1.242717029
20130531,20130531,204683.0,01W,GBR,0.019691,2013,5,20130430,20130430,35.028344435,4.1631025,35.028344435,,0.0,-6.66134e-16,-0.029398273,0.1762763203,1.7451285652,2.8292337689,2.6429399524,,-0.085436426,-0.104508238,,,,0.2558006543,0.1340964595,0.9129572288,,-0.004587878,0.0640097684,-0.539766111,0.0,0.0,0.0,0.1123419703,0.1115725371,0.0007694332,0.0210821855,-1.25633e-16,0.0210821855,0.0544052438,-0.054405244,0.0007253233,,0.0369360436,0.5554022989,0.3768275862,,,0.6267087277,,,-0.050574713,-0.001747126,-0.036679537,-0.05615237,-1.178874569,0.109817602,1.4129655172,1.6520249496,16.967402734,0.20506941,0.1631264368,0.08739837,0.042042042,1.0,0.027441277,0.0285424762,0.0102611538,-0.625768175,0.1735716383,,0.0318802075,,0.036066623,0.7793342296,,-0.279123266,-0.108872838,0.1423601488,2.1664768874,1.9541798148,-0.490188721,0.4710262868,0.6974745703,,0.4732203293,0.5463320463,0.0493793103,0.3750804598,0.0469499817,,0.0706447429,0.5650804598,0.8105480772,0.6588190053,8.0,-2.954919755,1.2600469447,,,0.4275088241,0.0843629383,0.5045642403,,0.1853084667,0.1030007001,0.7486573409,0.0240334967,0.0249150342,0.0214352808,,,0.1535267192,0.0400029419,0.032389343,,,1.0229374998,0.4062313513,0.5767191528,0.4744942262,0.823408055,0.00689282,50700.51481376,1.05379279,0.00201841,1.03850699,0.00463799,0.00473917,0.03510131,0.04065266,1.0711328,0.08332702,-0.12174122,0.04052185,0.42772488,0.0392696,1.09263453,0.04883781,0.11139254,0.04065428,1.09679393,1.07595497,0.04858668,,0.9139231,,,1.0043189845,352,-0.173140003,0.3572042004,0.564558846,-0.968555222
20130628,20130630,204683.0,01W,GBR,-0.115722,2013,6,20130531,20130531,35.71810312,4.24508,35.71810312,,0.0,0.0,0.0196914441,0.3060344963,1.1736867676,1.7449591547,2.9484939565,0.4819301334,-0.110836749,0.1529972912,,0.0402755811,,0.2558006543,0.1340964595,0.9129572288,,-0.004587878,0.0640097684,-0.539766111,0.0,0.0,0.0,0.1123419703,0.1115725371,0.0007694332,0.0210821855,-1.25633e-16,0.0210821855,0.0544052438,-0.054405244,0.0007253233,,0.0369360436,0.5554022989,0.3768275862,,,0.6267087277,,,-0.050574713,-0.001747126,-0.036679537,-0.05615237,-1.178874569,0.109817602,1.4129655172,1.6520249496,16.967402734,0.20506941,0.1631264368,0.08739837,0.042042042,1.0,0.027441277,0.0285424762,0.0102611538,-0.625768175,0.1735716383,,0.0318802075,,0.036066623,0.7793342296,,-0.279123266,-0.108872838,0.1423601488,2.1664768874,1.9541798148,-0.490188721,0.4710262868,0.6974745703,,0.4732203293,0.5463320463,0.0493793103,0.3750804598,0.0469499817,,0.0706447429,0.5650804598,0.8105480772,0.6588190053,8.0,-2.954919755,1.2600469447,,,0.4275088241,0.0843629383,0.4948205099,,0.1817299418,0.1010116351,0.7341998849,0.0235693815,0.0244338955,0.0210213403,,,0.1505619372,0.0393013108,0.0318212506,,,1.0210035062,0.3701387308,0.3789840378,0.4906438647,0.821092325,0.00635218,50136.17468585,1.0461394,0.00176707,1.075491,0.00502123,0.00486219,0.01319862,0.0282004,0.21293606,0.15988604,-0.66977446,0.02968715,0.17223557,0.02950117,0.25892322,0.03757438,0.05734034,0.02822078,0.21436895,1.05893858,0.04804633,,0.93191956,,,0.7812150196,353,-0.170645412,0.338891721,0.5600800817,-0.981967974
20130731,20130731,204683.0,01W,GBR,0.120769,2013,7,20130628,20130630,31.584746655,3.7538325,31.584746655,,0.0,-2.22045e-16,-0.115721612,-0.010285724,0.2438264009,,2.4919817548,0.5754558205,-0.127348231,-0.078595666,,,,0.2558006543,0.1340964595,0.9129572288,,-0.004587878,0.0640097684,-0.539766111,0.0,0.0,0.0,0.1123419703,0.1115725371,0.0007694332,0.0210821855,-1.25633e-16,0.0210821855,0.0544052438,-0.054405244,0.0007253233,,0.0369360436,0.5554022989,0.3768275862,,,0.6267087277,,,-0.050574713,-0.001747126,-0.036679537,-0.05615237,-1.178874569,0.109817602,1.4129655172,1.6520249496,16.967402734,0.20506941,0.1631264368,0.08739837,0.042042042,1.0,0.027441277,0.0285424762,0.0102611538,-0.625768175,0.1735716383,,0.0318802075,,0.036066623,0.7793342296,,-0.279123266,-0.108872838,0.1423601488,2.1664768874,1.9541798148,-0.490188721,0.4710262868,0.6974745703,,0.4732203293,0.5463320463,0.0493793103,0.3750804598,0.0469499817,,0.0706447429,0.5650804598,0.8105480772,0.6588190053,8.0,-2.954919755,1.2600469447,,,0.4275088241,0.0843629383,0.5595754873,,0.2055121376,0.1142305822,0.8302813851,0.0266538025,0.0276314516,0.0237723104,,,0.1702653138,0.0439172218,0.0355586338,,,1.1091009672,0.2967985143,-0.126253209,0.4806572573,0.8202616484,0.00568271,42222.85163189,1.17404572,0.00136809,1.21140062,0.00559199,0.00492359,0.01039434,0.02767015,0.41207516,0.07500477,-2.61761902,0.02293503,0.27190973,0.02488476,0.19109912,0.03031207,0.05663285,0.02990495,0.56760156,1.40870271,0.0482457,-0.01713618,0.82407633,,,0.6278252576,354,-0.150613124,0.3442794599,0.5601192282,-0.969359641
20130830,20130831,204683.0,01W,GBR,0.415756,2013,8,20130731,20130731,35.399191485,4.2071775,35.399191485,,0.0,-4.44089e-16,0.1207685745,-0.098308893,0.0294569742,1.4024897022,2.3512800872,2.0469262641,0.0280565371,0.3539949773,,-0.017321986,,0.309467921,0.0918216419,0.7872482398,,-0.043127259,0.0726892803,-0.537002268,0.0,0.0,0.0,0.1123419703,0.1066799357,0.0007694332,-0.00580388,-1.25633e-16,0.0210821855,-0.00438886,0.0043888599,0.0029917154,,0.0444225805,0.6904808143,0.0502326992,,,0.3591258271,,,-0.000789918,0.0523066333,0.5771710919,0.0566954932,0.6255994248,0.109817602,1.7352108445,2.0838150164,8.0843080941,0.20506941,0.1631264368,0.08739837,0.042042042,2.0,0.027441277,0.0285424762,0.0102611538,-0.490117659,0.0154441542,,0.0168474798,,0.0265554294,0.7793342296,,-0.695098512,-0.075337975,0.1371843563,-0.573949837,1.0724090232,-0.412175438,0.1342719665,0.9041624764,,0.0657781081,0.7154749884,0.0383192384,0.1025393325,0.0823393787,,0.0719928348,0.5650804598,1.4556557977,0.6588190053,8.0,-3.684516,1.9081208538,,,0.4275088241,0.0843629383,0.3989493152,,0.1286199546,0.1286199546,0.7331012535,0.0361551294,0.0152874339,0.0111107792,,,0.1519183511,0.0803476874,0.0362460333,,,1.0667948076,0.2965541288,-0.275526912,0.4292331492,0.8524719106,0.00592178,33429.83201118,1.22553009,0.00098838,1.189594,0.00616206,0.00499774,0.01206215,0.02567812,1.1790687,-0.37835554,-2.27653689,0.02509065,0.52301068,0.02487854,0.63644868,0.04635606,0.06794542,0.02584962,0.99738518,1.47074985,0.04710191,0.30707735,0.92359885,,,0.9840471696,355,0.0969896095,0.3267596833,0.5313280529,-0.46799936
20130930,20130930,204683.0,01W,GBR,0.372902,2013,9,20130830,20130831,50.11660269,5.956335,50.11660269,,0.0,-2.22045e-16,0.4157555748,-0.008928571,0.3198615569,1.1966997115,1.7740201914,1.4042823737,0.5711260803,,,,,0.309467921,0.0918216419,0.7872482398,,-0.043127259,0.0726892803,-0.537002268,0.0,0.0,0.0,0.1123419703,0.1066799357,0.0007694332,-0.00580388,-1.25633e-16,0.0210821855,-0.00438886,0.0043888599,0.0029917154,,0.0444225805,0.6904808143,0.0502326992,,,0.3591258271,,,-0.000789918,0.0523066333,0.5771710919,0.0566954932,0.6255994248,0.109817602,1.7352108445,2.0838150164,8.0843080941,0.20506941,0.1631264368,0.08739837,0.042042042,2.0,0.027441277,0.0285424762,0.0102611538,-0.490117659,0.0154441542,,0.0168474798,,0.0265554294,0.7793342296,,-0.695098512,-0.075337975,0.1371843563,-0.573949837,1.0724090232,-0.412175438,0.1342719665,0.9041624764,,0.0657781081,0.7154749884,0.0383192384,0.1025393325,0.0823393787,,0.0719928348,0.5650804598,1.4556557977,0.6588190053,8.0,-3.684516,1.9081208538,,,0.4275088241,0.0843629383,0.2817925087,,0.0908489833,0.0908489833,0.5178162576,0.0255376917,0.0107980743,0.0078479502,,,0.1073054938,0.0587175862,0.0264883739,,,1.0458491432,0.1794648566,-0.089288503,0.4349475762,0.8543292942,0.00359752,54167.28355782,1.94210837,0.00140442,1.67670741,0.00545151,0.00494009,0.01071143,0.04889467,0.96215328,-0.1750669,-4.08137525,0.04800081,0.876049,0.05172991,0.95111306,0.09493962,0.14107279,0.05154849,1.52971931,1.38167904,0.04759176,0.00352995,1.0,,,1.9920808007,356,0.0827601128,0.3142042446,0.5338468226,-0.477064725
20131031,20131031,204683.0,01W,GBR,0.163776,2013,10,20130930,20130930,68.80519051,8.177465,68.80519051,,0.0,-2.22045e-16,0.3729021286,0.5867343575,0.388682848,0.7452313561,,,,0.0104999837,0.189084848,-0.007376403,,0.309467921,0.0918216419,0.7872482398,,-0.043127259,0.0726892803,-0.537002268,0.0,0.0,0.0,0.1123419703,0.1066799357,0.0007694332,-0.00580388,-1.25633e-16,0.0210821855,-0.00438886,0.0043888599,0.0029917154,,0.0444225805,0.6904808143,0.0502326992,,,0.3591258271,,,-0.000789918,0.0523066333,0.5771710919,0.0566954932,0.6255994248,0.109817602,1.7352108445,2.0838150164,8.0843080941,0.20506941,0.1631264368,0.08739837,0.042042042,2.0,0.027441277,0.0285424762,0.0102611538,-0.490117659,0.0154441542,,0.0168474798,,0.0265554294,0.7793342296,,-0.695098512,-0.075337975,0.1371843563,-0.573949837,1.0724090232,-0.412175438,0.1342719665,0.9041624764,,0.0657781081,0.7154749884,0.0383192384,0.1025393325,0.0823393787,,0.0719928348,0.5650804598,1.4556557977,0.6588190053,8.0,-3.684516,1.9081208538,,,0.4275088241,0.0843629383,0.2052531662,,0.0661729495,0.0661729495,0.3771690981,0.0186012471,0.007865145,0.0057163216,,,0.0781596092,0.0437588185,0.0197402519,,,1.113320679,0.2352746673,-0.175331541,0.4344159559,0.8097066752,0.00335424,79072.56825873,1.97323525,0.0017297,1.67061961,0.00502739,0.00476098,0.01418905,0.04715123,1.13011384,-0.18875294,-7.79141657,0.04684374,0.80024753,0.04645928,0.89949392,0.0896168,0.13841063,0.04894673,1.28727218,1.29770994,0.04760939,0.11468999,1.0,,,1.8775895875,357,0.0778598134,0.2915834793,0.5300985726,-0.46529315
20131129,20131130,204683.0,01W,GBR,-0.354519,2013,11,20131031,20131031,80.07380829,9.516735,80.07380829,,0.0,-2.22045e-16,0.1637756933,0.9436938422,0.9642718381,1.242600962,4.233657989,1.7451285652,1.1355365575,0.2257637877,0.1834495667,,,0.3318158005,0.0940399156,0.7833410079,,-0.031682931,0.1139425289,-0.511180202,0.0,0.0,0.0,0.1123419703,0.1178557229,0.0007694332,0.0019181597,-1.25633e-16,0.0210821855,0.0010946049,-0.001094605,0.0050329829,,0.0517184217,0.6990920264,0.0108631753,,,0.4220245395,,,-0.008394394,0.1070326491,0.8818574729,0.1059380442,0.8728388652,0.109817602,1.7370136824,2.1187306124,8.1600428933,0.20506941,0.1631264368,0.08739837,0.042042042,3.0,0.027441277,0.0285424762,0.0102611538,-0.313981319,0.0327741118,,0.0210496409,,0.0334851086,0.7793342296,,-0.711685239,-0.044942487,0.1360297205,-0.273554589,0.874207303,-0.332884388,0.1570155217,0.9310618068,,0.0144677485,0.7969198671,0.0143391739,0.1178958244,0.1064571651,,0.0673768521,0.5650804598,1.0034659234,0.6588190053,8.0,-3.811765977,1.8032721589,,,0.4275088241,0.0843629383,0.1760780897,,0.0567670003,0.0567670003,0.3265886906,0.0213709187,0.0025248143,0.0003241622,,,0.0671603726,0.0378729781,0.0196437545,,,1.061142572,0.2591696442,0.0126430976,0.4268416674,0.8733607958,0.0034199,121351.43407335,1.57679812,0.00223753,1.38496986,0.00452161,0.00468719,0.01818051,0.04539138,1.30831708,0.2567346,1.66256041,0.04325663,0.72864927,0.04502312,0.96722181,0.07772673,0.13383034,0.04539772,1.30917093,0.91237933,0.0472723,-0.03776529,0.94562552,,,1.6406347927,358,0.0447660446,0.2251162176,0.4696864283,-0.415647037
20131231,20131231,204683.0,01W,GBR,-0.063094,2013,12,20131129,20131130,51.68615025,6.142875,51.68615025,,0.0,0.0,-0.354518645,0.5977501265,1.2418270091,1.9855580548,3.9689866969,1.1736867676,,0.781992887,0.0801303365,,,0.3318158005,0.0940399156,0.7833410079,,-0.031682931,0.1139425289,-0.511180202,0.0,0.0,0.0,0.1123419703,0.1178557229,0.0007694332,0.0019181597,-1.25633e-16,0.0210821855,0.0010946049,-0.001094605,0.0050329829,,0.0517184217,0.6990920264,0.0108631753,,,0.4220245395,,,-0.008394394,0.1070326491,0.8818574729,0.1059380442,0.8728388652,0.109817602,1.7370136824,2.1187306124,8.1600428933,0.20506941,0.1631264368,0.08739837,0.042042042,3.0,0.027441277,0.0285424762,0.0102611538,-0.313981319,0.0327741118,,0.0210496409,,0.0334851086,0.7793342296,,-0.711685239,-0.044942487,0.1360297205,-0.273554589,0.874207303,-0.332884388,0.1570155217,0.9310618068,,0.0144677485,0.7969198671,0.0143391739,0.1178958244,0.1064571651,,0.0673768521,0.5650804598,1.0034659234,0.6588190053,8.0,-3.811765977,1.8032721589,,,0.4275088241,0.0843629383,0.2727857101,,0.0879452209,0.0879452209,0.5059614631,0.0331084989,0.0039115217,0.0005022022,,,0.1040469599,0.0569925343,0.0295605841,,,1.0544058309,0.2901686778,0.3416776217,0.4350403254,0.8718487055,0.00285771,161475.3836076,1.46988771,0.0028349,1.51399664,0.00397808,0.00456298,0.01187252,0.08950185,-0.64019798,-0.08224643,-3.49104172,0.08681426,-1.45901791,0.07790776,-0.84420929,0.09530788,0.1892499,0.09002248,-0.68807681,0.78182366,0.05250888,-0.09316447,0.61038364,,,1.8111740105,359,0.0501088203,0.2171359446,0.4651304521,-0.388033547
20140131,20140131,204683.0,01W,GBR,-0.079115,2014,1,20131231,20131231,48.42505213,5.755295,48.42505213,,0.0,0.0,-0.063094235,-0.248804489,0.636427571,0.432173501,0.7998883654,0.2438264009,4.8066557779,0.0684164879,0.0681748162,,,0.3318158005,0.0940399156,0.7833410079,,-0.031682931,0.1139425289,-0.511180202,0.0,0.0,0.0,0.1123419703,0.1178557229,0.0007694332,0.0019181597,-1.25633e-16,0.0210821855,0.0010946049,-0.001094605,0.0050329829,,0.0517184217,0.6990920264,0.0108631753,,,0.4220245395,,,-0.008394394,0.1070326491,0.8818574729,0.1059380442,0.8728388652,0.109817602,1.7370136824,2.1187306124,8.1600428933,0.20506941,0.1631264368,0.08739837,0.042042042,3.0,0.027441277,0.0285424762,0.0102611538,-0.313981319,0.0327741118,,0.0210496409,,0.0334851086,0.7793342296,,-0.711685239,-0.044942487,0.1360297205,-0.273554589,0.874207303,-0.332884388,0.1570155217,0.9310618068,,0.0144677485,0.7969198671,0.0143391739,0.1178958244,0.1064571651,,0.0673768521,0.5650804598,1.0034659234,0.6588190053,8.0,-3.811765977,1.8032721589,,,0.4275088241,0.0843629383,0.2911559736,,0.0938677337,0.0938677337,0.5400345286,0.0353381313,0.0041749361,0.0005360221,,,0.1110538154,0.0605012399,0.0313804608,,,1.0004204748,-0.218808061,-0.163448357,0.4380265007,0.8365450093,0.0048575,166305.89443531,1.40339054,0.0029187,1.44640918,0.0039069,0.00471738,0.02795947,0.03645318,-0.19326064,0.00509156,3.50024874,0.0380018,0.03933659,0.03516496,-0.64593359,0.04535691,0.06773445,0.03993376,-0.64498605,0.54245361,0.04871205,-0.51433824,0.57187195,,,0.9306691552,360,0.0482055151,0.2045684913,0.4482325715,-0.395278969
20140228,20140228,204683.0,01W,GBR,-0.059332,2014,2,20140131,20140131,44.59390551,5.299965,44.59390551,,0.0,-1.66533e-16,-0.079114972,-0.395244798,0.3679705693,0.3824533506,0.5783412223,0.0294569742,4.9902337253,-0.125830266,0.0724216612,,,0.0889358937,0.0467046925,0.7945564584,,0.2195176794,0.1143422595,-0.419231676,0.0,0.0,0.0,0.1039439429,-0.064847979,0.1687919216,0.0229594822,4.644329e-17,0.0229594822,0.0770408629,-0.077040863,0.0025260599,,0.0525849879,0.5035923155,-0.020436965,,,0.2629011368,,,0.1262746685,0.1090996005,1.34534701,0.0320587376,0.3953279992,0.2962532622,1.2715022637,1.4180733995,4.9995473505,0.20506941,0.1045723963,0.08739837,0.042042042,4.0,0.2088049863,0.0285424762,0.0102611538,0.3339974959,-0.020678282,,0.0280808583,,-0.024470412,0.7793342296,,-0.342772259,-0.053923894,0.1489046476,-0.997762601,-0.412872594,-0.098423289,0.0965479262,0.5483797481,,-0.022254545,0.7740114022,-0.028005578,0.0886626355,-0.024942878,,0.067515491,0.5650804598,0.7054695422,0.5722906738,5.0,-2.745922334,2.668253053,,,0.4275088241,0.0843629383,0.4288463363,,0.1776752857,0.1328297966,0.5833016676,0.0347768744,-0.01201009,-0.016585474,,,0.1205946584,0.1029906665,0.0335643064,,,1.0470428792,-0.255733826,-0.222417576,0.4493952864,0.7420685443,0.00635249,169599.10790726,1.37313672,0.00294029,1.43819072,0.00398003,0.00491866,0.01938006,0.01636401,0.09795815,0.22718349,-0.01512959,0.01435047,-0.46345737,0.0149107,-0.38579787,0.01813009,0.03653328,0.01752497,-0.04822706,0.45492817,0.04661726,-0.26881257,0.52662832,,,0.3888172798,361,-0.445861281,-0.2324373,0.4095029937,-0.707305998
20140331,20140331,204683.0,01W,GBR,0.053263,2014,3,20140228,20140228,41.94803907,4.985505,41.94803907,,0.0,-1.11022e-16,-0.059332467,-0.137217508,-0.110196958,0.2484959058,0.6626871712,0.3198615569,3.9754395823,0.345592595,0.0356102919,0.0899737238,,0.0889358937,0.0467046925,0.7945564584,,0.2195176794,0.1143422595,-0.419231676,0.0,0.0,0.0,0.1039439429,-0.064847979,0.1687919216,0.0229594822,4.644329e-17,0.0229594822,0.0770408629,-0.077040863,0.0025260599,,0.0525849879,0.5035923155,-0.020436965,,,0.2629011368,,,0.1262746685,0.1090996005,1.34534701,0.0320587376,0.3953279992,0.2962532622,1.2715022637,1.4180733995,4.9995473505,0.20506941,0.1045723963,0.08739837,0.042042042,4.0,0.2088049863,0.0285424762,0.0102611538,0.3339974959,-0.020678282,,0.0280808583,,-0.024470412,0.7793342296,,-0.342772259,-0.053923894,0.1489046476,-0.997762601,-0.412872594,-0.098423289,0.0965479262,0.5483797481,,-0.022254545,0.7740114022,-0.028005578,0.0886626355,-0.024942878,,0.067515491,0.5650804598,0.7054695422,0.5722906738,5.0,-2.745922334,2.668253053,,,0.4275088241,0.0843629383,0.4558957564,,0.1888821284,0.1412080167,0.6200933352,0.0369704207,-0.012767624,-0.0176316,,,0.1282011488,0.1086829865,0.035419414,,,1.021138475,-0.217301809,-0.55197432,0.4544057796,0.7497104752,0.00641268,154013.21462152,1.44248101,0.00260223,1.4909492,0.00430993,0.00491421,0.02457973,0.04622843,2.51295274,0.0219818,0.63036106,0.04383261,1.88009693,0.04528979,1.89002045,0.04426574,0.1713955,0.04665591,2.73333672,0.53282488,0.04656382,-0.24427638,0.49538216,,,0.9505382186,362,-0.440934727,-0.208545016,0.4176863407,-0.713030471
20140430,20140430,204683.0,01W,GBR,0.13348,2014,4,20140331,20140331,44.1823347,5.25105,44.1823347,,0.0,-1.66533e-16,0.0532634106,-0.133753352,-0.390336125,0.3281106709,0.1623398083,0.388682848,4.2044051581,-0.029398273,0.0431249904,0.2234065662,,0.0889358937,0.0467046925,0.7945564584,,0.2195176794,0.1143422595,-0.419231676,0.0,0.0,0.0,0.1039439429,-0.064847979,0.1687919216,0.0229594822,4.644329e-17,0.0229594822,0.0770408629,-0.077040863,0.0025260599,,0.0525849879,0.5035923155,-0.020436965,,,0.2629011368,,,0.1262746685,0.1090996005,1.34534701,0.0320587376,0.3953279992,0.2962532622,1.2715022637,1.4180733995,4.9995473505,0.20506941,0.1045723963,0.08739837,0.042042042,4.0,0.2088049863,0.0285424762,0.0102611538,0.3339974959,-0.020678282,,0.0280808583,,-0.024470412,0.7793342296,,-0.342772259,-0.053923894,0.1489046476,-0.997762601,-0.412872594,-0.098423289,0.0965479262,0.5483797481,,-0.022254545,0.7740114022,-0.028005578,0.0886626355,-0.024942878,,0.067515491,0.5650804598,0.7054695422,0.5722906738,5.0,-2.745922334,2.668253053,,,0.4275088241,0.0843629383,0.4328411599,,0.1793303807,0.1340671434,0.5887352859,0.0351008307,-0.012121967,-0.016739972,,,0.1217180313,0.1038366365,0.0338400052,,,0.9782120627,-0.516040603,-1.134789072,0.4519743239,0.6484390924,0.00682198,124801.47914375,1.60707729,0.00211873,1.68594767,0.00481618,0.00504265,0.01237684,0.02439336,1.15197785,0.51262771,-0.34659398,0.02436816,0.6894931,0.02390779,0.86269429,0.03721007,0.06563295,0.02457546,1.25088058,0.72946773,0.04432261,-0.50033382,0.5217679,,,0.8392840081,363,-0.447240056,-0.206845244,0.4107683566,-0.715668008
20140530,20140531,204683.0,01W,GBR,-0.161577,2014,5,20140430,20140430,50.079812475,5.9519625,50.079812475,,0.0,1.665335e-16,0.1334804468,-0.009229306,-0.448229881,0.2481170571,0.2613309425,0.9642718381,3.4951842354,0.0196914441,0.0534694452,,,0.1066915619,0.0402316145,0.8615095578,,0.2551933715,0.1599963519,-0.30336388,0.0,0.0,0.0,0.1107139355,-0.053806266,0.1645202013,0.0285196282,2.951555e-16,0.0285196282,0.0824519796,-0.08245198,0.001236357,,0.0539736507,0.5068585944,0.166638442,,,0.2766884532,,,0.0449618967,0.1622353937,2.1748013621,0.0797834141,1.0695143252,0.3010838263,1.3009314141,1.4652971609,5.1263616558,0.1685993564,0.1045723963,0.0047691731,0.0346820809,5.0,0.2136355504,0.0226151109,0.0057658408,2.5609881651,-0.00470993,,0.0211745617,,-0.010705646,0.709796539,,-0.338967116,-0.065808026,0.1710232687,-0.751026432,-0.560996548,0.1740574473,0.3639618989,0.5609361295,,0.1844173577,0.7548240636,-0.087637595,0.3288738357,-0.137016906,,0.0703221418,0.5567764606,0.3756985858,0.5816221721,5.0,-2.482971308,2.0706745792,,,-0.053484691,0.0323048054,0.3905709913,,0.161817431,0.1209744865,0.5447159015,0.0291357361,-0.034228702,-0.038759458,,,0.0918387504,0.0947905589,0.032658932,,,1.0509888317,-0.39112391,-1.162003571,0.475071403,0.6488601983,0.00517352,93288.36448291,1.8229586,0.00179591,1.90819683,0.00518928,0.00495325,0.01472555,0.02244672,0.64474186,0.30249259,-0.51279064,0.02362035,0.80828133,0.02452802,0.63038412,0.03841493,0.05857043,0.0230184,0.60221357,0.80012475,0.04341497,-0.59600217,0.59141372,,,0.8843967456,364,-0.762284525,-0.378384801,0.2638696726,-1.004623137
20140630,20140630,204683.0,01W,GBR,-0.434698,2014,6,20140530,20140531,41.98808971,4.990265,41.98808971,,0.0,0.0,-0.161576539,0.1938534812,-0.031078689,-0.000734092,0.4020848841,1.2418270091,3.0511707138,-0.115721612,0.0493008155,0.0348216032,,0.1066915619,0.0402316145,0.8615095578,,0.2551933715,0.1599963519,-0.30336388,0.0,0.0,0.0,0.1107139355,-0.053806266,0.1645202013,0.0285196282,2.951555e-16,0.0285196282,0.0824519796,-0.08245198,0.001236357,,0.0539736507,0.5068585944,0.166638442,,,0.2766884532,,,0.0449618967,0.1622353937,2.1748013621,0.0797834141,1.0695143252,0.3010838263,1.3009314141,1.4652971609,5.1263616558,0.1685993564,0.1045723963,0.0047691731,0.0346820809,5.0,0.2136355504,0.0226151109,0.0057658408,2.5609881651,-0.00470993,,0.0211745617,,-0.010705646,0.709796539,,-0.338967116,-0.065808026,0.1710232687,-0.751026432,-0.560996548,0.1740574473,0.3639618989,0.5609361295,,0.1844173577,0.7548240636,-0.087637595,0.3288738357,-0.137016906,,0.0703221418,0.5567764606,0.3756985858,0.5816221721,5.0,-2.482971308,2.0706745792,,,-0.053484691,0.0323048054,0.4658397687,,0.1930020312,0.1442880503,0.6496906715,0.0347506212,-0.040825077,-0.046228976,,,0.1095374291,0.1107546647,0.0381591702,,,1.0888547629,-0.339406421,-0.873275817,0.4748525655,0.6762525693,0.00625086,53368.7175356,1.01494351,0.00118101,1.00143961,0.00604141,0.00493063,0.01512585,0.03394932,-0.4388306,0.64830607,2.32035141,0.03509509,-0.403644,0.03595779,-0.30221227,0.03672767,0.06021794,0.03638958,0.09411967,0.90945851,0.04405545,-0.64333817,0.49585513,,,0.833566351,365,-0.756422696,-0.378765354,0.2628480462,-1.008267141
20140731,20140731,204683.0,01W,GBR,-0.027594,2014,7,20140630,20140630,23.73593607,2.821005,23.73593607,,0.0,0.0,-0.434698358,-0.049663401,-0.132926288,-0.389754037,0.3293787083,0.636427571,2.2565845978,0.1207685745,-0.001196178,,,0.1066915619,0.0402316145,0.8615095578,,0.2551933715,0.1599963519,-0.30336388,0.0,0.0,0.0,0.1107139355,-0.053806266,0.1645202013,0.0285196282,2.951555e-16,0.0285196282,0.0824519796,-0.08245198,0.001236357,,0.0539736507,0.5068585944,0.166638442,,,0.2766884532,,,0.0449618967,0.1622353937,2.1748013621,0.0797834141,1.0695143252,0.3010838263,1.3009314141,1.4652971609,5.1263616558,0.1685993564,0.1045723963,0.0047691731,0.0346820809,5.0,0.2136355504,0.0226151109,0.0057658408,2.5609881651,-0.00470993,,0.0211745617,,-0.010705646,0.709796539,,-0.338967116,-0.065808026,0.1710232687,-0.751026432,-0.560996548,0.1740574473,0.3639618989,0.5609361295,,0.1844173577,0.7548240636,-0.087637595,0.3288738357,-0.137016906,,0.0703221418,0.5567764606,0.3756985858,0.5816221721,5.0,-2.482971308,2.0706745792,,,-0.053484691,0.0323048054,0.8240552192,,0.3414142411,0.2552408122,1.1492814153,0.0614727052,-0.072218218,-0.081777537,,,0.193768107,0.1786035517,0.0615356775,,,1.1135151145,-0.298532646,-0.787804065,0.4765931432,0.6546219055,0.00381096,53526.68061633,1.34895298,0.00134242,1.62981884,0.00577919,0.00478384,0.02617833,0.05561223,-1.14685519,-0.63298461,-5.53204426,0.05367621,-0.89462899,0.04147325,-0.38433597,0.0182966,0.03615898,0.06043327,-2.34594907,0.91050245,0.04682121,-0.30907987,0.28030772,,,0.3907155082,366,-0.731064681,-0.371506013,0.2586702701,-0.991170442
20140829,20140831,204683.0,01W,GBR,0.165317,2014,8,20140731,20140731,23.080969275,2.7431625,23.080969275,,0.0,1.665335e-16,-0.027593889,-0.52603784,-0.467731391,-0.703574283,-0.329478017,0.3679705693,,0.4157555748,-0.041500675,0.0996822191,,0.0503086313,-0.005970662,0.003063912,,0.6116661138,0.1027950291,-0.488555424,0.0,0.0,0.0,0.1107139355,0.025495737,0.1645202013,0.0577106561,2.951555e-16,0.0285196282,0.0627917303,-0.06279173,0.001236357,,0.020806326,0.6108712984,-0.026813346,,,0.1515156075,,,0.0400894467,0.0870669662,2.4497287435,0.024275236,0.6830115475,0.3010838263,1.6787517884,1.7817886831,7.2821894492,0.1685993564,0.1045723963,0.0047691731,0.0346820809,0.0,0.2136355504,0.0226151109,0.0057658408,0.7927242111,-0.029063134,,-0.02918996,,-0.04603744,0.709796539,,-0.168326093,-0.081345595,0.0756958277,-1.142777833,-2.582187967,-0.200558907,0.0632848974,0.6416033973,,-0.028162289,0.2889416808,-0.051525494,0.0602536202,-0.089844732,,0.0716105065,0.5567764606,0.6966639245,0.5816221721,5.0,-2.550759848,1.6881912431,,,-0.183732323,0.0508753942,0.6426491809,,0.2376169707,0.2376169707,1.1176413582,0.0228406981,-0.033112816,-0.039538162,,,0.1992666489,0.1240092941,0.031287499,,,1.1202028589,-0.418128231,-0.674984792,0.537718249,0.4297043332,0.00626315,50164.99153074,1.45792955,0.00134005,1.66512166,0.0057315,0.00479963,0.05146538,,,,,,,,,,,,,1.01178023,0.04844335,-0.97487579,0.28030772,,,,367,-1.275838189,-0.390671898,-0.949353261,-1.017627891
20140930,20140930,204683.0,01W,GBR,-0.074499,2014,9,20140829,20140831,26.89665517,3.196655,26.89665517,,0.0,0.0,0.1653174028,-0.450297229,-0.44977239,-0.553439961,-0.539454631,-0.110196958,4.4426694628,0.3729021286,-0.060372014,,,0.0503086313,-0.005970662,0.003063912,,0.6116661138,0.1027950291,-0.488555424,0.0,0.0,0.0,0.1107139355,0.025495737,0.1645202013,0.0577106561,2.951555e-16,0.0285196282,0.0627917303,-0.06279173,0.001236357,,0.020806326,0.6108712984,-0.026813346,,,0.1515156075,,,0.0400894467,0.0870669662,2.4497287435,0.024275236,0.6830115475,0.3010838263,1.6787517884,1.7817886831,7.2821894492,0.1685993564,0.1045723963,0.0047691731,0.0346820809,0.0,0.2136355504,0.0226151109,0.0057658408,0.7927242111,-0.029063134,,-0.02918996,,-0.04603744,0.709796539,,-0.168326093,-0.081345595,0.0756958277,-1.142777833,-2.582187967,-0.200558907,0.0632848974,0.6416033973,,-0.028162289,0.2889416808,-0.051525494,0.0602536202,-0.089844732,,0.0716105065,0.5567764606,0.6966639245,0.5816221721,5.0,-2.550759848,1.6881912431,,,-0.183732323,0.0508753942,0.5514799482,,0.2039075106,0.2039075106,0.9590875031,0.0196004093,-0.028415277,-0.033929092,,,0.1709977457,0.1093964264,0.0276006778,,,1.1848716534,-0.601829312,-0.524822487,0.5367318281,0.4203773011,,48346.1742638,1.55087217,0.00134443,1.70984105,0.00568688,0.00499365,0.05598032,,,,,,,,,,,,,1.86910351,0.04720427,-0.68634887,0.31763399,,,,368,-1.275009179,-0.394507691,-0.938221477,-1.040872299
20141029,20141031,204683.0,01W,GBR,-0.126695,2014,10,20140930,20140930,24.892882105,2.9585075,24.892882105,,0.0,2.220446e-16,-0.074498968,0.1331617633,-0.391235086,-0.444571477,-0.609089736,-0.390336125,5.196598392,0.1637756933,-0.082033347,0.0527052697,,0.0503086313,-0.005970662,0.003063912,,0.6116661138,0.1027950291,-0.488555424,0.0,0.0,0.0,0.1107139355,0.025495737,0.1645202013,0.0577106561,2.951555e-16,0.0285196282,0.0627917303,-0.06279173,0.001236357,,0.020806326,0.6108712984,-0.026813346,,,0.1515156075,,,0.0400894467,0.0870669662,2.4497287435,0.024275236,0.6830115475,0.3010838263,1.6787517884,1.7817886831,7.2821894492,0.1685993564,0.1045723963,0.0047691731,0.0346820809,0.0,0.2136355504,0.0226151109,0.0057658408,0.7927242111,-0.029063134,,-0.02918996,,-0.04603744,0.709796539,,-0.168326093,-0.081345595,0.0756958277,-1.142777833,-2.582187967,-0.200558907,0.0632848974,0.6416033973,,-0.028162289,0.2889416808,-0.051525494,0.0602536202,-0.089844732,,0.0716105065,0.5567764606,0.6966639245,0.5816221721,5.0,-2.550759848,1.6881912431,,,-0.183732323,0.0508753942,0.5958717812,,0.2203212138,0.2203212138,1.0362900423,0.0211781604,-0.030702588,-0.036660243,,,0.1847623502,0.1166125228,0.0294212963,,,1.1814117978,-0.606869885,-0.411317439,0.5508309971,0.4183335803,0.00657631,46569.00760797,1.62803864,0.0013592,1.70960709,0.00564252,0.00528357,0.02074399,0.04489563,-1.83826198,0.07089294,7.80351009,0.04606881,-1.03460295,0.04238657,-0.24085448,0.0526128,0.08259802,0.05308622,-1.67391907,2.03104037,0.04711668,-0.26949729,0.29397059,,,1.113761243,369,-1.275556659,-0.386826505,-0.926735853,-1.048332173
20141128,20141130,204683.0,01W,GBR,-0.13618,2014,11,20141029,20141031,21.73908352,2.58368,21.73908352,,0.0,0.0,-0.126694795,0.0785024584,-0.502935796,-0.441787351,-0.689125787,-0.448229881,4.9698800282,-0.354518645,-0.061322088,-0.005554179,,0.0789877431,-0.014188041,-0.596246849,,0.6501691207,0.0852035039,-0.723017796,0.0,0.0,0.0,0.1107139355,0.0450500248,0.1645202013,0.0692096554,2.951555e-16,0.0285196282,0.0709504662,-0.070950466,0.001236357,,-0.012625819,0.5739812176,0.0395491971,,,-0.089591418,,,0.0595649527,-0.036679871,-1.5689355,-0.107630337,-4.603752741,0.3010838263,1.6916471822,1.7590086403,7.0958897915,0.1685993564,0.1045723963,0.0047691731,0.0346820809,0.0,0.2136355504,0.0226151109,0.0057658408,-0.279970449,-0.002551301,,-0.039477759,,-0.060527399,0.709796539,,-0.216652727,-0.101071166,-0.014482053,-0.579523147,-1.830153813,-0.61819694,0.0030959676,0.6193186986,,0.0426730989,0.7548240636,0.0133010444,0.002869326,-0.001038129,,0.0726628761,0.5567764606,0.9696612099,0.5816221721,5.0,-2.02215368,0.7018122847,,,-0.410549206,0.0653716903,0.6997953978,,0.2587465564,0.2587465564,1.1858901906,-0.016360395,0.0093080097,0.0060352314,,,0.211566757,0.1327698057,0.001595191,,,1.2018085097,-0.643074271,-0.488980672,0.6121203239,0.3763904938,,35434.6425415,1.95225172,0.00119514,1.96185487,0.00587384,0.00560156,0.02051628,,,,,,,,,,,,,23.96776394,0.04612828,0.65815469,0.2650022,,,,370,-1.300520556,-0.074191786,-1.171390855,-1.315719018
20141231,20141231,204683.0,01W,GBR,0.013061,2014,12,20141128,20141130,18.77865969,2.231835,18.77865969,,0.0,2.220446e-16,-0.13617979,-0.191755132,-0.482255952,-0.481761627,-0.579402153,-0.031078689,3.0466430723,-0.063094235,-0.067966229,,,0.0789877431,-0.014188041,-0.596246849,,0.6501691207,0.0852035039,-0.723017796,0.0,0.0,0.0,0.1107139355,0.0450500248,0.1645202013,0.0692096554,2.951555e-16,0.0285196282,0.0709504662,-0.070950466,0.001236357,,-0.012625819,0.5739812176,0.0395491971,,,-0.089591418,,,0.0595649527,-0.036679871,-1.5689355,-0.107630337,-4.603752741,0.3010838263,1.6916471822,1.7590086403,7.0958897915,0.1685993564,0.1045723963,0.0047691731,0.0346820809,0.0,0.2136355504,0.0226151109,0.0057658408,-0.279970449,-0.002551301,,-0.039477759,,-0.060527399,0.709796539,,-0.216652727,-0.101071166,-0.014482053,-0.579523147,-1.830153813,-0.61819694,0.0030959676,0.6193186986,,0.0426730989,0.7548240636,0.0133010444,0.002869326,-0.001038129,,0.0726628761,0.5567764606,0.9696612099,0.5816221721,5.0,-2.02215368,0.7018122847,,,-0.410549206,0.0653716903,0.8101169546,,0.2995375119,0.2995375119,1.3728437666,-0.018939584,0.0107754016,0.0069866754,,,0.2449198972,0.1488762546,0.0017887053,,,1.2094442871,-0.573438699,-0.41975285,0.6232791777,0.3924522936,,30286.12666671,2.29961728,0.00113062,2.12477892,0.00598872,0.00616255,0.01281136,,,,,,,,,,,,,31.08366651,0.03851886,0.75416441,0.40449509,,,,371,-1.312099676,-0.080839966,-1.185122288,-1.305810474
20150130,20150131,204683.0,01W,GBR,0.194807,2015,1,20141231,20141231,19.02392779,2.260985,19.02392779,,0.0,-2.22045e-16,0.0130610014,-0.245621314,-0.208851101,-0.574973577,-0.612211885,-0.132926288,,-0.079114972,-0.059586595,,,0.0789877431,-0.014188041,-0.596246849,,0.6501691207,0.0852035039,-0.723017796,0.0,0.0,0.0,0.1107139355,0.0450500248,0.1645202013,0.0692096554,2.951555e-16,0.0285196282,0.0709504662,-0.070950466,0.001236357,,-0.012625819,0.5739812176,0.0395491971,,,-0.089591418,,,0.0595649527,-0.036679871,-1.5689355,-0.107630337,-4.603752741,0.3010838263,1.6916471822,1.7590086403,7.0958897915,0.1685993564,0.1045723963,0.0047691731,0.0346820809,0.0,0.2136355504,0.0226151109,0.0057658408,-0.279970449,-0.002551301,,-0.039477759,,-0.060527399,0.709796539,,-0.216652727,-0.101071166,-0.014482053,-0.579523147,-1.830153813,-0.61819694,0.0030959676,0.6193186986,,0.0426730989,0.7548240636,0.0133010444,0.002869326,-0.001038129,,0.0726628761,0.5567764606,0.9696612099,0.5816221721,5.0,-2.02215368,0.7018122847,,,-0.410549206,0.0653716903,0.7996724319,,0.2956756913,0.2956756913,1.355144226,-0.018695403,0.0106364786,0.0068965989,,,0.2417622402,0.1473948625,0.0017709068,,,1.2065684828,-0.512706531,-0.144175508,0.6057538773,0.3877281783,,14983.15586866,1.48629216,0.00062718,1.49675428,0.0070775,0.00638311,0.05166354,,,,,,,,,,,,,,0.03764027,0.56077363,0.35397469,,,,372,-1.313877683,-0.081249931,-1.17248577,-1.31029067
20150227,20150228,204683.0,01W,GBR,0.144205,2015,2,20150130,20150131,22.72991616,2.70144,22.72991616,,0.0,2.220446e-16,0.1948066882,-0.124897433,-0.175774312,-0.620127815,-0.573396239,-0.467731391,2.6747893916,-0.059332467,-0.036483035,,,0.0142506513,-0.065861514,-0.80045017,,1.1521861172,0.0286864392,-0.733801026,0.0,0.0,0.0,-0.119273178,0.108831964,-0.228105142,0.0032466025,-6.86861e-17,0.0032466025,0.2064716237,-0.206471624,0.001236357,,-0.125865489,0.3071935466,0.0124577723,,,-3.635042525,,,0.1748203042,-0.150845679,-0.939730897,-0.357317302,-2.225997536,0.0439946584,1.3911170189,1.2615929751,28.880375061,0.1685993564,0.2331801087,0.0047691731,0.0346820809,0.0,-0.22806292,0.0226151109,0.0057658408,-0.641896563,-0.224261202,,-0.155259093,,-0.183339951,0.709796539,,0.1064341196,-0.325993783,-0.100644752,-3.624196591,-4.430563265,-0.733947855,-0.140360024,0.3115712547,,0.0126353036,0.7548240636,-0.009674401,-0.138387906,0.018331177,,0.0726330441,0.5567764606,2.7964891084,0.5682219539,2.0,-0.07817697,-0.459410166,,,-1.280762278,0.080242206,0.8533450525,,0.5247733303,0.3257902382,1.0690109624,-0.136979016,-0.008255602,-0.010046854,,,0.2023442307,0.0279192992,-0.089073393,,,1.1744687939,-0.540977972,-0.327641794,0.690294851,0.2542002944,0.00652488,14196.7580623,1.46361087,0.00060372,1.47124656,0.00714777,0.00638408,0.04208542,,,,,,,,,,,,,,0.03975314,0.55536782,0.35397469,,,,373,-1.503136605,-0.395771706,-1.608573992,-1.540962619
20150331,20150331,204683.0,01W,GBR,-0.147414,2015,3,20150227,20150228,26.007674,3.091,26.007674,,0.0,0.0,0.1442045724,0.21041206,-0.154916624,-0.458658007,-0.458141151,-0.44977239,3.1969805005,0.0532634106,-0.028215657,0.1047734163,,0.0142506513,-0.065861514,-0.80045017,,1.1521861172,0.0286864392,-0.733801026,0.0,0.0,0.0,-0.119273178,0.108831964,-0.228105142,0.0032466025,-6.86861e-17,0.0032466025,0.2064716237,-0.206471624,0.001236357,,-0.125865489,0.3071935466,0.0124577723,,,-3.635042525,,,0.1748203042,-0.150845679,-0.939730897,-0.357317302,-2.225997536,0.0439946584,1.3911170189,1.2615929751,28.880375061,0.1685993564,0.2331801087,0.0047691731,0.0346820809,0.0,-0.22806292,0.0226151109,0.0057658408,-0.641896563,-0.224261202,,-0.155259093,,-0.183339951,0.709796539,,0.1064341196,-0.325993783,-0.100644752,-3.624196591,-4.430563265,-0.733947855,-0.140360024,0.3115712547,,0.0126353036,0.7548240636,-0.009674401,-0.138387906,0.018331177,,0.0726330441,0.5567764606,2.7964891084,0.5682219539,2.0,-0.07817697,-0.459410166,,,-1.280762278,0.080242206,0.745797625,,0.4586359318,0.2847307606,0.9342830716,-0.119715494,-0.007215145,-0.008780645,,,0.1768427042,0.0251804524,-0.08033541,,,1.1597822548,-0.252422482,-0.055236683,0.6783666242,0.2839862153,0.00751276,13009.73963883,1.46901796,0.00055281,1.4776878,0.0073509,0.00643843,0.04496524,,,,,,,,,,,,,,0.03890683,0.53146616,0.35397469,,,,374,-1.492145327,-0.397628218,-1.603075606,-1.54071645
20150430,20150430,204683.0,01W,GBR,0.014153,2015,4,20150331,20150331,22.173771795,2.6353425,22.173771795,,0.0,-2.22045e-16,-0.147414267,0.3671032758,0.0447835606,0.0957087988,-0.411355824,-0.391235086,3.3259820075,0.1334804468,-0.05375154,0.1851227598,,0.0142506513,-0.065861514,-0.80045017,,1.1521861172,0.0286864392,-0.733801026,0.0,0.0,0.0,-0.119273178,0.108831964,-0.228105142,0.0032466025,-6.86861e-17,0.0032466025,0.2064716237,-0.206471624,0.001236357,,-0.125865489,0.3071935466,0.0124577723,,,-3.635042525,,,0.1748203042,-0.150845679,-0.939730897,-0.357317302,-2.225997536,0.0439946584,1.3911170189,1.2615929751,28.880375061,0.1685993564,0.2331801087,0.0047691731,0.0346820809,0.0,-0.22806292,0.0226151109,0.0057658408,-0.641896563,-0.224261202,,-0.155259093,,-0.183339951,0.709796539,,0.1064341196,-0.325993783,-0.100644752,-3.624196591,-4.430563265,-0.733947855,-0.140360024,0.3115712547,,0.0126353036,0.7548240636,-0.009674401,-0.138387906,0.018331177,,0.0726330441,0.5567764606,2.7964891084,0.5682219539,2.0,-0.07817697,-0.459410166,,,-1.280762278,0.080242206,0.8747479535,,0.5379352647,0.3339614419,1.095823019,-0.140414611,-0.008462663,-0.010298841,,,0.2074192628,0.0284442386,-0.090748154,,,1.2468124061,-0.327035996,-0.145452325,0.6640642115,0.2847858088,0.0066599,12432.60513725,1.68583594,0.00055444,1.67254794,0.00736207,0.00641715,0.02799215,0.02117862,0.52032967,-0.26574322,1.02057451,0.01965969,1.030534,0.02042547,0.86644429,0.01482764,0.04183719,0.02238171,0.24230558,,0.03872057,1.05131693,0.41258325,,,0.3769410614,375,-1.497185103,-0.38209427,-1.602974962,-1.538982584
20150529,20150531,204683.0,01W,GBR,-0.172363,2015,5,20150430,20150430,22.48759296,2.67264,22.48759296,,0.0,0.0,0.0141528094,-0.024467506,0.0199957038,-0.039304999,-0.557231333,-0.502935796,4.3377239199,-0.161576539,-0.037776145,,,-0.046150835,-0.218214199,-0.910661289,,1.0749352951,-0.077709317,-0.681865906,0.0,0.0,0.0,-0.152107969,0.0699123486,-0.222020317,-0.019823922,-1.19014e-16,-0.019823922,0.1806045117,-0.180604512,-0.01383845,,-0.253418147,0.1534475554,0.2320936064,,,-6.67822736,,,0.0255745926,-0.281153364,-0.934704084,-0.461757876,-1.535130031,0.0413746525,1.4137902215,1.1160838142,26.352601156,0.1939021715,0.2331801087,-0.200033134,-0.022988506,0.0,-0.230682926,0.0130260031,-0.00997452,-0.833695135,-0.270458635,,-0.117129617,,-0.138304178,0.7192721487,,-0.006980498,-0.506999948,-0.153624793,-2.573267659,-2.04395063,-0.818620588,-0.046795609,0.1463658226,,0.2213822927,,-0.019640618,-0.049059758,0.0679969768,,0.0741937328,0.6073238613,2.2725251786,0.5343827343,2.0,0.4707633646,-1.123925078,,,-1.798814039,0.152012456,0.8296585825,,0.5102070915,0.3167472131,0.948369447,-0.249556309,-0.016295008,-0.017196434,,,0.1838908952,0.0273307568,-0.170567093,,,1.1989176243,-0.3109853,0.0296035846,0.6864373548,0.2125905574,,12623.38711336,1.64769543,0.00055967,1.61136751,0.00738758,0.00661677,0.03355251,,,,,,,,,,,,,,0.03857367,1.53367014,0.44251901,,,,376,-1.575439943,-0.74875967,-1.66085253,-1.559010605
20150630,20150630,204683.0,01W,GBR,-0.029309,2015,6,20150529,20150531,18.61155765,2.211975,18.61155765,,0.0,-2.22045e-16,-0.172363281,-0.135347784,0.1975078803,-0.163926041,-0.464429244,-0.482255952,3.9144836619,-0.434698358,-0.013927502,-0.019117985,,-0.046150835,-0.218214199,-0.910661289,,1.0749352951,-0.077709317,-0.681865906,0.0,0.0,0.0,-0.152107969,0.0699123486,-0.222020317,-0.019823922,-1.19014e-16,-0.019823922,0.1806045117,-0.180604512,-0.01383845,,-0.253418147,0.1534475554,0.2320936064,,,-6.67822736,,,0.0255745926,-0.281153364,-0.934704084,-0.461757876,-1.535130031,0.0413746525,1.4137902215,1.1160838142,26.352601156,0.1939021715,0.2331801087,-0.200033134,-0.022988506,0.0,-0.230682926,0.0130260031,-0.00997452,-0.833695135,-0.270458635,,-0.117129617,,-0.138304178,0.7192721487,,-0.006980498,-0.506999948,-0.153624793,-2.573267659,-2.04395063,-0.818620588,-0.046795609,0.1463658226,,0.2213822927,,-0.019640618,-0.049059758,0.0679969768,,0.0741937328,0.6073238613,2.2725251786,0.5343827343,2.0,0.4707633646,-1.123925078,,,-1.798814039,0.152012456,1.0024429363,,0.6164626097,0.3827128569,1.1458764764,-0.301528803,-0.019688599,-0.020777756,,,0.2221879371,0.031447224,-0.196257338,,,1.2173495084,-0.232105338,-0.022170811,0.6746287974,0.2193361152,,14601.85729399,1.48630388,0.00065733,1.46464852,0.0071446,0.00665115,0.04489802,,,,,,,,,,,,,,,,,,,,377,-1.573364011,-0.731590261,-1.665303939,-1.560007515
20150731,20150731,204683.0,01W,GBR,-0.073238,2015,7,20150630,20150630,35.040566866,2.147145,35.040566866,,0.9395779653,-0.662470406,-0.02930865,-0.160649897,-0.021676393,-0.252334158,-0.215891145,-0.208851101,1.8439413873,-0.027593889,-0.014083389,-0.026248142,,-0.046150835,-0.218214199,-0.910661289,,1.0749352951,-0.077709317,-0.681865906,0.0,0.0,0.0,-0.152107969,0.0699123486,-0.222020317,-0.019823922,-1.19014e-16,-0.019823922,0.1806045117,-0.180604512,-0.01383845,,-0.253418147,0.1534475554,0.2320936064,,,-6.67822736,,,0.0255745926,-0.281153364,-0.934704084,-0.461757876,-1.535130031,0.0413746525,1.4137902215,1.1160838142,26.352601156,0.1939021715,0.2331801087,-0.200033134,-0.022988506,0.0,-0.230682926,0.0130260031,-0.00997452,-0.833695135,-0.270458635,,-0.117129617,,-0.138304178,0.7192721487,,-0.006980498,-0.506999948,-0.153624793,-2.573267659,-2.04395063,-0.818620588,-0.046795609,0.1463658226,,0.2213822927,,-0.019640618,-0.049059758,0.0679969768,,0.0741937328,0.6073238613,2.2725251786,0.5343827343,2.0,0.4707633646,-1.123925078,,,-1.798814039,0.152012456,0.5324407157,,0.3274299027,0.2032753188,0.6086244604,-0.160154963,-0.010457465,-0.011035963,,,0.1180136045,0.0191937973,-0.119785568,,,1.2186610528,-0.154840673,-0.249898956,0.485901438,0.2596011835,0.00369959,34718.85490891,3.3812113,0.00132145,2.60808413,0.00590108,0.00652638,0.01159582,,,,,,,,,,,,,,,,,,,,378,-1.579361399,-0.737251465,-1.662876356,-1.565391188
20150828,20150831,204683.0,01W,GBR,0.064738,2015,8,20150731,20150731,32.474267552,1.9898925,32.474267552,,0.9395779653,-0.662470406,-0.073237951,-0.196620196,-0.205185012,-0.168958617,-0.217273858,-0.175774312,1.7632095855,0.1653174028,-0.035770239,0.2155017592,,0.0754165283,-0.156818939,-0.979407053,,1.0749352951,-0.084893281,-0.963082525,0.0,0.0,0.0,-0.152107969,-0.073587851,-0.222020317,-0.04753483,-1.19014e-16,-0.019823922,0.1806045117,-0.180604512,-0.01383845,,-0.271541752,0.1842652056,-0.096755841,-1.089906195,-1.034724632,-6.67822736,,,-0.119210117,-0.250077378,-0.660728543,-0.461757876,-1.535130031,0.0413746525,1.7105343892,1.4131038313,26.352601156,0.1939021715,0.2425539836,-0.200033134,-0.022988506,0.0,-0.230682926,0.0130260031,-0.00997452,-0.979343958,-0.117472489,,-0.043847812,,-0.014657852,0.7192721487,,-0.052848239,-0.528166948,-0.188313431,-0.383129742,0.4598682826,-0.971780478,-0.372990176,0.1981618477,,-0.104052831,,-0.128409946,-0.346833219,-0.076884452,2.7338422392,0.0917397954,0.6073238613,2.101733411,0.5749434604,2.0,0.4707633646,0.0614241953,,,0.6726834748,0.2003942825,0.491207901,0.1796767545,0.3533052557,0.219339278,0.6697889618,-0.185915964,-0.06307598,-0.063170024,,,0.1273397035,0.0204377512,-0.127548894,,,1.3983051306,-0.173079551,-1.335978527,0.4147306854,0.2851511001,0.00513645,41296.99267642,2.86549628,0.00147016,2.3554164,0.0056555,0.00637067,0.02036332,,,,,,,,,,,,,,,,,,,,379,-1.643453254,-1.071315623,-1.681406175,-1.53911219
20150930,20150930,204683.0,01W,GBR,-0.081213,2015,9,20150828,20150831,34.576584063,2.118714,34.576584063,,0.9395779653,-0.662470406,0.0647379193,-0.100400095,-0.356230184,-0.108405191,-0.377507895,-0.154916624,1.7006895654,-0.074498968,-0.02311234,,,0.0754165283,-0.156818939,-0.979407053,,1.0749352951,-0.084893281,-0.963082525,0.0,0.0,0.0,-0.152107969,-0.073587851,-0.222020317,-0.04753483,-1.19014e-16,-0.019823922,0.1806045117,-0.180604512,-0.01383845,,-0.271541752,0.1842652056,-0.096755841,-1.089906195,-1.034724632,-6.67822736,,,-0.119210117,-0.250077378,-0.660728543,-0.461757876,-1.535130031,0.0413746525,1.7105343892,1.4131038313,26.352601156,0.1939021715,0.2425539836,-0.200033134,-0.022988506,0.0,-0.230682926,0.0130260031,-0.00997452,-0.979343958,-0.117472489,,-0.043847812,,-0.014657852,0.7192721487,,-0.052848239,-0.528166948,-0.188313431,-0.383129742,0.4598682826,-0.971780478,-0.372990176,0.1981618477,,-0.104052831,,-0.128409946,-0.346833219,-0.076884452,2.7338422392,0.0917397954,0.6073238613,2.101733411,0.5749434604,2.0,0.4707633646,0.0614241953,,,0.6726834748,0.2003942825,0.4613416054,0.168752095,0.331823681,0.2060030681,0.6290646268,-0.174611949,-0.059240851,-0.059329176,,,0.1195972278,0.0194073634,-0.121118401,,,1.3643623071,-0.339163811,-1.230481848,0.4116304531,0.2646874674,0.00607759,45902.78665261,2.60640407,0.00158614,2.20449968,0.00547677,0.00634311,0.02378811,,,,,,,,,,,,,,,,,,,,380,-1.642966264,-1.074538358,-1.681128236,-1.538744103
20151030,20151031,204683.0,01W,GBR,0.011278,2015,10,20150930,20150930,31.768509741,1.9466465,31.768509741,,0.9395779653,-0.662470406,-0.081213179,-0.013241304,-0.196038466,-0.062924345,-0.283857148,0.0447835606,,-0.126694795,-0.018977648,0.0416560811,,0.0754165283,-0.156818939,-0.979407053,,1.0749352951,-0.084893281,-0.963082525,0.0,0.0,0.0,-0.152107969,-0.073587851,-0.222020317,-0.04753483,-1.19014e-16,-0.019823922,0.1806045117,-0.180604512,-0.01383845,,-0.271541752,0.1842652056,-0.096755841,-1.089906195,-1.034724632,-6.67822736,,,-0.119210117,-0.250077378,-0.660728543,-0.461757876,-1.535130031,0.0413746525,1.7105343892,1.4131038313,26.352601156,0.1939021715,0.2425539836,-0.200033134,-0.022988506,0.0,-0.230682926,0.0130260031,-0.00997452,-0.979343958,-0.117472489,,-0.043847812,,-0.014657852,0.7192721487,,-0.052848239,-0.528166948,-0.188313431,-0.383129742,0.4598682826,-0.971780478,-0.372990176,0.1981618477,,-0.104052831,,-0.128409946,-0.346833219,-0.076884452,2.7338422392,0.0917397954,0.6073238613,2.101733411,0.5749434604,2.0,0.4707633646,0.0614241953,,,0.6726834748,0.2003942825,0.5021203994,0.1836683888,0.3611541584,0.2242120407,0.684668753,-0.190046206,-0.064477253,-0.064573386,,,0.1301686366,0.0208086328,-0.12986351,,,1.3832316369,-0.24603662,-0.538150669,0.4113564057,0.280503037,0.00526565,50911.65629017,2.37412066,0.00169057,2.08770683,0.00528911,0.00620556,0.01277686,,,,,,,,,,,,,,,,,,,,381,-1.640101717,-1.063109613,-1.67832812,-1.534212438
20151130,20151130,204683.0,01W,GBR,-0.02513,2015,11,20151030,20151031,32.126782277,1.9686,32.126782277,,0.9395779653,-0.662470406,0.0112775997,-0.021732832,-0.271639091,-0.279404133,-0.246560526,0.0199957038,1.437563889,-0.13617979,-0.005572431,-0.082248217,,0.1109190374,-0.177834439,-1.207222491,,1.0749352951,-0.113279946,-1.149206317,0.0,0.0,0.0,-0.152107969,-0.050968059,-0.222020317,-0.032963717,-1.19014e-16,-0.019823922,0.1806045117,-0.180604512,-0.01383845,,-0.289450672,0.1649048846,-0.197917251,-1.079525081,-1.022120339,-6.67822736,,,-0.01221723,-0.142777607,-0.381884048,-0.461757876,-1.535130031,0.0413746525,1.5950316775,1.3200521675,26.352601156,0.1939021715,0.2425539836,-0.200033134,-0.022988506,0.0,-0.230682926,0.0130260031,-0.00997452,-1.083666734,-0.088337786,-0.14854193,-0.054334492,,-0.014856734,0.7192721487,,-0.119381351,-0.516436144,-0.19633345,-0.0403802,0.5324587886,-1.153079086,-0.378484404,0.1831959757,,-0.219870042,,-0.231099248,-0.340694858,-0.244400293,2.7338422392,0.1049104751,0.6073238613,1.4556811175,0.593923953,2.0,0.4707633646,0.6187192221,,,0.828063771,0.1912217629,0.526050566,0.1924216981,0.3571266273,0.2217116653,0.6597475081,-0.196678131,-0.12156989,-0.12111098,,,0.1287170176,0.0206186908,-0.128678111,,,1.3840083988,-0.167062631,-0.278521186,0.3927933838,0.2739315664,0.00736143,48622.08113479,2.41340325,0.0015936,2.14691631,0.00533003,0.00624417,0.01352352,,,,,,,,,,,,,,,,,,,,382,-1.683076187,-1.254949101,-1.691386,-1.544938014
20151231,20151231,204683.0,01W,GBR,-0.009207,2015,12,20151130,20151130,31.31945122,1.91913,31.31945122,,0.9395779653,-0.662470406,,-0.070851469,-0.110026108,-0.363118732,-0.117945547,0.1975078803,1.2392873483,0.0130610014,,0.1299247669,,0.1109190374,-0.177834439,-1.207222491,,1.0749352951,-0.113279946,-1.149206317,0.0,0.0,0.0,-0.152107969,-0.050968059,-0.222020317,-0.032963717,-1.19014e-16,-0.019823922,0.1806045117,-0.180604512,-0.01383845,,-0.289450672,0.1649048846,-0.197917251,-1.079525081,-1.022120339,-6.67822736,,,-0.01221723,-0.142777607,-0.381884048,-0.461757876,-1.535130031,0.0413746525,1.5950316775,1.3200521675,26.352601156,0.1939021715,0.2425539836,-0.200033134,-0.022988506,0.0,-0.230682926,0.0130260031,-0.00997452,-1.083666734,-0.088337786,-0.14854193,-0.054334492,,-0.014856734,0.7192721487,,-0.119381351,-0.516436144,-0.19633345,-0.0403802,0.5324587886,-1.153079086,-0.378484404,0.1831959757,,-0.219870042,,-0.231099248,-0.340694858,-0.244400293,2.7338422392,0.1049104751,0.6073238613,1.4556811175,0.593923953,2.0,0.4707633646,0.6187192221,,,0.828063771,0.1912217629,0.539610732,0.197381811,0.3663323894,0.2274267946,0.676754021,-0.201747963,-0.124703635,-0.124232895,,,0.1320349955,0.0210517059,-0.131380492,,,1.3758584635,-0.104995355,0.1552394193,0.3921805725,0.2928252081,,49017.23961339,2.39209848,0.00156218,2.18936611,0.00533196,0.00618354,0.02044075,,,,,,,,,,,,,,,,,,,,383,-1.677383737,-1.255253472,-1.688490383,-1.540469648
20160129,20160131,204683.0,01W,GBR,-0.052439,2016,1,20151231,20151231,31.031083729,1.90146,31.031083729,,0.9395779653,-0.662470406,,,,,,-0.021676393,1.7456731984,0.1948066882,,,,0.1109190374,-0.177834439,-1.207222491,,1.0749352951,-0.113279946,-1.149206317,0.0,0.0,0.0,-0.152107969,-0.050968059,-0.222020317,-0.032963717,-1.19014e-16,-0.019823922,0.1806045117,-0.180604512,-0.01383845,,-0.289450672,0.1649048846,-0.197917251,-1.079525081,-1.022120339,-6.67822736,,,-0.01221723,-0.142777607,-0.381884048,-0.461757876,-1.535130031,0.0413746525,1.5950316775,1.3200521675,26.352601156,0.1939021715,0.2425539836,-0.200033134,-0.022988506,0.0,-0.230682926,0.0130260031,-0.00997452,-1.083666734,-0.088337786,-0.14854193,-0.054334492,,-0.014856734,0.7192721487,,-0.119381351,-0.516436144,-0.19633345,-0.0403802,0.5324587886,-1.153079086,-0.378484404,0.1831959757,,-0.219870042,,-0.231099248,-0.340694858,-0.244400293,2.7338422392,0.1049104751,0.6073238613,1.4556811175,0.593923953,2.0,0.4707633646,0.6187192221,,,0.828063771,0.1912217629,0.5446252586,0.1992160523,0.3697366647,0.2295402398,0.6830430009,-0.203622779,-0.125862488,-0.125387374,,,0.1332619781,0.0212108146,-0.132373465,,,1.5766399656,-0.018039059,0.1959618432,0.3934723942,0.2658081091,,35887.77214104,1.35841656,0.0010925,1.37771349,0.00602075,0.00609766,0.01690215,,,,,,,,,,,,,,,,,,,,384,-1.679649246,-1.263312885,-1.693654011,-1.538975353
20160229,20160229,204683.0,01W,GBR,-0.018186,2016,2,20160129,20160131,29.403839196,1.801749,29.403839196,,0.9395779653,-0.662470406,-0.052439178,-0.034105456,-0.044440843,-0.288546157,-0.296130952,-0.205185012,1.9332312679,0.1442045724,,,,0.376155027,-0.131201369,-0.999479307,,0.6368192917,-0.15051725,-0.999813538,0.0,0.0,0.0,-0.026837972,-0.127004375,0.1001664023,-0.030210885,-1.61173e-17,-0.030210885,-0.051352018,0.0513520183,-0.01383845,,-0.197789073,0.1741201361,-0.121263746,-0.813505855,-0.765816551,-1.541522738,,,-0.114769056,-0.02149287,-0.136379084,0.0298591483,0.1894657753,0.1396461514,0.9337206563,0.9160766963,7.7937709875,0.1939021715,0.4998297389,-0.200033134,-0.022988506,0.0,0.0962696366,0.0130260031,-0.00997452,-0.999896096,-0.016591915,-0.040433993,-0.014790171,,0.1404689222,0.7192721487,,0.0713836266,-0.242938804,-0.181496072,0.7728927264,2.8382888813,-0.999786251,-0.196455235,0.2396163006,,-0.166877714,,-0.136103658,-0.142756616,-0.126429256,4.8593491451,0.1049650588,0.6073238613,1.4726917551,0.976644414,4.0,0.8966811222,0.2932916296,,,0.4981907288,0.1039936648,0.907790912,0.1868132717,0.3590462466,-0.094694648,0.7179514573,-0.143064695,-0.123553663,-0.123554384,,,0.1406368594,0.1017542021,-0.143148561,,,1.5499189011,-0.292504406,0.4229402627,0.2835489443,0.3001629604,0.00629604,30888.82430269,1.4436305,0.00095848,1.46220704,0.00626943,0.00608645,0.01671928,,,,,,,,,,,,,,,,,,,,385,-1.673540479,-1.35430151,-1.617238301,-1.493010922
20160331,20160331,204683.0,01W,GBR,0.032235,2016,3,20160229,20160229,28.869110888,1.768983,28.869110888,,0.9395779653,-0.662470406,,,-0.149602542,-0.185456888,-0.41709835,-0.356230184,2.5865479505,-0.147414267,,0.112625539,,0.376155027,-0.131201369,-0.999479307,,0.6368192917,-0.15051725,-0.999813538,0.0,0.0,0.0,-0.026837972,-0.127004375,0.1001664023,-0.030210885,-1.61173e-17,-0.030210885,-0.051352018,0.0513520183,-0.01383845,,-0.197789073,0.1741201361,-0.121263746,-0.813505855,-0.765816551,-1.541522738,,,-0.114769056,-0.02149287,-0.136379084,0.0298591483,0.1894657753,0.1396461514,0.9337206563,0.9160766963,7.7937709875,0.1939021715,0.4998297389,-0.200033134,-0.022988506,0.0,0.0962696366,0.0130260031,-0.00997452,-0.999896096,-0.016591915,-0.040433993,-0.014790171,,0.1404689222,0.7192721487,,0.0713836266,-0.242938804,-0.181496072,0.7728927264,2.8382888813,-0.999786251,-0.196455235,0.2396163006,,-0.166877714,,-0.136103658,-0.142756616,-0.126429256,4.8593491451,0.1049650588,0.6073238613,1.4726917551,0.976644414,4.0,0.8966811222,0.2932916296,,,0.4981907288,0.1039936648,0.9246054755,0.1902735218,0.3656966833,-0.09644863,0.7312497182,-0.145714612,-0.125842187,-0.125842921,,,0.1432418067,0.1038401299,-0.14608306,,,1.6024823676,-0.328233704,0.1951925377,0.2865247457,0.2931093468,,27055.17134794,1.57424604,0.00085313,1.59158679,0.00646517,0.00603725,0.00522376,,,,,,,,,,,,,,,,,,,,386,-1.673205177,-1.356594952,-1.608080025,-1.500541963
20160429,20160430,204683.0,01W,GBR,0.018848,2016,4,20160331,20160331,29.799703952,1.826006,29.799703952,,0.9395779653,-0.662470406,,,,,,-0.196038466,1.8693447366,0.0141528094,,0.2388343086,,0.376155027,-0.131201369,-0.999479307,,0.6368192917,-0.15051725,-0.999813538,0.0,0.0,0.0,-0.026837972,-0.127004375,0.1001664023,-0.030210885,-1.61173e-17,-0.030210885,-0.051352018,0.0513520183,-0.01383845,,-0.197789073,0.1741201361,-0.121263746,-0.813505855,-0.765816551,-1.541522738,,,-0.114769056,-0.02149287,-0.136379084,0.0298591483,0.1894657753,0.1396461514,0.9337206563,0.9160766963,7.7937709875,0.1939021715,0.4998297389,-0.200033134,-0.022988506,0.0,0.0962696366,0.0130260031,-0.00997452,-0.999896096,-0.016591915,-0.040433993,-0.014790171,,0.1404689222,0.7192721487,,0.0713836266,-0.242938804,-0.181496072,0.7728927264,2.8382888813,-0.999786251,-0.196455235,0.2396163006,,-0.166877714,,-0.136103658,-0.142756616,-0.126429256,4.8593491451,0.1049650588,0.6073238613,1.4726917551,0.976644414,4.0,0.8966811222,0.2932916296,,,0.4981907288,0.1039936648,0.8957316503,0.1843316098,0.3542766102,-0.093436707,0.7084140579,-0.141164198,-0.121912354,-0.121913065,,,0.1387686135,0.1002631627,-0.141050956,,,1.6220558246,-0.035494186,0.968466718,0.2868149993,0.3144908111,,19654.53855579,1.6239547,0.00063661,1.6315301,0.00703921,0.00607429,0.00619078,,,,,,,,,,,,,,,,,,,,387,-1.678789854,-1.352091732,-1.613553407,-1.493872585
20160531,20160531,204683.0,01W,GBR,-0.006349,2016,5,20160429,20160430,30.361375935,1.860423,30.361375935,,0.9395779653,-0.662470406,,,,,,-0.271639091,1.1956809993,-0.172363281,,,,0.3920697805,-0.036457479,-0.345564331,,0.5825340891,-0.216410312,-0.891164164,0.0,0.0,0.0,-0.023521212,-0.120994352,0.0974731402,-0.027157272,-1.44272e-17,-0.027157272,-0.046243222,0.0462432215,-0.003072727,,-0.080051646,0.2421112372,0.0531214529,-0.322945394,-0.394925538,-0.624161074,0.3854143019,0.5384222474,-0.153007946,0.0406356413,0.5,0.0868788628,1.0689982982,0.1412611105,0.8413166856,0.9208845357,7.7969798658,0.1818377448,0.4998297389,0.0167442556,-0.053731343,1.0,0.0978845957,0.0014448821,-0.012167565,-0.941533561,-0.005219143,-0.044276131,-0.009111535,,0.1080180814,0.4901111133,,0.0957596746,0.1387523165,-0.103518273,0.841942524,1.7747893464,-0.860828284,0.1305164176,0.3370357369,,0.0739487693,,-0.121906924,0.0937570942,-0.102266305,4.8593491451,0.1049662916,0.7490757662,1.6886885492,0.9879389664,5.0,0.2395755549,0.6028380697,,,0.0270702716,0.1518213987,0.8554249997,0.1760369494,0.3383346665,-0.089232188,0.6768149785,-0.069521487,-0.10428223,-0.104719167,,,0.1230705093,0.0953094306,-0.04706836,,,1.5053825013,0.0826489751,3.5505640239,0.2694645915,0.3731738293,,20174.66271655,1.58054262,0.00066002,1.57583213,0.00700929,0.00608251,0.00627109,,,,,,,,,,,,,,,,,,,,388,-1.628879466,-1.224409886,-1.552496587,-1.458211102
20160630,20160630,204683.0,01W,GBR,-0.114157,2016,6,20160531,20160531,30.168625033,1.848612,30.168625033,,0.9395779653,-0.662470406,,,,,,-0.110026108,,-0.02930865,,-0.122010484,,0.3920697805,-0.036457479,-0.345564331,,0.5825340891,-0.216410312,-0.891164164,0.0,0.0,0.0,-0.023521212,-0.120994352,0.0974731402,-0.027157272,-1.44272e-17,-0.027157272,-0.046243222,0.0462432215,-0.003072727,,-0.080051646,0.2421112372,0.0531214529,-0.322945394,-0.394925538,-0.624161074,0.3854143019,0.5384222474,-0.153007946,0.0406356413,0.5,0.0868788628,1.0689982982,0.1412611105,0.8413166856,0.9208845357,7.7969798658,0.1818377448,0.4998297389,0.0167442556,-0.053731343,1.0,0.0978845957,0.0014448821,-0.012167565,-0.941533561,-0.005219143,-0.044276131,-0.009111535,,0.1080180814,0.4901111133,,0.0957596746,0.1387523165,-0.103518273,0.841942524,1.7747893464,-0.860828284,0.1305164176,0.3370357369,,0.0739487693,,-0.121906924,0.0937570942,-0.102266305,4.8593491451,0.1049662916,0.7490757662,1.6886885492,0.9879389664,5.0,0.2395755549,0.6028380697,,,0.0270702716,0.1518213987,0.8608904109,0.1771616703,0.3404963265,-0.089802303,0.6811392292,-0.069965668,-0.104948502,-0.10538823,,,0.1238568213,0.0959784536,-0.047398755,,,1.5053825013,0.7308636241,3.7386808746,0.2720632742,0.3703413893,0.00594392,21755.11358886,1.50252382,0.00071858,1.49072582,0.00686191,0.00605438,0.01112282,,,,,,,,,,,,,,,,,,,,389,-1.628224151,-1.227268889,-1.546008214,-1.454854454
20160727,20160731,204683.0,01W,GBR,0.040981,2016,7,20160630,20160630,26.724665306,1.63758,26.724665306,,0.0,1.665335e-16,,,,,,,0.938094387,-0.073237951,,-0.033350761,,0.3920697805,-0.036457479,-0.345564331,,0.5825340891,-0.216410312,-0.891164164,0.0,0.0,0.0,-0.023521212,-0.120994352,0.0974731402,-0.027157272,-1.44272e-17,-0.027157272,-0.046243222,0.0462432215,-0.003072727,,-0.080051646,0.2421112372,0.0531214529,-0.322945394,-0.394925538,-0.624161074,0.3854143019,0.5384222474,-0.153007946,0.0406356413,0.5,0.0868788628,1.0689982982,0.1412611105,0.8413166856,0.9208845357,7.7969798658,0.1818377448,0.4998297389,0.0167442556,-0.053731343,1.0,0.0978845957,0.0014448821,-0.012167565,-0.941533561,-0.005219143,-0.044276131,-0.009111535,,0.1080180814,0.4901111133,,0.0957596746,0.1387523165,-0.103518273,0.841942524,1.7747893464,-0.860828284,0.1305164176,0.3370357369,,0.0739487693,,-0.121906924,0.0937570942,-0.102266305,4.8593491451,0.1049662916,0.7490757662,1.6886885492,0.9879389664,5.0,0.2395755549,0.6028380697,,,0.0270702716,0.1518213987,0.9718318154,0.1999921772,0.3843754779,-0.101374965,0.768916421,-0.078982018,-0.118473027,-0.118969423,,,0.1398180279,0.1097423383,-0.054196021,,,1.5067756194,0.9302473091,,0.4663857899,0.3696244265,0.00695946,18582.91534167,1.45331324,0.00062871,1.44902545,0.00705729,0.00661771,0.01422362,0.02262248,-0.96773485,-0.43916548,1.07838549,0.02278078,-1.03341654,0.02317703,-0.97163502,0.02598051,0.04170886,0.03842017,-1.66640807,,,,,,,,390,-1.644726422,-1.230535028,-1.554246269,-1.468146244
20160831,20160831,204683.0,01W,GBR,0.114024,2016,8,20160727,20160731,27.819874266,1.70469,27.819874266,,0.0,1.387779e-16,0.040981204,,-0.091116465,-0.168149954,-0.177051022,-0.044440843,1.1081156242,0.0647379193,,0.2087575865,,-0.171478492,-0.042182273,3.5331368697,,0.5825340891,-0.197208221,-0.906363333,0.0,0.0,0.0,-0.017550294,-0.198897712,0.1813474187,-0.037329569,-1.44272e-17,-0.027157272,-0.046243222,0.0462432215,-0.003072727,-0.008071559,-0.067042642,0.503811775,-0.174508943,-0.225579882,-0.1914694,-0.624161074,0.3854143019,0.5384222474,0.1268838465,0.0935397362,1.1271648829,0.0868788628,1.0689982982,0.1412611105,1.6574297553,1.4285170743,7.7969798658,0.1818377448,0.1406657963,0.0167442556,-0.053731343,2.0,0.0978845957,0.0014448821,-0.012167565,-0.906649351,-0.046473194,0.0492293709,0.0101308569,,0.0539786688,0.4901111133,,-0.041689497,0.2333916091,-0.052782561,0.5165444916,0.8352373256,-0.827943853,-0.06708473,0.4174188914,-0.221455727,-0.144584413,,-0.176526474,-0.080969207,-0.048116528,2.3072289157,0.1054479709,0.7490757662,2.5282128592,0.3877385112,5.0,0.2395755549,2.0142663183,,,0.0542734792,0.1837567106,0.4750653247,0.2059029867,0.3692434373,-0.097384049,0.7488676297,-0.039424121,-0.083861607,-0.084359244,,,0.1343136911,0.1049558937,-0.051832245,0.1452197462,19.198778756,1.4944554226,1.0273708516,,0.5808426275,0.5730137929,,15609.46003322,1.29459891,0.00053586,1.28875021,0.00730429,0.00687195,0.04174126,,,,,,,,,,,,,,,,,,,,391,-1.563493325,-1.002855771,-1.58869447,-1.306905933
20160930,20160930,204683.0,01W,GBR,0.152664,2016,9,20160831,20160831,32.131437266,1.899065,32.131437266,,0.0367655867,-0.036105854,0.1140236641,,,,-0.195412878,-0.149602542,1.4940938266,-0.081213179,,,,-0.171478492,-0.042182273,3.5331368697,,0.5825340891,-0.197208221,-0.906363333,0.0,0.0,0.0,-0.017550294,-0.198897712,0.1813474187,-0.037329569,-1.44272e-17,-0.027157272,-0.046243222,0.0462432215,-0.003072727,-0.008071559,-0.067042642,0.503811775,-0.174508943,-0.225579882,-0.1914694,-0.624161074,0.3854143019,0.5384222474,0.1268838465,0.0935397362,1.1271648829,0.0868788628,1.0689982982,0.1412611105,1.6574297553,1.4285170743,7.7969798658,0.1818377448,0.1406657963,0.0167442556,-0.053731343,2.0,0.0978845957,0.0014448821,-0.012167565,-0.906649351,-0.046473194,0.0492293709,0.0101308569,,0.0539786688,0.4901111133,,-0.041689497,0.2333916091,-0.052782561,0.5165444916,0.8352373256,-0.827943853,-0.06708473,0.4174188914,-0.221455727,-0.144584413,,-0.176526474,-0.080969207,-0.048116528,2.3072289157,0.1054479709,0.7490757662,2.5282128592,0.3877385112,5.0,0.2395755549,2.0142663183,,,0.0542734792,0.1837567106,0.411318594,0.1782738554,0.3196964367,-0.084316552,0.6483806849,-0.034133988,-0.072608621,-0.073039483,,,0.116290783,0.0895755496,-0.044236695,0.1383887969,19.216833987,1.4935815333,0.7743305984,0.3679100627,0.4668649529,0.5379017117,0.00761348,15704.86954184,1.18424337,0.00053918,1.18483151,0.00731661,0.0070165,0.02282114,,,,,,,,,,,,,,,,,,,,392,-1.57459177,-1.028245974,-1.597004991,-1.323197685
20161028,20161031,204683.0,01W,GBR,-0.045703,2016,10,20160930,20160930,37.036744927,2.1889835,37.036744927,,0.0367655867,-0.036105854,0.1526638109,0.1596776951,,-0.001259558,-0.024442805,,1.3803672692,0.0112775997,,0.0415933103,,-0.171478492,-0.042182273,3.5331368697,,0.5825340891,-0.197208221,-0.906363333,0.0,0.0,0.0,-0.017550294,-0.198897712,0.1813474187,-0.037329569,-1.44272e-17,-0.027157272,-0.046243222,0.0462432215,-0.003072727,-0.008071559,-0.067042642,0.503811775,-0.174508943,-0.225579882,-0.1914694,-0.624161074,0.3854143019,0.5384222474,0.1268838465,0.0935397362,1.1271648829,0.0868788628,1.0689982982,0.1412611105,1.6574297553,1.4285170743,7.7969798658,0.1818377448,0.1406657963,0.0167442556,-0.053731343,2.0,0.0978845957,0.0014448821,-0.012167565,-0.906649351,-0.046473194,0.0492293709,0.0101308569,,0.0539786688,0.4901111133,,-0.041689497,0.2333916091,-0.052782561,0.5165444916,0.8352373256,-0.827943853,-0.06708473,0.4174188914,-0.221455727,-0.144584413,,-0.176526474,-0.080969207,-0.048116528,2.3072289157,0.1054479709,0.7490757662,2.5282128592,0.3877385112,5.0,0.2395755549,2.0142663183,,,0.0542734792,0.1837567106,0.3568417696,0.1546624902,0.2773544495,-0.073149301,0.5625063256,-0.029613134,-0.062992019,-0.063365816,,,0.1008887257,0.0767754562,-0.037915396,0.1476666686,19.232263667,1.5643088543,0.6159093432,0.4343479274,0.4701207619,0.5869843345,0.00790079,16325.05207117,1.16411783,0.00054777,1.16944063,0.0072846,0.00731804,0.01348353,0.024834,1.44307046,0.02620067,1.27011968,0.02574524,1.73825628,0.02668285,1.67243595,0.03723969,0.07953169,0.02485362,1.53117152,,,,,,,,393,-1.574212503,-1.028209948,-1.591126561,-1.31266395
20161130,20161130,204683.0,01W,GBR,0.002062,2016,11,20161028,20161031,35.344048024,2.08894,35.344048024,,0.0367655867,-0.036105854,-0.045703177,0.2840947621,,0.2149214458,0.1119493549,,1.1516164994,,,-0.101369846,,-0.272920784,-0.061221146,-0.345564331,,0.5825340891,-0.239119136,-0.925173056,0.0,0.0,0.0,-0.076326128,-0.305697321,0.2293711936,-0.106105132,-1.44272e-17,-0.027157272,-0.046243222,0.0462432215,0.0059949305,-0.069668633,-0.022243178,0.5393757399,-0.117433788,-0.029292627,0.0027382308,-0.624161074,0.3854143019,0.5384222474,-0.016295588,0.1049542322,88.434270707,0.0868788628,1.0689982982,0.1412611105,1.631854909,1.3634251561,7.7969798658,0.1818377448,0.1406657963,0.0167442556,-0.053731343,3.0,0.0978845957,0.0014448821,-0.012167565,-0.814671554,-0.16322085,0.0427070642,0.0185101114,0.1912489942,0.0728446037,0.4901111133,,0.0278399155,0.3036100107,0.0601531062,-0.45516274,0.6940176326,-0.774156374,-0.009073625,0.3921688901,-0.025236133,-0.085383666,,-0.103767427,-0.012479555,0.1273318211,2.3072289157,0.1056626634,0.7490757662,1.8965993317,0.3402646886,5.0,0.2395755549,2.1986461069,,,-0.092403122,0.1841219071,0.3476643533,0.1506848111,0.2906375069,-0.076652567,0.562978745,0.0004126098,-0.036076235,-0.0364493,,,0.1057204879,0.0807576296,-0.039881984,0.1342175746,18.687702747,1.6791697018,0.8817509296,0.8852351394,0.469369968,0.6584480631,,15967.73738723,1.20480964,0.00052203,1.22417032,0.00736794,0.00734085,0.01852671,,,,,,,,,,,,,,,,,,,,394,-1.525476062,-0.68095778,-1.567192253,-1.293724256
20161229,20161231,204683.0,01W,GBR,-0.021685,2016,12,20161130,20161130,35.41692924,2.0932475,35.41692924,,0.0367655867,-0.036105854,0.0020620506,0.0999834129,,,,,,-0.009207297,,0.1766346008,,-0.272920784,-0.061221146,-0.345564331,,0.5825340891,-0.239119136,-0.925173056,0.0,0.0,0.0,-0.076326128,-0.305697321,0.2293711936,-0.106105132,-1.44272e-17,-0.027157272,-0.046243222,0.0462432215,0.0059949305,-0.069668633,-0.022243178,0.5393757399,-0.117433788,-0.029292627,0.0027382308,-0.624161074,0.3854143019,0.5384222474,-0.016295588,0.1049542322,88.434270707,0.0868788628,1.0689982982,0.1412611105,1.631854909,1.3634251561,7.7969798658,0.1818377448,0.1406657963,0.0167442556,-0.053731343,3.0,0.0978845957,0.0014448821,-0.012167565,-0.814671554,-0.16322085,0.0427070642,0.0185101114,0.1912489942,0.0728446037,0.4901111133,,0.0278399155,0.3036100107,0.0601531062,-0.45516274,0.6940176326,-0.774156374,-0.009073625,0.3921688901,-0.025236133,-0.085383666,,-0.103767427,-0.012479555,0.1273318211,2.3072289157,0.1056626634,0.7490757662,1.8965993317,0.3402646886,5.0,0.2395755549,2.1986461069,,,-0.092403122,0.1841219071,0.3469489271,0.1503747308,0.2900394309,-0.076494831,0.5618202432,0.0004117607,-0.036001998,-0.036374294,,,0.1055029355,0.0805776808,-0.039793116,0.136795203,18.689031331,1.6293429743,0.6273318113,0.5943773377,0.4667788467,0.6117379167,0.00716213,14235.77199867,1.20709986,0.000447,1.21798634,0.00762032,0.00738512,0.02071607,,,,,,,,,,,,,,,,,,,,395,-1.534640389,-0.713298944,-1.565601339,-1.30992519
20170130,20170131,204683.0,01W,GBR,0.124474,2017,1,20161229,20161231,34.648905889,2.047855,34.648905889,,0.0367655867,-0.036105854,,-0.043735368,0.2782566348,,0.100863284,,1.4811576805,-0.052439178,,,,-0.272920784,-0.061221146,-0.345564331,,0.5825340891,-0.239119136,-0.925173056,0.0,0.0,0.0,-0.076326128,-0.305697321,0.2293711936,-0.106105132,-1.44272e-17,-0.027157272,-0.046243222,0.0462432215,0.0059949305,-0.069668633,-0.022243178,0.5393757399,-0.117433788,-0.029292627,0.0027382308,-0.624161074,0.3854143019,0.5384222474,-0.016295588,0.1049542322,88.434270707,0.0868788628,1.0689982982,0.1412611105,1.631854909,1.3634251561,7.7969798658,0.1818377448,0.1406657963,0.0167442556,-0.053731343,3.0,0.0978845957,0.0014448821,-0.012167565,-0.814671554,-0.16322085,0.0427070642,0.0185101114,0.1912489942,0.0728446037,0.4901111133,,0.0278399155,0.3036100107,0.0601531062,-0.45516274,0.6940176326,-0.774156374,-0.009073625,0.3921688901,-0.025236133,-0.085383666,,-0.103767427,-0.012479555,0.1273318211,2.3072289157,0.1056626634,0.7490757662,1.8965993317,0.3402646886,5.0,0.2395755549,2.1986461069,,,-0.092403122,0.1841219071,0.354639354,0.1537079184,0.2964684089,-0.078190405,0.5742734811,0.0004208877,-0.036800013,-0.037180562,,,0.1078415005,0.0825152554,-0.040749984,0.1377400594,18.674749813,1.6241238084,0.4580264727,0.534947387,0.4655012218,0.65453913,,13501.98889622,1.26517113,0.00040571,1.21301258,0.00777902,0.00755993,0.01731373,,,,,,,,,,,,,,,,,,,,396,-1.528074087,-0.717226795,-1.564794312,-1.295989816
20170227,20170228,204683.0,01W,GBR,0.142616,2017,2,20170130,20170131,38.961798821,2.30276,38.961798821,,0.0367655867,-0.036105854,,,,,,-0.091116465,,,,,,-0.343406082,-0.049142148,2417.3985849,,-0.978685095,-0.22830446,-0.748718414,0.0,0.0,0.0,0.0092945299,-0.024457631,0.0337521604,0.0786921636,0.0068193611,0.0718728025,-0.592740008,0.5927400084,0.0173091757,0.0941862723,0.015217376,0.4194549118,-0.042831643,0.0808565147,0.0945871377,0.0669891998,0.3854143019,0.5384222474,-0.380660229,0.0773470399,2.0061898875,0.6700870483,17.380391825,0.1708283042,1.1108486491,0.9079015991,4.4021518404,0.1818377448,0.1502483137,0.0167442556,-0.053731343,4.0,0.0693527082,0.0014448821,-0.012167565,0.259242294,0.0347543923,0.0772023518,0.0334610715,0.1176363453,0.0482512423,0.4901111133,,-0.077929195,0.5021534647,0.0951014603,1.3946225291,0.3197998669,-0.195163411,0.0226625996,0.2754115439,0.1051549097,-0.028122996,0.4081555621,-0.038792843,0.0345153967,0.0973108145,2.4533551555,0.1037347169,0.7490757662,1.7200317048,0.314584459,5.0,-3.100802576,2.2774525659,,,0.0258742625,0.1139180738,0.4498292848,0.1833526972,0.0043345791,-0.063251512,0.5151998382,0.0173428068,-0.017450157,-0.018766062,,,0.0959039396,0.1249360293,0.0165743916,0.16593877,18.14296855,1.6350303971,0.3849745348,0.3740959722,0.4755883587,0.7621447072,0.00726676,14705.50817653,1.34118392,0.00042362,1.30125208,0.00775574,0.00768535,0.03264731,0.04487678,1.75763798,0.3709376,-0.71680253,0.04557314,1.88774541,0.04878766,1.69234359,0.05179529,0.13892532,0.04493177,1.59164024,,,,,,,,397,-0.482575499,-0.309854333,-1.262234772,0.820230237
20170331,20170331,204683.0,01W,GBR,0.017146,2017,3,20170227,20170228,44.518367613,2.63117,44.518367613,,0.0367655867,-0.036105854,0.1426158175,0.1000896932,0.2125756622,,,,,,,0.0593488083,,-0.343406082,-0.049142148,2417.3985849,,-0.978685095,-0.22830446,-0.748718414,0.0,0.0,0.0,0.0092945299,-0.024457631,0.0337521604,0.0786921636,0.0068193611,0.0718728025,-0.592740008,0.5927400084,0.0173091757,0.0941862723,0.015217376,0.4194549118,-0.042831643,0.0808565147,0.0945871377,0.0669891998,0.3854143019,0.5384222474,-0.380660229,0.0773470399,2.0061898875,0.6700870483,17.380391825,0.1708283042,1.1108486491,0.9079015991,4.4021518404,0.1818377448,0.1502483137,0.0167442556,-0.053731343,4.0,0.0693527082,0.0014448821,-0.012167565,0.259242294,0.0347543923,0.0772023518,0.0334610715,0.1176363453,0.0482512423,0.4901111133,,-0.077929195,0.5021534647,0.0951014603,1.3946225291,0.3197998669,-0.195163411,0.0226625996,0.2754115439,0.1051549097,-0.028122996,0.4081555621,-0.038792843,0.0345153967,0.0973108145,2.4533551555,0.1037347169,0.7490757662,1.7200317048,0.314584459,5.0,-3.100802576,2.2774525659,,,0.0258742625,0.1139180738,0.3936837544,0.1604674943,0.0037935578,-0.055356762,0.4508950693,0.015178161,-0.015272112,-0.016423773,,,0.0839336705,0.1084282998,0.0143844262,0.167710981,18.291544164,1.6494412352,0.556815085,0.5096135866,0.4745141794,0.7604907602,,15278.87401936,1.33081763,0.00042035,1.32220288,0.00781919,0.00770379,0.02150947,,,,,,,,,,,,,,,,,,,,398,-0.507318777,-0.315023635,-1.264137631,0.8139883408
20170428,20170430,204683.0,01W,GBR,0.046548,2017,4,20170331,20170331,45.281678853,2.676284,45.281678853,,0.0367655867,-0.036105854,0.0171459845,,0.2020054057,0.6067428767,,,,,,0.1610454617,,-0.343406082,-0.049142148,2417.3985849,,-0.978685095,-0.22830446,-0.748718414,0.0,0.0,0.0,0.0092945299,-0.024457631,0.0337521604,0.0786921636,0.0068193611,0.0718728025,-0.592740008,0.5927400084,0.0173091757,0.0941862723,0.015217376,0.4194549118,-0.042831643,0.0808565147,0.0945871377,0.0669891998,0.3854143019,0.5384222474,-0.380660229,0.0773470399,2.0061898875,0.6700870483,17.380391825,0.1708283042,1.1108486491,0.9079015991,4.4021518404,0.1818377448,0.1502483137,0.0167442556,-0.053731343,4.0,0.0693527082,0.0014448821,-0.012167565,0.259242294,0.0347543923,0.0772023518,0.0334610715,0.1176363453,0.0482512423,0.4901111133,,-0.077929195,0.5021534647,0.0951014603,1.3946225291,0.3197998669,-0.195163411,0.0226625996,0.2754115439,0.1051549097,-0.028122996,0.4081555621,-0.038792843,0.0345153967,0.0973108145,2.4533551555,0.1037347169,0.7490757662,1.7200317048,0.314584459,5.0,-3.100802576,2.2774525659,,,0.0258742625,0.1139180738,0.3870474449,0.1577625009,0.0037296099,-0.054423616,0.4432943512,0.0149223034,-0.015014671,-0.016146918,,,0.0825188044,0.1064953296,0.0141279926,0.1646507245,18.309105558,1.6354184507,0.7551715125,0.566136768,0.4751551866,0.7606625742,0.00763504,17241.24006116,1.26919771,0.00045307,1.26490765,0.00781528,0.00767583,0.03302836,,,,,,,,,,,,,,,,,,,,399,-0.517429954,-0.335870787,-1.271062177,0.8267268187
20170526,20170531,204683.0,01W,GBR,-0.082105,2017,5,20170428,20170430,47.389464524,2.8008605,47.389464524,,0.0367655867,-0.036105854,0.046548311,0.1622070906,0.2811684395,0.5699534813,,,,,,-0.104689154,,-0.357912284,-0.085423461,5.4292853912,,-0.980170628,-0.311064253,-0.624102576,0.0,0.0,0.0,0.0002355149,-0.038176014,0.0384115288,0.0705411982,0.0068193611,0.0637218371,-0.606349035,0.6063490352,0.0314907119,0.0871054385,0.0493948961,0.4497072122,0.1572159217,0.1745771959,0.1816693944,0.213960114,-0.557258549,0.057816322,-0.615074871,0.079460381,1.0730730731,0.6858094162,9.2615163501,0.1670541755,1.0539619005,0.8813364325,4.3316239316,0.1452249408,0.1502483137,0.0802606949,-0.166112957,5.0,0.0655785796,-0.013131521,0.0224894752,3.2075536853,0.011893449,0.0547647385,0.0223223851,0.0990408694,0.0314339203,0.6665179448,,-0.048915267,0.7414500343,0.0871935058,0.9093374675,0.103391153,0.3733318513,0.1519669466,0.2887514766,0.2220238126,0.100946412,0.8618618619,-0.005411015,0.2366763027,0.1164959092,2.4533551555,0.1014921961,0.527658439,1.7551442927,0.3076343097,4.0,-3.312460436,2.3506102166,13.102887301,-36.46878627,-0.102381871,0.1601003394,0.3518973102,0.1434351278,0.0033909014,-0.049481076,0.3965789567,0.0260577728,-0.001904122,-0.003703908,,-0.015937236,0.0575931555,0.0963203726,0.0270300761,0.1566987923,18.095758852,1.5687748038,0.9187824612,0.7800095082,0.5000945977,0.749691927,,18786.79051178,1.21486221,0.0004796,1.22007982,0.00778006,0.0076988,0.01011051,,,,,,,,,,,,,,,,,,,,400,0.333630006,0.1873737873,-0.354603682,0.8558505983
20170616,20170630,204683.0,01W,GBR,-0.076779,2017,6,20170526,20170531,43.283743744,2.5582,43.283743744,0.0050609804,0.0367655867,-0.031155354,-0.082105028,0.0644924121,0.3380455488,0.4748628931,,,,-0.114157,,-0.106682832,,-0.357912284,-0.085423461,5.4292853912,,-0.980170628,-0.311064253,-0.624102576,0.0,0.0,0.0,0.0002355149,-0.038176014,0.0384115288,0.0705411982,0.0068193611,0.0637218371,-0.606349035,0.6063490352,0.0314907119,0.0871054385,0.0493948961,0.4497072122,0.1572159217,0.1745771959,0.1816693944,0.213960114,-0.557258549,0.057816322,-0.615074871,0.079460381,1.0730730731,0.6858094162,9.2615163501,0.1670541755,1.0539619005,0.8813364325,4.3316239316,0.1452249408,0.1502483137,0.0802606949,-0.166112957,5.0,0.0655785796,-0.013131521,0.0224894752,3.2075536853,0.011893449,0.0547647385,0.0223223851,0.0990408694,0.0314339203,0.6665179448,,-0.048915267,0.7414500343,0.0871935058,0.9093374675,0.103391153,0.3733318513,0.1519669466,0.2887514766,0.2220238126,0.100946412,0.8618618619,-0.005411015,0.2366763027,0.1164959092,2.4533551555,0.1014921961,0.527658439,1.7551442927,0.3076343097,4.0,-3.312460436,2.3506102166,13.102887301,-36.46878627,-0.102381871,0.1601003394,0.3852768651,0.1570408036,0.0037125485,-0.054174651,0.4341968318,0.0285295077,-0.002084739,-0.004055245,,-0.017448978,0.0630562092,0.1059802541,0.0297408975,0.1572934053,17.978367545,1.5926985693,0.7475046906,0.8784311766,0.5021670146,0.7501331224,,17890.95647623,1.2370765,0.00043423,1.26772818,0.0079029,0.00788574,0.00845815,,,,,,,,,,,,,,,,,,,,401,0.3283191332,0.1986747286,-0.365276096,0.8570255263
20170731,20170731,204683.0,01W,GBR,0.038135,2017,7,20170616,20170630,39.960470282,2.3617845,39.960470282,0.0054818719,0.0367655867,-0.031155354,-0.07677879,-0.039378567,,0.1744701457,0.5699359849,0.2782566348,0.3470651865,0.040981204,,-0.014664733,,-0.357912284,-0.085423461,5.4292853912,,-0.980170628,-0.311064253,-0.624102576,0.0,0.0,0.0,0.0002355149,-0.038176014,0.0384115288,0.0705411982,0.0068193611,0.0637218371,-0.606349035,0.6063490352,0.0314907119,0.0871054385,0.0493948961,0.4497072122,0.1572159217,0.1745771959,0.1816693944,0.213960114,-0.557258549,0.057816322,-0.615074871,0.079460381,1.0730730731,0.6858094162,9.2615163501,0.1670541755,1.0539619005,0.8813364325,4.3316239316,0.1452249408,0.1502483137,0.0802606949,-0.166112957,5.0,0.0655785796,-0.013131521,0.0224894752,3.2075536853,0.011893449,0.0547647385,0.0223223851,0.0990408694,0.0314339203,0.6665179448,,-0.048915267,0.7414500343,0.0871935058,0.9093374675,0.103391153,0.3733318513,0.1519669466,0.2887514766,0.2220238126,0.100946412,0.8618618619,-0.005411015,0.2366763027,0.1164959092,2.4533551555,0.1014921961,0.527658439,1.7551442927,0.3076343097,4.0,-3.312460436,2.3506102166,13.102887301,-36.46878627,-0.102381871,0.1601003394,0.4173180391,0.1701009486,0.004021299,-0.058680033,0.470306387,0.0309021363,-0.002258114,-0.004392496,,-0.018900105,0.0683002172,0.1153434298,0.0323684554,0.1687335599,17.865683139,1.5923415332,0.3441775223,0.2477234089,0.5017725685,0.7606003241,,17938.73578778,1.14716305,0.00042798,1.16223204,0.00791174,0.0080012,0.00267496,,,,,,,,,,,,,,,,,,,,402,0.3535624044,0.1938040208,-0.355707077,0.870987514
20170831,20170831,204683.0,01W,GBR,-0.1118,2017,8,20170731,20170731,41.484377166,2.451852,41.484377166,0.0052804982,0.0367655867,-0.031155354,0.0381353591,-0.152579893,0.0307220485,0.1362248338,0.3923384923,,0.5218829428,0.1140236641,,0.2499514686,,0.030097325,-0.048761779,7.1459528178,,-0.995211426,-0.231766916,-0.239570016,0.0,0.0,0.0,-0.03063501,-0.057190509,0.0265554988,0.0811230966,0.0068193611,0.0637218371,-0.606349035,0.6063490352,0.036451535,0.0844793691,0.0496063548,0.5868820446,0.0198158347,0.1849147318,0.1654942355,0.1878783461,-0.557258549,0.057816322,-0.013030585,0.0762839422,0.9123382813,0.6858094162,9.2615163501,0.3959146801,1.3596155749,1.4772505322,3.7873846366,0.1452249408,0.115285688,0.0802606949,-0.166112957,6.0,0.0655785796,-0.013131521,0.0224894752,35.926719057,-0.060857281,0.0134308642,0.0054744883,-0.035798507,-0.004656369,0.6665179448,,0.0381500636,0.7341804206,0.1060069713,-0.053599244,-1.178374882,1.6048239676,0.0989921232,0.6045456242,0.2220418396,0.0204122383,0.8480208975,0.0073297171,0.0960997769,0.1838561908,1.9792727273,0.1011258014,0.527658439,2.4573813222,0.4163302136,4.0,-3.379273243,4.4064843481,,,-0.032666868,0.1960818752,0.328172496,0.1658045864,0.0006330721,-0.03720052,0.4777106673,0.0274397033,0.0024054116,-0.000313062,,,0.0657912445,0.1310055453,0.0327558379,0.1558382582,18.022623075,1.5932235656,0.2366411114,-0.107918636,0.3810505415,0.7077110299,,,,,,,0.00801064,0.00210637,,,,,,,,,,,,,,,,,,,,403,1.059457871,0.3667306686,0.2104162999,1.3817688753
20170929,20170930,204683.0,01W,GBR,-0.029789,2017,9,20170831,20170831,36.846407786,2.177734,36.846407786,0.0059451705,0.0,0.0049505007,-0.111800386,-0.041571417,-0.063526876,0.1771278786,0.297491128,0.2125756622,0.2521565004,0.1526638109,,,,0.030097325,-0.048761779,7.1459528178,,-0.995211426,-0.231766916,-0.239570016,0.0,0.0,0.0,-0.03063501,-0.057190509,0.0265554988,0.0811230966,0.0068193611,0.0637218371,-0.606349035,0.6063490352,0.036451535,0.0844793691,0.0496063548,0.5868820446,0.0198158347,0.1849147318,0.1654942355,0.1878783461,-0.557258549,0.057816322,-0.013030585,0.0762839422,0.9123382813,0.6858094162,9.2615163501,0.3959146801,1.3596155749,1.4772505322,3.7873846366,0.1452249408,0.115285688,0.0802606949,-0.166112957,6.0,0.0655785796,-0.013131521,0.0224894752,35.926719057,-0.060857281,0.0134308642,0.0054744883,-0.035798507,-0.004656369,0.6665179448,,0.0381500636,0.7341804206,0.1060069713,-0.053599244,-1.178374882,1.6048239676,0.0989921232,0.6045456242,0.2220418396,0.0204122383,0.8480208975,0.0073297171,0.0960997769,0.1838561908,1.9792727273,0.1011258014,0.527658439,2.4573813222,0.4163302136,4.0,-3.379273243,4.4064843481,,,-0.032666868,0.1960818752,0.3694805659,0.1866749139,0.0007127588,-0.041883062,0.5378415615,0.0308936222,0.002708188,-0.000352469,,,0.0740725885,0.1482164573,0.0370591507,0.138879274,17.85763999,1.4844740411,0.2180081068,-0.712154095,0.5001759436,0.6932836243,,,,,,,0.00799438,0.00577083,,,,,,,,,,,,,,,,,,,,404,1.0749213162,0.3569649597,0.2235805984,1.4033013231
20171031,20171031,204683.0,01W,GBR,-0.010138,2017,10,20170929,20170930,35.748807371,2.1128625,35.748807371,0.0061277059,0.0,0.0049505007,-0.029788532,-0.077928575,-0.182246128,,-0.000201873,0.2020054057,,-0.045703177,,0.0147146205,,0.030097325,-0.048761779,7.1459528178,,-0.995211426,-0.231766916,-0.239570016,0.0,0.0,0.0,-0.03063501,-0.057190509,0.0265554988,0.0811230966,0.0068193611,0.0637218371,-0.606349035,0.6063490352,0.036451535,0.0844793691,0.0496063548,0.5868820446,0.0198158347,0.1849147318,0.1654942355,0.1878783461,-0.557258549,0.057816322,-0.013030585,0.0762839422,0.9123382813,0.6858094162,9.2615163501,0.3959146801,1.3596155749,1.4772505322,3.7873846366,0.1452249408,0.115285688,0.0802606949,-0.166112957,6.0,0.0655785796,-0.013131521,0.0224894752,35.926719057,-0.060857281,0.0134308642,0.0054744883,-0.035798507,-0.004656369,0.6665179448,,0.0381500636,0.7341804206,0.1060069713,-0.053599244,-1.178374882,1.6048239676,0.0989921232,0.6045456242,0.2220418396,0.0204122383,0.8480208975,0.0073297171,0.0960997769,0.1838561908,1.9792727273,0.1011258014,0.527658439,2.4573813222,0.4163302136,4.0,-3.379273243,4.4064843481,,,-0.032666868,0.1960818752,0.3808247771,0.1924064187,0.0007346427,-0.043169004,0.5543549829,0.0318421532,0.0027913379,-0.00036329,,,0.076346849,0.1529724797,0.0382483179,0.1235789143,17.81233158,1.4410199201,-0.032732057,-1.112339097,0.5002814363,0.6130734619,,,,,,,0.00789787,0.00796895,,,,,,,,,,,,,,,,,,,,405,1.0480340552,0.3564425037,0.20245658,1.3837419405
20171130,20171130,204683.0,01W,GBR,-0.00058,2017,11,20171031,20171031,35.386389346,2.0914425,35.386389346,0.0061904642,0.0,0.0049505007,,-0.138258549,-0.241894353,-0.077911654,0.0164715887,0.2811684395,0.3369421354,0.0020620506,,,,0.1507145228,0.0077948164,9.8812719937,,-0.995150698,-0.222152071,1.0166092271,0.0,0.0,0.0,0.010446303,0.0004628134,0.0099834896,0.1274848698,0.0068193611,0.0637218371,-0.606349035,0.6063490352,0.0324111145,0.1285828324,0.0463862386,0.5784082631,0.0347577559,0.1736127353,0.1383694315,0.1711599586,-0.557258549,0.057816322,-0.011519053,0.0558364957,0.7986999146,0.6858094162,9.2615163501,0.4422735223,1.3276922429,1.5175785618,3.6898865612,0.1452249408,0.115285688,0.0802606949,-0.166112957,7.0,0.0655785796,-0.013131521,0.0224894752,3.2075536853,0.0491097676,0.0137853394,0.0069648509,-0.028921725,-0.01154526,0.6665179448,,0.0450297143,0.7614336021,0.0759075915,1.3163103565,-1.18182164,6.8715528943,0.104248121,0.6655827884,0.2328810867,0.0399962545,0.8269200751,0.0140727339,0.0905942516,0.1178401612,1.9792727273,0.1007276689,0.527658439,1.8722025114,0.4650795721,4.0,-3.302734004,3.7535743991,,,-0.085196247,0.1940155841,0.3995837287,0.2018841179,0.0007708303,-0.045295455,0.5666881821,0.0279345906,0.0056232355,0.0015686794,,,0.0771287732,0.1608652176,0.0379174783,0.135083001,17.825465037,1.4421321609,-0.113525158,-1.930260625,0.4964163757,0.5919324633,,,,,,,0.0079401,0.00510327,,,,,,,,,,,,,,,,,,,,406,1.1210237843,0.3016328949,0.5306003694,1.2453345975
20171228,20171231,204683.0,01W,GBR,-0.18043,2017,12,20171130,20171130,35.36588278,2.0902305,35.36588278,0.0061940537,0.0,0.0049505007,,,,,,0.3380455488,0.0929503638,,,0.180688089,,0.1507145228,0.0077948164,9.8812719937,,-0.995150698,-0.222152071,1.0166092271,0.0,0.0,0.0,0.010446303,0.0004628134,0.0099834896,0.1274848698,0.0068193611,0.0637218371,-0.606349035,0.6063490352,0.0324111145,0.1285828324,0.0463862386,0.5784082631,0.0347577559,0.1736127353,0.1383694315,0.1711599586,-0.557258549,0.057816322,-0.011519053,0.0558364957,0.7986999146,0.6858094162,9.2615163501,0.4422735223,1.3276922429,1.5175785618,3.6898865612,0.1452249408,0.115285688,0.0802606949,-0.166112957,7.0,0.0655785796,-0.013131521,0.0224894752,3.2075536853,0.0491097676,0.0137853394,0.0069648509,-0.028921725,-0.01154526,0.6665179448,,0.0450297143,0.7614336021,0.0759075915,1.3163103565,-1.18182164,6.8715528943,0.104248121,0.6655827884,0.2328810867,0.0399962545,0.8269200751,0.0140727339,0.0905942516,0.1178401612,1.9792727273,0.1007276689,0.527658439,1.8722025114,0.4650795721,4.0,-3.302734004,3.7535743991,,,-0.085196247,0.1940155841,0.3998154235,0.2020011785,0.0007712772,-0.045321719,0.5670167708,0.0279507882,0.0056264961,0.001569589,,,0.0771734956,0.1609629219,0.0379405081,0.1348506921,17.824590714,1.4172645738,-0.113091127,-1.456311695,0.5017672437,0.7029988981,,,,,,,,0.01771204,,,,,,,,,,,,,,,,,,,,407,1.1164716106,0.3242148289,0.5049228561,1.2506331784
20180129,20180131,204683.0,01W,GBR,0.038457,2018,1,20171228,20171231,28.984812982,1.71309,28.984812982,0.0075576882,0.0,0.0049505007,-0.180430101,-0.010711535,-0.114978314,-0.215104285,,,,0.1244741449,,0.0329172566,,0.1507145228,0.0077948164,9.8812719937,,-0.995150698,-0.222152071,1.0166092271,0.0,0.0,0.0,0.010446303,0.0004628134,0.0099834896,0.1274848698,0.0068193611,0.0637218371,-0.606349035,0.6063490352,0.0324111145,0.1285828324,0.0463862386,0.5784082631,0.0347577559,0.1736127353,0.1383694315,0.1711599586,-0.557258549,0.057816322,-0.011519053,0.0558364957,0.7986999146,0.6858094162,9.2615163501,0.4422735223,1.3276922429,1.5175785618,3.6898865612,0.1452249408,0.115285688,0.0802606949,-0.166112957,7.0,0.0655785796,-0.013131521,0.0224894752,3.2075536853,0.0491097676,0.0137853394,0.0069648509,-0.028921725,-0.01154526,0.6665179448,,0.0450297143,0.7614336021,0.0759075915,1.3163103565,-1.18182164,6.8715528943,0.104248121,0.6655827884,0.2328810867,0.0399962545,0.8269200751,0.0140727339,0.0905942516,0.1178401612,1.9792727273,0.1007276689,0.527658439,1.8722025114,0.4650795721,4.0,-3.302734004,3.7535743991,,,-0.085196247,0.1940155841,0.487835661,0.2464721785,0.0009410756,-0.055299394,0.6918467496,0.0341042152,0.0068651814,0.0019151374,,,0.094163409,0.1984735767,0.0467821301,0.1373396633,17.492437736,1.0649281697,-0.00878102,-0.706160292,0.5082082441,0.7035624948,,,,,,,,0.012648,,,,,,,,,,,,,,,,,,,,408,1.1265597043,0.3190466878,0.5250732822,1.2499819541
20180226,20180228,204683.0,01W,GBR,-0.000839,2018,2,20180129,20180131,30.099468363,1.7789695,30.099468363,0.0072778089,0.0,0.0049505007,0.0384565318,,-0.301307746,-0.385334728,-0.252379024,0.0307220485,-0.368487448,0.1426158175,,,,-0.026606093,-0.028641784,1.5715276268,,-0.996063691,-0.197557093,2.2381763478,0.0,0.0,0.0,-0.013529804,-0.102501407,0.0889716035,-0.027019391,-0.001344044,-0.025675346,-0.007147218,0.0071472176,0.0112731113,0.0823152986,0.0549633787,0.4615936108,0.0394518054,0.1600145963,0.1333754483,0.1900265016,-0.557258549,0.057816322,-0.013490867,0.0430870355,0.644732595,0.0502342532,0.7516799427,0.3217856399,1.0604243395,1.1275183619,3.4573293348,0.1452249408,0.167570968,0.0802606949,-0.166112957,8.0,0.061612191,-0.013131521,0.0224894752,6217.9787736,-0.106393239,0.0787742425,0.0397995897,0.0015718907,0.0063385182,0.6665179448,,0.0340944734,0.3656576073,0.0963747041,-1.1062917,-0.88408765,3.7946957091,0.0803428049,0.4493124081,0.1914695612,0.038402147,0.8179141818,0.0237422761,0.082538841,0.0625351192,1.9957627119,0.110988818,0.527658439,1.7102090783,0.4662983155,8.0,-2.842851017,2.9621594469,,,0.0951219056,0.121651558,0.5667826187,0.2839929894,0.0015599113,-0.093416401,0.6477915977,0.0378776923,0.0134567094,0.0090764876,,,0.0906763125,0.2066744076,0.0516020591,0.1656206201,17.315544096,1.0533165185,-0.263450728,-1.067051569,0.6210490736,0.61264274,,,,,,,,0.0166879,,,,,,,,,,,,,,,,,,,,409,0.8677526874,0.2940012606,0.3724840742,0.8510788212
20180329,20180331,204683.0,01W,GBR,0.022316,2018,3,20180226,20180228,30.074224306,1.7774775,30.074224306,0.0072839178,0.0,0.0049505007,-0.000838688,-0.148912285,-0.183109829,-0.304601087,-0.320531123,-0.063526876,-0.174558209,0.0171459845,,,,-0.026606093,-0.028641784,1.5715276268,,-0.996063691,-0.197557093,2.2381763478,0.0,0.0,0.0,-0.013529804,-0.102501407,0.0889716035,-0.027019391,-0.001344044,-0.025675346,-0.007147218,0.0071472176,0.0112731113,0.0823152986,0.0549633787,0.4615936108,0.0394518054,0.1600145963,0.1333754483,0.1900265016,-0.557258549,0.057816322,-0.013490867,0.0430870355,0.644732595,0.0502342532,0.7516799427,0.3217856399,1.0604243395,1.1275183619,3.4573293348,0.1452249408,0.167570968,0.0802606949,-0.166112957,8.0,0.061612191,-0.013131521,0.0224894752,6217.9787736,-0.106393239,0.0787742425,0.0397995897,0.0015718907,0.0063385182,0.6665179448,,0.0340944734,0.3656576073,0.0963747041,-1.1062917,-0.88408765,3.7946957091,0.0803428049,0.4493124081,0.1914695612,0.038402147,0.8179141818,0.0237422761,0.082538841,0.0625351192,1.9957627119,0.110988818,0.527658439,1.7102090783,0.4662983155,8.0,-2.842851017,2.9621594469,,,0.0951219056,0.121651558,0.5672583714,0.2842313708,0.0015612206,-0.093494814,0.6483353486,0.0379094865,0.0134680049,0.0090841063,,,0.0907524255,0.2068657808,0.0516498407,0.148857972,17.31385038,0.9642562886,-0.486492529,-0.463615924,0.6262850533,0.5954401754,,9822.67740318,1.69498635,0.0002941,1.64443785,0.00831463,,0.01633116,,,,,,,,,,,,,18.97882013,,,,,,,410,0.8311078789,0.2841145687,0.3520709374,0.8434436858
20180430,20180430,204683.0,01W,GBR,-0.132087,2018,4,20180329,20180331,30.745365977,1.817144,30.745365977,0.0071249169,0.0,0.0049505007,0.0223161756,0.0375855909,-0.158734892,-0.247400641,-0.332545156,-0.182246128,-0.376040856,0.046548311,,,,-0.026606093,-0.028641784,1.5715276268,,-0.996063691,-0.197557093,2.2381763478,0.0,0.0,0.0,-0.013529804,-0.102501407,0.0889716035,-0.027019391,-0.001344044,-0.025675346,-0.007147218,0.0071472176,0.0112731113,0.0823152986,0.0549633787,0.4615936108,0.0394518054,0.1600145963,0.1333754483,0.1900265016,-0.557258549,0.057816322,-0.013490867,0.0430870355,0.644732595,0.0502342532,0.7516799427,0.3217856399,1.0604243395,1.1275183619,3.4573293348,0.1452249408,0.167570968,0.0802606949,-0.166112957,8.0,0.061612191,-0.013131521,0.0224894752,6217.9787736,-0.106393239,0.0787742425,0.0397995897,0.0015718907,0.0063385182,0.6665179448,,0.0340944734,0.3656576073,0.0963747041,-1.1062917,-0.88408765,3.7946957091,0.0803428049,0.4493124081,0.1914695612,0.038402147,0.8179141818,0.0237422761,0.082538841,0.0625351192,1.9957627119,0.110988818,0.527658439,1.7102090783,0.4662983155,8.0,-2.842851017,2.9621594469,,,0.0951219056,0.121651558,0.5548756685,0.2780268742,0.0015271407,-0.091453912,0.6341828136,0.037081959,0.0131740113,0.008885809,,,0.0887713876,0.2018955537,0.0504088842,0.1468167104,17.357933744,0.9332134022,-0.526799069,-0.247141723,0.6272144684,0.6014894599,,,,,,,,0.01474762,,,,,,,,,,,,,,0.01989408,,0.64641512,,,,411,0.7946975419,0.2893530194,0.3376561413,0.8265143224
20180531,20180531,204683.0,01W,GBR,0.194088,2018,5,20180430,20180430,26.684304505,1.577123,26.684304505,0.0082092519,0.0,0.0049505007,-0.132086945,0.0214587715,,-0.258868806,-0.347999632,-0.241894353,-0.327217982,-0.082105028,,,,0.031698073,0.057849341,0.4434587981,,-0.995872907,-0.067787845,5.0734303854,0.0,0.0,0.0,0.0102896516,-0.068667883,0.0789575343,-0.001504386,-0.000948129,-0.000556257,-0.006587772,0.0065877724,-0.004632693,0.1059798309,0.0511738687,0.4619013918,0.2098765432,0.1523854363,0.1545825487,0.1788772598,,,-0.012172553,0.0392388142,0.5065989848,0.0458265866,0.591651474,0.3410598961,1.0767476606,1.1735682878,3.4954804948,0.1473970738,0.167570968,0.0353419082,0.0215053763,8.0,0.0808864471,0.0149220701,0.0141075804,8.2804085632,-0.052868148,0.0663943644,0.0332676645,0.0116296259,0.0109452795,0.5771484963,,0.0538650567,0.1421227703,0.0603087155,-0.152700479,-0.662526764,2.0284746069,0.2570118342,0.4765427759,0.1932625033,0.2165292252,0.8121827411,0.0382165605,0.2491153574,0.0436275753,1.9957627119,0.1199525388,0.5295828419,1.9324946778,0.494228565,8.0,-2.787974088,2.4739385951,12.903939355,-57.01646166,-0.004996353,0.1652740592,0.6447546458,0.3230617758,0.0017745076,-0.106267653,0.7450396729,0.0499397127,0.0246403049,0.0200265853,,,0.1098166677,0.2384871806,0.056842092,0.1439165455,16.911459675,0.8740254661,-0.369101348,-0.093683928,0.5859391848,0.589663704,,9745.57722298,1.62062143,0.00033207,1.69377621,0.00819705,,0.00789305,,,,,,,,,,,,,31.32259526,0.01987609,,0.56487537,,,,412,0.1076993502,0.399480732,-0.137475163,0.095019386
20180629,20180630,204683.0,01W,GBR,-0.051056,2018,6,20180531,20180531,31.525630665,1.86326,31.525630665,0.0107142857,0.0,0.0106572941,0.1940879052,-0.112718445,-0.245478908,-0.275796309,-0.383502854,,-0.394382257,-0.07677879,,-0.173471405,,0.031698073,0.057849341,0.4434587981,,-0.995872907,-0.067787845,5.0734303854,0.0,0.0,0.0,0.0102896516,-0.068667883,0.0789575343,-0.001504386,-0.000948129,-0.000556257,-0.006587772,0.0065877724,-0.004632693,0.1059798309,0.0511738687,0.4619013918,0.2098765432,0.1523854363,0.1545825487,0.1788772598,,,-0.012172553,0.0392388142,0.5065989848,0.0458265866,0.591651474,0.3410598961,1.0767476606,1.1735682878,3.4954804948,0.1473970738,0.167570968,0.0353419082,0.0215053763,8.0,0.0808864471,0.0149220701,0.0141075804,8.2804085632,-0.052868148,0.0663943644,0.0332676645,0.0116296259,0.0109452795,0.5771484963,,0.0538650567,0.1421227703,0.0603087155,-0.152700479,-0.662526764,2.0284746069,0.2570118342,0.4765427759,0.1932625033,0.2165292252,0.8121827411,0.0382165605,0.2491153574,0.0436275753,1.9957627119,0.1199525388,0.5295828419,1.9324946778,0.494228565,8.0,-2.787974088,2.4739385951,12.903939355,-57.01646166,-0.004996353,0.1652740592,0.545741003,0.2734498444,0.0015020001,-0.089948348,0.6306254651,0.0422705739,0.0208563441,0.0169511438,,,0.0929523482,0.1982433274,0.0472501936,0.1550311362,17.283381824,0.8383595324,-0.603183463,-0.511240215,0.595678334,0.5796648756,,,,,,,,0.01345818,,,,,,,,,,,,,,0.02480013,,0.73122212,,,,413,0.0797609804,0.4009214282,-0.142792943,0.0473399633
20180731,20180731,204683.0,01W,GBR,0.023373,2018,7,20180629,20180630,29.916068261,1.76813,29.916068261,0.0112907422,0.0,0.0106572941,-0.051055677,0.0363644815,0.0993138127,-0.108686202,-0.20262687,-0.114978314,-0.367711398,0.0381353591,,0.0152294846,,0.031698073,0.057849341,0.4434587981,,-0.995872907,-0.067787845,5.0734303854,0.0,0.0,0.0,0.0102896516,-0.068667883,0.0789575343,-0.001504386,-0.000948129,-0.000556257,-0.006587772,0.0065877724,-0.004632693,0.1059798309,0.0511738687,0.4619013918,0.2098765432,0.1523854363,0.1545825487,0.1788772598,,,-0.012172553,0.0392388142,0.5065989848,0.0458265866,0.591651474,0.3410598961,1.0767476606,1.1735682878,3.4954804948,0.1473970738,0.167570968,0.0353419082,0.0215053763,8.0,0.0808864471,0.0149220701,0.0141075804,8.2804085632,-0.052868148,0.0663943644,0.0332676645,0.0116296259,0.0109452795,0.5771484963,,0.0538650567,0.1421227703,0.0603087155,-0.152700479,-0.662526764,2.0284746069,0.2570118342,0.4765427759,0.1932625033,0.2165292252,0.8121827411,0.0382165605,0.2491153574,0.0436275753,1.9957627119,0.1199525388,0.5295828419,1.9324946778,0.494228565,8.0,-2.787974088,2.4739385951,12.903939355,-57.01646166,-0.004996353,0.1652740592,0.5751032906,0.2881621584,0.0015828116,-0.094787804,0.6645547579,0.0445448409,0.0219784697,0.0178631595,,,0.0979534267,0.2100262082,0.0500585777,0.1653685611,17.173089093,0.79778971,-0.135643198,0.2278289352,0.5985916235,0.6072282495,,17505.00599877,1.6713466,0.0006012,1.62150118,0.0073514,,0.01092529,,,,,,,,,,,,,97.90551959,0.0238138,,0.72114059,,,,414,0.1059737169,0.4095317399,-0.125042948,0.0648708205
20180831,20180831,204683.0,01W,GBR,-0.024489,2018,8,20180731,20180731,30.615288023,1.809456,30.615288023,0.011032874,0.0,0.0106572941,0.0233727158,0.1331229393,0.0045558675,,-0.271132903,-0.301307746,-0.414329443,-0.111800386,,0.1899586403,,0.0743734428,-0.046991092,-0.190416336,,-0.995872907,-0.131701356,28.8952685,0.0,0.0,0.0,-0.054033787,0.0073085021,-0.061342289,0.0337307612,-0.00106107,0.0347918314,0.0054981235,-0.005498123,-0.00540238,0.0564183197,0.0534021832,0.5244611376,0.1293451656,0.1733818367,0.1060093732,0.2082026375,,,-0.011121741,-0.035311561,-0.632450096,-0.040809684,-0.730924609,0.3558217611,1.1971512087,1.3375276574,3.8987663972,0.1473970738,0.1968330134,0.0353419082,0.0215053763,0.0,-0.028525106,0.0149220701,0.0141075804,5.5948303261,-0.072158822,-0.047383357,-0.023741979,-0.060814221,-0.029216468,0.5771484963,,0.1430524088,0.1181694172,0.0556356061,-0.302106972,-1.835058062,1.2326978147,0.1010272078,0.563467118,0.1941828577,0.1389650109,0.6913967877,0.0911445204,0.0940336049,0.0838148034,1.8986880466,0.1214354825,0.5295828419,1.9821770484,0.4502418648,6.0,-2.565075481,4.0775632866,7.1581100333,-77.46927809,0.0291461692,0.1903717421,0.4777532711,0.2516228361,0.0034845728,-0.090553043,0.6168905593,0.0266743791,0.0435445928,0.0405624177,,,0.0957162774,0.1739816862,0.0493980017,0.1271172366,17.721793591,0.7325710689,-0.242562996,0.0685575633,0.6531123183,0.4513725657,,17633.96384583,1.65249498,0.00060282,1.61152155,0.00723177,,0.00985384,,,,,,,,,,,,,,0.02392169,,0.74043783,,,,415,0.5226196488,0.7912499513,-0.239576006,0.3894552348
20180928,20180930,204683.0,01W,GBR,0.008858,2018,9,20180831,20180831,29.865546309,1.765144,29.865546309,0.0113098421,0.0,0.0106572941,-0.024489128,-0.028876271,0.0288979905,-0.125051984,-0.160208259,-0.183109829,-0.632569088,-0.029788532,,0.0924634479,,0.0743734428,-0.046991092,-0.190416336,,-0.995872907,-0.131701356,28.8952685,0.0,0.0,0.0,-0.054033787,0.0073085021,-0.061342289,0.0337307612,-0.00106107,0.0347918314,0.0054981235,-0.005498123,-0.00540238,0.0564183197,0.0534021832,0.5244611376,0.1293451656,0.1733818367,0.1060093732,0.2082026375,,,-0.011121741,-0.035311561,-0.632450096,-0.040809684,-0.730924609,0.3558217611,1.1971512087,1.3375276574,3.8987663972,0.1473970738,0.1968330134,0.0353419082,0.0215053763,0.0,-0.028525106,0.0149220701,0.0141075804,5.5948303261,-0.072158822,-0.047383357,-0.023741979,-0.060814221,-0.029216468,0.5771484963,,0.1430524088,0.1181694172,0.0556356061,-0.302106972,-1.835058062,1.2326978147,0.1010272078,0.563467118,0.1941828577,0.1389650109,0.6913967877,0.0911445204,0.0940336049,0.0838148034,1.8986880466,0.1214354825,0.5295828419,1.9821770484,0.4502418648,6.0,-2.565075481,4.0775632866,7.1581100333,-77.46927809,0.0291461692,0.1903717421,0.4897467419,0.2579395508,0.0035720492,-0.092826278,0.6323769187,0.0273440101,0.0446377319,0.0415806926,,,0.0981191293,0.1787962205,0.0507649753,0.1406449307,17.681337658,0.7113208627,-0.07822674,0.1674500943,0.6512198528,0.468370995,,18627.68382035,1.57641793,0.00063674,1.53823558,0.00705494,0.00781006,0.00437915,,,,,,,,,,,,,,,,,,,,416,0.5175759234,0.7897434205,-0.227108259,0.3605666588
20181031,20181031,204683.0,01W,GBR,-0.201245,2018,10,20180928,20180930,30.130084395,1.780779,30.130084395,0.0112105433,0.0,0.0106572941,0.0088576343,-0.00168879,-0.018208652,0.0414258775,-0.155621222,-0.158734892,-0.740341517,,,0.0006638304,,0.0743734428,-0.046991092,-0.190416336,,-0.995872907,-0.131701356,28.8952685,0.0,0.0,0.0,-0.054033787,0.0073085021,-0.061342289,0.0337307612,-0.00106107,0.0347918314,0.0054981235,-0.005498123,-0.00540238,0.0564183197,0.0534021832,0.5244611376,0.1293451656,0.1733818367,0.1060093732,0.2082026375,,,-0.011121741,-0.035311561,-0.632450096,-0.040809684,-0.730924609,0.3558217611,1.1971512087,1.3375276574,3.8987663972,0.1473970738,0.1968330134,0.0353419082,0.0215053763,0.0,-0.028525106,0.0149220701,0.0141075804,5.5948303261,-0.072158822,-0.047383357,-0.023741979,-0.060814221,-0.029216468,0.5771484963,,0.1430524088,0.1181694172,0.0556356061,-0.302106972,-1.835058062,1.2326978147,0.1010272078,0.563467118,0.1941828577,0.1389650109,0.6913967877,0.0911445204,0.0940336049,0.0838148034,1.8986880466,0.1214354825,0.5295828419,1.9821770484,0.4502418648,6.0,-2.565075481,4.0775632866,7.1581100333,-77.46927809,0.0291461692,0.1903717421,0.4854468314,0.2556748763,0.0035406871,-0.092011276,0.6268247344,0.0271039334,0.0442458186,0.0412156197,,,0.0972576566,0.177067337,0.0502740996,0.1442785334,17.695841957,0.4129396422,-0.146217683,-0.017971546,0.6473110939,0.4874548877,,19094.97370736,1.5119221,0.00065263,1.47550315,0.00697233,0.00787086,0.01005972,,,,,,,,,,,,,,,,,,,,417,0.5475383743,0.8044325064,-0.228851402,0.401265225
20181130,20181130,204683.0,01W,GBR,-0.11169,2018,11,20181031,20181031,24.066544899,1.4224055,24.066544899,0.0140350273,0.0,0.0106572941,-0.201245354,-0.01584841,0.1412291713,0.0117423454,,,,-0.000579504,-0.027550448,,,-0.027626607,-0.09838986,-0.603483786,,-0.995872907,-0.146989836,5.0734303854,0.0,0.0,0.0,-0.089308839,-0.04081015,-0.04849869,-0.017374565,-0.001796528,-0.015578038,0.0053097746,-0.005309775,-0.00607426,0.007088854,0.042319549,0.5551993136,0.2091462661,0.179596525,0.0454707822,0.1680296302,,,-0.006368237,-0.11232294,-4.690181562,-0.117632715,-4.911897686,0.3220403627,1.2180195888,1.2965701184,3.9704967142,0.1473970738,0.1968330134,0.0353419082,0.0215053763,0.0,-0.062306505,0.0149220701,0.0141075804,3.3146007766,-0.16024723,-0.050957482,-0.026838259,-0.064742822,-0.03380311,0.5771484963,,0.1522855433,0.1260054438,-0.015936192,-1.427595888,-1.368561589,0.3254594155,0.0941484256,0.5398610403,0.1820467878,0.2033682644,0.2267616355,0.1362714676,0.0968233256,0.1221987337,1.8986880466,0.121035671,0.5295828419,1.3704280892,0.4074963065,6.0,-2.224541116,4.2029390776,2.7708747472,-79.81546018,-0.034052493,0.1784311163,0.5712988739,0.3008913839,0.0041668632,-0.108283616,0.7512516681,0.0136817666,0.077851736,0.0754878487,,,0.1217616161,0.2121846008,0.062032119,0.1359513622,17.75732605,0.4862295074,-0.031622588,0.3450084533,0.7099083814,0.5174468572,,16603.91938994,1.65580528,0.00056289,1.59873743,0.0072094,0.00783919,0.0218664,,,,,,,,,,,,,,,,,,,,418,0.5583720665,0.9419423366,-0.139604264,0.2252885524
20181231,20181231,204683.0,01W,GBR,-0.107321,2018,12,20181130,20181130,21.378551997,1.263537,21.378551997,0.0157996956,0.0,0.0106572941,-0.111690021,-0.194170277,-0.236603856,-0.19118776,-0.312207166,-0.245478908,-0.658042229,-0.180430101,-0.02130135,,,-0.027626607,-0.09838986,-0.603483786,,-0.995872907,-0.146989836,5.0734303854,0.0,0.0,0.0,-0.089308839,-0.04081015,-0.04849869,-0.017374565,-0.001796528,-0.015578038,0.0053097746,-0.005309775,-0.00607426,0.007088854,0.042319549,0.5551993136,0.2091462661,0.179596525,0.0454707822,0.1680296302,,,-0.006368237,-0.11232294,-4.690181562,-0.117632715,-4.911897686,0.3220403627,1.2180195888,1.2965701184,3.9704967142,0.1473970738,0.1968330134,0.0353419082,0.0215053763,0.0,-0.062306505,0.0149220701,0.0141075804,3.3146007766,-0.16024723,-0.050957482,-0.026838259,-0.064742822,-0.03380311,0.5771484963,,0.1522855433,0.1260054438,-0.015936192,-1.427595888,-1.368561589,0.3254594155,0.0941484256,0.5398610403,0.1820467878,0.2033682644,0.2267616355,0.1362714676,0.0968233256,0.1221987337,1.8986880466,0.121035671,0.5295828419,1.3704280892,0.4074963065,6.0,-2.224541116,4.2029390776,2.7708747472,-79.81546018,-0.034052493,0.1784311163,0.6431300867,0.3387234084,0.0046907761,-0.121898457,0.8457089144,0.0154020183,0.0876402808,0.0849791745,,,0.1370710888,0.2425667822,0.0709143427,0.1360171738,17.559169674,0.5683936083,-0.097987426,-0.286947958,0.7051573827,0.4524559805,,12033.29131806,1.22828078,0.00041395,1.20131229,0.00762101,0.00777364,0.02224201,,,,,,,,,,,,,,,,,,,,419,0.5794246277,0.9510429254,-0.146234488,0.2745578165
20190131,20190131,204683.0,01W,GBR,-0.120587,2019,1,20181231,20181231,19.084176878,1.1279325,19.084176878,0.0176991974,0.0,0.0106572941,-0.107321353,-0.290458277,-0.285382297,-0.297207653,-0.254519671,0.0993138127,-0.700868213,0.0384565318,-0.034553885,0.0469316708,,-0.027626607,-0.09838986,-0.603483786,,-0.995872907,-0.146989836,5.0734303854,0.0,0.0,0.0,-0.089308839,-0.04081015,-0.04849869,-0.017374565,-0.001796528,-0.015578038,0.0053097746,-0.005309775,-0.00607426,0.007088854,0.042319549,0.5551993136,0.2091462661,0.179596525,0.0454707822,0.1680296302,,,-0.006368237,-0.11232294,-4.690181562,-0.117632715,-4.911897686,0.3220403627,1.2180195888,1.2965701184,3.9704967142,0.1473970738,0.1968330134,0.0353419082,0.0215053763,0.0,-0.062306505,0.0149220701,0.0141075804,3.3146007766,-0.16024723,-0.050957482,-0.026838259,-0.064742822,-0.03380311,0.5771484963,,0.1522855433,0.1260054438,-0.015936192,-1.427595888,-1.368561589,0.3254594155,0.0941484256,0.5398610403,0.1820467878,0.2033682644,0.2267616355,0.1362714676,0.0968233256,0.1221987337,1.8986880466,0.121035671,0.5295828419,1.3704280892,0.4074963065,6.0,-2.224541116,4.2029390776,2.7708747472,-79.81546018,-0.034052493,0.1784311163,0.7204497258,0.3794460744,0.0052547197,-0.136553571,0.9473833802,0.0172537098,0.0981767415,0.0951957065,,,0.1535503165,0.2763411261,0.0807882644,0.1601394216,17.345872712,0.6284808161,-0.057652195,-0.443935719,0.7045325815,0.4825338994,,,,,,,,0.00523974,,,,,,,,,,,,,,,,,,,,420,0.5636975426,0.9512698659,-0.139893759,0.2702490776
20190228,20190228,204683.0,01W,GBR,-0.008304,2019,2,20190131,20190131,16.78288164,0.991919,16.78288164,0.0201261393,0.0,0.0106572941,-0.12058656,-0.207024649,-0.376645522,-0.277153722,-0.359169738,0.0045558675,-0.662677371,-0.000838688,-0.045440055,,,-0.12431998,-0.124503839,-0.486968717,,-0.928698485,-0.191371096,3189.5306604,0.0,0.0,0.0,-0.032463553,-0.074096183,0.0416326299,-0.033680893,-0.001924416,-0.031756477,0.047245659,-0.047245659,-0.01243101,-0.115119119,0.0113026712,0.48916024,0.1444334238,0.1118209714,-0.054732831,0.0333396139,,,0.0028753245,-0.091236801,-3.646966975,-0.13848246,-5.535496128,0.3392294618,1.0894017385,1.0669505133,2.9497110142,0.1473970738,0.1155357611,0.0353419082,0.0215053763,0.0,0.0086483499,0.0149220701,0.0141075804,0.3192741181,-0.216602476,-0.019366999,-0.010200201,-0.098141242,-0.049999791,0.5771484963,,-0.084584987,0.0970923726,-0.122737711,-2.153052355,-1.647871708,0.275845478,0.0465832199,0.4283478486,0.0893239478,0.1264774634,0.8121827411,0.0662196286,0.053196623,0.0424773525,2.18781047,0.1206116409,0.5295828419,1.2908864385,0.4081115488,4.0,-1.376422404,3.3925172152,12.903939355,-82.12283949,0.0142359064,0.1070801955,0.8901316783,0.4068595934,0.0448525001,-0.057989541,1.0171426139,-0.022268577,0.0589441892,0.0549139367,,,0.1746053784,0.3660552628,0.0502669571,0.1803183679,17.838880194,0.4679927676,-0.175128511,-0.790789068,0.6914370024,0.4545710331,,,,,,,,0.00290871,,,,,,,,,,,,,,,,,,,,421,0.1127329263,0.2959282953,0.2677499661,-0.278019686
20190329,20190331,204683.0,01W,GBR,-0.060029,2019,3,20190228,20190228,16.64351482,0.983682,16.64351482,0.0202946684,0.0,0.0106572941,-0.008304105,-0.2149664,-0.43805208,-0.46764327,-0.435972212,0.0288979905,-0.641701549,0.0223161756,-0.048223717,,,-0.12431998,-0.124503839,-0.486968717,,-0.928698485,-0.191371096,3189.5306604,0.0,0.0,0.0,-0.032463553,-0.074096183,0.0416326299,-0.033680893,-0.001924416,-0.031756477,0.047245659,-0.047245659,-0.01243101,-0.115119119,0.0113026712,0.48916024,0.1444334238,0.1118209714,-0.054732831,0.0333396139,,,0.0028753245,-0.091236801,-3.646966975,-0.13848246,-5.535496128,0.3392294618,1.0894017385,1.0669505133,2.9497110142,0.1473970738,0.1155357611,0.0353419082,0.0215053763,0.0,0.0086483499,0.0149220701,0.0141075804,0.3192741181,-0.216602476,-0.019366999,-0.010200201,-0.098141242,-0.049999791,0.5771484963,,-0.084584987,0.0970923726,-0.122737711,-2.153052355,-1.647871708,0.275845478,0.0465832199,0.4283478486,0.0893239478,0.1264774634,0.8121827411,0.0662196286,0.053196623,0.0424773525,2.18781047,0.1206116409,0.5295828419,1.2908864385,0.4081115488,4.0,-1.376422404,3.3925172152,12.903939355,-82.12283949,0.0142359064,0.1070801955,0.8975853214,0.4102664896,0.0452280788,-0.058475124,1.0256598011,-0.022455047,0.0594377666,0.0553737663,,,0.1760674612,0.369310849,0.0507140164,0.1804363372,17.82636618,0.5349086449,-0.261299708,-0.851226178,0.6898170849,0.4178945468,,,,,,,,0.005769,,,,,,,,,,,,,,,,,,,,422,0.1170022353,0.3065782359,0.269353013,-0.260600002
20190430,20190430,204683.0,01W,GBR,-0.027945,2019,4,20190329,20190331,15.644428828,0.924633,15.644428828,0.0215907284,0.0,0.0106572941,-0.060028546,-0.127889302,-0.447611411,-0.443659686,-0.452865899,-0.018208652,-0.652229159,-0.132086945,-0.041672953,,,-0.12431998,-0.124503839,-0.486968717,,-0.928698485,-0.191371096,3189.5306604,0.0,0.0,0.0,-0.032463553,-0.074096183,0.0416326299,-0.033680893,-0.001924416,-0.031756477,0.047245659,-0.047245659,-0.01243101,-0.115119119,0.0113026712,0.48916024,0.1444334238,0.1118209714,-0.054732831,0.0333396139,,,0.0028753245,-0.091236801,-3.646966975,-0.13848246,-5.535496128,0.3392294618,1.0894017385,1.0669505133,2.9497110142,0.1473970738,0.1155357611,0.0353419082,0.0215053763,0.0,0.0086483499,0.0149220701,0.0141075804,0.3192741181,-0.216602476,-0.019366999,-0.010200201,-0.098141242,-0.049999791,0.5771484963,,-0.084584987,0.0970923726,-0.122737711,-2.153052355,-1.647871708,0.275845478,0.0465832199,0.4283478486,0.0893239478,0.1264774634,0.8121827411,0.0662196286,0.053196623,0.0424773525,2.18781047,0.1206116409,0.5295828419,1.2908864385,0.4081115488,4.0,-1.376422404,3.3925172152,12.903939355,-82.12283949,0.0142359064,0.1070801955,0.954907,0.4364669669,0.0481164387,-0.062209468,1.0911605842,-0.023889073,0.0632335869,0.058910051,,,0.187311498,0.3944603504,0.054167563,0.1773515936,17.730128101,0.5750985332,-0.245817113,-1.258620958,0.688973748,0.4130780717,,,,,,,0.00736203,0.01023724,,,,,,,,,,,,,,,,,,,,423,0.1171907206,0.3064442571,0.2642229466,-0.257952499
20190531,20190531,204683.0,01W,GBR,-0.045361,2019,5,20190430,20190430,15.207243052,0.898794,15.207243052,0.02221143,0.0,0.0106572941,-0.027945141,-0.067834168,-0.349951192,-0.488999456,-0.407440141,0.1412291713,-0.733709696,0.1940879052,-0.061857776,,,-0.17877087,-0.230653489,-0.368515659,,-0.986476211,-0.255669415,4.8604326851,0.0,0.0,0.0,-0.049083194,-0.083632993,0.0345497985,-0.083894488,-0.002203593,-0.081690895,0.0064808767,-0.006480877,-0.018998724,-0.140534841,-0.102074827,0.4483131878,0.1583077756,-0.193238571,-0.158663081,-0.310913706,,,-0.012056728,-0.070900235,-0.95157385,-0.077381111,-1.038555689,0.29186747,1.1725599856,0.97627533,3.0459390863,0.1639030081,0.1193397077,-0.080696119,-0.177606178,0.0,-0.038713642,0.0083412336,-0.039390764,-0.088478372,-0.241126058,-0.021558112,-0.009853739,-0.087952477,-0.043121403,0.6235723617,,-0.154826259,0.0291891285,-0.390740301,-1.831873666,-1.327662493,0.3403779803,0.0717816189,0.3681678492,-0.148729239,0.1300069568,,-0.003608154,0.087407541,-0.041824715,2.1294660008,0.1194024803,0.5554938661,1.8142582146,0.3818167278,3.0,-1.202071283,2.1595259449,,-74.35633443,-0.124122245,0.1531497709,0.9291037798,0.4363083419,0.0091351535,-0.10174382,1.0057887842,-0.069226026,-0.00335235,-0.008464684,,,0.1648518072,0.3676083441,-0.093115007,0.1862596937,18.174576755,0.5110034136,-0.17109258,-0.905286841,0.6768372512,0.4154556354,,,,,,,,0.02050044,,,,,,,,,,,,,,,,,,,,424,-0.434559824,-0.296156802,-0.015091137,-0.369173943
20190628,20190630,204683.0,01W,GBR,0.044995,2019,6,20190531,20190531,14.197193153,0.839097,14.197193153,0.0225349393,0.0,0.0223057549,-0.045360786,-0.086296181,-0.288668238,-0.490809815,-0.517622876,-0.236603856,-0.620747693,-0.051055677,-0.061340059,-0.163735699,,-0.17877087,-0.230653489,-0.368515659,,-0.986476211,-0.255669415,4.8604326851,0.0,0.0,0.0,-0.049083194,-0.083632993,0.0345497985,-0.083894488,-0.002203593,-0.081690895,0.0064808767,-0.006480877,-0.018998724,-0.140534841,-0.102074827,0.4483131878,0.1583077756,-0.193238571,-0.158663081,-0.310913706,,,-0.012056728,-0.070900235,-0.95157385,-0.077381111,-1.038555689,0.29186747,1.1725599856,0.97627533,3.0459390863,0.1639030081,0.1193397077,-0.080696119,-0.177606178,0.0,-0.038713642,0.0083412336,-0.039390764,-0.088478372,-0.241126058,-0.021558112,-0.009853739,-0.087952477,-0.043121403,0.6235723617,,-0.154826259,0.0291891285,-0.390740301,-1.831873666,-1.327662493,0.3403779803,0.0717816189,0.3681678492,-0.148729239,0.1300069568,,-0.003608154,0.087407541,-0.041824715,2.1294660008,0.1194024803,0.5554938661,1.8142582146,0.3818167278,3.0,-1.202071283,2.1595259449,,-74.35633443,-0.124122245,0.1531497709,0.9952042525,0.4673492097,0.009785068,-0.108982317,1.0773449607,-0.074151066,-0.003590851,-0.009066898,,,0.1765800798,0.3969604575,-0.100549882,0.1637777977,18.092137786,0.5205868413,-0.574991682,-0.817616579,0.6859278982,0.3929627429,,20163.33331744,1.94507971,0.00128882,1.98162075,0.00575709,0.00661187,0.01285861,,,,,,,,,,,,,,,,,,,,425,-0.443582475,-0.293071219,-0.016581262,-0.378311703
20190731,20190731,204683.0,01W,GBR,-0.059151,2019,7,20190628,20190630,14.835992991,0.876852,14.835992991,0.0215646426,0.0,0.0223057549,0.044994798,-0.072038314,-0.239294907,-0.518174912,-0.514727991,-0.285382297,-0.363367631,0.0233727158,-0.059374415,-0.005428819,,-0.17877087,-0.230653489,-0.368515659,,-0.986476211,-0.255669415,4.8604326851,0.0,0.0,0.0,-0.049083194,-0.083632993,0.0345497985,-0.083894488,-0.002203593,-0.081690895,0.0064808767,-0.006480877,-0.018998724,-0.140534841,-0.102074827,0.4483131878,0.1583077756,-0.193238571,-0.158663081,-0.310913706,,,-0.012056728,-0.070900235,-0.95157385,-0.077381111,-1.038555689,0.29186747,1.1725599856,0.97627533,3.0459390863,0.1639030081,0.1193397077,-0.080696119,-0.177606178,0.0,-0.038713642,0.0083412336,-0.039390764,-0.088478372,-0.241126058,-0.021558112,-0.009853739,-0.087952477,-0.043121403,0.6235723617,,-0.154826259,0.0291891285,-0.390740301,-1.831873666,-1.327662493,0.3403779803,0.0717816189,0.3681678492,-0.148729239,0.1300069568,,-0.003608154,0.087407541,-0.041824715,2.1294660008,0.1194024803,0.5554938661,1.8142582146,0.3818167278,3.0,-1.202071283,2.1595259449,,-74.35633443,-0.124122245,0.1531497709,0.9523533078,0.4472263504,0.009363748,-0.104289817,1.0309572476,-0.070958311,-0.003436238,-0.0086765,,,0.1689769941,0.3778782808,-0.095716377,0.170624787,18.145580486,0.5712982509,-0.717075059,-0.945020273,0.6844874493,0.3955606587,,20974.72398093,1.8644347,0.00135002,1.88586394,0.00563877,,0.0121071,,,,,,,,,,,,,,,,,,,,426,-0.463929742,-0.304096042,-0.02228614,-0.383708561
20190830,20190831,204683.0,01W,GBR,-0.017797,2019,8,20190731,20190731,13.958423631,0.824985,13.958423631,0.0229204167,0.0,0.0223057549,-0.059151373,-0.002406987,-0.096064684,-0.369637832,-0.504475039,-0.376645522,-0.329999895,-0.024489128,-0.062525528,0.0580696501,,-0.145425819,-0.213122639,-0.106236956,,-0.986476211,-0.286665379,4.8942156282,0.0,0.0,0.0,-0.047613342,-0.058459997,0.0108466552,-0.080708091,-0.002586733,-0.078121359,0.0190750645,-0.019075065,-0.017084873,-0.130788497,-0.07238813,0.5037473453,0.0283411174,-0.116390257,-0.14445354,-0.268723705,,,-0.018913514,-0.083232733,-1.186754247,-0.102307798,-1.458731545,0.2736987947,1.2437826471,1.0957142036,3.7122620027,0.1639030081,0.188476766,-0.080696119,-0.177606178,0.0,-0.057491225,0.0083412336,-0.039390764,-0.27642404,-0.239420316,-0.029637665,-0.013917886,0.0177456919,0.0098240933,0.6235723617,,0.0127283305,0.036170507,-0.308106046,-1.230705211,1.4436895001,0.4721655863,-0.046908958,0.4304894748,-0.091690678,0.0242195872,,0.0130979657,-0.054891616,-0.078046555,2.0596566524,0.1154184435,0.5554938661,1.8619546844,0.3664527697,4.0,-1.170602478,2.1400144891,,-47.41051539,-0.073734588,0.1827702134,0.8954790119,0.4347710143,0.0247241027,-0.144052885,1.0646752272,-0.062804212,0.0117289534,0.0058829709,,,0.1796006173,0.3350669533,-0.057426784,0.1427857954,18.143472629,0.5795252545,-0.518152243,-0.050063127,0.6860193313,0.4071451505,,23142.02435275,1.94260846,0.00152988,1.95964777,0.00539174,,0.01337688,,,,,,,,,,,,,,,,,,,,427,-0.326379192,-0.049571474,0.0348501197,-0.339384331
20190930,20190930,204683.0,01W,GBR,0.070156,2019,9,20190830,20190831,13.710001472,0.8103025,13.710001472,0.0233357296,0.0,0.0223057549,-0.017797293,-0.016818079,-0.1424122,-0.332355379,-0.522082231,-0.43805208,-0.439129301,0.0088576343,-0.064948703,-0.008209217,,-0.145425819,-0.213122639,-0.106236956,,-0.986476211,-0.286665379,4.8942156282,0.0,0.0,0.0,-0.047613342,-0.058459997,0.0108466552,-0.080708091,-0.002586733,-0.078121359,0.0190750645,-0.019075065,-0.017084873,-0.130788497,-0.07238813,0.5037473453,0.0283411174,-0.116390257,-0.14445354,-0.268723705,,,-0.018913514,-0.083232733,-1.186754247,-0.102307798,-1.458731545,0.2736987947,1.2437826471,1.0957142036,3.7122620027,0.1639030081,0.188476766,-0.080696119,-0.177606178,0.0,-0.057491225,0.0083412336,-0.039390764,-0.27642404,-0.239420316,-0.029637665,-0.013917886,0.0177456919,0.0098240933,0.6235723617,,0.0127283305,0.036170507,-0.308106046,-1.230705211,1.4436895001,0.4721655863,-0.046908958,0.4304894748,-0.091690678,0.0242195872,,0.0130979657,-0.054891616,-0.078046555,2.0596566524,0.1154184435,0.5554938661,1.8619546844,0.3664527697,4.0,-1.170602478,2.1400144891,,-47.41051539,-0.073734588,0.1827702134,0.9117048912,0.4426489678,0.025172098,-0.146663091,1.0839669041,-0.06394221,0.0119414794,0.005989569,,,0.1828549403,0.3421817729,-0.058646185,0.1456957317,18.121912619,0.5509179949,-0.498028906,-0.195366516,0.6869254782,0.4077789805,,,,,,,,0.00203229,,,,,,,,,,,,,,,,,,,,428,-0.30312654,-0.046188024,0.0378820378,-0.315461498
20191031,20191031,204683.0,01W,GBR,0.193058,2019,10,20190930,20190930,14.671838944,0.86715,14.671838944,0.0218059159,0.0,0.0223057549,0.0701558986,-0.075895932,-0.103882299,-0.265399305,-0.534709249,-0.447611411,-0.388613661,-0.201245354,-0.040275862,,,-0.145425819,-0.213122639,-0.106236956,,-0.986476211,-0.286665379,4.8942156282,0.0,0.0,0.0,-0.047613342,-0.058459997,0.0108466552,-0.080708091,-0.002586733,-0.078121359,0.0190750645,-0.019075065,-0.017084873,-0.130788497,-0.07238813,0.5037473453,0.0283411174,-0.116390257,-0.14445354,-0.268723705,,,-0.018913514,-0.083232733,-1.186754247,-0.102307798,-1.458731545,0.2736987947,1.2437826471,1.0957142036,3.7122620027,0.1639030081,0.188476766,-0.080696119,-0.177606178,0.0,-0.057491225,0.0083412336,-0.039390764,-0.27642404,-0.239420316,-0.029637665,-0.013917886,0.0177456919,0.0098240933,0.6235723617,,0.0127283305,0.036170507,-0.308106046,-1.230705211,1.4436895001,0.4721655863,-0.046908958,0.4304894748,-0.091690678,0.0242195872,,0.0130979657,-0.054891616,-0.078046555,2.0596566524,0.1154184435,0.5554938661,1.8619546844,0.3664527697,4.0,-1.170602478,2.1400144891,,-47.41051539,-0.073734588,0.1827702134,0.8519365192,0.4136303583,0.0235218981,-0.137048342,1.0129056014,-0.05975037,0.0111586353,0.0055969126,,,0.1708675722,0.3161869091,-0.054190952,0.1446555479,18.201329374,0.5670720125,-0.673410687,-0.080733255,0.6883001424,0.406507776,,,,,,,,0.00987233,,,,,,,,,,,,,,,,,,,,429,-0.318668923,-0.047731338,0.0226504415,-0.320059426
20191129,20191130,204683.0,01W,GBR,0.0125,2019,11,20191031,20191031,17.473313887,1.03456,17.473313887,0.0183098002,-0.001773091,0.0240804194,0.1930577178,0.0511100202,-0.013444936,-0.10606635,-0.376612526,-0.349951192,-0.440805259,-0.111690021,-0.012571522,,,-0.11288313,-0.227213821,0.4997310628,,-0.986476211,-0.297817092,5.4707408082,0.0,0.0,0.0,-0.035497597,-0.038455217,0.00295762,-0.058346899,-0.002331317,-0.056015581,0.0193881542,-0.019388154,-0.01255765,-0.108180129,-0.083634891,0.4765533611,0.0194915678,-0.163624271,-0.114149877,-0.299133441,,,-0.030147981,-0.097027541,-1.750710794,-0.116415696,-2.100539825,0.2841214064,1.222997236,1.0769923694,3.5766584694,0.1639030081,0.188476766,-0.080696119,-0.177606178,0.0,-0.047068613,0.0083412336,-0.039390764,-0.405332317,-0.210456992,-0.03161966,-0.015351908,0.0193378222,0.0114863511,0.6235723617,,-0.008563724,0.002403987,-0.291149407,-0.56487692,1.1383372121,0.6708756908,-0.06878347,0.4227585261,-0.133809624,0.0172912986,,0.0416057425,-0.077535974,-0.094665725,2.0596566524,0.1017256259,0.5554938661,1.3431695014,0.3804075076,3.0,-1.215344741,1.9810875368,,-50.41616119,-0.08998965,0.176734146,0.6980437986,0.3389127007,0.0192729326,-0.112292105,0.7996192903,-0.038686843,0.0290426306,0.0241597217,,,0.1434725843,0.2518463775,-0.060969949,0.1710682458,18.260106112,0.6345510099,-0.259181395,0.4117651825,0.7266677959,0.4123982866,,,,,,,,0.00862911,,,,,,,,,,,,,,,,,,,,430,-0.16062516,0.101779694,0.1106016982,-0.292995734
20191231,20191231,204683.0,01W,GBR,0.030448,2019,12,20191129,20191130,17.653911659,1.047492,17.653911659,0.0181224928,-0.003906946,0.0262203531,0.0125,0.276757754,0.2329444629,0.0754450495,-0.162750329,-0.288668238,-0.424951786,-0.107321353,-0.001678672,,,-0.11288313,-0.227213821,0.4997310628,,-0.986476211,-0.297817092,5.4707408082,0.0,0.0,0.0,-0.035497597,-0.038455217,0.00295762,-0.058346899,-0.002331317,-0.056015581,0.0193881542,-0.019388154,-0.01255765,-0.108180129,-0.083634891,0.4765533611,0.0194915678,-0.163624271,-0.114149877,-0.299133441,,,-0.030147981,-0.097027541,-1.750710794,-0.116415696,-2.100539825,0.2841214064,1.222997236,1.0769923694,3.5766584694,0.1639030081,0.188476766,-0.080696119,-0.177606178,0.0,-0.047068613,0.0083412336,-0.039390764,-0.405332317,-0.210456992,-0.03161966,-0.015351908,0.0193378222,0.0114863511,0.6235723617,,-0.008563724,0.002403987,-0.291149407,-0.56487692,1.1383372121,0.6708756908,-0.06878347,0.4227585261,-0.133809624,0.0172912986,,0.0416057425,-0.077535974,-0.094665725,2.0596566524,0.1017256259,0.5554938661,1.3431695014,0.3804075076,3.0,-1.215344741,1.9810875368,,-50.41616119,-0.08998965,0.176734146,0.6909028795,0.3354456573,0.0190757724,-0.111143368,0.791439264,-0.03829108,0.0287455273,0.0239125701,,,0.142004874,0.2489478633,-0.060268243,0.1875576977,18.27108512,0.6509833573,0.0240563045,0.8603163072,0.7335478808,0.4449689443,,,,,,,,0.01350871,,,,,,,,,,,,,,,,,,,,431,-0.159087841,0.1034778593,0.0930056275,-0.29848303
20200131,20200131,204683.0,01W,GBR,-0.089479,2020,1,20191231,20191231,18.191437348,1.079386,18.191437348,0.0175870043,-0.003906946,0.0262203531,0.0304479652,0.2079709393,0.194605247,0.1584267881,-0.050369028,-0.239294907,-0.493284944,-0.12058656,0.0120517395,0.0763245466,,-0.11288313,-0.227213821,0.4997310628,,-0.986476211,-0.297817092,5.4707408082,0.0,0.0,0.0,-0.035497597,-0.038455217,0.00295762,-0.058346899,-0.002331317,-0.056015581,0.0193881542,-0.019388154,-0.01255765,-0.108180129,-0.083634891,0.4765533611,0.0194915678,-0.163624271,-0.114149877,-0.299133441,,,-0.030147981,-0.097027541,-1.750710794,-0.116415696,-2.100539825,0.2841214064,1.222997236,1.0769923694,3.5766584694,0.1639030081,0.188476766,-0.080696119,-0.177606178,0.0,-0.047068613,0.0083412336,-0.039390764,-0.405332317,-0.210456992,-0.03161966,-0.015351908,0.0193378222,0.0114863511,0.6235723617,,-0.008563724,0.002403987,-0.291149407,-0.56487692,1.1383372121,0.6708756908,-0.06878347,0.4227585261,-0.133809624,0.0172912986,,0.0416057425,-0.077535974,-0.094665725,2.0596566524,0.1017256259,0.5554938661,1.3431695014,0.3804075076,3.0,-1.215344741,1.9810875368,,-50.41616119,-0.08998965,0.176734146,0.6704878876,0.325533815,0.0185121161,-0.107859273,0.7680535948,-0.037159645,0.0278961464,0.0232059948,,,0.1378088741,0.2407025484,-0.05827212,0.204372661,18.302472728,0.6594782591,0.0503017536,0.5262893567,0.7329095327,0.4561860951,,,,,,,,0.02343633,,,,,,,,,,,,,,,,,,,,432,-0.148112286,0.1074608095,0.0961851754,-0.273962359
20200228,20200229,204683.0,01W,GBR,-0.116585,2020,2,20200131,20200131,16.563692128,0.982804,16.563692128,0.0193153123,-0.003906946,0.0262203531,-0.089478648,0.0433285648,0.3083704552,0.2280155962,0.1127249804,-0.096064684,-0.627042571,-0.008304105,0.0046722356,,,-0.249846104,-0.191115801,0.8153202468,,1.9788078137,-0.312108385,1.3949050176,0.0,0.0,0.0,-0.224454831,-0.092533014,-0.131921817,-0.239958221,-0.002541304,-0.237416917,-0.022280242,0.022280242,0.0219632571,-0.21824654,-0.045375963,0.5329062163,0.1901168738,-0.096719844,-0.26917297,-0.38014622,,,-0.025645084,-0.226179973,-2.148685856,-0.203899731,-1.93702591,0.1103288575,1.2681551426,1.0562523815,8.3777003701,0.1639030081,0.2853693338,-0.080696119,-0.177606178,0.0,-0.27706089,0.0083412336,-0.039390764,-0.068683924,-0.044885388,-0.108732325,-0.052791481,-0.089365326,-0.04259128,0.6235723617,,0.1670836068,0.0315240308,-0.227269695,1.7879150407,-0.689851547,1.0090792827,-0.027052874,0.3997616744,-0.062076244,0.1426169136,,0.1209156447,-0.036063099,0.0546960161,2.5571147909,0.1066490721,0.5554938661,1.0080126753,0.4323203348,6.0,-0.789626387,1.9774716888,,-19.17547667,0.3069497418,0.0887586793,0.6765719813,0.2645841257,0.0303718516,-0.162701044,0.8336381553,-0.071218895,0.0818081373,0.0743951222,,,0.1513516117,0.118842618,-0.029140467,0.2594412914,18.91874551,0.725299368,0.3033200823,0.592363574,0.7911974235,0.4723006259,0.00599393,27871.4723828,4.08537125,0.0016028,4.00967864,0.00535669,0.00550216,0.0140922,,,,,,,,,,,,,,,,,,,,433,0.8157634577,0.4998984074,1.5248401932,-0.411140309
20200331,20200331,204683.0,01W,GBR,-0.179057,2020,3,20200228,20200229,14.632617525,0.868224,14.632617525,0.0218643647,-0.003906946,0.0262203531,-0.116584792,-0.061755126,0.2128853113,0.1712638706,0.0216436904,-0.1424122,-0.676753301,-0.060028546,-0.000469241,,,-0.249846104,-0.191115801,0.8153202468,,1.9788078137,-0.312108385,1.3949050176,0.0,0.0,0.0,-0.224454831,-0.092533014,-0.131921817,-0.239958221,-0.002541304,-0.237416917,-0.022280242,0.022280242,0.0219632571,-0.21824654,-0.045375963,0.5329062163,0.1901168738,-0.096719844,-0.26917297,-0.38014622,,,-0.025645084,-0.226179973,-2.148685856,-0.203899731,-1.93702591,0.1103288575,1.2681551426,1.0562523815,8.3777003701,0.1639030081,0.2853693338,-0.080696119,-0.177606178,0.0,-0.27706089,0.0083412336,-0.039390764,-0.068683924,-0.044885388,-0.108732325,-0.052791481,-0.089365326,-0.04259128,0.6235723617,,0.1670836068,0.0315240308,-0.227269695,1.7879150407,-0.689851547,1.0090792827,-0.027052874,0.3997616744,-0.062076244,0.1426169136,,0.1209156447,-0.036063099,0.0546960161,2.5571147909,0.1066490721,0.5554938661,1.0080126753,0.4323203348,6.0,-0.789626387,1.9774716888,,-19.17547667,0.3069497418,0.0887586793,0.7658595587,0.2995014387,0.0343800417,-0.18417279,0.9436538423,-0.080617692,0.0926044023,0.0842130875,,,0.1713255674,0.1380669411,-0.033854312,0.2609019521,18.864032126,0.6631949878,0.2723866053,0.3976981809,0.7964174159,0.462684138,,25062.82189966,4.2909005,0.00143867,4.21914028,0.00565101,0.00563217,0.01044048,,,,,,,,,,,,,,,,,,,,434,0.8291033308,0.5073003744,1.5284090658,-0.410303892
20200430,20200430,204683.0,01W,GBR,-0.132094,2020,4,20200331,20200331,12.012546358,0.7127625,12.012546358,0.026633228,-0.003906946,0.0262203531,-0.179056902,-0.195631591,0.00123854,-0.009839745,-0.039826615,-0.103882299,-0.643622151,-0.027945141,-0.014206674,,,-0.249846104,-0.191115801,0.8153202468,,1.9788078137,-0.312108385,1.3949050176,0.0,0.0,0.0,-0.224454831,-0.092533014,-0.131921817,-0.239958221,-0.002541304,-0.237416917,-0.022280242,0.022280242,0.0219632571,-0.21824654,-0.045375963,0.5329062163,0.1901168738,-0.096719844,-0.26917297,-0.38014622,,,-0.025645084,-0.226179973,-2.148685856,-0.203899731,-1.93702591,0.1103288575,1.2681551426,1.0562523815,8.3777003701,0.1639030081,0.2853693338,-0.080696119,-0.177606178,0.0,-0.27706089,0.0083412336,-0.039390764,-0.068683924,-0.044885388,-0.108732325,-0.052791481,-0.089365326,-0.04259128,0.6235723617,,0.1670836068,0.0315240308,-0.227269695,1.7879150407,-0.689851547,1.0090792827,-0.027052874,0.3997616744,-0.062076244,0.1426169136,,0.1209156447,-0.036063099,0.0546960161,2.5571147909,0.1066490721,0.5554938661,1.0080126753,0.4323203348,6.0,-0.789626387,1.9774716888,,-19.17547667,0.3069497418,0.0887586793,0.932902123,0.3648260635,0.0418787146,-0.224342943,1.1494753351,-0.098201315,0.1128024617,0.1025809069,,,0.2086935963,0.1768907344,-0.04337399,0.271874888,18.761672266,0.6853380846,0.3218946666,0.1575991951,0.7998147166,0.4676838607,,25014.5881822,4.33042482,0.00143672,4.25561585,0.00586003,0.00571646,0.02819074,,,,,,,,,,,,,,,,,,,,435,0.8457654219,0.5070017604,1.5356783067,-0.388764387
20200529,20200531,204683.0,01W,GBR,-0.020398,2020,5,20200430,20200430,10.425761896,0.6186109,10.425761896,0.0306867632,-0.003906946,0.0262203531,-0.13209393,-0.274766383,-0.311047692,-0.136029746,-0.189091329,-0.013444936,-0.65841556,-0.045360786,-0.022091505,,,-0.145975156,-0.054449922,1.2486581044,,2.3708973011,-0.230461517,1.0497004956,0.0,0.0,0.0,-0.170893082,-0.045501427,-0.125391655,-0.145664394,-0.001980109,-0.143684285,0.0333779871,-0.033377987,0.0520980444,-0.158802684,0.038003663,0.5606409834,0.610361102,0.2158293573,-0.378613528,0.3097014925,-0.012715661,-0.005597629,-0.007118032,-0.359565361,-2.42846553,-0.392943348,-2.653896843,0.1256056735,1.1121720997,1.1041842362,8.1492537313,0.1371794872,0.2853693338,0.1997302068,-0.236966825,0.0,-0.229797538,0.0006777074,-0.059334509,0.419992381,0.0527059661,-0.158203076,-0.061867804,-0.136644964,-0.052014065,0.6287412758,,0.1844072918,0.1251169543,0.0161293463,2.297023321,-0.621354535,1.293174394,0.2141857939,0.4788013284,0.1534975713,0.5212635448,,0.2115025793,0.2507957414,0.2151107337,2.5571147909,0.1135236844,0.6735693118,0.7494728135,0.492182082,6.0,-0.854776598,2.5422635938,,-58.37131025,0.2107738851,0.0957570174,1.1573838459,0.4526131756,0.0519558767,-0.27832598,1.3871837995,-0.171365471,0.2447896687,0.2280215128,0.0387446025,0.0387446025,0.1902931622,0.2358712981,0.1385303818,0.3063301382,19.700607823,0.5958500081,0.4732689428,-0.200504709,0.852480274,0.5203832978,,28649.47964688,3.95851209,0.0017518,3.82943189,0.0056076,0.00586242,0.05433915,,,,,,,,,,,,,,,,,,,,436,1.0793836459,0.6760724873,1.6321940163,-0.248590014
20200630,20200630,204683.0,01W,GBR,0.266822,2020,6,20200529,20200531,10.213092573,0.6059922,10.213092573,,-0.003906946,0.0039145981,,-0.287498503,-0.409436158,-0.236567948,-0.262765926,0.2329444629,-0.60599875,0.044994798,,-0.067825029,,-0.145975156,-0.054449922,1.2486581044,,2.3708973011,-0.230461517,1.0497004956,0.0,0.0,0.0,-0.170893082,-0.045501427,-0.125391655,-0.145664394,-0.001980109,-0.143684285,0.0333779871,-0.033377987,0.0520980444,-0.158802684,0.038003663,0.5606409834,0.610361102,0.2158293573,-0.378613528,0.3097014925,-0.012715661,-0.005597629,-0.007118032,-0.359565361,-2.42846553,-0.392943348,-2.653896843,0.1256056735,1.1121720997,1.1041842362,8.1492537313,0.1371794872,0.2853693338,0.1997302068,-0.236966825,0.0,-0.229797538,0.0006777074,-0.059334509,0.419992381,0.0527059661,-0.158203076,-0.061867804,-0.136644964,-0.052014065,0.6287412758,,0.1844072918,0.1251169543,0.0161293463,2.297023321,-0.621354535,1.293174394,0.2141857939,0.4788013284,0.1534975713,0.5212635448,,0.2115025793,0.2507957414,0.2151107337,2.5571147909,0.1135236844,0.6735693118,0.7494728135,0.492182082,6.0,-0.854776598,2.5422635938,,-58.37131025,0.2107738851,0.0957570174,1.1814842874,0.4620380327,0.0530377646,-0.284121619,1.4160694126,-0.17493385,0.2498869742,0.2327696516,0.0395513893,0.0395513893,0.1942556758,0.2427322351,0.1425599023,0.3205943544,19.708255655,0.6150681074,0.1742084098,-0.678831085,0.8286657413,0.4606993822,,15217.97450392,2.62664703,0.00100693,3.0753824,0.00665052,,0.02945736,,,,,,,,,,,,,,,,,,,,437,1.0916469565,0.6705908366,1.6376278716,-0.245742912
20200731,20200731,204683.0,01W,GBR,-0.007323,2020,7,20200630,20200630,12.938166132,0.767684,12.938166132,,-0.003906946,0.0039145981,,,,,,0.194605247,-0.575839162,-0.059151373,,0.007312832,,-0.145975156,-0.054449922,1.2486581044,,2.3708973011,-0.230461517,1.0497004956,0.0,0.0,0.0,-0.170893082,-0.045501427,-0.125391655,-0.145664394,-0.001980109,-0.143684285,0.0333779871,-0.033377987,0.0520980444,-0.158802684,0.038003663,0.5606409834,0.610361102,0.2158293573,-0.378613528,0.3097014925,-0.012715661,-0.005597629,-0.007118032,-0.359565361,-2.42846553,-0.392943348,-2.653896843,0.1256056735,1.1121720997,1.1041842362,8.1492537313,0.1371794872,0.2853693338,0.1997302068,-0.236966825,0.0,-0.229797538,0.0006777074,-0.059334509,0.419992381,0.0527059661,-0.158203076,-0.061867804,-0.136644964,-0.052014065,0.6287412758,,0.1844072918,0.1251169543,0.0161293463,2.297023321,-0.621354535,1.293174394,0.2141857939,0.4788013284,0.1534975713,0.5212635448,,0.2115025793,0.2507957414,0.2151107337,2.5571147909,0.1135236844,0.6735693118,0.7494728135,0.492182082,6.0,-0.854776598,2.5422635938,,-58.37131025,0.2107738851,0.0957570174,0.9326366872,0.3647222606,0.0418667989,-0.224279111,1.1178128223,-0.138088782,0.1972550649,0.1837430418,0.0312209625,0.0312209625,0.1533409897,0.1768258525,0.1038521985,0.3114230541,19.629288443,0.6621900107,0.1499607538,-1.122367047,0.8324369849,0.4685120952,0.00418645,21885.42498558,3.24553148,0.00167175,3.30898856,0.00589718,0.00564116,0.02945291,,,,,,,,,,,,,,,,,,,,438,1.1116472853,0.6759525604,1.6343380965,-0.220659402
20200828,20200831,204683.0,01W,GBR,-0.089323,2020,8,20200731,20200731,12.843415727,0.762062,12.843415727,,-0.003906946,0.0039145981,-0.007323326,0.2409803966,-0.218883928,-0.257960872,-0.06945702,0.3083704552,-0.569392011,-0.017797293,,0.0106180173,,-0.161233199,-0.070090888,1.5823951265,,2.5554362477,-0.302660102,0.8685590321,0.0,0.0,0.0,-0.141059657,-0.055583731,-0.085475926,-0.246481215,-0.002604561,-0.243876654,-0.024010971,0.0240109709,0.0483520926,-0.112631788,0.0641265847,0.6305068844,0.5090360397,0.2740067964,-0.265590472,1.6104250486,-0.012715661,-0.005597629,-0.026121744,-0.379295427,-3.063222107,-0.355284456,-2.869307465,0.0440250476,1.1882777947,1.2025567565,25.113220302,0.1371794872,0.4200213751,0.1997302068,-0.236966825,0.0,-0.27625001,0.0006777074,-0.059334509,1.3080493296,-0.051647086,0.0489416121,0.019139388,0.0785792771,0.033057274,0.6287412758,,0.2744159004,0.1275223378,0.02832976,0.9840202379,2.1673421591,1.8562621913,0.108822119,0.5288482427,0.2206906961,0.4269625308,,0.2554730548,0.1297406131,0.2423750891,2.1449312277,0.114268974,0.6735693118,0.6383470252,0.4987181302,7.0,-1.093503378,2.6783701821,,-58.37131025,0.172036363,0.0858590427,0.8163050409,0.3805739924,0.0072702622,-0.335595304,1.0760030115,-0.101076826,0.2085439424,0.1921366833,0.0314512906,0.0314512906,0.1544722403,0.0644879226,0.159402721,0.3057364094,19.22301998,0.668733038,0.3423995272,0.1302246694,0.8292221885,0.6919967454,,20435.15892122,3.52550124,0.00164902,3.43772796,0.00598088,0.00584167,0.01595808,,,,,,,,,,,,,,,,,,,,439,1.3774865143,0.8607162524,1.6542794734,0.2831176602
20200930,20200930,204683.0,01W,GBR,0.509372,2020,9,20200828,20200831,11.696197642,0.693992,11.696197642,,-0.003906946,0.0039145981,-0.089323441,,-0.122274897,-0.272488955,-0.059533939,0.2128853113,-0.60277142,0.0701558986,,0.0126299333,,-0.161233199,-0.070090888,1.5823951265,,2.5554362477,-0.302660102,0.8685590321,0.0,0.0,0.0,-0.141059657,-0.055583731,-0.085475926,-0.246481215,-0.002604561,-0.243876654,-0.024010971,0.0240109709,0.0483520926,-0.112631788,0.0641265847,0.6305068844,0.5090360397,0.2740067964,-0.265590472,1.6104250486,-0.012715661,-0.005597629,-0.026121744,-0.379295427,-3.063222107,-0.355284456,-2.869307465,0.0440250476,1.1882777947,1.2025567565,25.113220302,0.1371794872,0.4200213751,0.1997302068,-0.236966825,0.0,-0.27625001,0.0006777074,-0.059334509,1.3080493296,-0.051647086,0.0489416121,0.019139388,0.0785792771,0.033057274,0.6287412758,,0.2744159004,0.1275223378,0.02832976,0.9840202379,2.1673421591,1.8562621913,0.108822119,0.5288482427,0.2206906961,0.4269625308,,0.2554730548,0.1297406131,0.2423750891,2.1449312277,0.114268974,0.6735693118,0.6383470252,0.4987181302,7.0,-1.093503378,2.6783701821,,-58.37131025,0.172036363,0.0858590427,0.8963720793,0.4179024799,0.0079833637,-0.36851207,1.1815424485,-0.110990917,0.2289989133,0.210982353,0.0345361811,0.0345361811,0.1696236042,0.0745043908,0.1841616562,0.309507454,19.212199928,0.6882359451,0.3459550773,0.1962900496,0.8335109867,0.6742383869,,21431.42847614,3.46399661,0.00174579,3.34392989,0.00591969,0.00595967,0.02858243,,,,,,,,,,,,,,,,,,,,440,1.373972215,0.8531838532,1.6541487106,0.2759688296
20201030,20201031,204683.0,01W,GBR,0.083581,2020,10,20200930,20200930,17.627724359,1.047492,17.627724359,,-0.005384522,0.0053990704,0.509371866,-0.095992622,-0.026334859,-0.357049285,-0.199686329,0.00123854,-0.537328466,0.1930577178,,,,-0.161233199,-0.070090888,1.5823951265,,2.5554362477,-0.302660102,0.8685590321,0.0,0.0,0.0,-0.141059657,-0.055583731,-0.085475926,-0.246481215,-0.002604561,-0.243876654,-0.024010971,0.0240109709,0.0483520926,-0.112631788,0.0641265847,0.6305068844,0.5090360397,0.2740067964,-0.265590472,1.6104250486,-0.012715661,-0.005597629,-0.026121744,-0.379295427,-3.063222107,-0.355284456,-2.869307465,0.0440250476,1.1882777947,1.2025567565,25.113220302,0.1371794872,0.4200213751,0.1997302068,-0.236966825,0.0,-0.27625001,0.0006777074,-0.059334509,1.3080493296,-0.051647086,0.0489416121,0.019139388,0.0785792771,0.033057274,0.6287412758,,0.2744159004,0.1275223378,0.02832976,0.9840202379,2.1673421591,1.8562621913,0.108822119,0.5288482427,0.2206906961,0.4269625308,,0.2554730548,0.1297406131,0.2423750891,2.1449312277,0.114268974,0.6735693118,0.6383470252,0.4987181302,7.0,-1.093503378,2.6783701821,,-58.37131025,0.172036363,0.0858590427,0.5947531733,0.2772830968,0.0052970536,-0.244511992,0.7839669896,-0.073643749,0.15194341,0.1399892153,0.022915153,0.022915153,0.1125472103,0.0413207119,0.1021374801,0.295400381,19.252959927,0.4656466707,0.0191602322,0.0605909493,0.8413061455,0.6300140155,,23690.07499649,3.06363402,0.00187598,3.03574417,0.00568987,0.00591536,0.01609952,,,,,,,,,,,,,,,,,,,,441,1.3721537885,0.851869578,1.6566807682,0.2837143776
20201130,20201130,204683.0,01W,GBR,0.029639,2020,11,20201030,20201031,18.688193431,1.114216,18.688193431,0.0173610862,-0.006933494,0.025476688,0.0835810346,0.3745495773,0.6932970305,0.0658198379,0.0125,-0.311047692,-0.454161899,0.0125,,,,-0.14513701,-0.018896512,1.8880270415,,2.404529107,-0.316414325,0.7174163502,0.0,0.0,0.0,-0.134714325,-0.04465423,-0.090060095,-0.234609153,-0.002506329,-0.232102824,-0.023391172,0.0233911725,0.0369338209,-0.101732692,0.0905392253,0.6428381823,0.5195049005,0.3488251766,-0.18032577,2.2677598704,-0.012715661,-0.005597629,-0.025851429,-0.355067174,-4.223437784,-0.331676002,-3.94520547,0.0448699016,1.1501196782,1.2118073124,25.047263909,0.1371794872,0.4200213751,0.1997302068,-0.236966825,0.0,-0.275405156,0.0006777074,-0.059334509,3.3312638643,-0.033447907,0.0469910411,0.0219079477,0.0786107011,0.037259856,0.6287412758,,0.2890045199,0.1416278205,0.0915342135,1.0328324862,1.4800772352,2.2866106119,0.1405717262,0.5495385705,0.2863424885,0.4441055125,,0.2709965209,0.1644377262,0.2293907784,2.1449312277,0.1119840817,0.6735693118,0.5134008982,0.5082886819,7.0,-1.334288341,2.8957458943,,-58.37131025,0.0132899683,0.0616123338,0.5579395482,0.2601200174,0.0049691802,-0.229377356,0.7335100019,-0.046906342,0.1511996764,0.1380144426,0.0216148234,0.0216148234,0.1061606734,0.0380017838,0.1190547817,0.2610548481,18.994524551,0.446895507,0.1519780335,0.6166847492,0.8667631084,0.7179599692,,21293.63438044,2.93622719,0.00157512,3.04030699,0.00596627,0.00593139,0.01495509,,,,,,,,,,,,,,,,,,,,442,1.4567143328,0.9735298959,1.6799647205,0.382507777
20201231,20201231,204683.0,01W,GBR,0.023463,2020,12,20201130,20201130,19.242088636,1.14724,19.242088636,0.0168613368,-0.004806122,0.0233367543,,0.6355267281,,0.3073152379,0.0835810346,-0.409436158,,0.0304479652,,,,-0.14513701,-0.018896512,1.8880270415,,2.404529107,-0.316414325,0.7174163502,0.0,0.0,0.0,-0.134714325,-0.04465423,-0.090060095,-0.234609153,-0.002506329,-0.232102824,-0.023391172,0.0233911725,0.0369338209,-0.101732692,0.0905392253,0.6428381823,0.5195049005,0.3488251766,-0.18032577,2.2677598704,-0.012715661,-0.005597629,-0.025851429,-0.355067174,-4.223437784,-0.331676002,-3.94520547,0.0448699016,1.1501196782,1.2118073124,25.047263909,0.1371794872,0.4200213751,0.1997302068,-0.236966825,0.0,-0.275405156,0.0006777074,-0.059334509,3.3312638643,-0.033447907,0.0469910411,0.0219079477,0.0786107011,0.037259856,0.6287412758,,0.2890045199,0.1416278205,0.0915342135,1.0328324862,1.4800772352,2.2866106119,0.1405717262,0.5495385705,0.2863424885,0.4441055125,,0.2709965209,0.1644377262,0.2293907784,2.1449312277,0.1119840817,0.6735693118,0.5134008982,0.5082886819,7.0,-1.334288341,2.8957458943,,-58.37131025,0.0132899683,0.0616123338,0.5418789195,0.2526323047,0.0048261393,-0.22277459,0.7123954712,-0.045556115,0.1468473019,0.1340416131,0.0209926275,0.0209926275,0.103104774,0.0365943357,0.1146454249,0.259084616,19.004277367,0.446895507,0.1945310322,0.6481544664,0.8655448615,0.7369494707,,20717.71885781,2.98029889,0.00152835,3.09480794,0.00604038,0.00642763,0.01674937,,,,,,,,,,,,,,,,,,,,443,1.4537774087,0.9603575607,1.6799647205,0.3926404305
20210129,20210131,204683.0,01W,GBR,-0.02459,2021,1,20201231,20201231,19.693570926,1.174158,19.693570926,0.0164747845,-0.004806122,0.0233367543,,,,,,,-0.410403044,-0.089478648,,-0.002523765,,-0.14513701,-0.018896512,1.8880270415,,2.404529107,-0.316414325,0.7174163502,0.0,0.0,0.0,-0.134714325,-0.04465423,-0.090060095,-0.234609153,-0.002506329,-0.232102824,-0.023391172,0.0233911725,0.0369338209,-0.101732692,0.0905392253,0.6428381823,0.5195049005,0.3488251766,-0.18032577,2.2677598704,-0.012715661,-0.005597629,-0.025851429,-0.355067174,-4.223437784,-0.331676002,-3.94520547,0.0448699016,1.1501196782,1.2118073124,25.047263909,0.1371794872,0.4200213751,0.1997302068,-0.236966825,0.0,-0.275405156,0.0006777074,-0.059334509,3.3312638643,-0.033447907,0.0469910411,0.0219079477,0.0786107011,0.037259856,0.6287412758,,0.2890045199,0.1416278205,0.0915342135,1.0328324862,1.4800772352,2.2866106119,0.1405717262,0.5495385705,0.2863424885,0.4441055125,,0.2709965209,0.1644377262,0.2293907784,2.1449312277,0.1119840817,0.6735693118,0.5134008982,0.5082886819,7.0,-1.334288341,2.8957458943,,-58.37131025,0.0132899683,0.0616123338,0.5294561479,0.2468406171,0.0047154983,-0.217667401,0.6960635454,-0.044511724,0.143480774,0.1309686603,0.0205113639,0.0205113639,0.1007410595,0.0355219804,0.1112858715,0.2533925965,19.011821095,0.4483368283,0.2050283429,0.4883796355,0.8683412176,0.7487205534,,11824.99892096,1.82390523,0.00077855,1.92742218,0.00716603,0.00655413,0.01475832,,,,,,,,,,,,,,,,,,,,444,1.4628164422,0.9617590312,1.6800088051,0.4129057431
20210226,20210228,204683.0,01W,GBR,-0.045486,2021,2,20210129,20210131,19.152050861,1.145286,19.152050861,0.0169406054,-0.007772864,0.0263222759,,,,,,-0.218883928,-0.433449964,-0.116584792,,,,-0.032165318,-0.027103139,1.1230668744,,22.989717267,-0.311018755,0.9772463097,0.0,0.0,0.0,-0.099640419,-0.113252872,0.0136124533,0.0842832228,-0.002198179,0.0864814019,0.0574684925,-0.057468492,0.0121084798,0.0225500698,0.0903653004,0.5999261078,0.3672059085,0.3697933137,-0.039388861,0.4440506941,-0.012715661,-0.005597629,-0.01725995,-0.207269613,-12.33469809,-0.264738105,-15.7546712,0.2439492689,1.0786034873,1.2183491447,4.9139513988,0.1371794872,0.2769762728,0.1997302068,-0.236966825,1.0,0.0968743045,0.0006777074,-0.059334509,2.8540462823,-0.078603576,0.0103750263,0.0048369972,0.1191073514,0.0576284782,0.6287412758,,0.3289256924,0.1098701327,0.1295847674,0.513704787,1.6569007637,1.9676629841,0.1547918937,0.5806292938,0.3904308738,0.3553946137,,0.1904658282,0.1599362954,0.0695501834,2.3440469536,0.1176455003,0.6735693118,0.6859445771,0.5252871674,6.0,-1.71217349,2.9571849902,,-58.37131025,-0.063936436,0.0660437206,0.5663136798,0.2415965597,0.0588123543,-0.098043098,0.7014330892,-0.009516213,0.107863404,0.0942520784,0.0210913183,0.0210913183,0.103589491,0.1582594333,0.1004195564,0.2516980427,18.528586832,0.4373297828,0.2620367201,0.5740192948,0.8225487881,0.6779859483,,,,,,,0.00665614,0.03199753,,,,,,,,,,,,,,,,,,,,445,1.3794575038,1.0936610274,1.6445290679,0.0837168521
20210331,20210331,204683.0,01W,GBR,-0.029674,2021,3,20210226,20210228,18.133311178,1.093191,18.133311178,0.0178923382,-0.015783067,0.0344279918,-0.045486455,,0.6811335184,,0.3437698252,-0.122274897,,-0.179056902,,,,-0.032165318,-0.027103139,1.1230668744,,22.989717267,-0.311018755,0.9772463097,0.0,0.0,0.0,-0.099640419,-0.113252872,0.0136124533,0.0842832228,-0.002198179,0.0864814019,0.0574684925,-0.057468492,0.0121084798,0.0225500698,0.0903653004,0.5999261078,0.3672059085,0.3697933137,-0.039388861,0.4440506941,-0.012715661,-0.005597629,-0.01725995,-0.207269613,-12.33469809,-0.264738105,-15.7546712,0.2439492689,1.0786034873,1.2183491447,4.9139513988,0.1371794872,0.2769762728,0.1997302068,-0.236966825,1.0,0.0968743045,0.0006777074,-0.059334509,2.8540462823,-0.078603576,0.0103750263,0.0048369972,0.1191073514,0.0576284782,0.6287412758,,0.3289256924,0.1098701327,0.1295847674,0.513704787,1.6569007637,1.9676629841,0.1547918937,0.5806292938,0.3904308738,0.3553946137,,0.1904658282,0.1599362954,0.0695501834,2.3440469536,0.1176455003,0.6735693118,0.6859445771,0.5252871674,6.0,-1.71217349,2.9571849902,,-58.37131025,-0.063936436,0.0660437206,0.5981295028,0.2551695912,0.0621164656,-0.103551215,0.7408399971,-0.010050839,0.1139232311,0.0995472135,0.0222762405,0.0222762405,0.1094092072,0.1681775733,0.1067128635,0.2743505783,18.483375719,0.4174556182,0.2917827763,0.7478083104,0.8284941135,0.6675098006,,14043.78696495,1.34185006,0.00082247,1.32546847,0.00725891,0.00662411,0.015599,,,,,,,,,,,,,,,,,,,,446,1.3765130908,1.0865543492,1.638645243,0.0747830257
20210430,20210430,204683.0,01W,GBR,-0.03631,2021,4,20210331,20210331,17.595229104,1.060752,17.595229104,0.0184395062,-0.015783067,0.0344279918,-0.02967368,,0.0631341094,0.4506287411,0.5624060953,-0.026334859,,-0.13209393,,,,-0.032165318,-0.027103139,1.1230668744,,22.989717267,-0.311018755,0.9772463097,0.0,0.0,0.0,-0.099640419,-0.113252872,0.0136124533,0.0842832228,-0.002198179,0.0864814019,0.0574684925,-0.057468492,0.0121084798,0.0225500698,0.0903653004,0.5999261078,0.3672059085,0.3697933137,-0.039388861,0.4440506941,-0.012715661,-0.005597629,-0.01725995,-0.207269613,-12.33469809,-0.264738105,-15.7546712,0.2439492689,1.0786034873,1.2183491447,4.9139513988,0.1371794872,0.2769762728,0.1997302068,-0.236966825,1.0,0.0968743045,0.0006777074,-0.059334509,2.8540462823,-0.078603576,0.0103750263,0.0048369972,0.1191073514,0.0576284782,0.6287412758,,0.3289256924,0.1098701327,0.1295847674,0.513704787,1.6569007637,1.9676629841,0.1547918937,0.5806292938,0.3904308738,0.3553946137,,0.1904658282,0.1599362954,0.0695501834,2.3440469536,0.1176455003,0.6735693118,0.6859445771,0.5252871674,6.0,-1.71217349,2.9571849902,,-58.37131025,-0.063936436,0.0660437206,0.6164209818,0.2629729669,0.0640160576,-0.106717928,0.7634957249,-0.010358206,0.1174071328,0.1025914803,0.0229574732,0.0229574732,0.1127550649,0.1739350615,0.1103661334,0.3125113164,18.45738305,0.4082110306,0.3555200647,0.2718800359,0.8273791617,0.6157980246,,,,,,,0.00667852,0.01640754,,,,,,,,,,,,,,,,,,,,447,1.3658120814,1.0929990551,1.6382469256,0.0456637373
20210528,20210531,204683.0,01W,GBR,0.026712,2021,5,20210430,20210430,16.956344761,1.022236,16.956344761,0.0191342734,-0.015783067,0.0344279918,-0.036310089,-0.073810384,-0.047983515,0.4179674857,0.7467832172,0.6932970305,,,,,,-0.051036487,-0.039259598,0.561942286,,24.113804209,-0.301103964,1.2179461458,0.0,0.0,0.0,-0.106899858,-0.124842265,0.0179424074,0.0768591558,-0.002270345,0.0791295007,0.056546122,-0.056546122,-0.010434433,0.0145148478,0.0720251548,0.5812567068,0.3816620961,0.3214086082,0.0757406372,0.3467360454,-0.043986977,-0.007511625,-0.036475351,-0.062000715,-1.918819188,-0.118546837,-3.668827769,0.2391926633,1.0736854656,1.1816502004,4.8140964995,0.1482755232,0.2769762728,0.103072313,-0.137931034,2.0,0.092117699,0.1199653417,0.0419598833,2.5122741802,-0.096569276,-0.014753398,-0.006293986,0.1434496782,0.0555738181,0.5999227318,,0.3703372431,0.0823604299,0.1752468854,0.1834405939,1.1285546638,1.5234537558,0.3033469869,0.5515914066,0.3327292156,0.3621834036,0.9741697417,0.0943126267,0.3196613807,-0.117189953,2.3440469536,0.1223758864,0.6857964707,1.1057843146,0.5150449401,7.0,-2.447351859,2.9640945864,3.1282295798,-28.56479306,-0.024111883,0.0995949517,0.6753089337,0.28809531,0.070131642,-0.116912909,0.8194371072,0.0218205224,0.0636901594,0.0475864528,0.0253633378,0.0253633378,0.1215024658,0.1927512925,0.1068611707,0.349668553,17.713335736,0.3873478991,0.4160860806,-2.443307523,0.6696364237,0.6425371139,,,,,,,0.00700446,0.01190266,,,,,,,,,,,,,,,,,,,,448,1.321999646,0.9553995363,1.5594956521,0.0805897921
20210630,20210630,204683.0,01W,GBR,-0.111763,2021,6,20210528,20210531,17.409283173,1.049542,17.409283173,0.0186364558,-0.015783067,0.0344279918,,-0.064906316,,0.5005118401,,,,0.2668215862,,-0.049249167,,-0.051036487,-0.039259598,0.561942286,,24.113804209,-0.301103964,1.2179461458,0.0,0.0,0.0,-0.106899858,-0.124842265,0.0179424074,0.0768591558,-0.002270345,0.0791295007,0.056546122,-0.056546122,-0.010434433,0.0145148478,0.0720251548,0.5812567068,0.3816620961,0.3214086082,0.0757406372,0.3467360454,-0.043986977,-0.007511625,-0.036475351,-0.062000715,-1.918819188,-0.118546837,-3.668827769,0.2391926633,1.0736854656,1.1816502004,4.8140964995,0.1482755232,0.2769762728,0.103072313,-0.137931034,2.0,0.092117699,0.1199653417,0.0419598833,2.5122741802,-0.096569276,-0.014753398,-0.006293986,0.1434496782,0.0555738181,0.5999227318,,0.3703372431,0.0823604299,0.1752468854,0.1834405939,1.1285546638,1.5234537558,0.3033469869,0.5515914066,0.3327292156,0.3621834036,0.9741697417,0.0943126267,0.3196613807,-0.117189953,2.3440469536,0.1223758864,0.6857964707,1.1057843146,0.5150449401,7.0,-2.447351859,2.9640945864,3.1282295798,-28.56479306,-0.024111883,0.0995949517,0.6577393788,0.2805999162,0.0683070227,-0.113871179,0.7981177606,0.0212528165,0.0620331285,0.0463483931,0.0247034582,0.0247034582,0.1183413286,0.1870920449,0.1037236881,0.3539031838,17.755483315,0.3873478991,0.368341702,-2.105099459,0.6674867391,0.6389730787,,,,,,,0.00703368,0.02468246,,,,,,,,,,,,,,,,,,,,449,1.3028509107,0.9601114093,1.5558733188,0.0577559568
20210730,20210731,204683.0,01W,GBR,0.021466,2021,7,20210630,20210630,15.416965005,0.9322425,15.416965005,0.0210448254,-0.018749809,0.0374468611,,,,,,,-0.513093459,-0.007323326,,0.0108344764,,-0.051036487,-0.039259598,0.561942286,,24.113804209,-0.301103964,1.2179461458,0.0,0.0,0.0,-0.106899858,-0.124842265,0.0179424074,0.0768591558,-0.002270345,0.0791295007,0.056546122,-0.056546122,-0.010434433,0.0145148478,0.0720251548,0.5812567068,0.3816620961,0.3214086082,0.0757406372,0.3467360454,-0.043986977,-0.007511625,-0.036475351,-0.062000715,-1.918819188,-0.118546837,-3.668827769,0.2391926633,1.0736854656,1.1816502004,4.8140964995,0.1482755232,0.2769762728,0.103072313,-0.137931034,2.0,0.092117699,0.1199653417,0.0419598833,2.5122741802,-0.096569276,-0.014753398,-0.006293986,0.1434496782,0.0555738181,0.5999227318,,0.3703372431,0.0823604299,0.1752468854,0.1834405939,1.1285546638,1.5234537558,0.3033469869,0.5515914066,0.3327292156,0.3621834036,0.9741697417,0.0943126267,0.3196613807,-0.117189953,2.3440469536,0.1223758864,0.6857964707,1.1057843146,0.5150449401,7.0,-2.447351859,2.9640945864,3.1282295798,-28.56479306,-0.024111883,0.0995949517,0.7427383468,0.3168615482,0.0771342673,-0.128586632,0.9012576792,0.0239992956,0.0700496044,0.0523379472,0.0278958602,0.0278958602,0.1336344539,0.2148374399,0.1191057141,0.3063622596,17.551579417,0.3614811048,0.2598316303,-1.9816011,0.6706017385,0.6384320637,,7872.28983631,1.50041908,0.00044043,1.44266231,0.00821057,0.00779504,0.01664265,,,,,,,,,,,,,,,,,,,,450,1.2886283831,0.9520997517,1.5490005227,0.0414636784
20210831,20210831,204683.0,01W,GBR,-0.032652,2021,8,20210730,20210731,15.216257988,0.931702,15.216257988,0.0434834688,-0.030962462,0.0717900203,0.021466248,-0.088035933,-0.186017728,-0.163319769,0.2461815333,,-0.535687326,-0.089323441,,-0.010015786,,0.0635387435,-0.034243156,0.3097239178,,3.3388488318,-0.293332126,2.0229074103,0.0,0.0,0.0,-0.007064531,-0.002292531,-0.004772,0.0784885823,-0.002209341,0.0806979231,0.0331380129,-0.033138013,-0.010434433,0.0288972819,0.0716389811,0.5816594627,0.216164705,0.3089779065,0.0901074094,0.6844632463,-0.043986977,-0.007511625,-0.073678835,-0.068813788,-1.63439355,-0.101951801,-2.421453175,0.1332379894,1.0495995603,1.2338039922,9.5543408899,0.1482755232,0.3832468495,0.103072313,-0.137931034,3.0,0.0807501613,0.1199653417,0.0419598833,2.3822246623,0.0848348232,0.0527346799,0.0224972797,0.0037930678,0.0033578917,0.5999227318,,0.1995796119,0.0743108297,0.1388023623,1.5081003774,-0.34705996,1.4258683796,0.1567134087,0.6186173741,0.3293460342,0.2298995388,0.9937942403,0.1109173494,0.1473509166,-0.144555705,2.1401374934,0.1243904881,0.6857964707,0.9644618228,0.6073234584,7.0,-2.860151894,3.0268503171,3.1282295798,-28.56479306,-0.091335448,0.0891938626,0.7327882065,0.3424023965,0.0304196735,-0.250419098,0.8771097901,0.0308529929,0.0812789255,0.0631409641,0.028263815,0.028263815,0.1353971326,0.1224714087,0.1440498465,0.3453022773,17.301171958,0.3537724018,0.1897857658,-2.449033899,0.6936645348,0.6722485312,,9271.41624219,1.88320968,0.00055279,1.98192428,0.00791757,0.00780381,0.01406349,,,,,,,,,,,,,,,,,,,,451,1.4067866238,1.0755830092,1.5040916527,0.2894123774
20210930,20210930,204683.0,01W,GBR,0.026193,2021,9,20210831,20210831,14.719415649,0.90128,14.719415649,0.0449512192,-0.030962462,0.0717900203,-0.032652071,,-0.128922349,,0.3977875706,0.6811335184,-0.620440138,0.509371866,,0.0504722028,,0.0635387435,-0.034243156,0.3097239178,,3.3388488318,-0.293332126,2.0229074103,0.0,0.0,0.0,-0.007064531,-0.002292531,-0.004772,0.0784885823,-0.002209341,0.0806979231,0.0331380129,-0.033138013,-0.010434433,0.0288972819,0.0716389811,0.5816594627,0.216164705,0.3089779065,0.0901074094,0.6844632463,-0.043986977,-0.007511625,-0.073678835,-0.068813788,-1.63439355,-0.101951801,-2.421453175,0.1332379894,1.0495995603,1.2338039922,9.5543408899,0.1482755232,0.3832468495,0.103072313,-0.137931034,3.0,0.0807501613,0.1199653417,0.0419598833,2.3822246623,0.0848348232,0.0527346799,0.0224972797,0.0037930678,0.0033578917,0.5999227318,,0.1995796119,0.0743108297,0.1388023623,1.5081003774,-0.34705996,1.4258683796,0.1567134087,0.6186173741,0.3293460342,0.2298995388,0.9937942403,0.1109173494,0.1473509166,-0.144555705,2.1401374934,0.1243904881,0.6857964707,0.9644618228,0.6073234584,7.0,-2.860151894,3.0268503171,3.1282295798,-28.56479306,-0.091335448,0.0891938626,0.757522898,0.353959921,0.0314464657,-0.258871798,0.9067159436,0.0318944115,0.084022432,0.0652722379,0.0292178379,0.0292178379,0.1399673567,0.1280492917,0.1506105059,0.3682103382,17.232577944,0.3434175577,0.2738356097,-0.682744015,0.6987418565,0.7197784427,,6648.21548807,2.38784432,0.00041467,2.48744285,0.00816443,0.00785615,0.01867847,,,,,,,,,,,,,,,,,,,,452,1.413201124,1.0861699359,1.4986228857,0.2929525965
20211029,20211031,204683.0,01W,GBR,0.111236,2021,10,20210930,20210930,14.884447265,0.911385,14.884447265,0.0592676364,-0.029522884,0.0850116985,0.0261927512,-0.011886741,-0.131596099,,-0.104165818,0.0631341094,-0.502979992,0.0835810346,,,,0.0635387435,-0.034243156,0.3097239178,,3.3388488318,-0.293332126,2.0229074103,0.0,0.0,0.0,-0.007064531,-0.002292531,-0.004772,0.0784885823,-0.002209341,0.0806979231,0.0331380129,-0.033138013,-0.010434433,0.0288972819,0.0716389811,0.5816594627,0.216164705,0.3089779065,0.0901074094,0.6844632463,-0.043986977,-0.007511625,-0.073678835,-0.068813788,-1.63439355,-0.101951801,-2.421453175,0.1332379894,1.0495995603,1.2338039922,9.5543408899,0.1482755232,0.3832468495,0.103072313,-0.137931034,3.0,0.0807501613,0.1199653417,0.0419598833,2.3822246623,0.0848348232,0.0527346799,0.0224972797,0.0037930678,0.0033578917,0.5999227318,,0.1995796119,0.0743108297,0.1388023623,1.5081003774,-0.34705996,1.4258683796,0.1567134087,0.6186173741,0.3293460342,0.2298995388,0.9937942403,0.1109173494,0.1473509166,-0.144555705,2.1401374934,0.1243904881,0.6857964707,0.9644618228,0.6073234584,7.0,-2.860151894,3.0268503171,3.1282295798,-28.56479306,-0.091335448,0.0891938626,0.7491238473,0.350035383,0.0310978024,-0.256001552,0.8966627119,0.0315407816,0.0830908315,0.0645485306,0.0288938845,0.0288938845,0.1384154657,0.1261410227,0.1483660158,0.2741675584,17.255870112,0.3228151689,-0.254066033,-0.618873773,0.7026175867,0.6211712556,,9025.40937086,2.26774888,0.00057776,2.33770373,0.00774614,0.00794027,0.01423391,,,,,,,,,,,,,,,,,,,,453,1.4121179832,1.0822991051,1.4978312696,0.2808392405
20211130,20211130,204683.0,01W,GBR,-0.0652,2021,11,20211029,20211031,16.540136551,1.012764,16.540136551,0.0337191093,-0.026282657,0.0631594164,0.1112361955,-0.007314568,-0.075273302,-0.17462632,-0.15161071,-0.047983515,-0.435645764,,,-0.024426869,,0.0720964508,-0.004375004,0.1346468989,,3.6274466006,-0.245133839,3.9144551121,0.0,0.0,0.0,-0.005593945,0.0016468575,-0.007240802,0.0813709316,-0.002189733,0.0835606645,0.0332048578,-0.033204858,-0.010434433,0.0323963861,0.0728927742,0.6134804756,0.242384675,0.3376644227,0.0953505971,0.7103797148,-0.043986977,-0.007511625,-0.079976726,-0.081215474,-1.822875646,-0.114420332,-2.56815636,0.1343100817,1.0597283785,1.2633820844,9.7455436716,0.1482755232,0.3832468495,0.103072313,-0.137931034,4.0,0.0818222536,0.1199653417,0.0419598833,2.2768909267,0.0935638883,0.04957036,0.0231622315,0.0025793189,0.0012542838,0.5999227318,,0.2403572381,0.1097815304,0.1251112552,1.3756588767,-0.292193372,1.257051618,0.1727889282,0.6577102406,0.3628196996,0.2598597498,1.0053378529,0.1257689654,0.1611692009,-0.145227555,2.1401374934,0.1229837706,0.6857964707,0.7450963034,0.612210254,7.0,-2.913392557,2.8725428224,3.1282295798,-28.56479306,0.0877262694,0.066083346,0.6758483139,0.3157966794,0.0280559715,-0.230960766,0.8251445995,0.030111402,0.0850007432,0.0680972371,0.0260015689,0.0260015689,0.1245598967,0.1100970019,0.1416389799,0.2631924581,17.455032213,0.3368015085,-0.839532078,-0.406153393,0.7156309497,0.6217630007,0.00556724,13547.05360745,1.93103602,0.0008835,1.95939226,0.00710525,0.00778595,0.01511301,,,,,,,,,,,,,,,,,,,,454,1.3771164639,1.1848591614,1.3278323773,0.1802785222
20211231,20211231,204683.0,01W,GBR,0.03696,2021,12,20211130,20211130,15.461714957,0.9467315,15.461714957,0.0360709451,-0.026282657,0.0631594164,-0.065200284,0.1403425287,,-0.039107289,,,,,,,,0.0720964508,-0.004375004,0.1346468989,,3.6274466006,-0.245133839,3.9144551121,0.0,0.0,0.0,-0.005593945,0.0016468575,-0.007240802,0.0813709316,-0.002189733,0.0835606645,0.0332048578,-0.033204858,-0.010434433,0.0323963861,0.0728927742,0.6134804756,0.242384675,0.3376644227,0.0953505971,0.7103797148,-0.043986977,-0.007511625,-0.079976726,-0.081215474,-1.822875646,-0.114420332,-2.56815636,0.1343100817,1.0597283785,1.2633820844,9.7455436716,0.1482755232,0.3832468495,0.103072313,-0.137931034,4.0,0.0818222536,0.1199653417,0.0419598833,2.2768909267,0.0935638883,0.04957036,0.0231622315,0.0025793189,0.0012542838,0.5999227318,,0.2403572381,0.1097815304,0.1251112552,1.3756588767,-0.292193372,1.257051618,0.1727889282,0.6577102406,0.3628196996,0.2598597498,1.0053378529,0.1257689654,0.1611692009,-0.145227555,2.1401374934,0.1229837706,0.6857964707,0.7450963034,0.612210254,7.0,-2.913392557,2.8725428224,3.1282295798,-28.56479306,0.0877262694,0.066083346,0.7229872903,0.3378228233,0.0300128156,-0.247069786,0.8826966729,0.0322116079,0.0909293635,0.0728468739,0.0278151228,0.0278151228,0.1332476834,0.1202958631,0.1547597395,0.257316038,17.324024721,0.3548453042,-0.438943241,-0.046555818,0.7150488169,0.7921238178,,13735.9699892,1.93123876,0.00090026,1.94617639,0.00702918,0.00772513,0.01446365,,,,,,,,,,,,,,,,,,,,455,1.3785561151,1.1882602645,1.3320068666,0.2008902868
20220131,20220131,204683.0,01W,GBR,0.223543,2022,1,20211231,20211231,16.033176737,0.9817225,16.033176737,0.0347852881,-0.026282657,0.0631594164,0.0369597927,0.0387832804,0.0533207035,-0.074288499,,,,-0.024589536,,-0.011783633,,0.0720964508,-0.004375004,0.1346468989,,3.6274466006,-0.245133839,3.9144551121,0.0,0.0,0.0,-0.005593945,0.0016468575,-0.007240802,0.0813709316,-0.002189733,0.0835606645,0.0332048578,-0.033204858,-0.010434433,0.0323963861,0.0728927742,0.6134804756,0.242384675,0.3376644227,0.0953505971,0.7103797148,-0.043986977,-0.007511625,-0.079976726,-0.081215474,-1.822875646,-0.114420332,-2.56815636,0.1343100817,1.0597283785,1.2633820844,9.7455436716,0.1482755232,0.3832468495,0.103072313,-0.137931034,4.0,0.0818222536,0.1199653417,0.0419598833,2.2768909267,0.0935638883,0.04957036,0.0231622315,0.0025793189,0.0012542838,0.5999227318,,0.2403572381,0.1097815304,0.1251112552,1.3756588767,-0.292193372,1.257051618,0.1727889282,0.6577102406,0.3628196996,0.2598597498,1.0053378529,0.1257689654,0.1611692009,-0.145227555,2.1401374934,0.1229837706,0.6857964707,0.7450963034,0.612210254,7.0,-2.913392557,2.8725428224,3.1282295798,-28.56479306,0.0877262694,0.066083346,0.6972182483,0.3257819885,0.0289430852,-0.238263612,0.8512351965,0.0310635071,0.0876884178,0.0702504325,0.0268237235,0.0268237235,0.1284984089,0.1146670918,0.1475183668,0.2527167924,17.395641413,0.3661472825,-0.600670413,-0.019709711,0.7139017659,0.7925125126,,14123.13491554,1.89367369,0.00092759,1.90298912,0.00694314,0.00768498,0.01224275,,,,,,,,,,,,,,,,,,,,456,1.3658120814,1.1860312962,1.3339377582,0.1636485201
20220228,20220228,204683.0,01W,GBR,0.088817,2022,2,20220131,20220131,19.617278015,1.2011795,19.617278015,0.0284299724,-0.023371259,0.0601738949,0.2235428036,-0.03065028,0.0692974149,-0.003906137,-0.110926872,-0.186017728,-0.473772379,-0.045486455,,0.004222058,,0.158356239,0.0299984505,-0.138502897,,-0.192844092,-0.189431494,2.3202497071,0.0,0.0,0.0,-0.03460798,0.029150616,-0.063758596,0.0873750548,0.0082220947,0.0791529601,-0.041292842,0.0412928417,-0.010434433,0.1488499445,0.064427128,0.5583911266,0.1873280859,0.2608467814,0.2171685904,0.3045436141,-0.108851667,-0.03030998,-0.078541687,-0.04943714,-0.440197009,-0.008144299,-0.07251827,0.269888912,0.9634529476,1.1821501366,4.7269469201,0.1482755232,0.3230521225,0.103072313,-0.137931034,5.0,0.0178321575,0.1199653417,0.0419598833,0.8290159618,0.0587849741,0.1844358881,0.0861794575,0.1740608618,0.0813424603,0.5999227318,,0.3428543198,0.1085175312,0.0679813972,0.8890483798,1.5953536096,0.5093575391,0.1597268371,0.6468158453,0.3662715383,0.216992657,0.48709953,0.1617439922,0.1378909455,-0.028721836,1.9337073982,0.122975168,0.6857964707,1.1029042848,0.6569828105,9.0,-3.149108399,2.7239227771,3.1282295798,-28.56479306,0.2095685175,0.0837998317,0.6404359968,0.331195918,0.0309721868,-0.175922021,0.705341375,0.0719253506,0.1035866749,0.0921386442,0.0219229956,0.0219229956,0.1050215885,0.1810715944,0.1071625834,0.2808587187,16.138625452,0.3052810695,-0.788911136,-0.424705529,0.629991119,0.7031121734,,13719.47638935,1.75563056,0.00086429,1.8090515,0.00707589,0.00764809,0.00967021,0.03648304,3.45218627,-0.37717422,1.6086938,0.03665647,2.87047168,0.03494682,2.87792825,0.0512469,0.15359107,0.03648557,3.47043989,,,,,,,,457,1.3999073452,1.2945773105,1.3826736623,0.1170052377
20220331,20220331,204683.0,01W,GBR,-0.060257,2022,3,20220228,20220228,21.359631355,1.307865,21.359631355,0.0261108754,-0.015422814,0.052068179,0.0888172833,0.268764692,0.3524928497,,0.1396580313,-0.128922349,-0.560402207,-0.02967368,,-0.049905822,,0.158356239,0.0299984505,-0.138502897,,-0.192844092,-0.189431494,2.3202497071,0.0,0.0,0.0,-0.03460798,0.029150616,-0.063758596,0.0873750548,0.0082220947,0.0791529601,-0.041292842,0.0412928417,-0.010434433,0.1488499445,0.064427128,0.5583911266,0.1873280859,0.2608467814,0.2171685904,0.3045436141,-0.108851667,-0.03030998,-0.078541687,-0.04943714,-0.440197009,-0.008144299,-0.07251827,0.269888912,0.9634529476,1.1821501366,4.7269469201,0.1482755232,0.3230521225,0.103072313,-0.137931034,5.0,0.0178321575,0.1199653417,0.0419598833,0.8290159618,0.0587849741,0.1844358881,0.0861794575,0.1740608618,0.0813424603,0.5999227318,,0.3428543198,0.1085175312,0.0679813972,0.8890483798,1.5953536096,0.5093575391,0.1597268371,0.6468158453,0.3662715383,0.216992657,0.48709953,0.1617439922,0.1378909455,-0.028721836,1.9337073982,0.122975168,0.6857964707,1.1029042848,0.6569828105,9.0,-3.149108399,2.7239227771,3.1282295798,-28.56479306,0.2095685175,0.0837998317,0.588194187,0.3041795194,0.0284457157,-0.161571665,0.6478050871,0.0660582375,0.095136876,0.0846226871,0.0201346874,0.0201346874,0.0964547405,0.1634548011,0.0967365357,0.292607991,16.399224985,0.2757172379,-0.509273859,-0.099005692,0.6280502178,0.802745184,,15072.47293526,1.59541693,0.00091204,1.68689741,0.00699997,0.00767352,0.01141758,,,,,,,,,,,,,,,,,,,,458,1.4044463259,1.2908623154,1.3841508379,0.0950096521
20220429,20220430,204683.0,01W,GBR,-0.131851,2022,4,20220331,20220331,20.072572563,1.2290575,20.072572563,0.0277851118,-0.015422814,0.052068179,-0.060256601,0.3322145515,0.4350302013,0.455112967,0.2788268607,-0.131596099,-0.580637081,-0.036310089,,-0.061394426,,0.158356239,0.0299984505,-0.138502897,,-0.192844092,-0.189431494,2.3202497071,0.0,0.0,0.0,-0.03460798,0.029150616,-0.063758596,0.0873750548,0.0082220947,0.0791529601,-0.041292842,0.0412928417,-0.010434433,0.1488499445,0.064427128,0.5583911266,0.1873280859,0.2608467814,0.2171685904,0.3045436141,-0.108851667,-0.03030998,-0.078541687,-0.04943714,-0.440197009,-0.008144299,-0.07251827,0.269888912,0.9634529476,1.1821501366,4.7269469201,0.1482755232,0.3230521225,0.103072313,-0.137931034,5.0,0.0178321575,0.1199653417,0.0419598833,0.8290159618,0.0587849741,0.1844358881,0.0861794575,0.1740608618,0.0813424603,0.5999227318,,0.3428543198,0.1085175312,0.0679813972,0.8890483798,1.5953536096,0.5093575391,0.1597268371,0.6468158453,0.3662715383,0.216992657,0.48709953,0.1617439922,0.1378909455,-0.028721836,1.9337073982,0.122975168,0.6857964707,1.1029042848,0.6569828105,9.0,-3.149108399,2.7239227771,3.1282295798,-28.56479306,0.2095685175,0.0837998317,0.6259093577,0.3236835926,0.0302696627,-0.171931684,0.6893425248,0.0702939095,0.1012370783,0.0900487167,0.021425729,0.021425729,0.1026394446,0.1761116869,0.1042271893,0.2992194636,16.211089162,0.2757698659,-0.290525512,0.084926968,0.6267158867,0.8540337605,,12846.68260076,1.65734025,0.00075815,1.76030908,0.00726556,0.00761113,0.00506287,,,,,,,,,,,,,,,,,,,,459,1.4014613178,1.2810918573,1.3781910926,0.1030908798
20220531,20220531,204683.0,01W,GBR,-0.043567,2022,5,20220429,20220430,17.425983151,1.067005,17.425983151,0.0320050047,-0.015422814,0.052068179,-0.131851032,0.0232088543,0.2135675241,0.3386960241,0.2470495822,-0.075273302,-0.613839314,,,,,0.100353888,-0.011321876,-0.409880979,,3.3862856814,-0.101856949,1.0726598023,0.0,0.0,0.0,-0.046685829,0.0077837837,-0.054469613,0.0665508033,0.008156985,0.0583938183,-0.046018721,0.0460187205,-0.11466331,0.1294364031,0.0743223263,0.5685115529,0.2853304675,0.2824189526,0.3742726517,0.3477859779,-0.102702589,-0.033960236,-0.068742352,-0.021708759,-0.112159911,0.0243099618,0.1255992197,0.2563747694,0.94132187,1.1423668102,4.6794280443,0.105174963,0.3230521225,0.0010366003,-0.01242236,6.0,0.0043180149,-0.104986161,0.0455271278,-0.078268147,0.0057684532,0.1487034324,0.0769006896,0.1634568306,0.0831946754,0.4660543518,,0.3368500855,0.0985879506,-0.012040538,0.0605099339,1.5210773211,-0.044353555,0.2900771722,0.6255638976,0.3767053329,0.3139644893,0.4036646308,0.2152606126,0.2636217088,0.1209479859,1.9337073982,0.1231110302,0.6057662547,1.3234698117,0.6240857221,9.0,-3.297181313,2.8563059835,28.160837531,-19.20056077,0.3297717778,0.1288005809,0.7230524895,0.3739203202,0.034967611,-0.19861603,0.7883253634,0.1399481498,0.1556447218,0.1463977314,0.0564144124,0.0564144124,0.082912091,0.210219053,0.1343928079,0.3038109317,14.314910609,0.2997042417,-0.281175297,-0.248745312,0.7367274502,0.855147261,,8957.53561367,1.55320275,0.0004803,1.56778384,0.00797626,0.00759245,0.00902453,,,,,,,,,,,,,,,,,,,,460,1.4217343355,1.3034334842,1.3991049597,0.0629836721
20220630,20220630,204683.0,01W,GBR,0.059695,2022,6,20220531,20220531,16.666788721,1.020519,16.666788721,0.0334628753,-0.015422814,0.052068179,-0.043566806,-0.184162739,0.1270407713,0.2014163021,,,,-0.111762559,0.0158807527,0.0459954794,,0.100353888,-0.011321876,-0.409880979,,3.3862856814,-0.101856949,1.0726598023,0.0,0.0,0.0,-0.046685829,0.0077837837,-0.054469613,0.0665508033,0.008156985,0.0583938183,-0.046018721,0.0460187205,-0.11466331,0.1294364031,0.0743223263,0.5685115529,0.2853304675,0.2824189526,0.3742726517,0.3477859779,-0.102702589,-0.033960236,-0.068742352,-0.021708759,-0.112159911,0.0243099618,0.1255992197,0.2563747694,0.94132187,1.1423668102,4.6794280443,0.105174963,0.3230521225,0.0010366003,-0.01242236,6.0,0.0043180149,-0.104986161,0.0455271278,-0.078268147,0.0057684532,0.1487034324,0.0769006896,0.1634568306,0.0831946754,0.4660543518,,0.3368500855,0.0985879506,-0.012040538,0.0605099339,1.5210773211,-0.044353555,0.2900771722,0.6255638976,0.3767053329,0.3139644893,0.4036646308,0.2152606126,0.2636217088,0.1209479859,1.9337073982,0.1231110302,0.6057662547,1.3234698117,0.6240857221,9.0,-3.297181313,2.8563059835,28.160837531,-19.20056077,0.3297717778,0.1288005809,0.7559884937,0.3909528889,0.0365604323,-0.207663255,0.8242346339,0.1463229744,0.1627345462,0.1530663431,0.058984164,0.058984164,0.0866888472,0.2223045179,0.1421190322,0.2980713038,14.086314768,0.3238711993,-0.295568719,-0.213626985,0.7329807124,0.8454249569,,8801.80250082,1.53808163,0.00046382,1.53821949,0.00799318,0.00755637,0.01682079,,,,,,,,,,,,,,,,,,,,461,1.4118460471,1.3131334543,1.4067866238,0.0358142444
20220729,20220731,204683.0,01W,GBR,-0.009934,2022,7,20220630,20220630,17.820798609,1.081439,17.820798609,0.0312959416,-0.003550838,0.0400823536,0.0596951159,-0.16967351,0.039518805,0.1197452229,0.1354156813,0.0533207035,-0.584427291,0.021466248,0.0193561043,-0.001241656,,0.100353888,-0.011321876,-0.409880979,,3.3862856814,-0.101856949,1.0726598023,0.0,0.0,0.0,-0.046685829,0.0077837837,-0.054469613,0.0665508033,0.008156985,0.0583938183,-0.046018721,0.0460187205,-0.11466331,0.1294364031,0.0743223263,0.5685115529,0.2853304675,0.2824189526,0.3742726517,0.3477859779,-0.102702589,-0.033960236,-0.068742352,-0.021708759,-0.112159911,0.0243099618,0.1255992197,0.2563747694,0.94132187,1.1423668102,4.6794280443,0.105174963,0.3230521225,0.0010366003,-0.01242236,6.0,0.0043180149,-0.104986161,0.0455271278,-0.078268147,0.0057684532,0.1487034324,0.0769006896,0.1634568306,0.0831946754,0.4660543518,,0.3368500855,0.0985879506,-0.012040538,0.0605099339,1.5210773211,-0.044353555,0.2900771722,0.6255638976,0.3767053329,0.3139644893,0.4036646308,0.2152606126,0.2636217088,0.1209479859,1.9337073982,0.1231110302,0.6057662547,1.3234698117,0.6240857221,9.0,-3.297181313,2.8563059835,28.160837531,-19.20056077,0.3297717778,0.1288005809,0.7070334375,0.3656362065,0.0341929121,-0.194215741,0.7708602068,0.1368476326,0.1521964509,0.1431543252,0.0551645648,0.0551645648,0.0810751938,0.2044391536,0.1306977246,0.3250858685,14.426092543,0.2456861791,-0.354342613,-0.420347448,0.7172951257,0.853541129,,8004.96165983,1.61909672,0.00040861,1.60622641,0.00810948,0.00758343,0.02183753,,,,,,,,,,,,,,,,,,,,462,1.4190831918,1.3232552187,1.4021716375,0.0397173999
20220831,20220831,204683.0,01W,GBR,0.076385,2022,8,20220729,20220731,17.643767043,1.070696,17.643767043,0.0124979166,0.0090072797,0.0057391944,-0.009933986,0.0135275842,-0.099685767,0.0678094798,0.1779091618,0.0692974149,-0.59110005,-0.032652071,0.0214213848,-0.060852562,,0.165571153,0.0342766955,-0.459072893,,-0.706711928,-0.071151173,0.8295370015,0.0,0.0,0.0,-0.035686898,-0.019607575,-0.016079323,0.0602007862,0.0086885803,0.0515122058,-0.027827351,0.0278273513,-0.11466331,0.189486446,0.0811586629,0.5610794946,0.1724133642,0.2420001977,0.330366063,0.6031574439,-0.102702589,-0.033960236,-0.0413584,-0.026941314,-0.138133236,0.0008860373,0.0045428817,0.16657753,0.916749059,1.1433251702,7.4318307129,0.105174963,0.4463436836,0.0010366003,-0.01242236,7.0,0.0412995463,-0.104986161,0.0455271278,-0.29153483,-0.014969536,0.0532584056,0.0275421223,0.0005237257,0.0050448426,0.4660543518,,0.3740271192,0.0973700631,-0.054487844,-0.13871506,-1.164332595,-0.21663516,0.1695580253,0.6539780734,0.3563865832,0.2009600437,0.4291682213,0.2219799212,0.1454720502,0.1110625718,1.6938495803,0.1316956121,0.6057662547,1.3099085152,0.7199497351,8.0,-3.47658847,3.7014884156,28.160837531,-19.20056077,0.3950294424,0.1185439584,0.7366035534,0.4348695197,0.0057366718,-0.323041672,0.7823610948,0.1436661312,0.1635111988,0.1550497688,0.0557180673,0.0557180673,0.0818886747,0.1555068419,0.1582892545,0.37944193,13.653130546,0.2317058365,-0.336582309,-0.605258789,0.5711026364,0.8530824776,,5528.99690016,1.67828652,0.00028049,1.56466338,0.00843244,0.00778513,0.01338524,,,,,,,,,,,,,,,,,,,,463,1.5660840694,1.3681440402,1.1634594321,0.7658267305
20220930,20220930,204683.0,01W,GBR,-0.101912,2022,9,20220831,20220831,18.60586431,1.12908,18.60586431,0.0333576623,0.0090072797,0.0262527348,0.0763845409,0.0491681194,-0.181340582,0.130939448,0.2055722598,0.3524928497,-0.554662586,0.0261927512,0.0259842748,0.1396492166,,0.165571153,0.0342766955,-0.459072893,,-0.706711928,-0.071151173,0.8295370015,0.0,0.0,0.0,-0.035686898,-0.019607575,-0.016079323,0.0602007862,0.0086885803,0.0515122058,-0.027827351,0.0278273513,-0.11466331,0.189486446,0.0811586629,0.5610794946,0.1724133642,0.2420001977,0.330366063,0.6031574439,-0.102702589,-0.033960236,-0.0413584,-0.026941314,-0.138133236,0.0008860373,0.0045428817,0.16657753,0.916749059,1.1433251702,7.4318307129,0.105174963,0.4463436836,0.0010366003,-0.01242236,7.0,0.0412995463,-0.104986161,0.0455271278,-0.29153483,-0.014969536,0.0532584056,0.0275421223,0.0005237257,0.0050448426,0.4660543518,,0.3740271192,0.0973700631,-0.054487844,-0.13871506,-1.164332595,-0.21663516,0.1695580253,0.6539780734,0.3563865832,0.2009600437,0.4291682213,0.2219799212,0.1454720502,0.1110625718,1.6938495803,0.1316956121,0.6057662547,1.3099085152,0.7199497351,8.0,-3.47658847,3.7014884156,28.160837531,-19.20056077,0.3950294424,0.1185439584,0.6985142579,0.4123826968,0.0054400321,-0.306337395,0.7419057062,0.136237248,0.1550561399,0.147032245,0.0528369219,0.0528369219,0.0776542641,0.1439145222,0.1464895187,0.3885671101,13.946850175,0.1834884022,-0.338989974,-0.809479941,0.590624645,0.8521128933,,5595.09151438,2.20537962,0.00030491,2.20505734,0.00831536,0.00767603,0.01933817,,,,,,,,,,,,,,,,,,,,464,1.5740573457,1.3696997333,1.1571480788,0.7778335991
20221031,20221031,204683.0,01W,GBR,0.300866,2022,10,20220930,20220930,16.709700186,1.014013,16.709700186,0.0239464386,0.0090072797,0.0115465844,-0.101912176,0.0656917519,-0.062305366,0.1739372607,0.264537624,0.4350302013,-0.528966579,0.1112361955,0.0066071501,,,0.165571153,0.0342766955,-0.459072893,,-0.706711928,-0.071151173,0.8295370015,0.0,0.0,0.0,-0.035686898,-0.019607575,-0.016079323,0.0602007862,0.0086885803,0.0515122058,-0.027827351,0.0278273513,-0.11466331,0.189486446,0.0811586629,0.5610794946,0.1724133642,0.2420001977,0.330366063,0.6031574439,-0.102702589,-0.033960236,-0.0413584,-0.026941314,-0.138133236,0.0008860373,0.0045428817,0.16657753,0.916749059,1.1433251702,7.4318307129,0.105174963,0.4463436836,0.0010366003,-0.01242236,7.0,0.0412995463,-0.104986161,0.0455271278,-0.29153483,-0.014969536,0.0532584056,0.0275421223,0.0005237257,0.0050448426,0.4660543518,,0.3740271192,0.0973700631,-0.054487844,-0.13871506,-1.164332595,-0.21663516,0.1695580253,0.6539780734,0.3563865832,0.2009600437,0.4291682213,0.2219799212,0.1454720502,0.1110625718,1.6938495803,0.1316956121,0.6057662547,1.3099085152,0.7199497351,8.0,-3.47658847,3.7014884156,28.160837531,-19.20056077,0.3950294424,0.1185439584,0.7777794548,0.4591785858,0.0060573499,-0.341099597,0.8260948279,0.1516970216,0.1726514221,0.1637170009,0.0588326893,0.0588326893,0.0864662252,0.1686997044,0.1717181707,0.3854877867,13.33560904,0.2462968717,-0.24229587,-0.377550474,0.568677685,0.8589481199,,6598.63906675,1.89068524,0.00036612,1.8677536,0.0080902,0.00778928,0.01093389,,,,,,,,,,,,,,,,,,,,465,1.5798069937,1.3718972188,1.1478420046,0.7671669627
20221130,20221130,204683.0,01W,GBR,0.207205,2022,11,20221031,20221031,21.501450143,1.304796,21.501450143,0.0288992302,0.0090072797,0.0224458707,0.3008660923,-0.03331215,-0.029968169,-0.138322945,0.0219842077,0.2135675241,,-0.065200284,0.0398859115,,,0.0747024271,-0.012291885,-0.52625218,,-0.722169663,-0.035195694,0.5524199314,0.0,0.0,0.0,-0.048538977,-0.055242069,0.0067030925,0.0283125747,0.0086706556,0.0196419191,-0.030838717,0.030838717,-0.11466331,0.1555906574,0.0879411117,0.5995619441,0.1785516348,0.2563302827,0.3662063134,0.6904552603,-0.102702589,-0.033960236,-0.037237748,-0.024705662,-0.114273492,0.0061330555,0.0283678164,0.1535910316,0.9684451336,1.1624750207,7.8513365056,0.105174963,0.4463436836,0.0010366003,-0.01242236,8.0,0.0283130479,-0.104986161,0.0455271278,-0.462463506,-0.091763186,0.0418086037,0.0246825953,-0.007761756,0.0015203639,0.4660543518,,0.3909778765,0.0767876508,-0.081316063,-1.305887551,-1.03824427,-0.338594957,0.1653386409,0.6443506765,0.3480606933,0.1918898753,0.4447800858,0.2409033202,0.1538459733,0.1151343547,1.6938495803,0.1353837003,0.6057662547,1.3549264437,0.6638219604,8.0,-3.526396258,3.7014970318,28.160837531,-19.20056077,0.6212328487,0.1100406611,0.5587387651,0.3298632721,0.00435146,-0.245038059,0.6269458367,0.1207980128,0.1346020236,0.1284418159,0.0457214092,0.0457214092,0.0671966165,0.1057697243,0.1138596589,0.3298719999,14.917552747,0.3743801353,-0.488383816,-0.331825017,0.5869386966,0.8600722843,0.00774133,6978.41173099,1.72374318,0.0003746,1.73837486,0.00801565,0.008137,0.00571963,0.02817671,1.2961191,0.49469167,0.68863586,0.02927947,1.21612196,0.0297665,1.33168444,0.06578622,0.0805338,0.03247337,0.94959089,,,,,,,,466,1.61756572,1.4357063933,1.366748354,0.8270434317
20221230,20221231,204683.0,01W,GBR,-0.139442,2022,12,20221130,20221130,22.895199615,1.575156,22.895199615,0.0271399843,-0.109999958,0.1479465956,0.2072048044,0.1682919978,0.319361902,0.0294899617,0.4221919191,0.1270407713,-0.505400438,0.0369597927,0.0553627308,,,0.0747024271,-0.012291885,-0.52625218,,-0.722169663,-0.035195694,0.5524199314,0.0,0.0,0.0,-0.048538977,-0.055242069,0.0067030925,0.0283125747,0.0086706556,0.0196419191,-0.030838717,0.030838717,-0.11466331,0.1555906574,0.0879411117,0.5995619441,0.1785516348,0.2563302827,0.3662063134,0.6904552603,-0.102702589,-0.033960236,-0.037237748,-0.024705662,-0.114273492,0.0061330555,0.0283678164,0.1535910316,0.9684451336,1.1624750207,7.8513365056,0.105174963,0.4463436836,0.0010366003,-0.01242236,8.0,0.0283130479,-0.104986161,0.0455271278,-0.462463506,-0.091763186,0.0418086037,0.0246825953,-0.007761756,0.0015203639,0.4660543518,,0.3909778765,0.0767876508,-0.081316063,-1.305887551,-1.03824427,-0.338594957,0.1653386409,0.6443506765,0.3480606933,0.1918898753,0.4447800858,0.2409033202,0.1538459733,0.1151343547,1.6938495803,0.1353837003,0.6057662547,1.3549264437,0.6638219604,8.0,-3.526396258,3.7014970318,28.160837531,-19.20056077,0.6212328487,0.1100406611,0.5247254403,0.309782785,0.0040865641,-0.230121322,0.588780394,0.1134444117,0.1264081008,0.1206228968,0.04293811,0.04293811,0.0631060102,0.0974063918,0.1048566461,0.3464822061,15.186364199,0.4901569349,-0.135503062,0.3793061503,0.7418173943,0.8713535903,0.00263826,37371.22356351,7.40155712,0.00181173,7.30569848,0.00549201,0.00649642,0.0062754,,,,,,,,,,,,,,,,,,,,467,1.6107255237,1.4412145603,1.3636086689,0.8293268415
20230131,20230131,204683.0,01W,GBR,0.049588,2023,1,20221230,20221231,19.702638512,1.3555125,19.702638512,0.0315376724,-0.109999958,0.1479465956,-0.139442379,0.5704117966,0.5030172385,0.322494236,0.6556832093,0.039518805,-0.37420852,0.2235428036,0.0223640778,-0.049049553,,0.0747024271,-0.012291885,-0.52625218,,-0.722169663,-0.035195694,0.5524199314,0.0,0.0,0.0,-0.048538977,-0.055242069,0.0067030925,0.0283125747,0.0086706556,0.0196419191,-0.030838717,0.030838717,-0.11466331,0.1555906574,0.0879411117,0.5995619441,0.1785516348,0.2563302827,0.3662063134,0.6904552603,-0.102702589,-0.033960236,-0.037237748,-0.024705662,-0.114273492,0.0061330555,0.0283678164,0.1535910316,0.9684451336,1.1624750207,7.8513365056,0.105174963,0.4463436836,0.0010366003,-0.01242236,8.0,0.0283130479,-0.104986161,0.0455271278,-0.462463506,-0.091763186,0.0418086037,0.0246825953,-0.007761756,0.0015203639,0.4660543518,,0.3909778765,0.0767876508,-0.081316063,-1.305887551,-1.03824427,-0.338594957,0.1653386409,0.6443506765,0.3480606933,0.1918898753,0.4447800858,0.2409033202,0.1538459733,0.1151343547,1.6938495803,0.1353837003,0.6057662547,1.3549264437,0.6638219604,8.0,-3.526396258,3.7014970318,28.160837531,-19.20056077,0.6212328487,0.1100406611,0.6097505008,0.3599791315,0.0047487396,-0.267409545,0.6841847421,0.1318266306,0.1468909201,0.1401682977,0.0498956827,0.0498956827,0.0733315337,0.1189511205,0.1280492513,0.3374774301,14.514400779,0.560207729,0.022072082,0.4301221581,0.7414159735,0.8754234554,,46464.48899921,6.1515232,0.00219288,6.17750534,0.00510156,0.00619324,0.00752507,,,,,,,,,,,,,,,,,,,,468,1.6128834647,1.4476103562,1.3550619443,0.8084163845
20230228,20230228,204683.0,01W,GBR,-0.033431,2023,2,20230131,20230131,20.679643447,1.422729,20.679643447,0.0300476824,-0.109999958,0.1479465956,0.0495875176,0.0388692945,0.3064108059,0.3109299621,0.1644960842,-0.099685767,-0.262672401,0.0888172833,0.0187977355,-0.04280351,,-0.23431632,-0.063050719,-0.598873582,,-0.574720019,-0.061099748,-0.266333379,0.0,0.0,0.0,-0.032802197,-0.065899787,0.0330975896,-0.126529843,0.008156985,0.0583938183,-0.040920432,0.0409204316,-0.11466331,-0.199202133,0.1141529788,0.7347949847,0.2588136447,0.4433189832,0.506412022,0.7027122159,-0.102702589,-0.033960236,-0.051935232,-0.044840081,-0.185941633,-0.003919649,-0.016253894,0.2563747694,1.1338613473,1.1688446705,6.1558815485,0.105174963,0.2752229816,0.0010366003,-0.01242236,8.0,0.0043180149,-0.104986161,0.0455271278,-0.654430753,-0.151621941,0.0967004452,0.0570891574,-0.087735443,-0.0290903,0.4660543518,,0.2009672222,0.0946738297,-0.046079072,-1.804946102,-1.66370379,-0.531849029,0.1638360659,0.5626205276,0.3125663443,0.1981693838,0.6265439368,0.2859914558,0.2139735641,0.1242474635,2.099975675,0.1235804302,0.6057662547,1.612899209,0.4125538788,9.0,-3.495428731,3.4652318742,28.160837531,-19.20056077,0.921729156,0.1114861668,0.4651797757,0.2215167448,0.0103457103,-0.117682455,0.6269185822,0.1121787426,0.1330374412,0.1286812419,0.0475383728,0.0475383728,0.0698670025,0.1154239607,0.11281219,0.201807414,16.917731182,0.5585166002,-0.165695965,0.1608880891,0.821007221,0.8979210157,,45810.57275022,6.13679719,0.00216177,6.16340273,0.00518325,0.00620189,0.00567892,,,,,,,,,,,,,,,,,,,,469,1.6270552962,1.554198105,1.5909208928,0.6445717507
20230331,20230331,204683.0,01W,GBR,0.106509,2023,3,20230228,20230228,19.988305967,1.375166,19.988305967,0.0310869445,-0.109999958,0.1479465956,-0.033430822,-0.096769463,0.2738871868,0.43861143,0.1225396336,-0.181340582,-0.19651109,-0.060256601,0.0212364427,-0.061610738,,-0.23431632,-0.063050719,-0.598873582,,-0.574720019,-0.061099748,-0.266333379,0.0,0.0,0.0,-0.032802197,-0.065899787,0.0330975896,-0.126529843,0.008156985,0.0583938183,-0.040920432,0.0409204316,-0.11466331,-0.199202133,0.1141529788,0.7347949847,0.2588136447,0.4433189832,0.506412022,0.7027122159,-0.102702589,-0.033960236,-0.051935232,-0.044840081,-0.185941633,-0.003919649,-0.016253894,0.2563747694,1.1338613473,1.1688446705,6.1558815485,0.105174963,0.2752229816,0.0010366003,-0.01242236,8.0,0.0043180149,-0.104986161,0.0455271278,-0.654430753,-0.151621941,0.0967004452,0.0570891574,-0.087735443,-0.0290903,0.4660543518,,0.2009672222,0.0946738297,-0.046079072,-1.804946102,-1.66370379,-0.531849029,0.1638360659,0.5626205276,0.3125663443,0.1981693838,0.6265439368,0.2859914558,0.2139735641,0.1242474635,2.099975675,0.1235804302,0.6057662547,1.612899209,0.4125538788,9.0,-3.495428731,3.4652318742,28.160837531,-19.20056077,0.921729156,0.1114861668,0.4812689938,0.229178366,0.0107035384,-0.121752749,0.6486018761,0.1160586797,0.1376388201,0.1331319525,0.0491825871,0.0491825871,0.0722834993,0.1199695823,0.117254955,0.1889867768,16.834182516,0.5692358519,-0.187901323,0.0404369111,0.8198801777,0.8887564092,,45510.53618135,6.2446779,0.00213682,6.30299164,0.00521541,0.00620022,0.01233525,,,,,,,,,,,,,,,,,,,,470,1.6228913065,1.5527870853,1.5894294288,0.6316817407
20230428,20230430,204683.0,01W,GBR,-0.074636,2023,4,20230331,20230331,22.117232373,1.521633,22.117232373,0.0280946254,-0.109999958,0.1479465956,0.1065085961,0.0144989441,0.3710241453,0.312186351,0.1545834879,-0.062305366,-0.261409125,-0.131851032,0.0429054998,-0.082109027,,-0.23431632,-0.063050719,-0.598873582,,-0.574720019,-0.061099748,-0.266333379,0.0,0.0,0.0,-0.032802197,-0.065899787,0.0330975896,-0.126529843,0.008156985,0.0583938183,-0.040920432,0.0409204316,-0.11466331,-0.199202133,0.1141529788,0.7347949847,0.2588136447,0.4433189832,0.506412022,0.7027122159,-0.102702589,-0.033960236,-0.051935232,-0.044840081,-0.185941633,-0.003919649,-0.016253894,0.2563747694,1.1338613473,1.1688446705,6.1558815485,0.105174963,0.2752229816,0.0010366003,-0.01242236,8.0,0.0043180149,-0.104986161,0.0455271278,-0.654430753,-0.151621941,0.0967004452,0.0570891574,-0.087735443,-0.0290903,0.4660543518,,0.2009672222,0.0946738297,-0.046079072,-1.804946102,-1.66370379,-0.531849029,0.1638360659,0.5626205276,0.3125663443,0.1981693838,0.6265439368,0.2859914558,0.2139735641,0.1242474635,2.099975675,0.1235804302,0.6057662547,1.612899209,0.4125538788,9.0,-3.495428731,3.4652318742,28.160837531,-19.20056077,0.921729156,0.1114861668,0.434943746,0.2071184687,0.0096732537,-0.110033261,0.5861697581,0.1048872825,0.1243901951,0.1203171425,0.0444484456,0.0444484456,0.0653257458,0.1069939886,0.1045729682,0.1982922933,17.074741917,0.5633457452,-0.24601268,0.0729437546,0.8201459171,0.8891833716,0.00757712,45163.87431398,6.22428884,0.00211037,6.31316149,0.00527437,0.00618884,0.00610567,,,,,,,,,,,,,,,,,,,,471,1.6258511147,1.555285536,1.5923571333,0.6266079918
20230531,20230531,204683.0,01W,GBR,-0.080694,2023,5,20230428,20230430,20.466484812,1.408064,20.466484812,0.0303606293,-0.109999958,0.1479465956,-0.074636262,0.0695171041,0.166184599,0.4665138047,0.4715867917,-0.029968169,-0.261208364,-0.043566806,0.0400810038,,,-0.174445727,-0.083344681,-0.663514915,,-0.57291949,-0.129303013,-0.689850979,0.0,0.0,0.0,-0.014378332,0.0100040072,-0.02438234,-0.080836622,-0.007169795,-0.073666828,-0.036339913,0.0363399127,0.1096943071,-0.184971494,0.1167352406,0.638827754,0.4293988185,0.4227236946,0.3828391498,0.7672955975,-0.298615493,-0.257384455,-0.041231038,-0.113981235,-0.674434544,-0.077641322,-0.459408865,0.1520481055,1.0215452334,1.0949063722,6.5729559748,0.1043919242,0.2752229816,0.0328510633,-0.119205298,0.0,-0.080944909,-0.108921336,-0.052179694,-0.801433751,-0.085285281,0.1224393689,0.0583051367,-0.026264064,-0.018595553,0.4808271799,,0.1260143972,0.0502842817,0.0066646692,-0.745203442,-1.500897378,-0.702842683,0.2603943341,0.5273869821,0.2978997838,0.3544920295,0.8217957505,0.282983899,0.3154175837,0.0677232864,2.2652847022,0.102886654,0.5344225646,1.3534039948,0.4448124293,6.0,-3.065279173,3.2011455262,13.475470966,-33.39330711,0.5186922082,0.1319000734,0.5082407553,0.2243606531,0.0113033969,-0.128576139,0.6152697943,0.0858940417,0.1438239506,0.1411747169,0.1616032519,0.1616032519,0.0642291977,0.1074175948,0.1102550407,0.23839231,17.237377108,0.5716702882,-0.06421938,-0.230741983,0.8696099107,0.8832320263,0.00814582,46600.06876375,6.1661779,0.00217489,6.26185579,0.00524002,0.00622478,0.0052514,0.01513556,0.96281061,-0.16621714,2.95408181,0.01610529,0.95890083,0.01607697,1.66589918,0.01091804,0.04196626,0.01559285,0.95032746,,,,,,,,472,1.6065618113,1.6105144212,1.519580045,0.4820061214
20230630,20230630,204683.0,01W,GBR,0.045549,2023,6,20230531,20230531,18.814959619,1.2944415,18.814959619,0.0330256015,-0.109999958,0.1479465956,-0.08069413,0.02392293,-0.106079652,0.2607563968,0.4237827194,0.319361902,-0.408247214,0.0596951159,0.027318345,0.0372495371,,-0.174445727,-0.083344681,-0.663514915,,-0.57291949,-0.129303013,-0.689850979,0.0,0.0,0.0,-0.014378332,0.0100040072,-0.02438234,-0.080836622,-0.007169795,-0.073666828,-0.036339913,0.0363399127,0.1096943071,-0.184971494,0.1167352406,0.638827754,0.4293988185,0.4227236946,0.3828391498,0.7672955975,-0.298615493,-0.257384455,-0.041231038,-0.113981235,-0.674434544,-0.077641322,-0.459408865,0.1520481055,1.0215452334,1.0949063722,6.5729559748,0.1043919242,0.2752229816,0.0328510633,-0.119205298,0.0,-0.080944909,-0.108921336,-0.052179694,-0.801433751,-0.085285281,0.1224393689,0.0583051367,-0.026264064,-0.018595553,0.4808271799,,0.1260143972,0.0502842817,0.0066646692,-0.745203442,-1.500897378,-0.702842683,0.2603943341,0.5273869821,0.2978997838,0.3544920295,0.8217957505,0.282983899,0.3154175837,0.0677232864,2.2652847022,0.102886654,0.5344225646,1.3534039948,0.4448124293,6.0,-3.065279173,3.2011455262,13.475470966,-33.39330711,0.5186922082,0.1319000734,0.5528527252,0.2440544117,0.0122955778,-0.139862198,0.6692764776,0.0934335835,0.1564484198,0.1535666437,0.175788339,0.175788339,0.0698670593,0.1183795823,0.1215065901,0.2463474778,17.053399859,0.5993708746,-0.084163723,-0.914198685,0.87169272,0.8768806851,0.008032,16787.94257055,5.29136896,0.00075532,4.98785495,0.00710755,0.00632141,0.0042285,,,,,,,,,,,,,,,,,,,,473,1.5911664426,1.6153325337,1.5160150612,0.4591742579
20230731,20230731,204683.0,01W,GBR,0.154582,2023,7,20230630,20230630,19.671961983,1.353402,19.671961983,0.0315868523,-0.117944875,0.1569135517,0.0455489877,-0.149307685,-0.045053808,0.290542779,0.2351588597,0.5030172385,-0.339184058,-0.009933986,0.0323622517,-0.005408934,,-0.174445727,-0.083344681,-0.663514915,,-0.57291949,-0.129303013,-0.689850979,0.0,0.0,0.0,-0.014378332,0.0100040072,-0.02438234,-0.080836622,-0.007169795,-0.073666828,-0.036339913,0.0363399127,0.1096943071,-0.184971494,0.1167352406,0.638827754,0.4293988185,0.4227236946,0.3828391498,0.7672955975,-0.298615493,-0.257384455,-0.041231038,-0.113981235,-0.674434544,-0.077641322,-0.459408865,0.1520481055,1.0215452334,1.0949063722,6.5729559748,0.1043919242,0.2752229816,0.0328510633,-0.119205298,0.0,-0.080944909,-0.108921336,-0.052179694,-0.801433751,-0.085285281,0.1224393689,0.0583051367,-0.026264064,-0.018595553,0.4808271799,,0.1260143972,0.0502842817,0.0066646692,-0.745203442,-1.500897378,-0.702842683,0.2603943341,0.5273869821,0.2978997838,0.3544920295,0.8217957505,0.282983899,0.3154175837,0.0677232864,2.2652847022,0.102886654,0.5344225646,1.3534039948,0.4448124293,6.0,-3.065279173,3.2011455262,13.475470966,-33.39330711,0.5186922082,0.1319000734,0.5287678834,0.2334222638,0.0117599251,-0.133769148,0.6401196744,0.089363181,0.1496327973,0.1468765649,0.1681301795,0.1681301795,0.0668233245,0.1124260118,0.1153957555,0.23445498,17.152724389,0.6008971574,-0.066272125,-0.68451813,0.872337479,0.8493576232,,7060.60641433,1.23791054,0.000349,1.23715146,0.00812262,0.00633309,0.00622223,,,,,,,,,,,,,,,,,,,,474,1.5901790806,1.614228615,1.5145023391,0.4590670283
20230831,20230831,204683.0,01W,GBR,-0.039534,2023,8,20230731,20230731,22.247249693,1.530578,22.247249693,0.0471849256,-0.117944875,0.1776277567,0.1545818274,-0.038820679,-0.048728184,0.0372518003,0.304376756,0.3064108059,-0.360690983,0.0763845409,0.0394710959,-0.041065483,,-0.129986728,-0.075511123,-0.781840895,,-0.57291949,-0.076565228,-0.845441873,0.0,0.0,0.0,0.1250601171,-0.027305628,0.1523657449,-0.045244419,-0.007169795,-0.073666828,-0.036339913,0.0363399127,0.1096943071,-0.113150532,0.1747986576,0.6173610788,0.2050867402,0.4192149516,0.3910780931,0.7672955975,-0.298615493,-0.257384455,-0.0259367,0.0341610541,0.1544868312,-0.077641322,-0.459408865,0.1520481055,0.8893272975,1.0501719964,6.5729559748,0.1043919242,0.2838074398,0.0328510633,-0.119205298,0.0,-0.080944909,-0.108921336,-0.052179694,-0.881991827,0.0253922166,0.2031356741,0.0896733527,0.1498772685,0.0621312305,0.4808271799,,-0.947261736,0.0732450196,0.1055850846,0.4549939196,0.7737537986,-0.836199785,0.2081487565,0.5371123325,0.3493122304,0.178428186,0.8830919536,0.1869649399,0.2392477943,-0.035014981,1.7685758514,0.1064556306,0.5344225646,1.5466561003,0.4880974352,6.0,-3.065279173,4.4085255686,13.475470966,-33.39330711,0.7458452342,0.1234225245,0.508246824,0.2873763224,0.0103986247,-0.118284356,0.5736195204,0.1123865842,0.0950243369,0.0935603672,0.1486678374,0.1486678374,0.0590880184,0.0976659667,0.1002458224,0.2761964394,16.3558252,0.6287891885,-0.105636755,-0.94165846,0.7588930201,0.8642046132,0.00764268,7384.27823744,1.20152504,0.00036261,1.20454966,0.00808508,0.00635372,0.01711049,,,,,,,,,,,,,,,,,,,,475,1.5988162845,1.3691147505,1.5167806954,0.7275256672
20230929,20230930,204683.0,01W,GBR,0.125841,2023,9,20230831,20230831,21.367725043,1.470068,21.367725043,0.0304008504,-0.117944875,0.1571142162,-0.039534085,0.2071718609,0.1363088925,-0.007962796,0.3991372426,0.2738871868,-0.2945826,-0.101912176,0.0451418316,0.1536445375,,-0.129986728,-0.075511123,-0.781840895,,-0.57291949,-0.076565228,-0.845441873,0.0,0.0,0.0,0.1250601171,-0.027305628,0.1523657449,-0.045244419,-0.007169795,-0.073666828,-0.036339913,0.0363399127,0.1096943071,-0.113150532,0.1747986576,0.6173610788,0.2050867402,0.4192149516,0.3910780931,0.7672955975,-0.298615493,-0.257384455,-0.0259367,0.0341610541,0.1544868312,-0.077641322,-0.459408865,0.1520481055,0.8893272975,1.0501719964,6.5729559748,0.1043919242,0.2838074398,0.0328510633,-0.119205298,0.0,-0.080944909,-0.108921336,-0.052179694,-0.881991827,0.0253922166,0.2031356741,0.0896733527,0.1498772685,0.0621312305,0.4808271799,,-0.947261736,0.0732450196,0.1055850846,0.4549939196,0.7737537986,-0.836199785,0.2081487565,0.5371123325,0.3493122304,0.178428186,0.8830919536,0.1869649399,0.2392477943,-0.035014981,1.7685758514,0.1064556306,0.5344225646,1.5466561003,0.4880974352,6.0,-3.065279173,4.4085255686,13.475470966,-33.39330711,0.7458452342,0.1234225245,0.5291669552,0.299205123,0.0108266462,-0.123153101,0.5972304807,0.117012569,0.098935668,0.0974114393,0.154787208,0.154787208,0.0615201617,0.1022506486,0.1049516092,0.2650918678,16.233266912,0.6327232364,-0.067054733,-0.151916019,0.7625398879,0.8563207777,0.00761395,8394.46343415,1.09025873,0.00040253,1.09648821,0.0079458,0.00638091,0.01057025,,,,,,,,,,,,,,,,,,,,476,1.5978726147,1.3738502368,1.5213857763,0.7270337323
20231031,20231031,204683.0,01W,GBR,0.064314,2023,10,20230929,20230930,23.767979934,1.635202,23.767979934,0.0386091855,-0.117944875,0.1691867998,0.1258409522,0.1089364919,-0.013666984,0.1072099048,0.496316504,0.3710241453,-0.372035502,0.3008660923,0.0292304552,0.0466573985,,-0.129986728,-0.075511123,-0.781840895,,-0.57291949,-0.076565228,-0.845441873,0.0,0.0,0.0,0.1250601171,-0.027305628,0.1523657449,-0.045244419,-0.007169795,-0.073666828,-0.036339913,0.0363399127,0.1096943071,-0.113150532,0.1747986576,0.6173610788,0.2050867402,0.4192149516,0.3910780931,0.7672955975,-0.298615493,-0.257384455,-0.0259367,0.0341610541,0.1544868312,-0.077641322,-0.459408865,0.1520481055,0.8893272975,1.0501719964,6.5729559748,0.1043919242,0.2838074398,0.0328510633,-0.119205298,0.0,-0.080944909,-0.108921336,-0.052179694,-0.881991827,0.0253922166,0.2031356741,0.0896733527,0.1498772685,0.0621312305,0.4808271799,,-0.947261736,0.0732450196,0.1055850846,0.4549939196,0.7737537986,-0.836199785,0.2081487565,0.5371123325,0.3493122304,0.178428186,0.8830919536,0.1869649399,0.2392477943,-0.035014981,1.7685758514,0.1064556306,0.5344225646,1.5466561003,0.4880974352,6.0,-3.065279173,4.4085255686,13.475470966,-33.39330711,0.7458452342,0.1234225245,0.4757280186,0.2689893217,0.0097332967,-0.11071625,0.5369180189,0.105195831,0.0889444604,0.0875741588,0.1391557259,0.1391557259,0.0553074306,0.0906390823,0.0930333222,0.2879052835,16.546333046,0.6175713485,0.1002350725,-0.095539273,0.7638913216,0.849758072,0.00683909,9788.98153111,1.20200322,0.00045717,1.16406111,0.00776987,0.00636141,0.01250238,,,,,,,,,,,,,,,,,,,,477,1.596915482,1.3694088048,1.5200732224,0.7176105642
20231130,20231130,204683.0,01W,GBR,-0.069549,2023,11,20231031,20231031,25.296588252,1.740368,25.296588252,0.0275303844,-0.117944875,0.1582875134,0.0643137667,0.0813318608,0.2000190377,0.1876496552,0.2949944714,0.166184599,0.0227142049,0.2072048044,0.0162403608,,,-0.033177282,-0.020183743,-0.877477664,,-0.57291949,-0.03646154,-0.934139773,0.0,0.0,0.0,0.1384469646,0.0189430201,0.1195039445,0.0050901274,-0.007169795,-0.073666828,-0.036339913,0.0363399127,0.0997756027,-0.04520355,0.2178561268,0.6275716239,0.1425347255,0.5043510962,0.4777604683,0.7672955975,-0.298615493,-0.257384455,-0.025222977,0.1448166234,0.5360828281,-0.077641322,-0.459408865,0.1520481055,0.8497021079,1.1179712608,6.5729559748,0.1043919242,0.2838074398,0.0328510633,-0.119205298,1.0,-0.080944909,-0.108921336,-0.052179694,-0.94195531,0.1394912256,0.1498722544,0.0847417736,0.1080636507,0.0600591783,0.4808271799,,-1.021340453,0.0630692229,0.2150218631,1.8541154619,0.7202491431,-0.92366408,0.2778178122,0.6067505034,0.4670151465,0.1378058107,0.9097469883,0.1253218996,0.2873513488,-0.115581421,1.7685758514,0.1093748117,0.5344225646,1.7345115906,0.5424097586,6.0,-3.065279173,4.2168582107,13.475470966,-33.39330711,1.0187057263,0.1047552956,0.4591572541,0.2596197691,0.0091451384,-0.104025949,0.5221321831,0.1240360624,0.0575424593,0.0569009301,0.1307469002,0.1307469002,0.0519653436,0.0845260832,0.0867588477,0.2466200689,16.119607101,0.5174785946,-0.039793817,0.4638144332,0.7418269143,0.8385094944,0.00646381,13440.97276703,1.17749377,0.00059432,1.1071339,0.00741527,0.00628425,0.0113381,0.03559166,1.39400369,-0.14935025,-0.55628579,0.03648834,0.96613413,0.03744285,0.93447774,0.05230571,0.09874617,0.03626134,1.44310155,,,,,,,,478,1.5450725743,1.3257673776,1.3456999172,0.696493029
20231229,20231231,204683.0,01W,GBR,0.132737,2023,12,20231130,20231130,23.537248249,1.619328,23.537248249,0.0295881995,0.0,0.0327867885,-0.069548509,0.1982480245,0.3893055885,0.3077510714,0.1417121922,-0.106079652,0.3898588676,-0.139442379,0.022594349,,,-0.033177282,-0.020183743,-0.877477664,,-0.57291949,-0.03646154,-0.934139773,0.0,0.0,0.0,0.1384469646,0.0189430201,0.1195039445,0.0050901274,-0.007169795,-0.073666828,-0.036339913,0.0363399127,0.0997756027,-0.04520355,0.2178561268,0.6275716239,0.1425347255,0.5043510962,0.4777604683,0.7672955975,-0.298615493,-0.257384455,-0.025222977,0.1448166234,0.5360828281,-0.077641322,-0.459408865,0.1520481055,0.8497021079,1.1179712608,6.5729559748,0.1043919242,0.2838074398,0.0328510633,-0.119205298,1.0,-0.080944909,-0.108921336,-0.052179694,-0.94195531,0.1394912256,0.1498722544,0.0847417736,0.1080636507,0.0600591783,0.4808271799,,-1.021340453,0.0630692229,0.2150218631,1.8541154619,0.7202491431,-0.92366408,0.2778178122,0.6067505034,0.4670151465,0.1378058107,0.9097469883,0.1253218996,0.2873513488,-0.115581421,1.7685758514,0.1093748117,0.5344225646,1.7345115906,0.5424097586,6.0,-3.065279173,4.2168582107,13.475470966,-33.39330711,1.0187057263,0.1047552956,0.4934779069,0.2790255824,0.0098287105,-0.111801582,0.5611600265,0.1333073929,0.0618435887,0.0611541071,0.140519846,0.140519846,0.0558496,0.091639444,0.0940601086,0.2342630726,15.879390528,0.4524874653,0.0188383851,0.5602024408,0.6533829842,0.8460618358,0.00711866,15335.50931548,1.13154669,0.00066167,1.08972894,0.00729567,0.0073256,0.00794651,,,,,,,,,,,,,,,,,,,,479,1.5471647881,1.3154982225,1.3401947342,0.7128486532
20240131,20240131,204683.0,01W,GBR,0.109105,2024,1,20231229,20231231,26.661501203,1.834272,26.661501203,0.0261209897,0.0,0.0327867885,0.1327365426,-0.009707669,0.2363662258,0.0996741808,0.2344412336,-0.045053808,0.3398479332,0.0495875176,0.0301533513,-0.002777985,,-0.033177282,-0.020183743,-0.877477664,,-0.57291949,-0.03646154,-0.934139773,0.0,0.0,0.0,0.1384469646,0.0189430201,0.1195039445,0.0050901274,-0.007169795,-0.073666828,-0.036339913,0.0363399127,0.0997756027,-0.04520355,0.2178561268,0.6275716239,0.1425347255,0.5043510962,0.4777604683,0.7672955975,-0.298615493,-0.257384455,-0.025222977,0.1448166234,0.5360828281,-0.077641322,-0.459408865,0.1520481055,0.8497021079,1.1179712608,6.5729559748,0.1043919242,0.2838074398,0.0328510633,-0.119205298,1.0,-0.080944909,-0.108921336,-0.052179694,-0.94195531,0.1394912256,0.1498722544,0.0847417736,0.1080636507,0.0600591783,0.4808271799,,-1.021340453,0.0630692229,0.2150218631,1.8541154619,0.7202491431,-0.92366408,0.2778178122,0.6067505034,0.4670151465,0.1378058107,0.9097469883,0.1253218996,0.2873513488,-0.115581421,1.7685758514,0.1093748117,0.5344225646,1.7345115906,0.5424097586,6.0,-3.065279173,4.2168582107,13.475470966,-33.39330711,1.0187057263,0.1047552956,0.4356510877,0.2463287551,0.0086769608,-0.098700429,0.4954020687,0.1176861414,0.0545966219,0.0539879352,0.1240534235,0.1240534235,0.0493050219,0.0797249701,0.0818309127,0.2646361007,16.284131091,0.4533125354,-0.012129136,0.4524803961,0.6546667213,0.8424055243,0.00653539,18597.6564459,1.13677426,0.0007835,1.09860267,0.0070988,0.00761128,0.00345348,,,,,,,,,,,,,,,,,,,,480,1.5520672774,1.3106703984,1.3498320915,0.7058223648
20240229,20240229,204683.0,01W,GBR,0.040124,2024,2,20240131,20240131,29.570400708,2.0344,29.570400708,0.0235514157,0.0,0.0327867885,0.1091048656,0.0539564046,0.2129735378,0.3461097285,0.3322344936,-0.048728184,0.5991200522,-0.033430822,0.0431111411,-0.020389517,,0.1717465499,0.0353624953,-0.323081679,,-0.57291949,-0.000816893,-0.766077846,0.0,0.0,0.0,0.0477330326,-0.040909318,0.088642351,0.0440183298,-0.007169795,-0.073666828,-0.036339913,0.0363399127,0.0493391445,0.2064628597,0.197117165,0.6336694582,0.1531382952,0.4394587308,0.4247851691,0.7672955975,-0.298615493,-0.257384455,-0.024771336,0.1182682456,0.4542935782,-0.077641322,-0.459408865,0.1520481055,0.9193139529,1.2850014046,6.5729559748,0.1043919242,0.2897044495,0.0328510633,-0.119205298,2.0,-0.080944909,-0.108921336,-0.052179694,-0.728470179,0.0744083669,0.0734874856,0.0415517862,-0.02321296,-0.015537371,0.4808271799,,-0.171456221,0.0126385141,0.2085823114,0.8671113773,-0.988862295,-0.679952614,0.3180196778,0.7425000015,0.6627172207,0.1794392691,0.894289786,0.1420661533,0.2714065408,-0.143925302,1.631690514,0.1093831631,0.5344225646,3.2216445202,0.6561184468,6.0,-3.065279173,5.292524872,13.475470966,-33.39330711,0.970966712,0.0888195484,0.3811889873,0.2336159854,0.0078233908,-0.08899107,0.4539305464,0.0992366059,0.0541540531,0.0520918575,0.1118500399,0.1118500399,0.0444547882,0.0711161578,0.0729946978,0.2454145732,15.602722583,0.5243026598,0.1393323808,0.4433153287,0.584298577,0.8493940615,0.00629758,24131.85604328,1.20630087,0.00092494,1.14282179,0.00686836,0.00743298,0.00992513,0.04052915,0.64145888,0.4063065,-0.61350098,0.04025812,0.20012969,0.04032942,-0.06911134,0.05969297,0.11837285,0.04067756,0.75216599,,,,,,,,481,1.6101863002,1.3025023018,1.5317457697,0.8356561742
20240328,20240331,204683.0,01W,GBR,-0.06508,2024,3,20240229,20240229,30.756872338,2.1160275,30.756872338,0.0226429004,0.0,0.0327867885,0.0401236237,0.2563236108,0.4006898433,0.6240262342,0.5286932302,0.1363088925,0.5586029577,0.1065085961,0.0370761436,-0.082253932,,0.1717465499,0.0353624953,-0.323081679,,-0.57291949,-0.000816893,-0.766077846,0.0,0.0,0.0,0.0477330326,-0.040909318,0.088642351,0.0440183298,-0.007169795,-0.073666828,-0.036339913,0.0363399127,0.0493391445,0.2064628597,0.197117165,0.6336694582,0.1531382952,0.4394587308,0.4247851691,0.7672955975,-0.298615493,-0.257384455,-0.024771336,0.1182682456,0.4542935782,-0.077641322,-0.459408865,0.1520481055,0.9193139529,1.2850014046,6.5729559748,0.1043919242,0.2897044495,0.0328510633,-0.119205298,2.0,-0.080944909,-0.108921336,-0.052179694,-0.728470179,0.0744083669,0.0734874856,0.0415517862,-0.02321296,-0.015537371,0.4808271799,,-0.171456221,0.0126385141,0.2085823114,0.8671113773,-0.988862295,-0.679952614,0.3180196778,0.7425000015,0.6627172207,0.1794392691,0.894289786,0.1420661533,0.2714065408,-0.143925302,1.631690514,0.1093831631,0.5344225646,3.2216445202,0.6561184468,6.0,-3.065279173,5.292524872,13.475470966,-33.39330711,0.970966712,0.0888195484,0.3664843088,0.2246040567,0.007521597,-0.085558166,0.4364198025,0.0954084722,0.052065016,0.0500823713,0.1075353327,0.1075353327,0.0427399082,0.0681161154,0.0699154091,0.2521937771,15.746633958,0.5339857124,0.2925191823,0.587581458,0.5828949605,0.8625789929,0.00686318,26863.54310404,1.22551049,0.00099318,1.17362619,0.00680588,0.00733285,0.01004102,0.02141792,1.15664679,-0.16145645,-0.68451364,0.02154501,0.54260938,0.02176505,0.5904407,0.03285551,0.0524624,0.02145478,1.13288458,1.31740448,,,,,,,482,1.6028407779,1.3018640043,1.5300971697,0.8125504984
20240430,20240430,204683.0,01W,GBR,-0.05666,2024,4,20240328,20240331,28.755216099,1.9783165,28.755216099,0.0242190772,0.0,0.0327867885,-0.065079967,0.1536061718,0.2940465459,0.615599146,0.4369792948,-0.013666984,0.8347446221,-0.074636262,0.0379448977,-0.082050048,,0.1717465499,0.0353624953,-0.323081679,,-0.57291949,-0.000816893,-0.766077846,0.0,0.0,0.0,0.0477330326,-0.040909318,0.088642351,0.0440183298,-0.007169795,-0.073666828,-0.036339913,0.0363399127,0.0493391445,0.2064628597,0.197117165,0.6336694582,0.1531382952,0.4394587308,0.4247851691,0.7672955975,-0.298615493,-0.257384455,-0.024771336,0.1182682456,0.4542935782,-0.077641322,-0.459408865,0.1520481055,0.9193139529,1.2850014046,6.5729559748,0.1043919242,0.2897044495,0.0328510633,-0.119205298,2.0,-0.080944909,-0.108921336,-0.052179694,-0.728470179,0.0744083669,0.0734874856,0.0415517862,-0.02321296,-0.015537371,0.4808271799,,-0.171456221,0.0126385141,0.2085823114,0.8671113773,-0.988862295,-0.679952614,0.3180196778,0.7425000015,0.6627172207,0.1794392691,0.894289786,0.1420661533,0.2714065408,-0.143925302,1.631690514,0.1093831631,0.5344225646,3.2216445202,0.6561184468,6.0,-3.065279173,5.292524872,13.475470966,-33.39330711,0.970966712,0.0888195484,0.3919953535,0.2402387892,0.0080451769,-0.091513887,0.4667990706,0.1020498747,0.055689272,0.053568615,0.1150208883,0.1150208883,0.0457150416,0.0733353214,0.0752724809,0.2324228213,15.496963111,0.5043467967,0.2641227392,0.4848846144,0.5813633609,0.855654982,0.00748826,26802.40897033,1.21540504,0.00095821,1.18988242,0.00691371,0.00733909,0.00670695,0.01573102,0.42065662,0.06369175,2.75047355,0.01643743,0.41784632,0.0159839,0.27869489,0.01605162,0.03857827,0.01602008,0.70060804,1.20938265,,,,,,,483,1.5991835051,1.3028760799,1.5325352495,0.8170688641
20240531,20240531,204683.0,01W,GBR,-0.031838,2024,5,20240430,20240430,27.125944289,1.866225,27.125944289,0.0256737532,0.0,0.0327867885,-0.056660044,-0.027567587,0.1367230953,0.3082277677,0.4518190796,0.2000190377,0.7466155598,-0.08069413,0.0401298146,,,0.1311480284,0.0950155776,0.8794367444,,-1.0,-0.007612501,-0.626807295,0.0,0.0,0.0,0.0409561694,-0.086993908,0.1279500771,0.0285947569,-0.003788965,0.0323837214,-0.019661654,0.0196616538,-0.002280333,0.2225979715,0.1892840647,0.6153513045,0.2540868247,0.4098215863,0.4061119943,0.6864321608,,,-0.040447623,0.1262314604,0.5071770335,0.1458931142,0.5861742915,0.3655382554,0.918913067,1.2440355277,3.6264656616,0.1086374134,0.2897044495,0.1603896419,-0.057971014,3.0,0.1813612601,0.018328312,0.0093325592,-0.367597567,0.0371824061,0.0729269358,0.0446940981,-0.049512433,-0.013611039,0.3941330912,,-0.131401138,0.001292301,0.1917256936,0.5341993999,-0.484948273,-0.378755476,0.4301962784,0.6960534149,0.6435751644,0.2874098108,0.8838625489,0.1226588719,0.3803182852,-0.160325027,1.631690514,0.1083546638,0.5546882105,2.544832978,0.6333853405,6.0,-3.975499946,5.4567655495,37.461489831,-95.74925153,0.7922164067,0.10745407,0.4337578252,0.2658333927,0.0,-0.125661572,0.5083282946,0.1079581293,0.0532042455,0.0494475468,,,0.0552234711,0.1603175798,0.1255149695,0.2507338834,15.13882894,0.5090562352,0.2511035275,0.0358511129,0.4931796925,0.8977140942,0.00696992,26902.97007631,1.29862497,0.00093811,1.28267235,0.00698985,0.00727207,0.0126328,,,,,,,,,,,,,1.30294948,,,,,,,484,1.6864096191,1.2234913003,1.5596960632,1.3005670854
20240628,20240630,204683.0,01W,GBR,-0.165383,2024,6,20240531,20240531,26.262306608,1.806808,26.262306608,0.0265180362,0.0,0.0327867885,-0.031838069,-0.118052577,0.1524688019,0.2849009058,0.4897750486,0.3893055885,0.6819693894,0.0455489877,0.0330946277,0.0649372352,,0.1311480284,0.0950155776,0.8794367444,,-1.0,-0.007612501,-0.626807295,0.0,0.0,0.0,0.0409561694,-0.086993908,0.1279500771,0.0285947569,-0.003788965,0.0323837214,-0.019661654,0.0196616538,-0.002280333,0.2225979715,0.1892840647,0.6153513045,0.2540868247,0.4098215863,0.4061119943,0.6864321608,,,-0.040447623,0.1262314604,0.5071770335,0.1458931142,0.5861742915,0.3655382554,0.918913067,1.2440355277,3.6264656616,0.1086374134,0.2897044495,0.1603896419,-0.057971014,3.0,0.1813612601,0.018328312,0.0093325592,-0.367597567,0.0371824061,0.0729269358,0.0446940981,-0.049512433,-0.013611039,0.3941330912,,-0.131401138,0.001292301,0.1917256936,0.5341993999,-0.484948273,-0.378755476,0.4301962784,0.6960534149,0.6435751644,0.2874098108,0.8838625489,0.1226588719,0.3803182852,-0.160325027,1.631690514,0.1083546638,0.5546882105,2.544832978,0.6333853405,6.0,-3.975499946,5.4567655495,37.461489831,-95.74925153,0.7922164067,0.10745407,0.4480219798,0.2745753413,0.0,-0.129793961,0.525044704,0.1115083395,0.0549538706,0.0510736326,,,0.0570394986,0.1663759774,0.1302581773,0.2675498646,15.000892387,0.4771360046,0.1478085022,0.0484824975,0.4869482571,0.8909817839,0.00584104,31278.43106609,1.23287157,0.00109377,1.24184599,0.00677827,0.0070819,0.01011332,0.04182287,2.76236465,-0.18559801,-0.94692839,0.04362989,2.83073442,0.04272471,2.52314035,0.04157496,0.15849422,0.04182288,2.76209128,1.14828838,,,,,,,485,1.6924212824,1.2315010174,1.5527126684,1.3005767441
20240731,20240731,204683.0,01W,GBR,0.020405,2024,7,20240628,20240630,21.492407946,1.478646,21.492407946,0.0548365194,0.0,0.05243973,-0.16538272,-0.086694166,-0.014972698,0.1049448325,0.3795082823,0.2363662258,0.6828613845,0.1545818274,0.0040069415,-0.013735609,,0.1311480284,0.0950155776,0.8794367444,,-1.0,-0.007612501,-0.626807295,0.0,0.0,0.0,0.0409561694,-0.086993908,0.1279500771,0.0285947569,-0.003788965,0.0323837214,-0.019661654,0.0196616538,-0.002280333,0.2225979715,0.1892840647,0.6153513045,0.2540868247,0.4098215863,0.4061119943,0.6864321608,,,-0.040447623,0.1262314604,0.5071770335,0.1458931142,0.5861742915,0.3655382554,0.918913067,1.2440355277,3.6264656616,0.1086374134,0.2897044495,0.1603896419,-0.057971014,3.0,0.1813612601,0.018328312,0.0093325592,-0.367597567,0.0371824061,0.0729269358,0.0446940981,-0.049512433,-0.013611039,0.3941330912,,-0.131401138,0.001292301,0.1917256936,0.5341993999,-0.484948273,-0.378755476,0.4301962784,0.6960534149,0.6435751644,0.2874098108,0.8838625489,0.1226588719,0.3803182852,-0.160325027,1.631690514,0.1083546638,0.5546882105,2.544832978,0.6333853405,6.0,-3.975499946,5.4567655495,37.461489831,-95.74925153,0.7922164067,0.10745407,0.547453344,0.3355129783,0.0,-0.15859967,0.6415700388,0.1362558447,0.0671500096,0.0624086144,,,0.0696985095,0.2102605647,0.1646160602,0.2585517107,14.039375915,0.5035298805,0.2305403701,-0.252760521,0.5012281171,0.8752364532,0.00559714,33455.12355694,1.24995155,0.00120161,1.31877866,0.00661463,0.00692254,0.01279118,0.02755774,-1.70093728,-0.13639541,3.25853235,0.02494919,-1.22178107,0.02760619,-1.24589818,0.01631472,0.02390245,0.02918943,-1.8846063,1.03406534,0.03227796,-0.38933936,0.60737503,,,0.5052941696,486,1.6859150888,1.2256548336,1.548455142,1.3064298506
20240830,20240831,204683.0,01W,GBR,0.027717,2024,8,20240731,20240731,21.893236144,1.5088175,21.893236144,0.0342667194,-0.001719963,0.033446969,0.0204048163,-0.191955323,-0.258752862,-0.133520509,-0.002789216,0.2129735378,1.0651581111,-0.039534085,0.0094559325,-0.015847066,,0.0652808759,0.0339438992,1.8443564952,,-1.0,-0.011366313,-0.664342685,0.0,0.0,0.0,-0.013998279,-0.067688714,0.0536904357,0.0265008533,-0.003788965,0.0323837214,-0.019661654,0.0196616538,-0.003129483,0.1289691497,0.1516542226,0.5474198793,0.1147913809,0.2833154582,0.2915078291,0.6864321608,,,-0.040447623,0.0734820113,0.3820796263,0.1458931142,0.5861742915,0.3655382554,0.9070466768,1.1300485326,3.6264656616,0.1086374134,0.3151934571,0.1603896419,-0.057971014,0.0,0.1813612601,0.018328312,0.0093325592,-0.379477733,-0.09692579,0.0515815336,0.0316123267,-0.15155414,-0.058061026,0.3941330912,,-0.326606798,-0.069395513,0.0996048602,-0.954872921,-1.60765967,-0.381354123,0.2005640441,0.5831559285,0.3521559444,0.1222850628,0.8575471339,0.1188391862,0.1882733922,-0.068125754,1.5157342657,0.1088313074,0.5546882105,2.3580377587,0.6128688105,6.0,-3.975499946,6.0358185404,37.461489831,-95.74925153,0.7315846894,0.0931302105,0.5501804722,0.3629795042,0.0,-0.155695977,0.6026806733,0.1058113673,0.0653829996,0.0611516151,,,0.0684224475,0.2057011692,0.161046443,0.2551364998,15.443041863,0.4870505684,-0.052889809,-1.001315745,0.5336469918,0.783447488,0.00704131,28923.19107886,1.33654456,0.00110133,1.38015854,0.00673755,0.00691243,0.00796251,0.0175313,0.23518413,0.26178607,0.16845972,0.01759614,-0.04844286,0.01677114,-0.04071723,0.02440649,0.04596615,0.01753709,0.18756985,1.20271345,0.03043085,-0.51447778,0.6197684,,,0.8018933168,487,1.6517985081,1.1300450992,1.4024704314,1.3412113965
20240930,20240930,204683.0,01W,GBR,-0.209116,2024,9,20240830,20240831,22.500059754,1.550638,22.500059754,0.0333425506,-0.001719963,0.033446969,0.0277174012,-0.148352508,-0.272805527,-0.04975181,0.0594427881,0.4006898433,1.0194548052,0.1258409522,0.0005356097,0.1259520849,,0.0652808759,0.0339438992,1.8443564952,,-1.0,-0.011366313,-0.664342685,0.0,0.0,0.0,-0.013998279,-0.067688714,0.0536904357,0.0265008533,-0.003788965,0.0323837214,-0.019661654,0.0196616538,-0.003129483,0.1289691497,0.1516542226,0.5474198793,0.1147913809,0.2833154582,0.2915078291,0.6864321608,,,-0.040447623,0.0734820113,0.3820796263,0.1458931142,0.5861742915,0.3655382554,0.9070466768,1.1300485326,3.6264656616,0.1086374134,0.3151934571,0.1603896419,-0.057971014,0.0,0.1813612601,0.018328312,0.0093325592,-0.379477733,-0.09692579,0.0515815336,0.0316123267,-0.15155414,-0.058061026,0.3941330912,,-0.326606798,-0.069395513,0.0996048602,-0.954872921,-1.60765967,-0.381354123,0.2005640441,0.5831559285,0.3521559444,0.1222850628,0.8575471339,0.1188391862,0.1882733922,-0.068125754,1.5157342657,0.1088313074,0.5546882105,2.3580377587,0.6128688105,6.0,-3.975499946,6.0358185404,37.461489831,-95.74925153,0.7315846894,0.0931302105,0.5353421783,0.3531899953,0.0,-0.151496878,0.5864264559,0.1029576488,0.0636196288,0.0595023642,,,0.0665771032,0.1991629103,0.1559275448,0.2636747856,15.547962505,0.4815739544,-0.036383381,-0.865919313,0.5313521775,0.7765963937,0.00719238,26985.92118712,1.32203097,0.00107399,1.3484636,0.00675907,0.00690579,0.01248136,,,,,,,,,,,,,1.1760109,0.03043085,-0.51447778,0.6197684,,,,488,1.6603744793,1.1371561989,1.4117671374,1.3420759919
20241031,20241031,204683.0,01W,GBR,-0.135734,2024,10,20240930,20240930,17.794933138,1.2263745,17.794933138,0.0270944568,-0.001719963,0.0213743855,-0.209116183,0.048687786,-0.200626378,-0.137851951,-0.032893779,0.2940465459,1.1245361763,0.0643137667,-0.024321658,0.1721852601,,0.0652808759,0.0339438992,1.8443564952,,-1.0,-0.011366313,-0.664342685,0.0,0.0,0.0,-0.013998279,-0.067688714,0.0536904357,0.0265008533,-0.003788965,0.0323837214,-0.019661654,0.0196616538,-0.003129483,0.1289691497,0.1516542226,0.5474198793,0.1147913809,0.2833154582,0.2915078291,0.6864321608,,,-0.040447623,0.0734820113,0.3820796263,0.1458931142,0.5861742915,0.3655382554,0.9070466768,1.1300485326,3.6264656616,0.1086374134,0.3151934571,0.1603896419,-0.057971014,0.0,0.1813612601,0.018328312,0.0093325592,-0.379477733,-0.09692579,0.0515815336,0.0316123267,-0.15155414,-0.058061026,0.3941330912,,-0.326606798,-0.069395513,0.0996048602,-0.954872921,-1.60765967,-0.381354123,0.2005640441,0.5831559285,0.3521559444,0.1222850628,0.8575471339,0.1188391862,0.1882733922,-0.068125754,1.5157342657,0.1088313074,0.5546882105,2.3580377587,0.6128688105,6.0,-3.975499946,6.0358185404,37.461489831,-95.74925153,0.7315846894,0.0931302105,0.6768910513,0.4465763337,0.0,-0.191553898,0.741482432,0.1301804976,0.0804411817,0.0752352785,,,0.0841806366,0.2643005993,0.2069247908,0.2416089462,14.547079337,0.4702917436,-0.069618172,-0.606167348,0.5187519,0.7423117205,0.00628419,27771.56690609,1.55156389,0.00117995,1.67192059,0.00659675,0.00686248,0.00521172,,,,,,,,,,,,,1.27782873,0.03043085,-0.51447778,0.6197684,,,,489,1.6569506485,1.1421646779,1.4169172238,1.3542901469
20241129,20241130,204683.0,01W,GBR,-0.073901,2024,11,20241031,20241031,15.128793633,1.042632,15.128793633,0.0507316588,-0.001719963,0.037813115,-0.135734479,-0.187194939,-0.329815664,-0.385216889,-0.281350403,0.1367230953,0.8952755316,-0.069548509,-0.030338565,,,0.0376878501,-0.034265382,4.1042918323,,-1.0,-0.065388626,-0.703722965,0.0,0.0,0.0,-0.020457102,-0.078536261,0.0580791584,0.0150825274,-0.003788965,0.0323837214,-0.019661654,0.0196616538,-0.003680715,0.1148553232,0.1106775065,0.4995473606,0.1044672789,0.1975129032,0.2176303111,0.6864321608,,,-0.040447623,0.0267750172,0.1864805083,0.1458931142,0.5861742915,0.3655382554,0.9269573689,1.0778768689,3.6264656616,0.1086374134,0.3151934571,0.1603896419,-0.057971014,0.0,0.1813612601,0.018328312,0.0093325592,-0.37461024,-0.120317321,0.0468351144,0.0308992912,-0.10303714,-0.053842482,0.3941330912,,-0.368970948,-0.124966852,0.0023106549,-1.077250844,-1.273345238,-0.382304681,0.1361885361,0.5183742266,0.2391458377,0.1084044261,0.8107264638,0.1168057648,0.1312422961,-0.008516135,1.5157342657,0.108424236,0.5546882105,2.0665987382,0.5969942132,6.0,-3.975499946,4.7452479003,37.461489831,-95.74925153,0.6078901385,0.1028018046,0.7966835223,0.5256089674,0.0,-0.225311342,0.8431326654,0.1143884431,0.0930572281,0.0875819072,,,0.0990157468,0.3244248285,0.253996926,0.2285165967,14.566494351,0.4745191123,-0.274537545,-0.658635931,0.5415129207,0.6836585493,0.00695918,25723.69466006,1.5984772,0.00116716,1.66303991,0.00661612,0.00690731,0.00827255,,,,,,,,,,,,,1.27782873,0.0294144,-0.04291821,0.6197684,,,,490,1.589505185,1.0530757888,1.261843303,1.2761734404
20241231,20241231,204683.0,01W,GBR,-0.060018,2024,12,20241129,20241130,14.010754088,0.96558,14.010754088,0.0547799777,-0.001719963,0.037813115,-0.073901434,-0.316466386,-0.40173519,-0.489160871,-0.332470231,0.1524688019,0.7416908086,0.1327365426,-0.049123835,,,0.0376878501,-0.034265382,4.1042918323,,-1.0,-0.065388626,-0.703722965,0.0,0.0,0.0,-0.020457102,-0.078536261,0.0580791584,0.0150825274,-0.003788965,0.0323837214,-0.019661654,0.0196616538,-0.003680715,0.1148553232,0.1106775065,0.4995473606,0.1044672789,0.1975129032,0.2176303111,0.6864321608,,,-0.040447623,0.0267750172,0.1864805083,0.1458931142,0.5861742915,0.3655382554,0.9269573689,1.0778768689,3.6264656616,0.1086374134,0.3151934571,0.1603896419,-0.057971014,0.0,0.1813612601,0.018328312,0.0093325592,-0.37461024,-0.120317321,0.0468351144,0.0308992912,-0.10303714,-0.053842482,0.3941330912,,-0.368970948,-0.124966852,0.0023106549,-1.077250844,-1.273345238,-0.382304681,0.1361885361,0.5183742266,0.2391458377,0.1084044261,0.8107264638,0.1168057648,0.1312422961,-0.008516135,1.5157342657,0.108424236,0.5546882105,2.0665987382,0.5969942132,6.0,-3.975499946,4.7452479003,37.461489831,-95.74925153,0.6078901385,0.1028018046,0.860257808,0.5675518641,0.0,-0.243290888,0.9104135309,0.1235164888,0.1004830712,0.0945708269,,,0.1069170717,0.3586370105,0.2807821419,0.2425813256,14.186106939,0.4690626444,-0.250120909,-0.911578709,0.5447108816,0.6864995733,0.00748616,20347.59949597,1.83007484,0.00100828,1.84630819,0.00685739,0.00692889,0.00510599,,,,,,,,,,,,,,0.0294144,-0.04291821,0.6197684,,,,491,1.5825846627,1.0435905848,1.2696915983,1.2767730604
20250131,20250131,204683.0,01W,GBR,-0.027652,2025,1,20241231,20241231,13.169852012,0.9076275,13.169852012,0.0582777085,-0.001719963,0.037813115,-0.060018331,-0.19960494,-0.336160182,-0.493980909,-0.454243473,-0.014972698,0.9145817075,0.1091048656,-0.064498671,0.0397655344,,0.0376878501,-0.034265382,4.1042918323,,-1.0,-0.065388626,-0.703722965,0.0,0.0,0.0,-0.020457102,-0.078536261,0.0580791584,0.0150825274,-0.003788965,0.0323837214,-0.019661654,0.0196616538,-0.003680715,0.1148553232,0.1106775065,0.4995473606,0.1044672789,0.1975129032,0.2176303111,0.6864321608,,,-0.040447623,0.0267750172,0.1864805083,0.1458931142,0.5861742915,0.3655382554,0.9269573689,1.0778768689,3.6264656616,0.1086374134,0.3151934571,0.1603896419,-0.057971014,0.0,0.1813612601,0.018328312,0.0093325592,-0.37461024,-0.120317321,0.0468351144,0.0308992912,-0.10303714,-0.053842482,0.3941330912,,-0.368970948,-0.124966852,0.0023106549,-1.077250844,-1.273345238,-0.382304681,0.1361885361,0.5183742266,0.2391458377,0.1084044261,0.8107264638,0.1168057648,0.1312422961,-0.008516135,1.5157342657,0.108424236,0.5546882105,2.0665987382,0.5969942132,6.0,-3.975499946,4.7452479003,37.461489831,-95.74925153,0.6078901385,0.1028018046,0.9151857279,0.6037903533,0.0,-0.258825141,0.9685439205,0.1314030825,0.1068989688,0.1006092247,,,0.1137437838,0.3895327757,0.3049708867,0.2186801435,13.857453788,0.4811738294,-0.581746181,-0.891709099,0.5452516674,0.6781252066,0.00682681,15371.56267875,1.96125898,0.00085805,1.91967749,0.00710792,0.00695589,0.01402829,,,,,,,,,,,,,,0.0294144,-0.04291821,0.6197684,,,,492,1.5887143641,1.0503687086,1.2656372609,1.2845866165
20250228,20250228,204683.0,01W,GBR,-0.087424,2025,2,20250131,20250131,12.805682393,0.88253,12.805682393,0.0599350173,-0.001719963,0.037813115,-0.027651762,-0.129484324,-0.388480679,-0.495782335,-0.537463817,-0.258752862,1.3321494688,0.0401236237,-0.07066007,-0.026671196,,0.1384078606,-0.025151964,0.6446774719,,-1.0,-0.054317326,-0.55342102,0.0,0.0,0.0,0.0078992944,-0.011367545,0.0192668391,-0.009839891,-0.003788965,0.0323837214,-0.019661654,0.0196616538,0.0395467641,0.1329477493,0.1461702625,0.4929602226,0.1707433644,0.2356452434,0.1985503293,0.6864321608,,,-0.040447623,-0.012011009,-0.090114358,0.1458931142,0.5861742915,0.3655382554,0.8610070508,1.0857390002,3.6264656616,0.1086374134,0.3780029246,0.1603896419,-0.057971014,0.0,0.1813612601,0.018328312,0.0093325592,0.1133123124,0.1063330212,0.0581505796,0.0383646269,-0.015336906,-0.003187159,0.3941330912,,-0.104692524,-0.101546913,0.0485305432,1.1968543582,0.1843662685,-0.170569067,0.1807021615,0.5611897924,0.2938388591,0.1943755882,1.1153355426,0.1452973014,0.1587323557,0.0032311481,1.4896530263,0.1004861107,0.5546882105,5.3138834191,0.6875453156,6.0,-3.975499946,4.2660902468,37.461489831,-95.74925153,0.5182401476,0.0752592013,1.0020576652,0.6726785684,0.0,-0.266185643,1.0218350923,0.1335605513,0.1455962746,0.1377644116,,,0.1169784439,0.4046286679,0.3167896807,0.2283817257,13.45289364,,,,0.5623733132,0.6708394235,0.00620249,14805.92880469,2.02048164,0.00091071,1.85480491,0.00701306,0.00698763,0.01216316,,,,,,,,,,,,,,,,,,,,493,1.5685891854,1.1815541376,1.0113696185,1.2927885477
20250331,20250331,204683.0,01W,GBR,-0.181848,2025,3,20250228,20250228,11.686162808,0.805376,11.686162808,0.065676716,-0.001719963,0.037813115,-0.087423657,-0.086010481,-0.421426811,-0.493602112,-0.567603088,-0.272805527,1.7458478581,-0.065079967,-0.072691315,-0.040619647,,0.1384078606,-0.025151964,0.6446774719,,-1.0,-0.054317326,-0.55342102,0.0,0.0,0.0,0.0078992944,-0.011367545,0.0192668391,-0.009839891,-0.003788965,0.0323837214,-0.019661654,0.0196616538,0.0395467641,0.1329477493,0.1461702625,0.4929602226,0.1707433644,0.2356452434,0.1985503293,0.6864321608,,,-0.040447623,-0.012011009,-0.090114358,0.1458931142,0.5861742915,0.3655382554,0.8610070508,1.0857390002,3.6264656616,0.1086374134,0.3780029246,0.1603896419,-0.057971014,0.0,0.1813612601,0.018328312,0.0093325592,0.1133123124,0.1063330212,0.0581505796,0.0383646269,-0.015336906,-0.003187159,0.3941330912,,-0.104692524,-0.101546913,0.0485305432,1.1968543582,0.1843662685,-0.170569067,0.1807021615,0.5611897924,0.2938388591,0.1943755882,1.1153355426,0.1452973014,0.1587323557,0.0032311481,1.4896530263,0.1004861107,0.5546882105,5.3138834191,0.6875453156,6.0,-3.975499946,4.2660902468,37.461489831,-95.74925153,0.5182401476,0.0752592013,1.0980535194,0.7371203227,0.0,-0.29168589,1.119725599,0.1463554828,0.1595442132,0.1509620676,,,0.1281848306,0.4593542663,0.3596351492,0.2206663696,12.889554971,,,,0.5639699274,0.6634780771,,15344.22100563,2.10025681,0.00103528,1.88833746,0.00680812,0.00690936,0.01985011,,,,,,,,,,,,,,,,,,,,494,1.5769540731,1.1827250448,1.0085360241,1.3006586399
20250430,20250430,204683.0,01W,GBR,0.102787,2025,4,20250331,20250331,9.5610576894,0.65892,9.5610576894,0.0802744656,-0.001719963,0.037813115,-0.181847982,-0.112658001,-0.332402316,-0.446301024,-0.577936959,-0.200626378,2.1270719948,-0.056660044,-0.084072036,-0.093722829,,0.1384078606,-0.025151964,0.6446774719,,-1.0,-0.054317326,-0.55342102,0.0,0.0,0.0,0.0078992944,-0.011367545,0.0192668391,-0.009839891,-0.003788965,0.0323837214,-0.019661654,0.0196616538,0.0395467641,0.1329477493,0.1461702625,0.4929602226,0.1707433644,0.2356452434,0.1985503293,0.6864321608,,,-0.040447623,-0.012011009,-0.090114358,0.1458931142,0.5861742915,0.3655382554,0.8610070508,1.0857390002,3.6264656616,0.1086374134,0.3780029246,0.1603896419,-0.057971014,0.0,0.1813612601,0.018328312,0.0093325592,0.1133123124,0.1063330212,0.0581505796,0.0383646269,-0.015336906,-0.003187159,0.3941330912,,-0.104692524,-0.101546913,0.0485305432,1.1968543582,0.1843662685,-0.170569067,0.1807021615,0.5611897924,0.2938388591,0.1943755882,1.1153355426,0.1452973014,0.1587323557,0.0032311481,1.4896530263,0.1004861107,0.5546882105,5.3138834191,0.6875453156,6.0,-3.975499946,4.2660902468,37.461489831,-95.74925153,0.5182401476,0.0752592013,1.342114295,0.9009576534,0.0,-0.356517962,1.368603357,0.1788854388,0.1950055852,0.1845159142,,,0.156676055,0.6180209718,0.4838576252,0.2340030675,11.457317364,,,,0.5610044763,0.6651702126,0.0063218,12917.28804352,1.32530454,0.00099183,1.38397414,0.00687802,0.00684804,0.01492504,,,,,,,,,,,,,,,,,,,,495,1.5726598041,1.1790856198,0.9979096285,1.3122696678
20250530,20250531,204683.0,01W,GBR,0.13664,2025,5,20250430,20250430,10.543811431,0.7266485,10.543811431,0.0727923485,-0.001719963,0.037813115,0.1027871365,-0.253373823,-0.368022466,-0.556048808,-0.633947733,-0.329815664,2.3988608455,-0.031838069,-0.071833381,,,0.0186638033,-0.074027516,0.0319477155,,-1.0,-0.070553403,-0.347393754,0.0,0.0,0.0,-0.016526332,-0.051342849,0.034816517,-0.058758216,0.0002088991,-0.058967115,0.0,0.0,0.0854053416,0.0696646967,0.1791352093,0.5265301859,0.3640066848,0.2926715419,0.199004201,0.6511047755,-0.003029037,-0.003029037,0.0,-0.039168582,-0.293197811,-0.039168582,-0.293197811,0.2985555287,0.868602465,1.0751301549,3.6347113329,0.1203059123,0.3780029246,,,0.0,-0.02460134,-0.013734621,-0.042144452,0.9394804548,-0.010037227,0.0501393174,0.0336583865,-0.022787618,-0.011035712,0.3765471219,,0.0020262783,-0.058974338,0.0837176271,-0.143524021,0.0090855741,0.0547374239,0.3309008176,0.5363572417,0.3265607882,0.3708004339,1.4268960125,0.1727595571,0.3248381032,0.0501006852,1.4896530263,0.0852388969,0.6132833716,1.4904397689,0.6152254832,5.0,-3.167217319,3.9115590631,14.676619914,-311.9806249,0.318561883,0.0626039595,1.1367512287,0.763097989,0.0,-0.429695289,1.2109594508,0.1518597056,0.1963846388,0.1864110538,0.0742082221,0.0742082221,0.1456855815,0.5841881143,0.3920264502,0.2284898407,12.905281288,,,,0.6467994741,0.6318124509,0.00486074,15416.55005043,1.92132016,0.00132495,2.05814168,0.00603595,0.00665939,0.00375014,,,,,,,,,,,,,,,,,,,,496,1.4942868985,1.2941688539,0.6248589363,1.2101729852
20250630,20250630,204683.0,01W,GBR,0.111554,2025,6,20250530,20250531,11.536823881,0.795084,11.536823881,0.1104344332,-0.001719963,0.0758850631,0.136640351,-0.097752478,-0.247448684,-0.523620342,-0.5830473,-0.40173519,,-0.16538272,-0.044376738,0.0650757826,,0.0186638033,-0.074027516,0.0319477155,,-1.0,-0.070553403,-0.347393754,0.0,0.0,0.0,-0.016526332,-0.051342849,0.034816517,-0.058758216,0.0002088991,-0.058967115,0.0,0.0,0.0854053416,0.0696646967,0.1791352093,0.5265301859,0.3640066848,0.2926715419,0.199004201,0.6511047755,-0.003029037,-0.003029037,0.0,-0.039168582,-0.293197811,-0.039168582,-0.293197811,0.2985555287,0.868602465,1.0751301549,3.6347113329,0.1203059123,0.3780029246,,,0.0,-0.02460134,-0.013734621,-0.042144452,0.9394804548,-0.010037227,0.0501393174,0.0336583865,-0.022787618,-0.011035712,0.3765471219,,0.0020262783,-0.058974338,0.0837176271,-0.143524021,0.0090855741,0.0547374239,0.3309008176,0.5363572417,0.3265607882,0.3708004339,1.4268960125,0.1727595571,0.3248381032,0.0501006852,1.4896530263,0.0852388969,0.6132833716,1.4904397689,0.6152254832,5.0,-3.167217319,3.9115590631,14.676619914,-311.9806249,0.318561883,0.0626039595,1.0389073044,0.6974156304,0.0,-0.392709999,1.1067281802,0.1387886403,0.1794811658,0.1703660401,0.0678208758,0.0678208758,0.1331459434,0.5013891285,0.3364631964,0.2348931174,13.45856491,,,,0.6669309148,0.6353415397,0.00397677,21461.51161431,1.53342105,0.0018399,1.60501033,0.00539938,0.00643657,0.01333012,0.04669459,1.46441718,-0.4179087,1.38869994,,,,,0.07274752,0.14001545,0.04986659,0.91767414,,,,,,,,497,1.4965708325,1.2937330381,0.6311780744,1.1937007939
